
*** ChampSim Multicore Out-of-Order Simulator ***

Warmup Instructions: 200000000
Simulation Instructions: 200000000
Number of CPUs: 1
LLC sets: 4096
LLC ways: 12
Off-chip DRAM Size: 4096 MB Channels: 1 Width: 64-bit Data Rate: 6400 MT/s
CPU 0 runs /home1/sweta/traces/DPC4-Traces/Google_Traces_v2/Google_Traces_v2/merced/merced_0004.champsim.gz
.gz
BTB has LRU replacement policy
ITLB has LRU replacement policy
DTLB has LRU replacement policy
STLB has LRU replacement policy
L1I has LRU replacement policy
L1D has LRU replacement policy
Initialize SRRIP state for L2C
Initialize Mockingjay state for LLC
Heartbeat CPU 0 instructions: 10000002 cycles: 2504196 heartbeat IPC: 3.9933 cumulative IPC: 3.9933 (Simulation time: 0 hr 0 min 23 sec) 
Heartbeat CPU 0 instructions: 20000002 cycles: 4961159 heartbeat IPC: 4.07007 cumulative IPC: 4.03132 (Simulation time: 0 hr 0 min 47 sec) 
Heartbeat CPU 0 instructions: 30000000 cycles: 7384791 heartbeat IPC: 4.12604 cumulative IPC: 4.0624 (Simulation time: 0 hr 1 min 7 sec) 
Heartbeat CPU 0 instructions: 40000000 cycles: 9948684 heartbeat IPC: 3.90032 cumulative IPC: 4.02063 (Simulation time: 0 hr 1 min 31 sec) 
Heartbeat CPU 0 instructions: 50000000 cycles: 12297887 heartbeat IPC: 4.25676 cumulative IPC: 4.06574 (Simulation time: 0 hr 1 min 52 sec) 
Heartbeat CPU 0 instructions: 60000000 cycles: 14601783 heartbeat IPC: 4.34047 cumulative IPC: 4.10909 (Simulation time: 0 hr 2 min 9 sec) 
Heartbeat CPU 0 instructions: 70000002 cycles: 17037028 heartbeat IPC: 4.10636 cumulative IPC: 4.1087 (Simulation time: 0 hr 2 min 31 sec) 
Heartbeat CPU 0 instructions: 80000002 cycles: 19299127 heartbeat IPC: 4.42067 cumulative IPC: 4.14527 (Simulation time: 0 hr 2 min 47 sec) 
Heartbeat CPU 0 instructions: 90000000 cycles: 21850995 heartbeat IPC: 3.9187 cumulative IPC: 4.11881 (Simulation time: 0 hr 3 min 12 sec) 
Heartbeat CPU 0 instructions: 100000003 cycles: 24297830 heartbeat IPC: 4.08691 cumulative IPC: 4.11559 (Simulation time: 0 hr 3 min 35 sec) 
Heartbeat CPU 0 instructions: 110000002 cycles: 26674509 heartbeat IPC: 4.20755 cumulative IPC: 4.12379 (Simulation time: 0 hr 3 min 53 sec) 
Heartbeat CPU 0 instructions: 120000001 cycles: 28987512 heartbeat IPC: 4.32338 cumulative IPC: 4.13971 (Simulation time: 0 hr 4 min 13 sec) 
Heartbeat CPU 0 instructions: 130000003 cycles: 31491882 heartbeat IPC: 3.99302 cumulative IPC: 4.12805 (Simulation time: 0 hr 4 min 36 sec) 
Heartbeat CPU 0 instructions: 140000005 cycles: 33949249 heartbeat IPC: 4.0694 cumulative IPC: 4.1238 (Simulation time: 0 hr 5 min 0 sec) 
Heartbeat CPU 0 instructions: 150000000 cycles: 36443192 heartbeat IPC: 4.00971 cumulative IPC: 4.11599 (Simulation time: 0 hr 5 min 20 sec) 
Heartbeat CPU 0 instructions: 160000007 cycles: 38720395 heartbeat IPC: 4.39136 cumulative IPC: 4.13219 (Simulation time: 0 hr 5 min 39 sec) 
Heartbeat CPU 0 instructions: 170000005 cycles: 41093282 heartbeat IPC: 4.21427 cumulative IPC: 4.13693 (Simulation time: 0 hr 6 min 0 sec) 
Heartbeat CPU 0 instructions: 180000000 cycles: 43349188 heartbeat IPC: 4.43281 cumulative IPC: 4.15233 (Simulation time: 0 hr 6 min 18 sec) 
Heartbeat CPU 0 instructions: 190000001 cycles: 45695117 heartbeat IPC: 4.2627 cumulative IPC: 4.15799 (Simulation time: 0 hr 6 min 40 sec) 
Heartbeat CPU 0 instructions: 200000004 cycles: 48026769 heartbeat IPC: 4.28881 cumulative IPC: 4.16434 (Simulation time: 0 hr 7 min 1 sec) 

Warmup complete CPU 0 instructions: 200000004 cycles: 48026769 (Simulation time: 0 hr 7 min 1 sec) 

Heartbeat CPU 0 instructions: 210000000 cycles: 76289462 heartbeat IPC: 0.353823 cumulative IPC: 0.353823 (Simulation time: 0 hr 7 min 31 sec) 
Heartbeat CPU 0 instructions: 220000002 cycles: 102207294 heartbeat IPC: 0.385835 cumulative IPC: 0.369136 (Simulation time: 0 hr 7 min 59 sec) 
Heartbeat CPU 0 instructions: 230000007 cycles: 134191661 heartbeat IPC: 0.312653 cumulative IPC: 0.34817 (Simulation time: 0 hr 8 min 30 sec) 
Heartbeat CPU 0 instructions: 240000002 cycles: 162800539 heartbeat IPC: 0.349542 cumulative IPC: 0.348512 (Simulation time: 0 hr 9 min 1 sec) 
Heartbeat CPU 0 instructions: 250000004 cycles: 190241516 heartbeat IPC: 0.364419 cumulative IPC: 0.351581 (Simulation time: 0 hr 9 min 29 sec) 
Heartbeat CPU 0 instructions: 260000003 cycles: 222896723 heartbeat IPC: 0.30623 cumulative IPC: 0.343112 (Simulation time: 0 hr 10 min 2 sec) 
Heartbeat CPU 0 instructions: 270000000 cycles: 251670204 heartbeat IPC: 0.347542 cumulative IPC: 0.343738 (Simulation time: 0 hr 10 min 32 sec) 
Heartbeat CPU 0 instructions: 280000006 cycles: 286835026 heartbeat IPC: 0.284375 cumulative IPC: 0.334997 (Simulation time: 0 hr 11 min 5 sec) 
Heartbeat CPU 0 instructions: 290000003 cycles: 313062921 heartbeat IPC: 0.381273 cumulative IPC: 0.339576 (Simulation time: 0 hr 11 min 35 sec) 
Heartbeat CPU 0 instructions: 300000000 cycles: 342249162 heartbeat IPC: 0.342627 cumulative IPC: 0.339879 (Simulation time: 0 hr 12 min 10 sec) 
Heartbeat CPU 0 instructions: 310000001 cycles: 372373536 heartbeat IPC: 0.331957 cumulative IPC: 0.339143 (Simulation time: 0 hr 12 min 42 sec) 
Heartbeat CPU 0 instructions: 320000001 cycles: 403889050 heartbeat IPC: 0.317304 cumulative IPC: 0.337209 (Simulation time: 0 hr 13 min 13 sec) 
Heartbeat CPU 0 instructions: 330000000 cycles: 427825720 heartbeat IPC: 0.417769 cumulative IPC: 0.342286 (Simulation time: 0 hr 13 min 40 sec) 
Heartbeat CPU 0 instructions: 340000002 cycles: 449703305 heartbeat IPC: 0.457089 cumulative IPC: 0.348539 (Simulation time: 0 hr 14 min 8 sec) 
Heartbeat CPU 0 instructions: 350000001 cycles: 468340036 heartbeat IPC: 0.536575 cumulative IPC: 0.356877 (Simulation time: 0 hr 14 min 33 sec) 
Heartbeat CPU 0 instructions: 360000000 cycles: 499682147 heartbeat IPC: 0.31906 cumulative IPC: 0.354252 (Simulation time: 0 hr 15 min 2 sec) 
Heartbeat CPU 0 instructions: 370000000 cycles: 519529566 heartbeat IPC: 0.503844 cumulative IPC: 0.360549 (Simulation time: 0 hr 15 min 25 sec) 
Heartbeat CPU 0 instructions: 380000003 cycles: 548107774 heartbeat IPC: 0.349917 cumulative IPC: 0.359942 (Simulation time: 0 hr 15 min 55 sec) 
Heartbeat CPU 0 instructions: 390000000 cycles: 578780670 heartbeat IPC: 0.326021 cumulative IPC: 0.357981 (Simulation time: 0 hr 16 min 24 sec) 
Heartbeat CPU 0 instructions: 400000005 cycles: 596251603 heartbeat IPC: 0.57238 cumulative IPC: 0.364814 (Simulation time: 0 hr 16 min 45 sec) 
Finished CPU 0 instructions: 200000001 cycles: 548224834 cumulative IPC: 0.364814 (Simulation time: 0 hr 16 min 45 sec) 

ChampSim completed all CPUs

Region of Interest Statistics

CPU 0 cumulative IPC: 0.364814 instructions: 200000001 cycles: 548224834
ITLB TOTAL     ACCESS:   19592549  HIT:   19466852  MISS:     125697  HIT %:    99.3584  MISS %:   0.641555   MPKI: 0.628485
ITLB LOAD TRANSLATION ACCESS:   19592549  HIT:   19466852  MISS:     125697  HIT %:    99.3584  MISS %:   0.641555   MPKI: 0.628485
ITLB PREFETCH  REQUESTED:          0  ISSUED:          0  USEFUL:          0  USELESS:          0
ITLB USEFUL LOAD PREFETCHES:          0 PREFETCH ISSUED TO LOWER LEVEL:          0  ACCURACY: -nan
ITLB TIMELY PREFETCHES:          0 LATE PREFETCHES: 0 DROPPED PREFETCHES: 0
ITLB PREFETCHES SAME FILL-ORIGIN LEVEL: 0 DIFFERENT FILL-ORIGIN LEVEL: 0
ITLB AVERAGE MISS LATENCY:    33.7786 cycles AVERAGE LOAD MISS LATENCY:       -nan cycles Load Miss          0
ITLB Average MSHR Occupancy: 0.00773672
ITLB RQ	ACCESS:   22972209	FORWARD:          0	MERGED:    3252776	TO_CACHE:   19719433

DTLB TOTAL     ACCESS:   34811911  HIT:   33295590  MISS:    1516321  HIT %:    95.6442  MISS %:    4.35575   MPKI: 7.5816
DTLB LOAD TRANSLATION ACCESS:   34811911  HIT:   33295590  MISS:    1516321  HIT %:    95.6442  MISS %:    4.35575   MPKI: 7.5816
DTLB PREFETCH  REQUESTED:          0  ISSUED:          0  USEFUL:          0  USELESS:          0
DTLB USEFUL LOAD PREFETCHES:          0 PREFETCH ISSUED TO LOWER LEVEL:          0  ACCURACY: -nan
DTLB TIMELY PREFETCHES:          0 LATE PREFETCHES: 0 DROPPED PREFETCHES: 0
DTLB PREFETCHES SAME FILL-ORIGIN LEVEL: 0 DIFFERENT FILL-ORIGIN LEVEL: 0
DTLB AVERAGE MISS LATENCY:    52.4991 cycles AVERAGE LOAD MISS LATENCY:       -nan cycles Load Miss          0
DTLB Average MSHR Occupancy:   0.131378
DTLB RQ	ACCESS:   44651199	FORWARD:          0	MERGED:    9580707	TO_CACHE:   35070492

STLB TOTAL     ACCESS:    2972080  HIT:    2551136  MISS:     420944  HIT %:    85.8367  MISS %:    14.1633   MPKI: 2.10472
STLB LOAD TRANSLATION ACCESS:    1642018  HIT:    1221079  MISS:     420939  HIT %:    74.3645  MISS %:    25.6355   MPKI: 2.10469
STLB TRANSLATION FROM L1D PREFETCHER ACCESS:    1330062  HIT:    1330057  MISS:          5  HIT %:    99.9996  MISS %: 0.000375922   MPKI: 2.5e-05
STLB PREFETCH  REQUESTED:          0  ISSUED:          0  USEFUL:          4  USELESS:          1
STLB USEFUL LOAD PREFETCHES:          4 PREFETCH ISSUED TO LOWER LEVEL:          0  ACCURACY: inf
STLB TIMELY PREFETCHES:          4 LATE PREFETCHES: 0 DROPPED PREFETCHES: 0
STLB PREFETCHES SAME FILL-ORIGIN LEVEL: 0 DIFFERENT FILL-ORIGIN LEVEL: 0
STLB AVERAGE MISS LATENCY:    163.821 cycles AVERAGE LOAD MISS LATENCY:       -nan cycles Load Miss          0
STLB Average MSHR Occupancy:   0.113234
STLB RQ	ACCESS:    4467141	FORWARD:          0	MERGED:    1495061	TO_CACHE:    2972080

STLB Hit, L1D data hit: 0
STLB Hit, L2C data hit: 0
STLB Hit, LLC data hit: 0
STLB Hit, LLC data miss: 0
STLB STLB hints to L2: 0
L1D TOTAL     ACCESS:   44607639  HIT:   40464889  MISS:    4142750  HIT %:    90.7129  MISS %:    9.28709   MPKI: 20.7137
L1D LOAD      ACCESS:   26940543  HIT:   24938416  MISS:    2002127  HIT %:    92.5683  MISS %:    7.43165   MPKI: 10.0106
L1D RFO       ACCESS:   16065629  HIT:   15386076  MISS:     679553  HIT %:    95.7701  MISS %:    4.22986   MPKI: 3.39776
L1D PREFETCH  ACCESS:    1601467  HIT:     140397  MISS:    1461070  HIT %:    8.76677  MISS %:    91.2332   MPKI: 7.30535
AGUS PREFETCH L1 MISS: 0
L1D PREFETCH  REQUESTED:    5672071  ISSUED:    5672071  USEFUL:     363114  USELESS:    1097947
L1D USEFUL LOAD PREFETCHES:     363114 PREFETCH ISSUED TO LOWER LEVEL:    2604020  ACCURACY: 13.9444
L1D TIMELY PREFETCHES:     363114 LATE PREFETCHES: 35150 DROPPED PREFETCHES: 0
L1D PREFETCHES SAME FILL-ORIGIN LEVEL: 1503193 DIFFERENT FILL-ORIGIN LEVEL: 1100827
L1D AVERAGE MISS LATENCY:    116.134 cycles AVERAGE LOAD MISS LATENCY:    75.2654 cycles Load Miss    2002127
L1D Average MSHR Occupancy:   0.917918
L1D RQ	ACCESS:   40173907	FORWARD:          0	MERGED:   12619776	TO_CACHE:   27072582
L1D WQ	ACCESS:   18034940	FORWARD:     483903	MERGED:     456323	TO_CACHE:   17578617
L1D PQ	ACCESS:    2846948	FORWARD:          0	MERGED:      19471	TO_CACHE:    2825123

L1D UNIQUE REGIONS ACCESSED: 0
L1D REGIONS CONFLICTS: 0
L1D Cross Page Prefetch Requests: 0
L1D Same Page Prefetch Requests: 5612448
L1D ROI Sum of L1D PQ occupancy: 38122816
L1D PREFETCHES PUSHED FROM L2C: 0
L1I TOTAL     ACCESS:   22513195  HIT:   10799332  MISS:   11713863  HIT %:    47.9689  MISS %:    52.0311   MPKI: 58.5693
L1I LOAD      ACCESS:   22513195  HIT:   10799332  MISS:   11713863  HIT %:    47.9689  MISS %:    52.0311   MPKI: 58.5693
L1I PREFETCH  REQUESTED:          0  ISSUED:          0  USEFUL:          0  USELESS:          0
L1I USEFUL LOAD PREFETCHES:          0 PREFETCH ISSUED TO LOWER LEVEL:          0  ACCURACY: -nan
L1I TIMELY PREFETCHES:          0 LATE PREFETCHES: 0 DROPPED PREFETCHES: 0
L1I PREFETCHES SAME FILL-ORIGIN LEVEL: 0 DIFFERENT FILL-ORIGIN LEVEL: 0
L1I AVERAGE MISS LATENCY:    24.9002 cycles AVERAGE LOAD MISS LATENCY:    24.9002 cycles Load Miss   11713863
L1I Average MSHR Occupancy:   0.521762
L1I RQ	ACCESS:   42687672	FORWARD:          0	MERGED:   19715463	TO_CACHE:   22972209

BTB TOTAL     ACCESS:   19298779  HIT:   17956245  MISS:    1342534  HIT %:    93.0434  MISS %:    6.95657   MPKI: 6.71267
BTB BRANCH_DIRECT_JUMP	ACCESS:    1035473  HIT:     913067  MISS:     122406
BTB BRANCH_INDIRECT	ACCESS:     168211  HIT:     100604  MISS:      67607
BTB BRANCH_CONDITIONAL	ACCESS:   16004771  HIT:   15718775  MISS:     285996
BTB BRANCH_DIRECT_CALL	ACCESS:     895239  HIT:     679682  MISS:     215557
BTB BRANCH_INDIRECT_CALL	ACCESS:     149482  HIT:      81600  MISS:      67882
BTB BRANCH_RETURN	ACCESS:    1045470  HIT:     462490  MISS:     582980
BTB BRANCH_OTHER ACCESS:        133  HIT:         27  MISS:        106

L2C TOTAL     ACCESS:   18626868  HIT:   14672582  MISS:    3954286  HIT %:    78.7711  MISS %:    21.2289   MPKI: 19.7714
L2C LOAD      ACCESS:   13680787  HIT:   12159216  MISS:    1521571  HIT %:     88.878  MISS %:     11.122   MPKI: 7.60785
L2C DATA LOAD MPKI: 3.09662
L2C INSTRUCTION LOAD MPKI: 4.51123
L2C RFO       ACCESS:     674104  HIT:     250193  MISS:     423911  HIT %:    37.1149  MISS %:    62.8851   MPKI: 2.11955
L2C PREFETCH  ACCESS:    2553933  HIT:     773818  MISS:    1780115  HIT %:    30.2991  MISS %:    69.7009   MPKI: 8.90057
AGUS PREFETCH L1 MISS: 0
L2C DATA PREFETCH MPKI: 8.90057
L2C INSTRUCTION PREFETCH MPKI: 0
L2C WRITEBACK ACCESS:    1042854  HIT:    1042392  MISS:        462  HIT %:    99.9557  MISS %:  0.0443015   MPKI: 0.00231
L2C LOAD TRANSLATION ACCESS:     675177  HIT:     446950  MISS:     228227  HIT %:    66.1975  MISS %:    33.8025   MPKI: 1.14113
L2C TRANSLATION FROM L1D PREFETCHER ACCESS:         13  HIT:         13  MISS:          0  HIT %:        100  MISS %:          0   MPKI: 0
L2C PREFETCH  REQUESTED:          0  ISSUED:          0  USEFUL:     171272  USELESS:    1610788
L2C USEFUL LOAD PREFETCHES:     171272 PREFETCH ISSUED TO LOWER LEVEL:    1798135  ACCURACY: 9.52498
L2C TIMELY PREFETCHES:     171272 LATE PREFETCHES: 18020 DROPPED PREFETCHES: 0
L2C PREFETCHES SAME FILL-ORIGIN LEVEL: 838998 DIFFERENT FILL-ORIGIN LEVEL: 0
L2C AVERAGE MISS LATENCY:    195.311 cycles AVERAGE LOAD MISS LATENCY:     162.39 cycles Load Miss    1521571
L2C Average MSHR Occupancy:    1.39679
L2C RQ	ACCESS:   15030182	FORWARD:          0	MERGED:          0	TO_CACHE:   15030082
L2C WQ	ACCESS:    1042854	FORWARD:        102	MERGED:          0	TO_CACHE:    1042854
L2C PQ	ACCESS:    2596388	FORWARD:          0	MERGED:         62	TO_CACHE:    2596324

L2C Instructions Evicting Data 629415
L2C Translations Evicting Data 163537
L2C Data Evicting Data 2031034
L2C Instructions Evicting Instructions 221110
L2C Translations Evicting Instructions 51366
L2C Data Evicting Instructions 629672
L2C Instructions Evicting Translations 51722
L2C Translations Evicting Translations 13324
L2C Data Evicting Translations 162644
L2C Dense regions hint from L2: 0
PSCL5 TOTAL     ACCESS:     420944  HIT:     420944  MISS:          0  HIT %:        100  MISS %:          0   MPKI: 0
PSCL5 LOAD TRANSLATION ACCESS:     420939  HIT:     420939  MISS:          0  HIT %:        100  MISS %:          0   MPKI: 0
PSCL5 TRANSLATION FROM L1D PREFETCHER ACCESS:          5  HIT:          5  MISS:          0  HIT %:        100  MISS %:          0   MPKI: 0
PSCL5 PREFETCH  REQUESTED:          0  ISSUED:          0  USEFUL:          0  USELESS:          0
PSCL5 USEFUL LOAD PREFETCHES:          0 PREFETCH ISSUED TO LOWER LEVEL:          0  ACCURACY: -nan
PSCL5 TIMELY PREFETCHES:          0 LATE PREFETCHES: 0 DROPPED PREFETCHES: 0
PSCL5 PREFETCHES SAME FILL-ORIGIN LEVEL: 0 DIFFERENT FILL-ORIGIN LEVEL: 0

PSCL4 TOTAL     ACCESS:     359334  HIT:     350752  MISS:       8582  HIT %:    97.6117  MISS %:    2.38831   MPKI: 0.04291
PSCL4 LOAD TRANSLATION ACCESS:     359331  HIT:     350749  MISS:       8582  HIT %:    97.6117  MISS %:    2.38833   MPKI: 0.04291
PSCL4 TRANSLATION FROM L1D PREFETCHER ACCESS:          3  HIT:          3  MISS:          0  HIT %:        100  MISS %:          0   MPKI: 0
PSCL4 PREFETCH  REQUESTED:          0  ISSUED:          0  USEFUL:          0  USELESS:          0
PSCL4 USEFUL LOAD PREFETCHES:          0 PREFETCH ISSUED TO LOWER LEVEL:          0  ACCURACY: -nan
PSCL4 TIMELY PREFETCHES:          0 LATE PREFETCHES: 0 DROPPED PREFETCHES: 0
PSCL4 PREFETCHES SAME FILL-ORIGIN LEVEL: 0 DIFFERENT FILL-ORIGIN LEVEL: 0

PSCL3 TOTAL     ACCESS:     413782  HIT:     387084  MISS:      26698  HIT %:    93.5478  MISS %:    6.45219   MPKI: 0.13349
PSCL3 LOAD TRANSLATION ACCESS:     413780  HIT:     387082  MISS:      26698  HIT %:    93.5478  MISS %:    6.45222   MPKI: 0.13349
PSCL3 TRANSLATION FROM L1D PREFETCHER ACCESS:          2  HIT:          2  MISS:          0  HIT %:        100  MISS %:          0   MPKI: 0
PSCL3 PREFETCH  REQUESTED:          0  ISSUED:          0  USEFUL:          0  USELESS:          0
PSCL3 USEFUL LOAD PREFETCHES:          0 PREFETCH ISSUED TO LOWER LEVEL:          0  ACCURACY: -nan
PSCL3 TIMELY PREFETCHES:          0 LATE PREFETCHES: 0 DROPPED PREFETCHES: 0
PSCL3 PREFETCHES SAME FILL-ORIGIN LEVEL: 0 DIFFERENT FILL-ORIGIN LEVEL: 0

PSCL2 TOTAL     ACCESS:     420944  HIT:     197363  MISS:     223581  HIT %:    46.8858  MISS %:    53.1142   MPKI: 1.1179
PSCL2 LOAD TRANSLATION ACCESS:     420943  HIT:     197362  MISS:     223581  HIT %:    46.8857  MISS %:    53.1143   MPKI: 1.1179
PSCL2 TRANSLATION FROM L1D PREFETCHER ACCESS:          1  HIT:          1  MISS:          0  HIT %:        100  MISS %:          0   MPKI: 0
PSCL2 PREFETCH  REQUESTED:          0  ISSUED:          0  USEFUL:          0  USELESS:          0
PSCL2 USEFUL LOAD PREFETCHES:          0 PREFETCH ISSUED TO LOWER LEVEL:          0  ACCURACY: -nan
PSCL2 TIMELY PREFETCHES:          0 LATE PREFETCHES: 0 DROPPED PREFETCHES: 0
PSCL2 PREFETCHES SAME FILL-ORIGIN LEVEL: 0 DIFFERENT FILL-ORIGIN LEVEL: 0

LLC TOTAL     ACCESS:    4585049  HIT:     760929  MISS:    3824120  HIT %:    16.5959  MISS %:    83.4041   MPKI: 19.1206
LLC LOAD      ACCESS:    1506072  HIT:     496864  MISS:    1009208  HIT %:    32.9907  MISS %:    67.0093   MPKI: 5.04604
LLC RFO       ACCESS:     421390  HIT:       8507  MISS:     412883  HIT %:    2.01879  MISS %:    97.9812   MPKI: 2.06441
LLC PREFETCH  ACCESS:    1798134  HIT:      32326  MISS:    1765808  HIT %:    1.79775  MISS %:    98.2022   MPKI: 8.82904
AGUS PREFETCH L1 MISS: 0
LLC WRITEBACK ACCESS:     631226  HIT:     161641  MISS:     469585  HIT %:    25.6075  MISS %:    74.3925   MPKI: 2.34792
LLC LOAD TRANSLATION ACCESS:     228227  HIT:      61591  MISS:     166636  HIT %:    26.9867  MISS %:    73.0133   MPKI: 0.83318
LLC PREFETCH  REQUESTED:          0  ISSUED:          0  USEFUL:         96  USELESS:       8514
LLC USEFUL LOAD PREFETCHES:         96 PREFETCH ISSUED TO LOWER LEVEL:    1765808  ACCURACY: 0.0054366
LLC TIMELY PREFETCHES:         96 LATE PREFETCHES: 0 DROPPED PREFETCHES: 0
LLC PREFETCHES SAME FILL-ORIGIN LEVEL: 0 DIFFERENT FILL-ORIGIN LEVEL: 0
LLC AVERAGE MISS LATENCY:    155.217 cycles AVERAGE LOAD MISS LATENCY:    175.294 cycles Load Miss    1009208
LLC Average MSHR Occupancy:    1.07659
LLC RQ	ACCESS:    2155689	FORWARD:          0	MERGED:          0	TO_CACHE:    2155689
LLC WQ	ACCESS:     631226	FORWARD:          1	MERGED:          0	TO_CACHE:     631226
LLC PQ	ACCESS:    1798135	FORWARD:          0	MERGED:          0	TO_CACHE:    1798134

LLC Dense regions hint to LLC: 0

RAW hits: 2047460
Loads Generated: 42221364
Loads sent to L1D: 40173907
Stores Generated: 18034927
Stores sent to L1D: 18034940
Major fault: 0 Minor fault: 210595
Allocated PAGES: 210595
=== CPU 0 L1D Prefetcher Statistics ===
[MLOP] History of tracked zone:
IIIIIIIIIIIIIIIIIIIIIIIIIIIIIIIIIIIIIIIIIIIIIIIIIIIIIIIIIIIIIIII
IIIIIIIIIIIIIIIIIIIIIIIAI1IIIIIIIIIIIIIIIIIIIIIIIIIIIIIIIIIIIIII
IIIIIIIIIIIIIIIIIIIIIIIAI1IIIIIIIIIIIIIIIIIIIIIIIIIIIIAI11I1II1I
IIIIIIIIIIIIIIIIIIIIIIIIIIIIIIIIIIIIIIIIIIIIIIIIIIIIIIIIA1IIIIII
IIIIIIIIIIIIIIIIIIIIIIIIIIIIIIIIIIIIIIIIIIIIIIIIIIIIIIAIA1IIII2I
IIIIIIIIIIIIIIIIIIIIIIIIIIIIIIIIIIIIIIIIIIIIIIIIIIIIIIAIA1III22I
IIIIIIIIIIIIIIIIIIIIIIIIIIIIIIIIIIIIIIIIIIIIIIIIIIIIIIAIA1III222
IIIIIIIIIIIIIIIIIIIIIIIIIIIIIIIIIIIIIIIIIIIIIIIIIIIIIIIIA1IIIIII
IIIIIIIIIIIIIIIIIIIIIIIIIIIIIIIIIIIIIIIIIIIIIIIIIIIIIIIAA1IIIIII
IIIIIIIIIIIIIIIIIIIIIIIIIIIIIIIIIIIIIIIIIIIIIIIIIIIIIIIAA1II111I
IIIIIIIIIIIIIIIIIIIIIIIIIIIIIIIIIIIIIIIIIIIIIIIIIIIIIIIAA1II1111
IIIIIIIIIIIIIIIIIIIIIIIIIIA1III1111IIIIIIIIIIIIIIIIIIIIAA1II1111
IIIIIIIIIIIIIIIIIIIIIIIIIIA1III111111I112222IIIIIIIIIIIAA1II1111
IIIIIIIIIIIIIIIIIIIIIIIIIAA1III111111I112222IIIIIIIIIIIAA1II1111
A1IIIIIIIIIIIIIIIIIIIIIIIAA1III111111I112222IIIIIIIIIIIAA1II1111
A1III111111I1IIIIIIIIIIIIAA1III111111I112222IIIIIIIIIIIAA1II1111
A1III111111I112222IIIIIIIAA1III111111I112222IIIIIIIIIIIAA1II1111
A1III111111I112222IIIIIIIAA1II11111111112222IIIIIIIIIIIAA1II1111
A1III111111I112222IIIIIIIAA1II1A111111112222IIIIIIIIIIIAA1II1111
A1III111111I112222IIIIIIIAA1II1A1111111111211IIIIIIIIIIAA1II1111
A1III111111I112222IIIIIIIAA1II1A1111111111211222IIIIIIIAA1II1111
A1III111111I112222IIIIIIIAA1II1A11111111112112222IIIIIIAA1II1111
A1III111111I112222IIIIIIIAAA1I1A11111111112112222IIIIIIAA1II1111
A1III11111A1112111111I1IIAAA1I1A11111111112112222IIIIIIAA1II1111
A1III11111AA1121111111111AAA1I1A11111111112112222IIIIIIAA1II1111
A1III11111AA1121111111111AAAA11A11111111112112222IIIIIIAA1II1111
A1III11111AA1121111111111AAAA11A11111111112A12222IIIIIIAA1II1111
A1III11111AA1121111111111AAAA11A11111111112A1222111111IAA1II1111
A1III11111AA1121111111111AAAA11A11111111112A1222111111IAA1221111
A1III11111AA1121111111111AAAA11A111111A1112A1222111111IAA1221111
A1III11111AA1121111111111AAAA11A111111A1A12A1222111111IAA1221111
AA1II11111AA1111111111111AAAA11A111111A1A12A1222111111IAA1221111
AA1II11111AA1111111111111AAAA1AA111111A1A11A1222111111IAA1221111
AA1II11111AA1111111111111AAAA1AA111111A1A11A1222111111AAA1211111
AA1II11111AA1111111111111AAAA1AA111111A1A11A1A11111111AAA1211111
AA1II11111AA1111111111111AAAA1AA111111A1A11A1AA1111111AAA1211111
AA1II11111AA11111111111A1AAAA1AA111111A1A11A1AA1111111AAA1211111
AA1II11111AA11111111A11A1AAAA1AA111111A1A11A1AA1111111AAA1211111
AA1II11111AA11111111A11A1AAAA1AA111111A1A11A1AA111A111AAA1211111
AA1II11111AA11111111A11A1AAAA1AA111111A1A11A1AA11AA111AAA1211111
AA1II11111AA11111111A11A1AAAA1AA111111A1A11A1AA1AAA111AAA1211111
AA1II11111AA11111111A11AAAAAA1AA111111A1A11A1AA1AAA111AAA1211111
AA1II11111AA11111111A11AAAAAA1AA111111A1A11A1AA1AAAA11AAA1211111
AA1II11111AA11111111AA1AAAAAA1AA111111A1A11A1AA1AAAA11AAA1211111
AA1II11111AA11111111AA1AAAAAA1AA111111A1A11A1AA1AAAA11AAA1111111
IIIIIIIIIIIIIIIIIIIIIIIIIIIIIIIIIIIIIIIIIIIIIIA1IIIIIIIIIIIIIIII
IIIIIIIIIIIIIIIIIIIIIIIIIIIIIIIIIIIIIIIIIIIIIIA1IIIIIA1IIIIIIIII
IIIIIIIIIIIIIIIIIIIIIIIIIIA1IIIIIIIIIIIIIIIIIIIIIIIIIIIIIIIIIIII
IIIIIIIIIIIIIIIIIIIIIIIIA1A1IIIIIIIIIIIIIIIIIIIIIIIIIIIIIIIIIIII
IIIIIIIIIIIIIIIIIIIIIIIIIIA1IIIIIIIIIIIIIIIIIIIIIIIIIIIIIIIIIIII
IIIIIIIIIIIIIIIIIIIIIIIIA2A1IIIIIIIIIIIIIIIIIIIIIIIIIIIIIIIIIIII
IIIIIIIIIIIIIIIIIIIIIIIIA1A1IIIIIIIIIIIIIIIIIIIIIIIIIIIIIIIIIIII
IIIIIIIIIIIIIIIIIIIIIIIIAAA1IIIIIIIIIIIIIIIIIIIIIIIIIIIIIIIIIIII
IIIIIIIIIIIIIIIIIIIIIIIIIIA2IIIIIIIIIIIIIIIIIIIIIIIIIIIIIIIIIIII
IIIIIIIIIIIIIIIIIIIIIIIIIIA1IIIIIIIIIIIIIIIIIIIIIIIIIIIIIIIIIIII
IIIIIIIIIIIIIIIIIIIIIIIIA1A1IIIIIIIIIIIIIIIIIIIIIIIIIIIIIIIIIIII
IIIIIIIIIIIIIIIIIIIIIIIIIIA1IIIIIIIIIIIIIIIIIIIIIIIIIIIIIIIIIIII
IIIIIIIIIIIIIIIIIIIIIIIIAIA1IIIIIIIIIIIIIIIIIIIIIIIIIIIIIIIIIIII
IIIIIIIIIIIIIIIIIIIIIIIIAIA12IIIIIIIIIIIIIIIIIIIIIIIIIIIIIIIIIII
IIIIIIIIIIIIIIIIIIIIIIIIA1A12IIIIIIIIIIIIIIIIIIIIIIIIIIIIIIIIIII
IIIIIIIIIIIIIIIIIIIIIIIIA1A12IIIIIIIIIA2IIIIIIIIIIIIIIIIIIIIIIII
IIIIIIIIIIIIIIIIIIIIIIIIA1A12IIIIIIIIIA12IIIIIIIIIIIIIIIIIIIIIII
IIIIIIIIIIIIIIIIIIIIIIIIIIA1IIIIIIIIIIIIIIIIIIIIIIIIIIIIIIIIIIII
IIIIIIIIIIIIIIIIIIIIIIIIIAA1IIIIIIIIIIIIIIIIIIIIIIIIIIIIIIIIIIII
IIIIIIIIIIIIIIIIIIIIIIIIAAA1IIIIIIIIIIIIIIIIIIIIIIIIIIIIIIIIIIII
IIIIIIIIIIIIIIIIIIIIIIIIIIIIIIIIIIIIIIIIIIIA12IIIIIIIIIIIIIIIIII
IIIIIIIIIIIIIIIIIIIIIIIIIIIIIIA12IIIIIIIIIIA12IIIIIIIIIIIIIIIIII
IIIIIIIIIIIIIIIIIIIIIIIIIIIIIIA12IIIIIIIIIIA122II2IIIIIIIIIIIII2
IIIIIIIIIIIIIIIIIIIIIIIIIIIIIIA12IIIIIIIIIIA122AI22II2IIIIIIIII2
IIIIIIIIIIIIIIIIIIIIIIIIIIIIIIA12IIIIIIIIIIA122AA222I22IIIIIIII2
IIIIIIIIIIIIIIIIIIIIIIIIIIIIIIIIIIIIIIIIIIIIIIIIIIIIIIIAII2II2II
IIIIIIIIIIIIIIIIIIIIIIIIIIIIIIIIIIIIIIIIIIIIIIIIIIIIIIIAAI2II2II
IIIIIIIIIIIIIIIIIIIIIIIIIIIIIIIIIIIIIIIIIIIIIIIIIIIIIIIAA22II2II
IIIIIIIIIIIIIIIIIIIIIIIA1IIIIIIIIIIIIIIIIIIIIIIIIIIIIIIIIIIIIIII
IIIIIIIIIIIIIIIIIIIIIIIIIIIIIIIIIIIIIIIIIIIIIIIIIIIIIIIIA12IIIII
IIIIIIIIIIIIIIIIIIIIIIIIIIIIIIIIIIIIIIIIIIIIIIIIIIIIIIIIAIIIIIII
IIIIIIIIIIIIIIIIIIIIIIIIIIAIIIIIIIIIIIIIIIIIIIIIIIIIIIIIAIIIIIII
AIIIIIIIIIIIIIIIIIIIIIIIIIAIIIIIIIIIIIIIIIIIIIIIIIIIIIIIAIIIIIII
AIIIIIIIIIIIIIIIIIIIIIIIIIAIIIIIIIIIIIIIIIIIIIIIIIIIIIIAAIIIIIII
AIIIIIIIIIIIIIIIIIIIIIIIIIAIIIIIIIIIIIIIIIIIIIIIIIIIIIIAA1I2IIII
AIIIIIIIIIIIIIIIIIIIIIIIIIA11I2IIIIIIIIIIIIIIIIIIIIIIIIAA1I2IIII
A11I2IIIIIIIIIIIIIIIIIIIIIA11I2IIIIIIIIIIIIIIIIIIIIIIIIAA1I2IIII
A11I2IIIIIIIIIIIIIIIIIIIIIA11I2A11I2IIIIIIIIIIIIIIIIIIIAA1I2IIII
A11I2IIIIIIIIIIIIIIIIIIIIIAA112A11I2IIIIIIIIIIIIIIIIIIIAA1I2IIII
A11I2IIIIIA11I2IIIIIIIIIIIAA112A11I2IIIIIIIIIIIIIIIIIIIAA1I2IIII
A11I2IIIIIA11I2IIIIIIIIIIIAAA11A11I2IIIIIIIIIIIIIIIIIIIAA1I2IIII
A11I2IIIIIA11I2IIIIIIIIIIIAAA11A11I2IIIIIIIA11I2IIIIIIIAA1I2IIII
A11I2IIIIIA11I2IIIIIIIIIIIAAA11A11I2IIIIIIIAA1122IIIIIIAA1I2IIII
A11I2IIIIIA11I2IIIIIIIIIIIAAA11A11I2IIA11IIAA1122IIIIIIAA1I2IIII
A11I2IIIIIA11I2IIIIIIIIIIIAAA11A11I2IIA11IIAA1122IIIIIIAA1A11I2I
AA1122IIIIA11I2IIIIIIIIIIIAAA11A11I2IIA11IIAA1122IIIIIIAA1A11I2I
AA1122IIIIA11I2IIIIIIIIIIIAAA1AA1122IIA11IIAA1122IIIIIIAA1A11I2I
AA1122IIIIA11I2IIIIIIIIIIIAAA1AA1122IIA11IIAA1122IIIIIAAA1A11I2I
AA1122IIIIA11I2IIIIIIIIIIIAAA1AA1122IIA11IIAAA122IIIIIAAA1A11I2I
AA1122IIIIA11I2IIIIIIIIIIIAAA1AA1122IIA11IIAAAA22IIIIIAAA1A11I2I
AA1122IIIIA11IA2IIIIIIIIIIAAA1AA1122IIA11IIAAAA22IIIIIAAA1A11I2I
AA1122IIIIA11IAA2IIIIIIIIIAAA1AA1122IIA11IIAAAA22IIIIIAAA1A11I2I
AA1122IIIIA11AAA2IIIIIIIIIAAA1AA1122IIA11IIAAAA22IIIIIAAA1A11I2I
AA1122IIIIA11AAA2IIIIIIA12AAA1AA1122IIA11IIAAAA22IIIIIAAA1A11I2I
AA1122IIIIA11AAA2IIIA12A12AAA1AA1122IIA11IIAAAA22IIIIIAAA1A11I2I
AA1122IIIIA11AAA2IIIA12A12AAA1AA1122IIA11IIAAAA22IA12IAAA1A11I2I
AA1122IIIIA11AAA2IIIA12A12AAA1AA1122IIA11IIAAAA22AA12IAAA1A11I2I
AA1122IIIIA11AAA2IIIA12A12AAA1AA1122IIA11IIAAAA2AAA12IAAA1A11I2I
AA1122IIIIA11AAA2IIIA12AA1AAA1AA1122IIA11IIAAAA2AAA12IAAA1A11I2I
AIIIIIIIIIIIIIIIIIIIIIIIIIIIIIIIIIIIIIIIIIIIIIIIIIIIIIIIIIIIIIII
AIIIIIIIIIIIIIIIIIIIIIIIIIIIIIIIIIIIIIIIIIIIIIIIIIIIIIIA1IIIIIII
A1IIIIIII2III2IIIIIIIIIIIIIIIIIIIIIIIIIIIIIIIIIIIIIIIIIA1IIIIIII
A1IIIIIII2III2IIIIIIIIIIIIIA1IIIIIII2III2IIIIIIIIIIIIIIA1IIIIIII
A1IIIIIII2A1I2IIIII2III2IIIA1IIIIIII2III2IIIIIIIIIIIIIIA1IIIIIII
A1IIIIIII2A1I2IIIII2III2IIIAA1IIIIII22II22IIIIIIIIIIIIIA1IIIIIII
A1IIIIIII2A1I2IIIII2III2IIIAA1IIIIII22II22IA1IIIIIII2IIA1IIIIIII
AA1IIIIII2A1I22IIII2III2IIIAA1IIIIII22II22IA1IIIIIII2IIA1IIIIIII
AA1IIIIII2A1I22IIII2III2IIIAA1A1IIII22I222IA1IIIIIII2IIA1IIIIIII
IIIIIIIIIIIIIIIIIIIIIIIIIIIIIIAIIIIIIIIIIIIIIIIIIIIIIIIIIIIIIIII
IIIIIIIIIIIIIIIIIIIIIIIIIIIIIIAIIIIIIIIIIIIIIIIIIIIIIIIIIIIA1II1
IIIIIIIIIIIIIIIIIIIIIIIIIIA12I2IIIIIIIIIIIIIIIIIIIIIIIIIIIIIIIII
IIIIIIIIIIIIIIIIIIIIIIIIA1A12I2IIIIIIIIIIIIIIIIIIIIIIIIIIIIIIIII
IIIIIIIIIIIIIIIIIIIIIIIIAAA12I2IIIIIIIIIIIIIIIIIIIIIIIIIIIIIIIII
IIIIIIIIIIIIIIIIIIIIIIIIIIA2IIIIIIIIIIIIIIIIIIIIIIIIIIIIIIIIIIII
IIIIIIIIIIIIIIIIIIIIIIIIIIA2IIIIIIIIIIA2IIIIIIIIIIIIIIIIIIIIIIII
IIIIIIIIIIIIIIIIIIIIIIIIA2A2IIIIIIIIIIA2IIIIIIIIIIIIIIIIIIIIIIII
IIIIIIIIIIIIIIIIIIIIIIIIA2A2IIIIIIIIIIA12IIIIIIIIIIIIIIIIIIIIIII
IIIIIIIIIIIIIIIIIIIIIIIIA2A12IIIIIIIIIA12IIIIIIIIIIIIIIIIIIIIIII
IIIIIIIIIIIIIIIIIIIIIIIIA1A12IIIIIIIIIA12IIIIIIIIIIIIIIIIIIIIIII
IIIIIIIIIIIIIIIIIIIIIIIIIIIIIIIIIIIIIIIIII2AIIIIIIIIIIIIIIIIIIII
IIIIIIIIIIIIIIIIIIIIIIIIIIIII2AIIIIIIIIIII2AIIIIIIIIIIIIIIIIIIII
IIIIIIIIIIIIIIIIIIIIIIIIIIIII2AIIIIIIIIIII2AIIIIIIIIII2AIIIIIIII
IIIIIIIIIIIIIIIIIIIIIIIIIIIII2AIIIIIIIIIII2AIIIIIIIIII2AAIIIIIII
IIIIIIIIIIIIIIIIIIIIIIIIIIIII2AIIIIIIIIIII2AIIIIIIIII2AAAIIIIIII
IIIIIIIIIIIIIIIIIIIIIIIIA1IIIIIIIIIIIIIIIIIIIIIIIIIIIIIIIIIIIIII
IIIIIIIIIIIIIIIIIIIIIIIIA1A1IIIIIIIIIIIIIIIIIIIIIIIIIIIIIIIIIIII
IIIIIIIIIIIIIIIIIIIIIIIIIIIIIIIIIIIIIIIIIIIIIIA1IIIIIIIIIIIIIIII
IIIIIIIIIIIIIIIIIIIIIIIIIIIIIIIIIIIIIIIIIIIIIIA1IIIIIA1IIIIIIIII
IA1IIIIIIIIIIIIIIIIIIIIIIIIIIIIIIIIIIIIIIIIIIIIIIIIIIIIIIIIIIIII
IA1IIIIIIIIIIIIIIIIIIIIIIIIIIIIIIIIIIIIIIIIIIIA1IIIIIIIIIIIIIIII
IA1IIIIIIIIIIIIIIIIIIIIIIIIIIIIIIIIIIIIIIIIIIIA1IIIIIA1IIIIIIIII
IIIIIIIIIIIIIIIIIIIIIIIIA1IIIIIIIIIIIIIIIIIIIIIIIIIIIIIIIIIIIIII
IIIIIIIIIIIIIIIIIIIIIIIIA1A1IIIIIIIIIIIIIIIIIIIIIIIIIIIIIIIIIIII
IIIIIIIIIIIIIIIIIIIIIIIIA1IIIIIIIIIIIIIIIIIIIIIIIIIIIIIIIIIIIIII
IIIIIIIIIIIIIIIIIIIIIIIIA1A1IIIIIIIIIIIIIIIIIIIIIIIIIIIIIIIIIIII
IIIIIIIIIIIIIIIIIIIIIIIIIIIIIIIIIIIIIIIIIIIAIIIIII1II2IIIIII2III
IIIIIIIIIIIIIIIIIIIIIIIIIIIIIIAIIIIII1II2IIAIII2II1II2IIIIII2III
IIIIIIIIIIIIIIIIIIIIIIIIIIIIIIAIIIIII1II2IIAIII2II1II2IA1III2III
IIIIIIIIIIIIIIIIIIIIIIIIIIIIIIAIIIIII1II2IIAIII2II1II2IAA1II2III
IIIIIIIIIIIIIIIIIIIIIIIIIIIIIIAIIIIII1II2IIAIII2II1II2AAA1II2III
IIIIIIIIIIIIIIIIIIIIIIIA2IIIIIIIIIIIIIIIIIIIIIIIIIIIIIIIIIIIIIII
IIIIIIIIIIIIIIIIIIIIIIIA2IIIIIIIIIIIIIIIIIIIIIIIIIIIIIA12IIIIIII
IIIIIIIIIIIIIIIIIIIIIIIIIIIIIIIIIIIIIIIIIIIIIIIIIIIIIIIIAI2IIIII
IIIIIIIIIIIIIIIIIIIIIIIIIIIIIIIIIIIIIIIIIIIIIIIIIIIIIIAIAI2IIIII
IIIIIIIIIIIIIIIIIIIIIIIIIIIIIIIIIIIIIIIIIIIIIIIIIIIIIIIIA1IIIIII
IIIIIIIIIIIIIIIIIIIIIIIIIIIIIIIIIIIIIIIIIIIIIIIIIIIIIIIAA1IIIIII
IIIIIIIIIIIIIIIIIIIIIIIIIIAIIIIIIIIIIIIIIIIIIIIIIIIIIIIAA1IIIIII
AIIIIIIIIIIIIIIIIIIIIIIIIIAIIIIIIIIIIIIIIIIIIIIIIIIIIIIAA1IIIIII
AIIIIIIIIIIIIIIIIIIIIIIIIIA1IIIIIII2I2IIIIIIII22IIIIIIIAA1IIIIII
A1IIIIIII2I2IIIIIIII22IIIIA1IIIIIII2I2IIIIIIII22IIIIIIIAA1IIIIII
A1IIIIIII2I2IIIIIIII22IIIIA1IIIA1II2I2II2I2III22III22IIAA1IIIIII
A1IIIIIII2I2IIIIIIII22IIIIAA1IIA1II2222I2I2III222II22IIAA1IIIIII
A1IIIIIII2A1IIIIIII222IIIIAA1I2A1II2222I2I2III222II22IIAA1IIIIII
A1IIIIIII2A1IIIIIII222IIIIAAA12A1II222222I2III2222I22IIAA1IIIIII
A1IIIIIII2A1IIIIIII222IIIIAAA12A1II222222I2IAI2222I221IAA1IIIIII
A1IIIIIII2A1IIIIIII222IIIIAAA12A1II222222I2AAI2222I211IAA1IIIII1
A1IIIIIII2A1IIIIIII222IIIIAAA12A1II222A22I2AAI2222I211IAA1IIIII1
A1IIIIIII2A1IIIIIII222IIIIAAA12A1II222A22I2AAI2222I211IAA1AIIII1
A1IIIIIII2A1IIIIII2122IIIIAAA11A1II222A22I2AAI2222I211IAA1AIIII1
A1IIIIIII2A1IIIIII2122IIIIAAA11A1II221A22I2AAI2212I211IAA1AIIII1
A1IIIIIII2A1IIIIII2122IIIIAAA11A1II221A22I2AAI2112I211IAA1AIIII1
A1IIIIII21A1IIIIII2112IIIIAAA11A1II221A22I2AAI2112I211IAA1AIIII1
AAIIIIII21A1IIIIII2111IIIIAAA11A1II221A22I2AAI2112I211IAA1AIIII1
AAIIIIII21A1IIIIII2111IIIIAAA1AA1II221A12I2AAI21121211IAA1AIIII1
AAIIIIII21A1IIIIII2111IIIIAAA1AA1II221A12I2AAI21121211AAA1AIII21
AAIIIIII21A1IIIIII2111IIIIAAA1AA1II221A12I2AAA11121211AAA1AIII21
AAIIIIII21A1IIIIII2111IIIIAAA1AA1II221A12I2AAAA1121211AAA1AIII21
AAIIIIII21A1IIAIII2111IIIIAAA1AA1II221A12I2AAAA1121211AAA1AIII21
AAIIIIII21A1IIAAII2111IIIIAAA1AA1II221A12I2AAAA1121211AAA1AIII21
AAIIIIII21A1IAAAII2111IIIIAAA1AA1II221A12I2AAAA1121211AAA1AIII21
AAIIIIII21A1IAAAII2111IAIIAAA1AA1II221A12I2AAAA1121211AAA1AIII21
AAIIIIII21A1IAAAII21A1IAIIAAA1AA1II221A12I2AAAA1121211AAA1AIII21
AAIIIIII21A1IAAAII21A1IAIIAAA1AA1II221A12I2AAAA112A211AAA1AIII21
AAIIIIII21A1IAAAII21A1IAIIAAA1AA1II221A12I2AAAA11AA211AAA1AIII21
AAIIIIII21A1IAAAII21A1IAIIAAA1AA1II221A12I2AAAA1AAA211AAA1AIII21
AAIIIIII21A1IAAAII21A1IAAIAAA1AA1II221A12I2AAAA1AAA211AAA1AIII21
AAIIIIII21A1IAAAII21A1IAAIAAA1AA1II221A12I2AAAA1AAAA11AAA1AIII21
IIIIIIIIIIIIIIIIIIIIIIIIAIIIIIIIIIIIIIIIIIIIIIIIIIIIIIIIIIIIIIII
IIIIIIIIIIIIIIIIIIIIIIIIIIIIIIIIIIIIIIIIIIIIIIIIIIIIIA1IIIIIIIII
IIIIIIIIIIIIIIIIIIIIIIIA1IIIIIIIIIIIIIIIIIIIIIIIIIIIIA1IIIIIIIII
IIIIIIIIIII2AIIIIIIIIIIIIIIIIIIIIIIIIIIIIIIIIIIIIIIIIIIIIIIIIIII
IIIIIIIIII2AAIIIIIIIIIIIIIIIIIIIIIIIIIIIIIIIIIIIIIIIIIIIIIIIIIII
IIIIIIIIIIIIIIIIIIIIIIIIIIIII2AIIIIIIIIIIIIIIIIIIIIIIIIIIIIIIIII
IIIIIIIIIIIIIIIIIIIIIIIIIIIIIIIIIIIIIIA12IIIIIIIIIIIIIIIIIIIIIII
IIIIIIIIIIIIIIIIIIIIIIIIAIIIIIIIIIIIIIA12IIIIIIIIIIIIIIIIIIIIIII
IIIIIIIIIIIIIIIIIIIIIIIIAIAIIIIIIIIIIIA12IIIIIIIIIIIIIIIIIIIIIII
IIIIIIIIIIIIIIIIIIIIIIIIAIA1IIIIIIIIIIA12IIIIIIIIIIIIIIIIIIIIIII
IIIIIIIIIIIIIIIIIIIIIIIIA1A1IIIIIIIIIIA12IIIIIIIIIIIIIIIIIIIIIII
IIIIIIIIIIIIIIIIIIIIIIIIAAA1IIIIIIIIIIA12IIIIIIIIIIIIIIIIIIIIIII
IIIIIIIIIIIIIIIIIIIIIIIIAAA12IIIIIIIIIA12IIIIIIIIIIIIIIIIIIIIIII
IIIIIIIIIIIIIIIIIIIIIIIIIIIIIIIIIIIIIIA1IIIIIIIIIIIIIIIIIIIIIIII
IIIIIIIIIIIIIIIIIIIIIIIIA1IIIIIIIIIIIIA1IIIIIIIIIIIIIIIIIIIIIIII
IIIIIIIIIIIIIIIIIIIIIIIIA1A1IIIIIIIIIIA1IIIIIIIIIIIIIIIIIIIIIIII
IIIIIIIIIIIIIIIIIIIIIIIIA1A122IIIIIIIIA1IIIIIIIIIIIIIIIIIIIIIIII
IIIIIIIIIIIIIIIIIIIIIIIIA1A122IIIIIIIIA122IIIIIIIIIIIIIIIIIIIIII
IIIIIIIIIIIIIIIIIIIIIIIIAAA122IIIIIIIIA122IIIIIIIIIIIIIIIIIIIIII
IIIIIIIIIIIIIIIIIIIIIIIIIIIIIIIIIIIIIIA2IIIIIIIIIIIIIIIIIIIIIIII
IIIIIIIIIIIIIIIIIIIIIIIIIIA1IIIIIIIIIIA2IIIIIIIIIIIIIIIIIIIIIIII
IIIIIIIIIIIIIIIIIIIIIIIIIIA1IIIIIIIIIIA1IIIIIIIIIIIIIIIIIIIIIIII
IIIIIIIIIIIIIIIIIIIIIIIIA1A1IIIIIIIIIIA1IIIIIIIIIIIIIIIIIIIIIIII
IIIIIIIIIIIIIIIIIIIIIIIIIIIIIIIIIIIIIIA1IIIIIIIIIIIIIIIIIIIIIIII
IIIIIIIIIIIIIIIIIIIIIIIIA1IIIIIIIIIIIIA1IIIIIIIIIIIIIIIIIIIIIIII
IIIIIIIIIIIIIIIIIIIIIIIIIIIIIIIIIIIIIIA1IIIIIIIIIIIIIIIIIIIIIIII
IIIIIIIIIIIIIIIIIIIIIIIIIIA1IIIIIIIIIIA1IIIIIIIIIIIIIIIIIIIIIIII
IIIIIIIIIIIIIIIIIIIIIIIIA1A1IIIIIIIIIIA1IIIIIIIIIIIIIIIIIIIIIIII
IIIIIIIIIIIIIIIIIIIIIIIIIIIIIIIIIIIIIIA1IIIIIIIIIIIIIIIIIIIIIIII
IIIIIIIIIIIIIIIIIIIIIIIIIIA1IIIIIIIIIIA1IIIIIIIIIIIIIIIIIIIIIIII
IIIIIIIIIIIIIIIIIIIIIIIIA1A1IIIIIIIIIIA1IIIIIIIIIIIIIIIIIIIIIIII
IIIIIIIIIIIIIIIIIIIIIIIIIIIIIIIIIIIIIIA1IIIIIIIIIIIIIIIIIIIIIIII
IIIIIIIIIIIIIIIIIIIIIIIIA1IIIIIIIIIIIIA1IIIIIIIIIIIIIIIIIIIIIIII
IIIIIIIIIIIIIIIIIIIIIIIIIIA1IIIIIIIIIIIIIIIIIIIIIIIIIIIIIIIIIIII
IIIIIIIIIIIIIIIIIIIIIIIIIIA1IIIIIIIIIIA1IIIIIIIIIIIIIIIIIIIIIIII
IIIIIIIIIIIIIIIIIIIIIIIIA1A1IIIIIIIIIIA1IIIIIIIIIIIIIIIIIIIIIIII
IIIIIIIIIIIIIIIIIIIIIIIIIIIIIIIIIIIIIIA1IIIIIIIIIIIIIIIIIIIIIIII
IIIIIIIIIIIIIIIIIIIIIIIIA1IIIIIIIIIIIIA1IIIIIIIIIIIIIIIIIIIIIIII
IIIIIIIIIIIIIIIIIIIIIIIIA1A1IIIIIIIIIIA1IIIIIIIIIIIIIIIIIIIIIIII
IIIIIIIIIIIIIIIIIIIIIIIIA1A1IIIIIIIIIIA12IIIIIIIIIIIIIIIIIIIIIII
IIIIIIIIIIIIIIIIIIIIIIIIA1A12IIIIIIIIIA12IIIIIIIIIIIIIIIIIIIIIII
IIIIIIIIIIIIIIIIIIIIIIIIAAA12IIIIIIIIIA12IIIIIIIIIIIIIIIIIIIIIII
IIIIIIIIIIIIIIIIIIIIIIIIIIA12IIIIIIIIIIIIIIIIIIIIIIIIIIIIIIIIIII
IIIIIIIIIIIIIIIIIIIIIIIIIIA12IIIIIIIIIA12IIIIIIIIIIIIIIIIIIIIIII
IIIIIIIIIIIIIIIIIIIIIIIIA1A12IIIIIIIIIA12IIIIIIIIIIIIIIIIIIIIIII
IIIIIIIIIIIIIIIIIIIIIIIIIIA12IIIIIIIIIIIIIIIIIIIIIIIIIIIIIIIIIII
IIIIIIIIIIIIIIIIIIIIIIIIIIA12IIIIIIIIIA12IIIIIIIIIIIIIIIIIIIIIII
IIIIIIIIIIIIIIIIIIIIIIIIA1A12IIIIIIIIIA12IIIIIIIIIIIIIIIIIIIIIII
IIIIIIIIIIIIIIIIIIIIIIIIIIA12IIIIIIIIIIIIIIIIIIIIIIIIIIIIIIIIIII
IIIIIIIIIIIIIIIIIIIIIIIIIIA12IIIIIIIIIA12IIIIIIIIIIIIIIIIIIIIIII
IIIIIIIIIIIIIIIIIIIIIIIIA1A12IIIIIIIIIA12IIIIIIIIIIIIIIIIIIIIIII
IIIIIIIIIIIIIIIIIIIIIIIIIIA1IIIIIIIIIIIIIIIIIIIIIIIIIIIIIIIIIIII
IIIIIIIIIIIIIIIIIIIIIIIIIIA1IIIIIIIIIIA1IIIIIIIIIIIIIIIIIIIIIIII
IIIIIIIIIIIIIIIIIIIIIIIIA1A1IIIIIIIIIIA1IIIIIIIIIIIIIIIIIIIIIIII
IIIIIIIIIIIIIIIIIIIIIIIIIIIIIIIIIIIIIIA1IIIIIIIIIIIIIIIIIIIIIIII
IIIIIIIIIIIIIIIIIIIIIIIIA1IIIIIIIIIIIIA1IIIIIIIIIIIIIIIIIIIIIIII
IIIIIIIIIIIIIIIIIIIIIIIIIIIIIIIIIIIIIIA1IIIIIIIIIIIIIIIIIIIIIIII
IIIIIIIIIIIIIIIIIIIIIIIIIIA1IIIIIIIIIIA1IIIIIIIIIIIIIIIIIIIIIIII
IIIIIIIIIIIIIIIIIIIIIIIIA1A1IIIIIIIIIIA1IIIIIIIIIIIIIIIIIIIIIIII
IIIIIIIIIIIIIIIIIIIIIIIIIIIIIIIIIIIIIIA1IIIIIIIIIIIIIIIIIIIIIIII
IIIIIIIIIIIIIIIIIIIIIIIIIIA1IIIIIIIIIIA1IIIIIIIIIIIIIIIIIIIIIIII
IIIIIIIIIIIIIIIIIIIIIIIIA1A1IIIIIIIIIIA1IIIIIIIIIIIIIIIIIIIIIIII
IIIIIIIIIIIIIIIIIIIIIIIIIIIIIIIIIIIIIIA1IIIIIIIIIIIIIIIIIIIIIIII
IIIIIIIIIIIIIIIIIIIIIIIIIIA1IIIIIIIIIIA1IIIIIIIIIIIIIIIIIIIIIIII
IIIIIIIIIIIIIIIIIIIIIIIIA1A1IIIIIIIIIIA1IIIIIIIIIIIIIIIIIIIIIIII
IIIIIIIIIIIIIIIIIIIIIIIIIIA12IIIIIIIIIIIIIIIIIIIIIIIIIIIIIIIIIII
IIIIIIIIIIIIIIIIIIIIIIIIIIA12IIIIIIIIIA12IIIIIIIIIIIIIIIIIIIIIII
IIIIIIIIIIIIIIIIIIIIIIIIA1A12IIIIIIIIIA12IIIIIIIIIIIIIIIIIIIIIII
IIIIIIIIIIIIIIIIIIIIIIIIIIA12IIIIIIIIIIIIIIIIIIIIIIIIIIIIIIIIIII
IIIIIIIIIIIIIIIIIIIIIIIIIIA12IIIIIIIIIA12IIIIIIIIIIIIIIIIIIIIIII
IIIIIIIIIIIIIIIIIIIIIIIIA1A12IIIIIIIIIA12IIIIIIIIIIIIIIIIIIIIIII
IIIIIIIIIIIIIIIIIIIIIIIIIIA12IIIIIIIIIIIIIIIIIIIIIIIIIIIIIIIIIII
IIIIIIIIIIIIIIIIIIIIIIIIIIA12IIIIIIIIIA12IIIIIIIIIIIIIIIIIIIIIII
IIIIIIIIIIIIIIIIIIIIIIIIIAA12IIIIIIIIIA12IIIIIIIIIIIIIIIIIIIIIII
IIIIIIIIIIIIIIIIIIIIIIIIAAA12IIIIIIIIIA12IIIIIIIIIIIIIIIIIIIIIII
IIIIIIIIIIIIIIIIIIIIIIIIIIA1IIIIIIIIIIIIIIIIIIIIIIIIIIIIIIIIIIII
IIIIIIIIIIIIIIIIIIIIIIIIIIA1IIIIIIIIIIA1IIIIIIIIIIIIIIIIIIIIIIII
IIIIIIIIIIIIIIIIIIIIIIIIA1A1IIIIIIIIIIA1IIIIIIIIIIIIIIIIIIIIIIII
IIIIIIIIIIIIIIIIIIIIIIIIIIA1IIIIIIIIIIIIIIIIIIIIIIIIIIIIIIIIIIII
IIIIIIIIIIIIIIIIIIIIIIIIIIA1IIIIIIIIIIA1IIIIIIIIIIIIIIIIIIIIIIII
IIIIIIIIIIIIIIIIIIIIIIIIA1A1IIIIIIIIIIA1IIIIIIIIIIIIIIIIIIIIIIII
IIIIIIIIIIIIIIIIIIIIIIIIIIA1IIIIIIIIIIIIIIIIIIIIIIIIIIIIIIIIIIII
IIIIIIIIIIIIIIIIIIIIIIIIIIA1IIIIIIIIIIA1IIIIIIIIIIIIIIIIIIIIIIII
IIIIIIIIIIIIIIIIIIIIIIIIA1A1IIIIIIIIIIA1IIIIIIIIIIIIIIIIIIIIIIII
IIIIIIIIIIIIIIIIIIIIIIIIIIA1IIIIIIIIIIIIIIIIIIIIIIIIIIIIIIIIIIII
IIIIIIIIIIIIIIIIIIIIIIIIIAA1IIIIIIIIIIIIIIIIIIIIIIIIIIIIIIIIIIII
IIIIIIIIIIIIIIIIIIIIIIIIIAA1IIIIIIIIIIA2IIIIIIIIIIIIIIIIIIIIIIII
IIIIIIIIIIIIIIIIIIIIIIIIAAA1IIIIIIIIIIA2IIIIIIIIIIIIIIIIIIIIIIII
IIIIIIIIIIIIIIIIIIIIIIIIAAA12IIIIIIIIIA2IIIIIIIIIIIIIIIIIIIIIIII
IIIIIIIIIIIIIIIIIIIIIIIIAAA12IIIIIIIIIA12IIIIIIIIIIIIIIIIIIIIIII
IIIIIIIIIIIIIIIIIIIIIIIIIIA1IIIIIIIIIIIIIIIIIIIIIIIIIIIIIIIIIIII
IIIIIIIIIIIIIIIIIIIIIIIIIIA1IIIIIIIIIIA1IIIIIIIIIIIIIIIIIIIIIIII
IIIIIIIIIIIIIIIIIIIIIIIIA1A1IIIIIIIIIIA1IIIIIIIIIIIIIIIIIIIIIIII
IIIIIIIIIIIIIIIIIIIIIIIIIIA1IIIIIIIIIIIIIIIIIIIIIIIIIIIIIIIIIIII
IIIIIIIIIIIIIIIIIIIIIIIIIIA1IIIIIIIIIIA1IIIIIIIIIIIIIIIIIIIIIIII
IIIIIIIIIIIIIIIIIIIIIIIIA1A1IIIIIIIIIIA1IIIIIIIIIIIIIIIIIIIIIIII
IIIIIIIIIIIIIIIIIIIIIIIIA1A12IIIIIIIIIA1IIIIIIIIIIIIIIIIIIIIIIII
IIIIIIIIIIIIIIIIIIIIIIIIA1A12IIIIIIIIIA12IIIIIIIIIIIIIIIIIIIIIII
IIIIIIIIIIIIIIIIIIIIIIIIIIIIIIIIIIIIIIA2IIIIIIIIIIIIIIIIIIIIIIII
IIIIIIIIIIIIIIIIIIIIIIIIA2IIIIIIIIIIIIA2IIIIIIIIIIIIIIIIIIIIIIII
IIIIIIIIIIIIIIIIIIIIIIIIA2A12IIIIIIIIIA2IIIIIIIIIIIIIIIIIIIIIIII
IIIIIIIIIIIIIIIIIIIIIIIIAAA12IIIIIIIIIA2IIIIIIIIIIIIIIIIIIIIIIII
IIIIIIIIIIIIIIIIIIIIIIIIAAA12IIIIIIIIIA1IIIIIIIIIIIIIIIIIIIIIIII
IIIIIIIIIIIIIIIIIIIIIIIIIIA1IIIIIIIIIIIIIIIIIIIIIIIIIIIIIIIIIIII
IIIIIIIIIIIIIIIIIIIIIIIIIIA12IIIIIIIIIIIIIIIIIIIIIIIIIIIIIIIIIII
IIIIIIIIIIIIIIIIIIIIIIIIIIA12IIIIIIIIIA12IIIIIIIIIIIIIIIIIIIIIII
IIIIIIIIIIIIIIIIIIIIIIIIA1A12IIIIIIIIIA12IIIIIIIIIIIIIIIIIIIIIII
IIIIIIIIIIIIIIIIIIIIIIIIIIIIIIIIIIIIIIA1IIIIIIIIIIIIIIIIIIIIIIII
IIIIIIIIIIIIIIIIIIIIIIIIA1IIIIIIIIIIIIA1IIIIIIIIIIIIIIIIIIIIIIII
IIIIIIIIIIIIIIIIIIIIIIIIIIIIIIIIIIIIIIA122IIIIIIIIIIIIIIIIIIIIII
IIIIIIIIIIIIIIIIIIIIIIIIA122IIIIIIIIIIA122IIIIIIIIIIIIIIIIIIIIII
IIIIIIIIIIIIIIIIIIIIIIIIA1A122IIIIIIIIA122IIIIIIIIIIIIIIIIIIIIII
IIIIIIIIIIIIIIIIIIIIIIIIIIIIIIIIIIIIIIA1IIIIIIIIIIIIIIIIIIIIIIII
IIIIIIIIIIIIIIIIIIIIIIIIA1IIIIIIIIIIIIA1IIIIIIIIIIIIIIIIIIIIIIII
IIIIIIIIIIIIIIIIIIIIIIIIIIIIIIIIIIIIIIA12IIIIIIIIIIIIIIIIIIIIIII
IIIIIIIIIIIIIIIIIIIIIIIIA12IIIIIIIIIIIA12IIIIIIIIIIIIIIIIIIIIIII
IIIIIIIIIIIIIIIIIIIIIIIIIIIIIIIIIIIIIIA12IIIIIIIIIIIIIIIIIIIIIII
IIIIIIIIIIIIIIIIIIIIIIIIA12IIIIIIIIIIIA12IIIIIIIIIIIIIIIIIIIIIII
IIIIIIIIIIIIIIIIIIIIIIIIIIIIIIIIIIIIIIA12IIIIIIIIIIIIIIIIIIIIIII
IIIIIIIIIIIIIIIIIIIIIIIIA12IIIIIIIIIIIA12IIIIIIIIIIIIIIIIIIIIIII
IIIIIIIIIIIIIIIIIIIIIIIIIIA12IIIIIIIIIIIIIIIIIIIIIIIIIIIIIIIIIII
IIIIIIIIIIIIIIIIIIIIIIIIIAA12IIIIIIIIIIIIIIIIIIIIIIIIIIIIIIIIIII
IIIIIIIIIIIIIIIIIIIIIIIIIAA12IIIIIIIIIA12IIIIIIIIIIIIIIIIIIIIIII
IIIIIIIIIIIIIIIIIIIIIIIIAAA12IIIIIIIIIA12IIIIIIIIIIIIIIIIIIIIIII
IIIIIIIIIIIIIIIIIIIIIIIIIIIIIIIIIIIIIIA122IIIIIIIIIIIIIIIIIIIIII
IIIIIIIIIIIIIIIIIIIIIIIIA122IIIIIIIIIIA122IIIIIIIIIIIIIIIIIIIIII
IIIIIIIIIIIIIIIIIIIIIIIIA1A122IIIIIIIIA122IIIIIIIIIIIIIIIIIIIIII
IIIIIIIIIIIIIIIIIIIIIIIIIIA2IIIIIIIIIIIIIIIIIIIIIIIIIIIIIIIIIIII
IIIIIIIIIIIIIIIIIIIIIIIIIAA2IIIIIIIIIIIIIIIIIIIIIIIIIIIIIIIIIIII
IIIIIIIIIIIIIIIIIIIIIIIIIAA2IIIIIIIIIIA2IIIIIIIIIIIIIIIIIIIIIIII
IIIIIIIIIIIIIIIIIIIIIIIIAAA2IIIIIIIIIIA2IIIIIIIIIIIIIIIIIIIIIIII
IIIIIIIIIIIIIIIIIIIIIIIIAAA2IIIIIIIIIIA1IIIIIIIIIIIIIIIIIIIIIIII
IIIIIIIIIIIIIIIIIIIIIIIIIIA1IIIIIIIIIIIIIIIIIIIIIIIIIIIIIIIIIIII
IIIIIIIIIIIIIIIIIIIIIIIIIAA1IIIIIIIIIIIIIIIIIIIIIIIIIIIIIIIIIIII
IIIIIIIIIIIIIIIIIIIIIIIIIAA1IIIIIIIIIIA1IIIIIIIIIIIIIIIIIIIIIIII
IIIIIIIIIIIIIIIIIIIIIIIIAAA1IIIIIIIIIIA1IIIIIIIIIIIIIIIIIIIIIIII
IIIIIIIIIIIIIIIIIIIIIIIIIIA12IIIIIIIIIIIIIIIIIIIIIIIIIIIIIIIIIII
IIIIIIIIIIIIIIIIIIIIIIIIIAA12IIIIIIIIIIIIIIIIIIIIIIIIIIIIIIIIIII
IIIIIIIIIIIIIIIIIIIIIIIIIAA12IIIIIIIIIA12IIIIIIIIIIIIIIIIIIIIIII
IIIIIIIIIIIIIIIIIIIIIIIIAAA12IIIIIIIIIA12IIIIIIIIIIIIIIIIIIIIIII
IIIIIIIIIIIIIIIIIIIIIIIIAAA112IIIIIIIIA12IIIIIIIIIIIIIIIIIIIIIII
IIIIIIIIIIIIIIIIIIIIIIIIAAA112IIIIIIIIA11IIIIIIIIIIIIIIIIIIIIIII
IIIIIIIIIIIIIIIIIIIIIIIIIIIIIIIIIIIIIIA12IIIIIIIIIIIIIIIIIIIIIII
IIIIIIIIIIIIIIIIIIIIIIIIA12IIIIIIIIIIIA12IIIIIIIIIIIIIIIIIIIIIII
IIIIIIIIIIIIIIIIIIIIIIIIA1A12IIIIIIIIIA12IIIIIIIIIIIIIIIIIIIIIII
IIIIIIIIIIIIIIIIIIIIIIIIA1A122IIIIIIIIA12IIIIIIIIIIIIIIIIIIIIIII
IIIIIIIIIIIIIIIIIIIIIIIIA1A122IIIIIIIIA122IIIIIIIIIIIIIIIIIIIIII
IIIIIIIIIIIIIIIIIIIIIIIIIIA12IIIIIIIIIIIIIIIIIIIIIIIIIIIIIIIIIII
IIIIIIIIIIIIIIIIIIIIIIIIIIA12IIIIIIIIIA12IIIIIIIIIIIIIIIIIIIIIII
IIIIIIIIIIIIIIIIIIIIIIIIA1A12IIIIIIIIIA12IIIIIIIIIIIIIIIIIIIIIII
IIIIIIIIIIIIIIIIIIIIIIIIIIA12IIIIIIIIIIIIIIIIIIIIIIIIIIIIIIIIIII
IIIIIIIIIIIIIIIIIIIIIIIIIAA12IIIIIIIIIIIIIIIIIIIIIIIIIIIIIIIIIII
IIIIIIIIIIIIIIIIIIIIIIIIIAA12IIIIIIIIIA12IIIIIIIIIIIIIIIIIIIIIII
IIIIIIIIIIIIIIIIIIIIIIIIAAA12IIIIIIIIIA12IIIIIIIIIIIIIIIIIIIIIII
IIIIIIIIIIIIIIIIIIIIIIIIIIA1IIIIIIIIIIIIIIIIIIIIIIIIIIIIIIIIIIII
IIIIIIIIIIIIIIIIIIIIIIIIIAA1IIIIIIIIIIIIIIIIIIIIIIIIIIIIIIIIIIII
IIIIIIIIIIIIIIIIIIIIIIIIIAA1IIIIIIIIIIA1IIIIIIIIIIIIIIIIIIIIIIII
IIIIIIIIIIIIIIIIIIIIIIIIAAA1IIIIIIIIIIA1IIIIIIIIIIIIIIIIIIIIIIII
IIIIIIIIIIIIIIIIIIIIIIIIIIIIIIIIIIIIIIA1IIIIIIIIIIIIIIIIIIIIIIII
IIIIIIIIIIIIIIIIIIIIIIIIA1IIIIIIIIIIIIA1IIIIIIIIIIIIIIIIIIIIIIII
IIIIIIIIIIIIIIIIIIIIIIIIIIA1IIIIIIIIIIIIIIIIIIIIIIIIIIIIIIIIIIII
IIIIIIIIIIIIIIIIIIIIIIIIIIA1IIIIIIIIIIA1IIIIIIIIIIIIIIIIIIIIIIII
IIIIIIIIIIIIIIIIIIIIIIIIIIA1I2IIIIIIIIA1IIIIIIIIIIIIIIIIIIIIIIII
IIIIIIIIIIIIIIIIIIIIIIIIIIA1I2IIIIIIIIA1I2IIIIIIIIIIIIIIIIIIIIII
IIIIIIIIIIIIIIIIIIIIIIIIIAA122IIIIIIIIA1I2IIIIIIIIIIIIIIIIIIIIII
IIIIIIIIIIIIIIIIIIIIIIIIAAA122IIIIIIIIA1I2IIIIIIIIIIIIIIIIIIIIII
IIIIIIIIIIIIIIIIIIIIIIIIIIIIIIIIIIIIIIA12IIIIIIIIIIIIIIIIIIIIIII
IIIIIIIIIIIIIIIIIIIIIIIIA12IIIIIIIIIIIA12IIIIIIIIIIIIIIIIIIIIIII
IIIIIIIIIIIIIIIIIIIIIIIIIIIIIIIIIIIIIIA12IIIIIIIIIIIIIIIIIIIIIII
IIIIIIIIIIIIIIIIIIIIIIIIA12IIIIIIIIIIIA12IIIIIIIIIIIIIIIIIIIIIII
IIIIIIIIIIIIIIIIIIIIIIIIIIIIIIIIIIIIIIA12IIIIIIIIIIIIIIIIIIIIIII
IIIIIIIIIIIIIIIIIIIIIIIIA12IIIIIIIIIIIA12IIIIIIIIIIIIIIIIIIIIIII
IIIIIIIIIIIIIIIIIIIIIIIIIIIIIIIIIIIIIIA12IIIIIIIIIIIIIIIIIIIIIII
IIIIIIIIIIIIIIIIIIIIIIIIA12IIIIIIIIIIIA12IIIIIIIIIIIIIIIIIIIIIII
IIIIIIIIIIIIIIIIIIIIIIIIIIA12IIIIIIIIIIIIIIIIIIIIIIIIIIIIIIIIIII
IIIIIIIIIIIIIIIIIIIIIIIIIAA12IIIIIIIIIIIIIIIIIIIIIIIIIIIIIIIIIII
IIIIIIIIIIIIIIIIIIIIIIIIIAA12IIIIIIIIIA12IIIIIIIIIIIIIIIIIIIIIII
IIIIIIIIIIIIIIIIIIIIIIIIAAA12IIIIIIIIIA12IIIIIIIIIIIIIIIIIIIIIII
IIIIIIIIIIIIIIIIIIIIIIIIIIIIIIIIIIIIIIA12IIIIIIIIIIIIIIIIIIIIIII
IIIIIIIIIIIIIIIIIIIIIIIIA12IIIIIIIIIIIA12IIIIIIIIIIIIIIIIIIIIIII
IIIIIIIIIIIIIIIIIIIIIIIIIIIIIIIIIIIIIIA12IIIIIIIIIIIIIIIIIIIIIII
IIIIIIIIIIIIIIIIIIIIIIIIA12IIIIIIIIIIIA12IIIIIIIIIIIIIIIIIIIIIII
IIIIIIIIIIIIIIIIIIIIIIIIIIA12IIIIIIIIIIIIIIIIIIIIIIIIIIIIIIIIIII
IIIIIIIIIIIIIIIIIIIIIIIIIAA12IIIIIIIIIIIIIIIIIIIIIIIIIIIIIIIIIII
IIIIIIIIIIIIIIIIIIIIIIIIIAA12IIIIIIIIIA12IIIIIIIIIIIIIIIIIIIIIII
IIIIIIIIIIIIIIIIIIIIIIIIAAA12IIIIIIIIIA12IIIIIIIIIIIIIIIIIIIIIII
IIIIIIIIIIIIIIIIIIIIIIIIIIIIIIIIIIIIIIA12IIIIIIIIIIIIIIIIIIIIIII
IIIIIIIIIIIIIIIIIIIIIIIIA12IIIIIIIIIIIA12IIIIIIIIIIIIIIIIIIIIIII
IIIIIIIIIIIIIIIIIIIIIIIIIIA12IIIIIIIIIIIIIIIIIIIIIIIIIIIIIIIIIII
IIIIIIIIIIIIIIIIIIIIIIIIIAA12IIIIIIIIIIIIIIIIIIIIIIIIIIIIIIIIIII
IIIIIIIIIIIIIIIIIIIIIIIIIAA12IIIIIIIIIA12IIIIIIIIIIIIIIIIIIIIIII
IIIIIIIIIIIIIIIIIIIIIIIIAAA12IIIIIIIIIA12IIIIIIIIIIIIIIIIIIIIIII
IIIIIIIIIIIIIIIIIIIIIIIIIIA12IIIIIIIIIIIIIIIIIIIIIIIIIIIIIIIIIII
IIIIIIIIIIIIIIIIIIIIIIIIIAA12IIIIIIIIIIIIIIIIIIIIIIIIIIIIIIIIIII
IIIIIIIIIIIIIIIIIIIIIIIIIAA12IIIIIIIIIA12IIIIIIIIIIIIIIIIIIIIIII
IIIIIIIIIIIIIIIIIIIIIIIIAAA12IIIIIIIIIA12IIIIIIIIIIIIIIIIIIIIIII
IIIIIIIIIIIIIIIIIIIIIIIIIIA12IIIIIIIIIIIIIIIIIIIIIIIIIIIIIIIIIII
IIIIIIIIIIIIIIIIIIIIIIIIIAA12IIIIIIIIIIIIIIIIIIIIIIIIIIIIIIIIIII
IIIIIIIIIIIIIIIIIIIIIIIIIAA12IIIIIIIIIA12IIIIIIIIIIIIIIIIIIIIIII
IIIIIIIIIIIIIIIIIIIIIIIIAAA12IIIIIIIIIA12IIIIIIIIIIIIIIIIIIIIIII
IIIIIIIIIIIIIIIIIIIIIIIIIIA12IIIIIIIIIIIIIIIIIIIIIIIIIIIIIIIIIII
IIIIIIIIIIIIIIIIIIIIIIIIIAA12IIIIIIIIIIIIIIIIIIIIIIIIIIIIIIIIIII
IIIIIIIIIIIIIIIIIIIIIIIIIAA12IIIIIIIIIA12IIIIIIIIIIIIIIIIIIIIIII
IIIIIIIIIIIIIIIIIIIIIIIIAAA12IIIIIIIIIA12IIIIIIIIIIIIIIIIIIIIIII
IIIIIIIIIIIIIIIIIIIIIIIIIIA12IIIIIIIIIIIIIIIIIIIIIIIIIIIIIIIIIII
IIIIIIIIIIIIIIIIIIIIIIIIIAA12IIIIIIIIIIIIIIIIIIIIIIIIIIIIIIIIIII
IIIIIIIIIIIIIIIIIIIIIIIIIAA12IIIIIIIIIA12IIIIIIIIIIIIIIIIIIIIIII
IIIIIIIIIIIIIIIIIIIIIIIIAAA12IIIIIIIIIA12IIIIIIIIIIIIIIIIIIIIIII
IIIIIIIIIIIIIIIIIIIIIIIIIIA12IIIIIIIIIIIIIIIIIIIIIIIIIIIIIIIIIII
IIIIIIIIIIIIIIIIIIIIIIIIIAA12IIIIIIIIIIIIIIIIIIIIIIIIIIIIIIIIIII
IIIIIIIIIIIIIIIIIIIIIIIIIAA12IIIIIIIIIA12IIIIIIIIIIIIIIIIIIIIIII
IIIIIIIIIIIIIIIIIIIIIIIIAAA12IIIIIIIIIA12IIIIIIIIIIIIIIIIIIIIIII
IIIIIIIIIIIIIIIIIIIIIIIIIIA12IIIIIIIIIIIIIIIIIIIIIIIIIIIIIIIIIII
IIIIIIIIIIIIIIIIIIIIIIIIIAA12IIIIIIIIIIIIIIIIIIIIIIIIIIIIIIIIIII
IIIIIIIIIIIIIIIIIIIIIIIIIAA12IIIIIIIIIA12IIIIIIIIIIIIIIIIIIIIIII
IIIIIIIIIIIIIIIIIIIIIIIIAAA12IIIIIIIIIA12IIIIIIIIIIIIIIIIIIIIIII
IIIIIIIIIIIIIIIIIIIIIIIIIIA12IIIIIIIIIIIIIIIIIIIIIIIIIIIIIIIIIII
IIIIIIIIIIIIIIIIIIIIIIIIIAA12IIIIIIIIIIIIIIIIIIIIIIIIIIIIIIIIIII
IIIIIIIIIIIIIIIIIIIIIIIIIAA12IIIIIIIIIA12IIIIIIIIIIIIIIIIIIIIIII
IIIIIIIIIIIIIIIIIIIIIIIIAAA12IIIIIIIIIA12IIIIIIIIIIIIIIIIIIIIIII
IIIIIIIIIIIIIIIIIIIIIIIIIIA1IIIIIIIIIIIIIIIIIIIIIIIIIIIIIIIIIIII
IIIIIIIIIIIIIIIIIIIIIIIIIAA1IIIIIIIIIIIIIIIIIIIIIIIIIIIIIIIIIIII
IIIIIIIIIIIIIIIIIIIIIIIIIAA1IIIIIIIIIIA1IIIIIIIIIIIIIIIIIIIIIIII
IIIIIIIIIIIIIIIIIIIIIIIIAAA1IIIIIIIIIIA1IIIIIIIIIIIIIIIIIIIIIIII
IIIIIIIIIIIIIIIIIIIIIIIIIIA12IIIIIIIIIIIIIIIIIIIIIIIIIIIIIIIIIII
IIIIIIIIIIIIIIIIIIIIIIIIIAA12IIIIIIIIIIIIIIIIIIIIIIIIIIIIIIIIIII
IIIIIIIIIIIIIIIIIIIIIIIIIAA12IIIIIIIIIA12IIIIIIIIIIIIIIIIIIIIIII
IIIIIIIIIIIIIIIIIIIIIIIIAAA12IIIIIIIIIA12IIIIIIIIIIIIIIIIIIIIIII
IIIIIIIIIIIIIIIIIIIIIIIIIIIIIIIIIIIIIIIIIIIIIIIIIIIIIA1IIIIIIIII
IIIIIIIIIIIIIIIIIIIIIIIA1IIIIIIIIIIIIIIIIIIIIIIIIIIIIA1IIIIIIIII
IIIIIIIIIIIIIIIIIIIIIIIIIIA2IIIIIIIIIIIIIIIIIIIIIIIIIIIIIIIIIIII
IIIIIIIIIIIIIIIIIIIIIIIIIAA2IIIIIIIIIIIIIIIIIIIIIIIIIIIIIIIIIIII
IIIIIIIIIIIIIIIIIIIIIIIIIAA2IIIIIIIIIIA2IIIIIIIIIIIIIIIIIIIIIIII
IIIIIIIIIIIIIIIIIIIIIIIIAAA2IIIIIIIIIIA2IIIIIIIIIIIIIIIIIIIIIIII
IIIIIIIIIIIIIIIIIIIIIIIIIIIIIIIIIIIIIIA12IIIIIIIIIIIIIIIIIIIIIII
IIIIIIIIIIIIIIIIIIIIIIIIA12IIIIIIIIIIIA12IIIIIIIIIIIIIIIIIIIIIII
IIIIIIIIIIIIIIIIIIIIIIIIA1A12IIIIIIIIIA12IIIIIIIIIIIIIIIIIIIIIII
IIIIIIIIIIIIIIIIIIIIIIIIIIA12IIIIIIIIIIIIIIIIIIIIIIIIIIIIIIIIIII
IIIIIIIIIIIIIIIIIIIIIIIIIAA12IIIIIIIIIIIIIIIIIIIIIIIIIIIIIIIIIII
IIIIIIIIIIIIIIIIIIIIIIIIIAA12IIIIIIIIIA12IIIIIIIIIIIIIIIIIIIIIII
IIIIIIIIIIIIIIIIIIIIIIIIAAA12IIIIIIIIIA12IIIIIIIIIIIIIIIIIIIIIII
IIIIIIIIIIIIIIIIIIIIIIIIIIA12IIIIIIIIIIIIIIIIIIIIIIIIIIIIIIIIIII
IIIIIIIIIIIIIIIIIIIIIIIIIIA12IIIIIIIIIA12IIIIIIIIIIIIIIIIIIIIIII
IIIIIIIIIIIIIIIIIIIIIIIIA1A12IIIIIIIIIA12IIIIIIIIIIIIIIIIIIIIIII
IIIIIIIIIIIIIIIIIIIIIIIIIIA12IIIIIIIIIIIIIIIIIIIIIIIIIIIIIIIIIII
IIIIIIIIIIIIIIIIIIIIIIIIIAA12IIIIIIIIIIIIIIIIIIIIIIIIIIIIIIIIIII
IIIIIIIIIIIIIIIIIIIIIIIIIAA12IIIIIIIIIA12IIIIIIIIIIIIIIIIIIIIIII
IIIIIIIIIIIIIIIIIIIIIIIIAAA12IIIIIIIIIA12IIIIIIIIIIIIIIIIIIIIIII
IIIIIIIIIIIIIIIIIIIIIIIIIIA12IIIIIIIIIIIIIIIIIIIIIIIIIIIIIIIIIII
IIIIIIIIIIIIIIIIIIIIIIIIIAA12IIIIIIIIIIIIIIIIIIIIIIIIIIIIIIIIIII
IIIIIIIIIIIIIIIIIIIIIIIIIAA12IIIIIIIIIA12IIIIIIIIIIIIIIIIIIIIIII
IIIIIIIIIIIIIIIIIIIIIIIIAAA12IIIIIIIIIA12IIIIIIIIIIIIIIIIIIIIIII
IIIIIIIIIIIIIIIIIIIIIIIIIIA12IIIIIIIIIIIIIIIIIIIIIIIIIIIIIIIIIII
IIIIIIIIIIIIIIIIIIIIIIIIIAA12IIIIIIIIIIIIIIIIIIIIIIIIIIIIIIIIIII
IIIIIIIIIIIIIIIIIIIIIIIIIAA12IIIIIIIIIA12IIIIIIIIIIIIIIIIIIIIIII
IIIIIIIIIIIIIIIIIIIIIIIIAAA12IIIIIIIIIA12IIIIIIIIIIIIIIIIIIIIIII
IIIIIIIIIIIIIIIIIIIIIIIIIIIIIIIIIIIIIIA12IIIIIIIIIIIIIIIIIIIIIII
IIIIIIIIIIIIIIIIIIIIIIIIA12IIIIIIIIIIIA12IIIIIIIIIIIIIIIIIIIIIII
IIIIIIIIIIIIIIIIIIIIIIIIIIA12IIIIIIIIIIIIIIIIIIIIIIIIIIIIIIIIIII
IIIIIIIIIIIIIIIIIIIIIIIIIAA12IIIIIIIIIIIIIIIIIIIIIIIIIIIIIIIIIII
IIIIIIIIIIIIIIIIIIIIIIIIIAA12IIIIIIIIIA12IIIIIIIIIIIIIIIIIIIIIII
IIIIIIIIIIIIIIIIIIIIIIIIAAA12IIIIIIIIIA12IIIIIIIIIIIIIIIIIIIIIII
IIIIIIIIIIIIIIIIIIIIIIIIIIA12IIIIIIIIIIIIIIIIIIIIIIIIIIIIIIIIIII
IIIIIIIIIIIIIIIIIIIIIIIIIAA12IIIIIIIIIIIIIIIIIIIIIIIIIIIIIIIIIII
IIIIIIIIIIIIIIIIIIIIIIIIIAA12IIIIIIIIIA12IIIIIIIIIIIIIIIIIIIIIII
IIIIIIIIIIIIIIIIIIIIIIIIAAA12IIIIIIIIIA12IIIIIIIIIIIIIIIIIIIIIII
IIIIIIIIIIIIIIIIIIIIIIIIIIA12IIIIIIIIIIIIIIIIIIIIIIIIIIIIIIIIIII
IIIIIIIIIIIIIIIIIIIIIIIIIAA12IIIIIIIIIIIIIIIIIIIIIIIIIIIIIIIIIII
IIIIIIIIIIIIIIIIIIIIIIIIIAA12IIIIIIIIIA12IIIIIIIIIIIIIIIIIIIIIII
IIIIIIIIIIIIIIIIIIIIIIIIAAA12IIIIIIIIIA12IIIIIIIIIIIIIIIIIIIIIII
IIIIIIIIIIIIIIIIIIIIIIIIIIA12IIIIIIIIIIIIIIIIIIIIIIIIIIIIIIIIIII
IIIIIIIIIIIIIIIIIIIIIIIIIAA12IIIIIIIIIIIIIIIIIIIIIIIIIIIIIIIIIII
IIIIIIIIIIIIIIIIIIIIIIIIIAA12IIIIIIIIIA12IIIIIIIIIIIIIIIIIIIIIII
IIIIIIIIIIIIIIIIIIIIIIIIAAA12IIIIIIIIIA12IIIIIIIIIIIIIIIIIIIIIII
IIIIIIIIIIIIIIIIIIIIIIIIIIIIIIIIIIIIIIA12IIIIIIIIIIIIIIIIIIIIIII
IIIIIIIIIIIIIIIIIIIIIIIIA12IIIIIIIIIIIA12IIIIIIIIIIIIIIIIIIIIIII
IIIIIIIIIIIIIIIIIIIIIIIIIIA12IIIIIIIIIIIIIIIIIIIIIIIIIIIIIIIIIII
IIIIIIIIIIIIIIIIIIIIIIIIIAA12IIIIIIIIIIIIIIIIIIIIIIIIIIIIIIIIIII
IIIIIIIIIIIIIIIIIIIIIIIIIAA12IIIIIIIIIA12IIIIIIIIIIIIIIIIIIIIIII
IIIIIIIIIIIIIIIIIIIIIIIIAAA12IIIIIIIIIA12IIIIIIIIIIIIIIIIIIIIIII
IIIIIIIIIIIIIIIIIIIIIIIIIIA12IIIIIIIIIIIIIIIIIIIIIIIIIIIIIIIIIII
IIIIIIIIIIIIIIIIIIIIIIIIIAA12IIIIIIIIIIIIIIIIIIIIIIIIIIIIIIIIIII
IIIIIIIIIIIIIIIIIIIIIIIIIAA12IIIIIIIIIA12IIIIIIIIIIIIIIIIIIIIIII
IIIIIIIIIIIIIIIIIIIIIIIIAAA12IIIIIIIIIA12IIIIIIIIIIIIIIIIIIIIIII
IIIIIIIIIIIIIIIIIIIIIIIIIIA12IIIIIIIIIIIIIIIIIIIIIIIIIIIIIIIIIII
IIIIIIIIIIIIIIIIIIIIIIIIIAA12IIIIIIIIIIIIIIIIIIIIIIIIIIIIIIIIIII
IIIIIIIIIIIIIIIIIIIIIIIIIAA12IIIIIIIIIA12IIIIIIIIIIIIIIIIIIIIIII
IIIIIIIIIIIIIIIIIIIIIIIIAAA12IIIIIIIIIA12IIIIIIIIIIIIIIIIIIIIIII
IIIIIIIIIIIIIIIIIIIIIIIIIIA12IIIIIIIIIIIIIIIIIIIIIIIIIIIIIIIIIII
IIIIIIIIIIIIIIIIIIIIIIIIIAA12IIIIIIIIIIIIIIIIIIIIIIIIIIIIIIIIIII
IIIIIIIIIIIIIIIIIIIIIIIIIAA12IIIIIIIIIA12IIIIIIIIIIIIIIIIIIIIIII
IIIIIIIIIIIIIIIIIIIIIIIIAAA12IIIIIIIIIA12IIIIIIIIIIIIIIIIIIIIIII
IIIIIIIIIIIIIIIIIIIIIIIIIIA12IIIIIIIIIIIIIIIIIIIIIIIIIIIIIIIIIII
IIIIIIIIIIIIIIIIIIIIIIIIIAA12IIIIIIIIIIIIIIIIIIIIIIIIIIIIIIIIIII
IIIIIIIIIIIIIIIIIIIIIIIIIAA12IIIIIIIIIA12IIIIIIIIIIIIIIIIIIIIIII
IIIIIIIIIIIIIIIIIIIIIIIIAAA12IIIIIIIIIA12IIIIIIIIIIIIIIIIIIIIIII
IIIIIIIIIIIIIIIIIIIIIIIIAAA12IIIIIIIIIA112IIIIIIIIIIIIIIIIIIIIII
IIIIIIIIIIIIIIIIIIIIIIIIAAA112IIIIIIIIA112IIIIIIIIIIIIIIIIIIIIII
IIIIIIIIIIIIIIIIIIIIIIIIIIA112IIIIIIIIIIIIIIIIIIIIIIIIIIIIIIIIII
IIIIIIIIIIIIIIIIIIIIIIIIIAA112IIIIIIIIIIIIIIIIIIIIIIIIIIIIIIIIII
IIIIIIIIIIIIIIIIIIIIIIIIIAA112IIIIIIIIA112IIIIIIIIIIIIIIIIIIIIII
IIIIIIIIIIIIIIIIIIIIIIIIAAA112IIIIIIIIA112IIIIIIIIIIIIIIIIIIIIII
IIIIIIIIIIIIIIIIIIIIIIIIIIA1IIIIIIIIIIIIIIIIIIIIIIIIIIIIIIIIIIII
IIIIIIIIIIIIIIIIIIIIIIIIIAA1IIIIIIIIIIIIIIIIIIIIIIIIIIIIIIIIIIII
IIIIIIIIIIIIIIIIIIIIIIIIIAA1IIIIIIIIIIA1IIIIIIIIIIIIIIIIIIIIIIII
IIIIIIIIIIIIIIIIIIIIIIIIAAA1IIIIIIIIIIA1IIIIIIIIIIIIIIIIIIIIIIII
IIIIIIIIIIIIIIIIIIIIIIIIIIIIIIIIIIIIIIA1IIIIIIIIIIIIIIIIIIIIIIII
IIIIIIIIIIIIIIIIIIIIIIIIA1IIIIIIIIIIIIA1IIIIIIIIIIIIIIIIIIIIIIII
IIIIIIIIIIIIIIIIIIIIIIIIA1A12IIIIIIIIIA1IIIIIIIIIIIIIIIIIIIIIIII
IIIIIIIIIIIIIIIIIIIIIIIIA1A12IIIIIIIIIA12IIIIIIIIIIIIIIIIIIIIIII
IIIIIIIIIIIIIIIIIIIIIIIIIIIIIIIIIIIIIIIIIIIIIIAIIIIIIIIIIIIIIIII
IIIIIIIIIIIIIIIIIIIIIIIIIIIIIIIIIIIIIIIIIIIIIIAIIIIIIAIIIIIIIIII
IIIIIIIIIIIIIIIIIIIIIIIIIIIIIIA1222IIIIIIIIIIIIIIIIIIIIIIIIIIIII
IIIIIIIIIIIIIIIIIIIIIIIIIIIIIIA1222IIIIIIIIIIIIIIIIIIIIIIIIA1222
IIIIIIIIIIIIIIIIIIIIIIIIIIIIIIIIIIIIIIIIIIIIIIIIIIIIIIIIA11111II
IIIIIIIIIIIIIIIIIIIIIIIIIIIIIIIIIIIIIIIIIIIIIIIIIIIIIIIAA11111II
IIIIIIIIIIIIIIIIIIIIIIIIIIIIIIIIIIIIIIIIIIIIIIIIIIIIIIAAA11111II
IIIIIIIIIIIIIIIIIIIIIIIIIIIIIIIIIIIIIIIIIIIIIIIIIIIIIIIIA1IIIII2
IIIIIIIIIIIIIIIIIIIIIIIIIIIIIIIIIIIIIIIIIIIIIIIIIIIIIIIAA1IIII22
IIIIIIIIIIIIIIIIIIIIIIIIIIAIIIIIIIIIIIIIIIIIII2IIIIIIIIAA1IIII22
AIIIIIIIIIIIIIIIIIII2IIIIIAIIIIIIIIIIIIIIIIIII2IIIIIIIIAA1IIII22
A2IIIIIIIII2IIIIIIII2IIIIIAIIIIIIIIIIIIIIIIIII2IIIIIIIIAA1IIII22
A2IIIIIIIII2IIIIIIII2IIIIIA2IIIIIIIII2IIIIIIII2IIIIIIIIAA1IIII22
A2IIIIIIIII2IIIIIIII2IIIIIA1IIIIIIIII1IIIIIIII12IIIIIIIAA1IIII22
A1IIIIIIIII1IIIIIIII12IIIIA1IIIIIIIII1IIIIIIII12IIIIIIIAA1IIII22
A1IIIIIIIII1IIIIIIII12IIIIA1IIIA1IIII1IIII1III12III12IIAA1IIII22
A1IIIIIIIII1IIIIIIII12IIIIAA1IIA1IIII11III1III112II12IIAA1IIII22
A1IIIIIIIIA1III222I212IIIIAA1IIA1IIII11III1III112II12IIAA1IIII22
A1IIIIIIIIA1III222I212IIIIAA1IIA122I211III1III112II12IIAA1IIII22
A1IIIIIIIIA1III222I212IIIIAAAIIA1222211III1III112II12IIAA1IIII22
A1IIIIIIIIA1III222I212IIIIAAAIIA1222211III1AII1122212IIAA1IIII22
A1IIIIIIIIA1III222I212IIIIAAAIIA1222211III1AAI11222122IAA1IIII22
A1IIIIIIIIA1III222I212IIIIAAAIIA1222211IAI1AA211222122IAA1IIII22
A1III222I2A1III222I212IIIIAAAIIA1222211IAI1AA211222122IAA1IIII22
AAIII22222A1III222I212IIIIAAAIIA1222211IAI1AA211222122IAA1IIII22
AAIII22222A1III222I212IIIIAAAIAA12222112AI1AA211222122IAA1IIII22
AAIII22222A1III222I212IIIIAAAIAA12222112AI1AA211222122AAA1I22222
AAIII22222A1III222I212IIIIAAAIAA12222112AI1AAA11222122AAA1I22222
AAIII22222A1III222I212IIIIAAAIAA12222112AI1AAAA1222122AAA1I22222
AAIII22222A1III222I212IA2IAAAIAA12222112AI1AAAA1222122AAA1I22222
AAIII22222A1III222I2A2IA2IAAAIAA12222112AI1AAAA1222122AAA1I22222
AAIII22222A1III222I2A2IA2IAAAIAA12222112AI1AAAA122A122AAA1I22222
AAIII22222A1III222I2A2IA2IAAAIAA12222112AI1AAAA12AA122AAA1I22222
AAIII22222A1III222I2A2IA2IAAAIAA12222112AI1AAAA1AAA122AAA1I22222
AAIII22222A1III222I2A1IA2IAAAIAA12222112AI1AAAA1AAA122AAA1I22222
AAIII22222A1III222I2A1IAA1AAAIAA12222112AI1AAAA1AAA122AAA1I22222
AAIII22222A1III222I2A1IAA1AAAIAA12222112AI1AAAA1AAAA12AAA1I22222
AAIII22222A1III222I2A1IAA1AAA2AA12222112AI1AAAA1AAAA12AAA1I22222
IIIIIIIIIIIIIIIIIIIIIIIIIIAIIIIIIIIIIIIIIIIIIIIIIIIIIIIIIIIIIIII
IIIIIIIIIIIIIIIIIIIIIIIIIIAIIIIIIIIIIIAIIIIIIIIIIIIIIIIIIIIIIIII
IIIIIIIIIIIIIIIIIIIIIIIIIIA1IIIIIIIIIIAIIIIIIIIIIIIIIIIIIIIIIIII
IIIIIIIIIIIIIIIIIIIIIIIIIIA1IIIIIIIIIIA1IIIIIIIIIIIIIIIIIIIIIIII
IIIIIIIIIIIIIIIIIIIIIIIIA1A1IIIIIIIIIIA1IIIIIIIIIIIIIIIIIIIIIIII
IIIIIIIIIIIIIIIIIIIIIIIIAAA1IIIIIIIIIIA1IIIIIIIIIIIIIIIIIIIIIIII
IIIIIIIIIIIIIIIIIIIIIIIIAAA12IIIIIIIIIA1IIIIIIIIIIIIIIIIIIIIIIII
IIIIIIIIIIIIIIIIIIIIIIIIAAA12IIIIIIIIIA12IIIIIIIIIIIIIIIIIIIIIII
IIIIIIIIIIIIIIIIIIIIIIIIIIIIIIIIIIIIIIA1IIIIIIIIIIIIIIIIIIIIIIII
IIIIIIIIIIIIIIIIIIIIIIIIA1IIIIIIIIIIIIA1IIIIIIIIIIIIIIIIIIIIIIII
IIIIIIIIIIIIIIIIIIIIIIIIA1A1IIIIIIIIIIA1IIIIIIIIIIIIIIIIIIIIIIII
IIIIIIIIIIIIIIIIIIIIIIIIAAA1IIIIIIIIIIA1IIIIIIIIIIIIIIIIIIIIIIII
IIIIIIIIIIIIIIIIIIIIIIIIAAA12IIIIIIIIIA1IIIIIIIIIIIIIIIIIIIIIIII
IIIIIIIIIIIIIIIIIIIIIIIIAAA12IIIIIIIIIA12IIIIIIIIIIIIIIIIIIIIIII
IIIIIIIIIIIIIIIIIIIIIIIIIIIIIIIIIIIIIIAI2IIIIIIIIIIIIIIIIIIIIIII
IIIIIIIIIIIIIIIIIIIIIIIIIAI2IIIIIIIIIIAI2IIIIIIIIIIIIIIIIIIIIIII
IIIIIIIIIIIIIIIIIIIIIIIIIAA22IIIIIIIIIAI2IIIIIIIIIIIIIIIIIIIIIII
IIIIIIIIIIIIIIIIIIIIIIIIIAA12IIIIIIIIIAI2IIIIIIIIIIIIIIIIIIIIIII
IIIIIIIIIIIIIIIIIIIIIIIIIAA12IIIIIIIIIA12IIIIIIIIIIIIIIIIIIIIIII
IIIIIIIIIIIIIIIIIIIIIIIIAAA12IIIIIIIIIA12IIIIIIIIIIIIIIIIIIIIIII
IIIIIIIIIIIIIIIIIIIIIIIIIIIIIIIIIIIIIIA12IIIIIIIIIIIIIIIIIIIIIII
IIIIIIIIIIIIIIIIIIIIIIIIIIA12IIIIIIIIIA12IIIIIIIIIIIIIIIIIIIIIII
IIIIIIIIIIIIIIIIIIIIIIIIIAA12IIIIIIIIIA12IIIIIIIIIIIIIIIIIIIIIII
IIIIIIIIIIIIIIIIIIIIIIIIAAA12IIIIIIIIIA12IIIIIIIIIIIIIIIIIIIIIII
IIIIIIIIIIIIIIIIIIIIIIIIAAA122IIIIIIIIA12IIIIIIIIIIIIIIIIIIIIIII
IIIIIIIIIIIIIIIIIIIIIIIIAAA122IIIIIIIIA122IIIIIIIIIIIIIIIIIIIIII
IIIIIIIIIIIIIIIIIIIIIIIIAAA122IIIIIIIIA122IIIIIIIIIIIA12IIIIIIII
IIIIIIIIIIIIIIIIIIIIIIIAAAA122IIIIIIIIA122IIIIIIIIIIIA12IIIIIIII
IIIIIIIIIIIIIIIIIIIIIIIIIIIIIIIIIIIIIIA2IIIIIIIIIIIIIIIIIIIIIIII
IIIIIIIIIIIIIIIIIIIIIIIIA2IIIIIIIIIIIIA2IIIIIIIIIIIIIIIIIIIIIIII
IIIIIIIIIIIIIIIIIIIIIIIIA2A2IIIIIIIIIIA2IIIIIIIIIIIIIIIIIIIIIIII
IIIIIIIIIIIIIIIIIIIIIIIIAAA2IIIIIIIIIIA2IIIIIIIIIIIIIIIIIIIIIIII
IIIIIIIIIIIIIIIIIIIIIIIIAAA2IIIIIIIIIIA12IIIIIIIIIIIIIIIIIIIIIII
IIIIIIIIIIIIIIIIIIIIIIIIAAA12IIIIIIIIIA12IIIIIIIIIIIIIIIIIIIIIII
IIIIIIIIIIIIIIIIIIIIIIIIAAA122IIIIIIIIA12IIIIIIIIIIIIIIIIIIIIIII
IIIIIIIIIIIIIIIIIIIIIIIIAAA122IIIIIIIIA122IIIIIIIIIIIIIIIIIIIIII
IIIIIIIIIIIIIIIIIIIIIIIIAAA122IIIIIIIIA111IIIIIIIIIIIIIIIIIIIIII
IIIIIIIIIIIIIIIIIIIIIIIIAAA112I2IIIIIIA111IIIIIIIIIIIIIIIIIIIIII
IIIIIIIIIIIIIIIIIIIIIIIIAAA11112I22IIIA111IIIIIIIIIIIIIIIIIIIIII
IIIIIIIIIIIIIIIIIIIIIIIIAAA11112I22IIIA11112I22IIIIIIIIIIIIIIIII
IIIIIIIIIIIIIIIIIIIIIIIIAAA11112222IIIA11112I22IIIIIIIIIIIIIIIII
IIIIIIIIIIIIIIIIIIIIIIIIAAA11112222IIIA11112222IIIIIIIIIIIIIIIII
IIIIIIIIIIIIIIIIIIIIIIIIAAA111122222IIA11112222IIIIIIIIIIIIIIIII
IIIIIIIIIIIIIIIIIIIIIIIIAAA111122222IIA111122222IIIIIIIIIIIIIIII
IIIIIIIIIIIIIIIIIIIIIIIIIIIIIIAIIIIIIIIIIIIIIIIIIIIIIIIIIIIIIIII
IIIIIIIIIIIIIIIIIIIIIIIIIIIIIIAIIIIIIIIIIIIIIIIIIIIIIIIIIIIAII2I
IIIIIIIIIIIIIIIIIIIIIIIIIIIIIIAIIIIIIIIIIIIIIIIIIIIIIIIAII2A222I
IIIIIIIIIIIIIIIIIIIIIIIIIIIIIIIIIIIIIIAIIIIIIIIIIIIIIIIIIIIIIIII
IIIIIIIIIIIIIIIIIIIIIIIIAIIIIIIIIIIIIIAIIIIIIIIIIIIIIIIIIIIIIIII
IIIIIIIIIIIIIIIIIIIIIIIIAIAIIIIIIIIIIIAIIIIIIIIIIIIIIIIIIIIIIIII
IIIIIIIIIIIIIIIIIIIIIIIIAIAIIIIIIIIIIIA12IIIIIIIIIIIIIIIIIIIIIII
IIIIIIIIIIIIIIIIIIIIIIIIA1AIIIIIIIIIIIA12IIIIIIIIIIIIIIIIIIIIIII
IIIIIIIIIIIIIIIIIIIIIIIIIIIIIIIIIIIIIIA1IIIIIIIIIIIIIIIIIIIIIIII
IIIIIIIIIIIIIIIIIIIIIIIIA1IIIIIIIIIIIIA1IIIIIIIIIIIIIIIIIIIIIIII
IIIIIIIIIIIIIIIIIIIIIIIIA1A1IIIIIIIIIIA1IIIIIIIIIIIIIIIIIIIIIIII
IIIIIIIIIIIIIIIIIIIIIIIIAAA1IIIIIIIIIIA1IIIIIIIIIIIIIIIIIIIIIIII
IIIIIIIIIIIIIIIIIIIIIIIIAAA1IIIIIIIIIIA12IIIIIIIIIIIIIIIIIIIIIII
IIIIIIIIIIIIIIIIIIIIIIIIAAA12IIIIIIIIIA12IIIIIIIIIIIIIIIIIIIIIII
IIIIIIIIIIIIIIIIIIIIIIIIIIIIIIIIIIIIIIA2IIIIIIIIIIIIIIIIIIIIIIII
IIIIIIIIIIIIIIIIIIIIIIIIA2IIIIIIIIIIIIA2IIIIIIIIIIIIIIIIIIIIIIII
IIIIIIIIIIIIIIIIIIIIIIIIIIIIIIIIIIIIIIA2IIIIIIIIIIIIIIIIIIIIIIII
IIIIIIIIIIIIIIIIIIIIIIIIA2IIIIIIIIIIIIA2IIIIIIIIIIIIIIIIIIIIIIII
IIIIIIIIIIIIIIIIIIIIIIIIA2A2IIIIIIIIIIA2IIIIIIIIIIIIIIIIIIIIIIII
IIIIIIIIIIIIIIIIIIIIIIIIA2A12IIIIIIIIIA2IIIIIIIIIIIIIIIIIIIIIIII
IIIIIIIIIIIIIIIIIIIIIIIIA2A12IIIIIIIIIA12IIIIIIIIIIIIIIIIIIIIIII
IIIIIIIIIIIIIIIIIIIIIIIIA1A12IIIIIIIIIA12IIIIIIIIIIIIIIIIIIIIIII
IIIIIIIIIIIIIIIIIIIIIIIIIIA2IIIIIIIIIIIIIIIIIIIIIIIIIIIIIIIIIIII
IIIIIIIIIIIIIIIIIIIIIIIIIIA2IIIIIIIIIIA2IIIIIIIIIIIIIIIIIIIIIIII
IIIIIIIIIIIIIIIIIIIIIIIIA2A2IIIIIIIIIIA2IIIIIIIIIIIIIIIIIIIIIIII
IIIIIIIIIIIIIIIIIIIIIIIIA2A2IIIIIIIIIIA12IIIIIIIIIIIIIIIIIIIIIII
IIIIIIIIIIIIIIIIIIIIIIIIA2A122IIIIIIIIA12IIIIIIIIIIIIIIIIIIIIIII
IIIIIIIIIIIIIIIIIIIIIIIIA2A122IIIIIIIIA122IIIIIIIIIIIIIIIIIIIIII
IIIIIIIIIIIIIIIIIIIIIIIIA1A122IIIIIIIIA122IIIIIIIIIIIIIIIIIIIIII
IIIIIIIIIIIIIIIIIIIIIIIIIIA12IIIIIIIIIIIIIIIIIIIIIIIIIIIIIIIIIII
IIIIIIIIIIIIIIIIIIIIIIIIIAA12IIIIIIIIIIIIIIIIIIIIIIIIIIIIIIIIIII
IIIIIIIIIIIIIIIIIIIIIIIIIAA12IIIIIIIIIA12IIIIIIIIIIIIIIIIIIIIIII
IIIIIIIIIIIIIIIIIIIIIIIIAAA12IIIIIIIIIA12IIIIIIIIIIIIIIIIIIIIIII
IIIIIIIIIIIIIIIIIIIIIIIIIIA12IIIIIIIIIIIIIIIIIIIIIIIIIIIIIIIIIII
IIIIIIIIIIIIIIIIIIIIIIIIIIA12IIIIIIIIIA12IIIIIIIIIIIIIIIIIIIIIII
IIIIIIIIIIIIIIIIIIIIIIIIA1A12IIIIIIIIIA12IIIIIIIIIIIIIIIIIIIIIII
IIIIIIIIIIIIIIIIIIIIIIIIAAA12IIIIIIIIIA12IIIIIIIIIIIIIIIIIIIIIII
IIIIIIIIIIIIIIIIIIIIIIIIAAA12IIIIIIIIIA112IIIIIIIIIIIIIIIIIIIIII
IIIIIIIIIIIIIIIIIIIIIIIIAAA112IIIIIIIIA112IIIIIIIIIIIIIIIIIIIIII
IIIIIIIIIIIIIIIIIIIIIIIIIIIIIIIIIIIIIIA2IIIIIIIIIIIIIIIIIIIIIIII
IIIIIIIIIIIIIIIIIIIIIIIIA2IIIIIIIIIIIIA2IIIIIIIIIIIIIIIIIIIIIIII
IIIIIIIIIIIIIIIIIIIIIIIIA2A12IIIIIIIIIA2IIIIIIIIIIIIIIIIIIIIIIII
IIIIIIIIIIIIIIIIIIIIIIIIA2A12IIIIIIIIIA12IIIIIIIIIIIIIIIIIIIIIII
IIIIIIIIIIIIIIIIIIIIIIIIA1A12IIIIIIIIIA12IIIIIIIIIIIIIIIIIIIIIII
IIIIIIIIIIIIIIIIIIIIIIIIIIA1IIIIIIIIIIIIIIIIIIIIIIIIIIIIIIIIIIII
IIIIIIIIIIIIIIIIIIIIIIIIIIA1IIIIIIIIIIA1IIIIIIIIIIIIIIIIIIIIIIII
IIIIIIIIIIIIIIIIIIIIIIIIA1A1IIIIIIIIIIA1IIIIIIIIIIIIIIIIIIIIIIII
IIIIIIIIIIIIIIIIIIIIIIIIIIA1IIIIIIIIIIIIIIIIIIIIIIIIIIIIIIIIIIII
IIIIIIIIIIIIIIIIIIIIIIIIIIA12IIIIIIIIIIIIIIIIIIIIIIIIIIIIIIIIIII
IIIIIIIIIIIIIIIIIIIIIIIIIIA12IIIIIIIIIA12IIIIIIIIIIIIIIIIIIIIIII
IIIIIIIIIIIIIIIIIIIIIIIIA1A12IIIIIIIIIA12IIIIIIIIIIIIIIIIIIIIIII
IIIIIIIIIIIIIIIIIIIIIIIIIIIIIIIIIIIIIIAIIIIIIIIIIIIIIIIIIIIIIIII
IIIIIIIIIIIIIIIIIIIIIIIIAIIIIIIIIIIIIIAIIIIIIIIIIIIIIIIIIIIIIIII
IIIIIIIIIIIIIIIIIIIIIIIIAIAIIIIIIIIIIIAIIIIIIIIIIIIIIIIIIIIIIIII
IIIIIIIIIIIIIIIIIIIIIIIIAIAIIIIIIIIIIIA12IIIIIIIIIIIIIIIIIIIIIII
IIIIIIIIIIIIIIIIIIIIIIIIA1AIIIIIIIIIIIA12IIIIIIIIIIIIIIIIIIIIIII
IIIIIIIIIIIIIIIIIIIIIIIIA1A12IIIIIIIIIA12IIIIIIIIIIIIIIIIIIIIIII
IIIIIIIIIIIIIIIIIIIIIIIIIIIIIIIIIIIIIIA12IIIIIIIIIIIIIIIIIIIIIII
IIIIIIIIIIIIIIIIIIIIIIIIA12IIIIIIIIIIIA12IIIIIIIIIIIIIIIIIIIIIII
IIIIIIIIIIIIIIIIIIIIIIIIA1A12IIIIIIIIIA12IIIIIIIIIIIIIIIIIIIIIII
IIIIIIIIIIIIIIIIIIIIIIIIA1A12IIIIIIIIIA122IIIIIIIIIIIIIIIIIIIIII
IIIIIIIIIIIIIIIIIIIIIIIIA1A122IIIIIIIIA122IIIIIIIIIIIIIIIIIIIIII
IIIIIIIIIIIIIIIIIIIIIIIIAAA122IIIIIIIIA122IIIIIIIIIIIIIIIIIIIIII
IIIIIIIIIIIIIIIIIIIIIIIIIIIIIIIIIIIIIIA122IIIIIIIIIIIIIIIIIIIIII
IIIIIIIIIIIIIIIIIIIIIIIIA122IIIIIIIIIIA122IIIIIIIIIIIIIIIIIIIIII
IIIIIIIIIIIIIIIIIIIIIIIIA1A122IIIIIIIIA122IIIIIIIIIIIIIIIIIIIIII
IIIIIIIIIIIIIIIIIIIIIIIIIIIIIIIIIIIIIIIIIIIIIIIIIIIIIAIIIIIIIIII
IIIIIIIIIIIIIIIIIIIIIIIA1IIIIIIIIIIIIIIIIIIIIIIIIIIIIAIIIIIIIIII
IIIIIIIIIIIIIIIIIIIIIIIIIIAIIIIIIIIIIIIIIIIIIIIIIIIIIIIIIIIIIIII
IIIIIIIIIIIIIIIIIIIIIIIIIIAIIIIIIIIIIIAIIIIIIIIIIIIIIIIIIIIIIIII
IIIIIIIIIIIIIIIIIIIIIIIIAIAIIIIIIIIIIIAIIIIIIIIIIIIIIIIIIIIIIIII
IIIIIIIIIIIIIIIIIIIIIIIIAIA1IIIIIIIIIIAIIIIIIIIIIIIIIIIIIIIIIIII
IIIIIIIIIIIIIIIIIIIIIIIIAIA1IIIIIIIIIIA12IIIIIIIIIIIIIIIIIIIIIII
IIIIIIIIIIIIIIIIIIIIIIIIAIA12IIIIIIIIIA12IIIIIIIIIIIIIIIIIIIIIII
IIIIIIIIIIIIIIIIIIIIIIIIA1A12IIIIIIIIIA12IIIIIIIIIIIIIIIIIIIIIII
IIIIIIIIIIIIIIIIIIIIIIIIA1A112I2IIIIIIA12IIIIIIIIIIIIIIIIIIIIIII
IIIIIIIIIIIIIIIIIIIIIIIIA1A112I2IIIIIIA112I2IIIIIIIIIIIIIIIIIIII
IIIIIIIIIIIIIIIIIIIIIIIIA1A11222IIIIIIA112I2IIIIIIIIIIIIIIIIIIII
IIIIIIIIIIIIIIIIIIIIIIIIA1A11222IIIIIIA11222IIIIIIIIIIIIIIIIIIII
IIIIIIIIIIIIIIIIIIIIIIIIAAA11222IIIIIIA11222IIIIIIIIIIIIIIIIIIII
IIIIIIIIIIIIIIIIIIIIIIIIAAA11222IIIIIIA1111222IIIIIIIIIIIIIIIIII
IIIIIIIIIIIIIIIIIIIIIIIIAAA1111222IIIIA1111222IIIIIIIIIIIIIIIIII
IIIIIIIIIIIIIIIIIIIIIIIIIIIIIIA1IIIIIIIIIIIIIIIIIIIIIIIIIIIIIIII
IIIIIIIIIIIIIIIIIIIIIIIIIIIIIIA1IIIIIIIIIIIIIIIIIIIIIIIIIIIA11I1
IIIIIIIIIIIIIIIIIIIIIIIIIIIII2AIIIIIIIIIIIIIIIIIIIIIIIIIIIIIIIII
IIIIIIIIIIIIIIIIIIIIIIIIIIIII2AIIIIIIIIIIIIIIIIIIIIIIIIIII2AIIII
IIIIIIIIIIIIIIIIIIIIIIIIIIIII2AIIIIIIIIIIIIIIIIIIIIA112I222AIIII
IIIIIIIIIIIIIIIIIIIIIIIIIIA2IIIIIIIIIIIIIIIIIIIIIIIIIIIIIIIIIIII
IIIIIIIIIIIIIIIIIIIIIIIIIIA2IIIIIIIIIIA2IIIIIIIIIIIIIIIIIIIIIIII
IIIIIIIIIIIIIIIIIIIIIIIIA2A2IIIIIIIIIIA2IIIIIIIIIIIIIIIIIIIIIIII
IIIIIIIIIIIIIIIIIIIIIIIIA2A2IIIIIIIIIIA12IIIIIIIIIIIIIIIIIIIIIII
IIIIIIIIIIIIIIIIIIIIIIIIA1A2IIIIIIIIIIA12IIIIIIIIIIIIIIIIIIIIIII
IIIIIIIIIIIIIIIIIIIIIIIIA1A12IIIIIIIIIA12IIIIIIIIIIIIIIIIIIIIIII
IIIIIIIIIIIIA1IIIIIIIIIIIIIIIIIIIIIIIIIIIIIIIIIIIIIIIIIIIIIIIIII
IIIIIIIIIIIAA1IIIIIIIIIIIIIIIIIIIIIIIIIIIIIIIIIIIIIIIIIIIIIIIIII
IIIIIIIIIIIIIIIIIIIIIIIIIIIIIIA1IIIIIIIIIIIIIIIIIIIIIIIIIIIIIIII
IIIIIIIIIIIIIIIIIIIIIIIIIIIIIIIIIIIIIIA2IIIIIIIIIIIIIIIIIIIIIIII
IIIIIIIIIIIIIIIIIIIIIIIIA2IIIIIIIIIIIIA2IIIIIIIIIIIIIIIIIIIIIIII
IIIIIIIIIIIIIIIIIIIIIIIIA2IIIIIIIIIIIIA1IIIIIIIIIIIIIIIIIIIIIIII
IIIIIIIIIIIIIIIIIIIIIIIIA1IIIIIIIIIIIIA1IIIIIIIIIIIIIIIIIIIIIIII
IIIIIIIIIIIIIIIIIIIIIIIIA1A1IIIIIIIIIIA1IIIIIIIIIIIIIIIIIIIIIIII
IIIIIIIIIIIIIIIIIIIIIIIIA1A12IIIIIIIIIA1IIIIIIIIIIIIIIIIIIIIIIII
IIIIIIIIIIIIIIIIIIIIIIIIA1A12IIIIIIIIIA12IIIIIIIIIIIIIIIIIIIIIII
IIIIIIIIIIIIIIIIIIIIIIIIAAA12IIIIIIIIIA12IIIIIIIIIIIIIIIIIIIIIII
IIIIIIIIIIIIIIIIIIIIIIIIIIA1IIIIIIIIIIIIIIIIIIIIIIIIIIIIIIIIIIII
IIIIIIIIIIIIIIIIIIIIIIIIIIA1IIIIIIIIIIA1IIIIIIIIIIIIIIIIIIIIIIII
IIIIIIIIIIIIIIIIIIIIIIIIA1A1IIIIIIIIIIA1IIIIIIIIIIIIIIIIIIIIIIII
IIIIIIIIIIIIIIIIIIIIIIIIIIIIIIIIIIIIIIAIIIIIIIIIIIIIIIIIIIIIIIII
IIIIIIIIIIIIIIIIIIIIIIIIAIIIIIIIIIIIIIAIIIIIIIIIIIIIIIIIIIIIIIII
IIIIIIIIIIIIIIIIIIIIIIIIAIA1IIIIIIIIIIAIIIIIIIIIIIIIIIIIIIIIIIII
IIIIIIIIIIIIIIIIIIIIIIIIAIA1IIIIIIIIIIA1IIIIIIIIIIIIIIIIIIIIIIII
IIIIIIIIIIIIIIIIIIIIIIIIA1A1IIIIIIIIIIA1IIIIIIIIIIIIIIIIIIIIIIII
IIIIIIIIIIIIIIIIIIIIIIIIIIIIIIIIIIIIIIA1IIIIIIIIIIIIIIIIIIIIIIII
IIIIIIIIIIIIIIIIIIIIIIIIA1IIIIIIIIIIIIA1IIIIIIIIIIIIIIIIIIIIIIII
IIIIIIIIIIIIIIIIIIIIIIIIA1A1IIIIIIIIIIA1IIIIIIIIIIIIIIIIIIIIIIII
IIIIIIIIIIIIIIIIIIIIIIIIAAA1IIIIIIIIIIA1IIIIIIIIIIIIIIIIIIIIIIII
IIIIIIIIIIIIIIIIIIIIIIIIIIIIIIIIIIIIIIA1IIIIIIIIIIIIIIIIIIIIIIII
IIIIIIIIIIIIIIIIIIIIIIIIA1IIIIIIIIIIIIA1IIIIIIIIIIIIIIIIIIIIIIII
IIIIIIIIIIIIIIIIIIIIIIIIIIIIIIIIIIIIIIA1IIIIIIIIIIIIIIIIIIIIIIII
IIIIIIIIIIIIIIIIIIIIIIIIA1IIIIIIIIIIIIA1IIIIIIIIIIIIIIIIIIIIIIII
IIIIIIIIIIIIIIIIIIIIIIIIIIA1IIIIIIIIIIIIIIIIIIIIIIIIIIIIIIIIIIII
IIIIIIIIIIIIIIIIIIIIIIIIIIA1IIIIIIIIIIA1IIIIIIIIIIIIIIIIIIIIIIII
IIIIIIIIIIIIIIIIIIIIIIIIA1A1IIIIIIIIIIA1IIIIIIIIIIIIIIIIIIIIIIII
IIIIIIIIIIIIIIIIIIIIIIIIIIIIIIIIIIIIIIA1IIIIIIIIIIIIIIIIIIIIIIII
IIIIIIIIIIIIIIIIIIIIIIIIA1IIIIIIIIIIIIA1IIIIIIIIIIIIIIIIIIIIIIII
IIIIIIIIIIIIIIIIIIIIIIIIA1A1IIIIIIIIIIA1IIIIIIIIIIIIIIIIIIIIIIII
IIIIIIIIIIIIIIIIIIIIIIIIIIA2IIIIIIIIIIIIIIIIIIIIIIIIIIIIIIIIIIII
IIIIIIIIIIIIIIIIIIIIIIIIIIA2IIIIIIIIIIA2IIIIIIIIIIIIIIIIIIIIIIII
IIIIIIIIIIIIIIIIIIIIIIIIA2A2IIIIIIIIIIA2IIIIIIIIIIIIIIIIIIIIIIII
IIIIIIIIIIIIIIIIIIIIIIIIIIA2IIIIIIIIIIIIIIIIIIIIIIIIIIIIIIIIIIII
IIIIIIIIIIIIIIIIIIIIIIIIIIA12IIIIIIIIIIIIIIIIIIIIIIIIIIIIIIIIIII
IIIIIIIIIIIIIIIIIIIIIIIIIAA12IIIIIIIIIIIIIIIIIIIIIIIIIIIIIIIIIII
IIIIIIIIIIIIIIIIIIIIIIIIIAA12IIIIIIIIIA12IIIIIIIIIIIIIIIIIIIIIII
IIIIIIIIIIIIIIIIIIIIIIIIAAA12IIIIIIIIIA12IIIIIIIIIIIIIIIIIIIIIII
IIIIIIIIIIIIIIIIIIIIIIIIIIIIIIIIIIIIIIA12IIIIIIIIIIIIIIIIIIIIIII
IIIIIIIIIIIIIIIIIIIIIIIIIIA12IIIIIIIIIA12IIIIIIIIIIIIIIIIIIIIIII
IIIIIIIIIIIIIIIIIIIIIIIIA1A12IIIIIIIIIA12IIIIIIIIIIIIIIIIIIIIIII
IIIIIIIIIIIIIIIIIIIIIIIIIIA2IIIIIIIIIIIIIIIIIIIIIIIIIIIIIIIIIIII
IIIIIIIIIIIIIIIIIIIIIIIIIIA2IIIIIIIIIIA2IIIIIIIIIIIIIIIIIIIIIIII
IIIIIIIIIIIIIIIIIIIIIIIIA2A2IIIIIIIIIIA2IIIIIIIIIIIIIIIIIIIIIIII
IIIIIIIIIIIIIIIIIIIIIIIIIIA12IIIIIIIIIIIIIIIIIIIIIIIIIIIIIIIIIII
IIIIIIIIIIIIIIIIIIIIIIIIIIA12IIIIIIIIIA12IIIIIIIIIIIIIIIIIIIIIII
IIIIIIIIIIIIIIIIIIIIIIIIA1A12IIIIIIIIIA12IIIIIIIIIIIIIIIIIIIIIII
IIIIIIIIIIIIIIIIIIIIIIIIIIAIIIIIIIIIIIIIIIIIIIIIIIIIIIIIIIIIIIII
IIIIIIIIIIIIIIIIIIIIIIIIIIAIIIIIIIIIIIA1IIIIIIIIIIIIIIIIIIIIIIII
IIIIIIIIIIIIIIIIIIIIIIIIA1A111111IIIIIA1IIIIIIIIIIIIIIIIIIIIIIII
IIIIIIIIIIIIIIIIIIIIIIIIA1A111111IIIIIA111111111IIIIIIIIIIIIIIII
IIIIIIIIIIIIIIIIIIIIIIIIA1A1111111IIIIA111111111IIIIIIIIIIIIIIII
IIIIIIIIIIIIIIIIIIIIIIIIIIIIIIIIIIIIIIA2IIIIIIIIIIIIIIIIIIIIIIII
IIIIIIIIIIIIIIIIIIIIIIIIA2IIIIIIIIIIIIA2IIIIIIIIIIIIIIIIIIIIIIII
IIIIIIIIIIIIIIIIIIIIIIIIIIIIIIIIIIIIIIA2IIIIIIIIIIIIIIIIIIIIIIII
IIIIIIIIIIIIIIIIIIIIIIIIA2IIIIIIIIIIIIA2IIIIIIIIIIIIIIIIIIIIIIII
IIIIIIIIIIIIIIIIIIIIIIIIIIIIIIIIIIIIIIA1IIIIIIIIIIIIIIIIIIIIIIII
IIIIIIIIIIIIIIIIIIIIIIIIIIA1IIIIIIIIIIA1IIIIIIIIIIIIIIIIIIIIIIII
IIIIIIIIIIIIIIIIIIIIIIIIA1A1IIIIIIIIIIA1IIIIIIIIIIIIIIIIIIIIIIII
IIIIIIIIIIIIIIIIIIIIIIIIIIIIIIIIIIIIIIIIIIIIIIA1IIIIIIIIIIIIIIII
IIIIIIIIIIIIIIIIIIIIIIIIIIIIIIIIIIIIIIIIIIIIIIA1IIIIIA1IIIIIIIII
IIIIIIIIIIIIIIIIIIIIIIIIIIA12IIIIIIIIIIIIIIIIIIIIIIIIIIIIIIIIIII
IIIIIIIIIIIIIIIIIIIIIIIIIIA12IIIIIIIIIA2IIIIIIIIIIIIIIIIIIIIIIII
IIIIIIIIIIIIIIIIIIIIIIIIA2A12IIIIIIIIIA2IIIIIIIIIIIIIIIIIIIIIIII
IIIIIIIIIIIIIIIIIIIIIIIIIIA1IIIIIIIIIIIIIIIIIIIIIIIIIIIIIIIIIIII
IIIIIIIIIIIIIIIIIIIIIIIIIIA1IIIIIIIIIIA1IIIIIIIIIIIIIIIIIIIIIIII
IIIIIIIIIIIIIIIIIIIIIIIIIAA1IIIIIIIIIIA1IIIIIIIIIIIIIIIIIIIIIIII
IIIIIIIIIIIIIIIIIIIIIIIIAAA1IIIIIIIIIIA1IIIIIIIIIIIIIIIIIIIIIIII
IIIIIIIIIIIIIIIIIIIIIIIIIIIIIIIIIIIIIIA12IIIIIIIIIIIIIIIIIIIIIII
IIIIIIIIIIIIIIIIIIIIIIIIIIA12IIIIIIIIIA12IIIIIIIIIIIIIIIIIIIIIII
IIIIIIIIIIIIIIIIIIIIIIIIA1A12IIIIIIIIIA12IIIIIIIIIIIIIIIIIIIIIII
IIIIIIIIIIIIIIIIIIIIIIIIIIA12IIIIIIIIIIIIIIIIIIIIIIIIIIIIIIIIIII
IIIIIIIIIIIIIIIIIIIIIIIIIIA12IIIIIIIIIA12IIIIIIIIIIIIIIIIIIIIIII
IIIIIIIIIIIIIIIIIIIIIIIIA1A12IIIIIIIIIA12IIIIIIIIIIIIIIIIIIIIIII
IIIIIIIIIIIIIIIIIIIIIIIIIIIIIIIIIIIIIIIIIIIIIIAIIIIIIIIIIIIIIIII
IIIIIIIIIIIIIIIIIIIIIIIIIIIIIIIIIIIIIIIIIIIIIIAIIIIIIAIIIIIIIIII
IIIIIIIIIIIIIIIIIIIIIIIIIIA2IIIIIIIIIIIIIIIIIIIIIIIIIIIIIIIIIIII
IIIIIIIIIIIIIIIIIIIIIIIIIIA2IIIIIIIIIIA12IIIIIIIIIIIIIIIIIIIIIII
IIIIIIIIIIIIIIIIIIIIIIIIA1A2IIIIIIIIIIA12IIIIIIIIIIIIIIIIIIIIIII
IIIIIIIIIIIIIIIIIIIIIIIIIIIIIIIIIIIIIIA12IIIIIIIIIIIIIIIIIIIIIII
IIIIIIIIIIIIIIIIIIIIIIIIA12IIIIIIIIIIIA12IIIIIIIIIIIIIIIIIIIIIII
IIIIIIIIIIIIIIIIIIIIIIIIA1A12IIIIIIIIIA12IIIIIIIIIIIIIIIIIIIIIII
IIIIIIIIIIIIIIIIIIIIIIIIA1A122IIIIIIIIA12IIIIIIIIIIIIIIIIIIIIIII
IIIIIIIIIIIIIIIIIIIIIIIIA1A122IIIIIIIIA122IIIIIIIIIIIIIIIIIIIIII
IIIIIIIIIIIIIIIIIIIIIIIIA1A112IIIIIIIIA122IIIIIIIIIIIIIIIIIIIIII
IIIIIIIIIIIIIIIIIIIIIIIIA1A112IIIIIIIIA1122IIIIIIIIIIIIIIIIIIIII
IIIIIIIIIIIIIIIIIIIIIIIIA1A1122IIIIIIIA1122IIIIIIIIIIIIIIIIIIIII
IIIIIIIIIIIIIIIIIIIIIIIIIIIIIIIIIIIIIIA1122IIIIIIIIIIIIIIIIIIIII
IIIIIIIIIIIIIIIIIIIIIIIIA1122IIIIIIIIIA1122IIIIIIIIIIIIIIIIIIIII
IIIIIIIIIIIIIIIIIIIIIIIIA1A1122IIIIIIIA1122IIIIIIIIIIIIIIIIIIIII
IIIIIIIIIIIIIIIIIIIIIIIIIIIIIIIIIIIIIIA1122IIIIIIIIIIIIIIIIIIIII
IIIIIIIIIIIIIIIIIIIIIIIIA1122IIIIIIIIIA1122IIIIIIIIIIIIIIIIIIIII
IIIIIIIIIIIIIIIIIIIIIIIIA1A12IIIIIIIIIA1122IIIIIIIIIIIIIIIIIIIII
IIIIIIIIIIIIIIIIIIIIIIIIIIIIIIIIIIIIIIA12IIIIIIIIIIIIIIIIIIIIIII
IIIIIIIIIIIIIIIIIIIIIIIIA12IIIIIIIIIIIA12IIIIIIIIIIIIIIIIIIIIIII
IIIIIIIIIIIIIIIIIIIIIIIIIIIIIIIIIIIIIIA12IIIIIIIIIIIIIIIIIIIIIII
IIIIIIIIIIIIIIIIIIIIIIIIA12IIIIIIIIIIIA12IIIIIIIIIIIIIIIIIIIIIII
IIIIIIIIIIIIIIIIIIIIIIIIA1A12IIIIIIIIIA12IIIIIIIIIIIIIIIIIIIIIII
IIIIIIIIIIIIIIIIIIIIIIIIIIIIIIIIIIIIIIA12IIIIIIIIIIIIIIIIIIIIIII
IIIIIIIIIIIIIIIIIIIIIIIIIIA12IIIIIIIIIA12IIIIIIIIIIIIIIIIIIIIIII
IIIIIIIIIIIIIIIIIIIIIIIIA1A12IIIIIIIIIA12IIIIIIIIIIIIIIIIIIIIIII
IIIIIIIIIIIIIIIIIIIIIIIIAAA12IIIIIIIIIA12IIIIIIIIIIIIIIIIIIIIIII
IIIIIIIIIIIIA1IIIIIIIIIIIIIIIIIIIIIIIIIIIIIIIIIIIIIIIIIIIIIIIIII
IIIIIIIIIIIAA1IIIIIIIIIIIIIIIIIIIIIIIIIIIIIIIIIIIIIIIIIIIIIIIIII
IIIIIIIIIIIIIIIIIIIIIIIIIIIIIIA1IIIIIIIIIIIIIIIIIIIIIIIIIIIIIIII
IIIIIIIIIIIIIIIIIIIIIIIIIIIIIIIIIIIIIIIIII2AIIIIIIIIIIIIIIIIIIII
IIIIIIIIIIIIIIIIIIIIIIIIIIIIIIA1II2I22I22I2AIIIIIIIIIIIIIIIIIIII
IIIIIIIIIIIIIIIIIIIIIIIIIIIIIIA1II2I22I22I2AIIIIIIIIIIIAIIIIIIII
IIIIIIIIIIIIIIIIIIIIIIIIIIIIIIA1II2I22I22I2AIIIIIIIIIIIAAIIIIIII
IIIIIIIIIIIIIIIIIIIIIIIIIIIIIIA1II2I22I22I2AIIIIIIIIIIIAAII2I22I
IIIIIIIIIIIIIIIIIIIIIIIIIIIIIIA1II2I22I22I2AIIIIIIIIIIIAA1I22222
IIIIIIIIIIIIIIIIIIIIIIIIIIIIIIA1II2I22I22I2AIIIIIIIIIIAAA1222222
IIIIIIIIIIIIIIIIIIIIIIIA12IIIIIIIIIIIIIIIIIIIIIIIIIIIIIIIIIIIIII
IIIIIIIIIIIIIIIIIIIIIIIA12IIIIIIIIIIIIIIIIIIIIIIIIIIIIA12IIIIIII
IIIIIIIIIIIIIIIIIIIIIIIIIIIIIIIIIIIIIIIIIIIIIIIIIIIIIIIIA2IIIIII
IIIIIIIIIIIIIIIIIIIIIIIIIIIIIIIIIIIIIIIIIIIIIIIIIIIIIIA2A2IIIIII
IIIIIIIIIIIIIIIIIIIIIIIIIIIIIIIIIIIIIIIIIIIIIIIIIIIIIIIIA12I2III
IIIIIIIIIIIIIIIIIIIIIIIIIIIIIIIIIIIIIIIIIIIIIIIIIIIIIIIAA1222III
IIIIIIIIIIIIIIIIIIIIIIIIIIA12I2IIIIIIIIIIIIIIIIIIIIIIIIAA1222III
IIIIIIIIIIIIIIIIIIIIIIIIIAA1222IIIIIIIIIIIIIIIIIIIIIIIIAA1222III
A12I2IIIIIIIIIIIIIIIIIIIIAA1222IIIIIIIIIIIIIIIIIIIIIIIIAA1222III
A12I2IIIIIIIIIIIIIIIIIIIIAA1222A12I2IIIIIIIIIIIIIIIIIIIAA1222III
A12I2IIIIIIIIIIIIIIIIIIIIAAA122A12I2IIIIIIIIIIIIIIIIIIIAA1222III
A12I2IIIIIA12I2IIIIIIIIIIAAA122A12I2IIIIIIIIIIIIIIIIIIIAA1222III
A12I2IIIIIA12I2IIIIIIIIIIAAAA12A12I2IIIIIIIIIIIIIIIIIIIAA1222III
A12I2IIIIIA12I2IIIIIIIIIIAAAA12A12I2IIIIIIIA12I2IIIIIIIAA1222III
A12I2IIIIIA12I2IIIIIIIIIIAAAA12A12I2IIIIIIIAA1222IIIIIIAA1222III
A12I2IIIIIA12I2IIIIIIIIIIAAAA12A12I2IIIIIIIAA1222IIIIIIAA1A12I2I
AA1222IIIIA12I2IIIIIIIIIIAAAA12A12I2IIIIIIIAA1222IIIIIIAA1A12I2I
AA1222IIIIA12I2IIIIIIIIIIAAAA1AA1222IIIIIIIAA1222IIIIIIAA1A12I2I
AA1222IIIIA12I2IIIIIIIIIIAAAA1AA1222IIIIIIIAA1222IIIIIAAA1A12I2I
AA1222IIIIA12I2IIIIIIIIIIAAAA1AA1222IIIIIIIAAA222IIIIIAAA1A12I2I
AA1222IIIIA12I2IIIIIIIIIIAAAA1AA1222IIIIIIIAAAA22IIIIIAAA1A12I2I
AA1222IIIIA12IAIIIIIIIIIIAAAA1AA1222IIIIIIIAAAA22IIIIIAAA1A12I2I
AA1222IIIIA12IA112IIIIIIIAAAA1AA1222IIIIIIIAAAA22IIIIIAAA1A12I2I
AA1222IIIIA12IAA12IIIIIIIAAAA1AA1222IIIIIIIAAAA22IIIIIAAA1A12I2I
AA1222IIIIA12AAA122IIIIIIAAAA1AA1222IIIIIIIAAAA22IIIIIAAA1A12I2I
AA1222IIIIA12AAA122IIIIA2AAAA1AA1222IIIIIIIAAAA22IIIIIAAA1A12I2I
AA1222IIIIA12AAA122IA2IA2AAAA1AA1222IIIIIIIAAAA22IIIIIAAA1A12I2I
AA1222IIIIA12AAA122IA2IA2AAAA1AA1222IIIIIIIAAAA22IA2IIAAA1A12I2I
AA1222IIIIA12AAA122IA2IA2AAAA1AA1222IIIIIIIAAAA22AA2IIAAA1A12I2I
AA1222IIIIA12AAA122IA2IA2AAAA1AA1222IIIIIIIAAAA2AAA2IIAAA1A12I2I
AA1222IIIIA12AAA122IA2IAAAAAA1AA1222IIIIIIIAAAA2AAA2IIAAA1A12I2I
AA1222IIIIA12AAA122IA2IAAAAAA1AA1222IIIIIIIAAAA2AAAA2IAAA1A12I2I
AA1222IIIIA12AAA122IA2IAAAAAA1AA1222IIIIIIIAAAA2AAAA11AAA1A12I2I
IIIIIIIIIIIIIIIIIIIIIIIIIIAIIIIIIIIIIIIIIIIIIIIIIIIIIIIIIIIIIIII
IIIIIIIIIIIIIIIIIIIIIIIIIIAIIIIIIIIIIIA1IIIIIIIIIIIIIIIIIIIIIIII
IIIIIIIIIIIIIIIIIIIIIIIIA1AIIIIIIIIIIIA1IIIIIIIIIIIIIIIIIIIIIIII
IIIIIIIIIIIIIIIIIIIIIIIIIIIIIIIIIIIIIIA1IIIIIIIIIIIIIIIIIIIIIIII
IIIIIIIIIIIIIIIIIIIIIIIIA1IIIIIIIIIIIIA1IIIIIIIIIIIIIIIIIIIIIIII
IIIIIIIIIIIIIIIIIIIIIIIIIIA1IIIIIIIIIIIIIIIIIIIIIIIIIIIIIIIIIIII
IIIIIIIIIIIIIIIIIIIIIIIIIIA1IIIIIIIIIIA1IIIIIIIIIIIIIIIIIIIIIIII
IIIIIIIIIIIIIIIIIIIIIIIIA1A1IIIIIIIIIIA1IIIIIIIIIIIIIIIIIIIIIIII
IIIIIIIIIIIIIIIIIIIIIIIIIIA1IIIIIIIIIIIIIIIIIIIIIIIIIIIIIIIIIIII
IIIIIIIIIIIIIIIIIIIIIIIIIIA1IIIIIIIIIIA1IIIIIIIIIIIIIIIIIIIIIIII
IIIIIIIIIIIIIIIIIIIIIIIIA1A1IIIIIIIIIIA1IIIIIIIIIIIIIIIIIIIIIIII
IIIIIIIIIIIIIIIIIIIIIIIIIIA1IIIIIIIIIIIIIIIIIIIIIIIIIIIIIIIIIIII
IIIIIIIIIIIIIIIIIIIIIIIIIIA1IIIIIIIIIIA1IIIIIIIIIIIIIIIIIIIIIIII
IIIIIIIIIIIIIIIIIIIIIIIIA1A1IIIIIIIIIIA1IIIIIIIIIIIIIIIIIIIIIIII
IIIIIIIIIIIIIIIIIIIIIIIIIIA1IIIIIIIIIIIIIIIIIIIIIIIIIIIIIIIIIIII
IIIIIIIIIIIIIIIIIIIIIIIIIIA1IIIIIIIIIIA1IIIIIIIIIIIIIIIIIIIIIIII
IIIIIIIIIIIIIIIIIIIIIIIIA1A1IIIIIIIIIIA1IIIIIIIIIIIIIIIIIIIIIIII
IIIIIIIIIIIIIIIIIIIIIIIIAAA1IIIIIIIIIIA1IIIIIIIIIIIIIIIIIIIIIIII
IIIIIIIIIIIIIIIIIIIIIIIIIIIIIIIIIIIIIIA1IIIIIIIIIIIIIIIIIIIIIIII
IIIIIIIIIIIIIIIIIIIIIIIIA1IIIIIIIIIIIIA1IIIIIIIIIIIIIIIIIIIIIIII
IIIIIIIIIIIIIIIIIIIIIIIIIIA1IIIIIIIIIIIIIIIIIIIIIIIIIIIIIIIIIIII
IIIIIIIIIIIIIIIIIIIIIIIIIIA1IIIIIIIIIIA1IIIIIIIIIIIIIIIIIIIIIIII
IIIIIIIIIIIIIIIIIIIIIIIIA1A1IIIIIIIIIIA1IIIIIIIIIIIIIIIIIIIIIIII
IIIIIIIIIIIIIIIIIIIIIIIIAAA1IIIIIIIIIIA1IIIIIIIIIIIIIIIIIIIIIIII
IIIIIIIIIIIIIIIIIIIIIIIIAAA1IIIIIIIIIIA122IIIIIIIIIIIIIIIIIIIIII
IIIIIIIIIIIIIIIIIIIIIIIIAAA122IIIIIIIIA122IIIIIIIIIIIIIIIIIIIIII
IIIIIIIIIIIIIIIIIIIIIIIIIIIIIIIIIIIIIIA122IIIIIIIIIIIIIIIIIIIIII
IIIIIIIIIIIIIIIIIIIIIIIIIIA122IIIIIIIIA122IIIIIIIIIIIIIIIIIIIIII
IIIIIIIIIIIIIIIIIIIIIIIIA1A122IIIIIIIIA122IIIIIIIIIIIIIIIIIIIIII
IIIIIIIIIIIIIIIIIIIIIIIIAAA122IIIIIIIIA122IIIIIIIIIIIIIIIIIIIIII
IIIIIIIIIIIIIIIIIIIIIIIIIIA1IIIIIIIIIIIIIIIIIIIIIIIIIIIIIIIIIIII
IIIIIIIIIIIIIIIIIIIIIIIIIIA1IIIIIIIIIIA2IIIIIIIIIIIIIIIIIIIIIIII
IIIIIIIIIIIIIIIIIIIIIIIIA2A1IIIIIIIIIIA2IIIIIIIIIIIIIIIIIIIIIIII
IIIIIIIIIIIIIIIIIIIIIIIIA2A122IIIIIIIIA2IIIIIIIIIIIIIIIIIIIIIIII
IIIIIIIIIIIIIIIIIIIIIIIIAAA122IIIIIIIIA2IIIIIIIIIIIIIIIIIIIIIIII
IIIIIIIIIIIIIIIIIIIIIIIIAAA122IIIIIIIIA122IIIIIIIIIIIIIIIIIIIIII
IIIIIIIIIIIIIIIIIIIIIIIIIIIIIIIIIIIIIIA12IIIIIIIIIIIIIIIIIIIIIII
IIIIIIIIIIIIIIIIIIIIIIIIA12IIIIIIIIIIIA12IIIIIIIIIIIIIIIIIIIIIII
IIIIIIIIIIIIIIIIIIIIIIIIIIIIIIIIIIIIIIA12IIIIIIIIIIIIIIIIIIIIIII
IIIIIIIIIIIIIIIIIIIIIIIIA12IIIIIIIIIIIA12IIIIIIIIIIIIIIIIIIIIIII
IIIIIIIIIIIIIIIIIIIIIIIIA1A12IIIIIIIIIA12IIIIIIIIIIIIIIIIIIIIIII
IIIIIIIIIIIIIIIIIIIIIIIIA1A12IIIIIIIIIA1222IIIIIIIIIIIIIIIIIIIII
IIIIIIIIIIIIIIIIIIIIIIIIA1A1222IIIIIIIA1222IIIIIIIIIIIIIIIIIIIII
IIIIIIIIIIIIIIIIIIIIIIIIIIIIIIIIIIIIIIIIIIIIIIA1IIIIIIIIIIIIIIII
IIIIIIIIIIIIIIIIIIIIIIIIIIIIIIIIIIIIIIIIIIIIIIA1IIIIIA1IIIIIIIII
IIIIIIIIIIIIIIIIIIIIIIIIIIIIIIIIIIIIIIA1IIIIIIIIIIIIIIIIIIIIIIII
IIIIIIIIIIIIIIIIIIIIIIIIA1IIIIIIIIIIIIA1IIIIIIIIIIIIIIIIIIIIIIII
IIIIIIIIIIIIIIIIIIIIIIIIA1A2IIIIIIIIIIA1IIIIIIIIIIIIIIIIIIIIIIII
IIIIIIIIIIIIIIIIIIIIIIIIA1A12IIIIIIIIIA1IIIIIIIIIIIIIIIIIIIIIIII
IIIIIIIIIIIIIIIIIIIIIIIIA1A12IIIIIIIIIA12IIIIIIIIIIIIIIIIIIIIIII
IIIIIIIIIIIIIIIIIIIIIIIIIIIIIIIIIIIIIIA12IIIIIIIIIIIIIIIIIIIIIII
IIIIIIIIIIIIIIIIIIIIIIIIA12IIIIIIIIIIIA12IIIIIIIIIIIIIIIIIIIIIII
IIIIIIIIIIIIIIIIIIIIIIIIA12IIIIIIIIIIIA122IIIIIIIIIIIIIIIIIIIIII
IIIIIIIIIIIIIIIIIIIIIIIIA122IIIIIIIIIIA122IIIIIIIIIIIIIIIIIIIIII
IIIIIIIIIIIIIIIIIIIIIIIIA1A1I2IIIIIIIIA122IIIIIIIIIIIIIIIIIIIIII
IIIIIIIIIIIIIIIIIIIIIIIIIIIIIIIIIIIIIIIIIIIIIIAIIIIIIIIIIIIIIIII
IIIIIIIIIIIIIIIIIIIIIIIIIIIIIIIIIIIIIIIIIIIIIIAIIIIIIAIIIIIIIIII
IIIIIIIIIIIIIIIIIIIIIIIIIIIIIIIIIIIIIIAIIIIIIIIIIIIIIIIIIIIIIIII
IIIIIIIIIIIIIIIIIIIIIIIIAIIIIIIIIIIIIIAIIIIIIIIIIIIIIIIIIIIIIIII
IIIIIIIIIIIIIIIIIIIIIIIIAIIIIIIIIIIIIIA12IIIIIIIIIIIIIIIIIIIIIII
IIIIIIIIIIIIIIIIIIIIIIIIA12IIIIIIIIIIIA12IIIIIIIIIIIIIIIIIIIIIII
IIIIIIIIIIIIIIIIIIIIIIIIA1A12IIIIIIIIIA12IIIIIIIIIIIIIIIIIIIIIII
IIIIIIIIIIIIIIIIIIIIIIIIIIIIIIIIIIIIIIA12IIIIIIIIIIIIIIIIIIIIIII
IIIIIIIIIIIIIIIIIIIIIIIIA12IIIIIIIIIIIA12IIIIIIIIIIIIIIIIIIIIIII
IIIIIIIIIIIIIIIIIIIIIIIIA12IIIIIIIIIIIA122IIIIIIIIIIIIIIIIIIIIII
IIIIIIIIIIIIIIIIIIIIIIIIA1A122IIIIIIIIA122IIIIIIIIIIIIIIIIIIIIII
IIIIIIIIIIIIIIIIIIIIIIIIIIIIIIIIIIIIIIA12IIIIIIIIIIIIIIIIIIIIIII
IIIIIIIIIIIIIIIIIIIIIIIIA12IIIIIIIIIIIA12IIIIIIIIIIIIIIIIIIIIIII
IIIIIIIIIIIIIIIIIIIIIIIIA1A12IIIIIIIIIA12IIIIIIIIIIIIIIIIIIIIIII
IIIIIIIIIIIIIIIIIIIIIIIIAAA12IIIIIIIIIA12IIIIIIIIIIIIIIIIIIIIIII
IIIIIIIIIIIIIIIIIIIIIIIIIIIIIIIIIIIIIIA12IIIIIIIIIIIIIIIIIIIIIII
IIIIIIIIIIIIIIIIIIIIIIIIIIA12IIIIIIIIIA12IIIIIIIIIIIIIIIIIIIIIII
IIIIIIIIIIIIIIIIIIIIIIIIA1A12IIIIIIIIIA12IIIIIIIIIIIIIIIIIIIIIII
IIIIIIIIIIIIIIIIIIIIIIIIA1A122IIIIIIIIA12IIIIIIIIIIIIIIIIIIIIIII
IIIIIIIIIIIIIIIIIIIIIIIIA1A122IIIIIIIIA122IIIIIIIIIIIIIIIIIIIIII
IIIIIIIIIIIIIIIIIIIIIIIIIIIIIIIIIIIIIIIIIIIA12IIIIIIIIIIIIIIIIII
IIIIIIIIIIIIIIIIIIIIIIIIIIIIIIA12IIIIIIIIIIA12IIIIIIIIIIIIIIIIII
IIIIIIIIIIIIIIIIIIIIIIIIIIIIIIIIIIIIIIIIIIIAIIIIII2IIIII22IIIII2
IIIIIIIIIIIIIIIIIIIIIIIIIIIIIIIIIIIIIIIIIIIAIIIAII2IIIII22IIIII2
IIIIIIIIIIIIIIIIIIIIIIIIIIIIIIIIIIIIIIIIIIIAIIIAII2III2I22IIIII2
IIIIIIIIIIIIIIIIIIIIIIIIIIIIIIIIIIIIIIIIIIIAIIIAII2III2I22II22I2
IIIIIIIIIIIIIIIIIIIIIIIIIIIIIIIIIIIIIIIIIIIAIIIAAI2III2222II2222
IIIIIIIIIIIIIIIIIIIIIIIIIIIIIIIIIIIIIIIIIIIAIIIAAI2III2A22II2222
IIIIIIIIIIIIIIIIIIIIIIIIIIIIIIIIIIIIIIIIIIIAIIIAAI2III2AA2II2222
IIIIIIIIIIIIIIIIIIIIIIIIIIIIIIIIIIIIIIIIIIIAIIIAAI2IIIAAA2II2222
IIIIIIIIIIIIIIIIIIIIIIIA12IIIIIIIIIIIIIIIIIIIIIIIIIIIIIIIIIIIIII
IIIIIIIIIIIIIIIIIIIIIIIA12IIIIIIIIIIIIIIIIIIIIIIIIIIIIAII1I2I22I
IIIIIIIIIIIIIIIIIIIIIIIIIIIIIIIIIIIIIIIIIIIIIIIIIIIIIIIIA12IIIII
IIIIIIIIIIIIIIIIIIIIIIIIIIIIIIIIIIIIIIIIIIIIIIIIIIIIIIA1A12IIIII
IIIIIIIIIIIIIIIIIIIIIIIIIIIIIIIIIIIIIIIIIAI2III22III2IIIIIIIIIII
IIIIIIIIIIIIIIIIIIIIIIIIIIIIIIIIIIIIIIIIIIIIIIIIIIIIIIIIA1I22III
IIIIIIIIIIIIIIIIIIIIIIIIIIIIIIIIIIIIIIIIIIIIIIIIIIIIIIIIA1I222II
IIIIIIIIIIIIIIIIIIIIIIIIIIIIIIIIIIIIIIIIIIIIIIIIIIIIIIIAA12222II
IIIIIIIIIIIIIIIIIIIIIIIIIIA2IIIIIIIIIIIIIIIIIIIIIIIIIIIAA12222II
A2IIIIIIIIIIIIIIIIIIIIIIIIA2IIIIIIIIIIIIIIIIIIIIIIIIIIIAA12222II
A2IIIIIIIIIIIIIIIIIIIIIIIAA2IIIIIIIIIIIIIIIIIIIIIIIIIIIAA12222II
A2IIIIIIIIIIIIIIIIIIIIIIIAA2IIIA2IIIIIIIIIIIIIIIIIIIIIIAA12222II
A2IIIIIIIIIIIIIIIIIIIIIIIAAA2IIA2IIIIIIIIIIIIIIIIIIIIIIAA12222II
A2IIIIIIIIA2IIIIIIIIIIIIIAAA2IIA2IIIIIIIIIIIIIIIIIIIIIIAA12222II
A2IIIIIIIIA2IIIIIIIIIIIIIAAAA1IA2IIIIIIIIIIIIIIIIIIIIIIAA12222II
A2IIIIIIIIA2IIIIIIIIIIIIIAAAA1IA2IIIIIIIIIIA1111IIIIIIIAA12222II
A2IIIIIIIIA2IIIIIIIIIIIIIAAAA1IA2IIIIIA1IIIA1111IIIIIIIAA12222II
A2IIIIIIIIA2IIIIIIIIIIIIIAAAA1IA2IIIIIA1IIIA1111IIIIIIIAA1A222II
A2IIIIIIIIA2IIIIIIIIIIIIIAAAA1IA2IIIIIA1IIIA1111IIIIIIIAA1A112II
A1111IIIIIA2IIIIIIIIIIIIIAAAA1IA2IIIIIA1IIIA1111IIIIIIIAA1A112II
AA1111IIIIA2IIIIIIIIIIIIIAAAA1IA2IIIIIA1IIIA1111IIIIIIIAA1A112II
AA1111IIIIA2IIIIIIIIIIIIIAAAA1AA111IIIA1IIIA1111IIIIIIIAA1A112II
AA1111IIIIA2IIIIIIIIIIIIIAAAA1AA111IIIA1IIIA1111IIIIIIAAA1A112II
AA1111IIIIA1IIIIIIIIIIIIIAAAA1AA111IIIA1IIIA1111IIIIIIAAA1A112II
AA1111IIIIA1IIIIIIIIIIIIIAAAA1AA111IIIA1IIIA1A11IIIIIIAAA1A112II
AA1111IIIIA1IIIIIIIIIIIIIAAAA1AA111IIIA1IIIA1AA1IIIIIIAAA1A112II
AA1111IIIIA1IIIIIIIIIIIA1AAAA1AA111IIIA1IIIA1AA1IIIIIIAAA1A112II
AA1111IIIIA1IIIIIIIIA1IA1AAAA1AA111IIIA1IIIA1AA1IIIIIIAAA1A112II
AA1111IIIIA1IIIIIIIIA1IA1AAAA1AA111IIIA1IIIA1AA1IIA1IIAAA1A112II
AA1111IIIIA1IIIIIIIIA1IA1AAAA1AA111IIIA1IIIA1AA1IAA1IIAAA1A112II
AA1111IIIIA1IIIIIIIIA1IA1AAAA1AA111IIIA1IIIA1AA1AAA1IIAAA1A112II
AA1111IIIIA1IIIIIIIIA1IAAAAAA1AA111IIIA1IIIA1AA1AAA1IIAAA1A112II
AA1111IIIIA1IIIIIIIIA1IAAAAAA1AA111IIIA1IIIA1AA1AAAA1IAAA1A112II
AA1111IIIIA1IIIIIIIIAAIAAAAAA1AA1111IIA1IIIA1AA1AAAA1IAAA1A112II
IIIIIIIIIIIIIIIIIIIIIIIIIIIIIIIIIIIIIIIIIIIIIIIIIIIIIIIAIIIIIIII
IIIIIIIIIIIIIIIIIIIIIIIIIIIIIIIIIIIIIIIIIIIIIIIIIIIIIIIA1I1I1111
A1I1I11I1IIIIIIIIIIIIIIIIIIIIIIIIIIIIIIIIIIIIIIIIIIIIIIA1I1I1111
A1I1I1111IIIIIIIIIIIIIIIIIIIIIIIIIIIIIIIIIIIIIIIIIIIIIIA1I1I1111
A1I1I1111IIIIIIIIIIIIIIIIA1I1I1111IIIIIIIIIIIIIIIIIIIIIA1I1I1111
A1I1I1111IIIIIIIIIIIIIIIIA1A1I111111IIIIIIIIIIIIIIIIIIIA1I1I1111
A1I1I1111IA1I1I1111IIIIIIA1A1I111111IIIIIIIIIIIIIIIIIIIA1I1I1111
A1I1I1111IA1I1I1111IIIIIIA1AA11111111IIIIIIIIIIIIIIIIIIA1I1I1111
A1I1I1111IA1I1I1111IIIIIIA1AA11111111IIIIIIAIIIIIIIIIIIA1I1I1111
A1I1I1111IA1I1I1111IIIIIIA1AA11111111IIIIIIA1I1I1111IIIA1I1I1111
AA11111111A1I1I1111IIIIIIA1AA11111111IIIIIIA1I1I1111IIIA1I1I1111
AA11111111A1I1I1111IIIIIIA1AA1A11111111IIIIA1I1I1111IIIA1I1I1111
AA11111111A1I1I1111IIIIIIA1AA1A11111111IIIIA1I1I1111IIAA1I1I1111
AA11111111A1I1I1111IIAIIIA1AA1A11111111IIIIA1I1I1111IIAA1I1I1111
AA11111111A1I1I1111IIAII1A1AA1A11111111IIIIA1I1I1111IIAA1I1I1111
AA11111111A1I1I1111IIA1I1A1AA1A11111111IIIIA1I1I1111IIAA1I1I1111
IIIIIIIIIIIIIIIIIIIIIIIIIIIIIIIIIIIIIIIIIIIIIIIIIIIIIIIAI1I2IIII
AI1I2IIIIIIIIIIIIIIIIIIIIIIIIIIIIIIIIIIIIIIIIIIIIIIIIIIAI1I2IIII
AI1I2IIIIIIIIIIIIIIIIIIIIAI1I2IIIIIIIIIIIIIIIIIIIIIIIIIAI1I2IIII
AI1I2IIIIIIIIIIIIIIIIIIIIAIAI1I2IIIIIIIIIIIIIIIIIIIIIIIAI1I2IIII
AI1I2IIIIIAI1I2IIIIIIIIIIAIAI1I2IIIIIIIIIIIIIIIIIIIIIIIAI1I2IIII
AI1I2IIIIIAI1I2IIIIIIIIIIAIAA1122IIIIIIIIIIIIIIIIIIIIIIAI1I2IIII
AI1I2IIIIIAI1I2IIIIIIIIIIAIAA1122IIIIIIIIIIAI1I2IIIIIIIAI1I2IIII
AA1122IIIIAI1I2IIIIIIIIIIAIAA1122IIIIIIIIIIAI1I2IIIIIIIAI1I2IIII
AA1122IIIIAI1I2IIIIIIIIIIAIAA1A21I2IIIIIIIIAI1I2IIIIIIIAI1I2IIII
AA1122IIIIAI1I2IIIIIIIIIIAIAA1A21I2IIIIIIIIAI1I2IIIIIIAAI1I2IIII
AA1122IIIIAI1I2IIIIIIAII2AIAA1A21I2IIIIIIIIAI1I2IIIIIIAAI1I2IIII
AA1122IIIIAI1I2IIIIIIAII2AIAA1A21I2IIIIIIIIAI1I2IIIIIIAA11I2IIII
AA1122IIIIAI1I2IIIIIIAII2A1AA1A21I2IIIIIIIIAI1I2IIIIIIAA11I2IIII
AA1122IIIIA11I2IIIIIIAII2A1AA1A21I2IIIIIIIIAI1I2IIIIIIAA11I2IIII
AA1122IIIIA11I2IIIIIIAII2A1AA1A21I2IIIIIIIIA11I2IIIIIIAA11I2IIII
AA1122IIIIA11I2IIIIIIAII2A1AA1A11I2IIIIIIIIA11I2IIIIIIAA11I2IIII
AA1122IIIIA11I2IIIIIIAII1A1AA1A11I22IIIIIIIA11I2IIIIIIAA11I2IIII
IIIIIIIIIIIIIIIIIIIIIIIIIIIIIIIIIIIIIIIIIIIIIIIIIIIIIIIA1IIIIIII
A1IIIIIIIIIIIIIIIIIIIIIIIIIIIIIIIIIIIIIIIIIIIIIIIIIIIIIA1IIIIIII
A1IIIIIIIIIIIIIIIIIIIIIIIA1IIIIIIIIIIIIIIIIIIIIIIIIIIIIA1IIIIIII
A1IIIIIIIIIIIIIIIIIIIIIIIA1A1IIIIIIIIIIIIIIIIIIIIIIIIIIA1IIIIIII
A1IIIIIIIIA1IIIIIIIIIIIIIA1A1IIIIIIIIIIIIIIIIIIIIIIIIIIA1IIIIIII
A1IIIIIIIIA1IIIIIIIIIIIIIA1AA1IIIIIIIIIIIIIIIIIIIIIIIIIA1IIIIIII
A1IIIIIIIIA1IIIIIIIIIIIIIA1AA1IIIIIIIIIIIIIA1IIIIIIIIIIA1IIIIIII
AA1IIIIIIIA1IIIIIIIIIIIIIA1AA1IIIIIIIIIIIIIA1IIIIIIIIIIA1IIIIIII
AA1IIIIIIIA1IIIIIIIIIIIIIA1AA1A1IIIIIIIIIIIA1IIIIIIIIIIA1IIIIIII
AA1IIIIIIIA1IIIIIIIIIIIIIA1AA1A1IIIIIIIIIIIA1IIIIIIIIIAA1IIIIIII
AA1IIIIIIIA1IIIIIIIIIAIIIA1AA1A1IIIIIIIIIIIA1IIIIIIIIIAA1IIIIIII
AA1IIIIIIIA1IIIIIIIIIA12IA1AA1A1IIIIIIIIIIIA1IIIIIIIIIAA1IIIIIII
IIIIIIIIIIIIIIIIIIIIIIIIIIIIIIIIIIIIIIIIIIIIIIIIIIIIIIIA1IIIIIII
IIIIIIIIIIIIIIIIIIIIIIIIIIIIIIIIIIIIIIIIIIIIIIIIIIIIIIIA1I1I1111
A1I1I11I1IIIIIIIIIIIIIIIIIIIIIIIIIIIIIIIIIIIIIIIIIIIIIIA1I1I1111
A1I1I1111IIIIIIIIIIIIIIIIIIIIIIIIIIIIIIIIIIIIIIIIIIIIIIA1I1I1111
A1I1I1111IIIIIIIIIIIIIIIIA1I1I1111IIIIIIIIIIIIIIIIIIIIIA1I1I1111
A1I1I1111IIIIIIIIIIIIIIIIA1A1I1111IIIIIIIIIIIIIIIIIIIIIA1I1I1111
A1I1I1111IIIIIIIIIIIIIIIIA1A1I1111I1IIIIIIIIIIIIIIIIIIIA1I1I1111
A1I1I1111IA1I1I1111IIIIIIA1A1I1111I1IIIIIIIIIIIIIIIIIIIA1I1I1111
A1I1I1111IA1I1I1111IIIIIIA1A1I111111IIIIIIIIIIIIIIIIIIIA1I1I1111
A1I1I1111IA1I1I1111IIIIIIA1AA11111111IIIIIIIIIIIIIIIIIIA1I1I1111
A1I1I1111IA1I1I1111IIIIIIA1AA11111111IIIIIIA1I1I1II1IIIA1I1I1111
A1I1I1111IA1I1I1111IIIIIIA1AA11111111IIIIIIA1I1I1111IIIA1I1I1111
AA11111111A1I1I1111IIIIIIA1AA11111111IIIIIIA1I1I1111IIIA1I1I1111
AA11111111A1I1I1111IIIIIIA1AA1A11111111IIIIA1I1I1111IIIA1I1I1111
AA11111111A1I1I1111IIIIIIA1AA1A11111111IIIIA1I1I1111IIAA1I1I1111
AA11111111A1I1I1111IIIIIIA1AA1A11111111IIIIA1I1I1111IIAA121I1111
AA11111111A1I1I1111IIAIIIA1AA1A11111111IIIIA1I1I1111IIAA121I1111
AA11111111A1I1I1111IIA1I2A1AA1A11111111IIIIA1I1I1111IIAA121I1111
IIIIIIIIIIIIIIIIIIIIIIIIIIIIIIIIIIIIIIIIIIIIIIIIIIIIIIIAIIIIIIII
IIIIIIIIIIIIIIIIIIIIIIIIIIIIIIIIIIIIIIIIIIIIIIIIIIIIIIIAI1IIIIII
AI1IIIIIIII2II2II2IIII2IIIIIIIIIIIIIIIIIIIIIIIIIIIIIIIIAI1IIIIII
AI1IIIIIIII2II2II2IIII2IIAI1IIIIIIII2II2II2IIII2IIIIIIIAI1IIIIII
A11IIIIIIII2II2II2IIII2IIAI1IIIIIIII2II2II2IIII2IIIIIIIAI1IIIIII
A11IIIIIIII2II2II2IIII2IIAI1IIIIIIII2II2II2IIII2IIIIIIIA11IIIIII
A11IIIIIIII2II2II2IIII2IIAIA1IIIIIII2II2II2IIII2IIIIIIIA11IIIIII
A11IIIIIIIA1II2II2IIII2IIAIA1IIIIIII2II2II2IIII2IIIIIIIA11IIIIII
A11IIIIIIIA1II2II2IIII2IIAIAA1IIIIII2II2II2IIII2IIIIIIIA11IIIIII
A11IIIIIIIA1II2II2IIII2IIAIAA1IIIIII2II2II2A1II2IIIIIIIA11IIIIII
AA1IIIIIIIA1II2II2IIII2IIAIAA1IIIIII2II2II2A1II2IIIIIIIA11IIIIII
AA1IIIIIIIA1II2II2IIII2IIAIAA1A1IIII2II2II2A1II2IIIIIIIA11IIIIII
AA1IIIIIIIA1II2II2IIII2IIAIAA1A1IIII2II2II2A1II2IIIIIIAA11IIIIII
AA1IIIIIIIA1II2II2IIIA2IIAIAA1A1IIII2II2II2A1II2IIIIIIAA11IIIIII
AA1IIIIIIIA1II2II2IIIA2I1AIAA1A11III2II2II2A1II2IIIIIIAA11IIIIII
AA1IIIIIIIA1II2II2IIIA2I1AIAA1A11II22II22I2A1II2IIIIIIAA11IIIIII
AA1IIIIIIIA1II2II2IIIA2I1AIAA1A11II22II22I2A1II2IIIIIIAA11I2IIII
AA1I2IIIIIA1II2II2IIIA2I1AIAA1A11II22II22I2A1II2IIIIIIAA11I2IIII
AA1I2IIIIIA1II2II2IIIA2I1A1AA1A11II22II22I2A1II2IIIIIIAA11I2IIII
AA1I22IIIIA1II2II2IIIA2I1A1AA1A11II22II22I2A1II2IIIIIIAA11I2IIII
AA1I22IIIIA1II2II2IIIA2I1A1AA1A11I222II22I2A1II2IIIIIIAA11I2IIII
IIIIIIIIIIIIIIIIIIIIIIIIIIIIIIIIIIIIIIIIIIIIIIIIIIIIIIIAI1IIIIII
AI1IIIIIIII2II2IIIIIII2IIIIIIIIIIIIIIIIIIIIIIIIIIIIIIIIAI1IIIIII
AI1IIIIIIII2II2IIIIIII2IIAI1IIIIIIII2II2IIIIIII2IIIIIIIAI1IIIIII
AI1IIIIIIII2II2IIIIIII2IIAIAI1IIIIII2I22I2IIIII2I2IIIIIAI1IIIIII
AI1IIIIIIIA21I2IIIIII22I2AIAI1II2III2I22I2IIIII2I2IIIIIAI1IIIIII
AI1IIIIIIIA21I2IIIIII22I2AIAA11I2III2I22I22IIII2I22IIIIAI1IIIIII
AI1IIIIIIIA21I2IIIIII22I2AIAA11I2III2I22I22AI1I2I22III2AI1IIIIII
AA11IIIIIIA21I22IIIII2222AIAA11I2III2I22I22AI1I2I22III2AI1IIIIII
AA11IIIIIIA21I22IIIII2222AIAA1AI1III2I22I22A21I2I22I2I2AI1IIIIII
AA11IIIIIIA21I22IIIII2222AIAA1AI1III2I22I22A21I2I22I2IAAI1IIIIII
AA11IIIIIIA21I22IIIIIA222AIAA1AI1III2I22I22A21I2I22I2IAAI1IIIIII
IIIIIIIIIIIIIIIIIIIIIIIIIIIIIIIIIIIIIIIIIIIIIIIIIIIIIIIAII1IIIII
AII1IIIIIII1II2IIIIIII2IIIIIIIIIIIIIIIIIIIIIIIIIIIIIIIIAII1IIIII
AII1IIIIIII1II2IIIIIII2IIAII1IIIIIII1II2IIIIIII2IIIIIIIAII1IIIII
A1I1IIIIIII1II2IIIIIII2IIAII1IIIIIII1II2IIIIIII2IIIIIIIAII1IIIII
A1I1IIIIIII1II2IIIIIII2IIAII1IIIIIII1II2IIIIIII2IIIIIIIA1I1IIIII
A1I1IIIIIII1II2IIIIIII2IIAIA1IIIIIII1II2IIIIIII2IIIIIIIA1I1IIIII
A1I1IIIIIIA1II2IIIIIII2IIAIA1IIIIIII1II2IIIIIII2IIIIIIIA1I1IIIII
A1I1IIIIIIA1II2IIIIIII2IIAIAA1IIIIII1II2IIIIIII2IIIIIIIA1I1IIIII
A1I1IIIIIIA1II2IIIIIII2IIAIAA1IIIIII1II2IIIA1II2IIIIIIIA1I1IIIII
AA11IIIIIIA1II2IIIIIII2IIAIAA1IIIIII1II2IIIA1II2IIIIIIIA1I1IIIII
AA11IIIIIIA1II2IIIIIII2IIAIAA1A1IIII1II2IIIA1II2IIIIIIIA1I1IIIII
AA11IIIIIIA1II2IIIIIII2IIAIAA1A1IIII1II2IIIA1II2IIIIIIAA1I1IIIII
AA1AIIIIIIA1II2IIIIIII2IIAIAA1A1IIII1II2IIIA1II2IIIIIIAA1I1IIIII
AA1AII1IIIA1II1IIIIIII2IIAIAA1A1IIII1II2IIIA1II2IIIIIIAA1I1IIIII
AA1AII1IIIA1221II1IIII2IIAIAA1A1IIII1II2IIIA1II2IIIIIIAA1I1IIIII
AA1AII1IIIA1221II1IIII2IIAIAA1A1IIII1II2IIIA1II2IIIIIIAA111III22
AA1AII1IIIA1221II1IIII2IIAIAA1A1IIII1II2IIIA1II2IIIAIIAA11122212
AA1AII1IIIA1221II1IIII2AIA1AA1A1II1I11I2IIIA12I2IIIAIIAA11122212
AA1AII1IIIA1221II1IIII2AIA1AA1A1II1I11I2IIIA12I2IIIA1IAA11122212
IIIIIIIIIIIIIIIIIIIIIIIIIIIIIIIIIIIIIIIIIIIIIIIIIIIIIA2IIIIIIIII
IIIIIIIIIIIIIIIIIIIIIIIA2IIIIIIIIIIIIIIIIIIIIIIIIIIIIA2IIIIIIIII
IIIIIIIIIIIIIIIIIIIIIIIIIIIIIIIIIIIIIIIIIIIA12IIIIIIIIIIIIIIIIII
IIIIIIIIIIIIIIIIIIIIIIIIIIIIIIA12IIIIIIIIIIA12IIIIIIIIIIIIIIIIII
IIIIIIIIIIIIIIIIIIIIIIIIIIIIIIA12IIIIIIIIIIA12IIIIIIII2AIIIIIIII
IIIIIIIIIIIIIIIIIIIIIIIIIIIIIIA12IIIIIIIIIIA12IIIIIIII2AAIIIIIII
IIIIIIIIIIIIIIIIIIIIIIIIIIIIIIA12IIIIIIIIIIA12IIIIIII2AAAIIIIIII
IIIIIIIIIIIIIIIIIII2AIIIIIIIIIA12IIIIIIIIIIA12IIIIIII2AAAIIIIIII
IIIIIIIIIIIIIIIIIIIIIIIIIIIIIIIIIIIIIIIIIIIIIIIIIIIIIIA1I12222I2
IIIIIIIIIIIIIIIIIIIIIIIIIIIIIIIIIIIIIIIIIIIIIIIIIIIIIIIIA1IIIIII
IIIIIIIIIIIIIIIIIIIIIIIIIIIIIIIIIIIIIIIIIIIIIIIIIIIIIIA1A1IIIIII
IIIIIIIIIIIIIIIIIIIIIIIIIIIIIIIIIIIIIIIIIIIIIIIIIIIIIIIIA1IIIIII
IIIIIIIIIIIIIIIIIIIIIIIIIIIIIIIIIIIIIIIIIIIIIIIIIIIIIIIAA1IIIIII
IIIIIIIIIIIIIIIIIIIIIIIIIIA1IIIIIIIIIIIIIIIIIIIIIIIIIIIAA1IIIIII
IIIIIIIIIIIIIIIIIIIIIIIIIAA1IIIIIIIIIIIIIIIIIIIIIIIIIIIAA1IIIIII
A1IIIIIIIIIIIIIIIIIIIIIIIAA1IIIIIIIIIIIIIIIIIIIIIIIIIIIAA1IIIIII
A1IIIIIIIIIIIIIIIIIIIIIIIAA1IIIA1IIIIIIIIIIIIIIIIIIIIIIAA1IIIIII
A1IIIIIIIIIIIIIIIIIIIIIIIAAA1IIA1IIIIIIIIIIIIIIIIIIIIIIAA1IIIIII
A1IIIIIIIIA1IIIIIIIIIIIIIAAA1IIA1IIIIIIIIIIIIIIIIIIIIIIAA1IIIIII
A1IIIIIIIIAA1IIIIIIIIIIIIAAA1IIA1IIIIIIIIIIIIIIIIIIIIIIAA1IIIIII
A1IIIIIIIIAA1IIIIIIIIIIIIAAAA1IA1IIIIIIIIIIIIIIIIIIIIIIAA1IIIIII
A1IIIIIIIIAA1IIIIIIIIIIIIAAAA1IA1IIIIIIIIIIA1IIIIIIIIIIAA1IIIIII
A1IIIIIIIIAA1IIIIIIIIIIIIAAAA1IA1IIIIIIIIIIAA1IIIIIIIIIAA1IIIIII
AA2IIIIIIIAA1IIIIIIIIIIIIAAAA1IA1IIIIIIIIIIAA1IIIIIIIIIAA1IIIIII
AA2IIIIIIIAA1IIIIIIIIIIIIAAAA1AA1IIIIIIIIIIAA1IIIIIIIIIAA1IIIIII
AA2IIIIIIIAA1IIIIIIIIIIIIAAAA1AA1IIIIIIIIIIAA1IIIIIIIIAAA1IIIIII
AA2IIIIIIIAA1IIIIIIIIIIIIAAAA1AA12I22IIIIIIAA1IIIIIIIIAAA1IIIIII
AA2IIIIIIIAA1IIIIIIIIIIIIAAAA1AA12I22IIIIIIAA1IIIIIIIIAAA1I22III
AA2IIIIIIIAA1IIIIIIIIIIIIAAAA1AA12I22IIIIIIAAAIIIIIIIIAAA1I22III
AA2IIIIIIIAA1IIIIIIIIIIIIAAAA1AA12I22IIIIIIAAAAIIIIIIIAAA1I22III
AA2IIIIIIIAA1IIIIIIIIIIA2AAAA1AA12I22IIIIIIAAAAIIIIIIIAAA1I22III
AA2IIIIIIIAA1IIIIIIIA2IA2AAAA1AA12I22IIIIIIAAAAIIIIIIIAAA1I22III
AA2IIIIIIIAA1IIIIIIIA2IA2AAAA1AA12I22IIIIIIAAAAIIIA2IIAAA1I22III
AA2IIIIIIIAA1IIIIIIIA2IA2AAAA1AA12I22IIIIIIAAAAIIAA2IIAAA1I22III
AA2IIIIIIIAA1IIIIIIIA2IA2AAAA1AA12I22IIIIIIAAAAIAAA2IIAAA1I22III
AA2IIIIIIIAA1IIIIIIIA2IAAAAAA1AA12I22IIIIIIAAAAIAAA2IIAAA1I22III
AA2IIIIIIIAA1IIIIIIIA2IAAAAAA1AA12I22IIIIIIAAAAIAAAA2IAAA1I22III
AA2IIIIIIIAA1IIIIIIIA2IAAAAAA1AA12I22IIIIIIAAAAIAAAA2IAAA1222III
AA2IIIIIIIAA1IIIIIIIA2IAAAAAA1AA12I22IIIIIIAAAAIAAAA11AAA1222III
IIIIIIIIIIIIIIIIIIIIIIIIIIIIIIIIIIIIIIIIIIIIIIAIIIIIIIIIIIIIIIII
IIIIIIIIIIIIIIIIIIIIIIIIIIIIIIIIIIIIIIIIIIIIIIAIIIIIIAIIIIIIIIII
IIIIIIIIIIIIIIIIIIIIIIIIIIIIIIIIIIIIIIIIIIIA1IIIII1I2I2II2IIIIII
IIIIIIIIIIIIIIIIIIIIIIIIIIIIIIA1IIIII1I2I2IA1IIIII1I2I2II2IIIIII
IIIIIIIIIIIIIIIIIIIIIIIIIIIIIIA1IIIII1I2I2IA1IIIII1I2I2A22IIIIII
IIIIIIIIIIIIIIIIIIIIIIIIIIIIIIA1IIIII1I2I2IA1IIIII1I2I2AA2IIIIII
IIIIIIIIIIIIIIIIIIIIIIIIIIIIIIA1IIIII1I2I2IA1IIIII1I2IAAA2IIIIII
IIIIIIIIIIIIIIIIIIIIIIIIIIIIIIIIIIIIIIIIIIIIIIIIIIIIIIAIIII1IIII
IIIIIIIIIIIIIIIIIIIIIIIIIIIIIIIIIIIIIIIIIIIIIIIIIIIIIIIIA1IIIIII
IIIIIIIIIIIIIIIIIIIIIIIIIIIIIIIIIIIIIIIIIIIIIIIIIIIIIIA1A1IIIIII
IIIIIIIIIIIIIIIIIIIIIIIIIIIIIIIIIIIIIIIIIIIIIIIIIIIIIIIIAIIIIIII
IIIIIIIIIIIIIIIIIIIIIIIIIIIIIIIIIIIIIIIIIIIIIIIIIIIIIIIIA1I1II22
IIIIIIIIIIIIIIIIIIIIIIIIIIIIIIIIIIIIIIIIIIIIIIIIIIIIIIIAA1I1II22
IIIIIIIIIIIIIIIIIIIIIIIIIIA2IIIIIIIIIIIIIIIIIIIIIIIIIIIAA1I1II22
IIIIIIIIIIIIIIIIIIIIIIIIIAA2IIIIIIIIIIIIIIIIIIIIIIIIIIIAA1I1II22
A2IIIIIIIIIIIIIIIIIIIIIIIAA2IIIIIIIIIIIIIIIIIIIIIIIIIIIAA1I1II22
A2IIIIIIIIIIIIIIIIIIIIIIIAA1IIIIIIIII2IIIIIIII22IIIIIIIAA1I1II22
A2IIIIIIIIIIIIIIIIIIIIIIIAA1IIIIIIII22IIIIIII222IIIIIIIAA1I1II22
A1IIIIIIIII2IIIIIIII22IIIAA1IIIIIIII22IIIIIII222IIIIIIIAA1I1II22
A1IIIIIIIII2IIIIIIII22IIIAA1IIIA1III22IIII2II222III22IIAA1I1II22
A1IIIIIIIII2IIIIIIII22IIIAAA1IIA1III222III2II2222II22IIAA1I1II22
A1IIIIIIIIA1IIIIIIII22IIIAAA1I2A1III222III2II2222II22IIAA1I1II22
A1IIIIIIIIA1IIIIIIII22IIIAAAA12A1III2222II2II22222I22IIAA1I1II22
A1IIIIIIIIA1IIIIIIII22IIIAAAA12A1III2222II2A122222I22I2AA1I1II22
A1IIIIIIIIA1IIIIIIII22IIIAAAA12A1III22A2II2A122222I22I2AA1I1II22
A1IIIIIIIIA1IIIIIIII22IIIAAAA12A1III22A2II2A122222I22I2AA1A1II22
A1IIIIIIIIA1IIIIIIII22IIIAAAA12A1III22A1II2A122222I22I2AA1A1II22
AA1IIIIIIIA12IIIIIII222IIAAAA12A1III22A1II2A122222I22I2AA1A1II22
AA1IIIIIIIA12IIIIIII222IIAAAA1AA1III22A1I22A122222222I2AA1A1II22
AA1IIIIIIIA12IIIIIII222IIAAAA1AA1III22A1I22A122222222IAAA1A1II22
AA1IIIIIIIA12IIIIIII222IIAAAA1AA12II22A1I22A122222222IAAA1A1II22
AA1IIIIIIIA12IIIIIII222IIAAAA1AA12II22A1I22A1A1222222IAAA1A1II22
AA1IIIIIIIA12IIIIIII222IIAAAA1AA12II22A1I22A1AA122222IAAA1A1II22
AA1IIIIIIIA12IIIIIII222A1AAAA1AA12II22A1I22A1AA122222IAAA1A1II22
AA1IIIIIIIA12IIIIIIIA12A1AAAA1AA12II22A1I22A1AA122222IAAA1A1II22
AA1IIIIIIIA12IIIIIIIA12A1AAAA1AA12II22A1I22A1AA122A122AAA1A1II22
AA1IIIIIIIA12IIIIIIIA12A1AAAA1AA12II22A1I22A1AA12AA122AAA1A1II22
AA1IIIIIIIA12IIIIIIIA12A1AAAA1AA12II22A1I22A1AA1AAA122AAA1A1II22
AA1IIIIIIIA12IIIIIIIA12AAAAAA1AA12II22A1I22A1AA1AAA122AAA1A1II22
AA1IIIIIIIA12IIIIIIIA12AAAAAA1AA12II22A1I22A1AA1AAAA22AAA1A1II22
IIIIIIIIIIIIIIIIIIIIIIIIIIIIIIIIIIIIIIIIIIIIIIIIIIIIIIAI1III111I
IIIIIIIIIIIIIIIIIIIIIIIIIIIIIIIIIIIIIIIIIIIIIIIIIIIAI1AI111I111I
IIIIIIIIIIIIIIIIIIIIIIIAI1IIIIIIIIIIIIIIIIIIIIIIIIIAI1AI111I111I
IIIIIIIIIIIIIIIIIIIIIIIAI1IIIIIIIIIIIIIIIIIIIIIIIIIAI1AI1111111I
IIIIIIIIIIIIIIIIIIIIIIIIIIIIIIIIIIIIIIIIIIIIIIAIIIIIIIIIIIIIIIII
IIIIIIIIIIIIIIIIIIIIIIIIIIIIIIIIIIIIIIIIIIIIIIAIIIIIIAIIIIIIIIII
IIIIIIIIIIIIIIIIIIIIIIIIIIIIIIIIIIIIIIA12222IIIIIIIIIIIIIIIIIIII
IIIIIIIIIIIIIIIIIIIIIIIIA12222IIIIIIIIA12222IIIIIIIIIIIIIIIIIIII
IIIIIIIIIIIIIIIIIIIIIIIIA1A12222IIIIIIA12222IIIIIIIIIIIIIIIIIIII
IIIIIIIIIIIIIIIIIIIIIIIIAAA12222IIIIIIA12222IIIIIIIIIIIIIIIIIIII
IIIIIIIIIIIIIIIIIIIIIIIIIIA2IIIIIIIIIIIIIIIIIIIIIIIIIIIIIIIIIIII
IIIIIIIIIIIIIIIIIIIIIIIIIIA2IIIIIIIIIIA2IIIIIIIIIIIIIIIIIIIIIIII
IIIIIIIIIIIIIIIIIIIIIIIIA2A2IIIIIIIIIIA2IIIIIIIIIIIIIIIIIIIIIIII
IIIIIIIIIIIIIIIIIIIIIIIIA2A2IIIIIIIIIIA12IIIIIIIIIIIIIIIIIIIIIII
IIIIIIIIIIIIIIIIIIIIIIIIA1A2IIIIIIIIIIA12IIIIIIIIIIIIIIIIIIIIIII
IIIIIIIIIIIIIIIIIIIIIIIIIIIIIIIIIIIIIIIIIIIIIIA1IIIIIIIIIIIIIIII
IIIIIIIIIIIIIIIIIIIIIIIIIIIIIIIIIIIIIIIIIIIIIIA1IIIIIA1IIIIIIIII
IAIIIIIIIIIIIIIIIIIIIIIIIIIIIIIIIIIIIIIIIIIIIIIIIIIIIIIIIIIIIIII
IAIIIIIIIIIIIIIIIIIIIIIIIIIIIIIIIIIIIIIIIIIIIIAIIIIIIIIIIIIIIIII
IAIIIIIIIIIIIIIIIIIIIIIIIIIIIIIIIIIIIIIIIIIIIIAIIIIIIAIIIIIIIIII
IIIIIIIIIIIIIIIIIIIIIIIIA2IIIIIIIIIIIIIIIIIIIIIIIIIIIIIIIIIIIIII
IIIIIIIIIIIIIIIIIIIIIIIIA2A2IIIIIIIIIIIIIIIIIIIIIIIIIIIIIIIIIIII
IIIIIIIIIIIIIIIIIIIIIIIIA1A2IIIIIIIIIIIIIIIIIIIIIIIIIIIIIIIIIIII
IIIIIIIIIIIIIIIIIIIIIIIIA1A1IIIIIIIIIIIIIIIIIIIIIIIIIIIIIIIIIIII
IIIIIIIIIIIIIIIIIIIIIIIIAAA1IIIIIIIIIIIIIIIIIIIIIIIIIIIIIIIIIIII
IIIIIIIIIIIIIIIIIIIIIIIIIIA1IIIIIIIIIIIIIIIIIIIIIIIIIIIIIIIIIIII
IIIIIIIIIIIIIIIIIIIIIIIIA1A1IIIIIIIIIIIIIIIIIIIIIIIIIIIIIIIIIIII
IIIIIIIIIIIIIIIIIIIIIIIIAAA1IIIIIIIIIIIIIIIIIIIIIIIIIIIIIIIIIIII
IIIIIIIIIIIIAIIIIIIIIIIIIIIIIIIIIIIIIIIIIIIIIIIIIIIIIIIIIIIIIIII
IIIIIIIIIIIAAIIIIIIIIIIIIIIIIIIIIIIIIIIIIIIIIIIIIIIIIIIIIIIIIIII
IIIIIIIIIIIIIIIIIIIIIIIIIIIIIIAIIIIIIIIIIIIIIIIIIIIIIIIIIIIIIIII
IIIIIIIIIIIIIIIIIIIIIIIIIIIIIIIIIIIIIIIIIIIIIIA1IIIIIIIIIIIIIIII
IIIIIIIIIIIIIIIIIIIIIIIIIIIIIIIIIIIIIIIIIIIIIIA1IIIIIA1IIIIIIIII
IIIIIIIIIIIIIIIIIIIIIIIIIIIIIIIIIIIIIIA2IIIIIIIIIIIIIIIIIIIIIIII
IIIIIIIIIIIIIIIIIIIIIIIIA2IIIIIIIIIIIIA2IIIIIIIIIIIIIIIIIIIIIIII
IIIIIIIIIIIIAIIIIIIIIIIIIIIIIIIIIIIIIIIIIIIIIIIIIIIIIIIIIIIIIIII
IIIIIIIIIIIAAIIIIIIIIIIIIIIIIIIIIIIIIIIIIIIIIIIIIIIIIIIIIIIIIIII
IIIIIIIIIIIIIIIIIIIIIIIIIIIIIIAIIIIIIIIIIIIIIIIIIIIIIIIIIIIIIIII
IIIIIIIIIIIIA2IIIIIIIIIIIIIIIIIIIIIIIIIIIIIIIIIIIIIIIIIIIIIIIIII
IIIIIIIIIIIAA2IIIIIIIIIIIIIIIIIIIIIIIIIIIIIIIIIIIIIIIIIIIIIIIIII
IIIIIIIIIIIIIIIIIIIIIIIIAIIIIIIIIIIIIIIIIIIIIIIIIIIIIIIIIIIIIIII
IIIIIIIIIIIIIIIIIIIIIIIIIIAIIIIIIIIIIIIIIIIIIIIIIIIIIIIIIIIIIIII
IIIIIIIIIIIIIIIIIIIIIIIIAIAIIIIIIIIIIIIIIIIIIIIIIIIIIIIIIIIIIIII
IIIIIIIIIIIIIIIIIIIIIIIIA1AIIIIIIIIIIIIIIIIIIIIIIIIIIIIIIIIIIIII
IIIIIIIIIIIIIIIIIIIIIIIIIIIIIIIIIIIIIIAIIIIIIIIIIIIIIIIIIIIIIIII
IIIIIIIIIIIIIIIIIIIIIIIIAIIIIIIIIIIIIIAIIIIIIIIIIIIIIIIIIIIIIIII
IIIIIIIIIIIIIIIIIIIIIIIIAIA1IIIIIIIIIIAIIIIIIIIIIIIIIIIIIIIIIIII
IIIIIIIIIIIIIIIIIIIIIIIIAIA1IIIIIIIIIIA1IIIIIIIIIIIIIIIIIIIIIIII
IIIIIIIIIIIIIIIIIIIIIIIIA1A1IIIIIIIIIIA1IIIIIIIIIIIIIIIIIIIIIIII
IIIIIIIIIIIIIIIIIIIIIIIIIIA2IIIIIIIIIIIIIIIIIIIIIIIIIIIIIIIIIIII
IIIIIIIIIIIIIIIIIIIIIIIIIAA2IIIIIIIIIIIIIIIIIIIIIIIIIIIIIIIIIIII
IIIIIIIIIIIIIIIIIIIIIIIIIAA1IIIIIIIIIIIIIIIIIIIIIIIIIIIIIIIIIIII
IIIIIIIIIIIIIIIIIIIIIIIIIAA1IIIIIIIIIIA1IIIIIIIIIIIIIIIIIIIIIIII
IIIIIIIIIIIIIIIIIIIIIIIIAAA1IIIIIIIIIIA1IIIIIIIIIIIIIIIIIIIIIIII
IIIIIIIIIIIIIIIIIIIIIIIIIIA1IIIIIIIIIIIIIIIIIIIIIIIIIIIIIIIIIIII
IIIIIIIIIIIIIIIIIIIIIIIIIIA12IIIIIIIIIIIIIIIIIIIIIIIIIIIIIIIIIII
IIIIIIIIIIIIIIIIIIIIIIIIIIA12IIIIIIIIIA12IIIIIIIIIIIIIIIIIIIIIII
IIIIIIIIIIIIIIIIIIIIIIIIA1A12IIIIIIIIIA12IIIIIIIIIIIIIIIIIIIIIII
IIIIIIIIIIIIIIIIIIIIIIIIIIIIIIIIIIIIIIAIIIIIIIIIIIIIIIIIIIIIIIII
IIIIIIIIIIIIIIIIIIIIIIIIAIIIIIIIIIIIIIAIIIIIIIIIIIIIIIIIIIIIIIII
IIIIIIIIIIIIIIIIIIIIIIIIIIIIIIIIIIIIIIA12IIIIIIIIIIIIIIIIIIIIIII
IIIIIIIIIIIIIIIIIIIIIIIIIIA12IIIIIIIIIA12IIIIIIIIIIIIIIIIIIIIIII
IIIIIIIIIIIIIIIIIIIIIIIIA1A12IIIIIIIIIA12IIIIIIIIIIIIIIIIIIIIIII
IIIIIIIIIIIIIIIIIIIIIIIIIIIIIIIIIIIIIIA12IIIIIIIIIIIIIIIIIIIIIII
IIIIIIIIIIIIIIIIIIIIIIIIA12IIIIIIIIIIIA12IIIIIIIIIIIIIIIIIIIIIII
IIIIIIIIIIIIIIIIIIIIIIIIIIIIIIIIIIIIIIA12IIIIIIIIIIIIIIIIIIIIIII
IIIIIIIIIIIIIIIIIIIIIIIIA12IIIIIIIIIIIA12IIIIIIIIIIIIIIIIIIIIIII
IIIIIIIIIIIIIIIIIIIIIIIIIIIIIIIIIIIIIIA12IIIIIIIIIIIIIIIIIIIIIII
IIIIIIIIIIIIIIIIIIIIIIIIA12IIIIIIIIIIIA12IIIIIIIIIIIIIIIIIIIIIII
IIIIIIIIIIIIIIIIIIIIIIIIIIIIIIIIIIIIIIA12IIIIIIIIIIIIIIIIIIIIIII
IIIIIIIIIIIIIIIIIIIIIIIIIIA12IIIIIIIIIA12IIIIIIIIIIIIIIIIIIIIIII
IIIIIIIIIIIIIIIIIIIIIIIIA1A12IIIIIIIIIA12IIIIIIIIIIIIIIIIIIIIIII
IIIIIIIIIIIIIIIIIIIIIIIIIIIIIIIIIIIIIIA12IIIIIIIIIIIIIIIIIIIIIII
IIIIIIIIIIIIIIIIIIIIIIIIA12IIIIIIIIIIIA12IIIIIIIIIIIIIIIIIIIIIII
IIIIIIIIIIIIIIIIIIIIIIIIIIIIIIIIIIIIIIA12IIIIIIIIIIIIIIIIIIIIIII
IIIIIIIIIIIIIIIIIIIIIIIIA12IIIIIIIIIIIA12IIIIIIIIIIIIIIIIIIIIIII
IIIIIIIIIIIIIIIIIIIIIIIIIIIIIIIIIIIIIIA12IIIIIIIIIIIIIIIIIIIIIII
IIIIIIIIIIIIIIIIIIIIIIIIA12IIIIIIIIIIIA12IIIIIIIIIIIIIIIIIIIIIII
IIIIIIIIIIIIIIIIIIIIIIIIA12IIIIIIIIIIIA122II22IIIIIIIIIIIIIIIIII
IIIIIIIIIIIIIIIIIIIIIIIIA122IIIIIIIIIIA122II22IIIIIIIIIIIIIIIIII
IIIIIIIIIIIIIIIIIIIIIIIIIIIIIIIIIIIIIIA1I2II22IIIIIIIIIIIIIIIIII
IIIIIIIIIIIIIIIIIIIIIIIIA1I2II2IIIIIIIA1I2II22IIIIIIIIIIIIIIIIII
IIIIIIIIIIIIIIIIIIIIIIIIIIIIIIIIIIIIIIA1I2II22IIIIIIIIIIIIIIIIII
IIIIIIIIIIIIIIIIIIIIIIIIA1I2II22IIIIIIA1I2II22IIIIIIIIIIIIIIIIII
IIIIIIIIIIIIIIIIIIIIIIIIIIIIIIIIIIIIIIA1I2II22IIIIIIIIIIIIIIIIII
IIIIIIIIIIIIIIIIIIIIIIIIA1I2II22IIIIIIA1I2II22IIIIIIIIIIIIIIIIII
IIIIIIIIIIIIIIIIIIIIIIIIIIIIIIIIIIIIIIA1I2II22IIIIIIIIIIIIIIIIII
IIIIIIIIIIIIIIIIIIIIIIIIA1I2II22IIIIIIA1I2II22IIIIIIIIIIIIIIIIII
IIIIIIIIIIIIIIIIIIIIIIIIIIIIIIIIIIIIIIA1I2II22IIIIIIIIIIIIIIIIII
IIIIIIIIIIIIIIIIIIIIIIIIA1I2II22IIIIIIA1I2II22IIIIIIIIIIIIIIIIII
IIIIIIIIIIIIIIIIIIIIIIIIIIIIIIIIIIIIIIA1I2II22IIIIIIIIIIIIIIIIII
IIIIIIIIIIIIIIIIIIIIIIIIA1I2II22IIIIIIA1I2II22IIIIIIIIIIIIIIIIII
IIIIIIIIIIIIIIIIIIIIIIIIIIIIIIIIIIIIIIA1I2II22IIIIIIIIIIIIIIIIII
IIIIIIIIIIIIIIIIIIIIIIIIA1I2II22IIIIIIA1I2II22IIIIIIIIIIIIIIIIII
IIIIIIIIIIIIIIIIIIIIIIIIIIIIIIIIIIIIIIA1I2II22IIIIIIIIIIIIIIIIII
IIIIIIIIIIIIIIIIIIIIIIIIA1I2II22IIIIIIA1I2II22IIIIIIIIIIIIIIIIII
IIIIIIIIIIIIIIIIIIIIIIIIIIIIIIIIIIIIIIA1I2II22IIIIIIIIIIIIIIIIII
IIIIIIIIIIIIIIIIIIIIIIIIIIAIIIIIIIIIIIA1I2II22IIIIIIIIIIIIIIIIII
IIIIIIIIIIIIIIIIIIIIIIIIIIA111I1I22IIIA1I2II22IIIIIIIIIIIIIIIIII
IIIIIIIIIIIIIIIIIIIIIIIIIIA111I1I22IIIA111I122IIIIIIIIIIIIIIIIII
IIIIIIIIIIIIIIIIIIIIIIIIA1A111I1222IIIA111I122IIIIIIIIIIIIIIIIII
IIIIIIIIIIIIIIIIIIIIIIIIIIIIIIIIIIIIIIA111IIIIIIIIIIIIIIIIIIIIII
IIIIIIIIIIIIIIIIIIIIIIIIIIIIIIIIIIIIIIA111I1I22IIIIIIIIIIIIIIIII
IIIIIIIIIIIIIIIIIIIIIIIIA111I1I22IIIIIA111I1I22IIIIIIIIIIIIIIIII
IIIIIIIIIIIIIIIIIIIIIIIIIIIIIIIIIIIIIIA111I1I22IIIIIIIIIIIIIIIII
IIIIIIIIIIIIIIIIIIIIIIIIIIA111I1I2IIIIA111I1I22IIIIIIIIIIIIIIIII
IIIIIIIIIIIIIIIIIIIIIIIIIIA111I1I22IIIA111I1I22IIIIIIIIIIIIIIIII
IIIIIIIIIIIIIIIIIIIIIIIIAIA111I1I22IIIA111I1I22IIIIIIIIIIIIIIIII
IIIIIIIIIIIIIIIIIIIIIIIIA1A111I1222IIIA111I1I22IIIIIIIIIIIIIIIII
IIIIIIIIIIIIIIIIIIIIIIIIIIIIIIIIIIIIIIA111I1I22IIIIIIIIIIIIIIIII
IIIIIIIIIIIIIIIIIIIIIIIIA111I1I22IIIIIA111I1I22IIIIIIIIIIIIIIIII
IIIIIIIIIIIIIIIIIIIIIIIIIIIIIIIIIIIIIIA111I1I22IIIIIIIIIIIIIIIII
IIIIIIIIIIIIIIIIIIIIIIIIA111I1I22IIIIIA111I1I22IIIIIIIIIIIIIIIII
IIIIIIIIIIIIIIIIIIIIIIIIIIIIIIIIIIIIIIA111I1I22IIIIIIIIIIIIIIIII
IIIIIIIIIIIIIIIIIIIIIIIIA111I1IIIIIIIIA111I1I22IIIIIIIIIIIIIIIII
IIIIIIIIIIIIIIIIIIIIIIIIIIIIIIIIIIIIIIA111I1I22IIIIIIIIIIIIIIIII
IIIIIIIIIIIIIIIIIIIIIIIIA111I1I22IIIIIA111I1I22IIIIIIIIIIIIIIIII
IIIIIIIIIIIIIIIIIIIIIIIIIIIIIIIIIIIIIIA111I1I22IIIIIIIIIIIIIIIII
IIIIIIIIIIIIIIIIIIIIIIIIA111IIIIIIIIIIA111I1I22IIIIIIIIIIIIIIIII
IIIIIIIIIIIIIIIIIIIIIIIIA111I1I22IIIIIA111I1I22IIIIIIIIIIIIIIIII
IIIIIIIIIIIIIIIIIIIIIIIIIIIIIIIIIIIIIIA111I1I22IIIIIIIIIIIIIIIII
IIIIIIIIIIIIIIIIIIIIIIIIA111I1I22IIIIIA111I1I22IIIIIIIIIIIIIIIII
IIIIIIIIIIIIIIIIIIIIIIIIIIIIIIIIIIIIIIA1122IIIIIIIIIIIIIIIIIIIII
IIIIIIIIIIIIIIIIIIIIIIIIIIA1122IIIIIIIA1122IIIIIIIIIIIIIIIIIIIII
IIIIIIIIIIIIIIIIIIIIIIIIA1A1122IIIIIIIA1122IIIIIIIIIIIIIIIIIIIII
IIIIIIIIIIIIIIIIIIIIIIIIIIIIIIIIIIIIIIA1122IIIIIIIIIIIIIIIIIIIII
IIIIIIIIIIIIIIIIIIIIIIIIA1122IIIIIIIIIA1122IIIIIIIIIIIIIIIIIIIII
IIIIIIIIIIIIIIIIIIIIIIIIIIIIIIIIIIIIIIA1122IIIIIIIIIIIIIIIIIIIII
IIIIIIIIIIIIIIIIIIIIIIIIA1122IIIIIIIIIA1122IIIIIIIIIIIIIIIIIIIII
IIIIIIIIIIIIIIIIIIIIIIIIIIIIIIIIIIIIIIA1122IIIIIIIIIIIIIIIIIIIII
IIIIIIIIIIIIIIIIIIIIIIIIA1122IIIIIIIIIA1122IIIIIIIIIIIIIIIIIIIII
IIIIIIIIIIIIIIIIIIIIIIIIIIIIIIIIIIIIIIA1122IIIIIIIIIIIIIIIIIIIII
IIIIIIIIIIIIIIIIIIIIIIIIA1122IIIIIIIIIA1122IIIIIIIIIIIIIIIIIIIII
IIIIIIIIIIIIIIIIIIIIIIIIIIIIIIIIIIIIIIA1122IIIIIIIIIIIIIIIIIIIII
IIIIIIIIIIIIIIIIIIIIIIIIA1122IIIIIIIIIA1122IIIIIIIIIIIIIIIIIIIII
IIIIIIIIIIIIIIIIIIIIIIIIIIIIIIIIIIIIIIA1122IIIIIIIIIIIIIIIIIIIII
IIIIIIIIIIIIIIIIIIIIIIIIIIA1122IIIIIIIA1122IIIIIIIIIIIIIIIIIIIII
IIIIIIIIIIIIIIIIIIIIIIIIA1A1122IIIIIIIA1122IIIIIIIIIIIIIIIIIIIII
IIIIIIIIIIIIIIIIIIIIIIIIA1A1122IIIIIIIA112222IIIIIIIIIIIIIIIIIII
IIIIIIIIIIIIIIIIIIIIIIIIIIIIIIIIIIIIIIA112I22IIIIIIIIIIIIIIIIIII
IIIIIIIIIIIIIIIIIIIIIIIIA112I22IIIIIIIA112I22IIIIIIIIIIIIIIIIIII
IIIIIIIIIIIIIIIIIIIIIIIIIIIIIIIIIIIIIIA112I22IIIIIIIIIIIIIIIIIII
IIIIIIIIIIIIIIIIIIIIIIIIA112I22IIIIIIIA112I22IIIIIIIIIIIIIIIIIII
IIIIIIIIIIIIIIIIIIIIIIIIIIIIIIIIIIIIIIA112I22IIIIIIIIIIIIIIIIIII
IIIIIIIIIIIIIIIIIIIIIIIIA112I22IIIIIIIA112I22IIIIIIIIIIIIIIIIIII
IIIIIIIIIIIIIIIIIIIIIIIIIIIIIIIIIIIIIIA112I22IIIIIIIIIIIIIIIIIII
IIIIIIIIIIIIIIIIIIIIIIIIIIA112I22IIIIIA112I22IIIIIIIIIIIIIIIIIII
IIIIIIIIIIIIIIIIIIIIIIIIA1A112222IIIIIA112I22IIIIIIIIIIIIIIIIIII
IIIIIIIIIIIIIIIIIIIIIIIIIIIIIIIIIIIIIIA112I22IIIIIIIIIIIIIIIIIII
IIIIIIIIIIIIIIIIIIIIIIIIA112I22IIIIIIIA112I22IIIIIIIIIIIIIIIIIII
IIIIIIIIIIIIIIIIIIIIIIIIIIIIIIIIIIIIIIA112I22IIIIIIIIIIIIIIIIIII
IIIIIIIIIIIIIIIIIIIIIIIIA112I22IIIIIIIA112I22IIIIIIIIIIIIIIIIIII
IIIIIIIIIIIIIIIIIIIIIIIIIIA2IIIIIIIIIIIIIIIIIIIIIIIIIIIIIIIIIIII
IIIIIIIIIIIIIIIIIIIIIIIIIAA2IIIIIIIIIIIIIIIIIIIIIIIIIIIIIIIIIIII
IIIIIIIIIIIIIIIIIIIIIIIIIAA2IIIIIIIIIIA2IIIIIIIIIIIIIIIIIIIIIIII
IIIIIIIIIIIIIIIIIIIIIIIIAAA2IIIIIIIIIIA2IIIIIIIIIIIIIIIIIIIIIIII
IIIIIIIIIIIIIIIIIIIIIIIIAAA1IIIIIIIIIIA2IIIIIIIIIIIIIIIIIIIIIIII
IIIIIIIIIIIIIIIIIIIIIIIIAAA1IIIIIIIIIIA1IIIIIIIIIIIIIIIIIIIIIIII
IIIIIIIIIIIIIIIIIIIIIIIIAAA12IIIIIIIIIA1IIIIIIIIIIIIIIIIIIIIIIII
IIIIIIIIIIIIIIIIIIIIIIIIAAA12IIIIIIIIIA12IIIIIIIIIIIIIIIIIIIIIII
IIIIIIIIIIIIIIIIIIIIIIIIIIA1IIIIIIIIIIIIIIIIIIIIIIIIIIIIIIIIIIII
IIIIIIIIIIIIIIIIIIIIIIIIIIA1IIIIIIIIIIA1IIIIIIIIIIIIIIIIIIIIIIII
IIIIIIIIIIIIIIIIIIIIIIIIA1A1IIIIIIIIIIA1IIIIIIIIIIIIIIIIIIIIIIII
IIIIIIIIIIIIIIIIIIIIIIIIAAA1IIIIIIIIIIA1IIIIIIIIIIIIIIIIIIIIIIII
IIIIIIIIIIIIA2IIIIIIIIIIIIIIIIIIIIIIIIIIIIIIIIIIIIIIIIIIIIIIIIII
IIIIIIIIIIIAA2IIIIIIIIIIIIIIIIIIIIIIIIIIIIIIIIIIIIIIIIIIIIIIIIII
IIIIIIIIIIIIIIIIIIIIIIIIIIIIIIA2IIIIIIIIIIIIIIIIIIIIIIIIIIIIIIII
IIIIIIIIIIIIIIIIIIIIIIIIA1IIIIIIIIIIIIIIIIIIIIIIIIIIIIIIIIIIIIII
IIIIIIIIIIIIIIIIIIIIIIIIA1A1IIIIIIIIIIIIIIIIIIIIIIIIIIIIIIIIIIII
IIIIIIIIIIIIIIIIIIIIIIIIIIAIIIIIIIIIIIIIIIIIIIIIIIIIIIIIIIIIIIII
IIIIIIIIIIIIIIIIIIIIIIIIIIAIIIIIIIIIIIAIIIIIIIIIIIIIIIIIIIIIIIII
IIIIIIIIIIIIIIIIIIIIIIIIIAAIIIIIIIIIIIAIIIIIIIIIIIIIIIIIIIIIIIII
IIIIIIIIIIIIIIIIIIIIIIIIIAAIIIIIIIIIIIA1IIIIIIIIIIIIIIIIIIIIIIII
IIIIIIIIIIIIIIIIIIIIIIIIIAA1IIIIIIIIIIA1IIIIIIIIIIIIIIIIIIIIIIII
IIIIIIIIIIIIIIIIIIIIIIIIAAA1IIIIIIIIIIA1IIIIIIIIIIIIIIIIIIIIIIII
IIIIIIIIIIIIIIIIIIIIIIIIAAA1IIIIIIIIIIA12IIIIIIIIIIIIIIIIIIIIIII
IIIIIIIIIIIIIIIIIIIIIIIIAAA12IIIIIIIIIA12IIIIIIIIIIIIIIIIIIIIIII
IIIIIIIIIIIIIIIIIIIIIIIIIIA12IIIIIIIIIIIIIIIIIIIIIIIIIIIIIIIIIII
IIIIIIIIIIIIIIIIIIIIIIIIIAA12IIIIIIIIIIIIIIIIIIIIIIIIIIIIIIIIIII
IIIIIIIIIIIIIIIIIIIIIIIIIAA12IIIIIIIIIA12IIIIIIIIIIIIIIIIIIIIIII
IIIIIIIIIIIIIIIIIIIIIIIIAAA12IIIIIIIIIA12IIIIIIIIIIIIIIIIIIIIIII
IIIIIIIIIIIIIIIIIIIIIIIIAAA11IIIIIIIIIA12IIIIIIIIIIIIIIIIIIIIIII
IIIIIIIIIIIIIIIIIIIIIIIIAAA11IIIIIIIIIA112IIIIIIIIIIIIIIIIIIIIII
IIIIIIIIIIIIIIIIIIIIIIIIAAA112IIIIIIIIA112IIIIIIIIIIIIIIIIIIIIII
IIIIIIIIIIIIIIIIIIIIIIIIIIIIIIIIIIIIIIIIIIIIIIA12IIIIIIIIIIIIIII
IIIIIIIIIIIIIIIIIIIIIIIIIIIIIIIIIIIIIIIIIIIIIIA12IIIIA12IIIIIIII
IIIIIIIIIIIIIIIIIIIIIIIIIIIIIIIIIIIIIIA1IIIIIIIIIIIIIIIIIIIIIIII
IIIIIIIIIIIIIIIIIIIIIIIIA1IIIIIIIIIIIIA1IIIIIIIIIIIIIIIIIIIIIIII
IIIIIIIIIIIIIIIIIIIIIIIIAA2IIIIIIIIIIIA1IIIIIIIIIIIIIIIIIIIIIIII
IIIIIIIIIIIIIIIIIIIIIIIIAAA2IIIIIIIIIIA1IIIIIIIIIIIIIIIIIIIIIIII
IIIIIIIIIIIIIIIIIIIIIIIIAAA2IIIIIIIIIIA1I2IIIIIIIIIIIIIIIIIIIIII
IIIIIIIIIIIIIIIIIIIIIIIIIIIIIIIIIIIIIIIIII1AIIIIIIIIIIIIIIII2211
IIIIIIIIIIIIIIIIIIIIIIIIIIIIIIA2IIIIIIIIII1AIIIIIIIIIIIIIIII2211
IIIIIIIIIIIIIIIIIIIIIIIIIIIIIIA2IIIIIIIIII1AIIIIIIIIIIIA2III2211
IIIIIIIIIIIIIIIIIIIIIIIIIIIIIIA2IIIIIIIIII1AIIIIIIIIIIIAA2II2211
IIIIIIIIIIIIIIIIIIIIIIIIIIIIIIA2IIIIIIIIII1AIIIIIIIIIIAAA2II2211
IIIIIIIIIIIIIIIIIIIIIIIA12IIIIIIIIIIIIIIIIIIIIIIIIIIIIIIIIIIIIII
IIIIIIIIIIIIIIIIIIIIIIIA12IIIIIIIIIIIIIIIIIIIIIIIIIIIIA1III2IIII
IIIIIIIIIIIIIIIIIIIIIIIA12IIIIIIIIIIIIIIIIIIIIIIIIIIIIA1A1I2I2II
IIIIIIIIIIIIIIIIIIIIIIIIIIIIIIIIIIIIIIIIIAI2IIIIIIIIIIIIIIIIIIII
IIIIIIIIIIIIIIIIIIIIIIIIIIIIIIIIIIIIIIIIIAIIIIIIIIIIIIIIIIIIIIII
IIIIIIIIIIIIIIIIIIIIIIIIIIIIIIIIIIIIIIIIIIIIIIIIIIIIIIIIA1IIIIII
IIIIIIIIIIIIIIIIIIIIIIIIIIIIIIIIIIIIIIIIIIIIIIIIIIIIIIIAA1IIIIII
IIIIIIIIIIIIIIIIIIIIIIIIIIA1IIIIIIIIIIIIIIIIIIIIIIIIIIIAA1IIIIII
A1IIIIIIIIIIIIIIIIIIIIIIIIA1IIIIIIIIIIIIIIIIIIIIIIIIIIIAA1IIIIII
A1IIIIIIIIIIIIIIIIIIIIIIIIA1IIIA1IIIIIIIIIIIIIIIIIIIIIIAA1IIIIII
A1IIIIIIIIIIIIIIIIIIIIIIIIAA1IIA1IIIIIIIIIIIIIIIIIIIIIIAA1IIIIII
A1IIIIIIIIA1IIIIIIIIIIIIIIAA1IIA1IIIIIIIIIIIIIIIIIIIIIIAA1IIIIII
A1IIIIIIIIA1IIIIIIIIIIIIIIAAA1IA1IIIIIIIIIIIIIIIIIIIIIIAA1IIIIII
A1IIIIIIIIA1IIIIIIIIIIIIIIAAA1IA1IIIIIIIIIIAIIIIIIIIIIIAA1IIIIII
AAIIIIIIIIA1IIIIIIIIIIIIIIAAA1IA1IIIIIIIIIIAIIIIIIIIIIIAA1IIIIII
AAIIIIIIIIA1IIIIIIIIIIIIIIAAA1AA1IIIIIIIIIIAIIIIIIIIIIIAA1IIIIII
AAIIIIIIIIA1IIIIIIIIIIIIIIAAA1AA1IIIIIIIIIIAIIIIIIIIIIAAA1IIIIII
AAIIIIIIIIA1IIIIIIIIIIIIIIAAA1AA11I22IIIIIIAIIIIIIIIIIAAA1IIIIII
AAIIIIIIIIA1IIIIIIIIIIIIIIAAA1AA11I22IIIIIIAIIIIIIIIIIAAA1I22III
AAIIIIIIIIA1IIIIIIIIIIIIIIAAA1AA11I22IIIIIIAIA111IIIIIAAA1I22III
AAIIIIIIIIA1IIIIIIIIIIIIIIAAA1AA11I22IIIIIIAIAA11IIIIIAAA1I22III
AAIIIIIIIIA1IIAIIIIIIIIIIIAAA1AA11I22IIIIIIAIAA11IIIIIAAA1I22III
AAIIIIIIIIA1IIA1IIIIIIIIIIAAA1AA11I22IIIIIIAIAA11IIIIIAAA1I22III
AAIIIIIIIIA1IIAAIIIIIIIIIIAAA1AA11I22IIIIIIAIAA11IIIIIAAA1I22III
AAIIIIIIIIA1IAAAIIIIIIIIIIAAA1AA11I22IIIIIIAIAA11IIIIIAAA1I22III
AAIIIIIIIIA1IAAAIIIIIIIA2IAAA1AA11I22IIIIIIAIAA11IIIIIAAA1I22III
AAIIIIIIIIA1IAAAIIIIA2IA2IAAA1AA11I22IIIIIIAIAA11IIIIIAAA1I22III
AAIIIIIIIIA1IAAAIIIIA2IA2IAAA1AA11I22IIIIIIAIAA11IA2IIAAA1I22III
AAIIIIIIIIA1IAAAIIIIA2IA2IAAA1AA11I22IIIIIIAIAA11AA2IIAAA1I22III
AAIIIIIIIIA1IAAAIIIIA2IA2IAAA1AA11I22IIIIIIAIAA1AAA2IIAAA1I22III
AAIIIIIIIIA1IAAAIIIIA2IAA2AAA1AA11I22IIIIIIAIAA1AAA2IIAAA1I22III
AAIIIIIIIIA1IAAAIIIIA2IAA2AAA1AA11I22IIIIIIAIAA1AAA2IIAAA1222III
AAIIIIIIIIA1IAAAIIIIA2IAA2AAA1AA11I22IIIIIIAIAA1AAAA11AAA1222III
IIIIIIIIIIIIIIIIIIIIIIIIIIIIIIIIIIIIIIIIIIIIIIA1IIIIIIIIIIIIIIII
IIIIIIIIIIIIIIIIIIIIIIIIIIIIIIIIIIIIIIIIIIIIIIA1IIIIIA1IIIIIIIII
IIIIIIIIIIIIA1IIIIIIIIIIIIIIIIIIIIIIIIIIIIIIIIIIIIIIIIIIIIIIIIII
IIIIIIIIIIIAA1IIIIIIIIIIIIIIIIIIIIIIIIIIIIIIIIIIIIIIIIIIIIIIIIII
IIIIIIIIIIIIIIIIIIIIIIIIIIIIIIA1IIIIIIIIIIIIIIIIIIIIIIIIIIIIIIII
IIIIIIIIIIIIIIIIIIIIIIIIIIIIIIIIIIIIIIAIIIIIIIIIIIIIIIIIIIIIIIII
IIIIIIIIIIIIIIIIIIIIIIIIIIAIIIIIIIIIIIAIIIIIIIIIIIIIIIIIIIIIIIII
IIIIIIIIIIIIIIIIIIIIIIIIIAAIIIIIIIIIIIAIIIIIIIIIIIIIIIIIIIIIIIII
IIIIIIIIIIIIIIIIIIIIIIIIIAAIIIIIIIIIIIA12IIIIIIIIIIIIIIIIIIIIIII
IIIIIIIIIIIIIIIIIIIIIIIIIAA12IIIIIIIIIA12IIIIIIIIIIIIIIIIIIIIIII
IIIIIIIIIIIIIIIIIIIIIIIIAAA12IIIIIIIIIA12IIIIIIIIIIIIIIIIIIIIIII
IIIIIIIIIIIIIIIIIIIIIIIIIIIIIIIIIIIIIIA22IIIIIIIIIIIIIIIIIIIIIII
IIIIIIIIIIIIIIIIIIIIIIIIIIA22IIIIIIIIIA22IIIIIIIIIIIIIIIIIIIIIII
IIIIIIIIIIIIIIIIIIIIIIIIA2A22IIIIIIIIIA22IIIIIIIIIIIIIIIIIIIIIII
IIIIIIIIIIIIIIIIIIIIIIIIA2A112IIIIIIIIA22IIIIIIIIIIIIIIIIIIIIIII
IIIIIIIIIIIIIIIIIIIIIIIIA2A112IIIIIIIIA112IIIIIIIIIIIIIIIIIIIIII
IIIIIIIIIIIIIIIIIIIIIIIIA1A112IIIIIIIIA112IIIIIIIIIIIIIIIIIIIIII
IIIIIIIIIIIIIIIIIIIIIIIIIIIIIIIIIIIIIIA12IIIIIIIIIIIIIIIIIIIIIII
IIIIIIIIIIIIIIIIIIIIIIIIIIA12IIIIIIIIIA12IIIIIIIIIIIIIIIIIIIIIII
IIIIIIIIIIIIIIIIIIIIIIIIA1A12IIIIIIIIIA12IIIIIIIIIIIIIIIIIIIIIII
IIIIIIIIIIIIIIIIIIIIIIIIIIIIIIIIIIIIIIA12IIIIIIIIIIIIIIIIIIIIIII
IIIIIIIIIIIIIIIIIIIIIIIIIIA12IIIIIIIIIA12IIIIIIIIIIIIIIIIIIIIIII
IIIIIIIIIIIIIIIIIIIIIIIIA1A12IIIIIIIIIA12IIIIIIIIIIIIIIIIIIIIIII
IIIIIIIIIIIIIIIIIIIIIIIIIIIIIIIIIIIIIIA12IIIIIIIIIIIIIIIIIIIIIII
IIIIIIIIIIIIIIIIIIIIIIIIIIA12IIIIIIIIIA12IIIIIIIIIIIIIIIIIIIIIII
IIIIIIIIIIIIIIIIIIIIIIIIA1A12IIIIIIIIIA12IIIIIIIIIIIIIIIIIIIIIII
IIIIIIIIIIIIIIIIIIIIIIIIIIIIIIIIIIIIIIA12IIIIIIIIIIIIIIIIIIIIIII
IIIIIIIIIIIIIIIIIIIIIIIIIIA12IIIIIIIIIA12IIIIIIIIIIIIIIIIIIIIIII
IIIIIIIIIIIIIIIIIIIIIIIIA1A12IIIIIIIIIA12IIIIIIIIIIIIIIIIIIIIIII
IIIIIIIIIIIIIIIIIIIIIIIIIIA1IIIIIIIIIIIIIIIIIIIIIIIIIIIIIIIIIIII
IIIIIIIIIIIIIIIIIIIIIIIIIIA1IIIIIIIIIIA1IIIIIIIIIIIIIIIIIIIIIIII
IIIIIIIIIIIIIIIIIIIIIIIIA1A1IIIIIIIIIIA1IIIIIIIIIIIIIIIIIIIIIIII
IIIIIIIIIIIIIIIIIIIIIIIIAAA1IIIIIIIIIIA1IIIIIIIIIIIIIIIIIIIIIIII
IIIIIIIIIIIIIIIIIIIIIIIIAAA1IIIIIIIIIIA12IIIIIIIIIIIIIIIIIIIIIII
IIIIIIIIIIIIIIIIIIIIIIIIAAA12IIIIIIIIIA12IIIIIIIIIIIIIIIIIIIIIII
IIIIIIIIIIIIIIIIIIIIIIIIAAA12IIIIIIIIIA122IIIIIIIIIIIIIIIIIIIIII
IIIIIIIIIIIIIIIIIIIIIIIIAAA122IIIIIIIIA122IIIIIIIIIIIIIIIIIIIIII
IIIIIIIIIIIIIIIIIIIIIIIIIIIIIIIIIIIIIIIIIIIA1IIIIIIIIIIIIIIIIIII
IIIIIIIIIIIIIIIIIIIIIIIIIIIIIIA1IIIIIIIIIIIA1IIIIIIIIIIIIIIIIIII
IIIIIIIIIIIIIIIIIIIIIIIIIIIIIIA1IIIIIIIIII2A1IIIIIIIIIIIIIIIIIII
IIIIIIIIIIIIIIIIIIIIIIIIIIIIIIA1IIIIIIIIII2A1I2AIIIIIIIIIIIIIIII
IIIIIIIIIIIIIIIIIIIIIIIIIIIIIIA1IIIIIIIIII2A1I2AAIIIIIIIIIIIIIII
IIIIIIIIIIIIIIIIIIIIIIIIIIIIIIIIIIIIIIIIIIIIIIIIIIIIIIIA2IIIIIII
IIIIIIIIIIIIIIIIIIIIIIIIIIIIIIIIIIIIIIIIIIIIIIIIIIIIIIIAA2IIIIII
IIIIIIIIIIIIIIIIIIIIIIIIIIIIIIIIIIIIIIIIIIIIIIIIIIIIIIAAA2IIIIII
IIIIIIIIIIIIIIIIIIIIA112I2IIIIIIIIIIIIIIIIIIIIIIIIIIIIAAA2IIIIII
IIIIIIIIIIIIIIIIIIIIA11AI2IIIIIIIIIIIIIIIIIIIIIIIIIIIIAAA2IIIIII
IIIIIIIIIIIIIIIIIIIIA11AI2IIIIIIIIIIIIIIIIIIIIIIIIIIIIAAA11I11II
IIIIIIIIIIIIIIIIIIIIIIIIIIIIIIIIIIIIIIIIIIIIIIIIIIIIIIIIA1IIIIII
IIIIIIIIIIIIIIIIIIIIIIIIIIIIIIIIIIIIIIIIIIIIIIIIIIIIIIA1A1IIIIII
IIIIIIIIIIIIIIIIIIIIIIIIIIIIIIIIIIIIIIIIIIIIIIIIIIIIIIIIAI2IIIII
IIIIIIIIIIIIIIIIIIIIIIIIIIIIIIIIIIIIIIIIIIIIIIIIIIIIIIIAA22IIIII
IIIIIIIIIIIIIIIIIIIIIIIIIIA12IIIIIIIIIIIIIIIIIIIIIIIIIIAA22IIIII
A12IIIIIIIIIIIIIIIIIIIIIIIA12IIIIIIIIIIIIIIIIIIIIIIIIIIAA22IIIII
A12IIIIIIIIIIIIIIIIIIIIIIAA12IIIIIIIIIIIIIIIIIIIIIIIIIIAA22IIIII
A12IIIIIIIIIIIIIIIIIIIIIIAA12IIA12IIIIIIIIIIIIIIIIIIIIIAA22IIIII
A12IIIIIIIIIIIIIIIIIIIIIIAAA12IA12IIIIIIIIIIIIIIIIIIIIIAA22IIIII
A12IIIIIIIA12IIIIIIIIIIIIAAA12IA12IIIIIIIIIIIIIIIIIIIIIAA22IIIII
A12IIIIIIIA12IIIIIIIIIIIIAAAA12A12IIIIIIIIIIIIIIIIIIIIIAA22IIIII
A12IIIIIIIA12IIIIIIIIIIIIAAAA12A12IIIIIIIIIA12IIIIIIIIIAA22IIIII
A12IIIIIIIA12IIIIIIIIIIIIAAAA12A12IIIIIIIIIAA12IIIIIIIIAA22IIIII
A12IIIIIIIA12IIIIIIIIIIIIAAAA12A12IIIIA12IIAA12IIIIIIIIAA22IIIII
A12IIIIIIIA12IIIIIIIIIIIIAAAA12A12IIIIA12IIAA12IIIIIIIIAA2A12III
AA12IIIIIIA12IIIIIIIIIIIIAAAA12A12IIIIA12IIAA12IIIIIIIIAA2A12III
AA12IIIIIIA12IIIIIIIIIIIIAAAA1AA12IIIIA12IIAA12IIIIIIIIAA2A12III
AA12IIIIIIA12IIIIIIIIIIIIAAAA1AA12IIIIA12IIAA12IIIIIIIAAA2A12III
AA12IIIIIIA12IIIIIIIIIIIIAAAA1AA12I2IIA12IIAA12IIIIIIIAAA2A12III
AA12IIIIIIA12IIIIIIIIIIIIAAAA1AA12I2IIA12IIAAA122IIIIIAAA2A12III
AA12IIIIIIA12IIIIIIIIIIIIAAAA1AA12I2IIA12IIAAAA122IIIIAAA2A12III
AA12IIIIIIA12IIIIIIIIIIA2AAAA1AA12I2IIA12IIAAAA122IIIIAAA2A12III
AA12IIIIIIA12IIIIIIIA2IA2AAAA1AA12I2IIA12IIAAAA122IIIIAAA2A12III
AA12IIIIIIA12IIIIIIIA2IA2AAAA1AA12I2IIA12IIAAAA122A2IIAAA2A12III
AA12IIIIIIA12IIIIIIIA2IA2AAAA1AA12I2IIA12IIAAAA12AA2IIAAA2A12III
AA12IIIIIIA12IIIIIIIA2IA2AAAA1AA12I2IIA12IIAAAA1AAA2IIAAA2A12III
AA12IIIIIIA12IIIIIIIA2IAAAAAA1AA12I2IIA12IIAAAA1AAA2IIAAA2A12III
AA12IIIIIIA12IIIIIIIA2IAAAAAA1AA12I2IIA12IIAAAA1AAAA2IAAA2A12III
AA12IIIIIIA12IIIIIIIAAIAAAAAA1AA12I2IIA12IIAAAA1AAAA2IAAA2A12III
AA12IIIIIIA12IIIIIIIAAIAAAAAA1AA12I2IIA12IIAAAA1AAAA2IAAA1A12III
AA12IIIIIIA12IIIIIIIAAIAAAAAA1AA12I2IIA12IIAAAA1AAAA11AAA1A12III
AA12IIIIIIA12IIIIIIIAAIAAAAAA1AA121222A12IIAAAA1AAAA11AAA1A12III
AA12IIIIIIA12IIIIIIIAAIAAAAAA1AA121222A12IIAAAAAAAAA11AAA1A12III
AA12IIIIIIA12IIIIIIIAAIAAAAAA1AA121222A12IIAAAAAAAAA11AAA1A1222I
AA12IIIIIIA12IIIIIIIAAIAAAAAA1AA121222A12IIAAAAAAAAA11AAA1A11222
IIIIIIIIIIIIIIIIIIIIIIIA12IIIIIIIIIIIIIIIIIIIIIIIIIIIIIIIIIIIIII
IIIIIIIIIIIIIIIIIIIIIIIA12IIIIIIIIIIIIIIIIIIIIIIIIIIIIA12IIIIIII
IIIIIIIIIIIIIIIIIIIIIIIIIIIIIIIIIIIIIIIIIIIIIIIIIIIIIIIIA1I2I22I
IIIIIIIIIIIIIIIIIIIIIIIIIIIIIIIIIIIIIIIIIIIIIIIIIIIIIIAIA1I2I22I
IIIIIIIIIIIIIIIIIIIIIIIIIIIIIIIIIIIIIIIIIIIIIIIIIIIIIIA1A1I2222I
IIIIIIIIIIIIIIIIIIIIIIIIIIIIIIIIIIIIIIIIIIIIIIIIIIIIIIIIAI2I2III
IIIIIIIIIIIIIIIIIIIIIIIIIIIIIIIIIIIIIIIIIIIIIIIIIIIIIIIAA12I2III
IIIIIIIIIIIIIIIIIIIIIIIIIIA11II2IIIIIIIIIIIIIIIIIIIIIIIAA12I2III
IIIIIIIIIIIIIIIIIIIIIIIIIAA11I22IIIIIIIIIIIIIIIIIIIIIIIAA12I2III
A11II2IIIIIIIIIIIIIIIIIIIAA11I22IIIIIIIIIIIIIIIIIIIIIIIAA12I2III
A11II2IIIIIIIIIIIIIIIIIIIAA11I2A11II2IIIIIIIIIIIIIIIIIIAA12I2III
A11II2IIIIIIIIIIIIIIIIIIIAAA112A11II2IIIIIIIIIIIIIIIIIIAA12I2III
A11II2IIIIA11II2IIIIIIIIIAAA112A11II2IIIIIIIIIIIIIIIIIIAA12I2III
A11II2IIIIA11II2IIIIIIIIIAAAA11A11II2IIIIIIIIIIIIIIIIIIAA12I2III
A11II2IIIIA11II2IIIIIIIIIAAAA11A11II2IIIIIIA11II2IIIIIIAA12I2III
A11II2IIIIA11II2IIIIIIIIIAAAA11A11II2IIIIIIAA11I22IIIIIAA12I2III
A11II2IIIIA11II2IIIIIIIIIAAAA11A11II2IA11IIAA11I22IIIIIAA12I2III
A11II2IIIIA11II2IIIIIIIIIAAAA11A11II2IA11IIAA11I22IIIIIAA1A11II2
AA11I22IIIA11II2IIIIIIIIIAAAA11A11II2IA11IIAA11I22IIIIIAA1A11II2
AA11I22IIIA11II2IIIIIIIIIAAAA1AA11I22IA11IIAA11I22IIIIIAA1A11II2
AA11I22IIIA11II2IIIIIIIIIAAAA1AA11I22IA11IIAA11I22IIIIAAA1A11II2
IIIIIIIIIIIIIIIIIIIIIIIIIIIIIIIIIIIIIIIIIIIIIIIIIIIIIIA2IIIIIIII
IIIIIIIIIIIIIIIIIIIIIIIIIIIIIIA2IIIIIIIIIIIIIIIIIIIIIIA2IIIIIIII
IIIIIIIIIIIIIIIIIIIIIIIIIIIIIIA12IIIIIIIIIIIIIIIIIIIIIA2IIIIIIII
IIIIIIIIIIIIIIIIIIIIIIIIIIIIIIA12IIIIIIIIIIIIIIIIIIIIIA12IIIIIII
IIIIIIIIIIIIIIIIIIIIIIIIIIIIIIA12IIIIIIIIIIIIA12IIIIIIA12IIIIIII
IIIIIIIIIIIIIIIIIIIIIIIIIIIIIIA12IIIIIIIIIIIIAA12IIIIIA12IIIIIII
IIIIIIIIIIIIIIIIIIIIIIIA2IIIIIA12IIIIIIIIIIIIAA12IIIIIA12IIIIIII
IIIIIIIIIIIIIIIIIIIIA2IA2IIIIIA12IIIIIIIIIIIIAA12IIIIIA12IIIIIII
IIIIIIIIIIIIIIIIIIIIA2IA2IIIIIA12IIIIIIIIIIIIAA12IA2IIA12IIIIIII
IIIIIIIIIIIIIIIIIIIIA2IA2IIIIIA12IIIIIIIIIIIIAA12AA2IIA12IIIIIII
IIIIIIIIIIIIIIIIIIIIA2IA2IIIIIA12IIIIIIIIIIIIAA1AAA2IIA12IIIIIII
IIIIIIIIIIIIIIIIIIIIA2IAA2IIIIA12IIIIIIIIIIIIAA1AAA2IIA12IIIIIII
IIIIIIIIIIIIIIIIIIIIA2IAA2IIIIA12IIIIIIIIIIIIAA1AAAA12A12IIIIIII
IIIIIIIIIIIIIIIIIIIIAA1AA2IIIIA12IIIIIIIIIIIIAA1AAAA12A12IIIIIII
IIIIIIIIIIIIIIIIIIIIAA1AA2IIIIA12IIIIIIIIIIIIAA1AAAA12AA22I2IIII
IIIIIIIIIIIIIIIIIIIIAA1AAAI2I2A12IIIIIIIIIIIIAA1AAAA12AA22I2IIII
AI2I2IIIIIIIIIIIIIIIAA1AAAI2I2A12IIIIIIIIIIIIAA1AAAA12AA22I2IIII
AI2I2IIIIIIIIIIIIIIIAA1AAAIAI2A12IIIIIIIIIIIIAA1AAAA12AA22I2IIII
AI2I2IIIIIAI2I2IIIIIAA1AAAIAI2A12IIIIIIIIIIIIAA1AAAA12AA22I2IIII
AI2I2IIIIIAI2I2IIIIIAA1AAAIAA2A12IIIIIIIIIIIIAA1AAAA12AA22I2IIII
AI2I2IIIIIAI2I2IIIIIAA1AAAIAA2A12IIIIIIIIIIAIAA1AAAA12AA22I2IIII
AA2222IIIIAI2I2IIIIIAA1AAAIAA2A12IIIIIIIIIIAIAA1AAAA12AA22I2IIII
AA2222IIIIAI2I2IIIIIAA1AAAIAA2A12I2IIIIIIIIAIAA1AAAA12AA22I2IIII
AA2222IIIIAI2I2IIIIIAA1AAAIAA2A12I2IIIIIIIIAIAA1AAAA12AA1222IIII
AA2222IIIIAI2I2IIIIIAA1AAAIAA2A11I22IIIIIIIAIAA1AAAA12AA1222IIII
AA2222IIIIAI2I2IIIIIAA1AAAIAA2A11I22IIIIIIIAIAA1AAAA12AA1212IIII
AA2222IIIIAI2I2IIIIIAA1AAAIAA2A11I221II2IIIAIAA1AAAA12AA1212IIII
AA2122IIIIA12I2IIIIIAA1AAAIAA2A11I221II2IIIAIAA1AAAA12AA1212IIII
AA2122IIIIA12I2IIIIIAA1AAAIAA2A11I221I12I2IAIAA1AAAA12AA1212IIII
AA2122IIIIA1212IIIIIAA1AAAIAA2A11I221I12I2IAIAA1AAAA12AA1212IIII
AA2122IIIIA1212IIIIIAA1AAAIAA1A11I221I12I2IAIAA1AAAA12AA1212IIII
AA2122IIIIA1212IIIIIAA1AAAIAA1A11I221I12I2IA1AA1AAAA12AA1212IIII
AA1122IIIIA1212IIIIIAA1AAAIAA1A11I221I12I2IA1AA1AAAA12AA1212IIII
AA1122IIIIA1212IIIIIAA1AAA1AA1A11I221I12I2IA1AA1AAAA12AA1212IIII
AA1122IIIIA1212IIIIIAA1AAA1AA1A11I221I12I2IA1AA1AAAA12AA1212II2I
IIIIIIIIIIIIIIIIIIIIIIIIIIIIIIIIIIIIIIIIIIIA1II2IIIIIIIIIIIIIIII
IIIIIIIIIIIIIIIIIIIIIIIIIIIIIIA1II2IIIIIIIIA1II2IIIIIIIIIIIIIIII
IIIIIIIIIIIIIIIIIIIIIIIIIIIIIIA1II2IIIIIIIIA1IIA1II2IIIIIIIIIIII
IIIIIIIIIIIIIIIIIIIIIIIIIIIIIIA1II2IIIIIIIIA1IIAA1I22IIIIIIIIIII
IIIIIIIIIIIIIIIIIIIIIIIIIIIIIIA1II2IIIIIIIIA1IIAA1I22IIAIIIIIIII
IIIIIIIIIIIIIIIIIIIIIIIIIIIIIIA1II2IIIIIIIIA1IIAA1I22IIAAIIIIIII
IIIIIIIIIIIIIIIIIIIIIIIIIIIIIIA1II2IIIIIIIIA1IIAA1I22IAAAIIIIIII
IIIIIIIIIIIIIIIIIIIIIIIA12IIIIIIIIIIIIIIIIIIIIIIIIIIIIIIIIIIIIII
IIIIIIIIIIIIIIIIIIIIIIIA12IIIIIIIIIIIIIIIIIIIIIIIIIIIIA12IIIIIII
IIIIIIIIIIIIIIIIIIIIIIIIIIIIIIIIIIIIIIIIIIIIIIIIIIIIIIIIA2IIIIII
IIIIIIIIIIIIIIIIIIIIIIIIIIIIIIIIIIIIIIIIIIIIIIIIIIIIIIA2A2IIIIII
IIIIIIIIIIIIIIIIIIIIIIIIIIIIIIIIIIIIIIIIIIIIIIIIIIIIIIIIA11III22
IIIIIIIIIIIIIIIIIIIIIIIIIIA2IIIIIIIIIIIIIIIIIIIIIIIIIIIIA11III22
A2IIIIIIIIIIIIIIIIIIIIIIIIA2IIIIIIIIIIIIIIIIIIIIIIIIIIIIA11III22
A2IIIIIIIIIIIIIIIIIIIIIIIIA2IIIIIIIIIIIIIIIIIIIIIIIIIIIAA11III22
A2IIIIIIIIIIIIIIIIIIIIIIIAA2IIIIIIIIIIIIIIIIIIIIIIIIIIIAA11III22
A2IIIIIIIIIIIIIIIIIIIIIIIAA2IIIA2IIIIIIIIIIIIIIIIIIIIIIAA11III22
A2IIIIIIIIIIIIIIIIIIIIIIIAAA2IIA2IIIIIIIIIIIIIIIIIIIIIIAA11III22
A2IIIIIIIIA2IIIIIIIIIIIIIAAA2IIA2IIIIIIIIIIIIIIIIIIIIIIAA11III22
A2IIIIIIIIA1IIIIIIIIIIIIIAAA2IIA2IIIIIIIIIIIIIIIIIIIIIIAA11III22
A2IIIIIIIIA1IIIIIIIIIIIIIAAAA11A2IIIIIIIIIIIIIIIIIIIIIIAA11III22
A2IIIIIIIIA1IIIIIIIIIIIIIAAAA11A2IIIIIIIIIIIA11IIIIIIIIAA11III22
A2IIIIIIIIA1IIIIIIIIIIIIIAAAA11A2IIIIIIIIIIAA11IIIIIIIIAA11III22
A2IIIIIIIIA1IIIIIIIIIIIIIAAAA11A2IIIIIIIIIIAA112IIIIIIIAA11III22
A2IIIIIIIIA1IIIIIIIIIIIIIAAAA11A2IIIIIAIIIIAA112IIIIIIIAA11III22
A2IIIIIIIIA1IIIIIIIIIIIIIAAAA11A2IIIIIAIIIIAA112IIIIIIIAA1AIII22
A2IIIIIIIIA1IIIIIIIIIIIIIAAAA11A2IIIIIAIIIIAA112IIIIIIIAA1A11222
A1122IIIIIA1IIIIIIIIIIIIIAAAA11A2IIIIIAIIIIAA112IIIIIIIAA1A11222
AA1122IIIIA1IIIIIIIIIIIIIAAAA11A2IIIIIAIIIIAA112IIIIIIIAA1A11222
AA1122IIIIA1IIIIIIIIIIIIIAAAA1AA122IIIAIIIIAA112IIIIIIIAA1A11222
AA1122IIIIA1IIIIIIIIIIIIIAAAA1AA122IIIAIIIIAA112IIIIIIAAA1A11222
AA1122IIIIA11I2IIIIIIIIIIAAAA1AA122IIIAIIIIAA112IIIIIIAAA1A11222
AA1122IIIIA11I2IIIIIIIIIIAAAA1AA122IIIAIIIIAAA12IIIIIIAAA1A11222
AA1122IIIIA11I2IIIIIIIIIIAAAA1AA122IIIAIIIIAAAA2IIIIIIAAA1A11222
AA1122IIIIA11I2IIIIIIIIA1AAAA1AA122IIIAIIIIAAAA2IIIIIIAAA1A11222
AA1122IIIIA11I2IIIIIA11A1AAAA1AA122IIIAIIIIAAAA2IIIIIIAAA1A11222
AA1122IIIIA11I2IIIIIA11A1AAAA1AA122IIIAIIIIAAAA2IIA112AAA1A11222
AA1122IIIIA11I2IIIIIA11A1AAAA1AA122IIIAIIIIAAAA2IAA112AAA1A11222
AA1122IIIIA11I2IIIIIA11A1AAAA1AA122IIIAIIIIAAAA2AAA112AAA1A11222
AA1122IIIIA11I2IIIIIA11AAAAAA1AA122IIIAIIIIAAAA2AAA112AAA1A11222
AA1122IIIIA11I2IIIIIA11AAAAAA1AA122IIIAIIIIAAAA2AAAA11AAA1A11222
AA1122IIIIA11I2IIIIIA11AAAAAA1AA122IIIAIIIIAAAA2AAAA11AAA1A11212
AA1122IIIIA11I2IIIIIAA1AAAAAA1AA1222IIAIIIIAAAA2AAAA11AAA1A11212
AA1122IIIIA11I2IIIIIAA1AAAAAA1AA1222I2AIIIIAAAA2AAAA11AAA1A11212
IIIIIIIIIIIIIIIIIIIIIIIIIAIIIIIIIIIIIIIIIIIIIIIIIIIIIIIIIIIIIIII
IIIIIIIIIIIIIIIIIIIIIIIIAAIIIIIIIIIIIIIIIIIIIIIIIIIIIIIIIIIIIIII
IIIIIIIIIIIIIIIIIIIIIIIIAA1IIIIIIIIIIIIIIIIIIIIIIIIIIIIIIIIIIIII
IIIIIIIIIIIIIIIIIIIIIIIIIIA1IIIIIIIIIIIIIIIIIIIIIIIIIIIIIIIIIIII
IIIIIIIIIIIIIIIIIIIIIIIIIIA12IIIIIIIIIIIIIIIIIIIIIIIIIIIIIIIIIII
IIIIIIIIIIIIIIIIIIIIIIIIIIA12IIIIIIIIIA12IIIIIIIIIIIIIIIIIIIIIII
IIIIIIIIIIIIIIIIIIIIIIIIA1A12IIIIIIIIIA12IIIIIIIIIIIIIIIIIIIIIII
IIIIIIIIIIIIA11111112IIIIIIIIIIIIIIIIIIIIIIIIIIIIIIIIIIIIIIIIIII
IIIIIIIIIIIAA11111112IIIIIIIIIIIIIIIIIIIIIIIIIIIIIIIIIIIIIIIIIII
IIIIIIIIIIIIIIIIIIIIIIIIIIIIIIA2IIIIIIIIIIIIIIIIIIIIIIIIIIIIIIII
IIIIIIIIIIIIIIIIIIIIIIIIA1IIIIIIIIIIIIIIIIIIIIIIIIIIIIIIIIIIIIII
IIIIIIIIIIIIIIIIIIIIIIIIA1A2IIIIIIIIIIIIIIIIIIIIIIIIIIIIIIIIIIII
IIIIIIIIIIIIIIIIIIIIIIIIA1A1IIIIIIIIIIIIIIIIIIIIIIIIIIIIIIIIIIII
IIIIIIIIIIIIIIIIIIIIIIIIAAA1IIIIIIIIIIIIIIIIIIIIIIIIIIIIIIIIIIII
IIIIIIIIIIIIIIIIIIIIIIIIAAA122IIIIIIIIIIIIIIIIIIIIIIIIIIIIIIIIII
IIIIIIIIIIIIIIIIIIIIIIIIIIIIIIIIIIIIIIIIIIIIIIIIIIIIIAIIIIIIIIII
IIIIIIIIIIIIIIIIIIIIIIIA1IIIIIIIIIIIIIIIIIIIIIIIIIIIIAIIIIIIIIII
IIIIIIIIIIIIIIIIIIIIIIIIIIA1IIIIIIIIIIIIIIIIIIIIIIIIIIIIIIIIIIII
IIIIIIIIIIIIIIIIIIIIIIIIA1A1IIIIIIIIIIIIIIIIIIIIIIIIIIIIIIIIIIII
IIIIIIIIIIIIIIIIIIIIIIIIA1A1I22IIIIIIIIIIIIIIIIIIIIIIIIIIIIIIIII
IIIIIIIIIIIIIIIIIIIIIIIIIIA2IIIIIIIIIIIIIIIIIIIIIIIIIIIIIIIIIIII
IIIIIIIIIIIIIIIIIIIIIIIIA2A2IIIIIIIIIIIIIIIIIIIIIIIIIIIIIIIIIIII
IIIIIIIIIIIIIIIIIIIIIIIIA1A2IIIIIIIIIIIIIIIIIIIIIIIIIIIIIIIIIIII
IIIIIIIIIIIIIIIIIIIIIIIIA1A1IIIIIIIIIIIIIIIIIIIIIIIIIIIIIIIIIIII
IIIIIIIIIIIIIIIIIIIIIIIIIIIIIIIIIIIIIIIIIIIIIIA1IIIIIIIIIIIIIIII
IIIIIIIIIIIIIIIIIIIIIIIIIIIIIIIIIIIIIIIIIIIIIIA1IIIIIA1IIIIIIIII
IIIIIIIIIIIIIIIIIIIIIIIIIIIIIIIIIIIIIIIIIIIIIIA1IIIIIIIIIIIIIIII
IIIIIIIIIIIIIIIIIIIIIIIIIIIIIIIIIIIIIIIIIIIIIIA1IIIIIA1IIIIIIIII
IIIIIIIIIIIIIIIIIIIIIIIIIIIIIIAIIIIIIIIIIIIIIIIIIIIIIIIIIIIIIIII
IIIIIIIIIIIIIIIIIIIIIIIIIIIIIIAIIIIIIIIIIIIIIIIIIIIIIIIIIIIAIIII
IIIIIIIIIIIIIIIIIIIIIIIIA2IIIIIIIIIIIIIIIIIIIIIIIIIIIIIIIIIIIIII
IIIIIIIIIIIIIIIIIIIIIIIIA2A2IIIIIIIIIIIIIIIIIIIIIIIIIIIIIIIIIIII
IIIIIIIIIIIIIIIIIIIIIIIIIIAIIIIIIIIIIIIIIIIIIIIIIIIIIIIIIIIIIIII
IIIIIIIIIIIIIIIIIIIIIIIIIIA12IIIIIIIIIIIIIIIIIIIIIIIIIIIIIIIIIII
IIIIIIIIIIIIIIIIIIIIIIIIA1A12IIIIIIIIIIIIIIIIIIIIIIIIIIIIIIIIIII
IIIIIIIIIIIIIIIIIIIIIIIIIIIIIIIIIIIIIIA2IIIIIIIIIIIIIIIIIIIIIIII
IIIIIIIIIIIIIIIIIIIIIIIIA2IIIIIIIIIIIIA2IIIIIIIIIIIIIIIIIIIIIIII
IIIIIIIIIIIIIIIIIIIIIIIIA2IIIIIIIIIIIIA1IIIIIIIIIIIIIIIIIIIIIIII
IIIIIIIIIIIIIIIIIIIIIIIIA1IIIIIIIIIIIIA1IIIIIIIIIIIIIIIIIIIIIIII
IIIIIIIIIIIIIIIIIIIIIIIIA1A1IIIIIIIIIIA1IIIIIIIIIIIIIIIIIIIIIIII
IIIIIIIIIIIIIIIIIIIIIIIIIIAIIIIIIIIIIIIIIIIIIIIIIIIIIIIIIIIIIIII
IIIIIIIIIIIIIIIIIIIIIIIIIIAIIIIIIIIIIIAIIIIIIIIIIIIIIIIIIIIIIIII
IIIIIIIIIIIIIIIIIIIIIIIIAIAIIIIIIIIIIIAIIIIIIIIIIIIIIIIIIIIIIIII
IIIIIIIIIIIIIIIIIIIIIIIIAAAIIIIIIIIIIIAIIIIIIIIIIIIIIIIIIIIIIIII
IIIIIIIIIIIIIIIIIIIIIIIIAAA12IIIIIIIIIAIIIIIIIIIIIIIIIIIIIIIIIII
IIIIIIIIIIIIIIIIIIIIIIIIAAA12IIIIIIIIIA12IIIIIIIIIIIIIIIIIIIIIII
IIIIIIIIIIIIIIIIIIIIIIIIIIA2IIIIIIIIIIIIIIIIIIIIIIIIIIIIIIIIIIII
IIIIIIIIIIIIIIIIIIIIIIIIIIA2IIIIIIIIIIAIIIIIIIIIIIIIIIIIIIIIIIII
IIIIIIIIIIIIIIIIIIIIIIIIA1A2IIIIIIIIIIAIIIIIIIIIIIIIIIIIIIIIIIII
IIIIIIIIIIIIIIIIIIIIIIIIA1A12IIIIIIIIIAIIIIIIIIIIIIIIIIIIIIIIIII
IIIIIIIIIIIIIIIIIIIIIIIIA1A12IIIIIIIIIA12IIIIIIIIIIIIIIIIIIIIIII
IIIIIIIIIIIIIIIIIIIIIIIIAAA12IIIIIIIIIA12IIIIIIIIIIIIIIIIIIIIIII
IIIIIIIIIIIIIIIIIIIIIIIIIIA1IIIIIIIIIIIIIIIIIIIIIIIIIIIIIIIIIIII
IIIIIIIIIIIIIIIIIIIIIIIIIAA1IIIIIIIIIIIIIIIIIIIIIIIIIIIIIIIIIIII
IIIIIIIIIIIIIIIIIIIIIIIIIAA1IIIIIIIIIIA1IIIIIIIIIIIIIIIIIIIIIIII
IIIIIIIIIIIIIIIIIIIIIIIIAAA1IIIIIIIIIIA1IIIIIIIIIIIIIIIIIIIIIIII
IIIIIIIIIIIIIIIIIIIIIIIIAAA1IIIIIIIIIIA12IIIIIIIIIIIIIIIIIIIIIII
IIIIIIIIIIIIIIIIIIIIIIIIAAA12IIIIIIIIIA12IIIIIIIIIIIIIIIIIIIIIII
IIIIIIIIIIIIA2IIIIIIIIIIIIIIIIIIIIIIIIIIIIIIIIIIIIIIIIIIIIIIIIII
IIIIIIIIIIIAA2IIIIIIIIIIIIIIIIIIIIIIIIIIIIIIIIIIIIIIIIIIIIIIIIII
IIIIIIIIIIIIIIIIIIIIIIIIIIIIIIA2IIIIIIIIIIIIIIIIIIIIIIIIIIIIIIII
IIIIIIIIIIIIIIIIIIIIIIIIIIIIIIIIIIIIIIIIIIIIIIA1IIIIIIIIIIIIIIII
IIIIIIIIIIIIIIIIIIIIIIIIIIIIIIIIIIIIIIIIIIIIIIA1IIIIIA1IIIIIIIII
IIIIIIIIIIIIIIIIIIIIIIIIIIA2IIIIIIIIIIIIIIIIIIIIIIIIIIIIIIIIIIII
IIIIIIIIIIIIIIIIIIIIIIIIIIA1IIIIIIIIIIIIIIIIIIIIIIIIIIIIIIIIIIII
IIIIIIIIIIIIIIIIIIIIIIIIIIA1IIIIIIIIIIA1IIIIIIIIIIIIIIIIIIIIIIII
IIIIIIIIIIIIIIIIIIIIIIIIA1A1IIIIIIIIIIA1IIIIIIIIIIIIIIIIIIIIIIII
IIIIIIIIIIIIIIIIIIIIIIIIAAA1IIIIIIIIIIA1IIIIIIIIIIIIIIIIIIIIIIII
IIIIIIIIIIIIIIIIIIIIIIIIAAA12IIIIIIIIIA1IIIIIIIIIIIIIIIIIIIIIIII
IIIIIIIIIIIIIIIIIIIIIIIIAAA12IIIIIIIIIA12IIIIIIIIIIIIIIIIIIIIIII
IIIIIIIIIIIIIIIIIIIIIIIIAAA122IIIIIIIIA12IIIIIIIIIIIIIIIIIIIIIII
IIIIIIIIIIIIIIIIIIIIIIIIAAA122IIIIIIIIA122IIIIIIIIIIIIIIIIIIIIII
IIIIIIIIIIIIA1IIIIIIIIIIIIIIIIIIIIIIIIIIIIIIIIIIIIIIIIIIIIIIIIII
IIIIIIIIIIIAA1IIIIIIIIIIIIIIIIIIIIIIIIIIIIIIIIIIIIIIIIIIIIIIIIII
IIIIIIIIIIIIIIIIIIIIIIIIIIIIIIAIIIIIIIIIIIIIIIIIIIIIIIIIIIIIIIII
IIIIIIIIIIIIIIIIIIIIIIIIIIIIIIIIIIIIIIAIIIIIIIIIIIIIIIIIIIIIIIII
IIIIIIIIIIIIIIIIIIIIIIIIIIAIIIIIIIIIIIAIIIIIIIIIIIIIIIIIIIIIIIII
IIIIIIIIIIIIIIIIIIIIIIIIAIAIIIIIIIIIIIAIIIIIIIIIIIIIIIIIIIIIIIII
IIIIIIIIIIIIIIIIIIIIIIIIAIA1IIIIIIIIIIAIIIIIIIIIIIIIIIIIIIIIIIII
IIIIIIIIIIIIIIIIIIIIIIIIAIA1IIIIIIIIIIA12IIIIIIIIIIIIIIIIIIIIIII
IIIIIIIIIIIIIIIIIIIIIIIIA1A1IIIIIIIIIIA12IIIIIIIIIIIIIIIIIIIIIII
IIIIIIIIIIIIIIIIIIIIIIIIA1A12IIIIIIIIIA12IIIIIIIIIIIIIIIIIIIIIII
IIIIIIIIIIIIIIIIIIIIIIIIIIA1IIIIIIIIIIIIIIIIIIIIIIIIIIIIIIIIIIII
IIIIIIIIIIIIIIIIIIIIIIIIIIA1IIIIIIIIIIA1IIIIIIIIIIIIIIIIIIIIIIII
IIIIIIIIIIIIIIIIIIIIIIIIA1A1IIIIIIIIIIA1IIIIIIIIIIIIIIIIIIIIIIII
IIIIIIIIIIIIIIIIIIIIIIIIAAA1IIIIIIIIIIA1IIIIIIIIIIIIIIIIIIIIIIII
IIIIIIIIIIIIIIIIIIIIIIIIIIIIIIIIIIIIIIA2IIIIIIIIIIIIIIIIIIIIIIII
IIIIIIIIIIIIIIIIIIIIIIIIIIA2IIIIIIIIIIA2IIIIIIIIIIIIIIIIIIIIIIII
IIIIIIIIIIIIIIIIIIIIIIIIA2A2IIIIIIIIIIA2IIIIIIIIIIIIIIIIIIIIIIII
IIIIIIIIIIIIIIIIIIIIIIIIA2A2IIIIIIIIIIA12IIIIIIIIIIIIIIIIIIIIIII
IIIIIIIIIIIIIIIIIIIIIIIIA1A2IIIIIIIIIIA12IIIIIIIIIIIIIIIIIIIIIII
IIIIIIIIIIIIIIIIIIIIIIIIA1A12IIIIIIIIIA12IIIIIIIIIIIIIIIIIIIIIII
IIIIIIIIIIIIIIIIIIIIIIIIIIAIIIIIIIIIIIIIIIIIIIIIIIIIIIIIIIIIIIII
IIIIIIIIIIIIIIIIIIIIIIIIIIAIIIIIIIIIIIA1IIIIIIIIIIIIIIIIIIIIIIII
IIIIIIIIIIIIIIIIIIIIIIIIIIA1IIIIIIIIIIA1IIIIIIIIIIIIIIIIIIIIIIII
IIIIIIIIIIIIIIIIIIIIIIIIIAA1IIIIIIIIIIA1IIIIIIIIIIIIIIIIIIIIIIII
IIIIIIIIIIIIIIIIIIIIIIIIIAA12IIIIIIIIIA1IIIIIIIIIIIIIIIIIIIIIIII
IIIIIIIIIIIIIIIIIIIIIIIIIAA12IIIIIIIIIA12IIIIIIIIIIIIIIIIIIIIIII
IIIIIIIIIIIIIIIIIIIIIIIIAAA12IIIIIIIIIA12IIIIIIIIIIIIIIIIIIIIIII
IIIIIIIIIIIIIIIIIIIIIIIIIIIIIIIIIIIIIIA12IIIIIIIIIIIIIIIIIIIIIII
IIIIIIIIIIIIIIIIIIIIIIIIIIA12IIIIIIIIIA12IIIIIIIIIIIIIIIIIIIIIII
IIIIIIIIIIIIIIIIIIIIIIIIIAA12IIIIIIIIIA12IIIIIIIIIIIIIIIIIIIIIII
IIIIIIIIIIIIIIIIIIIIIIIIIAA112IIIIIIIIA12IIIIIIIIIIIIIIIIIIIIIII
IIIIIIIIIIIIIIIIIIIIIIIIIAA112IIIIIIIIA112IIIIIIIIIIIIIIIIIIIIII
IIIIIIIIIIIIIIIIIIIIIIIIAAA112IIIIIIIIA112IIIIIIIIIIIIIIIIIIIIII
IIIIIIIIIIIIIIIIIIIIIIIIIIIIIIIIIIIIIIA112IIIIIIIIIIIIIIIIIIIIII
IIIIIIIIIIIIIIIIIIIIIIIIA112IIIIIIIIIIA112IIIIIIIIIIIIIIIIIIIIII
IIIIIIIIIIIIIIIIIIIIIIIIIIIIIIIIIIIIIIA112IIIIIIIIIIIIIIIIIIIIII
IIIIIIIIIIIIIIIIIIIIIIIIIIA112IIIIIIIIA112IIIIIIIIIIIIIIIIIIIIII
IIIIIIIIIIIIIIIIIIIIIIIIIAA112IIIIIIIIA112IIIIIIIIIIIIIIIIIIIIII
IIIIIIIIIIIIIIIIIIIIIIIIAAA112IIIIIIIIA112IIIIIIIIIIIIIIIIIIIIII
IIIIIIIIIIIIIIIIIIIIIIIIIIIIIIIIIIIIIIA12IIIIIIIIIIIIIIIIIIIIIII
IIIIIIIIIIIIIIIIIIIIIIIIIIA12IIIIIIIIIA12IIIIIIIIIIIIIIIIIIIIIII
IIIIIIIIIIIIIIIIIIIIIIIIA1A12IIIIIIIIIA12IIIIIIIIIIIIIIIIIIIIIII
IIIIIIIIIIIIIIIIIIIIIIIIIIIIIIIIIIIIIIA12IIIIIIIIIIIIIIIIIIIIIII
IIIIIIIIIIIIIIIIIIIIIIIIIIA12IIIIIIIIIA12IIIIIIIIIIIIIIIIIIIIIII
IIIIIIIIIIIIIIIIIIIIIIIIIAA12IIIIIIIIIA12IIIIIIIIIIIIIIIIIIIIIII
IIIIIIIIIIIIIIIIIIIIIIIIAAA12IIIIIIIIIA12IIIIIIIIIIIIIIIIIIIIIII
IIIIIIIIIIIIIIIIIIIIIIIIIIA1IIIIIIIIIIIIIIIIIIIIIIIIIIIIIIIIIIII
IIIIIIIIIIIIIIIIIIIIIIIIIIA1IIIIIIIIIIA1IIIIIIIIIIIIIIIIIIIIIIII
IIIIIIIIIIIIIIIIIIIIIIIIA1A1IIIIIIIIIIA1IIIIIIIIIIIIIIIIIIIIIIII
IIIIIIIIIIIIIIIIIIIIIIIIIIIIIIIIIIIIIIA1IIIIIIIIIIIIIIIIIIIIIIII
IIIIIIIIIIIIIIIIIIIIIIIIA1IIIIIIIIIIIIA1IIIIIIIIIIIIIIIIIIIIIIII
IIIIIIIIIIIIIIIIIIIIIIIIIIIIIIIIIIIIIIA12IIIIIIIIIIIIIIIIIIIIIII
IIIIIIIIIIIIIIIIIIIIIIIIIIA12IIIIIIIIIA12IIIIIIIIIIIIIIIIIIIIIII
IIIIIIIIIIIIIIIIIIIIIIIIA1A12IIIIIIIIIA12IIIIIIIIIIIIIIIIIIIIIII
IIIIIIIIIIIIIIIIIIIIIIIIIIIIIIIIIIIIIIA12IIIIIIIIIIIIIIIIIIIIIII
IIIIIIIIIIIIIIIIIIIIIIIIA12IIIIIIIIIIIA12IIIIIIIIIIIIIIIIIIIIIII
IIIIIIIIIIIIIIIIIIIIIIIIIIA12IIIIIIIIIIIIIIIIIIIIIIIIIIIIIIIIIII
IIIIIIIIIIIIIIIIIIIIIIIIIIA12IIIIIIIIIA12IIIIIIIIIIIIIIIIIIIIIII
IIIIIIIIIIIIIIIIIIIIIIIIA1A12IIIIIIIIIA12IIIIIIIIIIIIIIIIIIIIIII
IIIIIIIIIIIIIIIIIIIIIIIIIIA12IIIIIIIIIIIIIIIIIIIIIIIIIIIIIIIIIII
IIIIIIIIIIIIIIIIIIIIIIIIIIA12IIIIIIIIIA12IIIIIIIIIIIIIIIIIIIIIII
IIIIIIIIIIIIIIIIIIIIIIIIIAA12IIIIIIIIIA12IIIIIIIIIIIIIIIIIIIIIII
IIIIIIIIIIIIIIIIIIIIIIIIAAA12IIIIIIIIIA12IIIIIIIIIIIIIIIIIIIIIII
IIIIIIIIIIIIIIIIIIIIIIIIIIA12IIIIIIIIIIIIIIIIIIIIIIIIIIIIIIIIIII
IIIIIIIIIIIIIIIIIIIIIIIIIIA12IIIIIIIIIA12IIIIIIIIIIIIIIIIIIIIIII
IIIIIIIIIIIIIIIIIIIIIIIIIAA12IIIIIIIIIA12IIIIIIIIIIIIIIIIIIIIIII
IIIIIIIIIIIIIIIIIIIIIIIIAAA12IIIIIIIIIA12IIIIIIIIIIIIIIIIIIIIIII
IIIIIIIIIIIIIIIIIIIIIIIIIIIIIIIIIIIIIIIIIIIIIIAIIIIIIIIIIIIIIIII
IIIIIIIIIIIIIIIIIIIIIIIIIIIIIIIIIIIIIIIIIIIIIIAIIIIIIAIIIIIIIIII
IIIIIIIIIIIIIIIIIIIIIIIIIIIIIIIIIIIIIIA1IIIIIIIIIIIIIIIIIIIIIIII
IIIIIIIIIIIIIIIIIIIIIIIIA1IIIIIIIIIIIIA1IIIIIIIIIIIIIIIIIIIIIIII
IIIIIIIIIIIIIIIIIIIIIIIIIIIIIIIIIIIIIIA1IIIIIIIIIIIIIIIIIIIIIIII
IIIIIIIIIIIIIIIIIIIIIIIIA1IIIIIIIIIIIIA1IIIIIIIIIIIIIIIIIIIIIIII
IIIIIIIIIIIIIIIIIIIIIIIIIIIIIIIIIIIIIIA1IIIIIIIIIIIIIIIIIIIIIIII
IIIIIIIIIIIIIIIIIIIIIIIIA1IIIIIIIIIIIIA1IIIIIIIIIIIIIIIIIIIIIIII
IIIIIIIIIIIIIIIIIIIIIIIIIIIIIIIIIIIIIIA2IIIIIIIIIIIIIIIIIIIIIIII
IIIIIIIIIIIIIIIIIIIIIIIIA2IIIIIIIIIIIIA2IIIIIIIIIIIIIIIIIIIIIIII
IIIIIIIIIIIIIIIIIIIIIIIIIIIIIIIIIIIIIIA2IIIIIIIIIIIIIIIIIIIIIIII
IIIIIIIIIIIIIIIIIIIIIIIIA2IIIIIIIIIIIIA2IIIIIIIIIIIIIIIIIIIIIIII
IIIIIIIIIIIIIIIIIIIIIIIIIIIIIIIIIIIIIIA2IIIIIIIIIIIIIIIIIIIIIIII
IIIIIIIIIIIIIIIIIIIIIIIIA2IIIIIIIIIIIIA2IIIIIIIIIIIIIIIIIIIIIIII
IIIIIIIIIIIIIIIIIIIIIIIIIIIIIIIIIIIIIIA2IIIIIIIIIIIIIIIIIIIIIIII
IIIIIIIIIIIIIIIIIIIIIIIIA2IIIIIIIIIIIIA2IIIIIIIIIIIIIIIIIIIIIIII
IIIIIIIIIIIIIIIIIIIIIIIIIIIIIIIIIIIIIIA2IIIIIIIIIIIIIIIIIIIIIIII
IIIIIIIIIIIIIIIIIIIIIIIIA2IIIIIIIIIIIIA2IIIIIIIIIIIIIIIIIIIIIIII
IIIIIIIIIIIIIIIIIIIIIIIIIIIIIIIIIIIIIIA2IIIIIIIIIIIIIIIIIIIIIIII
IIIIIIIIIIIIIIIIIIIIIIIIIIA2IIIIIIIIIIA2IIIIIIIIIIIIIIIIIIIIIIII
IIIIIIIIIIIIIIIIIIIIIIIIA2A2IIIIIIIIIIA2IIIIIIIIIIIIIIIIIIIIIIII
IIIIIIIIIIIIIIIIIIIIIIIIIIIIIIIIIIIIIIA2IIIIIIIIIIIIIIIIIIIIIIII
IIIIIIIIIIIIIIIIIIIIIIIIA2IIIIIIIIIIIIA2IIIIIIIIIIIIIIIIIIIIIIII
IIIIIIIIIIIIIIIIIIIIIIIIA2A2IIIIIIIIIIA2IIIIIIIIIIIIIIIIIIIIIIII
IIIIIIIIIIIIIIIIIIIIIIIIIIA2IIIIIIIIIIIIIIIIIIIIIIIIIIIIIIIIIIII
IIIIIIIIIIIIIIIIIIIIIIIIIIA2IIIIIIIIIIA2IIIIIIIIIIIIIIIIIIIIIIII
IIIIIIIIIIIIIIIIIIIIIIIIA2A2IIIIIIIIIIA2IIIIIIIIIIIIIIIIIIIIIIII
IIIIIIIIIIIIIIIIIIIIIIIIA2A2IIIIIIIIIIA12IIIIIIIIIIIIIIIIIIIIIII
IIIIIIIIIIIIIIIIIIIIIIIIA1A2IIIIIIIIIIA12IIIIIIIIIIIIIIIIIIIIIII
IIIIIIIIIIIIIIIIIIIIIIIIIIA2IIIIIIIIIIIIIIIIIIIIIIIIIIIIIIIIIIII
IIIIIIIIIIIIIIIIIIIIIIIIIIA2IIIIIIIIIIA2IIIIIIIIIIIIIIIIIIIIIIII
IIIIIIIIIIIIIIIIIIIIIIIIA2A2IIIIIIIIIIA2IIIIIIIIIIIIIIIIIIIIIIII
IIIIIIIIIIIIIIIIIIIIIIIIIA122IIIIIIIIIIIIIIIIIIIIIIIIIIIIIIIIIII
IIIIIIIIIIIIIIIIIIIIIIIIIAA122IIIIIIIIIIIIIIIIIIIIIIIIIIIIIIIIII
IIIIIIIIIIIIIIIIIIIIIIIIIAA122IIIIIIIIA12IIIIIIIIIIIIIIIIIIIIIII
IIIIIIIIIIIIIIIIIIIIIIIIIAA122IIIIIIIIA122IIIIIIIIIIIIIIIIIIIIII
IIIIIIIIIIIIIIIIIIIIIIIIAAA122IIIIIIIIA122IIIIIIIIIIIIIIIIIIIIII
IIIIIIIIIIIIIIIIIIIIIIIIIIA122IIIIIIIIIIIIIIIIIIIIIIIIIIIIIIIIII
IIIIIIIIIIIIIIIIIIIIIIIIIAA122IIIIIIIIIIIIIIIIIIIIIIIIIIIIIIIIII
IIIIIIIIIIIIIIIIIIIIIIIIIAA122IIIIIIIIA1IIIIIIIIIIIIIIIIIIIIIIII
IIIIIIIIIIIIIIIIIIIIIIIIIAA122IIIIIIIIA12IIIIIIIIIIIIIIIIIIIIIII
IIIIIIIIIIIIIIIIIIIIIIIIAAA122IIIIIIIIA12IIIIIIIIIIIIIIIIIIIIIII
IIIIIIIIIIIIIIIIIIIIIIIIIIA12IIIIIIIIIIIIIIIIIIIIIIIIIIIIIIIIIII
IIIIIIIIIIIIIIIIIIIIIIIIIAA12IIIIIIIIIIIIIIIIIIIIIIIIIIIIIIIIIII
IIIIIIIIIIIIIIIIIIIIIIIIIAA12IIIIIIIIIA12IIIIIIIIIIIIIIIIIIIIIII
IIIIIIIIIIIIIIIIIIIIIIIIAAA12IIIIIIIIIA12IIIIIIIIIIIIIIIIIIIIIII
IIIIIIIIIIIIIIIIIIIIIIIIIIA12IIIIIIIIIIIIIIIIIIIIIIIIIIIIIIIIIII
IIIIIIIIIIIIIIIIIIIIIIIIIIA12IIIIIIIIIA12IIIIIIIIIIIIIIIIIIIIIII
IIIIIIIIIIIIIIIIIIIIIIIIA1A12IIIIIIIIIA12IIIIIIIIIIIIIIIIIIIIIII
IIIIIIIIIIIIIIIIIIIIIIIIIIA12IIIIIIIIIIIIIIIIIIIIIIIIIIIIIIIIIII
IIIIIIIIIIIIIIIIIIIIIIIIIIA12IIIIIIIIIA12IIIIIIIIIIIIIIIIIIIIIII
IIIIIIIIIIIIIIIIIIIIIIIIA1A12IIIIIIIIIA12IIIIIIIIIIIIIIIIIIIIIII
IIIIIIIIIIIIIIIIIIIIIIIIIIA12IIIIIIIIIIIIIIIIIIIIIIIIIIIIIIIIIII
IIIIIIIIIIIIIIIIIIIIIIIIIIA12IIIIIIIIIA12IIIIIIIIIIIIIIIIIIIIIII
IIIIIIIIIIIIIIIIIIIIIIIIA1A12IIIIIIIIIA12IIIIIIIIIIIIIIIIIIIIIII
IIIIIIIIIIIIIIIIIIIIIIIIIIA112IIIIIIIIIIIIIIIIIIIIIIIIIIIIIIIIII
IIIIIIIIIIIIIIIIIIIIIIIIIAA112IIIIIIIIIIIIIIIIIIIIIIIIIIIIIIIIII
IIIIIIIIIIIIIIIIIIIIIIIIIAA112IIIIIIIIA1IIIIIIIIIIIIIIIIIIIIIIII
IIIIIIIIIIIIIIIIIIIIIIIIAAA112IIIIIIIIA1IIIIIIIIIIIIIIIIIIIIIIII
IIIIIIIIIIIIIIIIIIIIIIIIIA12IIIIIIIIIIIIIIIIIIIIIIIIIIIIIIIIIIII
IIIIIIIIIIIIIIIIIIIIIIIIIAA12IIIIIIIIIIIIIIIIIIIIIIIIIIIIIIIIIII
IIIIIIIIIIIIIIIIIIIIIIIIIAA12IIIIIIIIIA12IIIIIIIIIIIIIIIIIIIIIII
IIIIIIIIIIIIIIIIIIIIIIIIAAA12IIIIIIIIIA12IIIIIIIIIIIIIIIIIIIIIII
IIIIIIIIIIIIIIIIIIIIIIIIIIA112IIIIIIIIIIIIIIIIIIIIIIIIIIIIIIIIII
IIIIIIIIIIIIIIIIIIIIIIIIIAA112IIIIIIIIIIIIIIIIIIIIIIIIIIIIIIIIII
IIIIIIIIIIIIIIIIIIIIIIIIIAA112IIIIIIIIAIIIIIIIIIIIIIIIIIIIIIIIII
IIIIIIIIIIIIIIIIIIIIIIIIIAA112IIIIIIIIA112IIIIIIIIIIIIIIIIIIIIII
IIIIIIIIIIIIIIIIIIIIIIIIAAA112IIIIIIIIA112IIIIIIIIIIIIIIIIIIIIII
IIIIIIIIIIIIIIIIIIIIIIIIIIA112IIIIIIIIIIIIIIIIIIIIIIIIIIIIIIIIII
IIIIIIIIIIIIIIIIIIIIIIIIIIA112IIIIIIIIAIIIIIIIIIIIIIIIIIIIIIIIII
IIIIIIIIIIIIIIIIIIIIIIIIIIA112IIIIIIIIA112IIIIIIIIIIIIIIIIIIIIII
IIIIIIIIIIIIIIIIIIIIIIIIA1A112IIIIIIIIA112IIIIIIIIIIIIIIIIIIIIII
IIIIIIIIIIIIIIIIIIIIIIIIIIA12IIIIIIIIIIIIIIIIIIIIIIIIIIIIIIIIIII
IIIIIIIIIIIIIIIIIIIIIIIIIIA12IIIIIIIIIA12IIIIIIIIIIIIIIIIIIIIIII
IIIIIIIIIIIIIIIIIIIIIIIIA1A12IIIIIIIIIA12IIIIIIIIIIIIIIIIIIIIIII
IIIIIIIIIIIIIIIIIIIIIIIIAAA12IIIIIIIIIA12IIIIIIIIIIIIIIIIIIIIIII
IIIIIIIIIIIIIIIIIIIIIIIIIIA12IIIIIIIIIIIIIIIIIIIIIIIIIIIIIIIIIII
IIIIIIIIIIIIIIIIIIIIIIIIIIA12IIIIIIIIIA112IIIIIIIIIIIIIIIIIIIIII
IIIIIIIIIIIIIIIIIIIIIIIIA1A12IIIIIIIIIA112IIIIIIIIIIIIIIIIIIIIII
IIIIIIIIIIIIIIIIIIIIIIIIIIA112IIIIIIIIIIIIIIIIIIIIIIIIIIIIIIIIII
IIIIIIIIIIIIIIIIIIIIIIIIIAA112IIIIIIIIIIIIIIIIIIIIIIIIIIIIIIIIII
IIIIIIIIIIIIIIIIIIIIIIIIIAA112IIIIIIIIA112IIIIIIIIIIIIIIIIIIIIII
IIIIIIIIIIIIIIIIIIIIIIIIAAA112IIIIIIIIA112IIIIIIIIIIIIIIIIIIIIII
IIIIIIIIIIIIIIIIIIIIIIIIIIA112IIIIIIIIIIIIIIIIIIIIIIIIIIIIIIIIII
IIIIIIIIIIIIIIIIIIIIIIIIIAA112IIIIIIIIIIIIIIIIIIIIIIIIIIIIIIIIII
IIIIIIIIIIIIIIIIIIIIIIIIIAA112IIIIIIIIA112IIIIIIIIIIIIIIIIIIIIII
IIIIIIIIIIIIIIIIIIIIIIIIAAA112IIIIIIIIA112IIIIIIIIIIIIIIIIIIIIII
IIIIIIIIIIIIIIIIIIIIIIIIIIA12IIIIIIIIIIIIIIIIIIIIIIIIIIIIIIIIIII
IIIIIIIIIIIIIIIIIIIIIIIIIAA12IIIIIIIIIIIIIIIIIIIIIIIIIIIIIIIIIII
IIIIIIIIIIIIIIIIIIIIIIIIIAA12IIIIIIIIIA12IIIIIIIIIIIIIIIIIIIIIII
IIIIIIIIIIIIIIIIIIIIIIIIAAA12IIIIIIIIIA12IIIIIIIIIIIIIIIIIIIIIII
IIIIIIIIIIIIIIIIIIIIIIIIIIA122IIIIIIIIIIIIIIIIIIIIIIIIIIIIIIIIII
IIIIIIIIIIIIIIIIIIIIIIIIIAA122IIIIIIIIIIIIIIIIIIIIIIIIIIIIIIIIII
IIIIIIIIIIIIIIIIIIIIIIIIIAA122IIIIIIIIA122IIIIIIIIIIIIIIIIIIIIII
IIIIIIIIIIIIIIIIIIIIIIIIAAA122IIIIIIIIA122IIIIIIIIIIIIIIIIIIIIII
IIIIIIIIIIIIIIIIIIIIIIIIIIIIIIIIIIIIIIIIIIIIIIA112I2222IIIIIIIII
IIIIIIIIIIIIIIIIIIIIIIIIIIIIIIIIIIIIIIIIIIIIIIA112I22A112I2IIIII
IIIIIIIIIIIIIIIIIIIIIIIIIIIIIIIIIIIIIIIIIIIIIIA1IIIIIIIIIIIIIIII
IIIIIIIIIIIIIIIIIIIIIIIIIIIIIIIIIIIIIIIIIIIIIIA1IIIIIA1IIIIIIIII
IIIIIIIIIII1AIIIIIIIIIIIIIIIIIIIIIIIIIIIIIIIIIIIIIIIIIIIIIIIIIII
IIIIIIIIII1AAIIIIIIIIIIIIIIIIIIIIIIIIIIIIIIIIIIIIIIIIIIIIIIIIIII
IIIIIIIIIIIIIIIIIIIIIIIIIIIII1AIIIIIIIIIIIIIIIIIIIIIIIIIIIIIIIII
IIIIIIIIIIIIIIIIIIIIIIIIIIA2IIIIIIIIIIIIIIIIIIIIIIIIIIIIIIIIIIII
IIIIIIIIIIIIIIIIIIIIIIIIIIA2IIIIIIIIIIA2IIIIIIIIIIIIIIIIIIIIIIII
IIIIIIIIIIIIIIIIIIIIIIIIA2A2IIIIIIIIIIA2IIIIIIIIIIIIIIIIIIIIIIII
IIIIIIIIIIIIIIIIIIIIIIIIA2A12IIIIIIIIIA2IIIIIIIIIIIIIIIIIIIIIIII
IIIIIIIIIIIIIIIIIIIIIIIIAAA12IIIIIIIIIA2IIIIIIIIIIIIIIIIIIIIIIII
IIIIIIIIIIIIIIIIIIIIIIIIAAA12IIIIIIIIIA1IIIIIIIIIIIIIIIIIIIIIIII
IIIIIIIIIIIIIIIIIIIIIIIIIIA12IIIIIIIIIIIIIIIIIIIIIIIIIIIIIIIIIII
IIIIIIIIIIIIIIIIIIIIIIIIIIA12IIIIIIIIIA12IIIIIIIIIIIIIIIIIIIIIII
IIIIIIIIIIIIIIIIIIIIIIIIA1A12IIIIIIIIIA12IIIIIIIIIIIIIIIIIIIIIII
IIIIIIIIIIIIIIIIIIIIIIIIIIA12IIIIIIIIIIIIIIIIIIIIIIIIIIIIIIIIIII
IIIIIIIIIIIIIIIIIIIIIIIIIIA12IIIIIIIIIA12IIIIIIIIIIIIIIIIIIIIIII
IIIIIIIIIIIIIIIIIIIIIIIIIIA12IIIIIIIIIA112IIIIIIIIIIIIIIIIIIIIII
IIIIIIIIIIIIIIIIIIIIIIIIA1A12IIIIIIIIIA112IIIIIIIIIIIIIIIIIIIIII
IIIIIIIIIIIIIIIIIIIIIIIIIIA112IIIIIIIIIIIIIIIIIIIIIIIIIIIIIIIIII
IIIIIIIIIIIIIIIIIIIIIIIIIAA112IIIIIIIIIIIIIIIIIIIIIIIIIIIIIIIIII
IIIIIIIIIIIIIIIIIIIIIIIIIAA112IIIIIIIIA12IIIIIIIIIIIIIIIIIIIIIII
IIIIIIIIIIIIIIIIIIIIIIIIAAA112IIIIIIIIA12IIIIIIIIIIIIIIIIIIIIIII
IIIIIIIIIIIIAIIIIIIIIIIIIIIIIIIIIIIIIIIIIIIIIIIIIIIIIIIIIIIIIIII
IIIIIIIIIIIAAIIIIIIIIIIIIIIIIIIIIIIIIIIIIIIIIIIIIIIIIIIIIIIIIIII
IIIIIIIIIIIAAIIIIIIIIIIIIIIIIIA1IIIIIIIIIIIIIIIIIIIIIIIIIIIIIIII
IIIIIIIIIIIIIIIIIIIIIIIIIIAIIIIIIIIIIIIIIIIIIIIIIIIIIIIIIIIIIIII
IIIIIIIIIIIIIIIIIIIIIIIIAIAIIIIIIIIIIIIIIIIIIIIIIIIIIIIIIIIIIIII
IIIIIIIIIIIIIIIIIIIIIIIIIIAIIIIIIIIIIIIIIIIIIIIIIIIIIIIIIIIIIIII
IIIIIIIIIIIIIIIIIIIIIIIIIIA1IIIIIIIIIIIIIIIIIIIIIIIIIIIIIIIIIIII
IIIIIIIIIIIIIIIIIIIIIIIIA1A1IIIIIIIIIIIIIIIIIIIIIIIIIIIIIIIIIIII
IIIIIIIIIIIIIIIIIIIIIIIIIIA1IIIIIIIIIIIIIIIIIIIIIIIIIIIIIIIIIIII
IIIIIIIIIIIIIIIIIIIIIIIIA1A1IIIIIIIIIIIIIIIIIIIIIIIIIIIIIIIIIIII
IIIIIIIIIIIIIIIIIIIIIIIIIIA1IIIIIIIIIIIIIIIIIIIIIIIIIIIIIIIIIIII
IIIIIIIIIIIIIIIIIIIIIIIIA1A1IIIIIIIIIIIIIIIIIIIIIIIIIIIIIIIIIIII
IIIIIIIIIIIIIIIIIIIIIIIIIIA2IIIIIIIIIIIIIIIIIIIIIIIIIIIIIIIIIIII
IIIIIIIIIIIIIIIIIIIIIIIIIAA2IIIIIIIIIIIIIIIIIIIIIIIIIIIIIIIIIIII
IIIIIIIIIIIIIIIIIIIIIIIIAAA2IIIIIIIIIIIIIIIIIIIIIIIIIIIIIIIIIIII
IIIIIIIIIIIIIIIIIIIIIIIIIIA2IIIIIIIIIIIIIIIIIIIIIIIIIIIIIIIIIIII
IIIIIIIIIIIIIIIIIIIIIIIIA2A2IIIIIIIIIIIIIIIIIIIIIIIIIIIIIIIIIIII
IIIIIIIIIIIIIIIIIIIIIIIIA1A2IIIIIIIIIIIIIIIIIIIIIIIIIIIIIIIIIIII
IIIIIIIIIIIIIIIIIIIIIIIIIIA1IIIIIIIIIIIIIIIIIIIIIIIIIIIIIIIIIIII
IIIIIIIIIIIIIIIIIIIIIIIIA1A1IIIIIIIIIIIIIIIIIIIIIIIIIIIIIIIIIIII
IIIIIIIIIIIIIIIIIIIIIIIIIIA1IIIIIIIIIIIIIIIIIIIIIIIIIIIIIIIIIIII
IIIIIIIIIIIIIIIIIIIIIIIIA1A1IIIIIIIIIIIIIIIIIIIIIIIIIIIIIIIIIIII
IIIIIIIIIIIIIIIIIIIIIIIIIIA1IIIIIIIIIIIIIIIIIIIIIIIIIIIIIIIIIIII
IIIIIIIIIIIIIIIIIIIIIIIIA1A1IIIIIIIIIIIIIIIIIIIIIIIIIIIIIIIIIIII
IIIIIIIIIIIIIIIIIIIIIIIIIIA2IIIIIIIIIIIIIIIIIIIIIIIIIIIIIIIIIIII
IIIIIIIIIIIIIIIIIIIIIIIIA2A2IIIIIIIIIIIIIIIIIIIIIIIIIIIIIIIIIIII
IIIIIIIIIIIIIIIIIIIIIIIIIIA2IIIIIIIIIIIIIIIIIIIIIIIIIIIIIIIIIIII
IIIIIIIIIIIIIIIIIIIIIIIIA2A2IIIIIIIIIIIIIIIIIIIIIIIIIIIIIIIIIIII
IIIIIIIIIIIIIIIIIIIIIIIIIIAIIIIIIIIIIIIIIIIIIIIIIIIIIIIIIIIIIIII
IIIIIIIIIIIIIIIIIIIIIIIIAIAIIIIIIIIIIIIIIIIIIIIIIIIIIIIIIIIIIIII
IIIIIIIIIIIIIIIIIIIIIIIIIIAIIIIIIIIIIIIIIIIIIIIIIIIIIIIIIIIIIIII
IIIIIIIIIIIIIIIIIIIIIIIIIIA1IIIIIIIIIIIIIIIIIIIIIIIIIIIIIIIIIIII
IIIIIIIIIIIIIIIIIIIIIIIIA1A1IIIIIIIIIIIIIIIIIIIIIIIIIIIIIIIIIIII
IIIIIIIIIIIIIIIIIIIIIIIIIIA1IIIIIIIIIIIIIIIIIIIIIIIIIIIIIIIIIIII
IIIIIIIIIIIIIIIIIIIIIIIIA1A1IIIIIIIIIIIIIIIIIIIIIIIIIIIIIIIIIIII
IIIIIIIIIIIIIIIIIIIIIIIIIIA1IIIIIIIIIIIIIIIIIIIIIIIIIIIIIIIIIIII
IIIIIIIIIIIIIIIIIIIIIIIIA1A1IIIIIIIIIIIIIIIIIIIIIIIIIIIIIIIIIIII
IIIIIIIIIIIIIIIIIIIIIIIIIIA1IIIIIIIIIIIIIIIIIIIIIIIIIIIIIIIIIIII
IIIIIIIIIIIIIIIIIIIIIIIIA1A1IIIIIIIIIIIIIIIIIIIIIIIIIIIIIIIIIIII
IIIIIIIIIIIIIIIIIIIIIIIIIIA1IIIIIIIIIIIIIIIIIIIIIIIIIIIIIIIIIIII
IIIIIIIIIIIIIIIIIIIIIIIIA1A1IIIIIIIIIIIIIIIIIIIIIIIIIIIIIIIIIIII
IIIIIIIIIIIIIIIIIIIIIIIIIIA1IIIIIIIIIIIIIIIIIIIIIIIIIIIIIIIIIIII
IIIIIIIIIIIIIIIIIIIIIIIIA1A1IIIIIIIIIIIIIIIIIIIIIIIIIIIIIIIIIIII
IIIIIIIIIIIIIIIIIIIIIIIIIIA1IIIIIIIIIIIIIIIIIIIIIIIIIIIIIIIIIIII
IIIIIIIIIIIIIIIIIIIIIIIIA1A1IIIIIIIIIIIIIIIIIIIIIIIIIIIIIIIIIIII
IIIIIIIIIIIIIIIIIIIIIIIIIIAIIIIIIIIIIIIIIIIIIIIIIIIIIIIIIIIIIIII
IIIIIIIIIIIIIIIIIIIIIIIIIIAIIIIIIIIIIIA1IIIIIIIIIIIIIIIIIIIIIIII
IIIIIIIIIIIIIIIIIIIIIIIIIIA1IIIIIIIIIIA1IIIIIIIIIIIIIIIIIIIIIIII
IIIIIIIIIIIIIIIIIIIIIIIIA1A1IIIIIIIIIIA1IIIIIIIIIIIIIIIIIIIIIIII
IIIIIIIIIIIIIIIIIIIIIIIIIIIIIIIIIIIIIIA1IIIIIIIIIIIIIIIIIIIIIIII
IIIIIIIIIIIIIIIIIIIIIIIIIIA1IIIIIIIIIIA1IIIIIIIIIIIIIIIIIIIIIIII
IIIIIIIIIIIIIIIIIIIIIIIIIAA1IIIIIIIIIIA1IIIIIIIIIIIIIIIIIIIIIIII
IIIIIIIIIIIIIIIIIIIIIIIIAAA1IIIIIIIIIIA1IIIIIIIIIIIIIIIIIIIIIIII
IIIIIIIIIIIIIIIIIIIIIIIIAAA1IIIIIIIIIIA122IIIIIIIIIIIIIIIIIIIIII
IIIIIIIIIIIIIIIIIIIIIIIIAAA122IIIIIIIIA122IIIIIIIIIIIIIIIIIIIIII
IIIIIIIIIIIIIIIIIIIIIIIIIIIIIIIIIIIIIIA2IIIIIIIIIIIIIIIIIIIIIIII
IIIIIIIIIIIIIIIIIIIIIIIIIIA2IIIIIIIIIIA2IIIIIIIIIIIIIIIIIIIIIIII
IIIIIIIIIIIIIIIIIIIIIIIIIAA2IIIIIIIIIIA2IIIIIIIIIIIIIIIIIIIIIIII
IIIIIIIIIIIIIIIIIIIIIIIIAAA2IIIIIIIIIIA2IIIIIIIIIIIIIIIIIIIIIIII
IIIIIIIIIIIIIIIIIIIIIIIIAAA2IIIIIIIIIIA12IIIIIIIIIIIIIIIIIIIIIII
IIIIIIIIIIIIIIIIIIIIIIIIAAA12IIIIIIIIIA12IIIIIIIIIIIIIIIIIIIIIII
IIIIIIIIIIIIIIIIIIIIIIIIAAA12IIIIIIIIIA112IIIIIIIIIIIIIIIIIIIIII
IIIIIIIIIIIIIIIIIIIIIIIIAAA112IIIIIIIIA112IIIIIIIIIIIIIIIIIIIIII
IIIIIIIIIIIIIIIIIIIIIIIIIIIIIIIIIIIIIIIIIIIIIIA112222IIIIIIIIIII
IIIIIIIIIIIIIIIIIIIIIIIIIIIIIIIIIIIIIIIIIIIIIIA112222A112222IIII
IIIIIIIIIIIIIIIIIIIIIIIIIIIIIIIIIIIIIIIIIIIIIIIIIIIIIA1IIIIIIIII
IIIIIIIIIIIIIIIIIIIIIIIA1IIIIIIIIIIIIIIIIIIIIIIIIIIIIA1IIIIIIIII
IIIIIIIIIIIIA2IIIIIIIIIIIIIIIIIIIIIIIIIIIIIIIIIIIIIIIIIIIIIIIIII
IIIIIIIIIIIAA2IIIIIIIIIIIIIIIIIIIIIIIIIIIIIIIIIIIIIIIIIIIIIIIIII
IIIIIIIIIIIIIIIIIIIIIIIIIIIIIIA2IIIIIIIIIIIIIIIIIIIIIIIIIIIIIIII
IIIIIIIIIIIIIIIIIIIIIIIIIIAIIIIIIIIIIIIIIIIIIIIIIIIIIIIIIIIIIIII
IIIIIIIIIIIIIIIIIIIIIIIIAIAIIIIIIIIIIIIIIIIIIIIIIIIIIIIIIIIIIIII
IIIIIIIIIIIIIIIIIIIIIIIIAIA2IIIIIIIIIIIIIIIIIIIIIIIIIIIIIIIIIIII
IIIIIIIIIIIIIIIIIIIIIIIIA2A2IIIIIIIIIIIIIIIIIIIIIIIIIIIIIIIIIIII
IIIIIIIIIIIIA1222222IIIIIIIIIIIIIIIIIIIIIIIIIIIIIIIIIIIIIIIIIIII
IIIIIIIIIIIAA1222222IIIIIIIIIIIIIIIIIIIIIIIIIIIIIIIIIIIIIIIIIIII
IIIIIIIIIIIIIIIIIIIIIIIIIIIIIIA1IIIII2IIIII222IIIIIIIIIIIIIIIIII
IIIIIIIIIIIIIIIIIIIIIIIIIIA1IIIIIIIIIIIIIIIIIIIIIIIIIIIIIIIIIIII
IIIIIIIIIIIIIIIIIIIIIIIIIIA1IIIIIIIIIIA1IIIIIIIIIIIIIIIIIIIIIIII
IIIIIIIIIIIIIIIIIIIIIIIIA1A1IIIIIIIIIIA1IIIIIIIIIIIIIIIIIIIIIIII
IIIIIIIIIIIIIIIIIIIIIIIIAAA1IIIIIIIIIIA1IIIIIIIIIIIIIIIIIIIIIIII
IIIIIIIIIIIIIIIIIIIIIIIIAAA12IIIIIIIIIA1IIIIIIIIIIIIIIIIIIIIIIII
IIIIIIIIIIIIIIIIIIIIIIIIAAA12IIIIIIIIIA12IIIIIIIIIIIIIIIIIIIIIII
IIIIIIIIIIIIIIIIIIIIIIIIIIIIIIIIIIIIIIIIIIIIIIA2IIIIIIIIIIIIIIII
IIIIIIIIIIIIIIIIIIIIIIIIIIIIIIIIIIIIIIIIIIIIIIA2IIIIIA2IIIIIIIII
IIIIIIIIIIIIIIIIIIIIA2IIIIIIIIIIIIIIIIIIIIIIIIA2IIIIIA2IIIIIIIII
IIIIIIIIIIIIIIIIIIIIIIIIIIIIIIIIIIIIIIIIIIIIIIA1IIIIIIIIIIIIIIII
IIIIIIIIIIIIIIIIIIIIIIIIIIIIIIIIIIIIIIIIIIIIIIA1IIIIIA1IIIIIIIII
IIIIIIIIIIIIIIIIIIIIIIIIIIIIIIIIIIIIIIAIIIIIIIIIIIIIIIIIIIIIIIII
IIIIIIIIIIIIIIIIIIIIIIIIAIIIIIIIIIIIIIAIIIIIIIIIIIIIIIIIIIIIIIII
IIIIIIIIIIIIIIIIIIIIIIIIAIAIIIIIIIIIIIAIIIIIIIIIIIIIIIIIIIIIIIII
IIIIIIIIIIIIIIIIIIIIIIIIAIA1IIIIIIIIIIAIIIIIIIIIIIIIIIIIIIIIIIII
IIIIIIIIIIIIIIIIIIIIIIIIAIA1IIIIIIIIIIA1IIIIIIIIIIIIIIIIIIIIIIII
IIIIIIIIIIIIIIIIIIIIIIIIA1A1IIIIIIIIIIA1IIIIIIIIIIIIIIIIIIIIIIII
IIIIIIIIIIIIIIIIIIIIIIIIIIIIIIIIIIIIIIIIIIIIIIA1IIIIIIIIIIIIIIII
IIIIIIIIIIIIIIIIIIIIIIIIIIIIIIIIIIIIIIIIIIIIIIA1IIIIIA1IIIIIIIII
IIIIIIIIIIIIA1IIII222IIIIIIIIIIIIIIIIIIIIIIIIIIIIIIIIIIIIIIIIIII
IIIIIIIIIIIAA1III2222IIIIIIIIIIIIIIIIIIIIIIIIIIIIIIIIIIIIIIIIIII
IIIIIIIIIIIIIIIIIIIIIIIIIIIIIIA1IIII222IIIIIIIIIIIIIIIIIIIIIIIII
IIIIIIIIIIIIIIIIIIIIIIIIIIIIIIIIIIIIIIIIII2AIIIIIIIIIIIIIIIIIIII
IIIIIIIIIIIIIIIIIIIIIIIIIIIII2AIIIIIIIIIII2AIIIIIIIIIIIIIIIIIIII
IIIIIIIIIIIIIIIIIIIIIIIIIIIII2AIIIIIIIIIII2AIIIIIIIIII2AIIIIIIII
IIIIIIIIIIIIIIIIIIIIIIIIIIIII2AIIIIIIIIIII2AIIIIIIIIII2AAIIIIIII
IIIIIIIIIIIIIIIIIIIIIIIIIIIII2AIIIIIIIIIII2AIIIIIIIII2AAAIIIIIII
IIIIIIIIIIIIIIIIIIIIAIIIIIIIIIIIIIIIIIIIIIIIIIIIIIIIIIIIIIIIIIII
IIIIIIIIIIIIIIIIIIIIIIIA1III2IIIIIIIIIIIIIIIIIIIIIIIIIIIIIIIIIII
IIIIIIIIIIIIIIIIIIIIIIIA1III2IIIIIIIIIIIIIIIIIIIIIIIIIAIIIII1III
IIIIIIIIIIIIIIIIIIIIIIIIIIIIIIIIIIIIIIIIIIIIIIIIIIIIIIIIAIIIII1I
IIIIIIIIIIIIIIIIIIIIIIIIIIIIIIIIIIIIIIIIIIIIIIIIIIIIIIA1AIIIII1I
IIIIIIIIIIIIIIIIIIIIIIIIIIIIIIIIIIIIIIIIIIIIIIIIIIIIIIIIAI1II2II
IIIIIIIIIIIIIIIIIIIIIIIIIIIIIIIIIIIIIIIIIIIIIIIIIIIIIIIAA11I22II
IIIIIIIIIIIIIIIIIIIIIIIIIIAI1II2IIIIIIIIIIIIIIIIIIIIIIIAA11I22II
IIIIIIIIIIIIIIIIIIIIIIIIIAA11I22IIIIIIIIIIIIIIIIIIIIIIIAA11I22II
AI1II2IIIIIIIIIIIIIIIIIIIAA11I22IIIIIIIIIIIIIIIIIIIIIIIAA11I22II
A21II2IIIIIIIIIIIIIIIIIIIAA11I22IIIIIIIIIIIIIIIIIIIIIIIAA11I22II
A21II2IIIIIIIIIIIIIIIIIIIAA11I2A2IIIIIIIIIIIIIIIIIIIIIIAA11I22II
A21II2IIIIIIIIIIIIIIIIIIIAAA1I2A2IIIIIIIIIIIIIIIIIIIIIIAA11I22II
A21II2IIIIA2IIIIIIIIIIIIIAAA1I2A2IIIIIIIIIIIIIIIIIIIIIIAA11I22II
A21II2IIIIAA2IIIIIIIIIIIIAAA1I2A2IIIIIIIIIIIIIIIIIIIIIIAA11I22II
A21II2IIIIAA2IIIIIIIIIIIIAAAA22A2IIIIIIIIIIIIIIIIIIIIIIAA11I22II
A21II2IIIIAA2IIIIIIIIIIIIAAAA22A2IIIIIIIIIIA2IIIIIIIIIIAA11I22II
A21II2IIIIAA2IIIIIIIIIIIIAAAA22A2IIIIIA2IIIA2IIIIIIIIIIAA11I22II
AA1II2IIIIAA2IIIIIIIIIIIIAAAA22A2IIIIIA2IIIA2IIIIIIIIIIAA11I22II
AA1II2IIIIAA2IIIIIIIIIIIIAAAA22A2IIIIIA2IIIA2IIIIIIIIIAAA11I22II
AA1II2IIIIAA2IIIIIIIIIIIIAAAA2AA2IIIIIA2IIIA2IIIIIIIIIAAA11I22II
AA1II2IIIIAA2IIIIIIIIIIIIAAAA2AA2I2I22A2IIIA2IIIIIIIIIAAA11I22II
AA1II2IIIIAA2IIIIIIIIIIIIAAAA2AA2I2I22A2IIIA2A1II2I222AAA11I22II
AA1II2IIIIAA2IIIIIIIIIIIIAAAA2AA2I2I22A2IIIA2AA1I22222AAA11I22II
AA1II2IIIIAA2IIIIIIIIIIAIAAAA2AA2I2I22A2IIIA2AA1I22222AAA11I22II
AA1II2IIIIAA2IIIIIIIIIIAIAAAA2AA2I2I22A2IIIA2AA1I2A222AAA11I22II
AA1II2IIIIAA2IIIIIIIIIIAIAAAA2AA2I2I22A2IIIA2AA1IAA222AAA11I22II
AA1II2IIIIAA2IIIIIIIIIIAIAAAA2AA2I2I22A2IIIA2AA1AAA222AAA11I22II
AA1II2IIIIAA2IIIIIIIIIIAAAAAA2AA2I2I22A2IIIA2AA1AAA222AAA11I22II
AA1II2IIIIAA2IIIIIIIIIIAAAAAA2AA2I2I22A2IIIA2AA1AAAA12AAA11I22II
AA1II2IIIIAA2IIIIIIIIIIAAAAAA2AA2I2I22A2IIIA2AA1AAAA12AAA11I211I
AA1II2IIIIAA2IIIIIIAII1AAAAAA1AA112I22A2IIIA2AA1AAAA12AAA11I211I
AA1II2IIIIAA2IIIIIIAII1AAAAAA1AA112I22A2IIIA2AA1AAAA12AAA1112111
AA1II2IIIIAA2IIIIIIAII1AAAAAA1AA111111A2IIIA2AA1AAAA12AAA1112111
IIIIIIIIIIIIIIIIIIIIIIIIIIIIIIIIIIIIIIIIIIIA122I2IIIIIIIIIIIIIII
IIIIIIIIIIIIIIIIIIIIIIIIIIIIIIA122I2IIIIIIIA122I2IIIIIIIIIIIIIII
IIIIIIIIIIIIIIIIIIIIIIIIIIIIIIA122I2IIIIIIIA122I2IIIIIIA122I2III
IIIIIIIIIIIIIIIIIIIIIIIIIIIIIIA122I2IIIIIIIA122I2IIIIIIAA12222II
IIIIIIIIIIIIIIIIIIIIIIIIIIIIIIA122I2IIIIIIIA122I2IIIIIAAA12222II
IIIIIIIIII1I1I111I1IAIIIIIIIIIA122I2IIIIIIIA122I2IIIIIAAA12222II
IIIIIIIIII1I1I111I1IAIIA1IIIIIA122I2IIIIIIIA122I2IIIIIAAA12222II
IIIIIIIIII1I1I111I1IAIIA1IAIIIA122I2IIIIIIIA122I2IIIIIAAA12222II
AIIIIIIIII1I1I111I1IAIIA1IAIIIA122I2IIIIIIIA122I2IIIIIAAA12222II
AIIIIIIIII1I1I111I1IAIIA1AAIIIA122I2IIIIIIIA122I2IIIIIAAA12222II
AIIIIIIIII1I1I111I1IAIIA1AA12IA122I2IIIIIIIA122I2IIIIIAAA12222II
A12IIIIIII1I1I111I1IAIIA1AA12IA122I2IIIIIIIA122I2IIIIIAAA12222II
A12IIIIIII1I1I111I1IAIIA1AA12IAA12I2IIIIIIIA122I2IIIIIAAA12222II
A12IIIIIII1I1I111I1IAIIA1AAA12AA12I2IIIIIIIA122I2IIIIIAAA12222II
A12IIIIIIIA11I111I1IAIIA1AAA12AA12I2IIIIIIIA122I2IIIIIAAA12222II
A12IIIIIIIA11I111I1IAIIA1AAAA1AA12I2IIIIIIIA122I2IIIIIAAA12222II
A12IIIIIIIA11I111I1IAIIA1AAAA1AA12I2IIIIIIIAA12I2IIIIIAAA12222II
A12IIIIIIIA11I111I1IAIIA1AAAA1AA12I2IIA12IIAA12I2IIIIIAAA12222II
AA12IIIIIIA11I111I1IAIIA1AAAA1AA12I2IIA12IIAA12I2IIIIIAAA12222II
AA12IIIIIIA11I111I1IAIIA1AAAA1AA1222IIA12IIAA12I2IIIIIAAA12222II
AA12IIIIIIA11I111I1IAIIA1AAAA1AA1222IIA12IIAAA2222IIIIAAA12222II
AA12IIIIIIA11I111I1IAIIA1AAAA1AA1222IIA12IIAAAA2222IIIAAA12222II
AA12IIIIIIA11I111I1IAIIA1AAAA1AA1222IIA12IIAAAA222A12IAAA12222II
AA12IIIIIIA11I111I1IAIIA1AAAA1AA1222IIA12IIAAAA22AA12IAAA12222II
AA12IIIIIIA11I111I1IAIIA1AAAA1AA1222IIA12IIAAAA2AAA12IAAA12222II
AA12IIIIIIA11I111I1IAIIAAAAAA1AA1222IIA12IIAAAA2AAA12IAAA12222II
AA12IIIIIIA11I111I1IAIIAAAAAA1AA1222IIA12IIAAAA2AAAA12AAA12222II
AA12IIIIIIA11I111I1IAIIAAAAAA1AA1222IIA12IIAAAA2AAAA12AAA1222222
AA12IIIIIIA11I111I1AAI1AAAAAA1AA1222IIA12IIAAAA2AAAA12AAA1222222
AA12IIIIIIA11I111I1AAI1AAAAAA1AA1222IIA12IIAAAA2AAAA12AAA1222212
AA12IIIIIIA11I111I1AAI1AAAAAA1AA1212IIA12IIAAAA2AAAA12AAA1222212
IIIIIIIIIIIIIIIIIIIIIIIIIIIIIIIIIIIIIIIIIIIIIIIIIIIIIIIIA12IIIII
IIIIIIIIIIIIIIIIIIIIIIIIIIIIIIIIIIIIIIIIIIIIIIIIIIIIIIA1A12IIIII
IIIIIIIIIIIIIIIIIIIIIIIIIIIIIIIIIIIIIIIIIIIIIIIIIIIIIIIIAIIIIIII
IIIIIIIIIIIIIIIIIIIIIIIIIIIIIIIIIIIIIIIIIIIIIIIIIIIIIIIAAIIIIIII
IIIIIIIIIIIIIIIIIIIIIIIIIIA1IIIIIIIIIIIIIIIIIIIIIIIIIIIAAIIIIIII
A1IIIIIIIIIIIIIIIIIIIIIIIIA1IIIIIIIIIIIIIIIIIIIIIIIIIIIAAIIIIIII
A1IIIIIIIIIIIIIIIIIIIIIIIIA1IIIA1IIIIIIIIIIIIIIIIIIIIIIAAIIIIIII
A1IIIIIIIIIIIIIIIIIIIIIIIIAA1IIA1IIIIIIIIIIIIIIIIIIIIIIAAIIIIIII
A1IIIIIIIIA1IIIIIIIIIIIIIIAA1IIA1IIIIIIIIIIIIIIIIIIIIIIAAIIIIIII
A1IIIIIIIIA1IIIIIIIIIIIIIIAAA1IA1IIIIIIIIIIIIIIIIIIIIIIAAIIIIIII
A1IIIIIIIIA1IIIIIIIIIIIIIIAAA1IA1IIIIIIIIIIA1IIIIIIIIIIAAIIIIIII
A1IIIIIIIIA1IIIIIIIIIIIIIIAAA1IA1IIIIIIIIIIAA1IIIIIIIIIAAIIIIIII
A1IIIIIIIIA1IIIIIIIIIIIIIIAAA1IA1IIIIIA1IIIAA1IIIIIIIIIAAIIIIIII
AA1IIIIIIIA1IIIIIIIIIIIIIIAAA1IA1IIIIIA1IIIAA1IIIIIIIIIAAIIIIIII
AA1IIIIIIIA1IIIIIIIIIIIIIIAAA1IA1IIIIIA1IIIAA1IIIIIIIIAAAIIIIIII
AA1IIIIIIIA1IIIIIIIIIIIIIIAAA1AA1IIIIIA1IIIAA1IIIIIIIIAAAIIIIIII
AA1IIIIIIIA1IIIIIIIIIIIIIIAAA1AA12I22IA1IIIAA1IIIIIIIIAAAIIIIIII
AA1IIIIIIIA1IIIIIIIIIIIIIIAAA1AA12I22IA1IIIAA1IIIIIIIIAAA2I22III
AA1IIIIIIIA1IIIIIIIIIIIIIIAAA1AA12I22IA1IIIAAA112I22IIAAA2I22III
AA1IIIIIIIA1IIIIIIIIIIIIIIAAA1AA12I22IA1IIIAAAA112222IAAA2I22III
AA1IIIIIIIA1IIIIIIIIIIIA11AAA1AA12I22IA1IIIAAAA112222IAAA2I22III
AA1IIIIIIIA1IIIIIIIIIIIA11AAA1AA12I22IA1IIIAAAA112A112AAA2I22III
AA1IIIIIIIA1IIIIIIIIIIIA11AAA1AA12I22IA1IIIAAAA11AA112AAA2I22III
AA1IIIIIIIA1IIIIIIIIIIIA11AAA1AA12I22IA1IIIAAAA1AAA112AAA2I22III
AA1IIIIIIIA1IIIIIIIIIIIAA1AAA1AA12I22IA1IIIAAAA1AAA112AAA2I22III
AA1IIIIIIIA1IIIIIIIIIIIAA1AAA1AA12I22IA1IIIAAAA1AAAA12AAA2I22III
AA1IIIIIIIA1IIIIIIIIIIIAA1AAA1AA12I22IA1IIIAAAA1AAAA12AAA21222II
AA1IIIIIIIA1IIIIIIIA11IAA1AAA1AA12I22IA1IIIAAAA1AAAA12AAA21222II
AA1IIIIIIIA1IIIIIIIA11IAA1AAA1AA12I22IA1IIIAAAA1AAAA11AAA21222II
IIIIIIIIIIIIIIIIIIIIIIIIIIIIIIIIIIIIIIIIIIIIIIA1IIIIIIIIIIIIIIII
IIIIIIIIIIIIIIIIIIIIIIIIIIIIIIIIIIIIIIIIIIIIIIA1IIIIIA1IIIIIIIII
IIIIIIIIIIIIIIIIIIIIIIIIIIIIIIIIIIIIIIIIIIIAIIIIII22I2I222IIIIII
IIIIIIIIIIIIIIIIIIIIIIIIIIIIIIAIIIIII22I2I2A2IIIII22I2I222IIIIII
IIIIIIIIIIIIIIIIIIIIIIIIIIIIIIAIIIIII22I2I2A2IIIII22I2IA22IIII22
IIIIIIIIIIIIIIIIIIIIIIIIIIIIIIAIIIIII22I2I2A2IIIII22I2IAA2IIII22
IIIIIIIIIIIIIIIIIIIIIIIIIIIIIIAIIIIII22I2I2A2IIIII22I2AAA2IIII22
IIIIIIIIIIIIIIIIIIIIIIIA12IIIIIIIIIIIIIIIIIIIIIIIIIIIIIIIIIIIIII
IIIIIIIIIIIIIIIIIIIIIIIA12IIIIIIIIIIIIIIIIIIIIIIIIIIIIA12IIIIIII
IIIIIIIIIIIIIIIIIIIIIIIIIIIIIIIIIIIIIIIIIIIIIIIIIIIIIIIIA1IIIIII
IIIIIIIIIIIIIIIIIIIIIIIIIIIIIIIIIIIIIIIIIIIIIIIIIIIIIIA1A1IIIIII
IIIIIIIIIIIIIIIIIIIIIIIIIIIIIIIIIIIIIIIIIIIIIIIIIIIIIIIIA1I1I111
IIIIIIIIIIIIIIIIIIIIIIIIIIIIIIIIIIIIIIIIIIIIIIIIIIIIIIIAI1I1I1I1
IIIIIIIIIIIIIIIIIIIIIIIIIIAI1I1I1I1I1I1I1I1IIIIIIIIIIIIAI1I1I1I1
AI1I1I1I1I1I1I1IIIIIIIIIIIAI1I1I1I1I1I1I1I1IIIIIIIIIIIIAI1I1I1I1
AI1I1I1I1I1I1I1IIIIIIIIIIIAI1I1I1I1I1I1I1I1I11IIIIIIIIIAI1I1I1I1
AI1I1I1I1I1I1I1IIIIIIIIIIAA1111111111111111I11IIIIIIIIIAI1I1I1I1
AI1I1I1I1I1I1I1IIIIIIIIIIAA1111111111111111111IIIIIIIIIAI1I1I1I1
AI1I1I1I1I1I1I1I1I11IIIIIAA1111111111111111111IIIIIIIIIAI1I1I1I1
A11I1I1I12121I1I1211IIIIIAA1111111111111111111IIIIIIIIIAI1I1I1I1
A11I1I1I12121I1I1211IIIIIAA1111111111111111111IIIIIIIIIA11I1I1I1
A11I1I1I12121I1I1211IIIIIAA1111A11111111111111II22IIIIIA11I1I1I1
A11I1I1I12121I1I1211IIIIIAAA111A11111111111111II22IIIIIA11I1I1I1
A11I1I1I12A11I1I1211I2IIIAAA111A11111111111111II22IIIIIA11I1I1I1
A11I1I1I12A11I1I1211I2IIIAAAA11A111111111111112I22IIIIIA11I1I1I1
A11I1I1I12A11I1I1211I2IIIAAAA11A11111111111A112I22I22I2A11I121I1
A11I1I1I12A11I1I1211I2IIIAAAA11A11111111111AA12I22I2222A11I12121
A11I1I1I12A11I1I1211I2IIIAAAA11A111111A1111AA12222I2222A11I12121
A11I1I1I12A11I1I1211I2IIIAAAA11A111111A1111AA12222I2222A11A12121
AA1I1I1I12A11I1I1211I2IIIAAAA11A111111A1111AA12222I2222A11A12121
AA1I1I1I12A11I1I1211I2IIIAAAA11A111111A1111AA12222I222AA11A12121
AA1I1I1I12A11I1I1211I2IIIAAAA1AA111111A1111AA12222I222AA11A12121
AA1I1I1I12A11I1I1211I2IIIAAAA1AA111111A1111AAA1222I222AA11A12121
AA1I1I1I12A11I1I1211I2IIIAAAA1AA111111A1111AAAA122I222AA11A12121
AA1I1I1I12A11IA11211I2IIIAAAA1AA111111A1111AAAA122I222AA11A12121
AA1I1I1I12A11IAA1211I2IIIAAAA1AA111111A1111AAAA122I222AA11A12121
AA1I1I1I12A11AAA1211I2IIIAAAA1AA111111A1111AAAA122I222AA11A12121
AA1I1I1I12A11AAA1211I2IA1AAAA1AA111111A1111AAAA122I222AA11A12121
AA1I1I1I12A11AAA1211A12A1AAAA1AA111111A1111AAAA122I222AA11A12121
AA1I1I1I12A11AAA1211A12A1AAAA1AA111111A1111AAAA122A222AA11A12121
AA1I1I1I12A11AAA1211A12A1AAAA1AA111111A1111AAAA12AA222AA11A12121
AA1I1I1I12A11AAA1211A12A1AAAA1AA111111A1111AAAA1AAA222AA11A12121
AA1I1I1I12A11AAA1211A12AAAAAA1AA111111A1111AAAA1AAA222AA11A12121
AA1I1I1I12A11AAA1211A12AAAAAA1AA111111A1111AAAA1AAAA22AA11A12121
AA1I1I1I12A11AAA1211A12AAAAAA1AA111111A1111AAAA1AAAA22AA11A12111
IIIIIIIIIIIIIIIIIIIIIIIIIIIIIIIIIIIIIIIIIIIIIIAIIIIIIIIIIIIIIIII
IIIIIIIIIIIIIIIIIIIIIIIIIIIIIIIIIIIIIIIIIIIIIIAIIIIIIAIIIIIIIIII
IIIIIIIIIIIIA11112222IIIIIIIIIIIIIIIIIIIIIIIIIIIIIIIIIIIIIIIIIII
IIIIIIIIIIIAA11112222IIIIIIIIIIIIIIIIIIIIIIIIIIIIIIIIIIIIIIIIIII
IIIIIIIIIIIAA11112222IIIIIIIIIA11112222IIIIIIIIIIIIIIIIIIIIIIIII
IIIIIIIIIIIAA11112222IIIIIIIIIA111122222IIIIIIIIIIIIIIIIIIIIIIII
IIIIIIIIIIIIIIIIIIIIIIIIIIAIIIIIIIIIIIIIIIIIIIIIIIIIIIIIIIIIIIII
IIIIIIIIIIIIIIIIIIIIIIIIAIAIIIIIIIIIIIIIIIIIIIIIIIIIIIIIIIIIIIII
IIIIIIIIIIIIIIIIIIIIIIIIAIA2IIIIIIIIIIIIIIIIIIIIIIIIIIIIIIIIIIII
IIIIIIIIIIIIIIIIIIIIIIIIA2A2IIIIIIIIIIIIIIIIIIIIIIIIIIIIIIIIIIII
IIIIIIIIIIIIIIIIIIIIIIIIIIA1IIIIIIIIIIIIIIIIIIIIIIIIIIIIIIIIIIII
IIIIIIIIIIIIIIIIIIIIIIIIA1A1IIIIIIIIIIIIIIIIIIIIIIIIIIIIIIIIIIII
IIIIIIIIIIIIIIIIIIIIIIIIA1A1I2IIIIIIIIIIIIIIIIIIIIIIIIIIIIIIIIII
IIIIIIIIIIIIIIIIIIIIIIIIAAA122IIIIIIIIIIIIIIIIIIIIIIIIIIIIIIIIII
IIIIIIIIIIIIIIIIIIIIIIIIAAA122II21IIIIIIIIIIIIIIIIIIIIIIIIIIIIII
IIIIIIIIIIIIIIIIIIIIIIIIAAA1222121IIIIIIIIIIIIIIIIIIIIIIIIIIIIII
IIIIIIIIIIIIIIIIIIIIIIIIIIIIIIIIIIIIIIIIIIIAIIIIII2IIIIIIIIIIIII
IIIIIIIIIIIIIIIIIIIIIIIIIIIIIIAIIIIII2IIIIIAIIIIII2IIIIIIIIIIIII
IIIIIIIIIIIIIIIIIIIIIIIIIIIIIIAIIIIII2IIIIIAIIIIII2IIIIAIIIIII2I
IIIIIIIIIIIIIIIIIIIIIIIIIIIIIIAIIIIII2IIIIIAIIIIII2IIIIAAIIIII22
IIIIIIIIIIIIIIIIIIIIIIIIIIIIIIAIIIIII2IIIIIAIIIIII2IIIIAA2IIII22
IIIIIIIIIIIIIIIIIIIIIIIIIIIIIIAIIIIII2IIIIIA2IIIII2IIIIAA2IIII22
IIIIIIIIIIIIIIIIIIIIIIIIIIIIIIAIIIIII2IIIIIA2IIIII2IIIAAA2IIII22
IIIIIIIIIIIIIIIIIIIIA1I2IIIIIIAIIIIII2IIIIIA2IIIII2IIIAAA2IIII22
IIIIIIIIIIIIIIIIIIIIA1IAI1III2A2IIIII2IIIIIA2IIIII2IIIAAA2IIII22
IIIIIIIIIIIIIIIIIIIIA1IAI1III2A2IIIII2IIIIIA2IIIII2IIIAAA2II2I22
IIIIIIIIIIIIIIIIIIIIIIIIIIIIIIIIIIIIIIIIIIIIIIIIIIIIIIIIAI1III2I
IIIIIIIIIIIIIIIIIIIIIIIIIIIIIIIIIIIIIIIIIIIIIIIIIIIIIIAIAI1I2I2I
IIIIIIIIIIIIIIIIIIIIIIIIIIIIIIIIIIIIIIIIIIIIIIIIIIIIIIA2AI1I2I2I
IIIIIIIIIIIIIIIIIIIIIIIIIIIIIIIIIIIIIIIIIIIIIIIIIIIIIIIIA2IIIIII
IIIIIIIIIIIIIIIIIIIIIIIIIIIIIIIIIIIIIIIIIIIIIIIIIIIIIIIAA2IIIIII
IIIIIIIIIIIIIIIIIIIIIIIIIIA2IIIIIIIIIIIIIIIIIIIIIIIIIIIAA2IIIIII
A2IIIIIIIIIIIIIIIIIIIIIIIIA2IIIIIIIIIIIIIIIIIIIIIIIIIIIAA2IIIIII
A2IIIIIIIIIIIIIIIIIIIIIIIIA12IIIIIIIIIIIIIIIIIIIIIIIIIIAA2IIIIII
A12IIIIIIIIIIIIIIIIIIIIIIIA12IIIIIIIIIIIIIIIIIIIIIIIIIIAA2IIIIII
A12IIIIIIIIIIIIIIIIIIIIIIIA12IIA12IIIIIIIIIIIIIIIIIIIIIAA2IIIIII
A12IIIIIIIIIIIIIIIIIIIIIIIAA12IA12IIIIIIIIIIIIIIIIIIIIIAA2IIIIII
A12IIIIIIIA12IIIIIIIIIIIIIAA12IA12IIIIIIIIIIIIIIIIIIIIIAA2IIIIII
A12IIIIIIIAA12IIIIIIIIIIIIAA12IA12IIIIIIIIIIIIIIIIIIIIIAA2IIIIII
A12IIIIIIIAA12IIIIIIIIIIIIAAA12A12IIIIIIIIIIIIIIIIIIIIIAA2IIIIII
A12IIIIIIIAA12IIIIIIIIIIIIAAA12A12IIIIIIIIIAIIIIIIII2IIAA2IIIII2
A12IIIIIIIAA12IIIIIIIIIIIIAAA12A12IIIIIIIIIAAIIIIIII22IAA2IIIII2
A12IIIIIIIAA12IIIIIIIIIIIIAAA12A12IIIIAIIIIAAII2IIII22IAA22IIII2
A12IIIIII2AA12IIIIII2IIIIIAAA12A12IIIIAIIIIAAII2IIII22IAA22IIII2
AA2IIIIII2AA12IIIIII22IIIIAAA12A12IIIIAIIIIAAII2IIII22IAA22IIII2
AA2IIIIII2AA12IIIIII22IIIIAAA12A12IIIIAIIIIAAII2IIII22AAA22IIII2
AA2IIIIII2AA12IIIIII22IIIIAAA1AA12IIIIA2IIIAAII2II2I22AAA22IIII2
AA2IIIIII2AA12IIIII222IIIIAAA1AA12IIIIA2IIIAAII2II2I22AAA22IIII2
AA2IIIIII2AA12IIIII222IIIIAAA1AA12I22IA2IIIAAII2II2I22AAA22IIII2
AA2IIIIII2AA12IIIII222IIIIAAA1AA12I22IA2IIIAAA112I2222AAA22IIII2
AA2IIIIII2AA12IIIII222IIIIAAA1AA12I22IA2IIIAAAA1122222AAA22IIII2
AA2IIIIII2AA12IIIII222IA11AAA1AA12I22IA2IIIAAAA1122222AAA22IIII2
AA2IIIIII2AA12IIIII2A11A11AAA1AA12I22IA2IIIAAAA1122222AAA22IIII2
AA2IIIIII2AA12IIIII2A11A11AAA1AA12I22IA2IIIAAAA112A112AAA22IIII2
AA2IIIIII2AA12IIIII2A11A11AAA1AA12I22IA2IIIAAAA11AA112AAA22IIII2
AA2IIIIII2AA12IIIII2A11A11AAA1AA12I22IA2IIIAAAA1AAA112AAA22IIII2
AA2IIIIII2AA12IIIII2A11AA1AAA1AA12I22IA2IIIAAAA1AAA112AAA22IIII2
AA2IIIIII2AA12IIIII2A11AA1AAA1AA12I22IA2IIIAAAA1AAAA12AAA22IIII2
IIIIIIIIIIIIIIIIIIIIIIIIIIIIIIIIIIIIIIIIIIIIIIIIIIIIIIA112222III
IIIIIIIIIIIIIIIIIIIA112222IIIIIIIIIIIIIIIIIIIIIIIIIIIIA112222III
IIIIIIIIIIIIIIIIIIIA112222IIIIIIIIIIIIIIIIIIIIIIIIIA11A112222III
IIIIIIIIIIIIIIIIIIIA112A112222IIIIIIIIIIIIIIIIIIIIIA11A112222III
IIIIIIIIIIIIIIIIIIIA112A11A222IIIIIIIIIIIIIIII2IIIIA11A112222III
IIIIIIIIIIIIIIIIIIIA112AA1A222IIIIIIIIIIIIII2I2IIIIA11A112222III
IIIIIIIIIIIIIIIIIIIA112AAAA222IIIIIIIIIIIIII222IIIIA11A112222III
IIIIIIIIIIIIIIIIIIIIIIIIIIIIIIIIIIIIIIIIIIIA122IIIIIIIIIIIIIIIII
IIIIIIIIIIIIIIIIIIIIIIIIIIIIIIA122IIIIIIIIIA122IIIIIIIIIIIIIIIII
IIIIIIIIIIIIIIIIIIIIIIIIIIIIIIA122IIIIIIIIIA122IIIIIIIIAIIIIIIII
IIIIIIIIIIIIIIIIIIIIIIIIIIIIIIA122IIIIIIIIIA122IIIIIIIIAAIIIIIII
IIIIIIIIIIIIIIIIIIIIIIIIIIIIIIA122IIIIIIIIIA122IIIIIIIAAAIIIIIII
IIIIIIIIIIIIIIIIIIIIIIIA1IIIIIIIIIIIIIIIIIIIIIIIIIIIIIIIIIIIIIII
IIIIIIIIIIIIIIIIIIIIIIIA1IIIIIIIIIIIIIIIIIIIIIIIIIIIIIA1IIIIIIII
IIIIIIIIIIIIIIIIIIIIIIIIIIIIIIIIIIIIIIIIIIIIIIIIIIIIIIIIA1IIIII2
IIIIIIIIIIIIIIIIIIIIIIIIIIIIIIIIIIIIIIIIIIIIIIIIIIIIIIIAA1IIII22
IIIIIIIIIIIIIIIIIIIIIIIIIIIIIIIIIIIIIIIIIIIIIIIIIIIIIIAAA1III222
IIIIIIIIIIIIIIIIIIIIIIIIIIIIIIIIIIIIIIIIIIIIIIIIIIIIIIIIA1IIIII2
IIIIIIIIIIIIIIIIIIIIIIIIIIIIIIIIIIIIIIIIIIIIIIIIIIIIIIIAA1IIII22
IIIIIIIIIIIIIIIIIIIIIIIIIIA1IIIII2IIIIIIIIIIIIIIIIIIIIIAA1IIII22
AIIIIIIIIIIIIIIIIIIIIIIIIIA1IIIII2IIIIIIIIIIIIIIIIIIIIIAA1IIII22
AIIIIIIIIIIIIIIIIIIIIIIIIIA1IIIAI2IIIIIIIIIIIIIIIIIIIIIAA1IIII22
AIIIIIIIIIIIIIIIIIIIIIIIIIA1IIIAI2IIIIIIIIIIIIIIIII2IIIAA1IIII22
AIIIIIIIIIIIIIIIIIIIIIIIIIAAIIIAI2IIIIIIIIIIIII2III2IIIAA1IIII22
AIIIIIIIIIAIIIIIIIIIIIIIIIAAII2AI2IIIIIIIIIIIII2III2IIIAA1IIII22
AIIIIIIIIIAIIIIIIIIIIIIIIIAAAI2AI2IIIIIIIIIIIII22II2IIIAA1IIII22
AIIIIIIIIIAIIIIIIIIIIIIIIIAAAI2AI2IIIIIIIIIAIII22II2IIIAA1IIII22
AIIIIIIIIIAIIIIIIIIIIIIIIIAAAI2AI2IIIIIIIIIAAII22II2IIIAA1IIII22
AIIIIIIIIIAIIIIIIIIIIIIIIIAAAI2AI2IIIIAIIIIAAII22II2IIIAA12III22
AIIIIIIIIIAIIIIIIIII2IIIIIAAAI2AI2IIIIAIIIIAAII22II2IIIAA12III22
AAIIIIIIIIAIIIIIIIII22IIIIAAAI2AI2IIIIAIIIIAAII22II2IIIAA12III22
AAIIIIIIIIAIIIIIIIII22IIIIAAAI2AI2IIIIAIIIIAAII22II2IIAAA12III22
AAIIIIIIIIAIIIIIIIII22IIIIAAAIAAI2IIIIAIIIIAAII22I22IIAAA12III22
AAIIIIIIIIAIIIIIIIII22IIIIAAAIAAI2222IAIIIIAAII22I22IIAAA12III22
AAIIIIIIIIAIIIIIIIII22IIIIAAAIAAI2222IAIIIIAAA122222IIAAA12III22
AAIIIIIIIIAIIIIIIIII22IIIIAAAIAAI2222IAIIIIAAAA122222IAAA12III22
AAIIIIIIIIAIIIIIIIII22IAIIAAAIAAI2222IAIIIIAAAA122222IAAA12III22
AAIIIIIIIIAIIIIIIIIIA2IAIIAAAIAAI2222IAIIIIAAAA122222IAAA12III22
AAIIIIIIIIAIIIIIIIIIA2IAIIAAAIAAI2222IAIIIIAAAA122A22IAAA12III22
AAIIIIIIIIAIIIIIIIIIA2IAIIAAAIAAI2222IAIIIIAAAA12AA22IAAA12III22
AAIIIIIIIIAIIIIIIIIIA2IAIIAAAIAAI2222IAIIIIAAAA1AAA22IAAA12III22
AAIIIIIIIIAIIIIIIIIIA2IAAIAAAIAAI2222IAIIIIAAAA1AAA22IAAA12III22
AAIIIIIIIIAIIIIIIIIIA2IAAIAAAIAAI2222IAIIIIAAAA1AAAA2IAAA12III22
IIIIIIIIIIIIIIIIIIIIIIIIIIIIIIIIIIIIIIIIIIIIIIIIIIIIIIA112I2IIII
IIIIIIIIIIIIIIIIIIIIIIIIIIIIIIIIIIIIIIIIIIIIIIIIIIIA11A112I2IIII
IIIIIIIIIIIIIIIIIIIIIIIA112I2IIIIIIIIIIIIIIIIIIIIIIA11A112I2IIII
IIIIIIIIIIIIA1I1111111IIIIIIIIIIIIIIIIIIIIIIIIIIIIIIIIIIIIIIIIII
IIIIIIIIIIIAA1I1111111IIIIIIIIIIIIIIIIIIIIIIIIIIIIIIIIIIIIIIIIII
IIIIIIIIIIIIIIIIIIIIIIIIIIIIIIA1I1111111IIIIIIIIIIIIIIIIIIIIIIII
IIIIIIIIIIIIIIIIIIIIIIIIIIIIIIA1I11111111IIIIIIIIIIIIIIIIIIIIIII
IIIIIIIIIIIIIIIIIIIIIIIIIIIIIIIIIIIIIIIIIIIIIIA1IIIIIIIIIIIIIIII
IIIIIIIIIIIIIIIIIIIIIIIIIIIIIIIIIIIIIIIIIIIIIIA1IIIIIA1IIIIIIIII
IIIIIIIIIIIIIIIIIIIIIIIIIIA2IIIIIIIIIIIIIIIIIIIIIIIIIIIIIIIIIIII
IIIIIIIIIIIIIIIIIIIIIIIIIIA2IIIIIIIIIIA2IIIIIIIIIIIIIIIIIIIIIIII
IIIIIIIIIIIIIIIIIIIIIIIIA2A2IIIIIIIIIIA2IIIIIIIIIIIIIIIIIIIIIIII
IIIIIIIIIIIIIIIIIIIIIIIIA2A2IIIIIIIIIIA1IIIIIIIIIIIIIIIIIIIIIIII
IIIIIIIIIIIIIIIIIIIIIIIIA1A2IIIIIIIIIIA1IIIIIIIIIIIIIIIIIIIIIIII
IIIIIIIIIIIIIIIIIIIIIIIIA1A1IIIIIIIIIIA1IIIIIIIIIIIIIIIIIIIIIIII
IIIIIIIIIIIIIIIIIIIIIIIIAAA1IIIIIIIIIIA1IIIIIIIIIIIIIIIIIIIIIIII
IIIIIIIIIIIIIIIIIIIIIIIIIIIIIIIIIIIIIIA1IIIIIIIIIIIIIIIIIIIIIIII
IIIIIIIIIIIIIIIIIIIIIIIIA1IIIIIIIIIIIIA1IIIIIIIIIIIIIIIIIIIIIIII
IIIIIIIIIIIIIIIIIIIIIIIIA1A1IIIIIIIIIIA1IIIIIIIIIIIIIIIIIIIIIIII
IIIIIIIIIIIIIIIIIIIIIIIIAAA1IIIIIIIIIIA1IIIIIIIIIIIIIIIIIIIIIIII
IIIIIIIIIIIIIIIIIIIIIIIIIIA1IIIIIIIIIIIIIIIIIIIIIIIIIIIIIIIIIIII
IIIIIIIIIIIIIIIIIIIIIIIIIAA1IIIIIIIIIIIIIIIIIIIIIIIIIIIIIIIIIIII
IIIIIIIIIIIIIIIIIIIIIIIIIAA1IIIIIIIIIIA1IIIIIIIIIIIIIIIIIIIIIIII
IIIIIIIIIIIIIIIIIIIIIIIIAAA1IIIIIIIIIIA1IIIIIIIIIIIIIIIIIIIIIIII
IIIIIIIIIIIIIIIIIIIIIIIIAAA12IIIIIIIIIA1IIIIIIIIIIIIIIIIIIIIIIII
IIIIIIIIIIIIIIIIIIIIIIIIAAA12IIIIIIIIIA12IIIIIIIIIIIIIIIIIIIIIII
IIIIIIIIIIIIIIIIIIIIIIIIIIIIIIIIIIIIIIIIIIIAIIIIII1III11II1IIIII
IIIIIIIIIIIIIIIIIIIIIIIIIIIIIIAIIIIII1III11AI1IIII1III11II1IIIII
IIIIIIIIIIIIIIIIIIIIIIIIIIIIIIA1IIIII1III11AI1IIII1III11II1IIIII
IIIIIIIIIIIIIIIIIIIIIIIIIIIIIIA1IIIII1III11AI1IIII1III1A1I1IIIII
IIIIIIIIIIIIIIIIIIIIIIIIIIIIIIA1IIIII1III11AI1IIII1III1AA11IIIII
IIIIIIIIIIIIIIIIIIIIIIIIIIIIIIA1IIIII1III11A11IIII1III1AA11IIIII
IIIIIIIIIIIIIIIIIIIIIIIIIIIIIIA1IIIII1III11A11IIII1IIIAAA11IIIII
IIIIIIIIIIIIIIIIIIIIIIIA12IIIIIIIIIIIIIIIIIIIIIIIIIIIIIIIIIIIIII
IIIIIIIIIIIIIIIIIIIIIIIA12IIIIIIIIIIIIIIIIIIIIIIIIIIIIA12IIIIIII
IIIIIIIIIIIIIIIIIIIIIIIIIIIIIIIIIIIIIIIIIIIIIIIIIIIIIIIIAI2II2II
IIIIIIIIIIIIIIIIIIIIIIIIIIIIIIIIIIIIIIIIIIIIIIIIIIIIIIIAA22I22II
IIIIIIIIIIIIIIIIIIIIIIIIIIIIIIIIIIIIIIIIIIIIIIIIIIIIIIAAA22222II
IIIIIIIIIIIIIIIIIIIIIIIIIIIIIIIIIIIIIIIIIIIIIIIIIIIIIIIIAI2IIIII
IIIIIIIIIIIIIIIIIIIIIIIIIIIIIIIIIIIIIIIIIIIIIIIIIIIIIIIAA22IIIII
IIIIIIIIIIIIIIIIIIIIIIIIIIA12IIIIIIIIIIIIIIIIIIIIIIIIIIAA22IIIII
A12IIIIIIIIIIIIIIIIIIIIIIIA12IIIIIIIIIIIIIIIIIIIIIIIIIIAA22IIIII
A12IIIIIIIIIIIIIIIIIIIIIIIA12IIIIIIII2IIIIIIII22IIIIIIIAA22IIIII
A12IIIIIIII2IIIIIIII22IIIIA12IIIIIIII2IIIIIIII22IIIIIIIAA22IIIII
A12IIIIIIII2IIIIIIII22IIIIA12IIAIIIII2IIII2III22III22IIAA22IIIII
A12IIIIIIII2IIIIIIII22IIIIAA2IIAIIIII22III2III222II22IIAA22IIIII
A12IIIIIIIA2IIIIIIII22IIIIAA2I2AIIIII22III2III222II22IIAA22IIIII
A12IIIIIIIA2IIIII11122IIIIAA2I2AIIIII22III2III222II22IIAA22IIIII
A12IIIIIIIA2IIIII11122IIIIAAAI2AIII1112III2III222II22IIAA22IIIII
A12IIIIIIIA2IIIII11122IIIIAAAI2AIII1112III2AII222I111IIAA22IIIII
A12IIIIIIIA2IIIII11122IIIIAAAI2AIII1112III2AAI222I1111IAA22IIIII
A12IIIIIIIA2IIIII11122IIIIAAAI2AIII111AIII2AA1112I1111IAA22IIIII
A12IIIIIIIA2IIIII11122IIIIAAAI2AIII111AIII2AA1112I1111IAA2AIIIII
A12IIIIIIIA2IIIII11122IIIIAAAI2AIII111AIII2AA1112I1111IAA2AIIII1
A12IIII111A2IIIII11122IIIIAAAI2AIII111AIII2AA1112I1111IAA2AIIII1
AA2IIII111A2IIIII11122IIIIAAAI2AIII111AIII2AA1112I1111IAA2AIIII1
AA2IIII111A2IIIII11122IIIIAAAI2AIII111AIII2AA1112I1111AAA2AII111
AA2IIII111A2IIIII11122IIIIAAAIAAIII111A1II2AA1112I1111AAA2AII111
AA2IIII111A2IIIII11122IIIIAAAIAAII2111A1II2AA1112I1111AAA2AII111
AA2IIII111A2IIIII11122IIIIAAAIAAII2111A1II2AAA11221111AAA2AII111
AA2IIII111A2IIIII11122IIIIAAAIAAII2111A1II2AAAA1221111AAA2AII111
AA2IIII111A2IIAII11122IIIIAAAIAAII2111A1II2AAAA1221111AAA2AII111
AA2IIII111A2IIAAI11122IIIIAAAIAAII2111A1II2AAAA1221111AAA2AII111
AA2IIII111A2IAAAI11122IIIIAAAIAAII2111A1II2AAAA1221111AAA2AII111
AA2IIII111A2IAAAI11122IAIIAAAIAAII2111A1II2AAAA1221111AAA2AII111
AA2IIII111A2IAAAI111A2IAIIAAAIAAII2111A1II2AAAA1221111AAA2AII111
AA2IIII111A2IAAAI111A2IAIIAAAIAAII2111A1II2AAAA122A111AAA2AII111
AA2IIII111A2IAAAI111A2IAIIAAAIAAII2111A1II2AAAA12AA111AAA2AII111
AA2IIII111A2IAAAI111A2IAIIAAAIAAII2111A1II2AAAA1AAA111AAA2AII111
AA2IIII111A2IAAAI111A2IAAIAAAIAAII2111A1II2AAAA1AAA111AAA2AII111
AA2IIII111A2IAAAI111A2IAAIAAAIAAII2111A1II2AAAA1AAAA11AAA2AII111
AA2IIII111A2IAAAI111A2IAAIAAAIAAII2111A1II2AAAA1AAAA11AAA2A2I111
IIIIIIIIIIIIIIIIIIIIIIIIIIIIIIIIIIIIIIIIIIIIIIA1II11I2222II2IIII
IIIIIIIIIIIIIIIIIIIIIIIIIIIIIIIIIIIIIIIIIIIIIIA1II11IA1221122222
IIIIIIIIIIIIA1I1111IIIIIIIIIIIIIIIIIIIIIIIIIIIIIIIIIIIIIIIIIIIII
IIIIIIIIIIIAA111111IIIIIIIIIIIIIIIIIIIIIIIIIIIIIIIIIIIIIIIIIIIII
IIIIIIIIIIIIIIIIIIIIIIIIIIIIIIA1I1111IIIIIIIIIIIIIIIIIIIIIIIIIII
IIIIIIIIIIIIIIIIIIIIIIIIIIIIIIIIIIIIIIIIIIIIIIIIIIIIIA12IIIIIIII
IIIIIIIIIIIIIIIIIIIIIIIA12IIIIIIIIIIIIIIIIIIIIIIIIIIIA12IIIIIIII
IIIIIIIIIIIIIIIIIIIIIIIIIIIIIIIIIIIIIIIIIIIA12IIIIIIIIIIIIIIIIII
IIIIIIIIIIIIIIIIIIIIIIIIIIIIIIA12IIIIIIIIIIA12IIIIIIIIIIIIIIIIII
IIIIIIIIIIIIIIIIIIIIIIIIIIIIIIA12IIIIIIIIIIA12IAIIIIIIIIIIIIIIII
IIIIIIIIIIIIIIIIIIIIIIIIIIIIIIA12IIIIIIIIIIA12IAAIIIIIIIIIIIIIII
IIIIIIIIIIIIIIIIIIIIIIIIIIIIIIA12IIIIIIIIIIA12IAAIIIIIIAIIIIIIII
IIIIIIIIIIIIIIIIIIIIIIIIIIIIIIA12IIIIIIIIIIA12IAAIIIIIIAAIIIIIII
IIIIIIIIIIIIIIIIIIIIIIIIIIIIIIA12IIIIIIIIIIA12IAAIIIIIIAA1IIIIII
IIIIIIIIIIIIIIIIIIIIIIIIIIIIIIA12IIIIIIIIIIA12IAAIIIIIAAA1IIIIII
IIIIIIIIIIIIIIIIIII2AIIIIIIIIIA12IIIIIII2IIA12IAAIIIIIAAA1IIIIII
IIIIIIIIIIIIIIIIIIIIIIIA12IIIIIIIIIIIIIIIIIIIIIIIIIIIIIIIIIIIIII
IIIIIIIIIIIIIIIIIIIIIIIA12IIIIIIIIIIIIIIIIIIIIIIIIIIIIA12IIIIIII
IIIIIIIIIIIIIIIIIIIIIIIIIIIIIIIIIIIIIIIIIIIIIIIIIIIIIIIIAI1I11I1
IIIIIIIIIIIIIIIIIIIIIIIIIIIIIIIIIIIIIIIIIIIIIIIIIIIIIIAIAI1111I1
IIIIIIIIIIIIIIIIIIIIIIIIIIIIIIIIIIIIIIIIIIIIIIIIIIIIIIIIAI2IIIII
IIIIIIIIIIIIIIIIIIIIIIIIIIIIIIIIIIIIIIIIIIIIIIIIIIIIIIIAA22IIII2
IIIIIIIIIIIIIIIIIIIIIIIIIIAI2IIIII2IIIIIIIIIIIIIIIIIIIIAA22IIII2
IIIIIIIIIIIIIIIIIIIIIIIIIAA22IIII22IIIIIIIIIIIIIIIIIIIIAA22IIII2
AI2IIIII2IIIIIIIIIIIIIIIIAA22IIII22IIIIIIIIIIIIIIIIIIIIAA22IIII2
AI2IIIII2IIIIIIIIIIIIIIIIAA22IIII22IIIIIIIIIIIIIIIIIIIIAA222III2
AI2IIIII2IIIIIIIIIIIIIIIIAA12I2II22IIIIIIIIIIIIIIIIIIIIAA222III2
A12I2III2IIIIIIIIIIIIIIIIAA12I2II22IIIIIIIIIIIIIIIIIIIIAA222III2
A12I2III2IIIIIIIIIIIIIIIIAA12I2A1222IIIIIIIIIIIIIIIIIIIAA222III2
A12I2III2IIIIIIIIIIIIIIIIAAA1I2A1222IIIIIIIIIIIIIIIIIIIAA222III2
A12I2III2IA1II2IIIIIIIIIIAAA1I2A1222IIIIIIIIIIIIIIIIIIIAA222III2
A12I2III2IAA1I22IIIIIIIIIAAA1I2A1222IIIIIIIIIIIIIIIIIIIAA222III2
A12I2III2IAA1I22IIIIIIIIIAAAA12A1222IIIIIIIIIIIIIIIIIIIAA222III2
A12I2III2IAA1I22IIIIIIIIIAAAA12A1222IIIIIIIA1II2IIIIIIIAA222III2
A12I2III2IAA1I22IIIIIIIIIAAAA12A1222IIIIIIIAA1I22IIIIIIAA222III2
A12I2III2IAA1I22IIIIIIIIIAAAA12A1222IIA1II2AA1I22IIIIIIAA222III2
A12I2III2IAA1I22IIIIIIIIIAAAA12A1222IIA1A12AA1I22IIIIIIAA222III2
AA1I22II2IAA1I22IIIIIIIIIAAAA12A1222IIA1A12AA1I22IIIIIIAA222III2
AA1I22II2IAA1I22IIIIIIIIIAAAA12A1222IIA1A12AA1I22IIIIIAAA222III2
AA1I22II2IAA1I22IIIIIIIIIAAAA1AA1222IIA1A12AA1I22IIIIIAAA222III2
AA1I22II2IAA1I22IIIIIIIIIAAAA1AA12222IA1A12AA1I22IIIIIAAA222III2
AA1I22II2IAA1I22IIIIIIIIIAAAA1AA12222IA1A12AAA122IIIIIAAA222III2
AA1I22II2IAA1I22IIIIIIIIIAAAA1AA12222IA1A12AAAA122IIIIAAA222III2
AA1I22II2IAA1I22IIIIIIIA1AAAA1AA12222IA1A12AAAA122IIIIAAA222III2
AA1I22II2IAA1I22IIIIA12A1AAAA1AA12222IA1A12AAAA122IIIIAAA222III2
AA1I22II2IAA1I22IIIIA12A1AAAA1AA12222IA1A12AAAA122A122AAA222III2
AA1I22II2IAA1I22IIIIA12A1AAAA1AA12222IA1A12AAAA12AA122AAA222III2
AA1I22II2IAA1I22IIIIA12A1AAAA1AA12222IA1A12AAAA1AAA122AAA222III2
AA1I22II2IAA1I22IIIIA12AAAAAA1AA12222IA1A12AAAA1AAA122AAA222III2
AA1I22II2IAA1I22IIIIA12AAAAAA1AA12222IA1A12AAAA1AAAA22AAA222III2
AA1I22II2IAA1I22IIIIA12AAAAAA1AA12222IA1A12AAAA1AAAA22AAA1222I22
IIIIIIIIIIIIIIIIIIIIIIIIIIIIIIIIIIIIIIIIIIIIIIIIIIIIIIIA1I1111II
IIIIIIIIIIIIIIIIIIIIIIIIIA1I1111IIIIIIIIIIIIIIIIIIIIIIIA1I1111II
A1I111IIIIIIIIIIIIIIIIIIIA1I1111IIIIIIIIIIIIIIIIIIIIIIIA1I1111II
A1I1111IIIIIIIIIIIIIIIIIIA1I1111IIIIIIIIIIIIIIIIIIIIIIIA1I1111II
A1I1111IIIIIIIIIIIIIIIIIIA1A111111IIIIIIIIIIIIIIIIIIIIIA1I1111II
A1I1111IIIA1I1111IIIIIIIIA1A111111IIIIIIIIIIIIIIIIIIIIIA1I1111II
A1I1111IIIAA111111IIIIIIIA1A111111IIIIIIIIIIIIIIIIIIIIIA1I1111II
A1I1111IIIAA111111IIIIIIIA1AA111111IIIIIIIIIIIIIIIIIIIIA1I1111II
A1I1111IIIAA111111IIIIIIIA1AA111111IIIIIIIIA1I1111IIIIIA1I1111II
AA111111IIAA111111IIIIIIIA1AA111111IIIIIIIIA1I1111IIIIIA1I1111II
AA111111IIAA111111III2IIIA1AA111111IIIIIIIIA1I1111IIIIIA1I1111II
AA111111IIAA111111III2IIIA1AA1A1111IIIIIIIIA1I11112IIIIA1I1111II
AA111111I2AA111111III2IIIA1AA1A1111IIIIIIIIA1I11112IIIIA1I1111II
AA111111I2AA111111III2IIIA1AA1A1111IIIIIIIIA1I11112IIIAA121111II
AA111111I2AA111111III2IIIA1AA1A1111IIIIIIIIA1I11112IIIAA1111112I
IIIIIIIIIIIIIIIIIIIIIIIIIIIIIIIIIIIIIIIIIIIIIIIIIIIIIA12IIIIIIII
IIIIIIIIIIIIIIIIIIIIIIIA12IIIIIIIIIIIIIIIIIIIIIIIIIIIA12IIIIIIII
IIIIIIIIIIIIIIIIIIIIIIIIIIIIIIA11II2222II22IIIIIIIIIIIIIIIIIIIII
IIIIIIIIIIIIIIIIIIIIIIIIIIIIIIA11II2222II22IIIIIIIIIIIIIIIIA11II
IIIIIIIIIIIIIIIIIIIIIIIIA1IIIIIIIIIIIIIIIIIIIIIIIIIIIIIIIIIIIIII
IIIIIIIIIIIIIIIIIIIIIIIIA1A1IIIIIIIIIIIIIIIIIIIIIIIIIIIIIIIIIIII
IIIIIIIIIIIIIIIIIIIIIIIIAAA1IIIIIIIIIIIIIIIIIIIIIIIIIIIIIIIIIIII
IIIIIIIIIIIIIIIIIIIIIIIIA1I222IIIIIIIIIIIIIIIIIIIIIIIIIIIIIIIIII
IIIIIIIIIIIIIIIIIIIIIIIIIIIIIIIIIIIIIIA1IIIIIIIIIIIIIIIIIIIIIIII
IIIIIIIIIIIIIIIIIIIIIIIIIIAI2IIIIIIIIIA1IIIIIIIIIIIIIIIIIIIIIIII
IIIIIIIIIIIIIIIIIIIIIIIIIAA22IIIIIIIIIA1IIIIIIIIIIIIIIIIIIIIIIII
IIIIIIIIIIIIIIIIIIIIIIIIIAA22IIIIIIIIIA12IIIIIIIIIIIIIIIIIIIIIII
IIIIIIIIIIIIIIIIIIIIIIIIAAA22IIIIIIIIIA12IIIIIIIIIIIIIIIIIIIIIII
IIIIIIIIIIIIIIIIIIIIIIIIAAA12IIIIIIIIIA12IIIIIIIIIIIIIIIIIIIIIII
IIIIIIIIIIIIA11112222IIIIIIIIIIIIIIIIIIIIIIIIIIIIIIIIIIIIIIIIIII
IIIIIIIIIIIAA11112222IIIIIIIIIIIIIIIIIIIIIIIIIIIIIIIIIIIIIIIIIII
IIIIIIIIIIIIIIIIIIIIIIIIIIIIIIA11112222IIIIIIIIIIIIIIIIIIIIIIIII
IIIIIIIIIIIIIIIIIIIIIIIIIIIIIIIIIIIIIIIIIIIIIIIIIIIIIA1IIIIIIIII
IIIIIIIIIIIIIIIIIIIIIIIA1IIIIIIIIIIIIIIIIIIIIIIIIIIIIA1IIIIIIIII
IIIIIIIIIIIIIIIIIIIIIIIIIIIIIIIIIIIIIIIIIIIII2AIIIIIIIIIIIIIIIII
IIIIIIIIIIIIIIIIIIIIIIIIIIIIIIIIIIIIIIIIIIIII2AIIIII2AIIIIIIIIII
IIIIIIIIIIIIIIIIIIIIIIIIIIIIIIIIIIIIIIIIIIIII2AIIIIIIIIIIIIIIIII
IIIIIIIIIIIIIIIIIIIIIIIIIIIIIIIIIIIIIIIIIIIII2AIIIIIIA1II1I1I1II
IIIIIIIIIIIIIIIIIIIIIIIIIIIIIIIIIIIIIIA1IIIIIIIIIIIIIIIIIIIIIIII
IIIIIIIIIIIIIIIIIIIIIIIIIIA1IIIIIIIIIIA1IIIIIIIIIIIIIIIIIIIIIIII
IIIIIIIIIIIIIIIIIIIIIIIIA1A1IIIIIIIIIIA1IIIIIIIIIIIIIIIIIIIIIIII
IIIIIIIIIIIIIIIIIIIIIIIIAAA1IIIIIIIIIIA1IIIIIIIIIIIIIIIIIIIIIIII
IIIIIIIIIIIIIIIIIIIIIIIIAAA122IIIIIIIIA1IIIIIIIIIIIIIIIIIIIIIIII
IIIIIIIIIIIIIIIIIIIIIIIIAAA122IIIIIIIIA122IIIIIIIIIIIIIIIIIIIIII
IIIIIIIIIIIIIIIIIIIIIIIIIIIIIIIIIIIIIIIIIIIIIIIIIIIIIA1IIIIIIIII
IIIIIIIIIIIIIIIIIIIIIIIA1IIIIIIIIIIIIIIIIIIIIIIIIIIIIA1IIIIIIIII
IIIIIIIIIIIIIIIIIIIIIIIIIIA12IIIIIIIIIIIIIIIIIIIIIIIIIIIIIIIIIII
IIIIIIIIIIIIIIIIIIIIIIIIA1A12IIIIIIIIIIIIIIIIIIIIIIIIIIIIIIIIIII
IIIIIIIIIIIIIIIIIIIIIIIIAAA12IIIIIIIIIIIIIIIIIIIIIIIIIIIIIIIIIII
IIIIIIIIIIIIIIIIIIIIIIIIAAA122IIIIIIIIIIIIIIIIIIIIIIIIIIIIIIIIII
IIIIIIIIIIIIA111I11111IIIIIIIIIIIIIIIIIIIIIIIIIIIIIIIIIIIIIIIIII
IIIIIIIIIIIAA111I11111IIIIIIIIIIIIIIIIIIIIIIIIIIIIIIIIIIIIIIIIII
IIIIIIIIIIIAA1111111111IIIIIIIIIIIIIIIIIIIIIIIIIIIIIIIIIIIIIIIII
IIIIIIIIIIIIIIIIIIIIIIIIIIIIIIA111I11111IIIIIIIIIIIIIIIIIIIIIIII
IIIIIIIIIIIIIIIIIIIIIIIIIIIIIIA111I1111111IIIIIIIIIIIIIIIIIIIIII
IIIIIIIIIIIIIIIIIIIIIIIIIIIIIIIIIIIIIIIIIIIIIIIIIIIIIA1IIIIIIIII
IIIIIIIIIIIIIIIIIIIIIIIA1IIIIIIIIIIIIIIIIIIIIIIIIIIIIA1IIIIIIIII
IIIIIIIIIIIIAI1111111IIIIIIIIIIIIIIIIIIIIIIIIIIIIIIIIIIIIIIIIIII
IIIIIIIIIIIAA11111111IIIIIIIIIIIIIIIIIIIIIIIIIIIIIIIIIIIIIIIIIII
IIIIIIIIIIIIIIIIIIIIIIIIIIIIIIAI1111111IIIIIIIIIIIIIIIIIIIIIIIII
IIIIIIIIIIIIIIIIIIIIIIIIIIIIIIIIIIIIIIIIIIIIIIIIIIIIIIIIAI2IIIII
IIIIIIIIIIIIIIIIIIIIIIIIIIIIIIIIIIIIIIIIIIIIIIIIIIIIIIIAAI21II11
IIIIIIIIIIIIIIIIIIIIIIIIIIA1II1II11111I1IIIIIIIIIIIIIIIAAI21II11
IIIIIIIIIIIIIIIIIIIIIIIIIIA1II1II11111I11111IIIIIIIIIIIAAI21II11
A1II1II1111IIIIIIIIIIIIIIIA1II1II11111I11111IIIIIIIIIIIAAI21II11
A1II1II11111I11111IIIIIIIIA1II1II11111I11111IIIIIIIIIIIAAI21II11
A1II1II11111I11111IIIIIIIAA1I11I111111111111IIIIIIIIIIIAAI21II11
A1II1II11111I11111II2II2IAA1I11I111111111111IIIIIIIIIIIAAI21II11
A1II1II11111I11111II2II2IAA1I11I111111111111II2II2IIIIIAAI21II11
A1II1II11111I11111II2II2IAA1I11A111111111111II2II2I2II2AAI21II11
A1II1II11111I11111II2II2IAA1I11A111111111111II2II2I1II2AAI21II11
A1II1II11111I11111II2II2IAAAI11A111111111111II21I2I1II2AAI21II11
A1II1II111A1I11111222II2IAAAI11A111111111111II21I2I1II2AAI21II11
A1II1II111A1I11111222II2IAAAA11A111111111111II2112I1II2AAI21II11
A1II1II111A1I11111222II2IAAAA11A11111111111AII2112I12I2AAI21II11
A1II1II111A1I11111222II2IAAAA11A11111111111AAI2112I1222AAI21II11
A1II1II111A1I11111222II2IAAAA11A111111A1111AAI2112I1222AAI11II11
A1II1II111A1I11111222II2IAAAA11A111111A1A11AAI2112I1222AAI111I11
A1II1II111A1I11111221II2IAAAA11A111111A1A11AAI2112I1222AAI111I11
AAII1II111A1I111112211I2IAAAA11A111111A1A11AAI2112I1222AAI111I11
AAII1II111A1I111112211I2IAAAA11A111111A1A11AAI2112I122AAAI111I11
AAII1II111A1I111112211I2IAAAA1AA111111A1A11AAI21121122AAAI111I11
AAII1II111A1I111112211I2IAAAA1AA111111A1A11AAA11121122AAAI111I11
AAII1II111A1I111112211I2IAAAA1AA111111A1A11AAAA1121122AAAI111I11
AAII1II111A1I111112211IAIAAAA1AA111111A1A11AAAA1121122AAAI111I11
AAII1II111A1I1111122A1IAIAAAA1AA111111A1A11AAAA1121122AAAI111I11
AAII1II111A1I1111122A1IAIAAAA1AA111111A1A11AAAA112A122AAAI111I11
AAII1II111A1I1111122A1IAIAAAA1AA111111A1A11AAAA11AA122AAAI111I11
AAII1II111A1I1111122A1IAIAAAA1AA111111A1A11AAAA1AAA122AAAI111I11
AAII1II111A1I1111122A1IAAAAAA1AA111111A1A11AAAA1AAA122AAAI111I11
AAII1II111A1I1111122A1IAAAAAA1AA111111A1A11AAAA1AAAA12AAAI111I11
AAII1II111A1I1111122A1IAAAAAA1AA111111A1A11AAAA1AAAA12AAA1111I11
AAII1II111A1I1111122A1IAAAAAA1AA111111A1A11AAAA1AAAA12AAA1111211
AAII122111A1I1111122A1IAAAAAA1AA111111A1A11AAAA1AAAA12AAA1111211
AA1I122111A1I1111122A1IAAAAAA1AA111111A1A11AAAA1AAAA12AAA1111211
AA1I122111A111111122A1IAAAAAA1AA111111A1A11AAAA1AAAA12AAA1111211
AA11122111A111111122A12AAAAAA1AA111111A1A11AAAA1AAAA12AAA1111211
AA11122111A111111122AA2AAAAAA1AA111111A1A11AAAA1AAAA12AAA1111211
IIIIIIIIIIIIIIIIIIIIIIIIIIIIIIIIIIIIIIIIIIIIIIIIIIIIIIIAI2IIII2I
AI2IIII2IIIIIIIIIIIIIIIIIIIIIIIIIIIIIIIIIIIIIIIIIIIIIIIAI2IIII2I
AI2IIII2IIIIIIIIIIIIIIIIIIIIIIIIIIIIIIIIIIIIIIIIIIIIIIIA22IIII2I
A22IIII2I2IIIIIIIIIIIIIIIIIIIIIIIIIIIIIIIIIIIIIIIIIIIIIA22IIII2I
A22IIII2I2IIIIIIIIIIIIIIIA2IIIIIII2IIIIIIIIIIIIIIIIIIIIA22IIII2I
A22IIII2I2II2IIIIIII2IIIIA2IIIIIII2IIIIIIIIIIIIIIIIIIIIA22IIII2I
A22IIII2I2II2IIIIIII2IIIIA2AIIIIII2IIII2IIIIIII2IIIIIIIA22IIII2I
A22IIII2I2AI2IIIIIII2I2IIA2AII2III2IIII2IIIIIII2IIIIIIIA22IIII2I
A22IIII2I2AI2IIIIIII2I2IIA2AAI2III2IIII22IIIIII22IIIIIIA22IIII2I
A22IIII2I2AI2IIIIIII2I2IIA2AAI2III2IIII22IIAIII22IIIIIIA22IIII22
AA2IIII2I2AI22IIIIII222IIA2AAI2III2IIII22IIAIII22IIIIIIA22IIII22
AA2IIII2I2AI22IIIIII222IIA2AAIAIII2IIII22I2AIII22I2IIIIA22IIII22
AA2IIII2I2AI22IIIIII222IIA2AAIAIII2IIII22I2AIII22I2IIIAA112III22
IIIIIIIIIIIIIIIIIIIIIIIIIIIIIIIIIIIIIIIIIIIIIIIIIIIIIIIA1III1II2
A1III1II2IIIIIIIIIIIIIIIIIIIIIIIIIIIIIIIIIIIIIIIIIIIIIIA1III1II2
A1III1II2IIIIIIIIIIIIIIIIAIIIIIIIIIIIIIIIIIIIIIIIIIIIIIA1III1II2
A1III1II2IIIIIIIIIII2IIIIAIIIIIIIIIIIIIIIIIIIIIIIIIIIIIA1III1II2
A1III1II2IIIIIIIIIII2IIIIA1AIIIIIIIIIIIIIIIIIII2IIIIIIIA1III1II2
A1III1II21AIIIIIIIII2IIIIA1AII2IIIIIIIIIIIIIIII2IIIIIIIA1III1II2
A1III1II21AIIIIIIIII2IIIIA1AAI2IIIIIIIIIIIIIIII22IIIIIIA1III1II2
A1III1II21AIIIIIIIII2IIIIA1AAI2IIIIIIIIIII1AIII22IIIIIIA1III1II2
AAIII1II21AIIIIIIIII22IIIA1AAI2IIIIIIIIIII1AIII22IIIIIIA1III1II2
AAIII1II21AII22IIIII22IIIA1AAI2IIIIIIIIIII1AIII22IIIIIIA1III1II2
AAIII1II21AII22IIIII22IIIA1AAIAIIIIIIIIIII1AIII22IIIIIIA1III1II2
AAIII1II21AII22IIIII2222IA1AAIAIIIIIIIIIII1AIII22IIIIIIA1III1II2
AAIII1II21AII22IIIII2222IA1AAIAIIIIIIIIIII1AIII22IIIIIAA11221II2
AAIII1II21AII22IIIII2222IA1AAIAIIIIIIIIIII1AIII22IIAI2AA11221II2
AAIII1II21AII22IIIII222AIA1AAIAIIIIIIIIIII1AIII22IIAI2AA11221II2
IIIIIIIIIIIIIIIIIIIIIIIIIIIIIIIIIIIIIIIIIIIA1IIIII11I111I2IIIIII
IIIIIIIIIIIIIIIIIIIIIIIIIIIIIIA1IIIII11I111A1IIIII11I111I2IIIIII
IIIIIIIIIIIIIIIIIIIIIIIIIIIIIIA1IIIII11I111A1IIAII11I111I2IIIIII
IIIIIIIIIIIIIIIIIIIIIIIIIIIIIIA1IIIII11I111A1IIAAI11I111I2IIIIII
IIIIIIIIIIIIIIIIIIIIIIIIIIIIIIA1IIIII11I111A1IIAAI11I11AI2IIIIII
IIIIIIIIIIIIIIIIIIIIIIIIIIIIIIA1IIIII11I111A1IIAAI11I11AA2IIIIII
IIIIIIIIIIIIIIIIIIIIIIIIIIIIIIA1IIIII11I111A1IIAAI11I11AA1IIIIII
IIIIIIIIIIIIIIIIIIIIIIIIIIIIIIA1IIIII11I111A1IIAAI11I1AAA1IIIIII
IIIIIIIIIIIIIIIIIIIIIIIA1IIIIIA1IIIII11I111A1IIAAI11I1AAA1IIIIII
IIIIIIIIIIIIIIIIIIIIIIIIIIIIIIIIIIIIIIIIIIIIIIIIIIIIIIIIAI2IIIII
IIIIIIIIIIIIIIIIIIIIIIIIIIIIIIIIIIIIIIIIIIIIIIIIIIIIIIAIAI2IIIII
IIIIIIIIIIIIIIIIIIIIIIIIIIIIIIIIIIIIIIIIIIIIIIIIIIIIIIIIA2IIIIII
IIIIIIIIIIIIIIIIIIIIIIIIIIIIIIIIIIIIIIIIIIIIIIIIIIIIIIIAA2IIIIII
IIIIIIIIIIIIIIIIIIIIIIIIIIA12IIIIIIIIIIIIIIIIIIIIIIIIIIAA2IIIIII
A12IIIIIIIIIIIIIIIIIIIIIIIA12IIIIIIIIIIIIIIIIIIIIIIIIIIAA2IIIIII
A12IIIIIIIIIIIIIIIIIIIIIIIA12IIIIIIII1IIIIIII222IIIIIIIAA2IIIIII
A12IIIIIIII1IIIIIII222IIIIA12IIIIIIII1IIIIIII222IIIIIIIAA2IIIIII
A12IIIIIIII1IIIIIII222IIIIA12IIAIIIII1IIII1II222II222IIAA2IIIIII
A12IIIIIIII1IIIIIII222IIIIAA2IIAIIIII1IIII1II222II222IIAA2IIIIII
A12IIIIIIIA1IIIIIII222IIIIAA2I2AIIIII1IIII1II222II222IIAA2IIIIII
A12IIIIIIIA1IIIIIII222IIIIAAAI2AIIIII1IIII1II2222I222IIAA2IIIIII
A12IIIIIIIA1IIIIIII222IIIIAAAI2AIIIII1IIII1AI2222I222IIAA2IIIII2
A12IIIIIIIA1IIIIIII222IIIIAAAI2AIIIII1AIII1AI2222I222IIAA22IIII2
A12IIIIIIIA1IIIIIII222IIIIAAAI2AIIIII1AIAI1AI2222I222IIAA22I2II2
A12IIIIIIIA1IIIIIII222IIIIAAAI2AIIIII1AAAI1AI2222I222IIAA2222II2
AA2IIIIIIIA1IIIIIII222IIIIAAAI2AIIIII1AAAI1AI2222I222IIAA2222II2
AA2IIIIIIIA1IIIIIII222IIIIAAAI2AIIIII1AAAI1AI2222I222IAAA2222II2
AA2IIIIIIIA1IIIIIII222IIIIAAAIAAIIIII1AAAI1AI2222I222IAAA2222II2
IIIIIIIIIIIIIIIIIIIIIIIIIIIIIIAIIII12II2IIIIIIIIIIIIIIIIIIIIIIII
IIIIIIIIIIIIIIIIIIIIIIIIIIIIIIAIIII12II2IIIIIAIIII12II2IIIIIIIII
IIIIIIIIIIIIIIIIIIIIIIIIIIIIIIAIIII12II2IIIIIAAIII112I22IIIIIIII
IIIIIIIIIIIIIIIIIIIIIIIIIIIIIIA1III12II2IIIIIAAIII112I22IIIIIIII
IIIIIIIIIIIIIIIIIIIIIIIIIIIIIIA1III12II2IIIIIAAIII112IA1IIIIIIII
IIIIIIIIIIIIIIIIIIIIIIIA1IIIIIA1III12II2IIIIIAAIII112IA1IIIIIIII
IIIIIIIIIIIIIIIIIIIIA1IA1IIIIIA1III12II2IIIIIAAIII112IA1IIIIIIII
IIIIIIIIIIIIIIIIIIIIA1IA1IIIIIA1III12II2IIIIIAAIIIA12IA1IIIIIIII
IIIIIIIIIIIIIIIIIIIIA1IA1IIIIIA1III12II2IIIIIAAIIAA12IA1IIIIIIII
IIIIIIIIIIIIIIIIIIIIA1IA1IIIIIA1III12II2IIIIIAAIAAA12IA1IIIIIIII
IIIIIIIIIIIIIIIIIIIIA1IAA1IIIIA1III12II2IIIIIAAIAAA12IA1IIIIIIII
IIIIIIIIIIIIIIIIIIIIA1IAA1IIIIA1III12II2IIIIIAAIAAA12IA12IIIIIII
IIIIIIIIIIIIIIIIIIIIA1IAA1IIIIA1III12II2IIIIIAAIAAAA22A12IIIIIII
IIIIIIIIIIIIIIIIIIIIA1IAA1IIIIA1III12II2IIIIIAAIAAAA22A1222IIIII
IIIIIIIIIIIIIIIIIIIIIIIIIIIIIIIIIIIIIIIIIIIIIIIIIIIIIIIA1IIIII12
A1IIIII12IIIII2IIIIIIIIIIIIIIIIIIIIIIIIIIIIIIIIIIIIIIIIA1IIIII12
A1IIIII12IIIII2IIIIIIIIIIIIIIIIIIIIIIIIIIIIIIIIIIIIIII2A1IIIII12
A1IIIII12IIIII2IIIII2IIIIIIIIIIIIIIIIIIIIIIIIIIIIIIIII2A1IIIII12
A1IIIII12IIIII2IIIII2IIIIIIAIIIIIIIIIIIIIIIIIII2IIIIII2A1IIIII12
A1IIIII12IAIII2IIIII2IIIIIIAII2IIIIIIIIIIIIIIII2IIIIII2A1IIIII12
A1IIIII12IAIII2IIIII2IIIIIIAAI2IIIIIIIIIIIIIIII22IIIII2A1IIIII12
A1IIIII12IAIII2IIIII2IIIIIIAAI2IIIIIIIIIIIIAIII22IIIII2A1IIIII12
AAIIIII12IAIII2IIIII22IIIIIAAI2IIIIIIIIIIIIAIII22IIIII2A1IIIII12
AAIIIII12IAIII2IIIII22IIIIIAAIAIIIIIIIIIIIIAIII22I2III2A1IIIII12
IIIIIIIIIIIIIIIIIIIIIIIIIIIIIIIIIIIIIIIIIIIIIIIIIIIIIIA1I22I2III
IIIIIIIIIIIIIIIIIIIIIIIIIIIIIIIIIIIIIIIIIIIIIIIIIIIIIIA1222I2III
IIIIIIIIIIIIIIIIIIIIIIIIIIIIIIIIIIIIIIIIIIIIIIIIIIIIIIA1212I2I1I
IIIIIIIIIIIIIIIIIIIIIIIIIIIIIIIIIIIIIIIIIIIIIIIIIIIAIIA121212I1I
IIIIIIIIIIIIIIIIIIIIIIIAII1IIII1II1IIIIIIIIII2IIIIIAIIA121212I1I
IIIIIIIIIIIIIIIIIIIIIIIIIIIIIIIIIIIIIIIIIIIIIIA1I2IIIIIIIIIIIIII
IIIIIIIIIIIIIIIIIIIIIIIIIIIIIIIIIIIIIIIIIIIIIIA1I2IIIA1I2IIIIIII
IIIIIIIIIIIIIIIIIIIIIIIIIIIIIIIIIIIIIIIIIIIA122II2III2IIIIIIIIII
IIIIIIIIIIIIIIIIIIIIIIIIIIIIIIA122II2III2IIA122II2III2IIIIIIIIII
IIIIIIIIIIIIIIIIIIIIIIIIIIIIIIA122II2III2IIA122II2III2IAIIIIIIII
IIIIIIIIIIIIIIIIIIIIIIIIIIIIIIA122II2III2IIA122II2III2IAAIIIIIII
IIIIIIIIIIIIIIIIIIIIIIIIIIIIIIA122II2III2IIA122II2III2AAAIIIIIII
IIIIIIIIIIIIIIIIIIIIAI1I1I1I1IA122I2222I2IIA122II2III2AAAIIIIIII
IIIIIIIIIIIIIIIIIIIIAI1A111111A122I2222222IA122II2III2AAAIIIIIII
IIIIIIIIIIIIIIIIIIIIIIIIIIIIIIIIIIIIIIIIIIIIIIIIIIIIIIIIAI122I22
IIIIIIIIIIIIIIIIIIIIIIIIIIIIIIIIIIIIIIIIIIIIIIIIIIIIIIAIA2122222
IIIIIIIIIIIIIIIIIIIIIIIIIIIIIIIIIIIIIIIIIIIIIIIIIIIIIIIIAI122I22
IIIIIIIIIIIIIIIIIIIIIIIIIIIIIIIIIIIIIIIIIIIIIIIIIIIIIIIAA1122222
IIIIIIIIIIIIIIIIIIIIIIIIIIA2IIIIIIIIIIIIIIIIIIIIIIIIIIIAA1122222
A2IIIIIIIIIIIIIIIIIIIIIIIIA2IIIIIIIIIIIIIIIIIIIIIIIIIIIAA1122222
A2IIIIIIIIIIIIIIIIIIIIIIIIA12I2IIIIIIIIIIIIIIIIIIIIIIIIAA1122222
A12I2IIIIIIIIIIIIIIIIIIIIIA12I2IIIIIIIIIIIIIIIIIIIIIIIIAA1122222
A12I2IIIIIIIIIIIIIIIIIIIIIA12I2A12I2IIIIIIIIIIIIIIIIIIIAA1122222
A12I2IIIIIIIIIIIIIIIIIIIIIAA122A12I2IIIIIIIIIIIIIIIIIIIAA1122222
A12I2IIIIIA12I2IIIIIIIIIIIAA122A12I2IIIIIIIIIIIIIIIIIIIAA1122222
A12I2IIIIIAA1222IIIIIIIIIIAA122A12I2IIIIIIIIIIIIIIIIIIIAA1122222
A12I2IIIIIAA1222IIIIIIIIIIAAA12A12I2IIIIIIIIIIIIIIIIIIIAA1122222
A12I2IIIIIAA1222IIIIIIIIIIAAA12A12I2IIIIIIIA12I2IIIIIIIAA1122222
A12I2IIIIIAA1222IIIIIIIIIIAAA12A12I2IIIIIIIAA1222IIIIIIAA1122222
A12I2IIIIIAA1222IIIIIIIIIIAAA12A12I2IIA12I2AA1222IIIIIIAA1122222
AA1222IIIIAA1222IIIIIIIIIIAAA12A12I2IIA12I2AA1222IIIIIIAA1122222
AA1222IIIIAA1222IIIIIIIIIIAAA12A12I2IIA12I2AA1222IIIIIAAA1122222
AA1222IIIIAA1222IIIIIIIIIIAAA1AA1222IIA12I2AA1222IIIIIAAA1122222
AA1222IIIIAA1222IIIIIIIIIIAAA1AA1222IIA12I2AAA2222IIIIAAA1122222
AA1222IIIIAA1222IIIIIIIIIIAAA1AA1222IIA12I2AAAA2222IIIAAA1122222
AA1222IIIIAA1222IIIIIIIA12AAA1AA1222IIA12I2AAAA2222IIIAAA1122222
AA1222IIIIAA1222IIIIA12A12AAA1AA1222IIA12I2AAAA2222IIIAAA1122222
AA1222IIIIAA1222IIIIA12A12AAA1AA1222IIA12I2AAAA222A12IAAA1122222
AA1222IIIIAA1222IIIIA12A12AAA1AA1222IIA12I2AAAA22AA12IAAA1122222
AA1222IIIIAA1222IIIIA12A12AAA1AA1222IIA12I2AAAA2AAA12IAAA1122222
AA1222IIIIAA1222IIIIA12AA1AAA1AA1222IIA12I2AAAA2AAA12IAAA1122222
IIIIIIIIIIIIIIIIIIIIIIIIIIIIIIIIIIIIIIIIIIIA1I112II2I222IIIIIIII
IIIIIIIIIIIIIIIIIIIIIIIIIIIIIIA1I112II2I222A1I112II2I222IIIIIIII
IIIIIIIIIIIIIIIIIIIIIIIIIIIIIIA1I112II2I222A1I112II2I22AIIIIIIII
IIIIIIIIIIIIIIIIIIIIIIIIIIIIIIA1I112II2I222A1I112II2I22AAIIIIIII
IIIIIIIIIIIIIIIIIIIIIIIIIIIIIIA1I112II2I222A1I112II2I2AAAIIIIIII
IIIIIIIIIIIIIIIIIII2AIIIIIIIIIA1I112II2I222A1I112II2I2AAAIIIIIII
IIIIIIIIIIIIIIIIIIIIIIIA1I222IIIIIIIIIIIIIIIIIIIIIIIIIIIIIIIIIII
IIIIIIIIIIIIIIIIIIIIIIIA1I222IIIIIIIIIIIIIIIIIIIIIIIIIAI1II2IIII
IIIIIIIIIIIIIIIIIIIIIIIIIIIIIIIIIIIIIIIIIIIIIIIIIIIIIIIIA1IIIIII
IIIIIIIIIIIIIIIIIIIIIIIIIIIIIIIIIIIIIIIIIIIIIIIIIIIIIIA1A1IIIIII
IIIIIIIIIIIIIIIIIIIIIIIIIIIIIIIIIIIIIIIIIIIIIIIIIIIIIIIIAIIIIIII
IIIIIIIIIIIIIIIIIIIIIIIIIIIIIIIIIIIIIIIIIIIIIIIIIIIIIIIAAIIIIIII
IIIIIIIIIIIIIIIIIIIIIIIIIIAI112II2I2IIIIIIIIIIIIIIIIIIIAAIIIIIII
AI112II2I2IIIIIIIIIIIIIIIIAI112II2I2IIIIIIIIIIIIIIIIIIIAAIIIIIII
AI112II2I2IIIIIIIIIIIIIIIIAI112II2I2IIIIIIIIIIIIIIIIIIIAA112II2I
AI112II2I2IIIIIIIIIIIIIIIAA1112I2222IIIIIIIIIIIIIIIIIIIAA112II2I
AI112II2I2IIIIIIIIIIIIIIIAA1112A2112II2I2IIIIIIIIIIIIIIAA112II2I
AI112II2I2IIIIIIIIIIIIIIIAAA111A21122I2I2IIIIIIIIIIIIIIAA112II2I
AI112II2I2AI112II2I2IIIIIAAA111A21122I2I2IIIIIIIIIIIIIIAA112II2I
AI112II2I2AA1112I2222IIIIAAA111A21122I2I2IIIIIIIIIIIIIIAA112II2I
AI112II2I2AA1112I2222IIIIAAAA11A2112222I2IIIIIIIIIIIIIIAA112II2I
AI112II2I2AA1112I2222IIIIAAAA11A2112222I2IIAI112II2I2IIAA112II2I
AI112II2I2AA1112I2222IIIIAAAA11A211222AI112AI112II2I2IIAA112II2I
AI112II2I2AA1112I2222IIIIAAAA11A211222AI112AI112II2I2IIAA1A2112I
AA1112I222AA1112I2222IIIIAAAA11A211222AI112AI112II2I2IIAA1A2112I
AA1112I222AA1112I2222IIIIAAAA11A211222AI112AI112II2I2IAAA1A21122
AA1112I222AA1112I2222IIIIAAAA1AA111222A2112AI112II2I2IAAA1A21122
AA1112I222AA1112I2222IIIIAAAA1AA111222A2112AIA12II2I2IAAA1A21122
AA1112I222AA1112I2222IIIIAAAA1AA111222A2112AIAA1II2I22AAA1A21122
AA1112I222AA1112I2222IIA1AAAA1AA111222A2112AIAA1II2I22AAA1A21122
AA1112I222AA1112I222A12A1AAAA1AA111222A2112AIAA1II2I22AAA1A21122
AA1112I222AA1112I222A12A1AAAA1AA111222A2112AIAA1IIA122AAA1A21122
AA1112I222AA1112I222A12A1AAAA1AA111222A2112AIAA1IAA122AAA1A21122
AA1112I222AA1112I222A12A1AAAA1AA111222A2112AIAA1AAA122AAA1A21122
AA1112I222AA1112I222A12AAAAAA1AA111222A2112AIAA1AAA122AAA1A21122
IIIIIIIIIIIIIIIIIIIIIIIIIIIIIIAI1I1I1I1I1I1I1I1IIIIIIIIIIIIIIIII
IIIIIIIIIIIIIIIIIIIIIIIIIIIIIIAI1I1I1I1I1I1I1I1IIIIIIIIIIIIAI1I1
IIIIIIIIIIIIIIIIIIIIIIIIIIIIIIA2IIIIIIIIIIIIIIIIIIIIIIIIIIIIIIII
IIIIIIIIIIIIIIIIIIIIIIIIIIIIIIA2IIIIIIIIIIIIIIIIIIIIIIIIIIIA2III
IIIIIIIIIIIIIIIIIIIIIIIIIIIIIIA2IIIIIIIIIIIIIIIIIIIA1IIIIIIA2III
IIIIIIIIIIIIIIIIIIIIIIIIIIIIIIIIIIIIIIIIIIIIIIA1IIIIIIIIIIIIIIII
IIIIIIIIIIIIIIIIIIIIIIIIIIIIIIIIIIIIIIIIIIIIIIA1IIIIIA1IIIIIIIII
IIIIIIIIIIIIAIIIIII1IIIII11IIIIII222IIIIIIIIIIIIIIIIIIIIIIIIIIII
IIIIIIIIIIIAAIIIII11IIII111IIIIII222IIIIIIIIIIIIIIIIIIIIIIIIIIII
IIIIIIIIIIIIIIIIIIIIIIIIIIIIIIAIIIIII1IIIII11IIIIII222IIIIIIIIII
IIIIIIIIIIIIIIIIIIIIIIIIIIA122IIIIIIIIIIIIIIIIIIIIIIIIIIIIIIIIII
IIIIIIIIIIIIIIIIIIIIIIIIIAA122IIIIIIIIIIIIIIIIIIIIIIIIIIIIIIIIII
IIIIIIIIIIIIIIIIIIIIIIIIIAA122IIIIIIIIAIIIIIIIIIIIIIIIIIIIIIIIII
IIIIIIIIIIIIIIIIIIIIIIIIAAA122IIIIIIIIAIIIIIIIIIIIIIIIIIIIIIIIII
IIIIIIIIIIIIIIIIIIIIIIIIAAA122IIIIIIIIA1IIIIIIIIIIIIIIIIIIIIIIII
IIIIIIIIIIIIIIIIIIIIIIIIA1IIIIIIIIIIIIIIIIIIIIIIIIIIIIIIIIIIIIII
IIIIIIIIIIIIIIIIIIIIIIIIA1A1IIIIIIIIIIIIIIIIIIIIIIIIIIIIIIIIIIII
IIIIIIIIIIIIIIIIIIIIIIIIAAA1IIIIIIIIIIIIIIIIIIIIIIIIIIIIIIIIIIII
IIIIIIIIIIIIIIIIIIIIIIIIAAA1IIIIIIIIIIAIIIIIIIIIIIIIIIIIIIIIIIII
IIIIIIIIIIIIIIIIIIIIIIIIAAA1IIIIIIIIIIA1IIIIIIIIIIIIIIIIIIIIIIII
IIIIIIIIIIIIIIIIIIIIIIIIIIIIIIIIIIIIIIA1IIIIIIIIIIIIIIIIIIIIIIII
IIIIIIIIIIIIIIIIIIIIIIIIA1IIIIIIIIIIIIA1IIIIIIIIIIIIIIIIIIIIIIII
IIIIIIIIIIIIIIIIIIIIIIIIA1A2IIIIIIIIIIA1IIIIIIIIIIIIIIIIIIIIIIII
IIIIIIIIIIIIIIIIIIIIIIIIA1A2IIIIIIIIIIA12IIIIIIIIIIIIIIIIIIIIIII
IIIIIIIIIIIIIIIIIIIIIIIIIIIIIIIIIIIIIIAIIIIIIIIIIIIIIIIIIIIIIIII
IIIIIIIIIIIIIIIIIIIIIIIIAIIIIIIIIIIIIIAIIIIIIIIIIIIIIIIIIIIIIIII
IIIIIIIIIIIIIIIIIIIIIIIIAIAIIIIIIIIIIIAIIIIIIIIIIIIIIIIIIIIIIIII
IIIIIIIIIIIIIIIIIIIIIIIIAIA12IIIIIIIIIAIIIIIIIIIIIIIIIIIIIIIIIII
IIIIIIIIIIIIIIIIIIIIIIIIAIA12IIIIIIIIIA12IIIIIIIIIIIIIIIIIIIIIII
IIIIIIIIIIIIIIIIIIIIIIIIA1A12IIIIIIIIIA12IIIIIIIIIIIIIIIIIIIIIII
IIIIIIIIIIIIIIIIIIIIIIIIIIIIIIIIIIIIIIIIIIIIIIIIIIIIIA1IIIIIIIII
IIIIIIIIIIIIIIIIIIIIIIIA1IIIIIIIIIIIIIIIIIIIIIIIIIIIIA1IIIIIIIII
IIIIIIIIIIIIIIIIIIIIIIIIIIIIIIAII11I2I2IIIIIIIIIIIIIIIIIIIIIIIII
IIIIIIIIIIIIIIIIIIIIIIIIIIIIIIAII11I2I2IIIIIIIIIIIIIIIIIIIIAII11
IIIIIIIIIIIIIIIIIIIIIIIIIIIIIIA2IIIIIIIIIIIIIIIIIIIIIIIIIIIIIIII
IIIIIIIIIIIIIIIIIIIIIIIIIIIIIIA2IIIIIIIIIIIIIIIIIIIIIIIIIIIA2III
IIIIIIIIIIIIIIIIIIIIIIIIIIIIIIA2IIIIIIIIIIIIIIIIIIIA1IIIIIIA2III
IIIIIIIIIIIIIIIIIIIIIIIIIIIIIIIIIIIIIIIIIIIIIIIIIIIIIA1IIIIIIIII
IIIIIIIIIIIIIIIIIIIIIIIA1IIIIIIIIIIIIIIIIIIIIIIIIIIIIA1IIIIIIIII
IIIIIIIIIIIIIIIIIIIIIIIIIIIIIIIIIIIIIIIIIIIIIIA2IIIIIIIIIIIIIIII
IIIIIIIIIIIIIIIIIIIIIIIIIIIIIIIIIIIIIIIIIIIIIIA2IIIIIA1IIIIIIIII
IIIIIIIIIIIIIIIIIIIIIIIIIIIIIIIIIIIIIIIIIIIIIIIIIIIIIA1IIIIIIIII
IIIIIIIIIIIIIIIIIIIIIIIA1IIIIIIIIIIIIIIIIIIIIIIIIIIIIA1IIIIIIIII
IIIIIIIIIIIIIIIIIIIIIIIIIIIIIIIIIIIIIIA1IIIIIIIIIIIIIIIIIIIIIIII
IIIIIIIIIIIIIIIIIIIIIIIIIIA1IIIIIIIIIIA1IIIIIIIIIIIIIIIIIIIIIIII
IIIIIIIIIIIIIIIIIIIIIIIIIIA1IIIIIIIIIIA12IIIIIIIIIIIIIIIIIIIIIII
IIIIIIIIIIIIIIIIIIIIIIIIIIA12IIIIIIIIIA12IIIIIIIIIIIIIIIIIIIIIII
IIIIIIIIIIIIIIIIIIIIIIIIA1A12IIIIIIIIIA12IIIIIIIIIIIIIIIIIIIIIII
IIIIIIIIIIIIIIIIIIIIIIIIIIA12IIIIIIIIIIIIIIIIIIIIIIIIIIIIIIIIIII
IIIIIIIIIIIIIIIIIIIIIIIIIIA12IIIIIIIIIA12IIIIIIIIIIIIIIIIIIIIIII
IIIIIIIIIIIIIIIIIIIIIIIIA2A12IIIIIIIIIA12IIIIIIIIIIIIIIIIIIIIIII
IIIIIIIIIIIIIIIIIIIIIIIIIIIIIIA1II111111II1IIIIIIIIIIIIIIIIIIIII
IIIIIIIIIIIIIIIIIIIIIIIIIIIIIIA1II111111II1IIIIIIIIIIIIIIIIA1II1
IIIIIIIIIIIIIIIIIIIIIIIIIIIIIIA1II111111II1IIIIIIIIIIIIA1IIA1111
IIIIIIIIIIIIIIIIIIIIIIIIIIIIIIIIIIIIIIIIIIIIIIA1IIIIIIIIIIIIIIII
IIIIIIIIIIIIIIIIIIIIIIIIIIIIIIIIIIIIIIIIIIIIIIA1IIIIIA1IIIIIIIII
IIIIIIIIIIIIAIIIIIIIIIIIIIIIIIIIIIIIIIIIIIIIIIIIIIIIIIIIIIIIIIII
IIIIIIIIIIIAAIIIIIIIIIIIIIIIIIIIIIIIIIIIIIIIIIIIIIIIIIIIIIIIIIII
IIIIIIIIIIIIIIIIIIIIIIIIIIIIIIA1IIIII2IIIIIIIIIIIIIIIIIIIIIIIIII
IIIIIIIIIIIIIIIIIIIIIIIIIIIIIIIIIIIIIIA12IIIIIIIIIIIIIIIIIIIIIII
IIIIIIIIIIIIIIIIIIIIIIIIA12IIIIIIIIIIIA12IIIIIIIIIIIIIIIIIIIIIII
IIIIIIIIIIIIIIIIIIIIIIIIIIIIIIIIIIIIIIA12IIIIIIIIIIIIIIIIIIIIIII
IIIIIIIIIIIIIIIIIIIIIIIIA12IIIIIIIIIIIA12IIIIIIIIIIIIIIIIIIIIIII
IIIIIIIIIIIIIIIIIIIIIIIIIIA12IIIIIIIIIIIIIIIIIIIIIIIIIIIIIIIIIII
IIIIIIIIIIIIIIIIIIIIIIIIIIA12IIIIIIIIIA12IIIIIIIIIIIIIIIIIIIIIII
IIIIIIIIIIIIIIIIIIIIIIIIA1A12IIIIIIIIIA12IIIIIIIIIIIIIIIIIIIIIII
IIIIIIIIIIIIIIIIIIIIIIIIIIA12IIIIIIIIIIIIIIIIIIIIIIIIIIIIIIIIIII
IIIIIIIIIIIIIIIIIIIIIIIIIIA12IIIIIIIIIA12IIIIIIIIIIIIIIIIIIIIIII
IIIIIIIIIIIIIIIIIIIIIIIIA1A12IIIIIIIIIA12IIIIIIIIIIIIIIIIIIIIIII
IIIIIIIIIIIIIIIIIIIIIIIIIIA12IIIIIIIIIIIIIIIIIIIIIIIIIIIIIIIIIII
IIIIIIIIIIIIIIIIIIIIIIIIIIA12IIIIIIIIIA12IIIIIIIIIIIIIIIIIIIIIII
IIIIIIIIIIIIIIIIIIIIIIIIA1A12IIIIIIIIIA12IIIIIIIIIIIIIIIIIIIIIII
IIIIIIIIIIIIIIIIIIIIIIIIIIA12IIIIIIIIIIIIIIIIIIIIIIIIIIIIIIIIIII
IIIIIIIIIIIIIIIIIIIIIIIIIIA12IIIIIIIIIA12IIIIIIIIIIIIIIIIIIIIIII
IIIIIIIIIIIIIIIIIIIIIIIIA1A12IIIIIIIIIA12IIIIIIIIIIIIIIIIIIIIIII
IIIIIIIIIIIIIIIIIIIIIIIIIIIIIIIIIIIIIIA12IIIIIIIIIIIIIIIIIIIIIII
IIIIIIIIIIIIIIIIIIIIIIIIA12IIIIIIIIIIIA12IIIIIIIIIIIIIIIIIIIIIII
IIIIIIIIIIIIIIIIIIIIIIIIIIIIIIIIIIIIIIA1IIIIIIIIIIIIIIIIIIIIIIII
IIIIIIIIIIIIIIIIIIIIIIIIA1IIIIIIIIIIIIA1IIIIIIIIIIIIIIIIIIIIIIII
IIIIIIIIIIIIIIIIIIIIIIIIIIIIIIIIIIIIIIA1IIIIIIIIIIIIIIIIIIIIIIII
IIIIIIIIIIIIIIIIIIIIIIIIA1IIIIIIIIIIIIA1IIIIIIIIIIIIIIIIIIIIIIII
IIIIIIIIIIIIIIIIIIIIIIIIIIA1IIIIIIIIIIIIIIIIIIIIIIIIIIIIIIIIIIII
IIIIIIIIIIIIIIIIIIIIIIIIIIA1IIIIIIIIIIA1IIIIIIIIIIIIIIIIIIIIIIII
IIIIIIIIIIIIIIIIIIIIIIIIA1A1IIIIIIIIIIA1IIIIIIIIIIIIIIIIIIIIIIII
IIIIIIIIIIIIIIIIIIIIIIIIIIA1IIIIIIIIIIIIIIIIIIIIIIIIIIIIIIIIIIII
IIIIIIIIIIIIIIIIIIIIIIIIIIA1IIIIIIIIIIA1IIIIIIIIIIIIIIIIIIIIIIII
IIIIIIIIIIIIIIIIIIIIIIIIA1A1IIIIIIIIIIA1IIIIIIIIIIIIIIIIIIIIIIII
IIIIIIIIIIIIIIIIIIIIIIIIIIIIIIIIIIIIIIA1IIIIIIIIIIIIIIIIIIIIIIII
IIIIIIIIIIIIIIIIIIIIIIIIIIA1IIIIIIIIIIA1IIIIIIIIIIIIIIIIIIIIIIII
IIIIIIIIIIIIIIIIIIIIIIIIA1A1IIIIIIIIIIA1IIIIIIIIIIIIIIIIIIIIIIII
IIIIIIIIIIIIIIIIIIIIIIIIIIIIIIIIIIIIIIA1IIIIIIIIIIIIIIIIIIIIIIII
IIIIIIIIIIIIIIIIIIIIIIIIA1IIIIIIIIIIIIA1IIIIIIIIIIIIIIIIIIIIIIII
IIIIIIIIIIIIIIIIIIIIIIIIIIIIIIIIIIIIIIA1IIIIIIIIIIIIIIIIIIIIIIII
IIIIIIIIIIIIIIIIIIIIIIIIA1IIIIIIIIIIIIA1IIIIIIIIIIIIIIIIIIIIIIII
IIIIIIIIIIIIIIIIIIIIIIIIIIIIIIIIIIIIIIA1IIIIIIIIIIIIIIIIIIIIIIII
IIIIIIIIIIIIIIIIIIIIIIIIA1IIIIIIIIIIIIA1IIIIIIIIIIIIIIIIIIIIIIII
IIIIIIIIIIIIIIIIIIIIIIIIIIIIIIIIIIIIIIA1IIIIIIIIIIIIIIIIIIIIIIII
IIIIIIIIIIIIIIIIIIIIIIIIA1IIIIIIIIIIIIA1IIIIIIIIIIIIIIIIIIIIIIII
IIIIIIIIIIIIIIIIIIIIIIIIIIIIIIIIIIIIIIA1IIIIIIIIIIIIIIIIIIIIIIII
IIIIIIIIIIIIIIIIIIIIIIIIIIA1IIIIIIIIIIA1IIIIIIIIIIIIIIIIIIIIIIII
IIIIIIIIIIIIIIIIIIIIIIIIA1A1IIIIIIIIIIA1IIIIIIIIIIIIIIIIIIIIIIII
IIIIIIIIIIIIIIIIIIIIIIIIIIA1IIIIIIIIIIIIIIIIIIIIIIIIIIIIIIIIIIII
IIIIIIIIIIIIIIIIIIIIIIIIIIA1IIIIIIIIIIA1IIIIIIIIIIIIIIIIIIIIIIII
IIIIIIIIIIIIIIIIIIIIIIIIA1A1IIIIIIIIIIA1IIIIIIIIIIIIIIIIIIIIIIII
IIIIIIIIIIIIIIIIIIIIIIIIIIIIIIIIIIIIIIA1IIIIIIIIIIIIIIIIIIIIIIII
IIIIIIIIIIIIIIIIIIIIIIIIA1IIIIIIIIIIIIA1IIIIIIIIIIIIIIIIIIIIIIII
IIIIIIIIIIIIIIIIIIIIIIIIA1A1IIIIIIIIIIA1IIIIIIIIIIIIIIIIIIIIIIII
IIIIIIIIIIIIIIIIIIIIIIIIIIA1IIIIIIIIIIIIIIIIIIIIIIIIIIIIIIIIIIII
IIIIIIIIIIIIIIIIIIIIIIIIIIA1IIIIIIIIIIA1IIIIIIIIIIIIIIIIIIIIIIII
IIIIIIIIIIIIIIIIIIIIIIIIA1A1IIIIIIIIIIA1IIIIIIIIIIIIIIIIIIIIIIII
IIIIIIIIIIIIIIIIIIIIIIIIIIIIIIIIIIIIIIA1IIIIIIIIIIIIIIIIIIIIIIII
IIIIIIIIIIIIIIIIIIIIIIIIA1IIIIIIIIIIIIA1IIIIIIIIIIIIIIIIIIIIIIII
IIIIIIIIIIIIIIIIIIIIIIIIA1A1IIIIIIIIIIA1IIIIIIIIIIIIIIIIIIIIIIII
IIIIIIIIIIIIIIIIIIIIIIIIIIA1IIIIIIIIIIIIIIIIIIIIIIIIIIIIIIIIIIII
IIIIIIIIIIIIIIIIIIIIIIIIIIA1IIIIIIIIIIA1IIIIIIIIIIIIIIIIIIIIIIII
IIIIIIIIIIIIIIIIIIIIIIIIA1A1IIIIIIIIIIA1IIIIIIIIIIIIIIIIIIIIIIII
IIIIIIIIIIIIIIIIIIIIIIIIIIIIIIIIIIIIIIA1IIIIIIIIIIIIIIIIIIIIIIII
IIIIIIIIIIIIIIIIIIIIIIIIIIA1IIIIIIIIIIA1IIIIIIIIIIIIIIIIIIIIIIII
IIIIIIIIIIIIIIIIIIIIIIIIA1A1IIIIIIIIIIA1IIIIIIIIIIIIIIIIIIIIIIII
IIIIIIIIIIIIIIIIIIIIIIIIIIIIIIIIIIIIIIA1IIIIIIIIIIIIIIIIIIIIIIII
IIIIIIIIIIIIIIIIIIIIIIIIA1IIIIIIIIIIIIA1IIIIIIIIIIIIIIIIIIIIIIII
IIIIIIIIIIIIIIIIIIIIIIIIIIA1IIIIIIIIIIIIIIIIIIIIIIIIIIIIIIIIIIII
IIIIIIIIIIIIIIIIIIIIIIIIIIA1IIIIIIIIIIA1IIIIIIIIIIIIIIIIIIIIIIII
IIIIIIIIIIIIIIIIIIIIIIIIA1A1IIIIIIIIIIA1IIIIIIIIIIIIIIIIIIIIIIII
IIIIIIIIIIIIIIIIIIIIIIIIIIIIIIIIIIIIIIA1IIIIIIIIIIIIIIIIIIIIIIII
IIIIIIIIIIIIIIIIIIIIIIIIA1IIIIIIIIIIIIA1IIIIIIIIIIIIIIIIIIIIIIII
IIIIIIIIIIIIIIIIIIIIIIIIIIIIIIIIIIIIIIA1IIIIIIIIIIIIIIIIIIIIIIII
IIIIIIIIIIIIIIIIIIIIIIIIA1IIIIIIIIIIIIA1IIIIIIIIIIIIIIIIIIIIIIII
IIIIIIIIIIIIIIIIIIIIIIIIIIIIIIIIIIIIIIA1IIIIIIIIIIIIIIIIIIIIIIII
IIIIIIIIIIIIIIIIIIIIIIIIA1IIIIIIIIIIIIA1IIIIIIIIIIIIIIIIIIIIIIII
IIIIIIIIIIIIIIIIIIIIIIIIIIIIIIIIIIIIIIA1IIIIIIIIIIIIIIIIIIIIIIII
IIIIIIIIIIIIIIIIIIIIIIIIA1IIIIIIIIIIIIA1IIIIIIIIIIIIIIIIIIIIIIII
IIIIIIIIIIIIIIIIIIIIIIIIIIIIIIIIIIIIIIA1IIIIIIIIIIIIIIIIIIIIIIII
IIIIIIIIIIIIIIIIIIIIIIIIA1IIIIIIIIIIIIA1IIIIIIIIIIIIIIIIIIIIIIII
IIIIIIIIIIIIIIIIIIIIIIIIIIIIIIIIIIIIIIA1IIIIIIIIIIIIIIIIIIIIIIII
IIIIIIIIIIIIIIIIIIIIIIIIIIA1IIIIIIIIIIA1IIIIIIIIIIIIIIIIIIIIIIII
IIIIIIIIIIIIIIIIIIIIIIIIA1A1IIIIIIIIIIA1IIIIIIIIIIIIIIIIIIIIIIII
IIIIIIIIIIIIIIIIIIIIIIIIIIA1IIIIIIIIIIIIIIIIIIIIIIIIIIIIIIIIIIII
IIIIIIIIIIIIIIIIIIIIIIIIIIA1IIIIIIIIIIA1IIIIIIIIIIIIIIIIIIIIIIII
IIIIIIIIIIIIIIIIIIIIIIIIA1A1IIIIIIIIIIA1IIIIIIIIIIIIIIIIIIIIIIII
IIIIIIIIIIIIIIIIIIIIIIIIIIA1IIIIIIIIIIIIIIIIIIIIIIIIIIIIIIIIIIII
IIIIIIIIIIIIIIIIIIIIIIIIIIA1IIIIIIIIIIA1IIIIIIIIIIIIIIIIIIIIIIII
IIIIIIIIIIIIIIIIIIIIIIIIA1A1IIIIIIIIIIA1IIIIIIIIIIIIIIIIIIIIIIII
IIIIIIIIIIIIIIIIIIIIIIIIIIIIIIIIIIIIIIA1IIIIIIIIIIIIIIIIIIIIIIII
IIIIIIIIIIIIIIIIIIIIIIIIA1IIIIIIIIIIIIA1IIIIIIIIIIIIIIIIIIIIIIII
IIIIIIIIIIIIIIIIIIIIIIIIIIAI1I1I12I22IIIIIIIIIIIIIIIIIIIIIIIIIII
IIIIIIIIIIIIIIIIIIIIIIIIIIA11I1I12I22IIIIIIIIIIIIIIIIIIIIIIIIIII
IIIIIIIIIIIIIIIIIIIIIIIIIIA11I1I12I22IA1IIIIIIIIIIIIIIIIIIIIIIII
IIIIIIIIIIIIIIIIIIIIIIIIA1A11I1I12I22IA1IIIIIIIIIIIIIIIIIIIIIIII
IIIIIIIIIIIIIIIIIIIIIIIIAAA11I1I12I22IA1IIIIIIIIIIIIIIIIIIIIIIII
IIIIIIIIIIIIIIIIIIIIIIIIAAA11I1I12I22IA12IIIIIIIIIIIIIIIIIIIIIII
IIIIIIIIIIIIAI1I1I1I1I1I1I1I1IIIIIIIIIIIIIIIIIIIIIIIIIIIIIIIIIII
IIIIIIIIIIIAAI1I1I1I1I1I1I1I1IIIIIIIIIIIIIIIIIIIIIIIIIIIIIIIIIII
IIIIIIIIIIIAA111111111111I1I1IIIIIIIIIIIIIIIIIIIIIIIIIIIIIIIIIII
IIIIIIIIIIIIIIIIIIIIIIIIIIIIIIAI1I1I1I1I1I1I1I1IIIIIIIIIIIIIIIII
IIIIIIIIIIIIIIIIIIIIIIIIIIIIIIAI1I1I1I1I1I1I1I1111IIIIIIIIIIIIII
IIIIIIIIIIIIIIIIIIIIIIIIIIA2IIIIIIIIIIIIIIIIIIIIIIIIIIIIIIIIIIII
IIIIIIIIIIIIIIIIIIIIIIIIIIA2IIIIIIIIIIA1IIIIIIIIIIIIIIIIIIIIIIII
IIIIIIIIIIIIIIIIIIIIIIIIA1A2IIIIIIIIIIA1IIIIIIIIIIIIIIIIIIIIIIII
IIIIIIIIIIIIIIIIIIIIIIIIA1A1IIIIIIIIIIA1IIIIIIIIIIIIIIIIIIIIIIII
IIIIIIIIIIIIIIIIIIIIIIIIA1A12IIIIIIIIIA1IIIIIIIIIIIIIIIIIIIIIIII
IIIIIIIIIIIIIIIIIIIIIIIIA1A12IIIIIIIIIA12IIIIIIIIIIIIIIIIIIIIIII
IIIIIIIIIIIIIIIIIIIIIIIIIIIIIIIIIIIIIIA2IIIIIIIIIIIIIIIIIIIIIIII
IIIIIIIIIIIIIIIIIIIIIIIIA2IIIIIIIIIIIIA2IIIIIIIIIIIIIIIIIIIIIIII
IIIIIIIIIIIIIIIIIIIIIIIIA2IIIIIIIIIIIIA1IIIIIIIIIIIIIIIIIIIIIIII
IIIIIIIIIIIIIIIIIIIIIIIIA1IIIIIIIIIIIIA1IIIIIIIIIIIIIIIIIIIIIIII
IIIIIIIIIIIIIIIIIIIIIIIIA1A1IIIIIIIIIIA1IIIIIIIIIIIIIIIIIIIIIIII
IIIIIIIIIIIIIIIIIIIIIIIIIIIIIIIIIIIIIIA2IIIIIIIIIIIIIIIIIIIIIIII
IIIIIIIIIIIIIIIIIIIIIIIIA2IIIIIIIIIIIIA2IIIIIIIIIIIIIIIIIIIIIIII
IIIIIIIIIIIIIIIIIIIIIIIIA2A2IIIIIIIIIIA2IIIIIIIIIIIIIIIIIIIIIIII
IIIIIIIIIIIIIIIIIIIIIIIIA2A2IIIIIIIIIIA12IIIIIIIIIIIIIIIIIIIIIII
IIIIIIIIIIIIIIIIIIIIIIIIA1A2IIIIIIIIIIA12IIIIIIIIIIIIIIIIIIIIIII
IIIIIIIIIIIIIIIIIIIIIIIIIIA1IIIIIIIIIIIIIIIIIIIIIIIIIIIIIIIIIIII
IIIIIIIIIIIIIIIIIIIIIIIIIIA1IIIIIIIIIIA1IIIIIIIIIIIIIIIIIIIIIIII
IIIIIIIIIIIIIIIIIIIIIIIIA1A1IIIIIIIIIIA1IIIIIIIIIIIIIIIIIIIIIIII
IIIIIIIIIIIIIIIIIIIIIIIIIIIIIIIIIIIIIIA1IIIIIIIIIIIIIIIIIIIIIIII
IIIIIIIIIIIIIIIIIIIIIIIIIIA2IIIIIIIIIIA1IIIIIIIIIIIIIIIIIIIIIIII
IIIIIIIIIIIIIIIIIIIIIIIIA2A2IIIIIIIIIIA1IIIIIIIIIIIIIIIIIIIIIIII
IIIIIIIIIIIIIIIIIIIIIIIIIIIIIIIIIIIIIIA2IIIIIIIIIIIIIIIIIIIIIIII
IIIIIIIIIIIIIIIIIIIIIIIIA2IIIIIIIIIIIIA2IIIIIIIIIIIIIIIIIIIIIIII
IIIIIIIIIIIIIIIIIIIIIIIIA2A2IIIIIIIIIIA2IIIIIIIIIIIIIIIIIIIIIIII
IIIIIIIIIIIIIIIIIIIIIIIIIIIIIIIIIIIIIIA2IIIIIIIIIIIIIIIIIIIIIIII
IIIIIIIIIIIIIIIIIIIIIIIIIIA2IIIIIIIIIIA2IIIIIIIIIIIIIIIIIIIIIIII
IIIIIIIIIIIIIIIIIIIIIIIIA2A2IIIIIIIIIIA2IIIIIIIIIIIIIIIIIIIIIIII
IIIIIIIIIIIIIIIIIIIIIIIIIIIIIIIIIIIIIIA1IIIIIIIIIIIIIIIIIIIIIIII
IIIIIIIIIIIIIIIIIIIIIIIIIIA1IIIIIIIIIIA1IIIIIIIIIIIIIIIIIIIIIIII
IIIIIIIIIIIIIIIIIIIIIIIIA1A1IIIIIIIIIIA1IIIIIIIIIIIIIIIIIIIIIIII
IIIIIIIIIIIIIIIIIIIIIIIIIIIIIIIIIIIIIIA1IIIIIIIIIIIIIIIIIIIIIIII
IIIIIIIIIIIIIIIIIIIIIIIIA1IIIIIIIIIIIIA1IIIIIIIIIIIIIIIIIIIIIIII
IIIIIIIIIIIIIIIIIIIIIIIIIIIIIIIIIIIIIIA1IIIIIIIIIIIIIIIIIIIIIIII
IIIIIIIIIIIIIIIIIIIIIIIIA1IIIIIIIIIIIIA1IIIIIIIIIIIIIIIIIIIIIIII
IIIIIIIIIIIIIIIIIIIIIIIIIIIIIIIIIIIIIIA1IIIIIIIIIIIIIIIIIIIIIIII
IIIIIIIIIIIIIIIIIIIIIIIIA1IIIIIIIIIIIIA1IIIIIIIIIIIIIIIIIIIIIIII
IIIIIIIIIIIIIIIIIIIIIIIIA1A1IIIIIIIIIIA1IIIIIIIIIIIIIIIIIIIIIIII
IIIIIIIIIIIIIIIIIIIIIIIIIIIIIIIIIIIIIIA1IIIIIIIIIIIIIIIIIIIIIIII
IIIIIIIIIIIIIIIIIIIIIIIIA1IIIIIIIIIIIIA1IIIIIIIIIIIIIIIIIIIIIIII
IIIIIIIIIIIIIIIIIIIIIIIIIIIIIIIIIIIIIIA1IIIIIIIIIIIIIIIIIIIIIIII
IIIIIIIIIIIIIIIIIIIIIIIIA1IIIIIIIIIIIIA1IIIIIIIIIIIIIIIIIIIIIIII
IIIIIIIIIIIIIIIIIIIIIIIIIIIIIIIIIIIIIIIIIIIIIIAI1I1I1I1I1I1I1I1I
IIIIIIIIIIIIIIIIIIIIIIIIIIIIIIIIIIIIIIIIIIIIIIAI1I1I1A1111111111
IIIIIIIIIIIIIIIIIIIIIIIIIIIIIIIIIIIIIIIII2IA1IIIIIIIIIIIIIIIIII2
IIIIIIIIIIIIIIIIIIIIIIIIIIII2IA1IIIIIIIII2IA1IIIII2IIIIIIIIIIII2
IIIIIIIIIIIIIIIIIIIIIIIIIIII2IA1IIIIIIIII2IA1IIIII2II2IA1IIIIII2
IIIIIIIIIIIIIIIIIIIIIIIIIIII2IA1IIIIIIIII2IA1IIIII2II22AA1IIIII2
IIIIIIIIIIIIIIIIIIIIIIIIIIII2IA1IIIIIIIII2IA1IIIII2II2AAA1IIIII2
IIIIIIIIIIIIIIIIIIIIIIIA2IIIIIIIIIIIIIIIIIIIIIIIIIIIIIIIIIIIIIII
IIIIIIIIIIIIIIIIIIIIIIIA2IIIIIIIIIIIIIIIIIIIIIIIIIIIIIA12IIIIIII
IIIIIIIIIIIIIIIIIIIIIIIIIIIIIIIIIIIIIIIIIIIIIIIIIIIIIIIIA1IIIIII
IIIIIIIIIIIIIIIIIIIIIIIIIIIIIIIIIIIIIIIIIIIIIIIIIIIIIIIAA1IIIIII
IIIIIIIIIIIIIIIIIIIIIIIIIIIIIIIIIIIIIIIIIIIIIIIIIIIIIIAAA1IIIIII
IIIIIIIIIIIIIIIIIIIIIIIIIIIIIIIIIIIIIIIIIIIIIIIIIIIIIIIIA1IIIII1
IIIIIIIIIIIIIIIIIIIIIIIIIIIIIIIIIIIIIIIIIIIIIIIIIIIIIIIAA1IIII11
IIIIIIIIIIIIIIIIIIIIIIIIIIAIIIIIIIIIIIIIIIIIII2IIIIIIIIAA1IIII11
AIIIIIIIIIIIIIIIIIII2IIIIIAIIIIIIIIIIIIIIIIIII2IIIIIIIIAA1IIII11
AIIIIIIIIIIIIIIIIIII2IIIIIA1IIIIIIIIIIIIIIIIII2IIIIIIIIAA1IIII11
A1IIIIIIIIIIIIIIIIII2IIIIIA1IIIIIIIIIIIIIIIIII2IIIIIIIIAA1IIII11
A1IIIIIIIIIIIIIIIIII2IIIIIA1IIIIIIIIIIIIIIIII221IIIIIIIAA1IIII11
A1IIIIIIIIIIIIIIIII221IIIIA1IIIIIIIIIIIIIIIII221IIIIIIIAA1IIII11
A1IIIIIIIIIIIIIIIII221III2A1IIIIIIIIIIIIIIIII221IIIIIIIAA1IIII11
A1IIIIIIIIIIIIIIIII221III2A1II2AIIIIIIIIIIIII221III2IIIAA1IIII11
A1IIIIIIIIIIIIIIIII221III2AAII2AIIIIIIIIIIIII221III2IIIAA1IIII11
A1IIIIIII2AIIIIIIII221III2AAII2AIIIIIIIIIIIII221III2IIIAA1IIII11
A1IIIIIII2AIIIIIIII221III2AAII2AII1I1IIIIIIII221III2IIIAA1IIII11
A1IIIIIII2AIIIIII1I121III2AAII2AII1I1IIIIIIII221III2IIIAA1IIII11
A1IIIIIII2AIIIIII1I121III2AAAI2AII1111IIIIIII221III2IIIAA1IIII11
A1IIIIIII2AIIIIII1I121III2AAAI2AII1111IIIIIAI221II121IIAA1IIII11
A1IIIIIII2AIIIIII1I121III2AAAI2AII1111IIIIIAA221II1111IAA1IIII11
A1IIIIIII2AIIIIII1I121III2AAAI2AII1111IIAIIAA221I11111IAA1IIII11
A1IIIII1I1AIIIIII1I121III2AAAI2AII1111IIAIIAA221I11111IAA1IIII11
AAIIIII111AIIIIII1I121III2AAAI2AII1111IIAIIAA221I11111IAA1IIII11
AAIIIII111AIIIIII1I121III2AAAI2AII1111IIAIIAA221I11111AAA1III111
AAIIIII111AIIIIII1I121III2AAAIAAII1111I1AIIAA221I11111AAA1III111
AAIIIII111AIIIIII1I121III2AAAIAA2I1111I1AIIAA221I11111AAA1III111
AAIIIII111AIIIIII1I121III2AAAIAA2I1111I1AIIAAA11I11111AAA1III111
AAIIIII111AIIIIII1I121III2AAAIAA2I1111I1AIIAAAA1211111AAA1III111
AAIIIII111AIIIIII1I121IAI2AAAIAA2I1111I1AIIAAAA1211111AAA1III111
AAIIIII111AIIIIII1I1A1IAI2AAAIAA2I1111I1AIIAAAA1211111AAA1III111
AAIIIII111AIIIIII1I1A1IAI2AAAIAA2I1111I1AIIAAAA12A1111AAA1III111
AAIIIII111AIIIIII1I1A1IAI2AAAIAA2I1111I1AIIAAAA12AA111AAA1III111
AAIIIII111AIIIIII1I1A1IAI2AAAIAA2I1111I1AIIAAAA1AAA111AAA1III111
AAIIIII111AIIIIII1I1A1IAA2AAAIAA2I1111I1AIIAAAA1AAA111AAA1III111
AAIIIII111AIIIIII1I1A1IAA2AAAIAA2I1111I1AIIAAAA1AAAA11AAA1III111
IIIIIIIIIIIIIIIIIIIIIIIIIIIIIIIIIIIIIIIIIIIIIIIIIIIIIIA1III22III
IIIIIIIIIIIIIIIIIIIIIIIIIIIIIIIIIIIIIIIIIIIIIIIIIIIIIIA1I1I22III
IIIIIIIIIIIIIIIIIIIIIIIIIIIIIIIIIIIIIIIIIIIIIIIIIIIAIIA1I1I22I2I
IIIIIIIIIIIIIIIIIIIIIIIAII1IIIIIII2II2IIIIIII2IIIIIAIIA1I1I22I2I
IIIIIIIIIIIIAI1I2I222222IIIIIIIIIIIIIIIIIIIIIIIIIIIIIIIIIIIIIIII
IIIIIIIIIIIAAI1I2I222222IIIIIIIIIIIIIIIIIIIIIIIIIIIIIIIIIIIIIIII
IIIIIIIIIIIAA112222222222I2IIIIIIIIIIIIIIIIIIIIIIIIIIIIIIIIIIIII
IIIIIIIIIIIAA112222222222I2IIIAI1I2I222222IIIIIIIIIIIIIIIIIIIIII
IIIIIIIIIIIAA112222222222I2IIIAI1I2I22222222I2IIIIIIIIIIIIIIIIII
IIIIIIIIIIIIIIIIIIIIIIIIIIA2IIIIIIIIIIIIIIIIIIIIIIIIIIIIIIIIIIII
IIIIIIIIIIIIIIIIIIIIIIIIIIA2IIIIIIIIIIA2IIIIIIIIIIIIIIIIIIIIIIII
IIIIIIIIIIIIIIIIIIIIIIIIA2A2IIIIIIIIIIA2IIIIIIIIIIIIIIIIIIIIIIII
IIIIIIIIIIIIIIIIIIIIIIIIA2A1IIIIIIIIIIA2IIIIIIIIIIIIIIIIIIIIIIII
IIIIIIIIIIIIIIIIIIIIIIIIA2A1IIIIIIIIIIA1IIIIIIIIIIIIIIIIIIIIIIII
IIIIIIIIIIIIIIIIIIIIIIIIA1A1IIIIIIIIIIA1IIIIIIIIIIIIIIIIIIIIIIII
IIIIIIIIIIIIIIIIIIIIIIIIA1A1I2IIIIIIIIA1IIIIIIIIIIIIIIIIIIIIIIII
IIIIIIIIIIIIIIIIIIIIIIIIA1A1I2IIIIIIIIA1I2IIIIIIIIIIIIIIIIIIIIII
IIIIIIIIIIIIIIIIIIIIIIIIIIA1I2IIIIIIIIIIIIIIIIIIIIIIIIIIIIIIIIII
IIIIIIIIIIIIIIIIIIIIIIIIIIA1I2IIIIIIIIA1I2IIIIIIIIIIIIIIIIIIIIII
IIIIIIIIIIIIIIIIIIIIIIIIA1A1I2IIIIIIIIA1I2IIIIIIIIIIIIIIIIIIIIII
IIIIIIIIIIIIIIIIIIIIIIIIAAA122IIIIIIIIA1I2IIIIIIIIIIIIIIIIIIIIII
IIIIIIIIIIIIIIIIIIIIIIIIIIIIIIIIIIIIIIAI11I1IIIIIIIIIIIIIIIIIIII
IIIIIIIIIIIIIIIIIIIIIIIIAI11I122IIIIIIAI11I1IIIIIIIIIIIIIIIIIIII
IIIIIIIIIIIIIIIIIIIIIIIIAI11I122IIIIIIAI11I12222222IIIIIIIIIIIII
IIIIIIIIIIIIIIIIIIIIIIIIAIA1I122IIIIIIAI11I12222222IIIIIIIIIIIII
IIIIIIIIIIIIIIIIIIIIIIIIAAA1I122IIIIIIAI11I12222222IIIIIIIIIIIII
IIIIIIIIIIIIIIIIIIIIIIIIAAA1I122IIIIIIA211I12222222IIIIIIIIIIIII
IIIIIIIIIIIIIIIIIIIIIIIIAAA1I122IIIIIIA111I12222222IIIIIIIIIIIII
IIIIIIIIIIIIIIIIIIIIIIIIIIA1IIIIIIIIIIIIIIIIIIIIIIIIIIIIIIIIIIII
IIIIIIIIIIIIIIIIIIIIIIIIIIA1IIIIIIIIIIA1IIIIIIIIIIIIIIIIIIIIIIII
IIIIIIIIIIIIIIIIIIIIIIIIIAA1IIIIIIIIIIA1IIIIIIIIIIIIIIIIIIIIIIII
IIIIIIIIIIIIIIIIIIIIIIIIAAA1IIIIIIIIIIA1IIIIIIIIIIIIIIIIIIIIIIII
IIIIIIIIIIIIIIIIIIIIIIIIIIIIIIIIIIIIIIA1IIIIIIIIIIIIIIIIIIIIIIII
IIIIIIIIIIIIIIIIIIIIIIIIIIA1IIIIIIIIIIA1IIIIIIIIIIIIIIIIIIIIIIII
IIIIIIIIIIIIIIIIIIIIIIIIA1A1IIIIIIIIIIA1IIIIIIIIIIIIIIIIIIIIIIII
IIIIIIIIIIIIIIIIIIIIIIIIIIIIIIIIIIIIIIA2IIIIIIIIIIIIIIIIIIIIIIII
IIIIIIIIIIIIIIIIIIIIIIIIA2IIIIIIIIIIIIA2IIIIIIIIIIIIIIIIIIIIIIII
IIIIIIIIIIIIIIIIIIIIIIIIA2A2IIIIIIIIIIA2IIIIIIIIIIIIIIIIIIIIIIII
IIIIIIIIIIIIIIIIIIIIIIIIA2A2IIIIIIIIIIA1IIIIIIIIIIIIIIIIIIIIIIII
IIIIIIIIIIIIIIIIIIIIIIIIA1A2IIIIIIIIIIA1IIIIIIIIIIIIIIIIIIIIIIII
IIIIIIIIIIIIIIIIIIIIIIIIA1A1IIIIIIIIIIA1IIIIIIIIIIIIIIIIIIIIIIII
IIIIIIIIIIIIIIIIIIIIIIIIAAA1IIIIIIIIIIA1IIIIIIIIIIIIIIIIIIIIIIII
IIIIIIIIIIIIIIIIIIIIIIIIAAA12IIIIIIIIIA1IIIIIIIIIIIIIIIIIIIIIIII
IIIIIIIIIIIIIIIIIIIIIIIIAAA12IIIIIIIIIA12IIIIIIIIIIIIIIIIIIIIIII
IIIIIIIIIIIIIIIIIIIIIIIIIIA1IIIIIIIIIIIIIIIIIIIIIIIIIIIIIIIIIIII
IIIIIIIIIIIIIIIIIIIIIIIIIAA1IIIIIIIIIIIIIIIIIIIIIIIIIIIIIIIIIIII
IIIIIIIIIIIIIIIIIIIIIIIIIAA12IIIIIIIIIIIIIIIIIIIIIIIIIIIIIIIIIII
IIIIIIIIIIIIIIIIIIIIIIIIIAA12IIIIIIIIIA12IIIIIIIIIIIIIIIIIIIIIII
IIIIIIIIIIIIIIIIIIIIIIIIAAA12IIIIIIIIIA12IIIIIIIIIIIIIIIIIIIIIII
IIIIIIIIIIIIIIIIIIIIIIIIIIIIIIIIIIIIIIA12IIIIIIIIIIIIIIIIIIIIIII
IIIIIIIIIIIIIIIIIIIIIIIIIIA12IIIIIIIIIA12IIIIIIIIIIIIIIIIIIIIIII
IIIIIIIIIIIIIIIIIIIIIIIIA1A12IIIIIIIIIA12IIIIIIIIIIIIIIIIIIIIIII
IIIIIIIIIIIIIIIIIIIIIIIIAAA12IIIIIIIIIA12IIIIIIIIIIIIIIIIIIIIIII
IIIIIIIIIIIIIIIIIIIIIIIIIIIIIIIIIIIIIIA11IIIIIIIIIIIIIIIIIIIIIII
IIIIIIIIIIIIIIIIIIIIIIIIIIIIIIIIIIIIIIA112IIIIIIIIIIIIIIIIIIIIII
IIIIIIIIIIIIIIIIIIIIIIIIIIA112IIIIIIIIA112IIIIIIIIIIIIIIIIIIIIII
IIIIIIIIIIIIIIIIIIIIIIIIA1A112IIIIIIIIA112IIIIIIIIIIIIIIIIIIIIII
IIIIIIIIIIIIIIIIIIIIIIIIAAA112IIIIIIIIA112IIIIIIIIIIIIIIIIIIIIII
IIIIIIIIIIIIIIIIIIIIIIIIIIA112IIIIIIIIIIIIIIIIIIIIIIIIIIIIIIIIII
IIIIIIIIIIIIIIIIIIIIIIIIIIA112IIIIIIIIA112IIIIIIIIIIIIIIIIIIIIII
IIIIIIIIIIIIIIIIIIIIIIIIIAA112IIIIIIIIA112IIIIIIIIIIIIIIIIIIIIII
IIIIIIIIIIIIIIIIIIIIIIIIAAA112IIIIIIIIA112IIIIIIIIIIIIIIIIIIIIII
IIIIIIIIIIIIIIIIIIIIIIIIIIA12IIIIIIIIIIIIIIIIIIIIIIIIIIIIIIIIIII
IIIIIIIIIIIIIIIIIIIIIIIIIIA12IIIIIIIIIA12IIIIIIIIIIIIIIIIIIIIIII
IIIIIIIIIIIIIIIIIIIIIIIIA1A12IIIIIIIIIA12IIIIIIIIIIIIIIIIIIIIIII
IIIIIIIIIIIIIIIIIIIIIIIIIIIIIIIIIIIIIIA12IIIIIIIIIIIIIIIIIIIIIII
IIIIIIIIIIIIIIIIIIIIIIIIIIA12IIIIIIIIIA12IIIIIIIIIIIIIIIIIIIIIII
IIIIIIIIIIIIIIIIIIIIIIIIIAA12IIIIIIIIIA12IIIIIIIIIIIIIIIIIIIIIII
IIIIIIIIIIIIIIIIIIIIIIIIAAA12IIIIIIIIIA12IIIIIIIIIIIIIIIIIIIIIII
IIIIIIIIIIIIIIIIIIIIIIIIIIIIIIIIIIIIIIIIIIIAI2IIIIIIIIIIIIIIIIII
IIIIIIIIIIIIIIIIIIIIIIIIIIIIIIA1I2IIIIIIIIIAI2IIIIIIIIIIIIIIIIII
IIIIIIIIIIIIIIIIIIIIIIIIIIIIIIA1I2IIIIIIIIIAI2IIIIIIIIIA1I2IIIII
IIIIIIIIIIIIIIIIIIIIIIIIIIIIIIA1I2IIIIIIIIIAI2IIIIIIIIIAA122IIII
IIIIIIIIIIIIIIIIIIIIIIIIIIIIIIA1I2IIIIIIIIIAI2IIIIIIIIAAA122IIII
IIIIIIIIIIIIIIIIIIIIIIIIIIIIIIIIIIIIIIIIIIIIIIIIIIIIIIA1IIIIIIII
IIIIIIIIIIIIIIIIIIIIIIIIIIIIIIIIIIIIIIIIIIIIIIIIIIIIIIIIA1IIIIII
IIIIIIIIIIIIIIIIIIIIIIIIIIIIIIIIIIIIIIIIIIIIIIIIIIIIIIA1A1IIIIII
IIIIIIIIIIIIIIIIIIIIIIIIIIIIIIIIIIIIIIIIIIIIIIIIIIIIIIIIA1I111I1
IIIIIIIIIIIIIIIIIIIIIIIIIIIIIIIIIIIIIIIIIIIIIIIIIIIIIIIAA1111111
IIIIIIIIIIIIIIIIIIIIIIIIIIA1I111I11I1IIIIIIIIIIIIIIIIIIAA1111111
A1I111IIIIIIIIIIIIIIIIIIIIA1I111I11I1IIIIIIIIIIIIIIIIIIAA1111111
A1I111I11I1IIIIIIIIIIIIIIIA1I111I11I1IIIIIIIIIIIIIIIIIIAA1111111
A1I111I11I1IIIIIIIIIIIIIIAA1111111111IIIIIIIIIIIIIIIIIIAA1111111
A1I111I11I1IIIIIIIIIIIIIIAA1111A11111I11I1IIIIIIIIIIIIIAA1111111
A1I111I11I1IIIIIIIIIIIIIIAAA111A11111111I1IIIIIIIIIIIIIAA1111111
A1I111I11IA1I111I11I1IIIIAAA111A11111111I1IIIIIIIIIIIIIAA1111111
A1I111I11IA1I111I11I1IIIIAAAA11A11111111I1IIIIIIIIIIIIIAA1111111
A1I111I11IA1I111I11I1IIIIAAAA11A11111111I1IA1I111I11I1IAA1111111
A1I111I11IA1I111I11I1IIIIAAAA11A11111111I1IAA1111111111AA1111111
A1I111I11IA1I111I11I1IIIIAAAA11A11111111A1IAA1111111111AA1111111
AA11111111A1I111I11I1IIIIAAAA11A11111111A1IAA1111111111AA1111111
AA11111111A1I111I11I1IIIIAAAA11A11111111A1IAA111111111AAA1111111
AA11111111A1I111I11I1IIIIAAAA1AA11111111A1IAA111111111AAA1111111
AA11111111A1I111I11I1IIIIAAAA1AA11111111A1IAAA11111111AAA1111111
AA11111111A1I111I11I1IIIIAAAA1AA11111111A1IAAAA1111111AAA1111111
AA11111111A1I111I11I1IIA1AAAA1AA11111111A1IAAAA1111111AAA1111111
AA11111111A1I111I11IA11A1AAAA1AA11111111A1IAAAA1111111AAA1111111
AA11111111A1I111I11IA11A1AAAA1AA11111111A1IAAAA111A111AAA1111111
AA11111111A1I111I11IA11A1AAAA1AA11111111A1IAAAA11AA111AAA1111111
AA11111111A1I111I11IA11A1AAAA1AA11111111A1IAAAA1AAA111AAA1111111
AA11111111A1I111I11IA11AAAAAA1AA11111111A1IAAAA1AAA111AAA1111111
AA11111111A1I111I11IA11AAAAAA1AA11111111A1IAAAA1AAAA11AAA1111111
IIIIIIIIIIIIIIIIIIIIIIIIIIIIIIIIIIIIIIIIIIIIIIA1IIIIIIIIIIIIIIII
IIIIIIIIIIIIIIIIIIIIIIIIIIIIIIIIIIIIIIIIIIIIIIA1IIIIIA1IIIIIIIII
IIIIIIIIIIIIAI2IIIIIIIIIIIIIIIIIIIIIIIIIIIIIIIIIIIIIIIIIIIIIIIII
IIIIIIIIIIIAA22IIIIIIIIIIIIIIIIIIIIIIIIIIIIIIIIIIIIIIIIIIIIIIIII
IIIIIIIIIIIIIIIIIIIIIIIIIIIIIIAI2IIIIIIIIIIIIIIIIIIIIIIIIIIIIIII
IIIIIIIIIIIIIIIIIIIIIIIIIIIIIIIIIIIIIIIIIIIA112IIIIIIIIIIIIIIIII
IIIIIIIIIIIIIIIIIIIIIIIIIIIIIIA112IIIIIIIIIA112IIIIIIIIIIIIIIIII
IIIIIIIIIIIIIIIIIIIIIIIIIIIIIIA112IIIIIIIIIA112IIIIIIIIA112IIIII
IIIIIIIIIIIIIIIIIIIIIIIIIIIIIIA112IIIIIIIIIA112IIIIIIIIAA112IIII
IIIIIIIIIIIIIIIIIIIIIIIIIIIIIIA112IIIIIIIIIA112IIIIIIIAAA112IIII
IIIIIIIIIIIIIIIIIIIIIIIA12I2I2IIIIIIIIIIIIIIIIIIIIIIIIIIIIIIIIII
IIIIIIIIIIIIIIIIIIIIIIIA12I2I2IIIIIIIIIIIIIIIIIIIIIIIIA12I2I2III
IIIIIIIIIIIIIIIIIIIIIIIIIIIIIIIIIIIIIIIIIIIIIIIIIIIIIIIIAI2IIIII
IIIIIIIIIIIIIIIIIIIIIIIIIIIIIIIIIIIIIIIIIIIIIIIIIIIIIIAIAI2IIIII
IIIIIIIIIIIIIIIIIIIIIIIIIIIIIIIIIIIIIIIIIIIIIIIIIIIIIIIIA1IIIIII
IIIIIIIIIIIIIIIIIIIIIIIIIIA1IIIIIIIIIIIIIIIIIIIIIIIIIIIIA1IIIIII
A1IIIIIIIIIIIIIIIIIIIIIIIIA1IIIIIIIIIIIIIIIIIIIIIIIIIIIIA1IIIIII
A1IIIIIIIIIIIIIIIIIIIIIIIIA1IIIIIIIIIIIIIIIIIIIIIIIIIIIAA1IIIIII
A1IIIIIIIIIIIIIIIIIIIIIIIAA1IIIIIIIIIIIIIIIIIIIIIIIIIIIAA1IIIIII
A1IIIIIIIIIIIIIIIIIIIIIIIAA12IIIIIIIIIIIIIIIIIIIIIIIIIIAA1IIIIII
A12IIIIIIIIIIIIIIIIIIIIIIAA12IIIIIIIIIIIIIIIIIIIIIIIIIIAA1IIIIII
A12IIIIIIIIIIIIIIIIIIIIIIAA12IIAI2IIIIIIIIIIIIIIIIIIIIIAA1IIIIII
A12IIIIIIIIIIIIIIIIIIIIIIAAA22IAI2IIIIIIIIIIIIIIIIIIIIIAA1IIIIII
A12IIIIIIIAI2IIIIIIIIIIIIAAA22IAI2IIIIIIIIIIIIIIIIIIIIIAA1IIIIII
A12IIIIIIIAI2IIIIIIIIIIIIAAAA22AI2IIIIIIIIIIIIIIIIIIIIIAA1IIIIII
A12IIIIIIIAI2IIIIIIIIIIIIAAAA22AI2IIIIIIIIIIAI2IIIIIIIIAA1IIIIII
A12IIIIIIIAI2IIIIIIIIIIIIAAAA22AI2IIIIIIIIIAA22IIIIIIIIAA1IIIIII
A12IIIIIIIAI2IIIIIIIIIIIIAAAA22AI2IIIIAI2IIAA22IIIIIIIIAA1IIIIII
A12IIIIIIIAI2IIIIIIIIIIIIAAAA22AI2IIIIAI2IIAA22IIIIIIIIAA1AI2III
A12IIIIIIIAI2IIIIIIIIIIIIAAAA22AI2IIIIAA22IAA22IIIIIIIIAA1AI2III
AA22IIIIIIAI2IIIIIIIIIIIIAAAA22AI2IIIIAA22IAA22IIIIIIIIAA1AI2III
AA22IIIIIIAI2IIIIIIIIIIIIAAAA22AI2IIIIAA22IAA22IIIIIIIAAA1AI2III
AA22IIIIIIAI2IIIIIIIIIIIIAAAA2AA22IIIIAA22IAA22IIIIIIIAAA1AI2III
AA22IIIIIIAI2IIIIIIIIIIIIAAAA2AA222IIIAA22IAA22IIIIIIIAAA1AI2III
AA22IIIIIIAI2IIIIIIIIIIIIAAAA2AA222IIIAA22IAAA1I22IIIIAAA1AI2III
AA22IIIIIIAI2IIIIIIIIIIIIAAAA2AA222IIIAA22IAAAA1222IIIAAA1AI2III
AA22IIIIIIAI2IAIIIIIIIIIIAAAA2AA222IIIAA22IAAAA1222IIIAAA1AI2III
AA22IIIIIIAI2IAAIIIIIIIIIAAAA2AA222IIIAA22IAAAA1222IIIAAA1AI2III
AA22IIIIIIAI2AAAIIIIIIIIIAAAA2AA222IIIAA22IAAAA1222IIIAAA1AI2III
AA22IIIIIIAI2AAAIIIIIIIAIAAAA2AA222IIIAA22IAAAA1222IIIAAA1AI2III
AA22IIIIIIAI2AAAIIIIAIIAIAAAA2AA222IIIAA22IAAAA1222IIIAAA1AI2III
AA22IIIIIIAI2AAAIIIIAIIAIAAAA2AA222IIIAA22IAAAA122AIIIAAA1AI2III
AA22IIIIIIAI2AAAIIIIAIIAIAAAA2AA222IIIAA22IAAAA12AAIIIAAA1AI2III
AA22IIIIIIAI2AAAIIIIAIIAIAAAA2AA222IIIAA22IAAAA1AAAIIIAAA1AI2III
AA22IIIIIIAI2AAAIIIIAIIAAAAAA2AA222IIIAA22IAAAA1AAAIIIAAA1AI2III
AA22IIIIIIAI2AAAIIIIAIIAAAAAA2AA222IIIAA22IAAAA1AAAA12AAA1AI2III
IIIIIIIIIIIIIIIIIIIIIIIIIIIIIIIIIIIIIIIIIIIIIIIIIIIIIIAII1IIII2I
IIIIIIIIIIIIIIIIIIIIIIIIIIIIIIIIIIIIIIIIIIIIIIIIIIIAIIAII1I2II2I
IIIIIIIIIIIIIIIIIIIIIIIAII1IIII2II2II2IIIIIIIIIIIIIAIIAII1I2II2I
IIIIIIIIIIIIIIIIIIIIIIIIIIIIIIIIIIIIIIIIIIIA1II1I11I12II2IIIIIII
IIIIIIIIIIIIIIIIIIIIIIIIIIIIIIA1II1I11I12IIA1II1I11I12II2IIIIIII
IIIIIIIIIIIIIIIIIIIIIIIIIIIIIIA1II1I11I12IIA1II1I11I12IA1II1I11I
IIIIIIIIIIIIIIIIIIIIIIIIIIIIIIA1II1I11I12IIA1II1I11I12IAA1I11111
IIIIIIIIIIIIIIIIIIIIIIIIIIIIIIA1II1I11I12IIA1II1I11I12AAA1111111
IIIIIIIIIIIIIIIIIIIIIIIA1IIIIIIIIIIIIIIIIIIIIIIIIIIIIIIIIIIIIIII
IIIIIIIIIIIIIIIIIIIIIIIA1IIIIIIIIIIIIIIIIIIIIIIIIIIIIIAI2IIIIIII
IIIIIIIIIIIIIIIIIIIIIIIIIIIIIIIIIIIIIIIIIIIIIIIIIIIIIIIIA1II11II
IIIIIIIIIIIIIIIIIIIIIIIIIIIIIIIIIIIIIIIIIIIIIIIIIIIIIIA1A1111111
IIIIIIIIIIIIIIIIIIIIIIIIIIIIIIIIIIIIIIIIIIIIIIIIIIIIIIIIAIIIIIII
IIIIIIIIIIIIIIIIIIIIIIIIIIA1IIIIIIIIIIIIIIIIIIIIIIIIIIIIIIIIIIII
AI1I1IIIIIIIIIIIIIIIIIIIIIA1IIIIIIIIIIIIIIIIIIIIIIIIIIIIIIIIIIII
AI1I1IIIIIIIIIIIIIIIIIIIIIA1IIIIIIIIIIIIIIIIIIIIIIIIIIIAI1I1I11I
AI1I1IIIIIIIIIIIIIIIIIIIIIA11I1I11I1I11I1IIIIIIIIIIIIIIAI1I1I11I
AI1I1IIIIIIIIIIIIIIIIIIIIIA11I1I11I1I111111I1IIIIIIIIIIAI1I1I11I
AI1I1IIIIIIIIIIIIIIIIIIIIAA111111111111111111IIIIIIIIIIAI1I1I11I
AI1I1I11I1I11111IIIIIIIIIAA111111111111111111IIIIIIIIIIAI1I1I11I
AI1I1I11I1I111111I1IIIIIIAA111111111111111111IIIIIIIIIIAI1I1I11I
AI1I1I11I1I111111I1IIIIIIAA1111A1111111111111111I1IIIIIAI1I1I11I
AI1I1I11I1I111111I1IIIIIIAAA111A1111111111111111I1IIIIIAI1I1I11I
AI1I1I11I1A111111111I11IIAAA111A1111111111111111I1IIIIIAI1I1I11I
AI1I1I11I1A111111111I1111AAA111A1111111111111111I1IIIIIAI1I1I11I
AI1I1I11I1A111111111I1111AAAA11A1111111111111111I1IIIIIAI1I1I11I
AI1I1I11I1A111111111I1111AAAA11A11111111111A1111I11I1I1A1111I11I
AI1I1I11I1A111111111I1111AAAA11A111111A1111A1111I111111A1111I11I
AI1I1I11I1A111111111I1111AAAA11A111111A1111A1111I111111A11A1111I
AI1I1I11I1A111111111I1111AAAA11A111111A1111A1111I111111AA1A11111
AA11111111A111111111I1111AAAA11A111111A1111A1111I111111AA1A11111
AA11111111A111111111I1111AAAA11A111111A1111A1111I11111AAA1A11111
AA11111111A111111111I1111AAAA1AA111111A1111A1111111111AAA1A11111
AA11111111A111111111I1111AAAA1AA111111A1111A1A11111111AAA1A11111
AA11111111A111111111I1111AAAA1AA111111A1111A1AA1111111AAA1A11111
AA11111111A111A11111I1111AAAA1AA111111A1111A1AA1111111AAA1A11111
AA11111111A111AA1111I1111AAAA1AA111111A1111A1AA1111111AAA1A11111
AA11111111A11AAA1111I1111AAAA1AA111111A1111A1AA1111111AAA1A11111
IIIIIIIIIIIIIIIIIIIIIIIA122IIIIIIIIIIIIIIIIIIIIIIIIIIIIIIIIIIIII
IIIIIIIIIIIIIIIIIIIIA12A122IIIIIIIIIIIIIIIIIIIIIIIIIIIIIIIIIIIII
IIIIIIIIIIIIIIIIIIIIA12A122IIIIIIIIIIIIIIIIIIIIIIIA122IIIIIIIIII
IIIIIIIIIIIIIIIIIIIIA12A122IIIIIIIIIIIIIIIIIIIIIIAA122IIIIIIIIII
IIIIIIIIIIIIIIIIIIIIA12A122IIIIIIIIIIIIIIIIIIIIIAAA122IIIIIIIIII
IIIIIIIIIIIIIIIIIIIIA12AA122IIIIIIIIIIIIIIIIIIIIAAA122IIIIIIIIII
IIIIIIIIIIIIIIIIIIIIA12AA122IIIIIIIIIIIIIIIIIIIIAAA122A122IIIIII
IIIIIIIIIIIIIIIIIIIIA12AA122IIIIIIIIIIIIIIIIIIIIAAAA12A122IIIIII
IIIIIIIIIIIIIIIIIIIIA12AA122IIIIIIIIIIIIIIIIIIIIAAAA12A121IIII12
IIIIIIIIIIIIIIIIIIIIA12AA122IIIIIIIIIIIIIIIIIIIIAAAA12A121I12I12
IIIIIIIIIIIIIIIIIIIIA12AA112III12I1II2IIIIIII2IIAAAA12A121I12I12
IIIIIIIIIIIIIIIIIIIIIIIIIIIIIIIIIIIIIIIIIIIA2IIIIIIIIIIIIIIIIIII
IIIIIIIIIIIIIIIIIIIIIIIIIIIIIIA2IIIIIIIIIIIA2IIIIIIIIIIIIIIIIIII
IIIIIIIIIIIIIIIIIIIIIIIIIIIIIIA2IIIIIIIIIIIA2IIIIIIIIIIA2IIIIIII
IIIIIIIIIIIIIIIIIIIIIIIIIIIIIIA2IIIIIIIIIIIA2IIIIIIIIIIAA2IIIIII
IIIIIIIIIIIIIIIIIIIIIIIIIIIIIIA2IIIIIIIIIIIA2IIIIIIIIIIAA1IIIIII
IIIIIIIIIIIIIIIIIIIIIIIIIIIIIIA2IIIIIIIIIIIA1IIIIIIIIIIAA1IIIIII
IIIIIIIIIIIIIIIIIIIIIIIIIIIIIIA2IIIIIIIIIIIA1IIIIIIIIIAAA1IIIIII
IIIIIIIIIIIIIIIIIIIIIIIA12IIIIIIIIIIIIIIIIIIIIIIIIIIIIIIIIIIIIII
IIIIIIIIIIIIIIIIIIIIIIIA12IIIIIIIIIIIIIIIIIIIIIIIIIIIIA12IIIIIII
IIIIIIIIIIIIIIIIIIIIIIIIIIIIIIIIIIIIIIIIIIIIIIIIIIIIIIIIA12IIIII
IIIIIIIIIIIIIIIIIIIIIIIIIIIIIIIIIIIIIIIIIIIIIIIIIIIIIIA1A12IIIII
IIIIIIIIIIIIIIIIIIIIIIIIIIIIIIIIIIIIIIIIIIIIIIIIIIIIIIIIAIIIIIII
IIIIIIIIIIIIIIIIIIIIIIIIIIAIIIIIIIIIIIIIIIIIIIIIIIIIIIIIAIIIIIII
AIIIIIIIIIIIIIIIIIIIIIIIIIAIIIIIIIIIIIIIIIIIIIIIIIIIIIIIAIIIIIII
AIIIIIIIIIIIIIIIIIIIIIIIIIAIIIIIIIIIIIIIIIIIIIIIIIIIIIIAAIIIIIII
AIIIIIIIIIIIIIIIIIIIIIIIIIA1III2IIIIIIIIIIIIIIIIIIIIIIIAAIIIIIII
A1III2IIIIIIIIIIIIIIIIIIIIA1III2IIIIIIIIIIIIIIIIIIIIIIIAAIIIIIII
A1III2IIIIIIIIIIIIIIIIIIIIA1III2IIIIIIIIIIIIIIIIIIIIIIIAAIII2III
A1III2IIIIIIIIIIIIIIIIIIIIA1IIIA1III2IIIIIIIIIIIIIIIIIIAAIII2III
A1III2IIIIIIIIIIIIIIIIIIIIAA1IIA1III2IIIIIIIIIIIIIIIIIIAAIII2III
A1III2IIIIA1III2IIIIIIIIIIAA1IIA1III2IIIIIIIIIIIIIIIIIIAAIII2III
A1III2IIIIA1III2IIIIIIIIIIAAA1IA12II2IIIIIIIIIIIIIIIIIIAAIII2III
A1III2IIIIA1III2IIIIIIIIIIAAA1IA12II2IIIIIIA1III2IIIIIIAAIII2III
A1III2IIIIA1III2IIIIIIIIIIAAA1IA12II2IA1IIIA1III2IIIIIIAAIII2III
A1III2IIIIA1III2IIIIIIIIIIAAA1IA12II2IA1IIIA1III2IIIIIIAAIA12II2
AA1II22IIIA1III2IIIIIIIIIIAAA1IA12II2IA1IIIA1III2IIIIIIAAIA12II2
AA1II22IIIA1III2IIIIIIIIIIAAA1IA12II2IA1IIIA1III2IIIIIAAAIA12II2
AA1II22IIIA1III2IIIIIIIIIIAAA1AA12I22IA1IIIA1III2IIIIIAAAIA12II2
AA1II22IIIA1III2IIIIIIIIIIAAA1AA12I22IA1IIIA1A112I2IIIAAAIA12II2
AA1II22IIIA1III2IIIIIIIIIIAAA1AA12I22IA1IIIA1AA11222IIAAAIA12II2
AA1II22IIIA1III2IIIIIIIIIIAAA1AA12I22IA1IIIA1AA11222IIAAA2A12II2
AA1II22IIIA1IIA112I2IIIIIIAAA1AA12I22IA1IIIA1AA11222IIAAA2A12II2
AA1II22IIIA1IIAA11222IIIIIAAA1AA12I22IA1IIIA1AA11222IIAAA2A12II2
AA1II22IIIA1IAAA11222IIIIIAAA1AA12I22IA1IIIA1AA11222IIAAA2A12II2
AA1II22IIIA1IAAA11222IIA11AAA1AA12I22IA1IIIA1AA11222IIAAA2A12II2
AA1II22IIIA1IAAA1122A11A11AAA1AA12I22IA1IIIA1AA11222IIAAA2A12II2
AA1II22IIIA1IAAA1122A11A11AAA1AA12I22IA1IIIA1AA11A112IAAA2A12II2
AA1II22IIIA1IAAA1122A11A11AAA1AA12I22IA1IIIA1AA11AA112AAA2A12II2
AA1II22IIIA1IAAA1122A11A11AAA1AA12I22IA1IIIA1AA1AAA112AAA2A12II2
AA1II22IIIA1IAAA1122A11AA1AAA1AA12I22IA1IIIA1AA1AAA112AAA2A12II2
AA1II22IIIA1IAAA1122A11AA1AAA1AA12I22IA1IIIA1AA1AAAA12AAA2A12II2
IIIIIIIIIIIIIIIIIIIIIIIIIIIIIIIIIIIIIIIIIIIII2AIIIIIIIIIIIIIIIII
IIIIIIIIIIIIIIIIIIIIIIIIIIIIIIIIIIIIIIIIIIIII2AIIIII2AIIIIIIIIII
IIIIIIIIIIIIIIIIIIIIIIIIIIA1IIIIIIIIIIIIIIIIIIIIIIIIIIIIIIIIIIII
IIIIIIIIIIIIIIIIIIIIIIIIIAA1IIIIIIIIIIIIIIIIIIIIIIIIIIIIIIIIIIII
IIIIIIIIIIIIIIIIIIIIIIIIIAA1IIIIIIIIIIA1IIIIIIIIIIIIIIIIIIIIIIII
IIIIIIIIIIIIIIIIIIIIIIIIAAA1IIIIIIIIIIA1IIIIIIIIIIIIIIIIIIIIIIII
IIIIIIIIIIIIIIIIIIIIIIIIAAA12IIIIIIIIIA1IIIIIIIIIIIIIIIIIIIIIIII
IIIIIIIIIIIIIIIIIIIIIIIIAAA12IIIIIIIIIA12IIIIIIIIIIIIIIIIIIIIIII
IIIIIIIIIIIIIIIIIIIIIIIIAAA122IIIIIIIIA12IIIIIIIIIIIIIIIIIIIIIII
IIIIIIIIIIIIIIIIIIIIIIIIAAA122IIIIIIIIA122IIIIIIIIIIIIIIIIIIIIII
IIIIIIIIIIIIIIIIIIIIIIIIIIIIIIIIIIIIIIA1IIIIIIIIIIIIIIIIIIIIIIII
IIIIIIIIIIIIIIIIIIIIIIIIA1IIIIIIIIIIIIA1IIIIIIIIIIIIIIIIIIIIIIII
IIIIIIIIIIIIIIIIIIIIIIIIA1A1IIIIIIIIIIA1IIIIIIIIIIIIIIIIIIIIIIII
IIIIIIIIIIIIIIIIIIIIIIIIA1A112IIIIIIIIA1IIIIIIIIIIIIIIIIIIIIIIII
IIIIIIIIIIIIIIIIIIIIIIIIA1A112IIIIIIIIA112IIIIIIIIIIIIIIIIIIIIII
IIIIIIIIIIIIIIIIIIIIIIIIA1A112IIIIIIIIA1122IIIIIIIIIIIIIIIIIIIII
IIIIIIIIIIIIIIIIIIIIIIIIA1A1122IIIIIIIA1122IIIIIIIIIIIIIIIIIIIII
IIIIIIIIIIIIIIIIIIIIIIIIIIA1IIIIIIIIIIIIIIIIIIIIIIIIIIIIIIIIIIII
IIIIIIIIIIIIIIIIIIIIIIIIIAA1IIIIIIIIIIIIIIIIIIIIIIIIIIIIIIIIIIII
IIIIIIIIIIIIIIIIIIIIIIIIIAA1IIIIIIIIIIA1IIIIIIIIIIIIIIIIIIIIIIII
IIIIIIIIIIIIIIIIIIIIIIIIAAA1IIIIIIIIIIA1IIIIIIIIIIIIIIIIIIIIIIII
IIIIIIIIIIIIIIIIIIIIIIIIAAA12IIIIIIIIIA1IIIIIIIIIIIIIIIIIIIIIIII
IIIIIIIIIIIIIIIIIIIIIIIIAAA12IIIIIIIIIA12IIIIIIIIIIIIIIIIIIIIIII
IIIIIIIIIIIIIIIIIIIIIIIIIIIIIIIIIIIIIIIIIIIIIIIIIIIIIA1IIIIIIIII
IIIIIIIIIIIIIIIIIIIIIIIAIIIIIIIIIIIIIIIIIIIIIIIIIIIIIA1IIIIIIIII
IIIIIIIIIIIIIIIIIIIIIIIIIIIIIIIIIIIIIIIIIIIIIIA1IIIIIIIIIIIIIIII
IIIIIIIIIIIIIIIIIIIIIIIIIIIIIIIIIIIIIIIIIIIIIIA1IIIIIA1IIIIIIIII
IIIIIIIIIIIIIIIIIIIIIIIIIIIIIIIIIIIIIIA1IIIIIIIIIIIIIIIIIIIIIIII
IIIIIIIIIIIIIIIIIIIIIIIIA1IIIIIIIIIIIIA1IIIIIIIIIIIIIIIIIIIIIIII
IIIIIIIIIIIIIIIIIIIIIIIIA1A1IIIIIIIIIIA1IIIIIIIIIIIIIIIIIIIIIIII
IIIIIIIIIIIIIIIIIIIIIIIIAAA1IIIIIIIIIIA1IIIIIIIIIIIIIIIIIIIIIIII
IIIIIIIIIIIIIIIIIIIIIIIIAAA12IIIIIIIIIA1IIIIIIIIIIIIIIIIIIIIIIII
IIIIIIIIIIIIIIIIIIIIIIIIAAA12IIIIIIIIIA12IIIIIIIIIIIIIIIIIIIIIII
IIIIIIIIIIIIIIIIIIIIIIIIIIIIIIIIIIIIIIIIIIIAIIIIIIIIIIIIIIIIIIII
IIIIIIIIIIIIIIIIIIIIIIIIIIIIIIAIIIIIIIIIIIIAIIIIIIIIIIIIIIIIIIII
IIIIIIIIIIIIIIIIIIIIIIIIIIIIIIAIIIIIIIIIIIIAIIIIIIIIIIIA1II2IIII
IIIIIIIIIIIIIIIIIIIIIIIIIIIIIIAIIIIIIIIIIIIAIIIIIIIIIIIAA1I22III
IIIIIIIIIIIIIIIIIIIIIIIIIIIIIIAIIIIIIIIIIIIAIIIIIIIIIIAAA1222III
IIIIIIIIIIIIIIIIIIIIIIIIIIIIIIIIIIIIIIIIIIIIIIIIIIIIIIA1IIIIIIII
IIIIIIIIIIIIIIIIIIIIIIIIIIIIIIIIIIIIIIIIIIIIIIIIIIIIIIIIAI2IIIII
IIIIIIIIIIIIIIIIIIIIIIIIIIIIIIIIIIIIIIIIIIIIIIIIIIIIIIAIAI2IIIII
IIIIIIIIIIIIIIIIIIIIIIIIIIIIIIIIIIIIIIIIIIIIIIIIIIIIIIIIAIIIIIII
IIIIIIIIIIIIIIIIIIIIIIIIIIIIIIIIIIIIIIIIIIIIIIIIIIIIIIIIA1I2II22
IIIIIIIIIIIIIIIIIIIIIIIIIIIIIIIIIIIIIIIIIIIIIIIIIIIIIIIAA122I222
IIIIIIIIIIIIIIIIIIIIIIIIIIA1I2II222IIIIIIIIIIIIIIIIIIIIAA122I222
IIIIIIIIIIIIIIIIIIIIIIIIIAA122I2222IIIIIIIIIIIIIIIIIIIIAA122I222
A1I2II222IIIIIIIIIIIIIIIIAA122I2222IIIIIIIIIIIIIIIIIIIIAA122I222
A1I2II222IIIIIIIIIIIIIIIIAA122IA122II222IIIIIIIIIIIIIIIAA122I222
A1I2II222IIIIIIIIIIIIIIIIAAA122A1222I222IIIIIIIIIIIIIIIAA122I222
A1I2II222IA1I2II222IIIIIIAAA122A1222I222IIIIIIIIIIIIIIIAA122I222
A1I2II222IA1I2II222IIIIIIAAAA12A12222222IIIIIIIIIIIIIIIAA122I222
A1I2II222IA1I2II222IIIIIIAAAA12A12222222IIIA1I2II222IIIAA122I222
A1I2II222IA1I2II222IIIIIIAAAA12A12222222IIIAA122I2222IIAA122I222
AA122I2222A1I2II222IIIIIIAAAA12A12222222IIIAA122I2222IIAA122I222
AA122I2222A1I2II222IIIIIIAAAA12A12222222IIIAA122I2222IAAA1222222
AA122I2222A1I2II222IIIIIIAAAA1AA12222222IIIAA122I2222IAAA1222222
AA122I2222A1I2II222IIIIIIAAAA1AA12222222IIIAAA1122222IAAA1222222
AA122I2222A1I2II222IIIIIIAAAA1AA12222222IIIAAAA112222IAAA1222222
AA122I2222A1I2II222IIIIA1AAAA1AA12222222IIIAAAA112222IAAA1222222
AA122I2222A1I2II222IA11A1AAAA1AA12222222IIIAAAA112222IAAA1222222
AA122I2222A1I2II222IA11A1AAAA1AA12222222IIIAAAA11A112IAAA1222222
AA122I2222A1I2II222IA11A1AAAA1AA12222222IIIAAAA11AA112AAA1222222
AA122I2222A1I2II222IA11A1AAAA1AA12222222IIIAAAA1AAA112AAA1222222
AA122I2222A1I2II222IA11AAAAAA1AA12222222IIIAAAA1AAA112AAA1222222
AA122I2222A1I2II222IA11AAAAAA1AA12222222IIIAAAA1AAAA12AAA1222222
AA122I2222A1I2II222IA11AAAAAA1AA12222222IIIAAAA1AAAA11AAA1222222
IIIIIIIIIIIIIIIIIIIIIIIIIIA1IIIIIIIIIIIIIIIIIIIIIIIIIIIIIIIIIIII
IIIIIIIIIIIIIIIIIIIIIIIIAIA1IIIIIIIIIIIIIIIIIIIIIIIIIIIIIIIIIIII
IIIIIIIIIIIIIIIIIIIIIIIIAAA1IIIIIIIIIIIIIIIIIIIIIIIIIIIIIIIIIIII
IIIIIIIIIIIIIIIIIIIIIIIIIIAIIIIIIIIIIIIIIIIIIIIIIIIIIIIIIIIIIIII
IIIIIIIIIIIIIIIIIIIIIIIIIAAIIIIIIIIIIIIIIIIIIIIIIIIIIIIIIIIIIIII
IIIIIIIIIIIIIIIIIIIIIIIIIAA12IIIIIIIIIIIIIIIIIIIIIIIIIIIIIIIIIII
IIIIIIIIIIIIIIIIIIIIIIIIIAA12IIIIIIIIIA12IIIIIIIIIIIIIIIIIIIIIII
IIIIIIIIIIIIIIIIIIIIIIIIAAA12IIIIIIIIIA12IIIIIIIIIIIIIIIIIIIIIII
IIIIIIIIIIIIIIIIIIIIIIIIIIA12IIIIIIIIIIIIIIIIIIIIIIIIIIIIIIIIIII
IIIIIIIIIIIIIIIIIIIIIIIIIAA12IIIIIIIIIIIIIIIIIIIIIIIIIIIIIIIIIII
IIIIIIIIIIIIIIIIIIIIIIIIIAA12IIIIIIIIIA12IIIIIIIIIIIIIIIIIIIIIII
IIIIIIIIIIIIIIIIIIIIIIIIAAA12IIIIIIIIIA12IIIIIIIIIIIIIIIIIIIIIII
IIIIIIIIIIIIIIIIIIIIIIIIIIIIIIIIIIIIIIA12IIIIIIIIIIIIIIIIIIIIIII
IIIIIIIIIIIIIIIIIIIIIIIIA12IIIIIIIIIIIA12IIIIIIIIIIIIIIIIIIIIIII
IIIIIIIIIIIIIIIIIIIIIIIIA1A2IIIIIIIIIIA12IIIIIIIIIIIIIIIIIIIIIII
IIIIIIIIIIIIIIIIIIIIIIIIAAA2IIIIIIIIIIA12IIIIIIIIIIIIIIIIIIIIIII
IIIIIIIIIIIIIIIIIIIIIIIIAAA12IIIIIIIIIA12IIIIIIIIIIIIIIIIIIIIIII
IIIIIIIIIIIIIIIIIIIIIIIIIIIIIIIIIIIIIIA12IIIIIIIIIIIIIIIIIIIIIII
IIIIIIIIIIIIIIIIIIIIIIIIA12IIIIIIIIIIIA12IIIIIIIIIIIIIIIIIIIIIII
IIIIIIIIIIIIIIIIIIIIIIIIIIIIIIIIIIIIIIA12IIIIIIIIIIIIIIIIIIIIIII
IIIIIIIIIIIIIIIIIIIIIIIIA12IIIIIIIIIIIA12IIIIIIIIIIIIIIIIIIIIIII
IIIIIIIIIIIIIIIIIIIIIIIIIIA111I11111IIIIIIIIIIIIIIIIIIIIIIIIIIII
IIIIIIIIIIIIIIIIIIIIIIIIIAA1111111111122IIIIIIIIIIIIIIIIIIIIIIII
IIIIIIIIIIIIIIIIIIIIIIIIIAA11111111111A2IIIIIIIIIIIIIIIIIIIIIIII
IIIIIIIIIIIIIIIIIIIIIIIIAAA11111111111A2IIIIIIIIIIIIIIIIIIIIIIII
IIIIIIIIIIIIIIIIIIIIIIIIAAA11111111111A1IIIIIIIIIIIIIIIIIIIIIIII
IIIIIIIIIIIIIIIIIIIIIIIIAAA11111111111A12IIIIIIIIIIIIIIIIIIIIIII
IIIIIIIIIIIIIIIIIIIIIIIIIIIIIIIIIIIIIIIIIIIIIIA1II2I2IIIIIIIIIII
IIIIIIIIIIIIIIIIIIIIIIIIIIIIIIIIIIIIIIIIIIIIIIA1II2I2A1II2I2IIII
IIIIIIIIIIIIIIIIIIIIIIIIIIIIIIIIIIIIIIIIIIIIIIA1IIIIIIIIIIIIIIII
IIIIIIIIIIIIIIIIIIIIIIIIIIIIIIIIIIIIIIIIIIIIIIA1IIIIIA1IIIIIIIII
IIIIIIIIIIIIIIIIIIIIIIIIIIIIIIIIIIIIIIIIIIIAIIIIIIIIIIIIIIIIIII2
IIIIIIIIIIIIIIIIIIIIIIIIIIIIIIAIIIIIIIIIIIIAIIIIII22IIIIIIIIIII2
IIIIIIIIIIIIIIIIIIIIIIIIIIIIIIAIIIIIIIIIIIIAIIIIII22IIIA12I2I2I2
IIIIIIIIIIIIIIIIIIIIIIIIIIIIIIAIIIIIIIIIIIIAIIIIII22IIIAA1222222
IIIIIIIIIIIIIIIIIIIIIIIIIIIIIIAIIIIIIIIIIIIA12I2I222IIIAA1222222
IIIIIIIIIIIIIIIIIIIIIIIIIIIIIIAIIIIIIIIIIIIA12I2I222IIAAA1222222
IIIIIIIIIIIIIIIIIIIIIIIA12IIIIIIIIIIIIIIIIIIIIIIIIIIIIIIIIIIIIII
IIIIIIIIIIIIIIIIIIIIIIIA12IIIIIIIIIIIIIIIIIIIIIIIIIIIIA12IIIIIII
IIIIIIIIIIIIIIIIIIIIIIIIIIIIIIIIIIIIIIIIIIIIIIIIIIIIIIIIAI2II2II
IIIIIIIIIIIIIIIIIIIIIIIIIIIIIIIIIIIIIIIIIIIIIIIIIIIIIIA1AI2II22I
IIIIIIIIIIIIIIIIIIIIIIIIIIIIIIIIIIIIIIIIIIIIIIIIIIIIIIIIA1I1I11I
IIIIIIIIIIIIIIIIIIIIIIIIIIIIIIIIIIIIIIIIIIIIIIIIIIIIIIIAA111111I
IIIIIIIIIIIIIIIIIIIIIIIIIIA1I1I11IIIIIIIIIIIIIIIIIIIIIIAA111111I
IIIIIIIIIIIIIIIIIIIIIIIIIAA111111IIIIIIIIIIIIIIIIIIIIIIAA111111I
A1I1I11IIIIIIIIIIIIIIIIIIAA111111IIIIIIIIIIIIIIIIIIIIIIAA111111I
A1I1I11IIIIIIIIIIIIIIIIIIAA111111IIIIIIIIIIIIII2IIIIIIIAA111111I
A1I1I11IIIIIIIIIIIIII2IIIAA111111IIIIIIIIIIIIII2IIIIIIIAA111111I
IIIIIIIIIIIIIIIIIIIIIIIIIIA2IIIIIIIIIIIIIIIIIIIIIIIIIIIIIIIIIIII
IIIIIIIIIIIIIIIIIIIIIIIIIAA2IIIIIIIIIIIIIIIIIIIIIIIIIIIIIIIIIIII
A2IIIIIIIIIIIIIIIIIIIIIIIAA2IIIIIIIIIIIIIIIIIIIIIIIIIIIIIIIIIIII
A2IIIIIIIIIIIIIIIIIIIIIIIAA2IIIA2IIIIIIIIIIIIIIIIIIIIIIIIIIIIIII
A2IIIIIIIIIIIIIIIIIIIIIIIAAA2IIA2IIIIIIIIIIIIIIIIIIIIIIIIIIIIIII
A2IIIIIIIIA2IIIIIIIIIIIIIAAA2IIA2IIIIIIIIIIIIIIIIIIIIIIIIIIIIIII
A2IIIIIIIIA2IIIIIIIIIIIIIAAAA2IA2IIIIIIIIIIIIIIIIIIIIIIIIIIIIIII
A2IIIIIIIIA2IIIIIIIIIIIIIAAAA2IA2IIIIIIIIIIA2IIIIIIIIIIIIIIIIIII
A2IIIIIIIIA2IIIIIIIIIIIIIAAAA2IA2IIIIIIIIIIAA2IIIIIIIIIIIIIIIIII
A2IIIIIIIIA2IIIIIIIIIIIIIAAAA2IA2IIIIIA2IIIAA2IIIIIIIIIIIIIIIIII
A2IIIIIIIIA2IIIIIIIIIIIIIAAAA2IA2IIIIIA2IIIAA2IIIIIIIIIIIIA2IIII
AA2IIIIIIIA2IIIIIIIIIIIIIAAAA2IA2IIIIIA2IIIAA2IIIIIIIIIIIIA2IIII
AA2IIIIIIIA2IIIIIIIIIIIIIAAAA2IA2IIIIIA2IIIAA2IIIIIIIIA2IIA2IIII
AA2IIIIIIIA2IIIIIIIIIIIIIAAAA2AA2IIIIIA2IIIAA2IIIIIIIIA2IIA2IIII
AA2IIIIIIIA2IIIIIIIIIIIIIAAAA2AA2II2IIA2IIIAA2IIIIIIIIA2IIA2IIII
AA2IIIIIIIA2IIIIIIIIIIIIIAAAA2AA2II2IIA2IIIAA2IIIIIIIIA22IA2IIII
AA2IIIIIIIA2IIIIIIIIIIIIIAAAA2AA2II2IIA2IIIAAAI2IIIIIIA22IA2IIII
AA2IIIIIIIA2IIIIIIIIIIIIIAAAA2AA2II2IIA2IIIAAAA22IIIIIA22IA2IIII
AA2IIIIIIIA2IIAI2IIIIIIIIAAAA2AA2II2IIA2IIIAAAA22IIIIIA22IA2IIII
AA2IIIIIIIA2IIAA22IIIIIIIAAAA2AA2II2IIA2IIIAAAA22IIIIIA22IA2IIII
AA2IIIIIIIA2IAAA22IIIIIIIAAAA2AA2II2IIA2IIIAAAA22IIIIIA22IA2IIII
AA2IIIIIIIA2IAAA22IIIIIA1AAAA2AA2II2IIA2IIIAAAA22IIIIIA22IA2IIII
AA2IIIIIIIA2IAAA22IIA12A1AAAA2AA2II2IIA2IIIAAAA22IIIIIA22IA2IIII
AA2IIIIIIIA2IAAA22IIA12A1AAAA2AA2II2IIA2IIIAAAA22A12IIA22IA2IIII
AA2IIIIIIIA2IAAA22IIA12A1AAAA2AA2II2IIA2IIIAAAA22AA12IA22IA2IIII
AA2IIIIIIIA2IAAA22IIA12A1AAAA2AA2II2IIA2IIIAAAA2AAA12IA22IA2IIII
AA2IIIIIIIA2IAAA22IIA12AAAAAA2AA2II2IIA2IIIAAAA2AAA12IA22IA2IIII
AA2IIIIIIIA2IAAA22IIA12AAAAAA2AA2II2IIA2IIIAAAA2AAA12IA12IA2IIII
AA2IIIIIIIA2IAAA22IIA12AAAAAA2AA2II2IIA2IIIAAAA2AAAA12A12IA2IIII
AA2IIIIIIIA2IAAA22IIA12AAAAAA2AA2II2IIA2IIIAAAA2AAAA12A12IA22III
AA2IIIIIIIA2IAAA22IIA12AAAAAA2AA2II2IIA2IIIAAAA2AAAA12A122A22I2I
AA2IIIIIIIA2IAAA22IIA12AAAAAA2AA2I22IIA2IIIAAAA2AAAA12A122A22I2I
IIIIIIIIIIIIIIIIIIIIIIIIIIIIIIIIIIIIIIIIIIIAIIIIIIIIIIII22III211
IIIIIIIIIIIIIIIIIIIIIIIIIIIIIIAIIIIIIIIIIIIA2III211IIIII22III211
IIIIIIIIIIIIIIIIIIIIIIIIIIIIIIAIIIIIIIIIIIIA2III211IIIIA22III211
IIIIIIIIIIIIIIIIIIIIIIIIIIIIIIAIIIIIIIIIIIIA2III211IIIIAA2III211
IIIIIIIIIIIIIIIIIIIIIIIIIIIIIIAIIIIIIIIIIIIA2III211IIIIAA12II211
IIIIIIIIIIIIIIIIIIIIIIIIIIIIIIAIIIIIIIIIIIIA12II211IIIIAA12II211
IIIIIIIIIIIIIIIIIIIIIIIIIIIIIIAIIIIIIIIIIIIA12II211IIIAAA12II211
IIIIIIIIIIIIIIIIIIIIIIIA12IIIIIIIIIIIIIIIIIIIIIIIIIIIIIIIIIIIIII
IIIIIIIIIIIIIIIIIIIIIIIA12IIIIIIIIIIIIIIIIIIIIIIIIIIIIA12IIIIIII
IIIIIIIIIIIIIIIIIIIIIIIIIIIIIIIIIIIIIIIIIIIIIIIIIIIIIIIIAI2IIIII
IIIIIIIIIIIIIIIIIIIIIIIIIIIIIIIIIIIIIIIIIIIIIIIIIIIIIIAIAI2IIIII
IIIIIIIIIIIIIIIIIIIIIIIIIIIIIIIIIIIIIIIIIIIIIIIIIIIIIIIIA12II222
IIIIIIIIIIIIIIIIIIIIIIIIIIIIIIIIIIIIIIIIIIIIIIIIIIIIIIIAA12I2222
IIIIIIIIIIIIIIIIIIIIIIIIIIA12II222IIIIIIIIIIIIIIIIIIIIIAA12I2222
IIIIIIIIIIIIIIIIIIIIIIIIIAA12I2222IIIIIIIIIIIIIIIIIIIIIAA12I2222
A12II222IIIIIIIIIIIIIIIIIAA12I2222IIIIIIIIIIIIIIIIIIIIIAA12I2222
A12II222IIIIIIIIIIIIIIIIIAA12I2222I2IIIIIIIIIIIIIIIIIIIAA12I2222
A12II222IIIIIIIIIIIIIIIIIAA12I222222IIIIIIIIIIIIIIIIIIIAA12I2222
A12II222I2IIIIIIIIIIIIIIIAA12I222222IIIIIIIIIIIIIIIIIIIAA12I2222
A12II222I2IIIIIIIIIIIIIIIAA12I222222IIIIIIIIIII2IIIIIIIAA12I2222
A12II222I2IIIIIIIIIII2IIIAA12I222222IIIIIIIIIII2IIIIIIIAA12I2222
A12II222I2IIIIIIIIIII2IIIAA12I222222IIIIIIIIII22IIIIIIIAA12I2222
A12II222I2IIIIIIIIIII2IIIAA12I2A1222IIIIIIIIII22IIII2IIAA12I2222
A12II222I2IIIIIIIIIII2IIIAAA1I2A1222IIIIIIIIII222III2IIAA12I2222
A12II222I2A1IIIIIIIII2IIIAAA1I2A1222IIIIIIIIII222III2IIAA12I2222
A12II222I2A1IIIIIIIII2IIIAAAA12A1222IIIIIIIIII2222II2IIAA12I2222
A12II222I2A1IIIIIIIII2IIIAAAA12A1222IIIIIIIA1I2222II2IIAA12I2222
A12II222I2A1IIIIIIIII2IIIAAAA12A1222IIIIIIIAA12222II2IIAA12I2222
A12II222I2A1IIIIIIIII2IIIAAAA12A1222IIAIIIIAA12222II2IIAA11I2222
A12II222I2A1IIIIIIIII2IIIAAAA12A1222IIAIIIIAA12222II2IIAA1AI2222
A12II22222A1IIIIII2I12IIIAAAA12A1222IIAIIIIAA12222II2IIAA1AI2222
AA2II22222A1IIIIII2211IIIAAAA12A1222IIAIIIIAA12222II2IIAA1AI2222
AA2II22222A1IIIIII2211IIIAAAA12A1222IIAIIIIAA12222II2IAAA1AI2222
AA2II22222A1IIIIII2211IIIAAAA1AA1222IIA2IIIAA122221I2IAAA1AI2222
AA2II22222A1IIIIII2211IIIAAAA1AA1222IIA2IIIAAA12221I2IAAA1AI2222
AA2II22222A1IIIIII2211IIIAAAA1AA1222IIA2IIIAAAA1221I2IAAA1AI2222
AA2II22222A1IIAIII2211IIIAAAA1AA1222IIA2IIIAAAA1221I2IAAA1AI2222
AA2II22222A1IIAAII2211IIIAAAA1AA1222IIA2IIIAAAA1221I2IAAA1AI2222
AA2II22222A1IAAAII2211IIIAAAA1AA1222IIA2IIIAAAA1221I2IAAA1AI2222
AA2II22222A1IAAAII2211IAIAAAA1AA1222IIA2IIIAAAA1221I2IAAA1AI2222
AA2II22222A1IAAAII22A1IAIAAAA1AA1222IIA2IIIAAAA1221I2IAAA1AI2222
AA2II22222A1IAAAII22A1IAIAAAA1AA1222IIA2IIIAAAA122AI2IAAA1AI2222
AA2II22222A1IAAAII22A1IAIAAAA1AA1222IIA2IIIAAAA12AAI2IAAA1AI2222
AA2II22222A1IAAAII22A1IAIAAAA1AA1222IIA2IIIAAAA1AAAI2IAAA1AI2222
AA2II22222A1IAAAII22A1IAAAAAA1AA1222IIA2IIIAAAA1AAAI2IAAA1AI2222
AA2II22222A1IAAAII22A1IAAAAAA1AA1222IIA2IIIAAAA1AAAA12AAA1AI2222
AA2II22222A1IAAAII22A1IAAAAAA1AA1222IIA2IIIAAAA1AAAA12AAA1A22222
AA2II22222A1IAAAII22A1IAAAAAA1AA1222IIA2IIIAAAA1AAAA12AAA1A21212
AA2II22222A1IAAAII22A1IAAAAAA1AA1222IIA2IIIAAAA1AAAA11AAA1A11111
AA2II22222A1IAAAII22A1IAAAAAA1AA112111A1I1IAAAA1AAAA11AAA1A11111
IIIIIIIIIIIIIIIIIIIIIIIIIIIIIIIIIIIIIIIIIIIIIIA1IIIIIIIIIIIIIIII
IIIIIIIIIIIIIIIIIIIIIIIIIIIIIIIIIIIIIIIIIIIIIIA1IIIIIA1IIIIIIIII
IIIIIIIIIIIIAI1III12I22I2IIIIIIIIIIIIIIIIIIIIIIIIIIIIIIIIIIIIIII
IIIIIIIIIIIAA11II112I22I2IIIIIIIIIIIIIIIIIIIIIIIIIIIIIIIIIIIIIII
IIIIIIIIIIIIIIIIIIIIIIIIIIIIIIAI1III12I22I2IIIIIIIIIIIIIIIIIIIII
IIIIIIIIIIIIIIIIIIIIIIIIIIIIIIIIIIIIIIA2IIIIIIIIIIIIIIIIIIIIIIII
IIIIIIIIIIIIIIIIIIIIIIIIIIA2IIIIIIIIIIA2IIIIIIIIIIIIIIIIIIIIIIII
IIIIIIIIIIIIIIIIIIIIIIIIA2A2IIIIIIIIIIA2IIIIIIIIIIIIIIIIIIIIIIII
IIIIIIIIIIIIIIIIIIIIIIIIA2A2IIIIIIIIIIA12IIIIIIIIIIIIIIIIIIIIIII
IIIIIIIIIIIIIIIIIIIIIIIIA2A12IIIIIIIIIA12IIIIIIIIIIIIIIIIIIIIIII
IIIIIIIIIIIIIIIIIIIIIIIIAAA12IIIIIIIIIA12IIIIIIIIIIIIIIIIIIIIIII
IIIIIIIIIIIIIIIIIIIIIIIIIIA1IIIIIIIIIIIIIIIIIIIIIIIIIIIIIIIIIIII
IIIIIIIIIIIIIIIIIIIIIIIIIIA1IIIIIIIIIIA1IIIIIIIIIIIIIIIIIIIIIIII
IIIIIIIIIIIIIIIIIIIIIIIIA1A1IIIIIIIIIIA1IIIIIIIIIIIIIIIIIIIIIIII
IIIIIIIIIIIIIIIIIIIIIIIIA1A1IIIIIIIIIIA12IIIIIIIIIIIIIIIIIIIIIII
IIIIIIIIIIIIIIIIIIIIIIIIA1A12IIIIIIIIIA12IIIIIIIIIIIIIIIIIIIIIII
IIIIIIIIIIIIIIIIIIIIIIIIIIIIIIIIIIIIIIA1IIIIIIIIIIIIIIIIIIIIIIII
IIIIIIIIIIIIIIIIIIIIIIIIIIAIIIIIIIIIIIA1IIIIIIIIIIIIIIIIIIIIIIII
IIIIIIIIIIIIIIIIIIIIIIIIAIAIIIIIIIIIIIA1IIIIIIIIIIIIIIIIIIIIIIII
IIIIIIIIIIIIIIIIIIIIIIIIAIAIIIIIIIIIIIA12IIIIIIIIIIIIIIIIIIIIIII
IIIIIIIIIIIIIIIIIIIIIIIIAIA12IIIIIIIIIA12IIIIIIIIIIIIIIIIIIIIIII
IIIIIIIIIIIIIIIIIIIIIIIIA1A12IIIIIIIIIA12IIIIIIIIIIIIIIIIIIIIIII
IIIIIIIIIIIIIIIIIIIIIIIIAAA12IIIIIIIIIA12IIIIIIIIIIIIIIIIIIIIIII
IIIIIIIIIIIIIIIIIIIIIIIIAAA12IIIIIIIIIA122IIIIIIIIIIIIIIIIIIIIII
IIIIIIIIIIIIIIIIIIIIIIIIAAA122IIIIIIIIA122IIIIIIIIIIIIIIIIIIIIII
IIIIIIIIIIIIIIIIIIIIIIIIIIIIIIIIIIIIIIAI1IIIIIIIIIIIIIIIIIIIIIII
IIIIIIIIIIIIIIIIIIIIIIIIIIIIIIIIIIIIIIAI1II1I222222IIIIIIIIIIIII
IIIIIIIIIIIIIIIIIIIIIIIIIIAI1II1I22222AI1II1I222222IIIIIIIIIIIII
IIIIIIIIIIIIIIIIIIIIIIIIAIAI11I1222222AI1II1I222222IIIIIIIIIIIII
IIIIIIIIIIIIIIIIIIIIIIIIAIAI11I1222222A21II1I222222IIIIIIIIIIIII
IIIIIIIIIIIIIIIIIIIIIIIIA2AI11I1222222A21II1I222222IIIIIIIIIIIII
IIIIIIIIIIIIIIIIIIIIIIIIA2A211I1222222A21II1I222222IIIIIIIIIIIII
IIIIIIIIIIIIIIIIIIIIIIIIA2A211I1222222A112I1I222222IIIIIIIIIIIII
IIIIIIIIIIIIIIIIIIIIIIIIA2A111I1222222A112I1I222222IIIIIIIIIIIII
IIIIIIIIIIIIIIIIIIIIIIIIA1A111I1222222A112I1I222222IIIIIIIIIIIII
IIIIIIIIIIIIIIIIIIIIIIIIAAA111I1222222A112I1I222222IIIIIIIIIIIII
IIIIIIIIIIIIIIIIIIIIIIIIIIA2IIIIIIIIIIIIIIIIIIIIIIIIIIIIIIIIIIII
IIIIIIIIIIIIIIIIIIIIIIIIIAA2IIIIIIIIIIIIIIIIIIIIIIIIIIIIIIIIIIII
IIIIIIIIIIIIIIIIIIIIIIIIIAA2IIIIIIIIIIA2IIIIIIIIIIIIIIIIIIIIIIII
IIIIIIIIIIIIIIIIIIIIIIIIAAA2IIIIIIIIIIA2IIIIIIIIIIIIIIIIIIIIIIII
IIIIIIIIIIIIIIIIIIIIIIIIAAA2IIIIIIIIIIA1122IIIIIIIIIIIIIIIIIIIII
IIIIIIIIIIIIIIIIIIIIIIIIAAA22IIIIIIIIIA1122IIIIIIIIIIIIIIIIIIIII
IIIIIIIIIIIIIIIIIIIIIIIIAAA1122IIIIIIIA1122IIIIIIIIIIIIIIIIIIIII
IIIIIIIIIIIIIIIIIIIIIIIIIIAIIIIIIIIIIIIIIIIIIIIIIIIIIIIIIIIIIIII
IIIIIIIIIIIIIIIIIIIIIIIIIIAIIIIIIIIIIIAIIIIIIIIIIIIIIIIIIIIIIIII
IIIIIIIIIIIIIIIIIIIIIIIIAIAIIIIIIIIIIIAIIIIIIIIIIIIIIIIIIIIIIIII
IIIIIIIIIIIIIIIIIIIIIIIIIIA1IIIIIIIIIIIIIIIIIIIIIIIIIIIIIIIIIIII
IIIIIIIIIIIIIIIIIIIIIIIIIIA1IIIIIIIIIIA1IIIIIIIIIIIIIIIIIIIIIIII
IIIIIIIIIIIIIIIIIIIIIIIIA1A1IIIIIIIIIIA1IIIIIIIIIIIIIIIIIIIIIIII
IIIIIIIIIIIIIIIIIIIIIIIIIIA1IIIIIIIIIIIIIIIIIIIIIIIIIIIIIIIIIIII
IIIIIIIIIIIIIIIIIIIIIIIIIIA1IIIIIIIIIIA1IIIIIIIIIIIIIIIIIIIIIIII
IIIIIIIIIIIIIIIIIIIIIIIIA1A1IIIIIIIIIIA1IIIIIIIIIIIIIIIIIIIIIIII
IIIIIIIIIIIIIIIIIIIIIIIIIIA1IIIIIIIIIIIIIIIIIIIIIIIIIIIIIIIIIIII
IIIIIIIIIIIIIIIIIIIIIIIIIIA1IIIIIIIIIIA1IIIIIIIIIIIIIIIIIIIIIIII
IIIIIIIIIIIIIIIIIIIIIIIIA1A1IIIIIIIIIIA1IIIIIIIIIIIIIIIIIIIIIIII
IIIIIIIIIIIIIIIIIIIIIIIIIIA1IIIIIIIIIIIIIIIIIIIIIIIIIIIIIIIIIIII
IIIIIIIIIIIIIIIIIIIIIIIIIIA1IIIIIIIIIIA1IIIIIIIIIIIIIIIIIIIIIIII
IIIIIIIIIIIIIIIIIIIIIIIIA1A1IIIIIIIIIIA1IIIIIIIIIIIIIIIIIIIIIIII
IIIIIIIIIIIIIIIIIIIIIIIIIIIIIIIIIIIIIIIIIIIIIIIIIIIIIIA1IIIIIIII
IIIIIIIIIIIIIIIIIIIIIIIIIIIIIIIIIIIIIIIIIIIIIIIIIIIIIAA1IIIIIIII
IIIIIIIIIIIIIIIIIIIIIIIIIIIIIIIIIIIIIIIIIIIIIIA1IIIIIAA1IIIIIIII
IIIA1IIIIIIIIIIIIIIIIIIIIIIIIIIIIIIIIIIIIIIIIIA1IIIIIAA1IIIIIIII
IIAA1IIIIIIIIIIIIIIIIIIIIIIIIIIIIIIIIIIIIIIIIIA1IIIIIAA1IIIIIIII
IIAA1IIIIIIIIIIIIIIIIIIIIIIIIIIIIIIIIIIIIIIIIIA1IIIA1AA1IIIIIIII
IIIIIIIIIIIIIIIIIIIIIIIIIIIIIIIIIIIIIIIIIIIIIIIIIIIIIA1IIIIIIIII
IIIIIIIIIIIIIIIIIIIIIIIA1IIIIIIIIIIIIIIIIIIIIIIIIIIIIA1IIIIIIIII
IIIIIIIIIIIIIIIIIIIIIIIIIIIIIIIIIIIIIIIIIIIIIIA1IIIIIIIIIIIIIIII
IIIIIIIIIIIIIIIIIIIIIIIIIIIIIIIIIIIIIIIIIIIIIIA1IIIIIA1IIIIIIIII
IIIIIIIIIIIIIIIIIIIIIIIIIIIIIIIIIIIIIIA12IIIIIIIIIIIIIIIIIIIIIII
IIIIIIIIIIIIIIIIIIIIIIIIIIAIIIIIIIIIIIA12IIIIIIIIIIIIIIIIIIIIIII
IIIIIIIIIIIIIIIIIIIIIIIIIAAIIIIIIIIIIIA12IIIIIIIIIIIIIIIIIIIIIII
IIIIIIIIIIIIIIIIIIIIIIIIAAAIIIIIIIIIIIA12IIIIIIIIIIIIIIIIIIIIIII
IIIIIIIIIIIIIIIIIIIIIIIIAAA12IIIIIIIIIA12IIIIIIIIIIIIIIIIIIIIIII
IIIIIIIIIIIIIIIIIIIIIIIIIIIIIIIIIIIIIIAIIIIIIIIIIIIIIIIIIIIIIIII
IIIIIIIIIIIIIIIIIIIIIIIIIIAIIIIIIIIIIIAIIIIIIIIIIIIIIIIIIIIIIIII
IIIIIIIIIIIIIIIIIIIIIIIIAIAIIIIIIIIIIIAIIIIIIIIIIIIIIIIIIIIIIIII
IIIIIIIIIIIIIIIIIIIIIIIIAIA12IIIIIIIIIAIIIIIIIIIIIIIIIIIIIIIIIII
IIIIIIIIIIIIIIIIIIIIIIIIAIA12IIIIIIIIIA12IIIIIIIIIIIIIIIIIIIIIII
IIIIIIIIIIIIIIIIIIIIIIIIA1A12IIIIIIIIIA12IIIIIIIIIIIIIIIIIIIIIII
IIIIIIIIIIIIIIIIIIIIIIIIAAA12IIIIIIIIIA12IIIIIIIIIIIIIIIIIIIIIII
IIIIIIIIIIIIIIIIIIIIIIIIIIIIIIA1I11I2I2222IIIIIIIIIIIIIIIIIIIIII
IIIIIIIIIIIIIIIIIIIIIIIIIIIIIIA1I11I2I2222IIIIIIIIIIIIIIIIIA1I11
IIIIIIIIIIIIIIIIIIIIIIIIIIIIIIA1I11I2I2222IIIIIIIIIIIIIA1I1A1211
IIIIIIIIIIIIIIIIIIIIIIIIIIIIIIIIIIIIIIA2IIIIIIIIIIIIIIIIIIIIIIII
IIIIIIIIIIIIIIIIIIIIIIIIIIA2IIIIIIIIIIA2IIIIIIIIIIIIIIIIIIIIIIII
IIIIIIIIIIIIIIIIIIIIIIIIA2A2IIIIIIIIIIA2IIIIIIIIIIIIIIIIIIIIIIII
IIIIIIIIIIIIIIIIIIIIIIIIA2A2IIIIIIIIIIA1IIIIIIIIIIIIIIIIIIIIIIII
IIIIIIIIIIIIIIIIIIIIIIIIA2A1IIIIIIIIIIA1IIIIIIIIIIIIIIIIIIIIIIII
IIIIIIIIIIIIIIIIIIIIIIIIA1A1IIIIIIIIIIA1IIIIIIIIIIIIIIIIIIIIIIII
IIIIIIIIIIIIIIIIIIIIIIIIIIIIIIIIIIIIIIIIIIIA1IIII22IIIIIIIIIIIII
IIIIIIIIIIIIIIIIIIIIIIIIIIIIIIA1IIII22IIIIIA1IIII22IIIIIIIIIIIII
IIIIIIIIIIIIIIIIIIIIIIIIIIIIIIA1IIII22IIIIIA1IIA122II22IIIIIIIII
IIIIIIIIIIIIIIIIIIIIIIIIIIIIIIA1IIII22IIIIIA1IIAA12II222IIIIIIII
IIIIIIIIIIIIIIIIIIIIIIIIIIIIIIIIIIIIIIIIIIIIIIIIIIIIIIIAIIIIIIII
IIIIIIIIIIIIIIIIIIIIIIIIIIIIIIIIIIIIIIIIIIIIIIIIIIIIIIIAAIIIIIII
IIIIIIIIIIIIIIIIIIIIIIIIIIIIIIIIIIIIIIIIIIIIIIIIIIIIIIAAAIIIIIII
IIIIIIIIIIIIIIIIIIIIIIIA12IIIIIIIIIIIIIIIIIIIIIIIIIIIIIIIIIIIIII
IIIIIIIIIIIIIIIIIIIIIIIA12IIIIIIIIIIIIIIIIIIIIIIIIIIIIA12IIIIIII
IIIIIIIIIIIIIIIIIIIIIIIIIIIIIIIIIIIIIIIIIIIIIIIIIIIIIIIIAI1I1I1I
IIIIIIIIIIIIIIIIIIIIIIIIIIIIIIIIIIIIIIIIIIIIIIIIIIIIIIAIAI1I1I1I
IIIIIIIIIIIIIIIIIIIIIIIIIIIIIIIIIIIIIIIIIAI1I1I1I1I1I1A1AI1I1I1I
IIIIIIIIIIIIIIIIIIIIIIIIIIIIIIIIIIIIIIIIIAI1I1I1I1I1I1A1A21I1I1I
IIIIIIIIIIIIIIIIIIIIIIIIIIIIIIIIIIIIIIIIIIIIIIIIIIIIIIIIA1IIIIII
IIIIIIIIIIIIIIIIIIIIIIIIIIIIIIIIIIIIIIIIIIIIIIIIIIIIIIIAA1IIIIII
IIIIIIIIIIIIIIIIIIIIIIIIIIA1IIIIIIIIIIIIIIIIIIIIIIIIIIIAA1IIIIII
IIIIIIIIIIIIIIIIIIIIIIIIIAA1IIIIIIIIIIIIIIIIIIIIIIIIIIIAA1IIIIII
A1IIIIIIIIIIIIIIIIIIIIIIIAA1IIIIIIIIIIIIIIIIIIIIIIIIIIIAA1IIIIII
A1IIIIIIIIIIIIIIIIIIIIIIIAA1IIIA1IIIIIIIIIIIIIIIIIIIIIIAA1IIIIII
A1IIIIIIIIIIIIIIIIIIIIIIIAAA1IIA1IIIIIIIIIIIIIIIIIIIIIIAA1IIIIII
A1IIIIIIIIA1IIIIIIIIIIIIIAAA1IIA1IIIIIIIIIIIIIIIIIIIIIIAA1IIIIII
A1IIIIIIIIA1IIIIIIIIIIIIIAAAA1IA1IIIIIIIIIIIIIIIIIIIIIIAA1IIIIII
A1IIIIIIIIA1IIIIIIIIIIIIIAAAA1IA1IIIIIIIIIIAI2III2IIIIIAA1IIIIII
A1IIIIIIIIA1IIIIIIIIIIIIIAAAA1IA1IIIIIIIIIIAA22II22IIIIAA1IIIIII
A1IIIIIIIIA1IIIIIIIIIIIIIAAAA1IA1IIIIIAI2IIAA22II22IIIIAA1IIIIII
A1IIIIIIIIA1IIIIIIIIIIIIIAAAA1IA1IIIIIAI2IIAA22II22IIIIAA1AI2III
A1IIIIIIIIA1IIIIIIIIIIIIIAAAA1IA1IIIIIAI2IIAA22II22IIIIAA1AI2I2I
A12III2IIIA1IIIIIIIIIIIIIAAAA1IA1IIIIIAI2IIAA22II22IIIIAA1AI2I2I
AA22II22IIA1IIIIIIIIIIIIIAAAA1IA1IIIIIAI2IIAA22II22IIIIAA1AI2I2I
AA22II22IIA1IIIIIIIIIIIIIAAAA1IA1IIIIIAI2IIAA22II22IIIAAA1AI2I2I
AA22II22IIA1IIIIIIIIIIIIIAAAA1AA1III2IAI2IIAA22II22IIIAAA1AI2I2I
AA22II22IIA12III2IIIIIIIIAAAA1AA1III2IAI2IIAA22II22IIIAAA1AI2I2I
AA22II22IIA12III2IIIIIIIIAAAA1AA1III2IAI2IIAA22II22IIIAAA1AI222I
AA22II22IIA12III2IIIIIIIIAAAA1AA12I22IAI2IIAA22II22IIIAAA1AI222I
AA22II22IIA12III2IIIIIIIIAAAA1AA12I22IAI2IIAAA112222IIAAA1AI222I
AA22II22IIA12III2IIIIIIIIAAAA1AA12I22IAI2IIAAAA112222IAAA1AI222I
AA22II22IIA12III2IIIIIIIIAAAA1AA12I22IAI2IIAAAA112222IAAA1A2222I
AA22II22IIA12III2IIIIIIAIAAAA1AA12I22IAI2IIAAAA112222IAAA1A2222I
AA22II22IIA12III2IIIAIIAIAAAA1AA12I22IAI2IIAAAA112222IAAA1A2222I
AA22II22IIA12III2IIIAIIAIAAAA1AA12I22IAI2IIAAAA11A222IAAA1A2222I
AA22II22IIA12III2IIIAIIAIAAAA1AA12I22IAI2IIAAAA11AA22IAAA1A2222I
AA22II22IIA12III2IIIAIIAIAAAA1AA12I22IAI2IIAAAA1AAA22IAAA1A2222I
AA22II22IIA12III2IIIAIIAAAAAA1AA12I22IAI2IIAAAA1AAA22IAAA1A2222I
AA22II22IIA12III2IIIAIIAAAAAA1AA12I22IAI2IIAAAA1AAAA2IAAA1A2222I
AA22II22IIA12III2IIIAAIAAAAAA1AA12I22IAI2IIAAAA1AAAA2IAAA1A2222I
AA22II22IIA122I22IIIAAIAAAAAA1AA12I22IAI2IIAAAA1AAAA2IAAA1A2222I
AA22I222IIA122I22IIIAAIAAAAAA1AA12I22IAI2IIAAAA1AAAA2IAAA1A2222I
AA122222IIA122I22IIIAAIAAAAAA1AA12I22IAI2IIAAAA1AAAA2IAAA1A2222I
AA122222IIA122I22IIIAAIAAAAAA1AA12222IAI2IIAAAA1AAAA2IAAA1A2222I
IIIIIIIIIIIIIIIIIIIIIIIIIIIIIIIIIIIIIIIIIIIIIIIIIIIIIA2IIIIIIIII
IIIIIIIIIIIIIIIIIIIIIIIIIIIIIIIIIIIIIIIIIIIAIIIIIIIIIIIIIIII22I1
IIIIIIIIIIIIIIIIIIIIIIIIIIIIIIAIIIIIIIIIIIIAIII22I1IIIIIIIII22I1
IIIIIIIIIIIIIIIIIIIIIIIIIIIIIIAIIIIIIIIIIIIAIII22I1IIIIAIIII22I1
IIIIIIIIIIIIIIIIIIIIIIIIIIIIIIAIIIIIIIIIIIIAIII22I1IIIIAAIII22I1
IIIIIIIIIIIIIIIIIIIIIIIIIIIIIIAIIIIIIIIIIIIAIII22I1IIIAAAIII22I1
IIIIIIIIIIIIIIIIIIIIIIIA2IIIIIIIIIIIIIIIIIIIIIIIIIIIIIIIIIIIIIII
IIIIIIIIIIIIIIIIIIIIIIIA2IIIIIIIIIIIIIIIIIIIIIIIIIIIIIA1IIIIIIII
IIIIIIIIIIIIIIIIIIIIIIIIIIIIIIIIIIIIIIIIIIIIIIIIIIIIIIIIAI1I1112
IIIIIIIIIIIIIIIIIIIIIIIIIIIIIIIIIIIIIIIIIIIIIIIIIIIIIIAIAI111112
IIIIIIIIIIIIIIIIIIIIIIIIIIIIIIIIIIIIIIIIIIIIIIIIIIIIIIIIA1I2IIII
IIIIIIIIIIIIIIIIIIIIIIIIIIIIIIIIIIIIIIIIIIIIIIIIIIIIIIIAA122IIII
IIIIIIIIIIIIIIIIIIIIIIIIIIA1I2IIIIIIIIIIIIIIIIIIIIIIIIIAA122IIII
A1I2IIIIIIIIIIIIIIIIIIIIIIA1I2IIIIIIIIIIIIIIIIIIIIIIIIIAA122IIII
A1I2IIIIIIIIIIIIIIIIIIIII2A1I2III2I2IIIIIIIIIIIIIIIIIIIAA122IIII
A1I2III2I2IIIIIIIIIIIIIII2A1I2III2I2IIIIIIIIIIIIIIIIIIIAA122IIII
A1I2III2I2IIIIIIIIIIIIIII2A1I22AI2I2II2I2IIIIIIIIIIIIIIAA122IIII
A1I2III2I2IIIIIIIIIIIIIII2AAI22AI2222I2I2IIIIIIIIIIIIIIAA122IIII
A1I2III2I2AIIIIII2I2IIIII2AAI22AI2222I2I2IIIIIIIIIIIIIIAA122IIII
A1I2III2I2AIIIIII2I2IIIII2AAA22AI222222I2IIIIIIIIIIIIIIAA122IIII
A1I2III2I2AIIIIII2I2IIIII2AAA22AI222222I2I2AIIIIII2I2IIAA122IIII
A1I2III2I2AIIIIII2I2IIIII2AAA22AI222222I2I2AAIIIII2222IAA122IIII
A1I2III2I2AIIIIII2I2IIIII2AAA22AI2222222AI2AAII2I22222IAA122IIII
AAI2III222AIIIIII2I2IIIII2AAA22AI2222222AI2AAII2I22222IAA122IIII
AAI2III222AIIIIII2I2IIIII2AAA22AI2222222AI2AAII2I22222AAA122I2I2
AAI2III222AIIIIII2I2IIIII2AAA2AAI2222222AI2AAII2I22222AAA122I2I2
AAI2III222AIIIIII2I2IIIII2AAA2AAI2222222AI2AAII2I22222AAA122I222
AAI2III222AIIIIII2I2IIIII2AAA2AA12222222AI2AAII2I22222AAA122I222
AAI2III222AIIIIII2I2IIIII2AAA2AA12222222AI2AAA11222222AAA122I222
AAI2III222AIIIIII2I2IIIII2AAA2AA12222222AI2AAAA1122222AAA122I222
AAI2III222AIIIIII2I2IIIA11AAA2AA12222222AI2AAAA1122222AAA122I222
AAI2III222AIIIIII2I2A11A11AAA2AA12222222AI2AAAA1122222AAA122I222
AAI2III222AIIIIII2I2A11A11AAA2AA12222222AI2AAAA11A1122AAA122I222
AAI2III222AIIIIII2I2A11A11AAA2AA12222222AI2AAAA11AA112AAA122I222
AAI2III222AIIIIII2I2A11A11AAA2AA12222222AI2AAAA1AAA112AAA122I222
AAI2III222AIIIIII2I2A11AA1AAA2AA12222222AI2AAAA1AAA112AAA122I222
AAI2III222AIIIIII2I2A11AA1AAA2AA12222222AI2AAAA1AAAA12AAA122I222
AAI2III222AIIIIII2I2A11AA1AAA2AA12222222AI2AAAA1AAAA12AAA1222222
AAI2III222AIIIIII2I2A11AA1AAA2AA12222222AI2AAAA1AAAA11AAA1222222
IIIIIIIIIIIIIIIIIIIIIIIIIIIIIIIIIIIIIIA1IIIIIIIIIIIIIIIIIIIIIIII
IIIIIIIIIIIIIIIIIIIIIIIIA1IIIIIIIIIIIIA1IIIIIIIIIIIIIIIIIIIIIIII
IIIIIIIIIIIIIIIIIIIIIIIIA1A1IIIIIIIIIIA1IIIIIIIIIIIIIIIIIIIIIIII
IIIIIIIIIIIIIIIIIIIIIIIIA1A12IIIIIIIIIA1IIIIIIIIIIIIIIIIIIIIIIII
IIIIIIIIIIIIIIIIIIIIIIIIA1A12IIIIIIIIIA12IIIIIIIIIIIIIIIIIIIIIII
IIIIIIIIIIIIIIIIIIIIIIIIAAA12IIIIIIIIIA12IIIIIIIIIIIIIIIIIIIIIII
IIIIIIIIIIIIIIIIIIIIIIIIIIIIIIIIIIIIIIIIIIIAIIIIII2I2222IIIIIIII
IIIIIIIIIIIIIIIIIIIIIIIIIIIIIIAIIIIII2I2222AIIIIII2I2222IIIIIIII
IIIIIIIIIIIIIIIIIIIIIIIIIIIIIIAIIIIII2I2222AIIIIII2I222AIIIIII2I
IIIIIIIIIIIIIIIIIIIIIIIIIIIIIIAIIIIII2I2222AIIIIII2I222AAIIIII22
IIIIIIIIIIIIIIIIIIIIIIIIIIIIIIAIIIIII2I2222AIIIIII2I222AA1IIII22
IIIIIIIIIIIIIIIIIIIIIIIIIIIIIIAIIIIII2I2222A1IIIII2I222AA1IIII22
IIIIIIIIIIIIIIIIIIIIIIIIIIIIIIAIIIIII2I2222A1IIIII2I22AAA1IIII22
IIIIIIIIIIIIIIIIIIIIIIIIIIIIIIIIIIIIIIIIIIIIIIIIIIIIIIA12IIIIIII
IIIIIIIIIIIIIIIIIIIIIIIIIIIIIIIIIIIIIIIIIIIIIIIIIIIIIIIIAI2IIIII
IIIIIIIIIIIIIIIIIIIIIIIIIIIIIIIIIIIIIIIIIIIIIIIIIIIIIIAIAI2IIIII
IIIIIIIIIIIIIIIIIIIIIIIIIIIIIIIIIIIIIIIIIIIIIIIIIIIIIIIIA12IIIII
IIIIIIIIIIIIIIIIIIIIIIIIIIIIIIIIIIIIIIIIIIIIIIIIIIIIIIIAA12IIIII
IIIIIIIIIIIIIIIIIIIIIIIIIIAI2IIIIIIIIIIIIIIIIIIIIIIIIIIAA12IIIII
AI2IIIIIIIIIIIIIIIIIIIIIIIAI2IIIIIIIIIIIIIIIIIIIIIIIIIIAA12IIIII
AI2IIIIIIIIIIIIIIIIIIIIIIIA12IIIIIIIIIIIIIIIIIIIIIIIIIIAA12IIIII
A12IIIIIIIIIIIIIIIIIIIIIIIA12IIIIIIIIIIIIIIIIIIIIIIIIIIAA12IIIII
A12IIIIIIIIIIIIIIIIIIIIIIIA12IIA12IIIIIIIIIIIIIIIIIIIIIAA12IIIII
A12IIIIIIIIIIIIIIIIIIIIIIIAA12IA12IIIIIIIIIIIIIIIIIIIIIAA12IIIII
A12IIIIIIIA12IIIIIIIIIIIIIAA12IA12IIIIIIIIIIIIIIIIIIIIIAA12IIIII
A12IIIIIIIA12IIIIIIIIIIIIIAAA12A12IIIIIIIIIIIIIIIIIIIIIAA12IIIII
A12IIIIIIIA12IIIIIIIIIIIIIAAA12A12IIIIIIIIIA12IIIIIIIIIAA12IIIII
A12IIIIIIIA12IIIIIIIIIIIIIAAA12A12IIIIIIIIIAA12IIIIIIIIAA12IIIII
A12IIIIIIIA12IIIIIIIIIIIIIAAA12A12IIIIA12IIAA12IIIIIIIIAA12IIIII
A12IIIIIIIA12IIIIIIIIIIIIIAAA12A12IIIIA12IIAA12IIIIIIIIAA1A12III
AA12IIIIIIA12IIIIIIIIIIIIIAAA12A12IIIIA12IIAA12IIIIIIIIAA1A12III
AA12IIIIIIA12IIIIIIIIIIIIIAAA12A12IIIIA12IIAA12IIIIIIIAAA1A12III
AA12IIIIIIA12IIIIIIIIIIIIIAAA1AA12IIIIA12IIAA12IIIIIIIAAA1A12III
AA12IIIIIIA12IIIIIIIIIIIIIAAA1AA122II2A12IIAA12IIIIIIIAAA1A12III
AA12IIIIIIA12IIIIIIIIIIIIIAAA1AA122II2A12IIAA12IIIIIIIAAA1A122II
AA12IIIIIIA12IIIIIIIIIIIIIAAA1AA122II2A12IIAAA2II2II2IAAA1A122II
AA12IIIIIIA12IIIIIIIIIIIIIAAA1AA122II2A12IIAAAAII22I22AAA1A122II
AA12IIIIIIA12IA122IIIIIIIIAAA1AA122II2A12IIAAAAII22I22AAA1A122II
AA12IIIIIIA12IAA122IIIIIIIAAA1AA122II2A12IIAAAAII22I22AAA1A122II
AA12IIIIIIA12AAA122IIIIIIIAAA1AA122II2A12IIAAAAII22I22AAA1A122II
AA12IIIIIIA12AAA122IIIIA12AAA1AA122II2A12IIAAAAII22I22AAA1A122II
AA12IIIIIIA12AAA122IA12A12AAA1AA122II2A12IIAAAAII22I22AAA1A122II
AA12IIIIIIA12AAA122IA12A12AAA1AA122II2A12IIAAAAIIA1222AAA1A122II
AA12IIIIIIA12AAA122IA12A12AAA1AA122II2A12IIAAAAIIAA122AAA1A122II
AA12IIIIIIA12AAA122IA12A12AAA1AA122II2A12IIAAAAIAAA122AAA1A122II
AA12IIIIIIA12AAA122IA12AA1AAA1AA122II2A12IIAAAAIAAA122AAA1A122II
AA12IIIIIIA12AAA122IA12AA1AAA1AA122II2A12IIAAAAIAAAA22AAA1A122II
IIIIIIIIIIIIIIIIIIIIIIIIIIIIIIIIIIIIIIIIIIIIIIIIIIIIIIA11I2I2III
IIIIIIIIIIIIIIIIIIIIIIIIIIIIIIIIIIIIIIIIIIIIIIIIIIIA11A1122I2III
IIIIIIIIIIIIIIIIIIIIIIIA11I2I2IIIIIIIIIIIIIIIIIIIIIA11A1122I2III
IIIIIIIIIIIIIIIIIIIIIIIIIIIIIIIIIIIIIIA2IIIIIIIIIIIIIIIIIIIIIIII
IIIIIIIIIIIIIIIIIIIIIIIIIIA2IIIIIIIIIIA2IIIIIIIIIIIIIIIIIIIIIIII
IIIIIIIIIIIIIIIIIIIIIIIIA2A2IIIIIIIIIIA2IIIIIIIIIIIIIIIIIIIIIIII
IIIIIIIIIIIIIIIIIIIIIIIIA2A1IIIIIIIIIIA2IIIIIIIIIIIIIIIIIIIIIIII
IIIIIIIIIIIIIIIIIIIIIIIIA2A1IIIIIIIIIIA1IIIIIIIIIIIIIIIIIIIIIIII
IIIIIIIIIIIIIIIIIIIIIIIIA1A1IIIIIIIIIIA1IIIIIIIIIIIIIIIIIIIIIIII
IIIIIIIIIIIIIIIIIIIIIIIIAAA1IIIIIIIIIIA1IIIIIIIIIIIIIIIIIIIIIIII
IIIIIIIIIIIIIIIIIIIIIIIIIIIIIIIIIIIIIIIIIIIIIIA1IIIIIIIIIIIIIIII
IIIIIIIIIIIIIIIIIIIIIIIIIIIIIIIIIIIIIIIIIIIIIIA1IIIIIA1IIIIIIIII
IIIIIIIIIIIIIIIIIIIIIIIIIIIIIIA1I1II12I22IIIIIIIIIIIIIIIIIIIIIII
IIIIIIIIIIIIIIIIIIIIIIIIIIIIIIA1I1II12I22IIIIIIIIIIIIIIIIIIA1I1I
IIIIIIIIIIIIIIIIIIIIIIIIIIIIIIIIIIIIIIIIIIIIIIA1IIIIIIIIIIIIIIII
IIIIIIIIIIIIIIIIIIIIIIIIIIIIIIIIIIIIIIIIIIIIIIA1IIIIIA1IIIIIIIII
IIIIIIIIIIIIIIIIIIIIIIIIIIIIIIIIIIIIIIIIIIIIIIAIIIIIIIIIIIIIIIII
IIIIIIIIIIIIIIIIIIIIIIIIIIIIIIIIIIIIIIIIIIIIIIAIIIIIIAIIIIIIIIII
IIIIIIIIIIIIIIIIIIIIIIIIIIIIIIIIIIIIIIIIIIIA12IIIIIIIIIIIIIIIIII
IIIIIIIIIIIIIIIIIIIIIIIIIIIIIIA12IIIIIIIIIIA12IIIIIIIIIIIIIIIIII
IIIIIIIIIIIIIIIIIIIIIIIIIIIIIIA12IIIIIIIIIIA12IIIIIIIIIA12IIIIII
IIIIIIIIIIIIIIIIIIIIIIIIIIIIIIA12IIIIIIIIIIA12IIIIIIIIIAA12IIIII
IIIIIIIIIIIIIIIIIIIIIIIIIIIIIIA12IIIIIIIIIIA12IIIIIIIIAAA12IIIII
IIIIIIIIIIIIIIIIIIIIIIIA1I2IIIA12IIIIIIIIIIA12IIIIIIIIAAA12IIIII
IIIIIIIIIIIIIIIIIIIIIIIA1I2IIIA12IIIIIIIIIIA12IIIIIIIIAAA122IIII
IIIIIIIIIIIIIIIIIIIIIIIA1IAI2IA12IIIIIIIIIIA12IIIIIIIIAAA122IIII
IIIIIIIIIIIIIIIIIIIIIIIA1AA22IA12IIIIIIIIIIA12IIIIIIIIAAA122IIII
AI2IIIIIIIIIIIIIIIIIIIIA1AA22IA12IIIIIIIIIIA12IIIIIIIIAAA122IIII
AI2IIIIIIIIIIIIIIIIIIIIA1AA12IA12IIIIIIIIIIA12IIIIIIIIAAA122IIII
A12IIIIIIIIIIIIIIIIIIIIA1AA12IA12IIIIIIIIIIA12IIIIIIIIAAA122IIII
A12IIIIIIIIIIIIIIIIIIIIA1AA12IAA1IIIIIIIIIIA12IIIIIIIIAAA122IIII
A12IIIIIIIIIIIIIIIIIIIIA1AAA1IAA1IIIIIIIIIIA12IIIIIIIIAAA122IIII
A12IIIIIIIA1IIIIIIIIIIIA1AAA1IAA1IIIIIIIIIIA12IIIIIIIIAAA122IIII
A12IIIIIIIA1IIIIIIIIIIIA1AAAA1AA1IIIIIIIIIIA12IIIIIIIIAAA122IIII
A12IIIIIIIA1IIIIIIIIIIIA1AAAA1AA1IIIIIIIA1IA12IIIIIIIIAAA122IIII
A12IIIIIIIA1IIIIIIIIIIIA1AAAA1AA1IIIIIIAA1IA12IIIIIIIIAAA122IIII
AA1IIIIIIIA1IIIIIIIIIIIA1AAAA1AA1IIIIIIAA1IA12IIIIIIIIAAA122IIII
AA1IIIIIIIA1IIIIIIIIIIIA1AAAA1AA1IIIIIIAA1IA1AI2IIIIIIAAA122IIII
AA1IIIIIIIA1IIIIIIIIIIIA1AAAA1AA1IIIIIIAA1IA1AA22IIIIIAAA122IIII
AA1IIIIIIIA1IIIIIIIIA1IA1AAAA1AA1IIIIIIAA1IA1AA22IIIIIAAA122IIII
AA1IIIIIIIA1IIIIIIIIA1IA1AAAA1AA1IIIIIIAA1IA1AA22IA1IIAAA122IIII
AA1IIIIIIIA1IIIIIIIIA1IA1AAAA1AA1IIIIIIAA1IA1AA22AA1IIAAA122IIII
AA1IIIIIIIA1IIIIIIIIA1IA1AAAA1AA1IIIIIIAA1IA1AA2AAA1IIAAA122IIII
AA1IIIIIIIA1IIIIIIIIA1IAAAAAA1AA1IIIIIIAA1IA1AA2AAA1IIAAA122IIII
AA1IIIIIIIA1IIIIIIIIA1IAAAAAA1AA1IIIIIIAA1IA1AA2AAAA1IAAA122IIII
AA1IIIIIIIA1IIIIIIIIA1IAAAAAA1AA1IIIIIIAA1IA1AA2AAAA12AAA122IIII
IIIIIIIIIIIIIIIIIIIIIIIIIIIIIIIIIIIIIIIIIIIIIIAI1I1I1I1I1I1I22II
IIIIIIIIIIIIIIIIIIIIIIIIIIIIIIIIIIIIIIIIIIIIIIAI1I1I1A11111121I1
IIIIIIIIIIIIIIIIIIIIIIIIIIIIIIIIIIIIIIIIIIIII2AIIIIIIIIIIIIIIIII
IIIIIIIIIIIIIIIIIIIIIIIIIIIIIIIIIIIIIIIIIIIII2AIIIII2AIIIIIIIIII
IIIIIIIIIIIIIIIIIIIIIIIIA1IIIIII2III2IIIIIIIIIIIIIIIIIIIIIIIIIII
IIIIIIIIIIIIIIIIIIIIIIIIA1AIIIII2III2IIIIIIIIIIIIIIIIIIIIIIIIIII
IIIIIIIIIIIIIIIIIIIIIIIIAAAIIIII2III2IIIIIIIIIIIIIIIIIIIIIIIIIII
IIIIIIIIIIIIA1IIIIIIIIIIAAAIIIII2III2IIIIIIIIIIIIIIIIIIIIIIIIIII
IIIIIIIIIIIAA1IIIIIIIIIIAAAIIIII2III2IIIIIIIIIIIIIIIIIIIIIIIIIII
IIIIIIIIIIIAA1IIIIIIIIIIAAAIIIA12III2IIIIIIIIIIIIIIIIIIIIIIIIIII
IIIIIIIIIIIIIIIIIIIIIIIIIIA1IIIIIIIIIIIIIIIIIIIIIIIIIIIIIIIIIIII
IIIIIIIIIIIIIIIIIIIIIIIIIIA1IIIIIIIIIIA1IIIIIIIIIIIIIIIIIIIIIIII
IIIIIIIIIIIIIIIIIIIIIIIIA2A1IIIIIIIIIIA1IIIIIIIIIIIIIIIIIIIIIIII
[MLOP] Prefetch Degree Mean: 2.30181
[MLOP] Prefetch Degree SD: 2.88249
[MLOP] Max Score Left Mean (%): 14.3018
[MLOP] Max Score Left SD (%): 13.7051
[MLOP] Max Score Right Mean (%): 44.6813
[MLOP] Max Score Right SD (%): 14.7118
================ Mockingjay (LLC) Pollution Stats ================
Total pollution count in LLC: 9983
==================================================================

DRAM Statistics
 CHANNEL 0
 RQ ROW_BUFFER_HIT:     899766  ROW_BUFFER_MISS:    2454764
 DBUS_CONGESTED:       4015
 WQ ROW_BUFFER_HIT:     191806  ROW_BUFFER_MISS:     433631  FULL:        151

 AVG_CONGESTED_CYCLE: 5
 All warmup complete: 2
Channel 0 Bank busy for read cycles: 0
Channel 0 Bank busy for write cycles: 0
Channel 0
Rank 0
0banks busy for read cycles: 273088571
0banks busy for write cycles: 263368
1banks busy for read cycles: 106025038
1banks busy for write cycles: 45408306
2banks busy for read cycles: 45113998
2banks busy for write cycles: 15929282
3banks busy for read cycles: 19557082
3banks busy for write cycles: 6421539
4banks busy for read cycles: 10464757
4banks busy for write cycles: 3041164
5banks busy for read cycles: 6179953
5banks busy for write cycles: 1631547
6banks busy for read cycles: 4644898
6banks busy for write cycles: 1012246
7banks busy for read cycles: 4091653
7banks busy for write cycles: 699067
8banks busy for read cycles: 3650293
8banks busy for write cycles: 1002073

CPU 0 Branch Prediction Accuracy: 93.1259% MPKI: 12.2261 Average ROB Occupancy at Mispredict: 17.5244
Branch types
NOT_BRANCH: 164427856 82.2139%
BRANCH_DIRECT_JUMP: 1035473 0.517736%
BRANCH_INDIRECT: 168211 0.0841055%
BRANCH_CONDITIONAL: 32277559 16.1388%
BRANCH_DIRECT_CALL: 895239 0.447619%
BRANCH_INDIRECT_CALL: 149482 0.074741%
BRANCH_RETURN: 1045470 0.522735%
BRANCH_OTHER: 133 6.65e-05%

===================== LRU L1D STATS =====================
Total pollution count in L1D: 867868
=========================================================
================ SRRIP (L2C) Pollution Stats ================
Total pollution count in L2c: 2147698
==================================================================
DRAM PAGES: 1048576
Allocated PAGES: 210595
