
*** ChampSim Multicore Out-of-Order Simulator ***

Warmup Instructions: 200000000
Simulation Instructions: 200000000
Number of CPUs: 1
LLC sets: 4096
LLC ways: 12
Off-chip DRAM Size: 4096 MB Channels: 1 Width: 64-bit Data Rate: 6400 MT/s
CPU 0 runs /home1/sweta/traces/DPC4-Traces/Google_Traces_v2/Google_Traces_v2/sierra.a.3/sierra.a.3_0004.champsim.gz
.gz
BTB has LRU replacement policy
ITLB has LRU replacement policy
DTLB has LRU replacement policy
STLB has LRU replacement policy
L1I has LRU replacement policy
L1D has LRU replacement policy
Initialize SRRIP state for L2C
Initialize Mockingjay state for LLC
Heartbeat CPU 0 instructions: 10000006 cycles: 2603489 heartbeat IPC: 3.841 cumulative IPC: 3.841 (Simulation time: 0 hr 0 min 23 sec) 
Heartbeat CPU 0 instructions: 20000005 cycles: 5063985 heartbeat IPC: 4.06422 cumulative IPC: 3.94946 (Simulation time: 0 hr 0 min 49 sec) 
Heartbeat CPU 0 instructions: 30000005 cycles: 7292938 heartbeat IPC: 4.48641 cumulative IPC: 4.11357 (Simulation time: 0 hr 1 min 11 sec) 
Heartbeat CPU 0 instructions: 40000006 cycles: 9685863 heartbeat IPC: 4.17899 cumulative IPC: 4.12973 (Simulation time: 0 hr 1 min 34 sec) 
Heartbeat CPU 0 instructions: 50000003 cycles: 12051086 heartbeat IPC: 4.22793 cumulative IPC: 4.149 (Simulation time: 0 hr 1 min 58 sec) 
Heartbeat CPU 0 instructions: 60000007 cycles: 14423233 heartbeat IPC: 4.21559 cumulative IPC: 4.15996 (Simulation time: 0 hr 2 min 22 sec) 
Heartbeat CPU 0 instructions: 70000001 cycles: 16691096 heartbeat IPC: 4.40943 cumulative IPC: 4.19385 (Simulation time: 0 hr 2 min 45 sec) 
Heartbeat CPU 0 instructions: 80000001 cycles: 19212245 heartbeat IPC: 3.96645 cumulative IPC: 4.16401 (Simulation time: 0 hr 3 min 11 sec) 
Heartbeat CPU 0 instructions: 90000000 cycles: 21602310 heartbeat IPC: 4.18399 cumulative IPC: 4.16622 (Simulation time: 0 hr 3 min 38 sec) 
Heartbeat CPU 0 instructions: 100000001 cycles: 24184882 heartbeat IPC: 3.87211 cumulative IPC: 4.13481 (Simulation time: 0 hr 4 min 2 sec) 
Heartbeat CPU 0 instructions: 110000002 cycles: 26632559 heartbeat IPC: 4.08551 cumulative IPC: 4.13028 (Simulation time: 0 hr 4 min 27 sec) 
Heartbeat CPU 0 instructions: 120000001 cycles: 29170781 heartbeat IPC: 3.93977 cumulative IPC: 4.11371 (Simulation time: 0 hr 4 min 52 sec) 
Heartbeat CPU 0 instructions: 130000007 cycles: 31744813 heartbeat IPC: 3.88496 cumulative IPC: 4.09516 (Simulation time: 0 hr 5 min 18 sec) 
Heartbeat CPU 0 instructions: 140000003 cycles: 34269199 heartbeat IPC: 3.96136 cumulative IPC: 4.0853 (Simulation time: 0 hr 5 min 43 sec) 
Heartbeat CPU 0 instructions: 150000000 cycles: 36790842 heartbeat IPC: 3.96567 cumulative IPC: 4.0771 (Simulation time: 0 hr 6 min 9 sec) 
Heartbeat CPU 0 instructions: 160000004 cycles: 39376526 heartbeat IPC: 3.86745 cumulative IPC: 4.06333 (Simulation time: 0 hr 6 min 32 sec) 
Heartbeat CPU 0 instructions: 170000001 cycles: 41887634 heartbeat IPC: 3.9823 cumulative IPC: 4.05848 (Simulation time: 0 hr 7 min 1 sec) 
Heartbeat CPU 0 instructions: 180000000 cycles: 44375241 heartbeat IPC: 4.01993 cumulative IPC: 4.05632 (Simulation time: 0 hr 7 min 28 sec) 
Heartbeat CPU 0 instructions: 190000006 cycles: 46839268 heartbeat IPC: 4.0584 cumulative IPC: 4.05643 (Simulation time: 0 hr 7 min 54 sec) 
Heartbeat CPU 0 instructions: 200000000 cycles: 49324069 heartbeat IPC: 4.02446 cumulative IPC: 4.05482 (Simulation time: 0 hr 8 min 22 sec) 

Warmup complete CPU 0 instructions: 200000001 cycles: 49324070 (Simulation time: 0 hr 8 min 22 sec) 

Heartbeat CPU 0 instructions: 210000003 cycles: 84285301 heartbeat IPC: 0.286031 cumulative IPC: 0.286031 (Simulation time: 0 hr 8 min 56 sec) 
Heartbeat CPU 0 instructions: 220000003 cycles: 119697364 heartbeat IPC: 0.28239 cumulative IPC: 0.284199 (Simulation time: 0 hr 9 min 33 sec) 
Heartbeat CPU 0 instructions: 230000001 cycles: 141353043 heartbeat IPC: 0.461773 cumulative IPC: 0.325984 (Simulation time: 0 hr 10 min 20 sec) 
Heartbeat CPU 0 instructions: 240000002 cycles: 183031037 heartbeat IPC: 0.239935 cumulative IPC: 0.299162 (Simulation time: 0 hr 10 min 54 sec) 
Heartbeat CPU 0 instructions: 250000005 cycles: 212176554 heartbeat IPC: 0.343106 cumulative IPC: 0.307026 (Simulation time: 0 hr 11 min 27 sec) 
Heartbeat CPU 0 instructions: 260000000 cycles: 241933857 heartbeat IPC: 0.336052 cumulative IPC: 0.311511 (Simulation time: 0 hr 12 min 2 sec) 
Heartbeat CPU 0 instructions: 270000000 cycles: 266853229 heartbeat IPC: 0.401294 cumulative IPC: 0.321796 (Simulation time: 0 hr 12 min 34 sec) 
Heartbeat CPU 0 instructions: 280000000 cycles: 297832142 heartbeat IPC: 0.3228 cumulative IPC: 0.321921 (Simulation time: 0 hr 13 min 6 sec) 
Heartbeat CPU 0 instructions: 290000000 cycles: 332512736 heartbeat IPC: 0.288346 cumulative IPC: 0.317809 (Simulation time: 0 hr 13 min 42 sec) 
Heartbeat CPU 0 instructions: 300000002 cycles: 361727814 heartbeat IPC: 0.342289 cumulative IPC: 0.320099 (Simulation time: 0 hr 14 min 11 sec) 
Heartbeat CPU 0 instructions: 310000000 cycles: 396946443 heartbeat IPC: 0.283941 cumulative IPC: 0.316435 (Simulation time: 0 hr 14 min 43 sec) 
Heartbeat CPU 0 instructions: 320000000 cycles: 434360155 heartbeat IPC: 0.267282 cumulative IPC: 0.311659 (Simulation time: 0 hr 15 min 16 sec) 
Heartbeat CPU 0 instructions: 330000000 cycles: 454839966 heartbeat IPC: 0.488286 cumulative IPC: 0.320579 (Simulation time: 0 hr 15 min 42 sec) 
Heartbeat CPU 0 instructions: 340000004 cycles: 479829770 heartbeat IPC: 0.400163 cumulative IPC: 0.325199 (Simulation time: 0 hr 16 min 12 sec) 
Heartbeat CPU 0 instructions: 350000007 cycles: 513871202 heartbeat IPC: 0.29376 cumulative IPC: 0.322895 (Simulation time: 0 hr 16 min 43 sec) 
Heartbeat CPU 0 instructions: 360000000 cycles: 541669335 heartbeat IPC: 0.359736 cumulative IPC: 0.324975 (Simulation time: 0 hr 17 min 11 sec) 
Heartbeat CPU 0 instructions: 370000003 cycles: 568638485 heartbeat IPC: 0.370794 cumulative IPC: 0.327355 (Simulation time: 0 hr 17 min 41 sec) 
Heartbeat CPU 0 instructions: 380000003 cycles: 596763795 heartbeat IPC: 0.355552 cumulative IPC: 0.328803 (Simulation time: 0 hr 18 min 14 sec) 
Heartbeat CPU 0 instructions: 390000004 cycles: 629349491 heartbeat IPC: 0.306883 cumulative IPC: 0.327572 (Simulation time: 0 hr 18 min 44 sec) 
Heartbeat CPU 0 instructions: 400000004 cycles: 653605479 heartbeat IPC: 0.412269 cumulative IPC: 0.330972 (Simulation time: 0 hr 19 min 12 sec) 
Finished CPU 0 instructions: 200000003 cycles: 604281409 cumulative IPC: 0.330972 (Simulation time: 0 hr 19 min 12 sec) 

ChampSim completed all CPUs

Region of Interest Statistics

CPU 0 cumulative IPC: 0.330972 instructions: 200000003 cycles: 604281409
ITLB TOTAL     ACCESS:   21562600  HIT:   21106272  MISS:     456328  HIT %:    97.8837  MISS %:    2.11629   MPKI: 2.28164
ITLB LOAD TRANSLATION ACCESS:   21562600  HIT:   21106272  MISS:     456328  HIT %:    97.8837  MISS %:    2.11629   MPKI: 2.28164
ITLB PREFETCH  REQUESTED:          0  ISSUED:          0  USEFUL:          0  USELESS:          0
ITLB USEFUL LOAD PREFETCHES:          0 PREFETCH ISSUED TO LOWER LEVEL:          0  ACCURACY: -nan
ITLB TIMELY PREFETCHES:          0 LATE PREFETCHES: 0 DROPPED PREFETCHES: 0
ITLB PREFETCHES SAME FILL-ORIGIN LEVEL: 0 DIFFERENT FILL-ORIGIN LEVEL: 0
ITLB AVERAGE MISS LATENCY:    26.7108 cycles AVERAGE LOAD MISS LATENCY:       -nan cycles Load Miss          0
ITLB Average MSHR Occupancy:  0.0200999
ITLB RQ	ACCESS:   25563771	FORWARD:          0	MERGED:    3580018	TO_CACHE:   21983753

DTLB TOTAL     ACCESS:   42113752  HIT:   39775146  MISS:    2338606  HIT %:    94.4469  MISS %:    5.55307   MPKI: 11.693
DTLB LOAD TRANSLATION ACCESS:   42113752  HIT:   39775146  MISS:    2338606  HIT %:    94.4469  MISS %:    5.55307   MPKI: 11.693
DTLB PREFETCH  REQUESTED:          0  ISSUED:          0  USEFUL:          0  USELESS:          0
DTLB USEFUL LOAD PREFETCHES:          0 PREFETCH ISSUED TO LOWER LEVEL:          0  ACCURACY: -nan
DTLB TIMELY PREFETCHES:          0 LATE PREFETCHES: 0 DROPPED PREFETCHES: 0
DTLB PREFETCHES SAME FILL-ORIGIN LEVEL: 0 DIFFERENT FILL-ORIGIN LEVEL: 0
DTLB AVERAGE MISS LATENCY:     44.471 cycles AVERAGE LOAD MISS LATENCY:       -nan cycles Load Miss          0
DTLB Average MSHR Occupancy:   0.164693
DTLB RQ	ACCESS:   56023548	FORWARD:          0	MERGED:   13538416	TO_CACHE:   42485132

STLB TOTAL     ACCESS:    4403954  HIT:    3786169  MISS:     617785  HIT %:     85.972  MISS %:     14.028   MPKI: 3.08892
STLB LOAD TRANSLATION ACCESS:    2794934  HIT:    2177167  MISS:     617767  HIT %:    77.8969  MISS %:    22.1031   MPKI: 3.08883
STLB TRANSLATION FROM L1D PREFETCHER ACCESS:    1609020  HIT:    1609002  MISS:         18  HIT %:    99.9989  MISS %: 0.00111869   MPKI: 9e-05
STLB PREFETCH  REQUESTED:          0  ISSUED:          0  USEFUL:         16  USELESS:          2
STLB USEFUL LOAD PREFETCHES:         16 PREFETCH ISSUED TO LOWER LEVEL:          0  ACCURACY: inf
STLB TIMELY PREFETCHES:         16 LATE PREFETCHES: 0 DROPPED PREFETCHES: 0
STLB PREFETCHES SAME FILL-ORIGIN LEVEL: 0 DIFFERENT FILL-ORIGIN LEVEL: 0
STLB AVERAGE MISS LATENCY:    147.157 cycles AVERAGE LOAD MISS LATENCY:       -nan cycles Load Miss          0
STLB Average MSHR Occupancy:   0.145142
STLB RQ	ACCESS:    5821491	FORWARD:          0	MERGED:    1417537	TO_CACHE:    4403954

STLB Hit, L1D data hit: 0
STLB Hit, L2C data hit: 0
STLB Hit, LLC data hit: 0
STLB Hit, LLC data miss: 0
STLB STLB hints to L2: 0
L1D TOTAL     ACCESS:   55665912  HIT:   49561716  MISS:    6104196  HIT %:    89.0342  MISS %:    10.9658   MPKI: 30.521
L1D LOAD      ACCESS:   31746293  HIT:   29092355  MISS:    2653938  HIT %:    91.6402  MISS %:    8.35984   MPKI: 13.2697
L1D RFO       ACCESS:   21837785  HIT:   20219034  MISS:    1618751  HIT %:    92.5874  MISS %:    7.41262   MPKI: 8.09375
L1D PREFETCH  ACCESS:    2081834  HIT:     250327  MISS:    1831507  HIT %:    12.0243  MISS %:    87.9757   MPKI: 9.15753
AGUS PREFETCH L1 MISS: 0
L1D PREFETCH  REQUESTED:    6077085  ISSUED:    6077085  USEFUL:     670982  USELESS:    1160405
L1D USEFUL LOAD PREFETCHES:     670982 PREFETCH ISSUED TO LOWER LEVEL:    2674054  ACCURACY: 25.0923
L1D TIMELY PREFETCHES:     670982 LATE PREFETCHES: 62004 DROPPED PREFETCHES: 0
L1D PREFETCHES SAME FILL-ORIGIN LEVEL: 1900014 DIFFERENT FILL-ORIGIN LEVEL: 774040
L1D AVERAGE MISS LATENCY:    99.3508 cycles AVERAGE LOAD MISS LATENCY:    74.8431 cycles Load Miss    2653938
L1D Average MSHR Occupancy:    1.06165
L1D RQ	ACCESS:   47881299	FORWARD:          0	MERGED:   15294498	TO_CACHE:   31917942
L1D WQ	ACCESS:   24700653	FORWARD:     673272	MERGED:     595047	TO_CACHE:   24105606
L1D PQ	ACCESS:    3050528	FORWARD:          0	MERGED:      19558	TO_CACHE:    3026557

L1D UNIQUE REGIONS ACCESSED: 0
L1D REGIONS CONFLICTS: 0
L1D Cross Page Prefetch Requests: 0
L1D Same Page Prefetch Requests: 5476194
L1D ROI Sum of L1D PQ occupancy: 40561930
L1D PREFETCHES PUSHED FROM L2C: 0
L1I TOTAL     ACCESS:   24919949  HIT:    8965516  MISS:   15954433  HIT %:    35.9773  MISS %:    64.0227   MPKI: 79.7722
L1I LOAD      ACCESS:   24919949  HIT:    8965516  MISS:   15954433  HIT %:    35.9773  MISS %:    64.0227   MPKI: 79.7722
L1I PREFETCH  REQUESTED:          0  ISSUED:          0  USEFUL:          0  USELESS:          0
L1I USEFUL LOAD PREFETCHES:          0 PREFETCH ISSUED TO LOWER LEVEL:          0  ACCURACY: -nan
L1I TIMELY PREFETCHES:          0 LATE PREFETCHES: 0 DROPPED PREFETCHES: 0
L1I PREFETCHES SAME FILL-ORIGIN LEVEL: 0 DIFFERENT FILL-ORIGIN LEVEL: 0
L1I AVERAGE MISS LATENCY:    24.3217 cycles AVERAGE LOAD MISS LATENCY:    24.3217 cycles Load Miss   15954433
L1I Average MSHR Occupancy:   0.631119
L1I RQ	ACCESS:   45430064	FORWARD:          0	MERGED:   19866293	TO_CACHE:   25563771

BTB TOTAL     ACCESS:   15328826  HIT:   12458712  MISS:    2870114  HIT %:    81.2764  MISS %:    18.7236   MPKI: 14.3506
BTB BRANCH_DIRECT_JUMP	ACCESS:    3285230  HIT:    2645490  MISS:     639740
BTB BRANCH_INDIRECT	ACCESS:     159717  HIT:      89933  MISS:      69784
BTB BRANCH_CONDITIONAL	ACCESS:    9236452  HIT:    8651777  MISS:     584675
BTB BRANCH_DIRECT_CALL	ACCESS:    1155516  HIT:     680564  MISS:     474952
BTB BRANCH_INDIRECT_CALL	ACCESS:     163290  HIT:      71210  MISS:      92080
BTB BRANCH_RETURN	ACCESS:    1324009  HIT:     318342  MISS:    1005667
BTB BRANCH_OTHER ACCESS:       4612  HIT:       1396  MISS:       3216

L2C TOTAL     ACCESS:   26216841  HIT:   21937393  MISS:    4279448  HIT %:    83.6767  MISS %:    16.3233   MPKI: 21.3972
L2C LOAD      ACCESS:   18546180  HIT:   16675774  MISS:    1870406  HIT %:    89.9149  MISS %:    10.0851   MPKI: 9.35203
L2C DATA LOAD MPKI: 3.68713
L2C INSTRUCTION LOAD MPKI: 5.66489
L2C RFO       ACCESS:    1615234  HIT:     939643  MISS:     675591  HIT %:    58.1738  MISS %:    41.8262   MPKI: 3.37795
L2C PREFETCH  ACCESS:    2618253  HIT:    1197041  MISS:    1421212  HIT %:    45.7191  MISS %:    54.2809   MPKI: 7.10606
AGUS PREFETCH L1 MISS: 0
L2C DATA PREFETCH MPKI: 7.10606
L2C INSTRUCTION PREFETCH MPKI: 0
L2C WRITEBACK ACCESS:    2411513  HIT:    2407675  MISS:       3838  HIT %:    99.8408  MISS %:   0.159153   MPKI: 0.01919
L2C LOAD TRANSLATION ACCESS:    1025621  HIT:     717225  MISS:     308396  HIT %:    69.9308  MISS %:    30.0692   MPKI: 1.54198
L2C TRANSLATION FROM L1D PREFETCHER ACCESS:         40  HIT:         35  MISS:          5  HIT %:       87.5  MISS %:       12.5   MPKI: 2.5e-05
L2C PREFETCH  REQUESTED:          0  ISSUED:          0  USEFUL:     171964  USELESS:    1243161
L2C USEFUL LOAD PREFETCHES:     171964 PREFETCH ISSUED TO LOWER LEVEL:    1435009  ACCURACY: 11.9835
L2C TIMELY PREFETCHES:     171964 LATE PREFETCHES: 13797 DROPPED PREFETCHES: 0
L2C PREFETCHES SAME FILL-ORIGIN LEVEL: 529847 DIFFERENT FILL-ORIGIN LEVEL: 0
L2C AVERAGE MISS LATENCY:      200.1 cycles AVERAGE LOAD MISS LATENCY:    171.812 cycles Load Miss    1870406
L2C Average MSHR Occupancy:    1.40764
L2C RQ	ACCESS:   21187310	FORWARD:          0	MERGED:          0	TO_CACHE:   21187075
L2C WQ	ACCESS:    2411513	FORWARD:        307	MERGED:          0	TO_CACHE:    2411513
L2C PQ	ACCESS:    2662698	FORWARD:          0	MERGED:        145	TO_CACHE:    2662481

L2C Instructions Evicting Data 691592
L2C Translations Evicting Data 194726
L2C Data Evicting Data 1937249
L2C Instructions Evicting Instructions 351204
L2C Translations Evicting Instructions 88361
L2C Data Evicting Instructions 702503
L2C Instructions Evicting Translations 90183
L2C Translations Evicting Translations 25314
L2C Data Evicting Translations 194478
L2C Dense regions hint from L2: 0
PSCL5 TOTAL     ACCESS:     617785  HIT:     617785  MISS:          0  HIT %:        100  MISS %:          0   MPKI: 0
PSCL5 LOAD TRANSLATION ACCESS:     617767  HIT:     617767  MISS:          0  HIT %:        100  MISS %:          0   MPKI: 0
PSCL5 TRANSLATION FROM L1D PREFETCHER ACCESS:         18  HIT:         18  MISS:          0  HIT %:        100  MISS %:          0   MPKI: 0
PSCL5 PREFETCH  REQUESTED:          0  ISSUED:          0  USEFUL:          0  USELESS:          0
PSCL5 USEFUL LOAD PREFETCHES:          0 PREFETCH ISSUED TO LOWER LEVEL:          0  ACCURACY: -nan
PSCL5 TIMELY PREFETCHES:          0 LATE PREFETCHES: 0 DROPPED PREFETCHES: 0
PSCL5 PREFETCHES SAME FILL-ORIGIN LEVEL: 0 DIFFERENT FILL-ORIGIN LEVEL: 0

PSCL4 TOTAL     ACCESS:     489332  HIT:     485212  MISS:       4120  HIT %:     99.158  MISS %:   0.841964   MPKI: 0.0206
PSCL4 LOAD TRANSLATION ACCESS:     489317  HIT:     485197  MISS:       4120  HIT %:     99.158  MISS %:    0.84199   MPKI: 0.0206
PSCL4 TRANSLATION FROM L1D PREFETCHER ACCESS:         15  HIT:         15  MISS:          0  HIT %:        100  MISS %:          0   MPKI: 0
PSCL4 PREFETCH  REQUESTED:          0  ISSUED:          0  USEFUL:          0  USELESS:          0
PSCL4 USEFUL LOAD PREFETCHES:          0 PREFETCH ISSUED TO LOWER LEVEL:          0  ACCURACY: -nan
PSCL4 TIMELY PREFETCHES:          0 LATE PREFETCHES: 0 DROPPED PREFETCHES: 0
PSCL4 PREFETCHES SAME FILL-ORIGIN LEVEL: 0 DIFFERENT FILL-ORIGIN LEVEL: 0

PSCL3 TOTAL     ACCESS:     615199  HIT:     598854  MISS:      16345  HIT %:    97.3431  MISS %:    2.65686   MPKI: 0.081725
PSCL3 LOAD TRANSLATION ACCESS:     615187  HIT:     598842  MISS:      16345  HIT %:    97.3431  MISS %:    2.65692   MPKI: 0.081725
PSCL3 TRANSLATION FROM L1D PREFETCHER ACCESS:         12  HIT:         12  MISS:          0  HIT %:        100  MISS %:          0   MPKI: 0
PSCL3 PREFETCH  REQUESTED:          0  ISSUED:          0  USEFUL:          0  USELESS:          0
PSCL3 USEFUL LOAD PREFETCHES:          0 PREFETCH ISSUED TO LOWER LEVEL:          0  ACCURACY: -nan
PSCL3 TIMELY PREFETCHES:          0 LATE PREFETCHES: 0 DROPPED PREFETCHES: 0
PSCL3 PREFETCHES SAME FILL-ORIGIN LEVEL: 0 DIFFERENT FILL-ORIGIN LEVEL: 0

PSCL2 TOTAL     ACCESS:     617785  HIT:     229039  MISS:     388746  HIT %:    37.0742  MISS %:    62.9258   MPKI: 1.94373
PSCL2 LOAD TRANSLATION ACCESS:     617781  HIT:     229035  MISS:     388746  HIT %:    37.0738  MISS %:    62.9262   MPKI: 1.94373
PSCL2 TRANSLATION FROM L1D PREFETCHER ACCESS:          4  HIT:          4  MISS:          0  HIT %:        100  MISS %:          0   MPKI: 0
PSCL2 PREFETCH  REQUESTED:          0  ISSUED:          0  USEFUL:          0  USELESS:          0
PSCL2 USEFUL LOAD PREFETCHES:          0 PREFETCH ISSUED TO LOWER LEVEL:          0  ACCURACY: -nan
PSCL2 TIMELY PREFETCHES:          0 LATE PREFETCHES: 0 DROPPED PREFETCHES: 0
PSCL2 PREFETCHES SAME FILL-ORIGIN LEVEL: 0 DIFFERENT FILL-ORIGIN LEVEL: 0

LLC TOTAL     ACCESS:    5301734  HIT:    1002055  MISS:    4299679  HIT %:    18.9005  MISS %:    81.0995   MPKI: 21.4984
LLC LOAD      ACCESS:    1858284  HIT:     593458  MISS:    1264826  HIT %:    31.9358  MISS %:    68.0642   MPKI: 6.32413
LLC RFO       ACCESS:     673916  HIT:      33821  MISS:     640095  HIT %:    5.01858  MISS %:    94.9814   MPKI: 3.20047
LLC PREFETCH  ACCESS:    1435009  HIT:      48174  MISS:    1386835  HIT %:    3.35705  MISS %:    96.6429   MPKI: 6.93417
AGUS PREFETCH L1 MISS: 0
LLC WRITEBACK ACCESS:    1026124  HIT:     242576  MISS:     783548  HIT %:      23.64  MISS %:      76.36   MPKI: 3.91774
LLC LOAD TRANSLATION ACCESS:     308396  HIT:      84025  MISS:     224371  HIT %:    27.2458  MISS %:    72.7542   MPKI: 1.12185
LLC TRANSLATION FROM L1D PREFETCHER ACCESS:          5  HIT:          1  MISS:          4  HIT %:         20  MISS %:         80   MPKI: 2e-05
LLC PREFETCH  REQUESTED:          0  ISSUED:          0  USEFUL:       6897  USELESS:      46222
LLC USEFUL LOAD PREFETCHES:       6897 PREFETCH ISSUED TO LOWER LEVEL:    1386835  ACCURACY: 0.497319
LLC TIMELY PREFETCHES:       6897 LATE PREFETCHES: 0 DROPPED PREFETCHES: 0
LLC PREFETCHES SAME FILL-ORIGIN LEVEL: 0 DIFFERENT FILL-ORIGIN LEVEL: 0
LLC AVERAGE MISS LATENCY:    154.278 cycles AVERAGE LOAD MISS LATENCY:    186.441 cycles Load Miss    1264826
LLC Average MSHR Occupancy:    1.09192
LLC RQ	ACCESS:    2840601	FORWARD:          0	MERGED:          0	TO_CACHE:    2840601
LLC WQ	ACCESS:    1026124	FORWARD:          0	MERGED:          0	TO_CACHE:    1026124
LLC PQ	ACCESS:    1435009	FORWARD:          0	MERGED:          0	TO_CACHE:    1435009

LLC Dense regions hint to LLC: 0

RAW hits: 2511182
Loads Generated: 50392476
Loads sent to L1D: 47881299
Stores Generated: 24700655
Stores sent to L1D: 24700653
Major fault: 0 Minor fault: 137869
Allocated PAGES: 137869
=== CPU 0 L1D Prefetcher Statistics ===
[MLOP] History of tracked zone:
IIIIIIIIIIIIIIIIIIIIIIIIIIIIIIIIIIIIIIIIIIIIIIIIIIIIIIIIIIIIIIII
IIIIIIIIIIIIAIIIIIIIIIIIIIIIIIIIIIIIIIIIIIIIIIIIIIIIIIIIIIIIIIII
IIIIIIIIIIIIAIIIIAIIIIIIIIIIIIIIIIIIIIIIIIIIIIIIIIIIIIIIIIIIIIII
IIIIIIIIIIIIIIIIIIIIIIIIIIIIIIIIIIIIIIIIIIIIIIIA2IIIIIIIIIIIIIII
IIIIIIIIIIIIIIIIIA2IIIIIIIIIIIIIIIIIIIIIIIIIIIIA2IIIIIIIIIIIIIII
IIIIIIIIIA1IIIIIIIIIIIIIIIIIIIIIIIIIIIIIIIIIIIIIIIIIIIIIIIIIIIII
IIIIA1IIIA1IIIIIIIIIIIIIIIIIIIIIIIIIIIIIIIIIIIIIIIIIIIIIIIIIIIII
IIIAA1IIIA1IIIIIIIIIIIIIIIIIIIIIIIIIIIIIIIIIIIIIIIIIIIIIIIIIIIII
IIIIIIIIIIIIAIIIIIIIIIIIIIIIIIIIIIIIIIIIIIIIIIIIIIIIIIIIIIIIIIII
IIIIIIIIIA2IAIIIIIIIIIIIIIIIIIIIIIIIIIIIIIIIIIIIIIIIIIIIIIIIIIII
IIIIA2IIIA2IAIIIIIIIIIIIIIIIIIIIIIIIIIIIIIIIIIIIIIIIIIIIIIIIIIII
IIIAA2IIIA2IAIIIIIIIIIIIIIIIIIIIIIIIIIIIIIIIIIIIIIIIIIIIIIIIIIII
IIIIIIIIIIIIA2IIIIIIIIIIIIIIIIIIIIIIIIIIIIIIIIIIIIIIIIIIIIIIIIII
IIIIIIIIIIIIAA2IIIIIIIIIIIIIIIIIIIIIIIIIIIIIIIIIIIIIIIIIIIIIIIII
IIIIIIIIIIIIAA2IIIIIIIIIIIIIIIIIIIIIIIIIIIIIIIIA2IIIIIIIIIIIIIII
IIIIIIIIIIIIAA2IIA2IIIIIIIIIIIIIIIIIIIIIIIIIIIIA2IIIIIIIIIIIIIII
IIIIIIIIA2IIAA2IIA2IIIIIIIIIIIIIIIIIIIIIIIIIIIIA2IIIIIIIIIIIIIII
IIIIA2IIA2IIAA2IIA2IIIIIIIIIIIIIIIIIIIIIIIIIIIIA2IIIIIIIIIIIIIII
IIIIA2IIAA2IAA2IIA2IIIIIIIIIIIIIIIIIIIIIIIIIIIIA2IIIIIIIIIIIIIII
IIIIA2IIAAA2AA2IIA2IIIIIIIIIIIIIIIIIIIIIIIIIIIIA2IIIIIIIIIIIIIII
IIIIA2IIAAAAAA2IIA2IIIIIIIIIIIIIIIIIIIIIIIIIIIIA2IIIIIIIIIIIIIII
IIIAA2IIAAAAAA2IIA2IIIIIIIIIIIIIIIIIIIIIIIIIIIIA2IIIIIIIIIIIIIII
IIIAA2IIAAAAAA2IIA2IIIIIIIIIIIIIIIIIIIIIIIIIIIIA1IIIIIIIIIIIIIII
IIIAA2IIAAAAAA2IIA1IIIIIIIIIIIIIIIIIIIIIIIIIIIIA1IIIIIIIIIIIIIII
IIIAA1IIAAAAAA2IIA1IIIIIIIIIIIIIIIIIIIIIIIIIIIIA1IIIIIIIIIIIIIII
IIIIIIIIIIIIA1IIIIIIIIIIIIIIIIIIIIIIIIIIIIIIIIIIIIIIIIIIIIIIIIII
IIIIIIIIIIIIAAIIIIIIIIIIIIIIIIIIIIIIIIIIIIIIIIIIIIIIIIIIIIIIIIII
IIIIIIIIIIIIAAIIIIIIIIIIIIIIIIIIIIIIIIIIIIIIIIIAIIIIIIIIIIIIIIII
IIIIIIIIIIIIAAIIIAIIIIIIIIIIIIIIIIIIIIIIIIIIIIIAIIIIIIIIIIIIIIII
IIIIIIIIAIIIAAIIIAIIIIIIIIIIIIIIIIIIIIIIIIIIIIIAIIIIIIIIIIIIIIII
IIIIAIIIAIIIAAIIIAIIIIIIIIIIIIIIIIIIIIIIIIIIIIIAIIIIIIIIIIIIIIII
IIIIAIIIAAIIAAIIIAIIIIIIIIIIIIIIIIIIIIIIIIIIIIIAIIIIIIIIIIIIIIII
IIIIAIIIAAAIAAIIIAIIIIIIIIIIIIIIIIIIIIIIIIIIIIIAIIIIIIIIIIIIIIII
IIIIAIIIAAAAAAIIIAIIIIIIIIIIIIIIIIIIIIIIIIIIIIIAIIIIIIIIIIIIIIII
IIIAAIIIAAAAAAIIIAIIIIIIIIIIIIIIIIIIIIIIIIIIIIIAIIIIIIIIIIIIIIII
IIIAA1IIAAAAAAIIIAIIIIIIIIIIIIIIIIIIIIIIIIIIIIIAIIIIIIIIIIIIIIII
IIIAA1IIAAAAAAIIIAIIIIIIIIIIIIIIIIIIIIIIIIIIIIIA1IIIIIIIIIIIIIII
IIIAA1IIAAAAAAIIIA1IIIIIIIIIIIIIIIIIIIIIIIIIIIIA1IIIIIIIIIIIIIII
IIIIIIIIIIIIA111IIIIIIIIIIIIIIIIIIIIIIIIIIIIIIIIIIIIIIIIIIIIIIII
IIIIIIIIIAIIIIIIIIIIIIIIIIIIIIIIIIIIIIIIIIIIIIIIIIIIIIIIIIIIIIII
IIIIAIIIIAIIIIIIIIIIIIIIIIIIIIIIIIIIIIIIIIIIIIIIIIIIIIIIIIIIIIII
IIIAAIIIIAIIIIIIIIIIIIIIIIIIIIIIIIIIIIIIIIIIIIIIIIIIIIIIIIIIIIII
IIIIIIIIIIIIIA12IIIIIIIIIIIIIIIIIIIIIIIIIIIIIIIIIIIIIIIIIIIIIIII
IIIIIIIIIIIIIA12IIIIIIIIIIIIIIIIIIIIIIIIIIIIIIIA12IIIIIIIIIIIIII
IIIIIIIIIIIIIA12IA12IIIIIIIIIIIIIIIIIIIIIIIIIIIA12IIIIIIIIIIIIII
IIIIIIIIA12IIA12IA12IIIIIIIIIIIIIIIIIIIIIIIIIIIA12IIIIIIIIIIIIII
IIIIA12IA12IIA12IA12IIIIIIIIIIIIIIIIIIIIIIIIIIIA12IIIIIIIIIIIIII
IIIIA12IAA12IA12IA12IIIIIIIIIIIIIIIIIIIIIIIIIIIA12IIIIIIIIIIIIII
IIIIA12IAAA12A12IA12IIIIIIIIIIIIIIIIIIIIIIIIIIIA12IIIIIIIIIIIIII
IIIIA12IAAAA1A12IA12IIIIIIIIIIIIIIIIIIIIIIIIIIIA12IIIIIIIIIIIIII
IIIAA12IAAAA1A12IA12IIIIIIIIIIIIIIIIIIIIIIIIIIIA12IIIIIIIIIIIIII
IIIIIIIIIIIIA2IIIIIIIIIIIIIIIIIIIIIIIIIIIIIIIIIIIIIIIIIIIIIIIIII
IIIIIIIIA2IIIIIIIIIIIIIIIIIIIIIIIIIIIIIIIIIIIIIIIIIIIIIIIIIIIIII
IIIIA2IIA2IIIIIIIIIIIIIIIIIIIIIIIIIIIIIIIIIIIIIIIIIIIIIIIIIIIIII
IIIIA2IIAA2IIIIIIIIIIIIIIIIIIIIIIIIIIIIIIIIIIIIIIIIIIIIIIIIIIIII
IIIIA2IIAAA2IIIIIIIIIIIIIIIIIIIIIIIIIIIIIIIIIIIIIIIIIIIIIIIIIIII
IIIIA2IIAAAA2IIIIIIIIIIIIIIIIIIIIIIIIIIIIIIIIIIIIIIIIIIIIIIIIIII
IIIIIIIIIAIIIIIIIIIIIIIIIIIIIIIIIIIIIIIIIIIIIIIIIIIIIIIIIIIIIIII
IIIIAIIIIAIIIIIIIIIIIIIIIIIIIIIIIIIIIIIIIIIIIIIIIIIIIIIIIIIIIIII
IIIAAIIIIAIIIIIIIIIIIIIIIIIIIIIIIIIIIIIIIIIIIIIIIIIIIIIIIIIIIIII
IIIIIIIIIIIIA2IIIIIIIIIIIIIIIIIIIIIIIIIIIIIIIIIIIIIIIIIIIIIIIIII
IIIIIIIIIIIIAA2IIIIIIIIIIIIIIIIIIIIIIIIIIIIIIIIIIIIIIIIIIIIIIIII
IIIIIIIIIIIIAA2IIIIIIIIIIIIIIIIIIIIIIIIIIIIIIIIA2IIIIIIIIIIIIIII
IIIIIIIIIIIIAA2IIA2IIIIIIIIIIIIIIIIIIIIIIIIIIIIA2IIIIIIIIIIIIIII
IIIIIIIIA2IIAA2IIA2IIIIIIIIIIIIIIIIIIIIIIIIIIIIA2IIIIIIIIIIIIIII
IIIIA2IIA2IIAA2IIA2IIIIIIIIIIIIIIIIIIIIIIIIIIIIA2IIIIIIIIIIIIIII
IIIIA2IIAA2IAA2IIA2IIIIIIIIIIIIIIIIIIIIIIIIIIIIA2IIIIIIIIIIIIIII
IIIIA2IIAAA2AA2IIA2IIIIIIIIIIIIIIIIIIIIIIIIIIIIA2IIIIIIIIIIIIIII
IIIIA2IIAAAAAA2IIA2IIIIIIIIIIIIIIIIIIIIIIIIIIIIA2IIIIIIIIIIIIIII
IIIAA2IIAAAAAA2IIA2IIIIIIIIIIIIIIIIIIIIIIIIIIIIA2IIIIIIIIIIIIIII
IIIIIIIIIIIIA2IIIIIIIIIIIIIIIIIIIIIIIIIIIIIIIIIIIIIIIIIIIIIIIIII
IIIIIIIIIIIIAA2IIIIIIIIIIIIIIIIIIIIIIIIIIIIIIIIIIIIIIIIIIIIIIIII
IIIIIIIIIIIIAA2IIIIIIIIIIIIIIIIIIIIIIIIIIIIIIIIA2IIIIIIIIIIIIIII
IIIIIIIIIIIIAA2IIA2IIIIIIIIIIIIIIIIIIIIIIIIIIIIA2IIIIIIIIIIIIIII
IIIIIIIIA2IIAA2IIA2IIIIIIIIIIIIIIIIIIIIIIIIIIIIA2IIIIIIIIIIIIIII
IIIIA2IIA2IIAA2IIA2IIIIIIIIIIIIIIIIIIIIIIIIIIIIA2IIIIIIIIIIIIIII
IIIIA2IIAA2IAA2IIA2IIIIIIIIIIIIIIIIIIIIIIIIIIIIA2IIIIIIIIIIIIIII
IIIIA2IIAAA2AA2IIA2IIIIIIIIIIIIIIIIIIIIIIIIIIIIA2IIIIIIIIIIIIIII
IIIIA2IIAAAAAA2IIA2IIIIIIIIIIIIIIIIIIIIIIIIIIIIA2IIIIIIIIIIIIIII
IIIIIIIIIIIIA2IIIIIIIIIIIIIIIIIIIIIIIIIIIIIIIIIIIIIIIIIIIIIIIIII
IIIIIIIIIIIIAI2IIIIIIIIIIIIIIIIIIIIIIIIIIIIIIIIIIIIIIIIIIIIIIIII
IIIIIIIIIIIIA2IIIIIIIIIIIIIIIIIIIIIIIIIIIIIIIIIIIIIIIIIIIIIIIIII
IIIIIIIIIA2IA2IIIIIIIIIIIIIIIIIIIIIIIIIIIIIIIIIIIIIIIIIIIIIIIIII
IIIIA2IIIA2IA2IIIIIIIIIIIIIIIIIIIIIIIIIIIIIIIIIIIIIIIIIIIIIIIIII
IIIAA2IIIA2IA2IIIIIIIIIIIIIIIIIIIIIIIIIIIIIIIIIIIIIIIIIIIIIIIIII
IIIIIIIIIIIIA2IIIIIIIIIIIIIIIIIIIIIIIIIIIIIIIIIIIIIIIIIIIIIIIIII
IIIIIIIIIIIIAA2IIIIIIIIIIIIIIIIIIIIIIIIIIIIIIIIIIIIIIIIIIIIIIIII
IIIIIIIIIIIIAA2IIIIIIIIIIIIIIIIIIIIIIIIIIIIIIIIA2IIIIIIIIIIIIIII
IIIIIIIIIIIIAA2IIA2IIIIIIIIIIIIIIIIIIIIIIIIIIIIA2IIIIIIIIIIIIIII
IIIIIIIIA2IIAA2IIA2IIIIIIIIIIIIIIIIIIIIIIIIIIIIA2IIIIIIIIIIIIIII
IIIIA2IIA2IIAA2IIA2IIIIIIIIIIIIIIIIIIIIIIIIIIIIA2IIIIIIIIIIIIIII
IIIIA2IIAA2IAA2IIA2IIIIIIIIIIIIIIIIIIIIIIIIIIIIA2IIIIIIIIIIIIIII
IIIIA2IIAAA2AA2IIA2IIIIIIIIIIIIIIIIIIIIIIIIIIIIA2IIIIIIIIIIIIIII
IIIIA2IIAAAAAA2IIA2IIIIIIIIIIIIIIIIIIIIIIIIIIIIA2IIIIIIIIIIIIIII
IIIAA2IIAAAAAA2IIA2IIIIIIIIIIIIIIIIIIIIIIIIIIIIA2IIIIIIIIIIIIIII
IIIIIIIIIIIIA122IIIIIIIIIIIIIIIIIIIIIIIIIIIIIIIIIIIIIIIIIIIIIIII
IIIIIIIIIIA1IIIIIIIIIIIIIIIIIIIIIIIIIIIIIIIIIIIIIIIIIIIIIIIIIIII
IIIIIIIIIIAAIIIIIIIIIIIIIIIIIIIIIIIIIIIIIIIIIIIIIIIIIIIIIIIIIIII
IIIIIIIIIIIIAIIIIIIIIIIIIIIIIIIIIIIIIIIIIIIIIIIIIIIIIIIIIIIIIIII
IIIIIIIIIIIAA1111IIIIIIIIIIIIIIIIIIIIIIIIIIIIIIIIIIIIIIIIIIIIIII
IIIIIIIIIIAAA1111IIIIIIIIIIIIIIIIIIIIIIIIIIIIIIIIIIIIIIIIIIIIIII
IIIIIIIIIIIIA1I22I2IIIIIIIIIIIIIIIIIIIIIIIIIIIIIIIIIIIIIIIIIIIII
IIIIIIIIIIIIAI1II1IIIIIIIIIIIIIIIIIIIIIIIIIIIIIIIIIIIIIIIIIIIIII
IIIIIIIIIIIIA12I2I2IIIIIIIIIIIIIIIIIIIIIIIIIIIIIIIIIIIIIIIIIIIII
IIIIIIIIA122A12I2I2IIIIIIIIIIIIIIIIIIIIIIIIIIIIIIIIIIIIIIIIIIIII
IIIIAIIIA122A12I2I2IIIIIIIIIIIIIIIIIIIIIIIIIIIIIIIIIIIIIIIIIIIII
IIIIAIIIAA12A1222I2IIIIIIIIIIIIIIIIIIIIIIIIIIIIIIIIIIIIIIIIIIIII
IIIIAIIIAAA1A1222I2IIIIIIIIIIIIIIIIIIIIIIIIIIIIIIIIIIIIIIIIIIIII
IIIIAIIIAAAAA122222IIIIIIIIIIIIIIIIIIIIIIIIIIIIIIIIIIIIIIIIIIIII
IIIIA122AAAAA122222IIIIIIIIIIIIIIIIIIIIIIIIIIIIIIIIIIIIIIIIIIIII
IIIAA122AAAAA122222IIIIIIIIIIIIIIIIIIIIIIIIIIIIIIIIIIIIIIIIIIIII
IIIIIIIIIIIIA122I22IIIIIIIIIIIIIIIIIIIIIIIIIIIIIIIIIIIIIIIIIIIII
IIIIIIIIIIIIIAIIIIIIIIIIIIIIIIIIIIIIIIIIIIIIIIIIIIIIIIIIIIIIIIII
IIIIIIIIIIIIIAIIIIIIIIIIIIIIIIIIIIIIIIIIIIIIIIIAIIIIIIIIIIIIIIII
IIIIIIIIIIIIIAIIIAIIIIIIIIIIIIIIIIIIIIIIIIIIIIIAIIIIIIIIIIIIIIII
IIIIIIIIAIIIIAIIIAIIIIIIIIIIIIIIIIIIIIIIIIIIIIIAIIIIIIIIIIIIIIII
IIIIAIIIAIIIIAIIIAIIIIIIIIIIIIIIIIIIIIIIIIIIIIIAIIIIIIIIIIIIIIII
IIIIAIIIAAIIIAIIIAIIIIIIIIIIIIIIIIIIIIIIIIIIIIIAIIIIIIIIIIIIIIII
IIIIAIIIAAAIIAIIIAIIIIIIIIIIIIIIIIIIIIIIIIIIIIIAIIIIIIIIIIIIIIII
IIIIAIIIAAAAIAIIIAIIIIIIIIIIIIIIIIIIIIIIIIIIIIIAIIIIIIIIIIIIIIII
IIIAAIIIAAAAIAIIIAIIIIIIIIIIIIIIIIIIIIIIIIIIIIIAIIIIIIIIIIIIIIII
IIIAAIIIAAAAAAIIIAIIIIIIIIIIIIIIIIIIIIIIIIIIIIIAIIIIIIIIIIIIIIII
IIIIIIIIIIIIIIIIIIIIIIIIIIIIIIIIIIIIIIIIIIIIIIIA2IIIIIIIIIIIIIII
IIIIIIIIIIIIIIIIIA2IIIIIIIIIIIIIIIIIIIIIIIIIIIIA2IIIIIIIIIIIIIII
IIIIIIIIA2IIIIIIIA2IIIIIIIIIIIIIIIIIIIIIIIIIIIIA2IIIIIIIIIIIIIII
IIIIA2IIA2IIIIIIIA2IIIIIIIIIIIIIIIIIIIIIIIIIIIIA2IIIIIIIIIIIIIII
IIIIA2IIAA2IIIIIIA2IIIIIIIIIIIIIIIIIIIIIIIIIIIIA2IIIIIIIIIIIIIII
IIIIA2IIAAA2IIIIIA2IIIIIIIIIIIIIIIIIIIIIIIIIIIIA2IIIIIIIIIIIIIII
IIIIA2IIAAAA2IIIIA2IIIIIIIIIIIIIIIIIIIIIIIIIIIIA2IIIIIIIIIIIIIII
IIIIIIIIIIIIAIIIIIIIIIIIIIIIIIIIIIIIIIIIIIIIIIIIIIIIIIIIIIIIIIII
IIIIIIIIA2IIIIIIIIIIIIIIIIIIIIIIIIIIIIIIIIIIIIIIIIIIIIIIIIIIIIII
IIIIA2IIA2IIIIIIIIIIIIIIIIIIIIIIIIIIIIIIIIIIIIIIIIIIIIIIIIIIIIII
IIIIA2IIAA2IIIIIIIIIIIIIIIIIIIIIIIIIIIIIIIIIIIIIIIIIIIIIIIIIIIII
IIIIA2IIAAA2IIIIIIIIIIIIIIIIIIIIIIIIIIIIIIIIIIIIIIIIIIIIIIIIIIII
IIIIA2IIAAAA2IIIIIIIIIIIIIIIIIIIIIIIIIIIIIIIIIIIIIIIIIIIIIIIIIII
IIIAA2IIAAAA2IIIIIIIIIIIIIIIIIIIIIIIIIIIIIIIIIIIIIIIIIIIIIIIIIII
IIIAA2IIAAAAA2IIIIIIIIIIIIIIIIIIIIIIIIIIIIIIIIIIIIIIIIIIIIIIIIII
IIIIIIIIIIIIIA2IIIIIIIIIIIIIIIIIIIIIIIIIIIIIIIIIIIIIIIIIIIIIIIII
IIIIIIIIIIIIIA2IIIIIIIIIIIIIIIIIIIIIIIIIIIIIIIIA2IIIIIIIIIIIIIII
IIIIIIIIIIIIIA2IIA2IIIIIIIIIIIIIIIIIIIIIIIIIIIIA2IIIIIIIIIIIIIII
IIIIIIIIA2IIIA2IIA2IIIIIIIIIIIIIIIIIIIIIIIIIIIIA2IIIIIIIIIIIIIII
IIIIA2IIA2IIIA2IIA2IIIIIIIIIIIIIIIIIIIIIIIIIIIIA2IIIIIIIIIIIIIII
IIIIA2IIAA2IIA2IIA2IIIIIIIIIIIIIIIIIIIIIIIIIIIIA2IIIIIIIIIIIIIII
IIIIA2IIAAA2IA2IIA2IIIIIIIIIIIIIIIIIIIIIIIIIIIIA2IIIIIIIIIIIIIII
IIIIA2IIAAAA2A2IIA2IIIIIIIIIIIIIIIIIIIIIIIIIIIIA2IIIIIIIIIIIIIII
IIIAA2IIAAAA2A2IIA2IIIIIIIIIIIIIIIIIIIIIIIIIIIIA2IIIIIIIIIIIIIII
IIIIIIIIIIIIA1IIIIIIIIIIIIIIIIIIIIIIIIIIIIIIIIIIIIIIIIIIIIIIIIII
IIIIIIIIAIIIIIIIIIIIIIIIIIIIIIIIIIIIIIIIIIIIIIIIIIIIIIIIIIIIIIII
IIIIAIIIAIIIIIIIIIIIIIIIIIIIIIIIIIIIIIIIIIIIIIIIIIIIIIIIIIIIIIII
IIIIIIIIA1IIIIIIIIIIIIIIIIIIIIIIIIIIIIIIIIIIIIIIIIIIIIIIIIIIIIII
IIIIA1IIA1IIIIIIIIIIIIIIIIIIIIIIIIIIIIIIIIIIIIIIIIIIIIIIIIIIIIII
IIIIA1IIAA1IIIIIIIIIIIIIIIIIIIIIIIIIIIIIIIIIIIIIIIIIIIIIIIIIIIII
IIIIA1IIAAA1IIIIIIIIIIIIIIIIIIIIIIIIIIIIIIIIIIIIIIIIIIIIIIIIIIII
IIIIA1IIAAAA1IIIIIIIIIIIIIIIIIIIIIIIIIIIIIIIIIIIIIIIIIIIIIIIIIII
IIIIA1IIAAAA1IIIIIIIIIIIIIIIIIIIIIIIIIIIIIIIIIIA1IIIIIIIIIIIIIII
IIIIA1IIAAAAA1IIIIIIIIIIIIIIIIIIIIIIIIIIIIIIIIIA1IIIIIIIIIIIIIII
IIIIA1IIAAAAA1IIIA1IIIIIIIIIIIIIIIIIIIIIIIIIIIIA1IIIIIIIIIIIIIII
IIIIIIIIIIIIAIIIIIIIIIIIIIIIIIIIIIIIIIIIIIIIIIIIIIIIIIIIIIIIIIII
IIIIIIIIIAIIIIIIIIIIIIIIIIIIIIIIIIIIIIIIIIIIIIIIIIIIIIIIIIIIIIII
IIIIAIIIIAIIIIIIIIIIIIIIIIIIIIIIIIIIIIIIIIIIIIIIIIIIIIIIIIIIIIII
IIIAAIIIIAIIIIIIIIIIIIIIIIIIIIIIIIIIIIIIIIIIIIIIIIIIIIIIIIIIIIII
IIIAAIIIIAIIAIIIIIIIIIIIIIIIIIIIIIIIIIIIIIIIIIIIIIIIIIIIIIIIIIII
IIIIIIIIIIIIA2IIIIIIIIIIIIIIIIIIIIIIIIIIIIIIIIIIIIIIIIIIIIIIIIII
IIIIIIIIIIIIAA2IIIIIIIIIIIIIIIIIIIIIIIIIIIIIIIIIIIIIIIIIIIIIIIII
IIIIIIIIIIIIAA2IIIIIIIIIIIIIIIIIIIIIIIIIIIIIIIIA2IIIIIIIIIIIIIII
IIIIIIIIIIIIAA2IIA2IIIIIIIIIIIIIIIIIIIIIIIIIIIIA2IIIIIIIIIIIIIII
IIIIIIIIA2IIAA2IIA2IIIIIIIIIIIIIIIIIIIIIIIIIIIIA2IIIIIIIIIIIIIII
IIIIA2IIA2IIAA2IIA2IIIIIIIIIIIIIIIIIIIIIIIIIIIIA2IIIIIIIIIIIIIII
IIIIA2IIAA2IAA2IIA2IIIIIIIIIIIIIIIIIIIIIIIIIIIIA2IIIIIIIIIIIIIII
IIIIA2IIAAA2AA2IIA2IIIIIIIIIIIIIIIIIIIIIIIIIIIIA2IIIIIIIIIIIIIII
IIIIA2IIAAAAAA2IIA2IIIIIIIIIIIIIIIIIIIIIIIIIIIIA2IIIIIIIIIIIIIII
IIIIIIIIIAI2IIIIIIIIIIIIIIIIIIIIIIIIIIIIIIIIIIIIIIIIIIIIIIIIIIII
IIIIAI2IIAI2IIIIIIIIIIIIIIIIIIIIIIIIIIIIIIIIIIIIIIIIIIIIIIIIIIII
IIIAAI2IIAI2IIIIIIIIIIIIIIIIIIIIIIIIIIIIIIIIIIIIIIIIIIIIIIIIIIII
IIIAAI2IAAI2IIIIIIIIIIIIIIIIIIIIIIIIIIIIIIIIIIIIIIIIIIIIIIIIIIII
IIIAAI2IAAA2IIIIIIIIIIIIIIIIIIIIIIIIIIIIIIIIIIIIIIIIIIIIIIIIIIII
IIIAAI2IAAAAIIIIIIIIIIIIIIIIIIIIIIIIIIIIIIIIIIIIIIIIIIIIIIIIIIII
IIIAAI2IAAAAAIIIIIIIIIIIIIIIIIIIIIIIIIIIIIIIIIIIIIIIIIIIIIIIIIII
IIIIIIIIIIIIIA1IIIIIIIIIIIIIIIIIIIIIIIIIIIIIIIIIIIIIIIIIIIIIIIII
IIIIIIIIIIIIIA1IIIIIIIIIIIIIIIIIIIIIIIIIIIIIIIIA1IIIIIIIIIIIIIII
IIIIIIIIIIIIIA1IIA1IIIIIIIIIIIIIIIIIIIIIIIIIIIIA1IIIIIIIIIIIIIII
IIIIIIIIA1IIIA1IIA1IIIIIIIIIIIIIIIIIIIIIIIIIIIIA1IIIIIIIIIIIIIII
IIIIA1IIA1IIIA1IIA1IIIIIIIIIIIIIIIIIIIIIIIIIIIIA1IIIIIIIIIIIIIII
IIIIA1IIAA1IIA1IIA1IIIIIIIIIIIIIIIIIIIIIIIIIIIIA1IIIIIIIIIIIIIII
IIIIA1IIAAA1IA1IIA1IIIIIIIIIIIIIIIIIIIIIIIIIIIIA1IIIIIIIIIIIIIII
IIIIA1IIAAAA1A1IIA1IIIIIIIIIIIIIIIIIIIIIIIIIIIIA1IIIIIIIIIIIIIII
IIIAA1IIAAAA1A1IIA1IIIIIIIIIIIIIIIIIIIIIIIIIIIIA1IIIIIIIIIIIIIII
IIIAA1IIAAAAAA1IIA1IIIIIIIIIIIIIIIIIIIIIIIIIIIIA1IIIIIIIIIIIIIII
IIIIIIIIIIIIIAIIIIIIIIIIIIIIIIIIIIIIIIIIIIIIIIIIIIIIIIIIIIIIIIII
IIIIIIIIIIIIIAIIIIIIIIIIIIIIIIIIIIIIIIIIIIIIIIIAIIIIIIIIIIIIIIII
IIIIIIIIIIIIIAIIIAIIIIIIIIIIIIIIIIIIIIIIIIIIIIIAIIIIIIIIIIIIIIII
IIIIIIIIAIIIIAIIIAIIIIIIIIIIIIIIIIIIIIIIIIIIIIIAIIIIIIIIIIIIIIII
IIIIAIIIAIIIIAIIIAIIIIIIIIIIIIIIIIIIIIIIIIIIIIIAIIIIIIIIIIIIIIII
IIIIAIIIAAIIIAIIIAIIIIIIIIIIIIIIIIIIIIIIIIIIIIIAIIIIIIIIIIIIIIII
IIIIAIIIAAAIIAIIIAIIIIIIIIIIIIIIIIIIIIIIIIIIIIIAIIIIIIIIIIIIIIII
IIIIAIIIAAAAIAIIIAIIIIIIIIIIIIIIIIIIIIIIIIIIIIIAIIIIIIIIIIIIIIII
IIIAAIIIAAAAIAIIIAIIIIIIIIIIIIIIIIIIIIIIIIIIIIIAIIIIIIIIIIIIIIII
IIIIIIIIIIIIA2IIIIIIIIIIIIIIIIIIIIIIIIIIIIIIIIIIIIIIIIIIIIIIIIII
IIIIIIIIIIIIIA2IIIIIIIIIIIIIIIIIIIIIIIIIIIIIIIIIIIIIIIIIIIIIIIII
IIIIIIIIIIIIIA2IIIIIIIIIIIIIIIIIIIIIIIIIIIIIIIIA2IIIIIIIIIIIIIII
IIIIIIIIIIIIIA2IIA2IIIIIIIIIIIIIIIIIIIIIIIIIIIIA2IIIIIIIIIIIIIII
IIIIIIIIA2IIIA2IIA2IIIIIIIIIIIIIIIIIIIIIIIIIIIIA2IIIIIIIIIIIIIII
IIIIA2IIA2IIIA2IIA2IIIIIIIIIIIIIIIIIIIIIIIIIIIIA2IIIIIIIIIIIIIII
IIIIA2IIAA2IIA2IIA2IIIIIIIIIIIIIIIIIIIIIIIIIIIIA2IIIIIIIIIIIIIII
IIIIA2IIAAA2IA2IIA2IIIIIIIIIIIIIIIIIIIIIIIIIIIIA2IIIIIIIIIIIIIII
IIIIA2IIAAAA2A2IIA2IIIIIIIIIIIIIIIIIIIIIIIIIIIIA2IIIIIIIIIIIIIII
IIIAA2IIAAAA2A2IIA2IIIIIIIIIIIIIIIIIIIIIIIIIIIIA2IIIIIIIIIIIIIII
IIIIIIIIIIIIA2IIIIIIIIIIIIIIIIIIIIIIIIIIIIIIIIIIIIIIIIIIIIIIIIII
IIIIIIIIIIIIIA2IIIIIIIIIIIIIIIIIIIIIIIIIIIIIIIIIIIIIIIIIIIIIIIII
IIIIIIIIIIIIIA2IIIIIIIIIIIIIIIIIIIIIIIIIIIIIIIIA2IIIIIIIIIIIIIII
IIIIIIIIIIIIIA2IIA2IIIIIIIIIIIIIIIIIIIIIIIIIIIIA2IIIIIIIIIIIIIII
IIIIIIIIA2IIIA2IIA2IIIIIIIIIIIIIIIIIIIIIIIIIIIIA2IIIIIIIIIIIIIII
IIIIA2IIA2IIIA2IIA2IIIIIIIIIIIIIIIIIIIIIIIIIIIIA2IIIIIIIIIIIIIII
IIIIA2IIAA2IIA2IIA2IIIIIIIIIIIIIIIIIIIIIIIIIIIIA2IIIIIIIIIIIIIII
IIIIA2IIAAA2IA2IIA2IIIIIIIIIIIIIIIIIIIIIIIIIIIIA2IIIIIIIIIIIIIII
IIIIA2IIAAAA2A2IIA2IIIIIIIIIIIIIIIIIIIIIIIIIIIIA2IIIIIIIIIIIIIII
IIIAA2IIAAAA2A2IIA2IIIIIIIIIIIIIIIIIIIIIIIIIIIIA2IIIIIIIIIIIIIII
IIIIIIIIIIIIA1IIIIIIIIIIIIIIIIIIIIIIIIIIIIIIIIIIIIIIIIIIIIIIIIII
IIIIIIIIIIIIAA1IIIIIIIIIIIIIIIIIIIIIIIIIIIIIIIIIIIIIIIIIIIIIIIII
IIIIIIIIIIIIAA1IIIIIIIIIIIIIIIIIIIIIIIIIIIIIIIIA1IIIIIIIIIIIIIII
IIIIIIIIIIIIAA1IIA1IIIIIIIIIIIIIIIIIIIIIIIIIIIIA1IIIIIIIIIIIIIII
IIIIIIIIA1IIAA1IIA1IIIIIIIIIIIIIIIIIIIIIIIIIIIIA1IIIIIIIIIIIIIII
IIIIA1IIA1IIAA1IIA1IIIIIIIIIIIIIIIIIIIIIIIIIIIIA1IIIIIIIIIIIIIII
IIIIA1IIAA1IAA1IIA1IIIIIIIIIIIIIIIIIIIIIIIIIIIIA1IIIIIIIIIIIIIII
IIIIA1IIAAA1AA1IIA1IIIIIIIIIIIIIIIIIIIIIIIIIIIIA1IIIIIIIIIIIIIII
IIIIA1IIAAAAAA1IIA1IIIIIIIIIIIIIIIIIIIIIIIIIIIIA1IIIIIIIIIIIIIII
IIIAA1IIAAAAAA1IIA1IIIIIIIIIIIIIIIIIIIIIIIIIIIIA1IIIIIIIIIIIIIII
IIIIIIIIIIIIAIIIIIIIIIIIIIIIIIIIIIIIIIIIIIIIIIIIIIIIIIIIIIIIIIII
IIIIIIIIIIIIIAIIIIIIIIIIIIIIIIIIIIIIIIIIIIIIIIIIIIIIIIIIIIIIIIII
IIIIIIIIIIIIIAIIIIIIIIIIIIIIIIIIIIIIIIIIIIIIIIIAIIIIIIIIIIIIIIII
IIIIIIIIIIIIIAIIIAIIIIIIIIIIIIIIIIIIIIIIIIIIIIIAIIIIIIIIIIIIIIII
IIIIIIIIAIIIIAIIIAIIIIIIIIIIIIIIIIIIIIIIIIIIIIIAIIIIIIIIIIIIIIII
IIIIAIIIAIIIIAIIIAIIIIIIIIIIIIIIIIIIIIIIIIIIIIIAIIIIIIIIIIIIIIII
IIIIAIIIAAIIIAIIIAIIIIIIIIIIIIIIIIIIIIIIIIIIIIIAIIIIIIIIIIIIIIII
IIIIAIIIAAAIIAIIIAIIIIIIIIIIIIIIIIIIIIIIIIIIIIIAIIIIIIIIIIIIIIII
IIIIAIIIAAAAIAIIIAIIIIIIIIIIIIIIIIIIIIIIIIIIIIIAIIIIIIIIIIIIIIII
IIIAAIIIAAAAIAIIIAIIIIIIIIIIIIIIIIIIIIIIIIIIIIIAIIIIIIIIIIIIIIII
IIIIIIIIIIIIA2IIIIIIIIIIIIIIIIIIIIIIIIIIIIIIIIIIIIIIIIIIIIIIIIII
IIIIIIIIIIIIAA2IIIIIIIIIIIIIIIIIIIIIIIIIIIIIIIIIIIIIIIIIIIIIIIII
IIIIIIIIIIIIAA2IIIIIIIIIIIIIIIIIIIIIIIIIIIIIIIIA2IIIIIIIIIIIIIII
IIIIIIIIIIIIAA2IIA2IIIIIIIIIIIIIIIIIIIIIIIIIIIIA2IIIIIIIIIIIIIII
IIIIIIIIA2IIAA2IIA2IIIIIIIIIIIIIIIIIIIIIIIIIIIIA2IIIIIIIIIIIIIII
IIIIA2IIA2IIAA2IIA2IIIIIIIIIIIIIIIIIIIIIIIIIIIIA2IIIIIIIIIIIIIII
IIIIA2IIAA2IAA2IIA2IIIIIIIIIIIIIIIIIIIIIIIIIIIIA2IIIIIIIIIIIIIII
IIIIA2IIAAA2AA2IIA2IIIIIIIIIIIIIIIIIIIIIIIIIIIIA2IIIIIIIIIIIIIII
IIIIA2IIAAAAAA2IIA2IIIIIIIIIIIIIIIIIIIIIIIIIIIIA2IIIIIIIIIIIIIII
IIIAA2IIAAAAAA2IIA2IIIIIIIIIIIIIIIIIIIIIIIIIIIIA2IIIIIIIIIIIIIII
IIIIIIIIIIIIIA2IIIIIIIIIIIIIIIIIIIIIIIIIIIIIIIIIIIIIIIIIIIIIIIII
IIIIIIIIIIIIIA2IIIIIIIIIIIIIIIIIIIIIIIIIIIIIIIIA2IIIIIIIIIIIIIII
IIIIIIIIIIIIIA2IIA2IIIIIIIIIIIIIIIIIIIIIIIIIIIIA2IIIIIIIIIIIIIII
IIIIIIIIA2IIIA2IIA2IIIIIIIIIIIIIIIIIIIIIIIIIIIIA2IIIIIIIIIIIIIII
IIIIA2IIA2IIIA2IIA2IIIIIIIIIIIIIIIIIIIIIIIIIIIIA2IIIIIIIIIIIIIII
IIIIA2IIAA2IIA2IIA2IIIIIIIIIIIIIIIIIIIIIIIIIIIIA2IIIIIIIIIIIIIII
IIIIA2IIAAA2IA2IIA2IIIIIIIIIIIIIIIIIIIIIIIIIIIIA2IIIIIIIIIIIIIII
IIIIA2IIAAAA2A2IIA2IIIIIIIIIIIIIIIIIIIIIIIIIIIIA2IIIIIIIIIIIIIII
IIIAA2IIAAAA2A2IIA2IIIIIIIIIIIIIIIIIIIIIIIIIIIIA2IIIIIIIIIIIIIII
IIIAA2IIAAAAAA2IIA2IIIIIIIIIIIIIIIIIIIIIIIIIIIIA2IIIIIIIIIIIIIII
IIIIIIIIIIIIIA1IIIIIIIIIIIIIIIIIIIIIIIIIIIIIIIIIIIIIIIIIIIIIIIII
IIIIIIIIIIIIIA1IIIIIIIIIIIIIIIIIIIIIIIIIIIIIIIIA1IIIIIIIIIIIIIII
IIIIIIIIIIIIIA1IIA1IIIIIIIIIIIIIIIIIIIIIIIIIIIIA1IIIIIIIIIIIIIII
IIIIIIIIA1IIIA1IIA1IIIIIIIIIIIIIIIIIIIIIIIIIIIIA1IIIIIIIIIIIIIII
IIIIA1IIA1IIIA1IIA1IIIIIIIIIIIIIIIIIIIIIIIIIIIIA1IIIIIIIIIIIIIII
IIIIA1IIAA1IIA1IIA1IIIIIIIIIIIIIIIIIIIIIIIIIIIIA1IIIIIIIIIIIIIII
IIIIA1IIAAA1IA1IIA1IIIIIIIIIIIIIIIIIIIIIIIIIIIIA1IIIIIIIIIIIIIII
IIIIA1IIAAAA1A1IIA1IIIIIIIIIIIIIIIIIIIIIIIIIIIIA1IIIIIIIIIIIIIII
IIIAA1IIAAAA1A1IIA1IIIIIIIIIIIIIIIIIIIIIIIIIIIIA1IIIIIIIIIIIIIII
IIIIIIIIIIIIAIIIIIIIIIIIIIIIIIIIIIIIIIIIIIIIIIIIIIIIIIIIIIIIIIII
IIIIIIIIIIIIIAIIIIIIIIIIIIIIIIIIIIIIIIIIIIIIIIIIIIIIIIIIIIIIIIII
IIIIIIIIIIIIIAIIIIIIIIIIIIIIIIIIIIIIIIIIIIIIIIIAIIIIIIIIIIIIIIII
IIIIIIIIIIIIIAIIIAIIIIIIIIIIIIIIIIIIIIIIIIIIIIIAIIIIIIIIIIIIIIII
IIIIIIIIAIIIIAIIIAIIIIIIIIIIIIIIIIIIIIIIIIIIIIIAIIIIIIIIIIIIIIII
IIIIAIIIAIIIIAIIIAIIIIIIIIIIIIIIIIIIIIIIIIIIIIIAIIIIIIIIIIIIIIII
IIIIAIIIAAIIIAIIIAIIIIIIIIIIIIIIIIIIIIIIIIIIIIIAIIIIIIIIIIIIIIII
IIIIAIIIAAAIIAIIIAIIIIIIIIIIIIIIIIIIIIIIIIIIIIIAIIIIIIIIIIIIIIII
IIIIAIIIAAAAIAIIIAIIIIIIIIIIIIIIIIIIIIIIIIIIIIIAIIIIIIIIIIIIIIII
IIIAAIIIAAAAIAIIIAIIIIIIIIIIIIIIIIIIIIIIIIIIIIIAIIIIIIIIIIIIIIII
IIIAA2IIAAAAIAIIIAIIIIIIIIIIIIIIIIIIIIIIIIIIIIIAIIIIIIIIIIIIIIII
IIIIIIIIIIIIA2IIIIIIIIIIIIIIIIIIIIIIIIIIIIIIIIIIIIIIIIIIIIIIIIII
IIIIIIIIIIIIAA2IIIIIIIIIIIIIIIIIIIIIIIIIIIIIIIIIIIIIIIIIIIIIIIII
IIIIIIIIIIIIAA2IIIIIIIIIIIIIIIIIIIIIIIIIIIIIIIIA2IIIIIIIIIIIIIII
IIIIIIIIIIIIAA2IIA2IIIIIIIIIIIIIIIIIIIIIIIIIIIIA2IIIIIIIIIIIIIII
IIIIIIIIA2IIAA2IIA2IIIIIIIIIIIIIIIIIIIIIIIIIIIIA2IIIIIIIIIIIIIII
IIIIA2IIA2IIAA2IIA2IIIIIIIIIIIIIIIIIIIIIIIIIIIIA2IIIIIIIIIIIIIII
IIIIA2IIAA2IAA2IIA2IIIIIIIIIIIIIIIIIIIIIIIIIIIIA2IIIIIIIIIIIIIII
IIIIA2IIAAA2AA2IIA2IIIIIIIIIIIIIIIIIIIIIIIIIIIIA2IIIIIIIIIIIIIII
IIIIA2IIAAAAAA2IIA2IIIIIIIIIIIIIIIIIIIIIIIIIIIIA2IIIIIIIIIIIIIII
IIIAA2IIAAAAAA2IIA2IIIIIIIIIIIIIIIIIIIIIIIIIIIIA2IIIIIIIIIIIIIII
IIIIIIIIIIIIA2IIIIIIIIIIIIIIIIIIIIIIIIIIIIIIIIIIIIIIIIIIIIIIIIII
IIIIIIIIIIIIIA2IIIIIIIIIIIIIIIIIIIIIIIIIIIIIIIIIIIIIIIIIIIIIIIII
IIIIIIIIIIIIIA2IIIIIIIIIIIIIIIIIIIIIIIIIIIIIIIIA2IIIIIIIIIIIIIII
IIIIIIIIIIIIIA2IIA2IIIIIIIIIIIIIIIIIIIIIIIIIIIIA2IIIIIIIIIIIIIII
IIIIIIIIA2IIIA2IIA2IIIIIIIIIIIIIIIIIIIIIIIIIIIIA2IIIIIIIIIIIIIII
IIIIA2IIA2IIIA2IIA2IIIIIIIIIIIIIIIIIIIIIIIIIIIIA2IIIIIIIIIIIIIII
IIIIA2IIAA2IIA2IIA2IIIIIIIIIIIIIIIIIIIIIIIIIIIIA2IIIIIIIIIIIIIII
IIIIA2IIAAA2IA2IIA2IIIIIIIIIIIIIIIIIIIIIIIIIIIIA2IIIIIIIIIIIIIII
IIIIA2IIAAAA2A2IIA2IIIIIIIIIIIIIIIIIIIIIIIIIIIIA2IIIIIIIIIIIIIII
IIIIA2IIAAAAAA2IIA2IIIIIIIIIIIIIIIIIIIIIIIIIIIIA2IIIIIIIIIIIIIII
IIIIA2IIAAAAAA2IIA2IIIIIIIIIIIIIIIIIIIIIIIIIIIIA1IIIIIIIIIIIIIII
IIIIA2IIAAAAAA2IIA1IIIIIIIIIIIIIIIIIIIIIIIIIIIIA1IIIIIIIIIIIIIII
IIIIA1IIIIIIIIIIIIIIIIIIIIIIIIIIIIIIIIIIIIIIIIIIIIIIIIIIIIIIIIII
IIIIA1IIIAIIIIIIIIIIIIIIIIIIIIIIIIIIIIIIIIIIIIIIIIIIIIIIIIIIIIII
I2IAA1IIIAIIIIIIIIIIIIIIIIIIIIIIIIIIIIIIIIIIIIIIIIIIIIIIIIIIIIII
I22AA1IIIAIIIIIIIIIIIIIIIIIIIIIIIIIIIIIIIIIIIIIIIIIIIIIIIIIIIIII
I22AA1IIIAI2IA1IIIIIIIIIIIIIIIIIIIIIIIIIIIIIIIIIIIIIIIIIIIIIIIII
I22AA1IIIAI2IA1IIIIIIIIIIIIIIIIIIIIIIIIIIIIII2IA1IIIIIIIIIIIIIII
I22AA1IIIAI2IA12IA1IIIIIIIIIIIIIIIIIIIIIIIIII2IA1IIIIIIIIIIIIIII
I22AA12IAAI2IA12IA1IIIIIIIIIIIIIIIIIIIIIIIIII2IA1IIIIIIIIIIIIIII
I22AA122AA12IA12IA1IIIIIIIIIIIIIIIIIIIIIIIIII2IA1IIIIIIIIIIIIIII
I22AA122AAA1IA12IA1IIIIIIIIIIIIIIIIIIIIIIIIII2IA1IIIIIIIIIIIIIII
I22AA122AAAA1A12IA1IIIIIIIIIIIIIIIIIIIIIIIIII2IA1IIIIIIIIIIIIIII
IIIIIIIIIA2IIIIIIIIIIIIIIIIIIIIIIIIIIIIIIIIIIIIIIIIIIIIIIIIIIIII
IIIIA2IIIA2IIIIIIIIIIIIIIIIIIIIIIIIIIIIIIIIIIIIIIIIIIIIIIIIIIIII
IIIAA2IIIA2IIIIIIIIIIIIIIIIIIIIIIIIIIIIIIIIIIIIIIIIIIIIIIIIIIIII
IIIAA2IIIA2IA2IIIIIIIIIIIIIIIIIIIIIIIIIIIIIIIIIIIIIIIIIIIIIIIIII
IIIIIIIIIIIIIA2IIIIIIIIIIIIIIIIIIIIIIIIIIIIIIIIIIIIIIIIIIIIIIIII
IIIIIIIIIIIIIA2IIIIIIIIIIIIIIIIIIIIIIIIIIIIIIIIA2IIIIIIIIIIIIIII
IIIIIIIIIIIIAA2IIIIIIIIIIIIIIIIIIIIIIIIIIIIIIIIA2IIIIIIIIIIIIIII
IIIIIIIIIIIIAA2IIA2IIIIIIIIIIIIIIIIIIIIIIIIIIIIA2IIIIIIIIIIIIIII
IIIIIIIIA2IIAA2IIA2IIIIIIIIIIIIIIIIIIIIIIIIIIIIA2IIIIIIIIIIIIIII
IIIIA2IIA2IIAA2IIA2IIIIIIIIIIIIIIIIIIIIIIIIIIIIA2IIIIIIIIIIIIIII
IIIIA2IIAA2IAA2IIA2IIIIIIIIIIIIIIIIIIIIIIIIIIIIA2IIIIIIIIIIIIIII
IIIIA2IIAAA2AA2IIA2IIIIIIIIIIIIIIIIIIIIIIIIIIIIA2IIIIIIIIIIIIIII
IIIIA2IIAAAAAA2IIA2IIIIIIIIIIIIIIIIIIIIIIIIIIIIA2IIIIIIIIIIIIIII
IIIIIIIIIIIIA2IIIIIIIIIIIIIIIIIIIIIIIIIIIIIIIIIIIIIIIIIIIIIIIIII
IIIIIIIIIIIIA1IIIIIIIIIIIIIIIIIIIIIIIIIIIIIIIIIIIIIIIIIIIIIIIIII
IIIIIIIIA1IIA1IIIIIIIIIIIIIIIIIIIIIIIIIIIIIIIIIIIIIIIIIIIIIIIIII
IIIIA1IIA1IIA1IIIIIIIIIIIIIIIIIIIIIIIIIIIIIIIIIIIIIIIIIIIIIIIIII
IIIIA1IIAA1IA1IIIIIIIIIIIIIIIIIIIIIIIIIIIIIIIIIIIIIIIIIIIIIIIIII
IIIIA1IIAAA1A1IIIIIIIIIIIIIIIIIIIIIIIIIIIIIIIIIIIIIIIIIIIIIIIIII
IIIIA1IIAAAAA1IIIIIIIIIIIIIIIIIIIIIIIIIIIIIIIIIIIIIIIIIIIIIIIIII
IIIAA1IIAAAAA1IIIIIIIIIIIIIIIIIIIIIIIIIIIIIIIIIIIIIIIIIIIIIIIIII
IIIIIIIIIIIIIIIIIIIIIIIIIIIIIIIIIIIIIIIIIIIIIIIAIIIIIIIIIIIIIIII
IIIIIIIIIIIIIIIIIAIIIIIIIIIIIIIIIIIIIIIIIIIIIIIAIIIIIIIIIIIIIIII
IIIIIIIIAIIIIIIIIAIIIIIIIIIIIIIIIIIIIIIIIIIIIIIAIIIIIIIIIIIIIIII
IIIIAIIIAIIIIIIIIAIIIIIIIIIIIIIIIIIIIIIIIIIIIIIAIIIIIIIIIIIIIIII
IIIIAIIIAAIIIIIIIAIIIIIIIIIIIIIIIIIIIIIIIIIIIIIAIIIIIIIIIIIIIIII
IIIIAIIIAAAIIIIIIAIIIIIIIIIIIIIIIIIIIIIIIIIIIIIAIIIIIIIIIIIIIIII
IIIIAIIIAAAAIIIIIAIIIIIIIIIIIIIIIIIIIIIIIIIIIIIAIIIIIIIIIIIIIIII
IIIAAIIIAAAAIIIIIAIIIIIIIIIIIIIIIIIIIIIIIIIIIIIAIIIIIIIIIIIIIIII
IIIAAIIIAAAAIIIIIAIIIIIIIIIIIIIIIIIIIIIIIIIIIIIA1IIIIIIIIIIIIIII
IIIAAIIIAAAAIIIIIA1IIIIIIIIIIIIIIIIIIIIIIIIIIIIA1IIIIIIIIIIIIIII
IIIAA1IIAAAAIIIIIA1IIIIIIIIIIIIIIIIIIIIIIIIIIIIA1IIIIIIIIIIIIIII
IIIAA1IIAAAA1IIIIA1IIIIIIIIIIIIIIIIIIIIIIIIIIIIA1IIIIIIIIIIIIIII
IIIIIIIIIIIIA1IIIIIIIIIIIIIIIIIIIIIIIIIIIIIIIIIIIIIIIIIIIIIIIIII
IIIIIIIIIIIIAIIIIIIIIIIIIIIIIIIIIIIIIIIIIIIIIIIIIIIIIIIIIIIIIIII
IIIIIIIIIIIIA1IIIIIIIIIIIIIIIIIIIIIIIIIIIIIIIIIIIIIIIIIIIIIIIIII
IIIIIIIIIIIIAIIIIIIIIIIIIIIIIIIIIIIIIIIIIIIIIIIIIIIIIIIIIIIIIIII
IIIIIIIIIIIIIIIIIIIIIIIIIIIIIIIIIIIIIIIIIIIIIIIA2IIIIIIIIIIIIIII
IIIIIIIIIIIIA2IIIIIIIIIIIIIIIIIIIIIIIIIIIIIIIIIA2IIIIIIIIIIIIIII
IIIIIIIIIIIIA2IIIA2IIIIIIIIIIIIIIIIIIIIIIIIIIIIA2IIIIIIIIIIIIIII
IIIIIIIIIA2IA2IIIA2IIIIIIIIIIIIIIIIIIIIIIIIIIIIA2IIIIIIIIIIIIIII
IIIIA2IIIA2IA2IIIA2IIIIIIIIIIIIIIIIIIIIIIIIIIIIA2IIIIIIIIIIIIIII
IIIAA2IIIA2IA2IIIA2IIIIIIIIIIIIIIIIIIIIIIIIIIIIA2IIIIIIIIIIIIIII
IIIAA221AA2IA2IIIA2IIIIIIIIIIIIIIIIIIIIIIIIIIIIA2IIIIIIIIIIIIIII
2I2AA221AA2IA2IIIA2IIIIIIIIIIIIIIIIIIIIIIIIIIIIA2IIIIIIIIIIIIIII
221AA221AA2IA2IIIA2IIIIIIIIIIIIIIIIIIIIIIIIIIIIA2IIIIIIIIIIIIIII
221AA221AA2IAA2IIA2IIIIIIIIIIIIIIIIIIIIIIIIIIIIA2IIIIIIIIIIIIIII
221AA221AAA2AA2IIA2IIIIIIIIIIIIIIIIIIIIIIIIIIIIA2IIIIIIIIIIIIIII
221AA221AAAAAA2IIA2IIIIIIIIIIIIIIIIIIIIIIIIIIIIA2IIIIIIIIIIIIIII
IIIIIIIIIIIIIA2IIIIIIIIIIIIIIIIIIIIIIIIIIIIIIIIIIIIIIIIIIIIIIIII
IIIIIIIIIIIIIA2IIIIIIIIIIIIIIIIIIIIIIIIIIIIIIIIA2IIIIIIIIIIIIIII
IIIIIIIIIIIIIA2IIA2IIIIIIIIIIIIIIIIIIIIIIIIIIIIA2IIIIIIIIIIIIIII
IIIIIIIIA2IIIA2IIA2IIIIIIIIIIIIIIIIIIIIIIIIIIIIA2IIIIIIIIIIIIIII
IIIIA2IIA2IIIA2IIA2IIIIIIIIIIIIIIIIIIIIIIIIIIIIA2IIIIIIIIIIIIIII
IIIIA2IIAA2IIA2IIA2IIIIIIIIIIIIIIIIIIIIIIIIIIIIA2IIIIIIIIIIIIIII
IIIIA2IIAAA2IA2IIA2IIIIIIIIIIIIIIIIIIIIIIIIIIIIA2IIIIIIIIIIIIIII
IIIIA2IIAAAA2A2IIA2IIIIIIIIIIIIIIIIIIIIIIIIIIIIA2IIIIIIIIIIIIIII
IIIIIIIIIIIIAIIIIIIIIIIIIIIIIIIIIIIIIIIIIIIIIIIIIIIIIIIIIIIIIIII
IIIIIIIIIIAIAIIIIIIIIIIIIIIIIIIIIIIIIIIIIIIIIIIIIIIIIIIIIIIIIIII
IIIIIIIIIIAAAIIIIIIIIIIIIIIIIIIIIIIIIIIIIIIIIIIIIIIIIIIIIIIIIIII
IIIIIIIIIA2IIIIIIIIIIIIIIIIIIIIIIIIIIIIIIIIIIIIIIIIIIIIIIIIIIIII
IIIIA2IIIA2IIIIIIIIIIIIIIIIIIIIIIIIIIIIIIIIIIIIIIIIIIIIIIIIIIIII
IIIAA2IIIA2IIIIIIIIIIIIIIIIIIIIIIIIIIIIIIIIIIIIIIIIIIIIIIIIIIIII
IIIAA2IIIA2IA2IIIIIIIIIIIIIIIIIIIIIIIIIIIIIIIIIIIIIIIIIIIIIIIIII
IIIIIIIIIIIIIA2IIIIIIIIIIIIIIIIIIIIIIIIIIIIIIIIIIIIIIIIIIIIIIIII
IIIIIIIIIIIIIA2IIIIIIIIIIIIIIIIIIIIIIIIIIIIIIIIA2IIIIIIIIIIIIIII
IIIIIIIIIIIIIA2IIA2IIIIIIIIIIIIIIIIIIIIIIIIIIIIA2IIIIIIIIIIIIIII
IIIIIIIIIA2IIA2IIA2IIIIIIIIIIIIIIIIIIIIIIIIIIIIA2IIIIIIIIIIIIIII
IIIIA2IIIA2IIA2IIA2IIIIIIIIIIIIIIIIIIIIIIIIIIIIA2IIIIIIIIIIIIIII
IIIAA2IIIA2IIA2IIA2IIIIIIIIIIIIIIIIIIIIIIIIIIIIA2IIIIIIIIIIIIIII
IIIAA2IIIA2IAA2IIA2IIIIIIIIIIIIIIIIIIIIIIIIIIIIA2IIIIIIIIIIIIIII
IIIAA2IIAA2IAA2IIA2IIIIIIIIIIIIIIIIIIIIIIIIIIIIA2IIIIIIIIIIIIIII
IIIAA2IIAAA2AA2IIA2IIIIIIIIIIIIIIIIIIIIIIIIIIIIA2IIIIIIIIIIIIIII
IIIAA2IIAAAAAA2IIA2IIIIIIIIIIIIIIIIIIIIIIIIIIIIA2IIIIIIIIIIIIIII
IIIIIIIIIIIIIA1IIIIIIIIIIIIIIIIIIIIIIIIIIIIIIIIIIIIIIIIIIIIIIIII
IIIIIIIIIIIIIA1IIIIIIIIIIIIIIIIIIIIIIIIIIIIIIIIA1IIIIIIIIIIIIIII
IIIIIIIIIIIIIA1IIA1IIIIIIIIIIIIIIIIIIIIIIIIIIIIA1IIIIIIIIIIIIIII
IIIIIIIIA1IIIA1IIA1IIIIIIIIIIIIIIIIIIIIIIIIIIIIA1IIIIIIIIIIIIIII
IIIIA1IIA1IIIA1IIA1IIIIIIIIIIIIIIIIIIIIIIIIIIIIA1IIIIIIIIIIIIIII
IIIIA1IIAA1IIA1IIA1IIIIIIIIIIIIIIIIIIIIIIIIIIIIA1IIIIIIIIIIIIIII
IIIIA1IIAAA1IA1IIA1IIIIIIIIIIIIIIIIIIIIIIIIIIIIA1IIIIIIIIIIIIIII
IIIIA1IIAAAA1A1IIA1IIIIIIIIIIIIIIIIIIIIIIIIIIIIA1IIIIIIIIIIIIIII
IIIAA1IIAAAA1A1IIA1IIIIIIIIIIIIIIIIIIIIIIIIIIIIA1IIIIIIIIIIIIIII
IIIAA1IIAAAAAA1IIA1IIIIIIIIIIIIIIIIIIIIIIIIIIIIA1IIIIIIIIIIIIIII
IIIIIIIIIIIIA2IIIIIIIIIIIIIIIIIIIIIIIIIIIIIIIIIIIIIIIIIIIIIIIIII
IIIIIIIIIIIIAA2IIIIIIIIIIIIIIIIIIIIIIIIIIIIIIIIIIIIIIIIIIIIIIIII
IIIIIIIIIIIIAA2IIIIIIIIIIIIIIIIIIIIIIIIIIIIIIIIA2IIIIIIIIIIIIIII
IIIIIIIIIIIIAA2IIA2IIIIIIIIIIIIIIIIIIIIIIIIIIIIA2IIIIIIIIIIIIIII
IIIIIIIIA2IIAA2IIA2IIIIIIIIIIIIIIIIIIIIIIIIIIIIA2IIIIIIIIIIIIIII
IIIIA2IIA2IIAA2IIA2IIIIIIIIIIIIIIIIIIIIIIIIIIIIA2IIIIIIIIIIIIIII
IIIIA2IIAA2IAA2IIA2IIIIIIIIIIIIIIIIIIIIIIIIIIIIA2IIIIIIIIIIIIIII
IIIIA2IIAAA2AA2IIA2IIIIIIIIIIIIIIIIIIIIIIIIIIIIA2IIIIIIIIIIIIIII
IIIIA2IIAAAAAA2IIA2IIIIIIIIIIIIIIIIIIIIIIIIIIIIA2IIIIIIIIIIIIIII
IIIAA2IIAAAAAA2IIA2IIIIIIIIIIIIIIIIIIIIIIIIIIIIA2IIIIIIIIIIIIIII
IIIIIIIIIIIIIA1IIIIIIIIIIIIIIIIIIIIIIIIIIIIIIIIIIIIIIIIIIIIIIIII
IIIIIIIIIIIIIA1IIIIIIIIIIIIIIIIIIIIIIIIIIIIIIIIA1IIIIIIIIIIIIIII
IIIIIIIIIIIIAA1IIIIIIIIIIIIIIIIIIIIIIIIIIIIIIIIA1IIIIIIIIIIIIIII
IIIIIIIIIIIIAA1IIA1IIIIIIIIIIIIIIIIIIIIIIIIIIIIA1IIIIIIIIIIIIIII
IIIIIIIIA1IIAA1IIA1IIIIIIIIIIIIIIIIIIIIIIIIIIIIA1IIIIIIIIIIIIIII
IIIIA1IIA1IIAA1IIA1IIIIIIIIIIIIIIIIIIIIIIIIIIIIA1IIIIIIIIIIIIIII
IIIIA1IIAA1IAA1IIA1IIIIIIIIIIIIIIIIIIIIIIIIIIIIA1IIIIIIIIIIIIIII
IIIIA1IIAAA1AA1IIA1IIIIIIIIIIIIIIIIIIIIIIIIIIIIA1IIIIIIIIIIIIIII
IIIIA1IIAAAAAA1IIA1IIIIIIIIIIIIIIIIIIIIIIIIIIIIA1IIIIIIIIIIIIIII
IIIAA1IIAAAAAA1IIA1IIIIIIIIIIIIIIIIIIIIIIIIIIIIA1IIIIIIIIIIIIIII
IIIIIIIIIIIIIAIIIIIIIIIIIIIIIIIIIIIIIIIIIIIIIIIIIIIIIIIIIIIIIIII
IIIIIIIIIIIIIAIIIIIIIIIIIIIIIIIIIIIIIIIIIIIIIIIAIIIIIIIIIIIIIIII
IIIIIIIIIIIIIAIIIAIIIIIIIIIIIIIIIIIIIIIIIIIIIIIAIIIIIIIIIIIIIIII
IIIIIIIIAIIIIAIIIAIIIIIIIIIIIIIIIIIIIIIIIIIIIIIAIIIIIIIIIIIIIIII
IIIIAIIIAIIIIAIIIAIIIIIIIIIIIIIIIIIIIIIIIIIIIIIAIIIIIIIIIIIIIIII
IIIIAIIIAAIIIAIIIAIIIIIIIIIIIIIIIIIIIIIIIIIIIIIAIIIIIIIIIIIIIIII
IIIIAIIIAAAIIAIIIAIIIIIIIIIIIIIIIIIIIIIIIIIIIIIAIIIIIIIIIIIIIIII
IIIIAIIIAAAAIAIIIAIIIIIIIIIIIIIIIIIIIIIIIIIIIIIAIIIIIIIIIIIIIIII
IIIAAIIIAAAAIAIIIAIIIIIIIIIIIIIIIIIIIIIIIIIIIIIAIIIIIIIIIIIIIIII
IIIAAIIIAAAAAAIIIAIIIIIIIIIIIIIIIIIIIIIIIIIIIIIAIIIIIIIIIIIIIIII
IIIIIIIIIIIIIA122IIIIIIIIIIIIIIIIIIIIIIIIIIIIIIIIIIIIIIIIIIIIIII
IIIIIIIIIIIIIA122IIIIIIIIIIIIIIIIIIIIIIIIIIIIIIA122IIIIIIIIIIIII
IIIIIIIIIIIIIA122A122IIIIIIIIIIIIIIIIIIIIIIIIIIA122IIIIIIIIIIIII
IIIIIIIIA122IA122A122IIIIIIIIIIIIIIIIIIIIIIIIIIA122IIIIIIIIIIIII
IIIIA122A122IA122A122IIIIIIIIIIIIIIIIIIIIIIIIIIA122IIIIIIIIIIIII
IIIIA122AA122A122A122IIIIIIIIIIIIIIIIIIIIIIIIIIA122IIIIIIIIIIIII
IIIIA122AAA12A122A122IIIIIIIIIIIIIIIIIIIIIIIIIIA122IIIIIIIIIIIII
IIIIA122AAAA1A122A122IIIIIIIIIIIIIIIIIIIIIIIIIIA122IIIIIIIIIIIII
IIIAA122AAAA1A122A122IIIIIIIIIIIIIIIIIIIIIIIIIIA122IIIIIIIIIIIII
IIIAA122AAAAAA122A122IIIIIIIIIIIIIIIIIIIIIIIIIIA122IIIIIIIIIIIII
IIIIIIIIAIIIIIIIIIIIIIIIIIIIIIIIIIIIIIIIIIIIIIIIIIIIIIIIIIIIIIII
IIIIAIIIAIIIIIIIIIIIIIIIIIIIIIIIIIIIIIIIIIIIIIIIIIIIIIIIIIIIIIII
IIIIAIIIAAIIIIIIIIIIIIIIIIIIIIIIIIIIIIIIIIIIIIIIIIIIIIIIIIIIIIII
IIIIAIIIAAAIIIIIIIIIIIIIIIIIIIIIIIIIIIIIIIIIIIIIIIIIIIIIIIIIIIII
IIIIAIIIAAAAIIIIIIIIIIIIIIIIIIIIIIIIIIIIIIIIIIIIIIIIIIIIIIIIIIII
IIIAAIIIAAAAIIIIIIIIIIIIIIIIIIIIIIIIIIIIIIIIIIIIIIIIIIIIIIIIIIII
IIIAAIIIAAAAA2IIIIIIIIIIIIIIIIIIIIIIIIIIIIIIIIIIIIIIIIIIIIIIIIII
IIIIIIIIIAIIIIIIIIIIIIIIIIIIIIIIIIIIIIIIIIIIIIIIIIIIIIIIIIIIIIII
IIIIAIIIIAIIIIIIIIIIIIIIIIIIIIIIIIIIIIIIIIIIIIIIIIIIIIIIIIIIIIII
IIIAAIIIIAIIIIIIIIIIIIIIIIIIIIIIIIIIIIIIIIIIIIIIIIIIIIIIIIIIIIII
IIIAA2IIIAIIIIIIIIIIIIIIIIIIIIIIIIIIIIIIIIIIIIIIIIIIIIIIIIIIIIII
IIIAA2IIIAIIA2IIIIIIIIIIIIIIIIIIIIIIIIIIIIIIIIIIIIIIIIIIIIIIIIII
IIIAA2IIIAIIAA2IIIIIIIIIIIIIIIIIIIIIIIIIIIIIIIIIIIIIIIIIIIIIIIII
IIIAA2IIIAIIAA2IIIIIIIIIIIIIIIIIIIIIIIIIIIIIIIIA2IIIIIIIIIIIIIII
IIIAA2IIIAIIAA2IIA2IIIIIIIIIIIIIIIIIIIIIIIIIIIIA2IIIIIIIIIIIIIII
IIIAA2IIAAIIAA2IIA2IIIIIIIIIIIIIIIIIIIIIIIIIIIIA2IIIIIIIIIIIIIII
IIIAA2IIAA2IAA2IIA2IIIIIIIIIIIIIIIIIIIIIIIIIIIIA2IIIIIIIIIIIIIII
IIIAA2IIAAA2AA2IIA2IIIIIIIIIIIIIIIIIIIIIIIIIIIIA2IIIIIIIIIIIIIII
IIIAA2IIAAAAAA2IIA2IIIIIIIIIIIIIIIIIIIIIIIIIIIIA2IIIIIIIIIIIIIII
IIIAA2IIAAAAAA1IIA2IIIIIIIIIIIIIIIIIIIIIIIIIIIIA2IIIIIIIIIIIIIII
IIIAA2IIAAAAAA1IIA2IIIIIIIIIIIIIIIIIIIIIIIIIIIIA1IIIIIIIIIIIIIII
IIIAA2IIAAAAAA1IIA1IIIIIIIIIIIIIIIIIIIIIIIIIIIIA1IIIIIIIIIIIIIII
IIIAA1IIAAAAAA1IIA1IIIIIIIIIIIIIIIIIIIIIIIIIIIIA1IIIIIIIIIIIIIII
IIIIIIIIIIIIAIIIIIIIIIIIIIIIIIIIIIIIIIIIIIIIIIIIIIIIIIIIIIIIIIII
IIIIIIIIIIIIAAIIIIIIIIIIIIIIIIIIIIIIIIIIIIIIIIIIIIIIIIIIIIIIIIII
IIIIIIIIIIIIAAIIIIIIIIIIIIIIIIIIIIIIIIIIIIIIIIIAIIIIIIIIIIIIIIII
IIIIIIIIIIIIAAIIIAIIIIIIIIIIIIIIIIIIIIIIIIIIIIIAIIIIIIIIIIIIIIII
IIIIIIIIAIIIAAIIIAIIIIIIIIIIIIIIIIIIIIIIIIIIIIIAIIIIIIIIIIIIIIII
IIIIAIIIAIIIAAIIIAIIIIIIIIIIIIIIIIIIIIIIIIIIIIIAIIIIIIIIIIIIIIII
IIIIAIIIAAIIAAIIIAIIIIIIIIIIIIIIIIIIIIIIIIIIIIIAIIIIIIIIIIIIIIII
IIIIAIIIAAAIAAIIIAIIIIIIIIIIIIIIIIIIIIIIIIIIIIIAIIIIIIIIIIIIIIII
IIIIAIIIAAAAAAIIIAIIIIIIIIIIIIIIIIIIIIIIIIIIIIIAIIIIIIIIIIIIIIII
IIIAAIIIAAAAAAIIIAIIIIIIIIIIIIIIIIIIIIIIIIIIIIIAIIIIIIIIIIIIIIII
IIIIIIIIIIIIA2IIIIIIIIIIIIIIIIIIIIIIIIIIIIIIIIIIIIIIIIIIIIIIIIII
IIIIIIIIIIIIIA1IIIIIIIIIIIIIIIIIIIIIIIIIIIIIIIIIIIIIIIIIIIIIIIII
IIIIIIIIIIIIIA1IIIIIIIIIIIIIIIIIIIIIIIIIIIIIIIIA1IIIIIIIIIIIIIII
IIIIIIIIIIIIIA1IIA1IIIIIIIIIIIIIIIIIIIIIIIIIIIIA1IIIIIIIIIIIIIII
IIIIIIIIA1IIIA1IIA1IIIIIIIIIIIIIIIIIIIIIIIIIIIIA1IIIIIIIIIIIIIII
IIIIA1IIA1IIIA1IIA1IIIIIIIIIIIIIIIIIIIIIIIIIIIIA1IIIIIIIIIIIIIII
IIIIA1IIAA1IIA1IIA1IIIIIIIIIIIIIIIIIIIIIIIIIIIIA1IIIIIIIIIIIIIII
IIIIA1IIAAA1IA1IIA1IIIIIIIIIIIIIIIIIIIIIIIIIIIIA1IIIIIIIIIIIIIII
IIIIA1IIAAAA1A1IIA1IIIIIIIIIIIIIIIIIIIIIIIIIIIIA1IIIIIIIIIIIIIII
IIIAA1IIAAAA1A1IIA1IIIIIIIIIIIIIIIIIIIIIIIIIIIIA1IIIIIIIIIIIIIII
IIIAA1IIAAAAAA1IIA1IIIIIIIIIIIIIIIIIIIIIIIIIIIIA1IIIIIIIIIIIIIII
IIIIIIIIIIIIIAIIIIIIIIIIIIIIIIIIIIIIIIIIIIIIIIIIIIIIIIIIIIIIIIII
IIIIIIIIIIIIIAIIIIIIIIIIIIIIIIIIIIIIIIIIIIIIIIIAIIIIIIIIIIIIIIII
IIIIIIIIIIIIAAIIIIIIIIIIIIIIIIIIIIIIIIIIIIIIIIIAIIIIIIIIIIIIIIII
IIIIIIIIIIIIAAIIIAIIIIIIIIIIIIIIIIIIIIIIIIIIIIIAIIIIIIIIIIIIIIII
IIIIIIIIAIIIAAIIIAIIIIIIIIIIIIIIIIIIIIIIIIIIIIIAIIIIIIIIIIIIIIII
IIIIAIIIAIIIAAIIIAIIIIIIIIIIIIIIIIIIIIIIIIIIIIIAIIIIIIIIIIIIIIII
IIIIAIIIAAIIAAIIIAIIIIIIIIIIIIIIIIIIIIIIIIIIIIIAIIIIIIIIIIIIIIII
IIIIAIIIAAAIAAIIIAIIIIIIIIIIIIIIIIIIIIIIIIIIIIIAIIIIIIIIIIIIIIII
IIIIAIIIAAAAAAIIIAIIIIIIIIIIIIIIIIIIIIIIIIIIIIIAIIIIIIIIIIIIIIII
IIIAAIIIAAAAAAIIIAIIIIIIIIIIIIIIIIIIIIIIIIIIIIIAIIIIIIIIIIIIIIII
IIIIIIIIIIIIIA2IIIIIIIIIIIIIIIIIIIIIIIIIIIIIIIIIIIIIIIIIIIIIIIII
IIIIIIIIIIIIIA2IIIIIIIIIIIIIIIIIIIIIIIIIIIIIIIIA2IIIIIIIIIIIIIII
IIIIIIIIIIIIIA2IIA2IIIIIIIIIIIIIIIIIIIIIIIIIIIIA2IIIIIIIIIIIIIII
IIIIIIIIA2IIIA2IIA2IIIIIIIIIIIIIIIIIIIIIIIIIIIIA2IIIIIIIIIIIIIII
IIIIA2IIA2IIIA2IIA2IIIIIIIIIIIIIIIIIIIIIIIIIIIIA2IIIIIIIIIIIIIII
IIIIA2IIAA2IIA2IIA2IIIIIIIIIIIIIIIIIIIIIIIIIIIIA2IIIIIIIIIIIIIII
IIIIA2IIAAA2IA2IIA2IIIIIIIIIIIIIIIIIIIIIIIIIIIIA2IIIIIIIIIIIIIII
IIIIA2IIAAAA2A2IIA2IIIIIIIIIIIIIIIIIIIIIIIIIIIIA2IIIIIIIIIIIIIII
IIIAA2IIAAAA2A2IIA2IIIIIIIIIIIIIIIIIIIIIIIIIIIIA2IIIIIIIIIIIIIII
IIIAA2IIAAAAAA2IIA2IIIIIIIIIIIIIIIIIIIIIIIIIIIIA2IIIIIIIIIIIIIII
IIIIIIIIIIIIIA2IIIIIIIIIIIIIIIIIIIIIIIIIIIIIIIIIIIIIIIIIIIIIIIII
IIIIIIIIIIIIIA2IIIIIIIIIIIIIIIIIIIIIIIIIIIIIIIIA2IIIIIIIIIIIIIII
IIIIIIIIIIIIIA2IIA2IIIIIIIIIIIIIIIIIIIIIIIIIIIIA2IIIIIIIIIIIIIII
IIIIIIIIA2IIIA2IIA2IIIIIIIIIIIIIIIIIIIIIIIIIIIIA2IIIIIIIIIIIIIII
IIIIA2IIA2IIIA2IIA2IIIIIIIIIIIIIIIIIIIIIIIIIIIIA2IIIIIIIIIIIIIII
IIIIA2IIAA2IIA2IIA2IIIIIIIIIIIIIIIIIIIIIIIIIIIIA2IIIIIIIIIIIIIII
IIIIA2IIAAA2IA2IIA2IIIIIIIIIIIIIIIIIIIIIIIIIIIIA2IIIIIIIIIIIIIII
IIIIA2IIAAAA2A2IIA2IIIIIIIIIIIIIIIIIIIIIIIIIIIIA2IIIIIIIIIIIIIII
IIIIA1IIAAAA2A2IIA2IIIIIIIIIIIIIIIIIIIIIIIIIIIIA2IIIIIIIIIIIIIII
IIIAA1IIAAAA2A2IIA2IIIIIIIIIIIIIIIIIIIIIIIIIIIIA2IIIIIIIIIIIIIII
IIIIIIIIIIIIA1IIIIIIIIIIIIIIIIIIIIIIIIIIIIIIIIIIIIIIIIIIIIIIIIII
IIIIIIIIIIIIAA1IIIIIIIIIIIIIIIIIIIIIIIIIIIIIIIIIIIIIIIIIIIIIIIII
IIIIIIIIIIIIAA1IIIIIIIIIIIIIIIIIIIIIIIIIIIIIIIIA1IIIIIIIIIIIIIII
IIIIIIIIIIIIAA1IIA1IIIIIIIIIIIIIIIIIIIIIIIIIIIIA1IIIIIIIIIIIIIII
IIIIIIIIAIIIAA1IIA1IIIIIIIIIIIIIIIIIIIIIIIIIIIIA1IIIIIIIIIIIIIII
IIIIAIIIAIIIAA1IIA1IIIIIIIIIIIIIIIIIIIIIIIIIIIIA1IIIIIIIIIIIIIII
IIIIAIIIAAIIAA1IIA1IIIIIIIIIIIIIIIIIIIIIIIIIIIIA1IIIIIIIIIIIIIII
IIIIAIIIAAAIAA1IIA1IIIIIIIIIIIIIIIIIIIIIIIIIIIIA1IIIIIIIIIIIIIII
IIIIAIIIAAAAAA1IIA1IIIIIIIIIIIIIIIIIIIIIIIIIIIIA1IIIIIIIIIIIIIII
IIIAAIIIAAAAAA1IIA1IIIIIIIIIIIIIIIIIIIIIIIIIIIIA1IIIIIIIIIIIIIII
IIIIIIIIIIIIA2IIIIIIIIIIIIIIIIIIIIIIIIIIIIIIIIIIIIIIIIIIIIIIIIII
IIIIIIIIIIIIAA2IIIIIIIIIIIIIIIIIIIIIIIIIIIIIIIIIIIIIIIIIIIIIIIII
IIIIIIIIIIIIAA2IIIIIIIIIIIIIIIIIIIIIIIIIIIIIIIIA2IIIIIIIIIIIIIII
IIIIIIIIIIIIAA2IIA2IIIIIIIIIIIIIIIIIIIIIIIIIIIIA2IIIIIIIIIIIIIII
IIIIIIIIA2IIAA2IIA2IIIIIIIIIIIIIIIIIIIIIIIIIIIIA2IIIIIIIIIIIIIII
IIIIA2IIA2IIAA2IIA2IIIIIIIIIIIIIIIIIIIIIIIIIIIIA2IIIIIIIIIIIIIII
IIIIA2IIAA2IAA2IIA2IIIIIIIIIIIIIIIIIIIIIIIIIIIIA2IIIIIIIIIIIIIII
IIIIA2IIAAA2AA2IIA2IIIIIIIIIIIIIIIIIIIIIIIIIIIIA2IIIIIIIIIIIIIII
IIIIA2IIAAAAAA2IIA2IIIIIIIIIIIIIIIIIIIIIIIIIIIIA2IIIIIIIIIIIIIII
IIIAA2IIAAAAAA2IIA2IIIIIIIIIIIIIIIIIIIIIIIIIIIIA2IIIIIIIIIIIIIII
IIIIIIIIIIIIA1IIIIIIIIIIIIIIIIIIIIIIIIIIIIIIIIIIIIIIIIIIIIIIIIII
IIIIIIIIIIIIAA1IIIIIIIIIIIIIIIIIIIIIIIIIIIIIIIIIIIIIIIIIIIIIIIII
IIIIIIIIIIIIAA1IIIIIIIIIIIIIIIIIIIIIIIIIIIIIIIIA1IIIIIIIIIIIIIII
IIIIIIIIIIIIAA1IIA1IIIIIIIIIIIIIIIIIIIIIIIIIIIIA1IIIIIIIIIIIIIII
IIIIIIIIA1IIAA1IIA1IIIIIIIIIIIIIIIIIIIIIIIIIIIIA1IIIIIIIIIIIIIII
IIIIA1IIA1IIAA1IIA1IIIIIIIIIIIIIIIIIIIIIIIIIIIIA1IIIIIIIIIIIIIII
IIIIA1IIAA1IAA1IIA1IIIIIIIIIIIIIIIIIIIIIIIIIIIIA1IIIIIIIIIIIIIII
IIIIA1IIAAA1AA1IIA1IIIIIIIIIIIIIIIIIIIIIIIIIIIIA1IIIIIIIIIIIIIII
IIIIA1IIAAAAAA1IIA1IIIIIIIIIIIIIIIIIIIIIIIIIIIIA1IIIIIIIIIIIIIII
IIIAA1IIAAAAAA1IIA1IIIIIIIIIIIIIIIIIIIIIIIIIIIIA1IIIIIIIIIIIIIII
IIIIIIIIIIIIAIIIIIIIIIIIIIIIIIIIIIIIIIIIIIIIIIIIIIIIIIIIIIIIIIII
IIIIIIIIIIIIAAIIIIIIIIIIIIIIIIIIIIIIIIIIIIIIIIIIIIIIIIIIIIIIIIII
IIIIIIIIIIIIAAIIIIIIIIIIIIIIIIIIIIIIIIIIIIIIIIIAIIIIIIIIIIIIIIII
IIIIIIIIIIIIAAIIIAIIIIIIIIIIIIIIIIIIIIIIIIIIIIIAIIIIIIIIIIIIIIII
IIIIIIIIAIIIAAIIIAIIIIIIIIIIIIIIIIIIIIIIIIIIIIIAIIIIIIIIIIIIIIII
IIIIAIIIAIIIAAIIIAIIIIIIIIIIIIIIIIIIIIIIIIIIIIIAIIIIIIIIIIIIIIII
IIIIAIIIAAIIAAIIIAIIIIIIIIIIIIIIIIIIIIIIIIIIIIIAIIIIIIIIIIIIIIII
IIIIAIIIAAAIAAIIIAIIIIIIIIIIIIIIIIIIIIIIIIIIIIIAIIIIIIIIIIIIIIII
IIIIAIIIAAAAAAIIIAIIIIIIIIIIIIIIIIIIIIIIIIIIIIIAIIIIIIIIIIIIIIII
IIIIA1IIAAAAAAIIIAIIIIIIIIIIIIIIIIIIIIIIIIIIIIIAIIIIIIIIIIIIIIII
IIIAA1IIAAAAAAIIIAIIIIIIIIIIIIIIIIIIIIIIIIIIIIIAIIIIIIIIIIIIIIII
IIIIIIIIIIIIIA1IIIIIIIIIIIIIIIIIIIIIIIIIIIIIIIIIIIIIIIIIIIIIIIII
IIIIIIIIIIIIIA1IIIIIIIIIIIIIIIIIIIIIIIIIIIIIIIIA1IIIIIIIIIIIIIII
IIIIIIIIIIIIIA1IIA1IIIIIIIIIIIIIIIIIIIIIIIIIIIIA1IIIIIIIIIIIIIII
IIIIIIIIA1IIIA1IIA1IIIIIIIIIIIIIIIIIIIIIIIIIIIIA1IIIIIIIIIIIIIII
IIIIA1IIA1IIIA1IIA1IIIIIIIIIIIIIIIIIIIIIIIIIIIIA1IIIIIIIIIIIIIII
IIIIA1IIAA1IIA1IIA1IIIIIIIIIIIIIIIIIIIIIIIIIIIIA1IIIIIIIIIIIIIII
IIIIA1IIAAA1IA1IIA1IIIIIIIIIIIIIIIIIIIIIIIIIIIIA1IIIIIIIIIIIIIII
IIIIA1IIAAAA1A1IIA1IIIIIIIIIIIIIIIIIIIIIIIIIIIIA1IIIIIIIIIIIIIII
IIIAA1IIAAAA1A1IIA1IIIIIIIIIIIIIIIIIIIIIIIIIIIIA1IIIIIIIIIIIIIII
IIIAA1IIAAAAAA1IIA1IIIIIIIIIIIIIIIIIIIIIIIIIIIIA1IIIIIIIIIIIIIII
IIIIIIIIIIIIIA2IIIIIIIIIIIIIIIIIIIIIIIIIIIIIIIIIIIIIIIIIIIIIIIII
IIIIIIIIIIIIIA2IIIIIIIIIIIIIIIIIIIIIIIIIIIIIIIIA2IIIIIIIIIIIIIII
IIIIIIIIIIIIAA2IIIIIIIIIIIIIIIIIIIIIIIIIIIIIIIIA2IIIIIIIIIIIIIII
IIIIIIIIIIIIAA2IIA2IIIIIIIIIIIIIIIIIIIIIIIIIIIIA2IIIIIIIIIIIIIII
IIIIIIIIA1IIAA2IIA2IIIIIIIIIIIIIIIIIIIIIIIIIIIIA2IIIIIIIIIIIIIII
IIIIA1IIA1IIAA2IIA2IIIIIIIIIIIIIIIIIIIIIIIIIIIIA2IIIIIIIIIIIIIII
IIIIA1IIAA1IAA2IIA2IIIIIIIIIIIIIIIIIIIIIIIIIIIIA2IIIIIIIIIIIIIII
IIIIA1IIAAA1AA2IIA2IIIIIIIIIIIIIIIIIIIIIIIIIIIIA2IIIIIIIIIIIIIII
IIIIA1IIAAAAAA2IIA2IIIIIIIIIIIIIIIIIIIIIIIIIIIIA2IIIIIIIIIIIIIII
IIIAA1IIAAAAAA2IIA2IIIIIIIIIIIIIIIIIIIIIIIIIIIIA2IIIIIIIIIIIIIII
IIIIIIIIIIIIIAIIIIIIIIIIIIIIIIIIIIIIIIIIIIIIIIIIIIIIIIIIIIIIIIII
IIIIIIIIIIIIIAIIIIIIIIIIIIIIIIIIIIIIIIIIIIIIIIIAIIIIIIIIIIIIIIII
IIIIIIIIIIIIIAIIIAIIIIIIIIIIIIIIIIIIIIIIIIIIIIIAIIIIIIIIIIIIIIII
IIIIIIIIAIIIIAIIIAIIIIIIIIIIIIIIIIIIIIIIIIIIIIIAIIIIIIIIIIIIIIII
IIIIAIIIAIIIIAIIIAIIIIIIIIIIIIIIIIIIIIIIIIIIIIIAIIIIIIIIIIIIIIII
IIIIAIIIAAIIIAIIIAIIIIIIIIIIIIIIIIIIIIIIIIIIIIIAIIIIIIIIIIIIIIII
IIIIAIIIAAAIIAIIIAIIIIIIIIIIIIIIIIIIIIIIIIIIIIIAIIIIIIIIIIIIIIII
IIIIAIIIAAAAIAIIIAIIIIIIIIIIIIIIIIIIIIIIIIIIIIIAIIIIIIIIIIIIIIII
IIIAAIIIAAAAIAIIIAIIIIIIIIIIIIIIIIIIIIIIIIIIIIIAIIIIIIIIIIIIIIII
IIIAAIIIAAAAAAIIIAIIIIIIIIIIIIIIIIIIIIIIIIIIIIIAIIIIIIIIIIIIIIII
IIIIIIIIIIIIIA2IIIIIIIIIIIIIIIIIIIIIIIIIIIIIIIIIIIIIIIIIIIIIIIII
IIIIIIIIIIIIIA2IIIIIIIIIIIIIIIIIIIIIIIIIIIIIIIIA1IIIIIIIIIIIIIII
IIIIIIIIIIIIIA2IIA1IIIIIIIIIIIIIIIIIIIIIIIIIIIIA1IIIIIIIIIIIIIII
IIIIIIIIIIIIIAIIIIIIIIIIIIIIIIIIIIIIIIIIIIIIIIIIIIIIIIIIIIIIIIII
IIIIIIIIIIIIIAIIIIIIIIIIIIIIIIIIIIIIIIIIIIIIIIIAIIIIIIIIIIIIIIII
IIIIIIIIIIIIIAIIIAIIIIIIIIIIIIIIIIIIIIIIIIIIIIIAIIIIIIIIIIIIIIII
IIIIIIIIAIIIIAIIIAIIIIIIIIIIIIIIIIIIIIIIIIIIIIIAIIIIIIIIIIIIIIII
IIIIAIIIAIIIIAIIIAIIIIIIIIIIIIIIIIIIIIIIIIIIIIIAIIIIIIIIIIIIIIII
IIIIAIIIAAIIIAIIIAIIIIIIIIIIIIIIIIIIIIIIIIIIIIIAIIIIIIIIIIIIIIII
IIIIAIIIAAAIIAIIIAIIIIIIIIIIIIIIIIIIIIIIIIIIIIIAIIIIIIIIIIIIIIII
IIIIAIIIAAAAIAIIIAIIIIIIIIIIIIIIIIIIIIIIIIIIIIIAIIIIIIIIIIIIIIII
IIIAAIIIAAAAIAIIIAIIIIIIIIIIIIIIIIIIIIIIIIIIIIIAIIIIIIIIIIIIIIII
IIIAAIIIAAAAAAIIIAIIIIIIIIIIIIIIIIIIIIIIIIIIIIIAIIIIIIIIIIIIIIII
IIIAAIIIAAAAAA2IIAIIIIIIIIIIIIIIIIIIIIIIIIIIIIIAIIIIIIIIIIIIIIII
IIIAAIIIAAAAAA2IIAIIIIIIIIIIIIIIIIIIIIIIIIIIIIIA2IIIIIIIIIIIIIII
IIIAAIIIAAAAAA2IIA2IIIIIIIIIIIIIIIIIIIIIIIIIIIIA2IIIIIIIIIIIIIII
IIIAA2IIAAAAAA2IIA2IIIIIIIIIIIIIIIIIIIIIIIIIIIIA2IIIIIIIIIIIIIII
IIIIIIIIIIIIA2IIIIIIIIIIIIIIIIIIIIIIIIIIIIIIIIIIIIIIIIIIIIIIIIII
IIIIIIIIIIIIIA2IIIIIIIIIIIIIIIIIIIIIIIIIIIIIIIIIIIIIIIIIIIIIIIII
IIIIIIIIIIIIIA2IIIIIIIIIIIIIIIIIIIIIIIIIIIIIIIIA2IIIIIIIIIIIIIII
IIIIIIIIIIIIIA2IIA2IIIIIIIIIIIIIIIIIIIIIIIIIIIIA2IIIIIIIIIIIIIII
IIIIIIIIA2IIIA2IIA2IIIIIIIIIIIIIIIIIIIIIIIIIIIIA2IIIIIIIIIIIIIII
IIIIA2IIA2IIIA2IIA2IIIIIIIIIIIIIIIIIIIIIIIIIIIIA2IIIIIIIIIIIIIII
IIIIA2IIAA2IIA2IIA2IIIIIIIIIIIIIIIIIIIIIIIIIIIIA2IIIIIIIIIIIIIII
IIIIA2IIAAA2IA2IIA2IIIIIIIIIIIIIIIIIIIIIIIIIIIIA2IIIIIIIIIIIIIII
IIIIA2IIAAAA2A2IIA2IIIIIIIIIIIIIIIIIIIIIIIIIIIIA2IIIIIIIIIIIIIII
IIIAA2IIAAAA2A2IIA2IIIIIIIIIIIIIIIIIIIIIIIIIIIIA2IIIIIIIIIIIIIII
IIIAA2IIAAAAAA2IIA2IIIIIIIIIIIIIIIIIIIIIIIIIIIIA2IIIIIIIIIIIIIII
IIIIIIIIIIIIIA1IIIIIIIIIIIIIIIIIIIIIIIIIIIIIIIIIIIIIIIIIIIIIIIII
IIIIIIIIIIIIIA1IIIIIIIIIIIIIIIIIIIIIIIIIIIIIIIIA1IIIIIIIIIIIIIII
IIIIIIIIIIIIIA1IIA1IIIIIIIIIIIIIIIIIIIIIIIIIIIIA1IIIIIIIIIIIIIII
IIIIIIIIA1IIIA1IIA1IIIIIIIIIIIIIIIIIIIIIIIIIIIIA1IIIIIIIIIIIIIII
IIIIA1IIA1IIIA1IIA1IIIIIIIIIIIIIIIIIIIIIIIIIIIIA1IIIIIIIIIIIIIII
IIIIA1IIAA1IIA1IIA1IIIIIIIIIIIIIIIIIIIIIIIIIIIIA1IIIIIIIIIIIIIII
IIIIA1IIAAA1IA1IIA1IIIIIIIIIIIIIIIIIIIIIIIIIIIIA1IIIIIIIIIIIIIII
IIIIA1IIAAAA1A1IIA1IIIIIIIIIIIIIIIIIIIIIIIIIIIIA1IIIIIIIIIIIIIII
IIIAA1IIAAAA1A1IIA1IIIIIIIIIIIIIIIIIIIIIIIIIIIIA1IIIIIIIIIIIIIII
IIIAA1IIAAAAAA1IIA1IIIIIIIIIIIIIIIIIIIIIIIIIIIIA1IIIIIIIIIIIIIII
IIIIIIIIIIIIIAIIIIIIIIIIIIIIIIIIIIIIIIIIIIIIIIIIIIIIIIIIIIIIIIII
IIIIIIIIIIIIIAIIIIIIIIIIIIIIIIIIIIIIIIIIIIIIIIIAIIIIIIIIIIIIIIII
IIIIIIIIIIIIIAIIIAIIIIIIIIIIIIIIIIIIIIIIIIIIIIIAIIIIIIIIIIIIIIII
IIIIIIIIA2IIIAIIIAIIIIIIIIIIIIIIIIIIIIIIIIIIIIIAIIIIIIIIIIIIIIII
IIIIA2IIA2IIIAIIIAIIIIIIIIIIIIIIIIIIIIIIIIIIIIIAIIIIIIIIIIIIIIII
IIIIA2IIAA2IIAIIIAIIIIIIIIIIIIIIIIIIIIIIIIIIIIIAIIIIIIIIIIIIIIII
IIIIA2IIAAA2IAIIIAIIIIIIIIIIIIIIIIIIIIIIIIIIIIIAIIIIIIIIIIIIIIII
IIIIA2IIAAAA2AIIIAIIIIIIIIIIIIIIIIIIIIIIIIIIIIIAIIIIIIIIIIIIIIII
IIIAA2IIAAAA2AIIIAIIIIIIIIIIIIIIIIIIIIIIIIIIIIIAIIIIIIIIIIIIIIII
IIIAA2IIAAAAAAIIIAIIIIIIIIIIIIIIIIIIIIIIIIIIIIIAIIIIIIIIIIIIIIII
IIIIIIIIIIIIIA1IIIIIIIIIIIIIIIIIIIIIIIIIIIIIIIIIIIIIIIIIIIIIIIII
IIIIIIIIIIIIIA1IIIIIIIIIIIIIIIIIIIIIIIIIIIIIIIIA1IIIIIIIIIIIIIII
IIIIIIIIIIIIIA1IIA1IIIIIIIIIIIIIIIIIIIIIIIIIIIIA1IIIIIIIIIIIIIII
IIIIIIIIA1IIIA1IIA1IIIIIIIIIIIIIIIIIIIIIIIIIIIIA1IIIIIIIIIIIIIII
IIIIA1IIA1IIIA1IIA1IIIIIIIIIIIIIIIIIIIIIIIIIIIIA1IIIIIIIIIIIIIII
IIIIA1IIAA1IIA1IIA1IIIIIIIIIIIIIIIIIIIIIIIIIIIIA1IIIIIIIIIIIIIII
IIIIA1IIAAA1IA1IIA1IIIIIIIIIIIIIIIIIIIIIIIIIIIIA1IIIIIIIIIIIIIII
IIIIA1IIAAAA1A1IIA1IIIIIIIIIIIIIIIIIIIIIIIIIIIIA1IIIIIIIIIIIIIII
IIIAA1IIAAAA1A1IIA1IIIIIIIIIIIIIIIIIIIIIIIIIIIIA1IIIIIIIIIIIIIII
IIIAA1IIAAAAAA1IIA1IIIIIIIIIIIIIIIIIIIIIIIIIIIIA1IIIIIIIIIIIIIII
IIIIIIIIIIIIIAIIIIIIIIIIIIIIIIIIIIIIIIIIIIIIIIIIIIIIIIIIIIIIIIII
IIIIIIIIIIIIIAIIIIIIIIIIIIIIIIIIIIIIIIIIIIIIIIIAIIIIIIIIIIIIIIII
IIIIIIIIIIIIIAIIIAIIIIIIIIIIIIIIIIIIIIIIIIIIIIIAIIIIIIIIIIIIIIII
IIIIIIIIAIIIIAIIIAIIIIIIIIIIIIIIIIIIIIIIIIIIIIIAIIIIIIIIIIIIIIII
IIIIAIIIAIIIIAIIIAIIIIIIIIIIIIIIIIIIIIIIIIIIIIIAIIIIIIIIIIIIIIII
IIIIAIIIAAIIIAIIIAIIIIIIIIIIIIIIIIIIIIIIIIIIIIIAIIIIIIIIIIIIIIII
IIIIAIIIAAAIIAIIIAIIIIIIIIIIIIIIIIIIIIIIIIIIIIIAIIIIIIIIIIIIIIII
IIIIAIIIAAAAIAIIIAIIIIIIIIIIIIIIIIIIIIIIIIIIIIIAIIIIIIIIIIIIIIII
IIIAAIIIAAAAIAIIIAIIIIIIIIIIIIIIIIIIIIIIIIIIIIIAIIIIIIIIIIIIIIII
IIIIIIIIIIIIA2IIIIIIIIIIIIIIIIIIIIIIIIIIIIIIIIIIIIIIIIIIIIIIIIII
IIIIIIIIIIIIIA2IIIIIIIIIIIIIIIIIIIIIIIIIIIIIIIIIIIIIIIIIIIIIIIII
IIIIIIIIIIIIIA2IIIIIIIIIIIIIIIIIIIIIIIIIIIIIIIIA2IIIIIIIIIIIIIII
IIIIIIIIIIIIIA2IIA2IIIIIIIIIIIIIIIIIIIIIIIIIIIIA2IIIIIIIIIIIIIII
IIIIIIIIA2IIIA2IIA2IIIIIIIIIIIIIIIIIIIIIIIIIIIIA2IIIIIIIIIIIIIII
IIIIA2IIA2IIIA2IIA2IIIIIIIIIIIIIIIIIIIIIIIIIIIIA2IIIIIIIIIIIIIII
IIIIA2IIAA2IIA2IIA2IIIIIIIIIIIIIIIIIIIIIIIIIIIIA2IIIIIIIIIIIIIII
IIIIA2IIAAA2IA2IIA2IIIIIIIIIIIIIIIIIIIIIIIIIIIIA2IIIIIIIIIIIIIII
IIIIA2IIAAAA2A2IIA2IIIIIIIIIIIIIIIIIIIIIIIIIIIIA2IIIIIIIIIIIIIII
IIIIA1IIAAAA2A2IIA2IIIIIIIIIIIIIIIIIIIIIIIIIIIIA2IIIIIIIIIIIIIII
IIIAA1IIAAAA2A2IIA2IIIIIIIIIIIIIIIIIIIIIIIIIIIIA2IIIIIIIIIIIIIII
IIIIIIIIIIIIA1IIIIIIIIIIIIIIIIIIIIIIIIIIIIIIIIIIIIIIIIIIIIIIIIII
IIIIIIIIIIIIIA1IIIIIIIIIIIIIIIIIIIIIIIIIIIIIIIIIIIIIIIIIIIIIIIII
IIIIIIIIIIIIIA1IIIIIIIIIIIIIIIIIIIIIIIIIIIIIIIIA1IIIIIIIIIIIIIII
IIIIIIIIIIIIIA1IIA1IIIIIIIIIIIIIIIIIIIIIIIIIIIIA1IIIIIIIIIIIIIII
IIIIIIIIA1IIIA1IIA1IIIIIIIIIIIIIIIIIIIIIIIIIIIIA1IIIIIIIIIIIIIII
IIIIA1IIA1IIIA1IIA1IIIIIIIIIIIIIIIIIIIIIIIIIIIIA1IIIIIIIIIIIIIII
IIIIA1IIAA1IIA1IIA1IIIIIIIIIIIIIIIIIIIIIIIIIIIIA1IIIIIIIIIIIIIII
IIIIA1IIAAA1IA1IIA1IIIIIIIIIIIIIIIIIIIIIIIIIIIIA1IIIIIIIIIIIIIII
IIIIA1IIAAAA1A1IIA1IIIIIIIIIIIIIIIIIIIIIIIIIIIIA1IIIIIIIIIIIIIII
IIIAA1IIAAAA1A1IIA1IIIIIIIIIIIIIIIIIIIIIIIIIIIIA1IIIIIIIIIIIIIII
IIIIIIIIIIIIA1IIIIIIIIIIIIIIIIIIIIIIIIIIIIIIIIIIIIIIIIIIIIIIIIII
IIIIIIIIIIIIAI1IIII222I2IIIIIIIIIIIIIIIIIIIIIIIIIIIIIIIIIIIIIIII
IIIIIIIIIIIIA11112222222IIIIIIIIIIIIIIIIIIIIIIIIIIIIIIIIIIIIIIII
IIIIIIIIIIIIA111122222222IIIIIIIIIIIIIIIIIIIIIIIIIIIIIIIIIIIIIII
IIIIIIIIIAIIIIIIIIIIIIIIIIIIIIIIIIIIIIIIIIIIIIIIIIIIIIIIIIIIIIII
IIIIAIIIIAIIIIIIIIIIIIIIIIIIIIIIIIIIIIIIIIIIIIIIIIIIIIIIIIIIIIII
IIIAA2IIIAIIIIIIIIIIIIIIIIIIIIIIIIIIIIIIIIIIIIIIIIIIIIIIIIIIIIII
IIIAA12IIAIIIIIIIIIIIIIIIIIIIIIIIIIIIIIIIIIIIIIIIIIIIIIIIIIIIIII
IIIIIIIIIII2AIIIIIIIIIIIIIIIIIIIIIIIIIIIIIIIIIIIIIIIIIIIIIIIIIII
IIIIIIIIIII2AAIIIIIIIIIIIIIIIIIIIIIIIIIIIIIIIIIIIIIIIIIIIIIIIIII
IIIIIIIIIII2AAIIIIIIIIIIIIIIIIIIIIIIIIIIIIIIII2AIIIIIIIIIIIIIIII
IIIIIIIIIII2AAII2AIIIIIIIIIIIIIIIIIIIIIIIIIIII2AIIIIIIIIIIIIIIII
IIIIIII2AII2AAII2AIIIIIIIIIIIIIIIIIIIIIIIIIIII2AIIIIIIIIIIIIIIII
III2AII2AII2AAII2AIIIIIIIIIIIIIIIIIIIIIIIIIIII2AIIIIIIIIIIIIIIII
III2AII2AAI2AAII2AIIIIIIIIIIIIIIIIIIIIIIIIIIII2AIIIIIIIIIIIIIIII
III2AII2AAA2AAII2AIIIIIIIIIIIIIIIIIIIIIIIIIIII2AIIIIIIIIIIIIIIII
III2AII2AAAAAAII2AIIIIIIIIIIIIIIIIIIIIIIIIIIII2AIIIIIIIIIIIIIIII
II2AAII2AAAAAAII2AIIIIIIIIIIIIIIIIIIIIIIIIIIII2AIIIIIIIIIIIIIIII
IIIIIIIIIIIIA2IIIIIIIIIIIIIIIIIIIIIIIIIIIIIIIIIIIIIIIIIIIIIIIIII
IIIIIIIIIIIIAA2IIIIIIIIIIIIIIIIIIIIIIIIIIIIIIIIIIIIIIIIIIIIIIIII
IIIIIIIIIIIIAA2IIIIIIIIIIIIIIIIIIIIIIIIIIIIIIIIA2IIIIIIIIIIIIIII
IIIIIIIIIIIIAA2IIA2IIIIIIIIIIIIIIIIIIIIIIIIIIIIA2IIIIIIIIIIIIIII
IIIIIIIIA2IIAA2IIA2IIIIIIIIIIIIIIIIIIIIIIIIIIIIA2IIIIIIIIIIIIIII
IIIIA2IIA2IIAA2IIA2IIIIIIIIIIIIIIIIIIIIIIIIIIIIA2IIIIIIIIIIIIIII
IIIIA2IIAA2IAA2IIA2IIIIIIIIIIIIIIIIIIIIIIIIIIIIA2IIIIIIIIIIIIIII
IIIIA2IIAAA2AA2IIA2IIIIIIIIIIIIIIIIIIIIIIIIIIIIA2IIIIIIIIIIIIIII
IIIIA2IIAAAAAA2IIA2IIIIIIIIIIIIIIIIIIIIIIIIIIIIA2IIIIIIIIIIIIIII
IIIAA2IIAAAAAA2IIA2IIIIIIIIIIIIIIIIIIIIIIIIIIIIA2IIIIIIIIIIIIIII
IIIIIIIIIIIIA1IIIIIIIIIIIIIIIIIIIIIIIIIIIIIIIIIIIIIIIIIIIIIIIIII
IIIIIIIIIIIIAA1IIIIIIIIIIIIIIIIIIIIIIIIIIIIIIIIIIIIIIIIIIIIIIIII
IIIIIIIIIIIIAA1IIIIIIIIIIIIIIIIIIIIIIIIIIIIIIIIA1IIIIIIIIIIIIIII
IIIIIIIIIIIIAA1IIA1IIIIIIIIIIIIIIIIIIIIIIIIIIIIA1IIIIIIIIIIIIIII
IIIIIIIIA1IIAA1IIA1IIIIIIIIIIIIIIIIIIIIIIIIIIIIA1IIIIIIIIIIIIIII
IIIIA1IIA1IIAA1IIA1IIIIIIIIIIIIIIIIIIIIIIIIIIIIA1IIIIIIIIIIIIIII
IIIIA1IIAA1IAA1IIA1IIIIIIIIIIIIIIIIIIIIIIIIIIIIA1IIIIIIIIIIIIIII
IIIIA1IIAAA1AA1IIA1IIIIIIIIIIIIIIIIIIIIIIIIIIIIA1IIIIIIIIIIIIIII
IIIIA1IIAAAAAA1IIA1IIIIIIIIIIIIIIIIIIIIIIIIIIIIA1IIIIIIIIIIIIIII
IIIAA1IIAAAAAA1IIA1IIIIIIIIIIIIIIIIIIIIIIIIIIIIA1IIIIIIIIIIIIIII
IIIIIIIIIIIIA1IIIIIIIIIIIIIIIIIIIIIIIIIIIIIIIIIIIIIIIIIIIIIIIIII
IIIIIIIIIIIIAAIIIIIIIIIIIIIIIIIIIIIIIIIIIIIIIIIIIIIIIIIIIIIIIIII
IIIIIIIIIIIIAAIIIIIIIIIIIIIIIIIIIIIIIIIIIIIIIIIAIIIIIIIIIIIIIIII
IIIIIIIIIIIIAAIIIAIIIIIIIIIIIIIIIIIIIIIIIIIIIIIAIIIIIIIIIIIIIIII
IIIIIIIIAIIIAAIIIAIIIIIIIIIIIIIIIIIIIIIIIIIIIIIAIIIIIIIIIIIIIIII
IIIIAIIIAIIIAAIIIAIIIIIIIIIIIIIIIIIIIIIIIIIIIIIAIIIIIIIIIIIIIIII
IIIIAIIIAAIIAAIIIAIIIIIIIIIIIIIIIIIIIIIIIIIIIIIAIIIIIIIIIIIIIIII
IIIIAIIIAAAIAAIIIAIIIIIIIIIIIIIIIIIIIIIIIIIIIIIAIIIIIIIIIIIIIIII
IIIIAIIIAAAAAAIIIAIIIIIIIIIIIIIIIIIIIIIIIIIIIIIAIIIIIIIIIIIIIIII
IIIAAIIIAAAAAAIIIAIIIIIIIIIIIIIIIIIIIIIIIIIIIIIAIIIIIIIIIIIIIIII
IIIIIIIIIIIIA2IIIIIIIIIIIIIIIIIIIIIIIIIIIIIIIIIIIIIIIIIIIIIIIIII
IIIIIIIIIIIIAA2IIIIIIIIIIIIIIIIIIIIIIIIIIIIIIIIIIIIIIIIIIIIIIIII
IIIIIIIIIIIIAA2IIIIIIIIIIIIIIIIIIIIIIIIIIIIIIIIA2IIIIIIIIIIIIIII
IIIIIIIIIIIIAA2IIA2IIIIIIIIIIIIIIIIIIIIIIIIIIIIA2IIIIIIIIIIIIIII
IIIIIIIIA2IIAA2IIA2IIIIIIIIIIIIIIIIIIIIIIIIIIIIA2IIIIIIIIIIIIIII
IIIIA2IIA2IIAA2IIA2IIIIIIIIIIIIIIIIIIIIIIIIIIIIA2IIIIIIIIIIIIIII
IIIIA2IIAA2IAA2IIA2IIIIIIIIIIIIIIIIIIIIIIIIIIIIA2IIIIIIIIIIIIIII
IIIIA2IIAAA2AA2IIA2IIIIIIIIIIIIIIIIIIIIIIIIIIIIA2IIIIIIIIIIIIIII
IIIIA2IIAAAAAA2IIA2IIIIIIIIIIIIIIIIIIIIIIIIIIIIA2IIIIIIIIIIIIIII
IIIIA1IIAAAAAA2IIA2IIIIIIIIIIIIIIIIIIIIIIIIIIIIA2IIIIIIIIIIIIIII
IIIAA1IIAAAAAA2IIA2IIIIIIIIIIIIIIIIIIIIIIIIIIIIA2IIIIIIIIIIIIIII
IIIIIIIIIIIIIA1IIIIIIIIIIIIIIIIIIIIIIIIIIIIIIIIIIIIIIIIIIIIIIIII
IIIIIIIIIIIIIA1IIIIIIIIIIIIIIIIIIIIIIIIIIIIIIIIA1IIIIIIIIIIIIIII
IIIIIIIIIIIIIA1IIA1IIIIIIIIIIIIIIIIIIIIIIIIIIIIA1IIIIIIIIIIIIIII
IIIIIIIIA1IIIA1IIA1IIIIIIIIIIIIIIIIIIIIIIIIIIIIA1IIIIIIIIIIIIIII
IIIIA1IIA1IIIA1IIA1IIIIIIIIIIIIIIIIIIIIIIIIIIIIA1IIIIIIIIIIIIIII
IIIIA1IIAA1IIA1IIA1IIIIIIIIIIIIIIIIIIIIIIIIIIIIA1IIIIIIIIIIIIIII
IIIIA1IIAAA1IA1IIA1IIIIIIIIIIIIIIIIIIIIIIIIIIIIA1IIIIIIIIIIIIIII
IIIIA1IIAAAA1A1IIA1IIIIIIIIIIIIIIIIIIIIIIIIIIIIA1IIIIIIIIIIIIIII
IIIAA1IIAAAA1A1IIA1IIIIIIIIIIIIIIIIIIIIIIIIIIIIA1IIIIIIIIIIIIIII
IIIAA1IIAAAAAA1IIA1IIIIIIIIIIIIIIIIIIIIIIIIIIIIA1IIIIIIIIIIIIIII
IIIIIIIIIIIIIAIIIIIIIIIIIIIIIIIIIIIIIIIIIIIIIIIIIIIIIIIIIIIIIIII
IIIIIIIIIIIIIAIIIIIIIIIIIIIIIIIIIIIIIIIIIIIIIIIAIIIIIIIIIIIIIIII
IIIIIIIIIIIIIAIIIAIIIIIIIIIIIIIIIIIIIIIIIIIIIIIAIIIIIIIIIIIIIIII
IIIIIIIIA2IIIAIIIAIIIIIIIIIIIIIIIIIIIIIIIIIIIIIAIIIIIIIIIIIIIIII
IIIIA2IIA2IIIAIIIAIIIIIIIIIIIIIIIIIIIIIIIIIIIIIAIIIIIIIIIIIIIIII
IIIIA2IIAA2IIAIIIAIIIIIIIIIIIIIIIIIIIIIIIIIIIIIAIIIIIIIIIIIIIIII
IIIIA2IIAAA2IAIIIAIIIIIIIIIIIIIIIIIIIIIIIIIIIIIAIIIIIIIIIIIIIIII
IIIIA2IIAAAA2AIIIAIIIIIIIIIIIIIIIIIIIIIIIIIIIIIAIIIIIIIIIIIIIIII
IIIAA2IIAAAA2AIIIAIIIIIIIIIIIIIIIIIIIIIIIIIIIIIAIIIIIIIIIIIIIIII
IIIIIIIIIIIIA2IIIIIIIIIIIIIIIIIIIIIIIIIIIIIIIIIIIIIIIIIIIIIIIIII
IIIIIIIIIIIIAA2IIIIIIIIIIIIIIIIIIIIIIIIIIIIIIIIIIIIIIIIIIIIIIIII
IIIIIIIIIIIIAA2IIIIIIIIIIIIIIIIIIIIIIIIIIIIIIIIA2IIIIIIIIIIIIIII
IIIIIIIIIIIIAA2IIA2IIIIIIIIIIIIIIIIIIIIIIIIIIIIA2IIIIIIIIIIIIIII
IIIIIIIIA2IIAA2IIA2IIIIIIIIIIIIIIIIIIIIIIIIIIIIA2IIIIIIIIIIIIIII
IIIIA2IIA2IIAA2IIA2IIIIIIIIIIIIIIIIIIIIIIIIIIIIA2IIIIIIIIIIIIIII
IIIIA2IIAA2IAA2IIA2IIIIIIIIIIIIIIIIIIIIIIIIIIIIA2IIIIIIIIIIIIIII
IIIIA2IIAAA2AA2IIA2IIIIIIIIIIIIIIIIIIIIIIIIIIIIA2IIIIIIIIIIIIIII
IIIIA2IIAAAAAA2IIA2IIIIIIIIIIIIIIIIIIIIIIIIIIIIA2IIIIIIIIIIIIIII
IIIIIIIIIIIIA1IIIIIIIIIIIIIIIIIIIIIIIIIIIIIIIIIIIIIIIIIIIIIIIIII
IIIIIIIIIIA1A11111IIIIIIIIIIIIIIIIIIIIIIIIIIIIIIIIIIIIIIIIIIIIII
IIIIIIIIIIAAA11111IIIIIIIIIIIIIIIIIIIIIIIIIIIIIIIIIIIIIIIIIIIIII
IIIIIIIIIIAAA111111111111IIIIIIIIIIIIIIIIIIIIIIIIIIIIIIIIIIIIIII
IIIIIIIIIIIIA2IIIIIIIIIIIIIIIIIIIIIIIIIIIIIIIIIIIIIIIIIIIIIIIIII
IIIIIIIIIIIIIIIIIIIIIIIIIIIIIIIIIIIIIIIIIIIIIIIA1IIIIIIIIIIIIIII
IIIIIIIIIIIIIIIIIA1IIIIIIIIIIIIIIIIIIIIIIIIIIIIA1IIIIIIIIIIIIIII
IIIIIIIIIIIIIIIIIIIIIIIIIIIIIIIIIIIIIIIIIIIIIIIA2IIIIIIIIIIIIIII
IIIIIIIIIA2IIIIIIIIIIIIIIIIIIIIIIIIIIIIIIIIIIIIA2IIIIIIIIIIIIIII
IIIIA2IIIA2IIIIIIIIIIIIIIIIIIIIIIIIIIIIIIIIIIIIA2IIIIIIIIIIIIIII
IIIAA2IIIA2IIIIIIIIIIIIIIIIIIIIIIIIIIIIIIIIIIIIA2IIIIIIIIIIIIIII
IIIIIIIIIIIIA2IIIIIIIIIIIIIIIIIIIIIIIIIIIIIIIIIIIIIIIIIIIIIIIIII
IIIIIIIIIIIIIA2IIIIIIIIIIIIIIIIIIIIIIIIIIIIIIIIIIIIIIIIIIIIIIIII
IIIIIIIIIIIIIA2IIIIIIIIIIIIIIIIIIIIIIIIIIIIIIIIA2IIIIIIIIIIIIIII
IIIIIIIIIIIIIA2IIA2IIIIIIIIIIIIIIIIIIIIIIIIIIIIA2IIIIIIIIIIIIIII
IIIIIIIIA2IIIA2IIA2IIIIIIIIIIIIIIIIIIIIIIIIIIIIA2IIIIIIIIIIIIIII
IIIIA2IIA2IIIA2IIA2IIIIIIIIIIIIIIIIIIIIIIIIIIIIA2IIIIIIIIIIIIIII
IIIIA2IIAA2IIA2IIA2IIIIIIIIIIIIIIIIIIIIIIIIIIIIA2IIIIIIIIIIIIIII
IIIIA2IIAAA2IA2IIA2IIIIIIIIIIIIIIIIIIIIIIIIIIIIA2IIIIIIIIIIIIIII
IIIIA2IIAAAA2A2IIA2IIIIIIIIIIIIIIIIIIIIIIIIIIIIA2IIIIIIIIIIIIIII
IIIAA2IIAAAA2A2IIA2IIIIIIIIIIIIIIIIIIIIIIIIIIIIA2IIIIIIIIIIIIIII
IIIIIIIIIIIIIIIIIIIIIIIIIIIIIIIIIIIIIIIIIIIIIIIA2IIIIIIIIIIIIIII
IIIIIIIIIIIIA2IIIIIIIIIIIIIIIIIIIIIIIIIIIIIIIIIA2IIIIIIIIIIIIIII
IIIIIIIIIIIIA2IIIA2IIIIIIIIIIIIIIIIIIIIIIIIIIIIA2IIIIIIIIIIIIIII
IIIIIIIIIIIIAIIIIIIIIIIIIIIIIIIIIIIIIIIIIIIIIIIIIIIIIIIIIIIIIIII
IIIIIIIIIIIIA1IIIIIIIIIIIIIIIIIIIIIIIIIIIIIIIIIIIIIIIIIIIIIIIIII
IIIIIIIIIIIIAIIIIIIIIIIIIIIIIIIIIIIIIIIIIIIIIIIIIIIIIIIIIIIIIIII
IIIIIIIIAIIIAIIIIIIIIIIIIIIIIIIIIIIIIIIIIIIIIIIIIIIIIIIIIIIIIIII
IIIIAIIIAIIIAIIIIIIIIIIIIIIIIIIIIIIIIIIIIIIIIIIIIIIIIIIIIIIIIIII
IIIIAIIIAAIIAIIIIIIIIIIIIIIIIIIIIIIIIIIIIIIIIIIIIIIIIIIIIIIIIIII
IIIIAIIIAAAIAIIIIIIIIIIIIIIIIIIIIIIIIIIIIIIIIIIIIIIIIIIIIIIIIIII
IIIIAIIIAAAAAIIIIIIIIIIIIIIIIIIIIIIIIIIIIIIIIIIIIIIIIIIIIIIIIIII
IIIAAIIIAAAAAIIIIIIIIIIIIIIIIIIIIIIIIIIIIIIIIIIIIIIIIIIIIIIIIIII
IIIIIIIIIIIIIIIIIIIIIIIIIIIIIIIIIIIIIIIIIIIIIIIA1IIIIIIIIIIIIIII
IIIIIIIIIIIIIIIIIA1IIIIIIIIIIIIIIIIIIIIIIIIIIIIA1IIIIIIIIIIIIIII
IIIIIIIIIIIIA1IIIA1IIIIIIIIIIIIIIIIIIIIIIIIIIIIA1IIIIIIIIIIIIIII
IIIIIIIIA1IIA1IIIA1IIIIIIIIIIIIIIIIIIIIIIIIIIIIA1IIIIIIIIIIIIIII
IIIIA1IIA1IIA1IIIA1IIIIIIIIIIIIIIIIIIIIIIIIIIIIA1IIIIIIIIIIIIIII
IIIIA1IIAA1IA1IIIA1IIIIIIIIIIIIIIIIIIIIIIIIIIIIA1IIIIIIIIIIIIIII
IIIIA1IIAAA1A1IIIA1IIIIIIIIIIIIIIIIIIIIIIIIIIIIA1IIIIIIIIIIIIIII
IIIIA1IIAAAAA1IIIA1IIIIIIIIIIIIIIIIIIIIIIIIIIIIA1IIIIIIIIIIIIIII
IIIAA1IIAAAAA1IIIA1IIIIIIIIIIIIIIIIIIIIIIIIIIIIA1IIIIIIIIIIIIIII
IIIIIIIIIIIIIIIIIIIIIIIIIIIIIIIIIIIIIIIIIIIIIIIA1IIIIIIIIIIIIIII
IIIIIIIIIIIIIIIIIA1IIIIIIIIIIIIIIIIIIIIIIIIIIIIA1IIIIIIIIIIIIIII
IIIIIIIIIIIIIIIIIIIIIIIIIIIIIIIIIIIIIIIIIIIIIIIA1IIIIIIIIIIIIIII
IIIIIIIIIIIIIIIIIA1IIIIIIIIIIIIIIIIIIIIIIIIIIIIA1IIIIIIIIIIIIIII
IIIIIIIIA2IIIIIIIA1IIIIIIIIIIIIIIIIIIIIIIIIIIIIA1IIIIIIIIIIIIIII
IIIIA2IIA2IIIIIIIA1IIIIIIIIIIIIIIIIIIIIIIIIIIIIA1IIIIIIIIIIIIIII
IIIIA2IIAA2IIIIIIA1IIIIIIIIIIIIIIIIIIIIIIIIIIIIA1IIIIIIIIIIIIIII
IIIIA2IIAAA2IIIIIA1IIIIIIIIIIIIIIIIIIIIIIIIIIIIA1IIIIIIIIIIIIIII
IIIIA2IIAAAA2IIIIA1IIIIIIIIIIIIIIIIIIIIIIIIIIIIA1IIIIIIIIIIIIIII
IIIAA2IIAAAA2IIIIA1IIIIIIIIIIIIIIIIIIIIIIIIIIIIA1IIIIIIIIIIIIIII
IIIIIIIIIIIIA2IIIIIIIIIIIIIIIIIIIIIIIIIIIIIIIIIIIIIIIIIIIIIIIIII
IIIIIIIIIIIIA12IIIIIIIIIIIIIIIIIIIIIIIIIIIIIIIIIIIIIIIIIIIIIIIII
IIIIIIIIA12IIIIIIIIIIIIIIIIIIIIIIIIIIIIIIIIIIIIIIIIIIIIIIIIIIIII
IIIIA12IA12IIIIIIIIIIIIIIIIIIIIIIIIIIIIIIIIIIIIIIIIIIIIIIIIIIIII
IIIIA12IAA12IIIIIIIIIIIIIIIIIIIIIIIIIIIIIIIIIIIIIIIIIIIIIIIIIIII
IIIIA12IAAA12IIIIIIIIIIIIIIIIIIIIIIIIIIIIIIIIIIIIIIIIIIIIIIIIIII
IIIIA12IAAAA12IIIIIIIIIIIIIIIIIIIIIIIIIIIIIIIIIIIIIIIIIIIIIIIIII
IIIAA12IAAAA12IIIIIIIIIIIIIIIIIIIIIIIIIIIIIIIIIIIIIIIIIIIIIIIIII
IIIAA12IAAAAA2IIIIIIIIIIIIIIIIIIIIIIIIIIIIIIIIIIIIIIIIIIIIIIIIII
IIIAA12IAAAAA2IIIIIIIIIIIIIIIIIIIIIIIIIIIIIIIIIAIIIIIIIIIIIIIIII
IIIAA12IAAAAA2IIIAIIIIIIIIIIIIIIIIIIIIIIIIIIIIIAIIIIIIIIIIIIIIII
IIIIIIIIIIIIA12IIIIIIIIIIIIIIIIIIIIIIIIIIIIIIIIIIIIIIIIIIIIIIIII
IIIIIIIIA12IA12IIIIIIIIIIIIIIIIIIIIIIIIIIIIIIIIIIIIIIIIIIIIIIIII
IIIIA12IA12IA12IIIIIIIIIIIIIIIIIIIIIIIIIIIIIIIIIIIIIIIIIIIIIIIII
IIIIA12IAA12A12IIIIIIIIIIIIIIIIIIIIIIIIIIIIIIIIIIIIIIIIIIIIIIIII
IIIIA12IAAA1A12IIIIIIIIIIIIIIIIIIIIIIIIIIIIIIIIIIIIIIIIIIIIIIIII
IIIIA12IAAAAA12IIIIIIIIIIIIIIIIIIIIIIIIIIIIIIIIIIIIIIIIIIIIIIIII
IIIAA12IAAAAA12IIIIIIIIIIIIIIIIIIIIIIIIIIIIIIIIIIIIIIIIIIIIIIIII
IIIAA12IAAAAA12IIIIIIIIIIIIIIIIIIIIIIIIIIIIIIIIAIIIIIIIIIIIIIIII
IIIAA12IAAAAA12IIAIIIIIIIIIIIIIIIIIIIIIIIIIIIIIAIIIIIIIIIIIIIIII
IIIIIIIIIIIIIIIIIIIIIIIIIIIIIIIIIIIIIIIIIIIIIIIA2IIIIIIIIIIIIIII
IIIIIIIIIIIIA2IIIIIIIIIIIIIIIIIIIIIIIIIIIIIIIIIA2IIIIIIIIIIIIIII
IIIIIIIIIIIIA2IIIA2IIIIIIIIIIIIIIIIIIIIIIIIIIIIA2IIIIIIIIIIIIIII
IIIIIIIIIIIIA2IIIIIIIIIIIIIIIIIIIIIIIIIIIIIIIIIIIIIIIIIIIIIIIIII
IIIIIIIIIIIIA1IIIIIIIIIIIIIIIIIIIIIIIIIIIIIIIIIIIIIIIIIIIIIIIIII
IIIIIIIIA1IIIIIIIIIIIIIIIIIIIIIIIIIIIIIIIIIIIIIIIIIIIIIIIIIIIIII
IIIIA1IIA1IIIIIIIIIIIIIIIIIIIIIIIIIIIIIIIIIIIIIIIIIIIIIIIIIIIIII
IIIIA1IIAA1IIIIIIIIIIIIIIIIIIIIIIIIIIIIIIIIIIIIIIIIIIIIIIIIIIIII
IIIIA1IIAAA1IIIIIIIIIIIIIIIIIIIIIIIIIIIIIIIIIIIIIIIIIIIIIIIIIIII
IIIIA1IIAAAA1IIIIIIIIIIIIIIIIIIIIIIIIIIIIIIIIIIIIIIIIIIIIIIIIIII
IIIAA1IIAAAA1IIIIIIIIIIIIIIIIIIIIIIIIIIIIIIIIIIIIIIIIIIIIIIIIIII
IIIAA1IIAAAA1IIIIIIIIIIIIIIIIIIIIIIIIIIIIIIIIIIAIIIIIIIIIIIIIIII
IIIAA1IIAAAA1IIIIAIIIIIIIIIIIIIIIIIIIIIIIIIIIIIAIIIIIIIIIIIIIIII
IIIIIIIIIIIIIIIIIIIIIIIIIIIIIIIIIIIIIIIIIIIIIIIAIIIIIIIIIIIIIIII
IIIIIIIIIIIIAIIIIIIIIIIIIIIIIIIIIIIIIIIIIIIIIIIAIIIIIIIIIIIIIIII
IIIIIIIIIIIIAIIIIAIIIIIIIIIIIIIIIIIIIIIIIIIIIIIAIIIIIIIIIIIIIIII
IIIIIIIIAIIIAIIIIAIIIIIIIIIIIIIIIIIIIIIIIIIIIIIAIIIIIIIIIIIIIIII
IIIIAIIIAIIIAIIIIAIIIIIIIIIIIIIIIIIIIIIIIIIIIIIAIIIIIIIIIIIIIIII
IIIIAIIIAAIIAIIIIAIIIIIIIIIIIIIIIIIIIIIIIIIIIIIAIIIIIIIIIIIIIIII
IIIIAIIIAAAIAIIIIAIIIIIIIIIIIIIIIIIIIIIIIIIIIIIAIIIIIIIIIIIIIIII
IIIIAIIIAAAAAIIIIAIIIIIIIIIIIIIIIIIIIIIIIIIIIIIAIIIIIIIIIIIIIIII
IIIIAIIIAAAAAIIIIAIIIIIIIIIIIIIIIIIIIIIIIIIIIIIA1IIIIIIIIIIIIIII
IIIIAIIIAAAAA1IIIAIIIIIIIIIIIIIIIIIIIIIIIIIIIIIA1IIIIIIIIIIIIIII
IIIIAIIIAAAAA1IIIA1IIIIIIIIIIIIIIIIIIIIIIIIIIIIA1IIIIIIIIIIIIIII
IIIIA1IIAAAAA1IIIA1IIIIIIIIIIIIIIIIIIIIIIIIIIIIA1IIIIIIIIIIIIIII
IIIAA1IIAAAAA1IIIA1IIIIIIIIIIIIIIIIIIIIIIIIIIIIA1IIIIIIIIIIIIIII
IIIIIIIIIIIIIIIIIIIIIIIIIIIIIIIIIIIIIIIIIIIIIIIA1IIIIIIIIIIIIIII
IIIIIIIIIIIIIIIIIA1IIIIIIIIIIIIIIIIIIIIIIIIIIIIA1IIIIIIIIIIIIIII
IIIIIIIIIIIIIIIIIA1IIIIIIIIIIIIIIIIIIIIIIIIIII2A1IIIIIIIIIIIIIII
IIIIIIIIIIIIIIII2A1IIIIIIIIIIIIIIIIIIIIIIIIIII2A1IIIIIIIIIIIIIII
IIIIIII2AIIIIIII2A1IIIIIIIIIIIIIIIIIIIIIIIIIII2A1IIIIIIIIIIIIIII
III2AII2AIIIIIII2A1IIIIIIIIIIIIIIIIIIIIIIIIIII2A1IIIIIIIIIIIIIII
III2AII2AAIIIIII2A1IIIIIIIIIIIIIIIIIIIIIIIIIII2A1IIIIIIIIIIIIIII
III2AII2AAAIIIII2A1IIIIIIIIIIIIIIIIIIIIIIIIIII2A1IIIIIIIIIIIIIII
III2AII2AAAAIIII2A1IIIIIIIIIIIIIIIIIIIIIIIIIII2A1IIIIIIIIIIIIIII
II2AAII2AAAAIIII2A1IIIIIIIIIIIIIIIIIIIIIIIIIII2A1IIIIIIIIIIIIIII
IIIIIIIIIIIIA2IIIIIIIIIIIIIIIIIIIIIIIIIIIIIIIIIIIIIIIIIIIIIIIIII
IIIIIIIIA1IIIIIIIIIIIIIIIIIIIIIIIIIIIIIIIIIIIIIIIIIIIIIIIIIIIIII
IIIIA1IIA1IIIIIIIIIIIIIIIIIIIIIIIIIIIIIIIIIIIIIIIIIIIIIIIIIIIIII
IIIIA1IIAA1IIIIIIIIIIIIIIIIIIIIIIIIIIIIIIIIIIIIIIIIIIIIIIIIIIIII
IIIIA1IIAAA1IIIIIIIIIIIIIIIIIIIIIIIIIIIIIIIIIIIIIIIIIIIIIIIIIIII
IIIIA1IIAAAA1IIIIIIIIIIIIIIIIIIIIIIIIIIIIIIIIIIIIIIIIIIIIIIIIIII
IIIAA1IIAAAA1IIIIIIIIIIIIIIIIIIIIIIIIIIIIIIIIIIIIIIIIIIIIIIIIIII
IIIAA1IIAAAAA1IIIIIIIIIIIIIIIIIIIIIIIIIIIIIIIIIIIIIIIIIIIIIIIIII
IIIIIIIIIIIIIAIIIIIIIIIIIIIIIIIIIIIIIIIIIIIIIIIIIIIIIIIIIIIIIIII
IIIIIIIIIIIIIAIIIIIIIIIIIIIIIIIIIIIIIIIIIIIIIIIAIIIIIIIIIIIIIIII
IIIIIIIIIIIIIAIIIAIIIIIIIIIIIIIIIIIIIIIIIIIIIIIAIIIIIIIIIIIIIIII
IIIIIIIIAIIIIAIIIAIIIIIIIIIIIIIIIIIIIIIIIIIIIIIAIIIIIIIIIIIIIIII
IIIIAIIIAIIIIAIIIAIIIIIIIIIIIIIIIIIIIIIIIIIIIIIAIIIIIIIIIIIIIIII
IIIIAIIIAAIIIAIIIAIIIIIIIIIIIIIIIIIIIIIIIIIIIIIAIIIIIIIIIIIIIIII
IIIIAIIIAAAIIAIIIAIIIIIIIIIIIIIIIIIIIIIIIIIIIIIAIIIIIIIIIIIIIIII
IIIIAIIIAAAAIAIIIAIIIIIIIIIIIIIIIIIIIIIIIIIIIIIAIIIIIIIIIIIIIIII
IIIAAIIIAAAAIAIIIAIIIIIIIIIIIIIIIIIIIIIIIIIIIIIAIIIIIIIIIIIIIIII
IIIAAIIIAAAAIAIIIAIIIIIIIIIIIIIIIIIIIIIIIIIIIIIA1IIIIIIIIIIIIIII
IIIAAIIIAAAAIAIIIA1IIIIIIIIIIIIIIIIIIIIIIIIIIIIA1IIIIIIIIIIIIIII
IIIIIIIIIIIIIIIIIIIIIIIIIIIIIIIIIIIIIIIIIIIIIIIA1IIIIIIIIIIIIIII
IIIIIIIIIIIIA1IIIIIIIIIIIIIIIIIIIIIIIIIIIIIIIIIA1IIIIIIIIIIIIIII
IIIIIIIIIIIIA1IIIA1IIIIIIIIIIIIIIIIIIIIIIIIIIIIA1IIIIIIIIIIIIIII
IIIIIIIIA1IIA1IIIA1IIIIIIIIIIIIIIIIIIIIIIIIIIIIA1IIIIIIIIIIIIIII
IIIIA1IIA1IIA1IIIA1IIIIIIIIIIIIIIIIIIIIIIIIIIIIA1IIIIIIIIIIIIIII
IIIIA1IIAA1IA1IIIA1IIIIIIIIIIIIIIIIIIIIIIIIIIIIA1IIIIIIIIIIIIIII
IIIIA1IIAAA1A1IIIA1IIIIIIIIIIIIIIIIIIIIIIIIIIIIA1IIIIIIIIIIIIIII
IIIIA1IIAAAAA1IIIA1IIIIIIIIIIIIIIIIIIIIIIIIIIIIA1IIIIIIIIIIIIIII
IIIAA1IIAAAAA1IIIA1IIIIIIIIIIIIIIIIIIIIIIIIIIIIA1IIIIIIIIIIIIIII
IIIIIIIIIIIIIIIIIIIIIIIIIIIIIIIIIIIIIIIIIIIIIIIA1IIIIIIIIIIIIIII
IIIIIIIIIIIIIIIIIA1IIIIIIIIIIIIIIIIIIIIIIIIIIIIA1IIIIIIIIIIIIIII
IIIIIIIIA1IIIIIIIA1IIIIIIIIIIIIIIIIIIIIIIIIIIIIA1IIIIIIIIIIIIIII
IIIIA1IIA1IIIIIIIA1IIIIIIIIIIIIIIIIIIIIIIIIIIIIA1IIIIIIIIIIIIIII
IIIIA1IIAAIIIIIIIA1IIIIIIIIIIIIIIIIIIIIIIIIIIIIA1IIIIIIIIIIIIIII
IIIIA1IIAAAIIIIIIA1IIIIIIIIIIIIIIIIIIIIIIIIIIIIA1IIIIIIIIIIIIIII
IIIIA1IIAAAAIIIIIA1IIIIIIIIIIIIIIIIIIIIIIIIIIIIA1IIIIIIIIIIIIIII
III2A1IIAAAAIIIIIA1IIIIIIIIIIIIIIIIIIIIIIIIIIIIA1IIIIIIIIIIIIIII
II2AA1IIAAAAIIIIIA1IIIIIIIIIIIIIIIIIIIIIIIIIIIIA1IIIIIIIIIIIIIII
II2AA1I2AAAAIIIIIA1IIIIIIIIIIIIIIIIIIIIIIIIIIIIA1IIIIIIIIIIIIIII
II2AA1I2AAAAIIIIIA1IIIIIIIIIIIIIIIIIIIIIIIIIII2A1IIIIIIIIIIIIIII
II2AA1I2AAAAIIII2A1IIIIIIIIIIIIIIIIIIIIIIIIIII2A1IIIIIIIIIIIIIII
II2AA1I2AAAA1III2A1IIIIIIIIIIIIIIIIIIIIIIIIIII2A1IIIIIIIIIIIIIII
IIIIIIIIIIIIA1IIIIIIIIIIIIIIIIIIIIIIIIIIIIIIIIIIIIIIIIIIIIIIIIII
IIIIIIIIIIIIAAIIIIIIIIIIIIIIIIIIIIIIIIIIIIIIIIIIIIIIIIIIIIIIIIII
IIIIIIIIIIIIAAIIIIIIIIIIIIIIIIIIIIIIIIIIIIIIIIIAIIIIIIIIIIIIIIII
IIIIIIIIIIIIAAIIIAIIIIIIIIIIIIIIIIIIIIIIIIIIIIIAIIIIIIIIIIIIIIII
IIIIIIIIAIIIAAIIIAIIIIIIIIIIIIIIIIIIIIIIIIIIIIIAIIIIIIIIIIIIIIII
IIIIAIIIAIIIAAIIIAIIIIIIIIIIIIIIIIIIIIIIIIIIIIIAIIIIIIIIIIIIIIII
IIIIAIIIAAIIAAIIIAIIIIIIIIIIIIIIIIIIIIIIIIIIIIIAIIIIIIIIIIIIIIII
IIIIAIIIAAAIAAIIIAIIIIIIIIIIIIIIIIIIIIIIIIIIIIIAIIIIIIIIIIIIIIII
IIIIAIIIAAAAAAIIIAIIIIIIIIIIIIIIIIIIIIIIIIIIIIIAIIIIIIIIIIIIIIII
IIIAAIIIAAAAAAIIIAIIIIIIIIIIIIIIIIIIIIIIIIIIIIIAIIIIIIIIIIIIIIII
IIIAA1IIAAAAAAIIIAIIIIIIIIIIIIIIIIIIIIIIIIIIIIIAIIIIIIIIIIIIIIII
IIIIIIIIIIIIA1IIIIIIIIIIIIIIIIIIIIIIIIIIIIIIIIIIIIIIIIIIIIIIIIII
IIIIIIIIIIIIAAIIIIIIIIIIIIIIIIIIIIIIIIIIIIIIIIIIIIIIIIIIIIIIIIII
IIIIIIIIIIIIAAIIIIIIIIIIIIIIIIIIIIIIIIIIIIIIIIIAIIIIIIIIIIIIIIII
IIIIIIIIIIIIAAIIIAIIIIIIIIIIIIIIIIIIIIIIIIIIIIIAIIIIIIIIIIIIIIII
IIIIIIIIAIIIAAIIIAIIIIIIIIIIIIIIIIIIIIIIIIIIIIIAIIIIIIIIIIIIIIII
IIIIAIIIAIIIAAIIIAIIIIIIIIIIIIIIIIIIIIIIIIIIIIIAIIIIIIIIIIIIIIII
IIIIAIIIAAIIAAIIIAIIIIIIIIIIIIIIIIIIIIIIIIIIIIIAIIIIIIIIIIIIIIII
IIIIAIIIAAAIAAIIIAIIIIIIIIIIIIIIIIIIIIIIIIIIIIIAIIIIIIIIIIIIIIII
IIIIAIIIAAAAAAIIIAIIIIIIIIIIIIIIIIIIIIIIIIIIIIIAIIIIIIIIIIIIIIII
IIIAAIIIAAAAAAIIIAIIIIIIIIIIIIIIIIIIIIIIIIIIIIIAIIIIIIIIIIIIIIII
IIIIIIIIIIIIA1IIIIIIIIIIIIIIIIIIIIIIIIIIIIIIIIIIIIIIIIIIIIIIIIII
IIIIIIIIIIIIAA1IIIIIIIIIIIIIIIIIIIIIIIIIIIIIIIIIIIIIIIIIIIIIIIII
IIIIIIIIIIIIAA1IIIIIIIIIIIIIIIIIIIIIIIIIIIIIIIIA1IIIIIIIIIIIIIII
IIIIIIIIIIIIAA1IIA1IIIIIIIIIIIIIIIIIIIIIIIIIIIIA1IIIIIIIIIIIIIII
IIIIIIIIA1IIAA1IIA1IIIIIIIIIIIIIIIIIIIIIIIIIIIIA1IIIIIIIIIIIIIII
IIIIA1IIA1IIAA1IIA1IIIIIIIIIIIIIIIIIIIIIIIIIIIIA1IIIIIIIIIIIIIII
IIIIA1IIAA1IAA1IIA1IIIIIIIIIIIIIIIIIIIIIIIIIIIIA1IIIIIIIIIIIIIII
IIIIA1IIAAA1AA1IIA1IIIIIIIIIIIIIIIIIIIIIIIIIIIIA1IIIIIIIIIIIIIII
IIIIA1IIAAAAAA1IIA1IIIIIIIIIIIIIIIIIIIIIIIIIIIIA1IIIIIIIIIIIIIII
IIIAA1IIAAAAAA1IIA1IIIIIIIIIIIIIIIIIIIIIIIIIIIIA1IIIIIIIIIIIIIII
IIIIIIIIIIIIAIIIIIIIIIIIIIIIIIIIIIIIIIIIIIIIIIIIIIIIIIIIIIIIIIII
IIIIIIIIIIIIAAIIIIIIIIIIIIIIIIIIIIIIIIIIIIIIIIIIIIIIIIIIIIIIIIII
IIIIIIIIIIIIAAIIIIIIIIIIIIIIIIIIIIIIIIIIIIIIIIIAIIIIIIIIIIIIIIII
IIIIIIIIIIIIAAIIIAIIIIIIIIIIIIIIIIIIIIIIIIIIIIIAIIIIIIIIIIIIIIII
IIIIIIIIAIIIAAIIIAIIIIIIIIIIIIIIIIIIIIIIIIIIIIIAIIIIIIIIIIIIIIII
IIIIAIIIAIIIAAIIIAIIIIIIIIIIIIIIIIIIIIIIIIIIIIIAIIIIIIIIIIIIIIII
IIIIAIIIAAIIAAIIIAIIIIIIIIIIIIIIIIIIIIIIIIIIIIIAIIIIIIIIIIIIIIII
IIIIAIIIAAAIAAIIIAIIIIIIIIIIIIIIIIIIIIIIIIIIIIIAIIIIIIIIIIIIIIII
IIIIAIIIAAAAAAIIIAIIIIIIIIIIIIIIIIIIIIIIIIIIIIIAIIIIIIIIIIIIIIII
IIIAAIIIAAAAAAIIIAIIIIIIIIIIIIIIIIIIIIIIIIIIIIIAIIIIIIIIIIIIIIII
IIIIIIIIIIIIA1IIIIIIIIIIIIIIIIIIIIIIIIIIIIIIIIIIIIIIIIIIIIIIIIII
IIIIIIIIA1IIIIIIIIIIIIIIIIIIIIIIIIIIIIIIIIIIIIIIIIIIIIIIIIIIIIII
IIIIA1IIA1IIIIIIIIIIIIIIIIIIIIIIIIIIIIIIIIIIIIIIIIIIIIIIIIIIIIII
IIIIA1IIAA1IIIIIIIIIIIIIIIIIIIIIIIIIIIIIIIIIIIIIIIIIIIIIIIIIIIII
IIIIA1IIAAA1IIIIIIIIIIIIIIIIIIIIIIIIIIIIIIIIIIIIIIIIIIIIIIIIIIII
IIIIA1IIAAAA1IIIIIIIIIIIIIIIIIIIIIIIIIIIIIIIIIIIIIIIIIIIIIIIIIII
IIIAA1IIAAAA1IIIIIIIIIIIIIIIIIIIIIIIIIIIIIIIIIIIIIIIIIIIIIIIIIII
IIIIIIIIIIIIAIIIIIIIIIIIIIIIIIIIIIIIIIIIIIIIIIIIIIIIIIIIIIIIIIII
IIIIIIIIIIIIAAIIIIIIIIIIIIIIIIIIIIIIIIIIIIIIIIIIIIIIIIIIIIIIIIII
IIIIIIIIIIIIAAIIIIIIIIIIIIIIIIIIIIIIIIIIIIIIIIIAIIIIIIIIIIIIIIII
IIIIIIIIIIIIAAIIIAIIIIIIIIIIIIIIIIIIIIIIIIIIIIIAIIIIIIIIIIIIIIII
IIIIIIIIAIIIAAIIIAIIIIIIIIIIIIIIIIIIIIIIIIIIIIIAIIIIIIIIIIIIIIII
IIIIAIIIAIIIAAIIIAIIIIIIIIIIIIIIIIIIIIIIIIIIIIIAIIIIIIIIIIIIIIII
IIIIAIIIAAIIAAIIIAIIIIIIIIIIIIIIIIIIIIIIIIIIIIIAIIIIIIIIIIIIIIII
IIIIAIIIAAAIAAIIIAIIIIIIIIIIIIIIIIIIIIIIIIIIIIIAIIIIIIIIIIIIIIII
IIIIAIIIAAAAAAIIIAIIIIIIIIIIIIIIIIIIIIIIIIIIIIIAIIIIIIIIIIIIIIII
IIIIA2IIAAAAAAIIIAIIIIIIIIIIIIIIIIIIIIIIIIIIIIIAIIIIIIIIIIIIIIII
IIIAA2IIAAAAAAIIIAIIIIIIIIIIIIIIIIIIIIIIIIIIIIIAIIIIIIIIIIIIIIII
IIIIIIIIIIIIA2IIIIIIIIIIIIIIIIIIIIIIIIIIIIIIIIIIIIIIIIIIIIIIIIII
IIIIIIIIA2IIIIIIIIIIIIIIIIIIIIIIIIIIIIIIIIIIIIIIIIIIIIIIIIIIIIII
IIIIA2IIA2IIIIIIIIIIIIIIIIIIIIIIIIIIIIIIIIIIIIIIIIIIIIIIIIIIIIII
IIIIA2IIAA1IIIIIIIIIIIIIIIIIIIIIIIIIIIIIIIIIIIIIIIIIIIIIIIIIIIII
IIIIA2IIAAA1IIIIIIIIIIIIIIIIIIIIIIIIIIIIIIIIIIIIIIIIIIIIIIIIIIII
IIIIA2IIAAAA1IIIIIIIIIIIIIIIIIIIIIIIIIIIIIIIIIIIIIIIIIIIIIIIIIII
IIIIIIIIIAIIIIIIIIIIIIIIIIIIIIIIIIIIIIIIIIIIIIIIIIIIIIIIIIIIIIII
IIIIIIIIIAAIIIIIIIIIIIIIIIIIIIIIIIIIIIIIIIIIIIIIIIIIIIIIIIIIIIII
IIIIIIIIIAAAIIIIIIIIIIIIIIIIIIIIIIIIIIIIIIIIIIIIIIIIIIIIIIIIIIII
IIIIIIIIIAAA1IIIIIIIIIIIIIIIIIIIIIIIIIIIIIIIIIIIIIIIIIIIIIIIIIII
IIIIAIIIIAAA1IIIIIIIIIIIIIIIIIIIIIIIIIIIIIIIIIIIIIIIIIIIIIIIIIII
IIIAAIIIIAAA1IIIIIIIIIIIIIIIIIIIIIIIIIIIIIIIIIIIIIIIIIIIIIIIIIII
IIIAA2IIIAAA1IIIIIIIIIIIIIIIIIIIIIIIIIIIIIIIIIIIIIIIIIIIIIIIIIII
IIIIIIIIIIIIIA2IIIIIIIIIIIIIIIIIIIIIIIIIIIIIIIIIIIIIIIIIIIIIIIII
IIIIIIIIIIIIIA2IIIIIIIIIIIIIIIIIIIIIIIIIIIIIIIIA2IIIIIIIIIIIIIII
IIIIIIIIIIIIIA2IIA2IIIIIIIIIIIIIIIIIIIIIIIIIIIIA2IIIIIIIIIIIIIII
IIIIIIIIA2IIIA2IIA2IIIIIIIIIIIIIIIIIIIIIIIIIIIIA2IIIIIIIIIIIIIII
IIIIA2IIA2IIIA2IIA2IIIIIIIIIIIIIIIIIIIIIIIIIIIIA2IIIIIIIIIIIIIII
IIIIA2IIAA2IIA2IIA2IIIIIIIIIIIIIIIIIIIIIIIIIIIIA2IIIIIIIIIIIIIII
IIIIA2IIAAA2IA2IIA2IIIIIIIIIIIIIIIIIIIIIIIIIIIIA2IIIIIIIIIIIIIII
IIIIA2IIAAAA2A2IIA2IIIIIIIIIIIIIIIIIIIIIIIIIIIIA2IIIIIIIIIIIIIII
IIIAA2IIAAAA2A2IIA2IIIIIIIIIIIIIIIIIIIIIIIIIIIIA2IIIIIIIIIIIIIII
IIIIIIIIIIIIA1IIIIIIIIIIIIIIIIIIIIIIIIIIIIIIIIIIIIIIIIIIIIIIIIII
IIIIIIIIA1IIIIIIIIIIIIIIIIIIIIIIIIIIIIIIIIIIIIIIIIIIIIIIIIIIIIII
IIIIA1IIA1IIIIIIIIIIIIIIIIIIIIIIIIIIIIIIIIIIIIIIIIIIIIIIIIIIIIII
IIIIA1IIAA1IIIIIIIIIIIIIIIIIIIIIIIIIIIIIIIIIIIIIIIIIIIIIIIIIIIII
IIIIA1IIAAA1IIIIIIIIIIIIIIIIIIIIIIIIIIIIIIIIIIIIIIIIIIIIIIIIIIII
IIIIA1IIAAAA1IIIIIIIIIIIIIIIIIIIIIIIIIIIIIIIIIIIIIIIIIIIIIIIIIII
IIIAA1IIAAAA1IIIIIIIIIIIIIIIIIIIIIIIIIIIIIIIIIIIIIIIIIIIIIIIIIII
IIIIIIIIIIIIAIIIIIIIIIIIIIIIIIIIIIIIIIIIIIIIIIIIIIIIIIIIIIIIIIII
IIIIIIIIIIIIA2IIIIIIIIIIIIIIIIIIIIIIIIIIIIIIIIIIIIIIIIIIIIIIIIII
IIIIIIIIA1IIIIIIIIIIIIIIIIIIIIIIIIIIIIIIIIIIIIIIIIIIIIIIIIIIIIII
IIIIA1IIA1IIIIIIIIIIIIIIIIIIIIIIIIIIIIIIIIIIIIIIIIIIIIIIIIIIIIII
IIIIA1IIAA1IIIIIIIIIIIIIIIIIIIIIIIIIIIIIIIIIIIIIIIIIIIIIIIIIIIII
IIIIA1IIAAA1IIIIIIIIIIIIIIIIIIIIIIIIIIIIIIIIIIIIIIIIIIIIIIIIIIII
IIIIA1IIAAAA1IIIIIIIIIIIIIIIIIIIIIIIIIIIIIIIIIIIIIIIIIIIIIIIIIII
IIIAA1IIAAAA1IIIIIIIIIIIIIIIIIIIIIIIIIIIIIIIIIIIIIIIIIIIIIIIIIII
IIIAA1IIAAAA1IIIIIIIIIIIIIIIIIIIIIIIIIIIIIIIIIIA1IIIIIIIIIIIIIII
IIIAA1IIAAAAA1IIIIIIIIIIIIIIIIIIIIIIIIIIIIIIIIIA1IIIIIIIIIIIIIII
IIIAA1IIAAAAA1IIIA1IIIIIIIIIIIIIIIIIIIIIIIIIIIIA1IIIIIIIIIIIIIII
IIIIIIIIA1IIIIIIIIIIIIIIIIIIIIIIIIIIIIIIIIIIIIIIIIIIIIIIIIIIIIII
IIIIA1IIA1IIIIIIIIIIIIIIIIIIIIIIIIIIIIIIIIIIIIIIIIIIIIIIIIIIIIII
IIIIA1IIAA1IIIIIIIIIIIIIIIIIIIIIIIIIIIIIIIIIIIIIIIIIIIIIIIIIIIII
IIIIA1IIAAA1IIIIIIIIIIIIIIIIIIIIIIIIIIIIIIIIIIIIIIIIIIIIIIIIIIII
IIIIA1IIAAAA1IIIIIIIIIIIIIIIIIIIIIIIIIIIIIIIIIIIIIIIIIIIIIIIIIII
IIIAA1IIAAAA1IIIIIIIIIIIIIIIIIIIIIIIIIIIIIIIIIIIIIIIIIIIIIIIIIII
IIIAA1IIAAAAA2IIIIIIIIIIIIIIIIIIIIIIIIIIIIIIIIIIIIIIIIIIIIIIIIII
IIIIIIIIIIIIIA2IIIIIIIIIIIIIIIIIIIIIIIIIIIIIIIIIIIIIIIIIIIIIIIII
IIIIIIIIIIIIIA2IIIIIIIIIIIIIIIIIIIIIIIIIIIIIIIIA2IIIIIIIIIIIIIII
IIIIIIIIIIIIIA2IIA2IIIIIIIIIIIIIIIIIIIIIIIIIIIIA2IIIIIIIIIIIIIII
IIIIIIIIA2IIIA2IIA2IIIIIIIIIIIIIIIIIIIIIIIIIIIIA2IIIIIIIIIIIIIII
IIIIA2IIA2IIIA2IIA2IIIIIIIIIIIIIIIIIIIIIIIIIIIIA2IIIIIIIIIIIIIII
IIIIA2IIAA2IIA2IIA2IIIIIIIIIIIIIIIIIIIIIIIIIIIIA2IIIIIIIIIIIIIII
IIIIA2IIAAA2IA2IIA2IIIIIIIIIIIIIIIIIIIIIIIIIIIIA2IIIIIIIIIIIIIII
IIIIA2IIAAAA2A2IIA2IIIIIIIIIIIIIIIIIIIIIIIIIIIIA2IIIIIIIIIIIIIII
IIIAA2IIAAAA2A2IIA2IIIIIIIIIIIIIIIIIIIIIIIIIIIIA2IIIIIIIIIIIIIII
IIIAA2IIAAAAAA2IIA2IIIIIIIIIIIIIIIIIIIIIIIIIIIIA2IIIIIIIIIIIIIII
IIIIIIIIA1IIIIIIIIIIIIIIIIIIIIIIIIIIIIIIIIIIIIIIIIIIIIIIIIIIIIII
IIIIA1IIA1IIIIIIIIIIIIIIIIIIIIIIIIIIIIIIIIIIIIIIIIIIIIIIIIIIIIII
IIIIA1IIAA1IIIIIIIIIIIIIIIIIIIIIIIIIIIIIIIIIIIIIIIIIIIIIIIIIIIII
IIIIA1IIAAA1IIIIIIIIIIIIIIIIIIIIIIIIIIIIIIIIIIIIIIIIIIIIIIIIIIII
IIIIA1IIAAAA1IIIIIIIIIIIIIIIIIIIIIIIIIIIIIIIIIIIIIIIIIIIIIIIIIII
IIIAA1IIAAAA1IIIIIIIIIIIIIIIIIIIIIIIIIIIIIIIIIIIIIIIIIIIIIIIIIII
IIIIIIIIIIIIAIIIIIIIIIIIIIIIIIIIIIIIIIIIIIIIIIIIIIIIIIIIIIIIIIII
IIIIIIIIIIIIAAIIIIIIIIIIIIIIIIIIIIIIIIIIIIIIIIIIIIIIIIIIIIIIIIII
IIIIIIIIIIIIAAIIIIIIIIIIIIIIIIIIIIIIIIIIIIIIIIIAIIIIIIIIIIIIIIII
IIIIIIIIIIIIAAIIIAIIIIIIIIIIIIIIIIIIIIIIIIIIIIIAIIIIIIIIIIIIIIII
IIIIIIIIAIIIAAIIIAIIIIIIIIIIIIIIIIIIIIIIIIIIIIIAIIIIIIIIIIIIIIII
IIIIAIIIAIIIAAIIIAIIIIIIIIIIIIIIIIIIIIIIIIIIIIIAIIIIIIIIIIIIIIII
IIIIAIIIAAIIAAIIIAIIIIIIIIIIIIIIIIIIIIIIIIIIIIIAIIIIIIIIIIIIIIII
IIIIAIIIAAAIAAIIIAIIIIIIIIIIIIIIIIIIIIIIIIIIIIIAIIIIIIIIIIIIIIII
IIIIAIIIAAAAAAIIIAIIIIIIIIIIIIIIIIIIIIIIIIIIIIIAIIIIIIIIIIIIIIII
IIIAAIIIAAAAAAIIIAIIIIIIIIIIIIIIIIIIIIIIIIIIIIIAIIIIIIIIIIIIIIII
IIIIIIIIIIIIA2IIIIIIIIIIIIIIIIIIIIIIIIIIIIIIIIIIIIIIIIIIIIIIIIII
IIIIIIIIIIIIAA2IIIIIIIIIIIIIIIIIIIIIIIIIIIIIIIIIIIIIIIIIIIIIIIII
IIIIIIIIIIIIAA2IIIIIIIIIIIIIIIIIIIIIIIIIIIIIIIIA2IIIIIIIIIIIIIII
IIIIIIIIIIIIAA2IIA2IIIIIIIIIIIIIIIIIIIIIIIIIIIIA2IIIIIIIIIIIIIII
IIIIIIIIA2IIAA2IIA2IIIIIIIIIIIIIIIIIIIIIIIIIIIIA2IIIIIIIIIIIIIII
IIIIA2IIA2IIAA2IIA2IIIIIIIIIIIIIIIIIIIIIIIIIIIIA2IIIIIIIIIIIIIII
IIIIA2IIAA2IAA2IIA2IIIIIIIIIIIIIIIIIIIIIIIIIIIIA2IIIIIIIIIIIIIII
IIIIA2IIAAA2AA2IIA2IIIIIIIIIIIIIIIIIIIIIIIIIIIIA2IIIIIIIIIIIIIII
IIIIA2IIAAAAAA2IIA2IIIIIIIIIIIIIIIIIIIIIIIIIIIIA2IIIIIIIIIIIIIII
IIIAA2IIAAAAAA2IIA2IIIIIIIIIIIIIIIIIIIIIIIIIIIIA2IIIIIIIIIIIIIII
IIIIIIIIIIIIA2IIIIIIIIIIIIIIIIIIIIIIIIIIIIIIIIIIIIIIIIIIIIIIIIII
IIIIIIIIA1IIA2IIIIIIIIIIIIIIIIIIIIIIIIIIIIIIIIIIIIIIIIIIIIIIIIII
IIIIA1IIA1IIA2IIIIIIIIIIIIIIIIIIIIIIIIIIIIIIIIIIIIIIIIIIIIIIIIII
IIIIA1IIAA1IA2IIIIIIIIIIIIIIIIIIIIIIIIIIIIIIIIIIIIIIIIIIIIIIIIII
IIIIA1IIAAA1A2IIIIIIIIIIIIIIIIIIIIIIIIIIIIIIIIIIIIIIIIIIIIIIIIII
IIIIA1IIAAAAA2IIIIIIIIIIIIIIIIIIIIIIIIIIIIIIIIIIIIIIIIIIIIIIIIII
IIIAA1IIAAAAA2IIIIIIIIIIIIIIIIIIIIIIIIIIIIIIIIIIIIIIIIIIIIIIIIII
IIIIIIIIIIIIAIIIIIIIIIIIIIIIIIIIIIIIIIIIIIIIIIIIIIIIIIIIIIIIIIII
IIIIIIIIAIIIAIIIIIIIIIIIIIIIIIIIIIIIIIIIIIIIIIIIIIIIIIIIIIIIIIII
IIIIAIIIAIIIAIIIIIIIIIIIIIIIIIIIIIIIIIIIIIIIIIIIIIIIIIIIIIIIIIII
IIIIAIIIAAIIAIIIIIIIIIIIIIIIIIIIIIIIIIIIIIIIIIIIIIIIIIIIIIIIIIII
IIIIAIIIAAIAAIIIIIIIIIIIIIIIIIIIIIIIIIIIIIIIIIIIIIIIIIIIIIIIIIII
IIIIAIIIAAAAAIIIIIIIIIIIIIIIIIIIIIIIIIIIIIIIIIIIIIIIIIIIIIIIIIII
IIIAAIIIAAAAAIIIIIIIIIIIIIIIIIIIIIIIIIIIIIIIIIIIIIIIIIIIIIIIIIII
IIIAAIIIAAAAA2IIIIIIIIIIIIIIIIIIIIIIIIIIIIIIIIIIIIIIIIIIIIIIIIII
IIIIIIIIA1IIIIIIIIIIIIIIIIIIIIIIIIIIIIIIIIIIIIIIIIIIIIIIIIIIIIII
IIIIA1IIA1IIIIIIIIIIIIIIIIIIIIIIIIIIIIIIIIIIIIIIIIIIIIIIIIIIIIII
IIIIA1IIAA1IIIIIIIIIIIIIIIIIIIIIIIIIIIIIIIIIIIIIIIIIIIIIIIIIIIII
IIIIA1IIAAA1IIIIIIIIIIIIIIIIIIIIIIIIIIIIIIIIIIIIIIIIIIIIIIIIIIII
IIIIA1IIAAAA1IIIIIIIIIIIIIIIIIIIIIIIIIIIIIIIIIIIIIIIIIIIIIIIIIII
IIIIIIIIA1IIIIIIIIIIIIIIIIIIIIIIIIIIIIIIIIIIIIIIIIIIIIIIIIIIIIII
IIIIA1IIA1IIIIIIIIIIIIIIIIIIIIIIIIIIIIIIIIIIIIIIIIIIIIIIIIIIIIII
IIIIA1IIAA1IIIIIIIIIIIIIIIIIIIIIIIIIIIIIIIIIIIIIIIIIIIIIIIIIIIII
IIIIA1IIAAA1IIIIIIIIIIIIIIIIIIIIIIIIIIIIIIIIIIIIIIIIIIIIIIIIIIII
IIIIA1IIAAAA1IIIIIIIIIIIIIIIIIIIIIIIIIIIIIIIIIIIIIIIIIIIIIIIIIII
IIIAA1IIAAAA1IIIIIIIIIIIIIIIIIIIIIIIIIIIIIIIIIIIIIIIIIIIIIIIIIII
IIIIIIIIIIIIA1IIIIIIIIIIIIIIIIIIIIIIIIIIIIIIIIIIIIIIIIIIIIIIIIII
IIIIIIIIIIIIAIIIIIIIIIIIIIIIIIIIIIIIIIIIIIIIIIIIIIIIIIIIIIIIIIII
IIIIIIIIAIIIAIIIIIIIIIIIIIIIIIIIIIIIIIIIIIIIIIIIIIIIIIIIIIIIIIII
IIIIA12IAIIIAIIIIIIIIIIIIIIIIIIIIIIIIIIIIIIIIIIIIIIIIIIIIIIIIIII
IIIIA12IAA12AIIIIIIIIIIIIIIIIIIIIIIIIIIIIIIIIIIIIIIIIIIIIIIIIIII
IIIIA12IAAA1AIIIIIIIIIIIIIIIIIIIIIIIIIIIIIIIIIIIIIIIIIIIIIIIIIII
IIIIA12IAAAAA2IIIIIIIIIIIIIIIIIIIIIIIIIIIIIIIIIIIIIIIIIIIIIIIIII
IIIAA12IAAAAA2IIIIIIIIIIIIIIIIIIIIIIIIIIIIIIIIIIIIIIIIIIIIIIIIII
IIIIIIIIIIIIAIIIIIIIIIIIIIIIIIIIIIIIIIIIIIIIIIIIIIIIIIIIIIIIIIII
IIIIIIIIIIIIAAIIIIIIIIIIIIIIIIIIIIIIIIIIIIIIIIIIIIIIIIIIIIIIIIII
IIIIIIIIIIIIAAIIIIIIIIIIIIIIIIIIIIIIIIIIIIIIIIIAIIIIIIIIIIIIIIII
IIIIIIIIIIIIAAIIIAIIIIIIIIIIIIIIIIIIIIIIIIIIIIIAIIIIIIIIIIIIIIII
IIIIIIIIAIIIAAIIIAIIIIIIIIIIIIIIIIIIIIIIIIIIIIIAIIIIIIIIIIIIIIII
IIIIAIIIAIIIAAIIIAIIIIIIIIIIIIIIIIIIIIIIIIIIIIIAIIIIIIIIIIIIIIII
IIIIAIIIAAIIAAIIIAIIIIIIIIIIIIIIIIIIIIIIIIIIIIIAIIIIIIIIIIIIIIII
IIIIAIIIAAAIAAIIIAIIIIIIIIIIIIIIIIIIIIIIIIIIIIIAIIIIIIIIIIIIIIII
IIIIAIIIAAAAAAIIIAIIIIIIIIIIIIIIIIIIIIIIIIIIIIIAIIIIIIIIIIIIIIII
IIIAAIIIAAAAAAIIIAIIIIIIIIIIIIIIIIIIIIIIIIIIIIIAIIIIIIIIIIIIIIII
IIIIIIIIIIIIA1IIIIIIIIIIIIIIIIIIIIIIIIIIIIIIIIIIIIIIIIIIIIIIIIII
IIIIIIIIIIIIAA1IIIIIIIIIIIIIIIIIIIIIIIIIIIIIIIIIIIIIIIIIIIIIIIII
IIIIIIIIIIIIAA1IIIIIIIIIIIIIIIIIIIIIIIIIIIIIIIIA1IIIIIIIIIIIIIII
IIIIIIIIIIIIAA1IIA1IIIIIIIIIIIIIIIIIIIIIIIIIIIIA1IIIIIIIIIIIIIII
IIIIIIIIA1IIAA1IIA1IIIIIIIIIIIIIIIIIIIIIIIIIIIIA1IIIIIIIIIIIIIII
IIIIA1IIA1IIAA1IIA1IIIIIIIIIIIIIIIIIIIIIIIIIIIIA1IIIIIIIIIIIIIII
IIIIA1IIAA1IAA1IIA1IIIIIIIIIIIIIIIIIIIIIIIIIIIIA1IIIIIIIIIIIIIII
IIIIA1IIAAA1AA1IIA1IIIIIIIIIIIIIIIIIIIIIIIIIIIIA1IIIIIIIIIIIIIII
IIIIA1IIAAAAAA1IIA1IIIIIIIIIIIIIIIIIIIIIIIIIIIIA1IIIIIIIIIIIIIII
IIIAA1IIAAAAAA1IIA1IIIIIIIIIIIIIIIIIIIIIIIIIIIIA1IIIIIIIIIIIIIII
IIIIIIIIIA2IIIIIIIIIIIIIIIIIIIIIIIIIIIIIIIIIIIIIIIIIIIIIIIIIIIII
IIIIA2IIIA2IIIIIIIIIIIIIIIIIIIIIIIIIIIIIIIIIIIIIIIIIIIIIIIIIIIII
IIIAA2IIIA2IIIIIIIIIIIIIIIIIIIIIIIIIIIIIIIIIIIIIIIIIIIIIIIIIIIII
IIIAA2IIIA2IA2IIIIIIIIIIIIIIIIIIIIIIIIIIIIIIIIIIIIIIIIIIIIIIIIII
IIIIIIIIIIIIA2IIIIIIIIIIIIIIIIIIIIIIIIIIIIIIIIIIIIIIIIIIIIIIIIII
IIIIIIIIIIIIAA2IIIIIIIIIIIIIIIIIIIIIIIIIIIIIIIIIIIIIIIIIIIIIIIII
IIIIIIIIIIIIAA2IIIIIIIIIIIIIIIIIIIIIIIIIIIIIIIIA2IIIIIIIIIIIIIII
IIIIIIIIIIIIAA2IIA2IIIIIIIIIIIIIIIIIIIIIIIIIIIIA2IIIIIIIIIIIIIII
IIIIIIIIA2IIAA2IIA2IIIIIIIIIIIIIIIIIIIIIIIIIIIIA2IIIIIIIIIIIIIII
IIIIA2IIA2IIAA2IIA2IIIIIIIIIIIIIIIIIIIIIIIIIIIIA2IIIIIIIIIIIIIII
IIIIA2IIAA2IAA2IIA2IIIIIIIIIIIIIIIIIIIIIIIIIIIIA2IIIIIIIIIIIIIII
IIIIA2IIAAA2AA2IIA2IIIIIIIIIIIIIIIIIIIIIIIIIIIIA2IIIIIIIIIIIIIII
IIIIA2IIAAAAAA2IIA2IIIIIIIIIIIIIIIIIIIIIIIIIIIIA2IIIIIIIIIIIIIII
IIIIIIIIIIIIA2IIIIIIIIIIIIIIIIIIIIIIIIIIIIIIIIIIIIIIIIIIIIIIIIII
IIIIIIIIIIA2A2IIIIIIIIIIIIIIIIIIIIIIIIIIIIIIIIIIIIIIIIIIIIIIIIII
IIIIIIIIIIAAA2IIIIIIIIIIIIIIIIIIIIIIIIIIIIIIIIIIIIIIIIIIIIIIIIII
IIIIIIIIIIIIA2IIIIIIIIIIIIIIIIIIIIIIIIIIIIIIIIIIIIIIIIIIIIIIIIII
IIIIIIIIIIIIIA2IIIIIIIIIIIIIIIIIIIIIIIIIIIIIIIIIIIIIIIIIIIIIIIII
IIIIIIIIIIIIIA2IIIIIIIIIIIIIIIIIIIIIIIIIIIIIIIIA2IIIIIIIIIIIIIII
IIIIIIIIIIIIIA2IIA2IIIIIIIIIIIIIIIIIIIIIIIIIIIIA2IIIIIIIIIIIIIII
IIIIIIIIIA2IIA2IIA2IIIIIIIIIIIIIIIIIIIIIIIIIIIIA2IIIIIIIIIIIIIII
IIIIA2IIIA2IIA2IIA2IIIIIIIIIIIIIIIIIIIIIIIIIIIIA2IIIIIIIIIIIIIII
IIIAA2IIIA2IIA2IIA2IIIIIIIIIIIIIIIIIIIIIIIIIIIIA2IIIIIIIIIIIIIII
IIIIIIIIIIIIIIIIIIIIIIIIIIIIIIIIIIIIIIIIIIIIIIIA2IIIIIIIIIIIIIII
IIIIIIIIIIIIIIIIIA2IIIIIIIIIIIIIIIIIIIIIIIIIIIIA2IIIIIIIIIIIIIII
IIIIIIIIIIIIA1IIIIIIIIIIIIIIIIIIIIIIIIIIIIIIIIIIIIIIIIIIIIIIIIII
IIIIIIIIIIIIIIIIIIIIIIIIIIIIIIIIIIIIIIIIIIIIIIIA2IIIIIIIIIIIIIII
IIIIIIIIIIIIA2IIIIIIIIIIIIIIIIIIIIIIIIIIIIIIIIIA2IIIIIIIIIIIIIII
IIIIIIIIIIIIA2IIIA2IIIIIIIIIIIIIIIIIIIIIIIIIIIIA2IIIIIIIIIIIIIII
IIIIIIIIA2IIA2IIIA2IIIIIIIIIIIIIIIIIIIIIIIIIIIIA2IIIIIIIIIIIIIII
IIIIA2IIA2IIA2IIIA2IIIIIIIIIIIIIIIIIIIIIIIIIIIIA2IIIIIIIIIIIIIII
IIIIA2IIAA2IA2IIIA2IIIIIIIIIIIIIIIIIIIIIIIIIIIIA2IIIIIIIIIIIIIII
IIIIA2IIAAA2A2IIIA2IIIIIIIIIIIIIIIIIIIIIIIIIIIIA2IIIIIIIIIIIIIII
IIIIA2IIAAAAA2IIIA2IIIIIIIIIIIIIIIIIIIIIIIIIIIIA2IIIIIIIIIIIIIII
IIIAA2IIAAAAA2IIIA2IIIIIIIIIIIIIIIIIIIIIIIIIIIIA2IIIIIIIIIIIIIII
IIIIIIIIIIIIA1IIIIIIIIIIIIIIIIIIIIIIIIIIIIIIIIIIIIIIIIIIIIIIIIII
IIIIIIIIA1IIA1IIIIIIIIIIIIIIIIIIIIIIIIIIIIIIIIIIIIIIIIIIIIIIIIII
IIIIA1IIA1IIA1IIIIIIIIIIIIIIIIIIIIIIIIIIIIIIIIIIIIIIIIIIIIIIIIII
IIIIA1IIAA1IA1IIIIIIIIIIIIIIIIIIIIIIIIIIIIIIIIIIIIIIIIIIIIIIIIII
IIIIA1IIAAA1A1IIIIIIIIIIIIIIIIIIIIIIIIIIIIIIIIIIIIIIIIIIIIIIIIII
IIIIA1IIAAAAA1IIIIIIIIIIIIIIIIIIIIIIIIIIIIIIIIIIIIIIIIIIIIIIIIII
IIIIIIIIIIIIA1IIIIIIIIIIIIIIIIIIIIIIIIIIIIIIIIIIIIIIIIIIIIIIIIII
IIIIIIIIIIIIA2IIIIIIIIIIIIIIIIIIIIIIIIIIIIIIIIIIIIIIIIIIIIIIIIII
IIIIIIIIIIIIA2IIIIIIIIIIIIIIIIIIIIIIIIIIIIIIIIIA12IIIIIIIIIIIIII
IIIIIIIIIIIIA2IIIA12IIIIIIIIIIIIIIIIIIIIIIIIIIIA12IIIIIIIIIIIIII
IIIIIIIIA12IA2IIIA12IIIIIIIIIIIIIIIIIIIIIIIIIIIA12IIIIIIIIIIIIII
IIIIA12IA12IA2IIIA12IIIIIIIIIIIIIIIIIIIIIIIIIIIA12IIIIIIIIIIIIII
IIIIA12IAA12A2IIIA12IIIIIIIIIIIIIIIIIIIIIIIIIIIA12IIIIIIIIIIIIII
IIIIA12IAAA1A2IIIA12IIIIIIIIIIIIIIIIIIIIIIIIIIIA12IIIIIIIIIIIIII
IIIIA12IAAAAA2IIIA12IIIIIIIIIIIIIIIIIIIIIIIIIIIA12IIIIIIIIIIIIII
IIIAA12IAAAAA2IIIA12IIIIIIIIIIIIIIIIIIIIIIIIIIIA12IIIIIIIIIIIIII
IIIIIIIIIIIIAIIIIIIIIIIIIIIIIIIIIIIIIIIIIIIIIIIIIIIIIIIIIIIIIIII
IIIIIIIIA1IIAIIIIIIIIIIIIIIIIIIIIIIIIIIIIIIIIIIIIIIIIIIIIIIIIIII
IIIIA1IIA1IIAIIIIIIIIIIIIIIIIIIIIIIIIIIIIIIIIIIIIIIIIIIIIIIIIIII
IIIIA1IIAA1IAIIIIIIIIIIIIIIIIIIIIIIIIIIIIIIIIIIIIIIIIIIIIIIIIIII
IIIIA1IIAAA1AIIIIIIIIIIIIIIIIIIIIIIIIIIIIIIIIIIIIIIIIIIIIIIIIIII
IIIIA1IIAAAAAIIIIIIIIIIIIIIIIIIIIIIIIIIIIIIIIIIIIIIIIIIIIIIIIIII
IIIIA1IIAAAAA1IIIIIIIIIIIIIIIIIIIIIIIIIIIIIIIIIIIIIIIIIIIIIIIIII
IIIIIIIIIA2IIIIIIIIIIIIIIIIIIIIIIIIIIIIIIIIIIIIIIIIIIIIIIIIIIIII
IIIIA2IIIA2IIIIIIIIIIIIIIIIIIIIIIIIIIIIIIIIIIIIIIIIIIIIIIIIIIIII
IIIAA2IIIA2IIIIIIIIIIIIIIIIIIIIIIIIIIIIIIIIIIIIIIIIIIIIIIIIIIIII
IIIAA2IIIA2IA2IIIIIIIIIIIIIIIIIIIIIIIIIIIIIIIIIIIIIIIIIIIIIIIIII
IIIAA2IIIA2IA2IIIIIIIIIIIIIIIIIIIIIIIIIIIIIIIIIA2IIIIIIIIIIIIIII
IIIAA2IIIA2IA2IIIA2IIIIIIIIIIIIIIIIIIIIIIIIIIIIA2IIIIIIIIIIIIIII
IIIAA2IIAA2IA2IIIA2IIIIIIIIIIIIIIIIIIIIIIIIIIIIA2IIIIIIIIIIIIIII
IIIAA2IIAAA2A2IIIA2IIIIIIIIIIIIIIIIIIIIIIIIIIIIA2IIIIIIIIIIIIIII
IIIAA2IIAAAAA2IIIA2IIIIIIIIIIIIIIIIIIIIIIIIIIIIA2IIIIIIIIIIIIIII
IIIIIIIIIAI1III2IIIIIIIIIIIIIIIIIIIIIIIIIIIIIIIIIIIIIIIIIIIIIIII
IIIIAI1IIA21III2IIIIIIIIIIIIIIIIIIIIIIIIIIIIIIIIIIIIIIIIIIIIIIII
IIIAA11IIA21III2IIIIIIIIIIIIIIIIIIIIIIIIIIIIIIIIIIIIIIIIIIIIIIII
IIIAA11IIA21AI12II2IIIIIIIIIIIIIIIIIIIIIIIIIIIIIIIIIIIIIIIIIIIII
IIIIIIIIIIIIIA2IIIIIIIIIIIIIIIIIIIIIIIIIIIIIIIIIIIIIIIIIIIIIIIII
IIIIIIIIIIIIIA2IIIIIIIIIIIIIIIIIIIIIIIIIIIIIIIIA2IIIIIIIIIIIIIII
IIIIIIIIIIIIIA2IIA2IIIIIIIIIIIIIIIIIIIIIIIIIIIIA2IIIIIIIIIIIIIII
IIIIIIIIA2IIIA2IIA2IIIIIIIIIIIIIIIIIIIIIIIIIIIIA2IIIIIIIIIIIIIII
IIIIA2IIA2IIIA2IIA2IIIIIIIIIIIIIIIIIIIIIIIIIIIIA2IIIIIIIIIIIIIII
IIIIA2IIAA2IIA2IIA2IIIIIIIIIIIIIIIIIIIIIIIIIIIIA2IIIIIIIIIIIIIII
IIIIA2IIAAA2IA2IIA2IIIIIIIIIIIIIIIIIIIIIIIIIIIIA2IIIIIIIIIIIIIII
IIIIA2IIAAAA2A2IIA2IIIIIIIIIIIIIIIIIIIIIIIIIIIIA2IIIIIIIIIIIIIII
IIIIIIIIIA2IIIIIIIIIIIIIIIIIIIIIIIIIIIIIIIIIIIIIIIIIIIIIIIIIIIII
IIIIA2IIIA2IIIIIIIIIIIIIIIIIIIIIIIIIIIIIIIIIIIIIIIIIIIIIIIIIIIII
IIIAA2IIIA2IIIIIIIIIIIIIIIIIIIIIIIIIIIIIIIIIIIIIIIIIIIIIIIIIIIII
IIIIIIIIIIIIA1IIIIIIIIIIIIIIIIIIIIIIIIIIIIIIIIIIIIIIIIIIIIIIIIII
IIIIIIIIIIIIIA1IIIIIIIIIIIIIIIIIIIIIIIIIIIIIIIIIIIIIIIIIIIIIIIII
IIIIIIIIIIIIIA1IIIIIIIIIIIIIIIIIIIIIIIIIIIIIIIIA1IIIIIIIIIIIIIII
IIIIIIIIIIIIIA1IIA1IIIIIIIIIIIIIIIIIIIIIIIIIIIIA1IIIIIIIIIIIIIII
IIIIIIIIA1IIIA1IIA1IIIIIIIIIIIIIIIIIIIIIIIIIIIIA1IIIIIIIIIIIIIII
IIIIA1IIA1IIIA1IIA1IIIIIIIIIIIIIIIIIIIIIIIIIIIIA1IIIIIIIIIIIIIII
IIIIA1IIAA1IIA1IIA1IIIIIIIIIIIIIIIIIIIIIIIIIIIIA1IIIIIIIIIIIIIII
IIIIA1IIAA1A1A1IIA1IIIIIIIIIIIIIIIIIIIIIIIIIIIIA1IIIIIIIIIIIIIII
IIIIA1IIAAAA1A1IIA1IIIIIIIIIIIIIIIIIIIIIIIIIIIIA1IIIIIIIIIIIIIII
IIIAA1IIAAAA1A1IIA1IIIIIIIIIIIIIIIIIIIIIIIIIIIIA1IIIIIIIIIIIIIII
IIIIIIIIIIIIAIIIIIIIIIIIIIIIIIIIIIIIIIIIIIIIIIIIIIIIIIIIIIIIIIII
IIIIIIIIIIIIA2IIIIIIIIIIIIIIIIIIIIIIIIIIIIIIIIIIIIIIIIIIIIIIIIII
IIIIIIIIA112A2IIIIIIIIIIIIIIIIIIIIIIIIIIIIIIIIIIIIIIIIIIIIIIIIII
IIIIA112A112A2IIIIIIIIIIIIIIIIIIIIIIIIIIIIIIIIIIIIIIIIIIIIIIIIII
IIIIA112AA11A22IIIIIIIIIIIIIIIIIIIIIIIIIIIIIIIIIIIIIIIIIIIIIIIII
IIIIA112AAA1A222IIIIIIIIIIIIIIIIIIIIIIIIIIIIIIIIIIIIIIIIIIIIIIII
IIIIA112AAAAA1222IIIIIIIIIIIIIIIIIIIIIIIIIIIIIIIIIIIIIIIIIIIIIII
IIIAA112AAAAA1222IIIIIIIIIIIIIIIIIIIIIIIIIIIIIIIIIIIIIIIIIIIIIII
IIIIIIIIIIIIA2IIIIIIIIIIIIIIIIIIIIIIIIIIIIIIIIIIIIIIIIIIIIIIIIII
IIIIIIIIIIIIAA2IIIIIIIIIIIIIIIIIIIIIIIIIIIIIIIIIIIIIIIIIIIIIIIII
IIIIIIIIIIIIAA2IIIIIIIIIIIIIIIIIIIIIIIIIIIIIIIIA2IIIIIIIIIIIIIII
IIIIIIIIIIIIAA2IIA2IIIIIIIIIIIIIIIIIIIIIIIIIIIIA2IIIIIIIIIIIIIII
IIIIIIIIA2IIAA2IIA2IIIIIIIIIIIIIIIIIIIIIIIIIIIIA2IIIIIIIIIIIIIII
IIIIA2IIA2IIAA2IIA2IIIIIIIIIIIIIIIIIIIIIIIIIIIIA2IIIIIIIIIIIIIII
IIIIA2IIAA2IAA2IIA2IIIIIIIIIIIIIIIIIIIIIIIIIIIIA2IIIIIIIIIIIIIII
IIIIA2IIAAA2AA2IIA2IIIIIIIIIIIIIIIIIIIIIIIIIIIIA2IIIIIIIIIIIIIII
IIIIA2IIAAAAAA2IIA2IIIIIIIIIIIIIIIIIIIIIIIIIIIIA2IIIIIIIIIIIIIII
IIIAA2IIAAAAAA2IIA2IIIIIIIIIIIIIIIIIIIIIIIIIIIIA2IIIIIIIIIIIIIII
IIIIIIIIIIIIA1IIIIIIIIIIIIIIIIIIIIIIIIIIIIIIIIIIIIIIIIIIIIIIIIII
IIIIIIIIA1IIA1IIIIIIIIIIIIIIIIIIIIIIIIIIIIIIIIIIIIIIIIIIIIIIIIII
IIIIA1IIA1IIA1IIIIIIIIIIIIIIIIIIIIIIIIIIIIIIIIIIIIIIIIIIIIIIIIII
IIIIA1IIAA1IA1IIIIIIIIIIIIIIIIIIIIIIIIIIIIIIIIIIIIIIIIIIIIIIIIII
IIIIA1IIAAA1A1IIIIIIIIIIIIIIIIIIIIIIIIIIIIIIIIIIIIIIIIIIIIIIIIII
IIIIA1IIAAAAA1IIIIIIIIIIIIIIIIIIIIIIIIIIIIIIIIIIIIIIIIIIIIIIIIII
IIIAA1IIAAAAA1IIIIIIIIIIIIIIIIIIIIIIIIIIIIIIIIIIIIIIIIIIIIIIIIII
IIIIIIIIIIIIIAIIIIIIIIIIIIIIIIIIIIIIIIIIIIIIIIIIIIIIIIIIIIIIIIII
IIIIIIIIIIIIIAIIIIIIIIIIIIIIIIIIIIIIIIIIIIIIIIIAIIIIIIIIIIIIIIII
IIIIIIIIIIIIAAIIIIIIIIIIIIIIIIIIIIIIIIIIIIIIIIIAIIIIIIIIIIIIIIII
IIIIIIIIIIIIAAIIIAIIIIIIIIIIIIIIIIIIIIIIIIIIIIIAIIIIIIIIIIIIIIII
IIIIIIIIAIIIAAIIIAIIIIIIIIIIIIIIIIIIIIIIIIIIIIIAIIIIIIIIIIIIIIII
IIIIAIIIAIIIAAIIIAIIIIIIIIIIIIIIIIIIIIIIIIIIIIIAIIIIIIIIIIIIIIII
IIIIAIIIAAIIAAIIIAIIIIIIIIIIIIIIIIIIIIIIIIIIIIIAIIIIIIIIIIIIIIII
IIIIAIIIAAAIAAIIIAIIIIIIIIIIIIIIIIIIIIIIIIIIIIIAIIIIIIIIIIIIIIII
IIIIAIIIAAAAAAIIIAIIIIIIIIIIIIIIIIIIIIIIIIIIIIIAIIIIIIIIIIIIIIII
IIIAAIIIAAAAAAIIIAIIIIIIIIIIIIIIIIIIIIIIIIIIIIIAIIIIIIIIIIIIIIII
IIIIIIIIIIIIA1IIIIIIIIIIIIIIIIIIIIIIIIIIIIIIIIIIIIIIIIIIIIIIIIII
IIIIIIIIIAIIIIIIIIIIIIIIIIIIIIIIIIIIIIIIIIIIIIIIIIIIIIIIIIIIIIII
IIIIAIIIIAIIIIIIIIIIIIIIIIIIIIIIIIIIIIIIIIIIIIIIIIIIIIIIIIIIIIII
IIIAAIIIIAIIIIIIIIIIIIIIIIIIIIIIIIIIIIIIIIIIIIIIIIIIIIIIIIIIIIII
IIIAAI1IIAI1III2I2IIIIIIIIIIIIIIIIIIIIIIIIIIIIIIIIIIIIIIIIIIIIII
IIIIIIIIIIIIA2IIIIIIIIIIIIIIIIIIIIIIIIIIIIIIIIIIIIIIIIIIIIIIIIII
IIIIIIIIA2IIIIIIIIIIIIIIIIIIIIIIIIIIIIIIIIIIIIIIIIIIIIIIIIIIIIII
IIIIA2IIA2IIIIIIIIIIIIIIIIIIIIIIIIIIIIIIIIIIIIIIIIIIIIIIIIIIIIII
IIIIA2IIAA2IIIIIIIIIIIIIIIIIIIIIIIIIIIIIIIIIIIIIIIIIIIIIIIIIIIII
IIIIA2IIAAA2IIIIIIIIIIIIIIIIIIIIIIIIIIIIIIIIIIIIIIIIIIIIIIIIIIII
IIIIA2IIAAAA2IIIIIIIIIIIIIIIIIIIIIIIIIIIIIIIIIIIIIIIIIIIIIIIIIII
IIIAA2IIAAAA2IIIIIIIIIIIIIIIIIIIIIIIIIIIIIIIIIIIIIIIIIIIIIIIIIII
IIIAA2IIAAAAA2IIIIIIIIIIIIIIIIIIIIIIIIIIIIIIIIIIIIIIIIIIIIIIIIII
IIIAA2IIAAAAA2IIIIIIIIIIIIIIIIIIIIIIIIIIIIIIIIIA2IIIIIIIIIIIIIII
IIIAA2IIAAAAA2IIIA2IIIIIIIIIIIIIIIIIIIIIIIIIIIIA2IIIIIIIIIIIIIII
IIIIIIIIIAIIIIIIIIIIIIIIIIIIIIIIIIIIIIIIIIIIIIIIIIIIIIIIIIIIIIII
IIIIAIIIIAIIIIIIIIIIIIIIIIIIIIIIIIIIIIIIIIIIIIIIIIIIIIIIIIIIIIII
IIIAAIIIIAIIIIIIIIIIIIIIIIIIIIIIIIIIIIIIIIIIIIIIIIIIIIIIIIIIIIII
IIIAAIIIIAIIAIIIIIIIIIIIIIIIIIIIIIIIIIIIIIIIIIIIIIIIIIIIIIIIIIII
IIIIIIIIIIIIA2IIIIIIIIIIIIIIIIIIIIIIIIIIIIIIIIIIIIIIIIIIIIIIIIII
IIIIIIIIIIIIA2IIIIIIIIIIIIIIIIIIIIIIIIIIIIIIIIIA2IIIIIIIIIIIIIII
IIIIIIIIIIIIA2IIIA2IIIIIIIIIIIIIIIIIIIIIIIIIIIIA2IIIIIIIIIIIIIII
IIIIIIIIA2IIA2IIIA2IIIIIIIIIIIIIIIIIIIIIIIIIIIIA2IIIIIIIIIIIIIII
IIIIA2IIA2IIA2IIIA2IIIIIIIIIIIIIIIIIIIIIIIIIIIIA2IIIIIIIIIIIIIII
IIIIA2IIAA2IA2IIIA2IIIIIIIIIIIIIIIIIIIIIIIIIIIIA2IIIIIIIIIIIIIII
IIIIA2IIAAA2A2IIIA2IIIIIIIIIIIIIIIIIIIIIIIIIIIIA2IIIIIIIIIIIIIII
IIIIA2IIAAAAA2IIIA2IIIIIIIIIIIIIIIIIIIIIIIIIIIIA2IIIIIIIIIIIIIII
IIIAA2IIAAAAA2IIIA2IIIIIIIIIIIIIIIIIIIIIIIIIIIIA2IIIIIIIIIIIIIII
IIIIIIIIIIIIIA1IIIIIIIIIIIIIIIIIIIIIIIIIIIIIIIIIIIIIIIIIIIIIIIII
IIIIIIIIIIIIIA1IIIIIIIIIIIIIIIIIIIIIIIIIIIIIIIIA1IIIIIIIIIIIIIII
IIIIIIIIIIIIIA1IIA1IIIIIIIIIIIIIIIIIIIIIIIIIIIIA1IIIIIIIIIIIIIII
IIIIIIIIA1IIIA1IIA1IIIIIIIIIIIIIIIIIIIIIIIIIIIIA1IIIIIIIIIIIIIII
IIIIA1IIA1IIIA1IIA1IIIIIIIIIIIIIIIIIIIIIIIIIIIIA1IIIIIIIIIIIIIII
IIIIA1IIAA1IIA1IIA1IIIIIIIIIIIIIIIIIIIIIIIIIIIIA1IIIIIIIIIIIIIII
IIIIA1IIAAA1IA1IIA1IIIIIIIIIIIIIIIIIIIIIIIIIIIIA1IIIIIIIIIIIIIII
IIIIA1IIAAAA1A1IIA1IIIIIIIIIIIIIIIIIIIIIIIIIIIIA1IIIIIIIIIIIIIII
IIIAA1IIAAAA1A1IIA1IIIIIIIIIIIIIIIIIIIIIIIIIIIIA1IIIIIIIIIIIIIII
IIIAA1IIAAAAAA1IIA1IIIIIIIIIIIIIIIIIIIIIIIIIIIIA1IIIIIIIIIIIIIII
IIIIIIIIIIIIAIIIIIIIIIIIIIIIIIIIIIIIIIIIIIIIIIIIIIIIIIIIIIIIIIII
IIIIIIIIIIIIAAIIIIIIIIIIIIIIIIIIIIIIIIIIIIIIIIIIIIIIIIIIIIIIIIII
IIIIIIIIIIIIAAIIIIIIIIIIIIIIIIIIIIIIIIIIIIIIIIIAIIIIIIIIIIIIIIII
IIIIIIIIIIIIAAIIIAIIIIIIIIIIIIIIIIIIIIIIIIIIIIIAIIIIIIIIIIIIIIII
IIIIIIIIA2IIAAIIIAIIIIIIIIIIIIIIIIIIIIIIIIIIIIIAIIIIIIIIIIIIIIII
IIIIA2IIA2IIAAIIIAIIIIIIIIIIIIIIIIIIIIIIIIIIIIIAIIIIIIIIIIIIIIII
IIIIA2IIAA2IAAIIIAIIIIIIIIIIIIIIIIIIIIIIIIIIIIIAIIIIIIIIIIIIIIII
IIIIA2IIAAA2AAIIIAIIIIIIIIIIIIIIIIIIIIIIIIIIIIIAIIIIIIIIIIIIIIII
IIIIA2IIAAAAAAIIIAIIIIIIIIIIIIIIIIIIIIIIIIIIIIIAIIIIIIIIIIIIIIII
IIIAA2IIAAAAAAIIIAIIIIIIIIIIIIIIIIIIIIIIIIIIIIIAIIIIIIIIIIIIIIII
IIIIIIIIIIIIA1IIIIIIIIIIIIIIIIIIIIIIIIIIIIIIIIIIIIIIIIIIIIIIIIII
IIIIIIIIA1IIIIIIIIIIIIIIIIIIIIIIIIIIIIIIIIIIIIIIIIIIIIIIIIIIIIII
IIIIA1IIA1IIIIIIIIIIIIIIIIIIIIIIIIIIIIIIIIIIIIIIIIIIIIIIIIIIIIII
IIIIA1IIAA1IIIIIIIIIIIIIIIIIIIIIIIIIIIIIIIIIIIIIIIIIIIIIIIIIIIII
IIIIA1IIAAA1IIIIIIIIIIIIIIIIIIIIIIIIIIIIIIIIIIIIIIIIIIIIIIIIIIII
IIIIA1IIAAAA1IIIIIIIIIIIIIIIIIIIIIIIIIIIIIIIIIIIIIIIIIIIIIIIIIII
IIIAA1IIAAAA1IIIIIIIIIIIIIIIIIIIIIIIIIIIIIIIIIIIIIIIIIIIIIIIIIII
IIIAA1IIAAAAAIIIIIIIIIIIIIIIIIIIIIIIIIIIIIIIIIIIIIIIIIIIIIIIIIII
IIIIIIIIIIIIA2IIIIIIIIIIIIIIIIIIIIIIIIIIIIIIIIIIIIIIIIIIIIIIIIII
IIIIIIIIIIIIAA2IIIIIIIIIIIIIIIIIIIIIIIIIIIIIIIIIIIIIIIIIIIIIIIII
IIIIIIIIIIIIAA2IIIIIIIIIIIIIIIIIIIIIIIIIIIIIIIIA2IIIIIIIIIIIIIII
IIIIIIIIIIIIAA2IIA2IIIIIIIIIIIIIIIIIIIIIIIIIIIIA2IIIIIIIIIIIIIII
IIIIIIIIA2IIAA2IIA2IIIIIIIIIIIIIIIIIIIIIIIIIIIIA2IIIIIIIIIIIIIII
IIIIA2IIA2IIAA2IIA2IIIIIIIIIIIIIIIIIIIIIIIIIIIIA2IIIIIIIIIIIIIII
IIIIA2IIAA2IAA2IIA2IIIIIIIIIIIIIIIIIIIIIIIIIIIIA2IIIIIIIIIIIIIII
IIIIA2IIAAA2AA2IIA2IIIIIIIIIIIIIIIIIIIIIIIIIIIIA2IIIIIIIIIIIIIII
IIIIA2IIAAAAAA2IIA2IIIIIIIIIIIIIIIIIIIIIIIIIIIIA2IIIIIIIIIIIIIII
IIIAA2IIAAAAAA2IIA2IIIIIIIIIIIIIIIIIIIIIIIIIIIIA2IIIIIIIIIIIIIII
IIIIIIIIIIIIA2IIIIIIIIIIIIIIIIIIIIIIIIIIIIIIIIIIIIIIIIIIIIIIIIII
IIIIIIIIIIIIIA2IIIIIIIIIIIIIIIIIIIIIIIIIIIIIIIIIIIIIIIIIIIIIIIII
IIIIIIIIIIIIIA2IIIIIIIIIIIIIIIIIIIIIIIIIIIIIIIIA2IIIIIIIIIIIIIII
IIIIIIIIIIIIIA2IIA2IIIIIIIIIIIIIIIIIIIIIIIIIIIIA2IIIIIIIIIIIIIII
IIIIIIIIA2IIIA2IIA2IIIIIIIIIIIIIIIIIIIIIIIIIIIIA2IIIIIIIIIIIIIII
IIIIA2IIA2IIIA2IIA2IIIIIIIIIIIIIIIIIIIIIIIIIIIIA2IIIIIIIIIIIIIII
IIIIA2IIAA2IIA2IIA2IIIIIIIIIIIIIIIIIIIIIIIIIIIIA2IIIIIIIIIIIIIII
IIIIA2IIAAA2IA2IIA2IIIIIIIIIIIIIIIIIIIIIIIIIIIIA2IIIIIIIIIIIIIII
IIIIA2IIAAAA2A2IIA2IIIIIIIIIIIIIIIIIIIIIIIIIIIIA2IIIIIIIIIIIIIII
IIIAA2IIAAAA2A2IIA2IIIIIIIIIIIIIIIIIIIIIIIIIIIIA2IIIIIIIIIIIIIII
IIIIIIIIIIIIA2IIIIIIIIIIIIIIIIIIIIIIIIIIIIIIIIIIIIIIIIIIIIIIIIII
IIIIIIIIIIIIIA1IIIIIIIIIIIIIIIIIIIIIIIIIIIIIIIIIIIIIIIIIIIIIIIII
IIIIIIIIIIIIIA1IIIIIIIIIIIIIIIIIIIIIIIIIIIIIIIIA1IIIIIIIIIIIIIII
IIIIIIIIIIIIIA1IIA1IIIIIIIIIIIIIIIIIIIIIIIIIIIIA1IIIIIIIIIIIIIII
IIIIIIIIA1IIIA1IIA1IIIIIIIIIIIIIIIIIIIIIIIIIIIIA1IIIIIIIIIIIIIII
IIIIA1IIA1IIIA1IIA1IIIIIIIIIIIIIIIIIIIIIIIIIIIIA1IIIIIIIIIIIIIII
IIIIA1IIAA1IIA1IIA1IIIIIIIIIIIIIIIIIIIIIIIIIIIIA1IIIIIIIIIIIIIII
IIIIA1IIAAA1IA1IIA1IIIIIIIIIIIIIIIIIIIIIIIIIIIIA1IIIIIIIIIIIIIII
IIIIA1IIAAAA1A1IIA1IIIIIIIIIIIIIIIIIIIIIIIIIIIIA1IIIIIIIIIIIIIII
IIIAA1IIAAAA1A1IIA1IIIIIIIIIIIIIIIIIIIIIIIIIIIIA1IIIIIIIIIIIIIII
IIIIIIIIIIIIIIIIIIIIIIIIIIIIIIIIIIIIIIIIIIIIIIIAIIIIIIIIIIIIIIII
IIIIIIIIIIIIAIIIIIIIIIIIIIIIIIIIIIIIIIIIIIIIIIIAIIIIIIIIIIIIIIII
IIIIIIIIIIIIAIIIIAIIIIIIIIIIIIIIIIIIIIIIIIIIIIIAIIIIIIIIIIIIIIII
IIIIIIIIAIIIAIIIIAIIIIIIIIIIIIIIIIIIIIIIIIIIIIIAIIIIIIIIIIIIIIII
IIIIAIIIAIIIAIIIIAIIIIIIIIIIIIIIIIIIIIIIIIIIIIIAIIIIIIIIIIIIIIII
IIIIAIIIAAIIAIIIIAIIIIIIIIIIIIIIIIIIIIIIIIIIIIIAIIIIIIIIIIIIIIII
IIIIAIIIAAAIAIIIIAIIIIIIIIIIIIIIIIIIIIIIIIIIIIIAIIIIIIIIIIIIIIII
IIIIAIIIAAAAAIIIIAIIIIIIIIIIIIIIIIIIIIIIIIIIIIIAIIIIIIIIIIIIIIII
IIIAAIIIAAAAAIIIIAIIIIIIIIIIIIIIIIIIIIIIIIIIIIIAIIIIIIIIIIIIIIII
IIIAA1IIAAAAAIIIIAIIIIIIIIIIIIIIIIIIIIIIIIIIIIIAIIIIIIIIIIIIIIII
IIIIIIIIIIIIAIIIIIIIIIIIIIIIIIIIIIIIIIIIIIIIIIIIIIIIIIIIIIIIIIII
IIIIIIIIAIIIAIIIIIIIIIIIIIIIIIIIIIIIIIIIIIIIIIIIIIIIIIIIIIIIIIII
IIIIAIIIAIIIAIIIIIIIIIIIIIIIIIIIIIIIIIIIIIIIIIIIIIIIIIIIIIIIIIII
IIIIAIIIAAIIAIIIIIIIIIIIIIIIIIIIIIIIIIIIIIIIIIIIIIIIIIIIIIIIIIII
IIIIAIIIAAAIAIIIIIIIIIIIIIIIIIIIIIIIIIIIIIIIIIIIIIIIIIIIIIIIIIII
IIIIAIIIAAAAAIIIIIIIIIIIIIIIIIIIIIIIIIIIIIIIIIIIIIIIIIIIIIIIIIII
IIIAAIIIAAAAAIIIIIIIIIIIIIIIIIIIIIIIIIIIIIIIIIIIIIIIIIIIIIIIIIII
IIIIIIIIIIIIIA2IIIIIIIIIIIIIIIIIIIIIIIIIIIIIIIIIIIIIIIIIIIIIIIII
IIIIIIIIIIIIIA2IIIIIIIIIIIIIIIIIIIIIIIIIIIIIIIIA2IIIIIIIIIIIIIII
IIIIIIIIIIIIAA2IIIIIIIIIIIIIIIIIIIIIIIIIIIIIIIIA2IIIIIIIIIIIIIII
IIIIIIIIIIIIAA2IIA2IIIIIIIIIIIIIIIIIIIIIIIIIIIIA2IIIIIIIIIIIIIII
IIIIIIIIA2IIAA2IIA2IIIIIIIIIIIIIIIIIIIIIIIIIIIIA2IIIIIIIIIIIIIII
IIIIA2IIA2IIAA2IIA2IIIIIIIIIIIIIIIIIIIIIIIIIIIIA2IIIIIIIIIIIIIII
IIIIA2IIAA2IAA2IIA2IIIIIIIIIIIIIIIIIIIIIIIIIIIIA2IIIIIIIIIIIIIII
IIIIA2IIAAA2AA2IIA2IIIIIIIIIIIIIIIIIIIIIIIIIIIIA2IIIIIIIIIIIIIII
IIIIA2IIAAAAAA2IIA2IIIIIIIIIIIIIIIIIIIIIIIIIIIIA2IIIIIIIIIIIIIII
IIIAA2IIAAAAAA2IIA2IIIIIIIIIIIIIIIIIIIIIIIIIIIIA2IIIIIIIIIIIIIII
IIIIIIIIIIIIA2IIIIIIIIIIIIIIIIIIIIIIIIIIIIIIIIIIIIIIIIIIIIIIIIII
IIIIIIIIA1IIA2IIIIIIIIIIIIIIIIIIIIIIIIIIIIIIIIIIIIIIIIIIIIIIIIII
IIIIA1IIA1IIA2IIIIIIIIIIIIIIIIIIIIIIIIIIIIIIIIIIIIIIIIIIIIIIIIII
IIIIA1IIAA1IA2IIIIIIIIIIIIIIIIIIIIIIIIIIIIIIIIIIIIIIIIIIIIIIIIII
IIIIA1IIAAA1A2IIIIIIIIIIIIIIIIIIIIIIIIIIIIIIIIIIIIIIIIIIIIIIIIII
IIIIA1IIAAAAA2IIIIIIIIIIIIIIIIIIIIIIIIIIIIIIIIIIIIIIIIIIIIIIIIII
IIIAA1IIAAAAA2IIIIIIIIIIIIIIIIIIIIIIIIIIIIIIIIIIIIIIIIIIIIIIIIII
IIIIIIIIIIIIIAIIIIIIIIIIIIIIIIIIIIIIIIIIIIIIIIIIIIIIIIIIIIIIIIII
IIIIIIIIIIIIIAIIIIIIIIIIIIIIIIIIIIIIIIIIIIIIIIIAIIIIIIIIIIIIIIII
IIIIIIIIIIIIAAIIIIIIIIIIIIIIIIIIIIIIIIIIIIIIIIIAIIIIIIIIIIIIIIII
IIIIIIIIIIIIAAIIIAIIIIIIIIIIIIIIIIIIIIIIIIIIIIIAIIIIIIIIIIIIIIII
IIIIIIIIAIIIAAIIIAIIIIIIIIIIIIIIIIIIIIIIIIIIIIIAIIIIIIIIIIIIIIII
IIIIAIIIAIIIAAIIIAIIIIIIIIIIIIIIIIIIIIIIIIIIIIIAIIIIIIIIIIIIIIII
IIIIAIIIAAIIAAIIIAIIIIIIIIIIIIIIIIIIIIIIIIIIIIIAIIIIIIIIIIIIIIII
IIIIAIIIAAAIAAIIIAIIIIIIIIIIIIIIIIIIIIIIIIIIIIIAIIIIIIIIIIIIIIII
IIIIAIIIAAAAAAIIIAIIIIIIIIIIIIIIIIIIIIIIIIIIIIIAIIIIIIIIIIIIIIII
IIIAAIIIAAAAAAIIIAIIIIIIIIIIIIIIIIIIIIIIIIIIIIIAIIIIIIIIIIIIIIII
IIIAAIIIAAAAAAIIIAIIIIIIIIIIIIIIIIIIIIIIIIIIIIIA2IIIIIIIIIIIIIII
IIIAAIIIAAAAAAIIIA2IIIIIIIIIIIIIIIIIIIIIIIIIIIIA2IIIIIIIIIIIIIII
IIIAA2IIAAAAAAIIIA2IIIIIIIIIIIIIIIIIIIIIIIIIIIIA2IIIIIIIIIIIIIII
IIIIIIIIA1IIIIIIIIIIIIIIIIIIIIIIIIIIIIIIIIIIIIIIIIIIIIIIIIIIIIII
IIIIA1IIA1IIIIIIIIIIIIIIIIIIIIIIIIIIIIIIIIIIIIIIIIIIIIIIIIIIIIII
IIIIA1IIAA1IIIIIIIIIIIIIIIIIIIIIIIIIIIIIIIIIIIIIIIIIIIIIIIIIIIII
IIIIA1IIAAA1IIIIIIIIIIIIIIIIIIIIIIIIIIIIIIIIIIIIIIIIIIIIIIIIIIII
IIIIA1IIAAAA1IIIIIIIIIIIIIIIIIIIIIIIIIIIIIIIIIIIIIIIIIIIIIIIIIII
IIIAA1IIAAAA1IIIIIIIIIIIIIIIIIIIIIIIIIIIIIIIIIIIIIIIIIIIIIIIIIII
IIIIIIIIIIIIAIIIIIIIIIIIIIIIIIIIIIIIIIIIIIIIIIIIIIIIIIIIIIIIIIII
IIIIIIIIA1IIAIIIIIIIIIIIIIIIIIIIIIIIIIIIIIIIIIIIIIIIIIIIIIIIIIII
IIIIA1IIA1IIAIIIIIIIIIIIIIIIIIIIIIIIIIIIIIIIIIIIIIIIIIIIIIIIIIII
IIIIA1IIAA1IAIIIIIIIIIIIIIIIIIIIIIIIIIIIIIIIIIIIIIIIIIIIIIIIIIII
IIIIA1IIAAA1AIIIIIIIIIIIIIIIIIIIIIIIIIIIIIIIIIIIIIIIIIIIIIIIIIII
IIIIA1IIAAAAAIIIIIIIIIIIIIIIIIIIIIIIIIIIIIIIIIIIIIIIIIIIIIIIIIII
IIIAA1IIAAAAAIIIIIIIIIIIIIIIIIIIIIIIIIIIIIIIIIIIIIIIIIIIIIIIIIII
IIIIIIIIIIIIA1IIIIIIIIIIIIIIIIIIIIIIIIIIIIIIIIIIIIIIIIIIIIIIIIII
IIIIIIIIIIIIIIIIIIIIIIIIIIIIIIIIIIIIIIIIIIIIIIIA1IIIIIIIIIIIIIII
IIIIIIIIIIIIIIIIIA1IIIIIIIIIIIIIIIIIIIIIIIIIIIIA1IIIIIIIIIIIIIII
IIIIIIIIIIIIA1IIIA1IIIIIIIIIIIIIIIIIIIIIIIIIIIIA1IIIIIIIIIIIIIII
IIIIIIIIA1IIA1IIIA1IIIIIIIIIIIIIIIIIIIIIIIIIIIIA1IIIIIIIIIIIIIII
IIIIA1IIA1IIA1IIIA1IIIIIIIIIIIIIIIIIIIIIIIIIIIIA1IIIIIIIIIIIIIII
IIIIA1IIAA1IA1IIIA1IIIIIIIIIIIIIIIIIIIIIIIIIIIIA1IIIIIIIIIIIIIII
IIIIA1IIAAA1A1IIIA1IIIIIIIIIIIIIIIIIIIIIIIIIIIIA1IIIIIIIIIIIIIII
IIIIA1IIAAAAA1IIIA1IIIIIIIIIIIIIIIIIIIIIIIIIIIIA1IIIIIIIIIIIIIII
IIIAA1IIAAAAA1IIIA1IIIIIIIIIIIIIIIIIIIIIIIIIIIIA1IIIIIIIIIIIIIII
IIIIIIIIIIIIAIIIIIIIIIIIIIIIIIIIIIIIIIIIIIIIIIIIIIIIIIIIIIIIIIII
IIIIIIIIIII2AIIIIIIIIIIIIIIIIIIIIIIIIIIIIIIIIIIIIIIIIIIIIIIIIIII
IIIIIIIIIIIIAIIIIIIIIIIIIIIIIIIIIIIIIIIIIIIIIIIIIIIIIIIIIIIIIIII
IIIIIIIIAIIIAIIIIIIIIIIIIIIIIIIIIIIIIIIIIIIIIIIIIIIIIIIIIIIIIIII
IIIIAIIIAIIIAIIIIIIIIIIIIIIIIIIIIIIIIIIIIIIIIIIIIIIIIIIIIIIIIIII
IIIIAIIIAAIIAIIIIIIIIIIIIIIIIIIIIIIIIIIIIIIIIIIIIIIIIIIIIIIIIIII
IIIIAIIIAAAIAIIIIIIIIIIIIIIIIIIIIIIIIIIIIIIIIIIIIIIIIIIIIIIIIIII
IIIIAIIIAAAAAIIIIIIIIIIIIIIIIIIIIIIIIIIIIIIIIIIIIIIIIIIIIIIIIIII
IIIIIIIIIIIIAIIIIIIIIIIIIIIIIIIIIIIIIIIIIIIIIIIIIIIIIIIIIIIIIIII
IIIIIIIIA1IIIIIIIIIIIIIIIIIIIIIIIIIIIIIIIIIIIIIIIIIIIIIIIIIIIIII
IIIIA1IIA1IIIIIIIIIIIIIIIIIIIIIIIIIIIIIIIIIIIIIIIIIIIIIIIIIIIIII
IIIIA1IIAA1IIIIIIIIIIIIIIIIIIIIIIIIIIIIIIIIIIIIIIIIIIIIIIIIIIIII
IIIIA1IIAAA1IIIIIIIIIIIIIIIIIIIIIIIIIIIIIIIIIIIIIIIIIIIIIIIIIIII
IIIIA1IIAAAA1IIIIIIIIIIIIIIIIIIIIIIIIIIIIIIIIIIIIIIIIIIIIIIIIIII
IIIIA1IIAAAAA1IIIIIIIIIIIIIIIIIIIIIIIIIIIIIIIIIIIIIIIIIIIIIIIIII
IIIIA1IIIIIIIIIIIIIIIIIIIIIIIIIIIIIIIIIIIIIIIIIIIIIIIIIIIIIIIIII
IIIIA1IIIA1IIIIIIIIIIIIIIIIIIIIIIIIIIIIIIIIIIIIIIIIIIIIIIIIIIIII
IIIAA1IIIA1IIIIIIIIIIIIIIIIIIIIIIIIIIIIIIIIIIIIIIIIIIIIIIIIIIIII
IIIIIIIIIIIIA1IIIIIIIIIIIIIIIIIIIIIIIIIIIIIIIIIIIIIIIIIIIIIIIIII
IIIIIIIIA1IIA1IIIIIIIIIIIIIIIIIIIIIIIIIIIIIIIIIIIIIIIIIIIIIIIIII
IIIIA1IIA1IIA1IIIIIIIIIIIIIIIIIIIIIIIIIIIIIIIIIIIIIIIIIIIIIIIIII
IIIIA1IIAA1IA1IIIIIIIIIIIIIIIIIIIIIIIIIIIIIIIIIIIIIIIIIIIIIIIIII
IIIIA1IIAAA1A1IIIIIIIIIIIIIIIIIIIIIIIIIIIIIIIIIIIIIIIIIIIIIIIIII
IIIIA1IIAAAAA1IIIIIIIIIIIIIIIIIIIIIIIIIIIIIIIIIIIIIIIIIIIIIIIIII
IIIAA1IIAAAAA1IIIIIIIIIIIIIIIIIIIIIIIIIIIIIIIIIIIIIIIIIIIIIIIIII
IIIIIIIIIIIIIIIIIIIIIIIIIIIIIIIIIIIIIIIIIIIIIIIAIIIIIIIIIIIIIIII
IIIIIIIIIIIIIIIIIAIIIIIIIIIIIIIIIIIIIIIIIIIIIIIAIIIIIIIIIIIIIIII
IIIIIIIIAIIIIIIIIAIIIIIIIIIIIIIIIIIIIIIIIIIIIIIAIIIIIIIIIIIIIIII
IIIIAIIIAIIIIIIIIAIIIIIIIIIIIIIIIIIIIIIIIIIIIIIAIIIIIIIIIIIIIIII
IIIIAIIIAAIIIIIIIAIIIIIIIIIIIIIIIIIIIIIIIIIIIIIAIIIIIIIIIIIIIIII
IIIIAIIIAAAIIIIIIAIIIIIIIIIIIIIIIIIIIIIIIIIIIIIAIIIIIIIIIIIIIIII
IIIIAIIIAAAAIIIIIAIIIIIIIIIIIIIIIIIIIIIIIIIIIIIAIIIIIIIIIIIIIIII
IIIIA1IIAAAAIIIIIAIIIIIIIIIIIIIIIIIIIIIIIIIIIIIAIIIIIIIIIIIIIIII
IIIAA1IIAAAAIIIIIAIIIIIIIIIIIIIIIIIIIIIIIIIIIIIAIIIIIIIIIIIIIIII
IIIAA1IIAAAAA1IIIAIIIIIIIIIIIIIIIIIIIIIIIIIIIIIAIIIIIIIIIIIIIIII
IIIIIIIIIIIIIIIIIIIIIIIIIIIIIIIIIIIIIIIIIIIIIIIA1IIIIIIIIIIIIIII
IIIIIIIIIIIIIIIIIA1IIIIIIIIIIIIIIIIIIIIIIIIIIIIA1IIIIIIIIIIIIIII
IIIIIIIIAIIIIIIIIA1IIIIIIIIIIIIIIIIIIIIIIIIIIIIA1IIIIIIIIIIIIIII
IIIIAIIIAIIIIIIIIA1IIIIIIIIIIIIIIIIIIIIIIIIIIIIA1IIIIIIIIIIIIIII
IIIIAIIIAAIIIIIIIA1IIIIIIIIIIIIIIIIIIIIIIIIIIIIA1IIIIIIIIIIIIIII
IIIIAIIIAAAIIIIIIA1IIIIIIIIIIIIIIIIIIIIIIIIIIIIA1IIIIIIIIIIIIIII
IIIIAIIIAAAAIIIIIA1IIIIIIIIIIIIIIIIIIIIIIIIIIIIA1IIIIIIIIIIIIIII
IIIAAIIIAAAAIIIIIA1IIIIIIIIIIIIIIIIIIIIIIIIIIIIA1IIIIIIIIIIIIIII
IIIIIIIIIIIIA1IIIIIIIIIIIIIIIIIIIIIIIIIIIIIIIIIIIIIIIIIIIIIIIIII
IIIIIIIIA1IIA1IIIIIIIIIIIIIIIIIIIIIIIIIIIIIIIIIIIIIIIIIIIIIIIIII
IIIIA1IIA1IIA1IIIIIIIIIIIIIIIIIIIIIIIIIIIIIIIIIIIIIIIIIIIIIIIIII
IIIIA1IIAA1IA1IIIIIIIIIIIIIIIIIIIIIIIIIIIIIIIIIIIIIIIIIIIIIIIIII
IIIAA1IIAA1IA1IIIIIIIIIIIIIIIIIIIIIIIIIIIIIIIIIIIIIIIIIIIIIIIIII
IIIIIIIIIIIIIIIIIIIIIIIIIIIIIIIIIIIIIIIIIIIIIIIAIIIIIIIIIIIIIIII
IIIIIIIIIIIIIIIIIAIIIIIIIIIIIIIIIIIIIIIIIIIIIIIAIIIIIIIIIIIIIIII
IIIIIIIIAIIIIIIIIAIIIIIIIIIIIIIIIIIIIIIIIIIIIIIAIIIIIIIIIIIIIIII
IIIIAIIIAIIIIIIIIAIIIIIIIIIIIIIIIIIIIIIIIIIIIIIAIIIIIIIIIIIIIIII
IIIIAIIIAAIIIIIIIAIIIIIIIIIIIIIIIIIIIIIIIIIIIIIAIIIIIIIIIIIIIIII
IIIIAIIIAAAIIIIIIAIIIIIIIIIIIIIIIIIIIIIIIIIIIIIAIIIIIIIIIIIIIIII
IIIIAIIIAAAAIIIIIAIIIIIIIIIIIIIIIIIIIIIIIIIIIIIAIIIIIIIIIIIIIIII
IIIAAIIIAAAAIIIIIAIIIIIIIIIIIIIIIIIIIIIIIIIIIIIAIIIIIIIIIIIIIIII
IIIAAIIIAAAAA2IIIAIIIIIIIIIIIIIIIIIIIIIIIIIIIIIAIIIIIIIIIIIIIIII
IIIIIIIIA1IIIIIIIIIIIIIIIIIIIIIIIIIIIIIIIIIIIIIIIIIIIIIIIIIIIIII
IIIIA1IIA1IIIIIIIIIIIIIIIIIIIIIIIIIIIIIIIIIIIIIIIIIIIIIIIIIIIIII
IIIIA1IIAA1IIIIIIIIIIIIIIIIIIIIIIIIIIIIIIIIIIIIIIIIIIIIIIIIIIIII
IIIIA1IIAAA1IIIIIIIIIIIIIIIIIIIIIIIIIIIIIIIIIIIIIIIIIIIIIIIIIIII
IIIIA1IIAAAA1IIIIIIIIIIIIIIIIIIIIIIIIIIIIIIIIIIIIIIIIIIIIIIIIIII
IIIAA1IIAAAA1IIIIIIIIIIIIIIIIIIIIIIIIIIIIIIIIIIIIIIIIIIIIIIIIIII
IIIIIIIIIIIIAIIIIIIIIIIIIIIIIIIIIIIIIIIIIIIIIIIIIIIIIIIIIIIIIIII
IIIIIIIIA1IIIIIIIIIIIIIIIIIIIIIIIIIIIIIIIIIIIIIIIIIIIIIIIIIIIIII
IIIIA1IIA1IIIIIIIIIIIIIIIIIIIIIIIIIIIIIIIIIIIIIIIIIIIIIIIIIIIIII
IIIIA1IIAA1IIIIIIIIIIIIIIIIIIIIIIIIIIIIIIIIIIIIIIIIIIIIIIIIIIIII
IIIIA1IIAAA1IIIIIIIIIIIIIIIIIIIIIIIIIIIIIIIIIIIIIIIIIIIIIIIIIIII
IIIIA1IIAAAA1IIIIIIIIIIIIIIIIIIIIIIIIIIIIIIIIIIIIIIIIIIIIIIIIIII
IIIAA1IIAAAA1IIIIIIIIIIIIIIIIIIIIIIIIIIIIIIIIIIIIIIIIIIIIIIIIIII
IIIAA1IIAAAAA1IIIIIIIIIIIIIIIIIIIIIIIIIIIIIIIIIIIIIIIIIIIIIIIIII
IIIIIIIIIIIIIAIIIIIIIIIIIIIIIIIIIIIIIIIIIIIIIIIIIIIIIIIIIIIIIIII
IIIIIIIIIIIIIAIIIIIIIIIIIIIIIIIIIIIIIIIIIIIIIIIAIIIIIIIIIIIIIIII
IIIIIIIIIIIIAAIIIIIIIIIIIIIIIIIIIIIIIIIIIIIIIIIAIIIIIIIIIIIIIIII
IIIIIIIIIIIIAAIIIAIIIIIIIIIIIIIIIIIIIIIIIIIIIIIAIIIIIIIIIIIIIIII
IIIIIIIIAIIIAAIIIAIIIIIIIIIIIIIIIIIIIIIIIIIIIIIAIIIIIIIIIIIIIIII
IIIIAIIIAIIIAAIIIAIIIIIIIIIIIIIIIIIIIIIIIIIIIIIAIIIIIIIIIIIIIIII
IIIIAIIIAAIIAAIIIAIIIIIIIIIIIIIIIIIIIIIIIIIIIIIAIIIIIIIIIIIIIIII
IIIIAIIIAAAIAAIIIAIIIIIIIIIIIIIIIIIIIIIIIIIIIIIAIIIIIIIIIIIIIIII
IIIIAIIIAAAAAAIIIAIIIIIIIIIIIIIIIIIIIIIIIIIIIIIAIIIIIIIIIIIIIIII
IIIAAIIIAAAAAAIIIAIIIIIIIIIIIIIIIIIIIIIIIIIIIIIAIIIIIIIIIIIIIIII
IIIIIIIIIIIIIIIIIIIIIIIIIIIIIIIIIIIIIIIIIIIIIIIA2IIIIIIIIIIIIIII
IIIIIIIIIIIIIIIIIA2IIIIIIIIIIIIIIIIIIIIIIIIIIIIA2IIIIIIIIIIIIIII
IIIIIIIIA2IIIIIIIA2IIIIIIIIIIIIIIIIIIIIIIIIIIIIA2IIIIIIIIIIIIIII
IIIIA2IIA2IIIIIIIA2IIIIIIIIIIIIIIIIIIIIIIIIIIIIA2IIIIIIIIIIIIIII
IIIIA2IIAA2IIIIIIA2IIIIIIIIIIIIIIIIIIIIIIIIIIIIA2IIIIIIIIIIIIIII
IIIIA2IIAAA2IIIIIA2IIIIIIIIIIIIIIIIIIIIIIIIIIIIA2IIIIIIIIIIIIIII
IIIIA2IIAAAA2IIIIA2IIIIIIIIIIIIIIIIIIIIIIIIIIIIA2IIIIIIIIIIIIIII
IIIAA2IIAAAA2IIIIA2IIIIIIIIIIIIIIIIIIIIIIIIIIIIA2IIIIIIIIIIIIIII
IIIAA2IIAAAA2IIIIA2IIIIIIIIIIIIIIIIIIIIIIIIIIIIA1IIIIIIIIIIIIIII
IIIAA2IIAAAA2IIIIA1IIIIIIIIIIIIIIIIIIIIIIIIIIIIA1IIIIIIIIIIIIIII
IIIAA1IIAAAA2IIIIA1IIIIIIIIIIIIIIIIIIIIIIIIIIIIA1IIIIIIIIIIIIIII
IIIAA1IIAAAA1IIIIA1IIIIIIIIIIIIIIIIIIIIIIIIIIIIA1IIIIIIIIIIIIIII
IIIIIIIIIIIIA2IIIIIIIIIIIIIIIIIIIIIIIIIIIIIIIIIIIIIIIIIIIIIIIIII
IIIIIIIIA2IIA2IIIIIIIIIIIIIIIIIIIIIIIIIIIIIIIIIIIIIIIIIIIIIIIIII
IIIIA2IIA2IIA2IIIIIIIIIIIIIIIIIIIIIIIIIIIIIIIIIIIIIIIIIIIIIIIIII
IIIIA2IIAA2IA2IIIIIIIIIIIIIIIIIIIIIIIIIIIIIIIIIIIIIIIIIIIIIIIIII
IIIIA2IIAAA2A2IIIIIIIIIIIIIIIIIIIIIIIIIIIIIIIIIIIIIIIIIIIIIIIIII
IIIIA2IIAAAAA2IIIIIIIIIIIIIIIIIIIIIIIIIIIIIIIIIIIIIIIIIIIIIIIIII
IIIAA2IIAAAAA2IIIIIIIIIIIIIIIIIIIIIIIIIIIIIIIIIIIIIIIIIIIIIIIIII
IIIIIIIIIIIIA1IIIIIIIIIIIIIIIIIIIIIIIIIIIIIIIIIIIIIIIIIIIIIIIIII
IIIIIIIIA1IIA1IIIIIIIIIIIIIIIIIIIIIIIIIIIIIIIIIIIIIIIIIIIIIIIIII
IIIIA1IIA1IIA1IIIIIIIIIIIIIIIIIIIIIIIIIIIIIIIIIIIIIIIIIIIIIIIIII
IIIIA1IIAA1IA1IIIIIIIIIIIIIIIIIIIIIIIIIIIIIIIIIIIIIIIIIIIIIIIIII
IIIIA1IIAAA1A1IIIIIIIIIIIIIIIIIIIIIIIIIIIIIIIIIIIIIIIIIIIIIIIIII
IIIIA1IIAAAAA1IIIIIIIIIIIIIIIIIIIIIIIIIIIIIIIIIIIIIIIIIIIIIIIIII
IIIAA1IIAAAAA1IIIIIIIIIIIIIIIIIIIIIIIIIIIIIIIIIIIIIIIIIIIIIIIIII
IIIIIIIIIIIIIAIIIIIIIIIIIIIIIIIIIIIIIIIIIIIIIIIIIIIIIIIIIIIIIIII
IIIIIIIIIIIIIAIIIIIIIIIIIIIIIIIIIIIIIIIIIIIIIIIAIIIIIIIIIIIIIIII
IIIIIIIIIIIIIAIIIAIIIIIIIIIIIIIIIIIIIIIIIIIIIIIAIIIIIIIIIIIIIIII
IIIIIIIIAIIIIAIIIAIIIIIIIIIIIIIIIIIIIIIIIIIIIIIAIIIIIIIIIIIIIIII
IIIIAIIIAIIIIAIIIAIIIIIIIIIIIIIIIIIIIIIIIIIIIIIAIIIIIIIIIIIIIIII
IIIIAIIIAAIIIAIIIAIIIIIIIIIIIIIIIIIIIIIIIIIIIIIAIIIIIIIIIIIIIIII
IIIIAIIIAAAIIAIIIAIIIIIIIIIIIIIIIIIIIIIIIIIIIIIAIIIIIIIIIIIIIIII
IIIIAIIIAAAAIAIIIAIIIIIIIIIIIIIIIIIIIIIIIIIIIIIAIIIIIIIIIIIIIIII
IIIAAIIIAAAAIAIIIAIIIIIIIIIIIIIIIIIIIIIIIIIIIIIAIIIIIIIIIIIIIIII
IIIAA2IIAAAAIAIIIAIIIIIIIIIIIIIIIIIIIIIIIIIIIIIAIIIIIIIIIIIIIIII
IIIAA2IIAAAAAAIIIAIIIIIIIIIIIIIIIIIIIIIIIIIIIIIAIIIIIIIIIIIIIIII
IIIIIIIIIIIIIA2IIIIIIIIIIIIIIIIIIIIIIIIIIIIIIIIIIIIIIIIIIIIIIIII
IIIIIIIIIIIIIA2IIIIIIIIIIIIIIIIIIIIIIIIIIIIIIIIA2IIIIIIIIIIIIIII
IIIIIIIIIIIIIA2IIA2IIIIIIIIIIIIIIIIIIIIIIIIIIIIA2IIIIIIIIIIIIIII
IIIIIIIIA2IIIA2IIA2IIIIIIIIIIIIIIIIIIIIIIIIIIIIA2IIIIIIIIIIIIIII
IIIIA2IIA2IIIA2IIA2IIIIIIIIIIIIIIIIIIIIIIIIIIIIA2IIIIIIIIIIIIIII
IIIIA2IIAA2IIA2IIA2IIIIIIIIIIIIIIIIIIIIIIIIIIIIA2IIIIIIIIIIIIIII
IIIIA2IIAAA2IA2IIA2IIIIIIIIIIIIIIIIIIIIIIIIIIIIA2IIIIIIIIIIIIIII
IIIIA2IIAAAA2A2IIA2IIIIIIIIIIIIIIIIIIIIIIIIIIIIA2IIIIIIIIIIIIIII
IIIAA2IIAAAA2A2IIA2IIIIIIIIIIIIIIIIIIIIIIIIIIIIA2IIIIIIIIIIIIIII
IIIIIIIIIIIIA2IIIIIIIIIIIIIIIIIIIIIIIIIIIIIIIIIIIIIIIIIIIIIIIIII
IIIIIIIIIIIIA1IIIIIIIIIIIIIIIIIIIIIIIIIIIIIIIIIIIIIIIIIIIIIIIIII
IIIIIIIIA1IIA1IIIIIIIIIIIIIIIIIIIIIIIIIIIIIIIIIIIIIIIIIIIIIIIIII
IIIIA1IIA1IIA1IIIIIIIIIIIIIIIIIIIIIIIIIIIIIIIIIIIIIIIIIIIIIIIIII
IIIIA1IIAA1IA1IIIIIIIIIIIIIIIIIIIIIIIIIIIIIIIIIIIIIIIIIIIIIIIIII
IIIIA1IIAAA1A1IIIIIIIIIIIIIIIIIIIIIIIIIIIIIIIIIIIIIIIIIIIIIIIIII
IIIIA1IIAAAAA1IIIIIIIIIIIIIIIIIIIIIIIIIIIIIIIIIIIIIIIIIIIIIIIIII
IIIAA1IIAAAAA1IIIIIIIIIIIIIIIIIIIIIIIIIIIIIIIIIIIIIIIIIIIIIIIIII
IIIIIIIIAIIIIIIIIIIIIIIIIIIIIIIIIIIIIIIIIIIIIIIIIIIIIIIIIIIIIIII
IIIIAIIIAIIIIIIIIIIIIIIIIIIIIIIIIIIIIIIIIIIIIIIIIIIIIIIIIIIIIIII
IIIIAIIIAAIIIIIIIIIIIIIIIIIIIIIIIIIIIIIIIIIIIIIIIIIIIIIIIIIIIIII
IIIIAIIIAAAIIIIIIIIIIIIIIIIIIIIIIIIIIIIIIIIIIIIIIIIIIIIIIIIIIIII
IIIIAIIIAAAAIIIIIIIIIIIIIIIIIIIIIIIIIIIIIIIIIIIIIIIIIIIIIIIIIIII
IIIAAIIIAAAAIIIIIIIIIIIIIIIIIIIIIIIIIIIIIIIIIIIIIIIIIIIIIIIIIIII
IIIIIIIIIIIIA1IIIIIIIIIIIIIIIIIIIIIIIIIIIIIIIIIIIIIIIIIIIIIIIIII
IIIIIIIIIA2IIIIIIIIIIIIIIIIIIIIIIIIIIIIIIIIIIIIIIIIIIIIIIIIIIIII
IIIIA2IIIA2IIIIIIIIIIIIIIIIIIIIIIIIIIIIIIIIIIIIIIIIIIIIIIIIIIIII
IIIAA2IIIA2IIIIIIIIIIIIIIIIIIIIIIIIIIIIIIIIIIIIIIIIIIIIIIIIIIIII
IIIAA2IIAA2IIIIIIIIIIIIIIIIIIIIIIIIIIIIIIIIIIIIIIIIIIIIIIIIIIIII
IIIAA2IIAAA2IIIIIIIIIIIIIIIIIIIIIIIIIIIIIIIIIIIIIIIIIIIIIIIIIIII
IIIAA2IIAAAA2IIIIIIIIIIIIIIIIIIIIIIIIIIIIIIIIIIIIIIIIIIIIIIIIIII
IIIIIIIIIIIIA2IIIIIIIIIIIIIIIIIIIIIIIIIIIIIIIIIIIIIIIIIIIIIIIIII
IIIIIIIIA1IIA2IIIIIIIIIIIIIIIIIIIIIIIIIIIIIIIIIIIIIIIIIIIIIIIIII
IIIIA1IIA1IIA2IIIIIIIIIIIIIIIIIIIIIIIIIIIIIIIIIIIIIIIIIIIIIIIIII
IIIIA1IIAA1IA2IIIIIIIIIIIIIIIIIIIIIIIIIIIIIIIIIIIIIIIIIIIIIIIIII
IIIIA1IIAAA1A2IIIIIIIIIIIIIIIIIIIIIIIIIIIIIIIIIIIIIIIIIIIIIIIIII
IIIIA1IIAAAAA2IIIIIIIIIIIIIIIIIIIIIIIIIIIIIIIIIIIIIIIIIIIIIIIIII
IIIAA1IIAAAAA2IIIIIIIIIIIIIIIIIIIIIIIIIIIIIIIIIIIIIIIIIIIIIIIIII
IIIAA1IIAAAAA1IIIIIIIIIIIIIIIIIIIIIIIIIIIIIIIIIIIIIIIIIIIIIIIIII
IIIIIIIIIIIIIIIIIIIIIIIIIIIIIIIIIIIIIIIIIIIIIIIAIIIIIIIIIIIIIIII
IIIIIIIIIIIIIIIIIAIIIIIIIIIIIIIIIIIIIIIIIIIIIIIAIIIIIIIIIIIIIIII
IIIIIIIIIIIIIIIIIIIIIIIIIIIIIIIIIIIIIIIIIIIIIIIAIIIIIIIIIIIIIIII
IIIIIIIIIIIIIIIIIAIIIIIIIIIIIIIIIIIIIIIIIIIIIIIAIIIIIIIIIIIIIIII
IIIIIIIIAIIIIIIIIAIIIIIIIIIIIIIIIIIIIIIIIIIIIIIAIIIIIIIIIIIIIIII
IIIIAIIIAIIIIIIIIAIIIIIIIIIIIIIIIIIIIIIIIIIIIIIAIIIIIIIIIIIIIIII
IIIIAIIIAAIIIIIIIAIIIIIIIIIIIIIIIIIIIIIIIIIIIIIAIIIIIIIIIIIIIIII
IIIIAIIIAAAIIIIIIAIIIIIIIIIIIIIIIIIIIIIIIIIIIIIAIIIIIIIIIIIIIIII
IIIIAIIIAAAAIIIIIAIIIIIIIIIIIIIIIIIIIIIIIIIIIIIAIIIIIIIIIIIIIIII
IIIAAIIIAAAAIIIIIAIIIIIIIIIIIIIIIIIIIIIIIIIIIIIAIIIIIIIIIIIIIIII
IIIIIIIIIIIIA1IIIIIIIIIIIIIIIIIIIIIIIIIIIIIIIIIIIIIIIIIIIIIIIIII
IIIIIIIIIIIIIA1IIIIIIIIIIIIIIIIIIIIIIIIIIIIIIIIIIIIIIIIIIIIIIIII
IIIIIIIIIIIIIA1IIIIIIIIIIIIIIIIIIIIIIIIIIIIIIIIA1IIIIIIIIIIIIIII
IIIIIIIIIIIIIA1IIA1IIIIIIIIIIIIIIIIIIIIIIIIIIIIA1IIIIIIIIIIIIIII
IIIIIIIIA1IIIA1IIA1IIIIIIIIIIIIIIIIIIIIIIIIIIIIA1IIIIIIIIIIIIIII
IIIIA1IIA1IIIA1IIA1IIIIIIIIIIIIIIIIIIIIIIIIIIIIA1IIIIIIIIIIIIIII
IIIIA1IIAA1IIA1IIA1IIIIIIIIIIIIIIIIIIIIIIIIIIIIA1IIIIIIIIIIIIIII
IIIIA1IIAAA1IA1IIA1IIIIIIIIIIIIIIIIIIIIIIIIIIIIA1IIIIIIIIIIIIIII
IIIIA1IIAAAA1A1IIA1IIIIIIIIIIIIIIIIIIIIIIIIIIIIA1IIIIIIIIIIIIIII
IIIAA1IIAAAA1A1IIA1IIIIIIIIIIIIIIIIIIIIIIIIIIIIA1IIIIIIIIIIIIIII
IIIIIIIIIIIIAIIIIIIIIIIIIIIIIIIIIIIIIIIIIIIIIIIIIIIIIIIIIIIIIIII
IIIIIIIIA1IIIIIIIIIIIIIIIIIIIIIIIIIIIIIIIIIIIIIIIIIIIIIIIIIIIIII
IIIIA1IIA1IIIIIIIIIIIIIIIIIIIIIIIIIIIIIIIIIIIIIIIIIIIIIIIIIIIIII
IIIIA1IIAA1IIIIIIIIIIIIIIIIIIIIIIIIIIIIIIIIIIIIIIIIIIIIIIIIIIIII
IIIIA1IIAAA1IIIIIIIIIIIIIIIIIIIIIIIIIIIIIIIIIIIIIIIIIIIIIIIIIIII
IIIIA1IIAAAA1IIIIIIIIIIIIIIIIIIIIIIIIIIIIIIIIIIIIIIIIIIIIIIIIIII
IIIAA1IIAAAA1IIIIIIIIIIIIIIIIIIIIIIIIIIIIIIIIIIIIIIIIIIIIIIIIIII
IIIIIIIIIIIIAIIIIIIIIIIIIIIIIIIIIIIIIIIIIIIIIIIIIIIIIIIIIIIIIIII
IIIIIIIIAIIIIIIIIIIIIIIIIIIIIIIIIIIIIIIIIIIIIIIIIIIIIIIIIIIIIIII
IIIIAIIIAIIIIIIIIIIIIIIIIIIIIIIIIIIIIIIIIIIIIIIIIIIIIIIIIIIIIIII
IIIIAIIIAAIIIIIIIIIIIIIIIIIIIIIIIIIIIIIIIIIIIIIIIIIIIIIIIIIIIIII
IIIIAIIIAAAIIIIIIIIIIIIIIIIIIIIIIIIIIIIIIIIIIIIIIIIIIIIIIIIIIIII
IIIIAIIIAAAAIIIIIIIIIIIIIIIIIIIIIIIIIIIIIIIIIIIIIIIIIIIIIIIIIIII
IIIAAIIIAAAAIIIIIIIIIIIIIIIIIIIIIIIIIIIIIIIIIIIIIIIIIIIIIIIIIIII
IIIIIIIIIIIIA2IIIIIIIIIIIIIIIIIIIIIIIIIIIIIIIIIIIIIIIIIIIIIIIIII
IIIIIIIIIIIIA12IIIIIIIIIIIIIIIIIIIIIIIIIIIIIIIIIIIIIIIIIIIIIIIII
IIIIIIIIIIIIAIIIIIIIIIIIIIIIIIIIIIIIIIIIIIIIIIIIIIIIIIIIIIIIIIII
IIIIIIIIAIIIAIIIIIIIIIIIIIIIIIIIIIIIIIIIIIIIIIIIIIIIIIIIIIIIIIII
IIIIAIIIAIIIAIIIIIIIIIIIIIIIIIIIIIIIIIIIIIIIIIIIIIIIIIIIIIIIIIII
IIIIAIIIAAIIAIIIIIIIIIIIIIIIIIIIIIIIIIIIIIIIIIIIIIIIIIIIIIIIIIII
IIIIAIIIAAAIAIIIIIIIIIIIIIIIIIIIIIIIIIIIIIIIIIIIIIIIIIIIIIIIIIII
IIIIAIIIAAAAAIIIIIIIIIIIIIIIIIIIIIIIIIIIIIIIIIIIIIIIIIIIIIIIIIII
IIIIAIIIAAAAA2IIIIIIIIIIIIIIIIIIIIIIIIIIIIIIIIIIIIIIIIIIIIIIIIII
IIIAA12IAAAAA2IIIIIIIIIIIIIIIIIIIIIIIIIIIIIIIIIIIIIIIIIIIIIIIIII
IIIAA112AAAAA2IIIIIIIIIIIIIIIIIIIIIIIIIIIIIIIIIIIIIIIIIIIIIIIIII
IIIIIIIIIIIIAIIIIIIIIIIIIIIIIIIIIIIIIIIIIIIIIIIIIIIIIIIIIIIIIIII
IIIIIIIIAIIIAIIIIIIIIIIIIIIIIIIIIIIIIIIIIIIIIIIIIIIIIIIIIIIIIIII
IIIIAIIIAIIIAIIIIIIIIIIIIIIIIIIIIIIIIIIIIIIIIIIIIIIIIIIIIIIIIIII
IIIIAIIIAAIIAIIIIIIIIIIIIIIIIIIIIIIIIIIIIIIIIIIIIIIIIIIIIIIIIIII
IIIIAIIIAAAIAIIIIIIIIIIIIIIIIIIIIIIIIIIIIIIIIIIIIIIIIIIIIIIIIIII
IIIIAIIIAAAAAIIIIIIIIIIIIIIIIIIIIIIIIIIIIIIIIIIIIIIIIIIIIIIIIIII
IIIIA1IIAAAAAIIIIIIIIIIIIIIIIIIIIIIIIIIIIIIIIIIIIIIIIIIIIIIIIIII
IIIAA1IIAAAAAIIIIIIIIIIIIIIIIIIIIIIIIIIIIIIIIIIIIIIIIIIIIIIIIIII
IIIIIIIIAIIIIIIIIIIIIIIIIIIIIIIIIIIIIIIIIIIIIIIIIIIIIIIIIIIIIIII
IIIIAIIIAIIIIIIIIIIIIIIIIIIIIIIIIIIIIIIIIIIIIIIIIIIIIIIIIIIIIIII
IIIIAIIIAAIIIIIIIIIIIIIIIIIIIIIIIIIIIIIIIIIIIIIIIIIIIIIIIIIIIIII
IIIIAIIIAAAIIIIIIIIIIIIIIIIIIIIIIIIIIIIIIIIIIIIIIIIIIIIIIIIIIIII
IIIIAIIIAAAAIIIIIIIIIIIIIIIIIIIIIIIIIIIIIIIIIIIIIIIIIIIIIIIIIIII
IIIAAIIIAAAAIIIIIIIIIIIIIIIIIIIIIIIIIIIIIIIIIIIIIIIIIIIIIIIIIIII
IIIAAIIIAAAAA1IIIIIIIIIIIIIIIIIIIIIIIIIIIIIIIIIIIIIIIIIIIIIIIIII
IIIIIIIIIIIIIA1IIIIIIIIIIIIIIIIIIIIIIIIIIIIIIIIIIIIIIIIIIIIIIIII
IIIIIIIIIIIIIA1IIIIIIIIIIIIIIIIIIIIIIIIIIIIIIIIA1IIIIIIIIIIIIIII
IIIIIIIIIIIIIA1IIA1IIIIIIIIIIIIIIIIIIIIIIIIIIIIA1IIIIIIIIIIIIIII
IIIIIIIIA1IIIA1IIA1IIIIIIIIIIIIIIIIIIIIIIIIIIIIA1IIIIIIIIIIIIIII
IIIIA1IIA1IIIA1IIA1IIIIIIIIIIIIIIIIIIIIIIIIIIIIA1IIIIIIIIIIIIIII
IIIIA1IIAAIIIA1IIA1IIIIIIIIIIIIIIIIIIIIIIIIIIIIA1IIIIIIIIIIIIIII
IIIIA1IIAAAIIA1IIA1IIIIIIIIIIIIIIIIIIIIIIIIIIIIA1IIIIIIIIIIIIIII
IIIIA1IIAAAAIA1IIA1IIIIIIIIIIIIIIIIIIIIIIIIIIIIA1IIIIIIIIIIIIIII
IIIAA1IIAAAAIA1IIA1IIIIIIIIIIIIIIIIIIIIIIIIIIIIA1IIIIIIIIIIIIIII
IIIAA1IIAAAAAA1IIA1IIIIIIIIIIIIIIIIIIIIIIIIIIIIA1IIIIIIIIIIIIIII
IIIIIIIIIIIIAIIIIIIIIIIIIIIIIIIIIIIIIIIIIIIIIIIIIIIIIIIIIIIIIIII
IIIIIIIIAIIIAIIIIIIIIIIIIIIIIIIIIIIIIIIIIIIIIIIIIIIIIIIIIIIIIIII
IIIIAIIIAIIIAIIIIIIIIIIIIIIIIIIIIIIIIIIIIIIIIIIIIIIIIIIIIIIIIIII
IIIIAIIIAAIIAIIIIIIIIIIIIIIIIIIIIIIIIIIIIIIIIIIIIIIIIIIIIIIIIIII
IIIIAIIIAAAIAIIIIIIIIIIIIIIIIIIIIIIIIIIIIIIIIIIIIIIIIIIIIIIIIIII
IIIIAIIIAAAAAIIIIIIIIIIIIIIIIIIIIIIIIIIIIIIIIIIIIIIIIIIIIIIIIIII
IIIAAIIIAAAAAIIIIIIIIIIIIIIIIIIIIIIIIIIIIIIIIIIIIIIIIIIIIIIIIIII
IIIIIIIIIIIIA1IIIIIIIIIIIIIIIIIIIIIIIIIIIIIIIIIIIIIIIIIIIIIIIIII
IIIIIIIIAIIIA1IIIIIIIIIIIIIIIIIIIIIIIIIIIIIIIIIIIIIIIIIIIIIIIIII
IIIIAIIIAIIIA1IIIIIIIIIIIIIIIIIIIIIIIIIIIIIIIIIIIIIIIIIIIIIIIIII
IIIIAIIIAAIIA1IIIIIIIIIIIIIIIIIIIIIIIIIIIIIIIIIIIIIIIIIIIIIIIIII
IIIIAIIIAAAIA1IIIIIIIIIIIIIIIIIIIIIIIIIIIIIIIIIIIIIIIIIIIIIIIIII
IIIIAIIIAAAAA1IIIIIIIIIIIIIIIIIIIIIIIIIIIIIIIIIIIIIIIIIIIIIIIIII
IIIIIIIIIIIIA2IIIIIIIIIIIIIIIIIIIIIIIIIIIIIIIIIIIIIIIIIIIIIIIIII
IIIIIIIIIIIIIIIIIIIIIIIIIIIIIIIIIIIIIIIIIIIIIIIA2IIIIIIIIIIIIIII
IIIIIIIIIIIIIIIIIA2IIIIIIIIIIIIIIIIIIIIIIIIIIIIA2IIIIIIIIIIIIIII
IIIIIIIIA2IIIIIIIA2IIIIIIIIIIIIIIIIIIIIIIIIIIIIA2IIIIIIIIIIIIIII
IIIIA2IIA2IIIIIIIA2IIIIIIIIIIIIIIIIIIIIIIIIIIIIA2IIIIIIIIIIIIIII
IIIIA2IIAA2IIIIIIA2IIIIIIIIIIIIIIIIIIIIIIIIIIIIA2IIIIIIIIIIIIIII
IIIIA2IIAAA2IIIIIA2IIIIIIIIIIIIIIIIIIIIIIIIIIIIA2IIIIIIIIIIIIIII
IIIIA2IIAAAA2IIIIA2IIIIIIIIIIIIIIIIIIIIIIIIIIIIA2IIIIIIIIIIIIIII
IIIAA2IIAAAA2IIIIA2IIIIIIIIIIIIIIIIIIIIIIIIIIIIA2IIIIIIIIIIIIIII
IIIIIIIIIA1IIIIIIIIIIIIIIIIIIIIIIIIIIIIIIIIIIIIIIIIIIIIIIIIIIIII
IIIIA1IIIA1IIIIIIIIIIIIIIIIIIIIIIIIIIIIIIIIIIIIIIIIIIIIIIIIIIIII
IIIAA1IIIA1IIIIIIIIIIIIIIIIIIIIIIIIIIIIIIIIIIIIIIIIIIIIIIIIIIIII
IIIAA1IIAA1IIIIIIIIIIIIIIIIIIIIIIIIIIIIIIIIIIIIIIIIIIIIIIIIIIIII
IIIAA1IIAAA1IIIIIIIIIIIIIIIIIIIIIIIIIIIIIIIIIIIIIIIIIIIIIIIIIIII
IIIAA1IIAAAA1IIIIIIIIIIIIIIIIIIIIIIIIIIIIIIIIIIIIIIIIIIIIIIIIIII
IIIIIIIIIIIIAIIIIIIIIIIIIIIIIIIIIIIIIIIIIIIIIIIIIIIIIIIIIIIIIIII
IIIIIIIIAIIIIIIIIIIIIIIIIIIIIIIIIIIIIIIIIIIIIIIIIIIIIIIIIIIIIIII
IIIIAIIIAIIIIIIIIIIIIIIIIIIIIIIIIIIIIIIIIIIIIIIIIIIIIIIIIIIIIIII
IIIIAIIIAAIIIIIIIIIIIIIIIIIIIIIIIIIIIIIIIIIIIIIIIIIIIIIIIIIIIIII
IIIIAIIIAAAIIIIIIIIIIIIIIIIIIIIIIIIIIIIIIIIIIIIIIIIIIIIIIIIIIIII
IIIIAIIIAAAAIIIIIIIIIIIIIIIIIIIIIIIIIIIIIIIIIIIIIIIIIIIIIIIIIIII
IIIAAIIIAAAAIIIIIIIIIIIIIIIIIIIIIIIIIIIIIIIIIIIIIIIIIIIIIIIIIIII
IIIAA2IIAAAAIIIIIIIIIIIIIIIIIIIIIIIIIIIIIIIIIIIIIIIIIIIIIIIIIIII
IIIAA2IIAAAA2IIIIIIIIIIIIIIIIIIIIIIIIIIIIIIIIIIIIIIIIIIIIIIIIIII
IIIAA2IIAAAAA2IIIIIIIIIIIIIIIIIIIIIIIIIIIIIIIIIIIIIIIIIIIIIIIIII
IIIIIIIIIIIIIIIIIIIIIIIIIIIIIIIIIIIIIIIIIIIIIIIA2IIIIIIIIIIIIIII
IIIIIIIIIIIIIIIIIA2IIIIIIIIIIIIIIIIIIIIIIIIIIIIA2IIIIIIIIIIIIIII
IIIIIIIIA2IIIIIIIA2IIIIIIIIIIIIIIIIIIIIIIIIIIIIA2IIIIIIIIIIIIIII
IIIIA2IIA2IIIIIIIA2IIIIIIIIIIIIIIIIIIIIIIIIIIIIA2IIIIIIIIIIIIIII
IIIIA2IIAA2IIIIIIA2IIIIIIIIIIIIIIIIIIIIIIIIIIIIA2IIIIIIIIIIIIIII
IIIIA2IIAAA1IIIIIA2IIIIIIIIIIIIIIIIIIIIIIIIIIIIA2IIIIIIIIIIIIIII
IIIIA2IIAAAA1IIIIA2IIIIIIIIIIIIIIIIIIIIIIIIIIIIA2IIIIIIIIIIIIIII
IIIIA1IIAAAA1IIIIA2IIIIIIIIIIIIIIIIIIIIIIIIIIIIA2IIIIIIIIIIIIIII
IIIAA1IIAAAA1IIIIA2IIIIIIIIIIIIIIIIIIIIIIIIIIIIA2IIIIIIIIIIIIIII
IIIIIIIIIIIIA1IIIIIIIIIIIIIIIIIIIIIIIIIIIIIIIIIIIIIIIIIIIIIIIIII
IIIIIIIIAIIIIIIIIIIIIIIIIIIIIIIIIIIIIIIIIIIIIIIIIIIIIIIIIIIIIIII
IIIIAIIIAIIIIIIIIIIIIIIIIIIIIIIIIIIIIIIIIIIIIIIIIIIIIIIIIIIIIIII
IIIIAIIIAAIIIIIIIIIIIIIIIIIIIIIIIIIIIIIIIIIIIIIIIIIIIIIIIIIIIIII
IIIIAIIIAAAIIIIIIIIIIIIIIIIIIIIIIIIIIIIIIIIIIIIIIIIIIIIIIIIIIIII
IIIIAIIIAAAAIIIIIIIIIIIIIIIIIIIIIIIIIIIIIIIIIIIIIIIIIIIIIIIIIIII
IIIAAIIIAAAAIIIIIIIIIIIIIIIIIIIIIIIIIIIIIIIIIIIIIIIIIIIIIIIIIIII
IIIIIIIIIIIIA1IIIIIIIIIIIIIIIIIIIIIIIIIIIIIIIIIIIIIIIIIIIIIIIIII
IIIIIIIIIIIIAA1IIIIIIIIIIIIIIIIIIIIIIIIIIIIIIIIIIIIIIIIIIIIIIIII
IIIIIIIIIIIIAA1IIIIIIIIIIIIIIIIIIIIIIIIIIIIIIIIA1IIIIIIIIIIIIIII
IIIIIIIIIIIIAA1IIA1IIIIIIIIIIIIIIIIIIIIIIIIIIIIA1IIIIIIIIIIIIIII
IIIIIIIIA1IIAA1IIA1IIIIIIIIIIIIIIIIIIIIIIIIIIIIA1IIIIIIIIIIIIIII
IIIIA1IIA1IIAA1IIA1IIIIIIIIIIIIIIIIIIIIIIIIIIIIA1IIIIIIIIIIIIIII
IIIIA1IIAA1IAA1IIA1IIIIIIIIIIIIIIIIIIIIIIIIIIIIA1IIIIIIIIIIIIIII
IIIIA1IIAAA1AA1IIA1IIIIIIIIIIIIIIIIIIIIIIIIIIIIA1IIIIIIIIIIIIIII
IIIIA1IIAAAAAA1IIA1IIIIIIIIIIIIIIIIIIIIIIIIIIIIA1IIIIIIIIIIIIIII
IIIIIIIIIIIIAIIIIIIIIIIIIIIIIIIIIIIIIIIIIIIIIIIIIIIIIIIIIIIIIIII
IIIIIIIIIAIIAIIIIIIIIIIIIIIIIIIIIIIIIIIIIIIIIIIIIIIIIIIIIIIIIIII
IIIIAIIIIAIIAIIIIIIIIIIIIIIIIIIIIIIIIIIIIIIIIIIIIIIIIIIIIIIIIIII
IIIAAIIIIAIIAIIIIIIIIIIIIIIIIIIIIIIIIIIIIIIIIIIIIIIIIIIIIIIIIIII
IIIIIIIIIIIIA2IIIIIIIIIIIIIIIIIIIIIIIIIIIIIIIIIIIIIIIIIIIIIIIIII
IIIIIIIIA1IIIIIIIIIIIIIIIIIIIIIIIIIIIIIIIIIIIIIIIIIIIIIIIIIIIIII
IIIIA1IIA1IIIIIIIIIIIIIIIIIIIIIIIIIIIIIIIIIIIIIIIIIIIIIIIIIIIIII
IIIIA1IIAA1IIIIIIIIIIIIIIIIIIIIIIIIIIIIIIIIIIIIIIIIIIIIIIIIIIIII
IIIIA1IIAAA1IIIIIIIIIIIIIIIIIIIIIIIIIIIIIIIIIIIIIIIIIIIIIIIIIIII
IIIIA1IIAAAA1IIIIIIIIIIIIIIIIIIIIIIIIIIIIIIIIIIIIIIIIIIIIIIIIIII
IIIAA1IIAAAA1IIIIIIIIIIIIIIIIIIIIIIIIIIIIIIIIIIIIIIIIIIIIIIIIIII
IIIIIIIIIIIIAIIIIIIIIIIIIIIIIIIIIIIIIIIIIIIIIIIIIIIIIIIIIIIIIIII
IIIIIIIIA1IIAIIIIIIIIIIIIIIIIIIIIIIIIIIIIIIIIIIIIIIIIIIIIIIIIIII
IIIIA1IIA1IIAIIIIIIIIIIIIIIIIIIIIIIIIIIIIIIIIIIIIIIIIIIIIIIIIIII
IIIIA1IIAA1IAIIIIIIIIIIIIIIIIIIIIIIIIIIIIIIIIIIIIIIIIIIIIIIIIIII
IIIIA1IIAAA1AIIIIIIIIIIIIIIIIIIIIIIIIIIIIIIIIIIIIIIIIIIIIIIIIIII
IIIIA1IIAAAAAIIIIIIIIIIIIIIIIIIIIIIIIIIIIIIIIIIIIIIIIIIIIIIIIIII
IIIAA1IIAAAAAIIIIIIIIIIIIIIIIIIIIIIIIIIIIIIIIIIIIIIIIIIIIIIIIIII
IIIIIIIIIIIIIAIIIIIIIIIIIIIIIIIIIIIIIIIIIIIIIIIIIIIIIIIIIIIIIIII
IIIIIIIIIIIIIAIIIIIIIIIIIIIIIIIIIIIIIIIIIIIIIIIAIIIIIIIIIIIIIIII
IIIIIIIIIIIIIAIIIAIIIIIIIIIIIIIIIIIIIIIIIIIIIIIAIIIIIIIIIIIIIIII
IIIIIIIIAIIIIAIIIAIIIIIIIIIIIIIIIIIIIIIIIIIIIIIAIIIIIIIIIIIIIIII
IIIIAIIIAIIIIAIIIAIIIIIIIIIIIIIIIIIIIIIIIIIIIIIAIIIIIIIIIIIIIIII
IIIIAIIIAAIIIAIIIAIIIIIIIIIIIIIIIIIIIIIIIIIIIIIAIIIIIIIIIIIIIIII
IIIIAIIIAAAIIAIIIAIIIIIIIIIIIIIIIIIIIIIIIIIIIIIAIIIIIIIIIIIIIIII
IIIIAIIIAAAAIAIIIAIIIIIIIIIIIIIIIIIIIIIIIIIIIIIAIIIIIIIIIIIIIIII
IIIAAIIIAAAAIAIIIAIIIIIIIIIIIIIIIIIIIIIIIIIIIIIAIIIIIIIIIIIIIIII
IIIAAIIIAAAAAAIIIAIIIIIIIIIIIIIIIIIIIIIIIIIIIIIAIIIIIIIIIIIIIIII
IIIIIIIIA1IIIIIIIIIIIIIIIIIIIIIIIIIIIIIIIIIIIIIIIIIIIIIIIIIIIIII
IIIIA1IIA1IIIIIIIIIIIIIIIIIIIIIIIIIIIIIIIIIIIIIIIIIIIIIIIIIIIIII
IIIIA1IIAA1IIIIIIIIIIIIIIIIIIIIIIIIIIIIIIIIIIIIIIIIIIIIIIIIIIIII
IIIIA1IIAAA1IIIIIIIIIIIIIIIIIIIIIIIIIIIIIIIIIIIIIIIIIIIIIIIIIIII
IIIIA1IIAAAA1IIIIIIIIIIIIIIIIIIIIIIIIIIIIIIIIIIIIIIIIIIIIIIIIIII
IIIAA1IIAAAA1IIIIIIIIIIIIIIIIIIIIIIIIIIIIIIIIIIIIIIIIIIIIIIIIIII
IIIAA1IIAAAAA1IIIIIIIIIIIIIIIIIIIIIIIIIIIIIIIIIIIIIIIIIIIIIIIIII
IIIIIIIIA12IIIIIIIIIIIIIIIIIIIIIIIIIIIIIIIIIIIIIIIIIIIIIIIIIIIII
IIIIA12IA12IIIIIIIIIIIIIIIIIIIIIIIIIIIIIIIIIIIIIIIIIIIIIIIIIIIII
IIIIA12IAA12IIIIIIIIIIIIIIIIIIIIIIIIIIIIIIIIIIIIIIIIIIIIIIIIIIII
IIIIA12IAAA12IIIIIIIIIIIIIIIIIIIIIIIIIIIIIIIIIIIIIIIIIIIIIIIIIII
IIIIA12IAAAA12IIIIIIIIIIIIIIIIIIIIIIIIIIIIIIIIIIIIIIIIIIIIIIIIII
IIIAA12IAAAA12IIIIIIIIIIIIIIIIIIIIIIIIIIIIIIIIIIIIIIIIIIIIIIIIII
IIIIIIIIIIIIA12IIIIIIIIIIIIIIIIIIIIIIIIIIIIIIIIIIIIIIIIIIIIIIIII
IIIIIIIIA1IIIIIIIIIIIIIIIIIIIIIIIIIIIIIIIIIIIIIIIIIIIIIIIIIIIIII
IIIIA1IIA1IIIIIIIIIIIIIIIIIIIIIIIIIIIIIIIIIIIIIIIIIIIIIIIIIIIIII
IIIIA1IIAA1IIIIIIIIIIIIIIIIIIIIIIIIIIIIIIIIIIIIIIIIIIIIIIIIIIIII
IIIIA1IIAAA1IIIIIIIIIIIIIIIIIIIIIIIIIIIIIIIIIIIIIIIIIIIIIIIIIIII
IIIIA1IIAAAA1IIIIIIIIIIIIIIIIIIIIIIIIIIIIIIIIIIIIIIIIIIIIIIIIIII
IIIIA1IIAAAAA1IIIIIIIIIIIIIIIIIIIIIIIIIIIIIIIIIIIIIIIIIIIIIIIIII
IIIIA1IIAAAAA1IIIIIIIIIIIIIIIIIIIIIIIIIIIIIIIIIA1IIIIIIIIIIIIIII
IIIIA1IIAAAAA1IIIA1IIIIIIIIIIIIIIIIIIIIIIIIIIIIA1IIIIIIIIIIIIIII
IIIAA1IIAAAAA1IIIA1IIIIIIIIIIIIIIIIIIIIIIIIIIIIA1IIIIIIIIIIIIIII
IIIIIIIIIIIIA1IIIIIIIIIIIIIIIIIIIIIIIIIIIIIIIIIIIIIIIIIIIIIIIIII
IIIIIIIIIIIIAA1IIIIIIIIIIIIIIIIIIIIIIIIIIIIIIIIIIIIIIIIIIIIIIIII
IIIIIIIIIIIIAA1IIIIIIIIIIIIIIIIIIIIIIIIIIIIIIIIA1IIIIIIIIIIIIIII
IIIIIIIIIIIIAA1IIA1IIIIIIIIIIIIIIIIIIIIIIIIIIIIA1IIIIIIIIIIIIIII
IIIIIIIIA1IIAA1IIA1IIIIIIIIIIIIIIIIIIIIIIIIIIIIA1IIIIIIIIIIIIIII
IIIIA1IIA1IIAA1IIA1IIIIIIIIIIIIIIIIIIIIIIIIIIIIA1IIIIIIIIIIIIIII
IIIIA1IIAA1IAA1IIA1IIIIIIIIIIIIIIIIIIIIIIIIIIIIA1IIIIIIIIIIIIIII
IIIIA1IIAAA1AA1IIA1IIIIIIIIIIIIIIIIIIIIIIIIIIIIA1IIIIIIIIIIIIIII
IIIIA1IIAAAAAA1IIA1IIIIIIIIIIIIIIIIIIIIIIIIIIIIA1IIIIIIIIIIIIIII
IIIAA1IIAAAAAA1IIA1IIIIIIIIIIIIIIIIIIIIIIIIIIIIA1IIIIIIIIIIIIIII
IIIIIIIIIIIIAIIIIIIIIIIIIIIIIIIIIIIIIIIIIIIIIIIIIIIIIIIIIIIIIIII
IIIIIIIIIIIIAAIIIIIIIIIIIIIIIIIIIIIIIIIIIIIIIIIIIIIIIIIIIIIIIIII
IIIIIIIIIIIIAAIIIIIIIIIIIIIIIIIIIIIIIIIIIIIIIIIAIIIIIIIIIIIIIIII
IIIIIIIIIIIIAAIIIAIIIIIIIIIIIIIIIIIIIIIIIIIIIIIAIIIIIIIIIIIIIIII
IIIIIIIIAIIIAAIIIAIIIIIIIIIIIIIIIIIIIIIIIIIIIIIAIIIIIIIIIIIIIIII
IIIIAIIIAIIIAAIIIAIIIIIIIIIIIIIIIIIIIIIIIIIIIIIAIIIIIIIIIIIIIIII
IIIIAIIIAAIIAAIIIAIIIIIIIIIIIIIIIIIIIIIIIIIIIIIAIIIIIIIIIIIIIIII
IIIIAIIIAAAIAAIIIAIIIIIIIIIIIIIIIIIIIIIIIIIIIIIAIIIIIIIIIIIIIIII
IIIIAIIIAAAAAAIIIAIIIIIIIIIIIIIIIIIIIIIIIIIIIIIAIIIIIIIIIIIIIIII
IIIAAIIIAAAAAAIIIAIIIIIIIIIIIIIIIIIIIIIIIIIIIIIAIIIIIIIIIIIIIIII
IIIAAIIIAAAAAAIIIAIIIIIIIIIIIIIIIIIIIIIIIIIIIIIA2IIIIIIIIIIIIIII
IIIAAIIIAAAAAAIIIA2IIIIIIIIIIIIIIIIIIIIIIIIIIIIA2IIIIIIIIIIIIIII
IIIAA2IIAAAAAAIIIA2IIIIIIIIIIIIIIIIIIIIIIIIIIIIA2IIIIIIIIIIIIIII
IIIIIIIIIIIIA1IIIIIIIIIIIIIIIIIIIIIIIIIIIIIIIIIIIIIIIIIIIIIIIIII
IIIIIIIIAIIIA1IIIIIIIIIIIIIIIIIIIIIIIIIIIIIIIIIIIIIIIIIIIIIIIIII
IIIIAIIIAIIIA1IIIIIIIIIIIIIIIIIIIIIIIIIIIIIIIIIIIIIIIIIIIIIIIIII
IIIIAIIIAAIIA1IIIIIIIIIIIIIIIIIIIIIIIIIIIIIIIIIIIIIIIIIIIIIIIIII
IIIIAIIIAAAIA1IIIIIIIIIIIIIIIIIIIIIIIIIIIIIIIIIIIIIIIIIIIIIIIIII
IIIIAIIIAAAAA1IIIIIIIIIIIIIIIIIIIIIIIIIIIIIIIIIIIIIIIIIIIIIIIIII
IIIAAIIIAAAAA1IIIIIIIIIIIIIIIIIIIIIIIIIIIIIIIIIIIIIIIIIIIIIIIIII
IIIIIIIIIIIIA2IIIIIIIIIIIIIIIIIIIIIIIIIIIIIIIIIIIIIIIIIIIIIIIIII
IIIIIIIIA1IIIIIIIIIIIIIIIIIIIIIIIIIIIIIIIIIIIIIIIIIIIIIIIIIIIIII
IIIIA1IIA1IIIIIIIIIIIIIIIIIIIIIIIIIIIIIIIIIIIIIIIIIIIIIIIIIIIIII
IIIIA1IIAA1IIIIIIIIIIIIIIIIIIIIIIIIIIIIIIIIIIIIIIIIIIIIIIIIIIIII
IIIIA1IIAAA1IIIIIIIIIIIIIIIIIIIIIIIIIIIIIIIIIIIIIIIIIIIIIIIIIIII
IIIIA1IIAAAA1IIIIIIIIIIIIIIIIIIIIIIIIIIIIIIIIIIIIIIIIIIIIIIIIIII
IIIIIIIIIIIIA2IIIIIIIIIIIIIIIIIIIIIIIIIIIIIIIIIIIIIIIIIIIIIIIIII
IIIIIIIIIIIIA1IIIIIIIIIIIIIIIIIIIIIIIIIIIIIIIIIIIIIIIIIIIIIIIIII
IIIIA1IIIIIIA1IIIIIIIIIIIIIIIIIIIIIIIIIIIIIIIIIIIIIIIIIIIIIIIIII
IIIIA1IIIA1IA1IIIIIIIIIIIIIIIIIIIIIIIIIIIIIIIIIIIIIIIIIIIIIIIIII
IIIAA1IIIA1IA1IIIIIIIIIIIIIIIIIIIIIIIIIIIIIIIIIIIIIIIIIIIIIIIIII
IIIAA1IIIA12A1III2IIIIIIIIIIIIIIIIIIIIIIIIIIIIIIIIIIIIIIIIIIIIII
IIIIIIIIIIIIA2IIIIIIIIIIIIIIIIIIIIIIIIIIIIIIIIIIIIIIIIIIIIIIIIII
IIIIIIIIIAIIIIIIIIIIIIIIIIIIIIIIIIIIIIIIIIIIIIIIIIIIIIIIIIIIIIII
IIIIIIIIIAAIIIIIIIIIIIIIIIIIIIIIIIIIIIIIIIIIIIIIIIIIIIIIIIIIIIII
IIIIIIIIIAAAIIIIIIIIIIIIIIIIIIIIIIIIIIIIIIIIIIIIIIIIIIIIIIIIIIII
IIIIAIIIIAAAIIIIIIIIIIIIIIIIIIIIIIIIIIIIIIIIIIIIIIIIIIIIIIIIIIII
IIIAAIIIIAAAIIIIIIIIIIIIIIIIIIIIIIIIIIIIIIIIIIIIIIIIIIIIIIIIIIII
IIIAAIIIAAAAIIIIIIIIIIIIIIIIIIIIIIIIIIIIIIIIIIIIIIIIIIIIIIIIIIII
IIIAAIIIAAAAA2IIIIIIIIIIIIIIIIIIIIIIIIIIIIIIIIIIIIIIIIIIIIIIIIII
IIIIIIIIIIIIA1IIIIIIIIIIIIIIIIIIIIIIIIIIIIIIIIIIIIIIIIIIIIIIIIII
IIIIIIIIIIIIAA1IIIIIIIIIIIIIIIIIIIIIIIIIIIIIIIIIIIIIIIIIIIIIIIII
IIIIIIIIIIIIAA1IIIIIIIIIIIIIIIIIIIIIIIIIIIIIIIIA1IIIIIIIIIIIIIII
IIIIIIIIIIIIAA1IIA1IIIIIIIIIIIIIIIIIIIIIIIIIIIIA1IIIIIIIIIIIIIII
IIIIIIIIA1IIAA1IIA1IIIIIIIIIIIIIIIIIIIIIIIIIIIIA1IIIIIIIIIIIIIII
IIIIA1IIA1IIAA1IIA1IIIIIIIIIIIIIIIIIIIIIIIIIIIIA1IIIIIIIIIIIIIII
IIIIA1IIAA1IAA1IIA1IIIIIIIIIIIIIIIIIIIIIIIIIIIIA1IIIIIIIIIIIIIII
IIIIA1IIAAA1AA1IIA1IIIIIIIIIIIIIIIIIIIIIIIIIIIIA1IIIIIIIIIIIIIII
IIIIA1IIAAAAAA1IIA1IIIIIIIIIIIIIIIIIIIIIIIIIIIIA1IIIIIIIIIIIIIII
IIIAA1IIAAAAAA1IIA1IIIIIIIIIIIIIIIIIIIIIIIIIIIIA1IIIIIIIIIIIIIII
IIIIIIIIIIIIAIIIIIIIIIIIIIIIIIIIIIIIIIIIIIIIIIIIIIIIIIIIIIIIIIII
IIIIIIIIA1IIIIIIIIIIIIIIIIIIIIIIIIIIIIIIIIIIIIIIIIIIIIIIIIIIIIII
IIIIA1IIA1IIIIIIIIIIIIIIIIIIIIIIIIIIIIIIIIIIIIIIIIIIIIIIIIIIIIII
IIIIA1IIAA1IIIIIIIIIIIIIIIIIIIIIIIIIIIIIIIIIIIIIIIIIIIIIIIIIIIII
IIIIA1IIAAA1IIIIIIIIIIIIIIIIIIIIIIIIIIIIIIIIIIIIIIIIIIIIIIIIIIII
IIIIA1IIAAAA1IIIIIIIIIIIIIIIIIIIIIIIIIIIIIIIIIIIIIIIIIIIIIIIIIII
IIIAA1IIAAAA1IIIIIIIIIIIIIIIIIIIIIIIIIIIIIIIIIIIIIIIIIIIIIIIIIII
IIIIIIIIIIIIIIIIIIIIIIIIIIIIIIIIIIIIIIIIIIIIIIIA1IIIIIIIIIIIIIII
IIIIIIIIIIIIIIIIIA1IIIIIIIIIIIIIIIIIIIIIIIIIIIIA1IIIIIIIIIIIIIII
IIIIIIIIA1IIIIIIIA1IIIIIIIIIIIIIIIIIIIIIIIIIIIIA1IIIIIIIIIIIIIII
IIIIA1IIA1IIIIIIIA1IIIIIIIIIIIIIIIIIIIIIIIIIIIIA1IIIIIIIIIIIIIII
IIIIA1IIAA1IIIIIIA1IIIIIIIIIIIIIIIIIIIIIIIIIIIIA1IIIIIIIIIIIIIII
IIIIA1IIAAA1IIIIIA1IIIIIIIIIIIIIIIIIIIIIIIIIIIIA1IIIIIIIIIIIIIII
IIIIA1IIAAAA1IIIIA1IIIIIIIIIIIIIIIIIIIIIIIIIIIIA1IIIIIIIIIIIIIII
IIIAA1IIAAAA1IIIIA1IIIIIIIIIIIIIIIIIIIIIIIIIIIIA1IIIIIIIIIIIIIII
IIIAA1IIAAAAAIIIIA1IIIIIIIIIIIIIIIIIIIIIIIIIIIIA1IIIIIIIIIIIIIII
IIIIIIIIIIIIIA2IIIIIIIIIIIIIIIIIIIIIIIIIIIIIIIIIIIIIIIIIIIIIIIII
IIIIIIIIIIIIIA2IIIIIIIIIIIIIIIIIIIIIIIIIIIIIIIIA2IIIIIIIIIIIIIII
IIIIIIIIIIIIIA2IIA2IIIIIIIIIIIIIIIIIIIIIIIIIIIIA2IIIIIIIIIIIIIII
IIIIIIIIA2IIIA2IIA2IIIIIIIIIIIIIIIIIIIIIIIIIIIIA2IIIIIIIIIIIIIII
IIIIA2IIA2IIIA2IIA2IIIIIIIIIIIIIIIIIIIIIIIIIIIIA2IIIIIIIIIIIIIII
IIIIA2IIAA2IIA2IIA2IIIIIIIIIIIIIIIIIIIIIIIIIIIIA2IIIIIIIIIIIIIII
IIIIA2IIAAA2IA2IIA2IIIIIIIIIIIIIIIIIIIIIIIIIIIIA2IIIIIIIIIIIIIII
IIIIA2IIAAAA2A2IIA2IIIIIIIIIIIIIIIIIIIIIIIIIIIIA2IIIIIIIIIIIIIII
IIIAA2IIAAAA2A2IIA2IIIIIIIIIIIIIIIIIIIIIIIIIIIIA2IIIIIIIIIIIIIII
IIIIIIIIIIIIIIIIIIIIIIIIIIIIIIIIIIIIIIIIIIIIIIIA2IIIIIIIIIIIIIII
IIIIIIIIIIIIA2IIIIIIIIIIIIIIIIIIIIIIIIIIIIIIIIIA2IIIIIIIIIIIIIII
IIIIIIIIIIIIA2IIIA2IIIIIIIIIIIIIIIIIIIIIIIIIIIIA2IIIIIIIIIIIIIII
IIIIIIIIA2IIA2IIIA2IIIIIIIIIIIIIIIIIIIIIIIIIIIIA2IIIIIIIIIIIIIII
IIIIA2IIA2IIA2IIIA2IIIIIIIIIIIIIIIIIIIIIIIIIIIIA2IIIIIIIIIIIIIII
IIIIA2IIAA2IA2IIIA2IIIIIIIIIIIIIIIIIIIIIIIIIIIIA2IIIIIIIIIIIIIII
IIIIA2IIAAA2A2IIIA2IIIIIIIIIIIIIIIIIIIIIIIIIIIIA2IIIIIIIIIIIIIII
IIIIA2IIAAAAA2IIIA2IIIIIIIIIIIIIIIIIIIIIIIIIIIIA2IIIIIIIIIIIIIII
IIIIIIIIIIIIIIIIIIIIIIIIIIIIIIIIIIIIIIIIIIIIIIIA2IIIIIIIIIIIIIII
IIIIIIIIIIIIIIIIIA2IIIIIIIIIIIIIIIIIIIIIIIIIIIIA2IIIIIIIIIIIIIII
IIIIIIIIA2IIIIIIIA2IIIIIIIIIIIIIIIIIIIIIIIIIIIIA2IIIIIIIIIIIIIII
IIIIA1IIA2IIIIIIIA2IIIIIIIIIIIIIIIIIIIIIIIIIIIIA2IIIIIIIIIIIIIII
IIIIA1IIAA1IIIIIIA2IIIIIIIIIIIIIIIIIIIIIIIIIIIIA2IIIIIIIIIIIIIII
IIIIA1IIAAA1IIIIIA2IIIIIIIIIIIIIIIIIIIIIIIIIIIIA2IIIIIIIIIIIIIII
IIIIA1IIAAAA1IIIIA2IIIIIIIIIIIIIIIIIIIIIIIIIIIIA2IIIIIIIIIIIIIII
IIIAA1IIAAAA1IIIIA2IIIIIIIIIIIIIIIIIIIIIIIIIIIIA2IIIIIIIIIIIIIII
IIIIIIIIIIIIA1IIIIIIIIIIIIIIIIIIIIIIIIIIIIIIIIIIIIIIIIIIIIIIIIII
IIIIIIIIIIIIAIIIIIIIIIIIIIIIIIIIIIIIIIIIIIIIIIIIIIIIIIIIIIIIIIII
IIIIIIIIAIIIAIIIIIIIIIIIIIIIIIIIIIIIIIIIIIIIIIIIIIIIIIIIIIIIIIII
IIIIAIIIAIIIAIIIIIIIIIIIIIIIIIIIIIIIIIIIIIIIIIIIIIIIIIIIIIIIIIII
IIIIAIIIAAIIAIIIIIIIIIIIIIIIIIIIIIIIIIIIIIIIIIIIIIIIIIIIIIIIIIII
IIIIAIIIAAAIAIIIIIIIIIIIIIIIIIIIIIIIIIIIIIIIIIIIIIIIIIIIIIIIIIII
IIIIAIIIAAAAAIIIIIIIIIIIIIIIIIIIIIIIIIIIIIIIIIIIIIIIIIIIIIIIIIII
IIIIA1IIAAAAAIIIIIIIIIIIIIIIIIIIIIIIIIIIIIIIIIIIIIIIIIIIIIIIIIII
IIIAA1IIAAAAAIIIIIIIIIIIIIIIIIIIIIIIIIIIIIIIIIIIIIIIIIIIIIIIIIII
IIIIIIIIIII2AIIIIIIIIIIIIIIIIIIIIIIIIIIIIIIIIIIIIIIIIIIIIIIIIIII
IIIIIII2AIIIIIIIIIIIIIIIIIIIIIIIIIIIIIIIIIIIIIIIIIIIIIIIIIIIIIII
III2AII2AIIIIIIIIIIIIIIIIIIIIIIIIIIIIIIIIIIIIIIIIIIIIIIIIIIIIIII
III2AII2AAIIIIIIIIIIIIIIIIIIIIIIIIIIIIIIIIIIIIIIIIIIIIIIIIIIIIII
III2AII2AAA1IIIIIIIIIIIIIIIIIIIIIIIIIIIIIIIIIIIIIIIIIIIIIIIIIIII
III2AII2AAAA1IIIIIIIIIIIIIIIIIIIIIIIIIIIIIIIIIIIIIIIIIIIIIIIIIII
IIIIIIIIIAIIIIIIIIIIIIIIIIIIIIIIIIIIIIIIIIIIIIIIIIIIIIIIIIIIIIII
IIIIAIIIIAIIIIIIIIIIIIIIIIIIIIIIIIIIIIIIIIIIIIIIIIIIIIIIIIIIIIII
IIIAAIIIIAIIIIIIIIIIIIIIIIIIIIIIIIIIIIIIIIIIIIIIIIIIIIIIIIIIIIII
IIIAA1IIIAIIIIIIIIIIIIIIIIIIIIIIIIIIIIIIIIIIIIIIIIIIIIIIIIIIIIII
IIIAA1IIIA1IIIIIIIIIIIIIIIIIIIIIIIIIIIIIIIIIIIIIIIIIIIIIIIIIIIII
IIIIIIIIIIIIA12IIIIIIIIIIIIIIIIIIIIIIIIIIIIIIIIIIIIIIIIIIIIIIIII
IIIIIIIIA12IIIIIIIIIIIIIIIIIIIIIIIIIIIIIIIIIIIIIIIIIIIIIIIIIIIII
IIIIA12IA12IIIIIIIIIIIIIIIIIIIIIIIIIIIIIIIIIIIIIIIIIIIIIIIIIIIII
IIIIA12IAA12IIIIIIIIIIIIIIIIIIIIIIIIIIIIIIIIIIIIIIIIIIIIIIIIIIII
IIIIA12IAAA12IIIIIIIIIIIIIIIIIIIIIIIIIIIIIIIIIIIIIIIIIIIIIIIIIII
IIIIA12IAAAA12IIIIIIIIIIIIIIIIIIIIIIIIIIIIIIIIIIIIIIIIIIIIIIIIII
IIIAA12IAAAA12IIIIIIIIIIIIIIIIIIIIIIIIIIIIIIIIIIIIIIIIIIIIIIIIII
IIIIIIIIIIIIAIIIIIIIIIIIIIIIIIIIIIIIIIIIIIIIIIIIIIIIIIIIIIIIIIII
IIIA2IIIIIIIIIIIIIIIIIIIIIIIIIIIIIIIIIIIIIIIIIIIIIIIIIIIIIIIIIII
IIIAA2IIIIIIIIIIIIIIIIIIIIIIIIIIIIIIIIIIIIIIIIIIIIIIIIIIIIIIIIII
IIIAA2IIIIIIA2IIIIIIIIIIIIIIIIIIIIIIIIIIIIIIIIIIIIIIIIIIIIIIIIII
IIIIIIIIIIIIA2IIIIIIIIIIIIIIIIIIIIIIIIIIIIIIIIIIIIIIIIIIIIIIIIII
IIIIIIIIA2IIA2IIIIIIIIIIIIIIIIIIIIIIIIIIIIIIIIIIIIIIIIIIIIIIIIII
IIIIA2IIA2IIA2IIIIIIIIIIIIIIIIIIIIIIIIIIIIIIIIIIIIIIIIIIIIIIIIII
IIIIA2IIAA2IA2IIIIIIIIIIIIIIIIIIIIIIIIIIIIIIIIIIIIIIIIIIIIIIIIII
IIIIA2IIAAA2A2IIIIIIIIIIIIIIIIIIIIIIIIIIIIIIIIIIIIIIIIIIIIIIIIII
IIIIA2IIAAAAA2IIIIIIIIIIIIIIIIIIIIIIIIIIIIIIIIIIIIIIIIIIIIIIIIII
IIIAA2IIAAAAA2IIIIIIIIIIIIIIIIIIIIIIIIIIIIIIIIIIIIIIIIIIIIIIIIII
IIIIIIIIIIIIA1IIIIIIIIIIIIIIIIIIIIIIIIIIIIIIIIIIIIIIIIIIIIIIIIII
IIIIIIIIAIIIIIIIIIIIIIIIIIIIIIIIIIIIIIIIIIIIIIIIIIIIIIIIIIIIIIII
IIIIAIIIAIIIIIIIIIIIIIIIIIIIIIIIIIIIIIIIIIIIIIIIIIIIIIIIIIIIIIII
IIIIAIIIAAIIIIIIIIIIIIIIIIIIIIIIIIIIIIIIIIIIIIIIIIIIIIIIIIIIIIII
IIIIAIIIAAAIIIIIIIIIIIIIIIIIIIIIIIIIIIIIIIIIIIIIIIIIIIIIIIIIIIII
IIIIAIIIAAAAIIIIIIIIIIIIIIIIIIIIIIIIIIIIIIIIIIIIIIIIIIIIIIIIIIII
IIIIIIIIIIIIIIIIIIIIIIIIIIIIIIIIIIIIIIIIIIIIIIIA1IIIIIIIIIIIIIII
IIIIIIIIIIIIIIIIIA1IIIIIIIIIIIIIIIIIIIIIIIIIIIIA1IIIIIIIIIIIIIII
IIIIIIIIA1IIIIIIIA1IIIIIIIIIIIIIIIIIIIIIIIIIIIIA1IIIIIIIIIIIIIII
IIIIA1IIA1IIIIIIIA1IIIIIIIIIIIIIIIIIIIIIIIIIIIIA1IIIIIIIIIIIIIII
IIIIA1IIAA1IIIIIIA1IIIIIIIIIIIIIIIIIIIIIIIIIIIIA1IIIIIIIIIIIIIII
IIIIA1IIAAA1IIIIIA1IIIIIIIIIIIIIIIIIIIIIIIIIIIIA1IIIIIIIIIIIIIII
IIIIA1IIAAAA1IIIIA1IIIIIIIIIIIIIIIIIIIIIIIIIIIIA1IIIIIIIIIIIIIII
IIIAA1IIAAAA1IIIIA1IIIIIIIIIIIIIIIIIIIIIIIIIIIIA1IIIIIIIIIIIIIII
IIIIIIIIIIIIAIIIIIIIIIIIIIIIIIIIIIIIIIIIIIIIIIIIIIIIIIIIIIIIIIII
IIIIIIIIA1IIIIIIIIIIIIIIIIIIIIIIIIIIIIIIIIIIIIIIIIIIIIIIIIIIIIII
IIIIA1IIA1IIIIIIIIIIIIIIIIIIIIIIIIIIIIIIIIIIIIIIIIIIIIIIIIIIIIII
IIIIA1IIAA1IIIIIIIIIIIIIIIIIIIIIIIIIIIIIIIIIIIIIIIIIIIIIIIIIIIII
IIIIA1IIAAA1IIIIIIIIIIIIIIIIIIIIIIIIIIIIIIIIIIIIIIIIIIIIIIIIIIII
IIIIA1IIAAAA1IIIIIIIIIIIIIIIIIIIIIIIIIIIIIIIIIIIIIIIIIIIIIIIIIII
IIIAA1IIAAAA1IIIIIIIIIIIIIIIIIIIIIIIIIIIIIIIIIIIIIIIIIIIIIIIIIII
IIIIIIIIIIIIAIIIIIIIIIIIIIIIIIIIIIIIIIIIIIIIIIIIIIIIIIIIIIIIIIII
IIIIIIIIAIIIIIIIIIIIIIIIIIIIIIIIIIIIIIIIIIIIIIIIIIIIIIIIIIIIIIII
IIIIAIIIAIIIIIIIIIIIIIIIIIIIIIIIIIIIIIIIIIIIIIIIIIIIIIIIIIIIIIII
IIIIAIIIAAIIIIIIIIIIIIIIIIIIIIIIIIIIIIIIIIIIIIIIIIIIIIIIIIIIIIII
IIIIAIIIAAAIIIIIIIIIIIIIIIIIIIIIIIIIIIIIIIIIIIIIIIIIIIIIIIIIIIII
IIIIAIIIAAAAIIIIIIIIIIIIIIIIIIIIIIIIIIIIIIIIIIIIIIIIIIIIIIIIIIII
IIIAAIIIAAAAIIIIIIIIIIIIIIIIIIIIIIIIIIIIIIIIIIIIIIIIIIIIIIIIIIII
IIIIIIIIIIIIIIIIIIIIIIIIIIIIIIIIIIIIIIIIIIIIIIIA2IIIIIIIIIIIIIII
IIIIIIIIIIIIA2IIIIIIIIIIIIIIIIIIIIIIIIIIIIIIIIIA2IIIIIIIIIIIIIII
IIIIIIIIIIIIA2IIIA2IIIIIIIIIIIIIIIIIIIIIIIIIIIIA2IIIIIIIIIIIIIII
IIIIIIIIA2IIA2IIIA2IIIIIIIIIIIIIIIIIIIIIIIIIIIIA2IIIIIIIIIIIIIII
IIIIA2IIA2IIA2IIIA2IIIIIIIIIIIIIIIIIIIIIIIIIIIIA2IIIIIIIIIIIIIII
IIIIA2IIAA2IA2IIIA2IIIIIIIIIIIIIIIIIIIIIIIIIIIIA2IIIIIIIIIIIIIII
IIIIA2IIAAA2A2IIIA2IIIIIIIIIIIIIIIIIIIIIIIIIIIIA2IIIIIIIIIIIIIII
IIIIA2IIAAAAA2IIIA2IIIIIIIIIIIIIIIIIIIIIIIIIIIIA2IIIIIIIIIIIIIII
IIIIA1IIAAAAA2IIIA2IIIIIIIIIIIIIIIIIIIIIIIIIIIIA2IIIIIIIIIIIIIII
IIIAA1IIAAAAA2IIIA2IIIIIIIIIIIIIIIIIIIIIIIIIIIIA2IIIIIIIIIIIIIII
IIIIIIIIIIIIIIIIIIIIIIIIIIIIIIIIIIIIIIIIIIIIIIIA1IIIIIIIIIIIIIII
IIIIIIIIIIIIIIIIIA1IIIIIIIIIIIIIIIIIIIIIIIIIIIIA1IIIIIIIIIIIIIII
IIIIIIIIA1IIIIIIIA1IIIIIIIIIIIIIIIIIIIIIIIIIIIIA1IIIIIIIIIIIIIII
IIIIA1IIA1IIIIIIIA1IIIIIIIIIIIIIIIIIIIIIIIIIIIIA1IIIIIIIIIIIIIII
IIIIA1IIAA1IIIIIIA1IIIIIIIIIIIIIIIIIIIIIIIIIIIIA1IIIIIIIIIIIIIII
IIIIA1IIAAA1IIIIIA1IIIIIIIIIIIIIIIIIIIIIIIIIIIIA1IIIIIIIIIIIIIII
IIIIA1IIAAAA1IIIIA1IIIIIIIIIIIIIIIIIIIIIIIIIIIIA1IIIIIIIIIIIIIII
IIIAA1IIAAAA1IIIIA1IIIIIIIIIIIIIIIIIIIIIIIIIIIIA1IIIIIIIIIIIIIII
IIIAA1IIAAAAA2IIIA1IIIIIIIIIIIIIIIIIIIIIIIIIIIIA1IIIIIIIIIIIIIII
IIIIIIIIIIIIIA2IIIIIIIIIIIIIIIIIIIIIIIIIIIIIIIIIIIIIIIIIIIIIIIII
IIIIIIIIIIIIIA2IIIIIIIIIIIIIIIIIIIIIIIIIIIIIIIIA2IIIIIIIIIIIIIII
IIIIIIIIIIIIIA2IIA2IIIIIIIIIIIIIIIIIIIIIIIIIIIIA2IIIIIIIIIIIIIII
IIIIIIIIA1IIIIIIIIIIIIIIIIIIIIIIIIIIIIIIIIIIIIIIIIIIIIIIIIIIIIII
IIIIA1IIA1IIIIIIIIIIIIIIIIIIIIIIIIIIIIIIIIIIIIIIIIIIIIIIIIIIIIII
IIIIA1IIAA1IIIIIIIIIIIIIIIIIIIIIIIIIIIIIIIIIIIIIIIIIIIIIIIIIIIII
IIIIA1IIAAA1IIIIIIIIIIIIIIIIIIIIIIIIIIIIIIIIIIIIIIIIIIIIIIIIIIII
IIIIA1IIAAAA1IIIIIIIIIIIIIIIIIIIIIIIIIIIIIIIIIIIIIIIIIIIIIIIIIII
IIIAA1IIAAAA1IIIIIIIIIIIIIIIIIIIIIIIIIIIIIIIIIIIIIIIIIIIIIIIIIII
IIIAA1IIAAAAA1IIIIIIIIIIIIIIIIIIIIIIIIIIIIIIIIIIIIIIIIIIIIIIIIII
IIIAA1IIAAAAA1IIIIIIIIIIIIIIIIIIIIIIIIIIIIIIIIIAIIIIIIIIIIIIIIII
IIIAA1IIAAAAA1IIIAIIIIIIIIIIIIIIIIIIIIIIIIIIIIIAIIIIIIIIIIIIIIII
IIIIAIIIIIIIIIIIIIIIIIIIIIIIIIIIIIIIIIIIIIIIIIIIIIIIIIIIIIIIIIII
IIIIAIIIIAIIIIIIIIIIIIIIIIIIIIIIIIIIIIIIIIIIIIIIIIIIIIIIIIIIIIII
IIIAAIIIIAIIIIIIIIIIIIIIIIIIIIIIIIIIIIIIIIIIIIIIIIIIIIIIIIIIIIII
IIIAAIIIIAIIAIIIIIIIIIIIIIIIIIIIIIIIIIIIIIIIIIIIIIIIIIIIIIIIIIII
IIIIIIIIIIIIIA2IIIIIIIIIIIIIIIIIIIIIIIIIIIIIIIIIIIIIIIIIIIIIIIII
IIIIIIIIIIIIIA2IIIIIIIIIIIIIIIIIIIIIIIIIIIIIIIIA2IIIIIIIIIIIIIII
IIIIIIIIIIIIIA2IIA2IIIIIIIIIIIIIIIIIIIIIIIIIIIIA2IIIIIIIIIIIIIII
IIIIIIIIA2IIIA2IIA2IIIIIIIIIIIIIIIIIIIIIIIIIIIIA2IIIIIIIIIIIIIII
IIIIA2IIA2IIIA2IIA2IIIIIIIIIIIIIIIIIIIIIIIIIIIIA2IIIIIIIIIIIIIII
IIIIA2IIAA2IIA2IIA2IIIIIIIIIIIIIIIIIIIIIIIIIIIIA2IIIIIIIIIIIIIII
IIIIA2IIAAA2IA2IIA2IIIIIIIIIIIIIIIIIIIIIIIIIIIIA2IIIIIIIIIIIIIII
IIIIA2IIAAAA2A2IIA2IIIIIIIIIIIIIIIIIIIIIIIIIIIIA2IIIIIIIIIIIIIII
IIIAA2IIAAAA2A2IIA2IIIIIIIIIIIIIIIIIIIIIIIIIIIIA2IIIIIIIIIIIIIII
IIIIIIIIIIIIA1IIIIIIIIIIIIIIIIIIIIIIIIIIIIIIIIIIIIIIIIIIIIIIIIII
IIIIIIIIA1IIIIIIIIIIIIIIIIIIIIIIIIIIIIIIIIIIIIIIIIIIIIIIIIIIIIII
IIIIA1IIA1IIIIIIIIIIIIIIIIIIIIIIIIIIIIIIIIIIIIIIIIIIIIIIIIIIIIII
IIIIA1IIAA1IIIIIIIIIIIIIIIIIIIIIIIIIIIIIIIIIIIIIIIIIIIIIIIIIIIII
IIIIA1IIAAA1IIIIIIIIIIIIIIIIIIIIIIIIIIIIIIIIIIIIIIIIIIIIIIIIIIII
IIIIA1IIAAAA1IIIIIIIIIIIIIIIIIIIIIIIIIIIIIIIIIIIIIIIIIIIIIIIIIII
IIIAA1IIAAAA1IIIIIIIIIIIIIIIIIIIIIIIIIIIIIIIIIIIIIIIIIIIIIIIIIII
IIIIIIIIIIIIAIIIIIIIIIIIIIIIIIIIIIIIIIIIIIIIIIIIIIIIIIIIIIIIIIII
IIIIIIIIIIIIA12IIIIIIIIIIIIIIIIIIIIIIIIIIIIIIIIIIIIIIIIIIIIIIIII
IIIIIIIIA12IIIIIIIIIIIIIIIIIIIIIIIIIIIIIIIIIIIIIIIIIIIIIIIIIIIII
IIIIA12IA12IIIIIIIIIIIIIIIIIIIIIIIIIIIIIIIIIIIIIIIIIIIIIIIIIIIII
IIIIA12IAA12IIIIIIIIIIIIIIIIIIIIIIIIIIIIIIIIIIIIIIIIIIIIIIIIIIII
IIIIA12IAAA12IIIIIIIIIIIIIIIIIIIIIIIIIIIIIIIIIIIIIIIIIIIIIIIIIII
IIIIA12IAAAA12IIIIIIIIIIIIIIIIIIIIIIIIIIIIIIIIIIIIIIIIIIIIIIIIII
IIIAA12IAAAA12IIIIIIIIIIIIIIIIIIIIIIIIIIIIIIIIIIIIIIIIIIIIIIIIII
IIIIIIIIIIIIA2IIIIIIIIIIIIIIIIIIIIIIIIIIIIIIIIIIIIIIIIIIIIIIIIII
IIIIIIIIA1IIIIIIIIIIIIIIIIIIIIIIIIIIIIIIIIIIIIIIIIIIIIIIIIIIIIII
IIIIA1IIA1IIIIIIIIIIIIIIIIIIIIIIIIIIIIIIIIIIIIIIIIIIIIIIIIIIIIII
IIIIA1IIAA1IIIIIIIIIIIIIIIIIIIIIIIIIIIIIIIIIIIIIIIIIIIIIIIIIIIII
IIIIA1IIAAA1IIIIIIIIIIIIIIIIIIIIIIIIIIIIIIIIIIIIIIIIIIIIIIIIIIII
IIIIA1IIAAAA1IIIIIIIIIIIIIIIIIIIIIIIIIIIIIIIIIIIIIIIIIIIIIIIIIII
IIIAA1IIAAAA1IIIIIIIIIIIIIIIIIIIIIIIIIIIIIIIIIIIIIIIIIIIIIIIIIII
IIIIIIIIIIIIA1IIIIIIIIIIIIIIIIIIIIIIIIIIIIIIIIIIIIIIIIIIIIIIIIII
IIIIIIIIIIIIAAIIIIIIIIIIIIIIIIIIIIIIIIIIIIIIIIIIIIIIIIIIIIIIIIII
IIIIIIIIIIIIAAIIIIIIIIIIIIIIIIIIIIIIIIIIIIIIIIIAIIIIIIIIIIIIIIII
IIIIIIIIIIIIAAIIIAIIIIIIIIIIIIIIIIIIIIIIIIIIIIIAIIIIIIIIIIIIIIII
IIIIIIIIAIIIAAIIIAIIIIIIIIIIIIIIIIIIIIIIIIIIIIIAIIIIIIIIIIIIIIII
IIIIAIIIAIIIAAIIIAIIIIIIIIIIIIIIIIIIIIIIIIIIIIIAIIIIIIIIIIIIIIII
IIIIAIIIAAIIAAIIIAIIIIIIIIIIIIIIIIIIIIIIIIIIIIIAIIIIIIIIIIIIIIII
IIIIAIIIAAAIAAIIIAIIIIIIIIIIIIIIIIIIIIIIIIIIIIIAIIIIIIIIIIIIIIII
IIIIAIIIAAAAAAIIIAIIIIIIIIIIIIIIIIIIIIIIIIIIIIIAIIIIIIIIIIIIIIII
IIIAAIIIAAAAAAIIIAIIIIIIIIIIIIIIIIIIIIIIIIIIIIIAIIIIIIIIIIIIIIII
IIIIIIIIIIIIA2IIIIIIIIIIIIIIIIIIIIIIIIIIIIIIIIIIIIIIIIIIIIIIIIII
IIIIIIIIA2IIIIIIIIIIIIIIIIIIIIIIIIIIIIIIIIIIIIIIIIIIIIIIIIIIIIII
IIIIA2IIA2IIIIIIIIIIIIIIIIIIIIIIIIIIIIIIIIIIIIIIIIIIIIIIIIIIIIII
IIIIA2IIAA2IIIIIIIIIIIIIIIIIIIIIIIIIIIIIIIIIIIIIIIIIIIIIIIIIIIII
IIIIA2IIAAA2IIIIIIIIIIIIIIIIIIIIIIIIIIIIIIIIIIIIIIIIIIIIIIIIIIII
IIIIA2IIAAAA2IIIIIIIIIIIIIIIIIIIIIIIIIIIIIIIIIIIIIIIIIIIIIIIIIII
IIIAA2IIAAAA2IIIIIIIIIIIIIIIIIIIIIIIIIIIIIIIIIIIIIIIIIIIIIIIIIII
IIIIIIIIIIIIA1IIIIIIIIIIIIIIIIIIIIIIIIIIIIIIIIIIIIIIIIIIIIIIIIII
IIIIIIIIAIIIIIIIIIIIIIIIIIIIIIIIIIIIIIIIIIIIIIIIIIIIIIIIIIIIIIII
IIIIAIIIAIIIIIIIIIIIIIIIIIIIIIIIIIIIIIIIIIIIIIIIIIIIIIIIIIIIIIII
IIIIAIIIAAIIIIIIIIIIIIIIIIIIIIIIIIIIIIIIIIIIIIIIIIIIIIIIIIIIIIII
IIIIAIIIAAAIIIIIIIIIIIIIIIIIIIIIIIIIIIIIIIIIIIIIIIIIIIIIIIIIIIII
IIIIAIIIAAAAIIIIIIIIIIIIIIIIIIIIIIIIIIIIIIIIIIIIIIIIIIIIIIIIIIII
IIIAAIIIAAAAIIIIIIIIIIIIIIIIIIIIIIIIIIIIIIIIIIIIIIIIIIIIIIIIIIII
IIIIIIIIIIIIA122IIIIIIIIIIIIIIIIIIIIIIIIIIIIIIIIIIIIIIIIIIIIIIII
IIIIIIIIA122A122IIIIIIIIIIIIIIIIIIIIIIIIIIIIIIIIIIIIIIIIIIIIIIII
IIIIA122A122A122IIIIIIIIIIIIIIIIIIIIIIIIIIIIIIIIIIIIIIIIIIIIIIII
IIIIA122AA12A122IIIIIIIIIIIIIIIIIIIIIIIIIIIIIIIIIIIIIIIIIIIIIIII
IIIIA122AAA1A122IIIIIIIIIIIIIIIIIIIIIIIIIIIIIIIIIIIIIIIIIIIIIIII
IIIIA122AAAAA122IIIIIIIIIIIIIIIIIIIIIIIIIIIIIIIIIIIIIIIIIIIIIIII
IIIAA122AAAAA122IIIIIIIIIIIIIIIIIIIIIIIIIIIIIIIIIIIIIIIIIIIIIIII
IIIIIIIIIIIIA1IIIIIIIIIIIIIIIIIIIIIIIIIIIIIIIIIIIIIIIIIIIIIIIIII
IIIIIIIIAIIIIIIIIIIIIIIIIIIIIIIIIIIIIIIIIIIIIIIIIIIIIIIIIIIIIIII
IIIIAIIIAIIIIIIIIIIIIIIIIIIIIIIIIIIIIIIIIIIIIIIIIIIIIIIIIIIIIIII
IIIIAIIIAAIIIIIIIIIIIIIIIIIIIIIIIIIIIIIIIIIIIIIIIIIIIIIIIIIIIIII
IIIIAIIIAAAIIIIIIIIIIIIIIIIIIIIIIIIIIIIIIIIIIIIIIIIIIIIIIIIIIIII
IIIIAIIIAAAAIIIIIIIIIIIIIIIIIIIIIIIIIIIIIIIIIIIIIIIIIIIIIIIIIIII
IIIAAIIIAAAAIIIIIIIIIIIIIIIIIIIIIIIIIIIIIIIIIIIIIIIIIIIIIIIIIIII
IIIIIIIIIIIIA1IIIIIIIIIIIIIIIIIIIIIIIIIIIIIIIIIIIIIIIIIIIIIIIIII
IIIIIIIIAIIIA1IIIIIIIIIIIIIIIIIIIIIIIIIIIIIIIIIIIIIIIIIIIIIIIIII
IIIIAIIIAIIIA1IIIIIIIIIIIIIIIIIIIIIIIIIIIIIIIIIIIIIIIIIIIIIIIIII
IIIIAIIIAAIIA1IIIIIIIIIIIIIIIIIIIIIIIIIIIIIIIIIIIIIIIIIIIIIIIIII
IIIIAIIIAAAIA1IIIIIIIIIIIIIIIIIIIIIIIIIIIIIIIIIIIIIIIIIIIIIIIIII
IIIIAIIIAAAAA1IIIIIIIIIIIIIIIIIIIIIIIIIIIIIIIIIIIIIIIIIIIIIIIIII
IIIAAIIIAAAAA1IIIIIIIIIIIIIIIIIIIIIIIIIIIIIIIIIIIIIIIIIIIIIIIIII
IIIIIIIIIIIIA1IIIIIIIIIIIIIIIIIIIIIIIIIIIIIIIIIIIIIIIIIIIIIIIIII
IIIIIIIIA1IIA1IIIIIIIIIIIIIIIIIIIIIIIIIIIIIIIIIIIIIIIIIIIIIIIIII
IIIIA1IIA1IIA1IIIIIIIIIIIIIIIIIIIIIIIIIIIIIIIIIIIIIIIIIIIIIIIIII
IIIIA1IIAA1IA1IIIIIIIIIIIIIIIIIIIIIIIIIIIIIIIIIIIIIIIIIIIIIIIIII
IIIIA1IIAAA1A1IIIIIIIIIIIIIIIIIIIIIIIIIIIIIIIIIIIIIIIIIIIIIIIIII
IIIIA1IIAAAAA1IIIIIIIIIIIIIIIIIIIIIIIIIIIIIIIIIIIIIIIIIIIIIIIIII
IIIAA1IIAAAAA1IIIIIIIIIIIIIIIIIIIIIIIIIIIIIIIIIIIIIIIIIIIIIIIIII
IIIIIIIIIIIIA2IIIIIIIIIIIIIIIIIIIIIIIIIIIIIIIIIIIIIIIIIIIIIIIIII
IIIIIIIIA2IIIIIIIIIIIIIIIIIIIIIIIIIIIIIIIIIIIIIIIIIIIIIIIIIIIIII
IIIIA2IIA2IIIIIIIIIIIIIIIIIIIIIIIIIIIIIIIIIIIIIIIIIIIIIIIIIIIIII
IIIIA2IIAA2IIIIIIIIIIIIIIIIIIIIIIIIIIIIIIIIIIIIIIIIIIIIIIIIIIIII
IIIIA2IIAAA2IIIIIIIIIIIIIIIIIIIIIIIIIIIIIIIIIIIIIIIIIIIIIIIIIIII
IIIIA2IIAAAA2IIIIIIIIIIIIIIIIIIIIIIIIIIIIIIIIIIIIIIIIIIIIIIIIIII
IIIAA2IIAAAA2IIIIIIIIIIIIIIIIIIIIIIIIIIIIIIIIIIIIIIIIIIIIIIIIIII
IIIAA1IIAAAA2IIIIIIIIIIIIIIIIIIIIIIIIIIIIIIIIIIIIIIIIIIIIIIIIIII
IIIIIIIIIIIIA1IIIIIIIIIIIIIIIIIIIIIIIIIIIIIIIIIIIIIIIIIIIIIIIIII
IIIIIIIIAIIIIIIIIIIIIIIIIIIIIIIIIIIIIIIIIIIIIIIIIIIIIIIIIIIIIIII
IIIIAIIIAIIIIIIIIIIIIIIIIIIIIIIIIIIIIIIIIIIIIIIIIIIIIIIIIIIIIIII
IIIIAIIIAAIIIIIIIIIIIIIIIIIIIIIIIIIIIIIIIIIIIIIIIIIIIIIIIIIIIIII
IIIIAIIIAAAIIIIIIIIIIIIIIIIIIIIIIIIIIIIIIIIIIIIIIIIIIIIIIIIIIIII
IIIIAIIIAAAAIIIIIIIIIIIIIIIIIIIIIIIIIIIIIIIIIIIIIIIIIIIIIIIIIIII
IIIAAIIIAAAAIIIIIIIIIIIIIIIIIIIIIIIIIIIIIIIIIIIIIIIIIIIIIIIIIIII
IIIIIIIIIIIIA1IIIIIIIIIIIIIIIIIIIIIIIIIIIIIIIIIIIIIIIIIIIIIIIIII
IIIIIIIIIIIIIA1IIIIIIIIIIIIIIIIIIIIIIIIIIIIIIIIIIIIIIIIIIIIIIIII
IIIIIIIIIIIIIA1IIIIIIIIIIIIIIIIIIIIIIIIIIIIIIIIA1IIIIIIIIIIIIIII
IIIIIIIIIIIIIA1IIA1IIIIIIIIIIIIIIIIIIIIIIIIIIIIA1IIIIIIIIIIIIIII
IIIIIIIIAIIIIA1IIA1IIIIIIIIIIIIIIIIIIIIIIIIIIIIA1IIIIIIIIIIIIIII
IIIIAIIIAIIIIA1IIA1IIIIIIIIIIIIIIIIIIIIIIIIIIIIA1IIIIIIIIIIIIIII
IIIIAIIIAAIIIA1IIA1IIIIIIIIIIIIIIIIIIIIIIIIIIIIA1IIIIIIIIIIIIIII
IIIIAIIIAAAIIA1IIA1IIIIIIIIIIIIIIIIIIIIIIIIIIIIA1IIIIIIIIIIIIIII
IIIIAIIIAAAAIA1IIA1IIIIIIIIIIIIIIIIIIIIIIIIIIIIA1IIIIIIIIIIIIIII
IIIAAIIIAAAAIA1IIA1IIIIIIIIIIIIIIIIIIIIIIIIIIIIA1IIIIIIIIIIIIIII
IIIIIIIIIIIIA2IIIIIIIIIIIIIIIIIIIIIIIIIIIIIIIIIIIIIIIIIIIIIIIIII
IIIIIIIIIIIIAA2IIIIIIIIIIIIIIIIIIIIIIIIIIIIIIIIIIIIIIIIIIIIIIIII
IIIIIIIIIIIIAA2IIIIIIIIIIIIIIIIIIIIIIIIIIIIIIIIA2IIIIIIIIIIIIIII
IIIIIIIIIIIIAA2IIA2IIIIIIIIIIIIIIIIIIIIIIIIIIIIA2IIIIIIIIIIIIIII
IIIIIIIIA2IIAA2IIA2IIIIIIIIIIIIIIIIIIIIIIIIIIIIA2IIIIIIIIIIIIIII
IIIIA2IIA2IIAA2IIA2IIIIIIIIIIIIIIIIIIIIIIIIIIIIA2IIIIIIIIIIIIIII
IIIIA2IIAA2IAA2IIA2IIIIIIIIIIIIIIIIIIIIIIIIIIIIA2IIIIIIIIIIIIIII
IIIIA2IIAAA2AA2IIA2IIIIIIIIIIIIIIIIIIIIIIIIIIIIA2IIIIIIIIIIIIIII
IIIIA2IIAAAAAA2IIA2IIIIIIIIIIIIIIIIIIIIIIIIIIIIA2IIIIIIIIIIIIIII
IIIAA2IIAAAAAA2IIA2IIIIIIIIIIIIIIIIIIIIIIIIIIIIA2IIIIIIIIIIIIIII
IIIIIIIIIIIIA2IIIIIIIIIIIIIIIIIIIIIIIIIIIIIIIIIIIIIIIIIIIIIIIIII
IIIIIIIIIIIIAA2IIIIIIIIIIIIIIIIIIIIIIIIIIIIIIIIIIIIIIIIIIIIIIIII
IIIIIIIIIIIIAA2IIIIIIIIIIIIIIIIIIIIIIIIIIIIIIIIA2IIIIIIIIIIIIIII
IIIIIIIIIIIIAA2IIA2IIIIIIIIIIIIIIIIIIIIIIIIIIIIA2IIIIIIIIIIIIIII
IIIIIIIIA2IIAA2IIA2IIIIIIIIIIIIIIIIIIIIIIIIIIIIA2IIIIIIIIIIIIIII
IIIIA2IIA2IIAA2IIA2IIIIIIIIIIIIIIIIIIIIIIIIIIIIA2IIIIIIIIIIIIIII
IIIIA2IIAA2IAA2IIA2IIIIIIIIIIIIIIIIIIIIIIIIIIIIA2IIIIIIIIIIIIIII
IIIIA2IIAAA2AA2IIA2IIIIIIIIIIIIIIIIIIIIIIIIIIIIA2IIIIIIIIIIIIIII
IIIIA2IIAAAAAA2IIA2IIIIIIIIIIIIIIIIIIIIIIIIIIIIA2IIIIIIIIIIIIIII
IIIAA2IIAAAAAA2IIA2IIIIIIIIIIIIIIIIIIIIIIIIIIIIA2IIIIIIIIIIIIIII
IIIAA1IIAAAAAA2IIA2IIIIIIIIIIIIIIIIIIIIIIIIIIIIA2IIIIIIIIIIIIIII
IIIIIIIIIIIIA1IIIIIIIIIIIIIIIIIIIIIIIIIIIIIIIIIIIIIIIIIIIIIIIIII
IIIIIIIIA1IIA1IIIIIIIIIIIIIIIIIIIIIIIIIIIIIIIIIIIIIIIIIIIIIIIIII
IIIIA1IIA1IIA1IIIIIIIIIIIIIIIIIIIIIIIIIIIIIIIIIIIIIIIIIIIIIIIIII
IIIIA1IIAA1IA1IIIIIIIIIIIIIIIIIIIIIIIIIIIIIIIIIIIIIIIIIIIIIIIIII
IIIIA1IIAAA1A1IIIIIIIIIIIIIIIIIIIIIIIIIIIIIIIIIIIIIIIIIIIIIIIIII
IIIIA1IIAAAAA1IIIIIIIIIIIIIIIIIIIIIIIIIIIIIIIIIIIIIIIIIIIIIIIIII
IIIAA1IIAAAAA1IIIIIIIIIIIIIIIIIIIIIIIIIIIIIIIIIIIIIIIIIIIIIIIIII
IIIIIIIIIIIIA2IIIIIIIIIIIIIIIIIIIIIIIIIIIIIIIIIIIIIIIIIIIIIIIIII
IIIIIIIIA1IIA2IIIIIIIIIIIIIIIIIIIIIIIIIIIIIIIIIIIIIIIIIIIIIIIIII
IIIIA1IIA1IIA2IIIIIIIIIIIIIIIIIIIIIIIIIIIIIIIIIIIIIIIIIIIIIIIIII
IIIIA1IIAA1IA2IIIIIIIIIIIIIIIIIIIIIIIIIIIIIIIIIIIIIIIIIIIIIIIIII
IIIIA1IIAAA1A2IIIIIIIIIIIIIIIIIIIIIIIIIIIIIIIIIIIIIIIIIIIIIIIIII
IIIIA1IIAAAAA2IIIIIIIIIIIIIIIIIIIIIIIIIIIIIIIIIIIIIIIIIIIIIIIIII
IIIAA1IIAAAAA2IIIIIIIIIIIIIIIIIIIIIIIIIIIIIIIIIIIIIIIIIIIIIIIIII
IIIAA1IIAAAAA1IIIIIIIIIIIIIIIIIIIIIIIIIIIIIIIIIIIIIIIIIIIIIIIIII
IIIIIIIIIIIIIIIIIIIIIIIIIIIIIIIIIIIIIIIIIIIIIIIAIIIIIIIIIIIIIIII
IIIIIIIIIIIIIIIIIAIIIIIIIIIIIIIIIIIIIIIIIIIIIIIAIIIIIIIIIIIIIIII
IIIIIIIIAIIIIIIIIAIIIIIIIIIIIIIIIIIIIIIIIIIIIIIAIIIIIIIIIIIIIIII
IIIIAIIIAIIIIIIIIAIIIIIIIIIIIIIIIIIIIIIIIIIIIIIAIIIIIIIIIIIIIIII
IIIIAIIIAAIIIIIIIAIIIIIIIIIIIIIIIIIIIIIIIIIIIIIAIIIIIIIIIIIIIIII
IIIIAIIIAAAIIIIIIAIIIIIIIIIIIIIIIIIIIIIIIIIIIIIAIIIIIIIIIIIIIIII
IIIIAIIIAAAAIIIIIAIIIIIIIIIIIIIIIIIIIIIIIIIIIIIAIIIIIIIIIIIIIIII
IIIIAIIIAAAA2IIIIAIIIIIIIIIIIIIIIIIIIIIIIIIIIIIAIIIIIIIIIIIIIIII
IIIIA12IAAAA2IIIIAIIIIIIIIIIIIIIIIIIIIIIIIIIIIIAIIIIIIIIIIIIIIII
IIIAA12IAAAA2IIIIAIIIIIIIIIIIIIIIIIIIIIIIIIIIIIAIIIIIIIIIIIIIIII
IIIAA122AAAA2IIIIAIIIIIIIIIIIIIIIIIIIIIIIIIIIIIAIIIIIIIIIIIIIIII
IIIIIIIIIIIIA122IIIIIIIIIIIIIIIIIIIIIIIIIIIIIIIIIIIIIIIIIIIIIIII
IIIIIIIIAIIIIIIIIIIIIIIIIIIIIIIIIIIIIIIIIIIIIIIIIIIIIIIIIIIIIIII
IIIIAIIIAIIIIIIIIIIIIIIIIIIIIIIIIIIIIIIIIIIIIIIIIIIIIIIIIIIIIIII
IIIIAIIIAAIIIIIIIIIIIIIIIIIIIIIIIIIIIIIIIIIIIIIIIIIIIIIIIIIIIIII
IIIIAIIIAAAIIIIIIIIIIIIIIIIIIIIIIIIIIIIIIIIIIIIIIIIIIIIIIIIIIIII
IIIIAIIIAAAAIIIIIIIIIIIIIIIIIIIIIIIIIIIIIIIIIIIIIIIIIIIIIIIIIIII
IIIIA1IIAAAAIIIIIIIIIIIIIIIIIIIIIIIIIIIIIIIIIIIIIIIIIIIIIIIIIIII
IIIAA1IIAAAAIIIIIIIIIIIIIIIIIIIIIIIIIIIIIIIIIIIIIIIIIIIIIIIIIIII
IIIIIIIIIIIIA1IIIIIIIIIIIIIIIIIIIIIIIIIIIIIIIIIIIIIIIIIIIIIIIIII
IIIIIIIIAIIIIIIIIIIIIIIIIIIIIIIIIIIIIIIIIIIIIIIIIIIIIIIIIIIIIIII
IIIIAIIIAIIIIIIIIIIIIIIIIIIIIIIIIIIIIIIIIIIIIIIIIIIIIIIIIIIIIIII
IIIIAIIIAAIIIIIIIIIIIIIIIIIIIIIIIIIIIIIIIIIIIIIIIIIIIIIIIIIIIIII
IIIIAIIIAAAIIIIIIIIIIIIIIIIIIIIIIIIIIIIIIIIIIIIIIIIIIIIIIIIIIIII
IIIIAIIIAAAAIIIIIIIIIIIIIIIIIIIIIIIIIIIIIIIIIIIIIIIIIIIIIIIIIIII
IIIAAIIIAAAAIIIIIIIIIIIIIIIIIIIIIIIIIIIIIIIIIIIIIIIIIIIIIIIIIIII
IIIAAIIIAAAAIIIIIIIIIIIIIIIIIIIIIIIIIIIIIIIIIIIAIIIIIIIIIIIIIIII
IIIAAIIIAAAAIIIIIAIIIIIIIIIIIIIIIIIIIIIIIIIIIIIAIIIIIIIIIIIIIIII
IIIIIIIIA2IIIIIIIIIIIIIIIIIIIIIIIIIIIIIIIIIIIIIIIIIIIIIIIIIIIIII
IIIIA2IIA2IIIIIIIIIIIIIIIIIIIIIIIIIIIIIIIIIIIIIIIIIIIIIIIIIIIIII
IIIIA2IIAA1IIIIIIIIIIIIIIIIIIIIIIIIIIIIIIIIIIIIIIIIIIIIIIIIIIIII
IIIIA2IIAAA1IIIIIIIIIIIIIIIIIIIIIIIIIIIIIIIIIIIIIIIIIIIIIIIIIIII
IIIIA2IIAAAA1IIIIIIIIIIIIIIIIIIIIIIIIIIIIIIIIIIIIIIIIIIIIIIIIIII
IIIIA1IIAAAA1IIIIIIIIIIIIIIIIIIIIIIIIIIIIIIIIIIIIIIIIIIIIIIIIIII
IIIAA1IIAAAA1IIIIIIIIIIIIIIIIIIIIIIIIIIIIIIIIIIIIIIIIIIIIIIIIIII
IIIAA1IIAAAA1IIIIIIIIIIIIIIIIIIIIIIIIIIIIIIIIIIA1IIIIIIIIIIIIIII
IIIAA1IIAAAA1IIIIA1IIIIIIIIIIIIIIIIIIIIIIIIIIIIA1IIIIIIIIIIIIIII
IIIAA1IIAAAAAIIIIA1IIIIIIIIIIIIIIIIIIIIIIIIIIIIA1IIIIIIIIIIIIIII
IIIAA1IIAAAAAIIIIA1IIIIIIIIIIIIIIIIIIIIIIIIIII2A1IIIIIIIIIIIIIII
IIIAA1IIAAAAAIII2A1IIIIIIIIIIIIIIIIIIIIIIIIIII2A1IIIIIIIIIIIIIII
IIIIIIIIIIIIIIIIIIIIIIIIIIIIIIIIIIIIIIIIIIIIIIIA1IIIIIIIIIIIIIII
IIIIIIIIIIIIIIIIIA1IIIIIIIIIIIIIIIIIIIIIIIIIIIIA1IIIIIIIIIIIIIII
IIIIIIIIA1IIIIIIIA1IIIIIIIIIIIIIIIIIIIIIIIIIIIIA1IIIIIIIIIIIIIII
IIIIA1IIA1IIIIIIIA1IIIIIIIIIIIIIIIIIIIIIIIIIIIIA1IIIIIIIIIIIIIII
IIIIA1IIAA1IIIIIIA1IIIIIIIIIIIIIIIIIIIIIIIIIIIIA1IIIIIIIIIIIIIII
IIIIA1IIAAA1IIIIIA1IIIIIIIIIIIIIIIIIIIIIIIIIIIIA1IIIIIIIIIIIIIII
IIIIA1IIAAAA1IIIIA1IIIIIIIIIIIIIIIIIIIIIIIIIIIIA1IIIIIIIIIIIIIII
IIIIIIIIIIIIA2IIIIIIIIIIIIIIIIIIIIIIIIIIIIIIIIIIIIIIIIIIIIIIIIII
IIIIIIIIIIIIA1IIIIIIIIIIIIIIIIIIIIIIIIIIIIIIIIIIIIIIIIIIIIIIIIII
IIIIIIIIAIIIIIIIIIIIIIIIIIIIIIIIIIIIIIIIIIIIIIIIIIIIIIIIIIIIIIII
IIIIAIIIAIIIIIIIIIIIIIIIIIIIIIIIIIIIIIIIIIIIIIIIIIIIIIIIIIIIIIII
IIIIAIIIAAIIIIIIIIIIIIIIIIIIIIIIIIIIIIIIIIIIIIIIIIIIIIIIIIIIIIII
IIIIAIIIAAAIIIIIIIIIIIIIIIIIIIIIIIIIIIIIIIIIIIIIIIIIIIIIIIIIIIII
IIIIAIIIAAAAIIIIIIIIIIIIIIIIIIIIIIIIIIIIIIIIIIIIIIIIIIIIIIIIIIII
IIIIA1IIAAAAIIIIIIIIIIIIIIIIIIIIIIIIIIIIIIIIIIIIIIIIIIIIIIIIIIII
IIIAA1IIAAAAIIIIIIIIIIIIIIIIIIIIIIIIIIIIIIIIIIIIIIIIIIIIIIIIIIII
IIIIIIIIIIIIA1IIIIIIIIIIIIIIIIIIIIIIIIIIIIIIIIIIIIIIIIIIIIIIIIII
IIIIIIIIAIIIIIIIIIIIIIIIIIIIIIIIIIIIIIIIIIIIIIIIIIIIIIIIIIIIIIII
IIIIAIIIAIIIIIIIIIIIIIIIIIIIIIIIIIIIIIIIIIIIIIIIIIIIIIIIIIIIIIII
IIIIAIIIAAIIIIIIIIIIIIIIIIIIIIIIIIIIIIIIIIIIIIIIIIIIIIIIIIIIIIII
IIIIAIIIAAAIIIIIIIIIIIIIIIIIIIIIIIIIIIIIIIIIIIIIIIIIIIIIIIIIIIII
IIIIAIIIAAAAIIIIIIIIIIIIIIIIIIIIIIIIIIIIIIIIIIIIIIIIIIIIIIIIIIII
IIIAAIIIAAAAIIIIIIIIIIIIIIIIIIIIIIIIIIIIIIIIIIIIIIIIIIIIIIIIIIII
IIIAA1IIAAAAIIIIIIIIIIIIIIIIIIIIIIIIIIIIIIIIIIIIIIIIIIIIIIIIIIII
IIIAA1IIAAAAA1IIIIIIIIIIIIIIIIIIIIIIIIIIIIIIIIIIIIIIIIIIIIIIIIII
IIIIIIIIIIIIIA1IIIIIIIIIIIIIIIIIIIIIIIIIIIIIIIIIIIIIIIIIIIIIIIII
IIIIIIIIIIIIIA1IIIIIIIIIIIIIIIIIIIIIIIIIIIIIIIIA1IIIIIIIIIIIIIII
IIIIIIIIIIIIIA1IIAIIIIIIIIIIIIIIIIIIIIIIIIIIIIIA1IIIIIIIIIIIIIII
IIIIIIIIAIIIIA1IIAIIIIIIIIIIIIIIIIIIIIIIIIIIIIIA1IIIIIIIIIIIIIII
IIIIAIIIAIIIIA1IIAIIIIIIIIIIIIIIIIIIIIIIIIIIIIIA1IIIIIIIIIIIIIII
IIIIAIIIAAIIIA1IIAIIIIIIIIIIIIIIIIIIIIIIIIIIIIIA1IIIIIIIIIIIIIII
IIIIAIIIAAAIIA1IIAIIIIIIIIIIIIIIIIIIIIIIIIIIIIIA1IIIIIIIIIIIIIII
IIIIAIIIAAAAIA1IIAIIIIIIIIIIIIIIIIIIIIIIIIIIIIIA1IIIIIIIIIIIIIII
IIIAAIIIAAAAIA1IIAIIIIIIIIIIIIIIIIIIIIIIIIIIIIIA1IIIIIIIIIIIIIII
IIIIIIIIIIIIAIIIIIIIIIIIIIIIIIIIIIIIIIIIIIIIIIIIIIIIIIIIIIIIIIII
IIIIIIIIIIIIA1IIIIIIIIIIIIIIIIIIIIIIIIIIIIIIIIIIIIIIIIIIIIIIIIII
IIIIIIIIA1IIA1IIIIIIIIIIIIIIIIIIIIIIIIIIIIIIIIIIIIIIIIIIIIIIIIII
IIIIA1IIA1IIA1IIIIIIIIIIIIIIIIIIIIIIIIIIIIIIIIIIIIIIIIIIIIIIIIII
IIIIA1IIAA1IA1IIIIIIIIIIIIIIIIIIIIIIIIIIIIIIIIIIIIIIIIIIIIIIIIII
IIIIA1IIAAA1A1IIIIIIIIIIIIIIIIIIIIIIIIIIIIIIIIIIIIIIIIIIIIIIIIII
IIIIA1IIAAAAA1IIIIIIIIIIIIIIIIIIIIIIIIIIIIIIIIIIIIIIIIIIIIIIIIII
IIIAA1IIAAAAA1IIIIIIIIIIIIIIIIIIIIIIIIIIIIIIIIIIIIIIIIIIIIIIIIII
IIIIIIIIAIIIIIIIIIIIIIIIIIIIIIIIIIIIIIIIIIIIIIIIIIIIIIIIIIIIIIII
IIIIAIIIAIIIIIIIIIIIIIIIIIIIIIIIIIIIIIIIIIIIIIIIIIIIIIIIIIIIIIII
IIIIAIIIAAIIIIIIIIIIIIIIIIIIIIIIIIIIIIIIIIIIIIIIIIIIIIIIIIIIIIII
IIIIAIIIAAAIIIIIIIIIIIIIIIIIIIIIIIIIIIIIIIIIIIIIIIIIIIIIIIIIIIII
IIIIAIIIAAAAIIIIIIIIIIIIIIIIIIIIIIIIIIIIIIIIIIIIIIIIIIIIIIIIIIII
IIIIIIIIIIIIA1IIIIIIIIIIIIIIIIIIIIIIIIIIIIIIIIIIIIIIIIIIIIIIIIII
IIIIIIIIIIIIA1IIIIIIIIIIIIIIIIIIIIIIIIIIIIIIIIIAIIIIIIIIIIIIIIII
IIIIIIIIIIIIA1IIIAIIIIIIIIIIIIIIIIIIIIIIIIIIIIIAIIIIIIIIIIIIIIII
IIIIIIIIIIIIIIIIIIIIIIIIIIIIIIIIIIIIIIIIIIIIIIIAIIIIIIIIIIIIIIII
IIIIIIIIIIIIIIIIIAIIIIIIIIIIIIIIIIIIIIIIIIIIIIIAIIIIIIIIIIIIIIII
IIIIIIIIAIIIIIIIIAIIIIIIIIIIIIIIIIIIIIIIIIIIIIIAIIIIIIIIIIIIIIII
IIIIAIIIAIIIIIIIIAIIIIIIIIIIIIIIIIIIIIIIIIIIIIIAIIIIIIIIIIIIIIII
IIIIAII2AAIIIIIIIAIIIIIIIIIIIIIIIIIIIIIIIIIIIIIAIIIIIIIIIIIIIIII
IIIIAII2AAAIIIIIIAIIIIIIIIIIIIIIIIIIIIIIIIIIIIIAIIIIIIIIIIIIIIII
IIIIAII2AAAAIIIIIAIIIIIIIIIIIIIIIIIIIIIIIIIIIIIAIIIIIIIIIIIIIIII
II21AII2AAAAIIIIIAIIIIIIIIIIIIIIIIIIIIIIIIIIIIIAIIIIIIIIIIIIIIII
I21AAII2AAAAIIIIIAIIIIIIIIIIIIIIIIIIIIIIIIIIIIIAIIIIIIIIIIIIIIII
IIIIIIIIII21AIIIIIIIIIIIIIIIIIIIIIIIIIIIIIIIIIIIIIIIIIIIIIIIIIII
IIIIIIIIA1IIIIIIIIIIIIIIIIIIIIIIIIIIIIIIIIIIIIIIIIIIIIIIIIIIIIII
IIIIA1IIA1IIIIIIIIIIIIIIIIIIIIIIIIIIIIIIIIIIIIIIIIIIIIIIIIIIIIII
IIIIA1IIAA1IIIIIIIIIIIIIIIIIIIIIIIIIIIIIIIIIIIIIIIIIIIIIIIIIIIII
IIIIA1IIAAA1IIIIIIIIIIIIIIIIIIIIIIIIIIIIIIIIIIIIIIIIIIIIIIIIIIII
IIIIA1IIAAAA1IIIIIIIIIIIIIIIIIIIIIIIIIIIIIIIIIIIIIIIIIIIIIIIIIII
IIIAA1IIAAAA1IIIIIIIIIIIIIIIIIIIIIIIIIIIIIIIIIIIIIIIIIIIIIIIIIII
IIIAA1IIAAAAA1IIIIIIIIIIIIIIIIIIIIIIIIIIIIIIIIIIIIIIIIIIIIIIIIII
IIIIIIIIIIIIAIIIIIIIIIIIIIIIIIIIIIIIIIIIIIIIIIIIIIIIIIIIIIIIIIII
IIIIIIIIIIIIAAIIIIIIIIIIIIIIIIIIIIIIIIIIIIIIIIIIIIIIIIIIIIIIIIII
IIIIIIIIIIIIAAIIIIIIIIIIIIIIIIIIIIIIIIIIIIIIIIIAIIIIIIIIIIIIIIII
IIIIIIIIIIIIAAIIIAIIIIIIIIIIIIIIIIIIIIIIIIIIIIIAIIIIIIIIIIIIIIII
IIIIIIIIAIIIAAIIIAIIIIIIIIIIIIIIIIIIIIIIIIIIIIIAIIIIIIIIIIIIIIII
IIIIAIIIAIIIAAIIIAIIIIIIIIIIIIIIIIIIIIIIIIIIIIIAIIIIIIIIIIIIIIII
IIIIAIIIAAIIAAIIIAIIIIIIIIIIIIIIIIIIIIIIIIIIIIIAIIIIIIIIIIIIIIII
IIIIAIIIAAAIAAIIIAIIIIIIIIIIIIIIIIIIIIIIIIIIIIIAIIIIIIIIIIIIIIII
IIIIAIIIAAAAAAIIIAIIIIIIIIIIIIIIIIIIIIIIIIIIIIIAIIIIIIIIIIIIIIII
IIIAAIIIAAAAAAIIIAIIIIIIIIIIIIIIIIIIIIIIIIIIIIIAIIIIIIIIIIIIIIII
IIIIIIIIIIIIA1IIIIIIIIIIIIIIIIIIIIIIIIIIIIIIIIIIIIIIIIIIIIIIIIII
IIIIIIIIA1IIIIIIIIIIIIIIIIIIIIIIIIIIIIIIIIIIIIIIIIIIIIIIIIIIIIII
IIIIA1IIA1IIIIIIIIIIIIIIIIIIIIIIIIIIIIIIIIIIIIIIIIIIIIIIIIIIIIII
IIIIA1IIAA1IIIIIIIIIIIIIIIIIIIIIIIIIIIIIIIIIIIIIIIIIIIIIIIIIIIII
IIIIA1IIAAA1IIIIIIIIIIIIIIIIIIIIIIIIIIIIIIIIIIIIIIIIIIIIIIIIIIII
IIIIA1IIAAAA1IIIIIIIIIIIIIIIIIIIIIIIIIIIIIIIIIIIIIIIIIIIIIIIIIII
IIIAA1IIAAAA1IIIIIIIIIIIIIIIIIIIIIIIIIIIIIIIIIIIIIIIIIIIIIIIIIII
IIIAA1IIAAAA1IIIIIIIIIIIIIIIIIIIIIIIIIIIIIIIIIIA1IIIIIIIIIIIIIII
IIIAA1IIAAAA1IIIIA1IIIIIIIIIIIIIIIIIIIIIIIIIIIIA1IIIIIIIIIIIIIII
IIIIIIIIIIIIAIIIIIIIIIIIIIIIIIIIIIIIIIIIIIIIIIIIIIIIIIIIIIIIIIII
IIIIIIIIIIIIA1IIIIIIIIIIIIIIIIIIIIIIIIIIIIIIIIIIIIIIIIIIIIIIIIII
IIIIIIIIA1IIA1IIIIIIIIIIIIIIIIIIIIIIIIIIIIIIIIIIIIIIIIIIIIIIIIII
IIIIA1IIA1IIA1IIIIIIIIIIIIIIIIIIIIIIIIIIIIIIIIIIIIIIIIIIIIIIIIII
IIIIA1IIAA1IA1IIIIIIIIIIIIIIIIIIIIIIIIIIIIIIIIIIIIIIIIIIIIIIIIII
IIIIA1IIAAA1A1IIIIIIIIIIIIIIIIIIIIIIIIIIIIIIIIIIIIIIIIIIIIIIIIII
IIIIA1IIAAAAA1IIIIIIIIIIIIIIIIIIIIIIIIIIIIIIIIIIIIIIIIIIIIIIIIII
IIIAA1IIAAAAA1IIIIIIIIIIIIIIIIIIIIIIIIIIIIIIIIIIIIIIIIIIIIIIIIII
IIIIIIIIIIIIAIIIIIIIIIIIIIIIIIIIIIIIIIIIIIIIIIIIIIIIIIIIIIIIIIII
IIIIIIIIA12IIIIIIIIIIIIIIIIIIIIIIIIIIIIIIIIIIIIIIIIIIIIIIIIIIIII
IIIIA12IA12IIIIIIIIIIIIIIIIIIIIIIIIIIIIIIIIIIIIIIIIIIIIIIIIIIIII
IIIIA12IAA12IIIIIIIIIIIIIIIIIIIIIIIIIIIIIIIIIIIIIIIIIIIIIIIIIIII
IIIIA12IAAA12IIIIIIIIIIIIIIIIIIIIIIIIIIIIIIIIIIIIIIIIIIIIIIIIIII
IIIIA12IAAAA12IIIIIIIIIIIIIIIIIIIIIIIIIIIIIIIIIIIIIIIIIIIIIIIIII
IIIAA12IAAAA12IIIIIIIIIIIIIIIIIIIIIIIIIIIIIIIIIIIIIIIIIIIIIIIIII
IIIIIIIIIIIIA12IIIIIIIIIIIIIIIIIIIIIIIIIIIIIIIIIIIIIIIIIIIIIIIII
IIIIIIIIIIIIA1IIIIIIIIIIIIIIIIIIIIIIIIIIIIIIIIIIIIIIIIIIIIIIIIII
IIIIIIIIA1IIA1IIIIIIIIIIIIIIIIIIIIIIIIIIIIIIIIIIIIIIIIIIIIIIIIII
IIIIA1IIA1IIA1IIIIIIIIIIIIIIIIIIIIIIIIIIIIIIIIIIIIIIIIIIIIIIIIII
IIIIA1IIAA1IA1IIIIIIIIIIIIIIIIIIIIIIIIIIIIIIIIIIIIIIIIIIIIIIIIII
IIIIA1IIAAA1A1IIIIIIIIIIIIIIIIIIIIIIIIIIIIIIIIIIIIIIIIIIIIIIIIII
IIIIA1IIAAAAA1IIIIIIIIIIIIIIIIIIIIIIIIIIIIIIIIIIIIIIIIIIIIIIIIII
IIIAA1IIAAAAA1IIIIIIIIIIIIIIIIIIIIIIIIIIIIIIIIIIIIIIIIIIIIIIIIII
IIIIIIIIIIIIAIIIIIIIIIIIIIIIIIIIIIIIIIIIIIIIIIIIIIIIIIIIIIIIIIII
IIIIIIIIAIIIAIIIIIIIIIIIIIIIIIIIIIIIIIIIIIIIIIIIIIIIIIIIIIIIIIII
IIIIAIIIAIIIAIIIIIIIIIIIIIIIIIIIIIIIIIIIIIIIIIIIIIIIIIIIIIIIIIII
IIIIAIIIAAIIAIIIIIIIIIIIIIIIIIIIIIIIIIIIIIIIIIIIIIIIIIIIIIIIIIII
IIIIAIIIAAAIAIIIIIIIIIIIIIIIIIIIIIIIIIIIIIIIIIIIIIIIIIIIIIIIIIII
IIIIAIIIAAAAAIIIIIIIIIIIIIIIIIIIIIIIIIIIIIIIIIIIIIIIIIIIIIIIIIII
IIIAAIIIAAAAAIIIIIIIIIIIIIIIIIIIIIIIIIIIIIIIIIIIIIIIIIIIIIIIIIII
IIIIIIIIIIIIA1222IIIIIIIIIIIIIIIIIIIIIIIIIIIIIIIIIIIIIIIIIIIIIII
IIIIIIIIA122A1222IIIIIIIIIIIIIIIIIIIIIIIIIIIIIIIIIIIIIIIIIIIIIII
IIIIA122A122A1222IIIIIIIIIIIIIIIIIIIIIIIIIIIIIIIIIIIIIIIIIIIIIII
IIIIA122AA12A1222IIIIIIIIIIIIIIIIIIIIIIIIIIIIIIIIIIIIIIIIIIIIIII
IIIIA122AAA1A1222IIIIIIIIIIIIIIIIIIIIIIIIIIIIIIIIIIIIIIIIIIIIIII
IIIIA122AAAAA1222IIIIIIIIIIIIIIIIIIIIIIIIIIIIIIIIIIIIIIIIIIIIIII
IIIAA122AAAAA1222IIIIIIIIIIIIIIIIIIIIIIIIIIIIIIIIIIIIIIIIIIIIIII
IIIIIIIIIIIIA1222IIIIIIIIIIIIIIIIIIIIIIIIIIIIIIIIIIIIIIIIIIIIIII
IIIIIIIIA122A1222IIIIIIIIIIIIIIIIIIIIIIIIIIIIIIIIIIIIIIIIIIIIIII
IIIIA122A122A1222IIIIIIIIIIIIIIIIIIIIIIIIIIIIIIIIIIIIIIIIIIIIIII
IIIIA122AA12A1222IIIIIIIIIIIIIIIIIIIIIIIIIIIIIIIIIIIIIIIIIIIIIII
IIIIA122AAA1A1222IIIIIIIIIIIIIIIIIIIIIIIIIIIIIIIIIIIIIIIIIIIIIII
IIIIA122AAAAA1222IIIIIIIIIIIIIIIIIIIIIIIIIIIIIIIIIIIIIIIIIIIIIII
IIIIIIIIIIIIA2IIIIIIIIIIIIIIIIIIIIIIIIIIIIIIIIIIIIIIIIIIIIIIIIII
IIIIIIIIIIA2A2IIIIIIIIIIIIIIIIIIIIIIIIIIIIIIIIIIIIIIIIIIIIIIIIII
IIIIIIIIIIAAA2IIIIIIIIIIIIIIIIIIIIIIIIIIIIIIIIIIIIIIIIIIIIIIIIII
IIIIIIIIIIAAA1IIIIIIIIIIIIIIIIIIIIIIIIIIIIIIIIIIIIIIIIIIIIIIIIII
IIIIIIIIIIAAA1IIIIIIIIIIIIIIIIIIIIIIIIIIIIIIIIIA1IIIIIIIIIIIIIII
IIIIIIIIIIAAA1IIIA1IIIIIIIIIIIIIIIIIIIIIIIIIIIIA1IIIIIIIIIIIIIII
IIIIIIIIIAIIIIIIIIIIIIIIIIIIIIIIIIIIIIIIIIIIIIIIIIIIIIIIIIIIIIII
IIIIAIIIIAIIIIIIIIIIIIIIIIIIIIIIIIIIIIIIIIIIIIIIIIIIIIIIIIIIIIII
IIIAAIIIIAIIIIIIIIIIIIIIIIIIIIIIIIIIIIIIIIIIIIIIIIIIIIIIIIIIIIII
IIIAAIIIIAIIAIIIIIIIIIIIIIIIIIIIIIIIIIIIIIIIIIIIIIIIIIIIIIIIIIII
IIIIIIIIIIIIAIIIIIIIIIIIIIIIIIIIIIIIIIIIIIIIIIIIIIIIIIIIIIIIIIII
IIIIIIIIA2IIIIIIIIIIIIIIIIIIIIIIIIIIIIIIIIIIIIIIIIIIIIIIIIIIIIII
IIIIA2IIA2IIIIIIIIIIIIIIIIIIIIIIIIIIIIIIIIIIIIIIIIIIIIIIIIIIIIII
IIIIA2IIAA2IIIIIIIIIIIIIIIIIIIIIIIIIIIIIIIIIIIIIIIIIIIIIIIIIIIII
IIIIA2IIAAA2IIIIIIIIIIIIIIIIIIIIIIIIIIIIIIIIIIIIIIIIIIIIIIIIIIII
IIIIA2IIAAAA2IIIIIIIIIIIIIIIIIIIIIIIIIIIIIIIIIIIIIIIIIIIIIIIIIII
IIIAA2IIAAAA2IIIIIIIIIIIIIIIIIIIIIIIIIIIIIIIIIIIIIIIIIIIIIIIIIII
IIIIIIIIIIIIA1IIIIIIIIIIIIIIIIIIIIIIIIIIIIIIIIIIIIIIIIIIIIIIIIII
IIIIIIIIIIIIAA1IIIIIIIIIIIIIIIIIIIIIIIIIIIIIIIIIIIIIIIIIIIIIIIII
IIIIIIIIIIIIAA1IIIIIIIIIIIIIIIIIIIIIIIIIIIIIIIIA1IIIIIIIIIIIIIII
IIIIIIIIIIIIAA1IIA1IIIIIIIIIIIIIIIIIIIIIIIIIIIIA1IIIIIIIIIIIIIII
IIIIIIIIA1IIAA1IIA1IIIIIIIIIIIIIIIIIIIIIIIIIIIIA1IIIIIIIIIIIIIII
IIIIA1IIA1IIAA1IIA1IIIIIIIIIIIIIIIIIIIIIIIIIIIIA1IIIIIIIIIIIIIII
IIIIA1IIAA1IAA1IIA1IIIIIIIIIIIIIIIIIIIIIIIIIIIIA1IIIIIIIIIIIIIII
IIIIA1IIAAA1AA1IIA1IIIIIIIIIIIIIIIIIIIIIIIIIIIIA1IIIIIIIIIIIIIII
IIIIA1IIAAAAAA1IIA1IIIIIIIIIIIIIIIIIIIIIIIIIIIIA1IIIIIIIIIIIIIII
IIIAA1IIAAAAAA1IIA1IIIIIIIIIIIIIIIIIIIIIIIIIIIIA1IIIIIIIIIIIIIII
IIIIIIIIIIIIIAIIIIIIIIIIIIIIIIIIIIIIIIIIIIIIIIIIIIIIIIIIIIIIIIII
IIIIIIIIIIIIIAIIIIIIIIIIIIIIIIIIIIIIIIIIIIIIIIIAIIIIIIIIIIIIIIII
IIIIIIIIIIIIIAIIIA2IIIIIIIIIIIIIIIIIIIIIIIIIIIIAIIIIIIIIIIIIIIII
IIIIIIIIA2IIIAIIIA2IIIIIIIIIIIIIIIIIIIIIIIIIIIIAIIIIIIIIIIIIIIII
IIIIA2IIA2IIIAIIIA2IIIIIIIIIIIIIIIIIIIIIIIIIIIIAIIIIIIIIIIIIIIII
IIIIA2IIAA2IIAIIIA2IIIIIIIIIIIIIIIIIIIIIIIIIIIIAIIIIIIIIIIIIIIII
IIIIA2IIAAA2IAIIIA2IIIIIIIIIIIIIIIIIIIIIIIIIIIIAIIIIIIIIIIIIIIII
IIIIA2IIAAAA2AIIIA2IIIIIIIIIIIIIIIIIIIIIIIIIIIIAIIIIIIIIIIIIIIII
IIIAA2IIAAAA2AIIIA2IIIIIIIIIIIIIIIIIIIIIIIIIIIIAIIIIIIIIIIIIIIII
IIIIIIIIIIIIA2IIIIIIIIIIIIIIIIIIIIIIIIIIIIIIIIIIIIIIIIIIIIIIIIII
IIIIIIIIA12IIIIIIIIIIIIIIIIIIIIIIIIIIIIIIIIIIIIIIIIIIIIIIIIIIIII
IIIIA12IA12IIIIIIIIIIIIIIIIIIIIIIIIIIIIIIIIIIIIIIIIIIIIIIIIIIIII
IIIIA12IAA12IIIIIIIIIIIIIIIIIIIIIIIIIIIIIIIIIIIIIIIIIIIIIIIIIIII
IIIIA12IAAA12IIIIIIIIIIIIIIIIIIIIIIIIIIIIIIIIIIIIIIIIIIIIIIIIIII
IIIIA12IAAAA12IIIIIIIIIIIIIIIIIIIIIIIIIIIIIIIIIIIIIIIIIIIIIIIIII
IIIAA12IAAAA12IIIIIIIIIIIIIIIIIIIIIIIIIIIIIIIIIIIIIIIIIIIIIIIIII
IIIIIIIIIIIIAIIIIIIIIIIIIIIIIIIIIIIIIIIIIIIIIIIIIIIIIIIIIIIIIIII
IIIIIIIIA2IIIIIIIIIIIIIIIIIIIIIIIIIIIIIIIIIIIIIIIIIIIIIIIIIIIIII
IIIIA2IIA2IIIIIIIIIIIIIIIIIIIIIIIIIIIIIIIIIIIIIIIIIIIIIIIIIIIIII
IIIIA2IIAA2IIIIIIIIIIIIIIIIIIIIIIIIIIIIIIIIIIIIIIIIIIIIIIIIIIIII
IIIIA2IIAAA2IIIIIIIIIIIIIIIIIIIIIIIIIIIIIIIIIIIIIIIIIIIIIIIIIIII
IIIIA2IIAAAA2IIIIIIIIIIIIIIIIIIIIIIIIIIIIIIIIIIIIIIIIIIIIIIIIIII
IIIAA2IIAAAA2IIIIIIIIIIIIIIIIIIIIIIIIIIIIIIIIIIIIIIIIIIIIIIIIIII
IIIAA2IIAAAAA1IIIIIIIIIIIIIIIIIIIIIIIIIIIIIIIIIIIIIIIIIIIIIIIIII
IIIIIIIIAIIIIIIIIIIIIIIIIIIIIIIIIIIIIIIIIIIIIIIIIIIIIIIIIIIIIIII
IIIIAIIIAIIIIIIIIIIIIIIIIIIIIIIIIIIIIIIIIIIIIIIIIIIIIIIIIIIIIIII
IIIIAIIIAAIIIIIIIIIIIIIIIIIIIIIIIIIIIIIIIIIIIIIIIIIIIIIIIIIIIIII
IIIIAIIIAAAIIIIIIIIIIIIIIIIIIIIIIIIIIIIIIIIIIIIIIIIIIIIIIIIIIIII
IIIIAIIIAAAAIIIIIIIIIIIIIIIIIIIIIIIIIIIIIIIIIIIIIIIIIIIIIIIIIIII
IIIAAIIIAAAAIIIIIIIIIIIIIIIIIIIIIIIIIIIIIIIIIIIIIIIIIIIIIIIIIIII
IIIAAIIIAAAAAIIIIIIIIIIIIIIIIIIIIIIIIIIIIIIIIIIIIIIIIIIIIIIIIIII
IIIIIIIIIIIIIIIIIIIIIIIIIIIIIIIIIIIIIIIIIIIIIIIA1IIIIIIIIIIIIIII
IIIIIIIIIIIIIIIIIA1IIIIIIIIIIIIIIIIIIIIIIIIIIIIA1IIIIIIIIIIIIIII
IIIIIIIIA1IIIIIIIA1IIIIIIIIIIIIIIIIIIIIIIIIIIIIA1IIIIIIIIIIIIIII
IIIIA1IIA1IIIIIIIA1IIIIIIIIIIIIIIIIIIIIIIIIIIIIA1IIIIIIIIIIIIIII
IIIIA1IIAA1IIIIIIA1IIIIIIIIIIIIIIIIIIIIIIIIIIIIA1IIIIIIIIIIIIIII
IIIIA1IIAAA1IIIIIA1IIIIIIIIIIIIIIIIIIIIIIIIIIIIA1IIIIIIIIIIIIIII
IIIIA1IIAAAA1IIIIA1IIIIIIIIIIIIIIIIIIIIIIIIIIIIA1IIIIIIIIIIIIIII
IIIAA1IIAAAA1IIIIA1IIIIIIIIIIIIIIIIIIIIIIIIIIIIA1IIIIIIIIIIIIIII
IIIAA1IIAAAA1IIIIA1IIIIIIIIIIIIIIIIIIIIIIIIIII2A1IIIIIIIIIIIIIII
IIIAA1IIAAAA1III2A1IIIIIIIIIIIIIIIIIIIIIIIIIII2A1IIIIIIIIIIIIIII
IIIAA1I2AAAA1III2A1IIIIIIIIIIIIIIIIIIIIIIIIIII2A1IIIIIIIIIIIIIII
II2AA1I2AAAA1III2A1IIIIIIIIIIIIIIIIIIIIIIIIIII2A1IIIIIIIIIIIIIII
II2AA1I2AAAAAIII2A1IIIIIIIIIIIIIIIIIIIIIIIIIII2A1IIIIIIIIIIIIIII
IIIIIIIIIIIIA1IIIIIIIIIIIIIIIIIIIIIIIIIIIIIIIIIIIIIIIIIIIIIIIIII
IIIIIIIIIIIIAA1IIIIIIIIIIIIIIIIIIIIIIIIIIIIIIIIIIIIIIIIIIIIIIIII
IIIIIIIIIIIIAA1IIIIIIIIIIIIIIIIIIIIIIIIIIIIIIIIA1IIIIIIIIIIIIIII
IIIIIIIIIIIIAA1IIA1IIIIIIIIIIIIIIIIIIIIIIIIIIIIA1IIIIIIIIIIIIIII
IIIIIIIIA1IIAA1IIA1IIIIIIIIIIIIIIIIIIIIIIIIIIIIA1IIIIIIIIIIIIIII
IIIIA1IIA1IIAA1IIA1IIIIIIIIIIIIIIIIIIIIIIIIIIIIA1IIIIIIIIIIIIIII
IIIIA1IIAA1IAA1IIA1IIIIIIIIIIIIIIIIIIIIIIIIIIIIA1IIIIIIIIIIIIIII
IIIIA1IIAAA1AA1IIA1IIIIIIIIIIIIIIIIIIIIIIIIIIIIA1IIIIIIIIIIIIIII
IIIIA1IIAAAAAA1IIA1IIIIIIIIIIIIIIIIIIIIIIIIIIIIA1IIIIIIIIIIIIIII
IIIAA1IIAAAAAA1IIA1IIIIIIIIIIIIIIIIIIIIIIIIIIIIA1IIIIIIIIIIIIIII
IIIIIIIIIIIIIIIIIIIIIIIIIIIIIIIIIIIIIIIIIIIIIIIAIIIIIIIIIIIIIIII
IIIIIIIIIIIIIIIIIAIIIIIIIIIIIIIIIIIIIIIIIIIIIIIAIIIIIIIIIIIIIIII
IIIIIIIIIIIIAIIIIAIIIIIIIIIIIIIIIIIIIIIIIIIIIIIAIIIIIIIIIIIIIIII
IIIIIIIIAIIIAIIIIAIIIIIIIIIIIIIIIIIIIIIIIIIIIIIAIIIIIIIIIIIIIIII
IIIIAIIIAIIIAIIIIAIIIIIIIIIIIIIIIIIIIIIIIIIIIIIAIIIIIIIIIIIIIIII
IIIIAIIIAAIIAIIIIAIIIIIIIIIIIIIIIIIIIIIIIIIIIIIAIIIIIIIIIIIIIIII
IIIIAIIIAAAIAIIIIAIIIIIIIIIIIIIIIIIIIIIIIIIIIIIAIIIIIIIIIIIIIIII
IIIIAIIIAAAAAIIIIAIIIIIIIIIIIIIIIIIIIIIIIIIIIIIAIIIIIIIIIIIIIIII
IIIAAIIIAAAAAIIIIAIIIIIIIIIIIIIIIIIIIIIIIIIIIIIAIIIIIIIIIIIIIIII
IIIIIIIIIIIIA1IIIIIIIIIIIIIIIIIIIIIIIIIIIIIIIIIIIIIIIIIIIIIIIIII
IIIIIIIIIIIIAA1IIIIIIIIIIIIIIIIIIIIIIIIIIIIIIIIIIIIIIIIIIIIIIIII
IIIIIIIIIIIIAA1IIIIIIIIIIIIIIIIIIIIIIIIIIIIIIIIA1IIIIIIIIIIIIIII
IIIIIIIIIIIIAA1IIA1IIIIIIIIIIIIIIIIIIIIIIIIIIIIA1IIIIIIIIIIIIIII
IIIIIIIIA1IIAA1IIA1IIIIIIIIIIIIIIIIIIIIIIIIIIIIA1IIIIIIIIIIIIIII
IIIIA1IIA1IIAA1IIA1IIIIIIIIIIIIIIIIIIIIIIIIIIIIA1IIIIIIIIIIIIIII
IIIIA1IIAA1IAA1IIA1IIIIIIIIIIIIIIIIIIIIIIIIIIIIA1IIIIIIIIIIIIIII
IIIIA1IIAAA1AA1IIA1IIIIIIIIIIIIIIIIIIIIIIIIIIIIA1IIIIIIIIIIIIIII
IIIIA1IIAAAAAA1IIA1IIIIIIIIIIIIIIIIIIIIIIIIIIIIA1IIIIIIIIIIIIIII
IIIAA1IIAAAAAA1IIA1IIIIIIIIIIIIIIIIIIIIIIIIIIIIA1IIIIIIIIIIIIIII
IIIIIIIIIIIIAIIIIIIIIIIIIIIIIIIIIIIIIIIIIIIIIIIIIIIIIIIIIIIIIIII
IIIIIIIIIIIIAAIIIIIIIIIIIIIIIIIIIIIIIIIIIIIIIIIIIIIIIIIIIIIIIIII
IIIIIIIIIIIIAAIIIIIIIIIIIIIIIIIIIIIIIIIIIIIIIIIAIIIIIIIIIIIIIIII
IIIIIIIIIIIIAAIIIAIIIIIIIIIIIIIIIIIIIIIIIIIIIIIAIIIIIIIIIIIIIIII
IIIIIIIIA2IIAAIIIAIIIIIIIIIIIIIIIIIIIIIIIIIIIIIAIIIIIIIIIIIIIIII
IIIIA2IIA2IIAAIIIAIIIIIIIIIIIIIIIIIIIIIIIIIIIIIAIIIIIIIIIIIIIIII
IIIIA2IIAA2IAAIIIAIIIIIIIIIIIIIIIIIIIIIIIIIIIIIAIIIIIIIIIIIIIIII
IIIIA2IIAAA2AAIIIAIIIIIIIIIIIIIIIIIIIIIIIIIIIIIAIIIIIIIIIIIIIIII
IIIIA2IIAAAAAAIIIAIIIIIIIIIIIIIIIIIIIIIIIIIIIIIAIIIIIIIIIIIIIIII
IIIAA2IIAAAAAAIIIAIIIIIIIIIIIIIIIIIIIIIIIIIIIIIAIIIIIIIIIIIIIIII
IIIIIIIIIIIIA2IIIIIIIIIIIIIIIIIIIIIIIIIIIIIIIIIIIIIIIIIIIIIIIIII
IIIIIIIIA1IIIIIIIIIIIIIIIIIIIIIIIIIIIIIIIIIIIIIIIIIIIIIIIIIIIIII
IIIIA1IIA1IIIIIIIIIIIIIIIIIIIIIIIIIIIIIIIIIIIIIIIIIIIIIIIIIIIIII
IIIIA1IIAA1IIIIIIIIIIIIIIIIIIIIIIIIIIIIIIIIIIIIIIIIIIIIIIIIIIIII
IIIIA1IIAAA1IIIIIIIIIIIIIIIIIIIIIIIIIIIIIIIIIIIIIIIIIIIIIIIIIIII
IIIIA1IIAAAA1IIIIIIIIIIIIIIIIIIIIIIIIIIIIIIIIIIIIIIIIIIIIIIIIIII
IIIAA1IIAAAA1IIIIIIIIIIIIIIIIIIIIIIIIIIIIIIIIIIIIIIIIIIIIIIIIIII
IIIAA1IIAAAAA1IIIIIIIIIIIIIIIIIIIIIIIIIIIIIIIIIIIIIIIIIIIIIIIIII
IIIAA1IIAAAAA1IIIIIIIIIIIIIIIIIIIIIIIIIIIIIIIIIA1IIIIIIIIIIIIIII
IIIAA1IIAAAAA1IIIA1IIIIIIIIIIIIIIIIIIIIIIIIIIIIA1IIIIIIIIIIIIIII
IIIIIIIIIA2IIIIIIIIIIIIIIIIIIIIIIIIIIIIIIIIIIIIIIIIIIIIIIIIIIIII
IIIIA2IIIA2IIIIIIIIIIIIIIIIIIIIIIIIIIIIIIIIIIIIIIIIIIIIIIIIIIIII
IIIAA2IIIA2IIIIIIIIIIIIIIIIIIIIIIIIIIIIIIIIIIIIIIIIIIIIIIIIIIIII
IIIIIIIIIIIIA12IIIIIIIIIIIIIIIIIIIIIIIIIIIIIIIIIIIIIIIIIIIIIIIII
IIIIIIIIA12IIIIIIIIIIIIIIIIIIIIIIIIIIIIIIIIIIIIIIIIIIIIIIIIIIIII
IIIIA12IA12IIIIIIIIIIIIIIIIIIIIIIIIIIIIIIIIIIIIIIIIIIIIIIIIIIIII
IIIIA12IAA12IIIIIIIIIIIIIIIIIIIIIIIIIIIIIIIIIIIIIIIIIIIIIIIIIIII
IIIIA12IAAA12IIIIIIIIIIIIIIIIIIIIIIIIIIIIIIIIIIIIIIIIIIIIIIIIIII
IIIIA12IAAAA12IIIIIIIIIIIIIIIIIIIIIIIIIIIIIIIIIIIIIIIIIIIIIIIIII
IIIAA12IAAAA12IIIIIIIIIIIIIIIIIIIIIIIIIIIIIIIIIIIIIIIIIIIIIIIIII
IIIIIIIIIIIIIIIIIIIIIIIIIIIIIIIIIIIIIIIIIIIIIIIAIIIIIIIIIIIIIIII
IIIIIIIIIIIIAIIIIIIIIIIIIIIIIIIIIIIIIIIIIIIIIIIAIIIIIIIIIIIIIIII
IIIIIIIIIIIIAIIIIAIIIIIIIIIIIIIIIIIIIIIIIIIIIIIAIIIIIIIIIIIIIIII
IIIIIIIIAIIIAIIIIAIIIIIIIIIIIIIIIIIIIIIIIIIIIIIAIIIIIIIIIIIIIIII
IIIIAIIIAIIIAIIIIAIIIIIIIIIIIIIIIIIIIIIIIIIIIIIAIIIIIIIIIIIIIIII
IIIIAIIIAAIIAIIIIAIIIIIIIIIIIIIIIIIIIIIIIIIIIIIAIIIIIIIIIIIIIIII
IIIIAIIIAAAIAIIIIAIIIIIIIIIIIIIIIIIIIIIIIIIIIIIAIIIIIIIIIIIIIIII
IIIIAIIIAAAAAIIIIAIIIIIIIIIIIIIIIIIIIIIIIIIIIIIAIIIIIIIIIIIIIIII
IIIAAIIIAAAAAIIIIAIIIIIIIIIIIIIIIIIIIIIIIIIIIIIAIIIIIIIIIIIIIIII
IIIAA1IIAAAAAIIIIAIIIIIIIIIIIIIIIIIIIIIIIIIIIIIAIIIIIIIIIIIIIIII
IIIAA1IIAAAAA1IIIAIIIIIIIIIIIIIIIIIIIIIIIIIIIIIAIIIIIIIIIIIIIIII
IIIIIIIIIIIIIIIIIIIIIIIIIIIIIIIIIIIIIIIIIIIIIIIA1IIIIIIIIIIIIIII
IIIIIIIIIIIIIIIIIA1IIIIIIIIIIIIIIIIIIIIIIIIIIIIA1IIIIIIIIIIIIIII
IIIIIIIIA1IIIIIIIA1IIIIIIIIIIIIIIIIIIIIIIIIIIIIA1IIIIIIIIIIIIIII
IIIIA1IIA1IIIIIIIA1IIIIIIIIIIIIIIIIIIIIIIIIIIIIA1IIIIIIIIIIIIIII
IIIIA1IIAA1IIIIIIA1IIIIIIIIIIIIIIIIIIIIIIIIIIIIA1IIIIIIIIIIIIIII
IIIIA1IIAAA1IIIIIA1IIIIIIIIIIIIIIIIIIIIIIIIIIIIA1IIIIIIIIIIIIIII
IIIIA1IIAAAA1IIIIA1IIIIIIIIIIIIIIIIIIIIIIIIIIIIA1IIIIIIIIIIIIIII
IIIAA1IIAAAA1IIIIA1IIIIIIIIIIIIIIIIIIIIIIIIIIIIA1IIIIIIIIIIIIIII
IIIAA1IIAAAAAIIIIA1IIIIIIIIIIIIIIIIIIIIIIIIIIIIA1IIIIIIIIIIIIIII
IIIIIIIIIIIIIIIIIIIIIIIIIIIIIIIIIIIIIIIIIIIIII2AIIIIIIIIIIIIIIII
IIIIIIIIIIIIIIII2AIIIIIIIIIIIIIIIIIIIIIIIIIIII2AIIIIIIIIIIIIIIII
IIIIIII2AIIIIIII2AIIIIIIIIIIIIIIIIIIIIIIIIIIII2AIIIIIIIIIIIIIIII
III2AII2AIIIIIII2AIIIIIIIIIIIIIIIIIIIIIIIIIIII2AIIIIIIIIIIIIIIII
III2AII2AAIIIIII2AIIIIIIIIIIIIIIIIIIIIIIIIIIII2AIIIIIIIIIIIIIIII
III2AII2AAAIIIII2AIIIIIIIIIIIIIIIIIIIIIIIIIIII2AIIIIIIIIIIIIIIII
III2AII2AAAAIIII2AIIIIIIIIIIIIIIIIIIIIIIIIIIII2AIIIIIIIIIIIIIIII
IIIIIIIIIAIIIIIIIIIIIIIIIIIIIIIIIIIIIIIIIIIIIIIIIIIIIIIIIIIIIIII
IIIIAIIIIAIIIIIIIIIIIIIIIIIIIIIIIIIIIIIIIIIIIIIIIIIIIIIIIIIIIIII
IIIAAIIIIAIIIIIIIIIIIIIIIIIIIIIIIIIIIIIIIIIIIIIIIIIIIIIIIIIIIIII
IIIIIIIIIIIIA1IIIIIIIIIIIIIIIIIIIIIIIIIIIIIIIIIIIIIIIIIIIIIIIIII
IIIIIIIIA1IIIIIIIIIIIIIIIIIIIIIIIIIIIIIIIIIIIIIIIIIIIIIIIIIIIIII
IIIIA1IIA1IIIIIIIIIIIIIIIIIIIIIIIIIIIIIIIIIIIIIIIIIIIIIIIIIIIIII
IIIIA1IIAA1IIIIIIIIIIIIIIIIIIIIIIIIIIIIIIIIIIIIIIIIIIIIIIIIIIIII
IIIIA1IIAAA1IIIIIIIIIIIIIIIIIIIIIIIIIIIIIIIIIIIIIIIIIIIIIIIIIIII
IIIIA1IIAAAA1IIIIIIIIIIIIIIIIIIIIIIIIIIIIIIIIIIIIIIIIIIIIIIIIIII
IIIAA1IIAAAA1IIIIIIIIIIIIIIIIIIIIIIIIIIIIIIIIIIIIIIIIIIIIIIIIIII
IIIIIIIIIIIIAIIIIIIIIIIIIIIIIIIIIIIIIIIIIIIIIIIIIIIIIIIIIIIIIIII
IIIIIIIIA12IIIIIIIIIIIIIIIIIIIIIIIIIIIIIIIIIIIIIIIIIIIIIIIIIIIII
IIIIA12IA12IIIIIIIIIIIIIIIIIIIIIIIIIIIIIIIIIIIIIIIIIIIIIIIIIIIII
IIIIA12IAA12IIIIIIIIIIIIIIIIIIIIIIIIIIIIIIIIIIIIIIIIIIIIIIIIIIII
IIIIA12IAAA12IIIIIIIIIIIIIIIIIIIIIIIIIIIIIIIIIIIIIIIIIIIIIIIIIII
IIIIA12IAAAA12IIIIIIIIIIIIIIIIIIIIIIIIIIIIIIIIIIIIIIIIIIIIIIIIII
IIIAA12IAAAA12IIIIIIIIIIIIIIIIIIIIIIIIIIIIIIIIIIIIIIIIIIIIIIIIII
IIIIIIIIIIIIA12IIIIIIIIIIIIIIIIIIIIIIIIIIIIIIIIIIIIIIIIIIIIIIIII
IIIIIIIIAIIIIIIIIIIIIIIIIIIIIIIIIIIIIIIIIIIIIIIIIIIIIIIIIIIIIIII
IIIIAIIIAIIIIIIIIIIIIIIIIIIIIIIIIIIIIIIIIIIIIIIIIIIIIIIIIIIIIIII
IIIIAIIIAAIIIIIIIIIIIIIIIIIIIIIIIIIIIIIIIIIIIIIIIIIIIIIIIIIIIIII
IIIIAIIIAAAIIIIIIIIIIIIIIIIIIIIIIIIIIIIIIIIIIIIIIIIIIIIIIIIIIIII
IIIIAIIIAAAAIIIIIIIIIIIIIIIIIIIIIIIIIIIIIIIIIIIIIIIIIIIIIIIIIIII
IIIAAIIIAAAAIIIIIIIIIIIIIIIIIIIIIIIIIIIIIIIIIIIIIIIIIIIIIIIIIIII
IIIIIIIIIIIIA1IIIIIIIIIIIIIIIIIIIIIIIIIIIIIIIIIIIIIIIIIIIIIIIIII
IIIIIIIIA1IIIIIIIIIIIIIIIIIIIIIIIIIIIIIIIIIIIIIIIIIIIIIIIIIIIIII
IIIIA1IIA1IIIIIIIIIIIIIIIIIIIIIIIIIIIIIIIIIIIIIIIIIIIIIIIIIIIIII
IIIIA1IIAA1IIIIIIIIIIIIIIIIIIIIIIIIIIIIIIIIIIIIIIIIIIIIIIIIIIIII
IIIIA1IIAAA1IIIIIIIIIIIIIIIIIIIIIIIIIIIIIIIIIIIIIIIIIIIIIIIIIIII
IIIIA1IIAAAA1IIIIIIIIIIIIIIIIIIIIIIIIIIIIIIIIIIIIIIIIIIIIIIIIIII
II2AA1IIAAAA1IIIIIIIIIIIIIIIIIIIIIIIIIIIIIIIIIIIIIIIIIIIIIIIIIII
IIIIIIIIIIIIA12IIIIIIIIIIIIIIIIIIIIIIIIIIIIIIIIIIIIIIIIIIIIIIIII
IIIIIIIIA1I2A12IIIIIIIIIIIIIIIIIIIIIIIIIIIIIIIIIIIIIIIIIIIIIIIII
IIIIA1I2A1I2A12IIIIIIIIIIIIIIIIIIIIIIIIIIIIIIIIIIIIIIIIIIIIIIIII
IIIIA1I2AA12A12IIIIIIIIIIIIIIIIIIIIIIIIIIIIIIIIIIIIIIIIIIIIIIIII
IIIIA1I2AAA1A12IIIIIIIIIIIIIIIIIIIIIIIIIIIIIIIIIIIIIIIIIIIIIIIII
IIIIA1I2AAAAA122IIIIIIIIIIIIIIIIIIIIIIIIIIIIIIIIIIIIIIIIIIIIIIII
IIIAA122AAAAA122IIIIIIIIIIIIIIIIIIIIIIIIIIIIIIIIIIIIIIIIIIIIIIII
IIIIIIIIA2IIIIIIIIIIIIIIIIIIIIIIIIIIIIIIIIIIIIIIIIIIIIIIIIIIIIII
IIIIA2IIA2IIIIIIIIIIIIIIIIIIIIIIIIIIIIIIIIIIIIIIIIIIIIIIIIIIIIII
IIIIA2IIAA2IIIIIIIIIIIIIIIIIIIIIIIIIIIIIIIIIIIIIIIIIIIIIIIIIIIII
IIIIA2IIAAA2IIIIIIIIIIIIIIIIIIIIIIIIIIIIIIIIIIIIIIIIIIIIIIIIIIII
IIIIA2IIAAAA2IIIIIIIIIIIIIIIIIIIIIIIIIIIIIIIIIIIIIIIIIIIIIIIIIII
IIIAA2IIAAAA2IIIIIIIIIIIIIIIIIIIIIIIIIIIIIIIIIIIIIIIIIIIIIIIIIII
IIIIIIIIIIIIA1IIIIIIIIIIIIIIIIIIIIIIIIIIIIIIIIIIIIIIIIIIIIIIIIII
IIIIIIIIIIIIIA1IIIIIIIIIIIIIIIIIIIIIIIIIIIIIIIIIIIIIIIIIIIIIIIII
IIIIIIIIIIIIIA1IIIIIIIIIIIIIIIIIIIIIIIIIIIIIIIIA1IIIIIIIIIIIIIII
IIIIIIIIIIIIIA1IIA1IIIIIIIIIIIIIIIIIIIIIIIIIIIIA1IIIIIIIIIIIIIII
IIIIIIIIA1IIIA1IIA1IIIIIIIIIIIIIIIIIIIIIIIIIIIIA1IIIIIIIIIIIIIII
IIIIA1IIA1IIIA1IIA1IIIIIIIIIIIIIIIIIIIIIIIIIIIIA1IIIIIIIIIIIIIII
IIIIA1IIAA1IIA1IIA1IIIIIIIIIIIIIIIIIIIIIIIIIIIIA1IIIIIIIIIIIIIII
IIIIA1IIAAA1IA1IIA1IIIIIIIIIIIIIIIIIIIIIIIIIIIIA1IIIIIIIIIIIIIII
IIIIA1IIAAAA1A1IIA1IIIIIIIIIIIIIIIIIIIIIIIIIIIIA1IIIIIIIIIIIIIII
IIIIIIIIIIIIA1IIIIIIIIIIIIIIIIIIIIIIIIIIIIIIIIIIIIIIIIIIIIIIIIII
IIIIIIIIIIIIIIIIIIIIIIIIIIIIIIIIIIIIIIIIIIIIIIIA1IIIIIIIIIIIIIII
IIIIIIIIIIIIA1IIIIIIIIIIIIIIIIIIIIIIIIIIIIIIIIIA1IIIIIIIIIIIIIII
IIIIIIIIIIIIA1IIIAIIIIIIIIIIIIIIIIIIIIIIIIIIIIIA1IIIIIIIIIIIIIII
IIIIIIIIAIIIA1IIIAIIIIIIIIIIIIIIIIIIIIIIIIIIIIIA1IIIIIIIIIIIIIII
IIIIAIIIAIIIA1IIIAIIIIIIIIIIIIIIIIIIIIIIIIIIIIIA1IIIIIIIIIIIIIII
IIIIAIIIAAIIA1IIIAIIIIIIIIIIIIIIIIIIIIIIIIIIIIIA1IIIIIIIIIIIIIII
IIIIAIIIAAAIA1IIIAIIIIIIIIIIIIIIIIIIIIIIIIIIIIIA1IIIIIIIIIIIIIII
IIIIAIIIAAAAA1IIIAIIIIIIIIIIIIIIIIIIIIIIIIIIIIIA1IIIIIIIIIIIIIII
IIIIIIIIIIIIAI1II1I111IIIIIIIIIIIIIIIIIIIIIIIIIIIIIIIIIIIIIIIIII
IIIIIIIIIIIIA1IIIIIIIIIIIIIIIIIIIIIIIIIIIIIIIIIIIIIIIIIIIIIIIIII
IIIIIIIIIIIIAAII2IIIIIIIIIIIIIIIIIIIIIIIIIIIIIIIIIIIIIIIIIIIIIII
IIIIIIIIIIIIAAII2IIIIIIIIIIIIIIIIIIIIIIIIIIIIIIAII2IIIIIIIIIIIII
IIIIIIIIIIIIAAII2AII2IIIIIIIIIIIIIIIIIIIIIIIIIIAII2IIIIIIIIIIIII
IIIIIIIIAII2AAII2AII2IIIIIIIIIIIIIIIIIIIIIIIIIIAII2IIIIIIIIIIIII
IIIIAII2AII2AAII2AII2IIIIIIIIIIIIIIIIIIIIIIIIIIAII2IIIIIIIIIIIII
IIIIAII2AAI2AAII2AII2IIIIIIIIIIIIIIIIIIIIIIIIIIAII2IIIIIIIIIIIII
IIIIAII2AAA2AAII2AII2IIIIIIIIIIIIIIIIIIIIIIIIIIAII2IIIIIIIIIIIII
IIIIAII2AAAAAA2I2AII2IIIIIIIIIIIIIIIIIIIIIIIIIIAII2IIIIIIIIIIIII
IIIAAI22AAAAAA2I2AII2IIIIIIIIIIIIIIIIIIIIIIIIIIAII2IIIIIIIIIIIII
IIIIIIIIIIIIA2IIIIIIIIIIIIIIIIIIIIIIIIIIIIIIIIIIIIIIIIIIIIIIIIII
IIIIIIIIIIIIIA2IIIIIIIIIIIIIIIIIIIIIIIIIIIIIIIIIIIIIIIIIIIIIIIII
IIIIIIIIIIIIIA2IIIIIIIIIIIIIIIIIIIIIIIIIIIIIIIIA2IIIIIIIIIIIIIII
IIIIIIIIIIIIIA2IIA2IIIIIIIIIIIIIIIIIIIIIIIIIIIIA2IIIIIIIIIIIIIII
IIIIIIIIA2IIIA2IIA2IIIIIIIIIIIIIIIIIIIIIIIIIIIIA2IIIIIIIIIIIIIII
IIIIA2IIA2IIIA2IIA2IIIIIIIIIIIIIIIIIIIIIIIIIIIIA2IIIIIIIIIIIIIII
IIIIA2IIAA2IIA2IIA2IIIIIIIIIIIIIIIIIIIIIIIIIIIIA2IIIIIIIIIIIIIII
IIIIA2IIAAA2IA2IIA2IIIIIIIIIIIIIIIIIIIIIIIIIIIIA2IIIIIIIIIIIIIII
IIIIA2IIAAAA2A2IIA2IIIIIIIIIIIIIIIIIIIIIIIIIIIIA2IIIIIIIIIIIIIII
IIIAA2IIAAAA2A2IIA2IIIIIIIIIIIIIIIIIIIIIIIIIIIIA2IIIIIIIIIIIIIII
IIIIIIIIIIIIA2IIIIIIIIIIIIIIIIIIIIIIIIIIIIIIIIIIIIIIIIIIIIIIIIII
IIIIIIIIIIIIAA2IIIIIIIIIIIIIIIIIIIIIIIIIIIIIIIIIIIIIIIIIIIIIIIII
IIIIIIIIIIIIAA2IIIIIIIIIIIIIIIIIIIIIIIIIIIIIIIIA2IIIIIIIIIIIIIII
IIIIIIIIIIIIAA2IIA2IIIIIIIIIIIIIIIIIIIIIIIIIIIIA2IIIIIIIIIIIIIII
IIIIIIIIA2IIAA2IIA2IIIIIIIIIIIIIIIIIIIIIIIIIIIIA2IIIIIIIIIIIIIII
IIIIA2IIA2IIAA2IIA2IIIIIIIIIIIIIIIIIIIIIIIIIIIIA2IIIIIIIIIIIIIII
IIIIA2IIAA2IAA2IIA2IIIIIIIIIIIIIIIIIIIIIIIIIIIIA2IIIIIIIIIIIIIII
IIIIA2IIAAA2AA2IIA2IIIIIIIIIIIIIIIIIIIIIIIIIIIIA2IIIIIIIIIIIIIII
IIIIA2IIAAAAAA2IIA2IIIIIIIIIIIIIIIIIIIIIIIIIIIIA2IIIIIIIIIIIIIII
IIIAA2IIAAAAAA2IIA2IIIIIIIIIIIIIIIIIIIIIIIIIIIIA2IIIIIIIIIIIIIII
IIIIIIIIIIIIA2IIIIIIIIIIIIIIIIIIIIIIIIIIIIIIIIIIIIIIIIIIIIIIIIII
IIIIIIIIA1IIIIIIIIIIIIIIIIIIIIIIIIIIIIIIIIIIIIIIIIIIIIIIIIIIIIII
IIIIA1IIA1IIIIIIIIIIIIIIIIIIIIIIIIIIIIIIIIIIIIIIIIIIIIIIIIIIIIII
IIIIA1IIAA1IIIIIIIIIIIIIIIIIIIIIIIIIIIIIIIIIIIIIIIIIIIIIIIIIIIII
IIIIA1IIAAA1IIIIIIIIIIIIIIIIIIIIIIIIIIIIIIIIIIIIIIIIIIIIIIIIIIII
IIIIA1IIAAAA1IIIIIIIIIIIIIIIIIIIIIIIIIIIIIIIIIIIIIIIIIIIIIIIIIII
IIIAA1IIAAAA1IIIIIIIIIIIIIIIIIIIIIIIIIIIIIIIIIIIIIIIIIIIIIIIIIII
IIIIIIIIIIIIAIIIIIIIIIIIIIIIIIIIIIIIIIIIIIIIIIIIIIIIIIIIIIIIIIII
IIIIIIIIAIIIAIIIIIIIIIIIIIIIIIIIIIIIIIIIIIIIIIIIIIIIIIIIIIIIIIII
IIIIAIIIAIIIAIIIIIIIIIIIIIIIIIIIIIIIIIIIIIIIIIIIIIIIIIIIIIIIIIII
IIIIAIIIAAIIAIIIIIIIIIIIIIIIIIIIIIIIIIIIIIIIIIIIIIIIIIIIIIIIIIII
IIIIAIIIAAAIAIIIIIIIIIIIIIIIIIIIIIIIIIIIIIIIIIIIIIIIIIIIIIIIIIII
IIIIAIIIAAAAAIIIIIIIIIIIIIIIIIIIIIIIIIIIIIIIIIIIIIIIIIIIIIIIIIII
IIIAAIIIAAAAAIIIIIIIIIIIIIIIIIIIIIIIIIIIIIIIIIIIIIIIIIIIIIIIIIII
IIIAAIIIAAAAAIIIIIIIIIIIIIIIIIIIIIIIIIIIIIIIIIIA1IIIIIIIIIIIIIII
IIIAAIIIAAAAAIIIIA1IIIIIIIIIIIIIIIIIIIIIIIIIIIIA1IIIIIIIIIIIIIII
IIIAA1IIAAAAAIIIIA1IIIIIIIIIIIIIIIIIIIIIIIIIIIIA1IIIIIIIIIIIIIII
IIIIIIIIIIIIAIIIIIIIIIIIIIIIIIIIIIIIIIIIIIIIIIIIIIIIIIIIIIIIIIII
IIIIIIIIA2IIIIIIIIIIIIIIIIIIIIIIIIIIIIIIIIIIIIIIIIIIIIIIIIIIIIII
IIIIA2IIA2IIIIIIIIIIIIIIIIIIIIIIIIIIIIIIIIIIIIIIIIIIIIIIIIIIIIII
IIIIA2IIAA2IIIIIIIIIIIIIIIIIIIIIIIIIIIIIIIIIIIIIIIIIIIIIIIIIIIII
IIIIA2IIAAA2IIIIIIIIIIIIIIIIIIIIIIIIIIIIIIIIIIIIIIIIIIIIIIIIIIII
IIIIA2IIAAAA2IIIIIIIIIIIIIIIIIIIIIIIIIIIIIIIIIIIIIIIIIIIIIIIIIII
IIIAA2IIAAAA2IIIIIIIIIIIIIIIIIIIIIIIIIIIIIIIIIIIIIIIIIIIIIIIIIII
IIIAA2IIAAAA2IIIIIIIIIIIIIIIIIIIIIIIIIIIIIIIIIIA1IIIIIIIIIIIIIII
IIIAA2IIAAAA2IIIIA1IIIIIIIIIIIIIIIIIIIIIIIIIIIIA1IIIIIIIIIIIIIII
IIIIIIIIIIIIIIIIIIIIIIIIIIIIIIIIIIIIIIIIIIIIIIIA1IIIIIIIIIIIIIII
IIIIIIIIIIIIIIIIIA1IIIIIIIIIIIIIIIIIIIIIIIIIIIIA1IIIIIIIIIIIIIII
IIIIIIIIA1IIIIIIIA1IIIIIIIIIIIIIIIIIIIIIIIIIIIIA1IIIIIIIIIIIIIII
IIIIA1IIA1IIIIIIIA1IIIIIIIIIIIIIIIIIIIIIIIIIIIIA1IIIIIIIIIIIIIII
IIIIA1IIAA1IIIIIIA1IIIIIIIIIIIIIIIIIIIIIIIIIIIIA1IIIIIIIIIIIIIII
IIIIA1IIAAA1IIIIIA1IIIIIIIIIIIIIIIIIIIIIIIIIIIIA1IIIIIIIIIIIIIII
IIIIA1IIAAAA1IIIIA1IIIIIIIIIIIIIIIIIIIIIIIIIIIIA1IIIIIIIIIIIIIII
IIIAA1IIAAAA1IIIIA1IIIIIIIIIIIIIIIIIIIIIIIIIIIIA1IIIIIIIIIIIIIII
IIIAA1IIAAAAA1IIIA1IIIIIIIIIIIIIIIIIIIIIIIIIIIIA1IIIIIIIIIIIIIII
IIIAA1IIAAAAA1IIIA1IIIIIIIIIIIIIIIIIIIIIIIIIII2A1IIIIIIIIIIIIIII
IIIAA1IIAAAAA1II2A1IIIIIIIIIIIIIIIIIIIIIIIIIII2A1IIIIIIIIIIIIIII
IIIAA1I2AAAAA1II2A1IIIIIIIIIIIIIIIIIIIIIIIIIII2A1IIIIIIIIIIIIIII
IIIIIIIIIIIIAIIIIIIIIII2IIIIIIIIIIIIIIIIIIIIIIIIIIIIIIIIIIIIIIII
IIIIIIIIIAIIIIIIIIIIIIIIIIIIIIIIIIIIIIIIIIIIIIIIIIIIIIIIIIIIIIII
IIIIAIIIIAIIIIIIIIIIIIIIIIIIIIIIIIIIIIIIIIIIIIIIIIIIIIIIIIIIIIII
IIIAA2IIIAIIIIIIIIIIIIIIIIIIIIIIIIIIIIIIIIIIIIIIIIIIIIIIIIIIIIII
IIIAA12IIAIIIIIIIIIIIIIIIIIIIIIIIIIIIIIIIIIIIIIIIIIIIIIIIIIIIIII
IIIIIIIIIIIIIA2IIIIIIIIIIIIIIIIIIIIIIIIIIIIIIIIIIIIIIIIIIIIIIIII
IIIIIIIIIIIIIA2IIIIIIIIIIIIIIIIIIIIIIIIIIIIIIIIA2IIIIIIIIIIIIIII
IIIIIIIIIIIIIA2IIA2IIIIIIIIIIIIIIIIIIIIIIIIIIIIA2IIIIIIIIIIIIIII
IIIIIIIIA2IIIA2IIA2IIIIIIIIIIIIIIIIIIIIIIIIIIIIA2IIIIIIIIIIIIIII
IIIIA2IIA2IIIA2IIA2IIIIIIIIIIIIIIIIIIIIIIIIIIIIA2IIIIIIIIIIIIIII
IIIIA2IIAA2IIA2IIA2IIIIIIIIIIIIIIIIIIIIIIIIIIIIA2IIIIIIIIIIIIIII
IIIIA2IIAAA2IA2IIA2IIIIIIIIIIIIIIIIIIIIIIIIIIIIA2IIIIIIIIIIIIIII
IIIIA2IIAAAA2A2IIA2IIIIIIIIIIIIIIIIIIIIIIIIIIIIA2IIIIIIIIIIIIIII
IIIIA2IIAAAAAA2IIA2IIIIIIIIIIIIIIIIIIIIIIIIIIIIA2IIIIIIIIIIIIIII
IIIIIIIIIIIAIIIIIIIIIIIIIIIIIIIIIIIIIIIIIIIIIIIIIIIIIIIIIIIIIIII
IIIIIIIIIIAAIIIIIIIIIIIIIIIIIIIIIIIIIIIIIIIIIIIIIIIIIIIIIIIIIIII
IIIIIIIIIIAAA2IIIIIIIIIIIIIIIIIIIIIIIIIIIIIIIIIIIIIIIIIIIIIIIIII
IIIIIIIIIA2IIIIIIIIIIIIIIIIIIIIIIIIIIIIIIIIIIIIIIIIIIIIIIIIIIIII
IIIIIIIIIAA2IIIIIIIIIIIIIIIIIIIIIIIIIIIIIIIIIIIIIIIIIIIIIIIIIIII
IIIIIIIIIAAA2IIIIIIIIIIIIIIIIIIIIIIIIIIIIIIIIIIIIIIIIIIIIIIIIIII
IIIIIIIIIAAAA2IIIIIIIIIIIIIIIIIIIIIIIIIIIIIIIIIIIIIIIIIIIIIIIIII
IIIIIIIIIAAAA122IIIIIIIIIIIIIIIIIIIIIIIIIIIIIIIIIIIIIIIIIIIIIIII
IIIIAIIIIAAAA122IIIIIIIIIIIIIIIIIIIIIIIIIIIIIIIIIIIIIIIIIIIIIIII
IIIAAIIIIAAAA122IIIIIIIIIIIIIIIIIIIIIIIIIIIIIIIIIIIIIIIIIIIIIIII
IIIAA22IIAAAA122IIIIIIIIIIIIIIIIIIIIIIIIIIIIIIIIIIIIIIIIIIIIIIII
IIIAA22IAAAAA122IIIIIIIIIIIIIIIIIIIIIIIIIIIIIIIIIIIIIIIIIIIIIIII
IIIAA122AAAAA122IIIIIIIIIIIIIIIIIIIIIIIIIIIIIIIIIIIIIIIIIIIIIIII
IIIIIIIIA1IIIIIIIIIIIIIIIIIIIIIIIIIIIIIIIIIIIIIIIIIIIIIIIIIIIIII
IIIIA1IIA1IIIIIIIIIIIIIIIIIIIIIIIIIIIIIIIIIIIIIIIIIIIIIIIIIIIIII
IIIIA1IIAA1IIIIIIIIIIIIIIIIIIIIIIIIIIIIIIIIIIIIIIIIIIIIIIIIIIIII
IIIIA1IIAAA1IIIIIIIIIIIIIIIIIIIIIIIIIIIIIIIIIIIIIIIIIIIIIIIIIIII
IIIIA1IIAAAA1IIIIIIIIIIIIIIIIIIIIIIIIIIIIIIIIIIIIIIIIIIIIIIIIIII
IIIIA1IIAAAAA1IIIIIIIIIIIIIIIIIIIIIIIIIIIIIIIIIIIIIIIIIIIIIIIIII
IIIAA1IIAAAAA1IIIIIIIIIIIIIIIIIIIIIIIIIIIIIIIIIIIIIIIIIIIIIIIIII
IIIIIIIIIIIIA2IIIIIIIIIIIIIIIIIIIIIIIIIIIIIIIIIIIIIIIIIIIIIIIIII
IIIIIIIIA2IIIIIIIIIIIIIIIIIIIIIIIIIIIIIIIIIIIIIIIIIIIIIIIIIIIIII
IIIIA2IIA2IIIIIIIIIIIIIIIIIIIIIIIIIIIIIIIIIIIIIIIIIIIIIIIIIIIIII
IIIIA2IIAA2IIIIIIIIIIIIIIIIIIIIIIIIIIIIIIIIIIIIIIIIIIIIIIIIIIIII
IIIIA2IIAAA2IIIIIIIIIIIIIIIIIIIIIIIIIIIIIIIIIIIIIIIIIIIIIIIIIIII
IIIIA2IIAAAA2IIIIIIIIIIIIIIIIIIIIIIIIIIIIIIIIIIIIIIIIIIIIIIIIIII
IIIAA2IIAAAA2IIIIIIIIIIIIIIIIIIIIIIIIIIIIIIIIIIIIIIIIIIIIIIIIIII
IIIAA1IIAAAA2IIIIIIIIIIIIIIIIIIIIIIIIIIIIIIIIIIIIIIIIIIIIIIIIIII
IIIIIIIIIIIIIA1IIIIIIIIIIIIIIIIIIIIIIIIIIIIIIIIIIIIIIIIIIIIIIIII
IIIIIIIIIIIIIA1IIIIIIIIIIIIIIIIIIIIIIIIIIIIIIIIAIIIIIIIIIIIIIIII
IIIIIIIIIIIIIA1IIAIIIIIIIIIIIIIIIIIIIIIIIIIIIIIAIIIIIIIIIIIIIIII
IIIIIIIIAIIIIA1IIAIIIIIIIIIIIIIIIIIIIIIIIIIIIIIAIIIIIIIIIIIIIIII
IIIIAIIIAIIIIA1IIAIIIIIIIIIIIIIIIIIIIIIIIIIIIIIAIIIIIIIIIIIIIIII
IIIIAIIIAAIIIA1IIAIIIIIIIIIIIIIIIIIIIIIIIIIIIIIAIIIIIIIIIIIIIIII
IIIIAIIIAAAIIA1IIAIIIIIIIIIIIIIIIIIIIIIIIIIIIIIAIIIIIIIIIIIIIIII
IIIIAIIIAAAAIA1IIAIIIIIIIIIIIIIIIIIIIIIIIIIIIIIAIIIIIIIIIIIIIIII
IIIAAIIIAAAAIA1IIAIIIIIIIIIIIIIIIIIIIIIIIIIIIIIAIIIIIIIIIIIIIIII
IIIAAIIIAAAAAA1IIAIIIIIIIIIIIIIIIIIIIIIIIIIIIIIAIIIIIIIIIIIIIIII
IIIIIIIIIIIIIA2IIIIIIIIIIIIIIIIIIIIIIIIIIIIIIIIIIIIIIIIIIIIIIIII
IIIIIIIIIIIIIA2IIIIIIIIIIIIIIIIIIIIIIIIIIIIIIIIA2IIIIIIIIIIIIIII
IIIIIIIIIIIIIA2IIA2IIIIIIIIIIIIIIIIIIIIIIIIIIIIA2IIIIIIIIIIIIIII
IIIIIIIIA2IIIA2IIA2IIIIIIIIIIIIIIIIIIIIIIIIIIIIA2IIIIIIIIIIIIIII
IIIIA2IIA2IIIA2IIA2IIIIIIIIIIIIIIIIIIIIIIIIIIIIA2IIIIIIIIIIIIIII
IIIIA2IIAA2IIA2IIA2IIIIIIIIIIIIIIIIIIIIIIIIIIIIA2IIIIIIIIIIIIIII
IIIIA2IIAAA2IA2IIA2IIIIIIIIIIIIIIIIIIIIIIIIIIIIA2IIIIIIIIIIIIIII
IIIIA2IIAAAA2A2IIA2IIIIIIIIIIIIIIIIIIIIIIIIIIIIA2IIIIIIIIIIIIIII
IIIAA2IIAAAA2A2IIA2IIIIIIIIIIIIIIIIIIIIIIIIIIIIA2IIIIIIIIIIIIIII
IIIAA2IIAAAAAA2IIA2IIIIIIIIIIIIIIIIIIIIIIIIIIIIA2IIIIIIIIIIIIIII
IIIIIIIIIA2IIIIIIIIIIIIIIIIIIIIIIIIIIIIIIIIIIIIIIIIIIIIIIIIIIIII
IIIIA2IIIA2IIIIIIIIIIIIIIIIIIIIIIIIIIIIIIIIIIIIIIIIIIIIIIIIIIIII
IIIAA2IIIA2IIIIIIIIIIIIIIIIIIIIIIIIIIIIIIIIIIIIIIIIIIIIIIIIIIIII
IIIAA2IIAA2IIIIIIIIIIIIIIIIIIIIIIIIIIIIIIIIIIIIIIIIIIIIIIIIIIIII
IIIAA1IIAA2IIIIIIIIIIIIIIIIIIIIIIIIIIIIIIIIIIIIIIIIIIIIIIIIIIIII
IIIAA1IIAA1IIIIIIIIIIIIIIIIIIIIIIIIIIIIIIIIIIIIIIIIIIIIIIIIIIIII
IIIAA1IIAAA1IIIIIIIIIIIIIIIIIIIIIIIIIIIIIIIIIIIIIIIIIIIIIIIIIIII
IIIAA1IIAAAA1IIIIIIIIIIIIIIIIIIIIIIIIIIIIIIIIIIIIIIIIIIIIIIIIIII
IIIAA1IIAAAAAI2III2IIIIIIIIIIIIIIIIIIIIIIIIIIIIIIIIIIIIIIIIIIIII
IIIIIIIIIAIIIIIIIIIIIIIIIIIIIIIIIIIIIIIIIIIIIIIIIIIIIIIIIIIIIIII
IIIIAIIIIAIIIIIIIIIIIIIIIIIIIIIIIIIIIIIIIIIIIIIIIIIIIIIIIIIIIIII
IIIAAIIIIAIIIIIIIIIIIIIIIIIIIIIIIIIIIIIIIIIIIIIIIIIIIIIIIIIIIIII
IIIAAIIIAAIIIIIIIIIIIIIIIIIIIIIIIIIIIIIIIIIIIIIIIIIIIIIIIIIIIIII
IIIAA2IIAAIIIIIIIIIIIIIIIIIIIIIIIIIIIIIIIIIIIIIIIIIIIIIIIIIIIIII
IIIAA2IIAA2IIIIIIIIIIIIIIIIIIIIIIIIIIIIIIIIIIIIIIIIIIIIIIIIIIIII
IIIAA2IIAAA2IIIIIIIIIIIIIIIIIIIIIIIIIIIIIIIIIIIIIIIIIIIIIIIIIIII
IIIAA2IIAAAA2IIIIIIIIIIIIIIIIIIIIIIIIIIIIIIIIIIIIIIIIIIIIIIIIIII
IIIAA2IIAAAAA2IIIIIIIIIIIIIIIIIIIIIIIIIIIIIIIIIIIIIIIIIIIIIIIIII
IIIIIIIIIIIIIA1IIIIIIIIIIIIIIIIIIIIIIIIIIIIIIIIIIIIIIIIIIIIIIIII
IIIIIIIIIIIIIA1IIIIIIIIIIIIIIIIIIIIIIIIIIIIIIIIA1IIIIIIIIIIIIIII
IIIIIIIIIIIIIA1IIA1IIIIIIIIIIIIIIIIIIIIIIIIIIIIA1IIIIIIIIIIIIIII
IIIIIIIIA1IIIA1IIA1IIIIIIIIIIIIIIIIIIIIIIIIIIIIA1IIIIIIIIIIIIIII
IIIIA1IIA1IIIA1IIA1IIIIIIIIIIIIIIIIIIIIIIIIIIIIA1IIIIIIIIIIIIIII
IIIIA1IIAA1IIA1IIA1IIIIIIIIIIIIIIIIIIIIIIIIIIIIA1IIIIIIIIIIIIIII
IIIIA1IIAAA1IA1IIA1IIIIIIIIIIIIIIIIIIIIIIIIIIIIA1IIIIIIIIIIIIIII
IIIIA1IIAAAA1A1IIA1IIIIIIIIIIIIIIIIIIIIIIIIIIIIA1IIIIIIIIIIIIIII
IIIAA1IIAAAA1A1IIA1IIIIIIIIIIIIIIIIIIIIIIIIIIIIA1IIIIIIIIIIIIIII
IIIAA1IIAAAAAA1IIA1IIIIIIIIIIIIIIIIIIIIIIIIIIIIA1IIIIIIIIIIIIIII
IIIIIIIIIIIIA2IIIIIIIIIIIIIIIIIIIIIIIIIIIIIIIIIIIIIIIIIIIIIIIIII
IIIIIIIIIIIIAA2IIIIIIIIIIIIIIIIIIIIIIIIIIIIIIIIIIIIIIIIIIIIIIIII
IIIIIIIIIIIIAA2IIIIIIIIIIIIIIIIIIIIIIIIIIIIIIIIA2IIIIIIIIIIIIIII
IIIIIIIIIIIIAA2IIA2IIIIIIIIIIIIIIIIIIIIIIIIIIIIA2IIIIIIIIIIIIIII
IIIIIIIIA2IIAA2IIA2IIIIIIIIIIIIIIIIIIIIIIIIIIIIA2IIIIIIIIIIIIIII
IIIIA2IIA2IIAA2IIA2IIIIIIIIIIIIIIIIIIIIIIIIIIIIA2IIIIIIIIIIIIIII
IIIIA2IIAA2IAA2IIA2IIIIIIIIIIIIIIIIIIIIIIIIIIIIA2IIIIIIIIIIIIIII
IIIIA2IIAAA2AA2IIA2IIIIIIIIIIIIIIIIIIIIIIIIIIIIA2IIIIIIIIIIIIIII
IIIIA2IIAAAAAA2IIA2IIIIIIIIIIIIIIIIIIIIIIIIIIIIA2IIIIIIIIIIIIIII
IIIAA2IIAAAAAA2IIA2IIIIIIIIIIIIIIIIIIIIIIIIIIIIA2IIIIIIIIIIIIIII
IIIIIIIIIIIIA2IIIIIIIIIIIIIIIIIIIIIIIIIIIIIIIIIIIIIIIIIIIIIIIIII
IIIIIIIIA1IIIIIIIIIIIIIIIIIIIIIIIIIIIIIIIIIIIIIIIIIIIIIIIIIIIIII
IIIIA1IIA1IIIIIIIIIIIIIIIIIIIIIIIIIIIIIIIIIIIIIIIIIIIIIIIIIIIIII
IIIIA1IIAA1IIIIIIIIIIIIIIIIIIIIIIIIIIIIIIIIIIIIIIIIIIIIIIIIIIIII
IIIIA1IIAAA1IIIIIIIIIIIIIIIIIIIIIIIIIIIIIIIIIIIIIIIIIIIIIIIIIIII
IIIIA1IIAAAA1IIIIIIIIIIIIIIIIIIIIIIIIIIIIIIIIIIIIIIIIIIIIIIIIIII
IIIAA1IIAAAA1IIIIIIIIIIIIIIIIIIIIIIIIIIIIIIIIIIIIIIIIIIIIIIIIIII
IIIIIIIIIAIIIIIIIIIIIIIIIIIIIIIIIIIIIIIIIIIIIIIIIIIIIIIIIIIIIIII
IIIIAIIIIAIIIIIIIIIIIIIIIIIIIIIIIIIIIIIIIIIIIIIIIIIIIIIIIIIIIIII
IIIAAIIIIAIIIIIIIIIIIIIIIIIIIIIIIIIIIIIIIIIIIIIIIIIIIIIIIIIIIIII
IIIAAIIIAAIIIIIIIIIIIIIIIIIIIIIIIIIIIIIIIIIIIIIIIIIIIIIIIIIIIIII
IIIAAIIIAAAIIIIIIIIIIIIIIIIIIIIIIIIIIIIIIIIIIIIIIIIIIIIIIIIIIIII
IIIAAIIIAAAAIIIIIIIIIIIIIIIIIIIIIIIIIIIIIIIIIIIIIIIIIIIIIIIIIIII
IIIAAIIIAAAAA1IIIIIIIIIIIIIIIIIIIIIIIIIIIIIIIIIIIIIIIIIIIIIIIIII
IIIIIIIIIIIIA1IIIIIIIIIIIIIIIIIIIIIIIIIIIIIIIIIIIIIIIIIIIIIIIIII
IIIIIIIIIIIIAA1IIIIIIIIIIIIIIIIIIIIIIIIIIIIIIIIIIIIIIIIIIIIIIIII
IIIIIIIIIIIIAA1IIIIIIIIIIIIIIIIIIIIIIIIIIIIIIIIA1IIIIIIIIIIIIIII
IIIIIIIIIIIIAA1IIA1IIIIIIIIIIIIIIIIIIIIIIIIIIIIA1IIIIIIIIIIIIIII
IIIIIIIIA1IIAA1IIA1IIIIIIIIIIIIIIIIIIIIIIIIIIIIA1IIIIIIIIIIIIIII
IIIIA1IIA1IIAA1IIA1IIIIIIIIIIIIIIIIIIIIIIIIIIIIA1IIIIIIIIIIIIIII
IIIIA1IIAA1IAA1IIA1IIIIIIIIIIIIIIIIIIIIIIIIIIIIA1IIIIIIIIIIIIIII
IIIIA1IIAAA1AA1IIA1IIIIIIIIIIIIIIIIIIIIIIIIIIIIA1IIIIIIIIIIIIIII
IIIIA1IIAAAAAA1IIA1IIIIIIIIIIIIIIIIIIIIIIIIIIIIA1IIIIIIIIIIIIIII
IIIAA1IIAAAAAA1IIA1IIIIIIIIIIIIIIIIIIIIIIIIIIIIA1IIIIIIIIIIIIIII
II2AA1IIAAAAAA1IIA1IIIIIIIIIIIIIIIIIIIIIIIIIIIIA1IIIIIIIIIIIIIII
IIIIIIIIIIIIA1IIIIIIIIIIIIIIIIIIIIIIIIIIIIIIIIIIIIIIIIIIIIIIIIII
IIIIIIIIIIIIIIIIIIIIIIIIIIIIIIIIIIIIIIIIIIIIIIIA1IIIIIIIIIIIIIII
IIIIIIIIIIIIIIIIIA1IIIIIIIIIIIIIIIIIIIIIIIIIIIIA1IIIIIIIIIIIIIII
IIIIIIIIIIIIA1IIIA1IIIIIIIIIIIIIIIIIIIIIIIIIIIIA1IIIIIIIIIIIIIII
IIIIIIIIIIIIIIIIIIIIIIIIIIIIIIIIIIIIIIIIIIIIIIIAIIIIIIIIIIIIIIII
IIIIIIIIIIIIIIIIIAIIIIIIIIIIIIIIIIIIIIIIIIIIIIIAIIIIIIIIIIIIIIII
IIIIIIIIAIIIIIIIIAIIIIIIIIIIIIIIIIIIIIIIIIIIIIIAIIIIIIIIIIIIIIII
IIIIAIIIAIIIIIIIIAIIIIIIIIIIIIIIIIIIIIIIIIIIIIIAIIIIIIIIIIIIIIII
IIIIAIIIAAIIIIIIIAIIIIIIIIIIIIIIIIIIIIIIIIIIIIIAIIIIIIIIIIIIIIII
IIIIAIIIAAAIIIIIIAIIIIIIIIIIIIIIIIIIIIIIIIIIIIIAIIIIIIIIIIIIIIII
IIIIAIIIAAAAIIIIIAIIIIIIIIIIIIIIIIIIIIIIIIIIIIIAIIIIIIIIIIIIIIII
IIIAAIIIAAAAIIIIIAIIIIIIIIIIIIIIIIIIIIIIIIIIIIIAIIIIIIIIIIIIIIII
IIIIIIIIIIIIA1IIIIIIIIIIIIIIIIIIIIIIIIIIIIIIIIIIIIIIIIIIIIIIIIII
IIIIIIIIA1IIIIIIIIIIIIIIIIIIIIIIIIIIIIIIIIIIIIIIIIIIIIIIIIIIIIII
IIIIA1IIA1IIIIIIIIIIIIIIIIIIIIIIIIIIIIIIIIIIIIIIIIIIIIIIIIIIIIII
IIIIA1IIAA1IIIIIIIIIIIIIIIIIIIIIIIIIIIIIIIIIIIIIIIIIIIIIIIIIIIII
IIIIA1IIAAA1IIIIIIIIIIIIIIIIIIIIIIIIIIIIIIIIIIIIIIIIIIIIIIIIIIII
IIIIA1IIAAAA1IIIIIIIIIIIIIIIIIIIIIIIIIIIIIIIIIIIIIIIIIIIIIIIIIII
IIIIIIIIIIIIIIIIIIIIIIIIIIIIIIIIIIIIIIIIIIIIIIIAIIIIIIIIIIIIIIII
IIIIIIIIIIIIIIIIIAIIIIIIIIIIIIIIIIIIIIIIIIIIIIIAIIIIIIIIIIIIIIII
IIIIIIIIIIIIAIIIIAIIIIIIIIIIIIIIIIIIIIIIIIIIIIIAIIIIIIIIIIIIIIII
IIIIIIIIAIIIAIIIIAIIIIIIIIIIIIIIIIIIIIIIIIIIIIIAIIIIIIIIIIIIIIII
IIIIAIIIAIIIAIIIIAIIIIIIIIIIIIIIIIIIIIIIIIIIIIIAIIIIIIIIIIIIIIII
IIIIAIIIAAIIAIIIIAIIIIIIIIIIIIIIIIIIIIIIIIIIIIIAIIIIIIIIIIIIIIII
IIIIAIIIAAAIAIIIIAIIIIIIIIIIIIIIIIIIIIIIIIIIIIIAIIIIIIIIIIIIIIII
IIIIAIIIAAAAAIIIIAIIIIIIIIIIIIIIIIIIIIIIIIIIIIIAIIIIIIIIIIIIIIII
IIIAAIIIAAAAAIIIIAIIIIIIIIIIIIIIIIIIIIIIIIIIIIIAIIIIIIIIIIIIIIII
IIIIIIIIIIIIA1IIIIIIIIIIIIIIIIIIIIIIIIIIIIIIIIIIIIIIIIIIIIIIIIII
IIIIIIIIIIIIAIIIIIIIIIIIIIIIIIIIIIIIIIIIIIIIIIIIIIIIIIIIIIIIIIII
IIIIIIIIAIIIAIIIIIIIIIIIIIIIIIIIIIIIIIIIIIIIIIIIIIIIIIIIIIIIIIII
IIIIAIIIAIIIAIIIIIIIIIIIIIIIIIIIIIIIIIIIIIIIIIIIIIIIIIIIIIIIIIII
IIIIAIIIAAIIAIIIIIIIIIIIIIIIIIIIIIIIIIIIIIIIIIIIIIIIIIIIIIIIIIII
IIIIAIIIAAAIAIIIIIIIIIIIIIIIIIIIIIIIIIIIIIIIIIIIIIIIIIIIIIIIIIII
IIIIAIIIAAAAAIIIIIIIIIIIIIIIIIIIIIIIIIIIIIIIIIIIIIIIIIIIIIIIIIII
IIIIIIIIIIIIAIIIIIIIIIIIIIIIIIIIIIIIIIIIIIIIIIIIIIIIIIIIIIIIIIII
IIIIIIIIIIIIAI1IIIIIIIIIIIIIIIIIIIIIIIIIIIIIIIIIIIIIIIIIIIIIIIII
IIIIIIIIIIAIAI11II111II2I2IIIIIIIIIIIIIIIIIIIIIIIIIIIIIIIIIIIIII
IIIIIIIIIIAAA1111I1111I2I2IIIIIIIIIIIIIIIIIIIIIIIIIIIIIIIIIIIIII
IIIIIIIIIIIIA1IIIIIIIIIIIIIIIIIIIIIIIIIIIIIIIIIIIIIIIIIIIIIIIIII
IIIIIIIIIIIIAIII1III2IIIIIIIIIIIIIIIIIIIIIIIIIIIIIIIIIIIIIIIIIII
IIIIIIIIII2IA122I2IIIIIIIIIIIIIIIIIIIIIIIIIIIIIIIIIIIIIIIIIIIIII
IIIIIIIIIIIIA12II2IIIIIIIIIIIIIIIIIIIIIIIIIIIIIIIIIIIIIIIIIIIIII
IIIIIIIIIIIIAI2IIIIIIIIIIIIIIIIIIIIIIIIIIIIIIIIIIIIIIIIIIIIIIIII
IIIIIIIIIIIIA1111IIIIIIIIIIIIIIIIIIIIIIIIIIIIIIIIIIIIIIIIIIIIIII
IIIIIIIIIAIIIIIIIIIIIIIIIIIIIIIIIIIIIIIIIIIIIIIIIIIIIIIIIIIIIIII
IIIIAIIIIAIIIIIIIIIIIIIIIIIIIIIIIIIIIIIIIIIIIIIIIIIIIIIIIIIIIIII
IIIAAIIIIAIIIIIIIIIIIIIIIIIIIIIIIIIIIIIIIIIIIIIIIIIIIIIIIIIIIIII
IIIIIIIIIIIIA1IIIIIIIIIIIIIIIIIIIIIIIIIIIIIIIIIIIIIIIIIIIIIIIIII
IIIIIIIIAIIIIIIIIIIIIIIIIIIIIIIIIIIIIIIIIIIIIIIIIIIIIIIIIIIIIIII
IIIIAIIIAIIIIIIIIIIIIIIIIIIIIIIIIIIIIIIIIIIIIIIIIIIIIIIIIIIIIIII
IIIIAIIIAAIIIIIIIIIIIIIIIIIIIIIIIIIIIIIIIIIIIIIIIIIIIIIIIIIIIIII
IIIIAIIIAAAIIIIIIIIIIIIIIIIIIIIIIIIIIIIIIIIIIIIIIIIIIIIIIIIIIIII
IIIIAIIIAAAAIIIIIIIIIIIIIIIIIIIIIIIIIIIIIIIIIIIIIIIIIIIIIIIIIIII
IIIAAIIIAAAAIIIIIIIIIIIIIIIIIIIIIIIIIIIIIIIIIIIIIIIIIIIIIIIIIIII
IIIAAIIIAAAAAIIIIIIIIIIIIIIIIIIIIIIIIIIIIIIIIIIIIIIIIIIIIIIIIIII
IIIIIIIIIIIIA2IIIIIIIIIIIIIIIIIIIIIIIIIIIIIIIIIIIIIIIIIIIIIIIIII
IIIIIIIIIIIIAA2IIIIIIIIIIIIIIIIIIIIIIIIIIIIIIIIIIIIIIIIIIIIIIIII
IIIIIIIIIIIIAA2IIIIIIIIIIIIIIIIIIIIIIIIIIIIIIIIA2IIIIIIIIIIIIIII
IIIIIIIIIIIIAA2IIA2IIIIIIIIIIIIIIIIIIIIIIIIIIIIA2IIIIIIIIIIIIIII
IIIIIIIIA2IIAA2IIA2IIIIIIIIIIIIIIIIIIIIIIIIIIIIA2IIIIIIIIIIIIIII
IIIIA2IIA2IIAA2IIA2IIIIIIIIIIIIIIIIIIIIIIIIIIIIA2IIIIIIIIIIIIIII
IIIIA2IIAA2IAA2IIA2IIIIIIIIIIIIIIIIIIIIIIIIIIIIA2IIIIIIIIIIIIIII
IIIIA2IIAAA2AA2IIA2IIIIIIIIIIIIIIIIIIIIIIIIIIIIA2IIIIIIIIIIIIIII
IIIIA2IIAAAAAA2IIA2IIIIIIIIIIIIIIIIIIIIIIIIIIIIA2IIIIIIIIIIIIIII
IIIAA2IIAAAAAA2IIA2IIIIIIIIIIIIIIIIIIIIIIIIIIIIA2IIIIIIIIIIIIIII
IIIIIIIIIIIIA2IIIIIIIIIIIIIIIIIIIIIIIIIIIIIIIIIIIIIIIIIIIIIIIIII
IIIIIIIIIIIIIA2IIIIIIIIIIIIIIIIIIIIIIIIIIIIIIIIIIIIIIIIIIIIIIIII
IIIIIIIIIIIIIA2IIIIIIIIIIIIIIIIIIIIIIIIIIIIIIIIA2IIIIIIIIIIIIIII
IIIIIIIIIIIIIA2IIA2IIIIIIIIIIIIIIIIIIIIIIIIIIIIA2IIIIIIIIIIIIIII
IIIIIIIIA2IIIA2IIA2IIIIIIIIIIIIIIIIIIIIIIIIIIIIA2IIIIIIIIIIIIIII
IIIIA2IIA2IIIA2IIA2IIIIIIIIIIIIIIIIIIIIIIIIIIIIA2IIIIIIIIIIIIIII
IIIIA2IIAA2IIA2IIA2IIIIIIIIIIIIIIIIIIIIIIIIIIIIA2IIIIIIIIIIIIIII
IIIIA2IIAAA2IA2IIA2IIIIIIIIIIIIIIIIIIIIIIIIIIIIA2IIIIIIIIIIIIIII
IIIIA2IIAAAA2A2IIA2IIIIIIIIIIIIIIIIIIIIIIIIIIIIA2IIIIIIIIIIIIIII
IIIAA2IIAAAA2A2IIA2IIIIIIIIIIIIIIIIIIIIIIIIIIIIA2IIIIIIIIIIIIIII
IIIAA1IIAAAA2A2IIA2IIIIIIIIIIIIIIIIIIIIIIIIIIIIA2IIIIIIIIIIIIIII
IIIAA1IIAAAA1A2IIA2IIIIIIIIIIIIIIIIIIIIIIIIIIIIA2IIIIIIIIIIIIIII
IIIIIIIIIIIIIIIIIIIIIIIIIIIIIIIIIIIIIIIIIIIIIIIA1IIIIIIIIIIIIIII
IIIIIIIIIIIIA1IIIIIIIIIIIIIIIIIIIIIIIIIIIIIIIIIA1IIIIIIIIIIIIIII
IIIIIIIIIIIIA1IIIA1IIIIIIIIIIIIIIIIIIIIIIIIIIIIA1IIIIIIIIIIIIIII
IIIIIIIIA1IIA1IIIA1IIIIIIIIIIIIIIIIIIIIIIIIIIIIA1IIIIIIIIIIIIIII
IIIIA1IIA1IIA1IIIA1IIIIIIIIIIIIIIIIIIIIIIIIIIIIA1IIIIIIIIIIIIIII
IIIIA1IIAA1IA1IIIA1IIIIIIIIIIIIIIIIIIIIIIIIIIIIA1IIIIIIIIIIIIIII
IIIIA1IIAAA1A1IIIA1IIIIIIIIIIIIIIIIIIIIIIIIIIIIA1IIIIIIIIIIIIIII
IIIIA1IIAAAAA1IIIA1IIIIIIIIIIIIIIIIIIIIIIIIIIIIA1IIIIIIIIIIIIIII
IIIAA1IIAAAAA1IIIA1IIIIIIIIIIIIIIIIIIIIIIIIIIIIA1IIIIIIIIIIIIIII
IIIAA1IIAAAAA1II2A1IIIIIIIIIIIIIIIIIIIIIIIIIIIIA1IIIIIIIIIIIIIII
IIIAA1IIAAAAA1II2A1IIIIIIIIIIIIIIIIIIIIIIIIIII2A1IIIIIIIIIIIIIII
IIIIIIIIIIIIA1IIIIIIIIIIIIIIIIIIIIIIIIIIIIIIIIIIIIIIIIIIIIIIIIII
IIIIIIIIIIIIAIIIIIIIIIIIIIIIIIIIIIIIIIIIIIIIIIIIIIIIIIIIIIIIIIII
IIIIIIIIA1IIAIIIIIIIIIIIIIIIIIIIIIIIIIIIIIIIIIIIIIIIIIIIIIIIIIII
IIIIA1IIA1IIAIIIIIIIIIIIIIIIIIIIIIIIIIIIIIIIIIIIIIIIIIIIIIIIIIII
IIIIA1IIAA1IAIIIIIIIIIIIIIIIIIIIIIIIIIIIIIIIIIIIIIIIIIIIIIIIIIII
IIIIA1IIAAA1AIIIIIIIIIIIIIIIIIIIIIIIIIIIIIIIIIIIIIIIIIIIIIIIIIII
IIIIA1IIAAAAAIIIIIIIIIIIIIIIIIIIIIIIIIIIIIIIIIIIIIIIIIIIIIIIIIII
IIIAA1IIAAAAAIIIIIIIIIIIIIIIIIIIIIIIIIIIIIIIIIIIIIIIIIIIIIIIIIII
IIIIIIIIIIIIA1IIIIIIIIIIIIIIIIIIIIIIIIIIIIIIIIIIIIIIIIIIIIIIIIII
IIIIIIIIAIIIIIIIIIIIIIIIIIIIIIIIIIIIIIIIIIIIIIIIIIIIIIIIIIIIIIII
IIIIAIIIAIIIIIIIIIIIIIIIIIIIIIIIIIIIIIIIIIIIIIIIIIIIIIIIIIIIIIII
IIIIAIIIAAIIIIIIIIIIIIIIIIIIIIIIIIIIIIIIIIIIIIIIIIIIIIIIIIIIIIII
IIIIAIIIAAAIIIIIIIIIIIIIIIIIIIIIIIIIIIIIIIIIIIIIIIIIIIIIIIIIIIII
IIIIAIIIAAAAIIIIIIIIIIIIIIIIIIIIIIIIIIIIIIIIIIIIIIIIIIIIIIIIIIII
IIIAAIIIAAAAIIIIIIIIIIIIIIIIIIIIIIIIIIIIIIIIIIIIIIIIIIIIIIIIIIII
IIIIIIIIIIIIIIIIIIIIIIIIIIIIIIIIIIIIIIIIIIIIIIIA1IIIIIIIIIIIIIII
IIIIIIIIIIIIIIIIIA1IIIIIIIIIIIIIIIIIIIIIIIIIIIIA1IIIIIIIIIIIIIII
IIIIIIIIA1IIIIIIIA1IIIIIIIIIIIIIIIIIIIIIIIIIIIIA1IIIIIIIIIIIIIII
IIIIA1IIA1IIIIIIIA1IIIIIIIIIIIIIIIIIIIIIIIIIIIIA1IIIIIIIIIIIIIII
IIIIA1IIAA1IIIIIIA1IIIIIIIIIIIIIIIIIIIIIIIIIIIIA1IIIIIIIIIIIIIII
IIIIA1IIAAA1IIIIIA1IIIIIIIIIIIIIIIIIIIIIIIIIIIIA1IIIIIIIIIIIIIII
IIIIA1IIAAAA1IIIIA1IIIIIIIIIIIIIIIIIIIIIIIIIIIIA1IIIIIIIIIIIIIII
IIIAA1IIAAAA1IIIIA1IIIIIIIIIIIIIIIIIIIIIIIIIIIIA1IIIIIIIIIIIIIII
IIIAA1IIAAAAA1IIIA1IIIIIIIIIIIIIIIIIIIIIIIIIIIIA1IIIIIIIIIIIIIII
IIIIIIIIIIIIIIIIIIIIIIIIIIIIIIIIIIIIIIIIIIIIIIIA1IIIIIIIIIIIIIII
IIIIIIIIIIIIIIIIIA1IIIIIIIIIIIIIIIIIIIIIIIIIIIIA1IIIIIIIIIIIIIII
IIIIIIIIA1IIIIIIIA1IIIIIIIIIIIIIIIIIIIIIIIIIIIIA1IIIIIIIIIIIIIII
IIIIA1IIA1IIIIIIIA1IIIIIIIIIIIIIIIIIIIIIIIIIIIIA1IIIIIIIIIIIIIII
IIIIA1IIAA1IIIIIIA1IIIIIIIIIIIIIIIIIIIIIIIIIIIIA1IIIIIIIIIIIIIII
IIIIA1IIAAA1IIIIIA1IIIIIIIIIIIIIIIIIIIIIIIIIIIIA1IIIIIIIIIIIIIII
IIIIA1IIAAAA1IIIIA1IIIIIIIIIIIIIIIIIIIIIIIIIIIIA1IIIIIIIIIIIIIII
III2A1IIAAAA1IIIIA1IIIIIIIIIIIIIIIIIIIIIIIIIIIIA1IIIIIIIIIIIIIII
II2AA1IIAAAA1IIIIA1IIIIIIIIIIIIIIIIIIIIIIIIIIIIA1IIIIIIIIIIIIIII
II2AA1I2AAAA1IIIIA1IIIIIIIIIIIIIIIIIIIIIIIIIIIIA1IIIIIIIIIIIIIII
IIIIIIIIIIIIA2IIIIIIIIIIIIIIIIIIIIIIIIIIIIIIIIIIIIIIIIIIIIIIIIII
IIIIIIIIIIIIIIIIIIIIIIIIIIIIIIIIIIIIIIIIIIIIIIIA1IIIIIIIIIIIIIII
IIIIIIIIIIIIIIIIIA1IIIIIIIIIIIIIIIIIIIIIIIIIIIIA1IIIIIIIIIIIIIII
IIIIIIIIA1IIIIIIIA1IIIIIIIIIIIIIIIIIIIIIIIIIIIIA1IIIIIIIIIIIIIII
IIIIA1IIA1IIIIIIIA1IIIIIIIIIIIIIIIIIIIIIIIIIIIIA1IIIIIIIIIIIIIII
IIIIA1IIAA1IIIIIIA1IIIIIIIIIIIIIIIIIIIIIIIIIIIIA1IIIIIIIIIIIIIII
IIIIA1IIAAA1IIIIIA1IIIIIIIIIIIIIIIIIIIIIIIIIIIIA1IIIIIIIIIIIIIII
IIIIA1IIAAAA1IIIIA1IIIIIIIIIIIIIIIIIIIIIIIIIIIIA1IIIIIIIIIIIIIII
IIIAA1IIAAAA1IIIIA1IIIIIIIIIIIIIIIIIIIIIIIIIIIIA1IIIIIIIIIIIIIII
IIIAA1I2AAAA1IIIIA1IIIIIIIIIIIIIIIIIIIIIIIIIIIIA1IIIIIIIIIIIIIII
II2AA1I2AAAA1IIIIA1IIIIIIIIIIIIIIIIIIIIIIIIIIIIA1IIIIIIIIIIIIIII
II2AA1I2AAAAAIIIIA1IIIIIIIIIIIIIIIIIIIIIIIIIIIIA1IIIIIIIIIIIIIII
IIIIIIIIIIIIA1IIIIIIIIIIIIIIIIIIIIIIIIIIIIIIIIIIIIIIIIIIIIIIIIII
IIIIIIIIA1IIA1IIIIIIIIIIIIIIIIIIIIIIIIIIIIIIIIIIIIIIIIIIIIIIIIII
IIIIA1IIA1IIA1IIIIIIIIIIIIIIIIIIIIIIIIIIIIIIIIIIIIIIIIIIIIIIIIII
IIIIA1IIAA1IA1IIIIIIIIIIIIIIIIIIIIIIIIIIIIIIIIIIIIIIIIIIIIIIIIII
IIIIA1IIAAA1A1IIIIIIIIIIIIIIIIIIIIIIIIIIIIIIIIIIIIIIIIIIIIIIIIII
IIIIA1IIAAAAA1IIIIIIIIIIIIIIIIIIIIIIIIIIIIIIIIIIIIIIIIIIIIIIIIII
IIIAA1IIAAAAA1IIIIIIIIIIIIIIIIIIIIIIIIIIIIIIIIIIIIIIIIIIIIIIIIII
IIIIIIIIIIIIIIIIIIIIIIIIIIIIIIIIIIIIIIIIIIIIIIIA1IIIIIIIIIIIIIII
IIIIIIIIIIIIIIIIIA1IIIIIIIIIIIIIIIIIIIIIIIIIIIIA1IIIIIIIIIIIIIII
IIIIIIIIAIIIIIIIIA1IIIIIIIIIIIIIIIIIIIIIIIIIIIIA1IIIIIIIIIIIIIII
IIIIAIIIAIIIIIIIIA1IIIIIIIIIIIIIIIIIIIIIIIIIIIIA1IIIIIIIIIIIIIII
IIIIAIIIAAIIIIIIIA1IIIIIIIIIIIIIIIIIIIIIIIIIIIIA1IIIIIIIIIIIIIII
IIIIAIIIAAAIIIIIIA1IIIIIIIIIIIIIIIIIIIIIIIIIIIIA1IIIIIIIIIIIIIII
IIIIAIIIAAAAIIIIIA1IIIIIIIIIIIIIIIIIIIIIIIIIIIIA1IIIIIIIIIIIIIII
IIIIAIIIAAAAAIIIIA1IIIIIIIIIIIIIIIIIIIIIIIIIIIIA1IIIIIIIIIIIIIII
IIIIIIIIIIIIIIIIIIIIIIIIIIIIIIIIIIIIIIIIIIIIIIIAIIIIIIIIIIIIIIII
IIIIIIIIIIIIIIIIIAIIIIIIIIIIIIIIIIIIIIIIIIIIIIIAIIIIIIIIIIIIIIII
IIIIIIIIAIIIIIIIIAIIIIIIIIIIIIIIIIIIIIIIIIIIIIIAIIIIIIIIIIIIIIII
IIIIAIIIAIIIIIIIIAIIIIIIIIIIIIIIIIIIIIIIIIIIIIIAIIIIIIIIIIIIIIII
IIIIAIIIAA1IIIIIIAIIIIIIIIIIIIIIIIIIIIIIIIIIIIIAIIIIIIIIIIIIIIII
IIIIAIIIAAA1IIIIIAIIIIIIIIIIIIIIIIIIIIIIIIIIIIIAIIIIIIIIIIIIIIII
IIIIAIIIAAAA1IIIIAIIIIIIIIIIIIIIIIIIIIIIIIIIIIIAIIIIIIIIIIIIIIII
IIIIA1IIAAAA1IIIIAIIIIIIIIIIIIIIIIIIIIIIIIIIIIIAIIIIIIIIIIIIIIII
IIIAA1IIAAAA1IIIIAIIIIIIIIIIIIIIIIIIIIIIIIIIIIIAIIIIIIIIIIIIIIII
IIIIIIIIIIIIIIIIIIIIIIIIIIIIIIIIIIIIIIIIIIIIIIIA1IIIIIIIIIIIIIII
IIIIIIIIIIIIIIIIIA1IIIIIIIIIIIIIIIIIIIIIIIIIIIIA1IIIIIIIIIIIIIII
IIIIIIIIIIIIA1IIIA1IIIIIIIIIIIIIIIIIIIIIIIIIIIIA1IIIIIIIIIIIIIII
IIIIIIIIA1IIA1IIIA1IIIIIIIIIIIIIIIIIIIIIIIIIIIIA1IIIIIIIIIIIIIII
IIIIA1IIA1IIA1IIIA1IIIIIIIIIIIIIIIIIIIIIIIIIIIIA1IIIIIIIIIIIIIII
IIIIA1IIAA1IA1IIIA1IIIIIIIIIIIIIIIIIIIIIIIIIIIIA1IIIIIIIIIIIIIII
IIIIA1IIAAA1A1IIIA1IIIIIIIIIIIIIIIIIIIIIIIIIIIIA1IIIIIIIIIIIIIII
IIIIA1IIAAAAA1IIIA1IIIIIIIIIIIIIIIIIIIIIIIIIIIIA1IIIIIIIIIIIIIII
IIIIIIIIIAIIIIIIIIIIIIIIIIIIIIIIIIIIIIIIIIIIIIIIIIIIIIIIIIIIIIII
IIIIAIIIIAIIIIIIIIIIIIIIIIIIIIIIIIIIIIIIIIIIIIIIIIIIIIIIIIIIIIII
IIIAAIIIIAIIIIIIIIIIIIIIIIIIIIIIIIIIIIIIIIIIIIIIIIIIIIIIIIIIIIII
IIIAAIIIAAIIIIIIIIIIIIIIIIIIIIIIIIIIIIIIIIIIIIIIIIIIIIIIIIIIIIII
IIIAA2IIAAIIIIIIIIIIIIIIIIIIIIIIIIIIIIIIIIIIIIIIIIIIIIIIIIIIIIII
IIIAA2IIAA2IIIIIIIIIIIIIIIIIIIIIIIIIIIIIIIIIIIIIIIIIIIIIIIIIIIII
IIIAA2IIAAA2IIIIIIIIIIIIIIIIIIIIIIIIIIIIIIIIIIIIIIIIIIIIIIIIIIII
IIIAA2IIAAAA2IIIIIIIIIIIIIIIIIIIIIIIIIIIIIIIIIIIIIIIIIIIIIIIIIII
IIIIIIIIIIIIA2IIIIIIIIIIIIIIIIIIIIIIIIIIIIIIIIIIIIIIIIIIIIIIIIII
IIIIIIIIIIIIA12IIIIIIIIIIIIIIIIIIIIIIIIIIIIIIIIIIIIIIIIIIIIIIIII
IIIIIIIIIIIIIIIIIIIIIIIIIIIIIIIIIIIIIIIIIIIIIIIA12IIIIIIIIIIIIII
IIIIIIIIIIIIIIIIIA12IIIIIIIIIIIIIIIIIIIIIIIIIIIA12IIIIIIIIIIIIII
IIIIIIIIA12IIIIIIA12IIIIIIIIIIIIIIIIIIIIIIIIIIIA12IIIIIIIIIIIIII
IIIIA12IA12IIIIIIA12IIIIIIIIIIIIIIIIIIIIIIIIIIIA12IIIIIIIIIIIIII
IIIIA12IAA12IIIIIA12IIIIIIIIIIIIIIIIIIIIIIIIIIIA12IIIIIIIIIIIIII
IIIIA12IAAA12IIIIA12IIIIIIIIIIIIIIIIIIIIIIIIIIIA12IIIIIIIIIIIIII
IIIIA12IAAAA12IIIA12IIIIIIIIIIIIIIIIIIIIIIIIIIIA12IIIIIIIIIIIIII
IIIAA12IAAAA12IIIA12IIIIIIIIIIIIIIIIIIIIIIIIIIIA12IIIIIIIIIIIIII
IIIIIIIIIIIIIIIIIIIIIIIIIIIIIIIIIIIIIIIIIIIIIIIAIIIIIIIIIIIIIIII
IIIIIIIIIIIIIIIIIAIIIIIIIIIIIIIIIIIIIIIIIIIIIIIAIIIIIIIIIIIIIIII
IIIIIIIIIIIIAIIIIAIIIIIIIIIIIIIIIIIIIIIIIIIIIIIAIIIIIIIIIIIIIIII
IIIIIIIIAIIIAIIIIAIIIIIIIIIIIIIIIIIIIIIIIIIIIIIAIIIIIIIIIIIIIIII
IIIIAIIIAIIIAIIIIAIIIIIIIIIIIIIIIIIIIIIIIIIIIIIAIIIIIIIIIIIIIIII
IIIIAIIIAAIIAIIIIAIIIIIIIIIIIIIIIIIIIIIIIIIIIIIAIIIIIIIIIIIIIIII
IIIIAIIIAAAIAIIIIAIIIIIIIIIIIIIIIIIIIIIIIIIIIIIAIIIIIIIIIIIIIIII
IIIIAIIIAAAAAIIIIAIIIIIIIIIIIIIIIIIIIIIIIIIIIIIAIIIIIIIIIIIIIIII
IIIIA1IIAAAAAIIIIAIIIIIIIIIIIIIIIIIIIIIIIIIIIIIAIIIIIIIIIIIIIIII
IIIAA1IIAAAAAIIIIAIIIIIIIIIIIIIIIIIIIIIIIIIIIIIAIIIIIIIIIIIIIIII
IIIAA1IIAAAAAIIIIAIIIIIIIIIIIIIIIIIIIIIIIIIIIIIA1IIIIIIIIIIIIIII
IIIAA1IIAAAAAIIIIA1IIIIIIIIIIIIIIIIIIIIIIIIIIIIA1IIIIIIIIIIIIIII
IIIIIIIIIIIIA2IIIIIIIIIIIIIIIIIIIIIIIIIIIIIIIIIIIIIIIIIIIIIIIIII
IIIIIIIIIIIIIA1IIIIIIIIIIIIIIIIIIIIIIIIIIIIIIIIIIIIIIIIIIIIIIIII
IIIIIIIIIIIIIA1IIIIIIIIIIIIIIIIIIIIIIIIIIIIIIIIA1IIIIIIIIIIIIIII
IIIIIIIIIIIIAA1IIIIIIIIIIIIIIIIIIIIIIIIIIIIIIIIA1IIIIIIIIIIIIIII
IIIIIIIIIIIIAA1IIA1IIIIIIIIIIIIIIIIIIIIIIIIIIIIA1IIIIIIIIIIIIIII
IIIIIIIIA1IIAA1IIA1IIIIIIIIIIIIIIIIIIIIIIIIIIIIA1IIIIIIIIIIIIIII
IIIIA1IIA1IIAA1IIA1IIIIIIIIIIIIIIIIIIIIIIIIIIIIA1IIIIIIIIIIIIIII
IIIIA1IIAA1IAA1IIA1IIIIIIIIIIIIIIIIIIIIIIIIIIIIA1IIIIIIIIIIIIIII
IIIIA1IIAAA1AA1IIA1IIIIIIIIIIIIIIIIIIIIIIIIIIIIA1IIIIIIIIIIIIIII
IIIIA1IIAAAAAA1IIA1IIIIIIIIIIIIIIIIIIIIIIIIIIIIA1IIIIIIIIIIIIIII
IIIAA1IIAAAAAA1IIA1IIIIIIIIIIIIIIIIIIIIIIIIIIIIA1IIIIIIIIIIIIIII
IIIIIIIIIIIIA1IIIIIIIIIIIIIIIIIIIIIIIIIIIIIIIIIIIIIIIIIIIIIIIIII
IIIIIIIIAIIIA1IIIIIIIIIIIIIIIIIIIIIIIIIIIIIIIIIIIIIIIIIIIIIIIIII
IIIIAIIIAIIIA1IIIIIIIIIIIIIIIIIIIIIIIIIIIIIIIIIIIIIIIIIIIIIIIIII
IIIIAIIIAAIIA1IIIIIIIIIIIIIIIIIIIIIIIIIIIIIIIIIIIIIIIIIIIIIIIIII
IIIIAIIIAAAIA1IIIIIIIIIIIIIIIIIIIIIIIIIIIIIIIIIIIIIIIIIIIIIIIIII
IIIIAIIIAAAAA1IIIIIIIIIIIIIIIIIIIIIIIIIIIIIIIIIIIIIIIIIIIIIIIIII
IIIAAIIIAAAAA1IIIIIIIIIIIIIIIIIIIIIIIIIIIIIIIIIIIIIIIIIIIIIIIIII
IIIIIIIIIIIIA12IIIIIIIIIIIIIIIIIIIIIIIIIIIIIIIIIIIIIIIIIIIIIIIII
IIIIIIIIA12IA12IIIIIIIIIIIIIIIIIIIIIIIIIIIIIIIIIIIIIIIIIIIIIIIII
IIIIA12IA12IA12IIIIIIIIIIIIIIIIIIIIIIIIIIIIIIIIIIIIIIIIIIIIIIIII
IIIIA12IAA12A12IIIIIIIIIIIIIIIIIIIIIIIIIIIIIIIIIIIIIIIIIIIIIIIII
IIIIA12IAAA1A12IIIIIIIIIIIIIIIIIIIIIIIIIIIIIIIIIIIIIIIIIIIIIIIII
IIIIA12IAAAAA12IIIIIIIIIIIIIIIIIIIIIIIIIIIIIIIIIIIIIIIIIIIIIIIII
IIIAA12IAAAAA12IIIIIIIIIIIIIIIIIIIIIIIIIIIIIIIIIIIIIIIIIIIIIIIII
IIIIIIIIIAIIIIIIIIIIIIIIIIIIIIIIIIIIIIIIIIIIIIIIIIIIIIIIIIIIIIII
IIIIAIIIIAIIIIIIIIIIIIIIIIIIIIIIIIIIIIIIIIIIIIIIIIIIIIIIIIIIIIII
IIIAAIIIIAIIIIIIIIIIIIIIIIIIIIIIIIIIIIIIIIIIIIIIIIIIIIIIIIIIIIII
IIIIIIIIA1IIIIIIIIIIIIIIIIIIIIIIIIIIIIIIIIIIIIIIIIIIIIIIIIIIIIII
IIIIA1IIA1IIIIIIIIIIIIIIIIIIIIIIIIIIIIIIIIIIIIIIIIIIIIIIIIIIIIII
IIIIA1IIAA1IIIIIIIIIIIIIIIIIIIIIIIIIIIIIIIIIIIIIIIIIIIIIIIIIIIII
IIIIA1IIAAA1IIIIIIIIIIIIIIIIIIIIIIIIIIIIIIIIIIIIIIIIIIIIIIIIIIII
IIIIA1IIAAAA1IIIIIIIIIIIIIIIIIIIIIIIIIIIIIIIIIIIIIIIIIIIIIIIIIII
IIIAA1IIAAAA1IIIIIIIIIIIIIIIIIIIIIIIIIIIIIIIIIIIIIIIIIIIIIIIIIII
IIIIIIIIIIIIAIIIIIIIIIIIIIIIIIIIIIIIIIIIIIIIIIIIIIIIIIIIIIIIIIII
IIIIIIIIA1IIIIIIIIIIIIIIIIIIIIIIIIIIIIIIIIIIIIIIIIIIIIIIIIIIIIII
IIIIA1IIA1IIIIIIIIIIIIIIIIIIIIIIIIIIIIIIIIIIIIIIIIIIIIIIIIIIIIII
IIIIA1IIAA1IIIIIIIIIIIIIIIIIIIIIIIIIIIIIIIIIIIIIIIIIIIIIIIIIIIII
IIIIA1IIAAA1IIIIIIIIIIIIIIIIIIIIIIIIIIIIIIIIIIIIIIIIIIIIIIIIIIII
IIIIA1IIAAAA1IIIIIIIIIIIIIIIIIIIIIIIIIIIIIIIIIIIIIIIIIIIIIIIIIII
IIIAA1IIAAAA1IIIIIIIIIIIIIIIIIIIIIIIIIIIIIIIIIIIIIIIIIIIIIIIIIII
IIIIIIIIIIIIA1IIIIIIIIIIIIIIIIIIIIIIIIIIIIIIIIIIIIIIIIIIIIIIIIII
IIIIIIIIAIIIIIIIIIIIIIIIIIIIIIIIIIIIIIIIIIIIIIIIIIIIIIIIIIIIIIII
IIIIAIIIAIIIIIIIIIIIIIIIIIIIIIIIIIIIIIIIIIIIIIIIIIIIIIIIIIIIIIII
IIIIAIIIAAIIIIIIIIIIIIIIIIIIIIIIIIIIIIIIIIIIIIIIIIIIIIIIIIIIIIII
IIIIAIIIAAAIIIIIIIIIIIIIIIIIIIIIIIIIIIIIIIIIIIIIIIIIIIIIIIIIIIII
IIIIAIIIAAAAIIIIIIIIIIIIIIIIIIIIIIIIIIIIIIIIIIIIIIIIIIIIIIIIIIII
IIIAAIIIAAAAIIIIIIIIIIIIIIIIIIIIIIIIIIIIIIIIIIIIIIIIIIIIIIIIIIII
IIIIIIIIIIIIA1IIIIIIIIIIIIIIIIIIIIIIIIIIIIIIIIIIIIIIIIIIIIIIIIII
IIIIIIIIIIIIIIIIIIIIIIIIIIIIIIIIIIIIIIIIIIIIIIIA1IIIIIIIIIIIIIII
IIIIIIIIIIIIIIIIIA1IIIIIIIIIIIIIIIIIIIIIIIIIIIIA1IIIIIIIIIIIIIII
IIIIIIIIA1IIIIIIIA1IIIIIIIIIIIIIIIIIIIIIIIIIIIIA1IIIIIIIIIIIIIII
IIIIA1IIA1IIIIIIIA1IIIIIIIIIIIIIIIIIIIIIIIIIIIIA1IIIIIIIIIIIIIII
IIIIA1IIAA1IIIIIIA1IIIIIIIIIIIIIIIIIIIIIIIIIIIIA1IIIIIIIIIIIIIII
IIIIA1IIAAA1IIIIIA1IIIIIIIIIIIIIIIIIIIIIIIIIIIIA1IIIIIIIIIIIIIII
IIIIA1IIAAAA1IIIIA1IIIIIIIIIIIIIIIIIIIIIIIIIIIIA1IIIIIIIIIIIIIII
IIIAA1IIAAAA1IIIIA1IIIIIIIIIIIIIIIIIIIIIIIIIIIIA1IIIIIIIIIIIIIII
IIIIIIIIIIIIAIIIIIIIIIIIIIIIIIIIIIIIIIIIIIIIIIIIIIIIIIIIIIIIIIII
IIIIIIIIAIIIIIIIIIIIIIIIIIIIIIIIIIIIIIIIIIIIIIIIIIIIIIIIIIIIIIII
IIIIAIIIAIIIIIIIIIIIIIIIIIIIIIIIIIIIIIIIIIIIIIIIIIIIIIIIIIIIIIII
IIIIAIIIAAIIIIIIIIIIIIIIIIIIIIIIIIIIIIIIIIIIIIIIIIIIIIIIIIIIIIII
IIIIAIIIAAAIIIIIIIIIIIIIIIIIIIIIIIIIIIIIIIIIIIIIIIIIIIIIIIIIIIII
IIIIAIIIAAAAIIIIIIIIIIIIIIIIIIIIIIIIIIIIIIIIIIIIIIIIIIIIIIIIIIII
IIIIAIIIAAAAIIIIIIIIIIIIIIIIIIIIIIIIIIIIIIIIIIIA1IIIIIIIIIIIIIII
IIIIAIIIAAAAIIIIIA1IIIIIIIIIIIIIIIIIIIIIIIIIIIIA1IIIIIIIIIIIIIII
IIIIA1IIAAAAIIIIIA1IIIIIIIIIIIIIIIIIIIIIIIIIIIIA1IIIIIIIIIIIIIII
IIIIA1IIAAAA1IIIIA1IIIIIIIIIIIIIIIIIIIIIIIIIIIIA1IIIIIIIIIIIIIII
IIIAA1IIAAAA1IIIIA1IIIIIIIIIIIIIIIIIIIIIIIIIIIIA1IIIIIIIIIIIIIII
II2AA1IIAAAA1IIIIA1IIIIIIIIIIIIIIIIIIIIIIIIIIIIA1IIIIIIIIIIIIIII
II2AA1IIAAAA1IIIIA1IIIIIIIIIIIIIIIIIIIIIIIIIII2A1IIIIIIIIIIIIIII
II2AA1IIAAAAAIIIIA1IIIIIIIIIIIIIIIIIIIIIIIIIII2A1IIIIIIIIIIIIIII
II2AA1IIAAAAAIII2A1IIIIIIIIIIIIIIIIIIIIIIIIIII2A1IIIIIIIIIIIIIII
II2AA1I2AAAAAIII2A1IIIIIIIIIIIIIIIIIIIIIIIIIII2A1IIIIIIIIIIIIIII
IIIIIIIIIIIIA1IIIIIIIIIIIIIIIIIIIIIIIIIIIIIIIIIIIIIIIIIIIIIIIIII
IIIIIIIIIIIIIA1IIIIIIIIIIIIIIIIIIIIIIIIIIIIIIIIIIIIIIIIIIIIIIIII
IIIIIIIIIIIIIA1IIIIIIIIIIIIIIIIIIIIIIIIIIIIIIIIAIIIIIIIIIIIIIIII
IIIIIIIIIIIIIA1IIAIIIIIIIIIIIIIIIIIIIIIIIIIIIIIAIIIIIIIIIIIIIIII
IIIIIIIIA1IIIIIIIIIIIIIIIIIIIIIIIIIIIIIIIIIIIIIIIIIIIIIIIIIIIIII
IIIIA1IIA1IIIIIIIIIIIIIIIIIIIIIIIIIIIIIIIIIIIIIIIIIIIIIIIIIIIIII
IIIIA1IIAA1IIIIIIIIIIIIIIIIIIIIIIIIIIIIIIIIIIIIIIIIIIIIIIIIIIIII
IIIIA1IIAAA1IIIIIIIIIIIIIIIIIIIIIIIIIIIIIIIIIIIIIIIIIIIIIIIIIIII
IIIIA1IIAAAA1IIIIIIIIIIIIIIIIIIIIIIIIIIIIIIIIIIIIIIIIIIIIIIIIIII
IIIAA1IIAAAA1IIIIIIIIIIIIIIIIIIIIIIIIIIIIIIIIIIIIIIIIIIIIIIIIIII
IIIAA1IIAAAAA1IIIIIIIIIIIIIIIIIIIIIIIIIIIIIIIIIIIIIIIIIIIIIIIIII
IIIIIIIIIIIIIIIIIIIIIIIIIIIIIIIIIIIIIIIIIIIIIIIA1IIIIIIIIIIIIIII
IIIIIIIIIIIIIIIIIA1IIIIIIIIIIIIIIIIIIIIIIIIIIIIA1IIIIIIIIIIIIIII
IIIIIIIIA1IIIIIIIA1IIIIIIIIIIIIIIIIIIIIIIIIIIIIA1IIIIIIIIIIIIIII
IIIIA1IIA1IIIIIIIA1IIIIIIIIIIIIIIIIIIIIIIIIIIIIA1IIIIIIIIIIIIIII
IIIIA1IIAA1IIIIIIA1IIIIIIIIIIIIIIIIIIIIIIIIIIIIA1IIIIIIIIIIIIIII
IIIIA1IIAAA1IIIIIA1IIIIIIIIIIIIIIIIIIIIIIIIIIIIA1IIIIIIIIIIIIIII
IIIIA1IIAAAA1IIIIA1IIIIIIIIIIIIIIIIIIIIIIIIIIIIA1IIIIIIIIIIIIIII
IIIAA1IIAAAA1IIIIA1IIIIIIIIIIIIIIIIIIIIIIIIIIIIA1IIIIIIIIIIIIIII
IIIIIIIIIII2AIIIIIIIIIIIIIIIIIIIIIIIIIIIIIIIIIIIIIIIIIIIIIIIIIII
IIIIIIIIA2IIIIIIIIIIIIIIIIIIIIIIIIIIIIIIIIIIIIIIIIIIIIIIIIIIIIII
IIIIA2IIA2IIIIIIIIIIIIIIIIIIIIIIIIIIIIIIIIIIIIIIIIIIIIIIIIIIIIII
IIIIA2IIAA2IIIIIIIIIIIIIIIIIIIIIIIIIIIIIIIIIIIIIIIIIIIIIIIIIIIII
IIIIA2IIAA2A2IIIIIIIIIIIIIIIIIIIIIIIIIIIIIIIIIIIIIIIIIIIIIIIIIII
IIIIA2IIAAAA2IIIIIIIIIIIIIIIIIIIIIIIIIIIIIIIIIIIIIIIIIIIIIIIIIII
IIIIA1IIAAAA2IIIIIIIIIIIIIIIIIIIIIIIIIIIIIIIIIIIIIIIIIIIIIIIIIII
IIIAA1IIAAAA2IIIIIIIIIIIIIIIIIIIIIIIIIIIIIIIIIIIIIIIIIIIIIIIIIII
IIIIIIIIIIIIA1IIIIIIIIIIIIIIIIIIIIIIIIIIIIIIIIIIIIIIIIIIIIIIIIII
IIIIIIIIIII2AIIIIIIIIIIIIIIIIIIIIIIIIIIIIIIIIIIIIIIIIIIIIIIIIIII
IIIIIII2AII2AIIIIIIIIIIIIIIIIIIIIIIIIIIIIIIIIIIIIIIIIIIIIIIIIIII
III2AII2AII2AIIIIIIIIIIIIIIIIIIIIIIIIIIIIIIIIIIIIIIIIIIIIIIIIIII
III2AII2AAI2AIIIIIIIIIIIIIIIIIIIIIIIIIIIIIIIIIIIIIIIIIIIIIIIIIII
III2AII2AAA2AIIIIIIIIIIIIIIIIIIIIIIIIIIIIIIIIIIIIIIIIIIIIIIIIIII
III2AII2AAAAAIIIIIIIIIIIIIIIIIIIIIIIIIIIIIIIIIIIIIIIIIIIIIIIIIII
III2AII2AAAAA1IIIIIIIIIIIIIIIIIIIIIIIIIIIIIIIIIIIIIIIIIIIIIIIIII
IIIIIIIIIIIIIIIIIIIIIIIIIIIIIIIIIIIIIIIIIIIIIIIA1IIIIIIIIIIIIIII
IIIIIIIIIIIIIIIIIA1IIIIIIIIIIIIIIIIIIIIIIIIIIIIA1IIIIIIIIIIIIIII
IIIIIIIIA1IIIIIIIA1IIIIIIIIIIIIIIIIIIIIIIIIIIIIA1IIIIIIIIIIIIIII
IIIIA1IIA1IIIIIIIA1IIIIIIIIIIIIIIIIIIIIIIIIIIIIA1IIIIIIIIIIIIIII
IIIIA1IIAAIIIIIIIA1IIIIIIIIIIIIIIIIIIIIIIIIIIIIA1IIIIIIIIIIIIIII
IIIIA1IIAAAIIIIIIA1IIIIIIIIIIIIIIIIIIIIIIIIIIIIA1IIIIIIIIIIIIIII
IIIIA1IIAAAAIIIIIA1IIIIIIIIIIIIIIIIIIIIIIIIIIIIA1IIIIIIIIIIIIIII
IIIAA1IIAAAAIIIIIA1IIIIIIIIIIIIIIIIIIIIIIIIIIIIA1IIIIIIIIIIIIIII
IIIAA1IIAAAAAIIIIA1IIIIIIIIIIIIIIIIIIIIIIIIIIIIA1IIIIIIIIIIIIIII
IIIIIIIIIIIIIIIIIIIIIIIIIIIIIIIIIIIIIIIIIIIIIIIAIIIIIIIIIIIIIIII
IIIIIIIIIIIIIIIIIAIIIIIIIIIIIIIIIIIIIIIIIIIIIIIAIIIIIIIIIIIIIIII
IIIIIIIIAIIIIIIIIAIIIIIIIIIIIIIIIIIIIIIIIIIIIIIAIIIIIIIIIIIIIIII
IIIIAIIIAIIIIIIIIAIIIIIIIIIIIIIIIIIIIIIIIIIIIIIAIIIIIIIIIIIIIIII
IIIIAIIIAAIIIIIIIAIIIIIIIIIIIIIIIIIIIIIIIIIIIIIAIIIIIIIIIIIIIIII
IIIIAIIIAAAIIIIIIAIIIIIIIIIIIIIIIIIIIIIIIIIIIIIAIIIIIIIIIIIIIIII
IIIIAIIIAAAAIIIIIAIIIIIIIIIIIIIIIIIIIIIIIIIIIIIAIIIIIIIIIIIIIIII
IIIAAIIIAAAAIIIIIAIIIIIIIIIIIIIIIIIIIIIIIIIIIIIAIIIIIIIIIIIIIIII
IIIAA1IIAAAAIIIIIAIIIIIIIIIIIIIIIIIIIIIIIIIIIIIAIIIIIIIIIIIIIIII
IIIAA1IIAAAA1IIIIAIIIIIIIIIIIIIIIIIIIIIIIIIIIIIAIIIIIIIIIIIIIIII
IIIIIIIIIIIIIIIIIIIIIIIIIIIIIIIIIIIIIIIIIIIIIIIA1IIIIIIIIIIIIIII
IIIIIIIIIIIIIIIIIA1IIIIIIIIIIIIIIIIIIIIIIIIIIIIA1IIIIIIIIIIIIIII
IIIIIIIIIIIIA1IIIA1IIIIIIIIIIIIIIIIIIIIIIIIIIIIA1IIIIIIIIIIIIIII
IIIIIIIIA1IIA1IIIA1IIIIIIIIIIIIIIIIIIIIIIIIIIIIA1IIIIIIIIIIIIIII
IIIIA1IIA1IIA1IIIA1IIIIIIIIIIIIIIIIIIIIIIIIIIIIA1IIIIIIIIIIIIIII
IIIIA1IIAA1IA1IIIA1IIIIIIIIIIIIIIIIIIIIIIIIIIIIA1IIIIIIIIIIIIIII
IIIIA1IIAAA1A1IIIA1IIIIIIIIIIIIIIIIIIIIIIIIIIIIA1IIIIIIIIIIIIIII
IIIIA1IIAAAAA1IIIA1IIIIIIIIIIIIIIIIIIIIIIIIIIIIA1IIIIIIIIIIIIIII
IIIAA1IIAAAAA1IIIA1IIIIIIIIIIIIIIIIIIIIIIIIIIIIA1IIIIIIIIIIIIIII
IIIIIIIIIIIIAIIIIIIIIIIIIIIIIIIIIIIIIIIIIIIIIIIIIIIIIIIIIIIIIIII
IIIIIIIIIIIIA1IIIIIIIIIIIIIIIIIIIIIIIIIIIIIIIIIIIIIIIIIIIIIIIIII
IIIIIIIIA1IIA1IIIIIIIIIIIIIIIIIIIIIIIIIIIIIIIIIIIIIIIIIIIIIIIIII
IIIIA1IIA1IIA1IIIIIIIIIIIIIIIIIIIIIIIIIIIIIIIIIIIIIIIIIIIIIIIIII
IIIIA1IIAA1IA1IIIIIIIIIIIIIIIIIIIIIIIIIIIIIIIIIIIIIIIIIIIIIIIIII
IIIIA1IIAAA1A1IIIIIIIIIIIIIIIIIIIIIIIIIIIIIIIIIIIIIIIIIIIIIIIIII
IIIIA1IIAAAAA1IIIIIIIIIIIIIIIIIIIIIIIIIIIIIIIIIIIIIIIIIIIIIIIIII
IIIAA1IIAAAAA1IIIIIIIIIIIIIIIIIIIIIIIIIIIIIIIIIIIIIIIIIIIIIIIIII
IIIIIIIIIIIIA2IIIIIIIIIIIIIIIIIIIIIIIIIIIIIIIIIIIIIIIIIIIIIIIIII
IIIIIIIIA2IIIIIIIIIIIIIIIIIIIIIIIIIIIIIIIIIIIIIIIIIIIIIIIIIIIIII
IIIIA2IIA2IIIIIIIIIIIIIIIIIIIIIIIIIIIIIIIIIIIIIIIIIIIIIIIIIIIIII
IIIIA2IIAA2IIIIIIIIIIIIIIIIIIIIIIIIIIIIIIIIIIIIIIIIIIIIIIIIIIIII
IIIIA2IIAAA2IIIIIIIIIIIIIIIIIIIIIIIIIIIIIIIIIIIIIIIIIIIIIIIIIIII
IIIIA2IIAAAA2IIIIIIIIIIIIIIIIIIIIIIIIIIIIIIIIIIIIIIIIIIIIIIIIIII
IIIIIIIIIIIIA1IIIIIIIIIIIIIIIIIIIIIIIIIIIIIIIIIIIIIIIIIIIIIIIIII
IIIIIIIIIIIIA1IIIIIIIIIIIIIIIIIIIIIIIIIIIIIIIIIAIIIIIIIIIIIIIIII
IIIIIIIIIIIIA1IIIAIIIIIIIIIIIIIIIIIIIIIIIIIIIIIAIIIIIIIIIIIIIIII
IIIIIIIIAIIIA1IIIAIIIIIIIIIIIIIIIIIIIIIIIIIIIIIAIIIIIIIIIIIIIIII
IIIIAIIIAIIIA1IIIAIIIIIIIIIIIIIIIIIIIIIIIIIIIIIAIIIIIIIIIIIIIIII
IIIIAIIIAAIIA1IIIAIIIIIIIIIIIIIIIIIIIIIIIIIIIIIAIIIIIIIIIIIIIIII
IIIIAIIIAAAIA1IIIAIIIIIIIIIIIIIIIIIIIIIIIIIIIIIAIIIIIIIIIIIIIIII
IIIIAIIIAAAAA1IIIAIIIIIIIIIIIIIIIIIIIIIIIIIIIIIAIIIIIIIIIIIIIIII
IIIAAIIIAAAAA1IIIAIIIIIIIIIIIIIIIIIIIIIIIIIIIIIAIIIIIIIIIIIIIIII
IIIIIIIIIIIIA1IIIIIIIIIIIIIIIIIIIIIIIIIIIIIIIIIIIIIIIIIIIIIIIIII
IIIIIIIIAIIIIIIIIIIIIIIIIIIIIIIIIIIIIIIIIIIIIIIIIIIIIIIIIIIIIIII
IIIIAIIIAIIIIIIIIIIIIIIIIIIIIIIIIIIIIIIIIIIIIIIIIIIIIIIIIIIIIIII
IIIIAIIIAAIIIIIIIIIIIIIIIIIIIIIIIIIIIIIIIIIIIIIIIIIIIIIIIIIIIIII
IIIIAIIIAAAIIIIIIIIIIIIIIIIIIIIIIIIIIIIIIIIIIIIIIIIIIIIIIIIIIIII
IIIIAIIIAAAAIIIIIIIIIIIIIIIIIIIIIIIIIIIIIIIIIIIIIIIIIIIIIIIIIIII
IIIAAIIIAAAAIIIIIIIIIIIIIIIIIIIIIIIIIIIIIIIIIIIIIIIIIIIIIIIIIIII
IIIIIIIIIIIIA1IIIIIIIIIIIIIIIIIIIIIIIIIIIIIIIIIIIIIIIIIIIIIIIIII
IIIIIIIIA1IIIIIIIIIIIIIIIIIIIIIIIIIIIIIIIIIIIIIIIIIIIIIIIIIIIIII
IIIIA1IIA1IIIIIIIIIIIIIIIIIIIIIIIIIIIIIIIIIIIIIIIIIIIIIIIIIIIIII
IIIIA1IIAA1IIIIIIIIIIIIIIIIIIIIIIIIIIIIIIIIIIIIIIIIIIIIIIIIIIIII
IIIIA1IIAAA1IIIIIIIIIIIIIIIIIIIIIIIIIIIIIIIIIIIIIIIIIIIIIIIIIIII
IIIIA1IIAAAA1IIIIIIIIIIIIIIIIIIIIIIIIIIIIIIIIIIIIIIIIIIIIIIIIIII
IIIIIIIIIAIIIIIIIIIIIIIIIIIIIIIIIIIIIIIIIIIIIIIIIIIIIIIIIIIIIIII
IIIIAIIIIAIIIIIIIIIIIIIIIIIIIIIIIIIIIIIIIIIIIIIIIIIIIIIIIIIIIIII
IIIAAIIIIAIIIIIIIIIIIIIIIIIIIIIIIIIIIIIIIIIIIIIIIIIIIIIIIIIIIIII
IIIIIIIIIIIIIIIIIIIIIIIIIIIIIIIIIIIIIIIIIIIIIIIA2IIIIIIIIIIIIIII
IIIIIIIIIIIIA2IIIIIIIIIIIIIIIIIIIIIIIIIIIIIIIIIA2IIIIIIIIIIIIIII
IIIIIIIIIIIIA2IIIA2IIIIIIIIIIIIIIIIIIIIIIIIIIIIA2IIIIIIIIIIIIIII
IIIIIIIIA2IIA2IIIA2IIIIIIIIIIIIIIIIIIIIIIIIIIIIA2IIIIIIIIIIIIIII
IIIIA2IIA2IIA2IIIA2IIIIIIIIIIIIIIIIIIIIIIIIIIIIA2IIIIIIIIIIIIIII
IIIIA2IIAA2IA2IIIA2IIIIIIIIIIIIIIIIIIIIIIIIIIIIA2IIIIIIIIIIIIIII
IIIIA2IIAAA2A2IIIA2IIIIIIIIIIIIIIIIIIIIIIIIIIIIA2IIIIIIIIIIIIIII
IIIIA2IIAAAAA2IIIA2IIIIIIIIIIIIIIIIIIIIIIIIIIIIA2IIIIIIIIIIIIIII
IIIAA2IIAAAAA2IIIA2IIIIIIIIIIIIIIIIIIIIIIIIIIIIA2IIIIIIIIIIIIIII
IIIAA1IIAAAAA2IIIA2IIIIIIIIIIIIIIIIIIIIIIIIIIIIA2IIIIIIIIIIIIIII
IIIIIIIIIIIIIAIIIIIIIIIIIIIIIIIIIIIIIIIIIIIIIIIIIIIIIIIIIIIIIIII
IIIIIIIIIIIIIAIIIIIIIIIIIIIIIIIIIIIIIIIIIIIIIIIAIIIIIIIIIIIIIIII
IIIIIIIIIIIIIAIIIAIIIIIIIIIIIIIIIIIIIIIIIIIIIIIAIIIIIIIIIIIIIIII
IIIIIIIIAIIIIAIIIAIIIIIIIIIIIIIIIIIIIIIIIIIIIIIAIIIIIIIIIIIIIIII
IIIIAIIIAIIIIAIIIAIIIIIIIIIIIIIIIIIIIIIIIIIIIIIAIIIIIIIIIIIIIIII
IIIIAIIIAAIIIAIIIAIIIIIIIIIIIIIIIIIIIIIIIIIIIIIAIIIIIIIIIIIIIIII
IIIIAIIIAAAIIAIIIAIIIIIIIIIIIIIIIIIIIIIIIIIIIIIAIIIIIIIIIIIIIIII
IIIIAIIIAAAAIAIIIAIIIIIIIIIIIIIIIIIIIIIIIIIIIIIAIIIIIIIIIIIIIIII
IIIAAIIIAAAAIAIIIAIIIIIIIIIIIIIIIIIIIIIIIIIIIIIAIIIIIIIIIIIIIIII
IIIIIIIIIIIIA2IIIIIIIIIIIIIIIIIIIIIIIIIIIIIIIIIIIIIIIIIIIIIIIIII
IIIIIIIIA1IIIIIIIIIIIIIIIIIIIIIIIIIIIIIIIIIIIIIIIIIIIIIIIIIIIIII
IIIIA1IIA1IIIIIIIIIIIIIIIIIIIIIIIIIIIIIIIIIIIIIIIIIIIIIIIIIIIIII
IIIIA1IIAA1IIIIIIIIIIIIIIIIIIIIIIIIIIIIIIIIIIIIIIIIIIIIIIIIIIIII
IIIIA1IIAAA1IIIIIIIIIIIIIIIIIIIIIIIIIIIIIIIIIIIIIIIIIIIIIIIIIIII
IIIIA1IIAAAA1IIIIIIIIIIIIIIIIIIIIIIIIIIIIIIIIIIIIIIIIIIIIIIIIIII
IIIAA1IIAAAA1IIIIIIIIIIIIIIIIIIIIIIIIIIIIIIIIIIIIIIIIIIIIIIIIIII
IIIAA1IIAAAAAIIIIIIIIIIIIIIIIIIIIIIIIIIIIIIIIIIIIIIIIIIIIIIIIIII
IIIIIIIIA1IIIIIIIIIIIIIIIIIIIIIIIIIIIIIIIIIIIIIIIIIIIIIIIIIIIIII
IIIIA1IIA1IIIIIIIIIIIIIIIIIIIIIIIIIIIIIIIIIIIIIIIIIIIIIIIIIIIIII
IIIIA1IIAA1IIIIIIIIIIIIIIIIIIIIIIIIIIIIIIIIIIIIIIIIIIIIIIIIIIIII
IIIIA1IIAAA1IIIIIIIIIIIIIIIIIIIIIIIIIIIIIIIIIIIIIIIIIIIIIIIIIIII
IIIIA1IIAAAA1IIIIIIIIIIIIIIIIIIIIIIIIIIIIIIIIIIIIIIIIIIIIIIIIIII
IIIAA1IIAAAA1IIIIIIIIIIIIIIIIIIIIIIIIIIIIIIIIIIIIIIIIIIIIIIIIIII
IIIAA1IIAAAA1IIIIIIIIIIIIIIIIIIIIIIIIIIIIIIIIIIA1IIIIIIIIIIIIIII
IIIAA1IIAAAAA1IIIIIIIIIIIIIIIIIIIIIIIIIIIIIIIIIA1IIIIIIIIIIIIIII
IIIAA1IIAAAAA1IIIA1IIIIIIIIIIIIIIIIIIIIIIIIIIIIA1IIIIIIIIIIIIIII
IIIIIIIIIIIIA2IIIIIIIIIIIIIIIIIIIIIIIIIIIIIIIIIIIIIIIIIIIIIIIIII
IIIIIIIIA1IIA2IIIIIIIIIIIIIIIIIIIIIIIIIIIIIIIIIIIIIIIIIIIIIIIIII
IIIIA1IIA1IIA2IIIIIIIIIIIIIIIIIIIIIIIIIIIIIIIIIIIIIIIIIIIIIIIIII
IIIIA1IIAA1IA2IIIIIIIIIIIIIIIIIIIIIIIIIIIIIIIIIIIIIIIIIIIIIIIIII
IIIIA1IIAAA1A2IIIIIIIIIIIIIIIIIIIIIIIIIIIIIIIIIIIIIIIIIIIIIIIIII
IIIIA1IIAAAAA2IIIIIIIIIIIIIIIIIIIIIIIIIIIIIIIIIIIIIIIIIIIIIIIIII
IIIAA1IIAAAAA2IIIIIIIIIIIIIIIIIIIIIIIIIIIIIIIIIIIIIIIIIIIIIIIIII
IIIIIIIIIIIIIIIIIIIIIIIIIIIIIIIIIIIIIIIIIIIIIIIA2IIIIIIIIIIIIIII
IIIIIIIIIIIIA2IIIIIIIIIIIIIIIIIIIIIIIIIIIIIIIIIA2IIIIIIIIIIIIIII
IIIIIIIIIIIIA2IIIA2IIIIIIIIIIIIIIIIIIIIIIIIIIIIA2IIIIIIIIIIIIIII
IIIIIIIIA2IIA2IIIA2IIIIIIIIIIIIIIIIIIIIIIIIIIIIA2IIIIIIIIIIIIIII
IIIIA2IIA2IIA2IIIA2IIIIIIIIIIIIIIIIIIIIIIIIIIIIA2IIIIIIIIIIIIIII
IIIIA2IIAA2IA2IIIA2IIIIIIIIIIIIIIIIIIIIIIIIIIIIA2IIIIIIIIIIIIIII
IIIIA2IIAAA2A2IIIA2IIIIIIIIIIIIIIIIIIIIIIIIIIIIA2IIIIIIIIIIIIIII
IIIIA2IIAAAAA2IIIA2IIIIIIIIIIIIIIIIIIIIIIIIIIIIA2IIIIIIIIIIIIIII
IIIAA2IIAAAAA2IIIA2IIIIIIIIIIIIIIIIIIIIIIIIIIIIA2IIIIIIIIIIIIIII
IIIAA2IIAAAAA2IIIA2IIIIIIIIIIIIIIIIIIIIIIIIIIIIA1IIIIIIIIIIIIIII
IIIAA2IIAAAAA2IIIA1IIIIIIIIIIIIIIIIIIIIIIIIIIIIA1IIIIIIIIIIIIIII
IIIAA1IIAAAAA2IIIA1IIIIIIIIIIIIIIIIIIIIIIIIIIIIA1IIIIIIIIIIIIIII
IIIIIIIIIIIIA1IIIIIIIIIIIIIIIIIIIIIIIIIIIIIIIIIIIIIIIIIIIIIIIIII
IIIIIIIIIIIIAIIIIIIIIIIIIIIIIIIIIIIIIIIIIIIIIIIIIIIIIIIIIIIIIIII
IIIIIIIIAIIIIIIIIIIIIIIIIIIIIIIIIIIIIIIIIIIIIIIIIIIIIIIIIIIIIIII
IIIIAIIIAIIIIIIIIIIIIIIIIIIIIIIIIIIIIIIIIIIIIIIIIIIIIIIIIIIIIIII
IIIIAIIIAAIIIIIIIIIIIIIIIIIIIIIIIIIIIIIIIIIIIIIIIIIIIIIIIIIIIIII
IIIIAIIIAAAIIIIIIIIIIIIIIIIIIIIIIIIIIIIIIIIIIIIIIIIIIIIIIIIIIIII
IIIIAIIIAAAA12IIIIIIIIIIIIIIIIIIIIIIIIIIIIIIIIIIIIIIIIIIIIIIIIII
IIIIA12IAAAA12IIIIIIIIIIIIIIIIIIIIIIIIIIIIIIIIIIIIIIIIIIIIIIIIII
IIIAA12IAAAA12IIIIIIIIIIIIIIIIIIIIIIIIIIIIIIIIIIIIIIIIIIIIIIIIII
IIIIIIIIIIIIA12IIIIIIIIIIIIIIIIIIIIIIIIIIIIIIIIIIIIIIIIIIIIIIIII
IIIIIIIIAIIIIIIIIIIIIIIIIIIIIIIIIIIIIIIIIIIIIIIIIIIIIIIIIIIIIIII
IIIIAIIIAIIIIIIIIIIIIIIIIIIIIIIIIIIIIIIIIIIIIIIIIIIIIIIIIIIIIIII
IIIIAIIIAAIIIIIIIIIIIIIIIIIIIIIIIIIIIIIIIIIIIIIIIIIIIIIIIIIIIIII
IIIIAIIIAAAIIIIIIIIIIIIIIIIIIIIIIIIIIIIIIIIIIIIIIIIIIIIIIIIIIIII
IIIIAIIIAAAAIIIIIIIIIIIIIIIIIIIIIIIIIIIIIIIIIIIIIIIIIIIIIIIIIIII
IIIIAIIIAAAAA2IIIIIIIIIIIIIIIIIIIIIIIIIIIIIIIIIIIIIIIIIIIIIIIIII
IIIIAIIIAAAAA122IIIIIIIIIIIIIIIIIIIIIIIIIIIIIIIIIIIIIIIIIIIIIIII
IIIIIIIIA2IIIIIIIIIIIIIIIIIIIIIIIIIIIIIIIIIIIIIIIIIIIIIIIIIIIIII
IIIIA2IIA2IIIIIIIIIIIIIIIIIIIIIIIIIIIIIIIIIIIIIIIIIIIIIIIIIIIIII
IIIIA2IIAA2IIIIIIIIIIIIIIIIIIIIIIIIIIIIIIIIIIIIIIIIIIIIIIIIIIIII
IIIIA2IIAAA2IIIIIIIIIIIIIIIIIIIIIIIIIIIIIIIIIIIIIIIIIIIIIIIIIIII
IIIIA2IIAAAA2IIIIIIIIIIIIIIIIIIIIIIIIIIIIIIIIIIIIIIIIIIIIIIIIIII
IIIAA2IIAAAA2IIIIIIIIIIIIIIIIIIIIIIIIIIIIIIIIIIIIIIIIIIIIIIIIIII
IIIIIIIIIIIIA1IIIIIIIIIIIIIIIIIIIIIIIIIIIIIIIIIIIIIIIIIIIIIIIIII
IIIIIIIIIIIIA1IIIIIIIIIIIIIIIIIIIIIIIIIIIIIIIIIAIIIIIIIIIIIIIIII
IIIIIIIIIIIIA1IIIAIIIIIIIIIIIIIIIIIIIIIIIIIIIIIAIIIIIIIIIIIIIIII
IIIIIIIIAIIIA1IIIAIIIIIIIIIIIIIIIIIIIIIIIIIIIIIAIIIIIIIIIIIIIIII
IIIIAIIIAIIIA1IIIAIIIIIIIIIIIIIIIIIIIIIIIIIIIIIAIIIIIIIIIIIIIIII
IIIIAIIIAAIIA1IIIAIIIIIIIIIIIIIIIIIIIIIIIIIIIIIAIIIIIIIIIIIIIIII
IIIIAIIIAAAIA1IIIAIIIIIIIIIIIIIIIIIIIIIIIIIIIIIAIIIIIIIIIIIIIIII
IIIIAIIIAAAAA1IIIAIIIIIIIIIIIIIIIIIIIIIIIIIIIIIAIIIIIIIIIIIIIIII
IIIAAIIIAAAAA1IIIAIIIIIIIIIIIIIIIIIIIIIIIIIIIIIAIIIIIIIIIIIIIIII
IIIAAIIIAAAAA1IIIAIIIIIIIIIIIIIIIIIIIIIIIIIIIIIA1IIIIIIIIIIIIIII
IIIAAIIIAAAAA1IIIA1IIIIIIIIIIIIIIIIIIIIIIIIIIIIA1IIIIIIIIIIIIIII
IIIAA1IIAAAAA1IIIA1IIIIIIIIIIIIIIIIIIIIIIIIIIIIA1IIIIIIIIIIIIIII
IIIIIIIIIIIIIIIIIIIIIIIIIIIIIIIIIIIIIIIIIIIIIIIA1IIIIIIIIIIIIIII
IIIIIIIIIIIIIIIIIA1IIIIIIIIIIIIIIIIIIIIIIIIIIIIA1IIIIIIIIIIIIIII
IIIIIIIIA1IIIIIIIA1IIIIIIIIIIIIIIIIIIIIIIIIIIIIA1IIIIIIIIIIIIIII
IIIIA1IIA1IIIIIIIA1IIIIIIIIIIIIIIIIIIIIIIIIIIIIA1IIIIIIIIIIIIIII
IIIIA1IIAA1IIIIIIA1IIIIIIIIIIIIIIIIIIIIIIIIIIIIA1IIIIIIIIIIIIIII
IIIIA1IIAAA1IIIIIA1IIIIIIIIIIIIIIIIIIIIIIIIIIIIA1IIIIIIIIIIIIIII
IIIIA1IIAAAA1IIIIA1IIIIIIIIIIIIIIIIIIIIIIIIIIIIA1IIIIIIIIIIIIIII
IIIAA1IIAAAA1IIIIA1IIIIIIIIIIIIIIIIIIIIIIIIIIIIA1IIIIIIIIIIIIIII
IIIAA1I2AAAA1IIIIA1IIIIIIIIIIIIIIIIIIIIIIIIIIIIA1IIIIIIIIIIIIIII
II2AA1I2AAAA1IIIIA1IIIIIIIIIIIIIIIIIIIIIIIIIIIIA1IIIIIIIIIIIIIII
II2AA1I2AAAAA1IIIA1IIIIIIIIIIIIIIIIIIIIIIIIIIIIA1IIIIIIIIIIIIIII
IIIIIIIIIIIIIIIIIIIIIIIIIIIIIIIIIIIIIIIIIIIIIIIAIIIIIIIIIIIIIIII
IIIIIIIIIIIIIIIIIAIIIIIIIIIIIIIIIIIIIIIIIIIIIIIAIIIIIIIIIIIIIIII
IIIIIIIIAIIIIIIIIAIIIIIIIIIIIIIIIIIIIIIIIIIIIIIAIIIIIIIIIIIIIIII
IIIIAIIIAIIIIIIIIAIIIIIIIIIIIIIIIIIIIIIIIIIIIIIAIIIIIIIIIIIIIIII
IIIIAIIIAAIIIIIIIAIIIIIIIIIIIIIIIIIIIIIIIIIIIIIAIIIIIIIIIIIIIIII
IIIIAIIIAAAIIIIIIAIIIIIIIIIIIIIIIIIIIIIIIIIIIIIAIIIIIIIIIIIIIIII
IIIIAIIIAAAAIIIIIAIIIIIIIIIIIIIIIIIIIIIIIIIIIIIAIIIIIIIIIIIIIIII
IIIAAIIIAAAAIIIIIAIIIIIIIIIIIIIIIIIIIIIIIIIIIIIAIIIIIIIIIIIIIIII
IIIIIIIIIIIIA1IIIIIIIIIIIIIIIIIIIIIIIIIIIIIIIIIIIIIIIIIIIIIIIIII
IIIIIIIIIIIIIA1IIIIIIIIIIIIIIIIIIIIIIIIIIIIIIIIIIIIIIIIIIIIIIIII
IIIIIIIIIIIIIA1IIIIIIIIIIIIIIIIIIIIIIIIIIIIIIIIA1IIIIIIIIIIIIIII
IIIIIIIIIIIIIA1IIA1IIIIIIIIIIIIIIIIIIIIIIIIIIIIA1IIIIIIIIIIIIIII
IIIIIIIIA1IIIA1IIA1IIIIIIIIIIIIIIIIIIIIIIIIIIIIA1IIIIIIIIIIIIIII
IIIIA1IIA1IIIA1IIA1IIIIIIIIIIIIIIIIIIIIIIIIIIIIA1IIIIIIIIIIIIIII
IIIIA1IIAA1IIA1IIA1IIIIIIIIIIIIIIIIIIIIIIIIIIIIA1IIIIIIIIIIIIIII
IIIIA1IIAAA1IA1IIA1IIIIIIIIIIIIIIIIIIIIIIIIIIIIA1IIIIIIIIIIIIIII
IIIIA1IIAAAA1A1IIA1IIIIIIIIIIIIIIIIIIIIIIIIIIIIA1IIIIIIIIIIIIIII
IIIAA1IIAAAA1A1IIA1IIIIIIIIIIIIIIIIIIIIIIIIIIIIA1IIIIIIIIIIIIIII
IIIIIIIIIIIIA1IIIIIIIIIIIIIIIIIIIIIIIIIIIIIIIIIIIIIIIIIIIIIIIIII
IIIIIIIIA1IIIIIIIIIIIIIIIIIIIIIIIIIIIIIIIIIIIIIIIIIIIIIIIIIIIIII
IIIIA1IIA1IIIIIIIIIIIIIIIIIIIIIIIIIIIIIIIIIIIIIIIIIIIIIIIIIIIIII
IIIIA1IIAA1IIIIIIIIIIIIIIIIIIIIIIIIIIIIIIIIIIIIIIIIIIIIIIIIIIIII
IIIIA1IIAAA1IIIIIIIIIIIIIIIIIIIIIIIIIIIIIIIIIIIIIIIIIIIIIIIIIIII
IIIIA1IIAAAA1IIIIIIIIIIIIIIIIIIIIIIIIIIIIIIIIIIIIIIIIIIIIIIIIIII
IIIAA1IIAAAA1IIIIIIIIIIIIIIIIIIIIIIIIIIIIIIIIIIIIIIIIIIIIIIIIIII
IIIAA1IIAAAA1IIIIIIIIIIIIIIIIIIIIIIIIIIIIIIIIIIAIIIIIIIIIIIIIIII
IIIAA1IIAAAA1IIIIAIIIIIIIIIIIIIIIIIIIIIIIIIIIIIAIIIIIIIIIIIIIIII
IIIIIIIIIIIIIIIIIIIIIIIIIIIIIIIIIIIIIIIIIIIIIIIA1IIIIIIIIIIIIIII
IIIIIIIIIIIIIIIIIA1IIIIIIIIIIIIIIIIIIIIIIIIIIIIA1IIIIIIIIIIIIIII
IIIIIIIIA1IIIIIIIA1IIIIIIIIIIIIIIIIIIIIIIIIIIIIA1IIIIIIIIIIIIIII
IIIIA1IIA1IIIIIIIA1IIIIIIIIIIIIIIIIIIIIIIIIIIIIA1IIIIIIIIIIIIIII
IIIIA1IIAA1IIIIIIA1IIIIIIIIIIIIIIIIIIIIIIIIIIIIA1IIIIIIIIIIIIIII
IIIIA1IIAAA1IIIIIA1IIIIIIIIIIIIIIIIIIIIIIIIIIIIA1IIIIIIIIIIIIIII
IIIIA1IIAAAA1IIIIA1IIIIIIIIIIIIIIIIIIIIIIIIIIIIA1IIIIIIIIIIIIIII
IIIAA1IIAAAA1IIIIA1IIIIIIIIIIIIIIIIIIIIIIIIIIIIA1IIIIIIIIIIIIIII
IIIIIIIIIIIIA1IIIIIIIIIIIIIIIIIIIIIIIIIIIIIIIIIIIIIIIIIIIIIIIIII
IIIIIIIIA12IIIIIIIIIIIIIIIIIIIIIIIIIIIIIIIIIIIIIIIIIIIIIIIIIIIII
IIIIA12IA12IIIIIIIIIIIIIIIIIIIIIIIIIIIIIIIIIIIIIIIIIIIIIIIIIIIII
IIIIA12IAA12IIIIIIIIIIIIIIIIIIIIIIIIIIIIIIIIIIIIIIIIIIIIIIIIIIII
IIIIA12IAAA12IIIIIIIIIIIIIIIIIIIIIIIIIIIIIIIIIIIIIIIIIIIIIIIIIII
IIIIA12IAAAA12IIIIIIIIIIIIIIIIIIIIIIIIIIIIIIIIIIIIIIIIIIIIIIIIII
IIIAA12IAAAA12IIIIIIIIIIIIIIIIIIIIIIIIIIIIIIIIIIIIIIIIIIIIIIIIII
IIIAA12IAAAAA12IIIIIIIIIIIIIIIIIIIIIIIIIIIIIIIIIIIIIIIIIIIIIIIII
IIIIIIIIIIIIIIIIIIIIIIIIIIIIIIIIIIIIIIIIIIIIIIIA12IIIIIIIIIIIIII
IIIIIIIIIIIIIIIIIA12IIIIIIIIIIIIIIIIIIIIIIIIIIIA12IIIIIIIIIIIIII
IIIIIIIIA2IIIIIIIA12IIIIIIIIIIIIIIIIIIIIIIIIIIIA12IIIIIIIIIIIIII
IIIIA2IIA2IIIIIIIA12IIIIIIIIIIIIIIIIIIIIIIIIIIIA12IIIIIIIIIIIIII
IIIIA2IIA2IIA2IIIA12IIIIIIIIIIIIIIIIIIIIIIIIIIIA12IIIIIIIIIIIIII
IIIIA2IIA2IIAA2IIA12IIIIIIIIIIIIIIIIIIIIIIIIIIIA12IIIIIIIIIIIIII
IIIIA2IIAA2IAA2IIA12IIIIIIIIIIIIIIIIIIIIIIIIIIIA12IIIIIIIIIIIIII
IIIIA2IIAAA2AA2IIA12IIIIIIIIIIIIIIIIIIIIIIIIIIIA12IIIIIIIIIIIIII
IIIIA2IIAAAAAA2IIA12IIIIIIIIIIIIIIIIIIIIIIIIIIIA12IIIIIIIIIIIIII
IIIAA2IIAAAAAA2IIA12IIIIIIIIIIIIIIIIIIIIIIIIIIIA12IIIIIIIIIIIIII
IIIIIIIIIIIIA1IIIIIIIIIIIIIIIIIIIIIIIIIIIIIIIIIIIIIIIIIIIIIIIIII
IIIIIIIIAIIIA1IIIIIIIIIIIIIIIIIIIIIIIIIIIIIIIIIIIIIIIIIIIIIIIIII
IIIIAIIIAIIIA1IIIIIIIIIIIIIIIIIIIIIIIIIIIIIIIIIIIIIIIIIIIIIIIIII
IIIIAIIIAAIIA1IIIIIIIIIIIIIIIIIIIIIIIIIIIIIIIIIIIIIIIIIIIIIIIIII
IIIIAIIIAAAIA1IIIIIIIIIIIIIIIIIIIIIIIIIIIIIIIIIIIIIIIIIIIIIIIIII
IIIIAIIIAAAAA1IIIIIIIIIIIIIIIIIIIIIIIIIIIIIIIIIIIIIIIIIIIIIIIIII
IIIAAIIIAAAAA1IIIIIIIIIIIIIIIIIIIIIIIIIIIIIIIIIIIIIIIIIIIIIIIIII
IIIIIIIIIIIIA1IIIIIIIIIIIIIIIIIIIIIIIIIIIIIIIIIIIIIIIIIIIIIIIIII
IIIIIIIIA1IIA1IIIIIIIIIIIIIIIIIIIIIIIIIIIIIIIIIIIIIIIIIIIIIIIIII
IIIIA1IIA1IIA1IIIIIIIIIIIIIIIIIIIIIIIIIIIIIIIIIIIIIIIIIIIIIIIIII
IIIIA1IIAA1IA1IIIIIIIIIIIIIIIIIIIIIIIIIIIIIIIIIIIIIIIIIIIIIIIIII
IIIIA1IIAAA1A1IIIIIIIIIIIIIIIIIIIIIIIIIIIIIIIIIIIIIIIIIIIIIIIIII
IIIIA1IIAAAAA1IIIIIIIIIIIIIIIIIIIIIIIIIIIIIIIIIIIIIIIIIIIIIIIIII
IIIAA1IIAAAAA1IIIIIIIIIIIIIIIIIIIIIIIIIIIIIIIIIIIIIIIIIIIIIIIIII
IIIIIIIIIIIIA1IIIIIIIIIIIIIIIIIIIIIIIIIIIIIIIIIIIIIIIIIIIIIIIIII
IIIIIIIIA1IIA1IIIIIIIIIIIIIIIIIIIIIIIIIIIIIIIIIIIIIIIIIIIIIIIIII
IIIIA1IIA1IIA1IIIIIIIIIIIIIIIIIIIIIIIIIIIIIIIIIIIIIIIIIIIIIIIIII
IIIIA1IIAA1IA1IIIIIIIIIIIIIIIIIIIIIIIIIIIIIIIIIIIIIIIIIIIIIIIIII
IIIIA1IIAAA1A1IIIIIIIIIIIIIIIIIIIIIIIIIIIIIIIIIIIIIIIIIIIIIIIIII
IIIIA1IIAAAAA1IIIIIIIIIIIIIIIIIIIIIIIIIIIIIIIIIIIIIIIIIIIIIIIIII
IIIAA1IIAAAAA1IIIIIIIIIIIIIIIIIIIIIIIIIIIIIIIIIIIIIIIIIIIIIIIIII
IIIIIIIIIIIIAIIIIIIIIIIIIIIIIIIIIIIIIIIIIIIIIIIIIIIIIIIIIIIIIIII
IIIIIIIIIIIIA1IIIIIIIIIIIIIIIIIIIIIIIIIIIIIIIIIIIIIIIIIIIIIIIIII
IIIIIIIIA1IIA1IIIIIIIIIIIIIIIIIIIIIIIIIIIIIIIIIIIIIIIIIIIIIIIIII
IIIIA1IIA1IIA1IIIIIIIIIIIIIIIIIIIIIIIIIIIIIIIIIIIIIIIIIIIIIIIIII
IIIIA1IIAA1IA1IIIIIIIIIIIIIIIIIIIIIIIIIIIIIIIIIIIIIIIIIIIIIIIIII
IIIIA1IIAAA1A1IIIIIIIIIIIIIIIIIIIIIIIIIIIIIIIIIIIIIIIIIIIIIIIIII
IIIIA1IIAAAAA1IIIIIIIIIIIIIIIIIIIIIIIIIIIIIIIIIIIIIIIIIIIIIIIIII
IIIAA1IIAAAAA1IIIIIIIIIIIIIIIIIIIIIIIIIIIIIIIIIIIIIIIIIIIIIIIIII
IIIIIIIIIIIIAIIIIIIIIIIIIIIIIIIIIIIIIIIIIIIIIIIIIIIIIIIIIIIIIIII
IIIIIIIIIIIIIAIIIIIIIIIIIIIIIIIIIIIIIIIIIIIIIIIIIIIIIIIIIIIIIIII
IIIIIIIIIIIIIAIIIIIIIIIIIIIIIIIIIIIIIIIIIIIIIIIAIIIIIIIIIIIIIIII
IIIIIIIIIIIIIAIIIAIIIIIIIIIIIIIIIIIIIIIIIIIIIIIAIIIIIIIIIIIIIIII
IIIIIIIIAIIIIAIIIAIIIIIIIIIIIIIIIIIIIIIIIIIIIIIAIIIIIIIIIIIIIIII
IIIIAIIIAIIIIAIIIAIIIIIIIIIIIIIIIIIIIIIIIIIIIIIAIIIIIIIIIIIIIIII
IIIIAIIIAAIIIAIIIAIIIIIIIIIIIIIIIIIIIIIIIIIIIIIAIIIIIIIIIIIIIIII
IIIIAIIIAAAIIAIIIAIIIIIIIIIIIIIIIIIIIIIIIIIIIIIAIIIIIIIIIIIIIIII
IIIIAIIIAAAAIAIIIAIIIIIIIIIIIIIIIIIIIIIIIIIIIIIAIIIIIIIIIIIIIIII
IIIAAIIIAAAAIAIIIAIIIIIIIIIIIIIIIIIIIIIIIIIIIIIAIIIIIIIIIIIIIIII
IIIAA1IIAAAAIAIIIAIIIIIIIIIIIIIIIIIIIIIIIIIIIIIAIIIIIIIIIIIIIIII
IIIAA1IIAAAA1AIIIAIIIIIIIIIIIIIIIIIIIIIIIIIIIIIAIIIIIIIIIIIIIIII
IIIAA1IIAAAAAAIIIAIIIIIIIIIIIIIIIIIIIIIIIIIIIIIAIIIIIIIIIIIIIIII
IIIIIIIIIIIIAIIIIIIIIIIIIIIIIIIIIIIIIIIIIIIIIIIIIIIIIIIIIIIIIIII
IIIIIIIIIAIIAIIIIIIIIIIIIIIIIIIIIIIIIIIIIIIIIIIIIIIIIIIIIIIIIIII
IIIIAIIIIAIIAIIIIIIIIIIIIIIIIIIIIIIIIIIIIIIIIIIIIIIIIIIIIIIIIIII
IIIAAIIIIAIIAIIIIIIIIIIIIIIIIIIIIIIIIIIIIIIIIIIIIIIIIIIIIIIIIIII
IIIAA1IIIAIIAIIIIIIIIIIIIIIIIIIIIIIIIIIIIIIIIIIIIIIIIIIIIIIIIIII
IIIIIIIIIIIIA1IIIIIIIIIIIIIIIIIIIIIIIIIIIIIIIIIIIIIIIIIIIIIIIIII
IIIIIIIIAIIIIIIIIIIIIIIIIIIIIIIIIIIIIIIIIIIIIIIIIIIIIIIIIIIIIIII
IIIIAIIIAIIIIIIIIIIIIIIIIIIIIIIIIIIIIIIIIIIIIIIIIIIIIIIIIIIIIIII
IIIIAIIIAAIIIIIIIIIIIIIIIIIIIIIIIIIIIIIIIIIIIIIIIIIIIIIIIIIIIIII
IIIIAIIIAAAIIIIIIIIIIIIIIIIIIIIIIIIIIIIIIIIIIIIIIIIIIIIIIIIIIIII
IIIIAIIIAAAAIIIIIIIIIIIIIIIIIIIIIIIIIIIIIIIIIIIIIIIIIIIIIIIIIIII
IIIIAIIIAAAA222IIIIIIIIIIIIIIIIIIIIIIIIIIIIIIIIIIIIIIIIIIIIIIIII
IIIIA112AAAA222IIIIIIIIIIIIIIIIIIIIIIIIIIIIIIIIIIIIIIIIIIIIIIIII
IIIAA112AAAA222IIIIIIIIIIIIIIIIIIIIIIIIIIIIIIIIIIIIIIIIIIIIIIIII
IIIIIIIIIIIIA11222IIIIIIIIIIIIIIIIIIIIIIIIIIIIIIIIIIIIIIIIIIIIII
IIIIIIIIIIIIIAIIIIIIIIIIIIIIIIIIIIIIIIIIIIIIIIIIIIIIIIIIIIIIIIII
IIIIIIIIIIIIIAIIIIIIIIIIIIIIIIIIIIIIIIIIIIIIIIIAIIIIIIIIIIIIIIII
IIIIIIIIIIIIIAIIIAIIIIIIIIIIIIIIIIIIIIIIIIIIIIIAIIIIIIIIIIIIIIII
IIIIIIIIAIIIIAIIIAIIIIIIIIIIIIIIIIIIIIIIIIIIIIIAIIIIIIIIIIIIIIII
IIIIAIIIAIIIIAIIIAIIIIIIIIIIIIIIIIIIIIIIIIIIIIIAIIIIIIIIIIIIIIII
IIIIAIIIAAIIIAIIIAIIIIIIIIIIIIIIIIIIIIIIIIIIIIIAIIIIIIIIIIIIIIII
IIIIAIIIAAAIIAIIIAIIIIIIIIIIIIIIIIIIIIIIIIIIIIIAIIIIIIIIIIIIIIII
IIIIAIIIAAAAIAIIIAIIIIIIIIIIIIIIIIIIIIIIIIIIIIIAIIIIIIIIIIIIIIII
IIIAAIIIAAAAIAIIIAIIIIIIIIIIIIIIIIIIIIIIIIIIIIIAIIIIIIIIIIIIIIII
IIIIIIIIIIIIAIIIIIIIIIIIIIIIIIIIIIIIIIIIIIIIIIIIIIIIIIIIIIIIIIII
IIIIIIIIIIIIA1IIIIIIIIIIIIIIIIIIIIIIIIIIIIIIIIIIIIIIIIIIIIIIIIII
IIIIIIIIA2IIA1IIIIIIIIIIIIIIIIIIIIIIIIIIIIIIIIIIIIIIIIIIIIIIIIII
IIIIA2IIA2IIA1IIIIIIIIIIIIIIIIIIIIIIIIIIIIIIIIIIIIIIIIIIIIIIIIII
IIIIA2IIAA2IA1IIIIIIIIIIIIIIIIIIIIIIIIIIIIIIIIIIIIIIIIIIIIIIIIII
IIIIA2IIAAA2A1IIIIIIIIIIIIIIIIIIIIIIIIIIIIIIIIIIIIIIIIIIIIIIIIII
IIIIA2IIAAAAA1IIIIIIIIIIIIIIIIIIIIIIIIIIIIIIIIIIIIIIIIIIIIIIIIII
IIIAA2IIAAAAA1IIIIIIIIIIIIIIIIIIIIIIIIIIIIIIIIIIIIIIIIIIIIIIIIII
IIIIIIIIIIIIA1IIIIIIIIIIIIIIIIIIIIIIIIIIIIIIIIIIIIIIIIIIIIIIIIII
IIIIIIIIIIIIA2IIIIIIIIIIIIIIIIIIIIIIIIIIIIIIIIIIIIIIIIIIIIIIIIII
IIIIIIIIA2IIA2IIIIIIIIIIIIIIIIIIIIIIIIIIIIIIIIIIIIIIIIIIIIIIIIII
IIIIA2IIA2IIA2IIIIIIIIIIIIIIIIIIIIIIIIIIIIIIIIIIIIIIIIIIIIIIIIII
IIIIA2IIAA11A11IIIIIIIIIIIIIIIIIIIIIIIIIIIIIIIIIIIIIIIIIIIIIIIII
IIIIA2IIAAA1A111IIIIIIIIIIIIIIIIIIIIIIIIIIIIIIIIIIIIIIIIIIIIIIII
IIIIA2IIAAAAA1111IIIIIIIIIIIIIIIIIIIIIIIIIIIIIIIIIIIIIIIIIIIIIII
IIIIA1IIAAAAA1111IIIIIIIIIIIIIIIIIIIIIIIIIIIIIIIIIIIIIIIIIIIIIII
IIIAA1IIAAAAA1111IIIIIIIIIIIIIIIIIIIIIIIIIIIIIIIIIIIIIIIIIIIIIII
IIIAA11IAAAAA1111IIIIIIIIIIIIIIIIIIIIIIIIIIIIIIIIIIIIIIIIIIIIIII
IIIAA111AAAAA1111IIIIIIIIIIIIIIIIIIIIIIIIIIIIIIIIIIIIIIIIIIIIIII
IIIIIIIIIIIIA2IIIIIIIIIIIIIIIIIIIIIIIIIIIIIIIIIIIIIIIIIIIIIIIIII
IIIIIIIIA12IIIIIIIIIIIIIIIIIIIIIIIIIIIIIIIIIIIIIIIIIIIIIIIIIIIII
IIIIA12IA12IIIIIIIIIIIIIIIIIIIIIIIIIIIIIIIIIIIIIIIIIIIIIIIIIIIII
IIIIA12IAA12IIIIIIIIIIIIIIIIIIIIIIIIIIIIIIIIIIIIIIIIIIIIIIIIIIII
IIIIA12IAAA12IIIIIIIIIIIIIIIIIIIIIIIIIIIIIIIIIIIIIIIIIIIIIIIIIII
IIIIA12IAAAA12IIIIIIIIIIIIIIIIIIIIIIIIIIIIIIIIIIIIIIIIIIIIIIIIII
IIIAA12IAAAA12IIIIIIIIIIIIIIIIIIIIIIIIIIIIIIIIIIIIIIIIIIIIIIIIII
IIIIIIIIIIIIA12IIIIIIIIIIIIIIIIIIIIIIIIIIIIIIIIIIIIIIIIIIIIIIIII
IIIIIIIIIIIIIAIIIIIIIIIIIIIIIIIIIIIIIIIIIIIIIIIIIIIIIIIIIIIIIIII
IIIIIIIIIIIIIAIIIIIIIIIIIIIIIIIIIIIIIIIIIIIIIIIAIIIIIIIIIIIIIIII
IIIIIIIIIIIIIAIIIAIIIIIIIIIIIIIIIIIIIIIIIIIIIIIAIIIIIIIIIIIIIIII
IIIIIIIIAIIIIAIIIAIIIIIIIIIIIIIIIIIIIIIIIIIIIIIAIIIIIIIIIIIIIIII
IIIIAIIIAIIIIAIIIAIIIIIIIIIIIIIIIIIIIIIIIIIIIIIAIIIIIIIIIIIIIIII
IIIIAIIIAAIIIAIIIAIIIIIIIIIIIIIIIIIIIIIIIIIIIIIAIIIIIIIIIIIIIIII
IIIIAIIIAAAIIAIIIAIIIIIIIIIIIIIIIIIIIIIIIIIIIIIAIIIIIIIIIIIIIIII
IIIIAIIIAAAAIAIIIAIIIIIIIIIIIIIIIIIIIIIIIIIIIIIAIIIIIIIIIIIIIIII
IIIAAIIIAAAAIAIIIAIIIIIIIIIIIIIIIIIIIIIIIIIIIIIAIIIIIIIIIIIIIIII
IIIIIIIIIIIIA1IIIIIIIIIIIIIIIIIIIIIIIIIIIIIIIIIIIIIIIIIIIIIIIIII
IIIIIIIIA1IIA1IIIIIIIIIIIIIIIIIIIIIIIIIIIIIIIIIIIIIIIIIIIIIIIIII
IIIIA1IIA1IIA1IIIIIIIIIIIIIIIIIIIIIIIIIIIIIIIIIIIIIIIIIIIIIIIIII
IIIIA1IIAA1IA1IIIIIIIIIIIIIIIIIIIIIIIIIIIIIIIIIIIIIIIIIIIIIIIIII
IIIIA1IIAAA1A1IIIIIIIIIIIIIIIIIIIIIIIIIIIIIIIIIIIIIIIIIIIIIIIIII
IIIIA1IIAAAAA1IIIIIIIIIIIIIIIIIIIIIIIIIIIIIIIIIIIIIIIIIIIIIIIIII
IIIIIIIIIAIIIIIIIIIIIIIIIIIIIIIIIIIIIIIIIIIIIIIIIIIIIIIIIIIIIIII
IIIIAIIIIAIIIIIIIIIIIIIIIIIIIIIIIIIIIIIIIIIIIIIIIIIIIIIIIIIIIIII
IIIAAIIIIAIIIIIIIIIIIIIIIIIIIIIIIIIIIIIIIIIIIIIIIIIIIIIIIIIIIIII
IIIAA1IIIAIIIIIIIIIIIIIIIIIIIIIIIIIIIIIIIIIIIIIIIIIIIIIIIIIIIIII
IIIAA1II2AIIIIIIIIIIIIIIIIIIIIIIIIIIIIIIIIIIIIIIIIIIIIIIIIIIIIII
IIIAA1II2AIIIIIIIIIIIIIIIIIIIIIIIIIIIIIIIIIIIIIA1III2I2IIIIIIIII
IIIAA1II2AIIA1III2I2IIIIIIIIIIIIIIIIIIIIIIIIIIIA1III2I2IIIIIIIII
IIIAA1II2AIIA1IIIA12II2I2IIIIIIIIIIIIIIIIIIIIIIA1III2I2IIIIIIIII
IIIAA1IIAAIIA1IIIA12II2I2IIIIIIIIIIIIIIIIIIIIIIA1III2I2IIIIIIIII
IIIAA1IIAAAIA1IIIA12II2I2IIIIIIIIIIIIIIIIIIIIIIA1III2I2IIIIIIIII
IIIAA1IIAAAAA1IIIA12II2I2IIIIIIIIIIIIIIIIIIIIIIA1III2I2IIIIIIIII
IIIIIIIIIIIIA2IIIIIIIIIIIIIIIIIIIIIIIIIIIIIIIIIIIIIIIIIIIIIIIIII
IIIIIIIIIIIIA12IIIIIIIIIIIIIIIIIIIIIIIIIIIIIIIIIIIIIIIIIIIIIIIII
IIIIIIIIA1IIA12IIIIIIIIIIIIIIIIIIIIIIIIIIIIIIIIIIIIIIIIIIIIIIIII
IIIIA1IIA1IIA12IIIIIIIIIIIIIIIIIIIIIIIIIIIIIIIIIIIIIIIIIIIIIIIII
IIIIA1IIAA1IA12IIIIIIIIIIIIIIIIIIIIIIIIIIIIIIIIIIIIIIIIIIIIIIIII
IIIIA1IIAAA1A12IIIIIIIIIIIIIIIIIIIIIIIIIIIIIIIIIIIIIIIIIIIIIIIII
IIIIA1IIAAAAA12IIIIIIIIIIIIIIIIIIIIIIIIIIIIIIIIIIIIIIIIIIIIIIIII
IIIAA1IIAAAAA12IIIIIIIIIIIIIIIIIIIIIIIIIIIIIIIIIIIIIIIIIIIIIIIII
IIIIIIIIIIIIIIIIIIIIIIIIIIIIIIIIIIIIIIIIIIIIIIIA1IIIIIIIIIIIIIII
IIIIIIIIIIIIIIIIIA1IIIIIIIIIIIIIIIIIIIIIIIIIIIIA1IIIIIIIIIIIIIII
IIIIIIIIIIIIIIIIIIIIIIIIIIIIIIIIIIIIIIIIIIIIIIIA1IIIIIIIIIIIIIII
IIIIIIIIIIIIIIIIIA1IIIIIIIIIIIIIIIIIIIIIIIIIIIIA1IIIIIIIIIIIIIII
IIIIIIIIA1IIIIIIIA1IIIIIIIIIIIIIIIIIIIIIIIIIIIIA1IIIIIIIIIIIIIII
IIIIA1IIA1IIIIIIIA1IIIIIIIIIIIIIIIIIIIIIIIIIIIIA1IIIIIIIIIIIIIII
IIIIA1IIAA1IIIIIIA1IIIIIIIIIIIIIIIIIIIIIIIIIIIIA1IIIIIIIIIIIIIII
IIIIA1IIAAA1IIIIIA1IIIIIIIIIIIIIIIIIIIIIIIIIIIIA1IIIIIIIIIIIIIII
IIIIA1IIAAAA1IIIIA1IIIIIIIIIIIIIIIIIIIIIIIIIIIIA1IIIIIIIIIIIIIII
IIIIIIIIIII2AIIIIIIIIIIIIIIIIIIIIIIIIIIIIIIIIIIIIIIIIIIIIIIIIIII
IIIIIIIIIIIIAI2IIIIIIIIIIIIIIIIIIIIIIIIIIIIIIIIIIIIIIIIIIIIIIIII
IIIIIIIIIAIIIIIIIIIIIIIIIIIIIIIIIIIIIIIIIIIIIIIIIIIIIIIIIIIIIIII
IIIIAIIIIAIIIIIIIIIIIIIIIIIIIIIIIIIIIIIIIIIIIIIIIIIIIIIIIIIIIIII
IIIAA2IIIAIIIIIIIIIIIIIIIIIIIIIIIIIIIIIIIIIIIIIIIIIIIIIIIIIIIIII
IIIAA12IIAIIIIIIIIIIIIIIIIIIIIIIIIIIIIIIIIIIIIIIIIIIIIIIIIIIIIII
IIIIIIIIIIIIAIIIIIIIIIIIIIIIIIIIIIIIIIIIIIIIIIIIIIIIIIIIIIIIIIII
IIIIIIIIIIIIAAIIIIIIIIIIIIIIIIIIIIIIIIIIIIIIIIIIIIIIIIIIIIIIIIII
IIIIIIIIIIIIAAIIIIIIIIIIIIIIIIIIIIIIIIIIIIIIIIIAIIIIIIIIIIIIIIII
IIIIIIIIIIIIAAIIIAIIIIIIIIIIIIIIIIIIIIIIIIIIIIIAIIIIIIIIIIIIIIII
IIIIIIIIAIIIAAIIIAIIIIIIIIIIIIIIIIIIIIIIIIIIIIIAIIIIIIIIIIIIIIII
IIIIAIIIAIIIAAIIIAIIIIIIIIIIIIIIIIIIIIIIIIIIIIIAIIIIIIIIIIIIIIII
IIIIAIIIAAIIAAIIIAIIIIIIIIIIIIIIIIIIIIIIIIIIIIIAIIIIIIIIIIIIIIII
IIIIAIIIAAAIAAIIIAIIIIIIIIIIIIIIIIIIIIIIIIIIIIIAIIIIIIIIIIIIIIII
IIIIAIIIAAAAAAIIIAIIIIIIIIIIIIIIIIIIIIIIIIIIIIIAIIIIIIIIIIIIIIII
IIIIIIIIIIIIA2IIIIIIIIIIIIIIIIIIIIIIIIIIIIIIIIIIIIIIIIIIIIIIIIII
IIIIIIIIIIIIAI2IIII2IIIIIIIIIIIIIIIIIIIIIIIIIIIIIIIIIIIIIIIIIIII
IIIIIIIIIIIIA11211IIIIIIIIIIIIIIIIIIIIIIIIIIIIIIIIIIIIIIIIIIIIII
IIIIIIIIA11IA11211IIIIIIIIIIIIIIIIIIIIIIIIIIIIIIIIIIIIIIIIIIIIII
IIIIA112A11IA11211IIIIIIIIIIIIIIIIIIIIIIIIIIIIIIIIIIIIIIIIIIIIII
IIIIA112AA11A11211IIIIIIIIIIIIIIIIIIIIIIIIIIIIIIIIIIIIIIIIIIIIII
IIIIA112AAA1A11111IIIIIIIIIIIIIIIIIIIIIIIIIIIIIIIIIIIIIIIIIIIIII
IIIIA112AAAAA11111IIIIIIIIIIIIIIIIIIIIIIIIIIIIIIIIIIIIIIIIIIIIII
IIIAA111AAAAA11111IIIIIIIIIIIIIIIIIIIIIIIIIIIIIIIIIIIIIIIIIIIIII
IIIAA111AAAAA11111IIIIIIIIIIIIIIIIIIIIIIIIIIIIIAIIIIIIIIIIIIIIII
IIIAA111AAAAA1111AIIIIIIIIIIIIIIIIIIIIIIIIIIIIIAIIIIIIIIIIIIIIII
IIIIIIIIIIIIA1IIIIIIIIIIIIIIIIIIIIIIIIIIIIIIIIIIIIIIIIIIIIIIIIII
IIIIIIIIA1IIA1IIIIIIIIIIIIIIIIIIIIIIIIIIIIIIIIIIIIIIIIIIIIIIIIII
IIIIA1IIA1IIA1IIIIIIIIIIIIIIIIIIIIIIIIIIIIIIIIIIIIIIIIIIIIIIIIII
IIIIA1IIAA1IA1IIIIIIIIIIIIIIIIIIIIIIIIIIIIIIIIIIIIIIIIIIIIIIIIII
IIIIA1IIAAA1A1IIIIIIIIIIIIIIIIIIIIIIIIIIIIIIIIIIIIIIIIIIIIIIIIII
IIIIA1IIAAAAA1IIIIIIIIIIIIIIIIIIIIIIIIIIIIIIIIIIIIIIIIIIIIIIIIII
IIIAA1IIAAAAA1IIIIIIIIIIIIIIIIIIIIIIIIIIIIIIIIIIIIIIIIIIIIIIIIII
IIIIIIIIIIIIIIIIIIIIIIIIIIIIIIIIIIIIIIIIIIIIIIIAIIIIIIIIIIIIIIII
IIIIIIIIIIIIIIIIIAIIIIIIIIIIIIIIIIIIIIIIIIIIIIIAIIIIIIIIIIIIIIII
IIIIIIIIAIIIIIIIIAIIIIIIIIIIIIIIIIIIIIIIIIIIIIIAIIIIIIIIIIIIIIII
IIIIAIIIAIIIIIIIIAIIIIIIIIIIIIIIIIIIIIIIIIIIIIIAIIIIIIIIIIIIIIII
IIIIAIIIAAIIIIIIIAIIIIIIIIIIIIIIIIIIIIIIIIIIIIIAIIIIIIIIIIIIIIII
IIIIAIIIAAAIIIIIIAIIIIIIIIIIIIIIIIIIIIIIIIIIIIIAIIIIIIIIIIIIIIII
IIIIAIIIAAAAIIIIIAIIIIIIIIIIIIIIIIIIIIIIIIIIIIIAIIIIIIIIIIIIIIII
IIIAAIIIAAAAIIIIIAIIIIIIIIIIIIIIIIIIIIIIIIIIIIIAIIIIIIIIIIIIIIII
IIIIIIIIIIIIA12IIIIIIIIIIIIIIIIIIIIIIIIIIIIIIIIIIIIIIIIIIIIIIIII
IIIIIIIIA2IIIIIIIIIIIIIIIIIIIIIIIIIIIIIIIIIIIIIIIIIIIIIIIIIIIIII
IIIIA2IIA2IIIIIIIIIIIIIIIIIIIIIIIIIIIIIIIIIIIIIIIIIIIIIIIIIIIIII
IIIIA2IIAA2IIIIIIIIIIIIIIIIIIIIIIIIIIIIIIIIIIIIIIIIIIIIIIIIIIIII
IIIIA2IIAAA2IIIIIIIIIIIIIIIIIIIIIIIIIIIIIIIIIIIIIIIIIIIIIIIIIIII
IIIIA2IIAAAA2IIIIIIIIIIIIIIIIIIIIIIIIIIIIIIIIIIIIIIIIIIIIIIIIIII
IIIAA2IIAAAA2IIIIIIIIIIIIIIIIIIIIIIIIIIIIIIIIIIIIIIIIIIIIIIIIIII
IIIAA2IIAAAAA2IIIIIIIIIIIIIIIIIIIIIIIIIIIIIIIIIIIIIIIIIIIIIIIIII
IIIIIIIIIIIIIIIIIIIIIIIIIIIIIIIIIIIIIIIIIIIIIIIA1IIIIIIIIIIIIIII
IIIIIIIIIIIIIIIIIA1IIIIIIIIIIIIIIIIIIIIIIIIIIIIA1IIIIIIIIIIIIIII
IIIIIIIIA1IIIIIIIA1IIIIIIIIIIIIIIIIIIIIIIIIIIIIA1IIIIIIIIIIIIIII
IIIIA1IIA1IIIIIIIA1IIIIIIIIIIIIIIIIIIIIIIIIIIIIA1IIIIIIIIIIIIIII
IIIIA1IIAA1IIIIIIA1IIIIIIIIIIIIIIIIIIIIIIIIIIIIA1IIIIIIIIIIIIIII
IIIIA1IIAAA1IIIIIA1IIIIIIIIIIIIIIIIIIIIIIIIIIIIA1IIIIIIIIIIIIIII
IIIIA1IIAAAA1IIIIA1IIIIIIIIIIIIIIIIIIIIIIIIIIIIA1IIIIIIIIIIIIIII
IIIAA1IIAAAA1IIIIA1IIIIIIIIIIIIIIIIIIIIIIIIIIIIA1IIIIIIIIIIIIIII
IIIIIIIIIIIIAIIIIIIIIIIIIIIIIIIIIIIIIIIIIIIIIIIIIIIIIIIIIIIIIIII
IIIIIIIIAIIIIIIIIIIIIIIIIIIIIIIIIIIIIIIIIIIIIIIIIIIIIIIIIIIIIIII
IIIIAIIIAIIIIIIIIIIIIIIIIIIIIIIIIIIIIIIIIIIIIIIIIIIIIIIIIIIIIIII
IIIIAIIIAAIIIIIIIIIIIIIIIIIIIIIIIIIIIIIIIIIIIIIIIIIIIIIIIIIIIIII
IIIIAIIIAAAIIIIIIIIIIIIIIIIIIIIIIIIIIIIIIIIIIIIIIIIIIIIIIIIIIIII
IIIIAIIIAAAAIIIIIIIIIIIIIIIIIIIIIIIIIIIIIIIIIIIIIIIIIIIIIIIIIIII
IIIAAIIIAAAAIIIIIIIIIIIIIIIIIIIIIIIIIIIIIIIIIIIIIIIIIIIIIIIIIIII
IIIAAIIIAAAAIIIIIIIIIIIIIIIIIIIIIIIIIIIIIIIIIIIA2IIIIIIIIIIIIIII
IIIAAIIIAAAAIIIIIA2IIIIIIIIIIIIIIIIIIIIIIIIIIIIA2IIIIIIIIIIIIIII
IIIAA2IIAAAAIIIIIA2IIIIIIIIIIIIIIIIIIIIIIIIIIIIA2IIIIIIIIIIIIIII
IIIAA2IIAAAA2IIIIA2IIIIIIIIIIIIIIIIIIIIIIIIIIIIA2IIIIIIIIIIIIIII
IIIAA1IIAAAA2IIIIA2IIIIIIIIIIIIIIIIIIIIIIIIIIIIA2IIIIIIIIIIIIIII
IIIAA1IIAAAA1IIIIA2IIIIIIIIIIIIIIIIIIIIIIIIIIIIA2IIIIIIIIIIIIIII
IIIIIIIIIIIIA1IIIIIIIIIIIIIIIIIIIIIIIIIIIIIIIIIIIIIIIIIIIIIIIIII
IIIIIIIIAIIIIIIIIIIIIIIIIIIIIIIIIIIIIIIIIIIIIIIIIIIIIIIIIIIIIIII
IIIIAIIIAIIIIIIIIIIIIIIIIIIIIIIIIIIIIIIIIIIIIIIIIIIIIIIIIIIIIIII
IIIIAIIIAAIIIIIIIIIIIIIIIIIIIIIIIIIIIIIIIIIIIIIIIIIIIIIIIIIIIIII
IIIIAIIIAAAIIIIIIIIIIIIIIIIIIIIIIIIIIIIIIIIIIIIIIIIIIIIIIIIIIIII
IIIIAIIIAAAAIIIIIIIIIIIIIIIIIIIIIIIIIIIIIIIIIIIIIIIIIIIIIIIIIIII
IIIAAIIIAAAAIIIIIIIIIIIIIIIIIIIIIIIIIIIIIIIIIIIIIIIIIIIIIIIIIIII
IIIAAIIIAAAAIIIIIIIIIIIIIIIIIIIIIIIIIIIIIIIIIIIAIIIIIIIIIIIIIIII
IIIAAIIIAAAAIIIIIAIIIIIIIIIIIIIIIIIIIIIIIIIIIIIAIIIIIIIIIIIIIIII
IIIAAIIIAAAAA1IIIAIIIIIIIIIIIIIIIIIIIIIIIIIIIIIAIIIIIIIIIIIIIIII
IIIAAIIIAAAAA1IIIAIIIIIIIIIIIIIIIIIIIIIIIIIIIIIA1IIIIIIIIIIIIIII
IIIAAIIIAAAAA1IIIA1IIIIIIIIIIIIIIIIIIIIIIIIIIIIA1IIIIIIIIIIIIIII
IIIAA1IIAAAAA1IIIA1IIIIIIIIIIIIIIIIIIIIIIIIIIIIA1IIIIIIIIIIIIIII
IIIIIIIIIIIIA2IIIIIIIIIIIIIIIIIIIIIIIIIIIIIIIIIIIIIIIIIIIIIIIIII
IIIIIIIIA2IIIIIIIIIIIIIIIIIIIIIIIIIIIIIIIIIIIIIIIIIIIIIIIIIIIIII
IIIIA2IIA2IIIIIIIIIIIIIIIIIIIIIIIIIIIIIIIIIIIIIIIIIIIIIIIIIIIIII
IIIIA2IIAA2IIIIIIIIIIIIIIIIIIIIIIIIIIIIIIIIIIIIIIIIIIIIIIIIIIIII
IIIIA2IIAAA2IIIIIIIIIIIIIIIIIIIIIIIIIIIIIIIIIIIIIIIIIIIIIIIIIIII
IIIIA2IIAAAA2IIIIIIIIIIIIIIIIIIIIIIIIIIIIIIIIIIIIIIIIIIIIIIIIIII
IIIAA2IIAAAA2IIIIIIIIIIIIIIIIIIIIIIIIIIIIIIIIIIIIIIIIIIIIIIIIIII
IIIAA2IIAAAAA2IIIIIIIIIIIIIIIIIIIIIIIIIIIIIIIIIIIIIIIIIIIIIIIIII
IIIIIIIIIIIIIA2IIIIIIIIIIIIIIIIIIIIIIIIIIIIIIIIIIIIIIIIIIIIIIIII
IIIIIIIIIIIIIA2IIIIIIIIIIIIIIIIIIIIIIIIIIIIIIIIA2IIIIIIIIIIIIIII
IIIIIIIIIIIIIA2IIA2IIIIIIIIIIIIIIIIIIIIIIIIIIIIA2IIIIIIIIIIIIIII
IIIIIIIIA2IIIA2IIA2IIIIIIIIIIIIIIIIIIIIIIIIIIIIA2IIIIIIIIIIIIIII
IIIIA2IIA2IIIA2IIA2IIIIIIIIIIIIIIIIIIIIIIIIIIIIA2IIIIIIIIIIIIIII
IIIIA2IIAA2IIA2IIA2IIIIIIIIIIIIIIIIIIIIIIIIIIIIA2IIIIIIIIIIIIIII
IIIIA2IIAAA2IA2IIA2IIIIIIIIIIIIIIIIIIIIIIIIIIIIA2IIIIIIIIIIIIIII
IIIIA2IIAAAA2A2IIA2IIIIIIIIIIIIIIIIIIIIIIIIIIIIA2IIIIIIIIIIIIIII
IIIAA2IIAAAA2A2IIA2IIIIIIIIIIIIIIIIIIIIIIIIIIIIA2IIIIIIIIIIIIIII
IIIIIIIIIIIIA12IIIIIIIIIIIIIIIIIIIIIIIIIIIIIIIIIIIIIIIIIIIIIIIII
IIIIIIIIA2IIA12IIIIIIIIIIIIIIIIIIIIIIIIIIIIIIIIIIIIIIIIIIIIIIIII
IIIIA2IIA2IIA12IIIIIIIIIIIIIIIIIIIIIIIIIIIIIIIIIIIIIIIIIIIIIIIII
IIIIA2IIAA2IA12IIIIIIIIIIIIIIIIIIIIIIIIIIIIIIIIIIIIIIIIIIIIIIIII
IIIIA2IIAAA2A12IIIIIIIIIIIIIIIIIIIIIIIIIIIIIIIIIIIIIIIIIIIIIIIII
IIIIA2IIAAAAA12IIIIIIIIIIIIIIIIIIIIIIIIIIIIIIIIIIIIIIIIIIIIIIIII
IIIAA2IIAAAAA12IIIIIIIIIIIIIIIIIIIIIIIIIIIIIIIIIIIIIIIIIIIIIIIII
IIIIIIIIIIIIAIIIIIIIIIIIIIIIIIIIIIIIIIIIIIIIIIIIIIIIIIIIIIIIIIII
IIIIIIIIAIIIAIIIIIIIIIIIIIIIIIIIIIIIIIIIIIIIIIIIIIIIIIIIIIIIIIII
IIIIAIIIAIIIAIIIIIIIIIIIIIIIIIIIIIIIIIIIIIIIIIIIIIIIIIIIIIIIIIII
IIIIAIIIAAIIAIIIIIIIIIIIIIIIIIIIIIIIIIIIIIIIIIIIIIIIIIIIIIIIIIII
IIIIAIIIAAAIAIIIIIIIIIIIIIIIIIIIIIIIIIIIIIIIIIIIIIIIIIIIIIIIIIII
IIIIAIIIAAAAAIIIIIIIIIIIIIIIIIIIIIIIIIIIIIIIIIIIIIIIIIIIIIIIIIII
IIIIAIIIAAAAA11IIIIIIIIIIIIIIIIIIIIIIIIIIIIIIIIIIIIIIIIIIIIIIIII
IIIIIIIIIIIIA1IIIIIIIIIIIIIIIIIIIIIIIIIIIIIIIIIIIIIIIIIIIIIIIIII
IIIIIIIIIIIIAIIIIIIIIIIIIIIIIIIIIIIIIIIIIIIIIIIIIIIIIIIIIIIIIIII
IIIIIIIIIAIIAIIIIIIIIIIIIIIIIIIIIIIIIIIIIIIIIIIIIIIIIIIIIIIIIIII
IIIIAIIIIAIIAIIIIIIIIIIIIIIIIIIIIIIIIIIIIIIIIIIIIIIIIIIIIIIIIIII
IIIAAIIIIAIIAIIIIIIIIIIIIIIIIIIIIIIIIIIIIIIIIIIIIIIIIIIIIIIIIIII
IIIIIIIIIIIIAI2IIIIIIIIIIIIIIIIIIIIIIIIIIIIIIIIIIIIIIIIIIIIIIIII
IIIIIIIIA1IIIIIIIIIIIIIIIIIIIIIIIIIIIIIIIIIIIIIIIIIIIIIIIIIIIIII
IIIIA1IIA1IIIIIIIIIIIIIIIIIIIIIIIIIIIIIIIIIIIIIIIIIIIIIIIIIIIIII
IIIIA1IIAA1IIIIIIIIIIIIIIIIIIIIIIIIIIIIIIIIIIIIIIIIIIIIIIIIIIIII
IIIIA1IIAAA1IIIIIIIIIIIIIIIIIIIIIIIIIIIIIIIIIIIIIIIIIIIIIIIIIIII
IIIIA1IIAAAA1IIIIIIIIIIIIIIIIIIIIIIIIIIIIIIIIIIIIIIIIIIIIIIIIIII
IIIIIIIIIIAIIIIIIIIIIIIIIIIIIIIIIIIIIIIIIIIIIIIIIIIIIIIIIIIIIIII
IIIIIIIIIIAAIIIIIIIIIIIIIIIIIIIIIIIIIIIIIIIIIIIIIIIIIIIIIIIIIIII
IIIIIIIIIIIIAI1II1111IIIIIIIIIIIIIIIIIIIIIIIIIIIIIIIIIIIIIIIIIII
IIIIIIIIIIIIAIIIIIIIIIIIIIIIIIIIIIIIIIIIIIIIIIIIIIIIIIIIIIIIIIII
IIIIIIIIIIIIA11111111IIIIIIIIIIIIIIIIIIIIIIIIIIIIIIIIIIIIIIIIIII
IIIIIIIIIIIIAIIIIIIIIIIIIIIIIIIIIIIIIIIIIIIIIIIIIIIIIIIIIIIIIIII
IIIIIIIIIIIIA1IIIIIIIIIIIIIIIIIIIIIIIIIIIIIIIIIIIIIIIIIIIIIIIIII
IIIIIIIIIIIIAIIIIIIIIIIIIIIIIIIIIIIIIIIIIIIIIIIIIIIIIIIIIIIIIIII
IIIIIIIIIAIIAIIIIIIIIIIIIIIIIIIIIIIIIIIIIIIIIIIIIIIIIIIIIIIIIIII
IIIIAIIIIAIIAIIIIIIIIIIIIIIIIIIIIIIIIIIIIIIIIIIIIIIIIIIIIIIIIIII
IIIAAIIIIAIIAIIIIIIIIIIIIIIIIIIIIIIIIIIIIIIIIIIIIIIIIIIIIIIIIIII
IIIIIIIIIIIIA2IIIIIIIIIIIIIIIIIIIIIIIIIIIIIIIIIIIIIIIIIIIIIIIIII
IIIIIIIIA1IIIIIIIIIIIIIIIIIIIIIIIIIIIIIIIIIIIIIIIIIIIIIIIIIIIIII
IIIIA1IIA1IIIIIIIIIIIIIIIIIIIIIIIIIIIIIIIIIIIIIIIIIIIIIIIIIIIIII
IIIIA1IIAA1IIIIIIIIIIIIIIIIIIIIIIIIIIIIIIIIIIIIIIIIIIIIIIIIIIIII
IIIIA1IIAAA1IIIIIIIIIIIIIIIIIIIIIIIIIIIIIIIIIIIIIIIIIIIIIIIIIIII
IIIIA1IIAAAA1IIIIIIIIIIIIIIIIIIIIIIIIIIIIIIIIIIIIIIIIIIIIIIIIIII
IIIAA1IIAAAA1IIIIIIIIIIIIIIIIIIIIIIIIIIIIIIIIIIIIIIIIIIIIIIIIIII
IIIIIIIIIIIIA1IIIIIIIIIIIIIIIIIIIIIIIIIIIIIIIIIIIIIIIIIIIIIIIIII
IIIIIIIIIIIIAIIIIIIIIIIIIIIIIIIIIIIIIIIIIIIIIIIIIIIIIIIIIIIIIIII
IIIIIIIIIIIIA1IIIIIIIIIIIIIIIIIIIIIIIIIIIIIIIIIIIIIIIIIIIIIIIIII
IIIIIIIIA1IIA1IIIIIIIIIIIIIIIIIIIIIIIIIIIIIIIIIIIIIIIIIIIIIIIIII
IIIIA1IIA1IIA1IIIIIIIIIIIIIIIIIIIIIIIIIIIIIIIIIIIIIIIIIIIIIIIIII
IIIIA1IIAA2IA1IIIIIIIIIIIIIIIIIIIIIIIIIIIIIIIIIIIIIIIIIIIIIIIIII
IIIIA1IIAAA2A1IIIIIIIIIIIIIIIIIIIIIIIIIIIIIIIIIIIIIIIIIIIIIIIIII
IIIIA1IIAAAAA1IIIIIIIIIIIIIIIIIIIIIIIIIIIIIIIIIIIIIIIIIIIIIIIIII
IIIAA1IIAAAAA1IIIIIIIIIIIIIIIIIIIIIIIIIIIIIIIIIIIIIIIIIIIIIIIIII
IIIIIIIIIIIIA2IIIIIIIIIIIIIIIIIIIIIIIIIIIIIIIIIIIIIIIIIIIIIIIIII
IIIIIIIIIIIIIA1IIIIIIIIIIIIIIIIIIIIIIIIIIIIIIIIIIIIIIIIIIIIIIIII
IIIIIIIIIIIIIA1IIIIIIIIIIIIIIIIIIIIIIIIIIIIIIIIA1IIIIIIIIIIIIIII
IIIIIIIIIIIIAA1IIIIIIIIIIIIIIIIIIIIIIIIIIIIIIIIA1IIIIIIIIIIIIIII
IIIIIIIIIIIIAA1IIA1IIIIIIIIIIIIIIIIIIIIIIIIIIIIA1IIIIIIIIIIIIIII
IIIIIIIIA1IIAA1IIA1IIIIIIIIIIIIIIIIIIIIIIIIIIIIA1IIIIIIIIIIIIIII
IIIIA1IIA1IIAA1IIA1IIIIIIIIIIIIIIIIIIIIIIIIIIIIA1IIIIIIIIIIIIIII
IIIIA1IIAA1IAA1IIA1IIIIIIIIIIIIIIIIIIIIIIIIIIIIA1IIIIIIIIIIIIIII
IIIIA1IIAAA1AA1IIA1IIIIIIIIIIIIIIIIIIIIIIIIIIIIA1IIIIIIIIIIIIIII
IIIIA1IIAAAAAA1IIA1IIIIIIIIIIIIIIIIIIIIIIIIIIIIA1IIIIIIIIIIIIIII
IIIIA1IIAAAAAA1IIA12IIIIIIIIIIIIIIIIIIIIIIIIIIIA1IIIIIIIIIIIIIII
IIIIIIIIIIIIAIIIIIIIIIIIIIIIIIIIIIIIIIIIIIIIIIIIIIIIIIIIIIIIIIII
IIIIIIIIIIIIA1112IIIIIIII22IIIIIIIIIIIIIIIIIIIIIIIIIIIIIIIIIIIII
IIIIIIIIIIIIAIIIIIIIIIIIIIIIIIIIIIIIIIIIIIIIIIIIIIIIIIIIIIIIIIII
IIIIIIIIIIIIA111111IIIIIIIIIIIIIIIIIIIIIIIIIIIIIIIIIIIIIIIIIIIII
IIIIIIIIIIIIAIIIIIIIIIIIIIIIIIIIIIIIIIIIIIIIIIIIIIIIIIIIIIIIIIII
IIIIIIIIIIIIA11IIIIIIIIIIIIIIIIIIIIIIIIIIIIIIIIIIIIIIIIIIIIIIIII
IIIIIIIIIIIIA1111111IIIIIIIIIIIIIIIIIIIIIIIIIIIIIIIIIIIIIIIIIIII
IIIIIIIIIIIIA1IIIIIIIIIIIIIIIIIIIIIIIIIIIIIIIIIIIIIIIIIIIIIIIIII
IIIIIIIIIA1IA1IIIIIIIIIIIIIIIIIIIIIIIIIIIIIIIIIIIIIIIIIIIIIIIIII
IIIIA1IIIA1IA1IIIIIIIIIIIIIIIIIIIIIIIIIIIIIIIIIIIIIIIIIIIIIIIIII
IIIAA1IIIA1IA1IIIIIIIIIIIIIIIIIIIIIIIIIIIIIIIIIIIIIIIIIIIIIIIIII
IIIIIIIIIIIIAI2IIIIIIIIIIIIIIIIIIIIIIIIIIIIIIIIIIIIIIIIIIIIIIIII
IIIIIIIIIIIIA2IIIIIIIIIIIIIIIIIIIIIIIIIIIIIIIIIIIIIIIIIIIIIIIIII
IIIIIIIIA2IIA2IIIIIIIIIIIIIIIIIIIIIIIIIIIIIIIIIIIIIIIIIIIIIIIIII
IIIIA2IIA2IIA2IIIIIIIIIIIIIIIIIIIIIIIIIIIIIIIIIIIIIIIIIIIIIIIIII
IIIIA2IIAA2IA2IIIIIIIIIIIIIIIIIIIIIIIIIIIIIIIIIIIIIIIIIIIIIIIIII
IIIIA2IIAAA2A2IIIIIIIIIIIIIIIIIIIIIIIIIIIIIIIIIIIIIIIIIIIIIIIIII
IIIIA2IIAAAAA2IIIIIIIIIIIIIIIIIIIIIIIIIIIIIIIIIIIIIIIIIIIIIIIIII
IIIAA2IIAAAAA2IIIIIIIIIIIIIIIIIIIIIIIIIIIIIIIIIIIIIIIIIIIIIIIIII
IIIIIIIIIIIIAIIIIIIIIIIIIIIIIIIIIIIIIIIIIIIIIIIIIIIIIIIIIIIIIIII
IIIIIIIIAIIIAIIIIIIIIIIIIIIIIIIIIIIIIIIIIIIIIIIIIIIIIIIIIIIIIIII
IIIIAIIIAIIIAIIIIIIIIIIIIIIIIIIIIIIIIIIIIIIIIIIIIIIIIIIIIIIIIIII
IIIIAIIIAAIIAIIIIIIIIIIIIIIIIIIIIIIIIIIIIIIIIIIIIIIIIIIIIIIIIIII
IIIIAIIIAAAIAIIIIIIIIIIIIIIIIIIIIIIIIIIIIIIIIIIIIIIIIIIIIIIIIIII
IIIIAIIIAAAAAIIIIIIIIIIIIIIIIIIIIIIIIIIIIIIIIIIIIIIIIIIIIIIIIIII
IIIAAIIIAAAAAIIIIIIIIIIIIIIIIIIIIIIIIIIIIIIIIIIIIIIIIIIIIIIIIIII
IIIIIIIIIIA2IIIIIIIIIIIIIIIIIIIIIIIIIIIIIIIIIIIIIIIIIIIIIIIIIIII
IIIIIIIIIIAA2IIIIIIIIIIIIIIIIIIIIIIIIIIIIIIIIIIIIIIIIIIIIIIIIIII
IIIIIIIIIIIIAIIIIIIIIIIIIIIIIIIIIIIIIIIIIIIIIIIIIIIIIIIIIIIIIIII
IIIIIIIIIIIIA1111IIIIIIII22IIIIIIIIIIIIIIIIIIIIIIIIIIIIIIIIIIIII
IIIIIIIIIIIIA1IIIIIIIIIIIIIIIIIIIIIIIIIIIIIIIIIIIIIIIIIIIIIIIIII
IIIIIIIIIIIIA111IIIIIIIII11IIIIIIIIIIIIIIIIIIIIIIIIIIIIIIIIIIIII
IIIIIIIIIIIIA1IIIIIIIIIIIIIIIIIIIIIIIIIIIIIIIIIIIIIIIIIIIIIIIIII
IIIIIIIIIIIIA111IIIIIIIIIIIIIIIIIIIIIIIIIIIIIIIIIIIIIIIIIIIIIIII
IIIIIIIIIIIIA11111IIIIIIIIIIIIIIIIIIIIIIIIIIIIIIIIIIIIIIIIIIIIII
IIIIIIIIIA1IIIIIIIIIIIIIIIIIIIIIIIIIIIIIIIIIIIIIIIIIIIIIIIIIIIII
IIIIAIIIIA1IIIIIIIIIIIIIIIIIIIIIIIIIIIIIIIIIIIIIIIIIIIIIIIIIIIII
IIIAAIIIIA1IIIIIIIIIIIIIIIIIIIIIIIIIIIIIIIIIIIIIIIIIIIIIIIIIIIII
IIIAA1111A12IIIII2IIIIIIIIIIIIIIIIIIIIIIIIIIIIIIIIIIIIIIIIIIIIII
IIIAA1111A12IIII22IIIIIIIIIIIIIIIIIIIIIIIIIIIIIIIIIIIIIIIIIIIIII
IIIAA111AA12IIII22IIIIIIIIIIIIIIIIIIIIIIIIIIIIIIIIIIIIIIIIIIIIII
IIIAA111AAA1IIII22IIIIIIIIIIIIIIIIIIIIIIIIIIIIIIIIIIIIIIIIIIIIII
IIIAA111AAAA1III22IIIIIIIIIIIIIIIIIIIIIIIIIIIIIIIIIIIIIIIIIIIIII
IIIAA111AAAAA1II22IIIIIIIIIIIIIIIIIIIIIIIIIIIIIIIIIIIIIIIIIIIIII
IIIIIIIIIIIIIAIIIIIIIIIIIIIIIIIIIIIIIIIIIIIIIIIIIIIIIIIIIIIIIIII
IIIIIIIIIIIIIAIIIIIIIIIIIIIIIIIIIIIIIIIIIIIIIIIAIIIIIIIIIIIIIIII
IIIIIIIIIIIIIAIIIAIIIIIIIIIIIIIIIIIIIIIIIIIIIIIAIIIIIIIIIIIIIIII
IIIIIIIIAIIIIAIIIAIIIIIIIIIIIIIIIIIIIIIIIIIIIIIAIIIIIIIIIIIIIIII
IIIIAIIIAIIIIAIIIAIIIIIIIIIIIIIIIIIIIIIIIIIIIIIAIIIIIIIIIIIIIIII
IIIIAIIIAAIIIAIIIAIIIIIIIIIIIIIIIIIIIIIIIIIIIIIAIIIIIIIIIIIIIIII
IIIIAIIIAAAIIAIIIAIIIIIIIIIIIIIIIIIIIIIIIIIIIIIAIIIIIIIIIIIIIIII
IIIIAIIIAAAAIAIIIAIIIIIIIIIIIIIIIIIIIIIIIIIIIIIAIIIIIIIIIIIIIIII
IIIAAIIIAAAAIAIIIAIIIIIIIIIIIIIIIIIIIIIIIIIIIIIAIIIIIIIIIIIIIIII
IIIIIIIIIIIIA2IIIIIIIIIIIIIIIIIIIIIIIIIIIIIIIIIIIIIIIIIIIIIIIIII
IIIIIIIIA12IIIIIIIIIIIIIIIIIIIIIIIIIIIIIIIIIIIIIIIIIIIIIIIIIIIII
IIIIA12IA12IIIIIIIIIIIIIIIIIIIIIIIIIIIIIIIIIIIIIIIIIIIIIIIIIIIII
IIIIA12IAA12IIIIIIIIIIIIIIIIIIIIIIIIIIIIIIIIIIIIIIIIIIIIIIIIIIII
IIIIA12IAAA12IIIIIIIIIIIIIIIIIIIIIIIIIIIIIIIIIIIIIIIIIIIIIIIIIII
IIIIA12IAAAA12IIIIIIIIIIIIIIIIIIIIIIIIIIIIIIIIIIIIIIIIIIIIIIIIII
IIIIIIIIAIIIIIIIIIIIIIIIIIIIIIIIIIIIIIIIIIIIIIIIIIIIIIIIIIIIIIII
IIIIAIIIAIIIIIIIIIIIIIIIIIIIIIIIIIIIIIIIIIIIIIIIIIIIIIIIIIIIIIII
IIIIAIIIAAIIIIIIIIIIIIIIIIIIIIIIIIIIIIIIIIIIIIIIIIIIIIIIIIIIIIII
IIIIAIIIAAAIIIIIIIIIIIIIIIIIIIIIIIIIIIIIIIIIIIIIIIIIIIIIIIIIIIII
IIIIAIIIAAAAIIIIIIIIIIIIIIIIIIIIIIIIIIIIIIIIIIIIIIIIIIIIIIIIIIII
IIIAAIIIAAAAIIIIIIIIIIIIIIIIIIIIIIIIIIIIIIIIIIIIIIIIIIIIIIIIIIII
IIIIIIIIIIIIA1IIIIIIIIIIIIIIIIIIIIIIIIIIIIIIIIIIIIIIIIIIIIIIIIII
IIIIIIIIIIIIIA1IIIIIIIIIIIIIIIIIIIIIIIIIIIIIIIIIIIIIIIIIIIIIIIII
IIIIIIIIIIIIIA1IIIIIIIIIIIIIIIIIIIIIIIIIIIIIIIIA1IIIIIIIIIIIIIII
IIIIIIIIIIIIIA1IIA1IIIIIIIIIIIIIIIIIIIIIIIIIIIIA1IIIIIIIIIIIIIII
IIIIIIIIIAIIIA1IIA1IIIIIIIIIIIIIIIIIIIIIIIIIIIIA1IIIIIIIIIIIIIII
IIIIAIIIIAIIIA1IIA1IIIIIIIIIIIIIIIIIIIIIIIIIIIIA1IIIIIIIIIIIIIII
IIIAAIIIIAIIIA1IIA1IIIIIIIIIIIIIIIIIIIIIIIIIIIIA1IIIIIIIIIIIIIII
IIIAA1IIIAIIIA1IIA1IIIIIIIIIIIIIIIIIIIIIIIIIIIIA1IIIIIIIIIIIIIII
IIIAA1IIIAIIAA1IIA1IIIIIIIIIIIIIIIIIIIIIIIIIIIIA1IIIIIIIIIIIIIII
IIIIIIIIA1IIIIIIIIIIIIIIIIIIIIIIIIIIIIIIIIIIIIIIIIIIIIIIIIIIIIII
IIIIA1IIA1IIIIIIIIIIIIIIIIIIIIIIIIIIIIIIIIIIIIIIIIIIIIIIIIIIIIII
IIIIA1IIAA1IIIIIIIIIIIIIIIIIIIIIIIIIIIIIIIIIIIIIIIIIIIIIIIIIIIII
IIIIA1IIAAA1IIIIIIIIIIIIIIIIIIIIIIIIIIIIIIIIIIIIIIIIIIIIIIIIIIII
IIIIA1IIAAAA1IIIIIIIIIIIIIIIIIIIIIIIIIIIIIIIIIIIIIIIIIIIIIIIIIII
IIIAA1IIAAAA1IIIIIIIIIIIIIIIIIIIIIIIIIIIIIIIIIIIIIIIIIIIIIIIIIII
IIIAA1IIAAAAAIIIIIIIIIIIIIIIIIIIIIIIIIIIIIIIIIIIIIIIIIIIIIIIIIII
IIIIIIIIIIIIA1IIIIIIIIIIIIIIIIIIIIIIIIIIIIIIIIIIIIIIIIIIIIIIIIII
IIIIIIIIA1IIA1IIIIIIIIIIIIIIIIIIIIIIIIIIIIIIIIIIIIIIIIIIIIIIIIII
IIIIA1IIA1IIA1IIIIIIIIIIIIIIIIIIIIIIIIIIIIIIIIIIIIIIIIIIIIIIIIII
IIIIA1IIAA1IA1IIIIIIIIIIIIIIIIIIIIIIIIIIIIIIIIIIIIIIIIIIIIIIIIII
IIIIA1IIAAA1A1IIIIIIIIIIIIIIIIIIIIIIIIIIIIIIIIIIIIIIIIIIIIIIIIII
IIIIA1IIAAAAA1IIIIIIIIIIIIIIIIIIIIIIIIIIIIIIIIIIIIIIIIIIIIIIIIII
IIIIIIIIIIIIA1IIIIIIIIIIIIIIIIIIIIIIIIIIIIIIIIIIIIIIIIIIIIIIIIII
IIIIIIIIIIIIAAIIIIIIIIIIIIIIIIIIIIIIIIIIIIIIIIIIIIIIIIIIIIIIIIII
IIIIIIIIIIIIAAIIIIIIIIIIIIIIIIIIIIIIIIIIIIIIIIIAIIIIIIIIIIIIIIII
IIIIIIIIIIIIAAIIIAIIIIIIIIIIIIIIIIIIIIIIIIIIIIIAIIIIIIIIIIIIIIII
IIIIIIIIAIIIAAIIIAIIIIIIIIIIIIIIIIIIIIIIIIIIIIIAIIIIIIIIIIIIIIII
IIIIAIIIAIIIAAIIIAIIIIIIIIIIIIIIIIIIIIIIIIIIIIIAIIIIIIIIIIIIIIII
IIIIAIIIA12IAAIIIAIIIIIIIIIIIIIIIIIIIIIIIIIIIIIAIIIIIIIIIIIIIIII
IIIIA12IA12IAAIIIAIIIIIIIIIIIIIIIIIIIIIIIIIIIIIAIIIIIIIIIIIIIIII
IIIIA12IAA12AAIIIAIIIIIIIIIIIIIIIIIIIIIIIIIIIIIAIIIIIIIIIIIIIIII
IIIIA12IAAA1AAIIIAIIIIIIIIIIIIIIIIIIIIIIIIIIIIIAIIIIIIIIIIIIIIII
IIIIA12IAAAAAAIIIAIIIIIIIIIIIIIIIIIIIIIIIIIIIIIAIIIIIIIIIIIIIIII
II2I2IIIIA1IIIIIIIIIIIIIIIIIIIIIIIIIIIIIIIIIIIIIIIIIIIIIIIIIIIII
II2I2IIIIAAIIIIIIIIIIIIIIIIIIIIIIIIIIIIIIIIIIIIIIIIIIIIIIIIIIIII
II2I2IIIIAAA1IIIIIIIIIIIIIIIIIIIIIIIIIIIIIIIIIIIIIIIIIIIIIIIIIII
II2IA1IIIAAA1IIIIIIIIIIIIIIIIIIIIIIIIIIIIIIIIIIIIIIIIIIIIIIIIIII
II2AA1IIIAAA1IIIIIIIIIIIIIIIIIIIIIIIIIIIIIIIIIIIIIIIIIIIIIIIIIII
II2AA1IIAAAA1IIIIIIIIIIIIIIIIIIIIIIIIIIIIIIIIIIIIIIIIIIIIIIIIIII
IIIIIIIIIIIIA2IIIIIIIIIIIIIIIIIIIIIIIIIIIIIIIIIIIIIIIIIIIIIIIIII
IIIIIIIIA1IIIIIIIIIIIIIIIIIIIIIIIIIIIIIIIIIIIIIIIIIIIIIIIIIIIIII
IIIIA1IIA1IIIIIIIIIIIIIIIIIIIIIIIIIIIIIIIIIIIIIIIIIIIIIIIIIIIIII
IIIIA1IIAA1IIIIIIIIIIIIIIIIIIIIIIIIIIIIIIIIIIIIIIIIIIIIIIIIIIIII
IIIIA1IIAAA1IIIIIIIIIIIIIIIIIIIIIIIIIIIIIIIIIIIIIIIIIIIIIIIIIIII
IIIIA1IIAAAA1IIIIIIIIIIIIIIIIIIIIIIIIIIIIIIIIIIIIIIIIIIIIIIIIIII
IIIAA1IIAAAA1IIIIIIIIIIIIIIIIIIIIIIIIIIIIIIIIIIIIIIIIIIIIIIIIIII
IIIIIIIIIIIIAIIIIIIIIIIIIIIIIIIIIIIIIIIIIIIIIIIIIIIIIIIIIIIIIIII
IIIIIIIIA12IIIIIIIIIIIIIIIIIIIIIIIIIIIIIIIIIIIIIIIIIIIIIIIIIIIII
IIIIA12IA12IIIIIIIIIIIIIIIIIIIIIIIIIIIIIIIIIIIIIIIIIIIIIIIIIIIII
IIIIA12IAA12IIIIIIIIIIIIIIIIIIIIIIIIIIIIIIIIIIIIIIIIIIIIIIIIIIII
IIIIA12IAAA12IIIIIIIIIIIIIIIIIIIIIIIIIIIIIIIIIIIIIIIIIIIIIIIIIII
IIIIA12IAAAA12IIIIIIIIIIIIIIIIIIIIIIIIIIIIIIIIIIIIIIIIIIIIIIIIII
IIIAA12IAAAA12IIIIIIIIIIIIIIIIIIIIIIIIIIIIIIIIIIIIIIIIIIIIIIIIII
IIIIIIIIIIIIAIIIIIIIIIIIIIIIIIIIIIIIIIIIIIIIIIIIIIIIIIIIIIIIIIII
IIIIIIIIIIIIAAIIIIIIIIIIIIIIIIIIIIIIIIIIIIIIIIIIIIIIIIIIIIIIIIII
IIIIIIIIIIIIAAIIIIIIIIIIIIIIIIIIIIIIIIIIIIIIIIIAIIIIIIIIIIIIIIII
IIIIIIIIIIIIAAIIIAIIIIIIIIIIIIIIIIIIIIIIIIIIIIIAIIIIIIIIIIIIIIII
IIIIIIIIAIIIAAIIIAIIIIIIIIIIIIIIIIIIIIIIIIIIIIIAIIIIIIIIIIIIIIII
IIIIAIIIAIIIAAIIIAIIIIIIIIIIIIIIIIIIIIIIIIIIIIIAIIIIIIIIIIIIIIII
IIIIAIIIAAIIAAIIIAIIIIIIIIIIIIIIIIIIIIIIIIIIIIIAIIIIIIIIIIIIIIII
IIIIAIIIAAAIAAIIIAIIIIIIIIIIIIIIIIIIIIIIIIIIIIIAIIIIIIIIIIIIIIII
IIIIAIIIAAAAAAIIIAIIIIIIIIIIIIIIIIIIIIIIIIIIIIIAIIIIIIIIIIIIIIII
IIIAAIIIAAAAAAIIIAIIIIIIIIIIIIIIIIIIIIIIIIIIIIIAIIIIIIIIIIIIIIII
IIIIIIIIIIIIA2IIIIIIIIIIIIIIIIIIIIIIIIIIIIIIIIIIIIIIIIIIIIIIIIII
IIIIIIIIIIIIAA2IIIIIIIIIIIIIIIIIIIIIIIIIIIIIIIIIIIIIIIIIIIIIIIII
IIIIIIIIIIIIAA2IIIIIIIIIIIIIIIIIIIIIIIIIIIIIIIIA2IIIIIIIIIIIIIII
IIIIIIIIIIIIAA2IIA2IIIIIIIIIIIIIIIIIIIIIIIIIIIIA2IIIIIIIIIIIIIII
IIIIIIIIA2IIAA2IIA2IIIIIIIIIIIIIIIIIIIIIIIIIIIIA2IIIIIIIIIIIIIII
IIIIA2IIA2IIAA2IIA2IIIIIIIIIIIIIIIIIIIIIIIIIIIIA2IIIIIIIIIIIIIII
IIIIA2IIAA2IAA2IIA2IIIIIIIIIIIIIIIIIIIIIIIIIIIIA2IIIIIIIIIIIIIII
IIIIA2IIAAA2AA2IIA2IIIIIIIIIIIIIIIIIIIIIIIIIIIIA2IIIIIIIIIIIIIII
IIIIA2IIAAAAAA2IIA2IIIIIIIIIIIIIIIIIIIIIIIIIIIIA2IIIIIIIIIIIIIII
IIIAA2IIAAAAAA2IIA2IIIIIIIIIIIIIIIIIIIIIIIIIIIIA2IIIIIIIIIIIIIII
IIIIIIIIIIIIA2IIIIIIIIIIIIIIIIIIIIIIIIIIIIIIIIIIIIIIIIIIIIIIIIII
IIIIIIIIA1IIIIIIIIIIIIIIIIIIIIIIIIIIIIIIIIIIIIIIIIIIIIIIIIIIIIII
IIIIA1IIA1IIIIIIIIIIIIIIIIIIIIIIIIIIIIIIIIIIIIIIIIIIIIIIIIIIIIII
IIIIA1IIAA1IIIIIIIIIIIIIIIIIIIIIIIIIIIIIIIIIIIIIIIIIIIIIIIIIIIII
IIIIA1IIAAA1IIIIIIIIIIIIIIIIIIIIIIIIIIIIIIIIIIIIIIIIIIIIIIIIIIII
IIIIA1IIAAAA1IIIIIIIIIIIIIIIIIIIIIIIIIIIIIIIIIIIIIIIIIIIIIIIIIII
IIIAA1IIAAAA1IIIIIIIIIIIIIIIIIIIIIIIIIIIIIIIIIIIIIIIIIIIIIIIIIII
IIIIIIIIIIIIA1IIIIIIIIIIIIIIIIIIIIIIIIIIIIIIIIIIIIIIIIIIIIIIIIII
IIIIIIIIIIIIIAIIIIIIIIIIIIIIIIIIIIIIIIIIIIIIIIIIIIIIIIIIIIIIIIII
IIIIIIIIIIIIIAIIIIIIIIIIIIIIIIIIIIIIIIIIIIIIIIIAIIIIIIIIIIIIIIII
IIIIIIIIIIIIIAIIIAIIIIIIIIIIIIIIIIIIIIIIIIIIIIIAIIIIIIIIIIIIIIII
IIIIIIIIAIIIIAIIIAIIIIIIIIIIIIIIIIIIIIIIIIIIIIIAIIIIIIIIIIIIIIII
IIIIAIIIAIIIIAIIIAIIIIIIIIIIIIIIIIIIIIIIIIIIIIIAIIIIIIIIIIIIIIII
IIIIAIIIAAIIIAIIIAIIIIIIIIIIIIIIIIIIIIIIIIIIIIIAIIIIIIIIIIIIIIII
IIIIAIIIAAAIIAIIIAIIIIIIIIIIIIIIIIIIIIIIIIIIIIIAIIIIIIIIIIIIIIII
IIIIAIIIAAAAIAIIIAIIIIIIIIIIIIIIIIIIIIIIIIIIIIIAIIIIIIIIIIIIIIII
IIIAAIIIAAAAIAIIIAIIIIIIIIIIIIIIIIIIIIIIIIIIIIIAIIIIIIIIIIIIIIII
IIIAAIIIAAAAAAIIIAIIIIIIIIIIIIIIIIIIIIIIIIIIIIIAIIIIIIIIIIIIIIII
IIIIIIIIIIIIIA2IIIIIIIIIIIIIIIIIIIIIIIIIIIIIIIIIIIIIIIIIIIIIIIII
IIIIIIIIIIIIIA2IIIIIIIIIIIIIIIIIIIIIIIIIIIIIIIIA2IIIIIIIIIIIIIII
IIIIIIIIIIIIIA2IIA2IIIIIIIIIIIIIIIIIIIIIIIIIIIIA2IIIIIIIIIIIIIII
IIIIIIIIIA2IIA2IIA2IIIIIIIIIIIIIIIIIIIIIIIIIIIIA2IIIIIIIIIIIIIII
IIIIA2IIIA2IIA2IIA2IIIIIIIIIIIIIIIIIIIIIIIIIIIIA2IIIIIIIIIIIIIII
IIIAA2IIIA2IIA2IIA2IIIIIIIIIIIIIIIIIIIIIIIIIIIIA2IIIIIIIIIIIIIII
IIIAA2IIIA2IAA2IIA2IIIIIIIIIIIIIIIIIIIIIIIIIIIIA2IIIIIIIIIIIIIII
IIIAA2IIAA2IAA2IIA2IIIIIIIIIIIIIIIIIIIIIIIIIIIIA2IIIIIIIIIIIIIII
IIIAA2IIAAA2AA2IIA2IIIIIIIIIIIIIIIIIIIIIIIIIIIIA2IIIIIIIIIIIIIII
IIIAA2IIAAAAAA2IIA2IIIIIIIIIIIIIIIIIIIIIIIIIIIIA2IIIIIIIIIIIIIII
IIIIIIIIIIIIA1IIIIIIIIIIIIIIIIIIIIIIIIIIIIIIIIIIIIIIIIIIIIIIIIII
IIIIIIIIIIIIAA1IIIIIIIIIIIIIIIIIIIIIIIIIIIIIIIIIIIIIIIIIIIIIIIII
IIIIIIIIIIIIAA1IIIIIIIIIIIIIIIIIIIIIIIIIIIIIIIIA1IIIIIIIIIIIIIII
IIIIIIIIIIIIAA1IIA1IIIIIIIIIIIIIIIIIIIIIIIIIIIIA1IIIIIIIIIIIIIII
IIIIIIIIA1IIAA1IIA1IIIIIIIIIIIIIIIIIIIIIIIIIIIIA1IIIIIIIIIIIIIII
IIIIA1IIA1IIAA1IIA1IIIIIIIIIIIIIIIIIIIIIIIIIIIIA1IIIIIIIIIIIIIII
IIIIA1IIAA1IAA1IIA1IIIIIIIIIIIIIIIIIIIIIIIIIIIIA1IIIIIIIIIIIIIII
IIIIA1IIAAA1AA1IIA1IIIIIIIIIIIIIIIIIIIIIIIIIIIIA1IIIIIIIIIIIIIII
IIIIA1IIAAAAAA1IIA1IIIIIIIIIIIIIIIIIIIIIIIIIIIIA1IIIIIIIIIIIIIII
IIIAA1IIAAAAAA1IIA1IIIIIIIIIIIIIIIIIIIIIIIIIIIIA1IIIIIIIIIIIIIII
IIIIIIIIIIIIAIIIIIIIIIIIIIIIIIIIIIIIIIIIIIIIIIIIIIIIIIIIIIIIIIII
IIIIIIIIA1IIAIIIIIIIIIIIIIIIIIIIIIIIIIIIIIIIIIIIIIIIIIIIIIIIIIII
IIIIA1IIA1IIAIIIIIIIIIIIIIIIIIIIIIIIIIIIIIIIIIIIIIIIIIIIIIIIIIII
IIIIA1IIAA1IAIIIIIIIIIIIIIIIIIIIIIIIIIIIIIIIIIIIIIIIIIIIIIIIIIII
IIIIA1IIAA1AAIIIIIIIIIIIIIIIIIIIIIIIIIIIIIIIIIIIIIIIIIIIIIIIIIII
IIIIA1IIAAAAAIIIIIIIIIIIIIIIIIIIIIIIIIIIIIIIIIIIIIIIIIIIIIIIIIII
IIIAA1IIAAAAAIIIIIIIIIIIIIIIIIIIIIIIIIIIIIIIIIIIIIIIIIIIIIIIIIII
IIIIIIIIIIIIAIIIIIIIIIIIIIIIIIIIIIIIIIIIIIIIIIIIIIIIIIIIIIIIIIII
IIIIIIIIIIIIAAIIIIIIIIIIIIIIIIIIIIIIIIIIIIIIIIIIIIIIIIIIIIIIIIII
IIIIIIIIIIIIAAIIIIIIIIIIIIIIIIIIIIIIIIIIIIIIIIIAIIIIIIIIIIIIIIII
IIIIIIIIIIIIAAIIIAIIIIIIIIIIIIIIIIIIIIIIIIIIIIIAIIIIIIIIIIIIIIII
IIIIIIIIAIIIAAIIIAIIIIIIIIIIIIIIIIIIIIIIIIIIIIIAIIIIIIIIIIIIIIII
IIIIAIIIAIIIAAIIIAIIIIIIIIIIIIIIIIIIIIIIIIIIIIIAIIIIIIIIIIIIIIII
IIIIAIIIAAIIAAIIIAIIIIIIIIIIIIIIIIIIIIIIIIIIIIIAIIIIIIIIIIIIIIII
IIIIAIIIAAAIAAIIIAIIIIIIIIIIIIIIIIIIIIIIIIIIIIIAIIIIIIIIIIIIIIII
IIIIAIIIAAAAAAIIIAIIIIIIIIIIIIIIIIIIIIIIIIIIIIIAIIIIIIIIIIIIIIII
IIIAAIIIAAAAAAIIIAIIIIIIIIIIIIIIIIIIIIIIIIIIIIIAIIIIIIIIIIIIIIII
IIIIIIIIIIIIAIIIIIIIIIIIIIIIIIIIIIIIIIIIIIIIIIIIIIIIIIIIIIIIIIII
IIIIIIIIAIIIAIIIIIIIIIIIIIIIIIIIIIIIIIIIIIIIIIIIIIIIIIIIIIIIIIII
IIIIAIIIAIIIAIIIIIIIIIIIIIIIIIIIIIIIIIIIIIIIIIIIIIIIIIIIIIIIIIII
IIIIAIIIAAIIAIIIIIIIIIIIIIIIIIIIIIIIIIIIIIIIIIIIIIIIIIIIIIIIIIII
IIIIAIIIAAAIAIIIIIIIIIIIIIIIIIIIIIIIIIIIIIIIIIIIIIIIIIIIIIIIIIII
IIIIAIIIAAAAAIIIIIIIIIIIIIIIIIIIIIIIIIIIIIIIIIIIIIIIIIIIIIIIIIII
IIIAAIIIAAAAAIIIIIIIIIIIIIIIIIIIIIIIIIIIIIIIIIIIIIIIIIIIIIIIIIII
IIIIIIIIIIIIA1IIIIIIIIIIIIIIIIIIIIIIIIIIIIIIIIIIIIIIIIIIIIIIIIII
IIIIIIIIAIIIIIIIIIIIIIIIIIIIIIIIIIIIIIIIIIIIIIIIIIIIIIIIIIIIIIII
IIIIAIIIAIIIIIIIIIIIIIIIIIIIIIIIIIIIIIIIIIIIIIIIIIIIIIIIIIIIIIII
IIIIAIIIAAIIIIIIIIIIIIIIIIIIIIIIIIIIIIIIIIIIIIIIIIIIIIIIIIIIIIII
IIIIAIIIAAAIIIIIIIIIIIIIIIIIIIIIIIIIIIIIIIIIIIIIIIIIIIIIIIIIIIII
IIIIAIIIAAAAIIIIIIIIIIIIIIIIIIIIIIIIIIIIIIIIIIIIIIIIIIIIIIIIIIII
IIIAAIIIAAAAIIIIIIIIIIIIIIIIIIIIIIIIIIIIIIIIIIIIIIIIIIIIIIIIIIII
IIIAAIIIAAAAA1IIIIIIIIIIIIIIIIIIIIIIIIIIIIIIIIIIIIIIIIIIIIIIIIII
IIIIIIIIIIIIA1IIIIIIIIIIIIIIIIIIIIIIIIIIIIIIIIIIIIIIIIIIIIIIIIII
IIIIIIIIAIIIIIIIIIIIIIIIIIIIIIIIIIIIIIIIIIIIIIIIIIIIIIIIIIIIIIII
IIIIAIIIAIIIIIIIIIIIIIIIIIIIIIIIIIIIIIIIIIIIIIIIIIIIIIIIIIIIIIII
IIIIAIIIAAIIIIIIIIIIIIIIIIIIIIIIIIIIIIIIIIIIIIIIIIIIIIIIIIIIIIII
IIIIAIIIAAAIIIIIIIIIIIIIIIIIIIIIIIIIIIIIIIIIIIIIIIIIIIIIIIIIIIII
IIIIAIIIAAAAIIIIIIIIIIIIIIIIIIIIIIIIIIIIIIIIIIIIIIIIIIIIIIIIIIII
IIIAAIIIAAAAIIIIIIIIIIIIIIIIIIIIIIIIIIIIIIIIIIIIIIIIIIIIIIIIIIII
IIIAAIIIAAAAIIIIIIIIIIIIIIIIIIIIIIIIIIIIIIIIIIIA1IIIIIIIIIIIIIII
IIIAAIIIAAAAIIIIIA1IIIIIIIIIIIIIIIIIIIIIIIIIIIIA1IIIIIIIIIIIIIII
IIIAA1IIAAAAIIIIIA1IIIIIIIIIIIIIIIIIIIIIIIIIIIIA1IIIIIIIIIIIIIII
IIIAA1IIAAAA1IIIIA1IIIIIIIIIIIIIIIIIIIIIIIIIIIIA1IIIIIIIIIIIIIII
IIIIA1IIIIIIIIIIIIIIIIIIIIIIIIIIIIIIIIIIIIIIIIIIIIIIIIIIIIIIIIII
IIIIA1IIIA1IIIIIIIIIIIIIIIIIIIIIIIIIIIIIIIIIIIIIIIIIIIIIIIIIIIII
IIIAA1IIIA1IIIIIIIIIIIIIIIIIIIIIIIIIIIIIIIIIIIIIIIIIIIIIIIIIIIII
IIIIIIIIIIIIAIIIIIIIIIIIIIIIIIIIIIIIIIIIIIIIIIIIIIIIIIIIIIIIIIII
IIIIIIIIA2IIIIIIIIIIIIIIIIIIIIIIIIIIIIIIIIIIIIIIIIIIIIIIIIIIIIII
IIIIA2IIA2IIIIIIIIIIIIIIIIIIIIIIIIIIIIIIIIIIIIIIIIIIIIIIIIIIIIII
IIIIA2IIAA2IIIIIIIIIIIIIIIIIIIIIIIIIIIIIIIIIIIIIIIIIIIIIIIIIIIII
IIIIA2IIAAA2IIIIIIIIIIIIIIIIIIIIIIIIIIIIIIIIIIIIIIIIIIIIIIIIIIII
IIIIA2IIAAAA2IIIIIIIIIIIIIIIIIIIIIIIIIIIIIIIIIIIIIIIIIIIIIIIIIII
IIIAA2IIAAAA2IIIIIIIIIIIIIIIIIIIIIIIIIIIIIIIIIIIIIIIIIIIIIIIIIII
IIIAA2IIAAAAA1IIIIIIIIIIIIIIIIIIIIIIIIIIIIIIIIIIIIIIIIIIIIIIIIII
IIIIIIIIIIIIAIIIIIIIIIIIIIIIIIIIIIIIIIIIIIIIIIIIIIIIIIIIIIIIIIII
IIIIIIIIAIIIAIIIIIIIIIIIIIIIIIIIIIIIIIIIIIIIIIIIIIIIIIIIIIIIIIII
IIIIAIIIAIIIAIIIIIIIIIIIIIIIIIIIIIIIIIIIIIIIIIIIIIIIIIIIIIIIIIII
IIIIAIIIAAIIAIIIIIIIIIIIIIIIIIIIIIIIIIIIIIIIIIIIIIIIIIIIIIIIIIII
IIIIAIIIAAAIAIIIIIIIIIIIIIIIIIIIIIIIIIIIIIIIIIIIIIIIIIIIIIIIIIII
IIIIAIIIAAAAAIIIIIIIIIIIIIIIIIIIIIIIIIIIIIIIIIIIIIIIIIIIIIIIIIII
IIIAAIIIAAAAAIIIIIIIIIIIIIIIIIIIIIIIIIIIIIIIIIIIIIIIIIIIIIIIIIII
IIIIIIIIIIIIA1IIIIIIIIIIIIIIIIIIIIIIIIIIIIIIIIIIIIIIIIIIIIIIIIII
IIIIIIIIIIIIAIIIIIIIIIIIIIIIIIIIIIIIIIIIIIIIIIIIIIIIIIIIIIIIIIII
IIIIIIIIAIIIAIIIIIIIIIIIIIIIIIIIIIIIIIIIIIIIIIIIIIIIIIIIIIIIIIII
IIIIAIIIAIIIAIIIIIIIIIIIIIIIIIIIIIIIIIIIIIIIIIIIIIIIIIIIIIIIIIII
IIIIAIIIAAIIAIIIIIIIIIIIIIIIIIIIIIIIIIIIIIIIIIIIIIIIIIIIIIIIIIII
IIIIAIIIAAAIAIIIIIIIIIIIIIIIIIIIIIIIIIIIIIIIIIIIIIIIIIIIIIIIIIII
IIIIAIIIAAAAAIIIIIIIIIIIIIIIIIIIIIIIIIIIIIIIIIIIIIIIIIIIIIIIIIII
IIIAAIIIAAAAAIIIIIIIIIIIIIIIIIIIIIIIIIIIIIIIIIIIIIIIIIIIIIIIIIII
IIIIIIIIIIIIA1IIIIIIIIIIIIIIIIIIIIIIIIIIIIIIIIIIIIIIIIIIIIIIIIII
IIIIIIIIIIA1A1IIIIIIIIIIIIIIIIIIIIIIIIIIIIIIIIIIIIIIIIIIIIIIIIII
IIIIIIIIIIAAA1IIIIIIIIIIIIIIIIIIIIIIIIIIIIIIIIIIIIIIIIIIIIIIIIII
IIIIIIIIIAAAA1IIIIIIIIIIIIIIIIIIIIIIIIIIIIIIIIIIIIIIIIIIIIIIIIII
IIIIAIIIIAAAA1IIIIIIIIIIIIIIIIIIIIIIIIIIIIIIIIIIIIIIIIIIIIIIIIII
IIIAAIIIIAAAA1IIIIIIIIIIIIIIIIIIIIIIIIIIIIIIIIIIIIIIIIIIIIIIIIII
IIIAAIIIIAAAA1IIIIIIIIIIIIIIIIIIIIIIIIIIIIIIIIIAIIIIIIIIIIIIIIII
IIIAAIIIIAAAA1IIIAIIIIIIIIIIIIIIIIIIIIIIIIIIIIIAIIIIIIIIIIIIIIII
IIIIIIIIIIIIIIIIIIIIIIIIIIIIIIIIIIIIIIIIIIIIIIIA1IIIIIIIIIIIIIII
IIIIIIIIIIIIIIIIIA1IIIIIIIIIIIIIIIIIIIIIIIIIIIIA1IIIIIIIIIIIIIII
IIIIIIIIA1IIIIIIIA1IIIIIIIIIIIIIIIIIIIIIIIIIIIIA1IIIIIIIIIIIIIII
IIIIA1IIA1IIIIIIIA1IIIIIIIIIIIIIIIIIIIIIIIIIIIIA1IIIIIIIIIIIIIII
IIIIA1IIAA1IIIIIIA1IIIIIIIIIIIIIIIIIIIIIIIIIIIIA1IIIIIIIIIIIIIII
IIIIA1IIAAA1IIIIIA1IIIIIIIIIIIIIIIIIIIIIIIIIIIIA1IIIIIIIIIIIIIII
IIIIA1IIAAAA1IIIIA1IIIIIIIIIIIIIIIIIIIIIIIIIIIIA1IIIIIIIIIIIIIII
IIIAA1IIAAAA1IIIIA1IIIIIIIIIIIIIIIIIIIIIIIIIIIIA1IIIIIIIIIIIIIII
IIIIIIIIIIIIAIIIIIIIIIIIIIIIIIIIIIIIIIIIIIIIIIIIIIIIIIIIIIIIIIII
IIIIIIIIIIIIAAIIIIIIIIIIIIIIIIIIIIIIIIIIIIIIIIIIIIIIIIIIIIIIIIII
IIIIIIIIIIIIAAIIIIIIIIIIIIIIIIIIIIIIIIIIIIIIIIIAIIIIIIIIIIIIIIII
IIIIIIIIIIIIAAIIIAIIIIIIIIIIIIIIIIIIIIIIIIIIIIIAIIIIIIIIIIIIIIII
IIIIIIIIAIIIAAIIIAIIIIIIIIIIIIIIIIIIIIIIIIIIIIIAIIIIIIIIIIIIIIII
IIIIAIIIAIIIAAIIIAIIIIIIIIIIIIIIIIIIIIIIIIIIIIIAIIIIIIIIIIIIIIII
IIIIAIIIAAIIAAIIIAIIIIIIIIIIIIIIIIIIIIIIIIIIIIIAIIIIIIIIIIIIIIII
IIIIAIIIAAAIAAIIIAIIIIIIIIIIIIIIIIIIIIIIIIIIIIIAIIIIIIIIIIIIIIII
IIIIAIIIAAAAAAIIIAIIIIIIIIIIIIIIIIIIIIIIIIIIIIIAIIIIIIIIIIIIIIII
IIIAAIIIAAAAAAIIIAIIIIIIIIIIIIIIIIIIIIIIIIIIIIIAIIIIIIIIIIIIIIII
IIIAA1IIAAAAAAIIIAIIIIIIIIIIIIIIIIIIIIIIIIIIIIIAIIIIIIIIIIIIIIII
IIIAA1IIAAAAAAIIIAIIIIIIIIIIIIIIIIIIIIIIIIIIIIIA1IIIIIIIIIIIIIII
IIIAA1IIAAAAAAIIIA1IIIIIIIIIIIIIIIIIIIIIIIIIIIIA1IIIIIIIIIIIIIII
IIIIIIIIIIIIIIIIIIIIIIIIIIIIIIIIIIIIIIIIIIIIIIIA1IIIIIIIIIIIIIII
IIIIIIIIIIIIA1IIIIIIIIIIIIIIIIIIIIIIIIIIIIIIIIIA1IIIIIIIIIIIIIII
IIIIIIIIIIIIA1IIIA1IIIIIIIIIIIIIIIIIIIIIIIIIIIIA1IIIIIIIIIIIIIII
IIIIIIIIAIIIA1IIIA1IIIIIIIIIIIIIIIIIIIIIIIIIIIIA1IIIIIIIIIIIIIII
IIIIAIIIAIIIA1IIIA1IIIIIIIIIIIIIIIIIIIIIIIIIIIIA1IIIIIIIIIIIIIII
IIIIAIIIAAIIA1IIIA1IIIIIIIIIIIIIIIIIIIIIIIIIIIIA1IIIIIIIIIIIIIII
IIIIAIIIAAAIA1IIIA1IIIIIIIIIIIIIIIIIIIIIIIIIIIIA1IIIIIIIIIIIIIII
IIIIAIIIAAAAA1IIIA1IIIIIIIIIIIIIIIIIIIIIIIIIIIIA1IIIIIIIIIIIIIII
IIIAAIIIAAAAA1IIIA1IIIIIIIIIIIIIIIIIIIIIIIIIIIIA1IIIIIIIIIIIIIII
IIIIIIIIIIIIIA2IIIIIIIIIIIIIIIIIIIIIIIIIIIIIIIIIIIIIIIIIIIIIIIII
IIIIIIIIIIIIIA2IIIIIIIIIIIIIIIIIIIIIIIIIIIIIIIIA2IIIIIIIIIIIIIII
IIIIIIIIIIIIIA2IIA2IIIIIIIIIIIIIIIIIIIIIIIIIIIIA2IIIIIIIIIIIIIII
IIIIIIIIA2IIIA2IIA2IIIIIIIIIIIIIIIIIIIIIIIIIIIIA2IIIIIIIIIIIIIII
IIIIA2IIA2IIIA2IIA2IIIIIIIIIIIIIIIIIIIIIIIIIIIIA2IIIIIIIIIIIIIII
IIIIA2IIAA2IIA2IIA2IIIIIIIIIIIIIIIIIIIIIIIIIIIIA2IIIIIIIIIIIIIII
IIIIA2IIAAA2IA2IIA2IIIIIIIIIIIIIIIIIIIIIIIIIIIIA2IIIIIIIIIIIIIII
IIIIA2IIAAAA2A2IIA2IIIIIIIIIIIIIIIIIIIIIIIIIIIIA2IIIIIIIIIIIIIII
IIIAA2IIAAAA2A2IIA2IIIIIIIIIIIIIIIIIIIIIIIIIIIIA2IIIIIIIIIIIIIII
IIIAA2IIAAAA2A2IIA2IIIIIIIIIIIIIIIIIIIIIIIIIIIIA1IIIIIIIIIIIIIII
IIIAA2IIAAAAAA2IIA2IIIIIIIIIIIIIIIIIIIIIIIIIIIIA1IIIIIIIIIIIIIII
IIIAA2IIAAAAAA2IIA1IIIIIIIIIIIIIIIIIIIIIIIIIIIIA1IIIIIIIIIIIIIII
IIIAA1IIAAAAAA2IIA1IIIIIIIIIIIIIIIIIIIIIIIIIIIIA1IIIIIIIIIIIIIII
IIIIIIIIIIIIIIIIIIIIIIIIIIIIIIIIIIIIIIIIIIIIIIIA1IIIIIIIIIIIIIII
IIIIIIIIIIIIIIIIIA1IIIIIIIIIIIIIIIIIIIIIIIIIIIIA1IIIIIIIIIIIIIII
IIIIIIIIA1IIIIIIIA1IIIIIIIIIIIIIIIIIIIIIIIIIIIIA1IIIIIIIIIIIIIII
IIIIA1IIA1IIIIIIIA1IIIIIIIIIIIIIIIIIIIIIIIIIIIIA1IIIIIIIIIIIIIII
IIIIA1IIAA1IIIIIIA1IIIIIIIIIIIIIIIIIIIIIIIIIIIIA1IIIIIIIIIIIIIII
IIIIA1IIAAA2IIIIIA1IIIIIIIIIIIIIIIIIIIIIIIIIIIIA1IIIIIIIIIIIIIII
IIIIA1IIAAAA2IIIIA1IIIIIIIIIIIIIIIIIIIIIIIIIIIIA1IIIIIIIIIIIIIII
IIIAA1IIAAAA2IIIIA1IIIIIIIIIIIIIIIIIIIIIIIIIIIIA1IIIIIIIIIIIIIII
IIIIIIIIIIIIA2IIIIIIIIIIIIIIIIIIIIIIIIIIIIIIIIIIIIIIIIIIIIIIIIII
IIIIIIIIIIIIA1IIIIIIIIIIIIIIIIIIIIIIIIIIIIIIIIIIIIIIIIIIIIIIIIII
IIIIIIIIIIIAA1IIIIIIIIIIIIIIIIIIIIIIIIIIIIIIIIIIIIIIIIIIIIIIIIII
IIIIIIIIIIAAA1IIIIIIIIIIIIIIIIIIIIIIIIIIIIIIIIIIIIIIIIIIIIIIIIII
IIIIIIIIIIAAA1IIIIIIIIIIIIIIIIIIIIIIIIIIIIIIIIIA1IIIIIIIIIIIIIII
IIIIIIIIIIAAA1IIIA1IIIIIIIIIIIIIIIIIIIIIIIIIIIIA1IIIIIIIIIIIIIII
IIIIIIIIAIIIIIIIIIIIIIIIIIIIIIIIIIIIIIIIIIIIIIIIIIIIIIIIIIIIIIII
IIIIAIIIAIIIIIIIIIIIIIIIIIIIIIIIIIIIIIIIIIIIIIIIIIIIIIIIIIIIIIII
IIIIAIIIAAIIIIIIIIIIIIIIIIIIIIIIIIIIIIIIIIIIIIIIIIIIIIIIIIIIIIII
IIIIAIIIAAAIIIIIIIIIIIIIIIIIIIIIIIIIIIIIIIIIIIIIIIIIIIIIIIIIIIII
IIIIAIIIAAAAIIIIIIIIIIIIIIIIIIIIIIIIIIIIIIIIIIIIIIIIIIIIIIIIIIII
IIIAAIIIAAAAIIIIIIIIIIIIIIIIIIIIIIIIIIIIIIIIIIIIIIIIIIIIIIIIIIII
IIIIIIIIIIIIA12IIIIIIIIIIIIIIIIIIIIIIIIIIIIIIIIIIIIIIIIIIIIIIIII
IIIIIIIIA12IA12IIIIIIIIIIIIIIIIIIIIIIIIIIIIIIIIIIIIIIIIIIIIIIIII
IIIIA12IA12IA12IIIIIIIIIIIIIIIIIIIIIIIIIIIIIIIIIIIIIIIIIIIIIIIII
IIIIA12IAA12A12IIIIIIIIIIIIIIIIIIIIIIIIIIIIIIIIIIIIIIIIIIIIIIIII
IIIIA12IAAA1A12IIIIIIIIIIIIIIIIIIIIIIIIIIIIIIIIIIIIIIIIIIIIIIIII
IIIIA12IAAAAA12IIIIIIIIIIIIIIIIIIIIIIIIIIIIIIIIIIIIIIIIIIIIIIIII
IIIIIIIIIIIIIIIIIIIIIIIIIIIIIIIIIIIIIIIIIIIIIIIAIIIIIIIIIIIIIIII
IIIIIIIIIIIIIIIIIAIIIIIIIIIIIIIIIIIIIIIIIIIIIIIAIIIIIIIIIIIIIIII
IIIIIIIIAIIIIIIIIAIIIIIIIIIIIIIIIIIIIIIIIIIIIIIAIIIIIIIIIIIIIIII
IIIIAIIIAIIIIIIIIAIIIIIIIIIIIIIIIIIIIIIIIIIIIIIAIIIIIIIIIIIIIIII
IIIIAIIIAAIIIIIIIAIIIIIIIIIIIIIIIIIIIIIIIIIIIIIAIIIIIIIIIIIIIIII
IIIIAIIIAAAIIIIIIAIIIIIIIIIIIIIIIIIIIIIIIIIIIIIAIIIIIIIIIIIIIIII
IIIIAIIIAAAAIIIIIAIIIIIIIIIIIIIIIIIIIIIIIIIIIIIAIIIIIIIIIIIIIIII
IIIAAIIIAAAAIIIIIAIIIIIIIIIIIIIIIIIIIIIIIIIIIIIAIIIIIIIIIIIIIIII
IIIIIIIIIIIIA2IIIIIIIIIIIIIIIIIIIIIIIIIIIIIIIIIIIIIIIIIIIIIIIIII
IIIIIIIIA1IIIIIIIIIIIIIIIIIIIIIIIIIIIIIIIIIIIIIIIIIIIIIIIIIIIIII
IIIIA1IIA1IIIIIIIIIIIIIIIIIIIIIIIIIIIIIIIIIIIIIIIIIIIIIIIIIIIIII
IIIIA1IIAA1IIIIIIIIIIIIIIIIIIIIIIIIIIIIIIIIIIIIIIIIIIIIIIIIIIIII
IIIIA1IIAAA1IIIIIIIIIIIIIIIIIIIIIIIIIIIIIIIIIIIIIIIIIIIIIIIIIIII
IIIIA1IIAAAA1IIIIIIIIIIIIIIIIIIIIIIIIIIIIIIIIIIIIIIIIIIIIIIIIIII
IIIAA1IIAAAA1IIIIIIIIIIIIIIIIIIIIIIIIIIIIIIIIIIIIIIIIIIIIIIIIIII
IIIIIIIIIIIIA1IIIIIIIIIIIIIIIIIIIIIIIIIIIIIIIIIIIIIIIIIIIIIIIIII
IIIIIIIIAIIIIIIIIIIIIIIIIIIIIIIIIIIIIIIIIIIIIIIIIIIIIIIIIIIIIIII
IIIIAIIIAIIIIIIIIIIIIIIIIIIIIIIIIIIIIIIIIIIIIIIIIIIIIIIIIIIIIIII
IIIIAIIIAAIIIIIIIIIIIIIIIIIIIIIIIIIIIIIIIIIIIIIIIIIIIIIIIIIIIIII
IIIIAIIIAAAIIIIIIIIIIIIIIIIIIIIIIIIIIIIIIIIIIIIIIIIIIIIIIIIIIIII
IIIIAIIIAAAAIIIIIIIIIIIIIIIIIIIIIIIIIIIIIIIIIIIIIIIIIIIIIIIIIIII
IIIIAIIIAAAA222IIIIIIIIIIIIIIIIIIIIIIIIIIIIIIIIIIIIIIIIIIIIIIIII
IIIIA112AAAA222IIIIIIIIIIIIIIIIIIIIIIIIIIIIIIIIIIIIIIIIIIIIIIIII
IIIAA112AAAA222IIIIIIIIIIIIIIIIIIIIIIIIIIIIIIIIIIIIIIIIIIIIIIIII
IIIAA112AAAA1222IIIIIIIIIIIIIIIIIIIIIIIIIIIIIIIIIIIIIIIIIIIIIIII
IIIAA112AAAA11222IIIIIIIIIIIIIIIIIIIIIIIIIIIIIIIIIIIIIIIIIIIIIII
IIIAA112AAAAA11222IIIIIIIIIIIIIIIIIIIIIIIIIIIIIIIIIIIIIIIIIIIIII
IIIIIIIIIIIIIIIIIIIIIIIIIIIIIIIIIIIIIIIIIIIIIIIA11222IIIIIIIIIII
IIIIIIIIIIIIIIIIIA1122IIIIIIIIIIIIIIIIIIIIIIIIIA11222IIIIIIIIIII
IIIIIIIIIIIIIIIIIA11222IIIIIIIIIIIIIIIIIIIIIIIIA11222IIIIIIIIIII
IIIIIIIIAIIIIIIIIA11222IIIIIIIIIIIIIIIIIIIIIIIIA11222IIIIIIIIIII
IIIIAIIIAIIIIIIIIA11222IIIIIIIIIIIIIIIIIIIIIIIIA11222IIIIIIIIIII
IIIIAIIIAAIIIIIIIA11222IIIIIIIIIIIIIIIIIIIIIIIIA11222IIIIIIIIIII
IIIIAIIIAAAIIIIIIA11222IIIIIIIIIIIIIIIIIIIIIIIIA11222IIIIIIIIIII
IIIIAIIIAAAAIIIIIA11222IIIIIIIIIIIIIIIIIIIIIIIIA11222IIIIIIIIIII
IIIAAIIIAAAAIIIIIA11222IIIIIIIIIIIIIIIIIIIIIIIIA11222IIIIIIIIIII
IIIIIIIIIIIIA1IIIIIIIIIIIIIIIIIIIIIIIIIIIIIIIIIIIIIIIIIIIIIIIIII
IIIIIIIIIIIIAA1IIIIIIIIIIIIIIIIIIIIIIIIIIIIIIIIIIIIIIIIIIIIIIIII
IIIIIIIIIIIIAA1IIIIIIIIIIIIIIIIIIIIIIIIIIIIIIIIA1IIIIIIIIIIIIIII
IIIIIIIIIIIIAA1IIA1IIIIIIIIIIIIIIIIIIIIIIIIIIIIA1IIIIIIIIIIIIIII
IIIIIIIIA1IIAA1IIA1IIIIIIIIIIIIIIIIIIIIIIIIIIIIA1IIIIIIIIIIIIIII
IIIIA1IIA1IIAA1IIA1IIIIIIIIIIIIIIIIIIIIIIIIIIIIA1IIIIIIIIIIIIIII
IIIIA1IIAA1IAA1IIA1IIIIIIIIIIIIIIIIIIIIIIIIIIIIA1IIIIIIIIIIIIIII
IIIIA1IIAAA1AA1IIA1IIIIIIIIIIIIIIIIIIIIIIIIIIIIA1IIIIIIIIIIIIIII
IIIIA1IIAAAAAA1IIA1IIIIIIIIIIIIIIIIIIIIIIIIIIIIA1IIIIIIIIIIIIIII
IIIAA1IIAAAAAA1IIA1IIIIIIIIIIIIIIIIIIIIIIIIIIIIA1IIIIIIIIIIIIIII
IIIIIIIIIIIIAIIIIIIIIIIIIIIIIIIIIIIIIIIIIIIIIIIIIIIIIIIIIIIIIIII
IIIIIIIIIIIIAAIIIIIIIIIIIIIIIIIIIIIIIIIIIIIIIIIIIIIIIIIIIIIIIIII
IIIIIIIIIIIIAAIIIIIIIIIIIIIIIIIIIIIIIIIIIIIIIIIAIIIIIIIIIIIIIIII
IIIIIIIIIIIIAAIIIAIIIIIIIIIIIIIIIIIIIIIIIIIIIIIAIIIIIIIIIIIIIIII
IIIIIIIIAIIIAAIIIAIIIIIIIIIIIIIIIIIIIIIIIIIIIIIAIIIIIIIIIIIIIIII
IIIIAIIIAIIIAAIIIAIIIIIIIIIIIIIIIIIIIIIIIIIIIIIAIIIIIIIIIIIIIIII
IIIIAIIIAAIIAAIIIAIIIIIIIIIIIIIIIIIIIIIIIIIIIIIAIIIIIIIIIIIIIIII
IIIIAIIIAAAIAAIIIAIIIIIIIIIIIIIIIIIIIIIIIIIIIIIAIIIIIIIIIIIIIIII
IIIIAIIIAAAAAAIIIAIIIIIIIIIIIIIIIIIIIIIIIIIIIIIAIIIIIIIIIIIIIIII
IIIIIIIIIAIIIIIIIIIIIIIIIIIIIIIIIIIIIIIIIIIIIIIIIIIIIIIIIIIIIIII
IIIIAIIIIAIIIIIIIIIIIIIIIIIIIIIIIIIIIIIIIIIIIIIIIIIIIIIIIIIIIIII
IIIAAIIIIAIIIIIIIIIIIIIIIIIIIIIIIIIIIIIIIIIIIIIIIIIIIIIIIIIIIIII
IIIIIIIIIIIIA12IIIIIIIIIIIIIIIIIIIIIIIIIIIIIIIIIIIIIIIIIIIIIIIII
IIIIIIIIA12IIIIIIIIIIIIIIIIIIIIIIIIIIIIIIIIIIIIIIIIIIIIIIIIIIIII
IIIIA12IA12IIIIIIIIIIIIIIIIIIIIIIIIIIIIIIIIIIIIIIIIIIIIIIIIIIIII
IIIIA12IAA12IIIIIIIIIIIIIIIIIIIIIIIIIIIIIIIIIIIIIIIIIIIIIIIIIIII
IIIIA12IAAA12IIIIIIIIIIIIIIIIIIIIIIIIIIIIIIIIIIIIIIIIIIIIIIIIIII
IIIIA12IAAAA12IIIIIIIIIIIIIIIIIIIIIIIIIIIIIIIIIIIIIIIIIIIIIIIIII
IIIAA12IAAAA12IIIIIIIIIIIIIIIIIIIIIIIIIIIIIIIIIIIIIIIIIIIIIIIIII
IIIIIIIIIIIIAIIIIIIIIIIIIIIIIIIIIIIIIIIIIIIIIIIIIIIIIIIIIIIIIIII
IIIIIIIIA1IIIIIIIIIIIIIIIIIIIIIIIIIIIIIIIIIIIIIIIIIIIIIIIIIIIIII
IIIIA1IIA1IIIIIIIIIIIIIIIIIIIIIIIIIIIIIIIIIIIIIIIIIIIIIIIIIIIIII
IIIIA1IIAA1IIIIIIIIIIIIIIIIIIIIIIIIIIIIIIIIIIIIIIIIIIIIIIIIIIIII
IIIIA1IIAAA1IIIIIIIIIIIIIIIIIIIIIIIIIIIIIIIIIIIIIIIIIIIIIIIIIIII
IIIIA1IIAAAA1IIIIIIIIIIIIIIIIIIIIIIIIIIIIIIIIIIIIIIIIIIIIIIIIIII
IIIAA1IIAAAA1IIIIIIIIIIIIIIIIIIIIIIIIIIIIIIIIIIIIIIIIIIIIIIIIIII
IIIIIIIIIIIIA1IIIIIIIIIIIIIIIIIIIIIIIIIIIIIIIIIIIIIIIIIIIIIIIIII
IIIIIIIIAIIIIIIIIIIIIIIIIIIIIIIIIIIIIIIIIIIIIIIIIIIIIIIIIIIIIIII
IIIIAIIIAIIIIIIIIIIIIIIIIIIIIIIIIIIIIIIIIIIIIIIIIIIIIIIIIIIIIIII
IIIIAIIIAAIIIIIIIIIIIIIIIIIIIIIIIIIIIIIIIIIIIIIIIIIIIIIIIIIIIIII
IIIIAIIIAAAIIIIIIIIIIIIIIIIIIIIIIIIIIIIIIIIIIIIIIIIIIIIIIIIIIIII
IIIIAIIIAAAAIIIIIIIIIIIIIIIIIIIIIIIIIIIIIIIIIIIIIIIIIIIIIIIIIIII
IIIAAIIIAAAAIIIIIIIIIIIIIIIIIIIIIIIIIIIIIIIIIIIIIIIIIIIIIIIIIIII
IIIAA1IIAAAAIIIIIIIIIIIIIIIIIIIIIIIIIIIIIIIIIIIIIIIIIIIIIIIIIIII
IIIAA1IIAAAA1IIIIIIIIIIIIIIIIIIIIIIIIIIIIIIIIIIIIIIIIIIIIIIIIIII
IIIIIIIIIIIIA1IIIIIIIIIIIIIIIIIIIIIIIIIIIIIIIIIIIIIIIIIIIIIIIIII
IIIIIIIIIII2AIIIIIIIIIIIIIIIIIIIIIIIIIIIIIIIIIIIIIIIIIIIIIIIIIII
IIIIIII2AIIIIIIIIIIIIIIIIIIIIIIIIIIIIIIIIIIIIIIIIIIIIIIIIIIIIIII
III2AII2AIIIIIIIIIIIIIIIIIIIIIIIIIIIIIIIIIIIIIIIIIIIIIIIIIIIIIII
III2AII2AAIIIIIIIIIIIIIIIIIIIIIIIIIIIIIIIIIIIIIIIIIIIIIIIIIIIIII
III2AII2AAAIIIIIIIIIIIIIIIIIIIIIIIIIIIIIIIIIIIIIIIIIIIIIIIIIIIII
III2AII2AAAAIIIIIIIIIIIIIIIIIIIIIIIIIIIIIIIIIIIIIIIIIIIIIIIIIIII
IIIIIIIIIAIIIIIIIIIIIIIIIIIIIIIIIIIIIIIIIIIIIIIIIIIIIIIIIIIIIIII
IIIIAIIIIAIIIIIIIIIIIIIIIIIIIIIIIIIIIIIIIIIIIIIIIIIIIIIIIIIIIIII
IIIAAIIIIAIIIIIIIIIIIIIIIIIIIIIIIIIIIIIIIIIIIIIIIIIIIIIIIIIIIIII
IIIAAIIIIAIIAIIIIIIIIIIIIIIIIIIIIIIIIIIIIIIIIIIIIIIIIIIIIIIIIIII
IIIIIIIIA1IIIIIIIIIIIIIIIIIIIIIIIIIIIIIIIIIIIIIIIIIIIIIIIIIIIIII
IIIIA1IIA1IIIIIIIIIIIIIIIIIIIIIIIIIIIIIIIIIIIIIIIIIIIIIIIIIIIIII
IIIIA1IIAA1IIIIIIIIIIIIIIIIIIIIIIIIIIIIIIIIIIIIIIIIIIIIIIIIIIIII
IIIIA1IIAAA1IIIIIIIIIIIIIIIIIIIIIIIIIIIIIIIIIIIIIIIIIIIIIIIIIIII
IIIIA1IIAAAA1IIIIIIIIIIIIIIIIIIIIIIIIIIIIIIIIIIIIIIIIIIIIIIIIIII
IIIAA1IIAAAA1IIIIIIIIIIIIIIIIIIIIIIIIIIIIIIIIIIIIIIIIIIIIIIIIIII
IIIAA1IIAAAA1IIIIIIIIIIIIIIIIIIIIIIIIIIIIIIIIIIA1IIIIIIIIIIIIIII
IIIAA1IIAAAAA1IIIIIIIIIIIIIIIIIIIIIIIIIIIIIIIIIA1IIIIIIIIIIIIIII
IIIAA1IIAAAAA1IIIA1IIIIIIIIIIIIIIIIIIIIIIIIIIIIA1IIIIIIIIIIIIIII
IIIAA1I2AAAAA1IIIA1IIIIIIIIIIIIIIIIIIIIIIIIIIIIA1IIIIIIIIIIIIIII
II2AA1I2AAAAA1IIIA1IIIIIIIIIIIIIIIIIIIIIIIIIIIIA1IIIIIIIIIIIIIII
IIIIIIIIIIIIA1IIIIIIIIIIIIIIIIIIIIIIIIIIIIIIIIIIIIIIIIIIIIIIIIII
IIIIIIIIIIIIAA1IIIIIIIIIIIIIIIIIIIIIIIIIIIIIIIIIIIIIIIIIIIIIIIII
IIIIIIIIIIIIAA1IIIIIIIIIIIIIIIIIIIIIIIIIIIIIIIIA1IIIIIIIIIIIIIII
IIIIIIIIIIIIAA1IIA1IIIIIIIIIIIIIIIIIIIIIIIIIIIIA1IIIIIIIIIIIIIII
IIIIIIIIA1IIAA1IIA1IIIIIIIIIIIIIIIIIIIIIIIIIIIIA1IIIIIIIIIIIIIII
IIIIA1IIA1IIAA1IIA1IIIIIIIIIIIIIIIIIIIIIIIIIIIIA1IIIIIIIIIIIIIII
IIIIA1IIAA1IAA1IIA1IIIIIIIIIIIIIIIIIIIIIIIIIIIIA1IIIIIIIIIIIIIII
IIIIA1IIAAA1AA1IIA1IIIIIIIIIIIIIIIIIIIIIIIIIIIIA1IIIIIIIIIIIIIII
IIIIA1IIAAAAAA1IIA1IIIIIIIIIIIIIIIIIIIIIIIIIIIIA1IIIIIIIIIIIIIII
IIIAA1IIAAAAAA1IIA1IIIIIIIIIIIIIIIIIIIIIIIIIIIIA1IIIIIIIIIIIIIII
IIIIIIIIIIIIAIIIIIIIIIIIIIIIIIIIIIIIIIIIIIIIIIIIIIIIIIIIIIIIIIII
IIIIIIIIIIIIAAIIIIIIIIIIIIIIIIIIIIIIIIIIIIIIIIIIIIIIIIIIIIIIIIII
IIIIIIIIIIIIAAIIIIIIIIIIIIIIIIIIIIIIIIIIIIIIIIIAIIIIIIIIIIIIIIII
IIIIIIIIIIIIAAIIIAIIIIIIIIIIIIIIIIIIIIIIIIIIIIIAIIIIIIIIIIIIIIII
IIIIIIIIA2IIAAIIIAIIIIIIIIIIIIIIIIIIIIIIIIIIIIIAIIIIIIIIIIIIIIII
IIIIA2IIA2IIAAIIIAIIIIIIIIIIIIIIIIIIIIIIIIIIIIIAIIIIIIIIIIIIIIII
IIIIA2IIAA2IAAIIIAIIIIIIIIIIIIIIIIIIIIIIIIIIIIIAIIIIIIIIIIIIIIII
IIIIA2IIAAA2AAIIIAIIIIIIIIIIIIIIIIIIIIIIIIIIIIIAIIIIIIIIIIIIIIII
IIIIA2IIAAAAAAIIIAIIIIIIIIIIIIIIIIIIIIIIIIIIIIIAIIIIIIIIIIIIIIII
IIIAA2IIAAAAAAIIIAIIIIIIIIIIIIIIIIIIIIIIIIIIIIIAIIIIIIIIIIIIIIII
IIIIIIIIIIIIA1IIIIIIIIIIIIIIIIIIIIIIIIIIIIIIIIIIIIIIIIIIIIIIIIII
IIIIIIIIA1IIA1IIIIIIIIIIIIIIIIIIIIIIIIIIIIIIIIIIIIIIIIIIIIIIIIII
IIIIA1IIA1IIA1IIIIIIIIIIIIIIIIIIIIIIIIIIIIIIIIIIIIIIIIIIIIIIIIII
IIIIA1IIAA2IA1IIIIIIIIIIIIIIIIIIIIIIIIIIIIIIIIIIIIIIIIIIIIIIIIII
IIIIA1IIAAA2A1IIIIIIIIIIIIIIIIIIIIIIIIIIIIIIIIIIIIIIIIIIIIIIIIII
IIIIA1IIAAAAA1IIIIIIIIIIIIIIIIIIIIIIIIIIIIIIIIIIIIIIIIIIIIIIIIII
IIIAA1IIAAAAA1IIIIIIIIIIIIIIIIIIIIIIIIIIIIIIIIIIIIIIIIIIIIIIIIII
IIIIIIIIIIIIA1IIIIIIIIIIIIIIIIIIIIIIIIIIIIIIIIIIIIIIIIIIIIIIIIII
IIIIIIIIIIIIAA1IIIIIIIIIIIIIIIIIIIIIIIIIIIIIIIIIIIIIIIIIIIIIIIII
IIIIIIIIIIIIAA1IIIIIIIIIIIIIIIIIIIIIIIIIIIIIIIIA1IIIIIIIIIIIIIII
IIIIIIIIIIIIAA1IIA1IIIIIIIIIIIIIIIIIIIIIIIIIIIIA1IIIIIIIIIIIIIII
IIIIIIIIA1IIAA1IIA1IIIIIIIIIIIIIIIIIIIIIIIIIIIIA1IIIIIIIIIIIIIII
IIIIA1IIA1IIAA1IIA1IIIIIIIIIIIIIIIIIIIIIIIIIIIIA1IIIIIIIIIIIIIII
IIIIA1IIAA1IAA1IIA1IIIIIIIIIIIIIIIIIIIIIIIIIIIIA1IIIIIIIIIIIIIII
IIIIA1IIAAA1AA1IIA1IIIIIIIIIIIIIIIIIIIIIIIIIIIIA1IIIIIIIIIIIIIII
IIIIA1IIAAAAAA1IIA1IIIIIIIIIIIIIIIIIIIIIIIIIIIIA1IIIIIIIIIIIIIII
IIIAA1IIAAAAAA1IIA1IIIIIIIIIIIIIIIIIIIIIIIIIIIIA1IIIIIIIIIIIIIII
IIIIIIIIIIIIA1IIIIIIIIIIIIIIIIIIIIIIIIIIIIIIIIIIIIIIIIIIIIIIIIII
IIIIIIIIIIIIAA1IIIIIIIIIIIIIIIIIIIIIIIIIIIIIIIIIIIIIIIIIIIIIIIII
IIIIIIIIIIIIAA1IIIIIIIIIIIIIIIIIIIIIIIIIIIIIIIIA1IIIIIIIIIIIIIII
IIIIIIIIIIIIAA1IIA1IIIIIIIIIIIIIIIIIIIIIIIIIIIIA1IIIIIIIIIIIIIII
IIIIIIIIA1IIAA1IIA1IIIIIIIIIIIIIIIIIIIIIIIIIIIIA1IIIIIIIIIIIIIII
IIIIA1IIA1IIAA1IIA1IIIIIIIIIIIIIIIIIIIIIIIIIIIIA1IIIIIIIIIIIIIII
IIIIA1IIAA1IAA1IIA1IIIIIIIIIIIIIIIIIIIIIIIIIIIIA1IIIIIIIIIIIIIII
IIIIA1IIAAA1AA1IIA1IIIIIIIIIIIIIIIIIIIIIIIIIIIIA1IIIIIIIIIIIIIII
IIIIA1IIAAAAAA1IIA1IIIIIIIIIIIIIIIIIIIIIIIIIIIIA1IIIIIIIIIIIIIII
IIIAA1IIAAAAAA1IIA1IIIIIIIIIIIIIIIIIIIIIIIIIIIIA1IIIIIIIIIIIIIII
IIIIIIIIIIIIAIIIIIIIIIIIIIIIIIIIIIIIIIIIIIIIIIIIIIIIIIIIIIIIIIII
IIIIIIIIA12IIIIIIIIIIIIIIIIIIIIIIIIIIIIIIIIIIIIIIIIIIIIIIIIIIIII
IIIIA12IA12IIIIIIIIIIIIIIIIIIIIIIIIIIIIIIIIIIIIIIIIIIIIIIIIIIIII
IIIIA12IAA12IIIIIIIIIIIIIIIIIIIIIIIIIIIIIIIIIIIIIIIIIIIIIIIIIIII
IIIIA12IAAA12IIIIIIIIIIIIIIIIIIIIIIIIIIIIIIIIIIIIIIIIIIIIIIIIIII
IIIIA12IAAAA12IIIIIIIIIIIIIIIIIIIIIIIIIIIIIIIIIIIIIIIIIIIIIIIIII
IIIAA12IAAAA12IIIIIIIIIIIIIIIIIIIIIIIIIIIIIIIIIIIIIIIIIIIIIIIIII
IIIIIIIIIIIIA12IIIIIIIIIIIIIIIIIIIIIIIIIIIIIIIIIIIIIIIIIIIIIIIII
IIIIIIIIIIIIIAIIIIIIIIIIIIIIIIIIIIIIIIIIIIIIIIIIIIIIIIIIIIIIIIII
IIIIIIIIIIIIIAIIIIIIIIIIIIIIIIIIIIIIIIIIIIIIIIIAIIIIIIIIIIIIIIII
IIIIIIIIIIIIIAIIIAIIIIIIIIIIIIIIIIIIIIIIIIIIIIIAIIIIIIIIIIIIIIII
IIIIIIIIAIIIIAIIIAIIIIIIIIIIIIIIIIIIIIIIIIIIIIIAIIIIIIIIIIIIIIII
IIIIAIIIAIIIIAIIIAIIIIIIIIIIIIIIIIIIIIIIIIIIIIIAIIIIIIIIIIIIIIII
IIIIAIIIAAIIIAIIIAIIIIIIIIIIIIIIIIIIIIIIIIIIIIIAIIIIIIIIIIIIIIII
IIIIAIIIAAAIIAIIIAIIIIIIIIIIIIIIIIIIIIIIIIIIIIIAIIIIIIIIIIIIIIII
IIIIAIIIAAAAIAIIIAIIIIIIIIIIIIIIIIIIIIIIIIIIIIIAIIIIIIIIIIIIIIII
IIIAAIIIAAAAIAIIIAIIIIIIIIIIIIIIIIIIIIIIIIIIIIIAIIIIIIIIIIIIIIII
IIIIIIIIIIIIIIIIIIIIIIIIIIIIIIIIIIIIIIIIIIIIIIIA2IIIIIIIIIIIIIII
IIIIIIIIIIIIA2IIIIIIIIIIIIIIIIIIIIIIIIIIIIIIIIIA2IIIIIIIIIIIIIII
IIIIIIIIIIIIA2IIIA2IIIIIIIIIIIIIIIIIIIIIIIIIIIIA2IIIIIIIIIIIIIII
IIIIIIIIA2IIA2IIIA2IIIIIIIIIIIIIIIIIIIIIIIIIIIIA2IIIIIIIIIIIIIII
IIIIA2IIA2IIA2IIIA2IIIIIIIIIIIIIIIIIIIIIIIIIIIIA2IIIIIIIIIIIIIII
IIIIA2IIAA2IA2IIIA2IIIIIIIIIIIIIIIIIIIIIIIIIIIIA2IIIIIIIIIIIIIII
IIIIA2IIAAA2A2IIIA2IIIIIIIIIIIIIIIIIIIIIIIIIIIIA2IIIIIIIIIIIIIII
IIIIA2IIAAAAA2IIIA2IIIIIIIIIIIIIIIIIIIIIIIIIIIIA2IIIIIIIIIIIIIII
IIIIIIIIIA1IIIIIIIIIIIIIIIIIIIIIIIIIIIIIIIIIIIIIIIIIIIIIIIIIIIII
IIIIAIIIIA1IIIIIIIIIIIIIIIIIIIIIIIIIIIIIIIIIIIIIIIIIIIIIIIIIIIII
IIIAAIIIIA1IIIIIIIIIIIIIIIIIIIIIIIIIIIIIIIIIIIIIIIIIIIIIIIIIIIII
IIIAA1IIIA1IIIIIIIIIIIIIIIIIIIIIIIIIIIIIIIIIIIIIIIIIIIIIIIIIIIII
IIIIIIIIIIIIIAIIIIIIIIIIIIIIIIIIIIIIIIIIIIIIIIIIIIIIIIIIIIIIIIII
IIIIIIIIIIIIIAIIIIIIIIIIIIIIIIIIIIIIIIIIIIIIIIIAIIIIIIIIIIIIIIII
IIIIIIIIIIIIIAIIIAIIIIIIIIIIIIIIIIIIIIIIIIIIIIIAIIIIIIIIIIIIIIII
IIIIIIIIAIIIIAIIIAIIIIIIIIIIIIIIIIIIIIIIIIIIIIIAIIIIIIIIIIIIIIII
IIIIAIIIAIIIIAIIIAIIIIIIIIIIIIIIIIIIIIIIIIIIIIIAIIIIIIIIIIIIIIII
IIIIAIIIAAIIIAIIIAIIIIIIIIIIIIIIIIIIIIIIIIIIIIIAIIIIIIIIIIIIIIII
IIIIAIIIAAAIIAIIIAIIIIIIIIIIIIIIIIIIIIIIIIIIIIIAIIIIIIIIIIIIIIII
IIIIAIIIAAAAIAIIIAIIIIIIIIIIIIIIIIIIIIIIIIIIIIIAIIIIIIIIIIIIIIII
IIIAAIIIAAAAIAIIIAIIIIIIIIIIIIIIIIIIIIIIIIIIIIIAIIIIIIIIIIIIIIII
IIIAAIIIAAAAAAIIIAIIIIIIIIIIIIIIIIIIIIIIIIIIIIIAIIIIIIIIIIIIIIII
IIIAAIIIAAAAAAIIIA1IIIIIIIIIIIIIIIIIIIIIIIIIIIIAIIIIIIIIIIIIIIII
IIIAA1IIAAAAAAIIIA1IIIIIIIIIIIIIIIIIIIIIIIIIIIIAIIIIIIIIIIIIIIII
IIIIIIIIIAIIIIIIIIIIIIIIIIIIIIIIIIIIIIIIIIIIIIIIIIIIIIIIIIIIIIII
IIIIAIIIIAIIIIIIIIIIIIIIIIIIIIIIIIIIIIIIIIIIIIIIIIIIIIIIIIIIIIII
IIIAAIIIIAIIIIIIIIIIIIIIIIIIIIIIIIIIIIIIIIIIIIIIIIIIIIIIIIIIIIII
IIIAAIIIIAIIA1IIIIIIIIIIIIIIIIIIIIIIIIIIIIIIIIIIIIIIIIIIIIIIIIII
IIIAAIIIAAIIA1IIIIIIIIIIIIIIIIIIIIIIIIIIIIIIIIIIIIIIIIIIIIIIIIII
IIIAA1IIAAIIA1IIIIIIIIIIIIIIIIIIIIIIIIIIIIIIIIIIIIIIIIIIIIIIIIII
IIIIIIIIIIIIIIIIIIIIIIIIIIIIIIIIIIIIIIIIIIIIIIIA1IIIIIIIIIIIIIII
IIIIIIIIIIIIIIIIIA1IIIIIIIIIIIIIIIIIIIIIIIIIIIIA1IIIIIIIIIIIIIII
IIIIIIIIA1IIIIIIIA1IIIIIIIIIIIIIIIIIIIIIIIIIIIIA1IIIIIIIIIIIIIII
IIIIA1IIA1IIIIIIIA1IIIIIIIIIIIIIIIIIIIIIIIIIIIIA1IIIIIIIIIIIIIII
IIIIA1IIAA1IIIIIIA1IIIIIIIIIIIIIIIIIIIIIIIIIIIIA1IIIIIIIIIIIIIII
IIIIA1IIAAAIIIIIIA1IIIIIIIIIIIIIIIIIIIIIIIIIIIIA1IIIIIIIIIIIIIII
IIIIA1IIAAAAIIIIIA1IIIIIIIIIIIIIIIIIIIIIIIIIIIIA1IIIIIIIIIIIIIII
IIIAA1IIAAAAIIIIIA1IIIIIIIIIIIIIIIIIIIIIIIIIIIIA1IIIIIIIIIIIIIII
IIIIIIIIIIIIAIIIIIIIIIIIIIIIIIIIIIIIIIIIIIIIIIIIIIIIIIIIIIIIIIII
IIIIIIIIA1IIIIIIIIIIIIIIIIIIIIIIIIIIIIIIIIIIIIIIIIIIIIIIIIIIIIII
IIIIA1IIA1IIIIIIIIIIIIIIIIIIIIIIIIIIIIIIIIIIIIIIIIIIIIIIIIIIIIII
IIIIA1IIAA1IIIIIIIIIIIIIIIIIIIIIIIIIIIIIIIIIIIIIIIIIIIIIIIIIIIII
IIIIA1IIAAA1IIIIIIIIIIIIIIIIIIIIIIIIIIIIIIIIIIIIIIIIIIIIIIIIIIII
IIIIA1IIAAAA1IIIIIIIIIIIIIIIIIIIIIIIIIIIIIIIIIIIIIIIIIIIIIIIIIII
IIIAA1IIAAAA1IIIIIIIIIIIIIIIIIIIIIIIIIIIIIIIIIIIIIIIIIIIIIIIIIII
IIIAA1IIAAAAA1IIIIIIIIIIIIIIIIIIIIIIIIIIIIIIIIIIIIIIIIIIIIIIIIII
IIIIIII2AIIIIIIIIIIIIIIIIIIIIIIIIIIIIIIIIIIIIIIIIIIIIIIIIIIIIIII
III2AII2AIIIIIIIIIIIIIIIIIIIIIIIIIIIIIIIIIIIIIIIIIIIIIIIIIIIIIII
III2AII2AAIIIIIIIIIIIIIIIIIIIIIIIIIIIIIIIIIIIIIIIIIIIIIIIIIIIIII
III2AII2AAAIIIIIIIIIIIIIIIIIIIIIIIIIIIIIIIIIIIIIIIIIIIIIIIIIIIII
III2AII2AAAAIIIIIIIIIIIIIIIIIIIIIIIIIIIIIIIIIIIIIIIIIIIIIIIIIIII
III2A1I2AAAAIIIIIIIIIIIIIIIIIIIIIIIIIIIIIIIIIIIIIIIIIIIIIIIIIIII
IIIAA1I2AAAAIIIIIIIIIIIIIIIIIIIIIIIIIIIIIIIIIIIIIIIIIIIIIIIIIIII
IIIAA1I2AAAAA1IIIIIIIIIIIIIIIIIIIIIIIIIIIIIIIIIIIIIIIIIIIIIIIIII
IIIIIIIIIII2AIIIIIIIIIIIIIIIIIIIIIIIIIIIIIIIIIIIIIIIIIIIIIIIIIII
IIIIIII2AII2AIIIIIIIIIIIIIIIIIIIIIIIIIIIIIIIIIIIIIIIIIIIIIIIIIII
III2AII2AII2AIIIIIIIIIIIIIIIIIIIIIIIIIIIIIIIIIIIIIIIIIIIIIIIIIII
III2AII2AAI2AIIIIIIIIIIIIIIIIIIIIIIIIIIIIIIIIIIIIIIIIIIIIIIIIIII
III2AII2AAA2AIIIIIIIIIIIIIIIIIIIIIIIIIIIIIIIIIIIIIIIIIIIIIIIIIII
III2AII2AAAAAIIIIIIIIIIIIIIIIIIIIIIIIIIIIIIIIIIIIIIIIIIIIIIIIIII
II2AAII2AAAAAIIIIIIIIIIIIIIIIIIIIIIIIIIIIIIIIIIIIIIIIIIIIIIIIIII
II2AAII2AAAAAIIIIIIIIIIIIIIIIIIIIIIIIIIIIIIIIIIA1IIIIIIIIIIIIIII
II2AAII2AAAAAIIIIA1IIIIIIIIIIIIIIIIIIIIIIIIIIIIA1IIIIIIIIIIIIIII
II2AA1I2AAAAAIIIIA1IIIIIIIIIIIIIIIIIIIIIIIIIIIIA1IIIIIIIIIIIIIII
IIIIIIIIIIIIIIIIIIIIIIIIIIIIIIIIIIIIIIIIIIIIIIIA1IIIIIIIIIIIIIII
IIIIIIIIIIIIIIIIIA1IIIIIIIIIIIIIIIIIIIIIIIIIIIIA1IIIIIIIIIIIIIII
IIIIIIIIA1IIIIIIIA1IIIIIIIIIIIIIIIIIIIIIIIIIIIIA1IIIIIIIIIIIIIII
IIIIA1IIA1IIIIIIIA1IIIIIIIIIIIIIIIIIIIIIIIIIIIIA1IIIIIIIIIIIIIII
IIIIA1IIAA1IIIIIIA1IIIIIIIIIIIIIIIIIIIIIIIIIIIIA1IIIIIIIIIIIIIII
IIIIA1IIAAA1IIIIIA1IIIIIIIIIIIIIIIIIIIIIIIIIIIIA1IIIIIIIIIIIIIII
IIIIA1IIAAAA1IIIIA1IIIIIIIIIIIIIIIIIIIIIIIIIIIIA1IIIIIIIIIIIIIII
IIIAA1IIAAAA1IIIIA1IIIIIIIIIIIIIIIIIIIIIIIIIIIIA1IIIIIIIIIIIIIII
IIIIIIIIIIIIIIIIIIIIIIIIIIIIIIIIIIIIIIIIIIIIIIIA1IIIIIIIIIIIIIII
IIIIIIIIIIIIIIIIIA1IIIIIIIIIIIIIIIIIIIIIIIIIIIIA1IIIIIIIIIIIIIII
IIIIIII2AIIIIIIIIA1IIIIIIIIIIIIIIIIIIIIIIIIIIIIA1IIIIIIIIIIIIIII
III2AII2AIIIIIIIIA1IIIIIIIIIIIIIIIIIIIIIIIIIIIIA1IIIIIIIIIIIIIII
III2AII2AAIIIIIIIA1IIIIIIIIIIIIIIIIIIIIIIIIIIIIA1IIIIIIIIIIIIIII
III2AII2AAAIIIIIIA1IIIIIIIIIIIIIIIIIIIIIIIIIIIIA1IIIIIIIIIIIIIII
III2AII2AAAAIIIIIA1IIIIIIIIIIIIIIIIIIIIIIIIIIIIA1IIIIIIIIIIIIIII
II2AAII2AAAAIIIIIA1IIIIIIIIIIIIIIIIIIIIIIIIIIIIA1IIIIIIIIIIIIIII
II2AAII2AAAAIIIIIA1IIIIIIIIIIIIIIIIIIIIIIIIIII2A1IIIIIIIIIIIIIII
II2AAII2AAAAIIII2A1IIIIIIIIIIIIIIIIIIIIIIIIIII2A1IIIIIIIIIIIIIII
IIIIIIIIIIIIA1IIIIIIIIIIIIIIIIIIIIIIIIIIIIIIIIIIIIIIIIIIIIIIIIII
IIIIIIIIIIIIAIIIIIIIIIIIIIIIIIIIIIIIIIIIIIIIIIIIIIIIIIIIIIIIIIII
IIIIIIIIAIIIAIIIIIIIIIIIIIIIIIIIIIIIIIIIIIIIIIIIIIIIIIIIIIIIIIII
IIIIAIIIAIIIAIIIIIIIIIIIIIIIIIIIIIIIIIIIIIIIIIIIIIIIIIIIIIIIIIII
IIIIAIIIAAIIAIIIIIIIIIIIIIIIIIIIIIIIIIIIIIIIIIIIIIIIIIIIIIIIIIII
IIIIAIIIAAAIAIIIIIIIIIIIIIIIIIIIIIIIIIIIIIIIIIIIIIIIIIIIIIIIIIII
IIIIAIIIAAAAAIIIIIIIIIIIIIIIIIIIIIIIIIIIIIIIIIIIIIIIIIIIIIIIIIII
IIIAAIIIAAAAAIIIIIIIIIIIIIIIIIIIIIIIIIIIIIIIIIIIIIIIIIIIIIIIIIII
IIIIIIIIIIIIIIIIIIIIIIIIIIIIIIIIIIIIIIIIIIIIIIIA1IIIIIIIIIIIIIII
IIIIIIIIIIIIIIIIIA1IIIIIIIIIIIIIIIIIIIIIIIIIIIIA1IIIIIIIIIIIIIII
IIIIIIIIA1IIIIIIIA1IIIIIIIIIIIIIIIIIIIIIIIIIIIIA1IIIIIIIIIIIIIII
IIIIA1IIA1IIIIIIIA1IIIIIIIIIIIIIIIIIIIIIIIIIIIIA1IIIIIIIIIIIIIII
IIIIA1IIAA1IIIIIIA1IIIIIIIIIIIIIIIIIIIIIIIIIIIIA1IIIIIIIIIIIIIII
IIIIA1IIAAA1IIIIIA1IIIIIIIIIIIIIIIIIIIIIIIIIIIIA1IIIIIIIIIIIIIII
IIIIA1IIAAAA1IIIIA1IIIIIIIIIIIIIIIIIIIIIIIIIIIIA1IIIIIIIIIIIIIII
IIIAA1IIAAAA1IIIIA1IIIIIIIIIIIIIIIIIIIIIIIIIIIIA1IIIIIIIIIIIIIII
IIIIIIIIIIIIAIIIIIIIIIIIIIIIIIIIIIIIIIIIIIIIIIIIIIIIIIIIIIIIIIII
IIIIIIIIIIIIIIIIIIIIIIIIIIIIIIIIIIIIIIIIIIIIIIIAIIIIIIIIIIIIIIII
IIIIIIIIIIIIIIIIIAIIIIIIIIIIIIIIIIIIIIIIIIIIIIIAIIIIIIIIIIIIIIII
IIIIIIIIAIIIIIIIIAIIIIIIIIIIIIIIIIIIIIIIIIIIIIIAIIIIIIIIIIIIIIII
IIIIAIIIAIIIIIIIIAIIIIIIIIIIIIIIIIIIIIIIIIIIIIIAIIIIIIIIIIIIIIII
IIIIAIIIAAIIIIIIIAIIIIIIIIIIIIIIIIIIIIIIIIIIIIIAIIIIIIIIIIIIIIII
IIIIAIIIAAAIIIIIIAIIIIIIIIIIIIIIIIIIIIIIIIIIIIIAIIIIIIIIIIIIIIII
IIIIAIIIAAAAIIIIIAIIIIIIIIIIIIIIIIIIIIIIIIIIIIIAIIIIIIIIIIIIIIII
IIIIIIIIIIIIIIIIIAIIIIIIIIIIIIIIIIIIIIIIIIIIIIIIIIIIIIIIIIIIIIII
IIIIIIIIIIIIIIIIIAIAIIIIIIIIIIIIIIIIIIIIIIIIIIIIIIIIIIIIIIIIIIII
IIIIIIIIAIIIIIIIIAIAIIIIIIIIIIIIIIIIIIIIIIIIIIIIIIIIIIIIIIIIIIII
IIIIAIIIAIIIIIIIIAIAIIIIIIIIIIIIIIIIIIIIIIIIIIIIIIIIIIIIIIIIIIII
IIIIAIIIAAIIIIIIIAIAIIIIIIIIIIIIIIIIIIIIIIIIIIIIIIIIIIIIIIIIIIII
IIIIAIIIAAAIIIIIIAIAIIIIIIIIIIIIIIIIIIIIIIIIIIIIIIIIIIIIIIIIIIII
IIIIAIIIAAAAIIIIIAIAIIIIIIIIIIIIIIIIIIIIIIIIIIIIIIIIIIIIIIIIIIII
IIIAAIIIAAAAIIIIIAIAIIIIIIIIIIIIIIIIIIIIIIIIIIIIIIIIIIIIIIIIIIII
IIIAA2IIAAAAIIIIIAIAIIIIIIIIIIIIIIIIIIIIIIIIIIIIIIIIIIIIIIIIIIII
IIIIIIIIIIIIA2IIIIIIIIIIIIIIIIIIIIIIIIIIIIIIIIIIIIIIIIIIIIIIIIII
IIIIIIIIIIIIA2IIIIIIIIIIIIIIIIIIIIIIIIIIIIIIIIIA2IIIIIIIIIIIIIII
IIIIIIIIIIIIA2IIIA2IIIIIIIIIIIIIIIIIIIIIIIIIIIIA2IIIIIIIIIIIIIII
IIIIIIIIIIIIA2IIIA2A2IIIIIIIIIIIIIIIIIIIIIIIIIIA2IIIIIIIIIIIIIII
IIIIIIIIA2IIA2IIIA2A2IIIIIIIIIIIIIIIIIIIIIIIIIIA2IIIIIIIIIIIIIII
IIIIA2IIA2IIA2IIIA2A2IIIIIIIIIIIIIIIIIIIIIIIIIIA2IIIIIIIIIIIIIII
IIIIA2IIAA2IA2IIIA2A2IIIIIIIIIIIIIIIIIIIIIIIIIIA2IIIIIIIIIIIIIII
IIIIA2IIAAA2A2IIIA2A2IIIIIIIIIIIIIIIIIIIIIIIIIIA2IIIIIIIIIIIIIII
IIIIA2IIAAAAA2IIIA2A2IIIIIIIIIIIIIIIIIIIIIIIIIIA2IIIIIIIIIIIIIII
IIIAA2IIAAAAA2IIIA2A2IIIIIIIIIIIIIIIIIIIIIIIIIIA2IIIIIIIIIIIIIII
IIIIIIIIIIIIIIIIIIIIIIIIIIIIIIIIIIIIIIIIIIIIIIIA2IIIIIIIIIIIIIII
IIIIIIIIIIIIIIIIIA2IIIIIIIIIIIIIIIIIIIIIIIIIIIIA2IIIIIIIIIIIIIII
IIIIIIIIIIIIIIIIIA2A2IIIIIIIIIIIIIIIIIIIIIIIIIIA2IIIIIIIIIIIIIII
IIIIIIIIA2IIIIIIIA2A2IIIIIIIIIIIIIIIIIIIIIIIIIIA2IIIIIIIIIIIIIII
IIIIA2IIA2IIIIIIIA2A2IIIIIIIIIIIIIIIIIIIIIIIIIIA2IIIIIIIIIIIIIII
IIIIA2IIAA2IIIIIIA2A2IIIIIIIIIIIIIIIIIIIIIIIIIIA2IIIIIIIIIIIIIII
IIIIA2IIAAA2IIIIIA2A2IIIIIIIIIIIIIIIIIIIIIIIIIIA2IIIIIIIIIIIIIII
IIIIA2IIAAAA2IIIIA2A2IIIIIIIIIIIIIIIIIIIIIIIIIIA2IIIIIIIIIIIIIII
IIIAA2IIAAAA2IIIIA2A2IIIIIIIIIIIIIIIIIIIIIIIIIIA2IIIIIIIIIIIIIII
IIIIIIIIIIIIIIIIIIIIIIIIIIIIIIIIIIIIIIIIIIIIIIIA2IIIIIIIIIIIIIII
IIIIIIIIIIIIIIIIIA2IIIIIIIIIIIIIIIIIIIIIIIIIIIIA2IIIIIIIIIIIIIII
IIIIIIIIIIIIIIIIIA2A2IIIIIIIIIIIIIIIIIIIIIIIIIIA2IIIIIIIIIIIIIII
IIIIIIIIA2IIIIIIIA2A2IIIIIIIIIIIIIIIIIIIIIIIIIIA2IIIIIIIIIIIIIII
IIIIA2IIA2IIIIIIIA2A2IIIIIIIIIIIIIIIIIIIIIIIIIIA2IIIIIIIIIIIIIII
IIIIA2IIAA2IIIIIIA2A2IIIIIIIIIIIIIIIIIIIIIIIIIIA2IIIIIIIIIIIIIII
IIIIA2IIAAA2IIIIIA2A2IIIIIIIIIIIIIIIIIIIIIIIIIIA2IIIIIIIIIIIIIII
IIIIA2IIAAAA2IIIIA2A2IIIIIIIIIIIIIIIIIIIIIIIIIIA2IIIIIIIIIIIIIII
IIIAA2IIAAAA2IIIIA2A2IIIIIIIIIIIIIIIIIIIIIIIIIIA2IIIIIIIIIIIIIII
IIIAA2IIAAAAA2IIIA2A2IIIIIIIIIIIIIIIIIIIIIIIIIIA2IIIIIIIIIIIIIII
IIIIIIIIIIIIIIIIIIIIIIIIIIIIIIIIIIIIIIIIIIIIIIIA2IIIIIIIIIIIIIII
IIIIIIIIIIIIIIIIIA2IIIIIIIIIIIIIIIIIIIIIIIIIIIIA2IIIIIIIIIIIIIII
IIIIIIIIIIIIIIIIIA2A2IIIIIIIIIIIIIIIIIIIIIIIIIIA2IIIIIIIIIIIIIII
IIIIIIIIA2IIIIIIIA2A2IIIIIIIIIIIIIIIIIIIIIIIIIIA2IIIIIIIIIIIIIII
IIIIA2IIA2IIIIIIIA2A2IIIIIIIIIIIIIIIIIIIIIIIIIIA2IIIIIIIIIIIIIII
IIIIA2IIAA2IIIIIIA2A2IIIIIIIIIIIIIIIIIIIIIIIIIIA2IIIIIIIIIIIIIII
IIIIA2IIAAA2IIIIIA2A2IIIIIIIIIIIIIIIIIIIIIIIIIIA2IIIIIIIIIIIIIII
IIIIA2IIAAAA2IIIIA2A2IIIIIIIIIIIIIIIIIIIIIIIIIIA2IIIIIIIIIIIIIII
IIIAA2IIAAAA2IIIIA2A2IIIIIIIIIIIIIIIIIIIIIIIIIIA2IIIIIIIIIIIIIII
IIIAA2IIAAAAA2IIIA2A2IIIIIIIIIIIIIIIIIIIIIIIIIIA2IIIIIIIIIIIIIII
IIIIIIIIIIIIIIIIIIIIIIIIIIIIIIIIIIIIIIIIIIIIIIIA2IIIIIIIIIIIIIII
IIIIIIIIIIIIIIIIIA2IIIIIIIIIIIIIIIIIIIIIIIIIIIIA2IIIIIIIIIIIIIII
IIIIIIIIIIIIIIIIIA2A2IIIIIIIIIIIIIIIIIIIIIIIIIIA2IIIIIIIIIIIIIII
IIIIIIIIA2IIIIIIIA2A2IIIIIIIIIIIIIIIIIIIIIIIIIIA2IIIIIIIIIIIIIII
IIIIA2IIA2IIIIIIIA2A2IIIIIIIIIIIIIIIIIIIIIIIIIIA2IIIIIIIIIIIIIII
IIIIA2IIAA2IIIIIIA2A2IIIIIIIIIIIIIIIIIIIIIIIIIIA2IIIIIIIIIIIIIII
IIIIA2IIAAA2IIIIIA2A2IIIIIIIIIIIIIIIIIIIIIIIIIIA2IIIIIIIIIIIIIII
IIIIA2IIAAAA2IIIIA2A2IIIIIIIIIIIIIIIIIIIIIIIIIIA2IIIIIIIIIIIIIII
IIIAA2IIAAAA2IIIIA2A2IIIIIIIIIIIIIIIIIIIIIIIIIIA2IIIIIIIIIIIIIII
IIIIIIIIIIIIIIIIIIIIIIIIIIIIIIIIIIIIIIIIIIIIIIIA1IIIIIIIIIIIIIII
IIIIIIIIIIIIIIIIIA1IIIIIIIIIIIIIIIIIIIIIIIIIIIIA1IIIIIIIIIIIIIII
IIIIIIIIIIIIA1IIIA1IIIIIIIIIIIIIIIIIIIIIIIIIIIIA1IIIIIIIIIIIIIII
IIIIIIIIA1IIA1IIIA1IIIIIIIIIIIIIIIIIIIIIIIIIIIIA1IIIIIIIIIIIIIII
IIIIA1IIA1IIA1IIIA1IIIIIIIIIIIIIIIIIIIIIIIIIIIIA1IIIIIIIIIIIIIII
IIIIA1IIAA1IA1IIIA1IIIIIIIIIIIIIIIIIIIIIIIIIIIIA1IIIIIIIIIIIIIII
IIIIA1IIAAA1A1IIIA1IIIIIIIIIIIIIIIIIIIIIIIIIIIIA1IIIIIIIIIIIIIII
IIIIA1IIAAAAA1IIIA1IIIIIIIIIIIIIIIIIIIIIIIIIIIIA1IIIIIIIIIIIIIII
IIIAA1IIAAAAA1IIIA1IIIIIIIIIIIIIIIIIIIIIIIIIIIIA1IIIIIIIIIIIIIII
IIIIIIIIIIIIIIIIIIIIIIIIIIIIIIIIIIIIIIIIIIIIIIIA1IIIIIIIIIIIIIII
IIIIIIIIIIIIIIIIIA1IIIIIIIIIIIIIIIIIIIIIIIIIIIIA1IIIIIIIIIIIIIII
IIIIIIIIIIIIIIIIIIIIIIIIIIIIIIIIIIIIIIIIIIIIII2AIIIIIIIIIIIIIIII
IIIIIIIIIIIIIIII2AIIIIIIIIIIIIIIIIIIIIIIIIIIII2AIIIIIIIIIIIIIIII
IIIIIII2AIIIIIII2AIIIIIIIIIIIIIIIIIIIIIIIIIIII2AIIIIIIIIIIIIIIII
III2AII2AIIIIIII2AIIIIIIIIIIIIIIIIIIIIIIIIIIII2AIIIIIIIIIIIIIIII
III2AII2AAIIIIII2AIIIIIIIIIIIIIIIIIIIIIIIIIIII2AIIIIIIIIIIIIIIII
III2AII2AAAIIIII2AIIIIIIIIIIIIIIIIIIIIIIIIIIII2AIIIIIIIIIIIIIIII
III2AII2AAAAIIII2AIIIIIIIIIIIIIIIIIIIIIIIIIIII2AIIIIIIIIIIIIIIII
II2AAII2AAAAIIII2AIIIIIIIIIIIIIIIIIIIIIIIIIIII2AIIIIIIIIIIIIIIII
II2AAII2AAAAAIII2AIIIIIIIIIIIIIIIIIIIIIIIIIIII2AIIIIIIIIIIIIIIII
IIIIIIIIIIIIIIIIIIIIIIIIIIIIIIIIIIIIIIIIIIIIII2AIIIIIIIIIIIIIIII
IIIIIIIIIIIIIIIIIA1IIIIIIIIIIIIIIIIIIIIIIIIIII2AIIIIIIIIIIIIIIII
IIIIIIIIIIIIIIIIIA1IIIIIIIIIIIIIIIIIIIIIIIIIII2A1IIIIIIIIIIIIIII
IIIIIIIIA1IIIIIIIA1IIIIIIIIIIIIIIIIIIIIIIIIIII2A1IIIIIIIIIIIIIII
IIIIA1IIA1IIIIIIIA1IIIIIIIIIIIIIIIIIIIIIIIIIII2A1IIIIIIIIIIIIIII
IIIIA1IIAA1IIIIIIA1IIIIIIIIIIIIIIIIIIIIIIIIIII2A1IIIIIIIIIIIIIII
IIIIA1IIAAA1IIIIIA1IIIIIIIIIIIIIIIIIIIIIIIIIII2A1IIIIIIIIIIIIIII
IIIIA1IIAAAA1IIIIA1IIIIIIIIIIIIIIIIIIIIIIIIIII2A1IIIIIIIIIIIIIII
IIIAA1IIAAAA1IIIIA1IIIIIIIIIIIIIIIIIIIIIIIIIII2A1IIIIIIIIIIIIIII
IIIIIIIIIIIIAIIIIIIIIIIIIIIIIIIIIIIIIIIIIIIIIIIIIIIIIIIIIIIIIIII
IIIIIIIIIIIIAIIIIIIIIIIIIIIIIIIIIIIIIIIIIIIIIIIAIIIIIIIIIIIIIIII
IIIIIIIIIIIIAIIIIAIIIIIIIIIIIIIIIIIIIIIIIIIIIIIAIIIIIIIIIIIIIIII
IIIIIIIIA2IIAIIIIAIIIIIIIIIIIIIIIIIIIIIIIIIIIIIAIIIIIIIIIIIIIIII
IIIIA2IIA2IIAIIIIAIIIIIIIIIIIIIIIIIIIIIIIIIIIIIAIIIIIIIIIIIIIIII
IIIIA2IIAA2IAIIIIAIIIIIIIIIIIIIIIIIIIIIIIIIIIIIAIIIIIIIIIIIIIIII
IIIIA2IIAAA2AIIIIAIIIIIIIIIIIIIIIIIIIIIIIIIIIIIAIIIIIIIIIIIIIIII
IIIIA2IIAAAAAIIIIAIIIIIIIIIIIIIIIIIIIIIIIIIIIIIAIIIIIIIIIIIIIIII
IIIAA2IIAAAAAIIIIAIIIIIIIIIIIIIIIIIIIIIIIIIIIIIAIIIIIIIIIIIIIIII
IIIIIIIIIIIIA2IIIIIIIIIIIIIIIIIIIIIIIIIIIIIIIIIIIIIIIIIIIIIIIIII
IIIIIIIIA1IIA2IIIIIIIIIIIIIIIIIIIIIIIIIIIIIIIIIIIIIIIIIIIIIIIIII
IIIIA1IIA1IIA2IIIIIIIIIIIIIIIIIIIIIIIIIIIIIIIIIIIIIIIIIIIIIIIIII
IIIIA1IIAA1IA2IIIIIIIIIIIIIIIIIIIIIIIIIIIIIIIIIIIIIIIIIIIIIIIIII
IIIIA1IIAAA1A2IIIIIIIIIIIIIIIIIIIIIIIIIIIIIIIIIIIIIIIIIIIIIIIIII
IIIIA1IIAAAAA2IIIIIIIIIIIIIIIIIIIIIIIIIIIIIIIIIIIIIIIIIIIIIIIIII
IIIAA1IIAAAAA2IIIIIIIIIIIIIIIIIIIIIIIIIIIIIIIIIIIIIIIIIIIIIIIIII
IIIAA1IIAAAAA2IIIIIIIIIIIIIIIIIIIIIIIIIIIIIIIIIAIIIIIIIIIIIIIIII
IIIAA1IIAAAAA2IIIAIIIIIIIIIIIIIIIIIIIIIIIIIIIIIAIIIIIIIIIIIIIIII
IIIIIIIIIIIIIIIIIIIIIIIIIIIIIIIIIIIIIIIIIIIIIIIA2IIIIIIIIIIIIIII
IIIIIIIIIIIIIIIIIA2IIIIIIIIIIIIIIIIIIIIIIIIIIIIA2IIIIIIIIIIIIIII
IIIIIIIIA2IIIIIIIA2IIIIIIIIIIIIIIIIIIIIIIIIIIIIA2IIIIIIIIIIIIIII
IIIIA2IIA2IIIIIIIA2IIIIIIIIIIIIIIIIIIIIIIIIIIIIA2IIIIIIIIIIIIIII
IIIIA2IIAA2IIIIIIA2IIIIIIIIIIIIIIIIIIIIIIIIIIIIA2IIIIIIIIIIIIIII
IIIIA2IIAAA2IIIIIA2IIIIIIIIIIIIIIIIIIIIIIIIIIIIA2IIIIIIIIIIIIIII
IIIIA2IIAAAA2IIIIA2IIIIIIIIIIIIIIIIIIIIIIIIIIIIA2IIIIIIIIIIIIIII
IIIAA2IIAAAA2IIIIA2IIIIIIIIIIIIIIIIIIIIIIIIIIIIA2IIIIIIIIIIIIIII
IIIIIIIIIIIIA1IIIIIIIIIIIIIIIIIIIIIIIIIIIIIIIIIIIIIIIIIIIIIIIIII
IIIIIIIIIIIIA2IIIIIIIIIIIIIIIIIIIIIIIIIIIIIIIIIIIIIIIIIIIIIIIIII
IIIIIIIIA2IIA2IIIIIIIIIIIIIIIIIIIIIIIIIIIIIIIIIIIIIIIIIIIIIIIIII
IIIIA2IIA2IIA2IIIIIIIIIIIIIIIIIIIIIIIIIIIIIIIIIIIIIIIIIIIIIIIIII
IIIIA2IIAA2IA2IIIIIIIIIIIIIIIIIIIIIIIIIIIIIIIIIIIIIIIIIIIIIIIIII
IIIIA2IIAAA2A2IIIIIIIIIIIIIIIIIIIIIIIIIIIIIIIIIIIIIIIIIIIIIIIIII
IIIIA2IIAAAAA2IIIIIIIIIIIIIIIIIIIIIIIIIIIIIIIIIIIIIIIIIIIIIIIIII
IIIAA2IIAAAAA2IIIIIIIIIIIIIIIIIIIIIIIIIIIIIIIIIIIIIIIIIIIIIIIIII
IIIAA2IIAAAAA1222IIIIIIIIIIIIIIIIIIIIIIIIIIIIIIIIIIIIIIIIIIIIIII
IIIIIII2AIIIIIIIIIIIIIIIIIIIIIIIIIIIIIIIIIIIIIIIIIIIIIIIIIIIIIII
III2AII2AIIIIIIIIIIIIIIIIIIIIIIIIIIIIIIIIIIIIIIIIIIIIIIIIIIIIIII
III2AII2AAIIIIIIIIIIIIIIIIIIIIIIIIIIIIIIIIIIIIIIIIIIIIIIIIIIIIII
III2AII2AAAIIIIIIIIIIIIIIIIIIIIIIIIIIIIIIIIIIIIIIIIIIIIIIIIIIIII
III2AII2AAAAIIIIIIIIIIIIIIIIIIIIIIIIIIIIIIIIIIIIIIIIIIIIIIIIIIII
IIIIIIIIIIIIA1IIIIIIIIIIIIIIIIIIIIIIIIIIIIIIIIIIIIIIIIIIIIIIIIII
IIIIIIIIIIIIAIII21IIIIIIIIIIIIIIIIIIIIIIIIIIIIIIIIIIIIIIIIIIIIII
IIIIIIIIIIIIA112IIIIIIIIIIIIIIIIIIIIIIIIIIIIIIIIIIIIIIIIIIIIIIII
IIIIIIIIIIIIAI1I1II2I2IIIIIIIIIIIIIIIIIIIIIIIIIIIIIIIIIIIIIIIIII
IIIIIIIIIIIIAI1I1II2I2III2IIIIIIIIIIIIIIIIIIIIIIIIIIIIIIIIIIIIII
IIIIIIIIIIIIA11I1II212III2IIIIIIIIIIIIIIIIIIIIIIIIIIIIIIIIIIIIII
IIIIIIIIIIIIA11I1II212IIIIIIIIIIIIIIIIIIIIIIIIIIIIIIIIIIIIIIIIII
IIIIIIIIIIIIA2IIIIIIIIIIIIIIIIIIIIIIIIIIIIIIIIIIIIIIIIIIIIIIIIII
IIIIIIIIIIIIA2IIIIIIIIIIIIIIIIIIIIIIIIIIIIIIIIIA2IIIIIIIIIIIIIII
IIIIIIIIIIIIA2IIIA2IIIIIIIIIIIIIIIIIIIIIIIIIIIIA2IIIIIIIIIIIIIII
IIIIIIIIA2IIA2IIIA2IIIIIIIIIIIIIIIIIIIIIIIIIIIIA2IIIIIIIIIIIIIII
IIIIA2IIA2IIA2IIIA2IIIIIIIIIIIIIIIIIIIIIIIIIIIIA2IIIIIIIIIIIIIII
IIIIA2IIAA2IA2IIIA2IIIIIIIIIIIIIIIIIIIIIIIIIIIIA2IIIIIIIIIIIIIII
IIIIA2IIAAA2A2IIIA2IIIIIIIIIIIIIIIIIIIIIIIIIIIIA2IIIIIIIIIIIIIII
IIIIA2IIAAAAA2IIIA2IIIIIIIIIIIIIIIIIIIIIIIIIIIIA2IIIIIIIIIIIIIII
IIIIA1IIAAAAA2IIIA2IIIIIIIIIIIIIIIIIIIIIIIIIIIIA2IIIIIIIIIIIIIII
IIIAA1IIAAAAA2IIIA2IIIIIIIIIIIIIIIIIIIIIIIIIIIIA2IIIIIIIIIIIIIII
IIIIIIIIIIIIA2IIIIIIIIIIIIIIIIIIIIIIIIIIIIIIIIIIIIIIIIIIIIIIIIII
IIIIIIIIIA2IA2IIIIIIIIIIIIIIIIIIIIIIIIIIIIIIIIIIIIIIIIIIIIIIIIII
IIIIA2IIIA2IA2IIIIIIIIIIIIIIIIIIIIIIIIIIIIIIIIIIIIIIIIIIIIIIIIII
IIIAA2IIIA2IA2IIIIIIIIIIIIIIIIIIIIIIIIIIIIIIIIIIIIIIIIIIIIIIIIII
IIIAA2IIAA2IA2IIIIIIIIIIIIIIIIIIIIIIIIIIIIIIIIIIIIIIIIIIIIIIIIII
IIIAA2IIAAA2A2IIIIIIIIIIIIIIIIIIIIIIIIIIIIIIIIIIIIIIIIIIIIIIIIII
IIIAA2IIAAAAA2IIIIIIIIIIIIIIIIIIIIIIIIIIIIIIIIIIIIIIIIIIIIIIIIII
IIIAA1IIAAAAA2IIIIIIIIIIIIIIIIIIIIIIIIIIIIIIIIIIIIIIIIIIIIIIIIII
IIIAA1IIAAAAA1IIIIIIIIIIIIIIIIIIIIIIIIIIIIIIIIIIIIIIIIIIIIIIIIII
IIIAA1IIAAAAA1IIIIIIIIIIIIIIIIIIIIIIIIIIIIIIIIIA1IIIIIIIIIIIIIII
IIIAA1IIAAAAA1IIIA1IIIIIIIIIIIIIIIIIIIIIIIIIIIIA1IIIIIIIIIIIIIII
IIIAA1I2AAAAA1IIIA1IIIIIIIIIIIIIIIIIIIIIIIIIIIIA1IIIIIIIIIIIIIII
II2AA1I2AAAAA1IIIA1IIIIIIIIIIIIIIIIIIIIIIIIIIIIA1IIIIIIIIIIIIIII
IIIIIIIIIII2AIIIIIIIIIIIIIIIIIIIIIIIIIIIIIIIIIIIIIIIIIIIIIIIIIII
IIIIIIIIIIIIIA2IIIIIIIIIIIIIIIIIIIIIIIIIIIIIIIIIIIIIIIIIIIIIIIII
IIIIIIIIIIIIIA2IIIIIIIIIIIIIIIIIIIIIIIIIIIIIIIIA2IIIIIIIIIIIIIII
IIIIIIIIIIIIIA2IIA2IIIIIIIIIIIIIIIIIIIIIIIIIIIIA2IIIIIIIIIIIIIII
IIIIIIIIA2IIIA2IIA2IIIIIIIIIIIIIIIIIIIIIIIIIIIIA2IIIIIIIIIIIIIII
IIIIA2IIA2IIIA2IIA2IIIIIIIIIIIIIIIIIIIIIIIIIIIIA2IIIIIIIIIIIIIII
IIIIA2IIAA2IIA2IIA2IIIIIIIIIIIIIIIIIIIIIIIIIIIIA2IIIIIIIIIIIIIII
IIIIA2IIAAA2IA2IIA2IIIIIIIIIIIIIIIIIIIIIIIIIIIIA2IIIIIIIIIIIIIII
IIIIA2IIAAAA2A2IIA2IIIIIIIIIIIIIIIIIIIIIIIIIIIIA2IIIIIIIIIIIIIII
IIIAA2IIAAAA2A2IIA2IIIIIIIIIIIIIIIIIIIIIIIIIIIIA2IIIIIIIIIIIIIII
IIIIIIIIIIIIIIIIIIIIIIIIIIIIIIIIIIIIIIIIIIIIIIIA1IIIIIIIIIIIIIII
IIIIIIIIIIIIIIIIIA1IIIIIIIIIIIIIIIIIIIIIIIIIIIIA1IIIIIIIIIIIIIII
IIIIIIIIIIIIA1IIIA1IIIIIIIIIIIIIIIIIIIIIIIIIIIIA1IIIIIIIIIIIIIII
IIIIIIIIA1IIA1IIIA1IIIIIIIIIIIIIIIIIIIIIIIIIIIIA1IIIIIIIIIIIIIII
IIIIA1IIA1IIA1IIIA1IIIIIIIIIIIIIIIIIIIIIIIIIIIIA1IIIIIIIIIIIIIII
IIIIA1IIAA1IA1IIIA1IIIIIIIIIIIIIIIIIIIIIIIIIIIIA1IIIIIIIIIIIIIII
IIIIA1IIAAA1A1IIIA1IIIIIIIIIIIIIIIIIIIIIIIIIIIIA1IIIIIIIIIIIIIII
IIIIA1IIAAAAA1IIIA1IIIIIIIIIIIIIIIIIIIIIIIIIIIIA1IIIIIIIIIIIIIII
IIIAA1IIAAAAA1IIIA1IIIIIIIIIIIIIIIIIIIIIIIIIIIIA1IIIIIIIIIIIIIII
IIIIIIIIIIAIIIIIIIIIIIIIIIIIIIIIIIIIIIIIIIIIIIIIIIIIIIIIIIIIIIII
IIIIIIIIIIAAIIIIIIIIIIIIIIIIIIIIIIIIIIIIIIIIIIIIIIIIIIIIIIIIIIII
IIIIIIIIIA1IIIIIIIIIIIIIIIIIIIIIIIIIIIIIIIIIIIIIIIIIIIIIIIIIIIII
IIIIA1IIIA1IIIIIIIIIIIIIIIIIIIIIIIIIIIIIIIIIIIIIIIIIIIIIIIIIIIII
IIIAA1IIIA1IIIIIIIIIIIIIIIIIIIIIIIIIIIIIIIIIIIIIIIIIIIIIIIIIIIII
IIIIIIIIIIIIAIIIIIIIIIIIIIIIIIIIIIIIIIIIIIIIIIIIIIIIIIIIIIIIIIII
IIIIIIIIIIIIA2IIIIIIIIIIIIIIIIIIIIIIIIIIIIIIIIIIIIIIIIIIIIIIIIII
IIIIIIIIA2IIA2IIIIIIIIIIIIIIIIIIIIIIIIIIIIIIIIIIIIIIIIIIIIIIIIII
IIIIA2IIA2IIA2IIIIIIIIIIIIIIIIIIIIIIIIIIIIIIIIIIIIIIIIIIIIIIIIII
IIIIA2IIAA2IA2IIIIIIIIIIIIIIIIIIIIIIIIIIIIIIIIIIIIIIIIIIIIIIIIII
IIIIA2IIAAA2A2IIIIIIIIIIIIIIIIIIIIIIIIIIIIIIIIIIIIIIIIIIIIIIIIII
IIIIA2IIAAAAA2IIIIIIIIIIIIIIIIIIIIIIIIIIIIIIIIIIIIIIIIIIIIIIIIII
IIIIA112AAAAA2IIIIIIIIIIIIIIIIIIIIIIIIIIIIIIIIIIIIIIIIIIIIIIIIII
IIIAA112AAAAA2IIIIIIIIIIIIIIIIIIIIIIIIIIIIIIIIIIIIIIIIIIIIIIIIII
IIIAA112AAAAA2IIIIIIIIIIIIIIIIIIIIIIIIIIIIIIIIIA1122IIIIIIIIIIII
IIIAA112AAAAA2IIIA1122IIIIIIIIIIIIIIIIIIIIIIIIIA1122IIIIIIIIIIII
IIIAA112AAAAA22IIA1122IIIIIIIIIIIIIIIIIIIIIIIIIA1122IIIIIIIIIIII
IIIAA112AAAAA12IIA1122IIIIIIIIIIIIIIIIIIIIIIIIIA1122IIIIIIIIIIII
II2AA112AAAAA12IIA1122IIIIIIIIIIIIIIIIIIIIIIIIIA1122IIIIIIIIIIII
II2AA112AAAAA12IIA1122IIIIIIIIIIIIIIIIIIIIIIII2A1122IIIIIIIIIIII
II2AA112AAAAA12I2A1122IIIIIIIIIIIIIIIIIIIIIIII2A1122IIIIIIIIIIII
IIIIIIIIIIIIA2IIIIIIIIIIIIIIIIIIIIIIIIIIIIIIIIIIIIIIIIIIIIIIIIII
IIIIIIIIA1IIIIIIIIIIIIIIIIIIIIIIIIIIIIIIIIIIIIIIIIIIIIIIIIIIIIII
IIIIA1IIA1IIIIIIIIIIIIIIIIIIIIIIIIIIIIIIIIIIIIIIIIIIIIIIIIIIIIII
IIIIA1IIAA1IIIIIIIIIIIIIIIIIIIIIIIIIIIIIIIIIIIIIIIIIIIIIIIIIIIII
IIIIA1IIAAA1IIIIIIIIIIIIIIIIIIIIIIIIIIIIIIIIIIIIIIIIIIIIIIIIIIII
IIIIA1IIAAAA1IIIIIIIIIIIIIIIIIIIIIIIIIIIIIIIIIIIIIIIIIIIIIIIIIII
IIIAA1IIAAAA1IIIIIIIIIIIIIIIIIIIIIIIIIIIIIIIIIIIIIIIIIIIIIIIIIII
IIIAA1IIAAAA1IIIIIIIIIIIIIIIIIIIIIIIIIIIIIIIIIIA2IIIIIIIIIIIIIII
IIIAA1IIAAAAA2IIIIIIIIIIIIIIIIIIIIIIIIIIIIIIIIIA2IIIIIIIIIIIIIII
IIIAA1IIAAAAA2IIIA2IIIIIIIIIIIIIIIIIIIIIIIIIIIIA2IIIIIIIIIIIIIII
IIIIIIIIIIIIA1IIIIIIIIIIIIIIIIIIIIIIIIIIIIIIIIIIIIIIIIIIIIIIIIII
IIIIIIIIIIIIAA1IIIIIIIIIIIIIIIIIIIIIIIIIIIIIIIIIIIIIIIIIIIIIIIII
IIIIIIIIIIIIAA1IIIIIIIIIIIIIIIIIIIIIIIIIIIIIIIIA1IIIIIIIIIIIIIII
IIIIIIIIIIIIAA1IIA1IIIIIIIIIIIIIIIIIIIIIIIIIIIIA1IIIIIIIIIIIIIII
IIIIIIIIA1IIAA1IIA1IIIIIIIIIIIIIIIIIIIIIIIIIIIIA1IIIIIIIIIIIIIII
IIIIA1IIA1IIAA1IIA1IIIIIIIIIIIIIIIIIIIIIIIIIIIIA1IIIIIIIIIIIIIII
IIIIA1IIAA1IAA1IIA1IIIIIIIIIIIIIIIIIIIIIIIIIIIIA1IIIIIIIIIIIIIII
IIIIA1IIAAA1AA1IIA1IIIIIIIIIIIIIIIIIIIIIIIIIIIIA1IIIIIIIIIIIIIII
IIIIA1IIAAAAAA1IIA1IIIIIIIIIIIIIIIIIIIIIIIIIIIIA1IIIIIIIIIIIIIII
IIIAA1IIAAAAAA1IIA1IIIIIIIIIIIIIIIIIIIIIIIIIIIIA1IIIIIIIIIIIIIII
IIIIIIIIIIIIAIIIIIIIIIIIIIIIIIIIIIIIIIIIIIIIIIIIIIIIIIIIIIIIIIII
IIIIIIIIA1IIIIIIIIIIIIIIIIIIIIIIIIIIIIIIIIIIIIIIIIIIIIIIIIIIIIII
IIIIA1IIA1IIIIIIIIIIIIIIIIIIIIIIIIIIIIIIIIIIIIIIIIIIIIIIIIIIIIII
IIIIA1IIAA1IIIIIIIIIIIIIIIIIIIIIIIIIIIIIIIIIIIIIIIIIIIIIIIIIIIII
IIIIA1IIAAA1IIIIIIIIIIIIIIIIIIIIIIIIIIIIIIIIIIIIIIIIIIIIIIIIIIII
IIIIA1IIAAAA1IIIIIIIIIIIIIIIIIIIIIIIIIIIIIIIIIIIIIIIIIIIIIIIIIII
IIIAA1IIAAAA1IIIIIIIIIIIIIIIIIIIIIIIIIIIIIIIIIIIIIIIIIIIIIIIIIII
IIIIIIIIIIIIAIIIIIIIIIIIIIIIIIIIIIIIIIIIIIIIIIIIIIIIIIIIIIIIIIII
IIIIIIIIA2IIIIIIIIIIIIIIIIIIIIIIIIIIIIIIIIIIIIIIIIIIIIIIIIIIIIII
IIIIA2IIA2IIIIIIIIIIIIIIIIIIIIIIIIIIIIIIIIIIIIIIIIIIIIIIIIIIIIII
IIIIA2IIAA2IIIIIIIIIIIIIIIIIIIIIIIIIIIIIIIIIIIIIIIIIIIIIIIIIIIII
IIIIA2IIAAA2IIIIIIIIIIIIIIIIIIIIIIIIIIIIIIIIIIIIIIIIIIIIIIIIIIII
IIIIA2IIAAAA2IIIIIIIIIIIIIIIIIIIIIIIIIIIIIIIIIIIIIIIIIIIIIIIIIII
IIIAA2IIAAAA2IIIIIIIIIIIIIIIIIIIIIIIIIIIIIIIIIIIIIIIIIIIIIIIIIII
IIIAA2IIAAAA2IIIIIIIIIIIIIIIIIIIIIIIIIIIIIIIIIIA1IIIIIIIIIIIIIII
IIIAA2IIAAAAA1IIIIIIIIIIIIIIIIIIIIIIIIIIIIIIIIIA1IIIIIIIIIIIIIII
IIIAA2IIAAAAA1IIIA1IIIIIIIIIIIIIIIIIIIIIIIIIIIIA1IIIIIIIIIIIIIII
IIIAA1IIAAAAA1IIIA1IIIIIIIIIIIIIIIIIIIIIIIIIIIIA1IIIIIIIIIIIIIII
IIIIIIIIIIIIA2IIIIIIIIIIIIIIIIIIIIIIIIIIIIIIIIIIIIIIIIIIIIIIIIII
IIIIIIIIIIIIA1I2I2IIIIIIIIIIIIIIIIIIIIIIIIIIIIIIIIIIIIIIIIIIIIII
IIIIIIIIA1I2A1I2I2IIIIIIIIIIIIIIIIIIIIIIIIIIIIIIIIIIIIIIIIIIIIII
IIIIA1I2A1I2A1I2I2IIIIIIIIIIIIIIIIIIIIIIIIIIIIIIIIIIIIIIIIIIIIII
IIIIA1I2AA12A122I2IIIIIIIIIIIIIIIIIIIIIIIIIIIIIIIIIIIIIIIIIIIIII
IIIIA1I2AAA1A122I2IIIIIIIIIIIIIIIIIIIIIIIIIIIIIIIIIIIIIIIIIIIIII
IIIIA1I2AAAAA12222IIIIIIIIIIIIIIIIIIIIIIIIIIIIIIIIIIIIIIIIIIIIII
IIIAA1I2AAAAA12222IIIIIIIIIIIIIIIIIIIIIIIIIIIIIIIIIIIIIIIIIIIIII
IIIAA122AAAAA12222IIIIIIIIIIIIIIIIIIIIIIIIIIIIIIIIIIIIIIIIIIIIII
IIIIIIIIIIIIA1IIIIIIIIIIIIIIIIIIIIIIIIIIIIIIIIIIIIIIIIIIIIIIIIII
IIIIIIIIAIIIA1IIIIIIIIIIIIIIIIIIIIIIIIIIIIIIIIIIIIIIIIIIIIIIIIII
IIIIAIIIAIIIA1IIIIIIIIIIIIIIIIIIIIIIIIIIIIIIIIIIIIIIIIIIIIIIIIII
IIIIAIIIAAIIA1IIIIIIIIIIIIIIIIIIIIIIIIIIIIIIIIIIIIIIIIIIIIIIIIII
IIIIAIIIAAAIA1IIIIIIIIIIIIIIIIIIIIIIIIIIIIIIIIIIIIIIIIIIIIIIIIII
IIIIAIIIAAAAA1IIIIIIIIIIIIIIIIIIIIIIIIIIIIIIIIIIIIIIIIIIIIIIIIII
IIIAAIIIAAAAA1IIIIIIIIIIIIIIIIIIIIIIIIIIIIIIIIIIIIIIIIIIIIIIIIII
IIIIIIIIIIIIAIIIIIIIIIIIIIIIIIIIIIIIIIIIIIIIIIIIIIIIIIIIIIIIIIII
IIIIIIIIA1IIIIIIIIIIIIIIIIIIIIIIIIIIIIIIIIIIIIIIIIIIIIIIIIIIIIII
IIIIA1IIA1IIIIIIIIIIIIIIIIIIIIIIIIIIIIIIIIIIIIIIIIIIIIIIIIIIIIII
IIIIA1IIAA1IIIIIIIIIIIIIIIIIIIIIIIIIIIIIIIIIIIIIIIIIIIIIIIIIIIII
IIIIA1IIAAA1IIIIIIIIIIIIIIIIIIIIIIIIIIIIIIIIIIIIIIIIIIIIIIIIIIII
IIIIA1IIAAAA1IIIIIIIIIIIIIIIIIIIIIIIIIIIIIIIIIIIIIIIIIIIIIIIIIII
IIIAA1IIAAAA1IIIIIIIIIIIIIIIIIIIIIIIIIIIIIIIIIIIIIIIIIIIIIIIIIII
IIIIIIIIIIIIA1IIIIIIIIIIIIIIIIIIIIIIIIIIIIIIIIIIIIIIIIIIIIIIIIII
IIIIIIIIIIIIAIIIIIIIIIIIIIIIIIIIIIIIIIIIIIIIIIIIIIIIIIIIIIIIIIII
IIIIIIIIAIIIAIIIIIIIIIIIIIIIIIIIIIIIIIIIIIIIIIIIIIIIIIIIIIIIIIII
IIIIAIIIAIIIAIIIIIIIIIIIIIIIIIIIIIIIIIIIIIIIIIIIIIIIIIIIIIIIIIII
IIIIAIIIAAIIAIIIIIIIIIIIIIIIIIIIIIIIIIIIIIIIIIIIIIIIIIIIIIIIIIII
IIIIAIIIAAAIAIIIIIIIIIIIIIIIIIIIIIIIIIIIIIIIIIIIIIIIIIIIIIIIIIII
IIIIAIIIAAAAAIIIIIIIIIIIIIIIIIIIIIIIIIIIIIIIIIIIIIIIIIIIIIIIIIII
IIIIA1IIAAAAAIIIIIIIIIIIIIIIIIIIIIIIIIIIIIIIIIIIIIIIIIIIIIIIIIII
IIIAA1IIAAAAAIIIIIIIIIIIIIIIIIIIIIIIIIIIIIIIIIIIIIIIIIIIIIIIIIII
IIIAA11IAAAAAIIIIIIIIIIIIIIIIIIIIIIIIIIIIIIIIIIIIIIIIIIIIIIIIIII
IIIIIIIIIIIIA11222IIIIIIIIIIIIIIIIIIIIIIIIIIIIIIIIIIIIIIIIIIIIII
IIIIIIIIIIIIA2IIIIIIIIIIIIIIIIIIIIIIIIIIIIIIIIIIIIIIIIIIIIIIIIII
IIIIIIIIA2IIA2IIIIIIIIIIIIIIIIIIIIIIIIIIIIIIIIIIIIIIIIIIIIIIIIII
IIIIA2IIA2IIA2IIIIIIIIIIIIIIIIIIIIIIIIIIIIIIIIIIIIIIIIIIIIIIIIII
IIIIA2IIAA1IA2IIIIIIIIIIIIIIIIIIIIIIIIIIIIIIIIIIIIIIIIIIIIIIIIII
IIIIA2IIAAAIA2IIIIIIIIIIIIIIIIIIIIIIIIIIIIIIIIIIIIIIIIIIIIIIIIII
IIIIA2IIAAAAA2IIIIIIIIIIIIIIIIIIIIIIIIIIIIIIIIIIIIIIIIIIIIIIIIII
IIIAA2IIAAAAA2IIIIIIIIIIIIIIIIIIIIIIIIIIIIIIIIIIIIIIIIIIIIIIIIII
IIIIIIIIIIIIA2IIIIIIIIIIIIIIIIIIIIIIIIIIIIIIIIIIIIIIIIIIIIIIIIII
IIIIIIIIA1IIIIIIIIIIIIIIIIIIIIIIIIIIIIIIIIIIIIIIIIIIIIIIIIIIIIII
IIIIA1IIA1IIIIIIIIIIIIIIIIIIIIIIIIIIIIIIIIIIIIIIIIIIIIIIIIIIIIII
IIIIA1IIAA1IIIIIIIIIIIIIIIIIIIIIIIIIIIIIIIIIIIIIIIIIIIIIIIIIIIII
IIIIA1IIAAA1IIIIIIIIIIIIIIIIIIIIIIIIIIIIIIIIIIIIIIIIIIIIIIIIIIII
IIIIA1IIAAAA1IIIIIIIIIIIIIIIIIIIIIIIIIIIIIIIIIIIIIIIIIIIIIIIIIII
IIIAA1IIAAAA1IIIIIIIIIIIIIIIIIIIIIIIIIIIIIIIIIIIIIIIIIIIIIIIIIII
IIIAA1IIAAAAAIIIIIIIIIIIIIIIIIIIIIIIIIIIIIIIIIIIIIIIIIIIIIIIIIII
IIIAA1IIAAAAAIIIIIIIIIIIIIIIIIIIIIIIIIIIIIIIIIIAIIIIIIIIIIIIIIII
IIIAA1IIAAAAAIIIIAIIIIIIIIIIIIIIIIIIIIIIIIIIIIIAIIIIIIIIIIIIIIII
IIIAA1IIAAAAA2IIIAIIIIIIIIIIIIIIIIIIIIIIIIIIIIIAIIIIIIIIIIIIIIII
IIIAA1IIAAAAA22IIAIIIIIIIIIIIIIIIIIIIIIIIIIIIIIAIIIIIIIIIIIIIIII
IIIIIIIIIIIIA1IIIIIIIIIIIIIIIIIIIIIIIIIIIIIIIIIIIIIIIIIIIIIIIIII
IIIIIIIIAIIIA1IIIIIIIIIIIIIIIIIIIIIIIIIIIIIIIIIIIIIIIIIIIIIIIIII
IIIIAIIIAIIIA1IIIIIIIIIIIIIIIIIIIIIIIIIIIIIIIIIIIIIIIIIIIIIIIIII
IIIIAIIIAAIIA1IIIIIIIIIIIIIIIIIIIIIIIIIIIIIIIIIIIIIIIIIIIIIIIIII
IIIIAIIIAAAIA1IIIIIIIIIIIIIIIIIIIIIIIIIIIIIIIIIIIIIIIIIIIIIIIIII
IIIIAIIIAAAAA1IIIIIIIIIIIIIIIIIIIIIIIIIIIIIIIIIIIIIIIIIIIIIIIIII
IIIAAIIIAAAAA1IIIIIIIIIIIIIIIIIIIIIIIIIIIIIIIIIIIIIIIIIIIIIIIIII
IIIAA1IIAAAAA1IIIIIIIIIIIIIIIIIIIIIIIIIIIIIIIIIIIIIIIIIIIIIIIIII
IIIIIIIIIIIIIIIIIIIIIIIIIIIIIIIIIIIIIIIIIIIIIIIA1IIIIIIIIIIIIIII
IIIIIIIIIIIIIIIIIA1IIIIIIIIIIIIIIIIIIIIIIIIIIIIA1IIIIIIIIIIIIIII
IIIIIIIIA1IIIIIIIA1IIIIIIIIIIIIIIIIIIIIIIIIIIIIA1IIIIIIIIIIIIIII
IIIIA1IIA1IIIIIIIA1IIIIIIIIIIIIIIIIIIIIIIIIIIIIA1IIIIIIIIIIIIIII
IIIIA1IIAA1IIIIIIA1IIIIIIIIIIIIIIIIIIIIIIIIIIIIA1IIIIIIIIIIIIIII
IIIIA1IIAAA1IIIIIA1IIIIIIIIIIIIIIIIIIIIIIIIIIIIA1IIIIIIIIIIIIIII
IIIIA1IIAAAA1IIIIA1IIIIIIIIIIIIIIIIIIIIIIIIIIIIA1IIIIIIIIIIIIIII
IIIIIIIIIIIIAIIIIIIIIIIIIIIIIIIIIIIIIIIIIIIIIIIIIIIIIIIIIIIIIIII
IIIIIIIIIAIIIIIIIIIIIIIIIIIIIIIIIIIIIIIIIIIIIIIIIIIIIIIIIIIIIIII
IIIIAIIIIAIIIIIIIIIIIIIIIIIIIIIIIIIIIIIIIIIIIIIIIIIIIIIIIIIIIIII
IIIAAIIIIAIIIIIIIIIIIIIIIIIIIIIIIIIIIIIIIIIIIIIIIIIIIIIIIIIIIIII
IIIIIIIIIIIIA2IIIIIIIIIIIIIIIIIIIIIIIIIIIIIIIIIIIIIIIIIIIIIIIIII
IIIIIIIIA2IIIIIIIIIIIIIIIIIIIIIIIIIIIIIIIIIIIIIIIIIIIIIIIIIIIIII
IIIIA2IIA2IIIIIIIIIIIIIIIIIIIIIIIIIIIIIIIIIIIIIIIIIIIIIIIIIIIIII
IIIIA2IIAA2IIIIIIIIIIIIIIIIIIIIIIIIIIIIIIIIIIIIIIIIIIIIIIIIIIIII
IIIIA2IIAAA2IIIIIIIIIIIIIIIIIIIIIIIIIIIIIIIIIIIIIIIIIIIIIIIIIIII
IIIIA2IIAAAA2IIIIIIIIIIIIIIIIIIIIIIIIIIIIIIIIIIIIIIIIIIIIIIIIIII
IIIIIIIIIIIIAIIIIIIIIIIIIIIIIIIIIIIIIIIIIIIIIIIIIIIIIIIIIIIIIIII
IIIIIIIIIIIIA111IIIIIIIIIIIIIIIIIIIIIIIIIIIIIIIIIIIIIIIIIIIIIIII
IIIIIIIIIIIIAIIIIIIIIIIIIIIIIIIIIIIIIIIIIIIIIIIIIIIIIIIIIIIIIIII
IIIIIIIIIIIIA111111IIIIIIIIIIIIIIIIIIIIIIIIIIIIIIIIIIIIIIIIIIIII
IIIIIIIIIIIIAIIIIIIIIIIIIIIIIIIIIIIIIIIIIIIIIIIIIIIIIIIIIIIIIIII
IIIIIIIIIIIIA111IIIIIIIII2222IIIIIIIIIIIIIIIIIIIIIIIIIIIIIIIIIII
IIIIIIIIIIIIAIIIIIIIIIIIIIIIIIIIIIIIIIIIIIIIIIIIIIIIIIIIIIIIIIII
IIIIIIIIIAIIAIIIIIIIIIIIIIIIIIIIIIIIIIIIIIIIIIIIIIIIIIIIIIIIIIII
IIIIAIIIIAIIAIIIIIIIIIIIIIIIIIIIIIIIIIIIIIIIIIIIIIIIIIIIIIIIIIII
IIIAAIIIIAIIAIIIIIIIIIIIIIIIIIIIIIIIIIIIIIIIIIIIIIIIIIIIIIIIIIII
IIIIIIIIIIIIA1112IIIIIIII22IIIIIIIIIIIIIIIIIIIIIIIIIIIIIIIIIIIII
IIIIIIIIA1IIIIIIIIIIIIIIIIIIIIIIIIIIIIIIIIIIIIIIIIIIIIIIIIIIIIII
IIIIA1IIA1IIIIIIIIIIIIIIIIIIIIIIIIIIIIIIIIIIIIIIIIIIIIIIIIIIIIII
IIIIA1IIAA1IIIIIIIIIIIIIIIIIIIIIIIIIIIIIIIIIIIIIIIIIIIIIIIIIIIII
IIIIA1IIAAA1IIIIIIIIIIIIIIIIIIIIIIIIIIIIIIIIIIIIIIIIIIIIIIIIIIII
IIIIA1IIAAAA1IIIIIIIIIIIIIIIIIIIIIIIIIIIIIIIIIIIIIIIIIIIIIIIIIII
IIIAA1IIAAAA1IIIIIIIIIIIIIIIIIIIIIIIIIIIIIIIIIIIIIIIIIIIIIIIIIII
IIIIIIIIIIIIA1IIIIIIIIIIIIIIIIIIIIIIIIIIIIIIIIIIIIIIIIIIIIIIIIII
IIIIIIIIIIIIAIIIIIIIIIIIIIIIIIIIIIIIIIIIIIIIIIIIIIIIIIIIIIIIIIII
IIIIIIIIAIIIAIIIIIIIIIIIIIIIIIIIIIIIIIIIIIIIIIIIIIIIIIIIIIIIIIII
IIIIAIIIAIIIAIIIIIIIIIIIIIIIIIIIIIIIIIIIIIIIIIIIIIIIIIIIIIIIIIII
IIIIAIIIAAIIAIIIIIIIIIIIIIIIIIIIIIIIIIIIIIIIIIIIIIIIIIIIIIIIIIII
IIIIAIIIAAAIAIIIIIIIIIIIIIIIIIIIIIIIIIIIIIIIIIIIIIIIIIIIIIIIIIII
IIIIAIIIAAAAAIIIIIIIIIIIIIIIIIIIIIIIIIIIIIIIIIIIIIIIIIIIIIIIIIII
IIIAA111AAAAA2IIIIIIIIIIIIIIIIIIIIIIIIIIIIIIIIIIIIIIIIIIIIIIIIII
IIIIIIIIIIIIA11111122IIIIIIIIIIIIIIIIIIIIIIIIIIIIIIIIIIIIIIIIIII
IIIIIIIIIIIIA2IIIIIIIIIIIIIIIIIIIIIIIIIIIIIIIIIIIIIIIIIIIIIIIIII
IIIIIIIIA112A222IIIIIIIIIIIIIIIIIIIIIIIIIIIIIIIIIIIIIIIIIIIIIIII
IIIIA11IA112A222IIIIIIIIIIIIIIIIIIIIIIIIIIIIIIIIIIIIIIIIIIIIIIII
IIIIA11IAA11A2222IIIIIIIIIIIIIIIIIIIIIIIIIIIIIIIIIIIIIIIIIIIIIII
IIIIA11IAAA1A22222IIIIIIIIIIIIIIIIIIIIIIIIIIIIIIIIIIIIIIIIIIIIII
IIIIA11IAAAAA122222IIIIIIIIIIIIIIIIIIIIIIIIIIIIIIIIIIIIIIIIIIIII
IIIIA112AAAAA122222IIIIIIIIIIIIIIIIIIIIIIIIIIIIIIIIIIIIIIIIIIIII
IIIAA112AAAAA122222IIIIIIIIIIIIIIIIIIIIIIIIIIIIIIIIIIIIIIIIIIIII
IIIIIIIIIIIIIIIIIIIIIIIIIIIIIIIIIIIIIIIIIIIIIIIA2IIIIIIIIIIIIIII
IIIIIIIIIIIIIIIIIA2IIIIIIIIIIIIIIIIIIIIIIIIIIIIA2IIIIIIIIIIIIIII
IIIIIIIIA2IIIIIIIA2IIIIIIIIIIIIIIIIIIIIIIIIIIIIA2IIIIIIIIIIIIIII
IIIIA2IIA2IIIIIIIA2IIIIIIIIIIIIIIIIIIIIIIIIIIIIA2IIIIIIIIIIIIIII
IIIIA2IIAA2IIIIIIA2IIIIIIIIIIIIIIIIIIIIIIIIIIIIA2IIIIIIIIIIIIIII
IIIIA2IIAAA2IIIIIA2IIIIIIIIIIIIIIIIIIIIIIIIIIIIA2IIIIIIIIIIIIIII
IIIIA2IIAAAA2IIIIA2IIIIIIIIIIIIIIIIIIIIIIIIIIIIA2IIIIIIIIIIIIIII
IIIAA2IIAAAA2IIIIA2IIIIIIIIIIIIIIIIIIIIIIIIIIIIA2IIIIIIIIIIIIIII
IIIAA1IIAAAA2IIIIA2IIIIIIIIIIIIIIIIIIIIIIIIIIIIA2IIIIIIIIIIIIIII
IIIAA1IIAAAA1IIIIA2IIIIIIIIIIIIIIIIIIIIIIIIIIIIA2IIIIIIIIIIIIIII
IIIAA1IIAAAAA1IIIA2IIIIIIIIIIIIIIIIIIIIIIIIIIIIA2IIIIIIIIIIIIIII
IIIIIIIIIIIIIIIIIIIIIIIIIIIIIIIIIIIIIIIIIIIIIIIA1IIIIIIIIIIIIIII
IIIIIIIIIIIIIIIIIA1IIIIIIIIIIIIIIIIIIIIIIIIIIIIA1IIIIIIIIIIIIIII
IIIIIIIIAIIIIIIIIA1IIIIIIIIIIIIIIIIIIIIIIIIIIIIA1IIIIIIIIIIIIIII
IIIIAIIIAIIIIIIIIA1IIIIIIIIIIIIIIIIIIIIIIIIIIIIA1IIIIIIIIIIIIIII
IIIIAIIIAAIIIIIIIA1IIIIIIIIIIIIIIIIIIIIIIIIIIIIA1IIIIIIIIIIIIIII
IIIIAIIIAAAIIIIIIA1IIIIIIIIIIIIIIIIIIIIIIIIIIIIA1IIIIIIIIIIIIIII
IIIIAIIIAAAAIIIIIA1IIIIIIIIIIIIIIIIIIIIIIIIIIIIA1IIIIIIIIIIIIIII
IIIAAIIIAAAAIIIIIA1IIIIIIIIIIIIIIIIIIIIIIIIIIIIA1IIIIIIIIIIIIIII
IIIAA1IIAAAAIIIIIA1IIIIIIIIIIIIIIIIIIIIIIIIIIIIA1IIIIIIIIIIIIIII
IIIAA1IIAAAAA1IIIA1IIIIIIIIIIIIIIIIIIIIIIIIIIIIA1IIIIIIIIIIIIIII
IIIIIIIIIIIIIIIIIIIIIIIIIIIIIIIIIIIIIIIIIIIIIIIAIIIIIIIIIIIIIIII
IIIIIIIIIIIIIIIIIAIIIIIIIIIIIIIIIIIIIIIIIIIIIIIAIIIIIIIIIIIIIIII
IIIIIIIIAIIIIIIIIAIIIIIIIIIIIIIIIIIIIIIIIIIIIIIAIIIIIIIIIIIIIIII
IIIIAIIIAIIIIIIIIAIIIIIIIIIIIIIIIIIIIIIIIIIIIIIAIIIIIIIIIIIIIIII
IIIIAIIIAAIIIIIIIAIIIIIIIIIIIIIIIIIIIIIIIIIIIIIAIIIIIIIIIIIIIIII
IIIIAIIIAAAIIIIIIAIIIIIIIIIIIIIIIIIIIIIIIIIIIIIAIIIIIIIIIIIIIIII
IIIIAIIIAAAAIIIIIAIIIIIIIIIIIIIIIIIIIIIIIIIIIIIAIIIIIIIIIIIIIIII
IIIAAIIIAAAAIIIIIAIIIIIIIIIIIIIIIIIIIIIIIIIIIIIAIIIIIIIIIIIIIIII
IIIIIIIIIIIIA1IIIIIIIIIIIIIIIIIIIIIIIIIIIIIIIIIIIIIIIIIIIIIIIIII
IIIIIIIIA1IIIIIIIIIIIIIIIIIIIIIIIIIIIIIIIIIIIIIIIIIIIIIIIIIIIIII
IIIIA1IIA1IIIIIIIIIIIIIIIIIIIIIIIIIIIIIIIIIIIIIIIIIIIIIIIIIIIIII
IIIIA1IIAA1IIIIIIIIIIIIIIIIIIIIIIIIIIIIIIIIIIIIIIIIIIIIIIIIIIIII
IIIIA1IIAAA1IIIIIIIIIIIIIIIIIIIIIIIIIIIIIIIIIIIIIIIIIIIIIIIIIIII
IIIIA1IIAAAA1IIIIIIIIIIIIIIIIIIIIIIIIIIIIIIIIIIIIIIIIIIIIIIIIIII
IIIAA1IIAAAA1IIIIIIIIIIIIIIIIIIIIIIIIIIIIIIIIIIIIIIIIIIIIIIIIIII
IIIAA1IIAAAAAIIIIIIIIIIIIIIIIIIIIIIIIIIIIIIIIIIIIIIIIIIIIIIIIIII
IIIAA1IIAAAAAIIIIIIIIIIIIIIIIIIIIIIIIIIIIIIIIIIAIIIIIIIIIIIIIIII
IIIAA1IIAAAAAIIIIAIIIIIIIIIIIIIIIIIIIIIIIIIIIIIAIIIIIIIIIIIIIIII
IIIAA1IIAAAAA1IIIAIIIIIIIIIIIIIIIIIIIIIIIIIIIIIAIIIIIIIIIIIIIIII
IIIAA1IIAAAAA1IIIAIIIIIIIIIIIIIIIIIIIIIIIIIIIIIA1IIIIIIIIIIIIIII
IIIAA1IIAAAAA1IIIA1IIIIIIIIIIIIIIIIIIIIIIIIIIIIA1IIIIIIIIIIIIIII
IIIIAIIIIIIIIIIIIIIIIIIIIIIIIIIIIIIIIIIIIIIIIIIIIIIIIIIIIIIIIIII
IIIIAIIIIAIIIIIIIIIIIIIIIIIIIIIIIIIIIIIIIIIIIIIIIIIIIIIIIIIIIIII
IIIAAIIIIAIIIIIIIIIIIIIIIIIIIIIIIIIIIIIIIIIIIIIIIIIIIIIIIIIIIIII
IIIIIIIIIIIIA12IIIIIIIIIIIIIIIIIIIIIIIIIIIIIIIIIIIIIIIIIIIIIIIII
IIIIIIIIAIIIIIIIIIIIIIIIIIIIIIIIIIIIIIIIIIIIIIIIIIIIIIIIIIIIIIII
IIIIAIIIAIIIIIIIIIIIIIIIIIIIIIIIIIIIIIIIIIIIIIIIIIIIIIIIIIIIIIII
IIIIAIIIAAIIIIIIIIIIIIIIIIIIIIIIIIIIIIIIIIIIIIIIIIIIIIIIIIIIIIII
IIIIAIIIAAAIIIIIIIIIIIIIIIIIIIIIIIIIIIIIIIIIIIIIIIIIIIIIIIIIIIII
IIIIAIIIAAAAIIIIIIIIIIIIIIIIIIIIIIIIIIIIIIIIIIIIIIIIIIIIIIIIIIII
IIIAAIIIAAAAIIIIIIIIIIIIIIIIIIIIIIIIIIIIIIIIIIIIIIIIIIIIIIIIIIII
IIIAAIIIAAAAA12IIIIIIIIIIIIIIIIIIIIIIIIIIIIIIIIIIIIIIIIIIIIIIIII
IIIIIIIIAIIIIIIIIIIIIIIIIIIIIIIIIIIIIIIIIIIIIIIIIIIIIIIIIIIIIIII
IIIIAIIIAIIIIIIIIIIIIIIIIIIIIIIIIIIIIIIIIIIIIIIIIIIIIIIIIIIIIIII
IIIIAIIIAAIIIIIIIIIIIIIIIIIIIIIIIIIIIIIIIIIIIIIIIIIIIIIIIIIIIIII
IIIIAIIIAAAIIIIIIIIIIIIIIIIIIIIIIIIIIIIIIIIIIIIIIIIIIIIIIIIIIIII
IIIIAIIIAAAAIIIIIIIIIIIIIIIIIIIIIIIIIIIIIIIIIIIIIIIIIIIIIIIIIIII
IIIIIIIIIIIIAIIIIIIIIIIIIIIIIIIIIIIIIIIIIIIIIIIIIIIIIIIIIIIIIIII
IIIIIIIIIIIIA111111IIIIIIIIIIIIIIIIIIIIIIIIIIIIIIIIIIIIIIIIIIIII
IIIIAIIIIIIIA111111IIIIIIIIIIIIIIIIIIIIIIIIIIIIIIIIIIIIIIIIIIIII
IIIIAIIIIAIIA111111IIIIIIIIIIIIIIIIIIIIIIIIIIIIIIIIIIIIIIIIIIIII
IIIAAIIIIAIIA111111IIIIIIIIIIIIIIIIIIIIIIIIIIIIIIIIIIIIIIIIIIIII
IIIIIIIIIIIIAI2IIIIIIIIIIIIIIIIIIIIIIIIIIIIIIIIIIIIIIIIIIIIIIIII
IIIIIIIIAI2IAI2IIIIIIIIIIIIIIIIIIIIIIIIIIIIIIIIIIIIIIIIIIIIIIIII
IIIIAI2IAI2IAI2IIIIIIIIIIIIIIIIIIIIIIIIIIIIIIIIIIIIIIIIIIIIIIIII
IIIIAI2IAA22AI2IIIIIIIIIIIIIIIIIIIIIIIIIIIIIIIIIIIIIIIIIIIIIIIII
IIIIAI2IAAA2AI2IIIIIIIIIIIIIIIIIIIIIIIIIIIIIIIIIIIIIIIIIIIIIIIII
IIIIAI2IAAAAA22IIIIIIIIIIIIIIIIIIIIIIIIIIIIIIIIIIIIIIIIIIIIIIIII
IIIAA22IAAAAA22IIIIIIIIIIIIIIIIIIIIIIIIIIIIIIIIIIIIIIIIIIIIIIIII
IIIAA12IAAAAA22IIIIIIIIIIIIIIIIIIIIIIIIIIIIIIIIIIIIIIIIIIIIIIIII
IIIIIIIIIIIIIIIIIIIIIIIIIIIIIIIIIIIIIIIIIIIIIIIA1IIIIIIIIIIIIIII
IIIIIIIIIIIIIIIIIA1IIIIIIIIIIIIIIIIIIIIIIIIIIIIA1IIIIIIIIIIIIIII
IIIIIIIIA1IIIIIIIA1IIIIIIIIIIIIIIIIIIIIIIIIIIIIA1IIIIIIIIIIIIIII
IIIIA1IIA1IIIIIIIA1IIIIIIIIIIIIIIIIIIIIIIIIIIIIA1IIIIIIIIIIIIIII
IIIIA1IIAA1IIIIIIA1IIIIIIIIIIIIIIIIIIIIIIIIIIIIA1IIIIIIIIIIIIIII
IIIIA1IIAAA1IIIIIA1IIIIIIIIIIIIIIIIIIIIIIIIIIIIA1IIIIIIIIIIIIIII
IIIIA1IIAAAA1IIIIA1IIIIIIIIIIIIIIIIIIIIIIIIIIIIA1IIIIIIIIIIIIIII
IIIAA1IIAAAA1IIIIA1IIIIIIIIIIIIIIIIIIIIIIIIIIIIA1IIIIIIIIIIIIIII
IIIAA1IIAAAAAIIIIA1IIIIIIIIIIIIIIIIIIIIIIIIIIIIA1IIIIIIIIIIIIIII
IIIIIIIIIIIIIIIIIIIIIIIIIIIIIIIIIIIIIIIIIIIIIIIA1IIIIIIIIIIIIIII
IIIIIIIIIIIIA1IIIIIIIIIIIIIIIIIIIIIIIIIIIIIIIIIA1IIIIIIIIIIIIIII
IIIIIIIIIIIIA1IIIA1IIIIIIIIIIIIIIIIIIIIIIIIIIIIA1IIIIIIIIIIIIIII
IIIIIIIIIIA1A1IIIA1IIIIIIIIIIIIIIIIIIIIIIIIIIIIA1IIIIIIIIIIIIIII
IIIIIIIIIIAAA1IIIA1IIIIIIIIIIIIIIIIIIIIIIIIIIIIA1IIIIIIIIIIIIIII
IIIIIIIIIIIIAIIIIIIIIIIIIIIIIIIIIIIIIIIIIIIIIIIIIIIIIIIIIIIIIIII
IIIIIIIIIIIIA11IIIIIIIIIIIIIIIIIIIIIIIIIIIIIIIIIIIIIIIIIIIIIIIII
IIIIIIIIIIIIAIIIIIIIIIIIIIIIIIIIIIIIIIIIIIIIIIIIIIIIIIIIIIIIIIII
IIIIIIIIIIIIA1111IIIIIIIIIIIIIIIIIIIIIIIIIIIIIIIIIIIIIIIIIIIIIII
IIIIIIIIIIIIAIIIIIIIIIIIIIIIIIIIIIIIIIIIIIIIIIIIIIIIIIIIIIIIIIII
IIIIIIIIIIIIA11111IIIIIIIIIIIIIIIIIIIIIIIIIIIIIIIIIIIIIIIIIIIIII
IIIIIIIIIAIIA11111IIIIIIIIIIIIIIIIIIIIIIIIIIIIIIIIIIIIIIIIIIIIII
IIIIAIIIIAIIA11111IIIIIIIIIIIIIIIIIIIIIIIIIIIIIIIIIIIIIIIIIIIIII
IIIAA1IIIAIIA11111IIIIIIIIIIIIIIIIIIIIIIIIIIIIIIIIIIIIIIIIIIIIII
IIIAA1IIIAIIA111111I2I2IIIIIIIIIIIIIIIIIIIIIIIIIIIIIIIIIIIIIIIII
IIIIIIIIA1IIIIIIIIIIIIIIIIIIIIIIIIIIIIIIIIIIIIIIIIIIIIIIIIIIIIII
IIIIA1IIA1IIIIIIIIIIIIIIIIIIIIIIIIIIIIIIIIIIIIIIIIIIIIIIIIIIIIII
IIIIA1IIAA1IIIIIIIIIIIIIIIIIIIIIIIIIIIIIIIIIIIIIIIIIIIIIIIIIIIII
IIIIA1IIAAA1IIIIIIIIIIIIIIIIIIIIIIIIIIIIIIIIIIIIIIIIIIIIIIIIIIII
IIIIA1IIAAAA1IIIIIIIIIIIIIIIIIIIIIIIIIIIIIIIIIIIIIIIIIIIIIIIIIII
IIIIIIIIIIIIA1IIIIIIIIIIIIIIIIIIIIIIIIIIIIIIIIIIIIIIIIIIIIIIIIII
IIIIIIIIIIA1A1IIIIIIIIIIIIIIIIIIIIIIIIIIIIIIIIIIIIIIIIIIIIIIIIII
IIIIIIIIIIAAA1IIIIIIIIIIIIIIIIIIIIIIIIIIIIIIIIIIIIIIIIIIIIIIIIII
IIIIIIIIIIAAA11IIIIIIIIIIIIIIIIIIIIIIIIIIIIIIIIIIIIIIIIIIIIIIIII
IIIIIIIIIIAAA11II11I1I1II1IIIIIIIIIIIIIIIIIIIIIIIIIIIIIIIIIIIIII
IIIIIIIIIIIIA11I11IIIIIIIIIIIIIIIIIIIIIIIIIIIIIIIIIIIIIIIIIIIIII
IIIIIIIIIIIIA11I11I1111IIIIIIIIIIIIIIIIIIIIIIIIIIIIIIIIIIIIIIIII
IIIIIIIIIIIIA2IIIIIIIIIIIIIIIIIIIIIIIIIIIIIIIIIIIIIIIIIIIIIIIIII
IIIIIIIIIIIIA2IIIIIIIIIIIIIIIIIIIIIIIIIIIIIIIIIA2IIIIIIIIIIIIIII
IIIIIIIIIIIIA2IIIA2IIIIIIIIIIIIIIIIIIIIIIIIIIIIA2IIIIIIIIIIIIIII
IIIIIIIIA2IIA2IIIA2IIIIIIIIIIIIIIIIIIIIIIIIIIIIA2IIIIIIIIIIIIIII
IIIIA2IIA2IIA2IIIA2IIIIIIIIIIIIIIIIIIIIIIIIIIIIA2IIIIIIIIIIIIIII
IIIIA2IIAA2IA2IIIA2IIIIIIIIIIIIIIIIIIIIIIIIIIIIA2IIIIIIIIIIIIIII
IIIIA2IIAAA2A2IIIA2IIIIIIIIIIIIIIIIIIIIIIIIIIIIA2IIIIIIIIIIIIIII
IIIIA2IIAAAAA2IIIA2IIIIIIIIIIIIIIIIIIIIIIIIIIIIA2IIIIIIIIIIIIIII
IIIAA2IIAAAAA2IIIA2IIIIIIIIIIIIIIIIIIIIIIIIIIIIA2IIIIIIIIIIIIIII
IIIIIIIIIIIIA1IIIIIIIIIIIIIIIIIIIIIIIIIIIIIIIIIIIIIIIIIIIIIIIIII
IIIIIIIIA1IIA1IIIIIIIIIIIIIIIIIIIIIIIIIIIIIIIIIIIIIIIIIIIIIIIIII
IIIIA1IIA1IIA1IIIIIIIIIIIIIIIIIIIIIIIIIIIIIIIIIIIIIIIIIIIIIIIIII
IIIIA1IIAA1IA1IIIIIIIIIIIIIIIIIIIIIIIIIIIIIIIIIIIIIIIIIIIIIIIIII
IIIIA1IIAAA1A1IIIIIIIIIIIIIIIIIIIIIIIIIIIIIIIIIIIIIIIIIIIIIIIIII
IIIIA1IIAAAAA1IIIIIIIIIIIIIIIIIIIIIIIIIIIIIIIIIIIIIIIIIIIIIIIIII
IIIAA1IIAAAAA1IIIIIIIIIIIIIIIIIIIIIIIIIIIIIIIIIIIIIIIIIIIIIIIIII
IIIIIIIIIIIIA1IIIIIIIIIIIIIIIIIIIIIIIIIIIIIIIIIIIIIIIIIIIIIIIIII
IIIIIIIIA1IIA1IIIIIIIIIIIIIIIIIIIIIIIIIIIIIIIIIIIIIIIIIIIIIIIIII
IIIIA1IIA1IIA1IIIIIIIIIIIIIIIIIIIIIIIIIIIIIIIIIIIIIIIIIIIIIIIIII
IIIIA1IIAA1IA1IIIIIIIIIIIIIIIIIIIIIIIIIIIIIIIIIIIIIIIIIIIIIIIIII
IIIIA1IIAAA1A1IIIIIIIIIIIIIIIIIIIIIIIIIIIIIIIIIIIIIIIIIIIIIIIIII
IIIIA1IIAAAAA1IIIIIIIIIIIIIIIIIIIIIIIIIIIIIIIIIIIIIIIIIIIIIIIIII
IIIAA1IIAAAAA1IIIIIIIIIIIIIIIIIIIIIIIIIIIIIIIIIIIIIIIIIIIIIIIIII
IIIIIIIIIIIIAIIIIIIIIIIIIIIIIIIIIIIIIIIIIIIIIIIIIIIIIIIIIIIIIIII
IIIIIIIIA1IIIIIIIIIIIIIIIIIIIIIIIIIIIIIIIIIIIIIIIIIIIIIIIIIIIIII
IIIIA1IIA1IIIIIIIIIIIIIIIIIIIIIIIIIIIIIIIIIIIIIIIIIIIIIIIIIIIIII
IIIIA1IIAA1IIIIIIIIIIIIIIIIIIIIIIIIIIIIIIIIIIIIIIIIIIIIIIIIIIIII
IIIIA1IIAAA1IIIIIIIIIIIIIIIIIIIIIIIIIIIIIIIIIIIIIIIIIIIIIIIIIIII
IIIIA1IIAAAA1IIIIIIIIIIIIIIIIIIIIIIIIIIIIIIIIIIIIIIIIIIIIIIIIIII
IIIAA1IIAAAA1IIIIIIIIIIIIIIIIIIIIIIIIIIIIIIIIIIIIIIIIIIIIIIIIIII
IIIIIIIIIIIIIIIIIIIIIIIIIIIIIIIIIIIIIIIIIIIIIIIA1IIIIIIIIIIIIIII
IIIIIIIIIIIIA1IIIIIIIIIIIIIIIIIIIIIIIIIIIIIIIIIA1IIIIIIIIIIIIIII
IIIIIIIIIIIIA1IIIA1IIIIIIIIIIIIIIIIIIIIIIIIIIIIA1IIIIIIIIIIIIIII
IIIIIIIIA1IIA1IIIA1IIIIIIIIIIIIIIIIIIIIIIIIIIIIA1IIIIIIIIIIIIIII
IIIIA1IIA1IIA1IIIA1IIIIIIIIIIIIIIIIIIIIIIIIIIIIA1IIIIIIIIIIIIIII
IIIIA1IIAAIIA1IIIA1IIIIIIIIIIIIIIIIIIIIIIIIIIIIA1IIIIIIIIIIIIIII
IIIIA1IIAAAIA1IIIA1IIIIIIIIIIIIIIIIIIIIIIIIIIIIA1IIIIIIIIIIIIIII
IIIIA1IIAAAAA1IIIA1IIIIIIIIIIIIIIIIIIIIIIIIIIIIA1IIIIIIIIIIIIIII
IIIAA1IIAAAAA1IIIA1IIIIIIIIIIIIIIIIIIIIIIIIIIIIA1IIIIIIIIIIIIIII
IIIIIIIIIIIIA2IIIIIIIIIIIIIIIIIIIIIIIIIIIIIIIIIIIIIIIIIIIIIIIIII
IIIIIIIIA1IIIIIIIIIIIIIIIIIIIIIIIIIIIIIIIIIIIIIIIIIIIIIIIIIIIIII
IIIIA1IIA1IIIIIIIIIIIIIIIIIIIIIIIIIIIIIIIIIIIIIIIIIIIIIIIIIIIIII
IIIIA1IIAA1IIIIIIIIIIIIIIIIIIIIIIIIIIIIIIIIIIIIIIIIIIIIIIIIIIIII
IIIIA1IIAAA1IIIIIIIIIIIIIIIIIIIIIIIIIIIIIIIIIIIIIIIIIIIIIIIIIIII
IIIIA1IIAAAA1IIIIIIIIIIIIIIIIIIIIIIIIIIIIIIIIIIIIIIIIIIIIIIIIIII
IIIAA1IIAAAA1IIIIIIIIIIIIIIIIIIIIIIIIIIIIIIIIIIIIIIIIIIIIIIIIIII
IIIIIIIIIII2AIIIIIIIIIIIIIIIIIIIIIIIIIIIIIIIIIIIIIIIIIIIIIIIIIII
IIIIIII2AIIIIIIIIIIIIIIIIIIIIIIIIIIIIIIIIIIIIIIIIIIIIIIIIIIIIIII
III2AII2AIIIIIIIIIIIIIIIIIIIIIIIIIIIIIIIIIIIIIIIIIIIIIIIIIIIIIII
III2AII2AAIIIIIIIIIIIIIIIIIIIIIIIIIIIIIIIIIIIIIIIIIIIIIIIIIIIIII
III2AII2AAAIIIIIIIIIIIIIIIIIIIIIIIIIIIIIIIIIIIIIIIIIIIIIIIIIIIII
III2AII2AAAAIIIIIIIIIIIIIIIIIIIIIIIIIIIIIIIIIIIIIIIIIIIIIIIIIIII
III2A1I2AAAAIIIIIIIIIIIIIIIIIIIIIIIIIIIIIIIIIIIIIIIIIIIIIIIIIIII
IIIAA1I2AAAAIIIIIIIIIIIIIIIIIIIIIIIIIIIIIIIIIIIIIIIIIIIIIIIIIIII
IIIAA1I2AAAAA1IIIIIIIIIIIIIIIIIIIIIIIIIIIIIIIIIIIIIIIIIIIIIIIIII
IIIIIIIIAIIIIIIIIIIIIIIIIIIIIIIIIIIIIIIIIIIIIIIIIIIIIIIIIIIIIIII
IIIIAIIIAIIIIIIIIIIIIIIIIIIIIIIIIIIIIIIIIIIIIIIIIIIIIIIIIIIIIIII
IIIIAIIIAAIIIIIIIIIIIIIIIIIIIIIIIIIIIIIIIIIIIIIIIIIIIIIIIIIIIIII
IIIIAIIIAAAIIIIIIIIIIIIIIIIIIIIIIIIIIIIIIIIIIIIIIIIIIIIIIIIIIIII
IIIIAIIIAAAAIIIIIIIIIIIIIIIIIIIIIIIIIIIIIIIIIIIIIIIIIIIIIIIIIIII
IIIIA1IIAAAAIIIIIIIIIIIIIIIIIIIIIIIIIIIIIIIIIIIIIIIIIIIIIIIIIIII
IIIAA1IIAAAAIIIIIIIIIIIIIIIIIIIIIIIIIIIIIIIIIIIIIIIIIIIIIIIIIIII
IIIAA1IIAAAAA1IIIIIIIIIIIIIIIIIIIIIIIIIIIIIIIIIIIIIIIIIIIIIIIIII
IIIIIIIIIII2AIIIIIIIIIIIIIIIIIIIIIIIIIIIIIIIIIIIIIIIIIIIIIIIIIII
IIIIIII2AII2AIIIIIIIIIIIIIIIIIIIIIIIIIIIIIIIIIIIIIIIIIIIIIIIIIII
III2AII2AII2AIIIIIIIIIIIIIIIIIIIIIIIIIIIIIIIIIIIIIIIIIIIIIIIIIII
III2AII2AAI2AIIIIIIIIIIIIIIIIIIIIIIIIIIIIIIIIIIIIIIIIIIIIIIIIIII
III2AII2AAA2AIIIIIIIIIIIIIIIIIIIIIIIIIIIIIIIIIIIIIIIIIIIIIIIIIII
III2AII2AAAAAIIIIIIIIIIIIIIIIIIIIIIIIIIIIIIIIIIIIIIIIIIIIIIIIIII
II2AAII2AAAAAIIIIIIIIIIIIIIIIIIIIIIIIIIIIIIIIIIIIIIIIIIIIIIIIIII
IIIIIIIIIIIIA1IIIIIIIIIIIIIIIIIIIIIIIIIIIIIIIIIIIIIIIIIIIIIIIIII
IIIIIIIIAIIIIIIIIIIIIIIIIIIIIIIIIIIIIIIIIIIIIIIIIIIIIIIIIIIIIIII
IIIIAIIIAIIIIIIIIIIIIIIIIIIIIIIIIIIIIIIIIIIIIIIIIIIIIIIIIIIIIIII
IIIIAIIIAAIIIIIIIIIIIIIIIIIIIIIIIIIIIIIIIIIIIIIIIIIIIIIIIIIIIIII
IIIIAIIIAAAIIIIIIIIIIIIIIIIIIIIIIIIIIIIIIIIIIIIIIIIIIIIIIIIIIIII
IIIIAIIIAAAAIIIIIIIIIIIIIIIIIIIIIIIIIIIIIIIIIIIIIIIIIIIIIIIIIIII
IIIAAIIIAAAAIIIIIIIIIIIIIIIIIIIIIIIIIIIIIIIIIIIIIIIIIIIIIIIIIIII
IIIAAIIIAAAAA1IIIIIIIIIIIIIIIIIIIIIIIIIIIIIIIIIIIIIIIIIIIIIIIIII
IIIIIIIIA1IIIIIIIIIIIIIIIIIIIIIIIIIIIIIIIIIIIIIIIIIIIIIIIIIIIIII
IIIIA1IIA1IIIIIIIIIIIIIIIIIIIIIIIIIIIIIIIIIIIIIIIIIIIIIIIIIIIIII
IIIIA1IIAA1IIIIIIIIIIIIIIIIIIIIIIIIIIIIIIIIIIIIIIIIIIIIIIIIIIIII
IIIIA1IIAAA1IIIIIIIIIIIIIIIIIIIIIIIIIIIIIIIIIIIIIIIIIIIIIIIIIIII
IIIIA1IIAAAA1IIIIIIIIIIIIIIIIIIIIIIIIIIIIIIIIIIIIIIIIIIIIIIIIIII
IIIAA1IIAAAA1IIIIIIIIIIIIIIIIIIIIIIIIIIIIIIIIIIIIIIIIIIIIIIIIIII
IIIIIIIIIIIIAIIIIIIIIIIIIIIIIIIIIIIIIIIIIIIIIIIIIIIIIIIIIIIIIIII
IIIIIIIIAIIIAIIIIIIIIIIIIIIIIIIIIIIIIIIIIIIIIIIIIIIIIIIIIIIIIIII
IIIIAIIIAIIIAIIIIIIIIIIIIIIIIIIIIIIIIIIIIIIIIIIIIIIIIIIIIIIIIIII
IIIIAIIIAAIIAIIIIIIIIIIIIIIIIIIIIIIIIIIIIIIIIIIIIIIIIIIIIIIIIIII
IIIIAIIIAAAIAIIIIIIIIIIIIIIIIIIIIIIIIIIIIIIIIIIIIIIIIIIIIIIIIIII
IIIIAIIIAAAAAIIIIIIIIIIIIIIIIIIIIIIIIIIIIIIIIIIIIIIIIIIIIIIIIIII
IIIAAIIIAAAAAIIIIIIIIIIIIIIIIIIIIIIIIIIIIIIIIIIIIIIIIIIIIIIIIIII
IIIIIIIIA1IIIIIIIIIIIIIIIIIIIIIIIIIIIIIIIIIIIIIIIIIIIIIIIIIIIIII
IIIIA1IIA1IIIIIIIIIIIIIIIIIIIIIIIIIIIIIIIIIIIIIIIIIIIIIIIIIIIIII
IIIIA1IIAA1IIIIIIIIIIIIIIIIIIIIIIIIIIIIIIIIIIIIIIIIIIIIIIIIIIIII
IIIIA1IIAAA1IIIIIIIIIIIIIIIIIIIIIIIIIIIIIIIIIIIIIIIIIIIIIIIIIIII
IIIIA1IIAAAA1IIIIIIIIIIIIIIIIIIIIIIIIIIIIIIIIIIIIIIIIIIIIIIIIIII
IIIAA1IIAAAA1IIIIIIIIIIIIIIIIIIIIIIIIIIIIIIIIIIIIIIIIIIIIIIIIIII
IIIIIIIIIIIIA1IIIIIIIIIIIIIIIIIIIIIIIIIIIIIIIIIIIIIIIIIIIIIIIIII
IIIIIIIIAIIIIIIIIIIIIIIIIIIIIIIIIIIIIIIIIIIIIIIIIIIIIIIIIIIIIIII
IIIIAIIIAIIIIIIIIIIIIIIIIIIIIIIIIIIIIIIIIIIIIIIIIIIIIIIIIIIIIIII
IIIIAIIIAAIIIIIIIIIIIIIIIIIIIIIIIIIIIIIIIIIIIIIIIIIIIIIIIIIIIIII
IIIIAIIIAAAIIIIIIIIIIIIIIIIIIIIIIIIIIIIIIIIIIIIIIIIIIIIIIIIIIIII
IIIIAIIIAAAAIIIIIIIIIIIIIIIIIIIIIIIIIIIIIIIIIIIIIIIIIIIIIIIIIIII
IIIIA1IIAAAAIIIIIIIIIIIIIIIIIIIIIIIIIIIIIIIIIIIIIIIIIIIIIIIIIIII
IIIAA1IIAAAAIIIIIIIIIIIIIIIIIIIIIIIIIIIIIIIIIIIIIIIIIIIIIIIIIIII
IIIAA1IIAAAAA1IIIIIIIIIIIIIIIIIIIIIIIIIIIIIIIIIIIIIIIIIIIIIIIIII
IIIAA1IIAAAAA1IIIIIIIIIIIIIIIIIIIIIIIIIIIIIIIIIA1IIIIIIIIIIIIIII
IIIAA1IIAAAAA1IIIA1IIIIIIIIIIIIIIIIIIIIIIIIIIIIA1IIIIIIIIIIIIIII
IIIAA1IIAAAAA1IIIA1IIIIIIIIIIIIIIIIIIIIIIIIIII2A1IIIIIIIIIIIIIII
IIIAA1IIAAAAA1II2A1IIIIIIIIIIIIIIIIIIIIIIIIIII2A1IIIIIIIIIIIIIII
II2AA1IIAAAAA1II2A1IIIIIIIIIIIIIIIIIIIIIIIIIII2A1IIIIIIIIIIIIIII
IIIIIIIIIIIIIIIIIIIIIIIIIIIIIIIIIIIIIIIIIIIIII2AIIIIIIIIIIIIIIII
IIIIIIIIIIIIIIII2AIIIIIIIIIIIIIIIIIIIIIIIIIIII2AIIIIIIIIIIIIIIII
IIIIIIIIIIIIIIII2AIIIIIIIIIIIIIIIIIIIIIIIIIIII2A2IIIIIIIIIIIIIII
IIIIIIIIIIIIIIII2A2IIIIIIIIIIIIIIIIIIIIIIIIIII2A2IIIIIIIIIIIIIII
IIIIIIIIA2IIIIII2A2IIIIIIIIIIIIIIIIIIIIIIIIIII2A2IIIIIIIIIIIIIII
IIIIA2IIA2IIIIII2A2IIIIIIIIIIIIIIIIIIIIIIIIIII2A2IIIIIIIIIIIIIII
IIIIA2IIAA2IIIII2A2IIIIIIIIIIIIIIIIIIIIIIIIIII2A2IIIIIIIIIIIIIII
IIIIA2IIAAA2IIII2A2IIIIIIIIIIIIIIIIIIIIIIIIIII2A2IIIIIIIIIIIIIII
IIIIA2IIAAAA2III2A2IIIIIIIIIIIIIIIIIIIIIIIIIII2A2IIIIIIIIIIIIIII
IIIAA2IIAAAA2III2A2IIIIIIIIIIIIIIIIIIIIIIIIIII2A2IIIIIIIIIIIIIII
IIIIIIIIIIIIA2IIIIIIIIIIIIIIIIIIIIIIIIIIIIIIIIIIIIIIIIIIIIIIIIII
IIIIIIIIIIIIA1IIIIIIIIIIIIIIIIIIIIIIIIIIIIIIIIIIIIIIIIIIIIIIIIII
IIIIIIIIAIIIIIIIIIIIIIIIIIIIIIIIIIIIIIIIIIIIIIIIIIIIIIIIIIIIIIII
IIIIAIIIAIIIIIIIIIIIIIIIIIIIIIIIIIIIIIIIIIIIIIIIIIIIIIIIIIIIIIII
IIIIAIIIAAIIIIIIIIIIIIIIIIIIIIIIIIIIIIIIIIIIIIIIIIIIIIIIIIIIIIII
IIIIAIIIAAAIIIIIIIIIIIIIIIIIIIIIIIIIIIIIIIIIIIIIIIIIIIIIIIIIIIII
IIIIAIIIAAAAIIIIIIIIIIIIIIIIIIIIIIIIIIIIIIIIIIIIIIIIIIIIIIIIIIII
IIIAAIIIAAAAIIIIIIIIIIIIIIIIIIIIIIIIIIIIIIIIIIIIIIIIIIIIIIIIIIII
IIIIIIIIIIIIA2IIIIIIIIIIIIIIIIIIIIIIIIIIIIIIIIIIIIIIIIIIIIIIIIII
IIIIIIIIA1IIIIIIIIIIIIIIIIIIIIIIIIIIIIIIIIIIIIIIIIIIIIIIIIIIIIII
IIIIA1IIA1IIIIIIIIIIIIIIIIIIIIIIIIIIIIIIIIIIIIIIIIIIIIIIIIIIIIII
IIIIA1IIAA1IIIIIIIIIIIIIIIIIIIIIIIIIIIIIIIIIIIIIIIIIIIIIIIIIIIII
IIIIA1IIAAA1IIIIIIIIIIIIIIIIIIIIIIIIIIIIIIIIIIIIIIIIIIIIIIIIIIII
IIIIA1IIAAAA1IIIIIIIIIIIIIIIIIIIIIIIIIIIIIIIIIIIIIIIIIIIIIIIIIII
IIIAA1IIAAAA1IIIIIIIIIIIIIIIIIIIIIIIIIIIIIIIIIIIIIIIIIIIIIIIIIII
IIIAA1IIAAAAA1IIIIIIIIIIIIIIIIIIIIIIIIIIIIIIIIIIIIIIIIIIIIIIIIII
IIIIIIIIIIIIA1IIIIIIIIIIIIIIIIIIIIIIIIIIIIIIIIIIIIIIIIIIIIIIIIII
IIIIIIIIA1IIA1IIIIIIIIIIIIIIIIIIIIIIIIIIIIIIIIIIIIIIIIIIIIIIIIII
IIIIA1IIA1IIA1IIIIIIIIIIIIIIIIIIIIIIIIIIIIIIIIIIIIIIIIIIIIIIIIII
IIIIA1IIAA1IA1IIIIIIIIIIIIIIIIIIIIIIIIIIIIIIIIIIIIIIIIIIIIIIIIII
IIIIA1IIAAA1A1IIIIIIIIIIIIIIIIIIIIIIIIIIIIIIIIIIIIIIIIIIIIIIIIII
IIIIA1IIAAAAA1IIIIIIIIIIIIIIIIIIIIIIIIIIIIIIIIIIIIIIIIIIIIIIIIII
IIIIIIIIIIIIIIIIIIIIIIIIIIIIIIIIIIIIIIIIIIIIIIIA1IIIIIIIIIIIIIII
IIIIIIIIIIIIA2IIIIIIIIIIIIIIIIIIIIIIIIIIIIIIIIIA1IIIIIIIIIIIIIII
IIIIIIIIIIIIA2IIIA2IIIIIIIIIIIIIIIIIIIIIIIIIIIIA1IIIIIIIIIIIIIII
IIIIIIIIA2IIIIIIIIIIIIIIIIIIIIIIIIIIIIIIIIIIIIIIIIIIIIIIIIIIIIII
IIIIA2IIA2IIIIIIIIIIIIIIIIIIIIIIIIIIIIIIIIIIIIIIIIIIIIIIIIIIIIII
IIIIA2IIAA2IIIIIIIIIIIIIIIIIIIIIIIIIIIIIIIIIIIIIIIIIIIIIIIIIIIII
IIIIA2IIAAA2IIIIIIIIIIIIIIIIIIIIIIIIIIIIIIIIIIIIIIIIIIIIIIIIIIII
IIIIA2IIAAAA2IIIIIIIIIIIIIIIIIIIIIIIIIIIIIIIIIIIIIIIIIIIIIIIIIII
IIIIA12IAAAA2IIIIIIIIIIIIIIIIIIIIIIIIIIIIIIIIIIIIIIIIIIIIIIIIIII
IIIAA12IAAAA2IIIIIIIIIIIIIIIIIIIIIIIIIIIIIIIIIIIIIIIIIIIIIIIIIII
IIIIIIIIIIIIA12IIIIIIIIIIIIIIIIIIIIIIIIIIIIIIIIIIIIIIIIIIIIIIIII
IIIIIIIIIIIIAIIIIIIIIIIIIIIIIIIIIIIIIIIIIIIIIIIIIIIIIIIIIIIIIIII
IIIIIIIIAIIIAIIIIIIIIIIIIIIIIIIIIIIIIIIIIIIIIIIIIIIIIIIIIIIIIIII
IIIIAIIIAIIIAIIIIIIIIIIIIIIIIIIIIIIIIIIIIIIIIIIIIIIIIIIIIIIIIIII
IIIIAIIIAAIIAIIIIIIIIIIIIIIIIIIIIIIIIIIIIIIIIIIIIIIIIIIIIIIIIIII
IIIIAIIIAAAIAIIIIIIIIIIIIIIIIIIIIIIIIIIIIIIIIIIIIIIIIIIIIIIIIIII
IIIIAIIIAAAAAIIIIIIIIIIIIIIIIIIIIIIIIIIIIIIIIIIIIIIIIIIIIIIIIIII
IIIAAIIIAAAAAIIIIIIIIIIIIIIIIIIIIIIIIIIIIIIIIIIIIIIIIIIIIIIIIIII
IIIIIIIIA1IIIIIIIIIIIIIIIIIIIIIIIIIIIIIIIIIIIIIIIIIIIIIIIIIIIIII
IIIIA1IIA1IIIIIIIIIIIIIIIIIIIIIIIIIIIIIIIIIIIIIIIIIIIIIIIIIIIIII
IIIIA1IIAA1IIIIIIIIIIIIIIIIIIIIIIIIIIIIIIIIIIIIIIIIIIIIIIIIIIIII
IIIIA1IIAAA1IIIIIIIIIIIIIIIIIIIIIIIIIIIIIIIIIIIIIIIIIIIIIIIIIIII
IIIIA1IIAAAA1IIIIIIIIIIIIIIIIIIIIIIIIIIIIIIIIIIIIIIIIIIIIIIIIIII
IIIAA1IIAAAA1IIIIIIIIIIIIIIIIIIIIIIIIIIIIIIIIIIIIIIIIIIIIIIIIIII
IIIIIIIIIIIIA122IIIIIIIIIIIIIIIIIIIIIIIIIIIIIIIIIIIIIIIIIIIIIIII
IIIIIIIIIIIIA122I2I2IIIIIIIIIIIIIIIIIIIIIIIIIIIIIIIIIIIIIIIIIIII
IIIIIIIIA1IIA122I2I2IIIIIIIIIIIIIIIIIIIIIIIIIIIIIIIIIIIIIIIIIIII
IIIIAIIIA1IIA122I2I2IIIIIIIIIIIIIIIIIIIIIIIIIIIIIIIIIIIIIIIIIIII
IIIIAIIIAA12A12222I2IIIIIIIIIIIIIIIIIIIIIIIIIIIIIIIIIIIIIIIIIIII
IIIIAIIIAAA1A12222I2IIIIIIIIIIIIIIIIIIIIIIIIIIIIIIIIIIIIIIIIIIII
IIIIAIIIAAAAA1222222IIIIIIIIIIIIIIIIIIIIIIIIIIIIIIIIIIIIIIIIIIII
IIIIA122AAAAA1222222IIIIIIIIIIIIIIIIIIIIIIIIIIIIIIIIIIIIIIIIIIII
IIIAA122AAAAA1222222IIIIIIIIIIIIIIIIIIIIIIIIIIIIIIIIIIIIIIIIIIII
IIIIIIIIIIIIA1IIIIIIIIIIIIIIIIIIIIIIIIIIIIIIIIIIIIIIIIIIIIIIIIII
IIIIIIIIAIIIIIIIIIIIIIIIIIIIIIIIIIIIIIIIIIIIIIIIIIIIIIIIIIIIIIII
IIIIAIIIAIIIIIIIIIIIIIIIIIIIIIIIIIIIIIIIIIIIIIIIIIIIIIIIIIIIIIII
IIIIAIIIAAIIIIIIIIIIIIIIIIIIIIIIIIIIIIIIIIIIIIIIIIIIIIIIIIIIIIII
IIIIAIIIAAAIIIIIIIIIIIIIIIIIIIIIIIIIIIIIIIIIIIIIIIIIIIIIIIIIIIII
IIIIAIIIAAAAIIIIIIIIIIIIIIIIIIIIIIIIIIIIIIIIIIIIIIIIIIIIIIIIIIII
IIIAAIIIAAAAIIIIIIIIIIIIIIIIIIIIIIIIIIIIIIIIIIIIIIIIIIIIIIIIIIII
IIIAAIIIAAAAIIIIIIIIIIIIIIIIIIIIIIIIIIIIIIIIIIIA1IIIIIIIIIIIIIII
IIIAAIIIAAAAIIIIIA1IIIIIIIIIIIIIIIIIIIIIIIIIIIIA1IIIIIIIIIIIIIII
IIIAA1IIAAAAIIIIIA1IIIIIIIIIIIIIIIIIIIIIIIIIIIIA1IIIIIIIIIIIIIII
IIIAA1IIAAAA1IIIIA1IIIIIIIIIIIIIIIIIIIIIIIIIIIIA1IIIIIIIIIIIIIII
IIIAA1IIAAAAAIIIIA1IIIIIIIIIIIIIIIIIIIIIIIIIIIIA1IIIIIIIIIIIIIII
IIIIIIIIIIIIIIIIIIIIIIIIIIIIIIIIIIIIIIIIIIIIIIIA12IIIIIIIIIIIIII
IIIIIIIIIIIIA12IIIIIIIIIIIIIIIIIIIIIIIIIIIIIIIIA12IIIIIIIIIIIIII
IIIIIIIIIIIIA12IIA12IIIIIIIIIIIIIIIIIIIIIIIIIIIA12IIIIIIIIIIIIII
IIIIIIIIIIIIIIIIIIIIIIIIIIIIIIIIIIIIIIIIIIIIIIIA1IIIIIIIIIIIIIII
IIIIIIIIIIIIIIIIIA2IIIIIIIIIIIIIIIIIIIIIIIIIIIIA1IIIIIIIIIIIIIII
IIIIIIIIA2IIIIIIIA2IIIIIIIIIIIIIIIIIIIIIIIIIIIIA1IIIIIIIIIIIIIII
IIIIA2IIA2IIIIIIIA2IIIIIIIIIIIIIIIIIIIIIIIIIIIIA1IIIIIIIIIIIIIII
IIIIA2IIAA2IIIIIIA2IIIIIIIIIIIIIIIIIIIIIIIIIIIIA1IIIIIIIIIIIIIII
IIIIA2IIAAA2IIIIIA2IIIIIIIIIIIIIIIIIIIIIIIIIIIIA1IIIIIIIIIIIIIII
IIIIA2IIAAAA2IIIIA2IIIIIIIIIIIIIIIIIIIIIIIIIIIIA1IIIIIIIIIIIIIII
IIIAA2IIAAAA2IIIIA2IIIIIIIIIIIIIIIIIIIIIIIIIIIIA1IIIIIIIIIIIIIII
IIIIIIIIIIIIA1IIIIIIIIIIIIIIIIIIIIIIIIIIIIIIIIIIIIIIIIIIIIIIIIII
IIIIIIIIA2IIIIIIIIIIIIIIIIIIIIIIIIIIIIIIIIIIIIIIIIIIIIIIIIIIIIII
IIIIA2IIA2IIIIIIIIIIIIIIIIIIIIIIIIIIIIIIIIIIIIIIIIIIIIIIIIIIIIII
IIIIA2IIAA2IIIIIIIIIIIIIIIIIIIIIIIIIIIIIIIIIIIIIIIIIIIIIIIIIIIII
IIIIA2IIAAA2IIIIIIIIIIIIIIIIIIIIIIIIIIIIIIIIIIIIIIIIIIIIIIIIIIII
IIIIA2IIAAAA2IIIIIIIIIIIIIIIIIIIIIIIIIIIIIIIIIIIIIIIIIIIIIIIIIII
IIIAA2IIAAAA2IIIIIIIIIIIIIIIIIIIIIIIIIIIIIIIIIIIIIIIIIIIIIIIIIII
IIIIIIIIIIIIA1222IIIIIIIIIIIIIIIIIIIIIIIIIIIIIIIIIIIIIIIIIIIIIII
IIIIIIIIAIIIIIIIIIIIIIIIIIIIIIIIIIIIIIIIIIIIIIIIIIIIIIIIIIIIIIII
IIIIAIIIAIIIIIIIIIIIIIIIIIIIIIIIIIIIIIIIIIIIIIIIIIIIIIIIIIIIIIII
IIIIAIIIAA11II1IIIIIIIIIIIIIIIIIIIIIIIIIIIIIIIIIIIIIIIIIIIIIIIII
IIIIAIIIAAA1121122IIIIIIIIIIIIIIIIIIIIIIIIIIIIIIIIIIIIIIIIIIIIII
IIIIAIIIAAAA1111122IIIIIIIIIIIIIIIIIIIIIIIIIIIIIIIIIIIIIIIIIIIII
IIIAAIIIAAAA1111122IIIIIIIIIIIIIIIIIIIIIIIIIIIIIIIIIIIIIIIIIIIII
IIIAAIIIAAAAA1111122IIIIIIIIIIIIIIIIIIIIIIIIIIIIIIIIIIIIIIIIIIII
IIIIIIIIIIIIIIIIIIIIIIIIIIIIIIIIIIIIIIIIIIIIIIIA1122122IIIIIIIII
IIIIIIIIIIIIIIIIIA1122122IIIIIIIIIIIIIIIIIIIIIIA1122122IIIIIIIII
IIIIIIIIA2IIIIIIIA1122122IIIIIIIIIIIIIIIIIIIIIIA1122122IIIIIIIII
IIIIA2IIA2IIIIIIIA1122122IIIIIIIIIIIIIIIIIIIIIIA1122122IIIIIIIII
IIIIA2IIAA2IIIIIIA1122122IIIIIIIIIIIIIIIIIIIIIIA1122122IIIIIIIII
IIIIA2IIAAA2IIIIIA1122122IIIIIIIIIIIIIIIIIIIIIIA1122122IIIIIIIII
IIIIA2IIAAAA2IIIIA1122122IIIIIIIIIIIIIIIIIIIIIIA1122122IIIIIIIII
IIIAA2IIAAAA2IIIIA1122122IIIIIIIIIIIIIIIIIIIIIIA1122122IIIIIIIII
IIIIIIIIIIIIA2IIIIIIIIIIIIIIIIIIIIIIIIIIIIIIIIIIIIIIIIIIIIIIIIII
IIIIIIIIIIIIA12IIIIIIIIIIIIIIIIIIIIIIIIIIIIIIIIIIIIIIIIIIIIIIIII
IIIIIIIIA12IA12IIIIIIIIIIIIIIIIIIIIIIIIIIIIIIIIIIIIIIIIIIIIIIIII
IIIIA2IIA12IA12IIIIIIIIIIIIIIIIIIIIIIIIIIIIIIIIIIIIIIIIIIIIIIIII
IIIIA2IIA12IA12IIIIIIIIIIIIIIIIIIIIIIIIIIIIIIIIA12IIIIIIIIIIIIII
IIIIA2IIA12IA12IIA12IIIIIIIIIIIIIIIIIIIIIIIIIIIA12IIIIIIIIIIIIII
IIIIA12IA12IA12IIA12IIIIIIIIIIIIIIIIIIIIIIIIIIIA12IIIIIIIIIIIIII
IIIIA12IAA12A12IIA12IIIIIIIIIIIIIIIIIIIIIIIIIIIA12IIIIIIIIIIIIII
IIIIA12IAAA1A12IIA12IIIIIIIIIIIIIIIIIIIIIIIIIIIA12IIIIIIIIIIIIII
IIIIA12IAAAAA12IIA12IIIIIIIIIIIIIIIIIIIIIIIIIIIA12IIIIIIIIIIIIII
IIIAA12IAAAAA12IIA12IIIIIIIIIIIIIIIIIIIIIIIIIIIA12IIIIIIIIIIIIII
IIIIIIIIIIIIAIIIIIIIIIIIIIIIIIIIIIIIIIIIIIIIIIIIIIIIIIIIIIIIIIII
IIIIIIIIA2IIIIIIIIIIIIIIIIIIIIIIIIIIIIIIIIIIIIIIIIIIIIIIIIIIIIII
IIIIA2IIA2IIIIIIIIIIIIIIIIIIIIIIIIIIIIIIIIIIIIIIIIIIIIIIIIIIIIII
IIIIA2IIAA2IIIIIIIIIIIIIIIIIIIIIIIIIIIIIIIIIIIIIIIIIIIIIIIIIIIII
IIIIA2IIAAA2IIIIIIIIIIIIIIIIIIIIIIIIIIIIIIIIIIIIIIIIIIIIIIIIIIII
IIIIA2IIAAAA2IIIIIIIIIIIIIIIIIIIIIIIIIIIIIIIIIIIIIIIIIIIIIIIIIII
IIIIIIIIIIIIIIIIIIIIIIIIIIIIIIIIIIIIIIIIIIIIIIIA2IIIIIIIIIII1III
IIIIIIIIIIIIIIIIIA2IIIIIIIIIII1IIIIIIIIIIIIIIIIA2IIIIIIIIIII1III
IIIIIIII1AIIIIIIIA2IIIIIIIIIII1IIIIIIIIIIIIIIIIA2IIIIIIIIIII1III
IIIIAIII1AIIIIIIIA2IIIIIIIIIII1IIIIIIIIIIIIIIIIA2IIIIIIIIIII1III
IIIAAIII1AIIIIIIIA2IIIIIIIIIII1IIIIIIIIIIIIIIIIA2IIIIIIIIIII1III
IIIAAIII1AIIIIIIIA2IIIIIIIIIII1IIIIIIIIIIIIIII1A2IIIIIIIIIII1III
IIIAAIII1AIIIIII1A2IIIIIIIIIII1IIIIIIIIIIIIIII1A2IIIIIIIIIII1III
IIIAAII1AAIIIIII1A2IIIIIIIIIII1IIIIIIIIIIIIIII1A2IIIIIIIIIII1III
IIIAAII1AAAIIIII1A2IIIIIIIIIII1IIIIIIIIIIIIIII1A2IIIIIIIIIII1III
IIIAAII1AAAAIIII1A2IIIIIIIIIII1IIIIIIIIIIIIIII1A2IIIIIIIIIII1III
II1AAII1AAAAIIII1A2IIIIIIIIIII1IIIIIIIIIIIIIII1A2IIIIIIIIIII1III
II1AAII1AAAAA1II1A2IIIIIIIIIII1IIIIIIIIIIIIIII1A2IIIIIIIIIII1III
IIIIIIIIA1IIIIIIIIIIIIIIIIIIIIIIIIIIIIIIIIIIIIIIIIIIIIIIIIIIIIII
IIIIA1IIA1IIIIIIIIIIIIIIIIIIIIIIIIIIIIIIIIIIIIIIIIIIIIIIIIIIIIII
IIIIA1IIAA1IIIIIIIIIIIIIIIIIIIIIIIIIIIIIIIIIIIIIIIIIIIIIIIIIIIII
IIIIA1IIAAA1IIIIIIIIIIIIIIIIIIIIIIIIIIIIIIIIIIIIIIIIIIIIIIIIIIII
IIIIA1IIAAAA1IIIIIIIIIIIIIIIIIIIIIIIIIIIIIIIIIIIIIIIIIIIIIIIIIII
IIIAA1IIAAAA1IIIIIIIIIIIIIIIIIIIIIIIIIIIIIIIIIIIIIIIIIIIIIIIIIII
IIIAA1IIAAAA1IIIIIIIIIIIIIIIIIIIIIIIIIIIIIIIIIIAIIIIIIIIIIIIIIII
IIIAA1IIAAAAAIIIIIIIIIIIIIIIIIIIIIIIIIIIIIIIIIIAIIIIIIIIIIIIIIII
IIIAA1IIAAAAAIIIIAIIIIIIIIIIIIIIIIIIIIIIIIIIIIIAIIIIIIIIIIIIIIII
IIIIIIIIIIIIAIIIIIIIIIIIIIIIIIIIIIIIIIIIIIIIIIIIIIIIIIIIIIIIIIII
IIIIIIIIAIIIAIIIIIIIIIIIIIIIIIIIIIIIIIIIIIIIIIIIIIIIIIIIIIIIIIII
IIIIAIIIAIIIAIIIIIIIIIIIIIIIIIIIIIIIIIIIIIIIIIIIIIIIIIIIIIIIIIII
IIIIAIIIAAIIAIIIIIIIIIIIIIIIIIIIIIIIIIIIIIIIIIIIIIIIIIIIIIIIIIII
IIIIAIIIAAAIAIIIIIIIIIIIIIIIIIIIIIIIIIIIIIIIIIIIIIIIIIIIIIIIIIII
IIIIAIIIAAAAAIIIIIIIIIIIIIIIIIIIIIIIIIIIIIIIIIIIIIIIIIIIIIIIIIII
IIIAAIIIAAAAAIIIIIIIIIIIIIIIIIIIIIIIIIIIIIIIIIIIIIIIIIIIIIIIIIII
IIIAAIIIAAAAAIIIIIIIIIIIIIIIIIIIIIIIIIIIIIIIIIIA1IIIIIIIIIIIIIII
IIIAAIIIAAAAAIIIIA1IIIIIIIIIIIIIIIIIIIIIIIIIIIIA1IIIIIIIIIIIIIII
IIIAA1IIAAAAAIIIIA1IIIIIIIIIIIIIIIIIIIIIIIIIIIIA1IIIIIIIIIIIIIII
IIIIIIIIIIIIIIIIIIIIIIIIIIIIIIIIIIIIIIIIIIIIIIIAIIIIIIIIIIIIIIII
IIIIIIIIIIIIIIIIIAIIIIIIIIIIIIIIIIIIIIIIIIIIIIIAIIIIIIIIIIIIIIII
IIIIIIIIAIIIIIIIIAIIIIIIIIIIIIIIIIIIIIIIIIIIIIIAIIIIIIIIIIIIIIII
IIIIAIIIAIIIIIIIIAIIIIIIIIIIIIIIIIIIIIIIIIIIIIIAIIIIIIIIIIIIIIII
IIIIAIIIAAIIIIIIIAIIIIIIIIIIIIIIIIIIIIIIIIIIIIIAIIIIIIIIIIIIIIII
IIIIAIIIAAAIIIIIIAIIIIIIIIIIIIIIIIIIIIIIIIIIIIIAIIIIIIIIIIIIIIII
IIIIAIIIAAAAIIIIIAIIIIIIIIIIIIIIIIIIIIIIIIIIIIIAIIIIIIIIIIIIIIII
IIIAAIIIAAAAIIIIIAIIIIIIIIIIIIIIIIIIIIIIIIIIIIIAIIIIIIIIIIIIIIII
IIIAA1IIAAAAIIIIIAIIIIIIIIIIIIIIIIIIIIIIIIIIIIIAIIIIIIIIIIIIIIII
IIIAA1IIAAAAA1IIIAIIIIIIIIIIIIIIIIIIIIIIIIIIIIIAIIIIIIIIIIIIIIII
IIIIIIIIIIIIIIIIIIIIIIIIIIIIIIIIIIIIIIIIIIIIIIIAIIIIIIIIIIIIIIII
IIIIIIIIIIIIIIIIIAIIIIIIIIIIIIIIIIIIIIIIIIIIIIIAIIIIIIIIIIIIIIII
IIIIIIIIAIIIIIIIIAIIIIIIIIIIIIIIIIIIIIIIIIIIIIIAIIIIIIIIIIIIIIII
IIIIAIIIAIIIIIIIIAIIIIIIIIIIIIIIIIIIIIIIIIIIIIIAIIIIIIIIIIIIIIII
IIIIAIIIAAIIIIIIIAIIIIIIIIIIIIIIIIIIIIIIIIIIIIIAIIIIIIIIIIIIIIII
IIIIAIIIAAAIIIIIIAIIIIIIIIIIIIIIIIIIIIIIIIIIIIIAIIIIIIIIIIIIIIII
IIIIAIIIAAAAIIIIIAIIIIIIIIIIIIIIIIIIIIIIIIIIIIIAIIIIIIIIIIIIIIII
IIIIAIIIAAAAAIIIIAIIIIIIIIIIIIIIIIIIIIIIIIIIIIIAIIIIIIIIIIIIIIII
IIIIAI1IAAAAAIIIIAIIIIIIIIIIIIIIIIIIIIIIIIIIIIIAIIIIIIIIIIIIIIII
IIIAA11IAAAAAIIIIAIIIIIIIIIIIIIIIIIIIIIIIIIIIIIAIIIIIIIIIIIIIIII
IIIIIIIIIIIIAI1IIIIIIIIIIIIIIIIIIIIIIIIIIIIIIIIIIIIIIIIIIIIIIIII
IIIIIIIIA2IIIIIIIIIIIIIIIIIIIIIIIIIIIIIIIIIIIIIIIIIIIIIIIIIIIIII
IIIIA2IIA2IIIIIIIIIIIIIIIIIIIIIIIIIIIIIIIIIIIIIIIIIIIIIIIIIIIIII
IIIIA2IIAA2IIIIIIIIIIIIIIIIIIIIIIIIIIIIIIIIIIIIIIIIIIIIIIIIIIIII
IIIIA2IIAAA2IIIIIIIIIIIIIIIIIIIIIIIIIIIIIIIIIIIIIIIIIIIIIIIIIIII
IIIIA2IIAAAA2IIIIIIIIIIIIIIIIIIIIIIIIIIIIIIIIIIIIIIIIIIIIIIIIIII
IIIAA2IIAAAA2IIIIIIIIIIIIIIIIIIIIIIIIIIIIIIIIIIIIIIIIIIIIIIIIIII
IIIIIIIIIIIIIIIIIIIIIIIIIIIIIIIIIIIIIIIIIIIIIIIA1IIIIIIIIIIIIIII
IIIIIIIIIIIIIIIIIA1IIIIIIIIIIIIIIIIIIIIIIIIIIIIA1IIIIIIIIIIIIIII
IIIIIIIIIIIIA1IIIA1IIIIIIIIIIIIIIIIIIIIIIIIIIIIA1IIIIIIIIIIIIIII
IIIIIIIIA1IIA1IIIA1IIIIIIIIIIIIIIIIIIIIIIIIIIIIA1IIIIIIIIIIIIIII
IIIIA1IIA1IIA1IIIA1IIIIIIIIIIIIIIIIIIIIIIIIIIIIA1IIIIIIIIIIIIIII
IIIIA1IIAA1IA1IIIA1IIIIIIIIIIIIIIIIIIIIIIIIIIIIA1IIIIIIIIIIIIIII
IIIIA1IIAAA1A1IIIA1IIIIIIIIIIIIIIIIIIIIIIIIIIIIA1IIIIIIIIIIIIIII
IIIIA1IIAAAAA1IIIA1IIIIIIIIIIIIIIIIIIIIIIIIIIIIA1IIIIIIIIIIIIIII
IIIAA1IIAAAAA1IIIA1IIIIIIIIIIIIIIIIIIIIIIIIIIIIA1IIIIIIIIIIIIIII
IIIIIIIIIIIIIIIIIIIIIIIIIIIIIIIIIIIIIIIIIIIIIIIA1IIIIIIIIIIIIIII
IIIIIIIIIIIIIIIIIA1IIIIIIIIIIIIIIIIIIIIIIIIIIIIA1IIIIIIIIIIIIIII
IIIIIIIIA1IIIIIIIA1IIIIIIIIIIIIIIIIIIIIIIIIIIIIA1IIIIIIIIIIIIIII
III2AIIIA1IIIIIIIA1IIIIIIIIIIIIIIIIIIIIIIIIIIIIA1IIIIIIIIIIIIIII
III2AIIIAAIIIIIIIA1IIIIIIIIIIIIIIIIIIIIIIIIIIIIA1IIIIIIIIIIIIIII
III2AIIIAAAIIIIIIA1IIIIIIIIIIIIIIIIIIIIIIIIIIIIA1IIIIIIIIIIIIIII
III2AIIIAAAAIIIIIA1IIIIIIIIIIIIIIIIIIIIIIIIIIIIA1IIIIIIIIIIIIIII
IIIAAIIIAAAAIIIIIA1IIIIIIIIIIIIIIIIIIIIIIIIIIIIA1IIIIIIIIIIIIIII
IIIAAII2AAAAIIIIIA1IIIIIIIIIIIIIIIIIIIIIIIIIIIIA1IIIIIIIIIIIIIII
II2AAII2AAAAIIIIIA1IIIIIIIIIIIIIIIIIIIIIIIIIIIIA1IIIIIIIIIIIIIII
IIIIIIIIIIIIIIIIIIIIIIIIIIIIIIIIIIIIIIIIIIIIIIIA1IIIIIIIIIIIIIII
IIIIIIIIIIIIA1IIIIIIIIIIIIIIIIIIIIIIIIIIIIIIIIIA1IIIIIIIIIIIIIII
IIIIIIIIIIIIA1IIIA1IIIIIIIIIIIIIIIIIIIIIIIIIIIIA1IIIIIIIIIIIIIII
IIIIIIIIA1IIA1IIIA1IIIIIIIIIIIIIIIIIIIIIIIIIIIIA1IIIIIIIIIIIIIII
IIIIA1IIA1IIA1IIIA1IIIIIIIIIIIIIIIIIIIIIIIIIIIIA1IIIIIIIIIIIIIII
IIIIA1IIAA1IA1IIIA1IIIIIIIIIIIIIIIIIIIIIIIIIIIIA1IIIIIIIIIIIIIII
IIIIA1IIAAA1A1IIIA1IIIIIIIIIIIIIIIIIIIIIIIIIIIIA1IIIIIIIIIIIIIII
IIIIA1IIAAAAA1IIIA1IIIIIIIIIIIIIIIIIIIIIIIIIIIIA1IIIIIIIIIIIIIII
IIIAA1IIAAAAA1IIIA1IIIIIIIIIIIIIIIIIIIIIIIIIIIIA1IIIIIIIIIIIIIII
IIIIIIIIIIIIA1IIIIIIIIIIIIIIIIIIIIIIIIIIIIIIIIIIIIIIIIIIIIIIIIII
IIIIIIIIIIIIA1IIIIIIIIIIIIIIIIIIIIIIIIIIIIIIIIIA1IIIIIIIIIIIIIII
IIIIIIIIIIIIA1IIIA1IIIIIIIIIIIIIIIIIIIIIIIIIIIIA1IIIIIIIIIIIIIII
IIIIIIIIAIIIA1IIIA1IIIIIIIIIIIIIIIIIIIIIIIIIIIIA1IIIIIIIIIIIIIII
IIIIAIIIAIIIA1IIIA1IIIIIIIIIIIIIIIIIIIIIIIIIIIIA1IIIIIIIIIIIIIII
IIIIAIIIAAIIA1IIIA1IIIIIIIIIIIIIIIIIIIIIIIIIIIIA1IIIIIIIIIIIIIII
IIIIAIIIAAAIA1IIIA1IIIIIIIIIIIIIIIIIIIIIIIIIIIIA1IIIIIIIIIIIIIII
IIIIAIIIAAAAA1IIIA1IIIIIIIIIIIIIIIIIIIIIIIIIIIIA1IIIIIIIIIIIIIII
IIIAAIIIAAAAA1IIIA1IIIIIIIIIIIIIIIIIIIIIIIIIIIIA1IIIIIIIIIIIIIII
IIIIIIIIIIIIIIIIIIIIIIIIIIIIIIIIIIIIIIIIIIIIIIIA2IIIIIIIIIIIIIII
IIIIIIIIIIIIA2IIIIIIIIIIIIIIIIIIIIIIIIIIIIIIIIIA2IIIIIIIIIIIIIII
IIIIIIIIIIIIA2IIIA2IIIIIIIIIIIIIIIIIIIIIIIIIIIIA2IIIIIIIIIIIIIII
IIIIIIIIA2IIA2IIIA2IIIIIIIIIIIIIIIIIIIIIIIIIIIIA2IIIIIIIIIIIIIII
IIIIA2IIA2IIA2IIIA2IIIIIIIIIIIIIIIIIIIIIIIIIIIIA2IIIIIIIIIIIIIII
IIIIA2IIAA2IA2IIIA2IIIIIIIIIIIIIIIIIIIIIIIIIIIIA2IIIIIIIIIIIIIII
IIIIA2IIAAA2A2IIIA2IIIIIIIIIIIIIIIIIIIIIIIIIIIIA2IIIIIIIIIIIIIII
IIIIA2IIAAAAA2IIIA2IIIIIIIIIIIIIIIIIIIIIIIIIIIIA2IIIIIIIIIIIIIII
IIIAA2IIAAAAA2IIIA2IIIIIIIIIIIIIIIIIIIIIIIIIIIIA2IIIIIIIIIIIIIII
IIIAA1IIAAAAA2IIIA2IIIIIIIIIIIIIIIIIIIIIIIIIIIIA2IIIIIIIIIIIIIII
IIIIIIIIIIIIA1IIIIIIIIIIIIIIIIIIIIIIIIIIIIIIIIIIIIIIIIIIIIIIIIII
IIIIIIIIAIIIIIIIIIIIIIIIIIIIIIIIIIIIIIIIIIIIIIIIIIIIIIIIIIIIIIII
IIIIAIIIAIIIIIIIIIIIIIIIIIIIIIIIIIIIIIIIIIIIIIIIIIIIIIIIIIIIIIII
IIIIAIIIAAIIIIIIIIIIIIIIIIIIIIIIIIIIIIIIIIIIIIIIIIIIIIIIIIIIIIII
IIIIAIIIAAAIIIIIIIIIIIIIIIIIIIIIIIIIIIIIIIIIIIIIIIIIIIIIIIIIIIII
IIIIAIIIAAAAIIIIIIIIIIIIIIIIIIIIIIIIIIIIIIIIIIIIIIIIIIIIIIIIIIII
IIIAAIIIAAAAIIIIIIIIIIIIIIIIIIIIIIIIIIIIIIIIIIIIIIIIIIIIIIIIIIII
IIIIIIIIIIIIIIIIIIIIIIIIIIIIIIIIIIIIIIIIIIIIIIIA1IIIIIIIIIIIIIII
IIIIIIIIIIIIIIIIIA1IIIIIIIIIIIIIIIIIIIIIIIIIIIIA1IIIIIIIIIIIIIII
IIIIIIIIIIIIA1IIIA1IIIIIIIIIIIIIIIIIIIIIIIIIIIIA1IIIIIIIIIIIIIII
IIIIIIIIA1IIA1IIIA1IIIIIIIIIIIIIIIIIIIIIIIIIIIIA1IIIIIIIIIIIIIII
IIIIA1IIA1IIA1IIIA1IIIIIIIIIIIIIIIIIIIIIIIIIIIIA1IIIIIIIIIIIIIII
IIIIA1IIAA1IA1IIIA1IIIIIIIIIIIIIIIIIIIIIIIIIIIIA1IIIIIIIIIIIIIII
IIIIA1IIAAA1A1IIIA1IIIIIIIIIIIIIIIIIIIIIIIIIIIIA1IIIIIIIIIIIIIII
IIIIA1IIAAAAA1IIIA1IIIIIIIIIIIIIIIIIIIIIIIIIIIIA1IIIIIIIIIIIIIII
IIIAA1IIAAAAA1IIIA1IIIIIIIIIIIIIIIIIIIIIIIIIIIIA1IIIIIIIIIIIIIII
IIIIIIIIIIIIIIIIIIIIIIIIIIIIIIIIIIIIIIIIIIIIIIIA1IIIIIIIIIIIIIII
IIIIIIIIIIIIIIIIIA1IIIIIIIIIIIIIIIIIIIIIIIIIIIIA1IIIIIIIIIIIIIII
IIIIIIIIA1IIIIIIIA1IIIIIIIIIIIIIIIIIIIIIIIIIIIIA1IIIIIIIIIIIIIII
IIIIA1IIA1IIIIIIIA1IIIIIIIIIIIIIIIIIIIIIIIIIIIIA1IIIIIIIIIIIIIII
IIIIA1IIAA1IIIIIIA1IIIIIIIIIIIIIIIIIIIIIIIIIIIIA1IIIIIIIIIIIIIII
IIIIA1IIAAA1IIIIIA1IIIIIIIIIIIIIIIIIIIIIIIIIIIIA1IIIIIIIIIIIIIII
IIIIA1IIAAAA1IIIIA1IIIIIIIIIIIIIIIIIIIIIIIIIIIIA1IIIIIIIIIIIIIII
II2AA1IIAAAA1IIIIA1IIIIIIIIIIIIIIIIIIIIIIIIIIIIA1IIIIIIIIIIIIIII
IIIIIIIIIIIIIIIIIIIIIIIIIIIIIIIIIIIIIIIIIIIIII2AIIIIIIIIIIIIIIII
IIIIIIIIIII2AIIIIIIIIIIIIIIIIIIIIIIIIIIIIIIIII2AIIIIIIIIIIIIIIII
IIIIIIIIIII2AIII2AIIIIIIIIIIIIIIIIIIIIIIIIIIII2AIIIIIIIIIIIIIIII
IIIIIII2AII2AIII2AIIIIIIIIIIIIIIIIIIIIIIIIIIII2AIIIIIIIIIIIIIIII
III2AII2AII2AIII2AIIIIIIIIIIIIIIIIIIIIIIIIIIII2AIIIIIIIIIIIIIIII
III2AII2AAI2AIII2AIIIIIIIIIIIIIIIIIIIIIIIIIIII2AIIIIIIIIIIIIIIII
III2AII2AAA2AIII2AIIIIIIIIIIIIIIIIIIIIIIIIIIII2AIIIIIIIIIIIIIIII
III2AII2AAAAAIII2AIIIIIIIIIIIIIIIIIIIIIIIIIIII2AIIIIIIIIIIIIIIII
II2AAII2AAAAAIII2AIIIIIIIIIIIIIIIIIIIIIIIIIIII2AIIIIIIIIIIIIIIII
IIIIIIIIIIIIA1IIIIIIIIIIIIIIIIIIIIIIIIIIIIIIIIIIIIIIIIIIIIIIIIII
IIIIIIIIIIIIA1IIIIIIIIIIIIIIIIIIIIIIIIIIIIIIIIIA1IIIIIIIIIIIIIII
IIIIIIIIIIIIA1IIIA1IIIIIIIIIIIIIIIIIIIIIIIIIIIIA1IIIIIIIIIIIIIII
IIIIIIIIAIIIA1IIIA1IIIIIIIIIIIIIIIIIIIIIIIIIIIIA1IIIIIIIIIIIIIII
IIIIAIIIAIIIA1IIIA1IIIIIIIIIIIIIIIIIIIIIIIIIIIIA1IIIIIIIIIIIIIII
IIIIAIIIAAIIA1IIIA1IIIIIIIIIIIIIIIIIIIIIIIIIIIIA1IIIIIIIIIIIIIII
IIIIAIIIAAAIA1IIIA1IIIIIIIIIIIIIIIIIIIIIIIIIIIIA1IIIIIIIIIIIIIII
IIIIAIIIAAAAA1IIIA1IIIIIIIIIIIIIIIIIIIIIIIIIIIIA1IIIIIIIIIIIIIII
IIIAAIIIAAAAA1IIIA1IIIIIIIIIIIIIIIIIIIIIIIIIIIIA1IIIIIIIIIIIIIII
IIIIIIIIIIIIIIIIIIIIIIIIIIIIIIIIIIIIIIIIIIIIIIIA2IIIIIIIIIIIIIII
IIIIIIIIIIIIIIIIIA2IIIIIIIIIIIIIIIIIIIIIIIIIIIIA2IIIIIIIIIIIIIII
IIIIIIIIA2IIIIIIIA2IIIIIIIIIIIIIIIIIIIIIIIIIIIIA2IIIIIIIIIIIIIII
IIIIA2IIA2IIIIIIIA2IIIIIIIIIIIIIIIIIIIIIIIIIIIIA2IIIIIIIIIIIIIII
IIIIA2IIAA2IIIIIIA2IIIIIIIIIIIIIIIIIIIIIIIIIIIIA2IIIIIIIIIIIIIII
IIIIA2IIAAA2IIIIIA2IIIIIIIIIIIIIIIIIIIIIIIIIIIIA2IIIIIIIIIIIIIII
IIIIA2IIAAAA2IIIIA2IIIIIIIIIIIIIIIIIIIIIIIIIIIIA2IIIIIIIIIIIIIII
IIIAA2IIAAAA2IIIIA2IIIIIIIIIIIIIIIIIIIIIIIIIIIIA2IIIIIIIIIIIIIII
IIIAA2IIAAAAA2IIIA2IIIIIIIIIIIIIIIIIIIIIIIIIIIIA2IIIIIIIIIIIIIII
IIIIIIIIIIIIA2IIIIIIIIIIIIIIIIIIIIIIIIIIIIIIIIIIIIIIIIIIIIIIIIII
IIIIIIIIA2IIA2IIIIIIIIIIIIIIIIIIIIIIIIIIIIIIIIIIIIIIIIIIIIIIIIII
IIIIA2IIA2IIA2IIIIIIIIIIIIIIIIIIIIIIIIIIIIIIIIIIIIIIIIIIIIIIIIII
IIIIA2IIAA2IA2IIIIIIIIIIIIIIIIIIIIIIIIIIIIIIIIIIIIIIIIIIIIIIIIII
IIIIA2IIAAA2A2IIIIIIIIIIIIIIIIIIIIIIIIIIIIIIIIIIIIIIIIIIIIIIIIII
IIIIA2IIAAAAA2IIIIIIIIIIIIIIIIIIIIIIIIIIIIIIIIIIIIIIIIIIIIIIIIII
IIIAA2IIAAAAA2IIIIIIIIIIIIIIIIIIIIIIIIIIIIIIIIIIIIIIIIIIIIIIIIII
IIIIIIIIIIIIA12IIIIIIIIIIIIIIIIIIIIIIIIIIIIIIIIIIIIIIIIIIIIIIIII
IIIIIIIIIA2IA12IIIIIIIIIIIIIIIIIIIIIIIIIIIIIIIIIIIIIIIIIIIIIIIII
IIIIA2IIIA2IA12IIIIIIIIIIIIIIIIIIIIIIIIIIIIIIIIIIIIIIIIIIIIIIIII
IIIAA2IIIA2IA12IIIIIIIIIIIIIIIIIIIIIIIIIIIIIIIIIIIIIIIIIIIIIIIII
IIIAA2IIAA2IA12IIIIIIIIIIIIIIIIIIIIIIIIIIIIIIIIIIIIIIIIIIIIIIIII
IIIAA2IIAAA2A12IIIIIIIIIIIIIIIIIIIIIIIIIIIIIIIIIIIIIIIIIIIIIIIII
IIIAA2IIAAAAA12IIIIIIIIIIIIIIIIIIIIIIIIIIIIIIIIIIIIIIIIIIIIIIIII
IIIIIIIIIIIIA2IIIIIIIIIIIIIIIIIIIIIIIIIIIIIIIIIIIIIIIIIIIIIIIIII
IIIIIIIIIIIIA1IIIIIIIIIIIIIIIIIIIIIIIIIIIIIIIIIIIIIIIIIIIIIIIIII
IIIIIIIIA1IIIIIIIIIIIIIIIIIIIIIIIIIIIIIIIIIIIIIIIIIIIIIIIIIIIIII
IIIIA1IIA1IIIIIIIIIIIIIIIIIIIIIIIIIIIIIIIIIIIIIIIIIIIIIIIIIIIIII
IIIIA1IIAA1IIIIIIIIIIIIIIIIIIIIIIIIIIIIIIIIIIIIIIIIIIIIIIIIIIIII
IIIIA1IIAAA1IIIIIIIIIIIIIIIIIIIIIIIIIIIIIIIIIIIIIIIIIIIIIIIIIIII
IIIIA1IIAAAA1IIIIIIIIIIIIIIIIIIIIIIIIIIIIIIIIIIIIIIIIIIIIIIIIIII
IIIAA1IIAAAA1IIIIIIIIIIIIIIIIIIIIIIIIIIIIIIIIIIIIIIIIIIIIIIIIIII
IIIIIIIIIIIIA2IIIIIIIIIIIIIIIIIIIIIIIIIIIIIIIIIIIIIIIIIIIIIIIIII
IIIIIIIIA1IIIIIIIIIIIIIIIIIIIIIIIIIIIIIIIIIIIIIIIIIIIIIIIIIIIIII
IIIIA1IIA1IIIIIIIIIIIIIIIIIIIIIIIIIIIIIIIIIIIIIIIIIIIIIIIIIIIIII
IIIIA1IIAA1IIIIIIIIIIIIIIIIIIIIIIIIIIIIIIIIIIIIIIIIIIIIIIIIIIIII
IIIIA1IIAAA1IIIIIIIIIIIIIIIIIIIIIIIIIIIIIIIIIIIIIIIIIIIIIIIIIIII
IIIIA1IIAAAA1IIIIIIIIIIIIIIIIIIIIIIIIIIIIIIIIIIIIIIIIIIIIIIIIIII
IIIAA1IIAAAA1IIIIIIIIIIIIIIIIIIIIIIIIIIIIIIIIIIIIIIIIIIIIIIIIIII
IIIIIIIIIIIIA1IIIIIIIIIIIIIIIIIIIIIIIIIIIIIIIIIIIIIIIIIIIIIIIIII
IIIIIIIIIIIIAIIIIIIIIIIIIIIIIIIIIIIIIIIIIIIIIIIIIIIIIIIIIIIIIIII
IIIIIIIIAIIIAIIIIIIIIIIIIIIIIIIIIIIIIIIIIIIIIIIIIIIIIIIIIIIIIIII
IIIIAIIIAIIIAIIIIIIIIIIIIIIIIIIIIIIIIIIIIIIIIIIIIIIIIIIIIIIIIIII
IIIIAIIIAAIIAIIIIIIIIIIIIIIIIIIIIIIIIIIIIIIIIIIIIIIIIIIIIIIIIIII
IIIIAIIIAAA1AIIIIIIIIIIIIIIIIIIIIIIIIIIIIIIIIIIIIIIIIIIIIIIIIIII
IIIIAIIIAAAAAIIIIIIIIIIIIIIIIIIIIIIIIIIIIIIIIIIIIIIIIIIIIIIIIIII
IIIIA1IIAAAAAIIIIIIIIIIIIIIIIIIIIIIIIIIIIIIIIIIIIIIIIIIIIIIIIIII
IIIAA1IIAAAAAIIIIIIIIIIIIIIIIIIIIIIIIIIIIIIIIIIIIIIIIIIIIIIIIIII
IIIIIIIIIIIIAIIIIIIIIIIIIIIIIIIIIIIIIIIIIIIIIIIIIIIIIIIIIIIIIIII
IIIIIIIIAIIIAIIIIIIIIIIIIIIIIIIIIIIIIIIIIIIIIIIIIIIIIIIIIIIIIIII
IIIIAIIIAIIIAIIIIIIIIIIIIIIIIIIIIIIIIIIIIIIIIIIIIIIIIIIIIIIIIIII
IIIIAIIIAA11A122222IIIIIIIIIIIIIIIIIIIIIIIIIIIIIIIIIIIIIIIIIIIII
IIIIAIIIAAA1A112222IIIIIIIIIIIIIIIIIIIIIIIIIIIIIIIIIIIIIIIIIIIII
IIIIAIIIAAAAA111222IIIIIIIIIIIIIIIIIIIIIIIIIIIIIIIIIIIIIIIIIIIII
IIIIAIIIAAAAA1112222IIIIIIIIIIIIIIIIIIIIIIIIIIIIIIIIIIIIIIIIIIII
IIIIIIIIA1IIIIIIIIIIIIIIIIIIIIIIIIIIIIIIIIIIIIIIIIIIIIIIIIIIIIII
IIIIAIIIA1IIIIIIIIIIIIIIIIIIIIIIIIIIIIIIIIIIIIIIIIIIIIIIIIIIIIII
IIIIAIIIAA1IIIIIIIIIIIIIIIIIIIIIIIIIIIIIIIIIIIIIIIIIIIIIIIIIIIII
IIIIAIIIAAAIIIIIIIIIIIIIIIIIIIIIIIIIIIIIIIIIIIIIIIIIIIIIIIIIIIII
IIIIAIIIAAAAIIIIIIIIIIIIIIIIIIIIIIIIIIIIIIIIIIIIIIIIIIIIIIIIIIII
IIIAAIIIAAAAIIIIIIIIIIIIIIIIIIIIIIIIIIIIIIIIIIIIIIIIIIIIIIIIIIII
IIIAA1IIAAAAIIIIIIIIIIIIIIIIIIIIIIIIIIIIIIIIIIIIIIIIIIIIIIIIIIII
IIIAA11IAAAAIIIIIIIIIIIIIIIIIIIIIIIIIIIIIIIIIIIIIIIIIIIIIIIIIIII
IIIIIIIIIIIIA2IIIIIIIIIIIIIIIIIIIIIIIIIIIIIIIIIIIIIIIIIIIIIIIIII
IIIIIIIIA2IIIIIIIIIIIIIIIIIIIIIIIIIIIIIIIIIIIIIIIIIIIIIIIIIIIIII
IIIIA2IIA2IIIIIIIIIIIIIIIIIIIIIIIIIIIIIIIIIIIIIIIIIIIIIIIIIIIIII
IIIIA2IIAA2IIIIIIIIIIIIIIIIIIIIIIIIIIIIIIIIIIIIIIIIIIIIIIIIIIIII
IIIIA2IIAAA2IIIIIIIIIIIIIIIIIIIIIIIIIIIIIIIIIIIIIIIIIIIIIIIIIIII
IIIIA2IIAAAA2IIIIIIIIIIIIIIIIIIIIIIIIIIIIIIIIIIIIIIIIIIIIIIIIIII
IIIAA2IIAAAA2IIIIIIIIIIIIIIIIIIIIIIIIIIIIIIIIIIIIIIIIIIIIIIIIIII
IIIIIIIIIIIIA1IIIIIIIIIIIIIIIIIIIIIIIIIIIIIIIIIIIIIIIIIIIIIIIIII
IIIIIIIIAIIIA1IIIIIIIIIIIIIIIIIIIIIIIIIIIIIIIIIIIIIIIIIIIIIIIIII
IIIIAIIIAIIIA1IIIIIIIIIIIIIIIIIIIIIIIIIIIIIIIIIIIIIIIIIIIIIIIIII
IIIIAIIIAAIIA1IIIIIIIIIIIIIIIIIIIIIIIIIIIIIIIIIIIIIIIIIIIIIIIIII
IIIIAIIIAAAIA1IIIIIIIIIIIIIIIIIIIIIIIIIIIIIIIIIIIIIIIIIIIIIIIIII
IIIIAIIIAAAAA1IIIIIIIIIIIIIIIIIIIIIIIIIIIIIIIIIIIIIIIIIIIIIIIIII
IIIAAIIIAAAAA1IIIIIIIIIIIIIIIIIIIIIIIIIIIIIIIIIIIIIIIIIIIIIIIIII
IIIAAIIIAAAAA1IIIIIIIIIIIIIIIIIIIIIIIIIIIIIIIIIA1IIIIIIIIIIIIIII
IIIAAIIIAAAAA1IIIA1IIIIIIIIIIIIIIIIIIIIIIIIIIIIA1IIIIIIIIIIIIIII
IIIAA1IIAAAAA1IIIA1IIIIIIIIIIIIIIIIIIIIIIIIIIIIA1IIIIIIIIIIIIIII
IIIIIIIIIIIIIIIIIIIIIIIIIIIIIIIIIIIIIIIIIIIIIIIA1IIIIIIIIIIIIIII
IIIIIIIIIIIIIIIIIA1IIIIIIIIIIIIIIIIIIIIIIIIIIIIA1IIIIIIIIIIIIIII
IIIIIIIIA1IIIIIIIA1IIIIIIIIIIIIIIIIIIIIIIIIIIIIA1IIIIIIIIIIIIIII
IIIIA1IIA1IIIIIIIA1IIIIIIIIIIIIIIIIIIIIIIIIIIIIA1IIIIIIIIIIIIIII
IIIIA1IIAA1IIIIIIA1IIIIIIIIIIIIIIIIIIIIIIIIIIIIA1IIIIIIIIIIIIIII
IIIIA1IIAAA1IIIIIA1IIIIIIIIIIIIIIIIIIIIIIIIIIIIA1IIIIIIIIIIIIIII
IIIIA1IIAAAA1IIIIA1IIIIIIIIIIIIIIIIIIIIIIIIIIIIA1IIIIIIIIIIIIIII
IIIAA1IIAAAA1IIIIA1IIIIIIIIIIIIIIIIIIIIIIIIIIIIA1IIIIIIIIIIIIIII
IIIAA1IIAAAA1IIIIA1IIIIIIIIIIIIIIIIIIIIIIIIIII2A1IIIIIIIIIIIIIII
IIIAA1IIAAAAAIIIIA1IIIIIIIIIIIIIIIIIIIIIIIIIII2A1IIIIIIIIIIIIIII
IIIAA1IIAAAAAIII2A1IIIIIIIIIIIIIIIIIIIIIIIIIII2A1IIIIIIIIIIIIIII
IIIAA1I2AAAAAIII2A1IIIIIIIIIIIIIIIIIIIIIIIIIII2A1IIIIIIIIIIIIIII
II2AA1I2AAAAAIII2A1IIIIIIIIIIIIIIIIIIIIIIIIIII2A1IIIIIIIIIIIIIII
IIIIIIIIIIIIA12IIIIIIIIIIIIIIIIIIIIIIIIIIIIIIIIIIIIIIIIIIIIIIIII
IIIIIIIIAIIIA12IIIIIIIIIIIIIIIIIIIIIIIIIIIIIIIIIIIIIIIIIIIIIIIII
IIIIAIIIAIIIA12IIIIIIIIIIIIIIIIIIIIIIIIIIIIIIIIIIIIIIIIIIIIIIIII
IIIIAIIIAAIIA12IIIIIIIIIIIIIIIIIIIIIIIIIIIIIIIIIIIIIIIIIIIIIIIII
IIIIAIIIAAAIA12IIIIIIIIIIIIIIIIIIIIIIIIIIIIIIIIIIIIIIIIIIIIIIIII
IIIIAIIIAAAAA12IIIIIIIIIIIIIIIIIIIIIIIIIIIIIIIIIIIIIIIIIIIIIIIII
IIIAAIIIAAAAA12IIIIIIIIIIIIIIIIIIIIIIIIIIIIIIIIIIIIIIIIIIIIIIIII
IIIIIIIIIIIIA1IIIIIIIIIIIIIIIIIIIIIIIIIIIIIIIIIIIIIIIIIIIIIIIIII
IIIIIIIIIIIIA1IIIIIIIIIIIIIIIIIIIIIIIIIIIIIIIIIA1IIIIIIIIIIIIIII
IIIIIIIIIIIIA1IIIA1IIIIIIIIIIIIIIIIIIIIIIIIIIIIA1IIIIIIIIIIIIIII
IIIIIIIIA1IIA1IIIA1IIIIIIIIIIIIIIIIIIIIIIIIIIIIA1IIIIIIIIIIIIIII
IIIIA1IIA1IIA1IIIA1IIIIIIIIIIIIIIIIIIIIIIIIIIIIA1IIIIIIIIIIIIIII
IIIIA1IIAA1IA1IIIA1IIIIIIIIIIIIIIIIIIIIIIIIIIIIA1IIIIIIIIIIIIIII
IIIIA1IIAAA1A1IIIA1IIIIIIIIIIIIIIIIIIIIIIIIIIIIA1IIIIIIIIIIIIIII
IIIIA1IIAAAAA1IIIA1IIIIIIIIIIIIIIIIIIIIIIIIIIIIA1IIIIIIIIIIIIIII
IIIAA1IIAAAAA1IIIA1IIIIIIIIIIIIIIIIIIIIIIIIIIIIA1IIIIIIIIIIIIIII
IIIIIIIIIII2AIIIIIIIIIIIIIIIIIIIIIIIIIIIIIIIIIIIIIIIIIIIIIIIIIII
IIIIIIIIA1I2AIIIIIIIIIIIIIIIIIIIIIIIIIIIIIIIIIIIIIIIIIIIIIIIIIII
IIIIA1IIA1I2AIIIIIIIIIIIIIIIIIIIIIIIIIIIIIIIIIIIIIIIIIIIIIIIIIII
IIIIA1IIAA12AIIIIIIIIIIIIIIIIIIIIIIIIIIIIIIIIIIIIIIIIIIIIIIIIIII
IIIIA1IIAAA1AIIIIIIIIIIIIIIIIIIIIIIIIIIIIIIIIIIIIIIIIIIIIIIIIIII
IIIIA1IIAAAAAIIIIIIIIIIIIIIIIIIIIIIIIIIIIIIIIIIIIIIIIIIIIIIIIIII
IIIIIIIIIIIIIIIIIIIIIIIIIIIIIIIIIIIIIIIIIIIIIIIAIIIIIIIIIIIIIIII
IIIIIIIIIIIIAIIIIIIIIIIIIIIIIIIIIIIIIIIIIIIIIIIAIIIIIIIIIIIIIIII
IIIIIIIIIIIIAIIIIA2IIIIIIIIIIIIIIIIIIIIIIIIIIIIAIIIIIIIIIIIIIIII
IIIIIIIIIIIIIIIIIIIIIIIIIIIIIIIIIIIIIIIIIIIIIIIA2IIIIIIIIIIIIIII
IIIIIIIIIIIIA2IIIIIIIIIIIIIIIIIIIIIIIIIIIIIIIIIA2IIIIIIIIIIIIIII
IIIIIIIIIIIIA2IIIA2IIIIIIIIIIIIIIIIIIIIIIIIIIIIA2IIIIIIIIIIIIIII
IIIIIIIIIIIIIIIIIIIIIIIIIIIIIIIIIIIIIIIIIIIIIIIA2IIIIIIIIIIIIIII
IIIIIIIIIIIIA2IIIIIIIIIIIIIIIIIIIIIIIIIIIIIIIIIA2IIIIIIIIIIIIIII
IIIIIIIIIIIIA2IIIA2IIIIIIIIIIIIIIIIIIIIIIIIIIIIA2IIIIIIIIIIIIIII
IIIII2I1AIIIIIIIIIIIIIIIIIIIIIIIIIIIIIIIIIIIIIIIIIIIIIIIIIIIIIII
I2I1A2I1AIIIIIIIIIIIIIIIIIIIIIIIIIIIIIIIIIIIIIIIIIIIIIIIIIIIIIII
I2I1A221AAIIIIIIIIIIIIIIIIIIIIIIIIIIIIIIIIIIIIIIIIIIIIIIIIIIIIII
I2I1A221AAAIIIIIIIIIIIIIIIIIIIIIIIIIIIIIIIIIIIIIIIIIIIIIIIIIIIII
I2I1A221AAAAIIIIIIIIIIIIIIIIIIIIIIIIIIIIIIIIIIIIIIIIIIIIIIIIIIII
IIIIIIIII2I1AIIIIIIIIIIIIIIIIIIIIIIIIIIIIIIIIIIIIIIIIIIIIIIIIIII
IIIIIIIIIIIIIIIIIIIIIIIIIIIIIIIIIIIIIIIIIIIIIIIA2IIIIIIIIIIIIIII
IIIIIIIIIIIIIIIIIA2IIIIIIIIIIIIIIIIIIIIIIIIIIIIA2IIIIIIIIIIIIIII
IIIIIIIIIIIIA1IIIA2IIIIIIIIIIIIIIIIIIIIIIIIIIIIA2IIIIIIIIIIIIIII
IIIIIIIIA1IIA1IIIA2IIIIIIIIIIIIIIIIIIIIIIIIIIIIA2IIIIIIIIIIIIIII
IIIIA1IIA1IIA1IIIA2IIIIIIIIIIIIIIIIIIIIIIIIIIIIA2IIIIIIIIIIIIIII
IIIIA1IIAA1IA1IIIA2IIIIIIIIIIIIIIIIIIIIIIIIIIIIA2IIIIIIIIIIIIIII
IIIIA1IIAAA1A1IIIA2IIIIIIIIIIIIIIIIIIIIIIIIIIIIA2IIIIIIIIIIIIIII
IIIIA1IIAAAAA1IIIA2IIIIIIIIIIIIIIIIIIIIIIIIIIIIA2IIIIIIIIIIIIIII
IIIAA1IIAAAAA1IIIA2IIIIIIIIIIIIIIIIIIIIIIIIIIIIA2IIIIIIIIIIIIIII
IIIIIIIIIIIIA2IIIIIIIIIIIIIIIIIIIIIIIIIIIIIIIIIIIIIIIIIIIIIIIIII
IIIIIIIIA1IIA2IIIIIIIIIIIIIIIIIIIIIIIIIIIIIIIIIIIIIIIIIIIIIIIIII
IIIIA1IIA1IIA2IIIIIIIIIIIIIIIIIIIIIIIIIIIIIIIIIIIIIIIIIIIIIIIIII
IIIIA1IIAA1IA2IIIIIIIIIIIIIIIIIIIIIIIIIIIIIIIIIIIIIIIIIIIIIIIIII
IIIIA1IIAAA1A2IIIIIIIIIIIIIIIIIIIIIIIIIIIIIIIIIIIIIIIIIIIIIIIIII
IIIIA1IIAAAAA2IIIIIIIIIIIIIIIIIIIIIIIIIIIIIIIIIIIIIIIIIIIIIIIIII
IIIIIIIIIIIIIIIIIIIIIIIIIIIIIIIIIIIIIIIIIIIIIIIA1IIIIIIIIIIIIIII
IIIIIIIIIIIIIIIIIA1IIIIIIIIIIIIIIIIIIIIIIIIIIIIA1IIIIIIIIIIIIIII
IIIIIIIIIIIIA1IIIA1IIIIIIIIIIIIIIIIIIIIIIIIIIIIA1IIIIIIIIIIIIIII
IIIIIIIIA2IIIIIIIIIIIIIIIIIIIIIIIIIIIIIIIIIIIIIIIIIIIIIIIIIIIIII
IIIIA2IIA2IIIIIIIIIIIIIIIIIIIIIIIIIIIIIIIIIIIIIIIIIIIIIIIIIIIIII
IIIIA2IIAA2IIIIIIIIIIIIIIIIIIIIIIIIIIIIIIIIIIIIIIIIIIIIIIIIIIIII
IIIIA2IIAAA2IIIIIIIIIIIIIIIIIIIIIIIIIIIIIIIIIIIIIIIIIIIIIIIIIIII
IIIIA2IIAAAA2IIIIIIIIIIIIIIIIIIIIIIIIIIIIIIIIIIIIIIIIIIIIIIIIIII
IIIAA2IIAAAA2IIIIIIIIIIIIIIIIIIIIIIIIIIIIIIIIIIIIIIIIIIIIIIIIIII
IIIIIIIIIIIIA2IIIIIIIIIIIIIIIIIIIIIIIIIIIIIIIIIIIIIIIIIIIIIIIIII
IIIIIIIIIIIIA1IIIIIIIIIIIIIIIIIIIIIIIIIIIIIIIIIIIIIIIIIIIIIIIIII
IIIIIIIIIIIIIIIIIIIIIIIIIIIIIIIIIIIIIIIIIIIIIIIA1IIIIIIIIIIIIIII
IIIIIIIIIIIIIIIIIA1IIIIIIIIIIIIIIIIIIIIIIIIIIIIA1IIIIIIIIIIIIIII
IIIIIIIIIIIIA1IIIA1IIIIIIIIIIIIIIIIIIIIIIIIIIIIA1IIIIIIIIIIIIIII
IIIIIIIIIIIIIIIIIIIIIIIIIIIIIIIIIIIIIIIIIIIIIIIA1IIIIIIIIIIIIIII
IIIIIIIIIIIIIIIIIA1IIIIIIIIIIIIIIIIIIIIIIIIIIIIA1IIIIIIIIIIIIIII
IIIIIIII2AIIIIIIIA1IIIIIIIIIIIIIIIIIIIIIIIIIIIIA1IIIIIIIIIIIIIII
III2AIII2AIIIIIIIA1IIIIIIIIIIIIIIIIIIIIIIIIIIIIA1IIIIIIIIIIIIIII
IIIAAIII2AIIIIIIIA1IIIIIIIIIIIIIIIIIIIIIIIIIIIIA1IIIIIIIIIIIIIII
II2AAIII2AIIIIIIIA1IIIIIIIIIIIIIIIIIIIIIIIIIIIIA1IIIIIIIIIIIIIII
IIIIIIIIIIIIIIIIIIIIIIIIIIIIIIIIIIIIIIIIIIIIII2AIIIIIIIIIIIIIIII
IIIIIIIIIII2AIIIIIIIIIIIIIIIIIIIIIIIIIIIIIIIII2AIIIIIIIIIIIIIIII
IIIIIIIIIII2AIII2AIIIIIIIIIIIIIIIIIIIIIIIIIIII2AIIIIIIIIIIIIIIII
IIIIIIIIIII2AIII2AIIIIIIIIIIIIIIIIIIIIIIIIIIII2A2IIIIIIIIIIIIIII
IIIIIIIIIII2AIII2A2IIIIIIIIIIIIIIIIIIIIIIIIIII2A2IIIIIIIIIIIIIII
IIIIIIIIA2I2AIII2A2IIIIIIIIIIIIIIIIIIIIIIIIIII2A2IIIIIIIIIIIIIII
IIIIA2IIA2I2AIII2A2IIIIIIIIIIIIIIIIIIIIIIIIIII2A2IIIIIIIIIIIIIII
IIIIA2IIAA22AIII2A2IIIIIIIIIIIIIIIIIIIIIIIIIII2A2IIIIIIIIIIIIIII
IIIIA2IIAAA2AIII2A2IIIIIIIIIIIIIIIIIIIIIIIIIII2A2IIIIIIIIIIIIIII
IIIIA2IIAAAAAIII2A2IIIIIIIIIIIIIIIIIIIIIIIIIII2A2IIIIIIIIIIIIIII
IIIAA2IIAAAAAIII2A2IIIIIIIIIIIIIIIIIIIIIIIIIII2A2IIIIIIIIIIIIIII
IIIIIIIIIIIIA1IIIIIIIIIIIIIIIIIIIIIIIIIIIIIIIIIIIIIIIIIIIIIIIIII
IIIIIIIIA1IIA1IIIIIIIIIIIIIIIIIIIIIIIIIIIIIIIIIIIIIIIIIIIIIIIIII
IIIIA1IIA1IIA1IIIIIIIIIIIIIIIIIIIIIIIIIIIIIIIIIIIIIIIIIIIIIIIIII
IIIIA1IIAA1IA1IIIIIIIIIIIIIIIIIIIIIIIIIIIIIIIIIIIIIIIIIIIIIIIIII
IIIIA1IIAAA1A1IIIIIIIIIIIIIIIIIIIIIIIIIIIIIIIIIIIIIIIIIIIIIIIIII
IIIIA1IIAAAAA1IIIIIIIIIIIIIIIIIIIIIIIIIIIIIIIIIIIIIIIIIIIIIIIIII
IIIAA1IIAAAAA1IIIIIIIIIIIIIIIIIIIIIIIIIIIIIIIIIIIIIIIIIIIIIIIIII
IIIIIIIIIIIIA2IIIIIIIIIIIIIIIIIIIIIIIIIIIIIIIIIIIIIIIIIIIIIIIIII
IIIIIIIIA2IIIIIIIIIIIIIIIIIIIIIIIIIIIIIIIIIIIIIIIIIIIIIIIIIIIIII
IIIIA2IIA2IIIIIIIIIIIIIIIIIIIIIIIIIIIIIIIIIIIIIIIIIIIIIIIIIIIIII
IIIIA2IIAA2IIIIIIIIIIIIIIIIIIIIIIIIIIIIIIIIIIIIIIIIIIIIIIIIIIIII
IIIIA2IIAAA2IIIIIIIIIIIIIIIIIIIIIIIIIIIIIIIIIIIIIIIIIIIIIIIIIIII
IIIIA2IIAAAA2IIIIIIIIIIIIIIIIIIIIIIIIIIIIIIIIIIIIIIIIIIIIIIIIIII
IIIIA1IIAAAA2IIIIIIIIIIIIIIIIIIIIIIIIIIIIIIIIIIIIIIIIIIIIIIIIIII
IIIAA1IIAAAA2IIIIIIIIIIIIIIIIIIIIIIIIIIIIIIIIIIIIIIIIIIIIIIIIIII
IIIIIIIIIIIIA1IIIIIIIIIIIIIIIIIIIIIIIIIIIIIIIIIIIIIIIIIIIIIIIIII
IIIIIIIIAIIIIIIIIIIIIIIIIIIIIIIIIIIIIIIIIIIIIIIIIIIIIIIIIIIIIIII
IIIIAIIIAIIIIIIIIIIIIIIIIIIIIIIIIIIIIIIIIIIIIIIIIIIIIIIIIIIIIIII
IIIIAIIIAAIIIIIIIIIIIIIIIIIIIIIIIIIIIIIIIIIIIIIIIIIIIIIIIIIIIIII
IIIIAIIIAAAIIIIIIIIIIIIIIIIIIIIIIIIIIIIIIIIIIIIIIIIIIIIIIIIIIIII
IIIIAIIIAAAAIIIIIIIIIIIIIIIIIIIIIIIIIIIIIIIIIIIIIIIIIIIIIIIIIIII
IIIAAIIIAAAAIIIIIIIIIIIIIIIIIIIIIIIIIIIIIIIIIIIIIIIIIIIIIIIIIIII
IIIIIIIIIIIIA2IIIIIIIIIIIIIIIIIIIIIIIIIIIIIIIIIIIIIIIIIIIIIIIIII
IIIIIIIIIIIIA1IIIIIIIIIIIIIIIIIIIIIIIIIIIIIIIIIIIIIIIIIIIIIIIIII
IIIIIIIIIIIIAIIIIIIIIIIIIIIIIIIIIIIIIIIIIIIIIIIIIIIIIIIIIIIIIIII
IIIIIIIIA1IIIIIIIIIIIIIIIIIIIIIIIIIIIIIIIIIIIIIIIIIIIIIIIIIIIIII
IIIIAIIIA1IIIIIIIIIIIIIIIIIIIIIIIIIIIIIIIIIIIIIIIIIIIIIIIIIIIIII
IIIIAIIIAA1122IIIIIIIIIIIIIIIIIIIIIIIIIIIIIIIIIIIIIIIIIIIIIIIIII
IIIIAIIIAAA1122222IIIIIIIIIIIIIIIIIIIIIIIIIIIIIIIIIIIIIIIIIIIIII
IIIIAIIIAAAA1122222IIIIIIIIIIIIIIIIIIIIIIIIIIIIIIIIIIIIIIIIIIIII
IIIAAIIIAAAA1122222IIIIIIIIIIIIIIIIIIIIIIIIIIIIIIIIIIIIIIIIIIIII
IIIAA12IAAAA1122222IIIIIIIIIIIIIIIIIIIIIIIIIIIIIIIIIIIIIIIIIIIII
IIIIIIIIIIIIA1122222IIIIIIIIIIIIIIIIIIIIIIIIIIIIIIIIIIIIIIIIIIII
IIIIIIIIIIIIA1122222IIIIIIIIIIIIIIIIIIIIIIIIIIIA2IIIIIIIIIIIIIII
IIIIIIIIIIIIA1122A22IIIIIIIIIIIIIIIIIIIIIIIIIIIA2IIIIIIIIIIIIIII
IIIIIIIIA2IIA1122A22IIIIIIIIIIIIIIIIIIIIIIIIIIIA2IIIIIIIIIIIIIII
IIIIA2IIA2IIA1122A22IIIIIIIIIIIIIIIIIIIIIIIIIIIA2IIIIIIIIIIIIIII
IIIIA2IIAA2IA1122A22IIIIIIIIIIIIIIIIIIIIIIIIIIIA2IIIIIIIIIIIIIII
IIIIA2IIAAA2A1122A22IIIIIIIIIIIIIIIIIIIIIIIIIIIA2IIIIIIIIIIIIIII
IIIIA2IIAAAAA1122A22IIIIIIIIIIIIIIIIIIIIIIIIIIIA2IIIIIIIIIIIIIII
IIIAA2IIAAAAA1122A22IIIIIIIIIIIIIIIIIIIIIIIIIIIA2IIIIIIIIIIIIIII
IIIIIIIIIIIIIIIIIIIIIIIIIIIIIIIIIIIIIIIIIIIIIIIA2IIIIIIIIIIIIIII
IIIIIIIIIIIIIIIIIA2IIIIIIIIIIIIIIIIIIIIIIIIIIIIA2IIIIIIIIIIIIIII
IIIIIIIIIIIIIIIIIIIIIIIIIIIIIIIIIIIIIIIIIIIIIIIA1IIIIIIIIIIIIIII
IIIIIIIIIIIIA1IIIIIIIIIIIIIIIIIIIIIIIIIIIIIIIIIA1IIIIIIIIIIIIIII
IIIIIIIIIIIIA1IIIA1IIIIIIIIIIIIIIIIIIIIIIIIIIIIA1IIIIIIIIIIIIIII
IIIIIIIIA1IIA1IIIA1IIIIIIIIIIIIIIIIIIIIIIIIIIIIA1IIIIIIIIIIIIIII
IIIIA1IIA1IIA1IIIA1IIIIIIIIIIIIIIIIIIIIIIIIIIIIA1IIIIIIIIIIIIIII
IIIIA1IIAA1IA1IIIA1IIIIIIIIIIIIIIIIIIIIIIIIIIIIA1IIIIIIIIIIIIIII
IIIIA1IIAAA1A1IIIA1IIIIIIIIIIIIIIIIIIIIIIIIIIIIA1IIIIIIIIIIIIIII
IIIIA1IIAAAAA1IIIA1IIIIIIIIIIIIIIIIIIIIIIIIIIIIA1IIIIIIIIIIIIIII
IIIAA1IIAAAAA1IIIA1IIIIIIIIIIIIIIIIIIIIIIIIIIIIA1IIIIIIIIIIIIIII
IIIIIIIIIIIIIIIIIIIIIIIIIIIIIIIIIIIIIIIIIIIIIIIA1IIIIIIIIIIIIIII
IIIIIIIIIIIIIIIIIA1IIIIIIIIIIIIIIIIIIIIIIIIIIIIA1IIIIIIIIIIIIIII
IIIIIIIIA1IIIIIIIA1IIIIIIIIIIIIIIIIIIIIIIIIIIIIA1IIIIIIIIIIIIIII
IIIIA1IIA1IIIIIIIA1IIIIIIIIIIIIIIIIIIIIIIIIIIIIA1IIIIIIIIIIIIIII
IIIIA1IIAA1IIIIIIA1IIIIIIIIIIIIIIIIIIIIIIIIIIIIA1IIIIIIIIIIIIIII
IIIIA1IIAAA1IIIIIA1IIIIIIIIIIIIIIIIIIIIIIIIIIIIA1IIIIIIIIIIIIIII
IIIIA1IIAAAA1IIIIA1IIIIIIIIIIIIIIIIIIIIIIIIIIIIA1IIIIIIIIIIIIIII
IIIAA1IIAAAA1IIIIA1IIIIIIIIIIIIIIIIIIIIIIIIIIIIA1IIIIIIIIIIIIIII
IIIAA1IIAAAAAIIIIA1IIIIIIIIIIIIIIIIIIIIIIIIIIIIA1IIIIIIIIIIIIIII
IIIIIIIIIIIIIIIIIIIIIIIIIIIIIIIIIIIIIIIIIIIIIIIA1IIIIIIIIIIIIIII
IIIIIIIIIIIIIIIIIA1IIIIIIIIIIIIIIIIIIIIIIIIIIIIA1IIIIIIIIIIIIIII
IIIIIIIIA1IIIIIIIA1IIIIIIIIIIIIIIIIIIIIIIIIIIIIA1IIIIIIIIIIIIIII
IIIIA1IIA1IIIIIIIA1IIIIIIIIIIIIIIIIIIIIIIIIIIIIA1IIIIIIIIIIIIIII
IIIIA1IIAA1IIIIIIA1IIIIIIIIIIIIIIIIIIIIIIIIIIIIA1IIIIIIIIIIIIIII
IIIIA1IIAAA1IIIIIA1IIIIIIIIIIIIIIIIIIIIIIIIIIIIA1IIIIIIIIIIIIIII
IIIIA1IIAAAA1IIIIA1IIIIIIIIIIIIIIIIIIIIIIIIIIIIA1IIIIIIIIIIIIIII
IIIAA1IIAAAA1IIIIA1IIIIIIIIIIIIIIIIIIIIIIIIIIIIA1IIIIIIIIIIIIIII
IIIIIIIIIIIIAIIIIIIIIIIIIIIIIIIIIIIIIIIIIIIIIIIIIIIIIIIIIIIIIIII
IIIIIIIIIIIIA2IIIIIIIIIIIIIIIIIIIIIIIIIIIIIIIIIIIIIIIIIIIIIIIIII
IIIIIIIIA2IIA2IIIIIIIIIIIIIIIIIIIIIIIIIIIIIIIIIIIIIIIIIIIIIIIIII
IIIIA2IIA2IIA2IIIIIIIIIIIIIIIIIIIIIIIIIIIIIIIIIIIIIIIIIIIIIIIIII
IIIIA2IIAA2IA2IIIIIIIIIIIIIIIIIIIIIIIIIIIIIIIIIIIIIIIIIIIIIIIIII
IIIIA2IIAAA2A2IIIIIIIIIIIIIIIIIIIIIIIIIIIIIIIIIIIIIIIIIIIIIIIIII
IIIIA2IIAAAAA2IIIIIIIIIIIIIIIIIIIIIIIIIIIIIIIIIIIIIIIIIIIIIIIIII
IIIAA2IIAAAAA2IIIIIIIIIIIIIIIIIIIIIIIIIIIIIIIIIIIIIIIIIIIIIIIIII
IIIIIIIIAI2IIIIIIIIIIIIIIIIIIIIIIIIIIIIIIIIIIIIIIIIIIIIIIIIIIIII
IIIIAI2IAI2IIIIIIIIIIIIIIIIIIIIIIIIIIIIIIIIIIIIIIIIIIIIIIIIIIIII
IIIIAI2IAA22IIIIIIIIIIIIIIIIIIIIIIIIIIIIIIIIIIIIIIIIIIIIIIIIIIII
IIIIAI2IAAA22IIIIIIIIIIIIIIIIIIIIIIIIIIIIIIIIIIIIIIIIIIIIIIIIIII
IIIIAI2IAAAA22IIIIIIIIIIIIIIIIIIIIIIIIIIIIIIIIIIIIIIIIIIIIIIIIII
IIIIAI2IAAAAA12IIIIIIIIIIIIIIIIIIIIIIIIIIIIIIIIIIIIIIIIIIIIIIIII
IIIIIIIIIIIIIIIIIIIIIIIIIIIIIIIIIIIIIIIIIIIIIIIA12IIIIIIIIIIIIII
IIIIIIIIIIIIIIIIIA12IIIIIIIIIIIIIIIIIIIIIIIIIIIA12IIIIIIIIIIIIII
IIIIIIIIA12IIIIIIA12IIIIIIIIIIIIIIIIIIIIIIIIIIIA12IIIIIIIIIIIIII
IIIIA12IA12IIIIIIA12IIIIIIIIIIIIIIIIIIIIIIIIIIIA12IIIIIIIIIIIIII
IIIIA12IAA12IIIIIA12IIIIIIIIIIIIIIIIIIIIIIIIIIIA12IIIIIIIIIIIIII
IIIIA12IAAA12IIIIA12IIIIIIIIIIIIIIIIIIIIIIIIIIIA12IIIIIIIIIIIIII
IIIIA12IAAAA12IIIA12IIIIIIIIIIIIIIIIIIIIIIIIIIIA12IIIIIIIIIIIIII
IIIAA12IAAAA12IIIA12IIIIIIIIIIIIIIIIIIIIIIIIIIIA12IIIIIIIIIIIIII
IIIIIIIIIIIIA122IIIIIIIIIIIIIIIIIIIIIIIIIIIIIIIIIIIIIIIIIIIIIIII
IIIIIIIIA122IIIIIIIIIIIIIIIIIIIIIIIIIIIIIIIIIIIIIIIIIIIIIIIIIIII
IIIIA122A122IIIIIIIIIIIIIIIIIIIIIIIIIIIIIIIIIIIIIIIIIIIIIIIIIIII
IIIIA122AA122IIIIIIIIIIIIIIIIIIIIIIIIIIIIIIIIIIIIIIIIIIIIIIIIIII
IIIIA122AAA122IIIIIIIIIIIIIIIIIIIIIIIIIIIIIIIIIIIIIIIIIIIIIIIIII
IIIIA122AAAA122IIIIIIIIIIIIIIIIIIIIIIIIIIIIIIIIIIIIIIIIIIIIIIIII
IIIAA122AAAA122IIIIIIIIIIIIIIIIIIIIIIIIIIIIIIIIIIIIIIIIIIIIIIIII
IIIIIIIIIIIIA12IIIIIIIIIIIIIIIIIIIIIIIIIIIIIIIIIIIIIIIIIIIIIIIII
IIIIIIIIIIIIA1I2IIIIIIIIIIIIIIIIIIIIIIIIIIIIIIIIIIIIIIIIIIIIIIII
IIIIIIIIA1I2A1I2IIIIIIIIIIIIIIIIIIIIIIIIIIIIIIIIIIIIIIIIIIIIIIII
IIIIA1I2A1I2A1I2IIIIIIIIIIIIIIIIIIIIIIIIIIIIIIIIIIIIIIIIIIIIIIII
IIIIA1I2AA12A1I2IIIIIIIIIIIIIIIIIIIIIIIIIIIIIIIIIIIIIIIIIIIIIIII
IIIIA1I2AAA1A1I2IIIIIIIIIIIIIIIIIIIIIIIIIIIIIIIIIIIIIIIIIIIIIIII
IIIIA1I2AAAAA122IIIIIIIIIIIIIIIIIIIIIIIIIIIIIIIIIIIIIIIIIIIIIIII
IIIAA122AAAAA122IIIIIIIIIIIIIIIIIIIIIIIIIIIIIIIIIIIIIIIIIIIIIIII
IIIIIIIIIIIIA1IIIIIIIIIIIIIIIIIIIIIIIIIIIIIIIIIIIIIIIIIIIIIIIIII
IIIIIIIIIIIIAIIIIIIIIIIIIIIIIIIIIIIIIIIIIIIIIIIIIIIIIIIIIIIIIIII
IIIIIIIIA1IIAIIIIIIIIIIIIIIIIIIIIIIIIIIIIIIIIIIIIIIIIIIIIIIIIIII
IIIIA11IA12IAIIIIIIIIIIIIIIIIIIIIIIIIIIIIIIIIIIIIIIIIIIIIIIIIIII
IIIIA11IAA1IAIIIIIIIIIIIIIIIIIIIIIIIIIIIIIIIIIIIIIIIIIIIIIIIIIII
IIIIA11IAAA1AI12IIIIIIIIIIIIIIIIIIIIIIIIIIIIIIIIIIIIIIIIIIIIIIII
IIIIA11IAAAAAI12IIIIIIIIIIIIIIIIIIIIIIIIIIIIIIIIIIIIIIIIIIIIIIII
IIIIA11IAAAAA112IIIIIIIIIIIIIIIIIIIIIIIIIIIIIIIIIIIIIIIIIIIIIIII
IIIAA11IAAAAA112IIIIIIIIIIIIIIIIIIIIIIIIIIIIIIIIIIIIIIIIIIIIIIII
IIIAA112AAAAA112IIIIIIIIIIIIIIIIIIIIIIIIIIIIIIIIIIIIIIIIIIIIIIII
IIIAA111AAAAA112IIIIIIIIIIIIIIIIIIIIIIIIIIIIIIIIIIIIIIIIIIIIIIII
IIIIIIIIIIIIA1IIIIIIIIIIIIIIIIIIIIIIIIIIIIIIIIIIIIIIIIIIIIIIIIII
IIIIIIIIA1IIIIIIIIIIIIIIIIIIIIIIIIIIIIIIIIIIIIIIIIIIIIIIIIIIIIII
IIIIA1IIA1IIIIIIIIIIIIIIIIIIIIIIIIIIIIIIIIIIIIIIIIIIIIIIIIIIIIII
IIIIA1IIAA1IIIIIIIIIIIIIIIIIIIIIIIIIIIIIIIIIIIIIIIIIIIIIIIIIIIII
IIIIA1IIAAA1IIIIIIIIIIIIIIIIIIIIIIIIIIIIIIIIIIIIIIIIIIIIIIIIIIII
IIIIA1IIAAAA1IIIIIIIIIIIIIIIIIIIIIIIIIIIIIIIIIIIIIIIIIIIIIIIIIII
IIIAA1IIAAAA1IIIIIIIIIIIIIIIIIIIIIIIIIIIIIIIIIIIIIIIIIIIIIIIIIII
IIIIIIIIIIIIAIIIIIIIIIIIIIIIIIIIIIIIIIIIIIIIIIIIIIIIIIIIIIIIIIII
IIIIIIIIIIIIA1IIIIIIIIIIIIIIIIIIIIIIIIIIIIIIIIIIIIIIIIIIIIIIIIII
IIIIIIIIAIIIA1IIIIIIIIIIIIIIIIIIIIIIIIIIIIIIIIIIIIIIIIIIIIIIIIII
IIIIAIIIAIIIA1IIIIIIIIIIIIIIIIIIIIIIIIIIIIIIIIIIIIIIIIIIIIIIIIII
IIIIAIIIAAIIA1IIIIIIIIIIIIIIIIIIIIIIIIIIIIIIIIIIIIIIIIIIIIIIIIII
IIIIAIIIAAAIA1IIIIIIIIIIIIIIIIIIIIIIIIIIIIIIIIIIIIIIIIIIIIIIIIII
IIIIAIIIAAAAA1IIIIIIIIIIIIIIIIIIIIIIIIIIIIIIIIIIIIIIIIIIIIIIIIII
IIIAAIIIAAAAA1IIIIIIIIIIIIIIIIIIIIIIIIIIIIIIIIIIIIIIIIIIIIIIIIII
IIIIIIIIIIIIA12IIIIIIIIIIIIIIIIIIIIIIIIIIIIIIIIIIIIIIIIIIIIIIIII
IIIIIIIIIIIIAIIIIIIIIIIIIIIIIIIIIIIIIIIIIIIIIIIIIIIIIIIIIIIIIIII
IIIIIIIIA1IIIIIIIIIIIIIIIIIIIIIIIIIIIIIIIIIIIIIIIIIIIIIIIIIIIIII
IIIIA1IIA1IIIIIIIIIIIIIIIIIIIIIIIIIIIIIIIIIIIIIIIIIIIIIIIIIIIIII
IIIIA1IIAA1IIIIIIIIIIIIIIIIIIIIIIIIIIIIIIIIIIIIIIIIIIIIIIIIIIIII
IIIIA1IIAAA1IIIIIIIIIIIIIIIIIIIIIIIIIIIIIIIIIIIIIIIIIIIIIIIIIIII
IIIIA1IIAAAA1IIIIIIIIIIIIIIIIIIIIIIIIIIIIIIIIIIIIIIIIIIIIIIIIIII
IIIAA1IIAAAA1IIIIIIIIIIIIIIIIIIIIIIIIIIIIIIIIIIIIIIIIIIIIIIIIIII
IIIAA1IIAAAA1IIIIIIIIIIIIIIIIIIIIIIIIIIIIIIIIIIAIIIIIIIIIIIIIIII
IIIAA1IIAAAA1IIIIAIIIIIIIIIIIIIIIIIIIIIIIIIIIIIAIIIIIIIIIIIIIIII
IIIIIIIIIIIIAIIIIIIIIIIIIIIIIIIIIIIIIIIIIIIIIIIIIIIIIIIIIIIIIIII
IIIIIIIIIIIIA112IIIIIIIII22IIIIIIIIIIIIIIIIIIIIIIIIIIIIIIIIIIIII
IIIIIIIIIIIIA1IIIIIIIIIIIIIIIIIIIIIIIIIIIIIIIIIIIIIIIIIIIIIIIIII
IIIIIIIIIIIIAIIIIIIIIIIIIIIIIIIIIIIIIIIIIIIIIIIIIIIIIIIIIIIIIIII
IIIIIIIIIIIIA11IIIIIIIIII22IIIIIIIIIIIIIIIIIIIIIIIIIIIIIIIIIIIII
IIIIIIIIIIIIAIIIIIIIIIIIIIIIIIIIIIIIIIIIIIIIIIIIIIIIIIIIIIIIIIII
IIIIIIIIIIIIA111111IIIIIIIIIIIIIIIIIIIIIIIIIIIIIIIIIIIIIIIIIIIII
IIIIIIIIIIIIA112IIIIIIIII2IIIIIIIIIIIIIIIIIIIIIIIIIIIIIIIIIIIIII
IIIIIIIIAIIIA112IIIIIIIII2IIIIIIIIIIIIIIIIIIIIIIIIIIIIIIIIIIIIII
IIIIAI1IAIIIA112IIIIIIIII2IIIIIIIIIIIIIIIIIIIIIIIIIIIIIIIIIIIIII
IIIIAI1IAAI1A111I1I1I1III2IIIIIIIIIIIIIIIIIIIIIIIIIIIIIIIIIIIIII
IIIIAI1IAAA1A111I1I1I1III2IIIIIIIIIIIIIIIIIIIIIIIIIIIIIIIIIIIIII
IIIIAI1IAAAAA111I1I1I1III2IIIIIIIIIIIIIIIIIIIIIIIIIIIIIIIIIIIIII
IIIIAI1IAAAAA111I1I1I1I1I2IIIIIIIIIIIIIIIIIIIIIIIIIIIIIIIIIIIIII
IIIAAI1IAAAAA111I1I1I1I1I2IIIIIIIIIIIIIIIIIIIIIIIIIIIIIIIIIIIIII
IIIAAI1IAAAAA1111111I1I1I2IIIIIIIIIIIIIIIIIIIIIIIIIIIIIIIIIIIIII
IIIIIIIIIIIIIIIIIIIIIIIIIIIIIIIIIIIIIIIIIIIIIIIA2IIIIIIIIIIIIIII
IIIIIIIIIIIIIIIIIA2IIIIIIIIIIIIIIIIIIIIIIIIIIIIA2IIIIIIIIIIIIIII
IIIIIIIIA2IIIIIIIA2IIIIIIIIIIIIIIIIIIIIIIIIIIIIA2IIIIIIIIIIIIIII
IIIIA2IIA2IIIIIIIA2IIIIIIIIIIIIIIIIIIIIIIIIIIIIA2IIIIIIIIIIIIIII
IIIIA2IIAA2IIIIIIA2IIIIIIIIIIIIIIIIIIIIIIIIIIIIA2IIIIIIIIIIIIIII
IIIIA2IIAAA2IIIIIA2IIIIIIIIIIIIIIIIIIIIIIIIIIIIA2IIIIIIIIIIIIIII
IIIIA2IIAAAA2IIIIA2IIIIIIIIIIIIIIIIIIIIIIIIIIIIA2IIIIIIIIIIIIIII
IIIAA2IIAAAA2IIIIA2IIIIIIIIIIIIIIIIIIIIIIIIIIIIA2IIIIIIIIIIIIIII
IIIAA2IIAAAAA2IIIA2IIIIIIIIIIIIIIIIIIIIIIIIIIIIA2IIIIIIIIIIIIIII
IIIIIIIIIIIIA1IIIIIIIIIIIIIIIIIIIIIIIIIIIIIIIIIIIIIIIIIIIIIIIIII
IIIIIIIIIIIIAIIIIIIIIIIIIIIIIIIIIIIIIIIIIIIIIIIIIIIIIIIIIIIIIIII
IIIIIIIIA1IIIIIIIIIIIIIIIIIIIIIIIIIIIIIIIIIIIIIIIIIIIIIIIIIIIIII
IIIIA1IIA1IIIIIIIIIIIIIIIIIIIIIIIIIIIIIIIIIIIIIIIIIIIIIIIIIIIIII
IIIIA1IIAA1IIIIIIIIIIIIIIIIIIIIIIIIIIIIIIIIIIIIIIIIIIIIIIIIIIIII
IIIIA1IIAAA1IIIIIIIIIIIIIIIIIIIIIIIIIIIIIIIIIIIIIIIIIIIIIIIIIIII
IIIIA1IIAAAA1IIIIIIIIIIIIIIIIIIIIIIIIIIIIIIIIIIIIIIIIIIIIIIIIIII
IIIAA1IIAAAA1IIIIIIIIIIIIIIIIIIIIIIIIIIIIIIIIIIIIIIIIIIIIIIIIIII
IIIIIIIIIIIIIIIIIIIIIIIIIIIIIIIIIIIIIIIIIIIIIIIA1IIIIIIIIIIIIIII
IIIIIIIIIIIIIIIIIA1IIIIIIIIIIIIIIIIIIIIIIIIIIIIA1IIIIIIIIIIIIIII
IIIIIIIIIIIIIIIIIA1IIIIIIIIIIIIIIIIIIIIIIIIIII2A1IIIIIIIIIIIIIII
IIIIIIIIIIIIIIII2A1IIIIIIIIIIIIIIIIIIIIIIIIIII2A1IIIIIIIIIIIIIII
IIIIIIIIIII2AIII2A1IIIIIIIIIIIIIIIIIIIIIIIIIII2A1IIIIIIIIIIIIIII
IIIIIII2AII2AIII2A1IIIIIIIIIIIIIIIIIIIIIIIIIII2A1IIIIIIIIIIIIIII
III2AII2AII2AIII2A1IIIIIIIIIIIIIIIIIIIIIIIIIII2A1IIIIIIIIIIIIIII
III2AII2AAI2AIII2A1IIIIIIIIIIIIIIIIIIIIIIIIIII2A1IIIIIIIIIIIIIII
III2AII2AAA2AIII2A1IIIIIIIIIIIIIIIIIIIIIIIIIII2A1IIIIIIIIIIIIIII
III2AII2AAAAAIII2A1IIIIIIIIIIIIIIIIIIIIIIIIIII2A1IIIIIIIIIIIIIII
III2AII2AAAAA2II2A1IIIIIIIIIIIIIIIIIIIIIIIIIII2A1IIIIIIIIIIIIIII
IIIIIIIIIIIIA122IIIIIIIIIIIIIIIIIIIIIIIIIIIIIIIIIIIIIIIIIIIIIIII
IIIIIIIIA122A122IIIIIIIIIIIIIIIIIIIIIIIIIIIIIIIIIIIIIIIIIIIIIIII
IIIIA122A122A122IIIIIIIIIIIIIIIIIIIIIIIIIIIIIIIIIIIIIIIIIIIIIIII
IIIIA122AA12A122IIIIIIIIIIIIIIIIIIIIIIIIIIIIIIIIIIIIIIIIIIIIIIII
IIIIA122AAA1A122IIIIIIIIIIIIIIIIIIIIIIIIIIIIIIIIIIIIIIIIIIIIIIII
IIIIA122AAAAA122IIIIIIIIIIIIIIIIIIIIIIIIIIIIIIIIIIIIIIIIIIIIIIII
IIIAA122AAAAA122IIIIIIIIIIIIIIIIIIIIIIIIIIIIIIIIIIIIIIIIIIIIIIII
IIIIIIIIIIIIIIIIIIIIIIIIIIIIIIIIIIIIIIIIIIIIIIIA12IIIIIIIIIIIIII
IIIIIIIIIIIIA12IIIIIIIIIIIIIIIIIIIIIIIIIIIIIIIIA12IIIIIIIIIIIIII
IIIIIIIIIIIIA12IIA12IIIIIIIIIIIIIIIIIIIIIIIIIIIA12IIIIIIIIIIIIII
IIIIIIIIAIIIA12IIA12IIIIIIIIIIIIIIIIIIIIIIIIIIIA12IIIIIIIIIIIIII
IIIIAIIIAIIIA12IIA12IIIIIIIIIIIIIIIIIIIIIIIIIIIA12IIIIIIIIIIIIII
IIIIAIIIAAIIA12IIA12IIIIIIIIIIIIIIIIIIIIIIIIIIIA12IIIIIIIIIIIIII
IIIIAIIIAAAIA12IIA12IIIIIIIIIIIIIIIIIIIIIIIIIIIA12IIIIIIIIIIIIII
IIIIAIIIAAAAA12IIA12IIIIIIIIIIIIIIIIIIIIIIIIIIIA12IIIIIIIIIIIIII
IIIAAIIIAAAAA12IIA12IIIIIIIIIIIIIIIIIIIIIIIIIIIA12IIIIIIIIIIIIII
IIIIIIIIIIIIAIIIIIIIIIIIIIIIIIIIIIIIIIIIIIIIIIIIIIIIIIIIIIIIIIII
IIIIIIIIIIIIIIIIIIIIIIIIIIIIIIIIIIIIIIIIIIIIIIIAIIIIIIIIIIIIIIII
IIIIIIIIIIIIIIIIIAIIIIIIIIIIIIIIIIIIIIIIIIIIIIIAIIIIIIIIIIIIIIII
IIIIIIIIAIIIIIIIIAIIIIIIIIIIIIIIIIIIIIIIIIIIIIIAIIIIIIIIIIIIIIII
IIIIAIIIAIIIIIIIIAIIIIIIIIIIIIIIIIIIIIIIIIIIIIIAIIIIIIIIIIIIIIII
IIIIAIIIAAIIIIIIIAIIIIIIIIIIIIIIIIIIIIIIIIIIIIIAIIIIIIIIIIIIIIII
IIIIAIIIAAAIIIIIIAIIIIIIIIIIIIIIIIIIIIIIIIIIIIIAIIIIIIIIIIIIIIII
IIIIAIIIAAAAIIIIIAIIIIIIIIIIIIIIIIIIIIIIIIIIIIIAIIIIIIIIIIIIIIII
IIIIA1IIAAAAIIIIIAIIIIIIIIIIIIIIIIIIIIIIIIIIIIIAIIIIIIIIIIIIIIII
IIIIA1IIAAAA1IIIIAIIIIIIIIIIIIIIIIIIIIIIIIIIIIIAIIIIIIIIIIIIIIII
IIIAA1IIAAAA1IIIIAIIIIIIIIIIIIIIIIIIIIIIIIIIIIIAIIIIIIIIIIIIIIII
IIIIIIIIIIIIA1IIIIIIIIIIIIIIIIIIIIIIIIIIIIIIIIIIIIIIIIIIIIIIIIII
IIIIIIIIAIIIIIIIIIIIIIIIIIIIIIIIIIIIIIIIIIIIIIIIIIIIIIIIIIIIIIII
IIIIAIIIAIIIIIIIIIIIIIIIIIIIIIIIIIIIIIIIIIIIIIIIIIIIIIIIIIIIIIII
IIIIAIIIAAIIIIIIIIIIIIIIIIIIIIIIIIIIIIIIIIIIIIIIIIIIIIIIIIIIIIII
IIIIAIIIAAAIIIIIIIIIIIIIIIIIIIIIIIIIIIIIIIIIIIIIIIIIIIIIIIIIIIII
IIIIAIIIAAAAIIIIIIIIIIIIIIIIIIIIIIIIIIIIIIIIIIIIIIIIIIIIIIIIIIII
IIIAAIIIAAAAIIIIIIIIIIIIIIIIIIIIIIIIIIIIIIIIIIIIIIIIIIIIIIIIIIII
IIIIIIIIIIIIA1IIIIIIIIIIIIIIIIIIIIIIIIIIIIIIIIIIIIIIIIIIIIIIIIII
IIIIIIIIIIIIA2IIIIIIIIIIIIIIIIIIIIIIIIIIIIIIIIIIIIIIIIIIIIIIIIII
IIIIIIIIA2IIA2IIIIIIIIIIIIIIIIIIIIIIIIIIIIIIIIIIIIIIIIIIIIIIIIII
IIIIA2IIA2IIA2IIIIIIIIIIIIIIIIIIIIIIIIIIIIIIIIIIIIIIIIIIIIIIIIII
IIIIA2IIAA11A1IIIIIIIIIIIIIIIIIIIIIIIIIIIIIIIIIIIIIIIIIIIIIIIIII
IIIIA2IIAAA1A11IIIIIIIIIIIIIIIIIIIIIIIIIIIIIIIIIIIIIIIIIIIIIIIII
IIIIA2IIAAAAA111IIIIIIIIIIIIIIIIIIIIIIIIIIIIIIIIIIIIIIIIIIIIIIII
IIIIA111AAAAA111IIIIIIIIIIIIIIIIIIIIIIIIIIIIIIIIIIIIIIIIIIIIIIII
IIIAA111AAAAA111IIIIIIIIIIIIIIIIIIIIIIIIIIIIIIIIIIIIIIIIIIIIIIII
IIIIIIIIIIIIA11111IIIIIIIIIIIIIIIIIIIIIIIIIIIIIIIIIIIIIIIIIIIIII
IIIIIIIIAIIIIIIIIIIIIIIIIIIIIIIIIIIIIIIIIIIIIIIIIIIIIIIIIIIIIIII
IIIIAIIIAIIIIIIIIIIIIIIIIIIIIIIIIIIIIIIIIIIIIIIIIIIIIIIIIIIIIIII
IIIIAIIIAAIIIIIIIIIIIIIIIIIIIIIIIIIIIIIIIIIIIIIIIIIIIIIIIIIIIIII
IIIIAIIIAAAIIIIIIIIIIIIIIIIIIIIIIIIIIIIIIIIIIIIIIIIIIIIIIIIIIIII
IIIIAIIIAAAAIIIIIIIIIIIIIIIIIIIIIIIIIIIIIIIIIIIIIIIIIIIIIIIIIIII
IIIIIIIIIAIIIIIIIIIIIIIIIIIIIIIIIIIIIIIIIIIIIIIIIIIIIIIIIIIIIIII
IIIIAIIIIAIIIIIIIIIIIIIIIIIIIIIIIIIIIIIIIIIIIIIIIIIIIIIIIIIIIIII
IIIAAIIIIAIIIIIIIIIIIIIIIIIIIIIIIIIIIIIIIIIIIIIIIIIIIIIIIIIIIIII
IIIAAIIIIAIIAIIIIIIIIIIIIIIIIIIIIIIIIIIIIIIIIIIIIIIIIIIIIIIIIIII
IIIIIIIIIIIIA2IIIIIIIIIIIIIIIIIIIIIIIIIIIIIIIIIIIIIIIIIIIIIIIIII
IIIIIIIIIIIIA1IIIIIIIIIIIIIIIIIIIIIIIIIIIIIIIIIIIIIIIIIIIIIIIIII
IIIIIIIIAIIIIIIIIIIIIIIIIIIIIIIIIIIIIIIIIIIIIIIIIIIIIIIIIIIIIIII
IIIIAIIIAIIIIIIIIIIIIIIIIIIIIIIIIIIIIIIIIIIIIIIIIIIIIIIIIIIIIIII
IIIIAIIIAAIIIIIIIIIIIIIIIIIIIIIIIIIIIIIIIIIIIIIIIIIIIIIIIIIIIIII
IIIIAIIIAAAIIIIIIIIIIIIIIIIIIIIIIIIIIIIIIIIIIIIIIIIIIIIIIIIIIIII
IIIIAIIIAAAAIIIIIIIIIIIIIIIIIIIIIIIIIIIIIIIIIIIIIIIIIIIIIIIIIIII
IIIAAIIIAAAAIIIIIIIIIIIIIIIIIIIIIIIIIIIIIIIIIIIIIIIIIIIIIIIIIIII
IIIAAIIIAAAAIIIIIIIIIIIIIIIIIIIIIIIIIIIIIIIIIIIA1222IIIIIIIIIIII
IIIAAIIIAAAAIIIIIA1222IIIIIIIIIIIIIIIIIIIIIIIIIA1222IIIIIIIIIIII
IIIAAIIIAAAA2IIIIA1222IIIIIIIIIIIIIIIIIIIIIIIIIA1222IIIIIIIIIIII
IIIAA122AAAA2IIIIA1222IIIIIIIIIIIIIIIIIIIIIIIIIA1222IIIIIIIIIIII
IIIAA122AAAA22IIIA1222IIIIIIIIIIIIIIIIIIIIIIIIIA1222IIIIIIIIIIII
IIIAA122AAAA222IIA1222IIIIIIIIIIIIIIIIIIIIIIIIIA1222IIIIIIIIIIII
IIIAA122AAAA1222IA1222IIIIIIIIIIIIIIIIIIIIIIIIIA1222IIIIIIIIIIII
IIIIIIIIIIIIIIIIIIIIIIIIIIIIIIIIIIIIIIIIIIIIIIIA1222IIIIIIIIIIII
IIIIIIIIIIIIIIIIIA1222IIIIIIIIIIIIIIIIIIIIIIIIIA1222IIIIIIIIIIII
IIIIIIIIA1222IIIIA1222IIIIIIIIIIIIIIIIIIIIIIIIIA1222IIIIIIIIIIII
IIIIA122A1222IIIIA1222IIIIIIIIIIIIIIIIIIIIIIIIIA1222IIIIIIIIIIII
IIIIA122AA1222IIIA1222IIIIIIIIIIIIIIIIIIIIIIIIIA1222IIIIIIIIIIII
IIIIA122AAA1222IIA1222IIIIIIIIIIIIIIIIIIIIIIIIIA1222IIIIIIIIIIII
IIIIA122AAAA1222IA1222IIIIIIIIIIIIIIIIIIIIIIIIIA1222IIIIIIIIIIII
IIIAA122AAAA1222IA1222IIIIIIIIIIIIIIIIIIIIIIIIIA1222IIIIIIIIIIII
IIIAA122AAAAA222IA1222IIIIIIIIIIIIIIIIIIIIIIIIIA1222IIIIIIIIIIII
IIIIIIIIIIIIIIIIIIIIIIIIIIIIIIIIIIIIIIIIIIIIIIIA1IIIIIIIIIIIIIII
IIIIIIIIIIIIIIIIIA1IIIIIIIIIIIIIIIIIIIIIIIIIIIIA1IIIIIIIIIIIIIII
IIIIIIIIIIIIA1IIIA1IIIIIIIIIIIIIIIIIIIIIIIIIIIIA1IIIIIIIIIIIIIII
IIIIIIIIA1IIA1IIIA1IIIIIIIIIIIIIIIIIIIIIIIIIIIIA1IIIIIIIIIIIIIII
IIIIA1IIA1IIA1IIIA1IIIIIIIIIIIIIIIIIIIIIIIIIIIIA1IIIIIIIIIIIIIII
IIIIA1IIAA1IA1IIIA1IIIIIIIIIIIIIIIIIIIIIIIIIIIIA1IIIIIIIIIIIIIII
IIIIA1IIAAA1A1IIIA1IIIIIIIIIIIIIIIIIIIIIIIIIIIIA1IIIIIIIIIIIIIII
IIIIA1IIAAAAA1IIIA1IIIIIIIIIIIIIIIIIIIIIIIIIIIIA1IIIIIIIIIIIIIII
IIIAA1IIAAAAA1IIIA1IIIIIIIIIIIIIIIIIIIIIIIIIIIIA1IIIIIIIIIIIIIII
IIIIIIIIIIIIIIIIIIIIIIIIIIIIIIIIIIIIIIIIIIIIIIIAIIIIIIIIIIIIIIII
IIIIIIIIIIIIIIIIIAIIIIIIIIIIIIIIIIIIIIIIIIIIIIIAIIIIIIIIIIIIIIII
IIIIIIIIAIIIIIIIIAIIIIIIIIIIIIIIIIIIIIIIIIIIIIIAIIIIIIIIIIIIIIII
IIIIAIIIAIIIIIIIIAIIIIIIIIIIIIIIIIIIIIIIIIIIIIIAIIIIIIIIIIIIIIII
IIIIAIIIAAIIIIIIIAIIIIIIIIIIIIIIIIIIIIIIIIIIIIIAIIIIIIIIIIIIIIII
IIIIAIIIAAAIIIIIIAIIIIIIIIIIIIIIIIIIIIIIIIIIIIIAIIIIIIIIIIIIIIII
IIIIAIIIAAAAIIIIIAIIIIIIIIIIIIIIIIIIIIIIIIIIIIIAIIIIIIIIIIIIIIII
IIIAAIIIAAAAIIIIIAIIIIIIIIIIIIIIIIIIIIIIIIIIIIIAIIIIIIIIIIIIIIII
IIIIIIIIIIIIIIIIIIIIIIIIIIIIIIIIIIIIIIIIIIIIIIIAIIIIIIIIIIIIIIII
IIIIIIIIIIIIIIIIIAIIIIIIIIIIIIIIIIIIIIIIIIIIIIIAIIIIIIIIIIIIIIII
IIIIIIIIIIIIIIIIIAIIIIIIIIIIIIIIIIIIIIIIIIIIIIIA1IIIIIIIIIIIIIII
IIIIIIIIIIIIIIIIIA1IIIIIIIIIIIIIIIIIIIIIIIIIIIIA1IIIIIIIIIIIIIII
IIIIIIIIA1IIIIIIIA1IIIIIIIIIIIIIIIIIIIIIIIIIIIIA1IIIIIIIIIIIIIII
IIIIA1IIA1IIIIIIIA1IIIIIIIIIIIIIIIIIIIIIIIIIIIIA1IIIIIIIIIIIIIII
IIIIA1IIAA1IIIIIIA1IIIIIIIIIIIIIIIIIIIIIIIIIIIIA1IIIIIIIIIIIIIII
IIIIA1IIAAA1IIIIIA1IIIIIIIIIIIIIIIIIIIIIIIIIIIIA1IIIIIIIIIIIIIII
IIIIA1IIAAAA1IIIIA1IIIIIIIIIIIIIIIIIIIIIIIIIIIIA1IIIIIIIIIIIIIII
IIIAA1IIAAAA1IIIIA1IIIIIIIIIIIIIIIIIIIIIIIIIIIIA1IIIIIIIIIIIIIII
IIIAA1IIAAAAA1IIIA1IIIIIIIIIIIIIIIIIIIIIIIIIIIIA1IIIIIIIIIIIIIII
IIIIIIIIIIIIIIIIIIIIIIIIIIIIIIIIIIIIIIIIIIIIIIIA2IIIIIIIIIIIIIII
IIIIIIIIIIIIIIIIIA2IIIIIIIIIIIIIIIIIIIIIIIIIIIIA2IIIIIIIIIIIIIII
IIIIIIIIIIIIIIIIIIIIIIIIIIIIIIIIIIIIIIIIIIIIIIIA2IIIIIIIIIIIIIII
IIIIIIIIIIIIIIIIIA2IIIIIIIIIIIIIIIIIIIIIIIIIIIIA2IIIIIIIIIIIIIII
IIIIIIIIA2IIIIIIIA2IIIIIIIIIIIIIIIIIIIIIIIIIIIIA2IIIIIIIIIIIIIII
IIIIA2IIA2IIIIIIIA2IIIIIIIIIIIIIIIIIIIIIIIIIIIIA2IIIIIIIIIIIIIII
IIIIA2IIAA2IIIIIIA2IIIIIIIIIIIIIIIIIIIIIIIIIIIIA2IIIIIIIIIIIIIII
IIIIA2IIAAA2IIIIIA2IIIIIIIIIIIIIIIIIIIIIIIIIIIIA2IIIIIIIIIIIIIII
IIIIA2IIAAAA2IIIIA2IIIIIIIIIIIIIIIIIIIIIIIIIIIIA2IIIIIIIIIIIIIII
IIIAA2IIAAAA2IIIIA2IIIIIIIIIIIIIIIIIIIIIIIIIIIIA2IIIIIIIIIIIIIII
IIIAA1IIAAAA2IIIIA2IIIIIIIIIIIIIIIIIIIIIIIIIIIIA2IIIIIIIIIIIIIII
IIIAA1IIAAAA1IIIIA2IIIIIIIIIIIIIIIIIIIIIIIIIIIIA2IIIIIIIIIIIIIII
IIIIIIIIIIIIA1IIIIIIIIIIIIIIIIIIIIIIIIIIIIIIIIIIIIIIIIIIIIIIIIII
IIIIIIIIIIIIAIIIIIIIIIIIIIIIIIIIIIIIIIIIIIIIIIIIIIIIIIIIIIIIIIII
IIIIIIIIIIIIA1IIIIIIIIIIIIIIIIIIIIIIIIIIIIIIIIIIIIIIIIIIIIIIIIII
IIIIIIIIIIIIAIIIIIIIIIIIIIIIIIIIIIIIIIIIIIIIIIIIIIIIIIIIIIIIIIII
IIIIIIIIIAIIAIIIIIIIIIIIIIIIIIIIIIIIIIIIIIIIIIIIIIIIIIIIIIIIIIII
IIIIAIIIIAIIAIIIIIIIIIIIIIIIIIIIIIIIIIIIIIIIIIIIIIIIIIIIIIIIIIII
IIIAAIIIIAIIAIIIIIIIIIIIIIIIIIIIIIIIIIIIIIIIIIIIIIIIIIIIIIIIIIII
IIIIIIIIIII2AIIIIIIIIIIIIIIIIIIIIIIIIIIIIIIIIIIIIIIIIIIIIIIIIIII
IIIIIII2AIIIIIIIIIIIIIIIIIIIIIIIIIIIIIIIIIIIIIIIIIIIIIIIIIIIIIII
III2AII2AIIIIIIIIIIIIIIIIIIIIIIIIIIIIIIIIIIIIIIIIIIIIIIIIIIIIIII
III2AII2AAIIIIIIIIIIIIIIIIIIIIIIIIIIIIIIIIIIIIIIIIIIIIIIIIIIIIII
III2AII2AAAIIIIIIIIIIIIIIIIIIIIIIIIIIIIIIIIIIIIIIIIIIIIIIIIIIIII
III2AII2AAAAIIIIIIIIIIIIIIIIIIIIIIIIIIIIIIIIIIIIIIIIIIIIIIIIIIII
II2AAII2AAAAIIIIIIIIIIIIIIIIIIIIIIIIIIIIIIIIIIIIIIIIIIIIIIIIIIII
IIIIIIIIIIIIA1IIIIIIIIIIIIIIIIIIIIIIIIIIIIIIIIIIIIIIIIIIIIIIIIII
IIIIIIIIIIIIA1IIIIIIIIIIIIIIIIIIIIIIIIIIIIIIIIIA1IIIIIIIIIIIIIII
IIIIIIIIIIIIA1IIIA1IIIIIIIIIIIIIIIIIIIIIIIIIIIIA1IIIIIIIIIIIIIII
IIIIIIIIA1IIA1IIIA1IIIIIIIIIIIIIIIIIIIIIIIIIIIIA1IIIIIIIIIIIIIII
IIIIAIIIA1IIA1IIIA1IIIIIIIIIIIIIIIIIIIIIIIIIIIIA1IIIIIIIIIIIIIII
IIIIAIIIAAIIA1IIIA1IIIIIIIIIIIIIIIIIIIIIIIIIIIIA1IIIIIIIIIIIIIII
IIIIAIIIAAAIA1IIIA1IIIIIIIIIIIIIIIIIIIIIIIIIIIIA1IIIIIIIIIIIIIII
IIIIAIIIAAAAA1IIIA1IIIIIIIIIIIIIIIIIIIIIIIIIIIIA1IIIIIIIIIIIIIII
IIIAAIIIAAAAA1IIIA1IIIIIIIIIIIIIIIIIIIIIIIIIIIIA1IIIIIIIIIIIIIII
IIIIIIIIIIIIAIIIIIIIIIIIIIIIIIIIIIIIIIIIIIIIIIIIIIIIIIIIIIIIIIII
IIIIIIIIIIIIA1I2IIIIIIIIIIIIIIIIIIIIIIIIIIIIIIIIIIIIIIIIIIIIIIII
IIIIIIIIA1I2A1I2IIIIIIIIIIIIIIIIIIIIIIIIIIIIIIIIIIIIIIIIIIIIIIII
IIIIA1I2A1I2A1I2IIIIIIIIIIIIIIIIIIIIIIIIIIIIIIIIIIIIIIIIIIIIIIII
IIIIA1I2AA12A1I2IIIIIIIIIIIIIIIIIIIIIIIIIIIIIIIIIIIIIIIIIIIIIIII
IIIIA1I2AAA1A1I2IIIIIIIIIIIIIIIIIIIIIIIIIIIIIIIIIIIIIIIIIIIIIIII
IIIIA1I2AAAAA122IIIIIIIIIIIIIIIIIIIIIIIIIIIIIIIIIIIIIIIIIIIIIIII
IIIAA122AAAAA122IIIIIIIIIIIIIIIIIIIIIIIIIIIIIIIIIIIIIIIIIIIIIIII
IIIIIIIIIIIIAIIIIIIIIIIIIIIIIIIIIIIIIIIIIIIIIIIIIIIIIIIIIIIIIIII
IIIIIIIIAIIIAIIIIIIIIIIIIIIIIIIIIIIIIIIIIIIIIIIIIIIIIIIIIIIIIIII
IIIIAIIIAIIIAIIIIIIIIIIIIIIIIIIIIIIIIIIIIIIIIIIIIIIIIIIIIIIIIIII
IIIIAIIIAAIIAIIIIIIIIIIIIIIIIIIIIIIIIIIIIIIIIIIIIIIIIIIIIIIIIIII
IIIIAIIIAAAIAIIIIIIIIIIIIIIIIIIIIIIIIIIIIIIIIIIIIIIIIIIIIIIIIIII
IIIIAIIIAAAAAIIIIIIIIIIIIIIIIIIIIIIIIIIIIIIIIIIIIIIIIIIIIIIIIIII
IIIAAIIIAAAAAIIIIIIIIIIIIIIIIIIIIIIIIIIIIIIIIIIIIIIIIIIIIIIIIIII
IIIIIIIIIIIIA2IIIIIIIIIIIIIIIIIIIIIIIIIIIIIIIIIIIIIIIIIIIIIIIIII
IIIIIIIIA2IIA2IIIIIIIIIIIIIIIIIIIIIIIIIIIIIIIIIIIIIIIIIIIIIIIIII
IIIIA2IIA2IIA2IIIIIIIIIIIIIIIIIIIIIIIIIIIIIIIIIIIIIIIIIIIIIIIIII
IIIIA2IIAA2IA2IIIIIIIIIIIIIIIIIIIIIIIIIIIIIIIIIIIIIIIIIIIIIIIIII
IIIIA2IIAAA2A2IIIIIIIIIIIIIIIIIIIIIIIIIIIIIIIIIIIIIIIIIIIIIIIIII
IIIIA2IIAAAAA2IIIIIIIIIIIIIIIIIIIIIIIIIIIIIIIIIIIIIIIIIIIIIIIIII
IIIAA2IIAAAAA2IIIIIIIIIIIIIIIIIIIIIIIIIIIIIIIIIIIIIIIIIIIIIIIIII
IIIIIIIIAIIIIIIIIIIIIIIIIIIIIIIIIIIIIIIIIIIIIIIIIIIIIIIIIIIIIIII
IIIIAIIIAIIIIIIIIIIIIIIIIIIIIIIIIIIIIIIIIIIIIIIIIIIIIIIIIIIIIIII
IIIIAIIIAAIIIIIIIIIIIIIIIIIIIIIIIIIIIIIIIIIIIIIIIIIIIIIIIIIIIIII
IIIIAIIIAAAIIIIIIIIIIIIIIIIIIIIIIIIIIIIIIIIIIIIIIIIIIIIIIIIIIIII
IIIIAIIIAAAAIIIIIIIIIIIIIIIIIIIIIIIIIIIIIIIIIIIIIIIIIIIIIIIIIIII
IIIAAIIIAAAAIIIIIIIIIIIIIIIIIIIIIIIIIIIIIIIIIIIIIIIIIIIIIIIIIIII
IIIIIIIIIIIIAIIIIIIIIIIIIIIIIIIIIIIIIIIIIIIIIIIIIIIIIIIIIIIIIIII
IIIIIIIIA1IIAIIIIIIIIIIIIIIIIIIIIIIIIIIIIIIIIIIIIIIIIIIIIIIIIIII
IIIIA1IIA1IIAIIIIIIIIIIIIIIIIIIIIIIIIIIIIIIIIIIIIIIIIIIIIIIIIIII
IIIIA1IIAA1IAIIIIIIIIIIIIIIIIIIIIIIIIIIIIIIIIIIIIIIIIIIIIIIIIIII
IIIIA1IIAAA1AIIIIIIIIIIIIIIIIIIIIIIIIIIIIIIIIIIIIIIIIIIIIIIIIIII
IIIIA1IIAAAAAIIIIIIIIIIIIIIIIIIIIIIIIIIIIIIIIIIIIIIIIIIIIIIIIIII
IIIAA1IIAAAAAIIIIIIIIIIIIIIIIIIIIIIIIIIIIIIIIIIIIIIIIIIIIIIIIIII
IIIIIIIIIIIIAIIIIIIIIIIIIIIIIIIIIIIIIIIIIIIIIIIIIIIIIIIIIIIIIIII
IIIIIIIIA1IIIIIIIIIIIIIIIIIIIIIIIIIIIIIIIIIIIIIIIIIIIIIIIIIIIIII
IIIIA1IIA1IIIIIIIIIIIIIIIIIIIIIIIIIIIIIIIIIIIIIIIIIIIIIIIIIIIIII
IIIIA1IIAA1IIIIIIIIIIIIIIIIIIIIIIIIIIIIIIIIIIIIIIIIIIIIIIIIIIIII
IIIIA1IIAAA1IIIIIIIIIIIIIIIIIIIIIIIIIIIIIIIIIIIIIIIIIIIIIIIIIIII
IIIIA1IIAAAA1IIIIIIIIIIIIIIIIIIIIIIIIIIIIIIIIIIIIIIIIIIIIIIIIIII
IIIIA1IIAAAAA1IIIIIIIIIIIIIIIIIIIIIIIIIIIIIIIIIIIIIIIIIIIIIIIIII
IIIAA1IIAAAAA1IIIIIIIIIIIIIIIIIIIIIIIIIIIIIIIIIIIIIIIIIIIIIIIIII
IIIAA1IIAAAAA1I1I22IIIIIIIIIIIIIIIIIIIIIIIIIIIIIIIIIIIIIIIIIIIII
IIIAA1IIAAAAA1I1I22IIIIIIIIIIIIIIIIIIIIIIIIIIIIA1I1I22IIIIIIIIII
IIIAA1IIAAAAA1I1IA1I1I22IIIIIIIIIIIIIIIIIIIIIIIA1I1I22IIIIIIIIII
IIIAA1IIAAAAA121IA1I1I22IIIIIIIIIIIIIIIIIIIIIIIA1I1I22IIIIIIIIII
IIIAA1I1AAAAA121IA1I1I22IIIIIIIIIIIIIIIIIIIIIIIA1I1I22IIIIIIIIII
IIIAA1I1AAAAA1212A1I1I22IIIIIIIIIIIIIIIIIIIIIIIA1I1I22IIIIIIIIII
IIIAA1I1AAAAA1112A1I1I22IIIIIIIIIIIIIIIIIIIIIIIA1I1I22IIIIIIIIII
IIIAA111AAAAA1112A1I1I22IIIIIIIIIIIIIIIIIIIIIIIA1I1I22IIIIIIIIII
IIIIIIIIIIIIA2IIIIIIIIIIIIIIIIIIIIIIIIIIIIIIIIIIIIIIIIIIIIIIIIII
IIIIIIIIIIIIA1IIIIIIIIIIIIIIIIIIIIIIIIIIIIIIIIIIIIIIIIIIIIIIIIII
IIIIIIIIA1IIA1IIIIIIIIIIIIIIIIIIIIIIIIIIIIIIIIIIIIIIIIIIIIIIIIII
IIIIA1IIA1IIA1IIIIIIIIIIIIIIIIIIIIIIIIIIIIIIIIIIIIIIIIIIIIIIIIII
IIIIA1IIAA1IA1IIIIIIIIIIIIIIIIIIIIIIIIIIIIIIIIIIIIIIIIIIIIIIIIII
IIIIA1IIAAA1A1IIIIIIIIIIIIIIIIIIIIIIIIIIIIIIIIIIIIIIIIIIIIIIIIII
IIIIA1IIAAAAA1IIIIIIIIIIIIIIIIIIIIIIIIIIIIIIIIIIIIIIIIIIIIIIIIII
IIIAA1IIAAAAA1IIIIIIIIIIIIIIIIIIIIIIIIIIIIIIIIIIIIIIIIIIIIIIIIII
IIIIIIIIIIIIIIIIIIIIIIIIIIIIIIIIIIIIIIIIIIIIIIIAIIIIIIIIIIIIIIII
IIIIIIIIIIIIIIIIIAIIIIIIIIIIIIIIIIIIIIIIIIIIIIIAIIIIIIIIIIIIIIII
IIIIIIIIIIIIAIIIIAIIIIIIIIIIIIIIIIIIIIIIIIIIIIIAIIIIIIIIIIIIIIII
IIIIIIIIAIIIAIIIIAIIIIIIIIIIIIIIIIIIIIIIIIIIIIIAIIIIIIIIIIIIIIII
IIIIAIIIAIIIAIIIIAIIIIIIIIIIIIIIIIIIIIIIIIIIIIIAIIIIIIIIIIIIIIII
IIIIAIIIAAIIAIIIIAIIIIIIIIIIIIIIIIIIIIIIIIIIIIIAIIIIIIIIIIIIIIII
IIIIAIIIAAAIAIIIIAIIIIIIIIIIIIIIIIIIIIIIIIIIIIIAIIIIIIIIIIIIIIII
IIIIAIIIAAAAAIIIIAIIIIIIIIIIIIIIIIIIIIIIIIIIIIIAIIIIIIIIIIIIIIII
IIIAAIIIAAAAAIIIIAIIIIIIIIIIIIIIIIIIIIIIIIIIIIIAIIIIIIIIIIIIIIII
IIIAAIIIAAAAAIIIIAIIIIIIIIIIIIIIIIIIIIIIIIIIIIIA1IIIIIIIIIIIIIII
IIIAAIIIAAAAAIIIIA1IIIIIIIIIIIIIIIIIIIIIIIIIIIIA1IIIIIIIIIIIIIII
IIIAAIIIAAAAA1IIIA1IIIIIIIIIIIIIIIIIIIIIIIIIIIIA1IIIIIIIIIIIIIII
IIIAA1IIAAAAA1IIIA1IIIIIIIIIIIIIIIIIIIIIIIIIIIIA1IIIIIIIIIIIIIII
IIIIIIIIIIA2IIIIIIIIIIIIIIIIIIIIIIIIIIIIIIIIIIIIIIIIIIIIIIIIIIII
IIIIIIIIIIAA2IIIIIIIIIIIIIIIIIIIIIIIIIIIIIIIIIIIIIIIIIIIIIIIIIII
IIIIIIIIIIAAA2IIIIIIIIIIIIIIIIIIIIIIIIIIIIIIIIIIIIIIIIIIIIIIIIII
IIIIIIIIAIAAA22IIIIIIIIIIIIIIIIIIIIIIIIIIIIIIIIIIIIIIIIIIIIIIIII
IIIIAI1IA2AAA22IIIIIIIIIIIIIIIIIIIIIIIIIIIIIIIIIIIIIIIIIIIIIIIII
IIIIAI1IAAAAA222IIIIIIIIIIIIIIIIIIIIIIIIIIIIIIIIIIIIIIIIIIIIIIII
IIIIAI1IAAAAA2222IIIIIIIIIIIIIIIIIIIIIIIIIIIIIIIIIIIIIIIIIIIIIII
IIIIAI12AAAAA2222IIIIIIIIIIIIIIIIIIIIIIIIIIIIIIIIIIIIIIIIIIIIIII
IIIAAI12AAAAA2222IIIIIIIIIIIIIIIIIIIIIIIIIIIIIIIIIIIIIIIIIIIIIII
IIIAA112AAAAA2222IIIIIIIIIIIIIIIIIIIIIIIIIIIIIIIIIIIIIIIIIIIIIII
IIIIIIIIIIIIA2IIIIIIIIIIIIIIIIIIIIIIIIIIIIIIIIIIIIIIIIIIIIIIIIII
IIIIIIIIIIIIA1IIIIIIIIIIIIIIIIIIIIIIIIIIIIIIIIIIIIIIIIIIIIIIIIII
IIIIIIIIA1IIIIIIIIIIIIIIIIIIIIIIIIIIIIIIIIIIIIIIIIIIIIIIIIIIIIII
IIIIA1IIA1IIIIIIIIIIIIIIIIIIIIIIIIIIIIIIIIIIIIIIIIIIIIIIIIIIIIII
IIIIA1IIAA1IIIIIIIIIIIIIIIIIIIIIIIIIIIIIIIIIIIIIIIIIIIIIIIIIIIII
IIIIA1IIAAA1IIIIIIIIIIIIIIIIIIIIIIIIIIIIIIIIIIIIIIIIIIIIIIIIIIII
IIIIA1IIAAAA1IIIIIIIIIIIIIIIIIIIIIIIIIIIIIIIIIIIIIIIIIIIIIIIIIII
IIIAA1IIAAAA1IIIIIIIIIIIIIIIIIIIIIIIIIIIIIIIIIIIIIIIIIIIIIIIIIII
IIIIIIIIIIIIA2IIIIIIIIIIIIIIIIIIIIIIIIIIIIIIIIIIIIIIIIIIIIIIIIII
IIIIIIIIIIIIA1IIIIIIIIIIIIIIIIIIIIIIIIIIIIIIIIIIIIIIIIIIIIIIIIII
IIIIIIIIA1IIIIIIIIIIIIIIIIIIIIIIIIIIIIIIIIIIIIIIIIIIIIIIIIIIIIII
IIIIA1IIA1IIIIIIIIIIIIIIIIIIIIIIIIIIIIIIIIIIIIIIIIIIIIIIIIIIIIII
IIIIA1IIAA1IIIIIIIIIIIIIIIIIIIIIIIIIIIIIIIIIIIIIIIIIIIIIIIIIIIII
IIIIA1IIAAA1IIIIIIIIIIIIIIIIIIIIIIIIIIIIIIIIIIIIIIIIIIIIIIIIIIII
IIIIA1IIAAAA1IIIIIIIIIIIIIIIIIIIIIIIIIIIIIIIIIIIIIIIIIIIIIIIIIII
IIIAA1IIAAAA1IIIIIIIIIIIIIIIIIIIIIIIIIIIIIIIIIIIIIIIIIIIIIIIIIII
IIIAA1IIAAAAAIIIIIIIIIIIIIIIIIIIIIIIIIIIIIIIIIIIIIIIIIIIIIIIIIII
IIIIIIIIIIIIA2IIIIIIIIIIIIIIIIIIIIIIIIIIIIIIIIIIIIIIIIIIIIIIIIII
IIIIIIIIA1IIIIIIIIIIIIIIIIIIIIIIIIIIIIIIIIIIIIIIIIIIIIIIIIIIIIII
IIIIA1IIA1IIIIIIIIIIIIIIIIIIIIIIIIIIIIIIIIIIIIIIIIIIIIIIIIIIIIII
IIIIA1IIAA1IIIIIIIIIIIIIIIIIIIIIIIIIIIIIIIIIIIIIIIIIIIIIIIIIIIII
IIIIA1IIAAA1IIIIIIIIIIIIIIIIIIIIIIIIIIIIIIIIIIIIIIIIIIIIIIIIIIII
IIIIA1IIAAAA1IIIIIIIIIIIIIIIIIIIIIIIIIIIIIIIIIIIIIIIIIIIIIIIIIII
IIIAA1IIAAAA1IIIIIIIIIIIIIIIIIIIIIIIIIIIIIIIIIIIIIIIIIIIIIIIIIII
IIIIIIIIIIIIIIIIIIIIIIIIIIIIIIIIIIIIIIIIIIIIII2AIIIIIIIIIIIIIIII
IIIIIIIIIII2AIIIIIIIIIIIIIIIIIIIIIIIIIIIIIIIII2AIIIIIIIIIIIIIIII
IIIIIIIIIII2AIII2AIIIIIIIIIIIIIIIIIIIIIIIIIIII2AIIIIIIIIIIIIIIII
IIIIIII2AII2AIII2AIIIIIIIIIIIIIIIIIIIIIIIIIIII2AIIIIIIIIIIIIIIII
III2AII2AII2AIII2AIIIIIIIIIIIIIIIIIIIIIIIIIIII2AIIIIIIIIIIIIIIII
III2AII2AAI2AIII2AIIIIIIIIIIIIIIIIIIIIIIIIIIII2AIIIIIIIIIIIIIIII
III2AII2AAA2AIII2AIIIIIIIIIIIIIIIIIIIIIIIIIIII2AIIIIIIIIIIIIIIII
III2AII2AAAAAIII2AIIIIIIIIIIIIIIIIIIIIIIIIIIII2AIIIIIIIIIIIIIIII
II2AAII2AAAAAIII2AIIIIIIIIIIIIIIIIIIIIIIIIIIII2AIIIIIIIIIIIIIIII
II2AAII2AAAAAIII2AIIIIIIIIIIIIIIIIIIIIIIIIIIII2A1IIIIIIIIIIIIIII
II2AAII2AAAAAIII2A1IIIIIIIIIIIIIIIIIIIIIIIIIII2A1IIIIIIIIIIIIIII
II2AA1I2AAAAAIII2A1IIIIIIIIIIIIIIIIIIIIIIIIIII2A1IIIIIIIIIIIIIII
IIIIIIIIA2IIIIIIIIIIIIIIIIIIIIIIIIIIIIIIIIIIIIIIIIIIIIIIIIIIIIII
IIIIA2IIA2IIIIIIIIIIIIIIIIIIIIIIIIIIIIIIIIIIIIIIIIIIIIIIIIIIIIII
IIIIA2IIAA2IIIIIIIIIIIIIIIIIIIIIIIIIIIIIIIIIIIIIIIIIIIIIIIIIIIII
IIIIA2IIAAA2IIIIIIIIIIIIIIIIIIIIIIIIIIIIIIIIIIIIIIIIIIIIIIIIIIII
IIIIA2IIAAAA2IIIIIIIIIIIIIIIIIIIIIIIIIIIIIIIIIIIIIIIIIIIIIIIIIII
IIIAA2IIAAAA2IIIIIIIIIIIIIIIIIIIIIIIIIIIIIIIIIIIIIIIIIIIIIIIIIII
IIIAA2IIAAAAA2IIIIIIIIIIIIIIIIIIIIIIIIIIIIIIIIIIIIIIIIIIIIIIIIII
IIIIIIIIIIIIA1IIIIIIIIIIIIIIIIIIIIIIIIIIIIIIIIIIIIIIIIIIIIIIIIII
IIIIIIIIIIIIA2IIIIIIIIIIIIIIIIIIIIIIIIIIIIIIIIIIIIIIIIIIIIIIIIII
IIIIIIIIA2IIA2IIIIIIIIIIIIIIIIIIIIIIIIIIIIIIIIIIIIIIIIIIIIIIIIII
IIIIA2IIA2IIA2IIIIIIIIIIIIIIIIIIIIIIIIIIIIIIIIIIIIIIIIIIIIIIIIII
IIIIA2IIAA2IA2IIIIIIIIIIIIIIIIIIIIIIIIIIIIIIIIIIIIIIIIIIIIIIIIII
IIIIA2IIAAA2A2IIIIIIIIIIIIIIIIIIIIIIIIIIIIIIIIIIIIIIIIIIIIIIIIII
IIIIA2IIAAAAA2IIIIIIIIIIIIIIIIIIIIIIIIIIIIIIIIIIIIIIIIIIIIIIIIII
IIIIIIIIIIIIAIIIIIIIIIIIIIIIIIIIIIIIIIIIIIIIIIIIIIIIIIIIIIIIIIII
IIIIIIIIIIIIA1IIIIIIIIIIIIIIIIIIIIIIIIIIIIIIIIIIIIIIIIIIIIIIIIII
IIIIIIIIIIIIA11IIIIIIIIIIIIIIIIIIIIIIIIIIIIIIIIIIIIIIIIIIIIIIIII
IIIIIIIIIIIIAIIIIIIIIIIIIIIIIIIIIIIIIIIIIIIIIIIIIIIIIIIIIIIIIIII
IIIIIIIIIIIIA1111111IIIIIIIIIIIIIIIIIIIIIIIIIIIIIIIIIIIIIIIIIIII
IIIIIIIIA1IIA1111111IIIIIIIIIIIIIIIIIIIIIIIIIIIIIIIIIIIIIIIIIIII
IIIIAIIIA1IIA1111111IIIIIIIIIIIIIIIIIIIIIIIIIIIIIIIIIIIIIIIIIIII
IIIIAIIIAA11A1111111111111IIIIIIIIIIIIIIIIIIIIIIIIIIIIIIIIIIIIII
IIIIAIIIAAA1A11111111111111IIIIIIIIIIIIIIIIIIIIIIIIIIIIIIIIIIIII
IIIIAIIIAAAAA111111111111111IIIIIIIIIIIIIIIIIIIIIIIIIIIIIIIIIIII
IIIIIIIIIIIIA1IIIIIIIIIIIIIIIIIIIIIIIIIIIIIIIIIIIIIIIIIIIIIIIIII
IIIIIIIIIIIIA1IIIIIIIIIIIIIIIIIIIIIIIIIIIIIIIIIA1111I12I22IIIIII
IIIIIIIIIIIIA1IIIA111IIIIIIIIIIIIIIIIIIIIIIIIIIA1111I12I22IIIIII
IIIIIIIIAIIIA1IIIA111IIIIIIIIIIIIIIIIIIIIIIIIIIA1111I12I22IIIIII
IIIIA111AIIIA1IIIA111IIIIIIIIIIIIIIIIIIIIIIIIIIA1111I12I22IIIIII
IIIIA111AA11A1I12A1112IIIIIIIIIIIIIIIIIIIIIIIIIA1111I12I22IIIIII
IIIIA111AAA1A1112A1112IIIIIIIIIIIIIIIIIIIIIIIIIA1111I12I22IIIIII
IIIIA111AAAAA1112A11122IIIIIIIIIIIIIIIIIIIIIIIIA1111I12I22IIIIII
IIIAA111AAAAA1112A11122IIIIIIIIIIIIIIIIIIIIIIIIA1111I12I22IIIIII
IIIIIIIIA1IIIIIIIIIIIIIIIIIIIIIIIIIIIIIIIIIIIIIIIIIIIIIIIIIIIIII
IIIIA1IIA1IIIIIIIIIIIIIIIIIIIIIIIIIIIIIIIIIIIIIIIIIIIIIIIIIIIIII
IIIIA1IIAA1IIIIIIIIIIIIIIIIIIIIIIIIIIIIIIIIIIIIIIIIIIIIIIIIIIIII
IIIIA1IIAAA1IIIIIIIIIIIIIIIIIIIIIIIIIIIIIIIIIIIIIIIIIIIIIIIIIIII
IIIIA1IIAAAA1IIIIIIIIIIIIIIIIIIIIIIIIIIIIIIIIIIIIIIIIIIIIIIIIIII
IIIAA1IIAAAA1IIIIIIIIIIIIIIIIIIIIIIIIIIIIIIIIIIIIIIIIIIIIIIIIIII
IIIIIIIIIIIIA1IIIIIIIIIIIIIIIIIIIIIIIIIIIIIIIIIIIIIIIIIIIIIIIIII
IIIIIIIIAIIIA1IIIIIIIIIIIIIIIIIIIIIIIIIIIIIIIIIIIIIIIIIIIIIIIIII
IIIIAIIIAIIIA1IIIIIIIIIIIIIIIIIIIIIIIIIIIIIIIIIIIIIIIIIIIIIIIIII
IIIIAIIIAAIIA1IIIIIIIIIIIIIIIIIIIIIIIIIIIIIIIIIIIIIIIIIIIIIIIIII
IIIIAIIIAAAIA1IIIIIIIIIIIIIIIIIIIIIIIIIIIIIIIIIIIIIIIIIIIIIIIIII
IIIIAIIIAAAAA1IIIIIIIIIIIIIIIIIIIIIIIIIIIIIIIIIIIIIIIIIIIIIIIIII
IIIAAIIIAAAAA1IIIIIIIIIIIIIIIIIIIIIIIIIIIIIIIIIIIIIIIIIIIIIIIIII
IIIIIIIIIA1IIIIIIIIIIIIIIIIIIIIIIIIIIIIIIIIIIIIIIIIIIIIIIIIIIIII
IIIIA1IIIA1IIIIIIIIIIIIIIIIIIIIIIIIIIIIIIIIIIIIIIIIIIIIIIIIIIIII
IIIAA1IIIA1IIIIIIIIIIIIIIIIIIIIIIIIIIIIIIIIIIIIIIIIIIIIIIIIIIIII
IIIIIIIIIIIIAIIIIIIIIIIIIIIIIIIIIIIIIIIIIIIIIIIIIIIIIIIIIIIIIIII
IIIIIIIIIIIIA1IIIIIIIIIIIIIIIIIIIIIIIIIIIIIIIIIIIIIIIIIIIIIIIIII
IIIIIIIIA1IIA1IIIIIIIIIIIIIIIIIIIIIIIIIIIIIIIIIIIIIIIIIIIIIIIIII
IIIIA1IIA1IIA1IIIIIIIIIIIIIIIIIIIIIIIIIIIIIIIIIIIIIIIIIIIIIIIIII
IIIIA1IIAA1IA1IIIIIIIIIIIIIIIIIIIIIIIIIIIIIIIIIIIIIIIIIIIIIIIIII
IIIIA1IIAAA1A1IIIIIIIIIIIIIIIIIIIIIIIIIIIIIIIIIIIIIIIIIIIIIIIIII
IIIIA1IIAAAAA1IIIIIIIIIIIIIIIIIIIIIIIIIIIIIIIIIIIIIIIIIIIIIIIIII
IIIAA1IIAAAAA1IIIIIIIIIIIIIIIIIIIIIIIIIIIIIIIIIIIIIIIIIIIIIIIIII
IIIIIIIIIIIIAIIIIIIIIIIIIIIIIIIIIIIIIIIIIIIIIIIIIIIIIIIIIIIIIIII
IIIIIIIIA1IIIIIIIIIIIIIIIIIIIIIIIIIIIIIIIIIIIIIIIIIIIIIIIIIIIIII
IIIIA1IIA1IIIIIIIIIIIIIIIIIIIIIIIIIIIIIIIIIIIIIIIIIIIIIIIIIIIIII
IIIIA1IIAA1IIIIIIIIIIIIIIIIIIIIIIIIIIIIIIIIIIIIIIIIIIIIIIIIIIIII
IIIIA1IIAAA1IIIIIIIIIIIIIIIIIIIIIIIIIIIIIIIIIIIIIIIIIIIIIIIIIIII
IIIIA1IIAAAA1IIIIIIIIIIIIIIIIIIIIIIIIIIIIIIIIIIIIIIIIIIIIIIIIIII
IIIIA1IIAAAAA1IIIIIIIIIIIIIIIIIIIIIIIIIIIIIIIIIIIIIIIIIIIIIIIIII
IIIIIIIIIIIIIIIIIIIIIIIIIIIIIIIIIIIIIIIIIIIIIIIA1IIIIIIIIIIIIIII
IIIIIIIIIIIIIIIIIA1IIIIIIIIIIIIIIIIIIIIIIIIIIIIA1IIIIIIIIIIIIIII
IIIIIIIIA1IIIIIIIA1IIIIIIIIIIIIIIIIIIIIIIIIIIIIA1IIIIIIIIIIIIIII
IIIIA1IIA1IIIIIIIA1IIIIIIIIIIIIIIIIIIIIIIIIIIIIA1IIIIIIIIIIIIIII
IIIIA1IIAA1IIIIIIA1IIIIIIIIIIIIIIIIIIIIIIIIIIIIA1IIIIIIIIIIIIIII
IIIIA1IIAAA1IIIIIA1IIIIIIIIIIIIIIIIIIIIIIIIIIIIA1IIIIIIIIIIIIIII
IIIIA1IIAAAA1IIIIA1IIIIIIIIIIIIIIIIIIIIIIIIIIIIA1IIIIIIIIIIIIIII
IIIAA1IIAAAA1IIIIA1IIIIIIIIIIIIIIIIIIIIIIIIIIIIA1IIIIIIIIIIIIIII
IIIIIIIIIIIIAIIIIIIIIIIIIIIIIIIIIIIIIIIIIIIIIIIIIIIIIIIIIIIIIIII
IIIIIIIIAIIIAIIIIIIIIIIIIIIIIIIIIIIIIIIIIIIIIIIIIIIIIIIIIIIIIIII
IIIIAIIIAIIIAIIIIIIIIIIIIIIIIIIIIIIIIIIIIIIIIIIIIIIIIIIIIIIIIIII
IIIIAIIIAAIIAIIIIIIIIIIIIIIIIIIIIIIIIIIIIIIIIIIIIIIIIIIIIIIIIIII
IIIIAIIIAAAIAIIIIIIIIIIIIIIIIIIIIIIIIIIIIIIIIIIIIIIIIIIIIIIIIIII
IIIIAIIIAAAAAIIIIIIIIIIIIIIIIIIIIIIIIIIIIIIIIIIIIIIIIIIIIIIIIIII
IIIAAIIIAAAAAIIIIIIIIIIIIIIIIIIIIIIIIIIIIIIIIIIIIIIIIIIIIIIIIIII
IIIAA2IIAAAAAIIIIIIIIIIIIIIIIIIIIIIIIIIIIIIIIIIIIIIIIIIIIIIIIIII
IIIIIIIIIIIIA2IIIIIIIIIIIIIIIIIIIIIIIIIIIIIIIIIIIIIIIIIIIIIIIIII
IIIIIIIIIIIIA2IIIIIIIIIIIIIIIIIIIIIIIIIIIIIIIIIA2IIIIIIIIIIIIIII
IIIIIIIIIIIIA2IIIA2IIIIIIIIIIIIIIIIIIIIIIIIIIIIA2IIIIIIIIIIIIIII
IIIIIIIIA1IIA2IIIA2IIIIIIIIIIIIIIIIIIIIIIIIIIIIA2IIIIIIIIIIIIIII
IIIIA1IIA1IIA2IIIA2IIIIIIIIIIIIIIIIIIIIIIIIIIIIA2IIIIIIIIIIIIIII
IIIIA1IIAA1IA2IIIA2IIIIIIIIIIIIIIIIIIIIIIIIIIIIA2IIIIIIIIIIIIIII
IIIIA1IIAAA1A2IIIA2IIIIIIIIIIIIIIIIIIIIIIIIIIIIA2IIIIIIIIIIIIIII
IIIIA1IIAAAAA2IIIA2IIIIIIIIIIIIIIIIIIIIIIIIIIIIA2IIIIIIIIIIIIIII
IIIAA1IIAAAAA2IIIA2IIIIIIIIIIIIIIIIIIIIIIIIIIIIA2IIIIIIIIIIIIIII
IIIIIIIIIIIIA12IIIIIIIIIIIIIIIIIIIIIIIIIIIIIIIIIIIIIIIIIIIIIIIII
IIIIIIIIIIIIA2IIIIIIIIIIIIIIIIIIIIIIIIIIIIIIIIIIIIIIIIIIIIIIIIII
IIIIIIIIA2IIA2IIIIIIIIIIIIIIIIIIIIIIIIIIIIIIIIIIIIIIIIIIIIIIIIII
IIIIA2IIA2IIA2IIIIIIIIIIIIIIIIIIIIIIIIIIIIIIIIIIIIIIIIIIIIIIIIII
IIIIA2IIAA2IA2IIIIIIIIIIIIIIIIIIIIIIIIIIIIIIIIIIIIIIIIIIIIIIIIII
IIIIA2IIAAA2A2IIIIIIIIIIIIIIIIIIIIIIIIIIIIIIIIIIIIIIIIIIIIIIIIII
IIIIA2IIAAAAA2IIIIIIIIIIIIIIIIIIIIIIIIIIIIIIIIIIIIIIIIIIIIIIIIII
IIIIA2IIAAAAA1IIIIIIIIIIIIIIIIIIIIIIIIIIIIIIIIIIIIIIIIIIIIIIIIII
IIIAA2IIAAAAA1IIIIIIIIIIIIIIIIIIIIIIIIIIIIIIIIIIIIIIIIIIIIIIIIII
IIIAA1IIAAAAA1IIIIIIIIIIIIIIIIIIIIIIIIIIIIIIIIIIIIIIIIIIIIIIIIII
IIIIIIIIIII2AIIIIIIIIIIIIIIIIIIIIIIIIIIIIIIIIIIIIIIIIIIIIIIIIIII
IIIIIII2AIIIIIIIIIIIIIIIIIIIIIIIIIIIIIIIIIIIIIIIIIIIIIIIIIIIIIII
III2AII2AIIIIIIIIIIIIIIIIIIIIIIIIIIIIIIIIIIIIIIIIIIIIIIIIIIIIIII
III2AII2AAIIIIIIIIIIIIIIIIIIIIIIIIIIIIIIIIIIIIIIIIIIIIIIIIIIIIII
III2AII2AAAIIIIIIIIIIIIIIIIIIIIIIIIIIIIIIIIIIIIIIIIIIIIIIIIIIIII
III2AII2AAAAIIIIIIIIIIIIIIIIIIIIIIIIIIIIIIIIIIIIIIIIIIIIIIIIIIII
III2A1I2AAAAIIIIIIIIIIIIIIIIIIIIIIIIIIIIIIIIIIIIIIIIIIIIIIIIIIII
IIIAA1I2AAAAIIIIIIIIIIIIIIIIIIIIIIIIIIIIIIIIIIIIIIIIIIIIIIIIIIII
IIIIIIIIIII2AIIIIIIIIIIIIIIIIIIIIIIIIIIIIIIIIIIIIIIIIIIIIIIIIIII
IIIIIII2AIIIIIIIIIIIIIIIIIIIIIIIIIIIIIIIIIIIIIIIIIIIIIIIIIIIIIII
III2AII2AIIIIIIIIIIIIIIIIIIIIIIIIIIIIIIIIIIIIIIIIIIIIIIIIIIIIIII
III2AII2AAIIIIIIIIIIIIIIIIIIIIIIIIIIIIIIIIIIIIIIIIIIIIIIIIIIIIII
III2AII2AAAIIIIIIIIIIIIIIIIIIIIIIIIIIIIIIIIIIIIIIIIIIIIIIIIIIIII
III2AII2AAAAIIIIIIIIIIIIIIIIIIIIIIIIIIIIIIIIIIIIIIIIIIIIIIIIIIII
III2A1I2AAAAIIIIIIIIIIIIIIIIIIIIIIIIIIIIIIIIIIIIIIIIIIIIIIIIIIII
IIIAA1I2AAAAIIIIIIIIIIIIIIIIIIIIIIIIIIIIIIIIIIIIIIIIIIIIIIIIIIII
IIIIIIIIIIIIA1IIIIIIIIIIIIIIIIIIIIIIIIIIIIIIIIIIIIIIIIIIIIIIIIII
IIIIIII2AIIIIIIIIIIIIIIIIIIIIIIIIIIIIIIIIIIIIIIIIIIIIIIIIIIIIIII
III2AII2AIIIIIIIIIIIIIIIIIIIIIIIIIIIIIIIIIIIIIIIIIIIIIIIIIIIIIII
III2AII2AAIIIIIIIIIIIIIIIIIIIIIIIIIIIIIIIIIIIIIIIIIIIIIIIIIIIIII
III2AII2AAAIIIIIIIIIIIIIIIIIIIIIIIIIIIIIIIIIIIIIIIIIIIIIIIIIIIII
III2AII2AAAAIIIIIIIIIIIIIIIIIIIIIIIIIIIIIIIIIIIIIIIIIIIIIIIIIIII
III2A1I2AAAAIIIIIIIIIIIIIIIIIIIIIIIIIIIIIIIIIIIIIIIIIIIIIIIIIIII
IIIAA1I2AAAAIIIIIIIIIIIIIIIIIIIIIIIIIIIIIIIIIIIIIIIIIIIIIIIIIIII
IIIIIIIIIIIIA1IIIIIIIIIIIIIIIIIIIIIIIIIIIIIIIIIIIIIIIIIIIIIIIIII
IIIIIII2AIIIIIIIIIIIIIIIIIIIIIIIIIIIIIIIIIIIIIIIIIIIIIIIIIIIIIII
III2AII2AIIIIIIIIIIIIIIIIIIIIIIIIIIIIIIIIIIIIIIIIIIIIIIIIIIIIIII
III2AII2AAIIIIIIIIIIIIIIIIIIIIIIIIIIIIIIIIIIIIIIIIIIIIIIIIIIIIII
III2AII2AAAIIIIIIIIIIIIIIIIIIIIIIIIIIIIIIIIIIIIIIIIIIIIIIIIIIIII
III2AII2AAAAIIIIIIIIIIIIIIIIIIIIIIIIIIIIIIIIIIIIIIIIIIIIIIIIIIII
III2A1I2AAAAIIIIIIIIIIIIIIIIIIIIIIIIIIIIIIIIIIIIIIIIIIIIIIIIIIII
IIIAA1I2AAAAIIIIIIIIIIIIIIIIIIIIIIIIIIIIIIIIIIIIIIIIIIIIIIIIIIII
IIIAA1I2AAAAA1IIIIIIIIIIIIIIIIIIIIIIIIIIIIIIIIIIIIIIIIIIIIIIIIII
IIIIIIIIIII2AIIIIIIIIIIIIIIIIIIIIIIIIIIIIIIIIIIIIIIIIIIIIIIIIIII
IIIIIII2AII2AIIIIIIIIIIIIIIIIIIIIIIIIIIIIIIIIIIIIIIIIIIIIIIIIIII
III2AII2AII2AIIIIIIIIIIIIIIIIIIIIIIIIIIIIIIIIIIIIIIIIIIIIIIIIIII
III2AII2AAI2AIIIIIIIIIIIIIIIIIIIIIIIIIIIIIIIIIIIIIIIIIIIIIIIIIII
III2AII2AAA2AIIIIIIIIIIIIIIIIIIIIIIIIIIIIIIIIIIIIIIIIIIIIIIIIIII
III2AII2AAAAAIIIIIIIIIIIIIIIIIIIIIIIIIIIIIIIIIIIIIIIIIIIIIIIIIII
III2A1I2AAAAAIIIIIIIIIIIIIIIIIIIIIIIIIIIIIIIIIIIIIIIIIIIIIIIIIII
IIIAA1I2AAAAAIIIIIIIIIIIIIIIIIIIIIIIIIIIIIIIIIIIIIIIIIIIIIIIIIII
IIIIIIIIIII2AIIIIIIIIIIIIIIIIIIIIIIIIIIIIIIIIIIIIIIIIIIIIIIIIIII
IIIIIII2AII2AIIIIIIIIIIIIIIIIIIIIIIIIIIIIIIIIIIIIIIIIIIIIIIIIIII
III2AII2AII2AIIIIIIIIIIIIIIIIIIIIIIIIIIIIIIIIIIIIIIIIIIIIIIIIIII
III2AII2AAI2AIIIIIIIIIIIIIIIIIIIIIIIIIIIIIIIIIIIIIIIIIIIIIIIIIII
III2AII2AAA2AIIIIIIIIIIIIIIIIIIIIIIIIIIIIIIIIIIIIIIIIIIIIIIIIIII
III2AII2AAAAAIIIIIIIIIIIIIIIIIIIIIIIIIIIIIIIIIIIIIIIIIIIIIIIIIII
III2A1I2AAAAAIIIIIIIIIIIIIIIIIIIIIIIIIIIIIIIIIIIIIIIIIIIIIIIIIII
IIIAA1I2AAAAAIIIIIIIIIIIIIIIIIIIIIIIIIIIIIIIIIIIIIIIIIIIIIIIIIII
IIIIIIIIIIIIIIIIIIIIIIIIIIIIIIIIIIIIIIIIIIIIIIIA1IIIIIIIIIIIIIII
IIIIIIIIIIIIA1IIIIIIIIIIIIIIIIIIIIIIIIIIIIIIIIIA1IIIIIIIIIIIIIII
IIIIIIIIIIIIA1IIIA1IIIIIIIIIIIIIIIIIIIIIIIIIIIIA1IIIIIIIIIIIIIII
IIIIIIIIAIIIA1IIIA1IIIIIIIIIIIIIIIIIIIIIIIIIIIIA1IIIIIIIIIIIIIII
IIIIAIIIAIIIA1IIIA1IIIIIIIIIIIIIIIIIIIIIIIIIIIIA1IIIIIIIIIIIIIII
IIIIAIIIAAIIA1IIIA1IIIIIIIIIIIIIIIIIIIIIIIIIIIIA1IIIIIIIIIIIIIII
IIIIAIIIAAAIA1IIIA1IIIIIIIIIIIIIIIIIIIIIIIIIIIIA1IIIIIIIIIIIIIII
IIIIAIIIAAAAA1IIIA1IIIIIIIIIIIIIIIIIIIIIIIIIIIIA1IIIIIIIIIIIIIII
IIIAAIIIAAAAA1IIIA1IIIIIIIIIIIIIIIIIIIIIIIIIIIIA1IIIIIIIIIIIIIII
IIIIIIIIIIIIA12IIIIIIIIIIIIIIIIIIIIIIIIIIIIIIIIIIIIIIIIIIIIIIIII
IIIIIIIIA12IA12IIIIIIIIIIIIIIIIIIIIIIIIIIIIIIIIIIIIIIIIIIIIIIIII
IIIIA12IA12IA12IIIIIIIIIIIIIIIIIIIIIIIIIIIIIIIIIIIIIIIIIIIIIIIII
IIIIA12IAA12A12IIIIIIIIIIIIIIIIIIIIIIIIIIIIIIIIIIIIIIIIIIIIIIIII
IIIIA12IAAA1A12IIIIIIIIIIIIIIIIIIIIIIIIIIIIIIIIIIIIIIIIIIIIIIIII
IIIIA12IAAAAA12IIIIIIIIIIIIIIIIIIIIIIIIIIIIIIIIIIIIIIIIIIIIIIIII
IIIAA12IAAAAA12IIIIIIIIIIIIIIIIIIIIIIIIIIIIIIIIIIIIIIIIIIIIIIIII
IIIIIIIIIIIIA12IIIIIIIIIIIIIIIIIIIIIIIIIIIIIIIIIIIIIIIIIIIIIIIII
IIIIIIIIA12IIIIIIIIIIIIIIIIIIIIIIIIIIIIIIIIIIIIIIIIIIIIIIIIIIIII
IIIIA12IA12IIIIIIIIIIIIIIIIIIIIIIIIIIIIIIIIIIIIIIIIIIIIIIIIIIIII
IIIIA12IAA122222IIIIIIIIIIIIIIIIIIIIIIIIIIIIIIIIIIIIIIIIIIIIIIII
IIIIA12IAAA122222IIIIIIIIIIIIIIIIIIIIIIIIIIIIIIIIIIIIIIIIIIIIIII
IIIIA12IAAAA122222IIIIIIIIIIIIIIIIIIIIIIIIIIIIIIIIIIIIIIIIIIIIII
IIIAA12IAAAA122222IIIIIIIIIIIIIIIIIIIIIIIIIIIIIIIIIIIIIIIIIIIIII
IIIAA122AAAA122222IIIIIIIIIIIIIIIIIIIIIIIIIIIIIIIIIIIIIIIIIIIIII
IIIIIIIIIIIIA2IIIIIIIIIIIIIIIIIIIIIIIIIIIIIIIIIIIIIIIIIIIIIIIIII
IIIIIIIIA2IIA2IIIIIIIIIIIIIIIIIIIIIIIIIIIIIIIIIIIIIIIIIIIIIIIIII
IIIIA2IIA2IIA2IIIIIIIIIIIIIIIIIIIIIIIIIIIIIIIIIIIIIIIIIIIIIIIIII
IIIIA2IIAA2IA2IIIIIIIIIIIIIIIIIIIIIIIIIIIIIIIIIIIIIIIIIIIIIIIIII
IIIIA2IIAAA2A2IIIIIIIIIIIIIIIIIIIIIIIIIIIIIIIIIIIIIIIIIIIIIIIIII
IIIIA2IIAAAAA2IIIIIIIIIIIIIIIIIIIIIIIIIIIIIIIIIIIIIIIIIIIIIIIIII
IIIAA2IIAAAAA2IIIIIIIIIIIIIIIIIIIIIIIIIIIIIIIIIIIIIIIIIIIIIIIIII
IIIIIIIIIIIIA1IIIIIIIIIIIIIIIIIIIIIIIIIIIIIIIIIIIIIIIIIIIIIIIIII
IIIIIIIIA1IIA1IIIIIIIIIIIIIIIIIIIIIIIIIIIIIIIIIIIIIIIIIIIIIIIIII
IIIIA1IIA1IIA1IIIIIIIIIIIIIIIIIIIIIIIIIIIIIIIIIIIIIIIIIIIIIIIIII
IIIIA1IIAA1IA1IIIIIIIIIIIIIIIIIIIIIIIIIIIIIIIIIIIIIIIIIIIIIIIIII
IIIIA1IIAAA1A1IIIIIIIIIIIIIIIIIIIIIIIIIIIIIIIIIIIIIIIIIIIIIIIIII
IIIIA1IIAAAAA1IIIIIIIIIIIIIIIIIIIIIIIIIIIIIIIIIIIIIIIIIIIIIIIIII
IIIAA1IIAAAAA1IIIIIIIIIIIIIIIIIIIIIIIIIIIIIIIIIIIIIIIIIIIIIIIIII
IIIIIIIIIIIIA12IIIIIIIIIIIIIIIIIIIIIIIIIIIIIIIIIIIIIIIIIIIIIIIII
IIIIIIIIA12IA12IIIIIIIIIIIIIIIIIIIIIIIIIIIIIIIIIIIIIIIIIIIIIIIII
IIIIA12IA12IA12IIIIIIIIIIIIIIIIIIIIIIIIIIIIIIIIIIIIIIIIIIIIIIIII
IIIIA12IAA12A12IIIIIIIIIIIIIIIIIIIIIIIIIIIIIIIIIIIIIIIIIIIIIIIII
IIIIA12IAAA1A12IIIIIIIIIIIIIIIIIIIIIIIIIIIIIIIIIIIIIIIIIIIIIIIII
IIIIA12IAAAAA12IIIIIIIIIIIIIIIIIIIIIIIIIIIIIIIIIIIIIIIIIIIIIIIII
IIIAA12IAAAAA12IIIIIIIIIIIIIIIIIIIIIIIIIIIIIIIIIIIIIIIIIIIIIIIII
IIIIIIIIA1IIIIIIIIIIIIIIIIIIIIIIIIIIIIIIIIIIIIIIIIIIIIIIIIIIIIII
IIIIA1IIA1IIIIIIIIIIIIIIIIIIIIIIIIIIIIIIIIIIIIIIIIIIIIIIIIIIIIII
IIIIA1IIAA1IIIIIIIIIIIIIIIIIIIIIIIIIIIIIIIIIIIIIIIIIIIIIIIIIIIII
IIIIA1IIAAA1IIIIIIIIIIIIIIIIIIIIIIIIIIIIIIIIIIIIIIIIIIIIIIIIIIII
IIIIA1IIAAAA1IIIIIIIIIIIIIIIIIIIIIIIIIIIIIIIIIIIIIIIIIIIIIIIIIII
IIIAA1IIAAAA1IIIIIIIIIIIIIIIIIIIIIIIIIIIIIIIIIIIIIIIIIIIIIIIIIII
IIIIIIIIIIIIA1IIIIIIIIIIIIIIIIIIIIIIIIIIIIIIIIIIIIIIIIIIIIIIIIII
IIIIIIIIAIIIIIIIIIIIIIIIIIIIIIIIIIIIIIIIIIIIIIIIIIIIIIIIIIIIIIII
IIIIAIIIAIIIIIIIIIIIIIIIIIIIIIIIIIIIIIIIIIIIIIIIIIIIIIIIIIIIIIII
IIIIAIIIAAIIIIIIIIIIIIIIIIIIIIIIIIIIIIIIIIIIIIIIIIIIIIIIIIIIIIII
IIIIAIIIAAAIIIIIIIIIIIIIIIIIIIIIIIIIIIIIIIIIIIIIIIIIIIIIIIIIIIII
IIIIAIIIAAAAIIIIIIIIIIIIIIIIIIIIIIIIIIIIIIIIIIIIIIIIIIIIIIIIIIII
IIIAAIIIAAAAIIIIIIIIIIIIIIIIIIIIIIIIIIIIIIIIIIIIIIIIIIIIIIIIIIII
IIIIIIIIIIIIA2IIIIIIIIIIIIIIIIIIIIIIIIIIIIIIIIIIIIIIIIIIIIIIIIII
IIIIAIIIIIIIIIIIIIIIIIIIIIIIIIIIIIIIIIIIIIIIIIIIIIIIIIIIIIIIIIII
IIIIAIIIIAIIIIIIIIIIIIIIIIIIIIIIIIIIIIIIIIIIIIIIIIIIIIIIIIIIIIII
IIIAAIIIIAIIIIIIIIIIIIIIIIIIIIIIIIIIIIIIIIIIIIIIIIIIIIIIIIIIIIII
IIIAAIIIIAIIAIIIIIIIIIIIIIIIIIIIIIIIIIIIIIIIIIIIIIIIIIIIIIIIIIII
IIIIIIIIIIIIA2IIIIIIIIIIIIIIIIIIIIIIIIIIIIIIIIIIIIIIIIIIIIIIIIII
IIIIIIIIA2IIA2IIIIIIIIIIIIIIIIIIIIIIIIIIIIIIIIIIIIIIIIIIIIIIIIII
IIIIA2IIA2IIA2IIIIIIIIIIIIIIIIIIIIIIIIIIIIIIIIIIIIIIIIIIIIIIIIII
IIIIA2IIAA2IA2IIIIIIIIIIIIIIIIIIIIIIIIIIIIIIIIIIIIIIIIIIIIIIIIII
IIIIA2IIAAA2A2IIIIIIIIIIIIIIIIIIIIIIIIIIIIIIIIIIIIIIIIIIIIIIIIII
IIIIA2IIAAAAA2IIIIIIIIIIIIIIIIIIIIIIIIIIIIIIIIIIIIIIIIIIIIIIIIII
IIIIA1IIAAAAA2IIIIIIIIIIIIIIIIIIIIIIIIIIIIIIIIIIIIIIIIIIIIIIIIII
IIIAA1IIAAAAA2IIIIIIIIIIIIIIIIIIIIIIIIIIIIIIIIIIIIIIIIIIIIIIIIII
IIIIIIIIIII2AIIIIIIIIIIIIIIIIIIIIIIIIIIIIIIIIIIIIIIIIIIIIIIIIIII
IIIIIIIIIIIIA1IIIIIIIIIIIIIIIIIIIIIIIIIIIIIIIIIIIIIIIIIIIIIIIIII
IIIIIIIIA1IIA1IIIIIIIIIIIIIIIIIIIIIIIIIIIIIIIIIIIIIIIIIIIIIIIIII
IIIIA1IIA1IIA1IIIIIIIIIIIIIIIIIIIIIIIIIIIIIIIIIIIIIIIIIIIIIIIIII
IIIIA1IIAA1IA1IIIIIIIIIIIIIIIIIIIIIIIIIIIIIIIIIIIIIIIIIIIIIIIIII
IIIIA1IIAAA1A1IIIIIIIIIIIIIIIIIIIIIIIIIIIIIIIIIIIIIIIIIIIIIIIIII
IIIIA1IIAAAAA1IIIIIIIIIIIIIIIIIIIIIIIIIIIIIIIIIIIIIIIIIIIIIIIIII
IIIIIIIIIAIIIIIIIIIIIIIIIIIIIIIIIIIIIIIIIIIIIIIIIIIIIIIIIIIIIIII
IIIIAIIIIAIIIIIIIIIIIIIIIIIIIIIIIIIIIIIIIIIIIIIIIIIIIIIIIIIIIIII
IIIAAIIIIAIIIIIIIIIIIIIIIIIIIIIIIIIIIIIIIIIIIIIIIIIIIIIIIIIIIIII
IIIAAIIIAAIIIIIIIIIIIIIIIIIIIIIIIIIIIIIIIIIIIIIIIIIIIIIIIIIIIIII
IIIAAIIIAA2IIIIIIIIIIIIIIIIIIIIIIIIIIIIIIIIIIIIIIIIIIIIIIIIIIIII
IIIAAIIIAAA2IIIIIIIIIIIIIIIIIIIIIIIIIIIIIIIIIIIIIIIIIIIIIIIIIIII
IIIAAIIIAAAA2IIIIIIIIIIIIIIIIIIIIIIIIIIIIIIIIIIIIIIIIIIIIIIIIIII
IIIAA2IIAAAA2IIIIIIIIIIIIIIIIIIIIIIIIIIIIIIIIIIIIIIIIIIIIIIIIIII
IIIIIIIIIIIIA12IIIIIIIIIIIIIIIIIIIIIIIIIIIIIIIIIIIIIIIIIIIIIIIII
IIIIIIIIAIIIIIIIIIIIIIIIIIIIIIIIIIIIIIIIIIIIIIIIIIIIIIIIIIIIIIII
IIIIAIIIAIIIIIIIIIIIIIIIIIIIIIIIIIIIIIIIIIIIIIIIIIIIIIIIIIIIIIII
IIIIAIIIAAIIIIIIIIIIIIIIIIIIIIIIIIIIIIIIIIIIIIIIIIIIIIIIIIIIIIII
IIIIAIIIAAAIIIIIIIIIIIIIIIIIIIIIIIIIIIIIIIIIIIIIIIIIIIIIIIIIIIII
IIIIAIIIAAAAIIIIIIIIIIIIIIIIIIIIIIIIIIIIIIIIIIIIIIIIIIIIIIIIIIII
IIIAAIIIAAAAIIIIIIIIIIIIIIIIIIIIIIIIIIIIIIIIIIIIIIIIIIIIIIIIIIII
IIIIIIIIIIIIAIIIIIIIIIIIIIIIIIIIIIIIIIIIIIIIIIIIIIIIIIIIIIIIIIII
IIIIIIIIIIIIAIIIIIIIIIIIIIIIIIIIIIIIIIIIIIIIIIIAIIIIIIIIIIIIIIII
IIIIIIIIIIIIAIIIIAIIIIIIIIIIIIIIIIIIIIIIIIIIIIIAIIIIIIIIIIIIIIII
IIIIIIIIIIIIIIIIIIIIIIIIIIIIIIIIIIIIIIIIIIIIIIIAIIIIIIIIIIIIIIII
IIIIIIIIIIIIIIIIIAIIIIIIIIIIIIIIIIIIIIIIIIIIIIIAIIIIIIIIIIIIIIII
IIIIIIIIIIIIIIIIIAIIIIIIIIIIIIIIIIIIIIIIIIIIIIIA1IIIIIIIIIIIIIII
IIIIIIIIIIIIIIIIIA1IIIIIIIIIIIIIIIIIIIIIIIIIIIIA1IIIIIIIIIIIIIII
IIIIIIIIA1IIIIIIIA1IIIIIIIIIIIIIIIIIIIIIIIIIIIIA1IIIIIIIIIIIIIII
IIIIA1IIA1IIIIIIIA1IIIIIIIIIIIIIIIIIIIIIIIIIIIIA1IIIIIIIIIIIIIII
IIIIA1IIAA1IIIIIIA1IIIIIIIIIIIIIIIIIIIIIIIIIIIIA1IIIIIIIIIIIIIII
IIIIA1IIAAA1IIIIIA1IIIIIIIIIIIIIIIIIIIIIIIIIIIIA1IIIIIIIIIIIIIII
IIIIA1IIAAAA1IIIIA1IIIIIIIIIIIIIIIIIIIIIIIIIIIIA1IIIIIIIIIIIIIII
IIIAA1IIAAAA1IIIIA1IIIIIIIIIIIIIIIIIIIIIIIIIIIIA1IIIIIIIIIIIIIII
IIIIIIIIIIIIIIIIIIIIIIIIIIIIIIIIIIIIIIIIIIIIIIIA1IIIIIIIIIIIIIII
IIIIIIIIIIIIIIIIIA1IIIIIIIIIIIIIIIIIIIIIIIIIIIIA1IIIIIIIIIIIIIII
IIIIIIIIIIIIA1IIIA1IIIIIIIIIIIIIIIIIIIIIIIIIIIIA1IIIIIIIIIIIIIII
IIIIIIIIA1IIA1IIIA1IIIIIIIIIIIIIIIIIIIIIIIIIIIIA1IIIIIIIIIIIIIII
IIIIA1IIA1IIA1IIIA1IIIIIIIIIIIIIIIIIIIIIIIIIIIIA1IIIIIIIIIIIIIII
IIIIA1IIAA1IA1IIIA1IIIIIIIIIIIIIIIIIIIIIIIIIIIIA1IIIIIIIIIIIIIII
IIIIA1IIAAA1A1IIIA1IIIIIIIIIIIIIIIIIIIIIIIIIIIIA1IIIIIIIIIIIIIII
IIIIA1IIAAAAA1IIIA1IIIIIIIIIIIIIIIIIIIIIIIIIIIIA1IIIIIIIIIIIIIII
IIIAA1IIAAAAA1IIIA1IIIIIIIIIIIIIIIIIIIIIIIIIIIIA1IIIIIIIIIIIIIII
IIIIIIIIIIIIIIIIIIIIIIIIIIIIIIIIIIIIIIIIIIIIII2AIIIIIIIIIIIIIIII
IIIIIIIIIIIIIIII2AIIIIIIIIIIIIIIIIIIIIIIIIIIII2AIIIIIIIIIIIIIIII
IIIIIII2AIIIIIII2AIIIIIIIIIIIIIIIIIIIIIIIIIIII2AIIIIIIIIIIIIIIII
III2AII2AIIIIIII2AIIIIIIIIIIIIIIIIIIIIIIIIIIII2AIIIIIIIIIIIIIIII
III2AII2AAIIIIII2AIIIIIIIIIIIIIIIIIIIIIIIIIIII2AIIIIIIIIIIIIIIII
III2AII2AAAIIIII2AIIIIIIIIIIIIIIIIIIIIIIIIIIII2AIIIIIIIIIIIIIIII
III2AII2AAAAIIII2AIIIIIIIIIIIIIIIIIIIIIIIIIIII2AIIIIIIIIIIIIIIII
II2AAII2AAAAIIII2AIIIIIIIIIIIIIIIIIIIIIIIIIIII2AIIIIIIIIIIIIIIII
IIIIIIIIIIIIA1IIIIIIIIIIIIIIIIIIIIIIIIIIIIIIIIIIIIIIIIIIIIIIIIII
IIIIIIIIA1IIIIIIIIIIIIIIIIIIIIIIIIIIIIIIIIIIIIIIIIIIIIIIIIIIIIII
IIIIA1IIA1IIIIIIIIIIIIIIIIIIIIIIIIIIIIIIIIIIIIIIIIIIIIIIIIIIIIII
IIIIA1IIAAIIIIIIIIIIIIIIIIIIIIIIIIIIIIIIIIIIIIIIIIIIIIIIIIIIIIII
IIIIA1IIAAAIIIIIIIIIIIIIIIIIIIIIIIIIIIIIIIIIIIIIIIIIIIIIIIIIIIII
IIIIA1IIAAAAIIIIIIIIIIIIIIIIIIIIIIIIIIIIIIIIIIIIIIIIIIIIIIIIIIII
IIIAA1IIAAAAIIIIIIIIIIIIIIIIIIIIIIIIIIIIIIIIIIIIIIIIIIIIIIIIIIII
IIIIIIIIIIIIA12IIIIIIIIIIIIIIIIIIIIIIIIIIIIIIIIIIIIIIIIIIIIIIIII
IIIIIIIIA12IIIIIIIIIIIIIIIIIIIIIIIIIIIIIIIIIIIIIIIIIIIIIIIIIIIII
IIIIA12IA12IIIIIIIIIIIIIIIIIIIIIIIIIIIIIIIIIIIIIIIIIIIIIIIIIIIII
IIIIA12IAA12IIIIIIIIIIIIIIIIIIIIIIIIIIIIIIIIIIIIIIIIIIIIIIIIIIII
IIIIA12IAAA12IIIIIIIIIIIIIIIIIIIIIIIIIIIIIIIIIIIIIIIIIIIIIIIIIII
IIIIA12IAAAA12IIIIIIIIIIIIIIIIIIIIIIIIIIIIIIIIIIIIIIIIIIIIIIIIII
IIIIIIIIIAIIIIIIIIIIIIIIIIIIIIIIIIIIIIIIIIIIIIIIIIIIIIIIIIIIIIII
IIIIAIIIIAIIIIIIIIIIIIIIIIIIIIIIIIIIIIIIIIIIIIIIIIIIIIIIIIIIIIII
IIIAAIIIIAIIIIIIIIIIIIIIIIIIIIIIIIIIIIIIIIIIIIIIIIIIIIIIIIIIIIII
IIIAAIIIAAIIIIIIIIIIIIIIIIIIIIIIIIIIIIIIIIIIIIIIIIIIIIIIIIIIIIII
IIIAAIIIAAAIIIIIIIIIIIIIIIIIIIIIIIIIIIIIIIIIIIIIIIIIIIIIIIIIIIII
IIIAAIIIAAAAIIIIIIIIIIIIIIIIIIIIIIIIIIIIIIIIIIIIIIIIIIIIIIIIIIII
IIIAA1IIAAAAIIIIIIIIIIIIIIIIIIIIIIIIIIIIIIIIIIIIIIIIIIIIIIIIIIII
IIIAA1IIAAAA1IIIIIIIIIIIIIIIIIIIIIIIIIIIIIIIIIIIIIIIIIIIIIIIIIII
IIIIIIIIIIIIIIIIIIIIIIIIIIIIIIIIIIIIIIIIIIIIIIIA1IIIIIIIIIIIIIII
IIIIIIIIIIIIA1IIIIIIIIIIIIIIIIIIIIIIIIIIIIIIIIIA1IIIIIIIIIIIIIII
IIIIIIIIIIIIA1IIIA1IIIIIIIIIIIIIIIIIIIIIIIIIIIIA1IIIIIIIIIIIIIII
IIIIIIIIAIIIA1IIIA1IIIIIIIIIIIIIIIIIIIIIIIIIIIIA1IIIIIIIIIIIIIII
IIIIAIIIAIIIA1IIIA1IIIIIIIIIIIIIIIIIIIIIIIIIIIIA1IIIIIIIIIIIIIII
IIIIAIIIAAIIA1IIIA1IIIIIIIIIIIIIIIIIIIIIIIIIIIIA1IIIIIIIIIIIIIII
IIIIAIIIAAAIA1IIIA1IIIIIIIIIIIIIIIIIIIIIIIIIIIIA1IIIIIIIIIIIIIII
IIIIAIIIAAAAA1IIIA1IIIIIIIIIIIIIIIIIIIIIIIIIIIIA1IIIIIIIIIIIIIII
IIIAAIIIAAAAA1IIIA1IIIIIIIIIIIIIIIIIIIIIIIIIIIIA1IIIIIIIIIIIIIII
IIIIIIIIIIIIIIIIIIIIIIIIIIIIIIIIIIIIIIIIIIIIIIIAIIIIIIIIIIIIIIII
IIIIIIIIIIIIIIIIIAIIIIIIIIIIIIIIIIIIIIIIIIIIIIIAIIIIIIIIIIIIIIII
IIIIIIIIIIIIIIIIIAIIIIIIIIIIIIIIIIIIIIIIIIIIIIIA1IIIIIIIIIIIIIII
IIIIIIIIIIIIIIIIIA1IIIIIIIIIIIIIIIIIIIIIIIIIIIIA1IIIIIIIIIIIIIII
IIIIIIIIA1IIIIIIIA1IIIIIIIIIIIIIIIIIIIIIIIIIIIIA1IIIIIIIIIIIIIII
IIIIA1IIA1IIIIIIIA1IIIIIIIIIIIIIIIIIIIIIIIIIIIIA1IIIIIIIIIIIIIII
IIIIA1IIAA1IIIIIIA1IIIIIIIIIIIIIIIIIIIIIIIIIIIIA1IIIIIIIIIIIIIII
IIIIA1IIAAA1IIIIIA1IIIIIIIIIIIIIIIIIIIIIIIIIIIIA1IIIIIIIIIIIIIII
IIIIA1IIAAAA1IIIIA1IIIIIIIIIIIIIIIIIIIIIIIIIIIIA1IIIIIIIIIIIIIII
IIIAA1IIAAAA1IIIIA1IIIIIIIIIIIIIIIIIIIIIIIIIIIIA1IIIIIIIIIIIIIII
IIIAA1IIAAAAA1IIIA1IIIIIIIIIIIIIIIIIIIIIIIIIIIIA1IIIIIIIIIIIIIII
IIIIIIIIIIIIAIIIIIIIIIIIIIIIIIIIIIIIIIIIIIIIIIIIIIIIIIIIIIIIIIII
IIIIIIIIIIIIA1IIIIIIIIIIIIIIIIIIIIIIIIIIIIIIIIIIIIIIIIIIIIIIIIII
IIIIIIIIAIIIA1IIIIIIIIIIIIIIIIIIIIIIIIIIIIIIIIIIIIIIIIIIIIIIIIII
IIIIAIIIAIIIA1IIIIIIIIIIIIIIIIIIIIIIIIIIIIIIIIIIIIIIIIIIIIIIIIII
IIIIAIIIAAIIA1IIIIIIIIIIIIIIIIIIIIIIIIIIIIIIIIIIIIIIIIIIIIIIIIII
IIIIAIIIAAAIA1IIIIIIIIIIIIIIIIIIIIIIIIIIIIIIIIIIIIIIIIIIIIIIIIII
IIIIAIIIAAAAA1IIIIIIIIIIIIIIIIIIIIIIIIIIIIIIIIIIIIIIIIIIIIIIIIII
IIIAAIIIAAAAA1IIIIIIIIIIIIIIIIIIIIIIIIIIIIIIIIIIIIIIIIIIIIIIIIII
IIIIIIIIIIIIA1IIIIIIIIIIIIIIIIIIIIIIIIIIIIIIIIIIIIIIIIIIIIIIIIII
IIIIIIIIAIIIIIIIIIIIIIIIIIIIIIIIIIIIIIIIIIIIIIIIIIIIIIIIIIIIIIII
IIIIAIIIAIIIIIIIIIIIIIIIIIIIIIIIIIIIIIIIIIIIIIIIIIIIIIIIIIIIIIII
IIIIAIIIAAIIIIIIIIIIIIIIIIIIIIIIIIIIIIIIIIIIIIIIIIIIIIIIIIIIIIII
IIIIAIIIAAAIIIIIIIIIIIIIIIIIIIIIIIIIIIIIIIIIIIIIIIIIIIIIIIIIIIII
IIIIAIIIAAAAIIIIIIIIIIIIIIIIIIIIIIIIIIIIIIIIIIIIIIIIIIIIIIIIIIII
IIIAAIIIAAAAIIIIIIIIIIIIIIIIIIIIIIIIIIIIIIIIIIIIIIIIIIIIIIIIIIII
IIIIIIIIIIIIIIIIIIIIIIIIIIIIIIIIIIIIIIIIIIIIIIIA2IIIIIIIIIIIIIII
IIIIIIIIIIIIIIIIIA2IIIIIIIIIIIIIIIIIIIIIIIIIIIIA2IIIIIIIIIIIIIII
IIIIIIIIIIIIA2IIIA2IIIIIIIIIIIIIIIIIIIIIIIIIIIIA2IIIIIIIIIIIIIII
IIIIIIIIA2IIA2IIIA2IIIIIIIIIIIIIIIIIIIIIIIIIIIIA2IIIIIIIIIIIIIII
IIIIA2IIA2IIA2IIIA2IIIIIIIIIIIIIIIIIIIIIIIIIIIIA2IIIIIIIIIIIIIII
IIIIA2IIAA2IA2IIIA2IIIIIIIIIIIIIIIIIIIIIIIIIIIIA2IIIIIIIIIIIIIII
IIIIA2IIAAA2A2IIIA2IIIIIIIIIIIIIIIIIIIIIIIIIIIIA2IIIIIIIIIIIIIII
IIIIA2IIAAAAA2IIIA2IIIIIIIIIIIIIIIIIIIIIIIIIIIIA2IIIIIIIIIIIIIII
IIIAA2IIAAAAA2IIIA2IIIIIIIIIIIIIIIIIIIIIIIIIIIIA2IIIIIIIIIIIIIII
IIIIIIIIIIIIIIIIIIIIIIIIIIIIIIIIIIIIIIIIIIIIIIIA1IIIIIIIIIIIIIII
IIIIIIIIIIIIIIIIIA1IIIIIIIIIIIIIIIIIIIIIIIIIIIIA1IIIIIIIIIIIIIII
IIIIIIIIA1IIIIIIIA1IIIIIIIIIIIIIIIIIIIIIIIIIIIIA1IIIIIIIIIIIIIII
IIIIA1IIA1IIIIIIIA1IIIIIIIIIIIIIIIIIIIIIIIIIIIIA1IIIIIIIIIIIIIII
IIIIA1IIAA1IIIIIIA1IIIIIIIIIIIIIIIIIIIIIIIIIIIIA1IIIIIIIIIIIIIII
IIIIA1IIAAA1IIIIIA1IIIIIIIIIIIIIIIIIIIIIIIIIIIIA1IIIIIIIIIIIIIII
IIIIA1IIAAAA1IIIIA1IIIIIIIIIIIIIIIIIIIIIIIIIIIIA1IIIIIIIIIIIIIII
IIIAA1IIAAAA1IIIIA1IIIIIIIIIIIIIIIIIIIIIIIIIIIIA1IIIIIIIIIIIIIII
IIIIIIIIIIIIIIIIIIIIIIIIIIIIIIIIIIIIIIIIIIIIIIIA1IIIIIIIIIIIIIII
IIIIIIIIIIIIIIIIIA1IIIIIIIIIIIIIIIIIIIIIIIIIIIIA1IIIIIIIIIIIIIII
IIIIIIIIIIIIA1IIIA1IIIIIIIIIIIIIIIIIIIIIIIIIIIIA1IIIIIIIIIIIIIII
IIIIIIIIA2IIA1IIIA1IIIIIIIIIIIIIIIIIIIIIIIIIIIIA1IIIIIIIIIIIIIII
IIIIA2IIA2IIA1IIIA1IIIIIIIIIIIIIIIIIIIIIIIIIIIIA1IIIIIIIIIIIIIII
IIIIA2IIAA2IA1IIIA1IIIIIIIIIIIIIIIIIIIIIIIIIIIIA1IIIIIIIIIIIIIII
IIIIA2IIAAA2A1IIIA1IIIIIIIIIIIIIIIIIIIIIIIIIIIIA1IIIIIIIIIIIIIII
IIIIA2IIAAAAA1IIIA1IIIIIIIIIIIIIIIIIIIIIIIIIIIIA1IIIIIIIIIIIIIII
IIIAA2IIAAAAA1IIIA1IIIIIIIIIIIIIIIIIIIIIIIIIIIIA1IIIIIIIIIIIIIII
IIIIIIIIIIIIIIIIIIIIIIIIIIIIIIIIIIIIIIIIIIIIIIIA2IIIIIIIIIIIIIII
IIIIIIIIIIIIIIIIIA2IIIIIIIIIIIIIIIIIIIIIIIIIIIIA2IIIIIIIIIIIIIII
IIIIIIIIIIIIIIIIIA1IIIIIIIIIIIIIIIIIIIIIIIIIIIIA2IIIIIIIIIIIIIII
IIIIIIIIA1IIIIIIIA1IIIIIIIIIIIIIIIIIIIIIIIIIIIIA2IIIIIIIIIIIIIII
IIIIA1IIA1IIIIIIIA1IIIIIIIIIIIIIIIIIIIIIIIIIIIIA2IIIIIIIIIIIIIII
IIIIA1IIAA1IIIIIIA1IIIIIIIIIIIIIIIIIIIIIIIIIIIIA2IIIIIIIIIIIIIII
IIIIA1IIAAA1IIIIIA1IIIIIIIIIIIIIIIIIIIIIIIIIIIIA2IIIIIIIIIIIIIII
IIIIA1IIAAAA1IIIIA1IIIIIIIIIIIIIIIIIIIIIIIIIIIIA2IIIIIIIIIIIIIII
IIIIIIIIIIIIIIIIIIIIIIIIIIIIIIIIIIIIIIIIIIIIIIIA1IIIIIIIIIIIIIII
IIIIIIIIIIIIA1IIIIIIIIIIIIIIIIIIIIIIIIIIIIIIIIIA1IIIIIIIIIIIIIII
IIIIIIIIIIIIA1IIIA1IIIIIIIIIIIIIIIIIIIIIIIIIIIIA1IIIIIIIIIIIIIII
IIIIIIIIAIIIA1IIIA1IIIIIIIIIIIIIIIIIIIIIIIIIIIIA1IIIIIIIIIIIIIII
IIIIAIIIAIIIA1IIIA1IIIIIIIIIIIIIIIIIIIIIIIIIIIIA1IIIIIIIIIIIIIII
IIIIAIIIAAIIA1IIIA1IIIIIIIIIIIIIIIIIIIIIIIIIIIIA1IIIIIIIIIIIIIII
IIIIAIIIAAAIA1IIIA1IIIIIIIIIIIIIIIIIIIIIIIIIIIIA1IIIIIIIIIIIIIII
IIIIAIIIAAAAA1IIIA1IIIIIIIIIIIIIIIIIIIIIIIIIIIIA1IIIIIIIIIIIIIII
IIIAAIIIAAAAA1IIIA1IIIIIIIIIIIIIIIIIIIIIIIIIIIIA1IIIIIIIIIIIIIII
IIIIIIIIIIIIAIIIIIIIIIIIIIIIIIIIIIIIIIIIIIIIIIIIIIIIIIIIIIIIIIII
IIIIIIIIIIIIA2IIIIIIIIIIIIIIIIIIIIIIIIIIIIIIIIIIIIIIIIIIIIIIIIII
IIIIIIIIIA2IA2IIIIIIIIIIIIIIIIIIIIIIIIIIIIIIIIIIIIIIIIIIIIIIIIII
IIIIA2IIIA2IA2IIIIIIIIIIIIIIIIIIIIIIIIIIIIIIIIIIIIIIIIIIIIIIIIII
IIIAA2IIIA2IA2IIIIIIIIIIIIIIIIIIIIIIIIIIIIIIIIIIIIIIIIIIIIIIIIII
IIIIIIIIIIIIAIIIIIIIIIIIIIIIIIIIIIIIIIIIIIIIIIIIIIIIIIIIIIIIIIII
IIIIIIIIIIIIA1IIIIIIIIIIIIIIIIIIIIIIIIIIIIIIIIIIIIIIIIIIIIIIIIII
IIIIIIIIAIIIIIIIIIIIIIIIIIIIIIIIIIIIIIIIIIIIIIIIIIIIIIIIIIIIIIII
IIIIAIIIAIIIIIIIIIIIIIIIIIIIIIIIIIIIIIIIIIIIIIIIIIIIIIIIIIIIIIII
IIIIAIIIAAIIIIIIIIIIIIIIIIIIIIIIIIIIIIIIIIIIIIIIIIIIIIIIIIIIIIII
IIIIAIIIAAAIIIIIIIIIIIIIIIIIIIIIIIIIIIIIIIIIIIIIIIIIIIIIIIIIIIII
IIIIAIIIAAAAIIIIIIIIIIIIIIIIIIIIIIIIIIIIIIIIIIIIIIIIIIIIIIIIIIII
IIIAAIIIAAAAIIIIIIIIIIIIIIIIIIIIIIIIIIIIIIIIIIIIIIIIIIIIIIIIIIII
IIIIIIIIIIIIA2IIIIIIIIIIIIIIIIIIIIIIIIIIIIIIIIIIIIIIIIIIIIIIIIII
IIIIIIIIIIIIA1IIIIIIIIIIIIIIIIIIIIIIIIIIIIIIIIIIIIIIIIIIIIIIIIII
IIIIIIIIA1IIA1IIIIIIIIIIIIIIIIIIIIIIIIIIIIIIIIIIIIIIIIIIIIIIIIII
IIIIA1IIA1IIA1IIIIIIIIIIIIIIIIIIIIIIIIIIIIIIIIIIIIIIIIIIIIIIIIII
IIIIA1IIAA1IA1IIIIIIIIIIIIIIIIIIIIIIIIIIIIIIIIIIIIIIIIIIIIIIIIII
IIIIA1IIAAA1A1IIIIIIIIIIIIIIIIIIIIIIIIIIIIIIIIIIIIIIIIIIIIIIIIII
IIIIA1IIAAAAA1IIIIIIIIIIIIIIIIIIIIIIIIIIIIIIIIIIIIIIIIIIIIIIIIII
IIIAA1IIAAAAA1IIIIIIIIIIIIIIIIIIIIIIIIIIIIIIIIIIIIIIIIIIIIIIIIII
IIIIIIIIIIIIA1IIIIIIIIIIIIIIIIIIIIIIIIIIIIIIIIIIIIIIIIIIIIIIIIII
IIIIIIIIIIIIAIIIIIIIIIIIIIIIIIIIIIIIIIIIIIIIIIIIIIIIIIIIIIIIIIII
IIIIIIIIAIIIIIIIIIIIIIIIIIIIIIIIIIIIIIIIIIIIIIIIIIIIIIIIIIIIIIII
IIIIAIIIAIIIIIIIIIIIIIIIIIIIIIIIIIIIIIIIIIIIIIIIIIIIIIIIIIIIIIII
IIIIAIIIAAIIIIIIIIIIIIIIIIIIIIIIIIIIIIIIIIIIIIIIIIIIIIIIIIIIIIII
IIIIAIIIAAAIIIIIIIIIIIIIIIIIIIIIIIIIIIIIIIIIIIIIIIIIIIIIIIIIIIII
IIIIAIIIAAAAIIIIIIIIIIIIIIIIIIIIIIIIIIIIIIIIIIIIIIIIIIIIIIIIIIII
IIIIAIIIAAAAAIIIIIIIIIIIIIIIIIIIIIIIIIIIIIIIIIIIIIIIIIIIIIIIIIII
IIIIA1IIAAAAAIIIIIIIIIIIIIIIIIIIIIIIIIIIIIIIIIIIIIIIIIIIIIIIIIII
IIIAA1IIAAAAAIIIIIIIIIIIIIIIIIIIIIIIIIIIIIIIIIIIIIIIIIIIIIIIIIII
IIIIIIIIIIIIA2IIIIIIIIIIIIIIIIIIIIIIIIIIIIIIIIIIIIIIIIIIIIIIIIII
IIIIIIIIA1IIIIIIIIIIIIIIIIIIIIIIIIIIIIIIIIIIIIIIIIIIIIIIIIIIIIII
IIIIA1IIA1IIIIIIIIIIIIIIIIIIIIIIIIIIIIIIIIIIIIIIIIIIIIIIIIIIIIII
IIIIA1IIAA1IIIIIIIIIIIIIIIIIIIIIIIIIIIIIIIIIIIIIIIIIIIIIIIIIIIII
IIIIA1IIAAA1IIIIIIIIIIIIIIIIIIIIIIIIIIIIIIIIIIIIIIIIIIIIIIIIIIII
IIIIA1IIAAAA1IIIIIIIIIIIIIIIIIIIIIIIIIIIIIIIIIIIIIIIIIIIIIIIIIII
IIIAA1IIAAAA1IIIIIIIIIIIIIIIIIIIIIIIIIIIIIIIIIIIIIIIIIIIIIIIIIII
IIIIIIIIIIIIA1IIIIIIIIIIIIIIIIIIIIIIIIIIIIIIIIIIIIIIIIIIIIIIIIII
IIIIIIII2AIIIIIIIIIIIIIIIIIIIIIIIIIIIIIIIIIIIIIIIIIIIIIIIIIIIIII
III2AIII2AIIIIIIIIIIIIIIIIIIIIIIIIIIIIIIIIIIIIIIIIIIIIIIIIIIIIII
IIIAAIII2AIIIIIIIIIIIIIIIIIIIIIIIIIIIIIIIIIIIIIIIIIIIIIIIIIIIIII
IIIIIIIIIIIIA1IIIIIIIIIIIIIIIIIIIIIIIIIIIIIIIIIIIIIIIIIIIIIIIIII
IIIIIIII2AIIIIIIIIIIIIIIIIIIIIIIIIIIIIIIIIIIIIIIIIIIIIIIIIIIIIII
III2AIII2AIIIIIIIIIIIIIIIIIIIIIIIIIIIIIIIIIIIIIIIIIIIIIIIIIIIIII
II2AAIII2AIIIIIIIIIIIIIIIIIIIIIIIIIIIIIIIIIIIIIIIIIIIIIIIIIIIIII
IIIIIIIIIIIIA1IIIIIIIIIIIIIIIIIIIIIIIIIIIIIIIIIIIIIIIIIIIIIIIIII
IIIIIIIIA1IIIIIIIIIIIIIIIIIIIIIIIIIIIIIIIIIIIIIIIIIIIIIIIIIIIIII
IIIIA1IIA1IIIIIIIIIIIIIIIIIIIIIIIIIIIIIIIIIIIIIIIIIIIIIIIIIIIIII
IIIIA1IIAA1IIIIIIIIIIIIIIIIIIIIIIIIIIIIIIIIIIIIIIIIIIIIIIIIIIIII
IIIIA1IIAAA1IIIIIIIIIIIIIIIIIIIIIIIIIIIIIIIIIIIIIIIIIIIIIIIIIIII
IIIIA1IIAAAA1IIIIIIIIIIIIIIIIIIIIIIIIIIIIIIIIIIIIIIIIIIIIIIIIIII
IIIAA1IIAAAA1IIIIIIIIIIIIIIIIIIIIIIIIIIIIIIIIIIIIIIIIIIIIIIIIIII
IIIAA1IIAAAAAIIIIIIIIIIIIIIIIIIIIIIIIIIIIIIIIIIIIIIIIIIIIIIIIIII
IIIIIIIIIIIIA2IIIIIIIIIIIIIIIIIIIIIIIIIIIIIIIIIIIIIIIIIIIIIIIIII
IIIIIIIIIIIIA1IIIIIIIIIIIIIIIIIIIIIIIIIIIIIIIIIIIIIIIIIIIIIIIIII
IIIIIIIIA1IIA1IIIIIIIIIIIIIIIIIIIIIIIIIIIIIIIIIIIIIIIIIIIIIIIIII
IIIIA1IIA1IIA1IIIIIIIIIIIIIIIIIIIIIIIIIIIIIIIIIIIIIIIIIIIIIIIIII
IIIIA1IIAA1IA1IIIIIIIIIIIIIIIIIIIIIIIIIIIIIIIIIIIIIIIIIIIIIIIIII
IIIIA1IIAAA1A1IIIIIIIIIIIIIIIIIIIIIIIIIIIIIIIIIIIIIIIIIIIIIIIIII
IIIIA1IIAAAAA1IIIIIIIIIIIIIIIIIIIIIIIIIIIIIIIIIIIIIIIIIIIIIIIIII
IIIAA1IIAAAAA1IIIIIIIIIIIIIIIIIIIIIIIIIIIIIIIIIIIIIIIIIIIIIIIIII
IIIIIIIIIIIIAIIIIIIIIIIIIIIIIIIIIIIIIIIIIIIIIIIIIIIIIIIIIIIIIIII
IIIIIIIIA1IIIIIIIIIIIIIIIIIIIIIIIIIIIIIIIIIIIIIIIIIIIIIIIIIIIIII
IIIIA1IIA1IIIIIIIIIIIIIIIIIIIIIIIIIIIIIIIIIIIIIIIIIIIIIIIIIIIIII
IIIIA1IIAA1IIIIIIIIIIIIIIIIIIIIIIIIIIIIIIIIIIIIIIIIIIIIIIIIIIIII
IIIIA1IIAAA1IIIIIIIIIIIIIIIIIIIIIIIIIIIIIIIIIIIIIIIIIIIIIIIIIIII
IIIIA1IIAAAA1IIIIIIIIIIIIIIIIIIIIIIIIIIIIIIIIIIIIIIIIIIIIIIIIIII
IIIAA1IIAAAA1IIIIIIIIIIIIIIIIIIIIIIIIIIIIIIIIIIIIIIIIIIIIIIIIIII
IIIAA1IIAAAAA1IIIIIIIIIIIIIIIIIIIIIIIIIIIIIIIIIIIIIIIIIIIIIIIIII
IIIAA1IIAAAAA1IIIIIIIIIIIIIIIIIIIIIIIIIIIIIIIIIA1IIIIIIIIIIIIIII
IIIAA1IIAAAAA1IIIA1IIIIIIIIIIIIIIIIIIIIIIIIIIIIA1IIIIIIIIIIIIIII
IIIAA1I2AAAAA1IIIA1IIIIIIIIIIIIIIIIIIIIIIIIIIIIA1IIIIIIIIIIIIIII
II2AA1I2AAAAA1IIIA1IIIIIIIIIIIIIIIIIIIIIIIIIIIIA1IIIIIIIIIIIIIII
IIIIIIIIIIIIA2IIIIIIIIIIIIIIIIIIIIIIIIIIIIIIIIIIIIIIIIIIIIIIIIII
IIIIIIIIIIIIA1IIIIIIIIIIIIIIIIIIIIIIIIIIIIIIIIIIIIIIIIIIIIIIIIII
IIIIIIIIIIIIAIIIIIIIIIIIIIIIIIIIIIIIIIIIIIIIIIIIIIIIIIIIIIIIIIII
IIIIIIIIA11IAIIIIIIIIIIIIIIIIIIIIIIIIIIIIIIIIIIIIIIIIIIIIIIIIIII
IIIIA11IA11IAIIIIIIIIIIIIIIIIIIIIIIIIIIIIIIIIIIIIIIIIIIIIIIIIIII
IIIIA11IAA11AIIIIIIIIIIIIIIIIIIIIIIIIIIIIIIIIIIIIIIIIIIIIIIIIIII
IIIIA11IAAA1AIIIIIIIIIIIIIIIIIIIIIIIIIIIIIIIIIIIIIIIIIIIIIIIIIII
IIIIA11IAAAAA1IIIIIIIIIIIIIIIIIIIIIIIIIIIIIIIIIIIIIIIIIIIIIIIIII
IIIAA11IAAAAA1IIIIIIIIIIIIIIIIIIIIIIIIIIIIIIIIIIIIIIIIIIIIIIIIII
IIIIIIIIIIIIA11IIIIIIIIIIIIIIIIIIIIIIIIIIIIIIIIIIIIIIIIIIIIIIIII
IIIIIIIIIIIIA11IIIIIIIIIIIIIIIIIIIIIIIIIIIIIIIIAIIIIIIIIIIIIIIII
IIIIIIIIIIIIA11IIAIIIIIIIIIIIIIIIIIIIIIIIIIIIIIAIIIIIIIIIIIIIIII
IIIIIIIIAIIIA11IIAIIIIIIIIIIIIIIIIIIIIIIIIIIIIIAIIIIIIIIIIIIIIII
IIIIAIIIAIIIA11IIAIIIIIIIIIIIIIIIIIIIIIIIIIIIIIAIIIIIIIIIIIIIIII
IIIIAIIIAAIIA11IIAIIIIIIIIIIIIIIIIIIIIIIIIIIIIIAIIIIIIIIIIIIIIII
IIIIAIIIAAAIA11IIAIIIIIIIIIIIIIIIIIIIIIIIIIIIIIAIIIIIIIIIIIIIIII
IIIIAIIIAAAAA11IIAIIIIIIIIIIIIIIIIIIIIIIIIIIIIIAIIIIIIIIIIIIIIII
IIIAAIIIAAAAA11IIAIIIIIIIIIIIIIIIIIIIIIIIIIIIIIAIIIIIIIIIIIIIIII
IIIIIIIIIAIIIIIIIIIIIIIIIIIIIIIIIIIIIIIIIIIIIIIIIIIIIIIIIIIIIIII
IIIIAIIIIAIIIIIIIIIIIIIIIIIIIIIIIIIIIIIIIIIIIIIIIIIIIIIIIIIIIIII
IIIAAIIIIAIIIIIIIIIIIIIIIIIIIIIIIIIIIIIIIIIIIIIIIIIIIIIIIIIIIIII
IIIIIIIIIIIIAIIIIIIIIIIIIIIIIIIIIIIIIIIIIIIIIIIIIIIIIIIIIIIIIIII
IIIIIIIIA1IIIIIIIIIIIIIIIIIIIIIIIIIIIIIIIIIIIIIIIIIIIIIIIIIIIIII
IIIIA1IIA1IIIIIIIIIIIIIIIIIIIIIIIIIIIIIIIIIIIIIIIIIIIIIIIIIIIIII
IIIIA1IIAA1IIIIIIIIIIIIIIIIIIIIIIIIIIIIIIIIIIIIIIIIIIIIIIIIIIIII
IIIIA1IIAAA1IIIIIIIIIIIIIIIIIIIIIIIIIIIIIIIIIIIIIIIIIIIIIIIIIIII
IIIIA1IIAAAA1IIIIIIIIIIIIIIIIIIIIIIIIIIIIIIIIIIIIIIIIIIIIIIIIIII
IIIAA1IIAAAA1IIIIIIIIIIIIIIIIIIIIIIIIIIIIIIIIIIIIIIIIIIIIIIIIIII
IIIIIIIIIIIIA1IIIIIIIIIIIIIIIIIIIIIIIIIIIIIIIIIIIIIIIIIIIIIIIIII
IIIIIIIIIIIIA12IIIIIIIIIIIIIIIIIIIIIIIIIIIIIIIIIIIIIIIIIIIIIIIII
IIIIIIIIIIIIAIIIIIIIIIIIIIIIIIIIIIIIIIIIIIIIIIIIIIIIIIIIIIIIIIII
IIIIIIIIAIIIAIIIIIIIIIIIIIIIIIIIIIIIIIIIIIIIIIIIIIIIIIIIIIIIIIII
IIIIAIIIAIIIAIIIIIIIIIIIIIIIIIIIIIIIIIIIIIIIIIIIIIIIIIIIIIIIIIII
IIIIAIIIAAIIAIIIIIIIIIIIIIIIIIIIIIIIIIIIIIIIIIIIIIIIIIIIIIIIIIII
IIIIAIIIAAAIAIIIIIIIIIIIIIIIIIIIIIIIIIIIIIIIIIIIIIIIIIIIIIIIIIII
IIIIAIIIAAAAAIIIIIIIIIIIIIIIIIIIIIIIIIIIIIIIIIIIIIIIIIIIIIIIIIII
IIIIAIIIAAAAA1IIIIIIIIIIIIIIIIIIIIIIIIIIIIIIIIIIIIIIIIIIIIIIIIII
IIIIIIIIIIIIIIIIIIIIIIIIIIIIIIIIIIIIIIIIIIIIIIIA1IIIIIIIIIIIIIII
IIIIIIIIIIIIIIIIIA1IIIIIIIIIIIIIIIIIIIIIIIIIIIIA1IIIIIIIIIIIIIII
IIIIIIIIA1IIIIIIIA1IIIIIIIIIIIIIIIIIIIIIIIIIIIIA1IIIIIIIIIIIIIII
IIIIA1IIA1IIIIIIIA1IIIIIIIIIIIIIIIIIIIIIIIIIIIIA1IIIIIIIIIIIIIII
IIIIA1IIAA1IIIIIIA1IIIIIIIIIIIIIIIIIIIIIIIIIIIIA1IIIIIIIIIIIIIII
IIIIA1IIAAA1IIIIIA1IIIIIIIIIIIIIIIIIIIIIIIIIIIIA1IIIIIIIIIIIIIII
IIIIA1IIAAAA1IIIIA1IIIIIIIIIIIIIIIIIIIIIIIIIIIIA1IIIIIIIIIIIIIII
IIIIA1IIAAAAA1IIIA1IIIIIIIIIIIIIIIIIIIIIIIIIIIIA1IIIIIIIIIIIIIII
IIIIIIIIIIIIAIIIIIIIIIIIIIIIIIIIIIIIIIIIIIIIIIIIIIIIIIIIIIIIIIII
IIIIIIIIIAIIAIIIIIIIIIIIIIIIIIIIIIIIIIIIIIIIIIIIIIIIIIIIIIIIIIII
IIIIAIIIIAIIAIIIIIIIIIIIIIIIIIIIIIIIIIIIIIIIIIIIIIIIIIIIIIIIIIII
IIIAAIIIIAIIAIIIIIIIIIIIIIIIIIIIIIIIIIIIIIIIIIIIIIIIIIIIIIIIIIII
IIIIIIIIIIIIA12IIIIIIIIIIIIIIIIIIIIIIIIIIIIIIIIIIIIIIIIIIIIIIIII
IIIIIIIIIIIIAIIIIIIIIIIIIIIIIIIIIIIIIIIIIIIIIIIIIIIIIIIIIIIIIIII
IIIIIIIIAIIIAIIIIIIIIIIIIIIIIIIIIIIIIIIIIIIIIIIIIIIIIIIIIIIIIIII
IIIIAIIIAIIIAIIIIIIIIIIIIIIIIIIIIIIIIIIIIIIIIIIIIIIIIIIIIIIIIIII
IIIIAIIIAAIIAIIIIIIIIIIIIIIIIIIIIIIIIIIIIIIIIIIIIIIIIIIIIIIIIIII
IIIIAIIIAAAIAIIIIIIIIIIIIIIIIIIIIIIIIIIIIIIIIIIIIIIIIIIIIIIIIIII
IIIIAIIIAAAAAIIIIIIIIIIIIIIIIIIIIIIIIIIIIIIIIIIIIIIIIIIIIIIIIIII
IIIAAIIIAAAAAIIIIIIIIIIIIIIIIIIIIIIIIIIIIIIIIIIIIIIIIIIIIIIIIIII
IIIAA12IAAAAAIIIIIIIIIIIIIIIIIIIIIIIIIIIIIIIIIIIIIIIIIIIIIIIIIII
IIIAA12IAAAAA12IIIIIIIIIIIIIIIIIIIIIIIIIIIIIIIIIIIIIIIIIIIIIIIII
IIIIIIIIIIIIIIIIIIIIIIIIIIIIIIIIIIIIIIIIIIIIIIIA12IIIIIIIIIIIIII
IIIIIIIIIIIIIIIIIA12IIIIIIIIIIIIIIIIIIIIIIIIIIIA12IIIIIIIIIIIIII
IIIIIIIIA12IIIIIIA12IIIIIIIIIIIIIIIIIIIIIIIIIIIA12IIIIIIIIIIIIII
IIIIA12IA12IIIIIIA12IIIIIIIIIIIIIIIIIIIIIIIIIIIA12IIIIIIIIIIIIII
IIIIA12IAA12IIIIIA12IIIIIIIIIIIIIIIIIIIIIIIIIIIA12IIIIIIIIIIIIII
IIIIA12IAAA12IIIIA12IIIIIIIIIIIIIIIIIIIIIIIIIIIA12IIIIIIIIIIIIII
IIIIA12IAAAA12IIIA12IIIIIIIIIIIIIIIIIIIIIIIIIIIA12IIIIIIIIIIIIII
IIIAA12IAAAA12IIIA12IIIIIIIIIIIIIIIIIIIIIIIIIIIA12IIIIIIIIIIIIII
IIIAA122AAAA12IIIA12IIIIIIIIIIIIIIIIIIIIIIIIIIIA12IIIIIIIIIIIIII
II2AA122AAAA12IIIA12IIIIIIIIIIIIIIIIIIIIIIIIIIIA12IIIIIIIIIIIIII
IIIIIIIIIII2AIIIIIIIIIIIIIIIIIIIIIIIIIIIIIIIIIIIIIIIIIIIIIIIIIII
IIIIIIIIIIIIA1IIIIIIIIIIIIIIIIIIIIIIIIIIIIIIIIIIIIIIIIIIIIIIIIII
IIIIIIIIIIIIAIIIIIIIIIIIIIIIIIIIIIIIIIIIIIIIIIIIIIIIIIIIIIIIIIII
IIIIIIIIA1IIAIIIIIIIIIIIIIIIIIIIIIIIIIIIIIIIIIIIIIIIIIIIIIIIIIII
IIIIA1IIA1IIAIIIIIIIIIIIIIIIIIIIIIIIIIIIIIIIIIIIIIIIIIIIIIIIIIII
IIIIA1IIAA1IAIIIIIIIIIIIIIIIIIIIIIIIIIIIIIIIIIIIIIIIIIIIIIIIIIII
IIIIA1IIAAA1AIIIIIIIIIIIIIIIIIIIIIIIIIIIIIIIIIIIIIIIIIIIIIIIIIII
IIIIA1IIAAAAAIIIIIIIIIIIIIIIIIIIIIIIIIIIIIIIIIIIIIIIIIIIIIIIIIII
IIIAA1IIAAAAAIIIIIIIIIIIIIIIIIIIIIIIIIIIIIIIIIIIIIIIIIIIIIIIIIII
IIIIIIIIIIIIIIIIIIIIIIIIIIIIIIIIIIIIIIIIIIIIIIIA1IIIIIIIIIIIIIII
IIIIIIIIIIIIIIIIIA1IIIIIIIIIIIIIIIIIIIIIIIIIIIIA1IIIIIIIIIIIIIII
IIIIIIIIIIIIAIIIIA1IIIIIIIIIIIIIIIIIIIIIIIIIIIIA1IIIIIIIIIIIIIII
IIIIIIIIAIIIAIIIIA1IIIIIIIIIIIIIIIIIIIIIIIIIIIIA1IIIIIIIIIIIIIII
IIIIAIIIAIIIAIIIIA1IIIIIIIIIIIIIIIIIIIIIIIIIIIIA1IIIIIIIIIIIIIII
IIIIAIIIAAIIAIIIIA1IIIIIIIIIIIIIIIIIIIIIIIIIIIIA1IIIIIIIIIIIIIII
IIIIAIIIAAAIAIIIIA1IIIIIIIIIIIIIIIIIIIIIIIIIIIIA1IIIIIIIIIIIIIII
IIIIAIIIAAAAAIIIIA1IIIIIIIIIIIIIIIIIIIIIIIIIIIIA1IIIIIIIIIIIIIII
IIIIIIIIIIIIAIIIIIIIIIIIIIIIIIIIIIIIIIIIIIIIIIIIIIIIIIIIIIIIIIII
IIIIIIIIIIIIIIIIIIIIIIIIIIIIIIIIIIIIIIIIIIIIIIIAIIIIIIIIIIIIIIII
IIIIIIIIIIIIAIIIIIIIIIIIIIIIIIIIIIIIIIIIIIIIIIIAIIIIIIIIIIIIIIII
IIIIIIIIIIIIAIIIIAIIIIIIIIIIIIIIIIIIIIIIIIIIIIIAIIIIIIIIIIIIIIII
IIIIIIIIAIIIAIIIIAIIIIIIIIIIIIIIIIIIIIIIIIIIIIIAIIIIIIIIIIIIIIII
IIIIAIIIAIIIAIIIIAIIIIIIIIIIIIIIIIIIIIIIIIIIIIIAIIIIIIIIIIIIIIII
IIIIAIIIAAIIAIIIIAIIIIIIIIIIIIIIIIIIIIIIIIIIIIIAIIIIIIIIIIIIIIII
IIIIAIIIAAAIAIIIIAIIIIIIIIIIIIIIIIIIIIIIIIIIIIIAIIIIIIIIIIIIIIII
IIIIAIIIAAAAAIIIIAIIIIIIIIIIIIIIIIIIIIIIIIIIIIIAIIIIIIIIIIIIIIII
IIIAAIIIAAAAAIIIIAIIIIIIIIIIIIIIIIIIIIIIIIIIIIIAIIIIIIIIIIIIIIII
IIIAA1IIAAAAAIIIIAIIIIIIIIIIIIIIIIIIIIIIIIIIIIIAIIIIIIIIIIIIIIII
IIIAA1IIAAAAAIIIIAIIIIIIIIIIIIIIIIIIIIIIIIIIIIIA1IIIIIIIIIIIIIII
IIIAA1IIAAAAAIIIIA1IIIIIIIIIIIIIIIIIIIIIIIIIIIIA1IIIIIIIIIIIIIII
IIIIIIIIIIIIA1IIIIIIIIIIIIIIIIIIIIIIIIIIIIIIIIIIIIIIIIIIIIIIIIII
IIIIIIIIA1IIA1IIIIIIIIIIIIIIIIIIIIIIIIIIIIIIIIIIIIIIIIIIIIIIIIII
IIIIA1IIA1IIA1IIIIIIIIIIIIIIIIIIIIIIIIIIIIIIIIIIIIIIIIIIIIIIIIII
IIIIA1IIAA1IA1IIIIIIIIIIIIIIIIIIIIIIIIIIIIIIIIIIIIIIIIIIIIIIIIII
IIIIA1IIAAA1A1IIIIIIIIIIIIIIIIIIIIIIIIIIIIIIIIIIIIIIIIIIIIIIIIII
IIIIA1IIAAAAA1IIIIIIIIIIIIIIIIIIIIIIIIIIIIIIIIIIIIIIIIIIIIIIIIII
IIIIIIIIA1IIIIIIIIIIIIIIIIIIIIIIIIIIIIIIIIIIIIIIIIIIIIIIIIIIIIII
IIIIA1IIA1IIIIIIIIIIIIIIIIIIIIIIIIIIIIIIIIIIIIIIIIIIIIIIIIIIIIII
IIIIA1IIAA1IIIIIIIIIIIIIIIIIIIIIIIIIIIIIIIIIIIIIIIIIIIIIIIIIIIII
IIIIA1IIAAA1IIIIIIIIIIIIIIIIIIIIIIIIIIIIIIIIIIIIIIIIIIIIIIIIIIII
IIIIA1IIAAAA1IIIIIIIIIIIIIIIIIIIIIIIIIIIIIIIIIIIIIIIIIIIIIIIIIII
IIIAA1IIAAAA1IIIIIIIIIIIIIIIIIIIIIIIIIIIIIIIIIIIIIIIIIIIIIIIIIII
IIIAA1IIAAAA1IIIIIIIIIIIIIIIIIIIIIIIIIIIIIIIIIIA1IIIIIIIIIIIIIII
IIIAA1IIAAAAA1IIIIIIIIIIIIIIIIIIIIIIIIIIIIIIIIIA1IIIIIIIIIIIIIII
IIIAA1IIAAAAA1IIIA1IIIIIIIIIIIIIIIIIIIIIIIIIIIIA1IIIIIIIIIIIIIII
IIIIIIIIIIIIA2IIIIIIIIIIIIIIIIIIIIIIIIIIIIIIIIIIIIIIIIIIIIIIIIII
IIIIIIIIA1IIIIIIIIIIIIIIIIIIIIIIIIIIIIIIIIIIIIIIIIIIIIIIIIIIIIII
IIIIA1IIA1IIIIIIIIIIIIIIIIIIIIIIIIIIIIIIIIIIIIIIIIIIIIIIIIIIIIII
IIIIA1IIAA1IIIIIIIIIIIIIIIIIIIIIIIIIIIIIIIIIIIIIIIIIIIIIIIIIIIII
IIIIA1IIAA1A1IIIIIIIIIIIIIIIIIIIIIIIIIIIIIIIIIIIIIIIIIIIIIIIIIII
IIIIA1IIAAAA1IIIIIIIIIIIIIIIIIIIIIIIIIIIIIIIIIIIIIIIIIIIIIIIIIII
IIIAA1IIAAAA1IIIIIIIIIIIIIIIIIIIIIIIIIIIIIIIIIIIIIIIIIIIIIIIIIII
IIIIIIIIIIIIAIIIIIIIIIIIIIIIIIIIIIIIIIIIIIIIIIIIIIIIIIIIIIIIIIII
IIIIIIIIA1IIIIIIIIIIIIIIIIIIIIIIIIIIIIIIIIIIIIIIIIIIIIIIIIIIIIII
IIIIA1IIA1IIIIIIIIIIIIIIIIIIIIIIIIIIIIIIIIIIIIIIIIIIIIIIIIIIIIII
IIIIA1IIAA1IIIIIIIIIIIIIIIIIIIIIIIIIIIIIIIIIIIIIIIIIIIIIIIIIIIII
IIIIA1IIAA1A1IIIIIIIIIIIIIIIIIIIIIIIIIIIIIIIIIIIIIIIIIIIIIIIIIII
IIIIA1IIAAAA1IIIIIIIIIIIIIIIIIIIIIIIIIIIIIIIIIIIIIIIIIIIIIIIIIII
IIIAA1IIAAAA1IIIIIIIIIIIIIIIIIIIIIIIIIIIIIIIIIIIIIIIIIIIIIIIIIII
IIIIIIIIIIIIAI12I22IIIIIIIIIIIIIIIIIIIIIIIIIIIIIIIIIIIIIIIIIIIII
IIIIIIIIA1IIIIIIIIIIIIIIIIIIIIIIIIIIIIIIIIIIIIIIIIIIIIIIIIIIIIII
IIIIA1IIA1IIIIIIIIIIIIIIIIIIIIIIIIIIIIIIIIIIIIIIIIIIIIIIIIIIIIII
IIIIA1IIAA1IIIIIIIIIIIIIIIIIIIIIIIIIIIIIIIIIIIIIIIIIIIIIIIIIIIII
IIIIA1IIAA1A1IIIIIIIIIIIIIIIIIIIIIIIIIIIIIIIIIIIIIIIIIIIIIIIIIII
IIIIA1IIAAAA1IIIIIIIIIIIIIIIIIIIIIIIIIIIIIIIIIIIIIIIIIIIIIIIIIII
IIIAA1IIAAAA1IIIIIIIIIIIIIIIIIIIIIIIIIIIIIIIIIIIIIIIIIIIIIIIIIII
IIIIIIIIIIIIA2IIIIIIIIIIIIIIIIIIIIIIIIIIIIIIIIIIIIIIIIIIIIIIIIII
IIIIIIIIA2IIIIIIIIIIIIIIIIIIIIIIIIIIIIIIIIIIIIIIIIIIIIIIIIIIIIII
IIIIA2IIA2IIIIIIIIIIIIIIIIIIIIIIIIIIIIIIIIIIIIIIIIIIIIIIIIIIIIII
IIIIA2IIAA2IIIIIIIIIIIIIIIIIIIIIIIIIIIIIIIIIIIIIIIIIIIIIIIIIIIII
IIIIA2IIAA2A2IIIIIIIIIIIIIIIIIIIIIIIIIIIIIIIIIIIIIIIIIIIIIIIIIII
IIIIA2IIAAAA2IIIIIIIIIIIIIIIIIIIIIIIIIIIIIIIIIIIIIIIIIIIIIIIIIII
IIIAA2IIAAAA2IIIIIIIIIIIIIIIIIIIIIIIIIIIIIIIIIIIIIIIIIIIIIIIIIII
IIIIIIIIIIIIIIIIIIIIIIIIIIIIIIIIIIIIIIIIIIIIIIIA1IIIIIIIIIIIIIII
IIIIIIIIIIIIIIIIIA1IIIIIIIIIIIIIIIIIIIIIIIIIIIIA1IIIIIIIIIIIIIII
IIIIIIIIA1IIIIIIIA1IIIIIIIIIIIIIIIIIIIIIIIIIIIIA1IIIIIIIIIIIIIII
IIIIA1IIA1IIIIIIIA1IIIIIIIIIIIIIIIIIIIIIIIIIIIIA1IIIIIIIIIIIIIII
IIIIA1IIAA1IIIIIIA1IIIIIIIIIIIIIIIIIIIIIIIIIIIIA1IIIIIIIIIIIIIII
IIIIA1IIAA1A1IIIIA1IIIIIIIIIIIIIIIIIIIIIIIIIIIIA1IIIIIIIIIIIIIII
IIIIA1IIAAAA1IIIIA1IIIIIIIIIIIIIIIIIIIIIIIIIIIIA1IIIIIIIIIIIIIII
IIIAA1IIAAAA1IIIIA1IIIIIIIIIIIIIIIIIIIIIIIIIIIIA1IIIIIIIIIIIIIII
IIIAA1IIAAAAA1IIIA1IIIIIIIIIIIIIIIIIIIIIIIIIIIIA1IIIIIIIIIIIIIII
IIIIIIIIIIIIIIIIIIIIIIIIIIIIIIIIIIIIIIIIIIIIII2AIIIIIIIIIIIIIIII
IIIIIIIIIIIIIIII2AIIIIIIIIIIIIIIIIIIIIIIIIIIII2AIIIIIIIIIIIIIIII
IIIIIII2AIIIIIII2AIIIIIIIIIIIIIIIIIIIIIIIIIIII2AIIIIIIIIIIIIIIII
III2AII2AIIIIIII2AIIIIIIIIIIIIIIIIIIIIIIIIIIII2AIIIIIIIIIIIIIIII
III2AII2AAIIIIII2AIIIIIIIIIIIIIIIIIIIIIIIIIIII2AIIIIIIIIIIIIIIII
III2AII2AA2AIIII2AIIIIIIIIIIIIIIIIIIIIIIIIIIII2AIIIIIIIIIIIIIIII
III2AII2AAAAIIII2AIIIIIIIIIIIIIIIIIIIIIIIIIIII2AIIIIIIIIIIIIIIII
II2AAII2AAAAIIII2AIIIIIIIIIIIIIIIIIIIIIIIIIIII2AIIIIIIIIIIIIIIII
IIIIIIIIIIIIA1IIIIIIIIIIIIIIIIIIIIIIIIIIIIIIIIIIIIIIIIIIIIIIIIII
IIIIIIIIIIIIIIIIIIIIIIIIIIIIIIIIIIIIIIIIIIIIIIIA1IIIIIIIIIIIIIII
IIIIIIIIIIIIIIIIIA1IIIIIIIIIIIIIIIIIIIIIIIIIIIIA1IIIIIIIIIIIIIII
IIIIIIIIA1IIIIIIIA1IIIIIIIIIIIIIIIIIIIIIIIIIIIIA1IIIIIIIIIIIIIII
IIIIA1IIA1IIIIIIIA1IIIIIIIIIIIIIIIIIIIIIIIIIIIIA1IIIIIIIIIIIIIII
IIIIA1IIAA1IIIIIIA1IIIIIIIIIIIIIIIIIIIIIIIIIIIIA1IIIIIIIIIIIIIII
IIIIA1IIAA1A1IIIIA1IIIIIIIIIIIIIIIIIIIIIIIIIIIIA1IIIIIIIIIIIIIII
IIIIA1IIAAAA1IIIIA1IIIIIIIIIIIIIIIIIIIIIIIIIIIIA1IIIIIIIIIIIIIII
IIIAA1IIAAAA1IIIIA1IIIIIIIIIIIIIIIIIIIIIIIIIIIIA1IIIIIIIIIIIIIII
IIIAA1IIAAAAAIIIIA1IIIIIIIIIIIIIIIIIIIIIIIIIIIIA1IIIIIIIIIIIIIII
IIIIIIIIIIIIA12IIIIIIIIIIIIIIIIIIIIIIIIIIIIIIIIIIIIIIIIIIIIIIIII
IIIIIIIIAIIIIIIIIIIIIIIIIIIIIIIIIIIIIIIIIIIIIIIIIIIIIIIIIIIIIIII
IIIIAIIIAIIIIIIIIIIIIIIIIIIIIIIIIIIIIIIIIIIIIIIIIIIIIIIIIIIIIIII
IIIIAIIIAAIIIIIIIIIIIIIIIIIIIIIIIIIIIIIIIIIIIIIIIIIIIIIIIIIIIIII
IIIIAIIIAAIAIIIIIIIIIIIIIIIIIIIIIIIIIIIIIIIIIIIIIIIIIIIIIIIIIIII
IIIIAIIIAAAAIIIIIIIIIIIIIIIIIIIIIIIIIIIIIIIIIIIIIIIIIIIIIIIIIIII
IIIAAIIIAAAAIIIIIIIIIIIIIIIIIIIIIIIIIIIIIIIIIIIIIIIIIIIIIIIIIIII
IIIAAIIIAAAAA2IIIIIIIIIIIIIIIIIIIIIIIIIIIIIIIIIIIIIIIIIIIIIIIIII
IIIIIIIIIIIIA1IIIIIIIIIIIIIIIIIIIIIIIIIIIIIIIIIIIIIIIIIIIIIIIIII
IIIIIIIIA1IIA1IIIIIIIIIIIIIIIIIIIIIIIIIIIIIIIIIIIIIIIIIIIIIIIIII
IIIIA1IIA1IIA1IIIIIIIIIIIIIIIIIIIIIIIIIIIIIIIIIIIIIIIIIIIIIIIIII
IIIIA1IIAA1IA1IIIIIIIIIIIIIIIIIIIIIIIIIIIIIIIIIIIIIIIIIIIIIIIIII
IIIIA1IIAA1AA1IIIIIIIIIIIIIIIIIIIIIIIIIIIIIIIIIIIIIIIIIIIIIIIIII
IIIIA1IIAAAAA1IIIIIIIIIIIIIIIIIIIIIIIIIIIIIIIIIIIIIIIIIIIIIIIIII
IIIAA1IIAAAAA1IIIIIIIIIIIIIIIIIIIIIIIIIIIIIIIIIIIIIIIIIIIIIIIIII
IIIIIIIIIIIIAIIIIIIIIIIIIIIIIIIIIIIIIIIIIIIIIIIIIIIIIIIIIIIIIIII
IIIIIIIIIIIIAIIIIIIIIIIIIIIIIIIIIIIIIIIIIIIIIIIA1IIIIIIIIIIIIIII
IIIIIIIIIIIIAIIIIA1IIIIIIIIIIIIIIIIIIIIIIIIIIIIA1IIIIIIIIIIIIIII
IIIIIIIIA1IIAIIIIA1IIIIIIIIIIIIIIIIIIIIIIIIIIIIA1IIIIIIIIIIIIIII
IIIIA1IIA1IIAIIIIA1IIIIIIIIIIIIIIIIIIIIIIIIIIIIA1IIIIIIIIIIIIIII
IIIIA1IIAA1IAIIIIA1IIIIIIIIIIIIIIIIIIIIIIIIIIIIA1IIIIIIIIIIIIIII
IIIIA1IIAA1AAIIIIA1IIIIIIIIIIIIIIIIIIIIIIIIIIIIA1IIIIIIIIIIIIIII
IIIIA1IIAAAAAIIIIA1IIIIIIIIIIIIIIIIIIIIIIIIIIIIA1IIIIIIIIIIIIIII
IIIAA1IIAAAAAIIIIA1IIIIIIIIIIIIIIIIIIIIIIIIIIIIA1IIIIIIIIIIIIIII
IIIIIIIIIIIIAIIIIIIIIIIIIIIIIIIIIIIIIIIIIIIIIIIIIIIIIIIIIIIIIIII
IIIIIIIIAIIIAIIIIIIIIIIIIIIIIIIIIIIIIIIIIIIIIIIIIIIIIIIIIIIIIIII
IIIIAIIIAIIIAIIIIIIIIIIIIIIIIIIIIIIIIIIIIIIIIIIIIIIIIIIIIIIIIIII
IIIIAIIIAAIIAIIIIIIIIIIIIIIIIIIIIIIIIIIIIIIIIIIIIIIIIIIIIIIIIIII
IIIIAIIIAAAIAIIIIIIIIIIIIIIIIIIIIIIIIIIIIIIIIIIIIIIIIIIIIIIIIIII
IIIIAIIIAAAAAIIIIIIIIIIIIIIIIIIIIIIIIIIIIIIIIIIIIIIIIIIIIIIIIIII
IIIAAIIIAAAAAIIIIIIIIIIIIIIIIIIIIIIIIIIIIIIIIIIIIIIIIIIIIIIIIIII
IIIIIIIIIIIIA2IIIIIIIIIIIIIIIIIIIIIIIIIIIIIIIIIIIIIIIIIIIIIIIIII
IIIIIIIIIIIIA1IIIIIIIIIIIIIIIIIIIIIIIIIIIIIIIIIIIIIIIIIIIIIIIIII
IIIIIIIIA12IA1IIIIIIIIIIIIIIIIIIIIIIIIIIIIIIIIIIIIIIIIIIIIIIIIII
IIIIA12IA12IA1IIIIIIIIIIIIIIIIIIIIIIIIIIIIIIIIIIIIIIIIIIIIIIIIII
IIIIA12IAA12A1IIIIIIIIIIIIIIIIIIIIIIIIIIIIIIIIIIIIIIIIIIIIIIIIII
IIIIA12IAA1AA1IIIIIIIIIIIIIIIIIIIIIIIIIIIIIIIIIIIIIIIIIIIIIIIIII
IIIIA12IAAAAA1IIIIIIIIIIIIIIIIIIIIIIIIIIIIIIIIIIIIIIIIIIIIIIIIII
IIIAA12IAAAAA1IIIIIIIIIIIIIIIIIIIIIIIIIIIIIIIIIIIIIIIIIIIIIIIIII
IIIIIIIIIIIIA12IIIIIIIIIIIIIIIIIIIIIIIIIIIIIIIIIIIIIIIIIIIIIIIII
IIIIIIIIAIIIA12IIIIIIIIIIIIIIIIIIIIIIIIIIIIIIIIIIIIIIIIIIIIIIIII
IIIIAIIIAIIIA12IIIIIIIIIIIIIIIIIIIIIIIIIIIIIIIIIIIIIIIIIIIIIIIII
IIIIAIIIAAIIA12IIIIIIIIIIIIIIIIIIIIIIIIIIIIIIIIIIIIIIIIIIIIIIIII
IIIIAIIIAAIAA12IIIIIIIIIIIIIIIIIIIIIIIIIIIIIIIIIIIIIIIIIIIIIIIII
IIIIAIIIAAAAA12IIIIIIIIIIIIIIIIIIIIIIIIIIIIIIIIIIIIIIIIIIIIIIIII
IIIAAIIIAAAAA12IIIIIIIIIIIIIIIIIIIIIIIIIIIIIIIIIIIIIIIIIIIIIIIII
IIIAAIIIAAAAA12IIIIIIIIIIIIIIIIIIIIIIIIIIIIIIIIA2IIIIIIIIIIIIIII
IIIAAIIIAAAAA12IIA2IIIIIIIIIIIIIIIIIIIIIIIIIIIIA2IIIIIIIIIIIIIII
IIIAA2IIAAAAA12IIA2IIIIIIIIIIIIIIIIIIIIIIIIIIIIA2IIIIIIIIIIIIIII
IIIIIIIIIIIIA1IIIIIIIIIIIIIIIIIIIIIIIIIIIIIIIIIIIIIIIIIIIIIIIIII
IIIIIIIIAI2IA1IIIIIIIIIIIIIIIIIIIIIIIIIIIIIIIIIIIIIIIIIIIIIIIIII
IIIIAI2IAI2IA1IIIIIIIIIIIIIIIIIIIIIIIIIIIIIIIIIIIIIIIIIIIIIIIIII
IIIIAI2IAA22A1IIIIIIIIIIIIIIIIIIIIIIIIIIIIIIIIIIIIIIIIIIIIIIIIII
IIIIAI2IAA2AA1IIIIIIIIIIIIIIIIIIIIIIIIIIIIIIIIIIIIIIIIIIIIIIIIII
IIIIAI2IAAAAA1IIIIIIIIIIIIIIIIIIIIIIIIIIIIIIIIIIIIIIIIIIIIIIIIII
IIIAA22IAAAAA1IIIIIIIIIIIIIIIIIIIIIIIIIIIIIIIIIIIIIIIIIIIIIIIIII
IIIIIIIIIIIIIIIIIIIIIIIIIIIIIIIIIIIIIIIIIIIIIIIA11112IIIIIIIIIII
IIIIIIIIIIIIIIIIIA11112IIIIIIIIIIIIIIIIIIIIIIIIA11112IIIIIIIIIII
IIIIIIIIA111IIIIIA11112IIIIIIIIIIIIIIIIIIIIIIIIA11112IIIIIIIIIII
IIIIAIIIA111IIIIIA11112IIIIIIIIIIIIIIIIIIIIIIIIA11112IIIIIIIIIII
IIIIAIIIAA11112IIA11112IIIIIIIIIIIIIIIIIIIIIIIIA11112IIIIIIIIIII
IIIIAIIIAA1A11112A11112IIIIIIIIIIIIIIIIIIIIIIIIA11112IIIIIIIIIII
IIIIAIIIAAAA11112A11112IIIIIIIIIIIIIIIIIIIIIIIIA11112IIIIIIIIIII
IIIIA111AAAA11112A11112IIIIIIIIIIIIIIIIIIIIIIIIA11112IIIIIIIIIII
IIIAA111AAAA11112A11112IIIIIIIIIIIIIIIIIIIIIIIIA11112IIIIIIIIIII
IIIIIIIIIIIIA2IIIIIIIIIIIIIIIIIIIIIIIIIIIIIIIIIIIIIIIIIIIIIIIIII
IIIIIIIIA122IIIIIIIIIIIIIIIIIIIIIIIIIIIIIIIIIIIIIIIIIIIIIIIIIIII
IIIIA122A122IIIIIIIIIIIIIIIIIIIIIIIIIIIIIIIIIIIIIIIIIIIIIIIIIIII
IIIIA122AA122IIIIIIIIIIIIIIIIIIIIIIIIIIIIIIIIIIIIIIIIIIIIIIIIIII
IIIIA122AAA122IIIIIIIIIIIIIIIIIIIIIIIIIIIIIIIIIIIIIIIIIIIIIIIIII
IIIIA122AAAA122IIIIIIIIIIIIIIIIIIIIIIIIIIIIIIIIIIIIIIIIIIIIIIIII
IIIAA122AAAA122IIIIIIIIIIIIIIIIIIIIIIIIIIIIIIIIIIIIIIIIIIIIIIIII
IIIIIIIIIIIIIIIIIIIIIIIIIIIIIIIIIIIIIIIIIIIIIIIA122IIIIIIIIIIIII
IIIIIIIIIIIIA122IIIIIIIIIIIIIIIIIIIIIIIIIIIIIIIA122IIIIIIIIIIIII
IIIIIIIIIIIIA122IAIIIIIIIIIIIIIIIIIIIIIIIIIIIIIA122IIIIIIIIIIIII
IIIIIIIIAIIIA122IAIIIIIIIIIIIIIIIIIIIIIIIIIIIIIA122IIIIIIIIIIIII
IIIIAIIIAIIIA122IAIIIIIIIIIIIIIIIIIIIIIIIIIIIIIA122IIIIIIIIIIIII
IIIIAIIIAAIIA122IAIIIIIIIIIIIIIIIIIIIIIIIIIIIIIA122IIIIIIIIIIIII
IIIIAIIIAAIAA122IAIIIIIIIIIIIIIIIIIIIIIIIIIIIIIA122IIIIIIIIIIIII
IIIIAIIIAAAAA122IAIIIIIIIIIIIIIIIIIIIIIIIIIIIIIA122IIIIIIIIIIIII
IIIAAIIIAAAAA122IAIIIIIIIIIIIIIIIIIIIIIIIIIIIIIA122IIIIIIIIIIIII
IIIAAIIIAAAAA122IA1IIIIIIIIIIIIIIIIIIIIIIIIIIIIA122IIIIIIIIIIIII
IIIAA1IIAAAAA122IA1IIIIIIIIIIIIIIIIIIIIIIIIIIIIA122IIIIIIIIIIIII
IIIIIIIIIIIIIIIIIIIIIIIIIIIIIIIIIIIIIIIIIIIIIIIA2IIIIIIIIIIIIIII
IIIIIIIIIIIIIIIIIA2IIIIIIIIIIIIIIIIIIIIIIIIIIIIA2IIIIIIIIIIIIIII
IIIIIIIIIIIIIIIIIIIIIIIIIIIIIIIIIIIIIIIIIIIIIIIA1IIIIIIIIIIIIIII
IIIIIIIIIIIIA1IIIIIIIIIIIIIIIIIIIIIIIIIIIIIIIIIA1IIIIIIIIIIIIIII
IIIIIIIIIIIIA1IIIA1IIIIIIIIIIIIIIIIIIIIIIIIIIIIA1IIIIIIIIIIIIIII
IIIIIIIIA1IIA1IIIA1IIIIIIIIIIIIIIIIIIIIIIIIIIIIA1IIIIIIIIIIIIIII
IIIIA1IIA1IIA1IIIA1IIIIIIIIIIIIIIIIIIIIIIIIIIIIA1IIIIIIIIIIIIIII
IIIIA1IIAA1IA1IIIA1IIIIIIIIIIIIIIIIIIIIIIIIIIIIA1IIIIIIIIIIIIIII
IIIIA1IIAA1AA1IIIA1IIIIIIIIIIIIIIIIIIIIIIIIIIIIA1IIIIIIIIIIIIIII
IIIIA1IIAAAAA1IIIA1IIIIIIIIIIIIIIIIIIIIIIIIIIIIA1IIIIIIIIIIIIIII
IIIAA1IIAAAAA1IIIA1IIIIIIIIIIIIIIIIIIIIIIIIIIIIA1IIIIIIIIIIIIIII
IIIIIIIIIIIIA2IIIIIIIIIIIIIIIIIIIIIIIIIIIIIIIIIIIIIIIIIIIIIIIIII
IIIIIIIIA2IIA2IIIIIIIIIIIIIIIIIIIIIIIIIIIIIIIIIIIIIIIIIIIIIIIIII
IIIIA2IIA2IIA2IIIIIIIIIIIIIIIIIIIIIIIIIIIIIIIIIIIIIIIIIIIIIIIIII
IIIIA2IIAA2IA2IIIIIIIIIIIIIIIIIIIIIIIIIIIIIIIIIIIIIIIIIIIIIIIIII
IIIIA2IIAA2AA2IIIIIIIIIIIIIIIIIIIIIIIIIIIIIIIIIIIIIIIIIIIIIIIIII
IIIIA2IIAAAAA2IIIIIIIIIIIIIIIIIIIIIIIIIIIIIIIIIIIIIIIIIIIIIIIIII
IIIAA2IIAAAAA2IIIIIIIIIIIIIIIIIIIIIIIIIIIIIIIIIIIIIIIIIIIIIIIIII
IIIIIIIIIIIIIIIIIIIIIIIIIIIIIIIIIIIIIIIIIIIIIIIA2IIIIIIIIIIIIIII
IIIIIIIIIIIIIIIIIA2IIIIIIIIIIIIIIIIIIIIIIIIIIIIA2IIIIIIIIIIIIIII
IIIIIIIIA2IIIIIIIA2IIIIIIIIIIIIIIIIIIIIIIIIIIIIA2IIIIIIIIIIIIIII
IIIIA2IIA2IIIIIIIA2IIIIIIIIIIIIIIIIIIIIIIIIIIIIA2IIIIIIIIIIIIIII
IIIIA2IIAA2IIIIIIA2IIIIIIIIIIIIIIIIIIIIIIIIIIIIA2IIIIIIIIIIIIIII
IIIIA2IIAA2A2IIIIA2IIIIIIIIIIIIIIIIIIIIIIIIIIIIA2IIIIIIIIIIIIIII
IIIIA2IIAAAA2IIIIA2IIIIIIIIIIIIIIIIIIIIIIIIIIIIA2IIIIIIIIIIIIIII
IIIAA2IIAAAA2IIIIA2IIIIIIIIIIIIIIIIIIIIIIIIIIIIA2IIIIIIIIIIIIIII
IIIIIIIIIIIIA1IIIIIIIIIIIIIIIIIIIIIIIIIIIIIIIIIIIIIIIIIIIIIIIIII
IIIIIIIIIIIIA1IIIIIIIIIIIIIIIIIIIIIIIIIIIIIIIIIA1IIIIIIIIIIIIIII
IIIIIIIIIIIIA1IIIA1IIIIIIIIIIIIIIIIIIIIIIIIIIIIA1IIIIIIIIIIIIIII
IIIIIIIIA1IIA1IIIA1IIIIIIIIIIIIIIIIIIIIIIIIIIIIA1IIIIIIIIIIIIIII
IIIIA1IIA1IIA1IIIA1IIIIIIIIIIIIIIIIIIIIIIIIIIIIA1IIIIIIIIIIIIIII
IIIIA1IIAA1IA1IIIA1IIIIIIIIIIIIIIIIIIIIIIIIIIIIA1IIIIIIIIIIIIIII
IIIIA1IIAA1AA1IIIA1IIIIIIIIIIIIIIIIIIIIIIIIIIIIA1IIIIIIIIIIIIIII
IIIIA1IIAAAAA1IIIA1IIIIIIIIIIIIIIIIIIIIIIIIIIIIA1IIIIIIIIIIIIIII
IIIAA1IIAAAAA1IIIA1IIIIIIIIIIIIIIIIIIIIIIIIIIIIA1IIIIIIIIIIIIIII
IIIIIIIIIIIIIIIIIIIIIIIIIIIIIIIIIIIIIIIIIIIIIIIAIIIIIIIIIIIIIIII
IIIIIIIIIIIIIIIIIAIIIIIIIIIIIIIIIIIIIIIIIIIIIIIAIIIIIIIIIIIIIIII
IIIIIIIIIIIIAIIIIAIIIIIIIIIIIIIIIIIIIIIIIIIIIIIAIIIIIIIIIIIIIIII
IIIIA1IIIIIIIIIIIIIIIIIIIIIIIIIIIIIIIIIIIIIIIIIIIIIIIIIIIIIIIIII
IIIIA1IIIA1IIIIIIIIIIIIIIIIIIIIIIIIIIIIIIIIIIIIIIIIIIIIIIIIIIIII
IIIAA1IIIA1IIIIIIIIIIIIIIIIIIIIIIIIIIIIIIIIIIIIIIIIIIIIIIIIIIIII
IIIIIIIIIIIIAIIIIIIIIIIIIIIIIIIIIIIIIIIIIIIIIIIIIIIIIIIIIIIIIIII
IIIIIIIIAIIIAIIIIIIIIIIIIIIIIIIIIIIIIIIIIIIIIIIIIIIIIIIIIIIIIIII
IIIIAIIIAIIIAIIIIIIIIIIIIIIIIIIIIIIIIIIIIIIIIIIIIIIIIIIIIIIIIIII
IIIIAIIIAAIIAIIIIIIIIIIIIIIIIIIIIIIIIIIIIIIIIIIIIIIIIIIIIIIIIIII
IIIIAIIIAAIAAIIIIIIIIIIIIIIIIIIIIIIIIIIIIIIIIIIIIIIIIIIIIIIIIIII
IIIIAIIIAAAAAIIIIIIIIIIIIIIIIIIIIIIIIIIIIIIIIIIIIIIIIIIIIIIIIIII
IIIAAIIIAAAAAIIIIIIIIIIIIIIIIIIIIIIIIIIIIIIIIIIIIIIIIIIIIIIIIIII
IIIAA1IIAAAAAIIIIIIIIIIIIIIIIIIIIIIIIIIIIIIIIIIIIIIIIIIIIIIIIIII
IIIIIIIIIIIIAIIIIIIIIIIIIIIIIIIIIIIIIIIIIIIIIIIIIIIIIIIIIIIIIIII
IIIIIIIIAIIIAIIIIIIIIIIIIIIIIIIIIIIIIIIIIIIIIIIIIIIIIIIIIIIIIIII
IIIIAIIIAIIIAIIIIIIIIIIIIIIIIIIIIIIIIIIIIIIIIIIIIIIIIIIIIIIIIIII
IIIIAIIIAAIIAIIIIIIIIIIIIIIIIIIIIIIIIIIIIIIIIIIIIIIIIIIIIIIIIIII
IIIIAIIIAAIAAIIIIIIIIIIIIIIIIIIIIIIIIIIIIIIIIIIIIIIIIIIIIIIIIIII
IIIIAIIIAAAAAIIIIIIIIIIIIIIIIIIIIIIIIIIIIIIIIIIIIIIIIIIIIIIIIIII
IIIIA2IIAAAAAIIIIIIIIIIIIIIIIIIIIIIIIIIIIIIIIIIIIIIIIIIIIIIIIIII
IIIAA2IIAAAAAIIIIIIIIIIIIIIIIIIIIIIIIIIIIIIIIIIIIIIIIIIIIIIIIIII
IIIAA2IIAAAAAIIIIIIIIIIIIIIIIIIIIIIIIIIIIIIIIIIA2IIIIIIIIIIIIIII
IIIAA2IIAAAAAIIIIA2IIIIIIIIIIIIIIIIIIIIIIIIIIIIA2IIIIIIIIIIIIIII
IIIAA2IIAAAAAIIIIA2IIIIIIIIIIIIIIIIIIIIIIIIIIIIA1IIIIIIIIIIIIIII
IIIAA2IIAAAAA1IIIA2IIIIIIIIIIIIIIIIIIIIIIIIIIIIA1IIIIIIIIIIIIIII
IIIAA2IIAAAAA1IIIA1IIIIIIIIIIIIIIIIIIIIIIIIIIIIA1IIIIIIIIIIIIIII
IIIAA1IIAAAAA1IIIA1IIIIIIIIIIIIIIIIIIIIIIIIIIIIA1IIIIIIIIIIIIIII
IIIIIIIIIIIIAIIIIIIIIIIIIIIIIIIIIIIIIIIIIIIIIIIIIIIIIIIIIIIIIIII
IIIIIIIIAIIIAIIIIIIIIIIIIIIIIIIIIIIIIIIIIIIIIIIIIIIIIIIIIIIIIIII
IIIIAIIIAIIIAIIIIIIIIIIIIIIIIIIIIIIIIIIIIIIIIIIIIIIIIIIIIIIIIIII
IIIIAIIIAAIIAIIIIIIIIIIIIIIIIIIIIIIIIIIIIIIIIIIIIIIIIIIIIIIIIIII
IIIIAIIIAAIAAIIIIIIIIIIIIIIIIIIIIIIIIIIIIIIIIIIIIIIIIIIIIIIIIIII
IIIIAIIIAAAAAIIIIIIIIIIIIIIIIIIIIIIIIIIIIIIIIIIIIIIIIIIIIIIIIIII
IIIIA1I2AAAAAIIIIIIIIIIIIIIIIIIIIIIIIIIIIIIIIIIIIIIIIIIIIIIIIIII
IIIAA122AAAAAIIIIIIIIIIIIIIIIIIIIIIIIIIIIIIIIIIIIIIIIIIIIIIIIIII
IIIIIIIIIIIIAIIIIIIIIIIIIIIIIIIIIIIIIIIIIIIIIIIIIIIIIIIIIIIIIIII
IIIIIIIIAIIIIIIIIIIIIIIIIIIIIIIIIIIIIIIIIIIIIIIIIIIIIIIIIIIIIIII
IIIIAIIIAIIIIIIIIIIIIIIIIIIIIIIIIIIIIIIIIIIIIIIIIIIIIIIIIIIIIIII
IIIIAIIIAAIIIIIIIIIIIIIIIIIIIIIIIIIIIIIIIIIIIIIIIIIIIIIIIIIIIIII
IIIIAIIIAAIAIIIIIIIIIIIIIIIIIIIIIIIIIIIIIIIIIIIIIIIIIIIIIIIIIIII
IIIIAIIIAAAAIIIIIIIIIIIIIIIIIIIIIIIIIIIIIIIIIIIIIIIIIIIIIIIIIIII
IIIAAIIIAAAAIIIIIIIIIIIIIIIIIIIIIIIIIIIIIIIIIIIIIIIIIIIIIIIIIIII
IIIAAIIIAAAAIIIIIIIIIIIIIIIIIIIIIIIIIIIIIIIIIIIA1IIIIIIIIIIIIIII
IIIAAIIIAAAAIIIIIA1IIIIIIIIIIIIIIIIIIIIIIIIIIIIA1IIIIIIIIIIIIIII
IIIAA1IIAAAAIIIIIA1IIIIIIIIIIIIIIIIIIIIIIIIIIIIA1IIIIIIIIIIIIIII
IIIAA1IIAAAA1IIIIA1IIIIIIIIIIIIIIIIIIIIIIIIIIIIA1IIIIIIIIIIIIIII
IIIAA1IIAAAAAIIIIA1IIIIIIIIIIIIIIIIIIIIIIIIIIIIA1IIIIIIIIIIIIIII
IIIAA1IIAAAAAI2IIA1IIIIIIIIIIIIIIIIIIIIIIIIIIIIA1IIIIIIIIIIIIIII
IIIAA1IIAAAAA222IA1IIIIIIIIIIIIIIIIIIIIIIIIIIIIA1IIIIIIIIIIIIIII
IIIAA1IIAAAAA2222A1IIIIIIIIIIIIIIIIIIIIIIIIIIIIA1IIIIIIIIIIIIIII
IIIAA1I2AAAAA2222A1IIIIIIIIIIIIIIIIIIIIIIIIIIIIA1IIIIIIIIIIIIIII
IIIAA1I2AAAAA1222A1IIIIIIIIIIIIIIIIIIIIIIIIIIIIA1IIIIIIIIIIIIIII
IIIIIIIIIIIIA12IIIIIIIIIIIIIIIIIIIIIIIIIIIIIIIIIIIIIIIIIIIIIIIII
IIIIIIIIA12IA12IIIIIIIIIIIIIIIIIIIIIIIIIIIIIIIIIIIIIIIIIIIIIIIII
IIIIA12IA12IA12IIIIIIIIIIIIIIIIIIIIIIIIIIIIIIIIIIIIIIIIIIIIIIIII
IIIIA12IAA12A12IIIIIIIIIIIIIIIIIIIIIIIIIIIIIIIIIIIIIIIIIIIIIIIII
IIIIA12IAA1AA12IIIIIIIIIIIIIIIIIIIIIIIIIIIIIIIIIIIIIIIIIIIIIIIII
IIIIA12IAAAAA12IIIIIIIIIIIIIIIIIIIIIIIIIIIIIIIIIIIIIIIIIIIIIIIII
IIIAA12IAAAAA12IIIIIIIIIIIIIIIIIIIIIIIIIIIIIIIIIIIIIIIIIIIIIIIII
IIIIIIIIIIIIA1IIIIIIIIIIIIIIIIIIIIIIIIIIIIIIIIIIIIIIIIIIIIIIIIII
IIIIIIIIA1IIA1IIIIIIIIIIIIIIIIIIIIIIIIIIIIIIIIIIIIIIIIIIIIIIIIII
IIIIA1IIA1IIA1IIIIIIIIIIIIIIIIIIIIIIIIIIIIIIIIIIIIIIIIIIIIIIIIII
IIIIA1IIAA1IA1IIIIIIIIIIIIIIIIIIIIIIIIIIIIIIIIIIIIIIIIIIIIIIIIII
IIIIA1IIAA1AA1IIIIIIIIIIIIIIIIIIIIIIIIIIIIIIIIIIIIIIIIIIIIIIIIII
IIIIA1IIAAAAA1IIIIIIIIIIIIIIIIIIIIIIIIIIIIIIIIIIIIIIIIIIIIIIIIII
IIIAA1IIAAAAA1IIIIIIIIIIIIIIIIIIIIIIIIIIIIIIIIIIIIIIIIIIIIIIIIII
IIIIIIIIAI2IIIIIIIIIIIIIIIIIIIIIIIIIIIIIIIIIIIIIIIIIIIIIIIIIIIII
IIIIAI2IAI2IIIIIIIIIIIIIIIIIIIIIIIIIIIIIIIIIIIIIIIIIIIIIIIIIIIII
IIIIAI2IAA22IIIIIIIIIIIIIIIIIIIIIIIIIIIIIIIIIIIIIIIIIIIIIIIIIIII
IIIIAI2IAA2AI2IIIIIIIIIIIIIIIIIIIIIIIIIIIIIIIIIIIIIIIIIIIIIIIIII
IIIIAI2IAAAA22IIIIIIIIIIIIIIIIIIIIIIIIIIIIIIIIIIIIIIIIIIIIIIIIII
IIIAA22IAAAA22IIIIIIIIIIIIIIIIIIIIIIIIIIIIIIIIIIIIIIIIIIIIIIIIII
IIIIIIIIIIIIA2IIIIIIIIIIIIIIIIIIIIIIIIIIIIIIIIIIIIIIIIIIIIIIIIII
IIIIIIIIA1IIIIIIIIIIIIIIIIIIIIIIIIIIIIIIIIIIIIIIIIIIIIIIIIIIIIII
IIIIA1IIA1IIIIIIIIIIIIIIIIIIIIIIIIIIIIIIIIIIIIIIIIIIIIIIIIIIIIII
IIIIA1IIAA1IIIIIIIIIIIIIIIIIIIIIIIIIIIIIIIIIIIIIIIIIIIIIIIIIIIII
IIIIA1IIAA1A1IIIIIIIIIIIIIIIIIIIIIIIIIIIIIIIIIIIIIIIIIIIIIIIIIII
IIIIA1IIAAAA1IIIIIIIIIIIIIIIIIIIIIIIIIIIIIIIIIIIIIIIIIIIIIIIIIII
IIIAA1IIAAAA1IIIIIIIIIIIIIIIIIIIIIIIIIIIIIIIIIIIIIIIIIIIIIIIIIII
IIIIIIIIIIIIA2IIIIIIIIIIIIIIIIIIIIIIIIIIIIIIIIIIIIIIIIIIIIIIIIII
IIIIIIIIA2IIIIIIIIIIIIIIIIIIIIIIIIIIIIIIIIIIIIIIIIIIIIIIIIIIIIII
IIIIA2IIA2IIIIIIIIIIIIIIIIIIIIIIIIIIIIIIIIIIIIIIIIIIIIIIIIIIIIII
IIIIA2IIAA2IIIIIIIIIIIIIIIIIIIIIIIIIIIIIIIIIIIIIIIIIIIIIIIIIIIII
IIIIA2IIAA2A2IIIIIIIIIIIIIIIIIIIIIIIIIIIIIIIIIIIIIIIIIIIIIIIIIII
IIIIA2IIAAAA2IIIIIIIIIIIIIIIIIIIIIIIIIIIIIIIIIIIIIIIIIIIIIIIIIII
IIIAA2IIAAAA2IIIIIIIIIIIIIIIIIIIIIIIIIIIIIIIIIIIIIIIIIIIIIIIIIII
IIIIIIIIIIIIA2IIIIIIIIIIIIIIIIIIIIIIIIIIIIIIIIIIIIIIIIIIIIIIIIII
IIIIIIIIA2IIA2IIIIIIIIIIIIIIIIIIIIIIIIIIIIIIIIIIIIIIIIIIIIIIIIII
IIIIA2IIA2IIA2IIIIIIIIIIIIIIIIIIIIIIIIIIIIIIIIIIIIIIIIIIIIIIIIII
IIIIA2IIAA2IA2IIIIIIIIIIIIIIIIIIIIIIIIIIIIIIIIIIIIIIIIIIIIIIIIII
IIIIA2IIAA2AA2IIIIIIIIIIIIIIIIIIIIIIIIIIIIIIIIIIIIIIIIIIIIIIIIII
IIIIA2IIAAAAA2IIIIIIIIIIIIIIIIIIIIIIIIIIIIIIIIIIIIIIIIIIIIIIIIII
IIIAA2IIAAAAA2IIIIIIIIIIIIIIIIIIIIIIIIIIIIIIIIIIIIIIIIIIIIIIIIII
IIIIIIIIIIIIA1IIIIIIIIIIIIIIIIIIIIIIIIIIIIIIIIIIIIIIIIIIIIIIIIII
IIIIIIIIA1IIA1IIIIIIIIIIIIIIIIIIIIIIIIIIIIIIIIIIIIIIIIIIIIIIIIII
IIIIA1IIA1IIA1IIIIIIIIIIIIIIIIIIIIIIIIIIIIIIIIIIIIIIIIIIIIIIIIII
IIIIA1IIAA1IA1IIIIIIIIIIIIIIIIIIIIIIIIIIIIIIIIIIIIIIIIIIIIIIIIII
IIIIA1IIAA1AA1IIIIIIIIIIIIIIIIIIIIIIIIIIIIIIIIIIIIIIIIIIIIIIIIII
IIIIA1IIAAAAA1IIIIIIIIIIIIIIIIIIIIIIIIIIIIIIIIIIIIIIIIIIIIIIIIII
IIIAA1IIAAAAA1IIIIIIIIIIIIIIIIIIIIIIIIIIIIIIIIIIIIIIIIIIIIIIIIII
IIIIIIIIA1IIIIIIIIIIIIIIIIIIIIIIIIIIIIIIIIIIIIIIIIIIIIIIIIIIIIII
IIIIA1IIA1IIIIIIIIIIIIIIIIIIIIIIIIIIIIIIIIIIIIIIIIIIIIIIIIIIIIII
IIIIA1IIAA1IIIIIIIIIIIIIIIIIIIIIIIIIIIIIIIIIIIIIIIIIIIIIIIIIIIII
IIIIA1IIAA1A1IIIIIIIIIIIIIIIIIIIIIIIIIIIIIIIIIIIIIIIIIIIIIIIIIII
IIIIA1IIAAAA1IIIIIIIIIIIIIIIIIIIIIIIIIIIIIIIIIIIIIIIIIIIIIIIIIII
IIIAA1IIAAAA1IIIIIIIIIIIIIIIIIIIIIIIIIIIIIIIIIIIIIIIIIIIIIIIIIII
IIIAA1IIAAAA1IIIIIIIIIIIIIIIIIIIIIIIIIIIIIIIIIIA1IIIIIIIIIIIIIII
IIIAA1IIAAAAA1IIIIIIIIIIIIIIIIIIIIIIIIIIIIIIIIIA1IIIIIIIIIIIIIII
IIIAA1IIAAAAA1IIIA1IIIIIIIIIIIIIIIIIIIIIIIIIIIIA1IIIIIIIIIIIIIII
IIIIIIIIIIIIIIIIIIIIIIIIIIIIIIIIIIIIIIIIIIIIIIIA2IIIIIIIIIIIIIII
IIIIIIIIIIIIIIIIIA2IIIIIIIIIIIIIIIIIIIIIIIIIIIIA2IIIIIIIIIIIIIII
IIIIIIIIA1IIIIIIIA2IIIIIIIIIIIIIIIIIIIIIIIIIIIIA2IIIIIIIIIIIIIII
IIIIA1IIA1IIIIIIIA2IIIIIIIIIIIIIIIIIIIIIIIIIIIIA2IIIIIIIIIIIIIII
IIIIA1IIAA1IIIIIIA2IIIIIIIIIIIIIIIIIIIIIIIIIIIIA2IIIIIIIIIIIIIII
IIIIA1IIAA1A1IIIIA2IIIIIIIIIIIIIIIIIIIIIIIIIIIIA2IIIIIIIIIIIIIII
IIIIA1IIAAAA1IIIIA2IIIIIIIIIIIIIIIIIIIIIIIIIIIIA2IIIIIIIIIIIIIII
IIIAA1IIAAAA1IIIIA2IIIIIIIIIIIIIIIIIIIIIIIIIIIIA2IIIIIIIIIIIIIII
IIIAA1IIAAAA1IIIIA2IIIIIIIIIIIIIIIIIIIIIIIIIIIIA1IIIIIIIIIIIIIII
IIIAA1IIAAAAA1IIIA2IIIIIIIIIIIIIIIIIIIIIIIIIIIIA1IIIIIIIIIIIIIII
IIIAA1IIAAAAA1IIIA1IIIIIIIIIIIIIIIIIIIIIIIIIIIIA1IIIIIIIIIIIIIII
IIIIIIIIIIIIIIIIIIIIIIIIIIIIIIIIIIIIIIIIIIIIIIIA1IIIIIIIIIIIIIII
IIIIIIIIIIIIIIIIIA1IIIIIIIIIIIIIIIIIIIIIIIIIIIIA1IIIIIIIIIIIIIII
IIIIIIIIA1IIIIIIIA1IIIIIIIIIIIIIIIIIIIIIIIIIIIIA1IIIIIIIIIIIIIII
IIIIA1IIA1IIIIIIIA1IIIIIIIIIIIIIIIIIIIIIIIIIIIIA1IIIIIIIIIIIIIII
IIIIA1IIAA1IIIIIIA1IIIIIIIIIIIIIIIIIIIIIIIIIIIIA1IIIIIIIIIIIIIII
IIIIA1IIAA1A1IIIIA1IIIIIIIIIIIIIIIIIIIIIIIIIIIIA1IIIIIIIIIIIIIII
IIIIA1IIAAAA1IIIIA1IIIIIIIIIIIIIIIIIIIIIIIIIIIIA1IIIIIIIIIIIIIII
IIIAA1IIAAAA1IIIIA1IIIIIIIIIIIIIIIIIIIIIIIIIIIIA1IIIIIIIIIIIIIII
IIIIIIIIIIIIIIIIIIIIIIIIIIIIIIIIIIIIIIIIIIIIIIIA2IIIIIIIIIIIIIII
IIIIIIIIIIIIIIIIIA2IIIIIIIIIIIIIIIIIIIIIIIIIIIIA2IIIIIIIIIIIIIII
IIIIIIIIIIIIIIIIIIIIIIIIIIIIIIIIIIIIIIIIIIIIIIIA2IIIIIIIIIIIIIII
IIIIIIIIIIIIIIIIIA2IIIIIIIIIIIIIIIIIIIIIIIIIIIIA2IIIIIIIIIIIIIII
IIIIIIIIIIIIIIIIIIIIIIIIIIIIIIIIIIIIIIIIIIIIIIIA1IIIIIIIIIIIIIII
IIIIIIIIIIIIA1IIIIIIIIIIIIIIIIIIIIIIIIIIIIIIIIIA1IIIIIIIIIIIIIII
IIIIIIIIIIIIA1IIIA1IIIIIIIIIIIIIIIIIIIIIIIIIIIIA1IIIIIIIIIIIIIII
IIIIIIIIA1IIA1IIIA1IIIIIIIIIIIIIIIIIIIIIIIIIIIIA1IIIIIIIIIIIIIII
IIIIA1IIA1IIA1IIIA1IIIIIIIIIIIIIIIIIIIIIIIIIIIIA1IIIIIIIIIIIIIII
IIIIA1IIAA1IA1IIIA1IIIIIIIIIIIIIIIIIIIIIIIIIIIIA1IIIIIIIIIIIIIII
IIIIA1IIAA1AA1IIIA1IIIIIIIIIIIIIIIIIIIIIIIIIIIIA1IIIIIIIIIIIIIII
IIIIA1IIAAAAA1IIIA1IIIIIIIIIIIIIIIIIIIIIIIIIIIIA1IIIIIIIIIIIIIII
IIIAA1IIAAAAA1IIIA1IIIIIIIIIIIIIIIIIIIIIIIIIIIIA1IIIIIIIIIIIIIII
IIIIIIIIIIIIIIIIIIIIIIIIIIIIIIIIIIIIIIIIIIIIIIIA2IIIIIIIIIIIIIII
IIIIIIIIIIIIIIIIIA2IIIIIIIIIIIIIIIIIIIIIIIIIIIIA2IIIIIIIIIIIIIII
IIIIIIIIA2IIIIIIIA2IIIIIIIIIIIIIIIIIIIIIIIIIIIIA2IIIIIIIIIIIIIII
IIIIA2IIA2IIIIIIIA2IIIIIIIIIIIIIIIIIIIIIIIIIIIIA2IIIIIIIIIIIIIII
IIIIA2IIAA2IIIIIIA2IIIIIIIIIIIIIIIIIIIIIIIIIIIIA2IIIIIIIIIIIIIII
IIIIA2IIAA2A2IIIIA2IIIIIIIIIIIIIIIIIIIIIIIIIIIIA2IIIIIIIIIIIIIII
IIIIA2IIAAAA2IIIIA2IIIIIIIIIIIIIIIIIIIIIIIIIIIIA2IIIIIIIIIIIIIII
IIIAA2IIAAAA2IIIIA2IIIIIIIIIIIIIIIIIIIIIIIIIIIIA2IIIIIIIIIIIIIII
IIIAA2IIAAAAA2IIIA2IIIIIIIIIIIIIIIIIIIIIIIIIIIIA2IIIIIIIIIIIIIII
IIIAA2IIAAAAA2IIIA2IIIIIIIIIIIIIIIIIIIIIIIIIIIIA1IIIIIIIIIIIIIII
IIIAA2IIAAAAA2IIIA1IIIIIIIIIIIIIIIIIIIIIIIIIIIIA1IIIIIIIIIIIIIII
IIIAA1IIAAAAA2IIIA1IIIIIIIIIIIIIIIIIIIIIIIIIIIIA1IIIIIIIIIIIIIII
IIIIIIIIIIIIAIIIIIIIIIIIIIIIIIIIIIIIIIIIIIIIIIIIIIIIIIIIIIIIIIII
IIIIIIIIIIIIA1IIIIIIIIIIIIIIIIIIIIIIIIIIIIIIIIIIIIIIIIIIIIIIIIII
IIIIIIIIAIIIIIIIIIIIIIIIIIIIIIIIIIIIIIIIIIIIIIIIIIIIIIIIIIIIIIII
IIIIAIIIAIIIIIIIIIIIIIIIIIIIIIIIIIIIIIIIIIIIIIIIIIIIIIIIIIIIIIII
IIIIAIIIAAIIIIIIIIIIIIIIIIIIIIIIIIIIIIIIIIIIIIIIIIIIIIIIIIIIIIII
IIIIAIIIAAIAIIIIIIIIIIIIIIIIIIIIIIIIIIIIIIIIIIIIIIIIIIIIIIIIIIII
IIIIAIIIAAAAIIIIIIIIIIIIIIIIIIIIIIIIIIIIIIIIIIIIIIIIIIIIIIIIIIII
IIIIIIIIIA1IIIIIIIIIIIIIIIIIIIIIIIIIIIIIIIIIIIIIIIIIIIIIIIIIIIII
IIIIA1IIIA1IIIIIIIIIIIIIIIIIIIIIIIIIIIIIIIIIIIIIIIIIIIIIIIIIIIII
IIIAA1IIIA1IIIIIIIIIIIIIIIIIIIIIIIIIIIIIIIIIIIIIIIIIIIIIIIIIIIII
IIIIIIIIIIIIAIIIIIIIIIIIIIIIIIIIIIIIIIIIIIIIIIIIIIIIIIIIIIIIIIII
IIIIIIIIIIIIA2IIIIIIIIIIIIIIIIIIIIIIIIIIIIIIIIIIIIIIIIIIIIIIIIII
IIIIIIIIIIIIA1IIIIIIIIIIIIIIIIIIIIIIIIIIIIIIIIIIIIIIIIIIIIIIIIII
IIIIIIIIA1IIA1IIIIIIIIIIIIIIIIIIIIIIIIIIIIIIIIIIIIIIIIIIIIIIIIII
IIIIA1IIA1IIA1IIIIIIIIIIIIIIIIIIIIIIIIIIIIIIIIIIIIIIIIIIIIIIIIII
IIIIA1IIAA1IA1IIIIIIIIIIIIIIIIIIIIIIIIIIIIIIIIIIIIIIIIIIIIIIIIII
IIIIA1IIAA1AA1IIIIIIIIIIIIIIIIIIIIIIIIIIIIIIIIIIIIIIIIIIIIIIIIII
IIIIA1IIAAAAA1IIIIIIIIIIIIIIIIIIIIIIIIIIIIIIIIIIIIIIIIIIIIIIIIII
IIIIA12IAAAAA1IIIIIIIIIIIIIIIIIIIIIIIIIIIIIIIIIIIIIIIIIIIIIIIIII
IIIAA12IAAAAA1IIIIIIIIIIIIIIIIIIIIIIIIIIIIIIIIIIIIIIIIIIIIIIIIII
IIIAA12IAAAAA1IIIIIIIIIIIIIIIIIIIIIIIIIIIIIIIIIAI2IIIIIIIIIIIIII
IIIAA12IAAAAA12IIIIIIIIIIIIIIIIIIIIIIIIIIIIIIIIAI2IIIIIIIIIIIIII
IIIAA12IAAAAA12IIAI2IIIIIIIIIIIIIIIIIIIIIIIIIIIAI2IIIIIIIIIIIIII
IIIIII21AIIIIIIIIIIIIIIIIIIIIIIIIIIIIIIIIIIIIIIIIIIIIIIIIIIIIIII
II21AI21AIIIIIIIIIIIIIIIIIIIIIIIIIIIIIIIIIIIIIIIIIIIIIIIIIIIIIII
II21AI21AAIIIIIIIIIIIIIIIIIIIIIIIIIIIIIIIIIIIIIIIIIIIIIIIIIIIIII
II21AI21AAIAIIIIIIIIIIIIIIIIIIIIIIIIIIIIIIIIIIIIIIIIIIIIIIIIIIII
II21AI21AAAAIIIIIIIIIIIIIIIIIIIIIIIIIIIIIIIIIIIIIIIIIIIIIIIIIIII
II1AAI21AAAAIIIIIIIIIIIIIIIIIIIIIIIIIIIIIIIIIIIIIIIIIIIIIIIIIIII
IIIIIIIIIIIIA1IIIIIIIIIIIIIIIIIIIIIIIIIIIIIIIIIIIIIIIIIIIIIIIIII
IIIIIIIIIIIIIIIIIIIIIIIIIIIIIIIIIIIIIIIIIIIIIIIA1IIIIIIIIIIIIIII
IIIIIIIIIIIIIIIIIA1IIIIIIIIIIIIIIIIIIIIIIIIIIIIA1IIIIIIIIIIIIIII
IIIIIIIIA1IIIIIIIA1IIIIIIIIIIIIIIIIIIIIIIIIIIIIA1IIIIIIIIIIIIIII
IIIIA1IIA1IIIIIIIA1IIIIIIIIIIIIIIIIIIIIIIIIIIIIA1IIIIIIIIIIIIIII
IIIIA1IIAA1IIIIIIA1IIIIIIIIIIIIIIIIIIIIIIIIIIIIA1IIIIIIIIIIIIIII
IIIIA1IIAA1A1IIIIA1IIIIIIIIIIIIIIIIIIIIIIIIIIIIA1IIIIIIIIIIIIIII
IIIIA1IIAAAA1IIIIA1IIIIIIIIIIIIIIIIIIIIIIIIIIIIA1IIIIIIIIIIIIIII
IIIIIIIIIIIIA2IIIIIIIIIIIIIIIIIIIIIIIIIIIIIIIIIIIIIIIIIIIIIIIIII
IIIIIIIIA111A1IIIIIIIIIIIIIIIIIIIIIIIIIIIIIIIIIIIIIIIIIIIIIIIIII
IIIIA111A111A1IIIIIIIIIIIIIIIIIIIIIIIIIIIIIIIIIIIIIIIIIIIIIIIIII
IIIIA111AA11A1IIIIIIIIIIIIIIIIIIIIIIIIIIIIIIIIIIIIIIIIIIIIIIIIII
IIIIA111AA1AA1111IIIIIIIIIIIIIIIIIIIIIIIIIIIIIIIIIIIIIIIIIIIIIII
IIIIA111AAAAA1111IIIIIIIIIIIIIIIIIIIIIIIIIIIIIIIIIIIIIIIIIIIIIII
IIIAA111AAAAA1111IIIIIIIIIIIIIIIIIIIIIIIIIIIIIIIIIIIIIIIIIIIIIII
IIIIIIIIIIIIAIIIIIIIIIIIIIIIIIIIIIIIIIIIIIIIIIIIIIIIIIIIIIIIIIII
IIIIIIIIAIIIAIIIIIIIIIIIIIIIIIIIIIIIIIIIIIIIIIIIIIIIIIIIIIIIIIII
IIIIAIIIAIIIAIIIIIIIIIIIIIIIIIIIIIIIIIIIIIIIIIIIIIIIIIIIIIIIIIII
IIIIAIIIAAIIAIIIIIIIIIIIIIIIIIIIIIIIIIIIIIIIIIIIIIIIIIIIIIIIIIII
IIIIAIIIAAIAAIIIIIIIIIIIIIIIIIIIIIIIIIIIIIIIIIIIIIIIIIIIIIIIIIII
IIIIAIIIAAAAAIIIIIIIIIIIIIIIIIIIIIIIIIIIIIIIIIIIIIIIIIIIIIIIIIII
IIIAAIIIAAAAAIIIIIIIIIIIIIIIIIIIIIIIIIIIIIIIIIIIIIIIIIIIIIIIIIII
IIIIIIIIIIIIA1IIIIIIIIIIIIIIIIIIIIIIIIIIIIIIIIIIIIIIIIIIIIIIIIII
IIIIIIIIIIIIAIIIIIIIIIIIIIIIIIIIIIIIIIIIIIIIIIIIIIIIIIIIIIIIIIII
IIIIIIIIA111A22IIIIIIIIIIIIIIIIIIIIIIIIIIIIIIIIIIIIIIIIIIIIIIIII
IIIIAIIIA111A22IIIIIIIIIIIIIIIIIIIIIIIIIIIIIIIIIIIIIIIIIIIIIIIII
IIIIAIIIAA11A122IIIIIIIIIIIIIIIIIIIIIIIIIIIIIIIIIIIIIIIIIIIIIIII
IIIIAIIIAA1AA1112IIIIIIIIIIIIIIIIIIIIIIIIIIIIIIIIIIIIIIIIIIIIIII
IIIIAIIIAAAAA1112IIIIIIIIIIIIIIIIIIIIIIIIIIIIIIIIIIIIIIIIIIIIIII
IIIIA111AAAAA1112IIIIIIIIIIIIIIIIIIIIIIIIIIIIIIIIIIIIIIIIIIIIIII
IIIAA111AAAAA1112IIIIIIIIIIIIIIIIIIIIIIIIIIIIIIIIIIIIIIIIIIIIIII
IIIAA111AAAAA11122IIIIIIIIIIIIIIIIIIIIIIIIIIIIIIIIIIIIIIIIIIIIII
IIIIIIIIIIIIA2IIIIIIIIIIIIIIIIIIIIIIIIIIIIIIIIIIIIIIIIIIIIIIIIII
IIIIIIIIA1IIIIIIIIIIIIIIIIIIIIIIIIIIIIIIIIIIIIIIIIIIIIIIIIIIIIII
IIIIA1IIA1IIIIIIIIIIIIIIIIIIIIIIIIIIIIIIIIIIIIIIIIIIIIIIIIIIIIII
IIIIA1IIAA1IIIIIIIIIIIIIIIIIIIIIIIIIIIIIIIIIIIIIIIIIIIIIIIIIIIII
IIIIA1IIAA1A1IIIIIIIIIIIIIIIIIIIIIIIIIIIIIIIIIIIIIIIIIIIIIIIIIII
IIIIA1IIAAAA1IIIIIIIIIIIIIIIIIIIIIIIIIIIIIIIIIIIIIIIIIIIIIIIIIII
IIIAA1IIAAAA1IIIIIIIIIIIIIIIIIIIIIIIIIIIIIIIIIIIIIIIIIIIIIIIIIII
IIIAA1IIAAAAAIIIIIIIIIIIIIIIIIIIIIIIIIIIIIIIIIIIIIIIIIIIIIIIIIII
IIIIIIIIA2IIIIIIIIIIIIIIIIIIIIIIIIIIIIIIIIIIIIIIIIIIIIIIIIIIIIII
IIIIA2IIA2IIIIIIIIIIIIIIIIIIIIIIIIIIIIIIIIIIIIIIIIIIIIIIIIIIIIII
IIIIA2IIA2IIA2IIIIIIIIIIIIIIIIIIIIIIIIIIIIIIIIIIIIIIIIIIIIIIIIII
IIIIA2IIA1IIA2IIIIIIIIIIIIIIIIIIIIIIIIIIIIIIIIIIIIIIIIIIIIIIIIII
IIIIA1IIA1IIA2IIIIIIIIIIIIIIIIIIIIIIIIIIIIIIIIIIIIIIIIIIIIIIIIII
IIIIA1IIAA1IA2IIIIIIIIIIIIIIIIIIIIIIIIIIIIIIIIIIIIIIIIIIIIIIIIII
IIIIA1IIAAA1A2IIIIIIIIIIIIIIIIIIIIIIIIIIIIIIIIIIIIIIIIIIIIIIIIII
IIIIA1IIAAAAA2IIIIIIIIIIIIIIIIIIIIIIIIIIIIIIIIIIIIIIIIIIIIIIIIII
IIIIIIIIIII2AIIIIIIIIIIIIIIIIIIIIIIIIIIIIIIIIIIIIIIIIIIIIIIIIIII
IIIIIIIIA1IIIIIIIIIIIIIIIIIIIIIIIIIIIIIIIIIIIIIIIIIIIIIIIIIIIIII
IIIIA1IIA1IIIIIIIIIIIIIIIIIIIIIIIIIIIIIIIIIIIIIIIIIIIIIIIIIIIIII
IIIIA1IIAA1IIIIIIIIIIIIIIIIIIIIIIIIIIIIIIIIIIIIIIIIIIIIIIIIIIIII
IIIIA1IIAA1A1IIIIIIIIIIIIIIIIIIIIIIIIIIIIIIIIIIIIIIIIIIIIIIIIIII
IIIIA1IIAAAA1IIIIIIIIIIIIIIIIIIIIIIIIIIIIIIIIIIIIIIIIIIIIIIIIIII
IIIAA1IIAAAA1IIIIIIIIIIIIIIIIIIIIIIIIIIIIIIIIIIIIIIIIIIIIIIIIIII
IIIIIIIIIIIIAIIIIIIIIIIIIIIIIIIIIIIIIIIIIIIIIIIIIIIIIIIIIIIIIIII
IIIIIIIIIIIIA2IIIIIIIIIIIIIIIIIIIIIIIIIIIIIIIIIIIIIIIIIIIIIIIIII
IIIIIIIIIIIIA111222IIIIIIIIIIIIIIIIIIIIIIIIIIIIIIIIIIIIIIIIIIIII
IIIIIIIIA111A111222IIIIIIIIIIIIIIIIIIIIIIIIIIIIIIIIIIIIIIIIIIIII
IIIIAIIIA111A111222IIIIIIIIIIIIIIIIIIIIIIIIIIIIIIIIIIIIIIIIIIIII
IIIIAIIIAA11A111222IIIIIIIIIIIIIIIIIIIIIIIIIIIIIIIIIIIIIIIIIIIII
IIIIAIIIAA1AA111222IIIIIIIIIIIIIIIIIIIIIIIIIIIIIIIIIIIIIIIIIIIII
IIIIAIIIAAAAA111222IIIIIIIIIIIIIIIIIIIIIIIIIIIIIIIIIIIIIIIIIIIII
IIIIA111AAAAA111222IIIIIIIIIIIIIIIIIIIIIIIIIIIIIIIIIIIIIIIIIIIII
IIIAA111AAAAA111222IIIIIIIIIIIIIIIIIIIIIIIIIIIIIIIIIIIIIIIIIIIII
IIIIIIIIIIIIA1IIIIIIIIIIIIIIIIIIIIIIIIIIIIIIIIIIIIIIIIIIIIIIIIII
IIIIIIIIIIIIAIIIIIIIIIIIIIIIIIIIIIIIIIIIIIIIIIIIIIIIIIIIIIIIIIII
IIIIIIIIIA2IIIIIIIIIIIIIIIIIIIIIIIIIIIIIIIIIIIIIIIIIIIIIIIIIIIII
IIIIA2IIIA2IIIIIIIIIIIIIIIIIIIIIIIIIIIIIIIIIIIIIIIIIIIIIIIIIIIII
IIIAA2IIIA2IIIIIIIIIIIIIIIIIIIIIIIIIIIIIIIIIIIIIIIIIIIIIIIIIIIII
IIIAA2IIAA2IIIIIIIIIIIIIIIIIIIIIIIIIIIIIIIIIIIIIIIIIIIIIIIIIIIII
IIIAA2IIAA2A2IIIIIIIIIIIIIIIIIIIIIIIIIIIIIIIIIIIIIIIIIIIIIIIIIII
IIIAA2IIAAAA2IIIIIIIIIIIIIIIIIIIIIIIIIIIIIIIIIIIIIIIIIIIIIIIIIII
IIIIIIIIIIIIIIIIIIIIIIIIIIIIIIIIIIIIIIIIIIIIIIIA1IIIIIIIIIIIIIII
IIIIIIIIIIIIA1IIIIIIIIIIIIIIIIIIIIIIIIIIIIIIIIIA1IIIIIIIIIIIIIII
IIIIIIIIIIIIA1IIIA1IIIIIIIIIIIIIIIIIIIIIIIIIIIIA1IIIIIIIIIIIIIII
IIIIIIIIA1IIA1IIIA1IIIIIIIIIIIIIIIIIIIIIIIIIIIIA1IIIIIIIIIIIIIII
IIIIA1IIA1IIA1IIIA1IIIIIIIIIIIIIIIIIIIIIIIIIIIIA1IIIIIIIIIIIIIII
IIIIA1IIAA1IA1IIIA1IIIIIIIIIIIIIIIIIIIIIIIIIIIIA1IIIIIIIIIIIIIII
IIIIA1IIAA1AA1IIIA1IIIIIIIIIIIIIIIIIIIIIIIIIIIIA1IIIIIIIIIIIIIII
IIIIA1IIAAAAA1IIIA1IIIIIIIIIIIIIIIIIIIIIIIIIIIIA1IIIIIIIIIIIIIII
IIIAA1IIAAAAA1IIIA1IIIIIIIIIIIIIIIIIIIIIIIIIIIIA1IIIIIIIIIIIIIII
IIIIIIIIIIIIA2IIIIIIIIIIIIIIIIIIIIIIIIIIIIIIIIIIIIIIIIIIIIIIIIII
IIIIIIIIIIIIA1IIIIIIIIIIIIIIIIIIIIIIIIIIIIIIIIIIIIIIIIIIIIIIIIII
IIIIIIIIIIIIA2IIIIIIIIIIIIIIIIIIIIIIIIIIIIIIIIIIIIIIIIIIIIIIIIII
IIIIIIIIA2IIA2IIIIIIIIIIIIIIIIIIIIIIIIIIIIIIIIIIIIIIIIIIIIIIIIII
IIIIA2IIA2IIA2IIIIIIIIIIIIIIIIIIIIIIIIIIIIIIIIIIIIIIIIIIIIIIIIII
IIIIA2IIAA2IA2IIIIIIIIIIIIIIIIIIIIIIIIIIIIIIIIIIIIIIIIIIIIIIIIII
IIIIA2IIAA2AA2IIIIIIIIIIIIIIIIIIIIIIIIIIIIIIIIIIIIIIIIIIIIIIIIII
IIIIA2IIAAAAA2IIIIIIIIIIIIIIIIIIIIIIIIIIIIIIIIIIIIIIIIIIIIIIIIII
IIIIIIIIIIIIA1IIIIIIIIIIIIIIIIIIIIIIIIIIIIIIIIIIIIIIIIIIIIIIIIII
IIIIIIIIIIA1A1IIIIIIIIIIIIIIIIIIIIIIIIIIIIIIIIIIIIIIIIIIIIIIIIII
IIIIIIIIIIAAA1IIIIIIIIIIIIIIIIIIIIIIIIIIIIIIIIIIIIIIIIIIIIIIIIII
IIIIIIIIIIIIAI2IIIIIIIIIIIIIIIIIIIIIIIIIIIIIIIIIIIIIIIIIIIIIIIII
IIIIIIIIIIIIA1IIIIIIIIIIIIIIIIIIIIIIIIIIIIIIIIIIIIIIIIIIIIIIIIII
IIIIIIIIA1IIA1IIIIIIIIIIIIIIIIIIIIIIIIIIIIIIIIIIIIIIIIIIIIIIIIII
IIIIA1IIA1IIA1IIIIIIIIIIIIIIIIIIIIIIIIIIIIIIIIIIIIIIIIIIIIIIIIII
IIIIA1IIAA1IA1IIIIIIIIIIIIIIIIIIIIIIIIIIIIIIIIIIIIIIIIIIIIIIIIII
IIIIA1IIAA1AA1IIIIIIIIIIIIIIIIIIIIIIIIIIIIIIIIIIIIIIIIIIIIIIIIII
IIIIA1IIAAAAA1IIIIIIIIIIIIIIIIIIIIIIIIIIIIIIIIIIIIIIIIIIIIIIIIII
IIIAA1IIAAAAA1IIIIIIIIIIIIIIIIIIIIIIIIIIIIIIIIIIIIIIIIIIIIIIIIII
IIIAA1IIAAAAA12IIIIIIIIIIIIIIIIIIIIIIIIIIIIIIIIIIIIIIIIIIIIIIIII
IIIAA11IAAAAA12IIIIIIIIIIIIIIIIIIIIIIIIIIIIIIIIIIIIIIIIIIIIIIIII
IIIAA11IAAAAA122IIIIIIIIIIIIIIIIIIIIIIIIIIIIIIIIIIIIIIIIIIIIIIII
IIIAA11IAAAAA1222IIIIIIIIIIIIIIIIIIIIIIIIIIIIIIIIIIIIIIIIIIIIIII
IIIAA112AAAAA1222IIIIIIIIIIIIIIIIIIIIIIIIIIIIIIIIIIIIIIIIIIIIIII
IIIAA112AAAAA12222IIIIIIIIIIIIIIIIIIIIIIIIIIIIIIIIIIIIIIIIIIIIII
IIIIIIIIIIIIIIIIIIIIIIIIIIIIIIIIIIIIIIIIIIIIIIIA11I222IIIIIIIIII
IIIIIIIIIIIIIIIIIA11I222IIIIIIIIIIIIIIIIIIIIIIIA11I222IIIIIIIIII
IIIIIIIIIIIIA11I2A11I222IIIIIIIIIIIIIIIIIIIIIIIA11I222IIIIIIIIII
IIIIIIIIA2IIA11I2A11I222IIIIIIIIIIIIIIIIIIIIIIIA11I222IIIIIIIIII
IIIIA2IIA2IIA11I2A11I222IIIIIIIIIIIIIIIIIIIIIIIA11I222IIIIIIIIII
IIIIA2IIAA2IA11I2A11I222IIIIIIIIIIIIIIIIIIIIIIIA11I222IIIIIIIIII
IIIIA2IIAA2AA11I2A11I222IIIIIIIIIIIIIIIIIIIIIIIA11I222IIIIIIIIII
IIIIA2IIAAAAA11I2A11I222IIIIIIIIIIIIIIIIIIIIIIIA11I222IIIIIIIIII
IIIAA2IIAAAAA11I2A11I222IIIIIIIIIIIIIIIIIIIIIIIA11I222IIIIIIIIII
IIIIIIIIIIIIIIIIIIIIIIIIIIIIIIIIIIIIIIIIIIIIIIIA1IIIIIIIIIIIIIII
IIIIIIIIIIIIIIIIIA1IIIIIIIIIIIIIIIIIIIIIIIIIIIIA1IIIIIIIIIIIIIII
IIIIIIIIA1IIIIIIIA1IIIIIIIIIIIIIIIIIIIIIIIIIIIIA1IIIIIIIIIIIIIII
IIIIA1IIA1IIIIIIIA1IIIIIIIIIIIIIIIIIIIIIIIIIIIIA1IIIIIIIIIIIIIII
IIIIA1IIAA1IIIIIIA1IIIIIIIIIIIIIIIIIIIIIIIIIIIIA1IIIIIIIIIIIIIII
IIIIA1IIAA1A1IIIIA1IIIIIIIIIIIIIIIIIIIIIIIIIIIIA1IIIIIIIIIIIIIII
IIIIA1IIAAAA1IIIIA1IIIIIIIIIIIIIIIIIIIIIIIIIIIIA1IIIIIIIIIIIIIII
IIIAA1IIAAAA1IIIIA1IIIIIIIIIIIIIIIIIIIIIIIIIIIIA1IIIIIIIIIIIIIII
IIIIIIIIIIIIIIIIIIIIIIIIIIIIIIIIIIIIIIIIIIIIIIIA1IIIIIIIIIIIIIII
IIIIIIIIIIIIIIIIIA1IIIIIIIIIIIIIIIIIIIIIIIIIIIIA1IIIIIIIIIIIIIII
IIIIIIIIA1IIIIIIIA1IIIIIIIIIIIIIIIIIIIIIIIIIIIIA1IIIIIIIIIIIIIII
IIIIA1IIA1IIIIIIIA1IIIIIIIIIIIIIIIIIIIIIIIIIIIIA1IIIIIIIIIIIIIII
IIIIA1IIAA1IIIIIIA1IIIIIIIIIIIIIIIIIIIIIIIIIIIIA1IIIIIIIIIIIIIII
IIIIA1IIAA1A1IIIIA1IIIIIIIIIIIIIIIIIIIIIIIIIIIIA1IIIIIIIIIIIIIII
IIIIA1IIAAAA1IIIIA1IIIIIIIIIIIIIIIIIIIIIIIIIIIIA1IIIIIIIIIIIIIII
IIIAA1IIAAAA1IIIIA1IIIIIIIIIIIIIIIIIIIIIIIIIIIIA1IIIIIIIIIIIIIII
IIIAA1IIAAAAA1IIIA1IIIIIIIIIIIIIIIIIIIIIIIIIIIIA1IIIIIIIIIIIIIII
IIIIIIIIIIIIAIIIIIIIIIIIIIIIIIIIIIIIIIIIIIIIIIIIIIIIIIIIIIIIIIII
IIIIIIIIIIIIAIIIIIIIIIIIIIIIIIIIIIIIIIIIIIIIIIIAIIIIIIIIIIIIIIII
IIIIIIIIIIIIAIIIIAIIIIIIIIIIIIIIIIIIIIIIIIIIIIIAIIIIIIIIIIIIIIII
IIIIIIIIIIIIIIIIIIIIIIIIIIIIIIIIIIIIIIIIIIIIIIIA1IIIIIIIIIIIIIII
IIIIIIIIIIIIIIIIIA1IIIIIIIIIIIIIIIIIIIIIIIIIIIIA1IIIIIIIIIIIIIII
IIIIIIIIA1IIIIIIIA1IIIIIIIIIIIIIIIIIIIIIIIIIIIIA1IIIIIIIIIIIIIII
IIIIA1IIA1IIIIIIIA1IIIIIIIIIIIIIIIIIIIIIIIIIIIIA1IIIIIIIIIIIIIII
IIIIA1IIAA1IIIIIIA1IIIIIIIIIIIIIIIIIIIIIIIIIIIIA1IIIIIIIIIIIIIII
IIIIA1IIAA1A1IIIIA1IIIIIIIIIIIIIIIIIIIIIIIIIIIIA1IIIIIIIIIIIIIII
IIIIA1IIAAAA1IIIIA1IIIIIIIIIIIIIIIIIIIIIIIIIIIIA1IIIIIIIIIIIIIII
IIIAA1IIAAAA1IIIIA1IIIIIIIIIIIIIIIIIIIIIIIIIIIIA1IIIIIIIIIIIIIII
IIIIIIIIIIIIIIIIIIIIIIIIIIIIIIIIIIIIIIIIIIIIIIIA1IIIIIIIIIIIIIII
IIIIIIIIIIIIIIIIIA1IIIIIIIIIIIIIIIIIIIIIIIIIIIIA1IIIIIIIIIIIIIII
IIIIIIIIA1IIIIIIIA1IIIIIIIIIIIIIIIIIIIIIIIIIIIIA1IIIIIIIIIIIIIII
IIIIA1IIA1IIIIIIIA1IIIIIIIIIIIIIIIIIIIIIIIIIIIIA1IIIIIIIIIIIIIII
IIIIA1IIAA1IIIIIIA1IIIIIIIIIIIIIIIIIIIIIIIIIIIIA1IIIIIIIIIIIIIII
IIIIA1IIAA1A1IIIIA1IIIIIIIIIIIIIIIIIIIIIIIIIIIIA1IIIIIIIIIIIIIII
IIIIA1IIAAAA1IIIIA1IIIIIIIIIIIIIIIIIIIIIIIIIIIIA1IIIIIIIIIIIIIII
IIIAA1IIAAAA1IIIIA1IIIIIIIIIIIIIIIIIIIIIIIIIIIIA1IIIIIIIIIIIIIII
IIIIIIIIIIIIA2IIIIIIIIIIIIIIIIIIIIIIIIIIIIIIIIIIIIIIIIIIIIIIIIII
IIIIIIIIIIIIA1IIIIIIIIIIIIIIIIIIIIIIIIIIIIIIIIIIIIIIIIIIIIIIIIII
IIIIIIIIIIIIAIIIIIIIIIIIIIIIIIIIIIIIIIIIIIIIIIIIIIIIIIIIIIIIIIII
IIIIIIIIAIIIAIIIIIIIIIIIIIIIIIIIIIIIIIIIIIIIIIIIIIIIIIIIIIIIIIII
IIIIAIIIAIIIAIIIIIIIIIIIIIIIIIIIIIIIIIIIIIIIIIIIIIIIIIIIIIIIIIII
IIIIAIIIAAIIAIIIIIIIIIIIIIIIIIIIIIIIIIIIIIIIIIIIIIIIIIIIIIIIIIII
IIIIAIIIAAIAAIIIIIIIIIIIIIIIIIIIIIIIIIIIIIIIIIIIIIIIIIIIIIIIIIII
IIIIAIIIAAAAAIIIIIIIIIIIIIIIIIIIIIIIIIIIIIIIIIIIIIIIIIIIIIIIIIII
IIIIIIIIIA1IIIIIIIIIIIIIIIIIIIIIIIIIIIIIIIIIIIIIIIIIIIIIIIIIIIII
IIIIA1IIIA1IIIIIIIIIIIIIIIIIIIIIIIIIIIIIIIIIIIIIIIIIIIIIIIIIIIII
IIIAA1IIIA1IIIIIIIIIIIIIIIIIIIIIIIIIIIIIIIIIIIIIIIIIIIIIIIIIIIII
IIIIIIIIIIIIAIIIIIIIIIIIIIIIIIIIIIIIIIIIIIIIIIIIIIIIIIIIIIIIIIII
IIIIIIIIIIIIIIIIIIIIIIIIIIIIIIIIIIIIIIIIIIIIIIIAI1IIIIIIIIIIIIII
IIIIIIIIIIIIIIIIIAI1IIIIIIIIIIIIIIIIIIIIIIIIIIIAI1IIIIIIIIIIIIII
IIIIIIIIAI1IIIIIIAI1IIIIIIIIIIIIIIIIIIIIIIIIIIIAI1IIIIIIIIIIIIII
IIIIAI1IAI1IIIIIIAI1IIIIIIIIIIIIIIIIIIIIIIIIIIIAI1IIIIIIIIIIIIII
IIIIAI1IAA11IIIIIAI1IIIIIIIIIIIIIIIIIIIIIIIIIIIAI1IIIIIIIIIIIIII
IIIIAI1IAA1AI1IIIAI1IIIIIIIIIIIIIIIIIIIIIIIIIIIAI1IIIIIIIIIIIIII
IIIIAI1IAAAA11IIIAI1IIIIIIIIIIIIIIIIIIIIIIIIIIIAI1IIIIIIIIIIIIII
IIIAA11IAAAA11IIIAI1IIIIIIIIIIIIIIIIIIIIIIIIIIIAI1IIIIIIIIIIIIII
IIIIIIIIIIIIA2IIIIIIIIIIIIIIIIIIIIIIIIIIIIIIIIIIIIIIIIIIIIIIIIII
IIIIIIIIA1IIIIIIIIIIIIIIIIIIIIIIIIIIIIIIIIIIIIIIIIIIIIIIIIIIIIII
IIIIA1IIA1IIIIIIIIIIIIIIIIIIIIIIIIIIIIIIIIIIIIIIIIIIIIIIIIIIIIII
IIIIA1IIAA1IIIIIIIIIIIIIIIIIIIIIIIIIIIIIIIIIIIIIIIIIIIIIIIIIIIII
IIIIA1IIAA1A1IIIIIIIIIIIIIIIIIIIIIIIIIIIIIIIIIIIIIIIIIIIIIIIIIII
IIIIA1IIAAAA1IIIIIIIIIIIIIIIIIIIIIIIIIIIIIIIIIIIIIIIIIIIIIIIIIII
IIIAA1IIAAAA1IIIIIIIIIIIIIIIIIIIIIIIIIIIIIIIIIIIIIIIIIIIIIIIIIII
IIIIIIIIIIIIAIIIIIIIIIIIIIIIIIIIIIIIIIIIIIIIIIIIIIIIIIIIIIIIIIII
IIIIIIIIA1IIIIIIIIIIIIIIIIIIIIIIIIIIIIIIIIIIIIIIIIIIIIIIIIIIIIII
IIIIA1IIA1IIIIIIIIIIIIIIIIIIIIIIIIIIIIIIIIIIIIIIIIIIIIIIIIIIIIII
IIIIA1IIAA1IIIIIIIIIIIIIIIIIIIIIIIIIIIIIIIIIIIIIIIIIIIIIIIIIIIII
IIIIA1IIAA1A1IIIIIIIIIIIIIIIIIIIIIIIIIIIIIIIIIIIIIIIIIIIIIIIIIII
IIIIA1IIAAAA1IIIIIIIIIIIIIIIIIIIIIIIIIIIIIIIIIIIIIIIIIIIIIIIIIII
IIIAA1IIAAAA1IIIIIIIIIIIIIIIIIIIIIIIIIIIIIIIIIIIIIIIIIIIIIIIIIII
IIIIIIIIIIIIA2IIIIIIIIIIIIIIIIIIIIIIIIIIIIIIIIIIIIIIIIIIIIIIIIII
IIIIIIIIA1IIIIIIIIIIIIIIIIIIIIIIIIIIIIIIIIIIIIIIIIIIIIIIIIIIIIII
IIIIA1IIA1IIIIIIIIIIIIIIIIIIIIIIIIIIIIIIIIIIIIIIIIIIIIIIIIIIIIII
IIIIA1IIAA1IIIIIIIIIIIIIIIIIIIIIIIIIIIIIIIIIIIIIIIIIIIIIIIIIIIII
IIIIA1IIAA1A1IIIIIIIIIIIIIIIIIIIIIIIIIIIIIIIIIIIIIIIIIIIIIIIIIII
IIIIA1IIAAAA1IIIIIIIIIIIIIIIIIIIIIIIIIIIIIIIIIIIIIIIIIIIIIIIIIII
IIIAA1IIAAAA1IIIIIIIIIIIIIIIIIIIIIIIIIIIIIIIIIIIIIIIIIIIIIIIIIII
IIIAA1IIAAAA1IIIIIIIIIIIIIIIIIIIIIIIIIIIIIIIIIIA1IIIIIIIIIIIIIII
IIIAA1IIAAAAA1IIIIIIIIIIIIIIIIIIIIIIIIIIIIIIIIIA1IIIIIIIIIIIIIII
IIIAA1IIAAAAA1II2AIIIIIIIIIIIIIIIIIIIIIIIIIIIIIA1IIIIIIIIIIIIIII
IIIAA1I2AAAAA1II2AIIIIIIIIIIIIIIIIIIIIIIIIIIIIIA1IIIIIIIIIIIIIII
II2AA1I2AAAAA1II2AIIIIIIIIIIIIIIIIIIIIIIIIIIIIIA1IIIIIIIIIIIIIII
IIIIIIIIIIIIIIIIIIIIIIIIIIIIIIIIIIIIIIIIIIIIIIIA1IIIIIIIIIIIIIII
IIIIIIIIIIIIIIIIIA1IIIIIIIIIIIIIIIIIIIIIIIIIIIIA1IIIIIIIIIIIIIII
IIIIIIIIA1IIIIIIIA1IIIIIIIIIIIIIIIIIIIIIIIIIIIIA1IIIIIIIIIIIIIII
IIIIA1IIA1IIIIIIIA1IIIIIIIIIIIIIIIIIIIIIIIIIIIIA1IIIIIIIIIIIIIII
IIIIA1IIAA1IIIIIIA1IIIIIIIIIIIIIIIIIIIIIIIIIIIIA1IIIIIIIIIIIIIII
IIIIA1IIAA1A1IIIIA1IIIIIIIIIIIIIIIIIIIIIIIIIIIIA1IIIIIIIIIIIIIII
IIIIA1IIAAAA1IIIIA1IIIIIIIIIIIIIIIIIIIIIIIIIIIIA1IIIIIIIIIIIIIII
IIIAA1IIAAAA1IIIIA1IIIIIIIIIIIIIIIIIIIIIIIIIIIIA1IIIIIIIIIIIIIII
IIIIIIIIIIIIIIIIIIIIIIIIIIIIIIIIIIIIIIIIIIIIIIIA2IIIIIIIIIIIIIII
IIIIIIIIIIIIA2IIIIIIIIIIIIIIIIIIIIIIIIIIIIIIIIIA2IIIIIIIIIIIIIII
IIIIIIIIIIIIA2IIIA2IIIIIIIIIIIIIIIIIIIIIIIIIIIIA2IIIIIIIIIIIIIII
IIIIIIIIA2IIA2IIIA2IIIIIIIIIIIIIIIIIIIIIIIIIIIIA2IIIIIIIIIIIIIII
IIIIA2IIA2IIA2IIIA2IIIIIIIIIIIIIIIIIIIIIIIIIIIIA2IIIIIIIIIIIIIII
IIIIA2IIAA2IA2IIIA2IIIIIIIIIIIIIIIIIIIIIIIIIIIIA2IIIIIIIIIIIIIII
IIIIA2IIAA2AA2IIIA2IIIIIIIIIIIIIIIIIIIIIIIIIIIIA2IIIIIIIIIIIIIII
IIIIA2IIAAAAA2IIIA2IIIIIIIIIIIIIIIIIIIIIIIIIIIIA2IIIIIIIIIIIIIII
IIIAA2IIAAAAA2IIIA2IIIIIIIIIIIIIIIIIIIIIIIIIIIIA2IIIIIIIIIIIIIII
IIIIIIIIIIIIA1IIIIIIIIIIIIIIIIIIIIIIIIIIIIIIIIIIIIIIIIIIIIIIIIII
IIIIIIIIA1IIIIIIIIIIIIIIIIIIIIIIIIIIIIIIIIIIIIIIIIIIIIIIIIIIIIII
IIIIA1IIA1IIIIIIIIIIIIIIIIIIIIIIIIIIIIIIIIIIIIIIIIIIIIIIIIIIIIII
IIIIA1IIAA1IIIIIIIIIIIIIIIIIIIIIIIIIIIIIIIIIIIIIIIIIIIIIIIIIIIII
IIIIA1IIAA1A1IIIIIIIIIIIIIIIIIIIIIIIIIIIIIIIIIIIIIIIIIIIIIIIIIII
IIIIA1IIAAAA1IIIIIIIIIIIIIIIIIIIIIIIIIIIIIIIIIIIIIIIIIIIIIIIIIII
IIIAA1IIAAAA1IIIIIIIIIIIIIIIIIIIIIIIIIIIIIIIIIIIIIIIIIIIIIIIIIII
IIIAA1IIAAAAAIIIIIIIIIIIIIIIIIIIIIIIIIIIIIIIIIIIIIIIIIIIIIIIIIII
IIIIIIIIIIIIIIIIIIIIIIIIIIIIIIIIIIIIIIIIIIIIIIIA1IIIIIIIIIIIIIII
IIIIIIIIIIIIIIIIIA1IIIIIIIIIIIIIIIIIIIIIIIIIIIIA1IIIIIIIIIIIIIII
IIIIIIIIA1IIIIIIIA1IIIIIIIIIIIIIIIIIIIIIIIIIIIIA1IIIIIIIIIIIIIII
IIIIA1IIA1IIIIIIIA1IIIIIIIIIIIIIIIIIIIIIIIIIIIIA1IIIIIIIIIIIIIII
IIIIA1IIAA1IIIIIIA1IIIIIIIIIIIIIIIIIIIIIIIIIIIIA1IIIIIIIIIIIIIII
IIIIA1IIAA1A1IIIIA1IIIIIIIIIIIIIIIIIIIIIIIIIIIIA1IIIIIIIIIIIIIII
IIIIA1IIAAAA1IIIIA1IIIIIIIIIIIIIIIIIIIIIIIIIIIIA1IIIIIIIIIIIIIII
IIIAA1IIAAAA1IIIIA1IIIIIIIIIIIIIIIIIIIIIIIIIIIIA1IIIIIIIIIIIIIII
IIIIIIIIIII2AIIIIIIIIIIIIIIIIIIIIIIIIIIIIIIIIIIIIIIIIIIIIIIIIIII
IIIIIIIIIII2AIIIIIIIIIIIIIIIIIIIIIIIIIIIIIIIII2AIIIIIIIIIIIIIIII
IIIIIIIIIII2AIII2AIIIIIIIIIIIIIIIIIIIIIIIIIIII2AIIIIIIIIIIIIIIII
IIIIIII2AII2AIII2AIIIIIIIIIIIIIIIIIIIIIIIIIIII2AIIIIIIIIIIIIIIII
III2AII2AII2AIII2AIIIIIIIIIIIIIIIIIIIIIIIIIIII2AIIIIIIIIIIIIIIII
III2AII2AAI2AIII2AIIIIIIIIIIIIIIIIIIIIIIIIIIII2AIIIIIIIIIIIIIIII
III2AII2AA2AAIII2AIIIIIIIIIIIIIIIIIIIIIIIIIIII2AIIIIIIIIIIIIIIII
III2AII2AAAAAIII2AIIIIIIIIIIIIIIIIIIIIIIIIIIII2AIIIIIIIIIIIIIIII
II2AAII2AAAAAIII2AIIIIIIIIIIIIIIIIIIIIIIIIIIII2AIIIIIIIIIIIIIIII
IIIIIIIIIIIIA2IIIIIIIIIIIIIIIIIIIIIIIIIIIIIIIIIIIIIIIIIIIIIIIIII
IIIIIIIIIIIIIIIIIIIIIIIIIIIIIIIIIIIIIIIIIIIIIIIA1IIIIIIIIIIIIIII
IIIIIIIIIIIIIIIIIA1IIIIIIIIIIIIIIIIIIIIIIIIIIIIA1IIIIIIIIIIIIIII
IIIIIIIIA1IIIIIIIA1IIIIIIIIIIIIIIIIIIIIIIIIIIIIA1IIIIIIIIIIIIIII
IIIIA1IIA1IIIIIIIA1IIIIIIIIIIIIIIIIIIIIIIIIIIIIA1IIIIIIIIIIIIIII
IIIIA1IIAA1IIIIIIA1IIIIIIIIIIIIIIIIIIIIIIIIIIIIA1IIIIIIIIIIIIIII
IIIIA1IIAA1A1IIIIA1IIIIIIIIIIIIIIIIIIIIIIIIIIIIA1IIIIIIIIIIIIIII
IIIIA1IIAAAA1IIIIA1IIIIIIIIIIIIIIIIIIIIIIIIIIIIA1IIIIIIIIIIIIIII
IIIAA1IIAAAA1IIIIA1IIIIIIIIIIIIIIIIIIIIIIIIIIIIA1IIIIIIIIIIIIIII
IIIIIIIIIIIIIIIIIIIIIIIIIIIIIIIIIIIIIIIIIIIIIIIA1IIIIIIIIIIIIIII
IIIIIIIIIIIIIIIIIA1IIIIIIIIIIIIIIIIIIIIIIIIIIIIA1IIIIIIIIIIIIIII
IIIIIIIIIIIIIIIIIIIIIIIIIIIIIIIIIIIIIIIIIIIIIIIA1IIIIIIIIIIIIIII
IIIIIIIIIIIIA1IIIIIIIIIIIIIIIIIIIIIIIIIIIIIIIIIA1IIIIIIIIIIIIIII
IIIIIIIIIIIIA1IIIA1IIIIIIIIIIIIIIIIIIIIIIIIIIIIA1IIIIIIIIIIIIIII
IIIIIIIIA1IIA1IIIA1IIIIIIIIIIIIIIIIIIIIIIIIIIIIA1IIIIIIIIIIIIIII
IIIIA1IIA1IIA1IIIA1IIIIIIIIIIIIIIIIIIIIIIIIIIIIA1IIIIIIIIIIIIIII
IIIIA1IIAAIIA1IIIA1IIIIIIIIIIIIIIIIIIIIIIIIIIIIA1IIIIIIIIIIIIIII
IIIIA1IIAA2AA1IIIA1IIIIIIIIIIIIIIIIIIIIIIIIIIIIA1IIIIIIIIIIIIIII
IIIIA1IIAAAAA1IIIA1IIIIIIIIIIIIIIIIIIIIIIIIIIIIA1IIIIIIIIIIIIIII
III2A1IIAAAAA1IIIA1IIIIIIIIIIIIIIIIIIIIIIIIIIIIA1IIIIIIIIIIIIIII
II2AA1IIAAAAA1IIIA1IIIIIIIIIIIIIIIIIIIIIIIIIIIIA1IIIIIIIIIIIIIII
II2AA1I2AAAAA1IIIA1IIIIIIIIIIIIIIIIIIIIIIIIIIIIA1IIIIIIIIIIIIIII
IIIIIIIIIIIIIIIIIIIIIIIIIIIIIIIIIIIIIIIIIIIIII2AIIIIIIIIIIIIIIII
IIIIIIIIIIIIIIII2AIIIIIIIIIIIIIIIIIIIIIIIIIIII2AIIIIIIIIIIIIIIII
IIIIIII2AIIIIIII2AIIIIIIIIIIIIIIIIIIIIIIIIIIII2AIIIIIIIIIIIIIIII
III2AII2AIIIIIII2AIIIIIIIIIIIIIIIIIIIIIIIIIIII2AIIIIIIIIIIIIIIII
III2AII2AAIIIIII2AIIIIIIIIIIIIIIIIIIIIIIIIIIII2AIIIIIIIIIIIIIIII
III2AII2AA2AIIII2AIIIIIIIIIIIIIIIIIIIIIIIIIIII2AIIIIIIIIIIIIIIII
III2AII2AAAAIIII2AIIIIIIIIIIIIIIIIIIIIIIIIIIII2AIIIIIIIIIIIIIIII
II2AAII2AAAAIIII2AIIIIIIIIIIIIIIIIIIIIIIIIIIII2AIIIIIIIIIIIIIIII
II2AA1I2AAAAIIII2AIIIIIIIIIIIIIIIIIIIIIIIIIIII2AIIIIIIIIIIIIIIII
II2AA1I2AAAA1III2AIIIIIIIIIIIIIIIIIIIIIIIIIIII2AIIIIIIIIIIIIIIII
IIIIIIIIIIIIA1IIIIIIIIIIIIIIIIIIIIIIIIIIIIIIIIIIIIIIIIIIIIIIIIII
IIIIIIIIIIIIIIIIIIIIIIIIIIIIIIIIIIIIIIIIIIIIIIIAIIIIIIIIIIIIIIII
IIIIIIIIIIIIIIIIIAIIIIIIIIIIIIIIIIIIIIIIIIIIIIIAIIIIIIIIIIIIIIII
IIIIIIIIAIIIIIIIIAIIIIIIIIIIIIIIIIIIIIIIIIIIIIIAIIIIIIIIIIIIIIII
IIIIAIIIAIIIIIIIIAIIIIIIIIIIIIIIIIIIIIIIIIIIIIIAIIIIIIIIIIIIIIII
IIIIAIIIAAIIIIIIIAIIIIIIIIIIIIIIIIIIIIIIIIIIIIIAIIIIIIIIIIIIIIII
IIIIAIIIAAIAIIIIIAIIIIIIIIIIIIIIIIIIIIIIIIIIIIIAIIIIIIIIIIIIIIII
IIIIAIIIAAAAIIIIIAIIIIIIIIIIIIIIIIIIIIIIIIIIIIIAIIIIIIIIIIIIIIII
IIIIIIIIIIIIAIIIIIIIIIIIIIIIIIIIIIIIIIIIIIIIIIIIIIIIIIIIIIIIIIII
IIIIIIIIIIIIA2IIIIIIIIIIIIIIIIIIIIIIIIIIIIIIIIIIIIIIIIIIIIIIIIII
IIIIIIIIIIIIA1IIIIIIIIIIIIIIIIIIIIIIIIIIIIIIIIIIIIIIIIIIIIIIIIII
IIIIIIIIAIIIA1IIIIIIIIIIIIIIIIIIIIIIIIIIIIIIIIIIIIIIIIIIIIIIIIII
IIIIAIIIAIIIA1IIIIIIIIIIIIIIIIIIIIIIIIIIIIIIIIIIIIIIIIIIIIIIIIII
IIIIAIIIAAIIA1IIIIIIIIIIIIIIIIIIIIIIIIIIIIIIIIIIIIIIIIIIIIIIIIII
IIIIAIIIAAIAA1IIIIIIIIIIIIIIIIIIIIIIIIIIIIIIIIIIIIIIIIIIIIIIIIII
IIIIAIIIAAAAA1IIIIIIIIIIIIIIIIIIIIIIIIIIIIIIIIIIIIIIIIIIIIIIIIII
IIIAAIIIAAAAA1IIIIIIIIIIIIIIIIIIIIIIIIIIIIIIIIIIIIIIIIIIIIIIIIII
IIIIIIIIIIIIIIIIIIIIIIIIIIIIIIIIIIIIIIIIIIIIIIIA2IIIIIIIIIIIIIII
IIIIIIIIIIIIIIIIIA2IIIIIIIIIIIIIIIIIIIIIIIIIIIIA2IIIIIIIIIIIIIII
IIIIIIIIIIIIIIIIIA2A2IIIIIIIIIIIIIIIIIIIIIIIIIIA2IIIIIIIIIIIIIII
IIIIIIIIA2IIIIIIIA2A2IIIIIIIIIIIIIIIIIIIIIIIIIIA2IIIIIIIIIIIIIII
IIIIA2IIA2IIIIIIIA2A2IIIIIIIIIIIIIIIIIIIIIIIIIIA2IIIIIIIIIIIIIII
IIIIA2IIAA2IIIIIIA2A2IIIIIIIIIIIIIIIIIIIIIIIIIIA2IIIIIIIIIIIIIII
IIIIA2IIAA2A2IIIIA2A2IIIIIIIIIIIIIIIIIIIIIIIIIIA2IIIIIIIIIIIIIII
IIIIA2IIAAAA2IIIIA2A2IIIIIIIIIIIIIIIIIIIIIIIIIIA2IIIIIIIIIIIIIII
IIIAA2IIAAAA2IIIIA2A2IIIIIIIIIIIIIIIIIIIIIIIIIIA2IIIIIIIIIIIIIII
IIIIIIIIIIIIIIIIIIIIIIIIIIIIIIIIIIIIIIIIIIIIIIIA2IIIIIIIIIIIIIII
IIIIIIIIIIIIA2IIIIIIIIIIIIIIIIIIIIIIIIIIIIIIIIIA2IIIIIIIIIIIIIII
IIIIIIIIIIIIA2IIIA2IIIIIIIIIIIIIIIIIIIIIIIIIIIIA2IIIIIIIIIIIIIII
IIIIIIIIIIIIA2IIIA2A2IIIIIIIIIIIIIIIIIIIIIIIIIIA2IIIIIIIIIIIIIII
IIIIIIIIA2IIA2IIIA2A2IIIIIIIIIIIIIIIIIIIIIIIIIIA2IIIIIIIIIIIIIII
IIIIA2IIA2IIA2IIIA2A2IIIIIIIIIIIIIIIIIIIIIIIIIIA2IIIIIIIIIIIIIII
IIIIA2IIAA2IA2IIIA2A2IIIIIIIIIIIIIIIIIIIIIIIIIIA2IIIIIIIIIIIIIII
IIIIA2IIAA2AA2IIIA2A2IIIIIIIIIIIIIIIIIIIIIIIIIIA2IIIIIIIIIIIIIII
IIIIA2IIAAAAA2IIIA2A2IIIIIIIIIIIIIIIIIIIIIIIIIIA2IIIIIIIIIIIIIII
IIIAA2IIAAAAA2IIIA2A2IIIIIIIIIIIIIIIIIIIIIIIIIIA2IIIIIIIIIIIIIII
IIIIIIIIIIIIIIIIIIIIIIIIIIIIIIIIIIIIIIIIIIIIIIIA2IIIIIIIIIIIIIII
IIIIIIIIIIIIIIIIIA2IIIIIIIIIIIIIIIIIIIIIIIIIIIIA2IIIIIIIIIIIIIII
IIIIIIIIIIIIIIIIIA2A2IIIIIIIIIIIIIIIIIIIIIIIIIIA2IIIIIIIIIIIIIII
IIIIIIIIA2IIIIIIIA2A2IIIIIIIIIIIIIIIIIIIIIIIIIIA2IIIIIIIIIIIIIII
IIIIA2IIA2IIIIIIIA2A2IIIIIIIIIIIIIIIIIIIIIIIIIIA2IIIIIIIIIIIIIII
IIIIA2IIAA2IIIIIIA2A2IIIIIIIIIIIIIIIIIIIIIIIIIIA2IIIIIIIIIIIIIII
IIIIA2IIAA2A2IIIIA2A2IIIIIIIIIIIIIIIIIIIIIIIIIIA2IIIIIIIIIIIIIII
IIIIA2IIAAAA2IIIIA2A2IIIIIIIIIIIIIIIIIIIIIIIIIIA2IIIIIIIIIIIIIII
IIIAA2IIAAAA2IIIIA2A2IIIIIIIIIIIIIIIIIIIIIIIIIIA2IIIIIIIIIIIIIII
IIIAA2IIAAAAA2IIIA2A2IIIIIIIIIIIIIIIIIIIIIIIIIIA2IIIIIIIIIIIIIII
IIIIIIIIIIIIIIIIIIIIIIIIIIIIIIIIIIIIIIIIIIIIIIIA2IIIIIIIIIIIIIII
IIIIIIIIIIIIIIIIIA2IIIIIIIIIIIIIIIIIIIIIIIIIIIIA2IIIIIIIIIIIIIII
IIIIIIIIIIIIIIIIIA2A2IIIIIIIIIIIIIIIIIIIIIIIIIIA2IIIIIIIIIIIIIII
IIIIIIIIA2IIIIIIIA2A2IIIIIIIIIIIIIIIIIIIIIIIIIIA2IIIIIIIIIIIIIII
IIIIA2IIA2IIIIIIIA2A2IIIIIIIIIIIIIIIIIIIIIIIIIIA2IIIIIIIIIIIIIII
IIIIA2IIAA2IIIIIIA2A2IIIIIIIIIIIIIIIIIIIIIIIIIIA2IIIIIIIIIIIIIII
IIIIA2IIAA2A2IIIIA2A2IIIIIIIIIIIIIIIIIIIIIIIIIIA2IIIIIIIIIIIIIII
IIIIA2IIAAAA2IIIIA2A2IIIIIIIIIIIIIIIIIIIIIIIIIIA2IIIIIIIIIIIIIII
IIIAA2IIAAAA2IIIIA2A2IIIIIIIIIIIIIIIIIIIIIIIIIIA2IIIIIIIIIIIIIII
IIIAA2IIAAAAA2IIIA2A2IIIIIIIIIIIIIIIIIIIIIIIIIIA2IIIIIIIIIIIIIII
IIIIIIIIIIIIIIIIIIIIIIIIIIIIIIIIIIIIIIIIIIIIIIIA2IIIIIIIIIIIIIII
IIIIIIIIIIIIIIIIIA2IIIIIIIIIIIIIIIIIIIIIIIIIIIIA2IIIIIIIIIIIIIII
IIIIIIIIIIIIIIIIIA2A2IIIIIIIIIIIIIIIIIIIIIIIIIIA2IIIIIIIIIIIIIII
IIIIIIIIA2IIIIIIIA2A2IIIIIIIIIIIIIIIIIIIIIIIIIIA2IIIIIIIIIIIIIII
IIIIA2IIA2IIIIIIIA2A2IIIIIIIIIIIIIIIIIIIIIIIIIIA2IIIIIIIIIIIIIII
IIIIA2IIAA2IIIIIIA2A2IIIIIIIIIIIIIIIIIIIIIIIIIIA2IIIIIIIIIIIIIII
IIIIA2IIAA2A2IIIIA2A2IIIIIIIIIIIIIIIIIIIIIIIIIIA2IIIIIIIIIIIIIII
IIIIA2IIAAAA2IIIIA2A2IIIIIIIIIIIIIIIIIIIIIIIIIIA2IIIIIIIIIIIIIII
IIIAA2IIAAAA2IIIIA2A2IIIIIIIIIIIIIIIIIIIIIIIIIIA2IIIIIIIIIIIIIII
IIIAA1IIAAAA2IIIIA2A2IIIIIIIIIIIIIIIIIIIIIIIIIIA2IIIIIIIIIIIIIII
IIIIIIIIIIIIIIIIIIIIIIIIIIIIIIIIIIIIIIIIIIIIIIIA1IIIIIIIIIIIIIII
IIIIIIIIIIIIIIIIIA1IIIIIIIIIIIIIIIIIIIIIIIIIIIIA1IIIIIIIIIIIIIII
IIIIIIIIIIIIIIIIIA1A1IIIIIIIIIIIIIIIIIIIIIIIIIIA1IIIIIIIIIIIIIII
IIIIIIIIA1IIIIIIIA1A1IIIIIIIIIIIIIIIIIIIIIIIIIIA1IIIIIIIIIIIIIII
IIIIA1IIA1IIIIIIIA1A1IIIIIIIIIIIIIIIIIIIIIIIIIIA1IIIIIIIIIIIIIII
IIIIA1IIAA1IIIIIIA1A1IIIIIIIIIIIIIIIIIIIIIIIIIIA1IIIIIIIIIIIIIII
IIIIA1IIAA1A1IIIIA1A1IIIIIIIIIIIIIIIIIIIIIIIIIIA1IIIIIIIIIIIIIII
IIIIA1IIAAAA1IIIIA1A1IIIIIIIIIIIIIIIIIIIIIIIIIIA1IIIIIIIIIIIIIII
IIIAA1IIAAAA1IIIIA1A1IIIIIIIIIIIIIIIIIIIIIIIIIIA1IIIIIIIIIIIIIII
IIIAA1IIAAAAAI1I2A1A1IIIIIIIIIIIIIIIIIIIIIIIIIIA1IIIIIIIIIIIIIII
IIIIIIIIIIIIA2IIIIIIIIIIIIIIIIIIIIIIIIIIIIIIIIIIIIIIIIIIIIIIIIII
IIIIIIIIA2IIA2IIIIIIIIIIIIIIIIIIIIIIIIIIIIIIIIIIIIIIIIIIIIIIIIII
IIIIA2IIA2IIA2IIIIIIIIIIIIIIIIIIIIIIIIIIIIIIIIIIIIIIIIIIIIIIIIII
IIIIA2IIAA2IA2IIIIIIIIIIIIIIIIIIIIIIIIIIIIIIIIIIIIIIIIIIIIIIIIII
IIIIA2IIAA2AA2IIIIIIIIIIIIIIIIIIIIIIIIIIIIIIIIIIIIIIIIIIIIIIIIII
IIIIA2IIAAAAA2IIIIIIIIIIIIIIIIIIIIIIIIIIIIIIIIIIIIIIIIIIIIIIIIII
IIIIIIIIIIIIA12IIIIIIIIIIIIIIIIIIIIIIIIIIIIIIIIIIIIIIIIIIIIIIIII
IIIIIIIIIIIIIIIIIIIIIIIIIIIIIIIIIIIIIIIIIIIIIIIA12IIIIIIIIIIIIII
IIIIIIIIIIIIIIIIIA12IIIIIIIIIIIIIIIIIIIIIIIIIIIA12IIIIIIIIIIIIII
IIIIIIIIAIIIIIIIIA12IIIIIIIIIIIIIIIIIIIIIIIIIIIA12IIIIIIIIIIIIII
IIIIAIIIAIIIIIIIIA12IIIIIIIIIIIIIIIIIIIIIIIIIIIA12IIIIIIIIIIIIII
IIIIAIIIAAIIIIIIIA12IIIIIIIIIIIIIIIIIIIIIIIIIIIA12IIIIIIIIIIIIII
IIIIAIIIAAIAIIIIIA12IIIIIIIIIIIIIIIIIIIIIIIIIIIA12IIIIIIIIIIIIII
IIIIAIIIAAAAIIIIIA12IIIIIIIIIIIIIIIIIIIIIIIIIIIA12IIIIIIIIIIIIII
IIIAAIIIAAAAIIIIIA12IIIIIIIIIIIIIIIIIIIIIIIIIIIA12IIIIIIIIIIIIII
IIIIIIIIIIIIIIIIIIIIIIIIIIIIIIIIIIIIIIIIIIIIIIIA1IIIIIIIIIIIIIII
IIIIIIIIIIIIA1IIIIIIIIIIIIIIIIIIIIIIIIIIIIIIIIIA1IIIIIIIIIIIIIII
IIIIIIIIIIIIA1IIIA1IIIIIIIIIIIIIIIIIIIIIIIIIIIIA1IIIIIIIIIIIIIII
IIIIIIIIA1IIA1IIIA1IIIIIIIIIIIIIIIIIIIIIIIIIIIIA1IIIIIIIIIIIIIII
IIIIA1IIA1IIA1IIIA1IIIIIIIIIIIIIIIIIIIIIIIIIIIIA1IIIIIIIIIIIIIII
IIIIA1IIAA1IA1IIIA1IIIIIIIIIIIIIIIIIIIIIIIIIIIIA1IIIIIIIIIIIIIII
IIIIA1IIAA1AA1IIIA1IIIIIIIIIIIIIIIIIIIIIIIIIIIIA1IIIIIIIIIIIIIII
IIIIA1IIAAAAA1IIIA1IIIIIIIIIIIIIIIIIIIIIIIIIIIIA1IIIIIIIIIIIIIII
IIIAA1IIAAAAA1IIIA1IIIIIIIIIIIIIIIIIIIIIIIIIIIIA1IIIIIIIIIIIIIII
IIIIIIIIIIIIA1IIIIIIIIIIIIIIIIIIIIIIIIIIIIIIIIIIIIIIIIIIIIIIIIII
IIIIIIIIIIIIA12IIIIIIIIIIIIIIIIIIIIIIIIIIIIIIIIIIIIIIIIIIIIIIIII
IIIIIIIIIIIIAIIIIIIIIIIIIIIIIIIIIIIIIIIIIIIIIIIIIIIIIIIIIIIIIIII
IIIIIIIIAIIIAIIIIIIIIIIIIIIIIIIIIIIIIIIIIIIIIIIIIIIIIIIIIIIIIIII
IIIIAIIIAIIIAIIIIIIIIIIIIIIIIIIIIIIIIIIIIIIIIIIIIIIIIIIIIIIIIIII
IIIIAIIIAAIIAIIIIIIIIIIIIIIIIIIIIIIIIIIIIIIIIIIIIIIIIIIIIIIIIIII
IIIIAIIIAAIAAIIIIIIIIIIIIIIIIIIIIIIIIIIIIIIIIIIIIIIIIIIIIIIIIIII
IIIIAIIIAAAAAIIIIIIIIIIIIIIIIIIIIIIIIIIIIIIIIIIIIIIIIIIIIIIIIIII
IIIIAIIIAAAAAIIIIIIIIIIIIIIIIIIIIIIIIIIIIIIIIIIA1IIIIIIIIIIIIIII
IIIIAIIIAAAAAIIIIA1IIIIIIIIIIIIIIIIIIIIIIIIIIIIA1IIIIIIIIIIIIIII
IIIIA1IIAAAAAIIIIA1IIIIIIIIIIIIIIIIIIIIIIIIIIIIA1IIIIIIIIIIIIIII
IIIIA1IIAAAAA1IIIA1IIIIIIIIIIIIIIIIIIIIIIIIIIIIA1IIIIIIIIIIIIIII
IIIIIIIIIIIIIIIIIIIIIIIIIIIIIIIIIIIIIIIIIIIIIIIA1IIIIIIIIIIIIIII
IIIIIIIIIIIIIIIIIA1IIIIIIIIIIIIIIIIIIIIIIIIIIIIA1IIIIIIIIIIIIIII
IIIIIIIIAIIIIIIIIA1IIIIIIIIIIIIIIIIIIIIIIIIIIIIA1IIIIIIIIIIIIIII
IIIIAIIIAIIIIIIIIA1IIIIIIIIIIIIIIIIIIIIIIIIIIIIA1IIIIIIIIIIIIIII
IIIIAIIIAAIIIIIIIA1IIIIIIIIIIIIIIIIIIIIIIIIIIIIA1IIIIIIIIIIIIIII
IIIIAIIIAAIAIIIIIA1IIIIIIIIIIIIIIIIIIIIIIIIIIIIA1IIIIIIIIIIIIIII
IIIIAIIIAAAAIIIIIA1IIIIIIIIIIIIIIIIIIIIIIIIIIIIA1IIIIIIIIIIIIIII
IIIAAIIIAAAAIIIIIA1IIIIIIIIIIIIIIIIIIIIIIIIIIIIA1IIIIIIIIIIIIIII
IIIIIIIIIIIIA1IIIIIIIIIIIIIIIIIIIIIIIIIIIIIIIIIIIIIIIIIIIIIIIIII
IIIIIIIIIIIIA2IIIIIIIIIIIIIIIIIIIIIIIIIIIIIIIIIIIIIIIIIIIIIIIIII
IIIIIIIIA1IIIIIIIIIIIIIIIIIIIIIIIIIIIIIIIIIIIIIIIIIIIIIIIIIIIIII
IIIIA1IIA1IIIIIIIIIIIIIIIIIIIIIIIIIIIIIIIIIIIIIIIIIIIIIIIIIIIIII
IIIIA1IIAA1IIIIIIIIIIIIIIIIIIIIIIIIIIIIIIIIIIIIIIIIIIIIIIIIIIIII
IIIIA1IIAA1A1IIIIIIIIIIIIIIIIIIIIIIIIIIIIIIIIIIIIIIIIIIIIIIIIIII
IIIIA1IIAAAA1IIIIIIIIIIIIIIIIIIIIIIIIIIIIIIIIIIIIIIIIIIIIIIIIIII
IIIAA1IIAAAA1IIIIIIIIIIIIIIIIIIIIIIIIIIIIIIIIIIIIIIIIIIIIIIIIIII
IIIIIIIIIIIIIIIIIIIIIIIIIIIIIIIIIIIIIIIIIIIIIIIA1IIIIIIIIIIIIIII
IIIIIIIIIIIIA1IIIIIIIIIIIIIIIIIIIIIIIIIIIIIIIIIA1IIIIIIIIIIIIIII
IIIIIIIIIIIIA1IIIA1IIIIIIIIIIIIIIIIIIIIIIIIIIIIA1IIIIIIIIIIIIIII
IIIIIIIIA1IIA1IIIA1IIIIIIIIIIIIIIIIIIIIIIIIIIIIA1IIIIIIIIIIIIIII
IIIIA1IIA1IIA1IIIA1IIIIIIIIIIIIIIIIIIIIIIIIIIIIA1IIIIIIIIIIIIIII
IIIIA1IIAA1IA1IIIA1IIIIIIIIIIIIIIIIIIIIIIIIIIIIA1IIIIIIIIIIIIIII
IIIIA1IIAA1AA1IIIA1IIIIIIIIIIIIIIIIIIIIIIIIIIIIA1IIIIIIIIIIIIIII
IIIIA1IIAAAAA1IIIA1IIIIIIIIIIIIIIIIIIIIIIIIIIIIA1IIIIIIIIIIIIIII
IIIAA1IIAAAAA1IIIA1IIIIIIIIIIIIIIIIIIIIIIIIIIIIA1IIIIIIIIIIIIIII
IIIIIIIIIIIIA1IIIIIIIIIIIIIIIIIIIIIIIIIIIIIIIIIIIIIIIIIIIIIIIIII
IIIIIIIIIIIIA1IIIIIIIIIIIIIIIIIIIIIIIIIIIIIIIIIA2IIIIIIIIIIIIIII
IIIIIIIIIIIIA1IIIA2IIIIIIIIIIIIIIIIIIIIIIIIIIIIA2IIIIIIIIIIIIIII
IIIIIIIIA2IIA1IIIA2IIIIIIIIIIIIIIIIIIIIIIIIIIIIA2IIIIIIIIIIIIIII
IIIIA2IIA2IIA1IIIA2IIIIIIIIIIIIIIIIIIIIIIIIIIIIA2IIIIIIIIIIIIIII
IIIIA2IIAA2IA1IIIA2IIIIIIIIIIIIIIIIIIIIIIIIIIIIA2IIIIIIIIIIIIIII
IIIIA2IIAA2AA1IIIA2IIIIIIIIIIIIIIIIIIIIIIIIIIIIA2IIIIIIIIIIIIIII
IIIIA2IIAAAAA1IIIA2IIIIIIIIIIIIIIIIIIIIIIIIIIIIA2IIIIIIIIIIIIIII
IIIAA2IIAAAAA1IIIA2IIIIIIIIIIIIIIIIIIIIIIIIIIIIA2IIIIIIIIIIIIIII
IIIAA1IIAAAAA1IIIA2IIIIIIIIIIIIIIIIIIIIIIIIIIIIA2IIIIIIIIIIIIIII
IIIIIIIIIA1IIIIIIIIIIIIIIIIIIIIIIIIIIIIIIIIIIIIIIIIIIIIIIIIIIIII
IIIIA1IIIA1IIIIIIIIIIIIIIIIIIIIIIIIIIIIIIIIIIIIIIIIIIIIIIIIIIIII
IIIAA1IIIA1IIIIIIIIIIIIIIIIIIIIIIIIIIIIIIIIIIIIIIIIIIIIIIIIIIIII
IIIIIIIIIIIIAI2IIIIIIIIIIIIIIIIIIIIIIIIIIIIIIIIIIIIIIIIIIIIIIIII
IIIIIIIIA2IIIIIIIIIIIIIIIIIIIIIIIIIIIIIIIIIIIIIIIIIIIIIIIIIIIIII
IIIIA2IIA2IIIIIIIIIIIIIIIIIIIIIIIIIIIIIIIIIIIIIIIIIIIIIIIIIIIIII
IIIIA2IIAA2IIIIIIIIIIIIIIIIIIIIIIIIIIIIIIIIIIIIIIIIIIIIIIIIIIIII
IIIIA2IIAA2A2IIIIIIIIIIIIIIIIIIIIIIIIIIIIIIIIIIIIIIIIIIIIIIIIIII
IIIIA2IIAAAA2IIIIIIIIIIIIIIIIIIIIIIIIIIIIIIIIIIIIIIIIIIIIIIIIIII
IIIAA2IIAAAA2IIIIIIIIIIIIIIIIIIIIIIIIIIIIIIIIIIIIIIIIIIIIIIIIIII
IIIIIIIIIIIIA1IIIIIIIIIIIIIIIIIIIIIIIIIIIIIIIIIIIIIIIIIIIIIIIIII
IIIIIIIIIA1IA1IIIIIIIIIIIIIIIIIIIIIIIIIIIIIIIIIIIIIIIIIIIIIIIIII
IIIIA1IIIA1IA1IIIIIIIIIIIIIIIIIIIIIIIIIIIIIIIIIIIIIIIIIIIIIIIIII
IIIAA1IIIA1IA1IIIIIIIIIIIIIIIIIIIIIIIIIIIIIIIIIIIIIIIIIIIIIIIIII
IIIIIIIIIIIIAI2IIIIIIIIIIIIIIIIIIIIIIIIIIIIIIIIIIIIIIIIIIIIIIIII
IIIIIIIIAI2IAI2IIIIIIIIIIIIIIIIIIIIIIIIIIIIIIIIIIIIIIIIIIIIIIIII
IIIIAI2IAI2IAI2IIIIIIIIIIIIIIIIIIIIIIIIIIIIIIIIIIIIIIIIIIIIIIIII
IIIIAI2IAA22AI2IIIIIIIIIIIIIIIIIIIIIIIIIIIIIIIIIIIIIIIIIIIIIIIII
IIIIAI2IAA2AA22IIIIIIIIIIIIIIIIIIIIIIIIIIIIIIIIIIIIIIIIIIIIIIIII
IIIIAI2IAAAAA22IIIIIIIIIIIIIIIIIIIIIIIIIIIIIIIIIIIIIIIIIIIIIIIII
IIIIA22IAAAAA22IIIIIIIIIIIIIIIIIIIIIIIIIIIIIIIIIIIIIIIIIIIIIIIII
IIIAA22IAAAAA22IIIIIIIIIIIIIIIIIIIIIIIIIIIIIIIIIIIIIIIIIIIIIIIII
IIIIIIIIIIIIA2IIIIIIIIIIIIIIIIIIIIIIIIIIIIIIIIIIIIIIIIIIIIIIIIII
IIIIIIIIIIIIA1IIIIIIIIIIIIIIIIIIIIIIIIIIIIIIIIIIIIIIIIIIIIIIIIII
IIIIIIIIIIIIIIIIIIIIIIIIIIIIIIIIIIIIIIIIIIIIIIIA1222IIIIIIIIIIII
IIIIIIIIIIIIIIIIIA1222IIIIIIIIIIIIIIIIIIIIIIIIIA1222IIIIIIIIIIII
IIIIIIIIA1222IIIIA1222IIIIIIIIIIIIIIIIIIIIIIIIIA1222IIIIIIIIIIII
IIIIA122A1222IIIIA1222IIIIIIIIIIIIIIIIIIIIIIIIIA1222IIIIIIIIIIII
IIIIA122AA1222IIIA1222IIIIIIIIIIIIIIIIIIIIIIIIIA1222IIIIIIIIIIII
IIIIA122AA1A1222IA1222IIIIIIIIIIIIIIIIIIIIIIIIIA1222IIIIIIIIIIII
IIIIA122AAAA1222IA1222IIIIIIIIIIIIIIIIIIIIIIIIIA1222IIIIIIIIIIII
IIIAA122AAAA1222IA1222IIIIIIIIIIIIIIIIIIIIIIIIIA1222IIIIIIIIIIII
IIIAA122AAAAA1222A1222IIIIIIIIIIIIIIIIIIIIIIIIIA1222IIIIIIIIIIII
IIIIIIIIIIIIAIIIIIIIIIIIIIIIIIIIIIIIIIIIIIIIIIIIIIIIIIIIIIIIIIII
IIIIIIIIIIIIA111IIIIIIIIIIIIIIIIIIIIIIIIIIIIIIIIIIIIIIIIIIIIIIII
IIIIIIIIIIIIAI1I1I1I1I1I1I1I1IIIIIIIIIIIIIIIIIIIIIIIIIIIIIIIIIII
IIIIIIIIIIIIAI1I1I1I1I1I1I1I1I11IIIIIIIIIIIIIIIIIIIIIIIIIIIIIIII
IIIIIIIIIIIIAI111I11111IIIIIIIIIIIIIIIIIIIIIIIIIIIIIIIIIIIIIIIII
IIIIIIIIIIIIAIIIIIIIIIIIIIIIIIIIIIIIIIIIIIIIIIIIIIIIIIIIIIIIIIII
IIIIIIIIIIIIIIIIIIIIIIIIIIIIIIIIIIIIIIIIIIIIIIIAIIIIIIIIIIIIIIII
IIIIIIIIIIIIIIIIIAIIIIIIIIIIIIIIIIIIIIIIIIIIIIIAIIIIIIIIIIIIIIII
IIIIIIIIAIIIIIIIIAIIIIIIIIIIIIIIIIIIIIIIIIIIIIIAIIIIIIIIIIIIIIII
IIIIA2IIAIIIIIIIIAIIIIIIIIIIIIIIIIIIIIIIIIIIIIIAIIIIIIIIIIIIIIII
IIIIA2IIAA2IIIIIIAIIIIIIIIIIIIIIIIIIIIIIIIIIIIIAIIIIIIIIIIIIIIII
IIIIA2IIAA2A2IIIIAIIIIIIIIIIIIIIIIIIIIIIIIIIIIIAIIIIIIIIIIIIIIII
IIIIA2IIAAAA2IIIIAIIIIIIIIIIIIIIIIIIIIIIIIIIIIIAIIIIIIIIIIIIIIII
IIIAA2IIAAAA2IIIIAIIIIIIIIIIIIIIIIIIIIIIIIIIIIIAIIIIIIIIIIIIIIII
IIIIIIIIIIIIIIIIIIIIIIIIIIIIIIIIIIIIIIIIIIIIIIIA2IIIIIIIIIIIIIII
IIIIIIIIIIIIA2IIIIIIIIIIIIIIIIIIIIIIIIIIIIIIIIIA2IIIIIIIIIIIIIII
IIIIIIIIIIIIA2IIIA2IIIIIIIIIIIIIIIIIIIIIIIIIIIIA2IIIIIIIIIIIIIII
IIIIIIIIA2IIA2IIIA2IIIIIIIIIIIIIIIIIIIIIIIIIIIIA2IIIIIIIIIIIIIII
IIIIA2IIA2IIA2IIIA2IIIIIIIIIIIIIIIIIIIIIIIIIIIIA2IIIIIIIIIIIIIII
IIIIA2IIAA2IA2IIIA2IIIIIIIIIIIIIIIIIIIIIIIIIIIIA2IIIIIIIIIIIIIII
IIIIA2IIAA2AA2IIIA2IIIIIIIIIIIIIIIIIIIIIIIIIIIIA2IIIIIIIIIIIIIII
IIIIA2IIAAAAA2IIIA2IIIIIIIIIIIIIIIIIIIIIIIIIIIIA2IIIIIIIIIIIIIII
IIIIA1IIAAAAA2IIIA2IIIIIIIIIIIIIIIIIIIIIIIIIIIIA2IIIIIIIIIIIIIII
IIIAA1IIAAAAA2IIIA2IIIIIIIIIIIIIIIIIIIIIIIIIIIIA2IIIIIIIIIIIIIII
IIIAA1IIAAAAA2IIIA2IIIIIIIIIIIIIIIIIIIIIIIIIIIIA1IIIIIIIIIIIIIII
IIIAA1IIAAAAA2IIIA1IIIIIIIIIIIIIIIIIIIIIIIIIIIIA1IIIIIIIIIIIIIII
IIIIIIIIIIIIIIIIIIIIIIIIIIIIIIIIIIIIIIIIIIIIIIIAIIIIIIIIIIIIIIII
IIIIIIIIIIIIAIIIIIIIIIIIIIIIIIIIIIIIIIIIIIIIIIIAIIIIIIIIIIIIIIII
IIIIIIIIIIIIAIIIIAIIIIIIIIIIIIIIIIIIIIIIIIIIIIIAIIIIIIIIIIIIIIII
IIIIIIIIAIIIAIIIIAIIIIIIIIIIIIIIIIIIIIIIIIIIIIIAIIIIIIIIIIIIIIII
IIIIAIIIAIIIAIIIIAIIIIIIIIIIIIIIIIIIIIIIIIIIIIIAIIIIIIIIIIIIIIII
IIIIAIIIAAIIAIIIIAIIIIIIIIIIIIIIIIIIIIIIIIIIIIIAIIIIIIIIIIIIIIII
IIIIAIIIAAIAAIIIIAIIIIIIIIIIIIIIIIIIIIIIIIIIIIIAIIIIIIIIIIIIIIII
IIIIAIIIAAAAAIIIIAIIIIIIIIIIIIIIIIIIIIIIIIIIIIIAIIIIIIIIIIIIIIII
IIIAAIIIAAAAAIIIIAIIIIIIIIIIIIIIIIIIIIIIIIIIIIIAIIIIIIIIIIIIIIII
IIIIIIIIIIIIIIIIIIIIIIIIIIIIIIIIIIIIIIIIIIIIIIIA1IIIIIIIIIIIIIII
IIIIIIIIIIIIIIIIIA1IIIIIIIIIIIIIIIIIIIIIIIIIIIIA1IIIIIIIIIIIIIII
IIIIIIIIA1IIIIIIIA1IIIIIIIIIIIIIIIIIIIIIIIIIIIIA1IIIIIIIIIIIIIII
IIIIA1IIA1IIIIIIIA1IIIIIIIIIIIIIIIIIIIIIIIIIIIIA1IIIIIIIIIIIIIII
IIIIA1IIAA1IIIIIIA1IIIIIIIIIIIIIIIIIIIIIIIIIIIIA1IIIIIIIIIIIIIII
IIIIA1IIAA1A1IIIIA1IIIIIIIIIIIIIIIIIIIIIIIIIIIIA1IIIIIIIIIIIIIII
IIIIA1IIAAAA1IIIIA1IIIIIIIIIIIIIIIIIIIIIIIIIIIIA1IIIIIIIIIIIIIII
IIIAA1IIAAAA1IIIIA1IIIIIIIIIIIIIIIIIIIIIIIIIIIIA1IIIIIIIIIIIIIII
IIIAA1IIAAAA1IIIIA1IIIIIIIIIIIIIIIIIIIIIIIIIII2A1IIIIIIIIIIIIIII
IIIAA1IIAAAAAIIIIA1IIIIIIIIIIIIIIIIIIIIIIIIIII2A1IIIIIIIIIIIIIII
IIIAA1IIAAAAAIII2A1IIIIIIIIIIIIIIIIIIIIIIIIIII2A1IIIIIIIIIIIIIII
IIIAA1I2AAAAAIII2A1IIIIIIIIIIIIIIIIIIIIIIIIIII2A1IIIIIIIIIIIIIII
II2AA1I2AAAAAIII2A1IIIIIIIIIIIIIIIIIIIIIIIIIII2A1IIIIIIIIIIIIIII
IIIIIIIIIIIIIIIIIIIIIIIIIIIIIIIIIIIIIIIIIIIIII2AIIIIIIIIIIIIIIII
IIIIIIIIIIIIIIII2AIIIIIIIIIIIIIIIIIIIIIIIIIIII2AIIIIIIIIIIIIIIII
IIIIIII2AIIIIIII2AIIIIIIIIIIIIIIIIIIIIIIIIIIII2AIIIIIIIIIIIIIIII
III2AII2AIIIIIII2AIIIIIIIIIIIIIIIIIIIIIIIIIIII2AIIIIIIIIIIIIIIII
III2AII2AAIIIIII2AIIIIIIIIIIIIIIIIIIIIIIIIIIII2AIIIIIIIIIIIIIIII
III2AII2AA2AIIII2AIIIIIIIIIIIIIIIIIIIIIIIIIIII2AIIIIIIIIIIIIIIII
III2AII2AAAAIIII2AIIIIIIIIIIIIIIIIIIIIIIIIIIII2AIIIIIIIIIIIIIIII
III2A1I2AAAAIIII2AIIIIIIIIIIIIIIIIIIIIIIIIIIII2AIIIIIIIIIIIIIIII
IIIAA1I2AAAAIIII2AIIIIIIIIIIIIIIIIIIIIIIIIIIII2AIIIIIIIIIIIIIIII
IIIIIIIIIIIIA1IIIIIIIIIIIIIIIIIIIIIIIIIIIIIIIIIIIIIIIIIIIIIIIIII
IIIIIIIIAIIIA1IIIIIIIIIIIIIIIIIIIIIIIIIIIIIIIIIIIIIIIIIIIIIIIIII
IIIIAIIIAIIIA1IIIIIIIIIIIIIIIIIIIIIIIIIIIIIIIIIIIIIIIIIIIIIIIIII
IIIIAIIIAAIIA1IIIIIIIIIIIIIIIIIIIIIIIIIIIIIIIIIIIIIIIIIIIIIIIIII
IIIIAIIIAAIAA1IIIIIIIIIIIIIIIIIIIIIIIIIIIIIIIIIIIIIIIIIIIIIIIIII
IIIIAIIIAAAAA1IIIIIIIIIIIIIIIIIIIIIIIIIIIIIIIIIIIIIIIIIIIIIIIIII
IIIAAIIIAAAAA1IIIIIIIIIIIIIIIIIIIIIIIIIIIIIIIIIIIIIIIIIIIIIIIIII
IIIAA1IIAAAAA1IIIIIIIIIIIIIIIIIIIIIIIIIIIIIIIIIIIIIIIIIIIIIIIIII
IIIAA1IIAAAAA1IIIIIIIIIIIIIIIIIIIIIIIIIIIIIIIIIAIIIIIIIIIIIIIIII
IIIAA1IIAAAAA1IIIAIIIIIIIIIIIIIIIIIIIIIIIIIIIIIAIIIIIIIIIIIIIIII
IIIIIIIIIIIIA1IIIIIIIIIIIIIIIIIIIIIIIIIIIIIIIIIIIIIIIIIIIIIIIIII
IIIIIIIIIIIIAI2IIIIIIIIIIIIIIIIIIIIIIIIIIIIIIIIIIIIIIIIIIIIIIIII
IIIIIIIIIIIIAI2III2IIIII2IIIIIIIIIIIIIIIIIIIIIIIIIIIIIIIIIIIIIII
IIIIIIIIIIIIAIIIII2IIIII2IIIIIIIIIIIIIIIIIIIIIIIIIIIIIIIIIIIIIII
IIIIIIIIIIIIA1III12I2I2IIIIIIIIIIIIIIIIIIIIIIIIIIIIIIIIIIIIIIIII
IIIIIIIIIIA1A1I1212I2I2IIIIIIIIIIIIIIIIIIIIIIIIIIIIIIIIIIIIIIIII
IIIIIIIIIIAAA1I11122222IIIIIIIIIIIIIIIIIIIIIIIIIIIIIIIIIIIIIIIII
IIIIIIIIIIIIAII1I211I1IIIIIIIIIIIIIIIIIIIIIIIIIIIIIIIIIIIIIIIIII
IIIIIIIIIA1IIIIIIIIIIIIIIIIIIIIIIIIIIIIIIIIIIIIIIIIIIIIIIIIIIIII
IIIIA1IIIA1IIIIIIIIIIIIIIIIIIIIIIIIIIIIIIIIIIIIIIIIIIIIIIIIIIIII
IIIAA1IIIA1IIIIIIIIIIIIIIIIIIIIIIIIIIIIIIIIIIIIIIIIIIIIIIIIIIIII
IIIIIIIIIIIIAIIIIIIIIIIIIIIIIIIIIIIIIIIIIIIIIIIIIIIIIIIIIIIIIIII
IIIIIIIIA1IIIIIIIIIIIIIIIIIIIIIIIIIIIIIIIIIIIIIIIIIIIIIIIIIIIIII
IIIIA1IIA1IIIIIIIIIIIIIIIIIIIIIIIIIIIIIIIIIIIIIIIIIIIIIIIIIIIIII
IIIIA1IIAA1IIIIIIIIIIIIIIIIIIIIIIIIIIIIIIIIIIIIIIIIIIIIIIIIIIIII
IIIIA1IIAA1A1IIIIIIIIIIIIIIIIIIIIIIIIIIIIIIIIIIIIIIIIIIIIIIIIIII
IIIIA1IIAAAA1IIIIIIIIIIIIIIIIIIIIIIIIIIIIIIIIIIIIIIIIIIIIIIIIIII
IIIIIIIIIIIIA2IIIIIIIIIIIIIIIIIIIIIIIIIIIIIIIIIIIIIIIIIIIIIIIIII
IIIIIIIIA1IIIIIIIIIIIIIIIIIIIIIIIIIIIIIIIIIIIIIIIIIIIIIIIIIIIIII
IIIIA1IIA1IIIIIIIIIIIIIIIIIIIIIIIIIIIIIIIIIIIIIIIIIIIIIIIIIIIIII
IIIIA1IIAA1IIIIIIIIIIIIIIIIIIIIIIIIIIIIIIIIIIIIIIIIIIIIIIIIIIIII
IIIIA1IIAA1A1IIIIIIIIIIIIIIIIIIIIIIIIIIIIIIIIIIIIIIIIIIIIIIIIIII
IIIIA1IIAAAA1IIIIIIIIIIIIIIIIIIIIIIIIIIIIIIIIIIIIIIIIIIIIIIIIIII
IIIAA1IIAAAA1IIIIIIIIIIIIIIIIIIIIIIIIIIIIIIIIIIIIIIIIIIIIIIIIIII
IIIIIIIIIIIIIIIIIIIIIIIIIIIIIIIIIIIIIIIIIIIIIIIAIIIIIIIIIIIIIIII
IIIIIIIIIIIIAIIIIIIIIIIIIIIIIIIIIIIIIIIIIIIIIIIAIIIIIIIIIIIIIIII
IIIIIIIIIIIIAIIIIAIIIIIIIIIIIIIIIIIIIIIIIIIIIIIAIIIIIIIIIIIIIIII
IIIIIIIIAIIIAIIIIAIIIIIIIIIIIIIIIIIIIIIIIIIIIIIAIIIIIIIIIIIIIIII
IIIIAIIIAIIIAIIIIAIIIIIIIIIIIIIIIIIIIIIIIIIIIIIAIIIIIIIIIIIIIIII
IIIIAIIIAAIIAIIIIAIIIIIIIIIIIIIIIIIIIIIIIIIIIIIAIIIIIIIIIIIIIIII
IIIIAIIIAAIAAIIIIAIIIIIIIIIIIIIIIIIIIIIIIIIIIIIAIIIIIIIIIIIIIIII
IIIIAIIIAAAAAIIIIAIIIIIIIIIIIIIIIIIIIIIIIIIIIIIAIIIIIIIIIIIIIIII
IIIAAIIIAAAAAIIIIAIIIIIIIIIIIIIIIIIIIIIIIIIIIIIAIIIIIIIIIIIIIIII
IIIIIIIIIA1IIIIIIIIIIIIIIIIIIIIIIIIIIIIIIIIIIIIIIIIIIIIIIIIIIIII
IIIIA1IIIA1IIIIIIIIIIIIIIIIIIIIIIIIIIIIIIIIIIIIIIIIIIIIIIIIIIIII
IIIAA1IIIA1IIIIIIIIIIIIIIIIIIIIIIIIIIIIIIIIIIIIIIIIIIIIIIIIIIIII
IIIAA1IIAA1IIIIIIIIIIIIIIIIIIIIIIIIIIIIIIIIIIIIIIIIIIIIIIIIIIIII
IIIAA1IIAA1A1IIIIIIIIIIIIIIIIIIIIIIIIIIIIIIIIIIIIIIIIIIIIIIIIIII
IIIAA1IIAAAA1IIIIIIIIIIIIIIIIIIIIIIIIIIIIIIIIIIIIIIIIIIIIIIIIIII
IIIIIIIIIIIIAIIIIIIIIIIIIIIIIIIIIIIIIIIIIIIIIIIIIIIIIIIIIIIIIIII
IIIIIIIIIA1IIIIIIIIIIIIIIIIIIIIIIIIIIIIIIIIIIIIIIIIIIIIIIIIIIIII
IIIIIIIIIA1A1IIIIIIIIIIIIIIIIIIIIIIIIIIIIIIIIIIIIIIIIIIIIIIIIIII
IIIIIIIIIAAA1IIIIIIIIIIIIIIIIIIIIIIIIIIIIIIIIIIIIIIIIIIIIIIIIIII
IIIIA1IIIAAA1IIIIIIIIIIIIIIIIIIIIIIIIIIIIIIIIIIIIIIIIIIIIIIIIIII
IIIAA1IIIAAA1IIIIIIIIIIIIIIIIIIIIIIIIIIIIIIIIIIIIIIIIIIIIIIIIIII
IIIAA1IIIAAAAIIIIIIIIIIIIIIIIIIIIIIIIIIIIIIIIIIIIIIIIIIIIIIIIIII
IIIIIIIIIIIIIIIIIIIIIIIIIIIIIIIIIIIIIIIIIIIIIIIAIIIIIIIIIIIIIIII
IIIIIIIIIIIIIIIIIAIIIIIIIIIIIIIIIIIIIIIIIIIIIIIAIIIIIIIIIIIIIIII
IIIIIIIIAIIIIIIIIAIIIIIIIIIIIIIIIIIIIIIIIIIIIIIAIIIIIIIIIIIIIIII
IIIIAIIIAIIIIIIIIAIIIIIIIIIIIIIIIIIIIIIIIIIIIIIAIIIIIIIIIIIIIIII
IIIIAIIIAAIIIIIIIAIIIIIIIIIIIIIIIIIIIIIIIIIIIIIAIIIIIIIIIIIIIIII
IIIIAIIIAAIAIIIIIAIIIIIIIIIIIIIIIIIIIIIIIIIIIIIAIIIIIIIIIIIIIIII
IIIIAIIIAAAAIIIIIAIIIIIIIIIIIIIIIIIIIIIIIIIIIIIAIIIIIIIIIIIIIIII
IIIIA2IIAAAAIIIIIAIIIIIIIIIIIIIIIIIIIIIIIIIIIIIAIIIIIIIIIIIIIIII
IIIAA2IIAAAAIIIIIAIIIIIIIIIIIIIIIIIIIIIIIIIIIIIAIIIIIIIIIIIIIIII
IIIAA2IIAAAAA2IIIAIIIIIIIIIIIIIIIIIIIIIIIIIIIIIAIIIIIIIIIIIIIIII
IIIIIIIIIIIIA2IIIIIIIIIIIIIIIIIIIIIIIIIIIIIIIIIIIIIIIIIIIIIIIIII
IIIIIIIIIIIIAIIIIIIIIIIIIIIIIIIIIIIIIIIIIIIIIIIIIIIIIIIIIIIIIIII
IIIIIIIIIIIIIIIIIIIIIIIIIIIIIIIIIIIIIIIIIIIIIIIA2IIIIIIIIIIIIIII
IIIIIIIIIIIIIIIIIA2IIIIIIIIIIIIIIIIIIIIIIIIIIIIA2IIIIIIIIIIIIIII
IIIIIIIIIIIIA2IIIA2IIIIIIIIIIIIIIIIIIIIIIIIIIIIA2IIIIIIIIIIIIIII
IIIIIIIIA112222IIIIIIIIIIIIIIIIIIIIIIIIIIIIIIIIIIIIIIIIIIIIIIIII
IIIIAIIIA112222IIIIIIIIIIIIIIIIIIIIIIIIIIIIIIIIIIIIIIIIIIIIIIIII
IIIIAIIIAA112222IIIIIIIIIIIIIIIIIIIIIIIIIIIIIIIIIIIIIIIIIIIIIIII
IIIIAIIIAA1A112222IIIIIIIIIIIIIIIIIIIIIIIIIIIIIIIIIIIIIIIIIIIIII
IIIIAIIIAAAA112222IIIIIIIIIIIIIIIIIIIIIIIIIIIIIIIIIIIIIIIIIIIIII
IIIIA112AAAA112222IIIIIIIIIIIIIIIIIIIIIIIIIIIIIIIIIIIIIIIIIIIIII
IIIAA112AAAA112222IIIIIIIIIIIIIIIIIIIIIIIIIIIIIIIIIIIIIIIIIIIIII
IIIIIIIIIIIIA11II22IIIIIIIIIIIIIIIIIIIIIIIIIIIIIIIIIIIIIIIIIIIII
IIIIIIIIIIIIIIIIIIIIIIIIIIIIIIIIIIIIIIIIIIIIIIIAIIIIIIIIIIIIIIII
IIIIIIIIIIIIIIIIIAIIIIIIIIIIIIIIIIIIIIIIIIIIIIIAIIIIIIIIIIIIIIII
IIIIIIIIAIIIIIIIIAIIIIIIIIIIIIIIIIIIIIIIIIIIIIIAIIIIIIIIIIIIIIII
IIIIAIIIAIIIIIIIIAIIIIIIIIIIIIIIIIIIIIIIIIIIIIIAIIIIIIIIIIIIIIII
IIIIAIIIAAIIIIIIIAIIIIIIIIIIIIIIIIIIIIIIIIIIIIIAIIIIIIIIIIIIIIII
IIIIAIIIAAIAIIIIIAIIIIIIIIIIIIIIIIIIIIIIIIIIIIIAIIIIIIIIIIIIIIII
IIIIAIIIAAAAIIIIIAIIIIIIIIIIIIIIIIIIIIIIIIIIIIIAIIIIIIIIIIIIIIII
IIIAAIIIAAAAIIIIIAIIIIIIIIIIIIIIIIIIIIIIIIIIIIIAIIIIIIIIIIIIIIII
IIIIIIIIIIIIIIIIIIIIIIIIIIIIIIIIIIIIIIIIIIIIIIIAIIIIIIIIIIIIIIII
IIIIIIIIIIIIAIIIIIIIIIIIIIIIIIIIIIIIIIIIIIIIIIIAIIIIIIIIIIIIIIII
IIIIIIIIIIIIAIIIIA1IIIIIIIIIIIIIIIIIIIIIIIIIIIIAIIIIIIIIIIIIIIII
IIIIIIIIA1IIAIIIIA1IIIIIIIIIIIIIIIIIIIIIIIIIIIIAIIIIIIIIIIIIIIII
IIIIA1IIA1IIAIIIIA1IIIIIIIIIIIIIIIIIIIIIIIIIIIIAIIIIIIIIIIIIIIII
IIIIA1IIAA1IAIIIIA1IIIIIIIIIIIIIIIIIIIIIIIIIIIIAIIIIIIIIIIIIIIII
IIIIA1IIAA1AAIIIIA1IIIIIIIIIIIIIIIIIIIIIIIIIIIIAIIIIIIIIIIIIIIII
IIIIA1IIAAAAAIIIIA1IIIIIIIIIIIIIIIIIIIIIIIIIIIIAIIIIIIIIIIIIIIII
IIIAA1IIAAAAAIIIIA1IIIIIIIIIIIIIIIIIIIIIIIIIIIIAIIIIIIIIIIIIIIII
IIIIIIIIIIIIAIIIIIIIIIIIIIIIIIIIIIIIIIIIIIIIIIIIIIIIIIIIIIIIIIII
IIIIIIIIA2IIIIIIIIIIIIIIIIIIIIIIIIIIIIIIIIIIIIIIIIIIIIIIIIIIIIII
IIIIA2IIA2IIIIIIIIIIIIIIIIIIIIIIIIIIIIIIIIIIIIIIIIIIIIIIIIIIIIII
IIIIA2IIA2IIA2IIIIIIIIIIIIIIIIIIIIIIIIIIIIIIIIIIIIIIIIIIIIIIIIII
IIIIIIIIA2IIIIIIIIIIIIIIIIIIIIIIIIIIIIIIIIIIIIIIIIIIIIIIIIIIIIII
IIIIA2IIA2IIIIIIIIIIIIIIIIIIIIIIIIIIIIIIIIIIIIIIIIIIIIIIIIIIIIII
IIIIA2IIAA2IIIIIIIIIIIIIIIIIIIIIIIIIIIIIIIIIIIIIIIIIIIIIIIIIIIII
IIIIA2IIAA2A2IIIIIIIIIIIIIIIIIIIIIIIIIIIIIIIIIIIIIIIIIIIIIIIIIII
IIIIA2IIAAAA2IIIIIIIIIIIIIIIIIIIIIIIIIIIIIIIIIIIIIIIIIIIIIIIIIII
IIIAA2IIAAAA2IIIIIIIIIIIIIIIIIIIIIIIIIIIIIIIIIIIIIIIIIIIIIIIIIII
IIIIIIIIIIIIA2IIIIIIIIIIIIIIIIIIIIIIIIIIIIIIIIIIIIIIIIIIIIIIIIII
IIIIIIIIIIIIA1IIIIIIIIIIIIIIIIIIIIIIIIIIIIIIIIIIIIIIIIIIIIIIIIII
IIIIIIIIIIIIAI2IIIIIIIIIIIIIIIIIIIIIIIIIIIIIIIIIIIIIIIIIIIIIIIII
IIIIIIIIAI2IAI2IIIIIIIIIIIIIIIIIIIIIIIIIIIIIIIIIIIIIIIIIIIIIIIII
IIIIAI2IAI2IAI2IIIIIIIIIIIIIIIIIIIIIIIIIIIIIIIIIIIIIIIIIIIIIIIII
IIIIAI2IAA22AI2IIIIIIIIIIIIIIIIIIIIIIIIIIIIIIIIIIIIIIIIIIIIIIIII
IIIIAI2IAA2AA22IIIIIIIIIIIIIIIIIIIIIIIIIIIIIIIIIIIIIIIIIIIIIIIII
IIIIAI2IAAAAA22IIIIIIIIIIIIIIIIIIIIIIIIIIIIIIIIIIIIIIIIIIIIIIIII
IIIAA22IAAAAA22IIIIIIIIIIIIIIIIIIIIIIIIIIIIIIIIIIIIIIIIIIIIIIIII
IIIIIIIIIIIIIIIIIIIIIIIIIIIIIIIIIIIIIIIIIIIIIIIA1IIIIIIIIIIIIIII
IIIIIIIIIIIIIIIIIA1IIIIIIIIIIIIIIIIIIIIIIIIIIIIA1IIIIIIIIIIIIIII
IIIIIIIIA1IIIIIIIA1IIIIIIIIIIIIIIIIIIIIIIIIIIIIA1IIIIIIIIIIIIIII
IIIIA1IIA1IIIIIIIA1IIIIIIIIIIIIIIIIIIIIIIIIIIIIA1IIIIIIIIIIIIIII
IIIIA1IIAA1IIIIIIA1IIIIIIIIIIIIIIIIIIIIIIIIIIIIA1IIIIIIIIIIIIIII
IIIIA1IIAA1A1IIIIA1IIIIIIIIIIIIIIIIIIIIIIIIIIIIA1IIIIIIIIIIIIIII
IIIIA1IIAAAA1IIIIA1IIIIIIIIIIIIIIIIIIIIIIIIIIIIA1IIIIIIIIIIIIIII
IIIAA1IIAAAA1IIIIA1IIIIIIIIIIIIIIIIIIIIIIIIIIIIA1IIIIIIIIIIIIIII
IIIIIIIIIIIIAIIIIIIIIIIIIIIIIIIIIIIIIIIIIIIIIIIIIIIIIIIIIIIIIIII
IIIIIIIIAIIIIIIIIIIIIIIIIIIIIIIIIIIIIIIIIIIIIIIIIIIIIIIIIIIIIIII
IIIIAIIIAIIIIIIIIIIIIIIIIIIIIIIIIIIIIIIIIIIIIIIIIIIIIIIIIIIIIIII
IIIIAIIIAAIIIIIIIIIIIIIIIIIIIIIIIIIIIIIIIIIIIIIIIIIIIIIIIIIIIIII
IIIIAIIIAAIAIIIIIIIIIIIIIIIIIIIIIIIIIIIIIIIIIIIIIIIIIIIIIIIIIIII
IIIIAIIIAAAAIIIIIIIIIIIIIIIIIIIIIIIIIIIIIIIIIIIIIIIIIIIIIIIIIIII
IIIIA1IIAAAAIIIIIIIIIIIIIIIIIIIIIIIIIIIIIIIIIIIIIIIIIIIIIIIIIIII
IIIAA1IIAAAAIIIIIIIIIIIIIIIIIIIIIIIIIIIIIIIIIIIIIIIIIIIIIIIIIIII
IIIAA1IIAAAAA1IIIIIIIIIIIIIIIIIIIIIIIIIIIIIIIIIIIIIIIIIIIIIIIIII
IIIIIIIIIIIIIIIIIIIIIIIIIIIIIIIIIIIIIIIIIIIIIIIA1IIIIIIIIIIIIIII
IIIIIIIIIIIIIIIIIA1IIIIIIIIIIIIIIIIIIIIIIIIIIIIA1IIIIIIIIIIIIIII
IIIIIIIIA1IIIIIIIA1IIIIIIIIIIIIIIIIIIIIIIIIIIIIA1IIIIIIIIIIIIIII
IIIIA1IIA1IIIIIIIA1IIIIIIIIIIIIIIIIIIIIIIIIIIIIA1IIIIIIIIIIIIIII
IIIIA1IIAA1IIIIIIA1IIIIIIIIIIIIIIIIIIIIIIIIIIIIA1IIIIIIIIIIIIIII
IIIIA1IIAA1A1IIIIA1IIIIIIIIIIIIIIIIIIIIIIIIIIIIA1IIIIIIIIIIIIIII
IIIIA1IIAAAA1IIIIA1IIIIIIIIIIIIIIIIIIIIIIIIIIIIA1IIIIIIIIIIIIIII
IIIAA1IIAAAA1IIIIA1IIIIIIIIIIIIIIIIIIIIIIIIIIIIA1IIIIIIIIIIIIIII
IIIIIIIIIIIIAIIIIIIIIIIIIIIIIIIIIIIIIIIIIIIIIIIIIIIIIIIIIIIIIIII
IIIIIIIIA1IIIIIIIIIIIIIIIIIIIIIIIIIIIIIIIIIIIIIIIIIIIIIIIIIIIIII
IIIIA1IIA1IIIIIIIIIIIIIIIIIIIIIIIIIIIIIIIIIIIIIIIIIIIIIIIIIIIIII
IIIIA1IIAA1IIIIIIIIIIIIIIIIIIIIIIIIIIIIIIIIIIIIIIIIIIIIIIIIIIIII
IIIIA1IIAA1A1IIIIIIIIIIIIIIIIIIIIIIIIIIIIIIIIIIIIIIIIIIIIIIIIIII
IIIIA1IIAAAA1IIIIIIIIIIIIIIIIIIIIIIIIIIIIIIIIIIIIIIIIIIIIIIIIIII
IIIAA1IIAAAA1IIIIIIIIIIIIIIIIIIIIIIIIIIIIIIIIIIIIIIIIIIIIIIIIIII
IIIAA1IIAAAAAIIIIIIIIIIIIIIIIIIIIIIIIIIIIIIIIIIIIIIIIIIIIIIIIIII
IIIAA1IIAAAAAIIIIIIIIIIIIIIIIIIIIIIIIIIIIIIIIIIAIIIIIIIIIIIIIIII
IIIAA1IIAAAAAIIIIAIIIIIIIIIIIIIIIIIIIIIIIIIIIIIAIIIIIIIIIIIIIIII
IIIAA1IIAAAAA2IIIAIIIIIIIIIIIIIIIIIIIIIIIIIIIIIAIIIIIIIIIIIIIIII
IIIIIIIIIA2IIIIIIIIIIIIIIIIIIIIIIIIIIIIIIIIIIIIIIIIIIIIIIIIIIIII
IIIIA2IIIA2IIIIIIIIIIIIIIIIIIIIIIIIIIIIIIIIIIIIIIIIIIIIIIIIIIIII
IIIAA2IIIA2IIIIIIIIIIIIIIIIIIIIIIIIIIIIIIIIIIIIIIIIIIIIIIIIIIIII
IIIAA2IIAA2IIIIIIIIIIIIIIIIIIIIIIIIIIIIIIIIIIIIIIIIIIIIIIIIIIIII
IIIAA2IIAA2A2IIIIIIIIIIIIIIIIIIIIIIIIIIIIIIIIIIIIIIIIIIIIIIIIIII
IIIAA2IIAAAA2IIIIIIIIIIIIIIIIIIIIIIIIIIIIIIIIIIIIIIIIIIIIIIIIIII
IIIIIIIIIIIIA2IIIIIIIIIIIIIIIIIIIIIIIIIIIIIIIIIIIIIIIIIIIIIIIIII
IIIIIIIIA2IIA2IIIIIIIIIIIIIIIIIIIIIIIIIIIIIIIIIIIIIIIIIIIIIIIIII
IIIIA2IIA2IIA2IIIIIIIIIIIIIIIIIIIIIIIIIIIIIIIIIIIIIIIIIIIIIIIIII
IIIIA2IIAA2IA2IIIIIIIIIIIIIIIIIIIIIIIIIIIIIIIIIIIIIIIIIIIIIIIIII
IIIIA2IIAA2AA2IIIIIIIIIIIIIIIIIIIIIIIIIIIIIIIIIIIIIIIIIIIIIIIIII
IIIIA2IIAAAAA2IIIIIIIIIIIIIIIIIIIIIIIIIIIIIIIIIIIIIIIIIIIIIIIIII
IIIAA2IIAAAAA2IIIIIIIIIIIIIIIIIIIIIIIIIIIIIIIIIIIIIIIIIIIIIIIIII
IIIIIIIIIA1IIIIIIIIIIIIIIIIIIIIIIIIIIIIIIIIIIIIIIIIIIIIIIIIIIIII
IIIIA1IIIA1IIIIIIIIIIIIIIIIIIIIIIIIIIIIIIIIIIIIIIIIIIIIIIIIIIIII
IIIAA1IIIA1IIIIIIIIIIIIIIIIIIIIIIIIIIIIIIIIIIIIIIIIIIIIIIIIIIIII
IIIAA1IIAA1IIIIIIIIIIIIIIIIIIIIIIIIIIIIIIIIIIIIIIIIIIIIIIIIIIIII
IIIAA1IIAA1AIIIIIIIIIIIIIIIIIIIIIIIIIIIIIIIIIIIIIIIIIIIIIIIIIIII
IIIAA1IIAAAAIIIIIIIIIIIIIIIIIIIIIIIIIIIIIIIIIIIIIIIIIIIIIIIIIIII
IIIIIIIIIIIIIIIIIIIIIIIIIIIIIIIIIIIIIIIIIIIIIIIA2IIIIIIIIIIIIIII
IIIIIIIIIIIIIIIIIA2IIIIIIIIIIIIIIIIIIIIIIIIIIIIA2IIIIIIIIIIIIIII
IIIIIIIIA2IIIIIIIA2IIIIIIIIIIIIIIIIIIIIIIIIIIIIA2IIIIIIIIIIIIIII
IIIIA2IIA2IIIIIIIA2IIIIIIIIIIIIIIIIIIIIIIIIIIIIA2IIIIIIIIIIIIIII
IIIIA2IIAA2IIIIIIA2IIIIIIIIIIIIIIIIIIIIIIIIIIIIA2IIIIIIIIIIIIIII
IIIIA2IIAA2A2IIIIA2IIIIIIIIIIIIIIIIIIIIIIIIIIIIA2IIIIIIIIIIIIIII
IIIIA2IIAAAA2IIIIA2IIIIIIIIIIIIIIIIIIIIIIIIIIIIA2IIIIIIIIIIIIIII
IIIAA2IIAAAA2IIIIA2IIIIIIIIIIIIIIIIIIIIIIIIIIIIA2IIIIIIIIIIIIIII
IIIAA2IIAAAAA1IIIA2IIIIIIIIIIIIIIIIIIIIIIIIIIIIA2IIIIIIIIIIIIIII
IIIIIIIIIIIIIIIIIIIIIIIIIIIIIIIIIIIIIIIIIIIIIIIA1IIIIIIIIIIIIIII
IIIIIIIIIIIIIIIIIA1IIIIIIIIIIIIIIIIIIIIIIIIIIIIA1IIIIIIIIIIIIIII
IIIIIIIIA1IIIIIIIA1IIIIIIIIIIIIIIIIIIIIIIIIIIIIA1IIIIIIIIIIIIIII
IIIIA1IIA1IIIIIIIA1IIIIIIIIIIIIIIIIIIIIIIIIIIIIA1IIIIIIIIIIIIIII
IIIIA1IIAA1IIIIIIA1IIIIIIIIIIIIIIIIIIIIIIIIIIIIA1IIIIIIIIIIIIIII
IIIIA1IIAA1A1IIIIA1IIIIIIIIIIIIIIIIIIIIIIIIIIIIA1IIIIIIIIIIIIIII
IIIIA1IIAAAA1IIIIA1IIIIIIIIIIIIIIIIIIIIIIIIIIIIA1IIIIIIIIIIIIIII
IIIAA1IIAAAA1IIIIA1IIIIIIIIIIIIIIIIIIIIIIIIIIIIA1IIIIIIIIIIIIIII
IIIIIIIIIAIIIIIIIIIIIIIIIIIIIIIIIIIIIIIIIIIIIIIIIIIIIIIIIIIIIIII
IIIIAIIIIAIIIIIIIIIIIIIIIIIIIIIIIIIIIIIIIIIIIIIIIIIIIIIIIIIIIIII
IIIAAIIIIAIIIIIIIIIIIIIIIIIIIIIIIIIIIIIIIIIIIIIIIIIIIIIIIIIIIIII
IIIIIIIIIIIIA1IIIIIIIIIIIIIIIIIIIIIIIIIIIIIIIIIIIIIIIIIIIIIIIIII
IIIIIIIIIIIIIIIIIIIIIIIIIIIIIIIIIIIIIIIIIIIIIIIA1IIIIIIIIIIIIIII
IIIIIIIIIIIIIIIIIA1IIIIIIIIIIIIIIIIIIIIIIIIIIIIA1IIIIIIIIIIIIIII
IIIIIIIIA1IIIIIIIA1IIIIIIIIIIIIIIIIIIIIIIIIIIIIA1IIIIIIIIIIIIIII
IIIIA1IIA1IIIIIIIA1IIIIIIIIIIIIIIIIIIIIIIIIIIIIA1IIIIIIIIIIIIIII
IIIIA1IIAA1IIIIIIA1IIIIIIIIIIIIIIIIIIIIIIIIIIIIA1IIIIIIIIIIIIIII
IIIIA1IIAAA1IIIIIA1IIIIIIIIIIIIIIIIIIIIIIIIIIIIA1IIIIIIIIIIIIIII
IIIIA1IIAAAA1IIIIA1IIIIIIIIIIIIIIIIIIIIIIIIIIIIA1IIIIIIIIIIIIIII
IIIAA1IIAAAA1IIIIA1IIIIIIIIIIIIIIIIIIIIIIIIIIIIA1IIIIIIIIIIIIIII
IIIAA1IIAAAAAIIIIA1IIIIIIIIIIIIIIIIIIIIIIIIIIIIA1IIIIIIIIIIIIIII
IIIIIIIIIIIIAI1II11111IIIIIIIIIIIIIIIIIIIIIIIIIIIIIIIIIIIIIIIIII
IIIIIIIIIIIIIIIIIIIIIIIIIIIIIIIIIIIIIIIIIIIIIIIAI1II11111IIIIIII
IIIIIIIIIIIIIIIIIAI1II1IIIIIIIIIIIIIIIIIIIIIIIIAI1II11111IIIIIII
IIIIIIIIAIIIIIIIIAI1II1IIIIIIIIIIIIIIIIIIIIIIIIAI1II11111IIIIIII
IIIIAIIIAIIIIIIIIAI1II1IIIIIIIIIIIIIIIIIIIIIIIIAI1II11111IIIIIII
IIIIAIIIAAI1II111AI1II1IIIIIIIIIIIIIIIIIIIIIIIIAI1II11111IIIIIII
IIIIAIIIAAIAII111AI1II1IIIIIIIIIIIIIIIIIIIIIIIIAI1II11111IIIIIII
IIIIAIIIAAAAII111AI1II1IIIIIIIIIIIIIIIIIIIIIIIIAI1II11111IIIIIII
IIIIAIIIAAAAII111A11II1IIIIIIIIIIIIIIIIIIIIIIIIAI1II11111IIIIIII
IIIIAI1IAAAA11111A11II1IIIIIIIIIIIIIIIIIIIIIIIIAI1II11111IIIIIII
IIIAA11IAAAA11111A11II1IIIIIIIIIIIIIIIIIIIIIIIIAI1II11111IIIIIII
IIIAA11IAAAA11111A11II1IIIIIIIIIIIIIIIIIIIIIIIIA11II11111IIIIIII
IIIIIIIIIIIIA1IIIIIIIIIIIIIIIIIIIIIIIIIIIIIIIIIIIIIIIIIIIIIIIIII
IIIIIIIIIIIIA2IIIIIIIIIIIIIIIIIIIIIIIIIIIIIIIIIIIIIIIIIIIIIIIIII
IIIIIIIIA1IIA22I2III22IIIIIIIIIIIIIIIIIIIIIIIIIIIIIIIIIIIIIIIIII
IIIIA1IIA12IA22I22I222IIIIIIIIIIIIIIIIIIIIIIIIIIIIIIIIIIIIIIIIII
IIIIA1IIAA1IA12222I2222IIIIIIIIIIIIIIIIIIIIIIIIIIIIIIIIIIIIIIIII
IIIIA1IIAA1AA12122I222222IIIIIIIIIIIIIIIIIIIIIIIIIIIIIIIIIIIIIII
IIIIA1IIAAAAA12122I222222IIIIIIIIIIIIIIIIIIIIIIIIIIIIIIIIIIIIIII
IIIIA1IIAAAAA12122I2222222IIIIIIIIIIIIIIIIIIIIIIIIIIIIIIIIIIIIII
IIIAA1I1AAAAA1212222222222IIIIIIIIIIIIIIIIIIIIIIIIIIIIIIIIIIIIII
IIIIIIIIIIIIAIIIIIIIIIIIIIIIIIIIIIIIIIIIIIIIIIIIIIIIIIIIIIIIIIII
IIIIIIIIIIIIA1IIIIIIIIIIIIIIIIIIIIIIIIIIIIIIIIIIIIIIIIIIIIIIIIII
IIIIIIIIAIIIIIIIIIIIIIIIIIIIIIIIIIIIIIIIIIIIIIIIIIIIIIIIIIIIIIII
IIIIAIIIAIIIIIIIIIIIIIIIIIIIIIIIIIIIIIIIIIIIIIIIIIIIIIIIIIIIIIII
IIIIAIIIAAIIIIIIIIIIIIIIIIIIIIIIIIIIIIIIIIIIIIIIIIIIIIIIIIIIIIII
IIIIAIIIAAIAIIIIIIIIIIIIIIIIIIIIIIIIIIIIIIIIIIIIIIIIIIIIIIIIIIII
IIIIAIIIAAAAIIIIIIIIIIIIIIIIIIIIIIIIIIIIIIIIIIIIIIIIIIIIIIIIIIII
IIIIIIIIIIIIA122I2IIIIIIIIIIIIIIIIIIIIIIIIIIIIIIIIIIIIIIIIIIIIII
IIIIIIIIIA12A122I2IIIIIIIIIIIIIIIIIIIIIIIIIIIIIIIIIIIIIIIIIIIIII
IIIIA122IA12A122I2IIIIIIIIIIIIIIIIIIIIIIIIIIIIIIIIIIIIIIIIIIIIII
IIIAA1222A12A122I2IIIIIIIIIIIIIIIIIIIIIIIIIIIIIIIIIIIIIIIIIIIIII
IIIIIIIIIIIIA1IIIIIIIIIIIIIIIIIIIIIIIIIIIIIIIIIIIIIIIIIIIIIIIIII
IIIIIIIIAIIIA1IIIIIIIIIIIIIIIIIIIIIIIIIIIIIIIIIIIIIIIIIIIIIIIIII
IIIIAIIIAIIIA1IIIIIIIIIIIIIIIIIIIIIIIIIIIIIIIIIIIIIIIIIIIIIIIIII
IIIIAIIIAAIIA1IIIIIIIIIIIIIIIIIIIIIIIIIIIIIIIIIIIIIIIIIIIIIIIIII
IIIIAIIIAAIAA1IIIIIIIIIIIIIIIIIIIIIIIIIIIIIIIIIIIIIIIIIIIIIIIIII
IIIIAIIIAAAAA1IIIIIIIIIIIIIIIIIIIIIIIIIIIIIIIIIIIIIIIIIIIIIIIIII
IIIAAIIIAAAAA1IIIIIIIIIIIIIIIIIIIIIIIIIIIIIIIIIIIIIIIIIIIIIIIIII
IIIAAIIIAAAAA1IIIIIIIIIIIIIIIIIIIIIIIIIIIIIIIIIA1IIIIIIIIIIIIIII
IIIAAIIIAAAAA1IIIA1IIIIIIIIIIIIIIIIIIIIIIIIIIIIA1IIIIIIIIIIIIIII
IIIAA1IIAAAAA1IIIA1IIIIIIIIIIIIIIIIIIIIIIIIIIIIA1IIIIIIIIIIIIIII
IIIIIIIIIIIIIIIIIIIIIIIIIIIIIIIIIIIIIIIIIIIIIIIA1IIIIIIIIIIIIIII
IIIIIIIIIIIIIIIIIA1IIIIIIIIIIIIIIIIIIIIIIIIIIIIA1IIIIIIIIIIIIIII
IIIIIIIIA1IIIIIIIA1IIIIIIIIIIIIIIIIIIIIIIIIIIIIA1IIIIIIIIIIIIIII
IIIIA1IIA1IIIIIIIA1IIIIIIIIIIIIIIIIIIIIIIIIIIIIA1IIIIIIIIIIIIIII
IIIIA1IIAA1IIIIIIA1IIIIIIIIIIIIIIIIIIIIIIIIIIIIA1IIIIIIIIIIIIIII
IIIIA1IIAA1A1IIIIA1IIIIIIIIIIIIIIIIIIIIIIIIIIIIA1IIIIIIIIIIIIIII
IIIIA1IIAAAA1IIIIA1IIIIIIIIIIIIIIIIIIIIIIIIIIIIA1IIIIIIIIIIIIIII
IIIAA1IIAAAA1IIIIA1IIIIIIIIIIIIIIIIIIIIIIIIIIIIA1IIIIIIIIIIIIIII
IIIIIIIIIII2AIIIIIIIIIIIIIIIIIIIIIIIIIIIIIIIIIIIIIIIIIIIIIIIIIII
IIIIIIIIA1IIIIIIIIIIIIIIIIIIIIIIIIIIIIIIIIIIIIIIIIIIIIIIIIIIIIII
IIIIA1IIA1IIIIIIIIIIIIIIIIIIIIIIIIIIIIIIIIIIIIIIIIIIIIIIIIIIIIII
IIIIA1IIAA1IIIIIIIIIIIIIIIIIIIIIIIIIIIIIIIIIIIIIIIIIIIIIIIIIIIII
IIIIA1IIAA1A1IIIIIIIIIIIIIIIIIIIIIIIIIIIIIIIIIIIIIIIIIIIIIIIIIII
IIIIA1IIAAAA1IIIIIIIIIIIIIIIIIIIIIIIIIIIIIIIIIIIIIIIIIIIIIIIIIII
IIIAA1IIAAAA1IIIIIIIIIIIIIIIIIIIIIIIIIIIIIIIIIIIIIIIIIIIIIIIIIII
IIIAA1IIAAAAAIIIIIIIIIIIIIIIIIIIIIIIIIIIIIIIIIIIIIIIIIIIIIIIIIII
IIIIIIIIIIIIA2IIIIIIIIIIIIIIIIIIIIIIIIIIIIIIIIIIIIIIIIIIIIIIIIII
IIIIIIIIA1IIIIIIIIIIIIIIIIIIIIIIIIIIIIIIIIIIIIIIIIIIIIIIIIIIIIII
IIIIA1IIA1IIIIIIIIIIIIIIIIIIIIIIIIIIIIIIIIIIIIIIIIIIIIIIIIIIIIII
IIIIA1IIAA1IIIIIIIIIIIIIIIIIIIIIIIIIIIIIIIIIIIIIIIIIIIIIIIIIIIII
IIIIA1IIAA1A1IIIIIIIIIIIIIIIIIIIIIIIIIIIIIIIIIIIIIIIIIIIIIIIIIII
IIIIA1IIAAAA1IIIIIIIIIIIIIIIIIIIIIIIIIIIIIIIIIIIIIIIIIIIIIIIIIII
IIIAA1IIAAAA1IIIIIIIIIIIIIIIIIIIIIIIIIIIIIIIIIIIIIIIIIIIIIIIIIII
IIIIIIIIIIIIAIIIIIIIIIIIIIIIIIIIIIIIIIIIIIIIIIIIIIIIIIIIIIIIIIII
IIIIIIIIIIIIA12IIIIIIIIIIIIIIIIIIIIIIIIIIIIIIIIIIIIIIIIIIIIIIIII
IIIIIIIIA12IA12IIIIIIIIIIIIIIIIIIIIIIIIIIIIIIIIIIIIIIIIIIIIIIIII
IIIIAIIIA12IA12IIIIIIIIIIIIIIIIIIIIIIIIIIIIIIIIIIIIIIIIIIIIIIIII
IIIIAIIIAA2IA12IIIIIIIIIIIIIIIIIIIIIIIIIIIIIIIIIIIIIIIIIIIIIIIII
IIIIAIIIAA2AA12IIIIIIIIIIIIIIIIIIIIIIIIIIIIIIIIIIIIIIIIIIIIIIIII
IIIIAIIIAAAAA12IIIIIIIIIIIIIIIIIIIIIIIIIIIIIIIIIIIIIIIIIIIIIIIII
IIIAAIIIAAAAA12IIIIIIIIIIIIIIIIIIIIIIIIIIIIIIIIIIIIIIIIIIIIIIIII
IIIIIIIIIIIIA2IIIIIIIIIIIIIIIIIIIIIIIIIIIIIIIIIIIIIIIIIIIIIIIIII
IIIIIIIIIIIIA1IIIIIIIIIIIIIIIIIIIIIIIIIIIIIIIIIIIIIIIIIIIIIIIIII
IIIIIIIIA1IIA1IIIIIIIIIIIIIIIIIIIIIIIIIIIIIIIIIIIIIIIIIIIIIIIIII
IIIIA1IIA1IIA1IIIIIIIIIIIIIIIIIIIIIIIIIIIIIIIIIIIIIIIIIIIIIIIIII
IIIIA1IIAA1IA1IIIIIIIIIIIIIIIIIIIIIIIIIIIIIIIIIIIIIIIIIIIIIIIIII
IIIIA1IIAA1AA1IIIIIIIIIIIIIIIIIIIIIIIIIIIIIIIIIIIIIIIIIIIIIIIIII
IIIIA1IIAAAAA1IIIIIIIIIIIIIIIIIIIIIIIIIIIIIIIIIIIIIIIIIIIIIIIIII
IIIAA1IIAAAAA1IIIIIIIIIIIIIIIIIIIIIIIIIIIIIIIIIIIIIIIIIIIIIIIIII
IIIAA1IIAAAAA1IIIIIIIIIIIIIIIIIIIIIIIIIIIIIIIIIAIIIIIIIIIIIIIIII
IIIAA1IIAAAAA1IIIAIIIIIIIIIIIIIIIIIIIIIIIIIIIIIAIIIIIIIIIIIIIIII
IIIIIIIIIIIIIIIIIIIIIIIIIIIIIIIIIIIIIIIIIIIIIIIAIIIIIIIIIIIIIIII
IIIIIIIIIIIIIIIIIAIIIIIIIIIIIIIIIIIIIIIIIIIIIIIAIIIIIIIIIIIIIIII
IIIIIIIIAIIIIIIIIAIIIIIIIIIIIIIIIIIIIIIIIIIIIIIAIIIIIIIIIIIIIIII
IIIIAIIIAIIIIIIIIAIIIIIIIIIIIIIIIIIIIIIIIIIIIIIAIIIIIIIIIIIIIIII
IIIIAIIIAAIIIIIIIAIIIIIIIIIIIIIIIIIIIIIIIIIIIIIAIIIIIIIIIIIIIIII
IIIIAIIIAAIAIIIIIAIIIIIIIIIIIIIIIIIIIIIIIIIIIIIAIIIIIIIIIIIIIIII
IIIIAIIIAAAAIIIIIAIIIIIIIIIIIIIIIIIIIIIIIIIIIIIAIIIIIIIIIIIIIIII
IIIIA1IIAAAAIIIIIAIIIIIIIIIIIIIIIIIIIIIIIIIIIIIAIIIIIIIIIIIIIIII
IIIAA1IIAAAAIIIIIAIIIIIIIIIIIIIIIIIIIIIIIIIIIIIAIIIIIIIIIIIIIIII
IIIAA1IIAAAAIIIIIAIIIIIIIIIIIIIIIIIIIIIIIIIIIIIA1IIIIIIIIIIIIIII
IIIAA1IIAAAAIIIIIA1IIIIIIIIIIIIIIIIIIIIIIIIIIIIA1IIIIIIIIIIIIIII
IIIAA1IIAAAA1IIIIA1IIIIIIIIIIIIIIIIIIIIIIIIIIIIA1IIIIIIIIIIIIIII
IIIAA1IIAAAAA1IIIA1IIIIIIIIIIIIIIIIIIIIIIIIIIIIA1IIIIIIIIIIIIIII
IIIIIIIIIIIIA11IIIIIIIIIIIIIIIIIIIIIIIIIIIIIIIIIIIIIIIIIIIIIIIII
IIIIIIIIIA1IIIIIIIIIIIIIIIIIIIIIIIIIIIIIIIIIIIIIIIIIIIIIIIIIIIII
IIIIAIIIIA1IIIIIIIIIIIIIIIIIIIIIIIIIIIIIIIIIIIIIIIIIIIIIIIIIIIII
IIIAAIIIIA1IIIIIIIIIIIIIIIIIIIIIIIIIIIIIIIIIIIIIIIIIIIIIIIIIIIII
IIIAAIIIIA1IIIIIIIIIIIIIIIIIIIIIIIIIIIIIIIIIIIIA1111111IIIIIIIII
IIIAAIIIIA1IA1IIIIIIIIIIIIIIIIIIIIIIIIIIIIIIIIIA1111111IIIIIIIII
IIIAAIIIIA1IA1IIIA111111IIIIIIIIIIIIIIIIIIIIIIIA1111111IIIIIIIII
IIIAAIIIAA1IA1IIIA111111IIIIIIIIIIIIIIIIIIIIIIIA1111111IIIIIIIII
IIIAAIIIAA1AA1IIIA111111IIIIIIIIIIIIIIIIIIIIIIIA1111111IIIIIIIII
IIIAAIIIAAAAA1IIIA111111IIIIIIIIIIIIIIIIIIIIIIIA1111111IIIIIIIII
IIIIIIIIIA1IIIIIIIIIIIIIIIIIIIIIIIIIIIIIIIIIIIIIIIIIIIIIIIIIIIII
IIIIA1IIIA1IIIIIIIIIIIIIIIIIIIIIIIIIIIIIIIIIIIIIIIIIIIIIIIIIIIII
IIIAA1IIIA1IIIIIIIIIIIIIIIIIIIIIIIIIIIIIIIIIIIIIIIIIIIIIIIIIIIII
IIIIIIIIIIIIIIIIIIIIIIIIIIIIIIIIIIIIIIIIIIIIIIIA1IIIIIIIIIIIIIII
IIIIIIIIIIIIIIIIIA1IIIIIIIIIIIIIIIIIIIIIIIIIIIIA1IIIIIIIIIIIIIII
IIIIIIIIA1IIIIIIIA1IIIIIIIIIIIIIIIIIIIIIIIIIIIIA1IIIIIIIIIIIIIII
IIIIA1IIA1IIIIIIIA1IIIIIIIIIIIIIIIIIIIIIIIIIIIIA1IIIIIIIIIIIIIII
IIIIA1IIAA1IIIIIIA1IIIIIIIIIIIIIIIIIIIIIIIIIIIIA1IIIIIIIIIIIIIII
IIIIA1IIAA1A1IIIIA1IIIIIIIIIIIIIIIIIIIIIIIIIIIIA1IIIIIIIIIIIIIII
IIIIA1IIAAAA1IIIIA1IIIIIIIIIIIIIIIIIIIIIIIIIIIIA1IIIIIIIIIIIIIII
IIIAA1IIAAAA1IIIIA1IIIIIIIIIIIIIIIIIIIIIIIIIIIIA1IIIIIIIIIIIIIII
IIIIIIIIIIIIIIIIIIIIIIIIIIIIIIIIIIIIIIIIIIIIII2AIIIIIIIIIIIIIIII
IIIIIIIIIIIIIIII2AIIIIIIIIIIIIIIIIIIIIIIIIIIII2AIIIIIIIIIIIIIIII
IIIIIIIIIII2AIII2AIIIIIIIIIIIIIIIIIIIIIIIIIIII2AIIIIIIIIIIIIIIII
IIIIIII2AII2AIII2AIIIIIIIIIIIIIIIIIIIIIIIIIIII2AIIIIIIIIIIIIIIII
III2AII2AII2AIII2AIIIIIIIIIIIIIIIIIIIIIIIIIIII2AIIIIIIIIIIIIIIII
III2AII2AAI2AIII2AIIIIIIIIIIIIIIIIIIIIIIIIIIII2AIIIIIIIIIIIIIIII
III2AII2AA2AAIII2AIIIIIIIIIIIIIIIIIIIIIIIIIIII2AIIIIIIIIIIIIIIII
III2AII2AAAAAIII2AIIIIIIIIIIIIIIIIIIIIIIIIIIII2AIIIIIIIIIIIIIIII
II2AAII2AAAAAIII2AIIIIIIIIIIIIIIIIIIIIIIIIIIII2AIIIIIIIIIIIIIIII
IIIIIIIIIA1IIIIIIIIIIIIIIIIIIIIIIIIIIIIIIIIIIIIIIIIIIIIIIIIIIIII
IIIIA1IIIA1IIIIIIIIIIIIIIIIIIIIIIIIIIIIIIIIIIIIIIIIIIIIIIIIIIIII
IIIAA1IIIA1IIIIIIIIIIIIIIIIIIIIIIIIIIIIIIIIIIIIIIIIIIIIIIIIIIIII
IIIIIIIIIIIIIIIIIIIIIIIIIIIIIIIIIIIIIIIIIIIIIIIA1IIIIIIIIIIIIIII
IIIIIIIIIIIIIIIIIA1IIIIIIIIIIIIIIIIIIIIIIIIIIIIA1IIIIIIIIIIIIIII
IIIIIIIIA1IIIIIIIA1IIIIIIIIIIIIIIIIIIIIIIIIIIIIA1IIIIIIIIIIIIIII
IIIIA1IIA1IIIIIIIA1IIIIIIIIIIIIIIIIIIIIIIIIIIIIA1IIIIIIIIIIIIIII
IIIIA1IIAA1IIIIIIA1IIIIIIIIIIIIIIIIIIIIIIIIIIIIA1IIIIIIIIIIIIIII
IIIIA1IIAA1A1IIIIA1IIIIIIIIIIIIIIIIIIIIIIIIIIIIA1IIIIIIIIIIIIIII
IIIIA1IIAAAA1IIIIA1IIIIIIIIIIIIIIIIIIIIIIIIIIIIA1IIIIIIIIIIIIIII
IIIAA1IIAAAA1IIIIA1IIIIIIIIIIIIIIIIIIIIIIIIIIIIA1IIIIIIIIIIIIIII
IIIIIIIIIIIIAIIIIIIIIIIIIIIIIIIIIIIIIIIIIIIIIIIIIIIIIIIIIIIIIIII
IIIIIIIIIIIIAIIIIIIIIIIIIIIIIIIIIIIIIIIIIIIIIIIAIIIIIIIIIIIIIIII
IIIIIIIIIIIIAIIIIAIIIIIIIIIIIIIIIIIIIIIIIIIIIIIAIIIIIIIIIIIIIIII
IIIIIIIIAIIIAIIIIAIIIIIIIIIIIIIIIIIIIIIIIIIIIIIAIIIIIIIIIIIIIIII
IIIIAIIIAIIIAIIIIAIIIIIIIIIIIIIIIIIIIIIIIIIIIIIAIIIIIIIIIIIIIIII
IIIIAIIIAAIIAIIIIAIIIIIIIIIIIIIIIIIIIIIIIIIIIIIAIIIIIIIIIIIIIIII
IIIIAIIIAAIAAIIIIAIIIIIIIIIIIIIIIIIIIIIIIIIIIIIAIIIIIIIIIIIIIIII
IIIIAIIIAAAAAIIIIAIIIIIIIIIIIIIIIIIIIIIIIIIIIIIAIIIIIIIIIIIIIIII
IIIIA1IIAAAAAIIIIAIIIIIIIIIIIIIIIIIIIIIIIIIIIIIAIIIIIIIIIIIIIIII
IIIAA1IIAAAAAIIIIAIIIIIIIIIIIIIIIIIIIIIIIIIIIIIAIIIIIIIIIIIIIIII
IIIAA1IIAAAAAIIIIAIIIIIIIIIIIIIIIIIIIIIIIIIIIIIA1IIIIIIIIIIIIIII
IIIAA1IIAAAAAIIIIA1IIIIIIIIIIIIIIIIIIIIIIIIIIIIA1IIIIIIIIIIIIIII
IIIIIIIIIIIIIIIIIIIIIIIIIIIIIIIIIIIIIIIIIIIIIIIA1IIIIIIIIIIIIIII
IIIIIIIIIIIIIIIIIA1IIIIIIIIIIIIIIIIIIIIIIIIIIIIA1IIIIIIIIIIIIIII
IIIIIIIIA1IIIIIIIA1IIIIIIIIIIIIIIIIIIIIIIIIIIIIA1IIIIIIIIIIIIIII
IIIIA1IIA1IIIIIIIA1IIIIIIIIIIIIIIIIIIIIIIIIIIIIA1IIIIIIIIIIIIIII
IIIIA1IIAA1IIIIIIA1IIIIIIIIIIIIIIIIIIIIIIIIIIIIA1IIIIIIIIIIIIIII
IIIIA1IIAA1A1IIIIA1IIIIIIIIIIIIIIIIIIIIIIIIIIIIA1IIIIIIIIIIIIIII
IIIIA1IIAAAA1IIIIA1IIIIIIIIIIIIIIIIIIIIIIIIIIIIA1IIIIIIIIIIIIIII
IIIAA1IIAAAA1IIIIA1IIIIIIIIIIIIIIIIIIIIIIIIIIIIA1IIIIIIIIIIIIIII
IIIAA1IIAAAAA2IIIA1IIIIIIIIIIIIIIIIIIIIIIIIIIIIA1IIIIIIIIIIIIIII
IIIIIIIIIIIIA1IIIIIIIIIIIIIIIIIIIIIIIIIIIIIIIIIIIIIIIIIIIIIIIIII
IIIIIIIIIII2AIIIIIIIIIIIIIIIIIIIIIIIIIIIIIIIIIIIIIIIIIIIIIIIIIII
IIIIIIIIIIIIA2IIIIIIIIIIIIIIIIIIIIIIIIIIIIIIIIIIIIIIIIIIIIIIIIII
IIIIIIIIA12IIIIIIIIIIIIIIIIIIIIIIIIIIIIIIIIIIIIIIIIIIIIIIIIIIIII
IIIIA12IA12IIIIIIIIIIIIIIIIIIIIIIIIIIIIIIIIIIIIIIIIIIIIIIIIIIIII
IIIIA12IAA12IIIIIIIIIIIIIIIIIIIIIIIIIIIIIIIIIIIIIIIIIIIIIIIIIIII
IIIIA12IAA1A12IIIIIIIIIIIIIIIIIIIIIIIIIIIIIIIIIIIIIIIIIIIIIIIIII
IIIIA12IAAAA12IIIIIIIIIIIIIIIIIIIIIIIIIIIIIIIIIIIIIIIIIIIIIIIIII
IIIAA12IAAAA12IIIIIIIIIIIIIIIIIIIIIIIIIIIIIIIIIIIIIIIIIIIIIIIIII
IIIIIIIIIIIIAIIIIIIIIIIIIIIIIIIIIIIIIIIIIIIIIIIIIIIIIIIIIIIIIIII
IIIIIIIIAIIIAIIIIIIIIIIIIIIIIIIIIIIIIIIIIIIIIIIIIIIIIIIIIIIIIIII
IIIIAIIIAIIIAIIIIIIIIIIIIIIIIIIIIIIIIIIIIIIIIIIIIIIIIIIIIIIIIIII
IIIIAIIIAAIIAIIIIIIIIIIIIIIIIIIIIIIIIIIIIIIIIIIIIIIIIIIIIIIIIIII
IIIIAIIIAAIAAIIIIIIIIIIIIIIIIIIIIIIIIIIIIIIIIIIIIIIIIIIIIIIIIIII
IIIIAIIIAAAAAIIIIIIIIIIIIIIIIIIIIIIIIIIIIIIIIIIIIIIIIIIIIIIIIIII
IIIAAIIIAAAAAIIIIIIIIIIIIIIIIIIIIIIIIIIIIIIIIIIIIIIIIIIIIIIIIIII
IIIIIIIIIIIIIIIIIIIIIIIIIIIIIIIIIIIIIIIIIIIIIIIA2IIIIIIIIIIIIIII
IIIIIIIIIIIIIIIIIA2IIIIIIIIIIIIIIIIIIIIIIIIIIIIA2IIIIIIIIIIIIIII
IIIIIIIIA2IIIIIIIA2IIIIIIIIIIIIIIIIIIIIIIIIIIIIA2IIIIIIIIIIIIIII
IIIIA2IIA2IIIIIIIA2IIIIIIIIIIIIIIIIIIIIIIIIIIIIA2IIIIIIIIIIIIIII
IIIIA2IIAA2IIIIIIA2IIIIIIIIIIIIIIIIIIIIIIIIIIIIA2IIIIIIIIIIIIIII
IIIIA2IIAA2A2IIIIA2IIIIIIIIIIIIIIIIIIIIIIIIIIIIA2IIIIIIIIIIIIIII
IIIIA2IIAAAA2IIIIA2IIIIIIIIIIIIIIIIIIIIIIIIIIIIA2IIIIIIIIIIIIIII
IIIAA2IIAAAA2IIIIA2IIIIIIIIIIIIIIIIIIIIIIIIIIIIA2IIIIIIIIIIIIIII
IIIAA2IIAAAAA1IIIA2IIIIIIIIIIIIIIIIIIIIIIIIIIIIA2IIIIIIIIIIIIIII
IIIAA2IIAAAAA1IIIA2IIIIIIIIIIIIIIIIIIIIIIIIIIIIA1IIIIIIIIIIIIIII
IIIAA2IIAAAAA1IIIA1IIIIIIIIIIIIIIIIIIIIIIIIIIIIA1IIIIIIIIIIIIIII
IIIAA1IIAAAAA1IIIA1IIIIIIIIIIIIIIIIIIIIIIIIIIIIA1IIIIIIIIIIIIIII
IIIIIIIIA1IIIIIIIIIIIIIIIIIIIIIIIIIIIIIIIIIIIIIIIIIIIIIIIIIIIIII
IIIIA1IIA1IIIIIIIIIIIIIIIIIIIIIIIIIIIIIIIIIIIIIIIIIIIIIIIIIIIIII
IIIIA1IIAA1IIIIIIIIIIIIIIIIIIIIIIIIIIIIIIIIIIIIIIIIIIIIIIIIIIIII
IIIIA1IIAAA1IIIIIIIIIIIIIIIIIIIIIIIIIIIIIIIIIIIIIIIIIIIIIIIIIIII
IIIIA1IIAAAA1IIIIIIIIIIIIIIIIIIIIIIIIIIIIIIIIIIIIIIIIIIIIIIIIIII
IIIAA1IIAAAA1IIIIIIIIIIIIIIIIIIIIIIIIIIIIIIIIIIIIIIIIIIIIIIIIIII
IIIIIIIIIIIIIIIIIIIIIIIIIIIIIIIIIIIIIIIIIIIIIIIAIIIIIIIIIIIIIIII
IIIIIIIIIIIIIIIIIAIIIIIIIIIIIIIIIIIIIIIIIIIIIIIAIIIIIIIIIIIIIIII
IIIIIIIIAIIIIIIIIAIIIIIIIIIIIIIIIIIIIIIIIIIIIIIAIIIIIIIIIIIIIIII
IIIIAIIIAIIIIIIIIAIIIIIIIIIIIIIIIIIIIIIIIIIIIIIAIIIIIIIIIIIIIIII
IIIIAIIIAAIIIIIIIAIIIIIIIIIIIIIIIIIIIIIIIIIIIIIAIIIIIIIIIIIIIIII
IIIIAIIIAAIAIIIIIAIIIIIIIIIIIIIIIIIIIIIIIIIIIIIAIIIIIIIIIIIIIIII
IIIIAIIIAAAAIIIIIAIIIIIIIIIIIIIIIIIIIIIIIIIIIIIAIIIIIIIIIIIIIIII
IIIAAIIIAAAAIIIIIAIIIIIIIIIIIIIIIIIIIIIIIIIIIIIAIIIIIIIIIIIIIIII
IIIIIIIIIIIIIIIIIIIIIIIIIIIIIIIIIIIIIIIIIIIIIIIA1IIIIIIIIIIIIIII
IIIIIIIIIIIIIIIIIA1IIIIIIIIIIIIIIIIIIIIIIIIIIIIA1IIIIIIIIIIIIIII
IIIIIIIIA1IIIIIIIA1IIIIIIIIIIIIIIIIIIIIIIIIIIIIA1IIIIIIIIIIIIIII
IIIIA1IIA1IIIIIIIA1IIIIIIIIIIIIIIIIIIIIIIIIIIIIA1IIIIIIIIIIIIIII
IIIIA1IIAA1IIIIIIA1IIIIIIIIIIIIIIIIIIIIIIIIIIIIA1IIIIIIIIIIIIIII
IIIIA1IIAA1A1IIIIA1IIIIIIIIIIIIIIIIIIIIIIIIIIIIA1IIIIIIIIIIIIIII
IIIIA1IIAAAA1IIIIA1IIIIIIIIIIIIIIIIIIIIIIIIIIIIA1IIIIIIIIIIIIIII
IIIAA1IIAAAA1IIIIA1IIIIIIIIIIIIIIIIIIIIIIIIIIIIA1IIIIIIIIIIIIIII
IIIAA1IIAAAA1IIIIA1IIIIIIIIIIIIIIIIIIIIIIIIIII2A1IIIIIIIIIIIIIII
IIIAA1IIAAAAAIIIIA1IIIIIIIIIIIIIIIIIIIIIIIIIII2A1IIIIIIIIIIIIIII
IIIAA1IIAAAAAIII2A1IIIIIIIIIIIIIIIIIIIIIIIIIII2A1IIIIIIIIIIIIIII
IIIAA1I2AAAAAIII2A1IIIIIIIIIIIIIIIIIIIIIIIIIII2A1IIIIIIIIIIIIIII
II2AA1I2AAAAAIII2A1IIIIIIIIIIIIIIIIIIIIIIIIIII2A1IIIIIIIIIIIIIII
IIIIIIIIA1IIIIIIIIIIIIIIIIIIIIIIIIIIIIIIIIIIIIIIIIIIIIIIIIIIIIII
IIIIA1IIA1IIIIIIIIIIIIIIIIIIIIIIIIIIIIIIIIIIIIIIIIIIIIIIIIIIIIII
IIIIA1IIAA1IIIIIIIIIIIIIIIIIIIIIIIIIIIIIIIIIIIIIIIIIIIIIIIIIIIII
IIIIA1IIAA1A1IIIIIIIIIIIIIIIIIIIIIIIIIIIIIIIIIIIIIIIIIIIIIIIIIII
IIIIA1IIAAAA1IIIIIIIIIIIIIIIIIIIIIIIIIIIIIIIIIIIIIIIIIIIIIIIIIII
IIIIIIIIIIIIAIIIIIIIIIIIIIIIIIIIIIIIIIIIIIIIIIIIIIIIIIIIIIIIIIII
IIIIIIIIIIA1AII2IIIIIIIIIIIIIIIIIIIIIIIIIIIIIIIIIIIIIIIIIIIIIIII
IIIIIIIIIIAAA2I22IIIIIIIIIIIIIIIIIIIIIIIIIIIIIIIIIIIIIIIIIIIIIII
IIIIIIIIIIIIAI1I111III1IIIIIIIIIIIIIIIIIIIIIIIIIIIIIIIIIIIIIIIII
IIIIIIIIIII1A11IIIIIIIIIIIIIIIIIIIIIIIIIIIIIIIIIIIIIIIIIIIIIIIII
IIIIIIIIIIIIA1II112II2I2IIIIIIIIIIIIIIIIIIIIIIIIIIIIIIIIIIIIIIII
IIIIIIIIIAIIIIIIIIIIIIIIIIIIIIIIIIIIIIIIIIIIIIIIIIIIIIIIIIIIIIII
IIIIAIIIIAIIIIIIIIIIIIIIIIIIIIIIIIIIIIIIIIIIIIIIIIIIIIIIIIIIIIII
IIIAAIIIIAIIIIIIIIIIIIIIIIIIIIIIIIIIIIIIIIIIIIIIIIIIIIIIIIIIIIII
IIIAAIIIIAIIIIIIIIIIIIIIIIIIIIIIIIIIIIIIIIIIIIIAIIIIIIIIIIIIIIII
IIIAAIIIIAIIIIIIIAIIIIIIIIIIIIIIIIIIIIIIIIIIIIIAIIIIIIIIIIIIIIII
IIIAAIIIAAIIIIIIIAIIIIIIIIIIIIIIIIIIIIIIIIIIIIIAIIIIIIIIIIIIIIII
IIIAAIIIAAIAIIIIIAIIIIIIIIIIIIIIIIIIIIIIIIIIIIIAIIIIIIIIIIIIIIII
IIIAAIIIAAAAIIIIIAIIIIIIIIIIIIIIIIIIIIIIIIIIIIIAIIIIIIIIIIIIIIII
IIIAA2IIAAAAIIIIIAIIIIIIIIIIIIIIIIIIIIIIIIIIIIIAIIIIIIIIIIIIIIII
IIIAA1IIAAAAIIIIIAIIIIIIIIIIIIIIIIIIIIIIIIIIIIIAIIIIIIIIIIIIIIII
IIIAA1IIAAAA1IIIIAIIIIIIIIIIIIIIIIIIIIIIIIIIIIIAIIIIIIIIIIIIIIII
IIIAA1IIAAAAAI2IIAIIIIIIIIIIIIIIIIIIIIIIIIIIIIIAIIIIIIIIIIIIIIII
IIIAA12IAAAAAI2IIAIIIIIIIIIIIIIIIIIIIIIIIIIIIIIAIIIIIIIIIIIIIIII
IIIAA12IAAAAA22IIAIIIIIIIIIIIIIIIIIIIIIIIIIIIIIAIIIIIIIIIIIIIIII
IIIAA12IAAAAA22IIAIIIIIIIIIIIIIIIIIIIIIIIIIIIIIA1IIIIIIIIIIIIIII
IIIAA12IAAAAA22IIA1IIIIIIIIIIIIIIIIIIIIIIIIIIIIA1IIIIIIIIIIIIIII
IIIIIIIIIIIIIIIIIIIIIIIIIIIIIIIIIIIIIIIIIIIIIIIA1IIIIIIIIIIIIIII
IIIIIIIIIIIIIIIIIA1IIIIIIIIIIIIIIIIIIIIIIIIIIIIA1IIIIIIIIIIIIIII
IIIIIIIIAIIIIIIIIA1IIIIIIIIIIIIIIIIIIIIIIIIIIIIA1IIIIIIIIIIIIIII
IIIIAIIIAIIIIIIIIA1IIIIIIIIIIIIIIIIIIIIIIIIIIIIA1IIIIIIIIIIIIIII
IIIIAIIIAAIIIIIIIA1IIIIIIIIIIIIIIIIIIIIIIIIIIIIA1IIIIIIIIIIIIIII
IIIIAIIIAAAIIIIIIA1IIIIIIIIIIIIIIIIIIIIIIIIIIIIA1IIIIIIIIIIIIIII
IIIIAIIIAAAAIIIIIA1IIIIIIIIIIIIIIIIIIIIIIIIIIIIA1IIIIIIIIIIIIIII
IIIAAIIIAAAAIIIIIA1IIIIIIIIIIIIIIIIIIIIIIIIIIIIA1IIIIIIIIIIIIIII
IIIAAIIIAAAAAIIIIA1IIIIIIIIIIIIIIIIIIIIIIIIIIIIA1IIIIIIIIIIIIIII
IIIIIIIIIIIIA2IIIIIIIIIIIIIIIIIIIIIIIIIIIIIIIIIIIIIIIIIIIIIIIIII
IIIIIIIIIIIIA1IIIIIIIIIIIIIIIIIIIIIIIIIIIIIIIIIIIIIIIIIIIIIIIIII
IIIIIIIIAIIIIIIIIIIIIIIIIIIIIIIIIIIIIIIIIIIIIIIIIIIIIIIIIIIIIIII
IIIIAIIIAIIIIIIIIIIIIIIIIIIIIIIIIIIIIIIIIIIIIIIIIIIIIIIIIIIIIIII
IIIIAIIIAAIIIIIIIIIIIIIIIIIIIIIIIIIIIIIIIIIIIIIIIIIIIIIIIIIIIIII
IIIIAIIIAAIAIIIIIIIIIIIIIIIIIIIIIIIIIIIIIIIIIIIIIIIIIIIIIIIIIIII
IIIIAIIIAAAAIIIIIIIIIIIIIIIIIIIIIIIIIIIIIIIIIIIIIIIIIIIIIIIIIIII
IIIIAIIIAAAAIIIIIIIIIIIIIIIIIIIIIIIIIIIIIIIIIIIA1IIIIIIIIIIIIIII
IIIIAIIIAAAAIIIIIA1IIIIIIIIIIIIIIIIIIIIIIIIIIIIA1IIIIIIIIIIIIIII
IIIIA1IIAAAAIIIIIA1IIIIIIIIIIIIIIIIIIIIIIIIIIIIA1IIIIIIIIIIIIIII
IIIIA1IIAAAA1IIIIA1IIIIIIIIIIIIIIIIIIIIIIIIIIIIA1IIIIIIIIIIIIIII
IIIAA1IIAAAA1IIIIA1IIIIIIIIIIIIIIIIIIIIIIIIIIIIA1IIIIIIIIIIIIIII
IIIAA1IIAAAAA1IIIA1IIIIIIIIIIIIIIIIIIIIIIIIIIIIA1IIIIIIIIIIIIIII
IIIAA1IIAAAAA1IIIA1IIIIIIIIIIIIIIIIIIIIIIIIIII2A1IIIIIIIIIIIIIII
IIIAA1IIAAAAA1II2A1IIIIIIIIIIIIIIIIIIIIIIIIIII2A1IIIIIIIIIIIIIII
IIIAA1I2AAAAA1II2A1IIIIIIIIIIIIIIIIIIIIIIIIIII2A1IIIIIIIIIIIIIII
II2AA1I2AAAAA1II2A1IIIIIIIIIIIIIIIIIIIIIIIIIII2A1IIIIIIIIIIIIIII
IIIIIIIIIIIIA1IIIIIIIIIIIIIIIIIIIIIIIIIIIIIIIIIIIIIIIIIIIIIIIIII
IIIIIIIIAIIIA1IIIIIIIIIIIIIIIIIIIIIIIIIIIIIIIIIIIIIIIIIIIIIIIIII
IIIIAIIIAIIIA1IIIIIIIIIIIIIIIIIIIIIIIIIIIIIIIIIIIIIIIIIIIIIIIIII
IIIIAIIIAAIIA1IIIIIIIIIIIIIIIIIIIIIIIIIIIIIIIIIIIIIIIIIIIIIIIIII
IIIIAIIIAAIAA1IIIIIIIIIIIIIIIIIIIIIIIIIIIIIIIIIIIIIIIIIIIIIIIIII
IIIIAIIIAAAAA1IIIIIIIIIIIIIIIIIIIIIIIIIIIIIIIIIIIIIIIIIIIIIIIIII
IIIIIIIIIIIIA1IIIIIIIIIIIIIIIIIIIIIIIIIIIIIIIIIIIIIIIIIIIIIIIIII
IIIIIIIIIIIIAIIIIIIIIIIIIIIIIIIIIIIIIIIIIIIIIIIIIIIIIIIIIIIIIIII
IIIIIIIIIIIIAI1III2IIIIIIIIIIIIIIIIIIIIIIIIIIIIIIIIIIIIIIIIIIIII
IIIIIIIIIIAIAI1I2I2IIIIIIIIIIIIIIIIIIIIIIIIIIIIIIIIIIIIIIIIIIIII
IIIIIIIIIIAAA11I222IIIIIIIIIIIIIIIIIIIIIIIIIIIIIIIIIIIIIIIIIIIII
IIIIIIIIIIIIA11I11I11IIIIIIIIIIIIIIIIIIIIIIIIIIIIIIIIIIIIIIIIIII
IIIIIIIIIA2IIIIIIIIIIIIIIIIIIIIIIIIIIIIIIIIIIIIIIIIIIIIIIIIIIIII
IIIIA2IIIA2IIIIIIIIIIIIIIIIIIIIIIIIIIIIIIIIIIIIIIIIIIIIIIIIIIIII
IIIAA2IIIA2IIIIIIIIIIIIIIIIIIIIIIIIIIIIIIIIIIIIIIIIIIIIIIIIIIIII
IIIIIIIIIIIIA2IIIIIIIIIIIIIIIIIIIIIIIIIIIIIIIIIIIIIIIIIIIIIIIIII
IIIIIIIIIIIIA2IIIIIIIIIIIIIIIIIIIIIIIIIIIIIIIIIA2IIIIIIIIIIIIIII
IIIIIIIIIIIIA2IIIA2IIIIIIIIIIIIIIIIIIIIIIIIIIIIA2IIIIIIIIIIIIIII
IIIIIIIIA2IIA2IIIA2IIIIIIIIIIIIIIIIIIIIIIIIIIIIA2IIIIIIIIIIIIIII
IIIIA2IIA2IIA2IIIA2IIIIIIIIIIIIIIIIIIIIIIIIIIIIA2IIIIIIIIIIIIIII
IIIIA2IIAA2IA2IIIA2IIIIIIIIIIIIIIIIIIIIIIIIIIIIA2IIIIIIIIIIIIIII
IIIIA2IIAA2AA2IIIA2IIIIIIIIIIIIIIIIIIIIIIIIIIIIA2IIIIIIIIIIIIIII
IIIIA2IIAAAAA2IIIA2IIIIIIIIIIIIIIIIIIIIIIIIIIIIA2IIIIIIIIIIIIIII
IIIAA2IIAAAAA2IIIA2IIIIIIIIIIIIIIIIIIIIIIIIIIIIA2IIIIIIIIIIIIIII
IIIIIIIIIIIIIIIIIIIIIIIIIIIIIIIIIIIIIIIIIIIIIIIA1IIIIIIIIIIIIIII
IIIIIIIIIIIIA1IIIIIIIIIIIIIIIIIIIIIIIIIIIIIIIIIA1IIIIIIIIIIIIIII
IIIIIIIIIIIIA1IIIA1IIIIIIIIIIIIIIIIIIIIIIIIIIIIA1IIIIIIIIIIIIIII
IIIIIIIIA1IIA1IIIA1IIIIIIIIIIIIIIIIIIIIIIIIIIIIA1IIIIIIIIIIIIIII
IIIIA1IIA1IIA1IIIA1IIIIIIIIIIIIIIIIIIIIIIIIIIIIA1IIIIIIIIIIIIIII
IIIIA1IIAA1IA1IIIA1IIIIIIIIIIIIIIIIIIIIIIIIIIIIA1IIIIIIIIIIIIIII
IIIIA1IIAA1AA1IIIA1IIIIIIIIIIIIIIIIIIIIIIIIIIIIA1IIIIIIIIIIIIIII
IIIIA1IIAAAAA1IIIA1IIIIIIIIIIIIIIIIIIIIIIIIIIIIA1IIIIIIIIIIIIIII
IIIAA1IIAAAAA1IIIA1IIIIIIIIIIIIIIIIIIIIIIIIIIIIA1IIIIIIIIIIIIIII
IIIIIIIIA1IIIIIIIIIIIIIIIIIIIIIIIIIIIIIIIIIIIIIIIIIIIIIIIIIIIIII
IIIIA1IIA1IIIIIIIIIIIIIIIIIIIIIIIIIIIIIIIIIIIIIIIIIIIIIIIIIIIIII
IIIIA1IIAA1IIIIIIIIIIIIIIIIIIIIIIIIIIIIIIIIIIIIIIIIIIIIIIIIIIIII
IIIIA1IIAA1A1IIIIIIIIIIIIIIIIIIIIIIIIIIIIIIIIIIIIIIIIIIIIIIIIIII
IIIIA1IIAAAA1IIIIIIIIIIIIIIIIIIIIIIIIIIIIIIIIIIIIIIIIIIIIIIIIIII
IIIAA1IIAAAA1IIIIIIIIIIIIIIIIIIIIIIIIIIIIIIIIIIIIIIIIIIIIIIIIIII
IIIAA1IIAAAAA1IIIIIIIIIIIIIIIIIIIIIIIIIIIIIIIIIIIIIIIIIIIIIIIIII
IIIIIIIIIIIIA12IIIIIIIIIIIIIIIIIIIIIIIIIIIIIIIIIIIIIIIIIIIIIIIII
IIIIIIIIA12IIIIIIIIIIIIIIIIIIIIIIIIIIIIIIIIIIIIIIIIIIIIIIIIIIIII
IIIIA12IA12IIIIIIIIIIIIIIIIIIIIIIIIIIIIIIIIIIIIIIIIIIIIIIIIIIIII
IIIIA12IAA12IIIIIIIIIIIIIIIIIIIIIIIIIIIIIIIIIIIIIIIIIIIIIIIIIIII
IIIIA12IAA1A12IIIIIIIIIIIIIIIIIIIIIIIIIIIIIIIIIIIIIIIIIIIIIIIIII
IIIIA12IAAAA12IIIIIIIIIIIIIIIIIIIIIIIIIIIIIIIIIIIIIIIIIIIIIIIIII
III2A12IAAAA12IIIIIIIIIIIIIIIIIIIIIIIIIIIIIIIIIIIIIIIIIIIIIIIIII
II2AA12IAAAA12IIIIIIIIIIIIIIIIIIIIIIIIIIIIIIIIIIIIIIIIIIIIIIIIII
IIIIIIIIIIIIA2IIIIIIIIIIIIIIIIIIIIIIIIIIIIIIIIIIIIIIIIIIIIIIIIII
IIIIIIIIIIIIA1IIIIIIIIIIIIIIIIIIIIIIIIIIIIIIIIIIIIIIIIIIIIIIIIII
IIIIIIIIA1IIA1IIIIIIIIIIIIIIIIIIIIIIIIIIIIIIIIIIIIIIIIIIIIIIIIII
IIIIA1IIA1IIA1IIIIIIIIIIIIIIIIIIIIIIIIIIIIIIIIIIIIIIIIIIIIIIIIII
IIIIA1IIAA1IA1IIIIIIIIIIIIIIIIIIIIIIIIIIIIIIIIIIIIIIIIIIIIIIIIII
IIIIA1IIAA1AA1IIIIIIIIIIIIIIIIIIIIIIIIIIIIIIIIIIIIIIIIIIIIIIIIII
IIIIA1IIAAAAA1IIIIIIIIIIIIIIIIIIIIIIIIIIIIIIIIIIIIIIIIIIIIIIIIII
IIIAA1IIAAAAA1IIIIIIIIIIIIIIIIIIIIIIIIIIIIIIIIIIIIIIIIIIIIIIIIII
IIIIIIIIIIIIIIIIIIIIIIIIIIIIIIIIIIIIIIIIIIIIIIIAIIIIIIIIIIIIIIII
IIIIIIIIIIIIIIIIIAIIIIIIIIIIIIIIIIIIIIIIIIIIIIIAIIIIIIIIIIIIIIII
IIIIIIIIAIIIIIIIIAIIIIIIIIIIIIIIIIIIIIIIIIIIIIIAIIIIIIIIIIIIIIII
IIIIAIIIAIIIIIIIIAIIIIIIIIIIIIIIIIIIIIIIIIIIIIIAIIIIIIIIIIIIIIII
IIIIAIIIAA2IIIIIIAIIIIIIIIIIIIIIIIIIIIIIIIIIIIIAIIIIIIIIIIIIIIII
IIIIAIIIAA2A2IIIIAIIIIIIIIIIIIIIIIIIIIIIIIIIIIIAIIIIIIIIIIIIIIII
IIIIAIIIAAAA2IIIIAIIIIIIIIIIIIIIIIIIIIIIIIIIIIIAIIIIIIIIIIIIIIII
IIIIAIIIAAAAA2IIIAIIIIIIIIIIIIIIIIIIIIIIIIIIIIIAIIIIIIIIIIIIIIII
IIIIAIIIAAAAA2IIIAIIIIIIIIIIIIIIIIIIIIIIIIIIIIIA2IIIIIIIIIIIIIII
IIIIAIIIAAAAA2IIIA2IIIIIIIIIIIIIIIIIIIIIIIIIIIIA2IIIIIIIIIIIIIII
IIIIAIIIAAAAA2IIIA2IIIIIIIIIIIIIIIIIIIIIIIIIIIIA1IIIIIIIIIIIIIII
IIIIAIIIAAAAA2IIIA1IIIIIIIIIIIIIIIIIIIIIIIIIIIIA1IIIIIIIIIIIIIII
IIIIAIIIAAAAA1IIIA1IIIIIIIIIIIIIIIIIIIIIIIIIIIIA1IIIIIIIIIIIIIII
IIIIIIIIIIIIA2IIIIIIIIIIIIIIIIIIIIIIIIIIIIIIIIIIIIIIIIIIIIIIIIII
IIIIIIIIA1IIA2IIIIIIIIIIIIIIIIIIIIIIIIIIIIIIIIIIIIIIIIIIIIIIIIII
IIIIA1IIA1IIA2IIIIIIIIIIIIIIIIIIIIIIIIIIIIIIIIIIIIIIIIIIIIIIIIII
IIIIA1IIAA1IA2IIIIIIIIIIIIIIIIIIIIIIIIIIIIIIIIIIIIIIIIIIIIIIIIII
IIIIA1IIAAA1A2IIIIIIIIIIIIIIIIIIIIIIIIIIIIIIIIIIIIIIIIIIIIIIIIII
IIIIA1IIAAAAA2IIIIIIIIIIIIIIIIIIIIIIIIIIIIIIIIIIIIIIIIIIIIIIIIII
IIIAA1IIAAAAA2IIIIIIIIIIIIIIIIIIIIIIIIIIIIIIIIIIIIIIIIIIIIIIIIII
IIIIIIIIIIIIAIIIIIIIIIIIIIIIIIIIIIIIIIIIIIIIIIIIIIIIIIIIIIIIIIII
IIIIIIIIIIIIAIIIIIIIIIIIIIIIIIIIIIIIIIIIIIIIIIIAIIIIIIIIIIIIIIII
IIIIIIIIIIIIAIIIIAIIIIIIIIIIIIIIIIIIIIIIIIIIIIIAIIIIIIIIIIIIIIII
IIIIIIIIA2IIAIIIIAIIIIIIIIIIIIIIIIIIIIIIIIIIIIIAIIIIIIIIIIIIIIII
IIIIA2IIA2IIAIIIIAIIIIIIIIIIIIIIIIIIIIIIIIIIIIIAIIIIIIIIIIIIIIII
IIIIA2IIAA2IAIIIIAIIIIIIIIIIIIIIIIIIIIIIIIIIIIIAIIIIIIIIIIIIIIII
IIIIA2IIAA2AAIIIIAIIIIIIIIIIIIIIIIIIIIIIIIIIIIIAIIIIIIIIIIIIIIII
IIIIA2IIAAAAAIIIIAIIIIIIIIIIIIIIIIIIIIIIIIIIIIIAIIIIIIIIIIIIIIII
IIIAA2IIAAAAAIIIIAIIIIIIIIIIIIIIIIIIIIIIIIIIIIIAIIIIIIIIIIIIIIII
IIIIIIIIIIIIA1IIIIIIIIIIIIIIIIIIIIIIIIIIIIIIIIIIIIIIIIIIIIIIIIII
IIIIIIIIIIIIIIIIIIIIIIIIIIIIIIIIIIIIIIIIIIIIIIIA1IIIIIIIIIIIIIII
IIIIIIIIIIIIIIIIIA1IIIIIIIIIIIIIIIIIIIIIIIIIIIIA1IIIIIIIIIIIIIII
IIIIIIIIA1IIIIIIIA1IIIIIIIIIIIIIIIIIIIIIIIIIIIIA1IIIIIIIIIIIIIII
IIIIA1IIA1IIIIIIIA1IIIIIIIIIIIIIIIIIIIIIIIIIIIIA1IIIIIIIIIIIIIII
IIIIA1IIAA1IIIIIIA1IIIIIIIIIIIIIIIIIIIIIIIIIIIIA1IIIIIIIIIIIIIII
IIIIA1IIAA1A1IIIIA1IIIIIIIIIIIIIIIIIIIIIIIIIIIIA1IIIIIIIIIIIIIII
IIIIA1IIAAAA1IIIIA1IIIIIIIIIIIIIIIIIIIIIIIIIIIIA1IIIIIIIIIIIIIII
IIIAA1IIAAAA1IIIIA1IIIIIIIIIIIIIIIIIIIIIIIIIIIIA1IIIIIIIIIIIIIII
IIIIIIIIIIIIAIIIIIIIIIIIIIIIIIIIIIIIIIIIIIIIIIIIIIIIIIIIIIIIIIII
IIIIIIIIIA1IIIIIIIIIIIIIIIIIIIIIIIIIIIIIIIIIIIIIIIIIIIIIIIIIIIII
IIIIA1IIIA1IIIIIIIIIIIIIIIIIIIIIIIIIIIIIIIIIIIIIIIIIIIIIIIIIIIII
IIIAA1IIIA1IIIIIIIIIIIIIIIIIIIIIIIIIIIIIIIIIIIIIIIIIIIIIIIIIIIII
IIIIIIIIIIIIIIIIIIIIIIIIIIIIIIIIIIIIIIIIIIIIIIIA1IIIIIIIIIIIIIII
IIIIIIIIIIIIA1IIIIIIIIIIIIIIIIIIIIIIIIIIIIIIIIIA1IIIIIIIIIIIIIII
IIIIIIIIIIIIA1IIIA1IIIIIIIIIIIIIIIIIIIIIIIIIIIIA1IIIIIIIIIIIIIII
IIIIIIIIA1IIA1IIIA1IIIIIIIIIIIIIIIIIIIIIIIIIIIIA1IIIIIIIIIIIIIII
IIIIA1IIA1IIA1IIIA1IIIIIIIIIIIIIIIIIIIIIIIIIIIIA1IIIIIIIIIIIIIII
IIIIA1IIAA1IA1IIIA1IIIIIIIIIIIIIIIIIIIIIIIIIIIIA1IIIIIIIIIIIIIII
IIIIA1IIAA1AA1IIIA1IIIIIIIIIIIIIIIIIIIIIIIIIIIIA1IIIIIIIIIIIIIII
IIIIA1IIAAAAA1IIIA1IIIIIIIIIIIIIIIIIIIIIIIIIIIIA1IIIIIIIIIIIIIII
IIIAA1IIAAAAA1IIIA1IIIIIIIIIIIIIIIIIIIIIIIIIIIIA1IIIIIIIIIIIIIII
IIIIIIIIIIIIA1IIIIIIIIIIIIIIIIIIIIIIIIIIIIIIIIIIIIIIIIIIIIIIIIII
IIIIIIIIA1IIIIIIIIIIIIIIIIIIIIIIIIIIIIIIIIIIIIIIIIIIIIIIIIIIIIII
IIIIA1IIA1IIIIIIIIIIIIIIIIIIIIIIIIIIIIIIIIIIIIIIIIIIIIIIIIIIIIII
IIIIA1IIAA1IIIIIIIIIIIIIIIIIIIIIIIIIIIIIIIIIIIIIIIIIIIIIIIIIIIII
IIIIA1IIAA1A1IIIIIIIIIIIIIIIIIIIIIIIIIIIIIIIIIIIIIIIIIIIIIIIIIII
IIIIA1IIAAAA1IIIIIIIIIIIIIIIIIIIIIIIIIIIIIIIIIIIIIIIIIIIIIIIIIII
IIIAA1IIAAAA1IIIIIIIIIIIIIIIIIIIIIIIIIIIIIIIIIIIIIIIIIIIIIIIIIII
IIIAA1IIAAAAAIIIIIIIIIIIIIIIIIIIIIIIIIIIIIIIIIIIIIIIIIIIIIIIIIII
IIIAA1IIAAAAAIIIIIIIIIIIIIIIIIIIIIIIIIIIIIIIIIIAIIIIIIIIIIIIIIII
IIIAA1IIAAAAAIIIIAIIIIIIIIIIIIIIIIIIIIIIIIIIIIIAIIIIIIIIIIIIIIII
IIIIIIIIIIIIA1IIIIIIIIIIIIIIIIIIIIIIIIIIIIIIIIIIIIIIIIIIIIIIIIII
IIIIIIIIIIIIIIIIIIIIIIIIIIIIIIIIIIIIIIIIIIIIIIIAIIIIIIIIIIIIIIII
IIIIIIIIIIIIIIIIIAIIIIIIIIIIIIIIIIIIIIIIIIIIIIIAIIIIIIIIIIIIIIII
IIIIIIIIAIIIIIIIIAIIIIIIIIIIIIIIIIIIIIIIIIIIIIIAIIIIIIIIIIIIIIII
IIIIAIIIAIIIIIIIIAIIIIIIIIIIIIIIIIIIIIIIIIIIIIIAIIIIIIIIIIIIIIII
IIIIAIIIAAIIIIIIIAIIIIIIIIIIIIIIIIIIIIIIIIIIIIIAIIIIIIIIIIIIIIII
IIIIAIIIAAIAIIIIIAIIIIIIIIIIIIIIIIIIIIIIIIIIIIIAIIIIIIIIIIIIIIII
IIIIAIIIAAAAIIIIIAIIIIIIIIIIIIIIIIIIIIIIIIIIIIIAIIIIIIIIIIIIIIII
IIIAAIIIAAAAIIIIIAIIIIIIIIIIIIIIIIIIIIIIIIIIIIIAIIIIIIIIIIIIIIII
IIIIIIIIIIIIIIIIIIIIIIIIIIIIIIIIIIIIIIIIIIIIIIIAIIIIIIIIIIIIIIII
IIIIIIIIIIIIIIIIIAIIIIIIIIIIIIIIIIIIIIIIIIIIIIIAIIIIIIIIIIIIIIII
IIIIIIIIIIIIIIIIIAIIIIIIIIIIIIIIIIIIIIIIIIIIIIIA1IIIIIIIIIIIIIII
IIIIIIIIIIIIIIIIIA1IIIIIIIIIIIIIIIIIIIIIIIIIIIIA1IIIIIIIIIIIIIII
IIIIIIIIA1IIIIIIIA1IIIIIIIIIIIIIIIIIIIIIIIIIIIIA1IIIIIIIIIIIIIII
IIIIA1IIA1IIIIIIIA1IIIIIIIIIIIIIIIIIIIIIIIIIIIIA1IIIIIIIIIIIIIII
IIIIA1IIAA1IIIIIIA1IIIIIIIIIIIIIIIIIIIIIIIIIIIIA1IIIIIIIIIIIIIII
IIIIA1IIAA1A1IIIIA1IIIIIIIIIIIIIIIIIIIIIIIIIIIIA1IIIIIIIIIIIIIII
IIIIA1IIAAAA1IIIIA1IIIIIIIIIIIIIIIIIIIIIIIIIIIIA1IIIIIIIIIIIIIII
IIIAA1IIAAAA1IIIIA1IIIIIIIIIIIIIIIIIIIIIIIIIIIIA1IIIIIIIIIIIIIII
IIIIIIIIIIIIAIIIIIIIIIIIIIIIIIIIIIIIIIIIIIIIIIIIIIIIIIIIIIIIIIII
IIIIIIIIIIIIA2IIIIIIIIIIIIIIIIIIIIIIIIIIIIIIIIIIIIIIIIIIIIIIIIII
IIIIIIIIIIIIA1IIIIIIIIIIIIIIIIIIIIIIIIIIIIIIIIIIIIIIIIIIIIIIIIII
IIIIIIIIA1IIA1IIIIIIIIIIIIIIIIIIIIIIIIIIIIIIIIIIIIIIIIIIIIIIIIII
IIIIA1IIA1IIA1IIIIIIIIIIIIIIIIIIIIIIIIIIIIIIIIIIIIIIIIIIIIIIIIII
IIIIA1IIAA1IA1IIIIIIIIIIIIIIIIIIIIIIIIIIIIIIIIIIIIIIIIIIIIIIIIII
IIIIA1IIAA1AA1IIIIIIIIIIIIIIIIIIIIIIIIIIIIIIIIIIIIIIIIIIIIIIIIII
IIIIA1IIAAAAA1IIIIIIIIIIIIIIIIIIIIIIIIIIIIIIIIIIIIIIIIIIIIIIIIII
IIIAA1IIAAAAA1IIIIIIIIIIIIIIIIIIIIIIIIIIIIIIIIIIIIIIIIIIIIIIIIII
IIIIIIIIIIIIAIIIIIIIIIIIIIIIIIIIIIIIIIIIIIIIIIIIIIIIIIIIIIIIIIII
IIIIIIIIIIIIIIIIIIIIIIIIIIIIIIIIIIIIIIIIIIIIIIIA1IIIIIIIIIIIIIII
IIIIIIIIIIIIIIIIIA1IIIIIIIIIIIIIIIIIIIIIIIIIIIIA1IIIIIIIIIIIIIII
IIIIIIIIA1IIIIIIIA1IIIIIIIIIIIIIIIIIIIIIIIIIIIIA1IIIIIIIIIIIIIII
IIIIA1IIA1IIIIIIIA1IIIIIIIIIIIIIIIIIIIIIIIIIIIIA1IIIIIIIIIIIIIII
IIIIA1IIAA1IIIIIIA1IIIIIIIIIIIIIIIIIIIIIIIIIIIIA1IIIIIIIIIIIIIII
IIIIA1IIAA1A1IIIIA1IIIIIIIIIIIIIIIIIIIIIIIIIIIIA1IIIIIIIIIIIIIII
IIIIA1IIAAAA1IIIIA1IIIIIIIIIIIIIIIIIIIIIIIIIIIIA1IIIIIIIIIIIIIII
IIIAA1IIAAAA1IIIIA1IIIIIIIIIIIIIIIIIIIIIIIIIIIIA1IIIIIIIIIIIIIII
IIIIIIIIIIIIAIIIIIIIIIIIIIIIIIIIIIIIIIIIIIIIIIIIIIIIIIIIIIIIIIII
IIIIIIIIAIIIIIIIIIIIIIIIIIIIIIIIIIIIIIIIIIIIIIIIIIIIIIIIIIIIIIII
IIIIAIIIAIIIIIIIIIIIIIIIIIIIIIIIIIIIIIIIIIIIIIIIIIIIIIIIIIIIIIII
IIIIAIIIAAIIIIIIIIIIIIIIIIIIIIIIIIIIIIIIIIIIIIIIIIIIIIIIIIIIIIII
IIIIAIIIAAIAIIIIIIIIIIIIIIIIIIIIIIIIIIIIIIIIIIIIIIIIIIIIIIIIIIII
IIIIAIIIAAAAIIIIIIIIIIIIIIIIIIIIIIIIIIIIIIIIIIIIIIIIIIIIIIIIIIII
IIIIAIIIAAAAA2IIIIIIIIIIIIIIIIIIIIIIIIIIIIIIIIIIIIIIIIIIIIIIIIII
IIIIIIIIIIIIA11IIIIIIIIIIIIIIIIIIIIIIIIIIIIIIIIIIIIIIIIIIIIIIIII
IIIIIIIIIIIIAI1I1I1I1I1I1I1IIIIIIIIIIIIIIIIIIIIIIIIIIIIIIIIIIIII
IIIIIIIIIIIIA1111111111I1I1IIIIIIIIIIIIIIIIIIIIIIIIIIIIIIIIIIIII
IIIIIIIIIIIIAI1IIIIIIIIIIIIIIIIIIIIIIIIIIIIIIIIIIIIIIIIIIIIIIIII
IIIIIIIIIAI1AI1IIIIIIIIIIIIIIIIIIIIIIIIIIIIIIIIIIIIIIIIIIIIIIIII
IIIIAI1IIAI1AI1IIIIIIIIIIIIIIIIIIIIIIIIIIIIIIIIIIIIIIIIIIIIIIIII
IIIAA11IIAI1AI1IIIIIIIIIIIIIIIIIIIIIIIIIIIIIIIIIIIIIIIIIIIIIIIII
IIIAA11IIAI1AI1I2IIIIIIIIIIIIIIIIIIIIIIIIIIIIIIIIIIIIIIIIIIIIIII
IIIIIIIIIIIIAIII2IIIIIIIIIIIIIIIIIIIIIIIIIIIIIIIIIIIIIIIIIIIIIII
IIIIIIIIA2IIIIIIIIIIIIIIIIIIIIIIIIIIIIIIIIIIIIIIIIIIIIIIIIIIIIII
IIIIA2IIA2IIIIIIIIIIIIIIIIIIIIIIIIIIIIIIIIIIIIIIIIIIIIIIIIIIIIII
IIIIA2IIAA2IIIIIIIIIIIIIIIIIIIIIIIIIIIIIIIIIIIIIIIIIIIIIIIIIIIII
IIIIA2IIAA2A2IIIIIIIIIIIIIIIIIIIIIIIIIIIIIIIIIIIIIIIIIIIIIIIIIII
IIIIA2IIAAAA2IIIIIIIIIIIIIIIIIIIIIIIIIIIIIIIIIIIIIIIIIIIIIIIIIII
IIIAA2IIAAAA2IIIIIIIIIIIIIIIIIIIIIIIIIIIIIIIIIIIIIIIIIIIIIIIIIII
IIIIIIIIIIIIA1IIIIIIIIIIIIIIIIIIIIIIIIIIIIIIIIIIIIIIIIIIIIIIIIII
IIIIIIIIIIIIA1IIIIIIIIIIIIIIIIIIIIIIIIIIIIIIIIIAIIIIIIIIIIIIIIII
IIIIIIIIIIIIA1IIIAIIIIIIIIIIIIIIIIIIIIIIIIIIIIIAIIIIIIIIIIIIIIII
IIIIIIIIAIIIA1IIIAIIIIIIIIIIIIIIIIIIIIIIIIIIIIIAIIIIIIIIIIIIIIII
IIIIAIIIAIIIA1IIIAIIIIIIIIIIIIIIIIIIIIIIIIIIIIIAIIIIIIIIIIIIIIII
IIIIAIIIAAIIA1IIIAIIIIIIIIIIIIIIIIIIIIIIIIIIIIIAIIIIIIIIIIIIIIII
IIIIAIIIAAIAA1IIIAIIIIIIIIIIIIIIIIIIIIIIIIIIIIIAIIIIIIIIIIIIIIII
IIIIAIIIAAAAA1IIIAIIIIIIIIIIIIIIIIIIIIIIIIIIIIIAIIIIIIIIIIIIIIII
IIIAAIIIAAAAA1IIIAIIIIIIIIIIIIIIIIIIIIIIIIIIIIIAIIIIIIIIIIIIIIII
IIIAA2IIAAAAA1IIIAIIIIIIIIIIIIIIIIIIIIIIIIIIIIIAIIIIIIIIIIIIIIII
IIIIIIIIIIIIIIIIIIIIIIIIIIIIIIIIIIIIIIIIIIIIIIIA2IIIIIIIIIIIIIII
IIIIIIIIIIIIIIIIIA2IIIIIIIIIIIIIIIIIIIIIIIIIIIIA2IIIIIIIIIIIIIII
IIIIIIIIA2IIIIIIIA2IIIIIIIIIIIIIIIIIIIIIIIIIIIIA2IIIIIIIIIIIIIII
IIIIA2IIA2IIIIIIIA2IIIIIIIIIIIIIIIIIIIIIIIIIIIIA2IIIIIIIIIIIIIII
IIIIA2IIAA2IIIIIIA2IIIIIIIIIIIIIIIIIIIIIIIIIIIIA2IIIIIIIIIIIIIII
IIIIA2IIAA2A2IIIIA2IIIIIIIIIIIIIIIIIIIIIIIIIIIIA2IIIIIIIIIIIIIII
IIIIA2IIAAAA2IIIIA2IIIIIIIIIIIIIIIIIIIIIIIIIIIIA2IIIIIIIIIIIIIII
IIIAA2IIAAAA2IIIIA2IIIIIIIIIIIIIIIIIIIIIIIIIIIIA2IIIIIIIIIIIIIII
IIIAA1IIAAAA2IIIIA2IIIIIIIIIIIIIIIIIIIIIIIIIIIIA2IIIIIIIIIIIIIII
IIIAA1IIAAAAA1IIIA2IIIIIIIIIIIIIIIIIIIIIIIIIIIIA2IIIIIIIIIIIIIII
IIIIIIIIIIIIAIIIIIIIIIIIIIIIIIIIIIIIIIIIIIIIIIIIIIIIIIIIIIIIIIII
IIIIIIIIIIIIA1IIIIIIIIIIIIIIIIIIIIIIIIIIIIIIIIIIIIIIIIIIIIIIIIII
IIIIIIIIIIA1IIIIIIIIIIIIIIIIIIIIIIIIIIIIIIIIIIIIIIIIIIIIIIIIIIII
IIIIIIIIIIAA1IIIIIIIIIIIIIIIIIIIIIIIIIIIIIIIIIIIIIIIIIIIIIIIIIII
IIIIIIIIIIIIAI1I1I1I1I1IIIIIIIIIIIIIIIIIIIIIIIIIIIIIIIIIIIIIIIII
IIIIIIIIIIIIAI1I1I1I1I1I1I1I1IIIIIIIIIIIIIIIIIIIIIIIIIIIIIIIIIII
IIIIIIIIIIIIAI1I1I1I1I1I1I11IIIIIIIIIIIIIIIIIIIIIIIIIIIIIIIIIIII
IIIIIIIIIIIIAI1I111I1IIIIIIIIIIIIIIIIIIIIIIIIIIIIIIIIIIIIIIIIIII
IIIIIIIIIIIIA1I111111IIIIIIIIIIIIIIIIIIIIIIIIIIIIIIIIIIIIIIIIIII
IIIIIIIIIIIIA1I1111111IIIIIIIIIIIIIIIIIIIIIIIIIIIIIIIIIIIIIIIIII
IIIIIIIIIIIIAI11111111IIIIIIIIIIIIIIIIIIIIIIIIIIIIIIIIIIIIIIIIII
IIIIIIIIIIIIA1II1111111IIIIIIIIIIIIIIIIIIIIIIIIIIIIIIIIIIIIIIIII
IIIIIIIIIIIIAI111I1I1IIIIIIIIIIIIIIIIIIIIIIIIIIIIIIIIIIIIIIIIIII
IIIIIIIIIA1IAI111I1I12IIIIIIIIIIIIIIIIIIIIIIIIIIIIIIIIIIIIIIIIII
IIIIA1IIIA1IAI111I1I12IIIIIIIIIIIIIIIIIIIIIIIIIIIIIIIIIIIIIIIIII
IIIAA1IIIA1IAI111I1I12IIIIIIIIIIIIIIIIIIIIIIIIIIIIIIIIIIIIIIIIII
IIIIIIIIIIIIA1IIIIIIIIII2IIIIIIIIIIIIIIIIIIIIIIIIIIIIIIIIIIIIIII
IIIIIIIIIIIIAIIIIIIIIIIIIIIIIIIIIIIIIIIIIIIIIIIIIIIIIIIIIIIIIIII
IIIIIIIIIA1IIIIIIIIIIIIIIIIIIIIIIIIIIIIIIIIIIIIIIIIIIIIIIIIIIIII
IIIIA1IIIA1IIIIIIIIIIIIIIIIIIIIIIIIIIIIIIIIIIIIIIIIIIIIIIIIIIIII
IIIAA1IIIA1IIIIIIIIIIIIIIIIIIIIIIIIIIIIIIIIIIIIIIIIIIIIIIIIIIIII
IIIIIIIIIIIIA1IIIIIIIIIIIIIIIIIIIIIIIIIIIIIIIIIIIIIIIIIIIIIIIIII
IIIIIIIIIIIIAIIIIIIIIIIIIIIIIIIIIIIIIIIIIIIIIIIIIIIIIIIIIIIIIIII
IIIIIIIIIIIIA1IIIIIIIIIIIIIIIIIIIIIIIIIIIIIIIIIIIIIIIIIIIIIIIIII
IIIIIIIIA1IIA1IIIIIIIIIIIIIIIIIIIIIIIIIIIIIIIIIIIIIIIIIIIIIIIIII
IIIIA1IIA1IIA1IIIIIIIIIIIIIIIIIIIIIIIIIIIIIIIIIIIIIIIIIIIIIIIIII
IIIIA1IIAA1IA1IIIIIIIIIIIIIIIIIIIIIIIIIIIIIIIIIIIIIIIIIIIIIIIIII
IIIIA1IIAA1AA1IIIIIIIIIIIIIIIIIIIIIIIIIIIIIIIIIIIIIIIIIIIIIIIIII
IIIIA1IIAAAAA1IIIIIIIIIIIIIIIIIIIIIIIIIIIIIIIIIIIIIIIIIIIIIIIIII
IIIAA1IIAAAAA1IIIIIIIIIIIIIIIIIIIIIIIIIIIIIIIIIIIIIIIIIIIIIIIIII
IIIIIIIIIIIIIIIIIIIIIIIIIIIIIIIIIIIIIIIIIIIIIIIAIIIIIIIIIIIIIIII
IIIIIIIIIIIIIIIIIAIIIIIIIIIIIIIIIIIIIIIIIIIIIIIAIIIIIIIIIIIIIIII
IIIIIIIIIIIIIIIIIAIIIIIIIIIIIIIIIIIIIIIIIIIIIIIA1IIIIIIIIIIIIIII
IIIIIIIIIIIIIIIIIA1IIIIIIIIIIIIIIIIIIIIIIIIIIIIA1IIIIIIIIIIIIIII
IIIIIIIIA1IIIIIIIA1IIIIIIIIIIIIIIIIIIIIIIIIIIIIA1IIIIIIIIIIIIIII
IIIIA1IIA1IIIIIIIA1IIIIIIIIIIIIIIIIIIIIIIIIIIIIA1IIIIIIIIIIIIIII
IIIIA1IIAA1IIIIIIA1IIIIIIIIIIIIIIIIIIIIIIIIIIIIA1IIIIIIIIIIIIIII
IIIIA1IIAA1A1IIIIA1IIIIIIIIIIIIIIIIIIIIIIIIIIIIA1IIIIIIIIIIIIIII
IIIIA1IIAAAA1IIIIA1IIIIIIIIIIIIIIIIIIIIIIIIIIIIA1IIIIIIIIIIIIIII
IIIAA1IIAAAA1IIIIA1IIIIIIIIIIIIIIIIIIIIIIIIIIIIA1IIIIIIIIIIIIIII
IIIAA1IIAAAAA1IIIA1IIIIIIIIIIIIIIIIIIIIIIIIIIIIA1IIIIIIIIIIIIIII
IIIIIIIIIIIIIIIIIIIIIIIIIIIIIIIIIIIIIIIIIIIIIIIA1IIIIIIIIIIIIIII
IIIIIIIIIIIIIIIIIA1IIIIIIIIIIIIIIIIIIIIIIIIIIIIA1IIIIIIIIIIIIIII
IIIIIIIIA2IIIIIIIA1IIIIIIIIIIIIIIIIIIIIIIIIIIIIA1IIIIIIIIIIIIIII
IIIIA2IIA2IIIIIIIA1IIIIIIIIIIIIIIIIIIIIIIIIIIIIA1IIIIIIIIIIIIIII
IIIIA2IIAA2IIIIIIA1IIIIIIIIIIIIIIIIIIIIIIIIIIIIA1IIIIIIIIIIIIIII
IIIIA2IIAA2A2IIIIA1IIIIIIIIIIIIIIIIIIIIIIIIIIIIA1IIIIIIIIIIIIIII
IIIIA2IIAAAA2IIIIA1IIIIIIIIIIIIIIIIIIIIIIIIIIIIA1IIIIIIIIIIIIIII
IIIAA2IIAAAA2IIIIA1IIIIIIIIIIIIIIIIIIIIIIIIIIIIA1IIIIIIIIIIIIIII
IIIAA2IIAAAAA2IIIA1IIIIIIIIIIIIIIIIIIIIIIIIIIIIA1IIIIIIIIIIIIIII
IIIIIIIIIIIIIIIIIIIIIIIIIIIIIIIIIIIIIIIIIIIIIIIAIIIIIIIIIIIIIIII
IIIIIIIIIIIIIIIIIAIIIIIIIIIIIIIIIIIIIIIIIIIIIIIAIIIIIIIIIIIIIIII
IIIIIIIIIIIIAIIIIAIIIIIIIIIIIIIIIIIIIIIIIIIIIIIAIIIIIIIIIIIIIIII
IIIIIIIIAIIIAIIIIAIIIIIIIIIIIIIIIIIIIIIIIIIIIIIAIIIIIIIIIIIIIIII
IIIIAIIIAIIIAIIIIAIIIIIIIIIIIIIIIIIIIIIIIIIIIIIAIIIIIIIIIIIIIIII
IIIIAIIIAAIIAIIIIAIIIIIIIIIIIIIIIIIIIIIIIIIIIIIAIIIIIIIIIIIIIIII
IIIIAIIIAAIAAIIIIAIIIIIIIIIIIIIIIIIIIIIIIIIIIIIAIIIIIIIIIIIIIIII
IIIIAIIIAAAAAIIIIAIIIIIIIIIIIIIIIIIIIIIIIIIIIIIAIIIIIIIIIIIIIIII
IIIAAIIIAAAAAIIIIAIIIIIIIIIIIIIIIIIIIIIIIIIIIIIAIIIIIIIIIIIIIIII
IIIAA1IIAAAAAIIIIAIIIIIIIIIIIIIIIIIIIIIIIIIIIIIAIIIIIIIIIIIIIIII
IIIAA1IIAAAAAIIIIAIIIIIIIIIIIIIIIIIIIIIIIIIIIIIA1IIIIIIIIIIIIIII
IIIAA1IIAAAAAIIIIA1IIIIIIIIIIIIIIIIIIIIIIIIIIIIA1IIIIIIIIIIIIIII
IIIIIIIIIIIIA12IIIIIIIIIIIIIIIIIIIIIIIIIIIIIIIIIIIIIIIIIIIIIIIII
IIIIIIIIA12IIIIIIIIIIIIIIIIIIIIIIIIIIIIIIIIIIIIIIIIIIIIIIIIIIIII
IIIIA12IA12IIIIIIIIIIIIIIIIIIIIIIIIIIIIIIIIIIIIIIIIIIIIIIIIIIIII
IIIIA12IAA12IIIIIIIIIIIIIIIIIIIIIIIIIIIIIIIIIIIIIIIIIIIIIIIIIIII
IIIIA12IAA1A12IIIIIIIIIIIIIIIIIIIIIIIIIIIIIIIIIIIIIIIIIIIIIIIIII
IIIIA12IAAAA12IIIIIIIIIIIIIIIIIIIIIIIIIIIIIIIIIIIIIIIIIIIIIIIIII
IIIAA12IAAAA12IIIIIIIIIIIIIIIIIIIIIIIIIIIIIIIIIIIIIIIIIIIIIIIIII
IIIIIIIIIIIIA1IIIIIIIIIIIIIIIIIIIIIIIIIIIIIIIIIIIIIIIIIIIIIIIIII
IIIIIIIIIIIIAI2IIIIIIIIIIIIIIIIIIIIIIIIIIIIIIIIIIIIIIIIIIIIIIIII
IIIIIIIIIIIIA1IIIIIIIIIIIIIIIIIIIIIIIIIIIIIIIIIIIIIIIIIIIIIIIIII
IIIIIIIIIIIIIIIIIIIIIIIIIIIIIIIIIIIIIIIIIIIIIIIA1IIIIIIIIIIIIIII
IIIIIIIIIIIIIIIIIA1IIIIIIIIIIIIIIIIIIIIIIIIIIIIA1IIIIIIIIIIIIIII
IIIIIIIIIIIIA1IIIA1IIIIIIIIIIIIIIIIIIIIIIIIIIIIA1IIIIIIIIIIIIIII
IIIIIIIIIIIIAIIIIIIIIIIIIIIIIIIIIIIIIIIIIIIIIIIIIIIIIIIIIIIIIIII
IIIIIIIIIIIIA121IIIIIIIIIIIIIIIIIIIIIIIIIIIIIIIIIIIIIIIIIIIIIIII
IIIIIIIIA121IIIIIIIIIIIIIIIIIIIIIIIIIIIIIIIIIIIIIIIIIIIIIIIIIIII
IIIIA121A121IIIIIIIIIIIIIIIIIIIIIIIIIIIIIIIIIIIIIIIIIIIIIIIIIIII
IIIIA121AA111IIIIIIIIIIIIIIIIIIIIIIIIIIIIIIIIIIIIIIIIIIIIIIIIIII
IIIIA121AA1A121IIIIIIIIIIIIIIIIIIIIIIIIIIIIIIIIIIIIIIIIIIIIIIIII
IIIIA121AAAA111IIIIIIIIIIIIIIIIIIIIIIIIIIIIIIIIIIIIIIIIIIIIIIIII
IIIAA121AAAA111IIIIIIIIIIIIIIIIIIIIIIIIIIIIIIIIIIIIIIIIIIIIIIIII
IIIIIIIIIIIIA2IIIIIIIIIIIIIIIIIIIIIIIIIIIIIIIIIIIIIIIIIIIIIIIIII
IIIIIIIIA1IIIIIIIIIIIIIIIIIIIIIIIIIIIIIIIIIIIIIIIIIIIIIIIIIIIIII
IIIIA1IIA1IIIIIIIIIIIIIIIIIIIIIIIIIIIIIIIIIIIIIIIIIIIIIIIIIIIIII
IIIIA1IIAA1IIIIIIIIIIIIIIIIIIIIIIIIIIIIIIIIIIIIIIIIIIIIIIIIIIIII
IIIIA1IIAA1A1IIIIIIIIIIIIIIIIIIIIIIIIIIIIIIIIIIIIIIIIIIIIIIIIIII
IIIIA1IIAAAA1IIIIIIIIIIIIIIIIIIIIIIIIIIIIIIIIIIIIIIIIIIIIIIIIIII
IIIAA1IIAAAA1IIIIIIIIIIIIIIIIIIIIIIIIIIIIIIIIIIIIIIIIIIIIIIIIIII
IIIIIIIIIIIIAIIIIIIIIIIIIIIIIIIIIIIIIIIIIIIIIIIIIIIIIIIIIIIIIIII
IIIIIIIIA1IIIIIIIIIIIIIIIIIIIIIIIIIIIIIIIIIIIIIIIIIIIIIIIIIIIIII
IIIIA1IIA1IIIIIIIIIIIIIIIIIIIIIIIIIIIIIIIIIIIIIIIIIIIIIIIIIIIIII
IIIIA1IIAA1IIIIIIIIIIIIIIIIIIIIIIIIIIIIIIIIIIIIIIIIIIIIIIIIIIIII
IIIIA1IIAA1A1IIIIIIIIIIIIIIIIIIIIIIIIIIIIIIIIIIIIIIIIIIIIIIIIIII
IIIIA1IIAAAA1IIIIIIIIIIIIIIIIIIIIIIIIIIIIIIIIIIIIIIIIIIIIIIIIIII
IIIIA1IIAAAAA1IIIIIIIIIIIIIIIIIIIIIIIIIIIIIIIIIIIIIIIIIIIIIIIIII
IIIIA1IIAAAAA1IIIIIIIIIIIIIIIIIIIIIIIIIIIIIIIIIA1IIIIIIIIIIIIIII
IIIIA1IIAAAAA1IIIA1IIIIIIIIIIIIIIIIIIIIIIIIIIIIA1IIIIIIIIIIIIIII
IIIAA1IIAAAAA1IIIA1IIIIIIIIIIIIIIIIIIIIIIIIIIIIA1IIIIIIIIIIIIIII
IIIIIIIIIIIIA1IIIIIIIIIIIIIIIIIIIIIIIIIIIIIIIIIIIIIIIIIIIIIIIIII
IIIIIIIIIIIIAIIIIIIIIIIIIIIIIIIIIIIIIIIIIIIIIIIIIIIIIIIIIIIIIIII
IIIIIIIIIIIIIIIIIIIIIIIIIIIIIIIIIIIIIIIIIIIIIIIA1IIIIIIIIIIIIIII
IIIIIIIIIIIIIIIIIA1IIIIIIIIIIIIIIIIIIIIIIIIIIIIA1IIIIIIIIIIIIIII
IIIIIIIIAIIIIIIIIA1IIIIIIIIIIIIIIIIIIIIIIIIIIIIA1IIIIIIIIIIIIIII
IIIIAIIIAIIIIIIIIA1IIIIIIIIIIIIIIIIIIIIIIIIIIIIA1IIIIIIIIIIIIIII
IIIIAIIIAAIIIIIIIA1IIIIIIIIIIIIIIIIIIIIIIIIIIIIA1IIIIIIIIIIIIIII
IIIIAIIIAAIAIIIIIA1IIIIIIIIIIIIIIIIIIIIIIIIIIIIA1IIIIIIIIIIIIIII
IIIIAIIIAAAAIIIIIA1IIIIIIIIIIIIIIIIIIIIIIIIIIIIA1IIIIIIIIIIIIIII
IIIIAIIIAAAAAIIIIA1IIIIIIIIIIIIIIIIIIIIIIIIIIIIA1IIIIIIIIIIIIIII
IIIIA1IIAAAAAIIIIA1IIIIIIIIIIIIIIIIIIIIIIIIIIIIA1IIIIIIIIIIIIIII
IIIAA1IIAAAAAIIIIA1IIIIIIIIIIIIIIIIIIIIIIIIIIIIA1IIIIIIIIIIIIIII
IIIIIIIIIIIIIIIIIIIIIIIIIIIIIIIIIIIIIIIIIIIIIIIA2IIIIIIIIIIIIIII
IIIIIIIIIIIIIIIIIA2IIIIIIIIIIIIIIIIIIIIIIIIIIIIA2IIIIIIIIIIIIIII
IIIIIIIIA2IIIIIIIA2IIIIIIIIIIIIIIIIIIIIIIIIIIIIA2IIIIIIIIIIIIIII
IIIIA2IIA2IIIIIIIA2IIIIIIIIIIIIIIIIIIIIIIIIIIIIA2IIIIIIIIIIIIIII
IIIIA2IIAA2IIIIIIA2IIIIIIIIIIIIIIIIIIIIIIIIIIIIA2IIIIIIIIIIIIIII
IIIIA2IIAA2A2IIIIA2IIIIIIIIIIIIIIIIIIIIIIIIIIIIA2IIIIIIIIIIIIIII
IIIIA2IIAAAA2IIIIA2IIIIIIIIIIIIIIIIIIIIIIIIIIIIA2IIIIIIIIIIIIIII
IIIAA2IIAAAA2IIIIA2IIIIIIIIIIIIIIIIIIIIIIIIIIIIA2IIIIIIIIIIIIIII
IIIIIIIIIIIIIIIIIIIIIIIIIIIIIIIIIIIIIIIIIIIIIIIA2IIIIIIIIIIIIIII
IIIIIIIIIIIIA2IIIIIIIIIIIIIIIIIIIIIIIIIIIIIIIIIA2IIIIIIIIIIIIIII
IIIIIIIIIIIIA2IIIA2IIIIIIIIIIIIIIIIIIIIIIIIIIIIA2IIIIIIIIIIIIIII
IIIIIIIIA1IIA2IIIA2IIIIIIIIIIIIIIIIIIIIIIIIIIIIA2IIIIIIIIIIIIIII
IIIIA1IIA1IIA2IIIA2IIIIIIIIIIIIIIIIIIIIIIIIIIIIA2IIIIIIIIIIIIIII
IIIIA1IIAA1IA2IIIA2IIIIIIIIIIIIIIIIIIIIIIIIIIIIA2IIIIIIIIIIIIIII
IIIIA1IIAA1AA2IIIA2IIIIIIIIIIIIIIIIIIIIIIIIIIIIA2IIIIIIIIIIIIIII
IIIIA1IIAAAAA2IIIA2IIIIIIIIIIIIIIIIIIIIIIIIIIIIA2IIIIIIIIIIIIIII
IIIAA1IIAAAAA2IIIA2IIIIIIIIIIIIIIIIIIIIIIIIIIIIA2IIIIIIIIIIIIIII
IIIIIIIIIIIIIIIIIIIIIIIIIIIIIIIIIIIIIII11111111AIIIIIIIIIIIIIIII
IIIIIIIIIIIIIII11AIIIIIIIIIIIIIIIIIIIII11111111AIIIIIIIIIIIIIIII
IIIIIIIIIIIIIII11AIIIIIIIIIIIIIIIIII11111111111AIIIIIIIIIIIIIIII
IIIIIIIIII1111111AIIIIIIIIIIIIIIIIII11111111111AIIIIIIIIIIIIIIII
IIIIIIIIII1111111AIIIIIIIIIIIIIIII2211111111111AIIIIIIIIIIIIIIII
IIII2211111111111AIIIIIIIIIIIIIIII2211111111111AIIIIIIIIIIIIIIII
I1111111A11111111AIIIIIIIIIIIIIIII2211111111111AIIIIIIIIIIIIIIII
I111A111A11111111AIIIIIIIIIIIIIIII2211111111111AIIIIIIIIIIIIIIII
1111A111AA1111111AIIIIIIIIIIIIIIII2211111111111AIIIIIIIIIIIIIIII
1111A111AA1A11111AIIIIIIIIIIIIIIII2211111111111AIIIIIIIIIIIIIIII
1111A111AAAA11111AIIIIIIIIIIIIIIII2211111111111AIIIIIIIIIIIIIIII
111AA111AAAA11111AIIIIIIIIIIIIIIII2211111111111AIIIIIIIIIIIIIIII
111AA111AAAAA1111AIIIIIIIIIIIIIIII2211111111111AIIIIIIIIIIIIIIII
111AA111AAAAA1111AIIIIIIIIIIIIIIII2211111111111A1IIIIIIIIIIIIIII
111AA111AAAAA1111A1IIIIIIIIIIIIIII2211111111111A1IIIIIIIIIIIIIII
IIIIIIIIIIIIIIIIIIIIIIIIIIIIIIIIIIIIIIIIIIIIIIIA1IIIIIIIIIIIIIII
IIIIIIIIIIIIIIIIIA1IIIIIIIIIIIIIIIIIIIIIIIIIIIIA1IIIIIIIIIIIIIII
IIIIIIIIIIIIAIIIIA1IIIIIIIIIIIIIIIIIIIIIIIIIIIIA1IIIIIIIIIIIIIII
IIIIIIIIAIIIAIIIIA1IIIIIIIIIIIIIIIIIIIIIIIIIIIIA1IIIIIIIIIIIIIII
IIIIAIIIAIIIAIIIIA1IIIIIIIIIIIIIIIIIIIIIIIIIIIIA1IIIIIIIIIIIIIII
IIIIAIIIAAIIAIIIIA1IIIIIIIIIIIIIIIIIIIIIIIIIIIIA1IIIIIIIIIIIIIII
IIIIAIIIAAIAAIIIIA1IIIIIIIIIIIIIIIIIIIIIIIIIIIIA1IIIIIIIIIIIIIII
IIIIAIIIAAAAAIIIIA1IIIIIIIIIIIIIIIIIIIIIIIIIIIIA1IIIIIIIIIIIIIII
IIIAAIIIAAAAAIIIIA1IIIIIIIIIIIIIIIIIIIIIIIIIIIIA1IIIIIIIIIIIIIII
IIIAAIIIAAAAA2IIIA1IIIIIIIIIIIIIIIIIIIIIIIIIIIIA1IIIIIIIIIIIIIII
IIIIIIIIIIIIA2IIIIIIIIIIIIIIIIIIIIIIIIIIIIIIIIIIIIIIIIIIIIIIIIII
IIIIIIIIIIIIA1IIIIIIIIIIIIIIIIIIIIIIIIIIIIIIIIIIIIIIIIIIIIIIIIII
IIIIIIIIA1IIA1IIIIIIIIIIIIIIIIIIIIIIIIIIIIIIIIIIIIIIIIIIIIIIIIII
IIIIA1IIA1IIA1IIIIIIIIIIIIIIIIIIIIIIIIIIIIIIIIIIIIIIIIIIIIIIIIII
IIIIA1IIAA1IA1IIIIIIIIIIIIIIIIIIIIIIIIIIIIIIIIIIIIIIIIIIIIIIIIII
IIIIA1IIAA1AA1IIIIIIIIIIIIIIIIIIIIIIIIIIIIIIIIIIIIIIIIIIIIIIIIII
IIIIA1IIAAAAA1IIIIIIIIIIIIIIIIIIIIIIIIIIIIIIIIIIIIIIIIIIIIIIIIII
IIIIIIIIIIIIAIIIIIIIIIIIIIIIIIIIIIIIIIIIIIIIIIIIIIIIIIIIIIIIIIII
IIIIIIIIIIIIAIIIIIIIIIIIIIIIIIIIIIIIIIIIIIIIIIIAIIIIIIIIIIIIIIII
IIIIIIIIIIIIAIIIIAIIIIIIIIIIIIIIIIIIIIIIIIIIIIIAIIIIIIIIIIIIIIII
IIIIIIIIAIIIAIIIIAIIIIIIIIIIIIIIIIIIIIIIIIIIIIIAIIIIIIIIIIIIIIII
IIIIAIIIAIIIAIIIIAIIIIIIIIIIIIIIIIIIIIIIIIIIIIIAIIIIIIIIIIIIIIII
IIIIAIIIAAIIAIIIIAIIIIIIIIIIIIIIIIIIIIIIIIIIIIIAIIIIIIIIIIIIIIII
IIIIAIIIAAIAAIIIIAIIIIIIIIIIIIIIIIIIIIIIIIIIIIIAIIIIIIIIIIIIIIII
IIIIAIIIAAAAAIIIIAIIIIIIIIIIIIIIIIIIIIIIIIIIIIIAIIIIIIIIIIIIIIII
IIIAAIIIAAAAAIIIIAIIIIIIIIIIIIIIIIIIIIIIIIIIIIIAIIIIIIIIIIIIIIII
IIIIIIIIIIIIIIIIIIIIIIIIIIIIIIIIIIIIIIIIIIIIIIIA1IIIIIIIIIIIIIII
IIIIIIIIIIIIIIIIIA1IIIIIIIIIIIIIIIIIIIIIIIIIIIIA1IIIIIIIIIIIIIII
IIIIIIIIA1IIIIIIIA1IIIIIIIIIIIIIIIIIIIIIIIIIIIIA1IIIIIIIIIIIIIII
IIIIA1IIA1IIIIIIIA1IIIIIIIIIIIIIIIIIIIIIIIIIIIIA1IIIIIIIIIIIIIII
IIIIA1IIAA1IIIIIIA1IIIIIIIIIIIIIIIIIIIIIIIIIIIIA1IIIIIIIIIIIIIII
IIIIA1IIAA1A1IIIIA1IIIIIIIIIIIIIIIIIIIIIIIIIIIIA1IIIIIIIIIIIIIII
IIIIA1IIAAAA1IIIIA1IIIIIIIIIIIIIIIIIIIIIIIIIIIIA1IIIIIIIIIIIIIII
IIIAA1IIAAAA1IIIIA1IIIIIIIIIIIIIIIIIIIIIIIIIIIIA1IIIIIIIIIIIIIII
IIIIIIIIIIIIIIIIIIIIIIIIIIIIIIIIIIIIIIIIIIIIIIIA1IIIIIIIIIIIIIII
IIIIIIIIIIIIIIIIIA1IIIIIIIIIIIIIIIIIIIIIIIIIIIIA1IIIIIIIIIIIIIII
IIIIIIIIIIIIA1IIIA1IIIIIIIIIIIIIIIIIIIIIIIIIIIIA1IIIIIIIIIIIIIII
IIIIIIIIA1IIA1IIIA1IIIIIIIIIIIIIIIIIIIIIIIIIIIIA1IIIIIIIIIIIIIII
IIIIA1IIA1IIA1IIIA1IIIIIIIIIIIIIIIIIIIIIIIIIIIIA1IIIIIIIIIIIIIII
IIIIA1IIAA1IA1IIIA1IIIIIIIIIIIIIIIIIIIIIIIIIIIIA1IIIIIIIIIIIIIII
IIIIA1IIAA1AA1IIIA1IIIIIIIIIIIIIIIIIIIIIIIIIIIIA1IIIIIIIIIIIIIII
IIIIA1IIAAAAA1IIIA1IIIIIIIIIIIIIIIIIIIIIIIIIIIIA1IIIIIIIIIIIIIII
IIIAA1IIAAAAA1IIIA1IIIIIIIIIIIIIIIIIIIIIIIIIIIIA1IIIIIIIIIIIIIII
IIIIIIIIIIIIIIIIIIIIIIIIIIIIIIIIIIIIIIIIIIIIIIIAIIIIIIIIIIIIIIII
IIIIIIIIIIIIIIIIIAIIIIIIIIIIIIIIIIIIIIIIIIIIIIIAIIIIIIIIIIIIIIII
IIIIIIIIAIIIIIIIIAIIIIIIIIIIIIIIIIIIIIIIIIIIIIIAIIIIIIIIIIIIIIII
IIIIAIIIAIIIIIIIIAIIIIIIIIIIIIIIIIIIIIIIIIIIIIIAIIIIIIIIIIIIIIII
IIIIAIIIAAIIIIIIIAIIIIIIIIIIIIIIIIIIIIIIIIIIIIIAIIIIIIIIIIIIIIII
IIIIAIIIAAIAIIIIIAIIIIIIIIIIIIIIIIIIIIIIIIIIIIIAIIIIIIIIIIIIIIII
IIIIAIIIAAAAIIIIIAIIIIIIIIIIIIIIIIIIIIIIIIIIIIIAIIIIIIIIIIIIIIII
IIIAAIIIAAAAIIIIIAIIIIIIIIIIIIIIIIIIIIIIIIIIIIIAIIIIIIIIIIIIIIII
IIIIIIIIIIIIIIIIIIIIIIIIIIIIIIIIIIIIIIIIIIIIIIIA1IIIIIIIIIIIIIII
IIIIIIIIIIIIA1IIIIIIIIIIIIIIIIIIIIIIIIIIIIIIIIIA1IIIIIIIIIIIIIII
IIIIIIIIIIIIA1IIIA1IIIIIIIIIIIIIIIIIIIIIIIIIIIIA1IIIIIIIIIIIIIII
IIIIIIIIA1IIA1IIIA1IIIIIIIIIIIIIIIIIIIIIIIIIIIIA1IIIIIIIIIIIIIII
IIIIA1IIA1IIA1IIIA1IIIIIIIIIIIIIIIIIIIIIIIIIIIIA1IIIIIIIIIIIIIII
IIIIA1IIAA1IA1IIIA1IIIIIIIIIIIIIIIIIIIIIIIIIIIIA1IIIIIIIIIIIIIII
IIIIA1IIAA1AA1IIIA1IIIIIIIIIIIIIIIIIIIIIIIIIIIIA1IIIIIIIIIIIIIII
IIIIA1IIAAAAA1IIIA1IIIIIIIIIIIIIIIIIIIIIIIIIIIIA1IIIIIIIIIIIIIII
IIIIIIIIIIIIA2IIIIIIIIIIIIIIIIIIIIIIIIIIIIIIIIIIIIIIIIIIIIIIIIII
IIIIIIIIIIIIA2IIIIIIIIIIIIIIIIIIIIIIIIIIIIIIIIIA2IIIIIIIIIIIIIII
IIIIIIIIIIIIA2IIIA2IIIIIIIIIIIIIIIIIIIIIIIIIIIIA2IIIIIIIIIIIIIII
IIIIIIIIIIIIA2IIIA2A2IIIIIIIIIIIIIIIIIIIIIIIIIIA2IIIIIIIIIIIIIII
IIIIIIIIA2IIA2IIIA2A2IIIIIIIIIIIIIIIIIIIIIIIIIIA2IIIIIIIIIIIIIII
IIIIA2IIA2IIA2IIIA2A2IIIIIIIIIIIIIIIIIIIIIIIIIIA2IIIIIIIIIIIIIII
IIIIA2IIAA2IA2IIIA2A2IIIIIIIIIIIIIIIIIIIIIIIIIIA2IIIIIIIIIIIIIII
IIIIA2IIAA2AA2IIIA2A2IIIIIIIIIIIIIIIIIIIIIIIIIIA2IIIIIIIIIIIIIII
IIIIA2IIAAAAA2IIIA2A2IIIIIIIIIIIIIIIIIIIIIIIIIIA2IIIIIIIIIIIIIII
IIIAA2IIAAAAA2IIIA2A2IIIIIIIIIIIIIIIIIIIIIIIIIIA2IIIIIIIIIIIIIII
IIIIIIIIIIIIIIIIIIIIIIIIIIIIIIIIIIIIIIIIIIIIIIIA2IIIIIIIIIIIIIII
IIIIIIIIIIIIIIIIIA2IIIIIIIIIIIIIIIIIIIIIIIIIIIIA2IIIIIIIIIIIIIII
IIIIIIIIIIIIIIIIIA2A2IIIIIIIIIIIIIIIIIIIIIIIIIIA2IIIIIIIIIIIIIII
IIIIIIIIA2IIIIIIIA2A2IIIIIIIIIIIIIIIIIIIIIIIIIIA2IIIIIIIIIIIIIII
IIIIA2IIA2IIIIIIIA2A2IIIIIIIIIIIIIIIIIIIIIIIIIIA2IIIIIIIIIIIIIII
IIIIA2IIAA2IIIIIIA2A2IIIIIIIIIIIIIIIIIIIIIIIIIIA2IIIIIIIIIIIIIII
IIIIA2IIAA2A2IIIIA2A2IIIIIIIIIIIIIIIIIIIIIIIIIIA2IIIIIIIIIIIIIII
IIIIA2IIAAAA2IIIIA2A2IIIIIIIIIIIIIIIIIIIIIIIIIIA2IIIIIIIIIIIIIII
IIIAA2IIAAAA2IIIIA2A2IIIIIIIIIIIIIIIIIIIIIIIIIIA2IIIIIIIIIIIIIII
IIIAA1IIAAAA2IIIIA2A2IIIIIIIIIIIIIIIIIIIIIIIIIIA2IIIIIIIIIIIIIII
IIIAA1IIAAAAA1IIIA2A2IIIIIIIIIIIIIIIIIIIIIIIIIIA2IIIIIIIIIIIIIII
IIIAA1IIAAAAA1IIIA2A2IIIIIIIIIIIIIIIIIIIIIIIIIIA1IIIIIIIIIIIIIII
IIIAA1IIAAAAA1IIIA1A2IIIIIIIIIIIIIIIIIIIIIIIIIIA1IIIIIIIIIIIIIII
IIIAA1IIAAAAA1IIIA1A1IIIIIIIIIIIIIIIIIIIIIIIIIIA1IIIIIIIIIIIIIII
IIIIIIIIIIIIIIIIIIIIIIIIIIIIIIIIIIIIIIIIIIIIIIIAIIIIIIIIIIIIIIII
IIIIIIIIIIIIIIIIIAIIIIIIIIIIIIIIIIIIIIIIIIIIIIIAIIIIIIIIIIIIIIII
IIIIIIIIIIIIIIIIIAIAIIIIIIIIIIIIIIIIIIIIIIIIIIIAIIIIIIIIIIIIIIII
IIIIIIIIAIIIIIIIIAIAIIIIIIIIIIIIIIIIIIIIIIIIIIIAIIIIIIIIIIIIIIII
IIIIAIIIAIIIIIIIIAIAIIIIIIIIIIIIIIIIIIIIIIIIIIIAIIIIIIIIIIIIIIII
IIIIAIIIAIIIIIIIIAIAIIIIIIIIIIIIIIIIIIIIIIIIIIIA2IIIIIIIIIIIIIII
IIIIAIIIAIIIA2IIIAIAIIIIIIIIIIIIIIIIIIIIIIIIIIIA2IIIIIIIIIIIIIII
IIIIAIIIAIIIA2IIIA2AIIIIIIIIIIIIIIIIIIIIIIIIIIIA2IIIIIIIIIIIIIII
IIIIAIIIA2IIA2IIIA2AIIIIIIIIIIIIIIIIIIIIIIIIIIIA2IIIIIIIIIIIIIII
IIIIA2IIA2IIA2IIIA2AIIIIIIIIIIIIIIIIIIIIIIIIIIIA2IIIIIIIIIIIIIII
IIIIA2IIAA2IA2IIIA2AIIIIIIIIIIIIIIIIIIIIIIIIIIIA2IIIIIIIIIIIIIII
IIIIA2IIAA2AA2IIIA2AIIIIIIIIIIIIIIIIIIIIIIIIIIIA2IIIIIIIIIIIIIII
IIIIA2IIAAAAA2IIIA2AIIIIIIIIIIIIIIIIIIIIIIIIIIIA2IIIIIIIIIIIIIII
IIIAA2IIAAAAA2IIIA2AIIIIIIIIIIIIIIIIIIIIIIIIIIIA2IIIIIIIIIIIIIII
IIIIIIIIIIIIAI2IIIIIIIIIIIIIIIIIIIIIIIIIIIIIIIIIIIIIIIIIIIIIIIII
IIIIIIIIIIIIA12IIIIIIIIIIIIIIIIIIIIIIIIIIIIIIIIIIIIIIIIIIIIIIIII
IIIIIIIIAIIIIIIIIIIIIIIIIIIIIIIIIIIIIIIIIIIIIIIIIIIIIIIIIIIIIIII
IIIIAIIIAIIIIIIIIIIIIIIIIIIIIIIIIIIIIIIIIIIIIIIIIIIIIIIIIIIIIIII
IIIIAIIIAAIIIIIIIIIIIIIIIIIIIIIIIIIIIIIIIIIIIIIIIIIIIIIIIIIIIIII
IIIIAIIIAAIAIIIIIIIIIIIIIIIIIIIIIIIIIIIIIIIIIIIIIIIIIIIIIIIIIIII
IIIIAIIIAAAAIIIIIIIIIIIIIIIIIIIIIIIIIIIIIIIIIIIIIIIIIIIIIIIIIIII
IIIAAIIIAAAAIIIIIIIIIIIIIIIIIIIIIIIIIIIIIIIIIIIIIIIIIIIIIIIIIIII
IIIIIIIIIIIIA1IIIIIIIIIIIIIIIIIIIIIIIIIIIIIIIIIIIIIIIIIIIIIIIIII
IIIIIIIIIIIIAI2IIIIIIIIIIIIIIIIIIIIIIIIIIIIIIIIIIIIIIIIIIIIIIIII
IIIIIIIIA2IIIIIIIIIIIIIIIIIIIIIIIIIIIIIIIIIIIIIIIIIIIIIIIIIIIIII
IIIIA2IIA2IIIIIIIIIIIIIIIIIIIIIIIIIIIIIIIIIIIIIIIIIIIIIIIIIIIIII
IIIIA2IIAA2IIIIIIIIIIIIIIIIIIIIIIIIIIIIIIIIIIIIIIIIIIIIIIIIIIIII
IIIIA2IIAA2A2IIIIIIIIIIIIIIIIIIIIIIIIIIIIIIIIIIIIIIIIIIIIIIIIIII
IIIIA2IIAAAA2IIIIIIIIIIIIIIIIIIIIIIIIIIIIIIIIIIIIIIIIIIIIIIIIIII
IIIAA2IIAAAA2IIIIIIIIIIIIIIIIIIIIIIIIIIIIIIIIIIIIIIIIIIIIIIIIIII
IIIIIIIIIIIIA12IIIIIIIIIIIIIIIIIIIIIIIIIIIIIIIIIIIIIIIIIIIIIIIII
IIIIIIIIIIIIA1IIIIIIIIIIIIIIIIIIIIIIIIIIIIIIIIIIIIIIIIIIIIIIIIII
IIIIIIIIA1IIA1IIIIIIIIIIIIIIIIIIIIIIIIIIIIIIIIIIIIIIIIIIIIIIIIII
IIIIA1IIA1IIA1IIIIIIIIIIIIIIIIIIIIIIIIIIIIIIIIIIIIIIIIIIIIIIIIII
IIIIA1IIAA1IA1IIIIIIIIIIIIIIIIIIIIIIIIIIIIIIIIIIIIIIIIIIIIIIIIII
IIIIA1IIAA1AA1IIIIIIIIIIIIIIIIIIIIIIIIIIIIIIIIIIIIIIIIIIIIIIIIII
IIIIA1IIAAAAA1IIIIIIIIIIIIIIIIIIIIIIIIIIIIIIIIIIIIIIIIIIIIIIIIII
IIIAA1IIAAAAA1IIIIIIIIIIIIIIIIIIIIIIIIIIIIIIIIIIIIIIIIIIIIIIIIII
IIIIIIIIIIIIAIIIIIIIIIIIIIIIIIIIIIIIIIIIIIIIIIIIIIIIIIIIIIIIIIII
IIIIIIIIA1IIAIIIIIIIIIIIIIIIIIIIIIIIIIIIIIIIIIIIIIIIIIIIIIIIIIII
IIIIA1IIA1IIAIIIIIIIIIIIIIIIIIIIIIIIIIIIIIIIIIIIIIIIIIIIIIIIIIII
IIIIA1IIAA1IAIIIIIIIIIIIIIIIIIIIIIIIIIIIIIIIIIIIIIIIIIIIIIIIIIII
IIIIA1IIAA1AAIIIIIIIIIIIIIIIIIIIIIIIIIIIIIIIIIIIIIIIIIIIIIIIIIII
IIIIA1IIAAAAAIIIIIIIIIIIIIIIIIIIIIIIIIIIIIIIIIIIIIIIIIIIIIIIIIII
IIIAA1IIAAAAAIIIIIIIIIIIIIIIIIIIIIIIIIIIIIIIIIIIIIIIIIIIIIIIIIII
IIIAA1IIAAAAA1IIIIIIIIIIIIIIIIIIIIIIIIIIIIIIIIIIIIIIIIIIIIIIIIII
IIIAA1IIAAAAA1IIIIIIIIIIIIIIIIIIIIIIIIIIIIIIIIIA1IIIIIIIIIIIIIII
IIIAA1IIAAAAA1IIIA1IIIIIIIIIIIIIIIIIIIIIIIIIIIIA1IIIIIIIIIIIIIII
IIIAA1IIAAAAA1IIIA1IIIIIIIIIIIIIIIIIIIIIIIIIII2A1IIIIIIIIIIIIIII
IIIAA1IIAAAAA1II2A1IIIIIIIIIIIIIIIIIIIIIIIIIII2A1IIIIIIIIIIIIIII
IIIAA1I2AAAAA1II2A1IIIIIIIIIIIIIIIIIIIIIIIIIII2A1IIIIIIIIIIIIIII
II2AA1I2AAAAA1II2A1IIIIIIIIIIIIIIIIIIIIIIIIIII2A1IIIIIIIIIIIIIII
IIIIIIIIIII2AIIIIIIIIIIIIIIIIIIIIIIIIIIIIIIIIIIIIIIIIIIIIIIIIIII
IIIIIIIIIIIIA2IIIIIIIIIIIIIIIIIIIIIIIIIIIIIIIIIIIIIIIIIIIIIIIIII
IIIIIIIIIIIIA1IIIIIIIIIIIIIIIIIIIIIIIIIIIIIIIIIIIIIIIIIIIIIIIIII
IIIIIIIIA1IIIIIIIIIIIIIIIIIIIIIIIIIIIIIIIIIIIIIIIIIIIIIIIIIIIIII
IIIIA1IIA1IIIIIIIIIIIIIIIIIIIIIIIIIIIIIIIIIIIIIIIIIIIIIIIIIIIIII
IIIIA1IIAA1IIIIIIIIIIIIIIIIIIIIIIIIIIIIIIIIIIIIIIIIIIIIIIIIIIIII
IIIIA1IIAA1A1IIIIIIIIIIIIIIIIIIIIIIIIIIIIIIIIIIIIIIIIIIIIIIIIIII
IIIIA1IIAAAA1IIIIIIIIIIIIIIIIIIIIIIIIIIIIIIIIIIIIIIIIIIIIIIIIIII
IIIIA1IIAAAA12IIIIIIIIIIIIIIIIIIIIIIIIIIIIIIIIIIIIIIIIIIIIIIIIII
IIIIA112AAAA12IIIIIIIIIIIIIIIIIIIIIIIIIIIIIIIIIIIIIIIIIIIIIIIIII
IIIAA112AAAA12IIIIIIIIIIIIIIIIIIIIIIIIIIIIIIIIIIIIIIIIIIIIIIIIII
IIIIIIIIIIIIAI122IIIIIIIIIIIIIIIIIIIIIIIIIIIIIIIIIIIIIIIIIIIIIII
IIIIIIIIIIIIAI122IIIIIIIIIIIIIIIIIIIIIIIIIIIIIIA2IIIIIIIIIIIIIII
IIIIIIIIIIIIAI122A2IIIIIIIIIIIIIIIIIIIIIIIIIIIIA2IIIIIIIIIIIIIII
IIIIIIIIA2IIAI122A2IIIIIIIIIIIIIIIIIIIIIIIIIIIIA2IIIIIIIIIIIIIII
IIIIA2IIA2IIAI122A2IIIIIIIIIIIIIIIIIIIIIIIIIIIIA2IIIIIIIIIIIIIII
IIIIA2IIAA2IAI122A2IIIIIIIIIIIIIIIIIIIIIIIIIIIIA2IIIIIIIIIIIIIII
IIIIA2IIAA2AAI122A2IIIIIIIIIIIIIIIIIIIIIIIIIIIIA2IIIIIIIIIIIIIII
IIIIA2IIAAAAAI122A2IIIIIIIIIIIIIIIIIIIIIIIIIIIIA2IIIIIIIIIIIIIII
IIIAA2IIAAAAAI122A2IIIIIIIIIIIIIIIIIIIIIIIIIIIIA2IIIIIIIIIIIIIII
IIIAA1IIAAAAAI122A2IIIIIIIIIIIIIIIIIIIIIIIIIIIIA2IIIIIIIIIIIIIII
IIIIIIIIIIIIA1IIIIIIIIIIIIIIIIIIIIIIIIIIIIIIIIIIIIIIIIIIIIIIIIII
IIIIIIIIIIIIAIIIIIIIIIIIIIIIIIIIIIIIIIIIIIIIIIIIIIIIIIIIIIIIIIII
IIIIIIIIAIIIAIIIIIIIIIIIIIIIIIIIIIIIIIIIIIIIIIIIIIIIIIIIIIIIIIII
IIIIAIIIAIIIAIIIIIIIIIIIIIIIIIIIIIIIIIIIIIIIIIIIIIIIIIIIIIIIIIII
IIIIAIIIAAIIAIIIIIIIIIIIIIIIIIIIIIIIIIIIIIIIIIIIIIIIIIIIIIIIIIII
IIIIAIIIAAIAAIIIIIIIIIIIIIIIIIIIIIIIIIIIIIIIIIIIIIIIIIIIIIIIIIII
IIIIAIIIAAAAAIIIIIIIIIIIIIIIIIIIIIIIIIIIIIIIIIIIIIIIIIIIIIIIIIII
IIIAAIIIAAAAAIIIIIIIIIIIIIIIIIIIIIIIIIIIIIIIIIIIIIIIIIIIIIIIIIII
IIIIIIIIIIIIA1IIIIIIIIIIIIIIIIIIIIIIIIIIIIIIIIIIIIIIIIIIIIIIIIII
IIIIIIIIIIA1A1IIIIIIIIIIIIIIIIIIIIIIIIIIIIIIIIIIIIIIIIIIIIIIIIII
IIIIIIIIIIAAA1IIIIIIIIIIIIIIIIIIIIIIIIIIIIIIIIIIIIIIIIIIIIIIIIII
IIIIIIIIIIAAA11I1I1IIIIIIIIIIIIIIIIIIIIIIIIIIIIIIIIIIIIIIIIIIIII
IIIIIIIIIIIIA11IIIIIIIIIIIIIIIIIIIIIIIIIIIIIIIIIIIIIIIIIIIIIIIII
IIIIIIIIIIIIA11111I1I1111IIIIIIIIIIIIIIIIIIIIIIIIIIIIIIIIIIIIIII
IIIIIIIIIIIIAI1I1I1I1I1I1I1I1IIIIIIIIIIIIIIIIIIIIIIIIIIIIIIIIIII
IIIIIIIIIIIIA1IIIIIIIIIIIIIIIIIIIIIIIIIIIIIIIIIIIIIIIIIIIIIIIIII
IIIIIIIIIIIIA1I1111111IIIIIIIIIIIIIIIIIIIIIIIIIIIIIIIIIIIIIIIIII
IIIIIIIIIIIIAI11111111IIIIIIIIIIIIIIIIIIIIIIIIIIIIIIIIIIIIIIIIII
IIIIIIIIIIIIA1IIIIIIIIIIIIIIIIIIIIIIIIIIIIIIIIIIIIIIIIIIIIIIIIII
IIIIIIIIIIIIAII11111111IIIIIIIIIIIIIIIIIIIIIIIIIIIIIIIIIIIIIIIII
IIIIIIIIIIIIA1211111111IIIIIIIIIIIIIIIIIIIIIIIIIIIIIIIIIIIIIIIII
IIIIIIIIIIIIA1211111111IIIIIIIIIIIIIIIIIIIIIIIIA12IIIIIIIIIIIIII
IIIIIIIIIIIIA1211A11111IIIIIIIIIIIIIIIIIIIIIIIIA12IIIIIIIIIIIIII
IIIIIIIIA12IA1211A11111IIIIIIIIIIIIIIIIIIIIIIIIA12IIIIIIIIIIIIII
IIIIA12IA12IA1211A11111IIIIIIIIIIIIIIIIIIIIIIIIA12IIIIIIIIIIIIII
IIIIA12IAA12A1211A11111IIIIIIIIIIIIIIIIIIIIIIIIA12IIIIIIIIIIIIII
IIIIA12IAA1AA1211A11111IIIIIIIIIIIIIIIIIIIIIIIIA12IIIIIIIIIIIIII
IIIIA12IAAAAA1211A11111IIIIIIIIIIIIIIIIIIIIIIIIA12IIIIIIIIIIIIII
IIIIIIIIIIIIAI1II11111IIIIIIIIIIIIIIIIIIIIIIIIIIIIIIIIIIIIIIIIII
IIIIIIIIIIIIAI1IIIIIIIIIIIIIIIIIIIIIIIIIIIIIIIIIIIIIIIIIIIIIIIII
IIIIIIIIIIIIA11I1I1I1I1IIIIIIIIIIIIIIIIIIIIIIIIIIIIIIIIIIIIIIIII
IIIIIIIIIIIIA11I1I1I1I1I1I1I1I11IIIIIIIIIIIIIIIIIIIIIIIIIIIIIIII
IIIIIIIIIIIIA1I1111111IIIIIIIIIIIIIIIIIIIIIIIIIIIIIIIIIIIIIIIIII
IIIIIIIIIIIIAI1I1I1I1I1I1I1I1IIIIIIIIIIIIIIIIIIIIIIIIIIIIIIIIIII
IIIIIIIIIA1IIIIIIIIIIIIIIIIIIIIIIIIIIIIIIIIIIIIIIIIIIIIIIIIIIIII
IIIIA1IIIA1IIIIIIIIIIIIIIIIIIIIIIIIIIIIIIIIIIIIIIIIIIIIIIIIIIIII
IIIAA1IIIA1IIIIIIIIIIIIIIIIIIIIIIIIIIIIIIIIIIIIIIIIIIIIIIIIIIIII
IIIIIIIIIIIIA1IIIIIIIIIIIIIIIIIIIIIIIIIIIIIIIIIIIIIIIIIIIIIIIIII
IIIIIIIIAIIIA1IIIIIIIIIIIIIIIIIIIIIIIIIIIIIIIIIIIIIIIIIIIIIIIIII
IIIIAIIIAIIIA1IIIIIIIIIIIIIIIIIIIIIIIIIIIIIIIIIIIIIIIIIIIIIIIIII
IIIIAIIIAAIIA1IIIIIIIIIIIIIIIIIIIIIIIIIIIIIIIIIIIIIIIIIIIIIIIIII
IIIIAIIIAAIAA1IIIIIIIIIIIIIIIIIIIIIIIIIIIIIIIIIIIIIIIIIIIIIIIIII
IIIIAIIIAAAAA1IIIIIIIIIIIIIIIIIIIIIIIIIIIIIIIIIIIIIIIIIIIIIIIIII
IIIIIIIIIIIIA2IIIIIIIIIIIIIIIIIIIIIIIIIIIIIIIIIIIIIIIIIIIIIIIIII
IIIIIIIIA2IIIIIIIIIIIIIIIIIIIIIIIIIIIIIIIIIIIIIIIIIIIIIIIIIIIIII
IIIIA2IIA2IIIIIIIIIIIIIIIIIIIIIIIIIIIIIIIIIIIIIIIIIIIIIIIIIIIIII
IIIIA2IIAA2IIIIIIIIIIIIIIIIIIIIIIIIIIIIIIIIIIIIIIIIIIIIIIIIIIIII
IIIIA2IIAA2A2IIIIIIIIIIIIIIIIIIIIIIIIIIIIIIIIIIIIIIIIIIIIIIIIIII
IIIIA2IIAAAA2IIIIIIIIIIIIIIIIIIIIIIIIIIIIIIIIIIIIIIIIIIIIIIIIIII
IIIIA2IIAAAAA12IIIIIIIIIIIIIIIIIIIIIIIIIIIIIIIIIIIIIIIIIIIIIIIII
IIIIA2IIAAAAA11I22II2IIIIIIIIIIIIIIIIIIIIIIIIIIIIIIIIIIIIIIIIIII
IIIIA2IIAAAAA11I121I1I1I1I1I11IIIIIIIIIIIIIIIIIIIIIIIIIIIIIIIIII
IIIIA2IIAAAAA11I121I1I1I1I1I11I1IIIIIIIIIIIIIIIIIIIIIIIIIIIIIIII
IIIIIIIIIA1II1I2I2I2I2I22IIIIIIIIIIIIIIIIIIIIIIIIIIIIIIIIIIIIIII
IIIIAIIIIA1II1I2I2I2I2I22IIIIIIIIIIIIIIIIIIIIIIIIIIIIIIIIIIIIIII
IIIIA1II1A1I21222222I2I22IIIIIIIIIIIIIIIIIIIIIIIIIIIIIIIIIIIIIII
IIIAA1I11A1221222222I2I22IIIIIIIIIIIIIIIIIIIIIIIIIIIIIIIIIIIIIII
IIIAA1I1AA121122222222I22IIIIIIIIIIIIIIIIIIIIIIIIIIIIIIIIIIIIIII
IIIAA1I1AA1A1121222222I2222IIIIIIIIIIIIIIIIIIIIIIIIIIIIIIIIIIIII
IIIAA1I1AAAA111122222222222IIIIIIIIIIIIIIIIIIIIIIIIIIIIIIIIIIIII
IIIIIIIIIIIIAIIIIIIIIIIIIIIIIIIIIIIIIIIIIIIIIIIIIIIIIIIIIIIIIIII
IIIIIIIIA1IIIIIIIIIIIIIIIIIIIIIIIIIIIIIIIIIIIIIIIIIIIIIIIIIIIIII
IIIIA1IIA1IIIIIIIIIIIIIIIIIIIIIIIIIIIIIIIIIIIIIIIIIIIIIIIIIIIIII
IIIIA1IIAA1IIIIIIIIIIIIIIIIIIIIIIIIIIIIIIIIIIIIIIIIIIIIIIIIIIIII
IIIIA1IIAA1A1IIIIIIIIIIIIIIIIIIIIIIIIIIIIIIIIIIIIIIIIIIIIIIIIIII
IIIIA1IIAAAA1IIIIIIIIIIIIIIIIIIIIIIIIIIIIIIIIIIIIIIIIIIIIIIIIIII
IIIIA1IIAAAAA1IIIIIIIIIIIIIIIIIIIIIIIIIIIIIIIIIIIIIIIIIIIIIIIIII
IIIIA1IIAAAAA1IIIIIIIIIIIIIIIIIIIIIIIIIIIIIIIIIA1IIIIIIIIIIIIIII
IIIIA1IIAAAAA1IIIA1IIIIIIIIIIIIIIIIIIIIIIIIIIIIA1IIIIIIIIIIIIIII
III2A1IIAAAAA1IIIA1IIIIIIIIIIIIIIIIIIIIIIIIIIIIA1IIIIIIIIIIIIIII
II2AA1IIAAAAA1IIIA1IIIIIIIIIIIIIIIIIIIIIIIIIIIIA1IIIIIIIIIIIIIII
II2AA1IIAAAAA1IIIA1IIIIIIIIIIIIIIIIIIIIIIIIIII2A1IIIIIIIIIIIIIII
II2AA1IIAAAAA1II2A1IIIIIIIIIIIIIIIIIIIIIIIIIII2A1IIIIIIIIIIIIIII
II2AA1I2AAAAA1II2A1IIIIIIIIIIIIIIIIIIIIIIIIIII2A1IIIIIIIIIIIIIII
IIIIIIIIIIIIIIIIIIIIIIIIIIIIIIIIIIIIIIIIIIIIIIIA1IIIIIIIIIIIIIII
IIIIIIIIIIIIIIIIIA1IIIIIIIIIIIIIIIIIIIIIIIIIIIIA1IIIIIIIIIIIIIII
IIIIIIIIIIIIA1IIIA1IIIIIIIIIIIIIIIIIIIIIIIIIIIIA1IIIIIIIIIIIIIII
IIIIIIIIA1IIA1IIIA1IIIIIIIIIIIIIIIIIIIIIIIIIIIIA1IIIIIIIIIIIIIII
IIIIA1IIA1IIA1IIIA1IIIIIIIIIIIIIIIIIIIIIIIIIIIIA1IIIIIIIIIIIIIII
IIIIA1IIAA1IA1IIIA1IIIIIIIIIIIIIIIIIIIIIIIIIIIIA1IIIIIIIIIIIIIII
IIIIA1IIAA1AA1IIIA1IIIIIIIIIIIIIIIIIIIIIIIIIIIIA1IIIIIIIIIIIIIII
IIIIA1IIAAAAA1IIIA1IIIIIIIIIIIIIIIIIIIIIIIIIIIIA1IIIIIIIIIIIIIII
IIIAA1IIAAAAA1IIIA1IIIIIIIIIIIIIIIIIIIIIIIIIIIIA1IIIIIIIIIIIIIII
IIIIIIIIIIIIA1IIIIIIIIIIIIIIIIIIIIIIIIIIIIIIIIIIIIIIIIIIIIIIIIII
IIIIIIIIIIIIIIIIIIIIIIIIIIIIIIIIIIIIIIIIIIIIIIIA1IIIIIIIIIIIIIII
IIIIIIIIIIIIIIIIIA1IIIIIIIIIIIIIIIIIIIIIIIIIIIIA1IIIIIIIIIIIIIII
IIIIIIIIA1IIIIIIIA1IIIIIIIIIIIIIIIIIIIIIIIIIIIIA1IIIIIIIIIIIIIII
IIIIA1IIA1IIIIIIIA1IIIIIIIIIIIIIIIIIIIIIIIIIIIIA1IIIIIIIIIIIIIII
IIIIA1IIAA1IIIIIIA1IIIIIIIIIIIIIIIIIIIIIIIIIIIIA1IIIIIIIIIIIIIII
IIIIA1IIAA1A1IIIIA1IIIIIIIIIIIIIIIIIIIIIIIIIIIIA1IIIIIIIIIIIIIII
IIIIA1IIAAAA1IIIIA1IIIIIIIIIIIIIIIIIIIIIIIIIIIIA1IIIIIIIIIIIIIII
IIIAA1IIAAAA1IIIIA1IIIIIIIIIIIIIIIIIIIIIIIIIIIIA1IIIIIIIIIIIIIII
IIIIIIIIIIIIAIIIIIIIIIIIIIIIIIIIIIIIIIIIIIIIIIIIIIIIIIIIIIIIIIII
IIIIIIIIIIIIIIIIIIIIIIIIIIIIIIIIIIIIIIIIIIIIIIIAIIIIIIIIIIIIIIII
IIIIIIIIIIIIIIIIIAIIIIIIIIIIIIIIIIIIIIIIIIIIIIIAIIIIIIIIIIIIIIII
IIIIIIIIAIIIIIIIIAIIIIIIIIIIIIIIIIIIIIIIIIIIIIIAIIIIIIIIIIIIIIII
IIIIAIIIAIIIIIIIIAIIIIIIIIIIIIIIIIIIIIIIIIIIIIIAIIIIIIIIIIIIIIII
IIIIAIIIAA2IIIIIIAIIIIIIIIIIIIIIIIIIIIIIIIIIIIIAIIIIIIIIIIIIIIII
IIIIAIIIAA2A2IIIIAIIIIIIIIIIIIIIIIIIIIIIIIIIIIIAIIIIIIIIIIIIIIII
IIIIAIIIAAAA2IIIIAIIIIIIIIIIIIIIIIIIIIIIIIIIIIIAIIIIIIIIIIIIIIII
IIIIA2IIAAAA2IIIIAIIIIIIIIIIIIIIIIIIIIIIIIIIIIIAIIIIIIIIIIIIIIII
IIIAA2IIAAAA2IIIIAIIIIIIIIIIIIIIIIIIIIIIIIIIIIIAIIIIIIIIIIIIIIII
IIIIIIIIIIIIA1IIIIIIIIIIIIIIIIIIIIIIIIIIIIIIIIIIIIIIIIIIIIIIIIII
IIIIIIIIIIIIIIIIIIIIIIIIIIIIIIIIIIIIIIIIIIIIIIIA1IIIIIIIIIIIIIII
IIIIIIIIIIIIIIIIIA1IIIIIIIIIIIIIIIIIIIIIIIIIIIIA1IIIIIIIIIIIIIII
IIIIIIIIA1IIIIIIIA1IIIIIIIIIIIIIIIIIIIIIIIIIIIIA1IIIIIIIIIIIIIII
IIIIA1IIA1IIIIIIIA1IIIIIIIIIIIIIIIIIIIIIIIIIIIIA1IIIIIIIIIIIIIII
IIIIA1IIAA1IIIIIIA1IIIIIIIIIIIIIIIIIIIIIIIIIIIIA1IIIIIIIIIIIIIII
IIIIA1IIAA1A1IIIIA1IIIIIIIIIIIIIIIIIIIIIIIIIIIIA1IIIIIIIIIIIIIII
IIIIA1IIAAAA1IIIIA1IIIIIIIIIIIIIIIIIIIIIIIIIIIIA1IIIIIIIIIIIIIII
IIIAA1IIAAAA1IIIIA1IIIIIIIIIIIIIIIIIIIIIIIIIIIIA1IIIIIIIIIIIIIII
IIIIIIIIIIIIAIIIIIIIIIIIIIIIIIIIIIIIIIIIIIIIIIIIIIIIIIIIIIIIIIII
IIIIIIIIIA1IIIIIIIIIIIIIIIIIIIIIIIIIIIIIIIIIIIIIIIIIIIIIIIIIIIII
IIIIA1IIIA1IIIIIIIIIIIIIIIIIIIIIIIIIIIIIIIIIIIIIIIIIIIIIIIIIIIII
IIIAA1IIIA1IIIIIIIIIIIIIIIIIIIIIIIIIIIIIIIIIIIIIIIIIIIIIIIIIIIII
IIIAA1IIAA1IIIIIIIIIIIIIIIIIIIIIIIIIIIIIIIIIIIIIIIIIIIIIIIIIIIII
IIIAA1IIAA1A1IIIIIIIIIIIIIIIIIIIIIIIIIIIIIIIIIIIIIIIIIIIIIIIIIII
IIIAA1IIAAAA1IIIIIIIIIIIIIIIIIIIIIIIIIIIIIIIIIIIIIIIIIIIIIIIIIII
IIIIIIIIIIIIA1IIIIIIIIIIIIIIIIIIIIIIIIIIIIIIIIIIIIIIIIIIIIIIIIII
IIIIIIIIAIIIA1IIIIIIIIIIIIIIIIIIIIIIIIIIIIIIIIIIIIIIIIIIIIIIIIII
IIIIAIIIAIIIA1IIIIIIIIIIIIIIIIIIIIIIIIIIIIIIIIIIIIIIIIIIIIIIIIII
IIIIAIIIAAIIA1IIIIIIIIIIIIIIIIIIIIIIIIIIIIIIIIIIIIIIIIIIIIIIIIII
IIIIAIIIAAIAA1IIIIIIIIIIIIIIIIIIIIIIIIIIIIIIIIIIIIIIIIIIIIIIIIII
IIIIAIIIAAAAA1IIIIIIIIIIIIIIIIIIIIIIIIIIIIIIIIIIIIIIIIIIIIIIIIII
IIIIIIIIIIIIIIIIIIIIIIIIIIIIIIIIIIIIIIIIIIIIIIIAIIIIIIIIIIIIIIII
IIIIIIIIIIIIIIIIIAIIIIIIIIIIIIIIIIIIIIIIIIIIIIIAIIIIIIIIIIIIIIII
IIIIIIIIAIIIIIIIIAIIIIIIIIIIIIIIIIIIIIIIIIIIIIIAIIIIIIIIIIIIIIII
IIIIAIIIAIIIIIIIIAIIIIIIIIIIIIIIIIIIIIIIIIIIIIIAIIIIIIIIIIIIIIII
IIIIAIIIAA1IIIIIIAIIIIIIIIIIIIIIIIIIIIIIIIIIIIIAIIIIIIIIIIIIIIII
IIIIAIIIAA1A1IIIIAIIIIIIIIIIIIIIIIIIIIIIIIIIIIIAIIIIIIIIIIIIIIII
IIIIAIIIAAAA1IIIIAIIIIIIIIIIIIIIIIIIIIIIIIIIIIIAIIIIIIIIIIIIIIII
IIIIA1IIAAAA1IIIIAIIIIIIIIIIIIIIIIIIIIIIIIIIIIIAIIIIIIIIIIIIIIII
IIIAA1IIAAAA1IIIIAIIIIIIIIIIIIIIIIIIIIIIIIIIIIIAIIIIIIIIIIIIIIII
IIIAA1IIAAAA1IIIIAIIIIIIIIIIIIIIIIIIIIIIIIIIIIIA1IIIIIIIIIIIIIII
IIIAA1IIAAAA1IIIIA1IIIIIIIIIIIIIIIIIIIIIIIIIIIIA1IIIIIIIIIIIIIII
IIIIIIIIIIIIA1IIIIIIIIIIIIIIIIIIIIIIIIIIIIIIIIIIIIIIIIIIIIIIIIII
IIIIIIIIIIIIA1IIIIIIIIIIIIIIIIIIIIIIIIIIIIIIIIIA1IIIIIIIIIIIIIII
IIIIIIIIIIIIA1IIIA1IIIIIIIIIIIIIIIIIIIIIIIIIIIIA1IIIIIIIIIIIIIII
IIIIIIIIA1IIA1IIIA1IIIIIIIIIIIIIIIIIIIIIIIIIIIIA1IIIIIIIIIIIIIII
IIIIA1IIA1IIA1IIIA1IIIIIIIIIIIIIIIIIIIIIIIIIIIIA1IIIIIIIIIIIIIII
IIIIA1IIAA1IA1IIIA1IIIIIIIIIIIIIIIIIIIIIIIIIIIIA1IIIIIIIIIIIIIII
IIIIA1IIAA1AA1IIIA1IIIIIIIIIIIIIIIIIIIIIIIIIIIIA1IIIIIIIIIIIIIII
IIIIA1IIAAAAA1IIIA1IIIIIIIIIIIIIIIIIIIIIIIIIIIIA1IIIIIIIIIIIIIII
IIIAA1IIAAAAA1IIIA1IIIIIIIIIIIIIIIIIIIIIIIIIIIIA1IIIIIIIIIIIIIII
IIIIIIIIIIIIIIIIIIIIIIIIIIIIIIIIIIIIIIIIIIIIIIIAIIIIIIIIIIIIIIII
IIIIIIIIIIIIIIIIIAIIIIIIIIIIIIIIIIIIIIIIIIIIIIIAIIIIIIIIIIIIIIII
IIIIIIIIAIIIIIIIIAIIIIIIIIIIIIIIIIIIIIIIIIIIIIIAIIIIIIIIIIIIIIII
IIIIAIIIAIIIIIIIIAIIIIIIIIIIIIIIIIIIIIIIIIIIIIIAIIIIIIIIIIIIIIII
IIIIAIIIAAIIIIIIIAIIIIIIIIIIIIIIIIIIIIIIIIIIIIIAIIIIIIIIIIIIIIII
IIIIAIIIAAIAIIIIIAIIIIIIIIIIIIIIIIIIIIIIIIIIIIIAIIIIIIIIIIIIIIII
IIIIAIIIAAAAIIIIIAIIIIIIIIIIIIIIIIIIIIIIIIIIIIIAIIIIIIIIIIIIIIII
IIIAAIIIAAAAIIIIIAIIIIIIIIIIIIIIIIIIIIIIIIIIIIIAIIIIIIIIIIIIIIII
IIIIIIIIIIIIIIIIIIIIIIIIIIIIIIIIIIIIIIIIIIIIIIIA1IIIIIIIIIIIIIII
IIIIIIIIIIIIA1IIIIIIIIIIIIIIIIIIIIIIIIIIIIIIIIIA1IIIIIIIIIIIIIII
IIIIIIIIIIIIA1IIIA1IIIIIIIIIIIIIIIIIIIIIIIIIIIIA1IIIIIIIIIIIIIII
IIIIIIIIA1IIA1IIIA1IIIIIIIIIIIIIIIIIIIIIIIIIIIIA1IIIIIIIIIIIIIII
IIIIA1IIA1IIA1IIIA1IIIIIIIIIIIIIIIIIIIIIIIIIIIIA1IIIIIIIIIIIIIII
IIIIA1IIAA1IA1IIIA1IIIIIIIIIIIIIIIIIIIIIIIIIIIIA1IIIIIIIIIIIIIII
IIIIA1IIAA1AA1IIIA1IIIIIIIIIIIIIIIIIIIIIIIIIIIIA1IIIIIIIIIIIIIII
IIIIA1IIAAAAA1IIIA1IIIIIIIIIIIIIIIIIIIIIIIIIIIIA1IIIIIIIIIIIIIII
IIIAA1IIAAAAA1IIIA1IIIIIIIIIIIIIIIIIIIIIIIIIIIIA1IIIIIIIIIIIIIII
IIIIIIIIIIIIIIIIIIIIIIIIIIIIIIIIIIIIIIIIIIIIIIIA2IIIIIIIIIIIIIII
IIIIIIIIIIIIIIIIIA2IIIIIIIIIIIIIIIIIIIIIIIIIIIIA2IIIIIIIIIIIIIII
IIIIIIIIA2IIIIIIIA2IIIIIIIIIIIIIIIIIIIIIIIIIIIIA2IIIIIIIIIIIIIII
IIIIA2IIA2IIIIIIIA2IIIIIIIIIIIIIIIIIIIIIIIIIIIIA2IIIIIIIIIIIIIII
IIIIA2IIAA2IIIIIIA2IIIIIIIIIIIIIIIIIIIIIIIIIIIIA2IIIIIIIIIIIIIII
IIIIA2IIAA2A2IIIIA2IIIIIIIIIIIIIIIIIIIIIIIIIIIIA2IIIIIIIIIIIIIII
IIIIA2IIAAAA2IIIIA2IIIIIIIIIIIIIIIIIIIIIIIIIIIIA2IIIIIIIIIIIIIII
IIIAA2IIAAAA2IIIIA2IIIIIIIIIIIIIIIIIIIIIIIIIIIIA2IIIIIIIIIIIIIII
IIIIIIIIIIIIA2IIIIIIIIIIIIIIIIIIIIIIIIIIIIIIIIIIIIIIIIIIIIIIIIII
IIIIIIIIIIIIA2IIIIIIIIIIIIIIIIIIIIIIIIIIIIIIIIIA2IIIIIIIIIIIIIII
IIIIIIIIIIIIA2IIIA2IIIIIIIIIIIIIIIIIIIIIIIIIIIIA2IIIIIIIIIIIIIII
IIIIIIIIA1IIA2IIIA2IIIIIIIIIIIIIIIIIIIIIIIIIIIIA2IIIIIIIIIIIIIII
IIIIA1IIA1IIA2IIIA2IIIIIIIIIIIIIIIIIIIIIIIIIIIIA2IIIIIIIIIIIIIII
IIIIA1IIAA1IA2IIIA2IIIIIIIIIIIIIIIIIIIIIIIIIIIIA2IIIIIIIIIIIIIII
IIIIA1IIAA1AA2IIIA2IIIIIIIIIIIIIIIIIIIIIIIIIIIIA2IIIIIIIIIIIIIII
IIIIA1IIAAAAA2IIIA2IIIIIIIIIIIIIIIIIIIIIIIIIIIIA2IIIIIIIIIIIIIII
IIIAA1IIAAAAA2IIIA2IIIIIIIIIIIIIIIIIIIIIIIIIIIIA2IIIIIIIIIIIIIII
IIIIIIIIA1IIIIIIIIIIIIIIIIIIIIIIIIIIIIIIIIIIIIIIIIIIIIIIIIIIIIII
IIIIA1IIA1IIIIIIIIIIIIIIIIIIIIIIIIIIIIIIIIIIIIIIIIIIIIIIIIIIIIII
IIIIA1IIAA1IIIIIIIIIIIIIIIIIIIIIIIIIIIIIIIIIIIIIIIIIIIIIIIIIIIII
IIIIA1IIAA1A1IIIIIIIIIIIIIIIIIIIIIIIIIIIIIIIIIIIIIIIIIIIIIIIIIII
IIIIA1IIAAAA1IIIIIIIIIIIIIIIIIIIIIIIIIIIIIIIIIIIIIIIIIIIIIIIIIII
IIIAA1IIAAAA1IIIIIIIIIIIIIIIIIIIIIIIIIIIIIIIIIIIIIIIIIIIIIIIIIII
IIIIIIIIIIIIIIIIIIIIIIIIIIIIIIIIIIIIIIIIIIIIIIIA1IIIIIIIIIIIIIII
IIIIIIIIIIIIA1IIIIIIIIIIIIIIIIIIIIIIIIIIIIIIIIIA1IIIIIIIIIIIIIII
IIIIIIIIIIIIA1IIIAIIIIIIIIIIIIIIIIIIIIIIIIIIIIIA1IIIIIIIIIIIIIII
IIIIIIIIAIIIA1IIIAIIIIIIIIIIIIIIIIIIIIIIIIIIIIIA1IIIIIIIIIIIIIII
IIIIAIIIAIIIA1IIIAIIIIIIIIIIIIIIIIIIIIIIIIIIIIIA1IIIIIIIIIIIIIII
IIIIAIIIAAIIA1IIIAIIIIIIIIIIIIIIIIIIIIIIIIIIIIIA1IIIIIIIIIIIIIII
IIIIAIIIAAIAA1IIIAIIIIIIIIIIIIIIIIIIIIIIIIIIIIIA1IIIIIIIIIIIIIII
IIIIAIIIAAAAA1IIIAIIIIIIIIIIIIIIIIIIIIIIIIIIIIIA1IIIIIIIIIIIIIII
IIIAAIIIAAAAA1IIIAIIIIIIIIIIIIIIIIIIIIIIIIIIIIIA1IIIIIIIIIIIIIII
IIIIIIIIIIIIA1IIIIIIIIIIIIIIIIIIIIIIIIIIIIIIIIIIIIIIIIIIIIIIIIII
IIIIIIIIA1IIA1IIIIIIIIIIIIIIIIIIIIIIIIIIIIIIIIIIIIIIIIIIIIIIIIII
IIIIA1IIA1IIA1IIIIIIIIIIIIIIIIIIIIIIIIIIIIIIIIIIIIIIIIIIIIIIIIII
IIIIA1IIAA1IA1IIIIIIIIIIIIIIIIIIIIIIIIIIIIIIIIIIIIIIIIIIIIIIIIII
IIIIA1IIAA1AA1IIIIIIIIIIIIIIIIIIIIIIIIIIIIIIIIIIIIIIIIIIIIIIIIII
IIIIA1IIAAAAA1IIIIIIIIIIIIIIIIIIIIIIIIIIIIIIIIIIIIIIIIIIIIIIIIII
IIIIIIIIIAIIIIIIIIIIIIIIIIIIIIIIIIIIIIIIIIIIIIIIIIIIIIIIIIIIIIII
IIIIAIIIIAIIIIIIIIIIIIIIIIIIIIIIIIIIIIIIIIIIIIIIIIIIIIIIIIIIIIII
IIIAAIIIIAIIIIIIIIIIIIIIIIIIIIIIIIIIIIIIIIIIIIIIIIIIIIIIIIIIIIII
IIIIIIIIIIIIIIIIIIIIIIIIIIIIIIIIIIIIIIIIIIIIIIIA1IIIIIIIIIIIIIII
IIIIIIIIIIIIIIIIIA1IIIIIIIIIIIIIIIIIIIIIIIIIIIIA1IIIIIIIIIIIIIII
IIIIIIIIA1IIIIIIIA1IIIIIIIIIIIIIIIIIIIIIIIIIIIIA1IIIIIIIIIIIIIII
IIIIA1IIA1IIIIIIIA1IIIIIIIIIIIIIIIIIIIIIIIIIIIIA1IIIIIIIIIIIIIII
IIIIA1IIAA1IIIIIIA1IIIIIIIIIIIIIIIIIIIIIIIIIIIIA1IIIIIIIIIIIIIII
IIIIA1IIAAA1IIIIIA1IIIIIIIIIIIIIIIIIIIIIIIIIIIIA1IIIIIIIIIIIIIII
IIIIA1IIAAAA1IIIIA1IIIIIIIIIIIIIIIIIIIIIIIIIIIIA1IIIIIIIIIIIIIII
IIIAA1IIAAAA1IIIIA1IIIIIIIIIIIIIIIIIIIIIIIIIIIIA1IIIIIIIIIIIIIII
IIIIIIIIIIIIAIIIIIIIIIIIIIIIIIIIIIIIIIIIIIIIIIIIIIIIIIIIIIIIIIII
IIIIIIIIA1IIAIIIIIIIIIIIIIIIIIIIIIIIIIIIIIIIIIIIIIIIIIIIIIIIIIII
IIIIA1IIA1IIAIIIIIIIIIIIIIIIIIIIIIIIIIIIIIIIIIIIIIIIIIIIIIIIIIII
IIIIA1IIAA1IAIIIIIIIIIIIIIIIIIIIIIIIIIIIIIIIIIIIIIIIIIIIIIIIIIII
IIIIA1IIAA1AAIIIIIIIIIIIIIIIIIIIIIIIIIIIIIIIIIIIIIIIIIIIIIIIIIII
IIIIA1IIAAAAAIIIIIIIIIIIIIIIIIIIIIIIIIIIIIIIIIIIIIIIIIIIIIIIIIII
IIIAA1IIAAAAAIIIIIIIIIIIIIIIIIIIIIIIIIIIIIIIIIIIIIIIIIIIIIIIIIII
IIIIIIIIIIIIIIIIIIIIIIIIIIIIIIIIIIIIIIIIIIIIIIIA1IIIIIIIIIIIIIII
IIIIIIIIIIIIIIIIIA1IIIIIIIIIIIIIIIIIIIIIIIIIIIIA1IIIIIIIIIIIIIII
IIIIIIIIA1IIIIIIIA1IIIIIIIIIIIIIIIIIIIIIIIIIIIIA1IIIIIIIIIIIIIII
IIIIA1IIA1IIIIIIIA1IIIIIIIIIIIIIIIIIIIIIIIIIIIIA1IIIIIIIIIIIIIII
IIIIA1IIAAIIIIIIIA1IIIIIIIIIIIIIIIIIIIIIIIIIIIIA1IIIIIIIIIIIIIII
IIIIA1IIAA2AIIIIIA1IIIIIIIIIIIIIIIIIIIIIIIIIIIIA1IIIIIIIIIIIIIII
IIIIA1IIAAAAIIIIIA1IIIIIIIIIIIIIIIIIIIIIIIIIIIIA1IIIIIIIIIIIIIII
III2A1IIAAAAIIIIIA1IIIIIIIIIIIIIIIIIIIIIIIIIIIIA1IIIIIIIIIIIIIII
II2AA1IIAAAAIIIIIA1IIIIIIIIIIIIIIIIIIIIIIIIIIIIA1IIIIIIIIIIIIIII
IIIIIIIIIII2AIIIIIIIIIIIIIIIIIIIIIIIIIIIIIIIIIIIIIIIIIIIIIIIIIII
IIIIIIIIA1IIIIIIIIIIIIIIIIIIIIIIIIIIIIIIIIIIIIIIIIIIIIIIIIIIIIII
IIIIA1IIA1IIIIIIIIIIIIIIIIIIIIIIIIIIIIIIIIIIIIIIIIIIIIIIIIIIIIII
IIIIA1IIAA1IIIIIIIIIIIIIIIIIIIIIIIIIIIIIIIIIIIIIIIIIIIIIIIIIIIII
IIIIA1IIAA1A1IIIIIIIIIIIIIIIIIIIIIIIIIIIIIIIIIIIIIIIIIIIIIIIIIII
IIIIA1IIAAAA1IIIIIIIIIIIIIIIIIIIIIIIIIIIIIIIIIIIIIIIIIIIIIIIIIII
IIIAA1IIAAAA1IIIIIIIIIIIIIIIIIIIIIIIIIIIIIIIIIIIIIIIIIIIIIIIIIII
IIIIIIIIIIIIA1IIIIIIIIIIIIIIIIIIIIIIIIIIIIIIIIIIIIIIIIIIIIIIIIII
IIIIIIIIA1IIIIIIIIIIIIIIIIIIIIIIIIIIIIIIIIIIIIIIIIIIIIIIIIIIIIII
IIIIA1IIA1IIIIIIIIIIIIIIIIIIIIIIIIIIIIIIIIIIIIIIIIIIIIIIIIIIIIII
IIIIA1IIAA1IIIIIIIIIIIIIIIIIIIIIIIIIIIIIIIIIIIIIIIIIIIIIIIIIIIII
IIIIA1IIAA1A1IIIIIIIIIIIIIIIIIIIIIIIIIIIIIIIIIIIIIIIIIIIIIIIIIII
IIIIA1IIAAAA1IIIIIIIIIIIIIIIIIIIIIIIIIIIIIIIIIIIIIIIIIIIIIIIIIII
IIIAA1IIAAAA1IIIIIIIIIIIIIIIIIIIIIIIIIIIIIIIIIIIIIIIIIIIIIIIIIII
IIIIIIIIIIIIAIIIIIIIIIIIIIIIIIIIIIIIIIIIIIIIIIIIIIIIIIIIIIIIIIII
IIIIIIIIIIIIA1IIIIIIIIIIIIIIIIIIIIIIIIIIIIIIIIIIIIIIIIIIIIIIIIII
IIIIIIIIIIIIAIIIIIIIIIIIIIIIIIIIIIIIIIIIIIIIIIIIIIIIIIIIIIIIIIII
IIIIIIIIA1I2A2IIIIIIIIIIIIIIIIIIIIIIIIIIIIIIIIIIIIIIIIIIIIIIIIII
IIIIA1I2A1I2A2IIIIIIIIIIIIIIIIIIIIIIIIIIIIIIIIIIIIIIIIIIIIIIIIII
IIIIA1I2AA12A22IIIIIIIIIIIIIIIIIIIIIIIIIIIIIIIIIIIIIIIIIIIIIIIII
IIIIA1I2AAA1A222IIIIIIIIIIIIIIIIIIIIIIIIIIIIIIIIIIIIIIIIIIIIIIII
IIIIA1I2AAAAA2222IIIIIIIIIIIIIIIIIIIIIIIIIIIIIIIIIIIIIIIIIIIIIII
IIIAA122AAAAA2222IIIIIIIIIIIIIIIIIIIIIIIIIIIIIIIIIIIIIIIIIIIIIII
IIIIIIIIIIIIA1IIIIIIIIIIIIIIIIIIIIIIIIIIIIIIIIIIIIIIIIIIIIIIIIII
IIIIIIIIIIIIA2IIIIIIIIIIIIIIIIIIIIIIIIIIIIIIIIIIIIIIIIIIIIIIIIII
IIIIIIIIA2IIA2IIIIIIIIIIIIIIIIIIIIIIIIIIIIIIIIIIIIIIIIIIIIIIIIII
IIIIA2IIA2IIA2IIIIIIIIIIIIIIIIIIIIIIIIIIIIIIIIIIIIIIIIIIIIIIIIII
IIIIA2IIAA2IA2IIIIIIIIIIIIIIIIIIIIIIIIIIIIIIIIIIIIIIIIIIIIIIIIII
IIIIA2IIAAA2A2IIIIIIIIIIIIIIIIIIIIIIIIIIIIIIIIIIIIIIIIIIIIIIIIII
IIIIA2IIAAAAA2IIIIIIIIIIIIIIIIIIIIIIIIIIIIIIIIIIIIIIIIIIIIIIIIII
IIIAA2IIAAAAA2IIIIIIIIIIIIIIIIIIIIIIIIIIIIIIIIIIIIIIIIIIIIIIIIII
IIIIIIIIIIIIA2IIIIIIIIIIIIIIIIIIIIIIIIIIIIIIIIIIIIIIIIIIIIIIIIII
IIIIIIIIIIIIA1IIIIIIIIIIIIIIIIIIIIIIIIIIIIIIIIIIIIIIIIIIIIIIIIII
IIIIIIIIAI2IIIIIIIIIIIIIIIIIIIIIIIIIIIIIIIIIIIIIIIIIIIIIIIIIIIII
IIIIAI2IAI2IIIIIIIIIIIIIIIIIIIIIIIIIIIIIIIIIIIIIIIIIIIIIIIIIIIII
IIIIAI2IAA22IIIIIIIIIIIIIIIIIIIIIIIIIIIIIIIIIIIIIIIIIIIIIIIIIIII
IIIIAI2IAAA22IIIIIIIIIIIIIIIIIIIIIIIIIIIIIIIIIIIIIIIIIIIIIIIIIII
IIIIAI2IAAAA22IIIIIIIIIIIIIIIIIIIIIIIIIIIIIIIIIIIIIIIIIIIIIIIIII
IIIIAI2IAAAAA2IIIIIIIIIIIIIIIIIIIIIIIIIIIIIIIIIIIIIIIIIIIIIIIIII
IIIIAI2IAAAAA22IIIIIIIIIIIIIIIIIIIIIIIIIIIIIIIIIIIIIIIIIIIIIIIII
IIIAA22IAAAAA22IIIIIIIIIIIIIIIIIIIIIIIIIIIIIIIIIIIIIIIIIIIIIIIII
IIIAA22IAAAAA12IIIIIIIIIIIIIIIIIIIIIIIIIIIIIIIIIIIIIIIIIIIIIIIII
IIIIIIIIIIIIAIIIIIIIIIIIIIIIIIIIIIIIIIIIIIIIIIIIIIIIIIIIIIIIIIII
IIIIIIIIA122IIIIIIIIIIIIIIIIIIIIIIIIIIIIIIIIIIIIIIIIIIIIIIIIIIII
IIIIA122A122IIIIIIIIIIIIIIIIIIIIIIIIIIIIIIIIIIIIIIIIIIIIIIIIIIII
IIIIA122AA122IIIIIIIIIIIIIIIIIIIIIIIIIIIIIIIIIIIIIIIIIIIIIIIIIII
IIIIA122AA1A122IIIIIIIIIIIIIIIIIIIIIIIIIIIIIIIIIIIIIIIIIIIIIIIII
IIIIA122AAAA122IIIIIIIIIIIIIIIIIIIIIIIIIIIIIIIIIIIIIIIIIIIIIIIII
IIIAA122AAAA122IIIIIIIIIIIIIIIIIIIIIIIIIIIIIIIIIIIIIIIIIIIIIIIII
IIIAA122AAAAA122IIIIIIIIIIIIIIIIIIIIIIIIIIIIIIIIIIIIIIIIIIIIIIII
IIIIIIIIIIIIA12IIIIIIIIIIIIIIIIIIIIIIIIIIIIIIIIIIIIIIIIIIIIIIIII
IIIIIII1AIIIA12IIIIIIIIIIIIIIIIIIIIIIIIIIIIIIIIIIIIIIIIIIIIIIIII
III1AII1AIIIA12IIIIIIIIIIIIIIIIIIIIIIIIIIIIIIIIIIIIIIIIIIIIIIIII
III1AII1AAIIA12IIIIIIIIIIIIIIIIIIIIIIIIIIIIIIIIIIIIIIIIIIIIIIIII
III1AII1AA1AA12IIIIIIIIIIIIIIIIIIIIIIIIIIIIIIIIIIIIIIIIIIIIIIIII
III1AII1AAAAA12IIIIIIIIIIIIIIIIIIIIIIIIIIIIIIIIIIIIIIIIIIIIIIIII
II1AAII1AAAAA12IIIIIIIIIIIIIIIIIIIIIIIIIIIIIIIIIIIIIIIIIIIIIIIII
IIIIIIIIIIIIA2IIIIIIIIIIIIIIIIIIIIIIIIIIIIIIIIIIIIIIIIIIIIIIIIII
IIIIIIIIIIIIA12IIIIIIIIIIIIIIIIIIIIIIIIIIIIIIIIIIIIIIIIIIIIIIIII
IIIIIIIIA12IA12IIIIIIIIIIIIIIIIIIIIIIIIIIIIIIIIIIIIIIIIIIIIIIIII
IIIIA12IA12IA12IIIIIIIIIIIIIIIIIIIIIIIIIIIIIIIIIIIIIIIIIIIIIIIII
IIIIA12IAA12A12IIIIIIIIIIIIIIIIIIIIIIIIIIIIIIIIIIIIIIIIIIIIIIIII
IIIIA12IAA1AA12IIIIIIIIIIIIIIIIIIIIIIIIIIIIIIIIIIIIIIIIIIIIIIIII
IIIIA12IAAAAA12IIIIIIIIIIIIIIIIIIIIIIIIIIIIIIIIIIIIIIIIIIIIIIIII
IIIAA12IAAAAA12IIIIIIIIIIIIIIIIIIIIIIIIIIIIIIIIIIIIIIIIIIIIIIIII
IIIAA12IAAAAA12IIIIIIIIIIIIIIIIIIIIIIIIIIIIIIIIA1IIIIIIIIIIIIIII
IIIAA12IAAAAA12IIA1IIIIIIIIIIIIIIIIIIIIIIIIIIIIA1IIIIIIIIIIIIIII
IIIIIIIIIIIIIIIIIIIIIIIIIIIIIIIIIIIIIIIIIIIIIIIA1IIIIIIIIIIIIIII
IIIIIIIIIIIIIIIIIA1IIIIIIIIIIIIIIIIIIIIIIIIIIIIA1IIIIIIIIIIIIIII
IIIIIIIIA1IIIIIIIA1IIIIIIIIIIIIIIIIIIIIIIIIIIIIA1IIIIIIIIIIIIIII
IIIIA1IIA1IIIIIIIA1IIIIIIIIIIIIIIIIIIIIIIIIIIIIA1IIIIIIIIIIIIIII
IIIIA1IIAA1IIIIIIA1IIIIIIIIIIIIIIIIIIIIIIIIIIIIA1IIIIIIIIIIIIIII
IIIIA1IIAA1A1IIIIA1IIIIIIIIIIIIIIIIIIIIIIIIIIIIA1IIIIIIIIIIIIIII
IIIIA1IIAAAA1IIIIA1IIIIIIIIIIIIIIIIIIIIIIIIIIIIA1IIIIIIIIIIIIIII
IIIAA1IIAAAA1IIIIA1IIIIIIIIIIIIIIIIIIIIIIIIIIIIA1IIIIIIIIIIIIIII
IIIIIIIIIA1IIIIIIIIIIIIIIIIIIIIIIIIIIIIIIIIIIIIIIIIIIIIIIIIIIIII
IIIIA1IIIA1IIIIIIIIIIIIIIIIIIIIIIIIIIIIIIIIIIIIIIIIIIIIIIIIIIIII
IIIAA1IIIA1IIIIIIIIIIIIIIIIIIIIIIIIIIIIIIIIIIIIIIIIIIIIIIIIIIIII
IIIAA1IIIA1IIIIIIIIIIIIIIIIIIIIIIIIIIIIIIIIIIIIA1IIIIIIIIIIIIIII
IIIAA1IIIA1IA1IIIIIIIIIIIIIIIIIIIIIIIIIIIIIIIIIA1IIIIIIIIIIIIIII
IIIAA1IIIA1IA1IIIAIIIIIIIIIIIIIIIIIIIIIIIIIIIIIA1IIIIIIIIIIIIIII
IIIAA1IIAA1IA1IIIAIIIIIIIIIIIIIIIIIIIIIIIIIIIIIA1IIIIIIIIIIIIIII
IIIAA1IIAA1AA1IIIAIIIIIIIIIIIIIIIIIIIIIIIIIIIIIA1IIIIIIIIIIIIIII
IIIAA1IIAAAAA1IIIAIIIIIIIIIIIIIIIIIIIIIIIIIIIIIA1IIIIIIIIIIIIIII
IIIIIIIIIIIIIIIIIIIIIIIIIIIIIIIIIIIIIIIIIIIIIIIA2IIIIIIIIIIIIIII
IIIIIIIIIIIIIIIIIA2IIIIIIIIIIIIIIIIIIIIIIIIIIIIA2IIIIIIIIIIIIIII
IIIIIIIIA2IIIIIIIA2IIIIIIIIIIIIIIIIIIIIIIIIIIIIA2IIIIIIIIIIIIIII
IIIIA2IIA2IIIIIIIA2IIIIIIIIIIIIIIIIIIIIIIIIIIIIA2IIIIIIIIIIIIIII
IIIIA2IIAA2IIIIIIA2IIIIIIIIIIIIIIIIIIIIIIIIIIIIA2IIIIIIIIIIIIIII
IIIIA2IIAA2A2IIIIA2IIIIIIIIIIIIIIIIIIIIIIIIIIIIA2IIIIIIIIIIIIIII
IIIIA2IIAAAA2IIIIA2IIIIIIIIIIIIIIIIIIIIIIIIIIIIA2IIIIIIIIIIIIIII
IIIAA2IIAAAA2IIIIA2IIIIIIIIIIIIIIIIIIIIIIIIIIIIA2IIIIIIIIIIIIIII
IIIAA1IIAAAA2IIIIA2IIIIIIIIIIIIIIIIIIIIIIIIIIIIA2IIIIIIIIIIIIIII
IIIAA1IIAAAAA1IIIA2IIIIIIIIIIIIIIIIIIIIIIIIIIIIA2IIIIIIIIIIIIIII
IIIAA1IIAAAAA1IIIA2IIIIIIIIIIIIIIIIIIIIIIIIIIIIA1IIIIIIIIIIIIIII
IIIAA1IIAAAAA1IIIA1IIIIIIIIIIIIIIIIIIIIIIIIIIIIA1IIIIIIIIIIIIIII
IIIIIIIIIIIIIIIIIIIIIIIIIIIIIIIIIIIIIIIIIIIIIIIA1IIIIIIIIIIIIIII
IIIIIIIIIIIIIIIIIA1IIIIIIIIIIIIIIIIIIIIIIIIIIIIA1IIIIIIIIIIIIIII
IIIIIIIIIIIIIIIIIIIIIIIIIIIIIIIIIIIIIIIIIIIIIIIAIIIIIIIIIIIIIIII
IIIIIIIIIIIIIIIIIAIIIIIIIIIIIIIIIIIIIIIIIIIIIIIAIIIIIIIIIIIIIIII
IIIIIIIIIIIIIIIIIIIIIIIIIIIIIIIIIIIIIIIIIIIIIIIAIIIIIIIIIIIIIIII
IIIIIIIIIIIIIIIIIAIIIIIIIIIIIIIIIIIIIIIIIIIIIIIAIIIIIIIIIIIIIIII
IIIIIIIIAIIIIIIIIAIIIIIIIIIIIIIIIIIIIIIIIIIIIIIAIIIIIIIIIIIIIIII
IIIIAIIIAIIIIIIIIAIIIIIIIIIIIIIIIIIIIIIIIIIIIIIAIIIIIIIIIIIIIIII
IIIIAIIIAAIIIIIIIAIIIIIIIIIIIIIIIIIIIIIIIIIIIIIAIIIIIIIIIIIIIIII
IIIIAIIIAAIAIIIIIAIIIIIIIIIIIIIIIIIIIIIIIIIIIIIAIIIIIIIIIIIIIIII
IIIIAIIIAAAAIIIIIAIIIIIIIIIIIIIIIIIIIIIIIIIIIIIAIIIIIIIIIIIIIIII
IIIAAIIIAAAAIIIIIAIIIIIIIIIIIIIIIIIIIIIIIIIIIIIAIIIIIIIIIIIIIIII
IIIIIIIIIIIIIIIIIIIIIIIIIIIIIIIIIIIIIIIIIIIIIIIAIIIIIIIIIIIIIIII
IIIIIIIIIIIIAIIIIIIIIIIIIIIIIIIIIIIIIIIIIIIIIIIAIIIIIIIIIIIIIIII
IIIIIIIIIIIIAIIIIAIIIIIIIIIIIIIIIIIIIIIIIIIIIIIAIIIIIIIIIIIIIIII
IIIIIIIIAIIIAIIIIAIIIIIIIIIIIIIIIIIIIIIIIIIIIIIAIIIIIIIIIIIIIIII
IIIIAIIIAIIIAIIIIAIIIIIIIIIIIIIIIIIIIIIIIIIIIIIAIIIIIIIIIIIIIIII
IIIIAIIIAAIIAIIIIAIIIIIIIIIIIIIIIIIIIIIIIIIIIIIAIIIIIIIIIIIIIIII
IIIIAIIIAAIAAIIIIAIIIIIIIIIIIIIIIIIIIIIIIIIIIIIAIIIIIIIIIIIIIIII
IIIIAIIIAAAAAIIIIAIIIIIIIIIIIIIIIIIIIIIIIIIIIIIAIIIIIIIIIIIIIIII
IIIIA1IIAAAAAIIIIAIIIIIIIIIIIIIIIIIIIIIIIIIIIIIAIIIIIIIIIIIIIIII
IIIAA1IIAAAAAIIIIAIIIIIIIIIIIIIIIIIIIIIIIIIIIIIAIIIIIIIIIIIIIIII
IIIAA1IIAAAAAIIIIAIIIIIIIIIIIIIIIIIIIIIIIIIIIIIA1IIIIIIIIIIIIIII
IIIAA1IIAAAAAIIIIA1IIIIIIIIIIIIIIIIIIIIIIIIIIIIA1IIIIIIIIIIIIIII
IIIIIIIIIIIIIIIIIIIIIIIIIIIIIIIIIIIIIIIIIIIIIIIAIIIIIIIIIIIIIIII
IIIIIIIIIIIIAIIIIIIIIIIIIIIIIIIIIIIIIIIIIIIIIIIAIIIIIIIIIIIIIIII
IIIIIIIIIIIIAIIIIAIIIIIIIIIIIIIIIIIIIIIIIIIIIIIAIIIIIIIIIIIIIIII
IIIIIIIIAIIIAIIIIAIIIIIIIIIIIIIIIIIIIIIIIIIIIIIAIIIIIIIIIIIIIIII
IIIIAIIIAIIIAIIIIAIIIIIIIIIIIIIIIIIIIIIIIIIIIIIAIIIIIIIIIIIIIIII
IIIIAIIIAAIIAIIIIAIIIIIIIIIIIIIIIIIIIIIIIIIIIIIAIIIIIIIIIIIIIIII
IIIIAIIIAAIAAIIIIAIIIIIIIIIIIIIIIIIIIIIIIIIIIIIAIIIIIIIIIIIIIIII
IIIIAIIIAAAAAIIIIAIIIIIIIIIIIIIIIIIIIIIIIIIIIIIAIIIIIIIIIIIIIIII
IIIAAIIIAAAAAIIIIAIIIIIIIIIIIIIIIIIIIIIIIIIIIIIAIIIIIIIIIIIIIIII
IIIIIIIIIIIIA1IIIIIIIIIIIIIIIIIIIIIIIIIIIIIIIIIIIIIIIIIIIIIIIIII
IIIIIIIIA1IIA1IIIIIIIIIIIIIIIIIIIIIIIIIIIIIIIIIIIIIIIIIIIIIIIIII
IIIIA1IIA1IIA1IIIIIIIIIIIIIIIIIIIIIIIIIIIIIIIIIIIIIIIIIIIIIIIIII
IIIIA1IIAA1IA1IIIIIIIIIIIIIIIIIIIIIIIIIIIIIIIIIIIIIIIIIIIIIIIIII
IIIIA1IIAA1AA1IIIIIIIIIIIIIIIIIIIIIIIIIIIIIIIIIIIIIIIIIIIIIIIIII
IIIIA1IIAAAAA1IIIIIIIIIIIIIIIIIIIIIIIIIIIIIIIIIIIIIIIIIIIIIIIIII
IIIAA1IIAAAAA1IIIIIIIIIIIIIIIIIIIIIIIIIIIIIIIIIIIIIIIIIIIIIIIIII
IIIIIIIIIIIIIIIIIIIIIIIIIIIIIIIIIIIIIIIIIIIIIIIAIIIIIIIIIIIIIIII
IIIIIIIIIIIIIIIIIAIIIIIIIIIIIIIIIIIIIIIIIIIIIIIAIIIIIIIIIIIIIIII
IIIIIIIIAIIIIIIIIAIIIIIIIIIIIIIIIIIIIIIIIIIIIIIAIIIIIIIIIIIIIIII
IIIIAIIIAIIIIIIIIAIIIIIIIIIIIIIIIIIIIIIIIIIIIIIAIIIIIIIIIIIIIIII
IIIIAIIIAAIIIIIIIAIIIIIIIIIIIIIIIIIIIIIIIIIIIIIAIIIIIIIIIIIIIIII
IIIIAIIIAAIAIIIIIAIIIIIIIIIIIIIIIIIIIIIIIIIIIIIAIIIIIIIIIIIIIIII
IIIIAIIIAAAAIIIIIAIIIIIIIIIIIIIIIIIIIIIIIIIIIIIAIIIIIIIIIIIIIIII
IIIIAIIIAAAAA1IIIAIIIIIIIIIIIIIIIIIIIIIIIIIIIIIAIIIIIIIIIIIIIIII
IIIIIIIIIIIIIIIIIIIIIIIIIIIIIIIIIIIIIIIIIIIIIIIA1IIIIIIIIIIIIIII
IIIIIIIIIIIIIIIIIA1IIIIIIIIIIIIIIIIIIIIIIIIIIIIA1IIIIIIIIIIIIIII
IIIIIIIIA1IIIIIIIA1IIIIIIIIIIIIIIIIIIIIIIIIIIIIA1IIIIIIIIIIIIIII
IIIIA1IIA1IIIIIIIA1IIIIIIIIIIIIIIIIIIIIIIIIIIIIA1IIIIIIIIIIIIIII
IIIIA1IIAA1IIIIIIA1IIIIIIIIIIIIIIIIIIIIIIIIIIIIA1IIIIIIIIIIIIIII
IIIIA1IIAA1A1IIIIA1IIIIIIIIIIIIIIIIIIIIIIIIIIIIA1IIIIIIIIIIIIIII
IIIIA1IIAAAA1IIIIA1IIIIIIIIIIIIIIIIIIIIIIIIIIIIA1IIIIIIIIIIIIIII
IIIAA1IIAAAA1IIIIA1IIIIIIIIIIIIIIIIIIIIIIIIIIIIA1IIIIIIIIIIIIIII
IIIIIIIIIIIIAIIIIIIIIIIIIIIIIIIIIIIIIIIIIIIIIIIIIIIIIIIIIIIIIIII
IIIIIIIIIIIIIIIIIIIIIIIIIIIIIIIIIIIIIIIIIIIIIIIA1IIIIIIIIIIIIIII
IIIIIIIIIIIIIIIIIA1IIIIIIIIIIIIIIIIIIIIIIIIIIIIA1IIIIIIIIIIIIIII
IIIIIIIIA1IIIIIIIA1IIIIIIIIIIIIIIIIIIIIIIIIIIIIA1IIIIIIIIIIIIIII
IIIIA1IIA1IIIIIIIA1IIIIIIIIIIIIIIIIIIIIIIIIIIIIA1IIIIIIIIIIIIIII
IIIIA1IIAA1IIIIIIA1IIIIIIIIIIIIIIIIIIIIIIIIIIIIA1IIIIIIIIIIIIIII
IIIIA1IIAA1A1IIIIA1IIIIIIIIIIIIIIIIIIIIIIIIIIIIA1IIIIIIIIIIIIIII
IIIIA1IIAAAA1IIIIA1IIIIIIIIIIIIIIIIIIIIIIIIIIIIA1IIIIIIIIIIIIIII
IIIAA1IIAAAA1IIIIA1IIIIIIIIIIIIIIIIIIIIIIIIIIIIA1IIIIIIIIIIIIIII
IIIIIIIIIIIIAIIIIIIIIIIIIIIIIIIIIIIIIIIIIIIIIIIIIIIIIIIIIIIIIIII
IIIIIIIIA1IIIIIIIIIIIIIIIIIIIIIIIIIIIIIIIIIIIIIIIIIIIIIIIIIIIIII
IIIIA1IIA1IIIIIIIIIIIIIIIIIIIIIIIIIIIIIIIIIIIIIIIIIIIIIIIIIIIIII
IIIIA1IIAA1IIIIIIIIIIIIIIIIIIIIIIIIIIIIIIIIIIIIIIIIIIIIIIIIIIIII
IIIIA1IIAA1A1IIIIIIIIIIIIIIIIIIIIIIIIIIIIIIIIIIIIIIIIIIIIIIIIIII
IIIIA1IIAAAA1IIIIIIIIIIIIIIIIIIIIIIIIIIIIIIIIIIIIIIIIIIIIIIIIIII
IIIAA1IIAAAA1IIIIIIIIIIIIIIIIIIIIIIIIIIIIIIIIIIIIIIIIIIIIIIIIIII
IIIIIIIIIAIIIIIIIIIIIIIIIIIIIIIIIIIIIIIIIIIIIIIIIIIIIIIIIIIIIIII
IIIIAIIIIAIIIIIIIIIIIIIIIIIIIIIIIIIIIIIIIIIIIIIIIIIIIIIIIIIIIIII
IIIAAIIIIAIIIIIIIIIIIIIIIIIIIIIIIIIIIIIIIIIIIIIIIIIIIIIIIIIIIIII
IIIIIIIIIIIIA1IIIIIIIIIIIIIIIIIIIIIIIIIIIIIIIIIIIIIIIIIIIIIIIIII
IIIIIIIIIIIIA1IIIIIIIIIIIIIIIIIIIIIIIIIIIIIIIIIA1IIIIIIIIIIIIIII
IIIIIIIIIIIIA1IIIA1IIIIIIIIIIIIIIIIIIIIIIIIIIIIA1IIIIIIIIIIIIIII
IIIIIIIIA1IIA1IIIA1IIIIIIIIIIIIIIIIIIIIIIIIIIIIA1IIIIIIIIIIIIIII
IIIIA1IIA1IIA1IIIA1IIIIIIIIIIIIIIIIIIIIIIIIIIIIA1IIIIIIIIIIIIIII
IIIIA1IIAA1IA1IIIA1IIIIIIIIIIIIIIIIIIIIIIIIIIIIA1IIIIIIIIIIIIIII
IIIIA1IIAA1AA1IIIA1IIIIIIIIIIIIIIIIIIIIIIIIIIIIA1IIIIIIIIIIIIIII
IIIIA1IIAAAAA1IIIA1IIIIIIIIIIIIIIIIIIIIIIIIIIIIA1IIIIIIIIIIIIIII
IIIAA1IIAAAAA1IIIA1IIIIIIIIIIIIIIIIIIIIIIIIIIIIA1IIIIIIIIIIIIIII
IIIIIIIIIIIIAIIIIIIIIIIIIIIIIIIIIIIIIIIIIIIIIIIIIIIIIIIIIIIIIIII
IIIIIIIIIIIIIIIIIIIIIIIIIIIIIIIIIIIIIIIIIIIIIIIA1IIIIIIIIIIIIIII
IIIIIIIIIIIIIIIIIA1IIIIIIIIIIIIIIIIIIIIIIIIIIIIA1IIIIIIIIIIIIIII
IIIIIIIIAIIIIIIIIA1IIIIIIIIIIIIIIIIIIIIIIIIIIIIA1IIIIIIIIIIIIIII
IIIIAIIIAIIIIIIIIA1IIIIIIIIIIIIIIIIIIIIIIIIIIIIA1IIIIIIIIIIIIIII
IIIIAIIIAAIIIIIIIA1IIIIIIIIIIIIIIIIIIIIIIIIIIIIA1IIIIIIIIIIIIIII
IIIIAIIIAAIAIIIIIA1IIIIIIIIIIIIIIIIIIIIIIIIIIIIA1IIIIIIIIIIIIIII
IIIIAIIIAAAAIIIIIA1IIIIIIIIIIIIIIIIIIIIIIIIIIIIA1IIIIIIIIIIIIIII
IIIAAIIIAAAAIIIIIA1IIIIIIIIIIIIIIIIIIIIIIIIIIIIA1IIIIIIIIIIIIIII
IIIIIIIIIIIIIIIIIIIIIIIIIIIIIIIIIIIIIIIIIIIIIIIAIIIIIIIIIIIIIIII
IIIIIIIIIIIIIIIIIAIIIIIIIIIIIIIIIIIIIIIIIIIIIIIAIIIIIIIIIIIIIIII
IIIIIIIIIIIIIIIIIIIIIIIIIIIIIIIIIIIIIIIIIIIIIIIAIIIIIIIIIIIIIIII
IIIIIIIIIIIIIIIIIAIIIIIIIIIIIIIIIIIIIIIIIIIIIIIAIIIIIIIIIIIIIIII
IIIIIIIIAIIIIIIIIAIIIIIIIIIIIIIIIIIIIIIIIIIIIIIAIIIIIIIIIIIIIIII
IIIIAIIIAIIIIIIIIAIIIIIIIIIIIIIIIIIIIIIIIIIIIIIAIIIIIIIIIIIIIIII
IIIIAIIIAAIIIIIIIAIIIIIIIIIIIIIIIIIIIIIIIIIIIIIAIIIIIIIIIIIIIIII
IIIIAIIIAAIAIIIIIAIIIIIIIIIIIIIIIIIIIIIIIIIIIIIAIIIIIIIIIIIIIIII
IIIIAIIIAAAAIIIIIAIIIIIIIIIIIIIIIIIIIIIIIIIIIIIAIIIIIIIIIIIIIIII
IIIAAIIIAAAAIIIIIAIIIIIIIIIIIIIIIIIIIIIIIIIIIIIAIIIIIIIIIIIIIIII
IIIIIIIIIIIIA1IIIIIIIIIIIIIIIIIIIIIIIIIIIIIIIIIIIIIIIIIIIIIIIIII
IIIIIIIIIIIIAI2IIIIIIIIIIIIIIIIIIIIIIIIIIIIIIIIIIIIIIIIIIIIIIIII
IIIIIIIIAI2IAI2IIIIIIIIIIIIIIIIIIIIIIIIIIIIIIIIIIIIIIIIIIIIIIIII
IIIIAI2IAI2IAI2IIIIIIIIIIIIIIIIIIIIIIIIIIIIIIIIIIIIIIIIIIIIIIIII
IIIIAI2IAA22AI2IIIIIIIIIIIIIIIIIIIIIIIIIIIIIIIIIIIIIIIIIIIIIIIII
IIIIAI2IAA2AA22IIIIIIIIIIIIIIIIIIIIIIIIIIIIIIIIIIIIIIIIIIIIIIIII
IIIIAI2IAAAAA22IIIIIIIIIIIIIIIIIIIIIIIIIIIIIIIIIIIIIIIIIIIIIIIII
IIIAA22IAAAAA22IIIIIIIIIIIIIIIIIIIIIIIIIIIIIIIIIIIIIIIIIIIIIIIII
IIIIIIIIIIIIIIIIIIIIIIIIIIIIIIIIIIIIIIIIIIIIIIIA122IIIIIIIIIIIII
IIIIIIIIIIIIIIIIIA122IIIIIIIIIIIIIIIIIIIIIIIIIIA122IIIIIIIIIIIII
IIIIIIIIA122IIIIIA122IIIIIIIIIIIIIIIIIIIIIIIIIIA122IIIIIIIIIIIII
IIIIA122A122IIIIIA122IIIIIIIIIIIIIIIIIIIIIIIIIIA122IIIIIIIIIIIII
IIIIA122AA122IIIIA122IIIIIIIIIIIIIIIIIIIIIIIIIIA122IIIIIIIIIIIII
IIIIA122AA1A122IIA122IIIIIIIIIIIIIIIIIIIIIIIIIIA122IIIIIIIIIIIII
IIIIA122AAAA122IIA122IIIIIIIIIIIIIIIIIIIIIIIIIIA122IIIIIIIIIIIII
IIIIA122AAAAA122IA122IIIIIIIIIIIIIIIIIIIIIIIIIIA122IIIIIIIIIIIII
IIIIIIIIIA1IIIIIIIIIIIIIIIIIIIIIIIIIIIIIIIIIIIIIIIIIIIIIIIIIIIII
IIIIA1IIIA1IIIIIIIIIIIIIIIIIIIIIIIIIIIIIIIIIIIIIIIIIIIIIIIIIIIII
IIIAA1IIIA1IIIIIIIIIIIIIIIIIIIIIIIIIIIIIIIIIIIIIIIIIIIIIIIIIIIII
IIIIIIIIIIIIIIIIIIIIIIIIIIIIIIIIIIIIIIIIIIIIII2AIIIIIIIIIIIIIIII
IIIIIIIIIIIIIIII2AIIIIIIIIIIIIIIIIIIIIIIIIIIII2AIIIIIIIIIIIIIIII
IIIIIIIIIII2AIII2AIIIIIIIIIIIIIIIIIIIIIIIIIIII2AIIIIIIIIIIIIIIII
IIIIIIIIIII2AIII2A2IIIIIIIIIIIIIIIIIIIIIIIIIII2AIIIIIIIIIIIIIIII
IIIIIIIIA2I2AIII2A2IIIIIIIIIIIIIIIIIIIIIIIIIII2AIIIIIIIIIIIIIIII
IIIIA2IIA2I2AIII2A2IIIIIIIIIIIIIIIIIIIIIIIIIII2AIIIIIIIIIIIIIIII
IIIIA2IIAA22AIII2A2IIIIIIIIIIIIIIIIIIIIIIIIIII2AIIIIIIIIIIIIIIII
IIIIA2IIAA2AAIII2A2IIIIIIIIIIIIIIIIIIIIIIIIIII2AIIIIIIIIIIIIIIII
IIIIA2IIAAAAAIII2A2IIIIIIIIIIIIIIIIIIIIIIIIIII2AIIIIIIIIIIIIIIII
IIIAA2IIAAAAAIII2A2IIIIIIIIIIIIIIIIIIIIIIIIIII2AIIIIIIIIIIIIIIII
IIIAA2IIAAAAAIII2A2IIIIIIIIIIIIIIIIIIIIIIIIIII2A2IIIIIIIIIIIIIII
IIIAA1IIAAAAAIII2A2IIIIIIIIIIIIIIIIIIIIIIIIIII2A2IIIIIIIIIIIIIII
IIIIIIIIIIIIA1IIIIIIIIIIIIIIIIIIIIIIIIIIIIIIIIIIIIIIIIIIIIIIIIII
IIIIIIIIIIIIA1I1I2I2III1IIIIIIIIIIIIIIIIIIIIIIIIIIIIIIIIIIIIIIII
IIIIIIIIIIIIAI2IIIIIIIIIIIIIIIIIIIIIIIIIIIIIIIIIIIIIIIIIIIIIIIII
IIIIIIIIIIIIA1II1IIIIIIIIIIIIIIIIIIIIIIIIIIIIIIIIIIIIIIIIIIIIIII
IIIIIIIIIIA1A11I11I111IIIIIIIIIIIIIIIIIIIIIIIIIIIIIIIIIIIIIIIIII
IIIIIIIIIIAAA111111111IIIIIIIIIIIIIIIIIIIIIIIIIIIIIIIIIIIIIIIIII
IIIIIIIIIIIIAIIIIIIIIIIIIIIIIIIIIIIIIIIIIIIIIIIIIIIIIIIIIIIIIIII
IIIIIIIIIIIIA1IIIIIIIIIIIIIIIIIIIIIIIIIIIIIIIIIIIIIIIIIIIIIIIIII
IIIIIIIIA1IIIIIIIIIIIIIIIIIIIIIIIIIIIIIIIIIIIIIIIIIIIIIIIIIIIIII
IIIIIIIIAA1IIIIIIIIIIIIIIIIIIIIIIIIIIIIIIIIIIIIIIIIIIIIIIIIIIIII
IIIIA1IIAA1IIIIIIIIIIIIIIIIIIIIIIIIIIIIIIIIIIIIIIIIIIIIIIIIIIIII
IIIAA1IIAA1IIIIIIIIIIIIIIIIIIIIIIIIIIIIIIIIIIIIIIIIIIIIIIIIIIIII
IIIAA1IIAA1IAIIIIIIIIIIIIIIIIIIIIIIIIIIIIIIIIIIIIIIIIIIIIIIIIIII
IIIIIIIIIIIIIIIIIIIIIIIIIIIIIIIIIIIIIIIIIIIIIIIAIIIIIIIIIIIIIIII
IIIIIIIIIIIIIIIIIAIIIIIIIIIIIIIIIIIIIIIIIIIIIIIAIIIIIIIIIIIIIIII
IIIIIIIIAIIIIIIIIAIIIIIIIIIIIIIIIIIIIIIIIIIIIIIAIIIIIIIIIIIIIIII
IIIIAIIIAIIIIIIIIAIIIIIIIIIIIIIIIIIIIIIIIIIIIIIAIIIIIIIIIIIIIIII
IIIIAIIIAAIIIIIIIAIIIIIIIIIIIIIIIIIIIIIIIIIIIIIAIIIIIIIIIIIIIIII
IIIIAIIIAAIAIIIIIAIIIIIIIIIIIIIIIIIIIIIIIIIIIIIAIIIIIIIIIIIIIIII
IIIIAIIIAAAAIIIIIAIIIIIIIIIIIIIIIIIIIIIIIIIIIIIAIIIIIIIIIIIIIIII
IIIAAIIIAAAAIIIIIAIIIIIIIIIIIIIIIIIIIIIIIIIIIIIAIIIIIIIIIIIIIIII
IIIIIIIIIIIIIIIIIIIIIIIIIIIIIIIIIIIIIIIIIIIIIIIA2IIIIIIIIIIIIIII
IIIIIIIIIIIIIIIIIA2IIIIIIIIIIIIIIIIIIIIIIIIIIIIA2IIIIIIIIIIIIIII
IIIIIIIIIIIIIIIIIIIIIIIIIIIIIIIIIIIIIIIIIIIIIIIA2IIIIIIIIIIIIIII
IIIIIIIIIIIIIIIIIA2IIIIIIIIIIIIIIIIIIIIIIIIIIIIA2IIIIIIIIIIIIIII
IIIIIIIIIIIIIIIIIIIIIIIIIIIIIIIIIIIIIIIIIIIIIIIA2IIIIIIIIIIIIIII
IIIIIIIIIIIIIIIIIA2IIIIIIIIIIIIIIIIIIIIIIIIIIIIA2IIIIIIIIIIIIIII
IIIIIIIIA2IIIIIIIA2IIIIIIIIIIIIIIIIIIIIIIIIIIIIA2IIIIIIIIIIIIIII
IIIIA2IIA2IIIIIIIA2IIIIIIIIIIIIIIIIIIIIIIIIIIIIA2IIIIIIIIIIIIIII
IIIIA2IIAA2IIIIIIA2IIIIIIIIIIIIIIIIIIIIIIIIIIIIA2IIIIIIIIIIIIIII
IIIIA2IIAA2A2IIIIA2IIIIIIIIIIIIIIIIIIIIIIIIIIIIA2IIIIIIIIIIIIIII
IIIIA2IIAAAA2IIIIA2IIIIIIIIIIIIIIIIIIIIIIIIIIIIA2IIIIIIIIIIIIIII
IIIAA2IIAAAA2IIIIA2IIIIIIIIIIIIIIIIIIIIIIIIIIIIA2IIIIIIIIIIIIIII
IIIIIIIIIIIIA1IIIIIIIIIIIIIIIIIIIIIIIIIIIIIIIIIIIIIIIIIIIIIIIIII
IIIIIIIIIIIIAIIIIIIIIIIIIIIIIIIIIIIIIIIIIIIIIIIIIIIIIIIIIIIIIIII
IIIIIIIIIIIIA2IIIIIIIIIIIIIIIIIIIIIIIIIIIIIIIIIIIIIIIIIIIIIIIIII
IIIIIIIIA2IIIIIIIIIIIIIIIIIIIIIIIIIIIIIIIIIIIIIIIIIIIIIIIIIIIIII
IIIIA2IIA2IIIIIIIIIIIIIIIIIIIIIIIIIIIIIIIIIIIIIIIIIIIIIIIIIIIIII
IIIIA2IIAA2IIIIIIIIIIIIIIIIIIIIIIIIIIIIIIIIIIIIIIIIIIIIIIIIIIIII
IIIIA2IIAA2A2IIIIIIIIIIIIIIIIIIIIIIIIIIIIIIIIIIIIIIIIIIIIIIIIIII
IIIIA2IIAAAA2IIIIIIIIIIIIIIIIIIIIIIIIIIIIIIIIIIIIIIIIIIIIIIIIIII
IIIAA2IIAAAA2IIIIIIIIIIIIIIIIIIIIIIIIIIIIIIIIIIIIIIIIIIIIIIIIIII
IIIAA2IIAAAAA1IIIIIIIIIIIIIIIIIIIIIIIIIIIIIIIIIIIIIIIIIIIIIIIIII
IIIIIIIIIIIIAIIIIIIIIIIIIIIIIIIIIIIIIIIIIIIIIIIIIIIIIIIIIIIIIIII
IIIIIIIIA1IIIIIIIIIIIIIIIIIIIIIIIIIIIIIIIIIIIIIIIIIIIIIIIIIIIIII
IIIIA1IIA1IIIIIIIIIIIIIIIIIIIIIIIIIIIIIIIIIIIIIIIIIIIIIIIIIIIIII
IIIIA1IIAA1IIIIIIIIIIIIIIIIIIIIIIIIIIIIIIIIIIIIIIIIIIIIIIIIIIIII
IIIIA1IIAA1A1IIIIIIIIIIIIIIIIIIIIIIIIIIIIIIIIIIIIIIIIIIIIIIIIIII
IIIIA1IIAAAA1IIIIIIIIIIIIIIIIIIIIIIIIIIIIIIIIIIIIIIIIIIIIIIIIIII
IIIAA1IIAAAA1IIIIIIIIIIIIIIIIIIIIIIIIIIIIIIIIIIIIIIIIIIIIIIIIIII
IIIIIIIIIIIIAIIIIIIIIIIIIIIIIIIIIIIIIIIIIIIIIIIIIIIIIIIIIIIIIIII
IIIIIIIIIIIIA2IIIIIIIIIIIIIIIIIIIIIIIIIIIIIIIIIIIIIIIIIIIIIIIIII
IIIIIIIIA1IIIIIIIIIIIIIIIIIIIIIIIIIIIIIIIIIIIIIIIIIIIIIIIIIIIIII
IIIIA1IIA1IIIIIIIIIIIIIIIIIIIIIIIIIIIIIIIIIIIIIIIIIIIIIIIIIIIIII
IIIIA1IIAA1IIIIIIIIIIIIIIIIIIIIIIIIIIIIIIIIIIIIIIIIIIIIIIIIIIIII
IIIIA1IIAA1A1IIIIIIIIIIIIIIIIIIIIIIIIIIIIIIIIIIIIIIIIIIIIIIIIIII
IIIIA1IIAAAA1IIIIIIIIIIIIIIIIIIIIIIIIIIIIIIIIIIIIIIIIIIIIIIIIIII
IIIAA1IIAAAA1IIIIIIIIIIIIIIIIIIIIIIIIIIIIIIIIIIIIIIIIIIIIIIIIIII
IIIIIIIIIIIIAIIIIIIIIIIIIIIIIIIIIIIIIIIIIIIIIIIIIIIIIIIIIIIIIIII
IIIIIIIIIIIIA2IIIIIIIIIIIIIIIIIIIIIIIIIIIIIIIIIIIIIIIIIIIIIIIIII
IIIIIIIIA12IA2IIIIIIIIIIIIIIIIIIIIIIIIIIIIIIIIIIIIIIIIIIIIIIIIII
IIIIA12IA12IA2IIIIIIIIIIIIIIIIIIIIIIIIIIIIIIIIIIIIIIIIIIIIIIIIII
IIIIA12IAA12A2IIIIIIIIIIIIIIIIIIIIIIIIIIIIIIIIIIIIIIIIIIIIIIIIII
IIIIA12IAA1AA2IIIIIIIIIIIIIIIIIIIIIIIIIIIIIIIIIIIIIIIIIIIIIIIIII
IIIIA12IAAAAA2IIIIIIIIIIIIIIIIIIIIIIIIIIIIIIIIIIIIIIIIIIIIIIIIII
IIIAA12IAAAAA2IIIIIIIIIIIIIIIIIIIIIIIIIIIIIIIIIIIIIIIIIIIIIIIIII
IIIAA12IAAAAA12IIIIIIIIIIIIIIIIIIIIIIIIIIIIIIIIIIIIIIIIIIIIIIIII
IIIIIIIIIIIIA22IIIIIIIIIIIIIIIIIIIIIIIIIIIIIIIIIIIIIIIIIIIIIIIII
IIIIIIIIIIIIAII1IIIIIIIIIIIIIIIIIIIIIIIIIIIIIIIIIIIIIIIIIIIIIIII
IIIIIIIIIIIIAI111IIIIIIIIIIIIIIIIIIIIIIIIIIIIIIIIIIIIIIIIIIIIIII
IIIIIIIIAIIIAI111IIIIIIIIIIIIIIIIIIIIIIIIIIIIIIIIIIIIIIIIIIIIIII
IIIIAI1IAI1IAI111I1I1I1I1IIIIIIIIIIIIIIIIIIIIIIIIIIIIIIIIIIIIIII
IIIIAI1IAA11A1111111111111I1IIIIIIIIIIIIIIIIIIIIIIIIIIIIIIIIIIII
IIIIAI1IAA1AA1111111111111I1IIIIIIIIIIIIIIIIIIIIIIIIIIIIIIIIIIII
IIIIAI1IAAAAA1111111111111I1IIIIIIIIIIIIIIIIIIIIIIIIIIIIIIIIIIII
IIIIAI1IAAAAA1111111111111I1I1IIIIIIIIIIIIIIIIIIIIIIIIIIIIIIIIII
IIIAA111AAAAA1111111111111I1I1IIIIIIIIIIIIIIIIIIIIIIIIIIIIIIIIII
IIIIA2IIIIIIIIIIIIIIIIIIIIIIIIIIIIIIIIIIIIIIIIIIIIIIIIIIIIIIIIII
IIIIA2IIIIIIA2IIIIIIIIIIIIIIIIIIIIIIIIIIIIIIIIIIIIIIIIIIIIIIIIII
IIIIA2IIIIIIA2IIIIIIIIIIIIIIIIIIIIIIIIIIIIIIIIIA2IIIIIIIIIIIIIII
IIIIA2IIIIIIA2IIIA2IIIIIIIIIIIIIIIIIIIIIIIIIIIIA2IIIIIIIIIIIIIII
IIIIA2IIA2IIA2IIIA2IIIIIIIIIIIIIIIIIIIIIIIIIIIIA2IIIIIIIIIIIIIII
IIIIA2IIAA2IA2IIIA2IIIIIIIIIIIIIIIIIIIIIIIIIIIIA2IIIIIIIIIIIIIII
IIIIA2IIAA2AA2IIIA2IIIIIIIIIIIIIIIIIIIIIIIIIIIIA2IIIIIIIIIIIIIII
IIIIA2IIAAAAA2IIIA2IIIIIIIIIIIIIIIIIIIIIIIIIIIIA2IIIIIIIIIIIIIII
IIIIA1IIAAAAA2IIIA2IIIIIIIIIIIIIIIIIIIIIIIIIIIIA2IIIIIIIIIIIIIII
IIIAA1IIAAAAA2IIIA2IIIIIIIIIIIIIIIIIIIIIIIIIIIIA2IIIIIIIIIIIIIII
IIIIIIIIIIIIIIIIIIIIIIIIIIIIIIIIIIIIIIIIIIIIIIIA1IIIIIIIIIIIIIII
IIIIIIIIIIIIIIIIIA1IIIIIIIIIIIIIIIIIIIIIIIIIIIIA1IIIIIIIIIIIIIII
IIIIIIIIA1IIIIIIIA1IIIIIIIIIIIIIIIIIIIIIIIIIIIIA1IIIIIIIIIIIIIII
IIIIA1IIA1IIIIIIIA1IIIIIIIIIIIIIIIIIIIIIIIIIIIIA1IIIIIIIIIIIIIII
IIIIA1IIAA1IIIIIIA1IIIIIIIIIIIIIIIIIIIIIIIIIIIIA1IIIIIIIIIIIIIII
IIIIA1IIAA1A1IIIIA1IIIIIIIIIIIIIIIIIIIIIIIIIIIIA1IIIIIIIIIIIIIII
IIIIA1IIAAAA1IIIIA1IIIIIIIIIIIIIIIIIIIIIIIIIIIIA1IIIIIIIIIIIIIII
IIIAA1IIAAAA1IIIIA1IIIIIIIIIIIIIIIIIIIIIIIIIIIIA1IIIIIIIIIIIIIII
IIIIIIIIIIIIIIIIIIIIIIIIIIIIIIIIIIIIIIIIIIIIIIIAIIIIIIIIIIIIIIII
IIIIIIIIIIIIIIIIIAIIIIIIIIIIIIIIIIIIIIIIIIIIIIIAIIIIIIIIIIIIIIII
IIIIIIIIA2IIIIIIIAIIIIIIIIIIIIIIIIIIIIIIIIIIIIIAIIIIIIIIIIIIIIII
IIIIA2IIA2IIIIIIIAIIIIIIIIIIIIIIIIIIIIIIIIIIIIIAIIIIIIIIIIIIIIII
IIIIA2IIAA2IIIIIIAIIIIIIIIIIIIIIIIIIIIIIIIIIIIIAIIIIIIIIIIIIIIII
IIIIA2IIAA2A2IIIIAIIIIIIIIIIIIIIIIIIIIIIIIIIIIIAIIIIIIIIIIIIIIII
IIIIA2IIAAAA2IIIIAIIIIIIIIIIIIIIIIIIIIIIIIIIIIIAIIIIIIIIIIIIIIII
IIIIIIIIIIIIAI1I1I1I1I1I1IIIIIIIIIIIIIIIIIIIIIIIIIIIIIIIIIIIIIII
IIIIIIIIIIIIA1IIIIIIIIIIIIIIIIIIIIIIIIIIIIIIIIIIIIIIIIIIIIIIIIII
IIIIIIIIIIIIIIIIIIIIIIIIIIIIIIIIIIIIIIIIIIIIIIIA1IIIIIIIIIIIIIII
IIIIIIIIIIIIIIIIIA1IIIIIIIIIIIIIIIIIIIIIIIIIIIIA1IIIIIIIIIIIIIII
IIIIIIIIA1IIIIIIIA1IIIIIIIIIIIIIIIIIIIIIIIIIIIIA1IIIIIIIIIIIIIII
IIIIA1IIA1IIIIIIIA1IIIIIIIIIIIIIIIIIIIIIIIIIIIIA1IIIIIIIIIIIIIII
IIIIA1IIAAIIIIIIIA1IIIIIIIIIIIIIIIIIIIIIIIIIIIIA1IIIIIIIIIIIIIII
IIIIA1IIAAIAIIIIIA1IIIIIIIIIIIIIIIIIIIIIIIIIIIIA1IIIIIIIIIIIIIII
IIIIA1IIAAAAIIIIIA1IIIIIIIIIIIIIIIIIIIIIIIIIIIIA1IIIIIIIIIIIIIII
IIIAA1IIAAAAIIIIIA1IIIIIIIIIIIIIIIIIIIIIIIIIIIIA1IIIIIIIIIIIIIII
IIIAA1IIAAAAAIIIIA1IIIIIIIIIIIIIIIIIIIIIIIIIIIIA1IIIIIIIIIIIIIII
IIIIIIIIIIIIIIIIIIIIIIIIIIIIIIIIIIIIIIIIIIIIIIIAIIIIIIIIIIIIIIII
IIIIIIIIIIIIIIIIIA2IIIIIIIIIIIIIIIIIIIIIIIIIIIIAIIIIIIIIIIIIIIII
IIIIIIIIIIIIIIIIIA2IIIIIIIIIIIIIIIIIIIIIIIIIIIIA2IIIIIIIIIIIIIII
IIIIIIIIA2IIIIIIIA2IIIIIIIIIIIIIIIIIIIIIIIIIIIIA2IIIIIIIIIIIIIII
IIIIA2IIA2IIIIIIIA2IIIIIIIIIIIIIIIIIIIIIIIIIIIIA2IIIIIIIIIIIIIII
IIIIA2IIAA2IIIIIIA2IIIIIIIIIIIIIIIIIIIIIIIIIIIIA2IIIIIIIIIIIIIII
IIIIA2IIAA2A2IIIIA2IIIIIIIIIIIIIIIIIIIIIIIIIIIIA2IIIIIIIIIIIIIII
IIIIA2IIAAAA2IIIIA2IIIIIIIIIIIIIIIIIIIIIIIIIIIIA2IIIIIIIIIIIIIII
IIIAA2IIAAAA2IIIIA2IIIIIIIIIIIIIIIIIIIIIIIIIIIIA2IIIIIIIIIIIIIII
IIIIIIIIIIIIIIIIIIIIIIIIIIIIIIIIIIIIIIIIIIIIIIIA2IIIIIIIIIIIIIII
IIIIIIIIIIIIIIIIIA2IIIIIIIIIIIIIIIIIIIIIIIIIIIIA2IIIIIIIIIIIIIII
IIIIIIIIIIIIIIIIIIIIIIIIIIIIIIIIIIIIIIIIIIIIIIIA1IIIIIIIIIIIIIII
IIIIIIIIIIIIA1IIIIIIIIIIIIIIIIIIIIIIIIIIIIIIIIIA1IIIIIIIIIIIIIII
IIIIIIIIIIIIA1IIIA1IIIIIIIIIIIIIIIIIIIIIIIIIIIIA1IIIIIIIIIIIIIII
IIIIIIIIA1IIA1IIIA1IIIIIIIIIIIIIIIIIIIIIIIIIIIIA1IIIIIIIIIIIIIII
IIIIA1IIA1IIA1IIIA1IIIIIIIIIIIIIIIIIIIIIIIIIIIIA1IIIIIIIIIIIIIII
IIIIA1IIAA1IA1IIIA1IIIIIIIIIIIIIIIIIIIIIIIIIIIIA1IIIIIIIIIIIIIII
IIIIA1IIAA1AA1IIIA1IIIIIIIIIIIIIIIIIIIIIIIIIIIIA1IIIIIIIIIIIIIII
IIIIA1IIAAAAA1IIIA1IIIIIIIIIIIIIIIIIIIIIIIIIIIIA1IIIIIIIIIIIIIII
IIIAA1IIAAAAA1IIIA1IIIIIIIIIIIIIIIIIIIIIIIIIIIIA1IIIIIIIIIIIIIII
IIIIIIIIIIIIIIIIIIIIIIIIIIIIIIIIIIIIIIIIIIIIIIIA1IIIIIIIIIIIIIII
IIIIIIIIIIIIIIIIIA1IIIIIIIIIIIIIIIIIIIIIIIIIIIIA1IIIIIIIIIIIIIII
IIIIIIIIA2IIIIIIIA1IIIIIIIIIIIIIIIIIIIIIIIIIIIIA1IIIIIIIIIIIIIII
IIIIA2IIA2IIIIIIIA1IIIIIIIIIIIIIIIIIIIIIIIIIIIIA1IIIIIIIIIIIIIII
IIIIA2IIAA2IIIIIIA1IIIIIIIIIIIIIIIIIIIIIIIIIIIIA1IIIIIIIIIIIIIII
IIIIA2IIAA2A2IIIIA1IIIIIIIIIIIIIIIIIIIIIIIIIIIIA1IIIIIIIIIIIIIII
IIIIA2IIAAAA2IIIIA1IIIIIIIIIIIIIIIIIIIIIIIIIIIIA1IIIIIIIIIIIIIII
IIIAA2IIAAAA2IIIIA1IIIIIIIIIIIIIIIIIIIIIIIIIIIIA1IIIIIIIIIIIIIII
IIIIIIIIIIIIIIIIIIIIIIIIIIIIIIIIIIIIIIIIIIIIIIIA2IIIIIIIIIIIIIII
IIIIIIIIIIIIIIIIIA2IIIIIIIIIIIIIIIIIIIIIIIIIIIIA2IIIIIIIIIIIIIII
IIIIIIIIIIIIIIIIIIIIIIIIIIIIIIIIIIIIIIIIIIIIIIIA1IIIIIIIIIIIIIII
IIIIIIIIIIIIA1IIIIIIIIIIIIIIIIIIIIIIIIIIIIIIIIIA1IIIIIIIIIIIIIII
IIIIIIIIIIIIA1IIIA1IIIIIIIIIIIIIIIIIIIIIIIIIIIIA1IIIIIIIIIIIIIII
IIIIIIIIA1IIA1IIIA1IIIIIIIIIIIIIIIIIIIIIIIIIIIIA1IIIIIIIIIIIIIII
IIIIA1IIA1IIA1IIIA1IIIIIIIIIIIIIIIIIIIIIIIIIIIIA1IIIIIIIIIIIIIII
IIIIA1IIAA1IA1IIIA1IIIIIIIIIIIIIIIIIIIIIIIIIIIIA1IIIIIIIIIIIIIII
IIIIA1IIAA1AA1IIIA1IIIIIIIIIIIIIIIIIIIIIIIIIIIIA1IIIIIIIIIIIIIII
IIIIA1IIAAAAA1IIIA1IIIIIIIIIIIIIIIIIIIIIIIIIIIIA1IIIIIIIIIIIIIII
IIIAA1IIAAAAA1IIIA1IIIIIIIIIIIIIIIIIIIIIIIIIIIIA1IIIIIIIIIIIIIII
IIIIIIIIIIIIIIIIIIIIIIIIIIIIIIIIIIIIIIIIIIIIIIIA2IIIIIIIIIIIIIII
IIIIIIIIIIIIIIIIIA2IIIIIIIIIIIIIIIIIIIIIIIIIIIIA2IIIIIIIIIIIIIII
IIIIIIIIA2IIIIIIIA2IIIIIIIIIIIIIIIIIIIIIIIIIIIIA2IIIIIIIIIIIIIII
IIIIA2IIA2IIIIIIIA2IIIIIIIIIIIIIIIIIIIIIIIIIIIIA2IIIIIIIIIIIIIII
IIIIA2IIAA2IIIIIIA2IIIIIIIIIIIIIIIIIIIIIIIIIIIIA2IIIIIIIIIIIIIII
IIIIA2IIAA2A2IIIIA2IIIIIIIIIIIIIIIIIIIIIIIIIIIIA2IIIIIIIIIIIIIII
IIIIA2IIAAAA2IIIIA2IIIIIIIIIIIIIIIIIIIIIIIIIIIIA2IIIIIIIIIIIIIII
IIIIA2IIAAAAA1IIIA2IIIIIIIIIIIIIIIIIIIIIIIIIIIIA2IIIIIIIIIIIIIII
IIIIA2IIAAAAA1IIIA2IIIIIIIIIIIIIIIIIIIIIIIIIIIIA1IIIIIIIIIIIIIII
IIIIA2IIAAAAA1IIIA1IIIIIIIIIIIIIIIIIIIIIIIIIIIIA1IIIIIIIIIIIIIII
IIIIA2IIAAAAA1IIIA1A1IIIIIIIIIIIIIIIIIIIIIIIIIIA1IIIIIIIIIIIIIII
IIIIA1IIAAAAA1IIIA1A1IIIIIIIIIIIIIIIIIIIIIIIIIIA1IIIIIIIIIIIIIII
IIIIIIIIIIIIIIIIIIIIIIIIIIIIIIIIIIIIIIIIIIIIIIIA1IIIIIIIIIIIIIII
IIIIIIIIIIIIIIIIIA1IIIIIIIIIIIIIIIIIIIIIIIIIIIIA1IIIIIIIIIIIIIII
IIIIIIIIIIIIIIIIIA1A1IIIIIIIIIIIIIIIIIIIIIIIIIIA1IIIIIIIIIIIIIII
IIIIIIIIA1IIIIIIIA1A1IIIIIIIIIIIIIIIIIIIIIIIIIIA1IIIIIIIIIIIIIII
IIIIA1IIA1IIIIIIIA1A1IIIIIIIIIIIIIIIIIIIIIIIIIIA1IIIIIIIIIIIIIII
IIIIA1IIAA1IIIIIIA1A1IIIIIIIIIIIIIIIIIIIIIIIIIIA1IIIIIIIIIIIIIII
IIIIA1IIAA1A1IIIIA1A1IIIIIIIIIIIIIIIIIIIIIIIIIIA1IIIIIIIIIIIIIII
IIIIA1IIAAAA1IIIIA1A1IIIIIIIIIIIIIIIIIIIIIIIIIIA1IIIIIIIIIIIIIII
IIIIA1IIAAAAAIIIIA1A1IIIIIIIIIIIIIIIIIIIIIIIIIIA1IIIIIIIIIIIIIII
IIIIIIIIIIIIIIIIIIIIIIIIIIIIIIIIIIIIIIIIIIIIII2AIIIIIIIIIIIIIIII
IIIIIIIIIIIIIIII2AIIIIIIIIIIIIIIIIIIIIIIIIIIII2AIIIIIIIIIIIIIIII
IIIIIII2AIIIIIII2AIIIIIIIIIIIIIIIIIIIIIIIIIIII2AIIIIIIIIIIIIIIII
III2AII2AIIIIIII2AIIIIIIIIIIIIIIIIIIIIIIIIIIII2AIIIIIIIIIIIIIIII
III2AII2AAIIIIII2AIIIIIIIIIIIIIIIIIIIIIIIIIIII2AIIIIIIIIIIIIIIII
III2AII2AAAIIIII2AIIIIIIIIIIIIIIIIIIIIIIIIIIII2AIIIIIIIIIIIIIIII
III2AII2AAAAIIII2AIIIIIIIIIIIIIIIIIIIIIIIIIIII2AIIIIIIIIIIIIIIII
II2AAII2AAAAIIII2AIIIIIIIIIIIIIIIIIIIIIIIIIIII2AIIIIIIIIIIIIIIII
IIIIIIIIIIIIIIIIIIIIIIIIIIIIIIIIIIIIIIIIIIIIIIIA1IIIIIIIIIIIIIII
IIIIIIIIIIIIA1IIIIIIIIIIIIIIIIIIIIIIIIIIIIIIIIIA1IIIIIIIIIIIIIII
IIIIIIIIIIIIA1IIIA1IIIIIIIIIIIIIIIIIIIIIIIIIIIIA1IIIIIIIIIIIIIII
IIIIIIIIIIIIIIIIIIIIIIIIIIIIIIIIIIIIIIIIIIIIIIIA1IIIIIIIIIIIIIII
IIIIIIIIIIIIIIIIIA1IIIIIIIIIIIIIIIIIIIIIIIIIIIIA1IIIIIIIIIIIIIII
IIIIIIIIA1IIIIIIIA1IIIIIIIIIIIIIIIIIIIIIIIIIIIIA1IIIIIIIIIIIIIII
IIIIA1IIA1IIIIIIIA1IIIIIIIIIIIIIIIIIIIIIIIIIIIIA1IIIIIIIIIIIIIII
IIIIA1IIAA1IIIIIIA1IIIIIIIIIIIIIIIIIIIIIIIIIIIIA1IIIIIIIIIIIIIII
IIIIA1IIAA1A1IIIIA1IIIIIIIIIIIIIIIIIIIIIIIIIIIIA1IIIIIIIIIIIIIII
IIIIA1IIAAAA1IIIIA1IIIIIIIIIIIIIIIIIIIIIIIIIIIIA1IIIIIIIIIIIIIII
IIIIIIIIAIIIIIIIIIIIIIIIIIIIIIIIIIIIIIIIIIIIIIIIIIIIIIIIIIIIIIII
IIIIAIIIAIIIIIIIIIIIIIIIIIIIIIIIIIIIIIIIIIIIIIIIIIIIIIIIIIIIIIII
IIIIAIIIAAIIIIIIIIIIIIIIIIIIIIIIIIIIIIIIIIIIIIIIIIIIIIIIIIIIIIII
IIIIAIIIAAIAIIIIIIIIIIIIIIIIIIIIIIIIIIIIIIIIIIIIIIIIIIIIIIIIIIII
IIIIAIIIAAAAIIIIIIIIIIIIIIIIIIIIIIIIIIIIIIIIIIIIIIIIIIIIIIIIIIII
IIIAAIIIAAAAIIIIIIIIIIIIIIIIIIIIIIIIIIIIIIIIIIIIIIIIIIIIIIIIIIII
IIIAAIIIAAAAA2IIIIIIIIIIIIIIIIIIIIIIIIIIIIIIIIIIIIIIIIIIIIIIIIII
IIIIIIIIA2IIIIIIIIIIIIIIIIIIIIIIIIIIIIIIIIIIIIIIIIIIIIIIIIIIIIII
IIIIA2IIA2IIIIIIIIIIIIIIIIIIIIIIIIIIIIIIIIIIIIIIIIIIIIIIIIIIIIII
IIIIA2IIAA2IIIIIIIIIIIIIIIIIIIIIIIIIIIIIIIIIIIIIIIIIIIIIIIIIIIII
IIIIA2IIAA2A2IIIIIIIIIIIIIIIIIIIIIIIIIIIIIIIIIIIIIIIIIIIIIIIIIII
IIIIA2IIAAAA2IIIIIIIIIIIIIIIIIIIIIIIIIIIIIIIIIIIIIIIIIIIIIIIIIII
IIIIA1IIAAAA2IIIIIIIIIIIIIIIIIIIIIIIIIIIIIIIIIIIIIIIIIIIIIIIIIII
IIIAA1IIAAAA2IIIIIIIIIIIIIIIIIIIIIIIIIIIIIIIIIIIIIIIIIIIIIIIIIII
IIIIIIIIIIIIA1IIIIIIIIIIIIIIIIIIIIIIIIIIIIIIIIIIIIIIIIIIIIIIIIII
IIIIIIIIAI2IIIIIIIIIIIIIIIIIIIIIIIIIIIIIIIIIIIIIIIIIIIIIIIIIIIII
IIIIAI2IAI2IIIIIIIIIIIIIIIIIIIIIIIIIIIIIIIIIIIIIIIIIIIIIIIIIIIII
IIIIAI2IAA22IIIIIIIIIIIIIIIIIIIIIIIIIIIIIIIIIIIIIIIIIIIIIIIIIIII
IIIIAI2IAA2AI2IIIIIIIIIIIIIIIIIIIIIIIIIIIIIIIIIIIIIIIIIIIIIIIIII
IIIIAI2IAAAA22IIIIIIIIIIIIIIIIIIIIIIIIIIIIIIIIIIIIIIIIIIIIIIIIII
IIIAA22IAAAA22IIIIIIIIIIIIIIIIIIIIIIIIIIIIIIIIIIIIIIIIIIIIIIIIII
IIIIIIIIIIIIA1IIIIIIIIIIIIIIIIIIIIIIIIIIIIIIIIIIIIIIIIIIIIIIIIII
IIIIIIIIA1IIA1IIIIIIIIIIIIIIIIIIIIIIIIIIIIIIIIIIIIIIIIIIIIIIIIII
IIIIA1IIA1IIA1IIIIIIIIIIIIIIIIIIIIIIIIIIIIIIIIIIIIIIIIIIIIIIIIII
IIIIA1IIAA1IA1IIIIIIIIIIIIIIIIIIIIIIIIIIIIIIIIIIIIIIIIIIIIIIIIII
IIIIA1IIAA1AA1IIIIIIIIIIIIIIIIIIIIIIIIIIIIIIIIIIIIIIIIIIIIIIIIII
IIIIA1IIAAAAA1IIIIIIIIIIIIIIIIIIIIIIIIIIIIIIIIIIIIIIIIIIIIIIIIII
IIIAA1IIAAAAA1IIIIIIIIIIIIIIIIIIIIIIIIIIIIIIIIIIIIIIIIIIIIIIIIII
IIIIIIIIIIIIAIIIIIIIIIIIIIIIIIIIIIIIIIIIIIIIIIIIIIIIIIIIIIIIIIII
IIIIIIIIIIIIA1IIIIIIIIIIIIIIIIIIIIIIIIIIIIIIIIIIIIIIIIIIIIIIIIII
IIIIIIIIA1IIIIIIIIIIIIIIIIIIIIIIIIIIIIIIIIIIIIIIIIIIIIIIIIIIIIII
IIIIA1IIA1IIIIIIIIIIIIIIIIIIIIIIIIIIIIIIIIIIIIIIIIIIIIIIIIIIIIII
IIIIA1IIAA1IIIIIIIIIIIIIIIIIIIIIIIIIIIIIIIIIIIIIIIIIIIIIIIIIIIII
IIIIA1IIAA1A1IIIIIIIIIIIIIIIIIIIIIIIIIIIIIIIIIIIIIIIIIIIIIIIIIII
IIIIA1IIAAAA1IIIIIIIIIIIIIIIIIIIIIIIIIIIIIIIIIIIIIIIIIIIIIIIIIII
IIIAA1IIAAAA1IIIIIIIIIIIIIIIIIIIIIIIIIIIIIIIIIIIIIIIIIIIIIIIIIII
IIIAA1IIAAAAAIIIIIIIIIIIIIIIIIIIIIIIIIIIIIIIIIIIIIIIIIIIIIIIIIII
IIIIIIIIIIIIA1IIIIIIIIIIIIIIIIIIIIIIIIIIIIIIIIIIIIIIIIIIIIIIIIII
IIIIIIIIAIIIIIIIIIIIIIIIIIIIIIIIIIIIIIIIIIIIIIIIIIIIIIIIIIIIIIII
IIIIAIIIAIIIIIIIIIIIIIIIIIIIIIIIIIIIIIIIIIIIIIIIIIIIIIIIIIIIIIII
IIIIAIIIAAIIIIIIIIIIIIIIIIIIIIIIIIIIIIIIIIIIIIIIIIIIIIIIIIIIIIII
IIIIAIIIAAIAIIIIIIIIIIIIIIIIIIIIIIIIIIIIIIIIIIIIIIIIIIIIIIIIIIII
IIIIAIIIAAAAIIIIIIIIIIIIIIIIIIIIIIIIIIIIIIIIIIIIIIIIIIIIIIIIIIII
IIIAAIIIAAAAIIIIIIIIIIIIIIIIIIIIIIIIIIIIIIIIIIIIIIIIIIIIIIIIIIII
IIIAAIIIAAAAAIIIIIIIIIIIIIIIIIIIIIIIIIIIIIIIIIIIIIIIIIIIIIIIIIII
IIIIIIIIIIIIIIIIIIIIIIIIIIIIIIIIIIIIIIIIIIIIIIIA2IIIIIIIIIIIIIII
IIIIIIIIIIIIIIIIIA2IIIIIIIIIIIIIIIIIIIIIIIIIIIIA2IIIIIIIIIIIIIII
IIIIIIIIIIIIIIIIIIIIIIIIIIIIIIIIIIIIIIIIIIIIIIIA2IIIIIIIIIIIIIII
IIIIIIIIIIIIIIIIIA2IIIIIIIIIIIIIIIIIIIIIIIIIIIIA2IIIIIIIIIIIIIII
IIIIIIIIIIIIA2IIIA2IIIIIIIIIIIIIIIIIIIIIIIIIIIIA2IIIIIIIIIIIIIII
IIIIIIIIA2IIA2IIIA2IIIIIIIIIIIIIIIIIIIIIIIIIIIIA2IIIIIIIIIIIIIII
IIIIA2IIA2IIA2IIIA2IIIIIIIIIIIIIIIIIIIIIIIIIIIIA2IIIIIIIIIIIIIII
IIIIA2IIAA2IA2IIIA2IIIIIIIIIIIIIIIIIIIIIIIIIIIIA2IIIIIIIIIIIIIII
IIIIA2IIAA2AA2IIIA2IIIIIIIIIIIIIIIIIIIIIIIIIIIIA2IIIIIIIIIIIIIII
IIIIA2IIAAAAA2IIIA2IIIIIIIIIIIIIIIIIIIIIIIIIIIIA2IIIIIIIIIIIIIII
IIIAA2IIAAAAA2IIIA2IIIIIIIIIIIIIIIIIIIIIIIIIIIIA2IIIIIIIIIIIIIII
IIIAA1IIAAAAA2IIIA2IIIIIIIIIIIIIIIIIIIIIIIIIIIIA2IIIIIIIIIIIIIII
IIIIIIIIIIIIIIIIIIIIIIIIIIIIIIIIIIIIIIIIIIIIIIIA1IIIIIIIIIIIIIII
IIIIIIIIIIIIA1IIIIIIIIIIIIIIIIIIIIIIIIIIIIIIIIIA1IIIIIIIIIIIIIII
IIIIIIIIIIIIA1IIIA1IIIIIIIIIIIIIIIIIIIIIIIIIIIIA1IIIIIIIIIIIIIII
IIIIIIIIIIIIIIIIIIIIIIIIIIIIIIIIIIIIIIIIIIIIIIIAIIIIIIIIIIIIIIII
IIIIIIIIIIIIIIIIIAIIIIIIIIIIIIIIIIIIIIIIIIIIIIIAIIIIIIIIIIIIIIII
IIIIIIIIAIIIIIIIIAIIIIIIIIIIIIIIIIIIIIIIIIIIIIIAIIIIIIIIIIIIIIII
IIIIAIIIAIIIIIIIIAIIIIIIIIIIIIIIIIIIIIIIIIIIIIIAIIIIIIIIIIIIIIII
IIIIAIIIAAIIIIIIIAIIIIIIIIIIIIIIIIIIIIIIIIIIIIIAIIIIIIIIIIIIIIII
IIIIAIIIAAIAIIIIIAIIIIIIIIIIIIIIIIIIIIIIIIIIIIIAIIIIIIIIIIIIIIII
IIIIAIIIAAAAIIIIIAIIIIIIIIIIIIIIIIIIIIIIIIIIIIIAIIIIIIIIIIIIIIII
IIIAAIIIAAAAIIIIIAIIIIIIIIIIIIIIIIIIIIIIIIIIIIIAIIIIIIIIIIIIIIII
IIIIIIIIIIIIIIIIIIIIIIIIIIIIIIIIIIIIIIIIIIIIIIIA1IIIIIIIIIIIIIII
IIIIIIIIIIIIIIIIIA1IIIIIIIIIIIIIIIIIIIIIIIIIIIIA1IIIIIIIIIIIIIII
IIIIIIIIIIIIA1IIIA1IIIIIIIIIIIIIIIIIIIIIIIIIIIIA1IIIIIIIIIIIIIII
IIIIIIIIA1IIA1IIIA1IIIIIIIIIIIIIIIIIIIIIIIIIIIIA1IIIIIIIIIIIIIII
IIIIA1IIA1IIA1IIIA1IIIIIIIIIIIIIIIIIIIIIIIIIIIIA1IIIIIIIIIIIIIII
IIIIA1IIAA1IA1IIIA1IIIIIIIIIIIIIIIIIIIIIIIIIIIIA1IIIIIIIIIIIIIII
IIIIA1IIAA1AA1IIIA1IIIIIIIIIIIIIIIIIIIIIIIIIIIIA1IIIIIIIIIIIIIII
IIIIA1IIAAAAA1IIIA1IIIIIIIIIIIIIIIIIIIIIIIIIIIIA1IIIIIIIIIIIIIII
IIIIIIIIIA2IIIIIIIIIIIIIIIIIIIIIIIIIIIIIIIIIIIIIIIIIIIIIIIIIIIII
IIIIA2IIIA2IIIIIIIIIIIIIIIIIIIIIIIIIIIIIIIIIIIIIIIIIIIIIIIIIIIII
IIIAA2IIIA2IIIIIIIIIIIIIIIIIIIIIIIIIIIIIIIIIIIIIIIIIIIIIIIIIIIII
IIIIIIIIIIIIA1IIIIIIIIIIIIIIIIIIIIIIIIIIIIIIIIIIIIIIIIIIIIIIIIII
IIIIIIIIA1IIIIIIIIIIIIIIIIIIIIIIIIIIIIIIIIIIIIIIIIIIIIIIIIIIIIII
IIIIA1IIA1IIIIIIIIIIIIIIIIIIIIIIIIIIIIIIIIIIIIIIIIIIIIIIIIIIIIII
IIIIA1IIAA1IIIIIIIIIIIIIIIIIIIIIIIIIIIIIIIIIIIIIIIIIIIIIIIIIIIII
IIIIA1IIAA1A1IIIIIIIIIIIIIIIIIIIIIIIIIIIIIIIIIIIIIIIIIIIIIIIIIII
IIIIA1IIAAAA1IIIIIIIIIIIIIIIIIIIIIIIIIIIIIIIIIIIIIIIIIIIIIIIIIII
IIIAA1IIAAAA1IIIIIIIIIIIIIIIIIIIIIIIIIIIIIIIIIIIIIIIIIIIIIIIIIII
IIIAA1IIAAAAA1IIIIIIIIIIIIIIIIIIIIIIIIIIIIIIIIIIIIIIIIIIIIIIIIII
IIIIIIIIIIIIIIIIIIIIIIIIIIIIIIIIIIIIIIIIIIIIIIIAIIIIIIIIIIIIIIII
IIIIIIIIIIIIIIIIIAIIIIIIIIIIIIIIIIIIIIIIIIIIIIIAIIIIIIIIIIIIIIII
IIIIIIIIAIIIIIIIIAIIIIIIIIIIIIIIIIIIIIIIIIIIIIIAIIIIIIIIIIIIIIII
IIIIAIIIAIIIIIIIIAIIIIIIIIIIIIIIIIIIIIIIIIIIIIIAIIIIIIIIIIIIIIII
IIIIAIIIAAIIIIIIIAIIIIIIIIIIIIIIIIIIIIIIIIIIIIIAIIIIIIIIIIIIIIII
IIIIAIIIAAIAIIIIIAIIIIIIIIIIIIIIIIIIIIIIIIIIIIIAIIIIIIIIIIIIIIII
IIIIAIIIAAAAIIIIIAIIIIIIIIIIIIIIIIIIIIIIIIIIIIIAIIIIIIIIIIIIIIII
IIIAAIIIAAAAIIIIIAIIIIIIIIIIIIIIIIIIIIIIIIIIIIIAIIIIIIIIIIIIIIII
IIIIIIIIIIIIIIIIIIIIIIIIIIIIIIIIIIIIIIIIIIIIIIIA1IIIIIIIIIIIIIII
IIIIIIIIIIIIIIIIIA1IIIIIIIIIIIIIIIIIIIIIIIIIIIIA1IIIIIIIIIIIIIII
IIIIIIIIA1IIIIIIIA1IIIIIIIIIIIIIIIIIIIIIIIIIIIIA1IIIIIIIIIIIIIII
IIIIA1IIA1IIIIIIIA1IIIIIIIIIIIIIIIIIIIIIIIIIIIIA1IIIIIIIIIIIIIII
IIIIA1IIAA1IIIIIIA1IIIIIIIIIIIIIIIIIIIIIIIIIIIIA1IIIIIIIIIIIIIII
IIIIA1IIAA1A1IIIIA1IIIIIIIIIIIIIIIIIIIIIIIIIIIIA1IIIIIIIIIIIIIII
IIIIA1IIAAAA1IIIIA1IIIIIIIIIIIIIIIIIIIIIIIIIIIIA1IIIIIIIIIIIIIII
IIIAA1IIAAAA1IIIIA1IIIIIIIIIIIIIIIIIIIIIIIIIIIIA1IIIIIIIIIIIIIII
IIIIIIIIIIIIAI2IIIIIIIIIIIIIIIIIIIIIIIIIIIIIIIIIIIIIIIIIIIIIIIII
IIIIIIIIIIIIIIIIIIIIIIIIIIIIIIIIIIIIIIIIIIIIIIIAI2IIIIIIIIIIIIII
IIIIIIIIIIIIIIIIIAI2IIIIIIIIIIIIIIIIIIIIIIIIIIIAI2IIIIIIIIIIIIII
IIIIIIIIAI2IIIIIIAI2IIIIIIIIIIIIIIIIIIIIIIIIIIIAI2IIIIIIIIIIIIII
IIIIAI2IAI2IIIIIIAI2IIIIIIIIIIIIIIIIIIIIIIIIIIIAI2IIIIIIIIIIIIII
IIIIAI2IAA2IIIIIIAI2IIIIIIIIIIIIIIIIIIIIIIIIIIIAI2IIIIIIIIIIIIII
IIIIAI2IAA2A2IIIIAI2IIIIIIIIIIIIIIIIIIIIIIIIIIIAI2IIIIIIIIIIIIII
IIIIAI2IAAAA2IIIIAI2IIIIIIIIIIIIIIIIIIIIIIIIIIIAI2IIIIIIIIIIIIII
IIIIA22IAAAA2IIIIAI2IIIIIIIIIIIIIIIIIIIIIIIIIIIAI2IIIIIIIIIIIIII
IIIAA22IAAAA2IIIIAI2IIIIIIIIIIIIIIIIIIIIIIIIIIIAI2IIIIIIIIIIIIII
IIIIIIIIIIIIA2IIIIIIIIIIIIIIIIIIIIIIIIIIIIIIIIIIIIIIIIIIIIIIIIII
IIIIIIIIIIIIA12IIIIIIIIIIIIIIIIIIIIIIIIIIIIIIIIIIIIIIIIIIIIIIIII
IIIIIIIIIIIIAIIIIIIIIIIIIIIIIIIIIIIIIIIIIIIIIIIIIIIIIIIIIIIIIIII
IIIIIIIIAIIIAIIIIIIIIIIIIIIIIIIIIIIIIIIIIIIIIIIIIIIIIIIIIIIIIIII
IIIIAIIIAIIIAIIIIIIIIIIIIIIIIIIIIIIIIIIIIIIIIIIIIIIIIIIIIIIIIIII
IIIIAIIIAAIIAIIIIIIIIIIIIIIIIIIIIIIIIIIIIIIIIIIIIIIIIIIIIIIIIIII
IIIIAIIIAAIAAIIIIIIIIIIIIIIIIIIIIIIIIIIIIIIIIIIIIIIIIIIIIIIIIIII
IIIIAIIIAAAAAIIIIIIIIIIIIIIIIIIIIIIIIIIIIIIIIIIIIIIIIIIIIIIIIIII
IIIIA12IAAAAAIIIIIIIIIIIIIIIIIIIIIIIIIIIIIIIIIIIIIIIIIIIIIIIIIII
IIIAA12IAAAAAIIIIIIIIIIIIIIIIIIIIIIIIIIIIIIIIIIIIIIIIIIIIIIIIIII
IIIAA12IAAAAAIIIIIIIIIIIIIIIIIIIIIIIIIIIIIIIIIIA12IIIIIIIIIIIIII
IIIAA12IAAAAAIIIIA12IIIIIIIIIIIIIIIIIIIIIIIIIIIA12IIIIIIIIIIIIII
IIIAA12IAAAAA2IIIA12IIIIIIIIIIIIIIIIIIIIIIIIIIIA12IIIIIIIIIIIIII
IIIIIIIIIIIIAIIIIIIIIIIIIIIIIIIIIIIIIIIIIIIIIIIIIIIIIIIIIIIIIIII
IIIIIIIIIIIIIIIIIIIIIIIIIIIIIIIIIIIIIIIIIIIIIIIAIIIIIIIIIIIIIIII
IIIIIIIIIIIIIIIIIAIIIIIIIIIIIIIIIIIIIIIIIIIIIIIAIIIIIIIIIIIIIIII
IIIIIIIIA2IIIIIIIAIIIIIIIIIIIIIIIIIIIIIIIIIIIIIAIIIIIIIIIIIIIIII
IIIIA2IIA2IIIIIIIAIIIIIIIIIIIIIIIIIIIIIIIIIIIIIAIIIIIIIIIIIIIIII
IIIIA2IIAA2IIIIIIAIIIIIIIIIIIIIIIIIIIIIIIIIIIIIAIIIIIIIIIIIIIIII
IIIIA2IIAA2A2IIIIAIIIIIIIIIIIIIIIIIIIIIIIIIIIIIAIIIIIIIIIIIIIIII
IIIIA2IIAAAA2IIIIAIIIIIIIIIIIIIIIIIIIIIIIIIIIIIAIIIIIIIIIIIIIIII
IIIAA2IIAAAA2IIIIAIIIIIIIIIIIIIIIIIIIIIIIIIIIIIAIIIIIIIIIIIIIIII
IIIAA2IIAAAAA2IIIAIIIIIIIIIIIIIIIIIIIIIIIIIIIIIAIIIIIIIIIIIIIIII
IIIIIIIIIIIIA2IIIIIIIIIIIIIIIIIIIIIIIIIIIIIIIIIIIIIIIIIIIIIIIIII
IIIIIIIIIIIIA1IIIIIIIIIIIIIIIIIIIIIIIIIIIIIIIIIIIIIIIIIIIIIIIIII
IIIIIIIIAIIIA1IIIIIIIIIIIIIIIIIIIIIIIIIIIIIIIIIIIIIIIIIIIIIIIIII
IIIIAIIIAIIIA1IIIIIIIIIIIIIIIIIIIIIIIIIIIIIIIIIIIIIIIIIIIIIIIIII
IIIIAIIIAAIIA1IIIIIIIIIIIIIIIIIIIIIIIIIIIIIIIIIIIIIIIIIIIIIIIIII
IIIIAIIIAAIAA1IIIIIIIIIIIIIIIIIIIIIIIIIIIIIIIIIIIIIIIIIIIIIIIIII
IIIIAIIIAAAAA1IIIIIIIIIIIIIIIIIIIIIIIIIIIIIIIIIIIIIIIIIIIIIIIIII
IIIAAIIIAAAAA1IIIIIIIIIIIIIIIIIIIIIIIIIIIIIIIIIIIIIIIIIIIIIIIIII
IIIAAIIIAAAAA1IIIIIIIIIIIIIIIIIIIIIIIIIIIIIIIIIA12IIIIIIIIIIIIII
IIIAAIIIAAAAA1IIIA12IIIIIIIIIIIIIIIIIIIIIIIIIIIA12IIIIIIIIIIIIII
IIIAA12IAAAAA1IIIA12IIIIIIIIIIIIIIIIIIIIIIIIIIIA12IIIIIIIIIIIIII
IIIIIIIIIIIIIIIIIIIIIIIIIIIIIIIIIIIIIIIIIIIIIIIA1IIIIIIIIIIIIIII
IIIIIIIIIIIIIIIIIA1IIIIIIIIIIIIIIIIIIIIIIIIIIIIA1IIIIIIIIIIIIIII
IIIIIIIIA1IIIIIIIA1IIIIIIIIIIIIIIIIIIIIIIIIIIIIA1IIIIIIIIIIIIIII
IIIIA1IIA1IIIIIIIA1IIIIIIIIIIIIIIIIIIIIIIIIIIIIA1IIIIIIIIIIIIIII
IIIIA1IIAA1IIIIIIA1IIIIIIIIIIIIIIIIIIIIIIIIIIIIA1IIIIIIIIIIIIIII
IIIIA1IIAA1A1IIIIA1IIIIIIIIIIIIIIIIIIIIIIIIIIIIA1IIIIIIIIIIIIIII
IIIIA1IIAAAA1IIIIA1IIIIIIIIIIIIIIIIIIIIIIIIIIIIA1IIIIIIIIIIIIIII
IIIAA1IIAAAA1IIIIA1IIIIIIIIIIIIIIIIIIIIIIIIIIIIA1IIIIIIIIIIIIIII
IIIAA1IIAAAAA1IIIA1IIIIIIIIIIIIIIIIIIIIIIIIIIIIA1IIIIIIIIIIIIIII
IIIIIIIIIIIIIIIIIIIIIIIIIIIIIIIIIIIIIIIIIIIIIIIA1IIIIIIIIIIIIIII
IIIIIIIIIIIIIIIIIA1IIIIIIIIIIIIIIIIIIIIIIIIIIIIA1IIIIIIIIIIIIIII
IIIIIIIIAIIIIIIIIA1IIIIIIIIIIIIIIIIIIIIIIIIIIIIA1IIIIIIIIIIIIIII
IIIIAIIIAIIIIIIIIA1IIIIIIIIIIIIIIIIIIIIIIIIIIIIA1IIIIIIIIIIIIIII
IIIIAIIIAAIIIIIIIA1IIIIIIIIIIIIIIIIIIIIIIIIIIIIA1IIIIIIIIIIIIIII
IIIIAIIIAAIAIIIIIA1IIIIIIIIIIIIIIIIIIIIIIIIIIIIA1IIIIIIIIIIIIIII
IIIIAIIIAAAAIIIIIA1IIIIIIIIIIIIIIIIIIIIIIIIIIIIA1IIIIIIIIIIIIIII
IIIAAIIIAAAAIIIIIA1IIIIIIIIIIIIIIIIIIIIIIIIIIIIA1IIIIIIIIIIIIIII
IIIIIIIIIIIIA1IIIIIIIIIIIIIIIIIIIIIIIIIIIIIIIIIIIIIIIIIIIIIIIIII
IIIIIIIIAIIIIIIIIIIIIIIIIIIIIIIIIIIIIIIIIIIIIIIIIIIIIIIIIIIIIIII
IIIIAIIIAIIIIIIIIIIIIIIIIIIIIIIIIIIIIIIIIIIIIIIIIIIIIIIIIIIIIIII
IIIIAIIIAAIIIIIIIIIIIIIIIIIIIIIIIIIIIIIIIIIIIIIIIIIIIIIIIIIIIIII
IIIIAIIIAAIAIIIIIIIIIIIIIIIIIIIIIIIIIIIIIIIIIIIIIIIIIIIIIIIIIIII
IIIIAIIIAAAAIIIIIIIIIIIIIIIIIIIIIIIIIIIIIIIIIIIIIIIIIIIIIIIIIIII
IIIIAIIIAAAAI2IIIIIIIIIIIIIIIIIIIIIIIIIIIIIIIIIIIIIIIIIIIIIIIIII
IIIIA12IAAAAI2IIIIIIIIIIIIIIIIIIIIIIIIIIIIIIIIIIIIIIIIIIIIIIIIII
IIIAA122AAAAI2IIIIIIIIIIIIIIIIIIIIIIIIIIIIIIIIIIIIIIIIIIIIIIIIII
IIIIIIIIIIIIAIIIIIIIIIIIIIIIIIIIIIIIIIIIIIIIIIIIIIIIIIIIIIIIIIII
IIIIIIIIIIIIIIIIIIIIIIIIIIIIIIIIIIIIIIIIIIIIIIIAIIIIIIIIIIIIIIII
IIIIIIIIIIIIIIIIIAIIIIIIIIIIIIIIIIIIIIIIIIIIIIIAIIIIIIIIIIIIIIII
IIIIIIIIAIIIIIIIIAIIIIIIIIIIIIIIIIIIIIIIIIIIIIIAIIIIIIIIIIIIIIII
IIIIAIIIAIIIIIIIIAIIIIIIIIIIIIIIIIIIIIIIIIIIIIIAIIIIIIIIIIIIIIII
IIIIAIIIAAIIIIIIIAIIIIIIIIIIIIIIIIIIIIIIIIIIIIIAIIIIIIIIIIIIIIII
IIIIAIIIAAIAIIIIIAIIIIIIIIIIIIIIIIIIIIIIIIIIIIIAIIIIIIIIIIIIIIII
IIIIAIIIAAAAIIIIIAIIIIIIIIIIIIIIIIIIIIIIIIIIIIIAIIIIIIIIIIIIIIII
IIIAAIIIAAAAIIIIIAIIIIIIIIIIIIIIIIIIIIIIIIIIIIIAIIIIIIIIIIIIIIII
IIIIIIIIIIIIA2IIIIIIIIIIIIIIIIIIIIIIIIIIIIIIIIIIIIIIIIIIIIIIIIII
IIIIIIIIA1IIA2IIIIIIIIIIIIIIIIIIIIIIIIIIIIIIIIIIIIIIIIIIIIIIIIII
IIIIA1IIA1IIA2IIIIIIIIIIIIIIIIIIIIIIIIIIIIIIIIIIIIIIIIIIIIIIIIII
IIIIA1IIAA1IA2IIIIIIIIIIIIIIIIIIIIIIIIIIIIIIIIIIIIIIIIIIIIIIIIII
IIIIA1IIAA1AA2IIIIIIIIIIIIIIIIIIIIIIIIIIIIIIIIIIIIIIIIIIIIIIIIII
IIIIA1IIAAAAA2IIIIIIIIIIIIIIIIIIIIIIIIIIIIIIIIIIIIIIIIIIIIIIIIII
IIIAA1IIAAAAA2IIIIIIIIIIIIIIIIIIIIIIIIIIIIIIIIIIIIIIIIIIIIIIIIII
IIIIIIIIAIIIIIIIIIIIIIIIIIIIIIIIIIIIIIIIIIIIIIIIIIIIIIIIIIIIIIII
IIIIAIIIAIIIIIIIIIIIIIIIIIIIIIIIIIIIIIIIIIIIIIIIIIIIIIIIIIIIIIII
IIIIAIIIAAIIIIIIIIIIIIIIIIIIIIIIIIIIIIIIIIIIIIIIIIIIIIIIIIIIIIII
IIIIAIIIAAIAIIIIIIIIIIIIIIIIIIIIIIIIIIIIIIIIIIIIIIIIIIIIIIIIIIII
IIIIAIIIAAAAIIIIIIIIIIIIIIIIIIIIIIIIIIIIIIIIIIIIIIIIIIIIIIIIIIII
IIIAAIIIAAAAIIIIIIIIIIIIIIIIIIIIIIIIIIIIIIIIIIIIIIIIIIIIIIIIIIII
IIIAA2IIAAAAIIIIIIIIIIIIIIIIIIIIIIIIIIIIIIIIIIIIIIIIIIIIIIIIIIII
IIIAA2IIAAAAA2IIIIIIIIIIIIIIIIIIIIIIIIIIIIIIIIIIIIIIIIIIIIIIIIII
IIIAA2IIAAAAA2IIIIIIIIIIIIIIIIIIIIIIIIIIIIIIIIIA2IIIIIIIIIIIIIII
IIIAA2IIAAAAA2IIIA2IIIIIIIIIIIIIIIIIIIIIIIIIIIIA2IIIIIIIIIIIIIII
IIIAA1IIAAAAA2IIIA2IIIIIIIIIIIIIIIIIIIIIIIIIIIIA2IIIIIIIIIIIIIII
IIIIIIIIIIIIIIIIIIIIIIIIIIIIIIIIIIIIIIIIIIIIIIIA1IIIIIIIIIIIIIII
IIIIIIIIIIIIIIIIIA1IIIIIIIIIIIIIIIIIIIIIIIIIIIIA1IIIIIIIIIIIIIII
IIIIIIIIA1IIIIIIIA1IIIIIIIIIIIIIIIIIIIIIIIIIIIIA1IIIIIIIIIIIIIII
IIIIA1IIA1IIIIIIIA1IIIIIIIIIIIIIIIIIIIIIIIIIIIIA1IIIIIIIIIIIIIII
IIIIA1IIAA1IIIIIIA1IIIIIIIIIIIIIIIIIIIIIIIIIIIIA1IIIIIIIIIIIIIII
IIIIA1IIAA1A1IIIIA1IIIIIIIIIIIIIIIIIIIIIIIIIIIIA1IIIIIIIIIIIIIII
IIIIA1IIAAAA1IIIIA1IIIIIIIIIIIIIIIIIIIIIIIIIIIIA1IIIIIIIIIIIIIII
III2A1IIAAAA1IIIIA1IIIIIIIIIIIIIIIIIIIIIIIIIIIIA1IIIIIIIIIIIIIII
II2AA1IIAAAA1IIIIA1IIIIIIIIIIIIIIIIIIIIIIIIIIIIA1IIIIIIIIIIIIIII
II2AA1IIAAAAAIIIIA1IIIIIIIIIIIIIIIIIIIIIIIIIIIIA1IIIIIIIIIIIIIII
IIIIIIIIIIIIA2IIIIIIIIIIIIIIIIIIIIIIIIIIIIIIIIIIIIIIIIIIIIIIIIII
IIIIIIIIA2IIA2IIIIIIIIIIIIIIIIIIIIIIIIIIIIIIIIIIIIIIIIIIIIIIIIII
IIIIA2IIA2IIA2IIIIIIIIIIIIIIIIIIIIIIIIIIIIIIIIIIIIIIIIIIIIIIIIII
IIIIA2IIAA2IA2IIIIIIIIIIIIIIIIIIIIIIIIIIIIIIIIIIIIIIIIIIIIIIIIII
IIIIA2IIAA2AA2IIIIIIIIIIIIIIIIIIIIIIIIIIIIIIIIIIIIIIIIIIIIIIIIII
IIIIA2IIAAAAA2IIIIIIIIIIIIIIIIIIIIIIIIIIIIIIIIIIIIIIIIIIIIIIIIII
IIIAA2IIAAAAA2IIIIIIIIIIIIIIIIIIIIIIIIIIIIIIIIIIIIIIIIIIIIIIIIII
IIIAA1IIAAAAA2IIIIIIIIIIIIIIIIIIIIIIIIIIIIIIIIIIIIIIIIIIIIIIIIII
IIIIIIIIIIIIIIIIIIIIIIIIIIIIIIIIIIIIIIIIIIIIIIIA1IIIIIIIIIIIIIII
IIIIIIIIIIIIIIIIIA1IIIIIIIIIIIIIIIIIIIIIIIIIIIIA1IIIIIIIIIIIIIII
IIIIIIIIA1IIIIIIIA1IIIIIIIIIIIIIIIIIIIIIIIIIIIIA1IIIIIIIIIIIIIII
IIIIA1IIA1IIIIIIIA1IIIIIIIIIIIIIIIIIIIIIIIIIIIIA1IIIIIIIIIIIIIII
IIIIA1IIAA1IIIIIIA1IIIIIIIIIIIIIIIIIIIIIIIIIIIIA1IIIIIIIIIIIIIII
IIIIA1IIAA1A1IIIIA1IIIIIIIIIIIIIIIIIIIIIIIIIIIIA1IIIIIIIIIIIIIII
IIIIA1IIAAAA1IIIIA1IIIIIIIIIIIIIIIIIIIIIIIIIIIIA1IIIIIIIIIIIIIII
IIIAA1IIAAAA1IIIIA1IIIIIIIIIIIIIIIIIIIIIIIIIIIIA1IIIIIIIIIIIIIII
IIIAA1IIAAAAAIIIIA1IIIIIIIIIIIIIIIIIIIIIIIIIIIIA1IIIIIIIIIIIIIII
IIIIIIIIIIIIIIIIIIIIIIIIIIIIIIIIIIIIIIIIIIIIIIIAIIIIIIIIIIIIIIII
IIIIIIIIIIIIIIIIIAIIIIIIIIIIIIIIIIIIIIIIIIIIIIIAIIIIIIIIIIIIIIII
IIIIIIIIA2IIIIIIIAIIIIIIIIIIIIIIIIIIIIIIIIIIIIIAIIIIIIIIIIIIIIII
IIIIA2IIA2IIIIIIIAIIIIIIIIIIIIIIIIIIIIIIIIIIIIIAIIIIIIIIIIIIIIII
IIIIA2IIAA2IIIIIIAIIIIIIIIIIIIIIIIIIIIIIIIIIIIIAIIIIIIIIIIIIIIII
IIIIA2IIAAA2IIIIIAIIIIIIIIIIIIIIIIIIIIIIIIIIIIIAIIIIIIIIIIIIIIII
IIIIA2IIAAAA2IIIIAIIIIIIIIIIIIIIIIIIIIIIIIIIIIIAIIIIIIIIIIIIIIII
IIIAA2IIAAAA2IIIIAIIIIIIIIIIIIIIIIIIIIIIIIIIIIIAIIIIIIIIIIIIIIII
IIIAA2IIAAAA2IIIIAIIIIIIIIIIIIIIIIIIIIIIIIIIIIIA1IIIIIIIIIIIIIII
IIIAA2IIAAAAA1IIIAIIIIIIIIIIIIIIIIIIIIIIIIIIIIIA1IIIIIIIIIIIIIII
IIIAA2IIAAAAA1IIIA1IIIIIIIIIIIIIIIIIIIIIIIIIIIIA1IIIIIIIIIIIIIII
IIIAA1IIAAAAA1IIIA1IIIIIIIIIIIIIIIIIIIIIIIIIIIIA1IIIIIIIIIIIIIII
IIIIIIIIIIIIA1IIIIIIIIIIIIIIIIIIIIIIIIIIIIIIIIIIIIIIIIIIIIIIIIII
IIIIIIIIIIIIAIIIIIIIIIIIIIIIIIIIIIIIIIIIIIIIIIIIIIIIIIIIIIIIIIII
IIIIIIIIAIIIAIIIIIIIIIIIIIIIIIIIIIIIIIIIIIIIIIIIIIIIIIIIIIIIIIII
IIIIAIIIAIIIAIIIIIIIIIIIIIIIIIIIIIIIIIIIIIIIIIIIIIIIIIIIIIIIIIII
IIIIAIIIAAIIAIIIIIIIIIIIIIIIIIIIIIIIIIIIIIIIIIIIIIIIIIIIIIIIIIII
IIIIAIIIAAIAAIIIIIIIIIIIIIIIIIIIIIIIIIIIIIIIIIIIIIIIIIIIIIIIIIII
IIIIAIIIAAAAAIIIIIIIIIIIIIIIIIIIIIIIIIIIIIIIIIIIIIIIIIIIIIIIIIII
IIIAAIIIAAAAAIIIIIIIIIIIIIIIIIIIIIIIIIIIIIIIIIIIIIIIIIIIIIIIIIII
IIIIIIIIIIIIAIIIIIIIIIIIIIIIIIIIIIIIIIIIIIIIIIIIIIIIIIIIIIIIIIII
IIIIIIIIA1IIIIIIIIIIIIIIIIIIIIIIIIIIIIIIIIIIIIIIIIIIIIIIIIIIIIII
IIIIA1IIA1IIIIIIIIIIIIIIIIIIIIIIIIIIIIIIIIIIIIIIIIIIIIIIIIIIIIII
IIIIA1IIAA1IIIIIIIIIIIIIIIIIIIIIIIIIIIIIIIIIIIIIIIIIIIIIIIIIIIII
IIIIA1IIAA1A1IIIIIIIIIIIIIIIIIIIIIIIIIIIIIIIIIIIIIIIIIIIIIIIIIII
IIIIA1IIAAAA1IIIIIIIIIIIIIIIIIIIIIIIIIIIIIIIIIIIIIIIIIIIIIIIIIII
IIIAA1IIAAAA1IIIIIIIIIIIIIIIIIIIIIIIIIIIIIIIIIIIIIIIIIIIIIIIIIII
IIIIIIIIIIIIAIIIIIIIIIIIIIIIIIIIIIIIIIIIIIIIIIIIIIIIIIIIIIIIIIII
IIIIIIIIIIIIA1IIIIIIIIIIIIIIIIIIIIIIIIIIIIIIIIIIIIIIIIIIIIIIIIII
IIIIIIIIIIIIAIIIIIIIIIIIIIIIIIIIIIIIIIIIIIIIIIIIIIIIIIIIIIIIIIII
IIIIIIIIAIIIAIIIIIIIIIIIIIIIIIIIIIIIIIIIIIIIIIIIIIIIIIIIIIIIIIII
IIIIAIIIAIIIAIIIIIIIIIIIIIIIIIIIIIIIIIIIIIIIIIIIIIIIIIIIIIIIIIII
IIIIAIIIAAIIAIIIIIIIIIIIIIIIIIIIIIIIIIIIIIIIIIIIIIIIIIIIIIIIIIII
IIIIAIIIAAIAAIIIIIIIIIIIIIIIIIIIIIIIIIIIIIIIIIIIIIIIIIIIIIIIIIII
IIIIAIIIAAAAAIIIIIIIIIIIIIIIIIIIIIIIIIIIIIIIIIIIIIIIIIIIIIIIIIII
IIIAAIIIAAAAAIIIIIIIIIIIIIIIIIIIIIIIIIIIIIIIIIIIIIIIIIIIIIIIIIII
IIIAA2IIAAAAAIIIIIIIIIIIIIIIIIIIIIIIIIIIIIIIIIIIIIIIIIIIIIIIIIII
IIIIIIIIIIIIA2IIIIIIIIIIIIIIIIIIIIIIIIIIIIIIIIIIIIIIIIIIIIIIIIII
IIIIIIIIIIIIA1IIIIIIIIIIIIIIIIIIIIIIIIIIIIIIIIIIIIIIIIIIIIIIIIII
IIIIIIIIAIIIA1IIIIIIIIIIIIIIIIIIIIIIIIIIIIIIIIIIIIIIIIIIIIIIIIII
IIIIAIIIAIIIA1IIIIIIIIIIIIIIIIIIIIIIIIIIIIIIIIIIIIIIIIIIIIIIIIII
IIIIAIIIAAIIA1IIIIIIIIIIIIIIIIIIIIIIIIIIIIIIIIIIIIIIIIIIIIIIIIII
IIIIAIIIAAIAA1IIIIIIIIIIIIIIIIIIIIIIIIIIIIIIIIIIIIIIIIIIIIIIIIII
IIIIAIIIAAAAA1IIIIIIIIIIIIIIIIIIIIIIIIIIIIIIIIIIIIIIIIIIIIIIIIII
IIIIIIIIA12IIIIIIIIIIIIIIIIIIIIIIIIIIIIIIIIIIIIIIIIIIIIIIIIIIIII
IIIIA12IA12IIIIIIIIIIIIIIIIIIIIIIIIIIIIIIIIIIIIIIIIIIIIIIIIIIIII
IIIIA12IAA12IIIIIIIIIIIIIIIIIIIIIIIIIIIIIIIIIIIIIIIIIIIIIIIIIIII
IIIIA12IAA1A12IIIIIIIIIIIIIIIIIIIIIIIIIIIIIIIIIIIIIIIIIIIIIIIIII
IIIIA12IAAAA12IIIIIIIIIIIIIIIIIIIIIIIIIIIIIIIIIIIIIIIIIIIIIIIIII
IIIIIIIIIA2IIIIIIIIIIIIIIIIIIIIIIIIIIIIIIIIIIIIIIIIIIIIIIIIIIIII
IIIIA2IIIA2IIIIIIIIIIIIIIIIIIIIIIIIIIIIIIIIIIIIIIIIIIIIIIIIIIIII
IIIAA2IIIA2IIIIIIIIIIIIIIIIIIIIIIIIIIIIIIIIIIIIIIIIIIIIIIIIIIIII
IIIAA2IIAA2IIIIIIIIIIIIIIIIIIIIIIIIIIIIIIIIIIIIIIIIIIIIIIIIIIIII
IIIAA2IIAA2A2IIIIIIIIIIIIIIIIIIIIIIIIIIIIIIIIIIIIIIIIIIIIIIIIIII
IIIAA2IIAAAA2IIIIIIIIIIIIIIIIIIIIIIIIIIIIIIIIIIIIIIIIIIIIIIIIIII
IIIAA1IIAAAA2IIIIIIIIIIIIIIIIIIIIIIIIIIIIIIIIIIIIIIIIIIIIIIIIIII
IIIAA1IIAAAA1IIIIIIIIIIIIIIIIIIIIIIIIIIIIIIIIIIIIIIIIIIIIIIIIIII
IIIAA1IIAAAAA2IIIIIIIIIIIIIIIIIIIIIIIIIIIIIIIIIIIIIIIIIIIIIIIIII
IIIIIIIIIIIIIA2IIIIIIIIIIIIIIIIIIIIIIIIIIIIIIIIIIIIIIIIIIIIIIIII
IIIIIIIIIIIIIA2IIIIIIIIIIIIIIIIIIIIIIIIIIIIIIIIA2IIIIIIIIIIIIIII
IIIIIIIIIIIIIA2IIA2IIIIIIIIIIIIIIIIIIIIIIIIIIIIA2IIIIIIIIIIIIIII
IIIIIIIIA2IIIA2IIA2IIIIIIIIIIIIIIIIIIIIIIIIIIIIA2IIIIIIIIIIIIIII
IIIIA2IIA2IIIA2IIA2IIIIIIIIIIIIIIIIIIIIIIIIIIIIA2IIIIIIIIIIIIIII
IIIIA2IIAA2IIA2IIA2IIIIIIIIIIIIIIIIIIIIIIIIIIIIA2IIIIIIIIIIIIIII
IIIIA2IIAA2A2A2IIA2IIIIIIIIIIIIIIIIIIIIIIIIIIIIA2IIIIIIIIIIIIIII
IIIIA2IIAAAA2A2IIA2IIIIIIIIIIIIIIIIIIIIIIIIIIIIA2IIIIIIIIIIIIIII
IIIAA2IIAAAA2A2IIA2IIIIIIIIIIIIIIIIIIIIIIIIIIIIA2IIIIIIIIIIIIIII
IIIAA2IIAAAAAA2IIA2IIIIIIIIIIIIIIIIIIIIIIIIIIIIA2IIIIIIIIIIIIIII
IIIAA2IIAAAAAA2IIA2A2IIIIIIIIIIIIIIIIIIIIIIIIIIA2IIIIIIIIIIIIIII
IIIAA1IIAAAAAA2IIA2A2IIIIIIIIIIIIIIIIIIIIIIIIIIA2IIIIIIIIIIIIIII
IIIIIIIIIIIIAI2IIIIIIIIIIIIIIIIIIIIIIIIIIIIIIIIIIIIIIIIIIIIIIIII
IIIIIIIIIIIIIIIIIIIIIIIIIIIIIIIIIIIIIIIIIIIIIIIA1I2IIIIIIIIIIIII
IIIIIIIIIIIIIIIIIA1I2IIIIIIIIIIIIIIIIIIIIIIIIIIA1I2IIIIIIIIIIIII
IIIIIIIIIIIIA1I2IA1I2IIIIIIIIIIIIIIIIIIIIIIIIIIA1I2IIIIIIIIIIIII
IIIIIIIIA1I2A1I2IA1I2IIIIIIIIIIIIIIIIIIIIIIIIIIA1I2IIIIIIIIIIIII
IIIIA1I2A1I2A1I2IA1I2IIIIIIIIIIIIIIIIIIIIIIIIIIA1I2IIIIIIIIIIIII
IIIIA1I2AA12A1I2IA1I2IIIIIIIIIIIIIIIIIIIIIIIIIIA1I2IIIIIIIIIIIII
IIIIA1I2AA1AA122IA1I2IIIIIIIIIIIIIIIIIIIIIIIIIIA1I2IIIIIIIIIIIII
IIIIA1I2AAAAA122IA1I2IIIIIIIIIIIIIIIIIIIIIIIIIIA1I2IIIIIIIIIIIII
IIIAA122AAAAA122IA1I2IIIIIIIIIIIIIIIIIIIIIIIIIIA1I2IIIIIIIIIIIII
IIIIIIIIA1IIIIIIIIIIIIIIIIIIIIIIIIIIIIIIIIIIIIIIIIIIIIIIIIIIIIII
IIIIA1IIA1IIIIIIIIIIIIIIIIIIIIIIIIIIIIIIIIIIIIIIIIIIIIIIIIIIIIII
IIIIA1IIAA1IIIIIIIIIIIIIIIIIIIIIIIIIIIIIIIIIIIIIIIIIIIIIIIIIIIII
IIIIA1IIAA1A1IIIIIIIIIIIIIIIIIIIIIIIIIIIIIIIIIIIIIIIIIIIIIIIIIII
IIIIA1IIAAAA1IIIIIIIIIIIIIIIIIIIIIIIIIIIIIIIIIIIIIIIIIIIIIIIIIII
IIIAA1IIAAAA1IIIIIIIIIIIIIIIIIIIIIIIIIIIIIIIIIIIIIIIIIIIIIIIIIII
IIIIIIIIIIIIAIIIIIIIIIIIIIIIIIIIIIIIIIIIIIIIIIIIIIIIIIIIIIIIIIII
IIIIIIIIIIIIA2IIIIIIIIIIIIIIIIIIIIIIIIIIIIIIIIIIIIIIIIIIIIIIIIII
IIIIIIIIA1IIIIIIIIIIIIIIIIIIIIIIIIIIIIIIIIIIIIIIIIIIIIIIIIIIIIII
IIIIA1IIA1IIIIIIIIIIIIIIIIIIIIIIIIIIIIIIIIIIIIIIIIIIIIIIIIIIIIII
IIIIA1IIAA1IIIIIIIIIIIIIIIIIIIIIIIIIIIIIIIIIIIIIIIIIIIIIIIIIIIII
IIIIA1IIAA1A1IIIIIIIIIIIIIIIIIIIIIIIIIIIIIIIIIIIIIIIIIIIIIIIIIII
IIIIA1IIAAAA1IIIIIIIIIIIIIIIIIIIIIIIIIIIIIIIIIIIIIIIIIIIIIIIIIII
IIIAA1IIAAAA1IIIIIIIIIIIIIIIIIIIIIIIIIIIIIIIIIIIIIIIIIIIIIIIIIII
IIIAA1IIAAAAAIIIIIIIIIIIIIIIIIIIIIIIIIIIIIIIIIIIIIIIIIIIIIIIIIII
IIIIIIIIIIIIIIIIIIIIIIIIIIIIIIIIIIIIIIIIIIIIIIIA2IIIIIIIIIIIIIII
IIIIIIIIIIIIIIIIIA2IIIIIIIIIIIIIIIIIIIIIIIIIIIIA2IIIIIIIIIIIIIII
IIIIIIIIA2IIIIIIIA2IIIIIIIIIIIIIIIIIIIIIIIIIIIIA2IIIIIIIIIIIIIII
IIIIA2IIA2IIIIIIIA2IIIIIIIIIIIIIIIIIIIIIIIIIIIIA2IIIIIIIIIIIIIII
IIIIA2IIAA2IIIIIIA2IIIIIIIIIIIIIIIIIIIIIIIIIIIIA2IIIIIIIIIIIIIII
IIIIA2IIAA2A2IIIIA2IIIIIIIIIIIIIIIIIIIIIIIIIIIIA2IIIIIIIIIIIIIII
IIIIA2IIAAAA2IIIIA2IIIIIIIIIIIIIIIIIIIIIIIIIIIIA2IIIIIIIIIIIIIII
IIIAA2IIAAAA2IIIIA2IIIIIIIIIIIIIIIIIIIIIIIIIIIIA2IIIIIIIIIIIIIII
IIIAA2IIAAAAA1IIIA2IIIIIIIIIIIIIIIIIIIIIIIIIIIIA2IIIIIIIIIIIIIII
IIIAA2IIAAAAA1IIIA2IIIIIIIIIIIIIIIIIIIIIIIIIIIIA1IIIIIIIIIIIIIII
IIIAA2IIAAAAA1IIIA1IIIIIIIIIIIIIIIIIIIIIIIIIIIIA1IIIIIIIIIIIIIII
IIIAA1IIAAAAA1IIIA1IIIIIIIIIIIIIIIIIIIIIIIIIIIIA1IIIIIIIIIIIIIII
IIIIIIIIIIIIAIIIIIIIIIIIIIIIIIIIIIIIIIIIIIIIIIIIIIIIIIIIIIIIIIII
IIIIIIIIIIIIIIIIIIIIIIIIIIIIIIIIIIIIIIIIIIIIIIIAIIIIIIIIIIIIIIII
IIIIIIIIIIIIIIIIIAIIIIIIIIIIIIIIIIIIIIIIIIIIIIIAIIIIIIIIIIIIIIII
IIIIIIIIA2IIIIIIIAIIIIIIIIIIIIIIIIIIIIIIIIIIIIIAIIIIIIIIIIIIIIII
IIIIA2IIA2IIIIIIIAIIIIIIIIIIIIIIIIIIIIIIIIIIIIIAIIIIIIIIIIIIIIII
IIIIA2IIAA2IIIIIIAIIIIIIIIIIIIIIIIIIIIIIIIIIIIIAIIIIIIIIIIIIIIII
IIIIA2IIAA2A2IIIIAIIIIIIIIIIIIIIIIIIIIIIIIIIIIIAIIIIIIIIIIIIIIII
IIIIA2IIAAAA2IIIIAIIIIIIIIIIIIIIIIIIIIIIIIIIIIIAIIIIIIIIIIIIIIII
IIIAA2IIAAAA2IIIIAIIIIIIIIIIIIIIIIIIIIIIIIIIIIIAIIIIIIIIIIIIIIII
IIIAA2IIAAAAA2IIIAIIIIIIIIIIIIIIIIIIIIIIIIIIIIIAIIIIIIIIIIIIIIII
IIIAA2IIAAAAA2IIIAIIIIIIIIIIIIIIIIIIIIIIIIIIIIIA2IIIIIIIIIIIIIII
IIIAA2IIAAAAA2IIIA2IIIIIIIIIIIIIIIIIIIIIIIIIIIIA2IIIIIIIIIIIIIII
IIIAA2IIAAAAA2IIIA2IIIIIIIIIIIIIIIIIIIIIIIIIIIIA1IIIIIIIIIIIIIII
IIIAA2IIAAAAA2IIIA1IIIIIIIIIIIIIIIIIIIIIIIIIIIIA1IIIIIIIIIIIIIII
IIIAA1IIAAAAA2IIIA1IIIIIIIIIIIIIIIIIIIIIIIIIIIIA1IIIIIIIIIIIIIII
IIIIIIIIIIIIIIIIIIIIIIIIIIIIIIIIIIIIIIIIIIIIIIIAIIIIIIIIIIIIIIII
IIIIIIIIIIIIIIIIIAIIIIIIIIIIIIIIIIIIIIIIIIIIIIIAIIIIIIIIIIIIIIII
IIIIIIIIAIIIIIIIIAIIIIIIIIIIIIIIIIIIIIIIIIIIIIIAIIIIIIIIIIIIIIII
IIIIAIIIAIIIIIIIIAIIIIIIIIIIIIIIIIIIIIIIIIIIIIIAIIIIIIIIIIIIIIII
IIIIAIIIAAIIIIIIIAIIIIIIIIIIIIIIIIIIIIIIIIIIIIIAIIIIIIIIIIIIIIII
IIIIAIIIAAIAIIIIIAIIIIIIIIIIIIIIIIIIIIIIIIIIIIIAIIIIIIIIIIIIIIII
IIIIAIIIAAAAIIIIIAIIIIIIIIIIIIIIIIIIIIIIIIIIIIIAIIIIIIIIIIIIIIII
IIIAAIIIAAAAIIIIIAIIIIIIIIIIIIIIIIIIIIIIIIIIIIIAIIIIIIIIIIIIIIII
IIIAAIIIAAAAAIIIIAIIIIIIIIIIIIIIIIIIIIIIIIIIIIIAIIIIIIIIIIIIIIII
IIIIIIIIIIIIIIIIIIIIIIIIIIIIIIIIIIIIIIIIIIIIIIIA1IIIIIIIIIIIIIII
IIIIIIIIIIIIIIIIIA1IIIIIIIIIIIIIIIIIIIIIIIIIIIIA1IIIIIIIIIIIIIII
IIIIIIIIA1IIIIIIIA1IIIIIIIIIIIIIIIIIIIIIIIIIIIIA1IIIIIIIIIIIIIII
IIIIA1IIA1IIIIIIIA1IIIIIIIIIIIIIIIIIIIIIIIIIIIIA1IIIIIIIIIIIIIII
IIIIA1IIAA1IIIIIIA1IIIIIIIIIIIIIIIIIIIIIIIIIIIIA1IIIIIIIIIIIIIII
IIIIA1IIAA1A1IIIIA1IIIIIIIIIIIIIIIIIIIIIIIIIIIIA1IIIIIIIIIIIIIII
IIIIA1IIAAAA1IIIIA1IIIIIIIIIIIIIIIIIIIIIIIIIIIIA1IIIIIIIIIIIIIII
IIIAA1IIAAAA1IIIIA1IIIIIIIIIIIIIIIIIIIIIIIIIIIIA1IIIIIIIIIIIIIII
IIIIIIIIIIIIIIIIIIIIIIIIIIIIIIIIIIIIIIIIIIIIIIIA1IIIIIIIIIIIIIII
IIIIIIIIIIIIIIIIIA1IIIIIIIIIIIIIIIIIIIIIIIIIIIIA1IIIIIIIIIIIIIII
IIIIIIIIIIIIIIII2A1IIIIIIIIIIIIIIIIIIIIIIIIIIIIA1IIIIIIIIIIIIIII
IIIIIIIIIIIIIIII2A1IIIIIIIIIIIIIIIIIIIIIIIIIII2A1IIIIIIIIIIIIIII
IIIIIII2AIIIIIII2A1IIIIIIIIIIIIIIIIIIIIIIIIIII2A1IIIIIIIIIIIIIII
III2AII2AIIIIIII2A1IIIIIIIIIIIIIIIIIIIIIIIIIII2A1IIIIIIIIIIIIIII
III2AII2AAIIIIII2A1IIIIIIIIIIIIIIIIIIIIIIIIIII2A1IIIIIIIIIIIIIII
III2AII2AA2AIIII2A1IIIIIIIIIIIIIIIIIIIIIIIIIII2A1IIIIIIIIIIIIIII
III2AII2AAAAIIII2A1IIIIIIIIIIIIIIIIIIIIIIIIIII2A1IIIIIIIIIIIIIII
II2AAII2AAAAIIII2A1IIIIIIIIIIIIIIIIIIIIIIIIIII2A1IIIIIIIIIIIIIII
IIIIIIIIIIIIA1IIIIIIIIIIIIIIIIIIIIIIIIIIIIIIIIIIIIIIIIIIIIIIIIII
IIIIIIIIIIIIIIIIIIIIIIIIIIIIIIIIIIIIIIIIIIIIIIIA1IIIIIIIIIIIIIII
IIIIIIIIIIIIIIIIIA1IIIIIIIIIIIIIIIIIIIIIIIIIIIIA1IIIIIIIIIIIIIII
IIIIIIIIA1IIIIIIIA1IIIIIIIIIIIIIIIIIIIIIIIIIIIIA1IIIIIIIIIIIIIII
IIIIA1IIA1IIIIIIIA1IIIIIIIIIIIIIIIIIIIIIIIIIIIIA1IIIIIIIIIIIIIII
IIIIA1IIAA1IIIIIIA1IIIIIIIIIIIIIIIIIIIIIIIIIIIIA1IIIIIIIIIIIIIII
IIIIA1IIAA1A1IIIIA1IIIIIIIIIIIIIIIIIIIIIIIIIIIIA1IIIIIIIIIIIIIII
IIIIA1IIAAAA1IIIIA1IIIIIIIIIIIIIIIIIIIIIIIIIIIIA1IIIIIIIIIIIIIII
IIIAA1IIAAAA1IIIIA1IIIIIIIIIIIIIIIIIIIIIIIIIIIIA1IIIIIIIIIIIIIII
IIIIIIIIIIIIIIIIIIIIIIIIIIIIIIIIIIIIIIIIIIIIIIIAIIIIIIIIIIIIIIII
IIIIIIIIIIIIAIIIIIIIIIIIIIIIIIIIIIIIIIIIIIIIIIIAIIIIIIIIIIIIIIII
IIIIIIIIIIIIAIIIIAIIIIIIIIIIIIIIIIIIIIIIIIIIIIIAIIIIIIIIIIIIIIII
IIIIIIIIAIIIAIIIIAIIIIIIIIIIIIIIIIIIIIIIIIIIIIIAIIIIIIIIIIIIIIII
IIIIAIIIAIIIAIIIIAIIIIIIIIIIIIIIIIIIIIIIIIIIIIIAIIIIIIIIIIIIIIII
IIIIAIIIAAIIAIIIIAIIIIIIIIIIIIIIIIIIIIIIIIIIIIIAIIIIIIIIIIIIIIII
IIIIAIIIAAIAAIIIIAIIIIIIIIIIIIIIIIIIIIIIIIIIIIIAIIIIIIIIIIIIIIII
IIIIAIIIAAAAAIIIIAIIIIIIIIIIIIIIIIIIIIIIIIIIIIIAIIIIIIIIIIIIIIII
IIIAAIIIAAAAAIIIIAIIIIIIIIIIIIIIIIIIIIIIIIIIIIIAIIIIIIIIIIIIIIII
IIIIIIIIIIIIA1IIIIIIIIIIIIIIIIIIIIIIIIIIIIIIIIIIIIIIIIIIIIIIIIII
IIIIIIIIIIIIIIIIIIIIIIIIIIIIIIIIIIIIIIIIIIIIIIIA1IIIIIIIIIIIIIII
IIIIIIIIIIIIIIIIIA1IIIIIIIIIIIIIIIIIIIIIIIIIIIIA1IIIIIIIIIIIIIII
IIIIIIIIAIIIIIIIIA1IIIIIIIIIIIIIIIIIIIIIIIIIIIIA1IIIIIIIIIIIIIII
IIIIAIIIAIIIIIIIIA1IIIIIIIIIIIIIIIIIIIIIIIIIIIIA1IIIIIIIIIIIIIII
IIIIAIIIAAIIIIIIIA1IIIIIIIIIIIIIIIIIIIIIIIIIIIIA1IIIIIIIIIIIIIII
IIIIAIIIAAIAIIIIIA1IIIIIIIIIIIIIIIIIIIIIIIIIIIIA1IIIIIIIIIIIIIII
IIIIAIIIAAAAIIIIIA1IIIIIIIIIIIIIIIIIIIIIIIIIIIIA1IIIIIIIIIIIIIII
IIIAAIIIAAAAIIIIIA1IIIIIIIIIIIIIIIIIIIIIIIIIIIIA1IIIIIIIIIIIIIII
IIIIIIIIIIIIA1IIIIIIIIIIIIIIIIIIIIIIIIIIIIIIIIIIIIIIIIIIIIIIIIII
IIIIIIIIA1IIA1IIIIIIIIIIIIIIIIIIIIIIIIIIIIIIIIIIIIIIIIIIIIIIIIII
IIIIA1IIA1IIA1IIIIIIIIIIIIIIIIIIIIIIIIIIIIIIIIIIIIIIIIIIIIIIIIII
IIIIA1IIAA1IA1IIIIIIIIIIIIIIIIIIIIIIIIIIIIIIIIIIIIIIIIIIIIIIIIII
IIIIA1IIAA1AA1IIIIIIIIIIIIIIIIIIIIIIIIIIIIIIIIIIIIIIIIIIIIIIIIII
IIIIA1IIAAAAA1IIIIIIIIIIIIIIIIIIIIIIIIIIIIIIIIIIIIIIIIIIIIIIIIII
IIIAA1IIAAAAA1IIIIIIIIIIIIIIIIIIIIIIIIIIIIIIIIIIIIIIIIIIIIIIIIII
IIIIIIIIIIIIAIIIIIIIIIIIIIIIIIIIIIIIIIIIIIIIIIIIIIIIIIIIIIIIIIII
IIIIIIIIIIIIAIIIIIIIIIIIIIIIIIIIIIIIIIIIIIIIIIIA1IIIIIIIIIIIIIII
IIIIIIIIIIIIAIIIIA1IIIIIIIIIIIIIIIIIIIIIIIIIIIIA1IIIIIIIIIIIIIII
IIIIIIIIA1IIAIIIIA1IIIIIIIIIIIIIIIIIIIIIIIIIIIIA1IIIIIIIIIIIIIII
IIIIA1IIA1IIAIIIIA1IIIIIIIIIIIIIIIIIIIIIIIIIIIIA1IIIIIIIIIIIIIII
IIIIA1IIAA1IAIIIIA1IIIIIIIIIIIIIIIIIIIIIIIIIIIIA1IIIIIIIIIIIIIII
IIIIA1IIAA1AAIIIIA1IIIIIIIIIIIIIIIIIIIIIIIIIIIIA1IIIIIIIIIIIIIII
IIIIA1IIAAAAAIIIIA1IIIIIIIIIIIIIIIIIIIIIIIIIIIIA1IIIIIIIIIIIIIII
IIIAA1IIAAAAAIIIIA1IIIIIIIIIIIIIIIIIIIIIIIIIIIIA1IIIIIIIIIIIIIII
IIIIIIIIIII2AIIIIIIIIIIIIIIIIIIIIIIIIIIIIIIIIIIIIIIIIIIIIIIIIIII
IIIIIIIIA1I2AIIIIIIIIIIIIIIIIIIIIIIIIIIIIIIIIIIIIIIIIIIIIIIIIIII
IIIIA1IIA1I2AIIIIIIIIIIIIIIIIIIIIIIIIIIIIIIIIIIIIIIIIIIIIIIIIIII
IIIIA1IIAA12AIIIIIIIIIIIIIIIIIIIIIIIIIIIIIIIIIIIIIIIIIIIIIIIIIII
IIIIA1IIAA1AAIIIIIIIIIIIIIIIIIIIIIIIIIIIIIIIIIIIIIIIIIIIIIIIIIII
IIIIA1IIAAAAAIIIIIIIIIIIIIIIIIIIIIIIIIIIIIIIIIIIIIIIIIIIIIIIIIII
IIIAA1IIAAAAAIIIIIIIIIIIIIIIIIIIIIIIIIIIIIIIIIIIIIIIIIIIIIIIIIII
IIIIIIIIIIIIAIIIIIIIIIIIIIIIIIIIIIIIIIIIIIIIIIIIIIIIIIIIIIIIIIII
IIIIIIIIA1IIIIIIIIIIIIIIIIIIIIIIIIIIIIIIIIIIIIIIIIIIIIIIIIIIIIII
IIIIA1IIA1IIIIIIIIIIIIIIIIIIIIIIIIIIIIIIIIIIIIIIIIIIIIIIIIIIIIII
IIIIA1IIAA1IIIIIIIIIIIIIIIIIIIIIIIIIIIIIIIIIIIIIIIIIIIIIIIIIIIII
IIIIA1IIAA1A1IIIIIIIIIIIIIIIIIIIIIIIIIIIIIIIIIIIIIIIIIIIIIIIIIII
IIIIA1IIAAAA1IIIIIIIIIIIIIIIIIIIIIIIIIIIIIIIIIIIIIIIIIIIIIIIIIII
IIIAA1IIAAAA1IIIIIIIIIIIIIIIIIIIIIIIIIIIIIIIIIIIIIIIIIIIIIIIIIII
IIIIIIIIIIIIAIIIIIIIIIIIIIIIIIIIIIIIIIIIIIIIIIIIIIIIIIIIIIIIIIII
IIIIIIIIAIIIAIIIIIIIIIIIIIIIIIIIIIIIIIIIIIIIIIIIIIIIIIIIIIIIIIII
IIIIAIIIAIIIAIIIIIIIIIIIIIIIIIIIIIIIIIIIIIIIIIIIIIIIIIIIIIIIIIII
IIIIAIIIAA1IAIIIIIIIIIIIIIIIIIIIIIIIIIIIIIIIIIIIIIIIIIIIIIIIIIII
IIIIAIIIAA1AAIIIIIIIIIIIIIIIIIIIIIIIIIIIIIIIIIIIIIIIIIIIIIIIIIII
IIIIAIIIAAAAAIIIIIIIIIIIIIIIIIIIIIIIIIIIIIIIIIIIIIIIIIIIIIIIIIII
IIIIA1IIAAAAAIIIIIIIIIIIIIIIIIIIIIIIIIIIIIIIIIIIIIIIIIIIIIIIIIII
IIIAA1IIAAAAAIIIIIIIIIIIIIIIIIIIIIIIIIIIIIIIIIIIIIIIIIIIIIIIIIII
IIIIIIIIIIIIIIIIIIIIIIIIIIIIIIIIIIIIIIIIIIIIIIIAIIIIIIIIIIIIIIII
IIIIIIIIIIIIAIIIIIIIIIIIIIIIIIIIIIIIIIIIIIIIIIIAIIIIIIIIIIIIIIII
IIIIIIIIIIIIAIIIIAIIIIIIIIIIIIIIIIIIIIIIIIIIIIIAIIIIIIIIIIIIIIII
IIIIIIIIAIIIAIIIIAIIIIIIIIIIIIIIIIIIIIIIIIIIIIIAIIIIIIIIIIIIIIII
IIIIAIIIAIIIAIIIIAIIIIIIIIIIIIIIIIIIIIIIIIIIIIIAIIIIIIIIIIIIIIII
IIIIAIIIAAIIAIIIIAIIIIIIIIIIIIIIIIIIIIIIIIIIIIIAIIIIIIIIIIIIIIII
IIIIAIIIAAIAAIIIIAIIIIIIIIIIIIIIIIIIIIIIIIIIIIIAIIIIIIIIIIIIIIII
IIIIAIIIAAAAAIIIIAIIIIIIIIIIIIIIIIIIIIIIIIIIIIIAIIIIIIIIIIIIIIII
IIIAAIIIAAAAAIIIIAIIIIIIIIIIIIIIIIIIIIIIIIIIIIIAIIIIIIIIIIIIIIII
IIIIIIIIIIIIIIIIIIIIIIIIIIIIIIIIIIIIIIIIIIIIIIIA1IIIIIIIIIIIIIII
IIIIIIIIIIIIIIIIIA1IIIIIIIIIIIIIIIIIIIIIIIIIIIIA1IIIIIIIIIIIIIII
IIIIIIIIA1IIIIIIIA1IIIIIIIIIIIIIIIIIIIIIIIIIIIIA1IIIIIIIIIIIIIII
IIIIA1IIA1IIIIIIIA1IIIIIIIIIIIIIIIIIIIIIIIIIIIIA1IIIIIIIIIIIIIII
IIIIA1IIAA1IIIIIIA1IIIIIIIIIIIIIIIIIIIIIIIIIIIIA1IIIIIIIIIIIIIII
IIIIA1IIAA1A1IIIIA1IIIIIIIIIIIIIIIIIIIIIIIIIIIIA1IIIIIIIIIIIIIII
IIIIA1IIAAAA1IIIIA1IIIIIIIIIIIIIIIIIIIIIIIIIIIIA1IIIIIIIIIIIIIII
IIIIIIIIIIIIA2IIIIIIIIIIIIIIIIIIIIIIIIIIIIIIIIIIIIIIIIIIIIIIIIII
IIIIIIIIIIIIAII1I222I2IIIIIIIIIIIIIIIIIIIIIIIIIIIIIIIIIIIIIIIIII
IIIIIIIIIIIIA1I11IIIIIIIIIIIIIIIIIIIIIIIIIIIIIIIIIIIIIIIIIIIIIII
IIIIIIIIIII2A2IIIIIIIIIIIIIIIIIIIIIIIIIIIIIIIIIIIIIIIIIIIIIIIIII
IIIIIIIIIIIIA1II1I11I1IIIIIIIIIIIIIIIIIIIIIIIIIIIIIIIIIIIIIIIIII
IIIIIIIIIIIIAI22I2IIIIIIIIIIIIIIIIIIIIIIIIIIIIIIIIIIIIIIIIIIIIII
IIIIIIIIIIAIA222I2IIIIIIIIIIIIIIIIIIIIIIIIIIIIIIIIIIIIIIIIIIIIII
IIIIIIIIIIAAA22222IIIIIIIIIIIIIIIIIIIIIIIIIIIIIIIIIIIIIIIIIIIIII
IIIIIIIIIIIIAI22I2IIIIIIIIIIIIIIIIIIIIIIIIIIIIIIIIIIIIIIIIIIIIII
IIIIIIIIIIIIA11I11222IIIIIIIIIIIIIIIIIIIIIIIIIIIIIIIIIIIIIIIIIII
IIIIIIIIIIIIA11I112222IIIII2IIIIIIIIIIIIIIIIIIIIIIIIIIIIIIIIIIII
IIIIIIIIIIIIA11I112222IIIIIIIIIIIIIIIIIIIIIIIIIIIIIIIIIIIIIIIIII
IIIIIIIIIIIIA11I112222IIIII2IIIIIIIIIIIIIIIIIIIIIIIIIIIIIIIIIIII
IIIIIIIIIII2AIIIIIIIIIIIIIIIIIIIIIIIIIIIIIIIIIIIIIIIIIIIIIIIIIII
IIIIIIIIA1IIIIIIIIIIIIIIIIIIIIIIIIIIIIIIIIIIIIIIIIIIIIIIIIIIIIII
IIIIA1IIA1IIIIIIIIIIIIIIIIIIIIIIIIIIIIIIIIIIIIIIIIIIIIIIIIIIIIII
IIIIA1IIAA1IIIIIIIIIIIIIIIIIIIIIIIIIIIIIIIIIIIIIIIIIIIIIIIIIIIII
IIIIA1IIAA1A1IIIIIIIIIIIIIIIIIIIIIIIIIIIIIIIIIIIIIIIIIIIIIIIIIII
IIIIA1IIAAAA1IIIIIIIIIIIIIIIIIIIIIIIIIIIIIIIIIIIIIIIIIIIIIIIIIII
IIIAA1IIAAAA1IIIIIIIIIIIIIIIIIIIIIIIIIIIIIIIIIIIIIIIIIIIIIIIIIII
IIIAA1IIAAAAAIIIIIIIIIIIIIIIIIIIIIIIIIIIIIIIIIIIIIIIIIIIIIIIIIII
IIIAA1IIAAAAAIIIIIIIIIIIIIIIIIIIIIIIIIIIIIIIIIIAIIIIIIIIIIIIIIII
IIIAA1IIAAAAAIIIIAIIIIIIIIIIIIIIIIIIIIIIIIIIIIIAIIIIIIIIIIIIIIII
IIIAA1IIAAAAAIIIIAIIIIIIIIIIIIIIIIIIIIIIIIIIIIIA2IIIIIIIIIIIIIII
IIIAA1IIAAAAAIIIIA2IIIIIIIIIIIIIIIIIIIIIIIIIIIIA2IIIIIIIIIIIIIII
IIIIIIIIIIIIIIIIIIIIIIIIIIIIIIIIIIIIIIIIIIIIIIIA2IIIIIIIIIIIIIII
IIIIIIIIIIIIA2IIIIIIIIIIIIIIIIIIIIIIIIIIIIIIIIIA2IIIIIIIIIIIIIII
IIIIIIIIIIIIA2IIIA2IIIIIIIIIIIIIIIIIIIIIIIIIIIIA2IIIIIIIIIIIIIII
IIIIIIIIIIIIA2IIIA2IIIIIIIIIIIIIIIIIIIIIIIIIIIIA1IIIIIIIIIIIIIII
IIIIIIIIIIIIA2IIIA1IIIIIIIIIIIIIIIIIIIIIIIIIIIIA1IIIIIIIIIIIIIII
IIIIIIIIA1IIA2IIIA1IIIIIIIIIIIIIIIIIIIIIIIIIIIIA1IIIIIIIIIIIIIII
IIIIA1IIA1IIA2IIIA1IIIIIIIIIIIIIIIIIIIIIIIIIIIIA1IIIIIIIIIIIIIII
IIIIA1IIAA1IA2IIIA1IIIIIIIIIIIIIIIIIIIIIIIIIIIIA1IIIIIIIIIIIIIII
IIIIA1IIAA1AA2IIIA1IIIIIIIIIIIIIIIIIIIIIIIIIIIIA1IIIIIIIIIIIIIII
IIIIA1IIAAAAA2IIIA1IIIIIIIIIIIIIIIIIIIIIIIIIIIIA1IIIIIIIIIIIIIII
IIIAA1IIAAAAA2IIIA1IIIIIIIIIIIIIIIIIIIIIIIIIIIIA1IIIIIIIIIIIIIII
IIIAA1IIAAAAA1IIIA1IIIIIIIIIIIIIIIIIIIIIIIIIIIIA1IIIIIIIIIIIIIII
IIIIIIIIIIIIIIIIIIIIIIIIIIIIIIIIIIIIIIIIIIIIII2AIIIIIIIIIIIIIIII
IIIIIIIIIIIIIIII2AIIIIIIIIIIIIIIIIIIIIIIIIIIII2AIIIIIIIIIIIIIIII
IIIIIII2AIIIIIII2AIIIIIIIIIIIIIIIIIIIIIIIIIIII2AIIIIIIIIIIIIIIII
III2AII2AIIIIIII2AIIIIIIIIIIIIIIIIIIIIIIIIIIII2AIIIIIIIIIIIIIIII
III2AII2AAIIIIII2AIIIIIIIIIIIIIIIIIIIIIIIIIIII2AIIIIIIIIIIIIIIII
III2AII2AA2AIIII2AIIIIIIIIIIIIIIIIIIIIIIIIIIII2AIIIIIIIIIIIIIIII
III2AII2AAAAIIII2AIIIIIIIIIIIIIIIIIIIIIIIIIIII2AIIIIIIIIIIIIIIII
II2AAII2AAAAIIII2AIIIIIIIIIIIIIIIIIIIIIIIIIIII2AIIIIIIIIIIIIIIII
II2AA1I2AAAAIIII2AIIIIIIIIIIIIIIIIIIIIIIIIIIII2AIIIIIIIIIIIIIIII
IIIIIIIIIIIIA1IIIIIIIIIIIIIIIIIIIIIIIIIIIIIIIIIIIIIIIIIIIIIIIIII
IIIIIIIIIIIIAI2IIIIIIIIIIIIIIIIIIIIIIIIIIIIIIIIIIIIIIIIIIIIIIIII
IIIIIIIIIAI2AI2IIIIIIIIIIIIIIIIIIIIIIIIIIIIIIIIIIIIIIIIIIIIIIIII
IIIIAI2IIAI2AI2IIIIIIIIIIIIIIIIIIIIIIIIIIIIIIIIIIIIIIIIIIIIIIIII
IIIAA22IIAI2AI2IIIIIIIIIIIIIIIIIIIIIIIIIIIIIIIIIIIIIIIIIIIIIIIII
IIIIIIIIIIIIA122IIIIIIIIIIIIIIIIIIIIIIIIIIIIIIIIIIIIIIIIIIIIIIII
IIIIIIIIA122IIIIIIIIIIIIIIIIIIIIIIIIIIIIIIIIIIIIIIIIIIIIIIIIIIII
IIIIA122A122IIIIIIIIIIIIIIIIIIIIIIIIIIIIIIIIIIIIIIIIIIIIIIIIIIII
IIIIA122AA122IIIIIIIIIIIIIIIIIIIIIIIIIIIIIIIIIIIIIIIIIIIIIIIIIII
IIIIA122AA1A122IIIIIIIIIIIIIIIIIIIIIIIIIIIIIIIIIIIIIIIIIIIIIIIII
IIIIA122AAAA122IIIIIIIIIIIIIIIIIIIIIIIIIIIIIIIIIIIIIIIIIIIIIIIII
IIIAA122AAAA122IIIIIIIIIIIIIIIIIIIIIIIIIIIIIIIIIIIIIIIIIIIIIIIII
IIIIIIIIIIIIA1IIIIIIIIIIIIIIIIIIIIIIIIIIIIIIIIIIIIIIIIIIIIIIIIII
IIIIIIIIIIIIIIIIIIIIIIIIIIIIIIIIIIIIIIIIIIIIIIIA1IIIIIIIIIIIIIII
IIIIIIIIIIIIIIIIIA1IIIIIIIIIIIIIIIIIIIIIIIIIIIIA1IIIIIIIIIIIIIII
IIIIIIIIA1IIIIIIIA1IIIIIIIIIIIIIIIIIIIIIIIIIIIIA1IIIIIIIIIIIIIII
IIIIA1IIA1IIIIIIIA1IIIIIIIIIIIIIIIIIIIIIIIIIIIIA1IIIIIIIIIIIIIII
IIIIA1IIAA1IIIIIIA1IIIIIIIIIIIIIIIIIIIIIIIIIIIIA1IIIIIIIIIIIIIII
IIIIA1IIAA1A1IIIIA1IIIIIIIIIIIIIIIIIIIIIIIIIIIIA1IIIIIIIIIIIIIII
IIIIA1IIAAAA1IIIIA1IIIIIIIIIIIIIIIIIIIIIIIIIIIIA1IIIIIIIIIIIIIII
IIIAA1IIAAAA1IIIIA1IIIIIIIIIIIIIIIIIIIIIIIIIIIIA1IIIIIIIIIIIIIII
IIIIIIIIIIIIIIIIIIIIIIIIIIIIIIIIIIIIIIIIIIIIIIIA2IIIIIIIIIIIIIII
IIIIIIIIIIIIIIIIIA2IIIIIIIIIIIIIIIIIIIIIIIIIIIIA2IIIIIIIIIIIIIII
IIIIIIIIA2IIIIIIIA2IIIIIIIIIIIIIIIIIIIIIIIIIIIIA2IIIIIIIIIIIIIII
IIIIA2IIA2IIIIIIIA2IIIIIIIIIIIIIIIIIIIIIIIIIIIIA2IIIIIIIIIIIIIII
IIIIA2IIAA2IIIIIIA2IIIIIIIIIIIIIIIIIIIIIIIIIIIIA2IIIIIIIIIIIIIII
IIIIA2IIAA2A2IIIIA2IIIIIIIIIIIIIIIIIIIIIIIIIIIIA2IIIIIIIIIIIIIII
IIIIA2IIAAAA2IIIIA2IIIIIIIIIIIIIIIIIIIIIIIIIIIIA2IIIIIIIIIIIIIII
IIIIIIIIIIIIIIIIIIIIIIIIIIIIIIIIIIIIIIIIIIIIIIIA1IIIIIIIIIIIIIII
IIIIIIIIIIIIA1IIIIIIIIIIIIIIIIIIIIIIIIIIIIIIIIIA1IIIIIIIIIIIIIII
IIIIIIIIIIIIA1IIIA1IIIIIIIIIIIIIIIIIIIIIIIIIIIIA1IIIIIIIIIIIIIII
IIIIIIIIA1IIA1IIIA1IIIIIIIIIIIIIIIIIIIIIIIIIIIIA1IIIIIIIIIIIIIII
IIIIA1IIA1IIA1IIIA1IIIIIIIIIIIIIIIIIIIIIIIIIIIIA1IIIIIIIIIIIIIII
IIIIA1IIAA1IA1IIIA1IIIIIIIIIIIIIIIIIIIIIIIIIIIIA1IIIIIIIIIIIIIII
IIIIA1IIAA1AA1IIIA1IIIIIIIIIIIIIIIIIIIIIIIIIIIIA1IIIIIIIIIIIIIII
IIIIA1IIAAAAA1IIIA1IIIIIIIIIIIIIIIIIIIIIIIIIIIIA1IIIIIIIIIIIIIII
IIIIIIIIIIIIA121IIIIIIIIIIII2IIIIIIIIIIIIIIIIIIIIIIIIIIIIIIIIIII
IIIIIIIIA121A121IIIIIIII2III2IIIIIIIIIIIIIIIIIIIIIIIIIIIIIIIIIII
IIIIA121A121A121IIII2III2III2IIIIIIIIIIIIIIIIIIIIIIIIIIIIIIIIIII
IIIIA121AA11A121IIII2III22II2IIIIIIIIIIIIIIIIIIIIIIIIIIIIIIIIIII
IIIIA121AA1AA111IIII2III22I22IIIIIIIIIIIIIIIIIIIIIIIIIIIIIIIIIII
IIIIA121AAAAA111IIII2III22222IIIIIIIIIIIIIIIIIIIIIIIIIIIIIIIIIII
IIIIIIIIIAIIIIIIIIIIIIIIIIIIIIIIIIIIIIIIIIIIIIIIIIIIIIIIIIIIIIII
IIIIAIIIIAIIIIIIIIIIIIIIIIIIIIIIIIIIIIIIIIIIIIIIIIIIIIIIIIIIIIII
IIIAAIIIIAIIIIIIIIIIIIIIIIIIIIIIIIIIIIIIIIIIIIIIIIIIIIIIIIIIIIII
IIIIIIIIIIIIA2IIIIIIIIIIIIIIIIIIIIIIIIIIIIIIIIIIIIIIIIIIIIIIIIII
IIIIIIIIIIIIA1IIIIIIIIIIIIIIIIIIIIIIIIIIIIIIIIIIIIIIIIIIIIIIIIII
IIIIIIIIAIIIIIIIIIIIIIIIIIIIIIIIIIIIIIIIIIIIIIIIIIIIIIIIIIIIIIII
IIIIAIIIAIIIIIIIIIIIIIIIIIIIIIIIIIIIIIIIIIIIIIIIIIIIIIIIIIIIIIII
IIIIAIIIAAIIIIIIIIIIIIIIIIIIIIIIIIIIIIIIIIIIIIIIIIIIIIIIIIIIIIII
IIIIAIIIAAIAIIIIIIIIIIIIIIIIIIIIIIIIIIIIIIIIIIIIIIIIIIIIIIIIIIII
IIIIAIIIAAAAIIIIIIIIIIIIIIIIIIIIIIIIIIIIIIIIIIIIIIIIIIIIIIIIIIII
IIIIA11IAAAAIIIIIIIIIIIIIIIIIIIIIIIIIIIIIIIIIIIIIIIIIIIIIIIIIIII
IIIAA11IAAAAIIIIIIIIIIIIIIIIIIIIIIIIIIIIIIIIIIIIIIIIIIIIIIIIIIII
IIIAA11IAAAAA11IIIIIIIIIIIIIIIIIIIIIIIIIIIIIIIIIIIIIIIIIIIIIIIII
IIIIIIIIIIIIAIIIIIIIIIIIIIIIIIIIIIIIIIIIIIIIIIIIIIIIIIIIIIIIIIII
IIIIIIIIIIIIA1IIIIIIIIIIIIIIIIIIIIIIIIIIIIIIIIIIIIIIIIIIIIIIIIII
IIIIIIIIAIIIIIIIIIIIIIIIIIIIIIIIIIIIIIIIIIIIIIIIIIIIIIIIIIIIIIII
IIIIAIIIAIIIIIIIIIIIIIIIIIIIIIIIIIIIIIIIIIIIIIIIIIIIIIIIIIIIIIII
IIIIAIIIAAIIIIIIIIIIIIIIIIIIIIIIIIIIIIIIIIIIIIIIIIIIIIIIIIIIIIII
IIIIAIIIAAIAIIIIIIIIIIIIIIIIIIIIIIIIIIIIIIIIIIIIIIIIIIIIIIIIIIII
IIIIAIIIAAAAIIIIIIIIIIIIIIIIIIIIIIIIIIIIIIIIIIIIIIIIIIIIIIIIIIII
IIIAAIIIAAAAIIIIIIIIIIIIIIIIIIIIIIIIIIIIIIIIIIIIIIIIIIIIIIIIIIII
IIIAAIIIAAAAIIIIIIIIIIIIIIIIIIIIIIIIIIIIIIIIIIIAIIIIIIIIIIIIIIII
IIIAAIIIAAAAIIIIIAIIIIIIIIIIIIIIIIIIIIIIIIIIIIIAIIIIIIIIIIIIIIII
IIIAA2IIAAAAIIIIIAIIIIIIIIIIIIIIIIIIIIIIIIIIIIIAIIIIIIIIIIIIIIII
IIIAA2IIAAAAA2IIIAIIIIIIIIIIIIIIIIIIIIIIIIIIIIIAIIIIIIIIIIIIIIII
IIIAA2IIAAAAA2IIIAIIIIIIIIIIIIIIIIIIIIIIIIIIIIIA2IIIIIIIIIIIIIII
IIIAA2IIAAAAA2IIIA2IIIIIIIIIIIIIIIIIIIIIIIIIIIIA2IIIIIIIIIIIIIII
IIIIIIIIIA1IIIIIIIIIIIIIIIIIIIIIIIIIIIIIIIIIIIIIIIIIIIIIIIIIIIII
IIIIA1IIIA1IIIIIIIIIIIIIIIIIIIIIIIIIIIIIIIIIIIIIIIIIIIIIIIIIIIII
IIIAA1IIIA1IIIIIIIIIIIIIIIIIIIIIIIIIIIIIIIIIIIIIIIIIIIIIIIIIIIII
IIIIIIIIIIIIIIIIIIIIIIIIIIIIIIIIIIIIIIIIIIIIIIIA1IIIIIIIIIIIIIII
IIIIIIIIIIIIIIIIIA1IIIIIIIIIIIIIIIIIIIIIIIIIIIIA1IIIIIIIIIIIIIII
IIIIIIIIA1IIIIIIIA1IIIIIIIIIIIIIIIIIIIIIIIIIIIIA1IIIIIIIIIIIIIII
IIIIA1IIA1IIIIIIIA1IIIIIIIIIIIIIIIIIIIIIIIIIIIIA1IIIIIIIIIIIIIII
IIIIA1IIAA1IIIIIIA1IIIIIIIIIIIIIIIIIIIIIIIIIIIIA1IIIIIIIIIIIIIII
IIIIA1IIAA1A1IIIIA1IIIIIIIIIIIIIIIIIIIIIIIIIIIIA1IIIIIIIIIIIIIII
IIIIA1IIAAAA1IIIIA1IIIIIIIIIIIIIIIIIIIIIIIIIIIIA1IIIIIIIIIIIIIII
IIIAA1IIAAAA1IIIIA1IIIIIIIIIIIIIIIIIIIIIIIIIIIIA1IIIIIIIIIIIIIII
IIIAA1IIAAAAAIIIIA1IIIIIIIIIIIIIIIIIIIIIIIIIIIIA1IIIIIIIIIIIIIII
IIIIIIIIIIIIIIIIIIIIIIIIIIIIIIIIIIIIIIIIIIIIII2AIIIIIIIIIIIIIIII
IIIIIIIIIIIIIIII2AIIIIIIIIIIIIIIIIIIIIIIIIIIII2AIIIIIIIIIIIIIIII
IIIIIII2AIIIIIII2AIIIIIIIIIIIIIIIIIIIIIIIIIIII2AIIIIIIIIIIIIIIII
III2AII2AIIIIIII2AIIIIIIIIIIIIIIIIIIIIIIIIIIII2AIIIIIIIIIIIIIIII
III2AII2AAIIIIII2AIIIIIIIIIIIIIIIIIIIIIIIIIIII2AIIIIIIIIIIIIIIII
III2AII2AA2AIIII2AIIIIIIIIIIIIIIIIIIIIIIIIIIII2AIIIIIIIIIIIIIIII
III2AII2AAAAIIII2AIIIIIIIIIIIIIIIIIIIIIIIIIIII2AIIIIIIIIIIIIIIII
II2AAII2AAAAIIII2AIIIIIIIIIIIIIIIIIIIIIIIIIIII2AIIIIIIIIIIIIIIII
IIIIIIIIIIIIA1IIIIIIIIIIIIIIIIIIIIIIIIIIIIIIIIIIIIIIIIIIIIIIIIII
IIIIIIIIA1IIIIIIIIIIIIIIIIIIIIIIIIIIIIIIIIIIIIIIIIIIIIIIIIIIIIII
IIIIA1IIA1IIIIIIIIIIIIIIIIIIIIIIIIIIIIIIIIIIIIIIIIIIIIIIIIIIIIII
IIIIA1IIAA1IIIIIIIIIIIIIIIIIIIIIIIIIIIIIIIIIIIIIIIIIIIIIIIIIIIII
IIIIA1IIAA1A1IIIIIIIIIIIIIIIIIIIIIIIIIIIIIIIIIIIIIIIIIIIIIIIIIII
IIIIA1IIAAAA1IIIIIIIIIIIIIIIIIIIIIIIIIIIIIIIIIIIIIIIIIIIIIIIIIII
IIIAA1IIAAAA1IIIIIIIIIIIIIIIIIIIIIIIIIIIIIIIIIIIIIIIIIIIIIIIIIII
IIIAA1IIAAAAAIIIIIIIIIIIIIIIIIIIIIIIIIIIIIIIIIIIIIIIIIIIIIIIIIII
IIIAA1IIAAAAAIIIIIIIIIIIIIIIIIIIIIIIIIIIIIIIIIIAIIIIIIIIIIIIIIII
IIIAA1IIAAAAAIIIIAIIIIIIIIIIIIIIIIIIIIIIIIIIIIIAIIIIIIIIIIIIIIII
IIIIIIIIIIIIIIIIIIIIIIIIIIIIIIIIIIIIIIIIIIIIIIIAIIIIIIIIIIIIIIII
IIIIIIIIIIIIIIIIIAIIIIIIIIIIIIIIIIIIIIIIIIIIIIIAIIIIIIIIIIIIIIII
IIIIIIIIAIIIIIIIIAIIIIIIIIIIIIIIIIIIIIIIIIIIIIIAIIIIIIIIIIIIIIII
IIIIAIIIAIIIIIIIIAIIIIIIIIIIIIIIIIIIIIIIIIIIIIIAIIIIIIIIIIIIIIII
IIIIAIIIAAIIIIIIIAIIIIIIIIIIIIIIIIIIIIIIIIIIIIIAIIIIIIIIIIIIIIII
IIIIAIIIAAIAIIIIIAIIIIIIIIIIIIIIIIIIIIIIIIIIIIIAIIIIIIIIIIIIIIII
IIIIAIIIAAAAIIIIIAIIIIIIIIIIIIIIIIIIIIIIIIIIIIIAIIIIIIIIIIIIIIII
IIIAAIIIAAAAIIIIIAIIIIIIIIIIIIIIIIIIIIIIIIIIIIIAIIIIIIIIIIIIIIII
IIIIIIIIIIIIIIIIIIIIIIIIIIIIIIIIIIIIIIIIIIIIIIIA1IIIIIIIIIIIIIII
IIIIIIIIIIIIIIIIIA1IIIIIIIIIIIIIIIIIIIIIIIIIIIIA1IIIIIIIIIIIIIII
IIIIIIIIA1IIIIIIIA1IIIIIIIIIIIIIIIIIIIIIIIIIIIIA1IIIIIIIIIIIIIII
IIIIA1IIA1IIIIIIIA1IIIIIIIIIIIIIIIIIIIIIIIIIIIIA1IIIIIIIIIIIIIII
IIIIA1IIAA1IIIIIIA1IIIIIIIIIIIIIIIIIIIIIIIIIIIIA1IIIIIIIIIIIIIII
IIIIA1IIAA1A1IIIIA1IIIIIIIIIIIIIIIIIIIIIIIIIIIIA1IIIIIIIIIIIIIII
IIIIA1IIAAAA1IIIIA1IIIIIIIIIIIIIIIIIIIIIIIIIIIIA1IIIIIIIIIIIIIII
IIIIIIII2AIIIIIIIIIIIIIIIIIIIIIIIIIIIIIIIIIIIIIIIIIIIIIIIIIIIIII
III2AIII2AIIIIIIIIIIIIIIIIIIIIIIIIIIIIIIIIIIIIIIIIIIIIIIIIIIIIII
II2AAIII2AIIIIIIIIIIIIIIIIIIIIIIIIIIIIIIIIIIIIIIIIIIIIIIIIIIIIII
II2AAIIIAAIIIIIIIIIIIIIIIIIIIIIIIIIIIIIIIIIIIIIIIIIIIIIIIIIIIIII
II2AA2IIAAIIIIIIIIIIIIIIIIIIIIIIIIIIIIIIIIIIIIIIIIIIIIIIIIIIIIII
IIIIIIIIIIIIIIIIIIIIIIIIIIIIIIIIIIIIIIIIIIIIIIIA2IIIIIIIIIIIIIII
IIIIIIIIIIIIIIIIIA2IIIIIIIIIIIIIIIIIIIIIIIIIIIIA2IIIIIIIIIIIIIII
IIIIIIIIIIIIIIIIIA2A2IIIIIIIIIIIIIIIIIIIIIIIIIIA2IIIIIIIIIIIIIII
IIIIIIIIA2IIIIIIIA2A2IIIIIIIIIIIIIIIIIIIIIIIIIIA2IIIIIIIIIIIIIII
IIIIA2IIA2IIIIIIIA2A2IIIIIIIIIIIIIIIIIIIIIIIIIIA2IIIIIIIIIIIIIII
IIIIA2IIAA2IIIIIIA2A2IIIIIIIIIIIIIIIIIIIIIIIIIIA2IIIIIIIIIIIIIII
IIIIA2IIAAA2IIIIIA2A2IIIIIIIIIIIIIIIIIIIIIIIIIIA2IIIIIIIIIIIIIII
IIIIA2IIAAAA2IIIIA2A2IIIIIIIIIIIIIIIIIIIIIIIIIIA2IIIIIIIIIIIIIII
IIIIIIIIIIIIIIIIIIIIIIIIIIIIIIIIIIIIIIIIIIIIIIIA1IIIIIIIIIIIIIII
IIIIIIIIIIIIIIIIIA1IIIIIIIIIIIIIIIIIIIIIIIIIIIIA1IIIIIIIIIIIIIII
IIIIIIIIIIIIIIIIIA1A1IIIIIIIIIIIIIIIIIIIIIIIIIIA1IIIIIIIIIIIIIII
IIIIIIIIA1IIIIIIIA1A1IIIIIIIIIIIIIIIIIIIIIIIIIIA1IIIIIIIIIIIIIII
IIIIA1IIA1IIIIIIIA1A1IIIIIIIIIIIIIIIIIIIIIIIIIIA1IIIIIIIIIIIIIII
IIIIA1IIAA1IIIIIIA1A1IIIIIIIIIIIIIIIIIIIIIIIIIIA1IIIIIIIIIIIIIII
IIIIA1IIAA1A1IIIIA1A1IIIIIIIIIIIIIIIIIIIIIIIIIIA1IIIIIIIIIIIIIII
IIIIA1IIAAAA1IIIIA1A1IIIIIIIIIIIIIIIIIIIIIIIIIIA1IIIIIIIIIIIIIII
IIIIIIIIIIIIIIIIIIIIIIIIIIIIIIIIIIIIIIIIIIIIIIIA1IIIIIIIIIIIIIII
IIIIIIIIIIIIIIIIIA1IIIIIIIIIIIIIIIIIIIIIIIIIIIIA1IIIIIIIIIIIIIII
IIIIIIIIIIIIIIIIIA1A1IIIIIIIIIIIIIIIIIIIIIIIIIIA1IIIIIIIIIIIIIII
IIIIIIIIA1IIIIIIIA1A1IIIIIIIIIIIIIIIIIIIIIIIIIIA1IIIIIIIIIIIIIII
IIIIA1IIA1IIIIIIIA1A1IIIIIIIIIIIIIIIIIIIIIIIIIIA1IIIIIIIIIIIIIII
IIIIA1IIAAIIIIIIIA1A1IIIIIIIIIIIIIIIIIIIIIIIIIIA1IIIIIIIIIIIIIII
IIIIA1IIAA2AIIIIIA1A1IIIIIIIIIIIIIIIIIIIIIIIIIIA1IIIIIIIIIIIIIII
IIIIA1IIAAAAIIIIIA1A1IIIIIIIIIIIIIIIIIIIIIIIIIIA1IIIIIIIIIIIIIII
III2A1IIAAAAIIIIIA1A1IIIIIIIIIIIIIIIIIIIIIIIIIIA1IIIIIIIIIIIIIII
II2AA1IIAAAAIIIIIA1A1IIIIIIIIIIIIIIIIIIIIIIIIIIA1IIIIIIIIIIIIIII
II2AA1I2AAAAIIIIIA1A1IIIIIIIIIIIIIIIIIIIIIIIIIIA1IIIIIIIIIIIIIII
IIIIIIIIIIIIIIIIIIIIIIIIIIIIIIIIIIIIIIIIIIIIIIIA2IIIIIIIIIIIIIII
IIIIIIIIIIIIIIIIIA2IIIIIIIIIIIIIIIIIIIIIIIIIIIIA2IIIIIIIIIIIIIII
IIIIIIIIIIIIIIIIIA2A2IIIIIIIIIIIIIIIIIIIIIIIIIIA2IIIIIIIIIIIIIII
IIIIIIIIA2IIIIIIIA2A2IIIIIIIIIIIIIIIIIIIIIIIIIIA2IIIIIIIIIIIIIII
IIIIA2IIA2IIIIIIIA2A2IIIIIIIIIIIIIIIIIIIIIIIIIIA2IIIIIIIIIIIIIII
IIIIA2IIAA2IIIIIIA2A2IIIIIIIIIIIIIIIIIIIIIIIIIIA2IIIIIIIIIIIIIII
IIIIA2IIAAA2IIIIIA2A2IIIIIIIIIIIIIIIIIIIIIIIIIIA2IIIIIIIIIIIIIII
IIIIA2IIAAAA2IIIIA2A2IIIIIIIIIIIIIIIIIIIIIIIIIIA2IIIIIIIIIIIIIII
IIIIIIIIIIIIIIIIIIIIIIIIIIIIIIIIIIIIIIIIIIIIIIIA1IIIIIIIIIIIIIII
IIIIIIIIIIIIA1IIIIIIIIIIIIIIIIIIIIIIIIIIIIIIIIIA1IIIIIIIIIIIIIII
IIIIIIIIIIIIA1IIIA1IIIIIIIIIIIIIIIIIIIIIIIIIIIIA1IIIIIIIIIIIIIII
IIIIIIIIIA1IA1IIIA1IIIIIIIIIIIIIIIIIIIIIIIIIIIIA1IIIIIIIIIIIIIII
IIIIA1IIIA1IA1IIIA1IIIIIIIIIIIIIIIIIIIIIIIIIIIIA1IIIIIIIIIIIIIII
IIIAA1IIIA1IA1IIIA1IIIIIIIIIIIIIIIIIIIIIIIIIIIIA1IIIIIIIIIIIIIII
I1IAA11IAA1IA1IIIA1IIIIIIIIIIIIIIIIIIIIIIIIIIIIA1IIIIIIIIIIIIIII
I11AA11IAA1IA1IIIA1IIIIIIIIIIIIIIIIIIIIIIIIIIIIA1IIIIIIIIIIIIIII
IIIIIIIIAIIIIIIIIIIIIIIIIIIIIIIIIIIIIIIIIIIIIIIIIIIIIIIIIIIIIIII
II1IAIIIAIIIIIIIIIIIIIIIIIIIIIIIIIIIIIIIIIIIIIIIIIIIIIIIIIIIIIII
2I1IAII1AAIIIIIIIIIIIIIIIIIIIIIIIIIIIIIIIIIIIIIIIIIIIIIIIIIIIIII
2I1IAII1AAIAIIIIIIIIIIIIIIIIIIIIIIIIIIIIIIIIIIIIIIIIIIIIIIIIIIII
2I1IAII1AAAAIIIIIIIIIIIIIIIIIIIIIIIIIIIIIIIIIIIIIIIIIIIIIIIIIIII
2I1AAII1AAAAIIIIIIIIIIIIIIIIIIIIIIIIIIIIIIIIIIIIIIIIIIIIIIIIIIII
2I1AA2I1AAAAIIIIIIIIIIIIIIIIIIIIIIIIIIIIIIIIIIIIIIIIIIIIIIIIIIII
2I1AA2I1AAAAA2IIIIIIIIIIIIIIIIIIIIIIIIIIIIIIIIIIIIIIIIIIIIIIIIII
2I1AA2I1AAAAA2IIIIIIIIIIIIIIIIIIIIIIIIIIIIIIIIIA2IIIIIIIIIIIIIII
2I1AA2I1AAAAA2IIIA2IIIIIIIIIIIIIIIIIIIIIIIIIIIIA2IIIIIIIIIIIIIII
IIIIIIIIIIIIIIIIIIIIIIIIIIIIIIIIIIIIIIIIIIIIIIIA2IIIIIIIIIIIIIII
IIIIIIIIIIIIIIIIIA2IIIIIIIIIIIIIIIIIIIIIIIIIIIIA2IIIIIIIIIIIIIII
IIIIIIIIA2IIIIIIIA2IIIIIIIIIIIIIIIIIIIIIIIIIIIIA2IIIIIIIIIIIIIII
IIIIA2IIA2IIIIIIIA2IIIIIIIIIIIIIIIIIIIIIIIIIIIIA2IIIIIIIIIIIIIII
IIIIA2IIAA2IIIIIIA2IIIIIIIIIIIIIIIIIIIIIIIIIIIIA2IIIIIIIIIIIIIII
IIIIA2IIAA2A2IIIIA2IIIIIIIIIIIIIIIIIIIIIIIIIIIIA2IIIIIIIIIIIIIII
IIIIA2IIAAAA2IIIIA2IIIIIIIIIIIIIIIIIIIIIIIIIIIIA2IIIIIIIIIIIIIII
IIIIA1IIAAAA2IIIIA2IIIIIIIIIIIIIIIIIIIIIIIIIIIIA2IIIIIIIIIIIIIII
IIIIA1IIAAAA1IIIIA2IIIIIIIIIIIIIIIIIIIIIIIIIIIIA2IIIIIIIIIIIIIII
IIIAA1IIAAAA1IIIIA2IIIIIIIIIIIIIIIIIIIIIIIIIIIIA2IIIIIIIIIIIIIII
IIIIIIIIIIIIA22IIIIIIIIIIIIIIIIIIIIIIIIIIIIIIIIIIIIIIIIIIIIIIIII
IIIIIIIIIIIIIIIIIIIIIIIIIIIIIIIIIIIIIIIIIIIIIIIA1IIIIIIIIIIIIIII
IIIIIIIIIIIIIIIIIA1IIIIIIIIIIIIIIIIIIIIIIIIIIIIA1IIIIIIIIIIIIIII
IIIIIIIIIAIIIIIIIIIIIIIIIIIIIIIIIIIIIIIIIIIIIIIIIIIIIIIIIIIIIIII
IIIIAIIIIAIIIIIIIIIIIIIIIIIIIIIIIIIIIIIIIIIIIIIIIIIIIIIIIIIIIIII
IIIAAIIIIAIIIIIIIIIIIIIIIIIIIIIIIIIIIIIIIIIIIIIIIIIIIIIIIIIIIIII
IIIAAIIIAAIIIIIIIIIIIIIIIIIIIIIIIIIIIIIIIIIIIIIIIIIIIIIIIIIIIIII
IIIAAIIIAAIAIIIIIIIIIIIIIIIIIIIIIIIIIIIIIIIIIIIIIIIIIIIIIIIIIIII
IIIAAIIIAAAAIIIIIIIIIIIIIIIIIIIIIIIIIIIIIIIIIIIIIIIIIIIIIIIIIIII
IIIAAIIIAAAAIIIIIIIIIIIIIIIIIIIIIIIIIIIIIIIIIIIAIIIIIIIIIIIIIIII
IIIAAIIIAAAAIIIIIAIIIIIIIIIIIIIIIIIIIIIIIIIIIIIAIIIIIIIIIIIIIIII
IIIAA2IIAAAAIIIIIAIIIIIIIIIIIIIIIIIIIIIIIIIIIIIAIIIIIIIIIIIIIIII
IIIAA2IIAAAAIIIIIAIIIIIIIIIIIIIIIIIIIIIIIIIIIIIA2IIIIIIIIIIIIIII
IIIAA2IIAAAAIIIIIA2IIIIIIIIIIIIIIIIIIIIIIIIIIIIA2IIIIIIIIIIIIIII
IIIAA2IIAAAA2IIIIA2IIIIIIIIIIIIIIIIIIIIIIIIIIIIA2IIIIIIIIIIIIIII
IIIAA2IIAAAAA2IIIA2IIIIIIIIIIIIIIIIIIIIIIIIIIIIA2IIIIIIIIIIIIIII
IIIIIIIIAI2I22IIIIIIIIIIIIIIIIIIIIIIIIIIIIIIIIIIIIIIIIIIIIIIIIII
IIIIAI2IA22I22IIIIIIIIIIIIIIIIIIIIIIIIIIIIIIIIIIIIIIIIIIIIIIIIII
IIIIAI2IAA22222IIIIIIIIIIIIIIIIIIIIIIIIIIIIIIIIIIIIIIIIIIIIIIIII
IIIIAI2IAA2A22222IIIIIIIIIIIIIIIIIIIIIIIIIIIIIIIIIIIIIIIIIIIIIII
IIIIAI2IAAAA22222IIIIIIIIIIIIIIIIIIIIIIIIIIIIIIIIIIIIIIIIIIIIIII
IIIAAI2IAAAA22222IIIIIIIIIIIIIIIIIIIIIIIIIIIIIIIIIIIIIIIIIIIIIII
IIIAA222AAAA22222IIIIIIIIIIIIIIIIIIIIIIIIIIIIIIIIIIIIIIIIIIIIIII
IIIIIIIIIIIIIIIIIIIIIIIIIIIIIIIIIIIIIIIIIIIIIIIAI2I22IIIIIIIIIII
IIIIIIIIIIIIAI2I22IIIIIIIIIIIIIIIIIIIIIIIIIIIIIAI2I22IIIIIIIIIII
IIIIIIIIIIIIAI2I2AI2I22IIIIIIIIIIIIIIIIIIIIIIIIAI2I22IIIIIIIIIII
IIIIIIIIAI2IA22I2AI2I22IIIIIIIIIIIIIIIIIIIIIIIIAI2I22IIIIIIIIIII
IIIIAI2IA22IA22I2AI2I22IIIIIIIIIIIIIIIIIIIIIIIIAI2I22IIIIIIIIIII
IIIIAI2IAA22A22I2AI2I22IIIIIIIIIIIIIIIIIIIIIIIIAI2I22IIIIIIIIIII
IIIIAI2IAA2AA2222AI2I22IIIIIIIIIIIIIIIIIIIIIIIIAI2I22IIIIIIIIIII
IIIIAI2IAAAAA2222AI2I22IIIIIIIIIIIIIIIIIIIIIIIIAI2I22IIIIIIIIIII
IIIAA222AAAAA2222AI2I22IIIIIIIIIIIIIIIIIIIIIIIIAI2I22IIIIIIIIIII
IIIAA122AAAAA2222AI2I22IIIIIIIIIIIIIIIIIIIIIIIIAI2I22IIIIIIIIIII
IIIIIIIIIIIIIIIIIIIIIIIIIIIIIIIIIIIIIIIIIIIIIIIAIIIIIIIIIIIIIIII
IIIIIIIIIIIIIIIIIAIIIIIIIIIIIIIIIIIIIIIIIIIIIIIAIIIIIIIIIIIIIIII
IIIIIIIIIIIIAIIIIAIIIIIIIIIIIIIIIIIIIIIIIIIIIIIAIIIIIIIIIIIIIIII
IIIIIIIIAIIIAIIIIAIIIIIIIIIIIIIIIIIIIIIIIIIIIIIAIIIIIIIIIIIIIIII
IIIIAIIIAIIIAIIIIAIIIIIIIIIIIIIIIIIIIIIIIIIIIIIAIIIIIIIIIIIIIIII
IIIIAIIIAAIIAIIIIAIIIIIIIIIIIIIIIIIIIIIIIIIIIIIAIIIIIIIIIIIIIIII
IIIIAIIIAAIAAIIIIAIIIIIIIIIIIIIIIIIIIIIIIIIIIIIAIIIIIIIIIIIIIIII
IIIIAIIIAAAAAIIIIAIIIIIIIIIIIIIIIIIIIIIIIIIIIIIAIIIIIIIIIIIIIIII
IIIAAIIIAAAAAIIIIAIIIIIIIIIIIIIIIIIIIIIIIIIIIIIAIIIIIIIIIIIIIIII
IIIIIIIIIIIIIIIIIIIIIIIIIIIIIIIIIIIIIIIIIIIIIIIA1IIIIIIIIIIIIIII
IIIIIIIIIIIIIIIIIA1IIIIIIIIIIIIIIIIIIIIIIIIIIIIA1IIIIIIIIIIIIIII
IIIIIIIIA1IIIIIIIA1IIIIIIIIIIIIIIIIIIIIIIIIIIIIA1IIIIIIIIIIIIIII
IIIIA1IIA1IIIIIIIA1IIIIIIIIIIIIIIIIIIIIIIIIIIIIA1IIIIIIIIIIIIIII
IIIIA1IIAA1IIIIIIA1IIIIIIIIIIIIIIIIIIIIIIIIIIIIA1IIIIIIIIIIIIIII
IIIIA1IIAA1A1IIIIA1IIIIIIIIIIIIIIIIIIIIIIIIIIIIA1IIIIIIIIIIIIIII
IIIIA1IIAAAA1IIIIA1IIIIIIIIIIIIIIIIIIIIIIIIIIIIA1IIIIIIIIIIIIIII
IIIAA1IIAAAA1IIIIA1IIIIIIIIIIIIIIIIIIIIIIIIIIIIA1IIIIIIIIIIIIIII
IIIAA1I2AAAA1IIIIA1IIIIIIIIIIIIIIIIIIIIIIIIIIIIA1IIIIIIIIIIIIIII
II2AA1I2AAAA1IIIIA1IIIIIIIIIIIIIIIIIIIIIIIIIIIIA1IIIIIIIIIIIIIII
II2AA1I2AAAA1IIIIA1IIIIIIIIIIIIIIIIIIIIIIIIIII2A1IIIIIIIIIIIIIII
II2AA1I2AAAA1III2A1IIIIIIIIIIIIIIIIIIIIIIIIIII2A1IIIIIIIIIIIIIII
IIIIIIIIIIIIIIIIIIIIIIIIIIIIIIIIIIIIIIIIIIIIII2AIIIIIIIIIIIIIIII
IIIIIIIIIII2AIIIIIIIIIIIIIIIIIIIIIIIIIIIIIIIII2AIIIIIIIIIIIIIIII
IIIIIIIIIII2AIII2AIIIIIIIIIIIIIIIIIIIIIIIIIIII2AIIIIIIIIIIIIIIII
IIIIIII2AII2AIII2AIIIIIIIIIIIIIIIIIIIIIIIIIIII2AIIIIIIIIIIIIIIII
III2AII2AII2AIII2AIIIIIIIIIIIIIIIIIIIIIIIIIIII2AIIIIIIIIIIIIIIII
III2AII2AAI2AIII2AIIIIIIIIIIIIIIIIIIIIIIIIIIII2AIIIIIIIIIIIIIIII
III2AII2AA2AAIII2AIIIIIIIIIIIIIIIIIIIIIIIIIIII2AIIIIIIIIIIIIIIII
III2AII2AAAAAIII2AIIIIIIIIIIIIIIIIIIIIIIIIIIII2AIIIIIIIIIIIIIIII
II2AAII2AAAAAIII2AIIIIIIIIIIIIIIIIIIIIIIIIIIII2AIIIIIIIIIIIIIIII
IIIIIIIIIIIIAIIIIIIIIIIIIIIIIIIIIIIIIIIIIIIIIIIIIIIIIIIIIIIIIIII
IIIIIIIIIIIIA1IIIIIIIIIIIIIIIIIIIIIIIIIIIIIIIIIIIIIIIIIIIIIIIIII
IIIIIIIIAI122IIIIIIIIIIIIIIIIIIIIIIIIIIIIIIIIIIIIIIIIIIIIIIIIIII
IIIIAI12AI122IIIIIIIIIIIIIIIIIIIIIIIIIIIIIIIIIIIIIIIIIIIIIIIIIII
IIIIAI12AA1122IIIIIIIIIIIIIIIIIIIIIIIIIIIIIIIIIIIIIIIIIIIIIIIIII
IIIIAI12AA1A2122IIIIIIIIIIIIIIIIIIIIIIIIIIIIIIIIIIIIIIIIIIIIIIII
IIIIAI12AAAA1122IIIIIIIIIIIIIIIIIIIIIIIIIIIIIIIIIIIIIIIIIIIIIIII
IIIAAI12AAAA1122IIIIIIIIIIIIIIIIIIIIIIIIIIIIIIIIIIIIIIIIIIIIIIII
IIIIIIIIIIIIA2IIIIIIIIIIIIIIIIIIIIIIIIIIIIIIIIIIIIIIIIIIIIIIIIII
IIIIIIIIA2IIIIIIIIIIIIIIIIIIIIIIIIIIIIIIIIIIIIIIIIIIIIIIIIIIIIII
IIIIA2IIA2IIIIIIIIIIIIIIIIIIIIIIIIIIIIIIIIIIIIIIIIIIIIIIIIIIIIII
IIIIA2IIAA2IIIIIIIIIIIIIIIIIIIIIIIIIIIIIIIIIIIIIIIIIIIIIIIIIIIII
IIIIA2IIAA2A2IIIIIIIIIIIIIIIIIIIIIIIIIIIIIIIIIIIIIIIIIIIIIIIIIII
IIIIA2IIAAAA2IIIIIIIIIIIIIIIIIIIIIIIIIIIIIIIIIIIIIIIIIIIIIIIIIII
IIIAA2IIAAAA2IIIIIIIIIIIIIIIIIIIIIIIIIIIIIIIIIIIIIIIIIIIIIIIIIII
IIIIIIIIIIIIIIIIIIIIIIIIIIIIIIIIIIIIIIIIIIIIIIIA2IIIIIIIIIIIIIII
IIIIIIIIIIIIIIIIIA2IIIIIIIIIIIIIIIIIIIIIIIIIIIIA2IIIIIIIIIIIIIII
IIIIIIIIIIIIA2IIIA2IIIIIIIIIIIIIIIIIIIIIIIIIIIIA2IIIIIIIIIIIIIII
IIIIIIIIA2IIA2IIIA2IIIIIIIIIIIIIIIIIIIIIIIIIIIIA2IIIIIIIIIIIIIII
IIIIA2IIA2IIA2IIIA2IIIIIIIIIIIIIIIIIIIIIIIIIIIIA2IIIIIIIIIIIIIII
IIIIA2IIAA2IA2IIIA2IIIIIIIIIIIIIIIIIIIIIIIIIIIIA2IIIIIIIIIIIIIII
IIIIA2IIAA2AA2IIIA2IIIIIIIIIIIIIIIIIIIIIIIIIIIIA2IIIIIIIIIIIIIII
IIIIA2IIAAAAA2IIIA2IIIIIIIIIIIIIIIIIIIIIIIIIIIIA2IIIIIIIIIIIIIII
IIIAA2IIAAAAA2IIIA2IIIIIIIIIIIIIIIIIIIIIIIIIIIIA2IIIIIIIIIIIIIII
IIIAA1IIAAAAA2IIIA2IIIIIIIIIIIIIIIIIIIIIIIIIIIIA2IIIIIIIIIIIIIII
IIIIIIIIIIIIA1IIIIIIIIIIIIIIIIIIIIIIIIIIIIIIIIIIIIIIIIIIIIIIIIII
IIIIIIIIAI2IIIIIIIIIIIIIIIIIIIIIIIIIIIIIIIIIIIIIIIIIIIIIIIIIIIII
IIIIAI2IAI2IIIIIIIIIIIIIIIIIIIIIIIIIIIIIIIIIIIIIIIIIIIIIIIIIIIII
IIIIAI2IAA22IIIIIIIIIIIIIIIIIIIIIIIIIIIIIIIIIIIIIIIIIIIIIIIIIIII
IIIIAI2IAA2AI2IIIIIIIIIIIIIIIIIIIIIIIIIIIIIIIIIIIIIIIIIIIIIIIIII
IIIIAI2IAAAA22IIIIIIIIIIIIIIIIIIIIIIIIIIIIIIIIIIIIIIIIIIIIIIIIII
IIIAA22IAAAA22IIIIIIIIIIIIIIIIIIIIIIIIIIIIIIIIIIIIIIIIIIIIIIIIII
IIIAA12IAAAA22IIIIIIIIIIIIIIIIIIIIIIIIIIIIIIIIIIIIIIIIIIIIIIIIII
IIIAA12IAAAAA1IIIIIIIIIIIIIIIIIIIIIIIIIIIIIIIIIIIIIIIIIIIIIIIIII
IIIAA12IAAAAA1IIIIIIIIIIIIIIIIIIIIIIIIIIIIIIIIIA1IIIIIIIIIIIIIII
IIIAA12IAAAAA1IIIA1IIIIIIIIIIIIIIIIIIIIIIIIIIIIA1IIIIIIIIIIIIIII
IIIAA12IAAAAA1IIIA1AIIIIIIIIIIIIIIIIIIIIIIIIIIIA1IIIIIIIIIIIIIII
IIIAA122AAAAA1IIIA1AIIIIIIIIIIIIIIIIIIIIIIIIIIIA1IIIIIIIIIIIIIII
II2AA122AAAAA1IIIA1AIIIIIIIIIIIIIIIIIIIIIIIIIIIA1IIIIIIIIIIIIIII
IIIIIIIIIA2IIIIIIIIIIIIIIIIIIIIIIIIIIIIIIIIIIIIIIIIIIIIIIIIIIIII
IIIIA2IIIA2IIIIIIIIIIIIIIIIIIIIIIIIIIIIIIIIIIIIIIIIIIIIIIIIIIIII
IIIAA2IIIA2IIIIIIIIIIIIIIIIIIIIIIIIIIIIIIIIIIIIIIIIIIIIIIIIIIIII
IIIAA2IIAA2IIIIIIIIIIIIIIIIIIIIIIIIIIIIIIIIIIIIIIIIIIIIIIIIIIIII
IIIAA2IIAA2A2IIIIIIIIIIIIIIIIIIIIIIIIIIIIIIIIIIIIIIIIIIIIIIIIIII
IIIAA2IIAAAA2IIIIIIIIIIIIIIIIIIIIIIIIIIIIIIIIIIIIIIIIIIIIIIIIIII
IIIIIIIIIIIIA1IIIIIIIIIIIIIIIIIIIIIIIIIIIIIIIIIIIIIIIIIIIIIIIIII
IIIIIIIIA1IIA1IIIIIIIIIIIIIIIIIIIIIIIIIIIIIIIIIIIIIIIIIIIIIIIIII
IIIIA1IIA1IIA1IIIIIIIIIIIIIIIIIIIIIIIIIIIIIIIIIIIIIIIIIIIIIIIIII
IIIIA1IIAA1IA1IIIIIIIIIIIIIIIIIIIIIIIIIIIIIIIIIIIIIIIIIIIIIIIIII
IIIIA1IIAA1AA1IIIIIIIIIIIIIIIIIIIIIIIIIIIIIIIIIIIIIIIIIIIIIIIIII
IIIIA1IIAAAAA1IIIIIIIIIIIIIIIIIIIIIIIIIIIIIIIIIIIIIIIIIIIIIIIIII
IIIAA1IIAAAAA1IIIIIIIIIIIIIIIIIIIIIIIIIIIIIIIIIIIIIIIIIIIIIIIIII
IIIIIIIIIIIIIIIIIIIIIIIIIIIIIIIIIIIIIIIIIIIIIIIAIIIIIIIIIIIIIIII
IIIIIIIIIIIIIIIIIA1IIIIIIIIIIIIIIIIIIIIIIIIIIIIAIIIIIIIIIIIIIIII
IIIIIIIIA1IIIIIIIA1IIIIIIIIIIIIIIIIIIIIIIIIIIIIAIIIIIIIIIIIIIIII
IIIIA1IIA1IIIIIIIA1IIIIIIIIIIIIIIIIIIIIIIIIIIIIAIIIIIIIIIIIIIIII
IIIIA1IIAA1IIIIIIA1IIIIIIIIIIIIIIIIIIIIIIIIIIIIAIIIIIIIIIIIIIIII
IIIIA1IIAA1A1IIIIA1IIIIIIIIIIIIIIIIIIIIIIIIIIIIAIIIIIIIIIIIIIIII
IIIIA1IIAAAA1IIIIA1IIIIIIIIIIIIIIIIIIIIIIIIIIIIAIIIIIIIIIIIIIIII
IIIAA1IIAAAA1IIIIA1IIIIIIIIIIIIIIIIIIIIIIIIIIIIAIIIIIIIIIIIIIIII
IIIAA1IIAAAAA1IIIA1IIIIIIIIIIIIIIIIIIIIIIIIIIIIAIIIIIIIIIIIIIIII
IIIIIIIIIIIIA1IIIIIIIIIIIIIIIIIIIIIIIIIIIIIIIIIIIIIIIIIIIIIIIIII
IIIIIIIIAIIIIIIIIIIIIIIIIIIIIIIIIIIIIIIIIIIIIIIIIIIIIIIIIIIIIIII
IIIIAIIIAIIIIIIIIIIIIIIIIIIIIIIIIIIIIIIIIIIIIIIIIIIIIIIIIIIIIIII
IIIIAIIIAAIIIIIIIIIIIIIIIIIIIIIIIIIIIIIIIIIIIIIIIIIIIIIIIIIIIIII
IIIIAIIIAAIAIIIIIIIIIIIIIIIIIIIIIIIIIIIIIIIIIIIIIIIIIIIIIIIIIIII
IIIIAIIIAAAAIIIIIIIIIIIIIIIIIIIIIIIIIIIIIIIIIIIIIIIIIIIIIIIIIIII
IIIAAIIIAAAAIIIIIIIIIIIIIIIIIIIIIIIIIIIIIIIIIIIIIIIIIIIIIIIIIIII
IIIIIIIIIIIIA12IIIIIIIIIIIIIIIIIIIIIIIIIIIIIIIIIIIIIIIIIIIIIIIII
IIIIIIIIIIIIAIIIIIIIIIIIIIIIIIIIIIIIIIIIIIIIIIIIIIIIIIIIIIIIIIII
IIIIIIIIIA1IIIIIIIIIIIIIIIIIIIIIIIIIIIIIIIIIIIIIIIIIIIIIIIIIIIII
IIIIA1IIIA1IIIIIIIIIIIIIIIIIIIIIIIIIIIIIIIIIIIIIIIIIIIIIIIIIIIII
IIIAA1IIIA1IIIIIIIIIIIIIIIIIIIIIIIIIIIIIIIIIIIIIIIIIIIIIIIIIIIII
IIIIIIIIIIIIIIIIIIIIIIIIIIIIIIIIIIIIIIIIIIIIIIIA1IIIIIIIIIIIIIII
IIIIIIIIIIIIA1IIIIIIIIIIIIIIIIIIIIIIIIIIIIIIIIIA1IIIIIIIIIIIIIII
IIIIIIIIIIIIA1IIIA1IIIIIIIIIIIIIIIIIIIIIIIIIIIIA1IIIIIIIIIIIIIII
IIIIIIIIA1IIA1IIIA1IIIIIIIIIIIIIIIIIIIIIIIIIIIIA1IIIIIIIIIIIIIII
IIIIA1IIA1IIA1IIIA1IIIIIIIIIIIIIIIIIIIIIIIIIIIIA1IIIIIIIIIIIIIII
IIIIA1IIAA1IA1IIIA1IIIIIIIIIIIIIIIIIIIIIIIIIIIIA1IIIIIIIIIIIIIII
IIIIA1IIAA1AA1IIIA1IIIIIIIIIIIIIIIIIIIIIIIIIIIIA1IIIIIIIIIIIIIII
IIIIA1IIAAAAA1IIIA1IIIIIIIIIIIIIIIIIIIIIIIIIIIIA1IIIIIIIIIIIIIII
IIIAA1IIAAAAA1IIIA1IIIIIIIIIIIIIIIIIIIIIIIIIIIIA1IIIIIIIIIIIIIII
IIIIIIIIIIIIIIIIIIIIIIIIIIIIIIIIIIIIIIIIIIIIIIIAIIIIIIIIIIIIIIII
IIIIIIIIIIIIIIIIIAIIIIIIIIIIIIIIIIIIIIIIIIIIIIIAIIIIIIIIIIIIIIII
IIIIIIIIIIIIAIIIIAIIIIIIIIIIIIIIIIIIIIIIIIIIIIIAIIIIIIIIIIIIIIII
IIIIIIIIIIIIAIIIIA1IIIIIIIIIIIIIIIIIIIIIIIIIIIIAIIIIIIIIIIIIIIII
IIIIIIIIA1IIAIIIIA1IIIIIIIIIIIIIIIIIIIIIIIIIIIIAIIIIIIIIIIIIIIII
IIIIA1IIA1IIAIIIIA1IIIIIIIIIIIIIIIIIIIIIIIIIIIIAIIIIIIIIIIIIIIII
IIIIA1IIAA1IAIIIIA1IIIIIIIIIIIIIIIIIIIIIIIIIIIIAIIIIIIIIIIIIIIII
IIIIA1IIAA1AAIIIIA1IIIIIIIIIIIIIIIIIIIIIIIIIIIIAIIIIIIIIIIIIIIII
IIIIA1IIAAAAAIIIIA1IIIIIIIIIIIIIIIIIIIIIIIIIIIIAIIIIIIIIIIIIIIII
IIIAA1IIAAAAAIIIIA1IIIIIIIIIIIIIIIIIIIIIIIIIIIIAIIIIIIIIIIIIIIII
IIIAA1IIAAAAAIIIIA1IIIIIIIIIIIIIIIIIIIIIIIIIIIIA1IIIIIIIIIIIIIII
II2AA1IIAAAAAIIIIA1IIIIIIIIIIIIIIIIIIIIIIIIIIIIA1IIIIIIIIIIIIIII
II2AA1I2AAAAAIIIIA1IIIIIIIIIIIIIIIIIIIIIIIIIIIIA1IIIIIIIIIIIIIII
II2AA1I2AAAAAIIIIA1IIIIIIIIIIIIIIIIIIIIIIIIIII2A1IIIIIIIIIIIIIII
II2AA1I2AAAAAIII2A1IIIIIIIIIIIIIIIIIIIIIIIIIII2A1IIIIIIIIIIIIIII
IIIIIIIIA2IIIIIIIIIIIIIIIIIIIIIIIIIIIIIIIIIIIIIIIIIIIIIIIIIIIIII
IIIIA2IIA2IIIIIIIIIIIIIIIIIIIIIIIIIIIIIIIIIIIIIIIIIIIIIIIIIIIIII
IIIIA2IIAA2IIIIIIIIIIIIIIIIIIIIIIIIIIIIIIIIIIIIIIIIIIIIIIIIIIIII
IIIIA2IIAA2A2IIIIIIIIIIIIIIIIIIIIIIIIIIIIIIIIIIIIIIIIIIIIIIIIIII
IIIIA2IIAAAA2IIIIIIIIIIIIIIIIIIIIIIIIIIIIIIIIIIIIIIIIIIIIIIIIIII
IIIAA2IIAAAA2IIIIIIIIIIIIIIIIIIIIIIIIIIIIIIIIIIIIIIIIIIIIIIIIIII
IIIIIIIIIIIIA1IIIIIIIIIIIIIIIIIIIIIIIIIIIIIIIIIIIIIIIIIIIIIIIIII
IIIIIIIIAIIIA1IIIIIIIIIIIIIIIIIIIIIIIIIIIIIIIIIIIIIIIIIIIIIIIIII
IIIIAIIIAIIIA1IIIIIIIIIIIIIIIIIIIIIIIIIIIIIIIIIIIIIIIIIIIIIIIIII
IIIIAIIIAAIIA1IIIIIIIIIIIIIIIIIIIIIIIIIIIIIIIIIIIIIIIIIIIIIIIIII
IIIIAIIIAAIAA1IIIIIIIIIIIIIIIIIIIIIIIIIIIIIIIIIIIIIIIIIIIIIIIIII
IIIIAIIIAAAAA1IIIIIIIIIIIIIIIIIIIIIIIIIIIIIIIIIIIIIIIIIIIIIIIIII
IIIAAIIIAAAAA1IIIIIIIIIIIIIIIIIIIIIIIIIIIIIIIIIIIIIIIIIIIIIIIIII
IIIIIIIIIIIIA2IIIIIIIIIIIIIIIIIIIIIIIIIIIIIIIIIIIIIIIIIIIIIIIIII
IIIIIIIIIIIIA1IIIIIIIIIIIIIIIIIIIIIIIIIIIIIIIIIIIIIIIIIIIIIIIIII
IIIIIIIIAIIIIIIIIIIIIIIIIIIIIIIIIIIIIIIIIIIIIIIIIIIIIIIIIIIIIIII
IIIIAIIIAIIIIIIIIIIIIIIIIIIIIIIIIIIIIIIIIIIIIIIIIIIIIIIIIIIIIIII
IIIIAIIIAAIIIIIIIIIIIIIIIIIIIIIIIIIIIIIIIIIIIIIIIIIIIIIIIIIIIIII
IIIIAIIIAAIAIIIIIIIIIIIIIIIIIIIIIIIIIIIIIIIIIIIIIIIIIIIIIIIIIIII
IIIIAIIIAAAAIIIIIIIIIIIIIIIIIIIIIIIIIIIIIIIIIIIIIIIIIIIIIIIIIIII
IIIAAIIIAAAAIIIIIIIIIIIIIIIIIIIIIIIIIIIIIIIIIIIIIIIIIIIIIIIIIIII
IIIAAIIIAAAAA2IIIIIIIIIIIIIIIIIIIIIIIIIIIIIIIIIIIIIIIIIIIIIIIIII
IIIIIIIIIIIIA2IIIIIIIIIIIIIIIIIIIIIIIIIIIIIIIIIIIIIIIIIIIIIIIIII
IIIIIIIIIIIIA1IIIIIIIIIIIIIIIIIIIIIIIIIIIIIIIIIIIIIIIIIIIIIIIIII
IIIIIIIIIA1IA1IIIIIIIIIIIIIIIIIIIIIIIIIIIIIIIIIIIIIIIIIIIIIIIIII
IIIIA1IIIA1IA1IIIIIIIIIIIIIIIIIIIIIIIIIIIIIIIIIIIIIIIIIIIIIIIIII
IIIAA1IIIA1IA1IIIIIIIIIIIIIIIIIIIIIIIIIIIIIIIIIIIIIIIIIIIIIIIIII
IIIIIIIIIIIIAIIIIIIIIIIIIIIIIIIIIIIIIIIIIIIIIIIIIIIIIIIIIIIIIIII
IIIIIIIIIIIIA1IIIIIIIIIIIIIIIIIIIIIIIIIIIIIIIIIIIIIIIIIIIIIIIIII
IIIIIIIIIIIIAIIIIIIIIIIIIIIIIIIIIIIIIIIIIIIIIIIIIIIIIIIIIIIIIIII
IIIIIIIIAIIIIIIIIIIIIIIIIIIIIIIIIIIIIIIIIIIIIIIIIIIIIIIIIIIIIIII
IIIIAIIIAIIIIIIIIIIIIIIIIIIIIIIIIIIIIIIIIIIIIIIIIIIIIIIIIIIIIIII
IIIIAIIIAA12IIIIIIIIIIIIIIIIIIIIIIIIIIIIIIIIIIIIIIIIIIIIIIIIIIII
IIIIAIIIAA1A12IIIIIIIIIIIIIIIIIIIIIIIIIIIIIIIIIIIIIIIIIIIIIIIIII
IIIIAIIIAAAA12IIIIIIIIIIIIIIIIIIIIIIIIIIIIIIIIIIIIIIIIIIIIIIIIII
IIIIA12IAAAA12IIIIIIIIIIIIIIIIIIIIIIIIIIIIIIIIIIIIIIIIIIIIIIIIII
IIIAA12IAAAA12IIIIIIIIIIIIIIIIIIIIIIIIIIIIIIIIIIIIIIIIIIIIIIIIII
IIIIIIIIA12IIIIIIIIIIIIIIIIIIIIIIIIIIIIIIIIIIIIIIIIIIIIIIIIIIIII
IIIIA12IA12IIIIIIIIIIIIIIIIIIIIIIIIIIIIIIIIIIIIIIIIIIIIIIIIIIIII
IIIIA12IAA12IIIIIIIIIIIIIIIIIIIIIIIIIIIIIIIIIIIIIIIIIIIIIIIIIIII
IIIIA12IAA1A12IIIIIIIIIIIIIIIIIIIIIIIIIIIIIIIIIIIIIIIIIIIIIIIIII
IIIIA12IAAAA12IIIIIIIIIIIIIIIIIIIIIIIIIIIIIIIIIIIIIIIIIIIIIIIIII
IIIAA12IAAAA12IIIIIIIIIIIIIIIIIIIIIIIIIIIIIIIIIIIIIIIIIIIIIIIIII
IIIIIIIIIIIIIIIIIIIIIIIIIIIIIIIIIIIIIIIIIIIIII2AIIIIIIIIIIIIIIII
IIIIIIIIIIIIIIII2AIIIIIIIIIIIIIIIIIIIIIIIIIIII2AIIIIIIIIIIIIIIII
IIIIIII2AIIIIIII2AIIIIIIIIIIIIIIIIIIIIIIIIIIII2AIIIIIIIIIIIIIIII
III2AII2AIIIIIII2AIIIIIIIIIIIIIIIIIIIIIIIIIIII2AIIIIIIIIIIIIIIII
III2AII2AAIIIIII2AIIIIIIIIIIIIIIIIIIIIIIIIIIII2AIIIIIIIIIIIIIIII
III2AII2AA2AIIII2AIIIIIIIIIIIIIIIIIIIIIIIIIIII2AIIIIIIIIIIIIIIII
III2AII2AAAAIIII2AIIIIIIIIIIIIIIIIIIIIIIIIIIII2AIIIIIIIIIIIIIIII
III2AII2AAAAAIII2AIIIIIIIIIIIIIIIIIIIIIIIIIIII2AIIIIIIIIIIIIIIII
IIIIIIIIIIIIIIIIIIIIIIIIIIIIIIIIIIIIIIIIIIIIIIIA1IIIIIIIIIIIIIII
IIIIIIIIIIIIIIIIIA1IIIIIIIIIIIIIIIIIIIIIIIIIIIIA1IIIIIIIIIIIIIII
IIIIIIIIIIIIA1IIIA1IIIIIIIIIIIIIIIIIIIIIIIIIIIIA1IIIIIIIIIIIIIII
IIIIIIIIIIIIA12IIIIIIIIIIIIIIIIIIIIIIIIIIIIIIIIIIIIIIIIIIIIIIIII
IIIIIIIIA12IA12IIIIIIIIIIIIIIIIIIIIIIIIIIIIIIIIIIIIIIIIIIIIIIIII
IIIIA12IA12IA12IIIIIIIIIIIIIIIIIIIIIIIIIIIIIIIIIIIIIIIIIIIIIIIII
IIIIA12IAA22A12IIIIIIIIIIIIIIIIIIIIIIIIIIIIIIIIIIIIIIIIIIIIIIIII
IIIIA12IAAA2A12IIIIIIIIIIIIIIIIIIIIIIIIIIIIIIIIIIIIIIIIIIIIIIIII
IIIIA12IAAAAA12IIIIIIIIIIIIIIIIIIIIIIIIIIIIIIIIIIIIIIIIIIIIIIIII
IIIAA12IAAAAA12IIIIIIIIIIIIIIIIIIIIIIIIIIIIIIIIIIIIIIIIIIIIIIIII
IIIIIIIIIIIIA1IIIIIIIIIIIIIIIIIIIIIIIIIIIIIIIIIIIIIIIIIIIIIIIIII
IIIIIIIIA1IIA1IIIIIIIIIIIIIIIIIIIIIIIIIIIIIIIIIIIIIIIIIIIIIIIIII
IIIIA1IIA1IIA1IIIIIIIIIIIIIIIIIIIIIIIIIIIIIIIIIIIIIIIIIIIIIIIIII
IIIIA1IIAA1IA1IIIIIIIIIIIIIIIIIIIIIIIIIIIIIIIIIIIIIIIIIIIIIIIIII
IIIIA1IIAA1AA1IIIIIIIIIIIIIIIIIIIIIIIIIIIIIIIIIIIIIIIIIIIIIIIIII
IIIIA1IIAAAAA1IIIIIIIIIIIIIIIIIIIIIIIIIIIIIIIIIIIIIIIIIIIIIIIIII
IIIAA1IIAAAAA1IIIIIIIIIIIIIIIIIIIIIIIIIIIIIIIIIIIIIIIIIIIIIIIIII
IIIIIIIIIIIIIIIIIIIIIIIIIIIIIIIIIIIIIIIIIIIIIIIAIIIIIIIIIIIIIIII
IIIIIIIIIIIIIIIIIAIIIIIIIIIIIIIIIIIIIIIIIIIIIIIAIIIIIIIIIIIIIIII
IIIIIIIIAIIIIIIIIAIIIIIIIIIIIIIIIIIIIIIIIIIIIIIAIIIIIIIIIIIIIIII
IIIIAIIIAIIIIIIIIAIIIIIIIIIIIIIIIIIIIIIIIIIIIIIAIIIIIIIIIIIIIIII
IIIIAIIIAAIIIIIIIAIIIIIIIIIIIIIIIIIIIIIIIIIIIIIAIIIIIIIIIIIIIIII
IIIIAIIIAAIAIIIIIAIIIIIIIIIIIIIIIIIIIIIIIIIIIIIAIIIIIIIIIIIIIIII
IIIIAIIIAAAAIIIIIAIIIIIIIIIIIIIIIIIIIIIIIIIIIIIAIIIIIIIIIIIIIIII
IIIAAIIIAAAAIIIIIAIIIIIIIIIIIIIIIIIIIIIIIIIIIIIAIIIIIIIIIIIIIIII
IIIAA2IIAAAAIIIIIAIIIIIIIIIIIIIIIIIIIIIIIIIIIIIAIIIIIIIIIIIIIIII
IIIIIIIIIIIIIIIIIIIIIIIIIIIIIIIIIIIIIIIIIIIIIIIA2IIIIIIIIIIIIIII
IIIIIIIIIIIIIIIIIA2IIIIIIIIIIIIIIIIIIIIIIIIIIIIA2IIIIIIIIIIIIIII
IIIIIIIIA2IIIIIIIA2IIIIIIIIIIIIIIIIIIIIIIIIIIIIA2IIIIIIIIIIIIIII
IIIIA2IIA2IIIIIIIA2IIIIIIIIIIIIIIIIIIIIIIIIIIIIA2IIIIIIIIIIIIIII
IIIIA2IIAA2IIIIIIA2IIIIIIIIIIIIIIIIIIIIIIIIIIIIA2IIIIIIIIIIIIIII
IIIIA2IIAA2A2IIIIA2IIIIIIIIIIIIIIIIIIIIIIIIIIIIA2IIIIIIIIIIIIIII
IIIIA2IIAAAA2IIIIA2IIIIIIIIIIIIIIIIIIIIIIIIIIIIA2IIIIIIIIIIIIIII
IIIIA1IIAAAA2IIIIA2IIIIIIIIIIIIIIIIIIIIIIIIIIIIA2IIIIIIIIIIIIIII
IIIAA1IIAAAA2IIIIA2IIIIIIIIIIIIIIIIIIIIIIIIIIIIA2IIIIIIIIIIIIIII
IIIAA1IIAAAAA1IIIA2IIIIIIIIIIIIIIIIIIIIIIIIIIIIA2IIIIIIIIIIIIIII
IIIIIIIIIIIIIIIIIIIIIIIIIIIIIIIIIIIIIIIIIIIIIIIA1IIIIIIIIIIIIIII
IIIIIIIIIIIIIIIIIA1IIIIIIIIIIIIIIIIIIIIIIIIIIIIA1IIIIIIIIIIIIIII
IIIIA1IIIIIIIIIIIA1IIIIIIIIIIIIIIIIIIIIIIIIIIIIA1IIIIIIIIIIIIIII
IIIIA1IIA1IIIIIIIA1IIIIIIIIIIIIIIIIIIIIIIIIIIIIA1IIIIIIIIIIIIIII
IIIIA1IIAA1IIIIIIA1IIIIIIIIIIIIIIIIIIIIIIIIIIIIA1IIIIIIIIIIIIIII
IIIIA1IIAA1A1IIIIA1IIIIIIIIIIIIIIIIIIIIIIIIIIIIA1IIIIIIIIIIIIIII
IIIIA1IIAAAA1IIIIA1IIIIIIIIIIIIIIIIIIIIIIIIIIIIA1IIIIIIIIIIIIIII
IIIAA1IIAAAA1IIIIA1IIIIIIIIIIIIIIIIIIIIIIIIIIIIA1IIIIIIIIIIIIIII
IIIAA1IIAAAAA2IIIA1IIIIIIIIIIIIIIIIIIIIIIIIIIIIA1IIIIIIIIIIIIIII
IIIIIIIIIIIIIIIIIIIIIIIIIIIIIIIIIIIIIIIIIIIIIIIA1IIIIIIIIIIIIIII
IIIIIIIIIIIIIIIIIA1IIIIIIIIIIIIIIIIIIIIIIIIIIIIA1IIIIIIIIIIIIIII
IIIIA1IIIIIIIIIIIA1IIIIIIIIIIIIIIIIIIIIIIIIIIIIA1IIIIIIIIIIIIIII
IIIIA1IIA1IIIIIIIA1IIIIIIIIIIIIIIIIIIIIIIIIIIIIA1IIIIIIIIIIIIIII
IIIIA1IIAA1IIIIIIA1IIIIIIIIIIIIIIIIIIIIIIIIIIIIA1IIIIIIIIIIIIIII
IIIIA1IIAA1A1IIIIA1IIIIIIIIIIIIIIIIIIIIIIIIIIIIA1IIIIIIIIIIIIIII
IIIIA1IIAAAA1IIIIA1IIIIIIIIIIIIIIIIIIIIIIIIIIIIA1IIIIIIIIIIIIIII
IIIAA1IIAAAA1IIIIA1IIIIIIIIIIIIIIIIIIIIIIIIIIIIA1IIIIIIIIIIIIIII
IIIIIIIIIIIIAIIIIIIIIIIIIIIIIIIIIIIIIIIIIIIIIIIIIIIIIIIIIIIIIIII
IIIIIIIIIIIIA2IIIIIIIIIIIIIIIIIIIIIIIIIIIIIIIIIIIIIIIIIIIIIIIIII
IIIIIIIIA2IIA2IIIIIIIIIIIIIIIIIIIIIIIIIIIIIIIIIIIIIIIIIIIIIIIIII
IIIIA2IIA2IIA2IIIIIIIIIIIIIIIIIIIIIIIIIIIIIIIIIIIIIIIIIIIIIIIIII
IIIIA2IIAA2IA2IIIIIIIIIIIIIIIIIIIIIIIIIIIIIIIIIIIIIIIIIIIIIIIIII
IIIIA2IIAA2AA2IIIIIIIIIIIIIIIIIIIIIIIIIIIIIIIIIIIIIIIIIIIIIIIIII
IIIIA2IIAAAAA2IIIIIIIIIIIIIIIIIIIIIIIIIIIIIIIIIIIIIIIIIIIIIIIIII
IIIIA1IIAAAAA2IIIIIIIIIIIIIIIIIIIIIIIIIIIIIIIIIIIIIIIIIIIIIIIIII
IIIAA1IIAAAAA2IIIIIIIIIIIIIIIIIIIIIIIIIIIIIIIIIIIIIIIIIIIIIIIIII
IIIAA1IIAAAAA1IIIIIIIIIIIIIIIIIIIIIIIIIIIIIIIIIIIIIIIIIIIIIIIIII
IIIAA1IIAAAAA1IIIIIIIIIIIIIIIIIIIIIIIIIIIIIIIIIAIIIIIIIIIIIIIIII
IIIAA1IIAAAAA1IIIAIIIIIIIIIIIIIIIIIIIIIIIIIIIIIAIIIIIIIIIIIIIIII
IIIIIIIIIIIIIIIIIIIIIIIIIIIIIIIIIIIIIIIIIIIIIIIA1IIIIIIIIIIIIIII
IIIIIIIIIIIIIIIIIA1IIIIIIIIIIIIIIIIIIIIIIIIIIIIA1IIIIIIIIIIIIIII
IIIIIIIIA1IIIIIIIA1IIIIIIIIIIIIIIIIIIIIIIIIIIIIA1IIIIIIIIIIIIIII
IIIIA1IIA1IIIIIIIA1IIIIIIIIIIIIIIIIIIIIIIIIIIIIA1IIIIIIIIIIIIIII
IIIIA1IIAA1IIIIIIA1IIIIIIIIIIIIIIIIIIIIIIIIIIIIA1IIIIIIIIIIIIIII
IIIIA1IIAA1A1IIIIA1IIIIIIIIIIIIIIIIIIIIIIIIIIIIA1IIIIIIIIIIIIIII
IIIIA1IIAAAA1IIIIA1IIIIIIIIIIIIIIIIIIIIIIIIIIIIA1IIIIIIIIIIIIIII
IIIAA1IIAAAA1IIIIA1IIIIIIIIIIIIIIIIIIIIIIIIIIIIA1IIIIIIIIIIIIIII
IIIIIIIIIIIIAIIIIIIIIIIIIIIIIIIIIIIIIIIIIIIIIIIIIIIIIIIIIIIIIIII
IIIIIIIIAIIIIIIIIIIIIIIIIIIIIIIIIIIIIIIIIIIIIIIIIIIIIIIIIIIIIIII
IIIIAIIIAIIIIIIIIIIIIIIIIIIIIIIIIIIIIIIIIIIIIIIIIIIIIIIIIIIIIIII
IIIIAIIIAAIIIIIIIIIIIIIIIIIIIIIIIIIIIIIIIIIIIIIIIIIIIIIIIIIIIIII
IIIIAIIIAAIAIIIIIIIIIIIIIIIIIIIIIIIIIIIIIIIIIIIIIIIIIIIIIIIIIIII
IIIIAIIIAAAAIIIIIIIIIIIIIIIIIIIIIIIIIIIIIIIIIIIIIIIIIIIIIIIIIIII
IIIIA2IIAAAAIIIIIIIIIIIIIIIIIIIIIIIIIIIIIIIIIIIIIIIIIIIIIIIIIIII
IIIAA2IIAAAAIIIIIIIIIIIIIIIIIIIIIIIIIIIIIIIIIIIIIIIIIIIIIIIIIIII
IIIAA2IIAAAAA2IIIIIIIIIIIIIIIIIIIIIIIIIIIIIIIIIIIIIIIIIIIIIIIIII
IIIIIIIIIIIIA1IIIIIIIIIIIIIIIIIIIIIIIIIIIIIIIIIIIIIIIIIIIIIIIIII
IIIIIIIIAIIIA1IIIIIIIIIIIIIIIIIIIIIIIIIIIIIIIIIIIIIIIIIIIIIIIIII
IIIIAIIIAIIIA1IIIIIIIIIIIIIIIIIIIIIIIIIIIIIIIIIIIIIIIIIIIIIIIIII
IIIIAIIIAAIIA1IIIIIIIIIIIIIIIIIIIIIIIIIIIIIIIIIIIIIIIIIIIIIIIIII
IIIIAIIIAAIAA1IIIIIIIIIIIIIIIIIIIIIIIIIIIIIIIIIIIIIIIIIIIIIIIIII
IIIIAIIIAAAAA1IIIIIIIIIIIIIIIIIIIIIIIIIIIIIIIIIIIIIIIIIIIIIIIIII
IIIAAIIIAAAAA1IIIIIIIIIIIIIIIIIIIIIIIIIIIIIIIIIIIIIIIIIIIIIIIIII
IIIAAIIIAAAAA1IIIIIIIIIIIIIIIIIIIIIIIIIIIIIIIIIA1IIIIIIIIIIIIIII
IIIAAIIIAAAAA1IIIA1IIIIIIIIIIIIIIIIIIIIIIIIIIIIA1IIIIIIIIIIIIIII
IIIAA1IIAAAAA1IIIA1IIIIIIIIIIIIIIIIIIIIIIIIIIIIA1IIIIIIIIIIIIIII
IIIIIIIIIIIIIIIIIIIIIIIIIIIIIIIIIIIIIIIIIIIIIIIA2IIIIIIIIIIIIIII
IIIIIIIIIIIIIIIIIA2IIIIIIIIIIIIIIIIIIIIIIIIIIIIA2IIIIIIIIIIIIIII
IIIIIIIIA2IIIIIIIA2IIIIIIIIIIIIIIIIIIIIIIIIIIIIA2IIIIIIIIIIIIIII
IIIIA2IIA2IIIIIIIA2IIIIIIIIIIIIIIIIIIIIIIIIIIIIA2IIIIIIIIIIIIIII
IIIIA2IIAA2IIIIIIA2IIIIIIIIIIIIIIIIIIIIIIIIIIIIA2IIIIIIIIIIIIIII
IIIIA2IIAA2A2IIIIA2IIIIIIIIIIIIIIIIIIIIIIIIIIIIA2IIIIIIIIIIIIIII
IIIIA2IIAAAA2IIIIA2IIIIIIIIIIIIIIIIIIIIIIIIIIIIA2IIIIIIIIIIIIIII
IIIAA2IIAAAA2IIIIA2IIIIIIIIIIIIIIIIIIIIIIIIIIIIA2IIIIIIIIIIIIIII
IIIAA1IIAAAA2IIIIA2IIIIIIIIIIIIIIIIIIIIIIIIIIIIA2IIIIIIIIIIIIIII
IIIAA1IIAAAAA1IIIA2IIIIIIIIIIIIIIIIIIIIIIIIIIIIA2IIIIIIIIIIIIIII
IIIAA1IIAAAAA1IIIA2IIIIIIIIIIIIIIIIIIIIIIIIIIIIA1IIIIIIIIIIIIIII
IIIAA1IIAAAAA1IIIA1IIIIIIIIIIIIIIIIIIIIIIIIIIIIA1IIIIIIIIIIIIIII
IIIIIIIIIIIIA2IIIIIIIIIIIIIIIIIIIIIIIIIIIIIIIIIIIIIIIIIIIIIIIIII
IIIIIIIIIIIIA1IIIIIIIIIIIIIIIIIIIIIIIIIIIIIIIIIIIIIIIIIIIIIIIIII
IIIIIIIIAI2IIIIIIIIIIIIIIIIIIIIIIIIIIIIIIIIIIIIIIIIIIIIIIIIIIIII
IIIIAI2IAI2IIIIIIIIIIIIIIIIIIIIIIIIIIIIIIIIIIIIIIIIIIIIIIIIIIIII
IIIIAI2IAA22IIIIIIIIIIIIIIIIIIIIIIIIIIIIIIIIIIIIIIIIIIIIIIIIIIII
IIIIAI2IAA2AI2IIIIIIIIIIIIIIIIIIIIIIIIIIIIIIIIIIIIIIIIIIIIIIIIII
IIIIAI2IAAAA22IIIIIIIIIIIIIIIIIIIIIIIIIIIIIIIIIIIIIIIIIIIIIIIIII
IIIAA22IAAAA22IIIIIIIIIIIIIIIIIIIIIIIIIIIIIIIIIIIIIIIIIIIIIIIIII
IIIAA12IAAAA22IIIIIIIIIIIIIIIIIIIIIIIIIIIIIIIIIIIIIIIIIIIIIIIIII
IIIIIIIIIIIIIIIIIIIIIIIIIIIIIIIIIIIIIIIIIIIIIIIA1IIIIIIIIIIIIIII
IIIIIIIIIIIIIIIIIA1IIIIIIIIIIIIIIIIIIIIIIIIIIIIA1IIIIIIIIIIIIIII
IIIIA1IIIIIIIIIIIA1IIIIIIIIIIIIIIIIIIIIIIIIIIIIA1IIIIIIIIIIIIIII
IIIIA1IIA1IIIIIIIA1IIIIIIIIIIIIIIIIIIIIIIIIIIIIA1IIIIIIIIIIIIIII
IIIIA1IIAA1IIIIIIA1IIIIIIIIIIIIIIIIIIIIIIIIIIIIA1IIIIIIIIIIIIIII
IIIIA1IIAA1A1IIIIA1IIIIIIIIIIIIIIIIIIIIIIIIIIIIA1IIIIIIIIIIIIIII
IIIIA1IIAAAA1IIIIA1IIIIIIIIIIIIIIIIIIIIIIIIIIIIA1IIIIIIIIIIIIIII
IIIAA1IIAAAA1IIIIA1IIIIIIIIIIIIIIIIIIIIIIIIIIIIA1IIIIIIIIIIIIIII
IIIAA1IIAAAAAIIIIA1IIIIIIIIIIIIIIIIIIIIIIIIIIIIA1IIIIIIIIIIIIIII
IIIIIIIIIIIIA2IIIIIIIIIIIIIIIIIIIIIIIIIIIIIIIIIIIIIIIIIIIIIIIIII
IIIIIIIIIIIIA1IIIIIIIIIIIIIIIIIIIIIIIIIIIIIIIIIIIIIIIIIIIIIIIIII
IIIIIIIIAI1IA1IIIIIIIIIIIIIIIIIIIIIIIIIIIIIIIIIIIIIIIIIIIIIIIIII
IIIIAI1IAI1IA1IIIIIIIIIIIIIIIIIIIIIIIIIIIIIIIIIIIIIIIIIIIIIIIIII
IIIIAI1IAA11A1IIIIIIIIIIIIIIIIIIIIIIIIIIIIIIIIIIIIIIIIIIIIIIIIII
IIIIAI1IAA1AA1IIIIIIIIIIIIIIIIIIIIIIIIIIIIIIIIIIIIIIIIIIIIIIIIII
IIIIAI1IAAAAA1IIIIIIIIIIIIIIIIIIIIIIIIIIIIIIIIIIIIIIIIIIIIIIIIII
IIIAA11IAAAAA1IIIIIIIIIIIIIIIIIIIIIIIIIIIIIIIIIIIIIIIIIIIIIIIIII
IIIAA11IAAAAA11IIIIIIIIIIIIIIIIIIIIIIIIIIIIIIIIIIIIIIIIIIIIIIIII
IIIIIIIIIIIIIIIIIIIIIIIIIIIIIIIIIIIIIIIIIIIIIIIA2IIIIIIIIIIIIIII
IIIIIIIIIIIIIIIIIA2IIIIIIIIIIIIIIIIIIIIIIIIIIIIA2IIIIIIIIIIIIIII
IIIIIIIIA2IIIIIIIA2IIIIIIIIIIIIIIIIIIIIIIIIIIIIA2IIIIIIIIIIIIIII
IIIIA2IIA2IIIIIIIA2IIIIIIIIIIIIIIIIIIIIIIIIIIIIA2IIIIIIIIIIIIIII
IIIIA2IIAA2IIIIIIA2IIIIIIIIIIIIIIIIIIIIIIIIIIIIA2IIIIIIIIIIIIIII
IIIIA2IIAA2A2IIIIA2IIIIIIIIIIIIIIIIIIIIIIIIIIIIA2IIIIIIIIIIIIIII
IIIIA2IIAAAA2IIIIA2IIIIIIIIIIIIIIIIIIIIIIIIIIIIA2IIIIIIIIIIIIIII
IIIAA2IIAAAA2IIIIA2IIIIIIIIIIIIIIIIIIIIIIIIIIIIA2IIIIIIIIIIIIIII
IIIIIIIIIIIIIIIIIIIIIIIIIIIIIIIIIIIIIIIIIIIIIIIA2IIIIIIIIIIIIIII
IIIIIIIIIIIIIIIIIA2IIIIIIIIIIIIIIIIIIIIIIIIIIIIA2IIIIIIIIIIIIIII
IIIIIIIIIIIIIIIIIA2IIIIIIIIIIIIIIIIIIIIIIIIIIIIA1IIIIIIIIIIIIIII
IIIIIIIIIIIIA1IIIA2IIIIIIIIIIIIIIIIIIIIIIIIIIIIA1IIIIIIIIIIIIIII
IIIIIIIIIIIIA1IIIA1IIIIIIIIIIIIIIIIIIIIIIIIIIIIA1IIIIIIIIIIIIIII
IIIIIIIIA1IIA1IIIA1IIIIIIIIIIIIIIIIIIIIIIIIIIIIA1IIIIIIIIIIIIIII
IIIIA1IIA1IIA1IIIA1IIIIIIIIIIIIIIIIIIIIIIIIIIIIA1IIIIIIIIIIIIIII
IIIIA1IIAA1IA1IIIA1IIIIIIIIIIIIIIIIIIIIIIIIIIIIA1IIIIIIIIIIIIIII
IIIIA1IIAA1AA1IIIA1IIIIIIIIIIIIIIIIIIIIIIIIIIIIA1IIIIIIIIIIIIIII
IIIIA1IIAAAAA1IIIA1IIIIIIIIIIIIIIIIIIIIIIIIIIIIA1IIIIIIIIIIIIIII
IIIAA1IIAAAAA1IIIA1IIIIIIIIIIIIIIIIIIIIIIIIIIIIA1IIIIIIIIIIIIIII
IIIIIIIIIIIIAIIIIIIIIIIIIIIIIIIIIIIIIIIIIIIIIIIIIIIIIIIIIIIIIIII
IIIIIIIIAIIIAIIIIIIIIIIIIIIIIIIIIIIIIIIIIIIIIIIIIIIIIIIIIIIIIIII
IIIIAIIIAIIIAIIIIIIIIIIIIIIIIIIIIIIIIIIIIIIIIIIIIIIIIIIIIIIIIIII
IIIIAIIIAAIIAIIIIIIIIIIIIIIIIIIIIIIIIIIIIIIIIIIIIIIIIIIIIIIIIIII
IIIIAIIIAAIAAIIIIIIIIIIIIIIIIIIIIIIIIIIIIIIIIIIIIIIIIIIIIIIIIIII
IIIIAIIIAAAAAIIIIIIIIIIIIIIIIIIIIIIIIIIIIIIIIIIIIIIIIIIIIIIIIIII
IIIIIIIIIIIIA1IIIIIIIIIIIIIIIIIIIIIIIIIIIIIIIIIIIIIIIIIIIIIIIIII
IIIIIIIIIIIIIIIIIIIIIIIIIIIIIIIIIIIIIIIIIIIIIIIAIIIIIIIIIIIIIIII
IIIIIIIIIIIIIIIIIAIIIIIIIIIIIIIIIIIIIIIIIIIIIIIAIIIIIIIIIIIIIIII
IIIIIIIIAIIIIIIIIAIIIIIIIIIIIIIIIIIIIIIIIIIIIIIAIIIIIIIIIIIIIIII
IIIIAIIIAIIIIIIIIAIIIIIIIIIIIIIIIIIIIIIIIIIIIIIAIIIIIIIIIIIIIIII
IIIIAIIIAAIIIIIIIAIIIIIIIIIIIIIIIIIIIIIIIIIIIIIAIIIIIIIIIIIIIIII
IIIIAIIIAAIAIIIIIAIIIIIIIIIIIIIIIIIIIIIIIIIIIIIAIIIIIIIIIIIIIIII
IIIIAIIIAAAAIIIIIAIIIIIIIIIIIIIIIIIIIIIIIIIIIIIAIIIIIIIIIIIIIIII
IIIAAIIIAAAAIIIIIAIIIIIIIIIIIIIIIIIIIIIIIIIIIIIAIIIIIIIIIIIIIIII
IIIIIIIIIIIIA2IIIIIIIIIIIIIIIIIIIIIIIIIIIIIIIIIIIIIIIIIIIIIIIIII
IIIIIIIIIIIIIIIIIIIIIIIIIIIIIIIIIIIIIIIIIIIIIIIA1IIIIIIIIIIIIIII
IIIIIIIIIIIIIIIIIA1IIIIIIIIIIIIIIIIIIIIIIIIIIIIA1IIIIIIIIIIIIIII
IIIIIIIIA1IIIIIIIA1IIIIIIIIIIIIIIIIIIIIIIIIIIIIA1IIIIIIIIIIIIIII
IIIIA1IIA1IIIIIIIA1IIIIIIIIIIIIIIIIIIIIIIIIIIIIA1IIIIIIIIIIIIIII
IIIIA1IIAA1IIIIIIA1IIIIIIIIIIIIIIIIIIIIIIIIIIIIA1IIIIIIIIIIIIIII
IIIIA1IIAA1A1IIIIA1IIIIIIIIIIIIIIIIIIIIIIIIIIIIA1IIIIIIIIIIIIIII
IIIIA1IIAAAA1IIIIA1IIIIIIIIIIIIIIIIIIIIIIIIIIIIA1IIIIIIIIIIIIIII
IIIAA1IIAAAA1IIIIA1IIIIIIIIIIIIIIIIIIIIIIIIIIIIA1IIIIIIIIIIIIIII
IIIIIIIIIIIIAIIIIIIIIIIIIIIIIIIIIIIIIIIIIIIIIIIIIIIIIIIIIIIIIIII
IIIIIIIIAIIIIIIIIIIIIIIIIIIIIIIIIIIIIIIIIIIIIIIIIIIIIIIIIIIIIIII
IIIIAIIIAIIIIIIIIIIIIIIIIIIIIIIIIIIIIIIIIIIIIIIIIIIIIIIIIIIIIIII
IIIIAIIIAAIIIIIIIIIIIIIIIIIIIIIIIIIIIIIIIIIIIIIIIIIIIIIIIIIIIIII
IIIIAIIIAAIAIIIIIIIIIIIIIIIIIIIIIIIIIIIIIIIIIIIIIIIIIIIIIIIIIIII
IIIIAIIIAAAAIIIIIIIIIIIIIIIIIIIIIIIIIIIIIIIIIIIIIIIIIIIIIIIIIIII
IIIAAIIIAAAAIIIIIIIIIIIIIIIIIIIIIIIIIIIIIIIIIIIIIIIIIIIIIIIIIIII
IIIIIIIIIIIIA2IIIIIIIIIIIIIIIIIIIIIIIIIIIIIIIIIIIIIIIIIIIIIIIIII
IIIIIIIIIIIIA1IIIIIIIIIIIIIIIIIIIIIIIIIIIIIIIIIIIIIIIIIIIIIIIIII
IIIIIIIIIIIIAIIIIIIIIIIIIIIIIIIIIIIIIIIIIIIIIIIIIIIIIIIIIIIIIIII
IIIIIIIIA12IIIIIIIIIIIIIIIIIIIIIIIIIIIIIIIIIIIIIIIIIIIIIIIIIIIII
IIIIA12IA12IIIIIIIIIIIIIIIIIIIIIIIIIIIIIIIIIIIIIIIIIIIIIIIIIIIII
IIIIA12IAA12IIIIIIIIIIIIIIIIIIIIIIIIIIIIIIIIIIIIIIIIIIIIIIIIIIII
IIIIA12IAA1A12IIIIIIIIIIIIIIIIIIIIIIIIIIIIIIIIIIIIIIIIIIIIIIIIII
IIIIA12IAAAA12IIIIIIIIIIIIIIIIIIIIIIIIIIIIIIIIIIIIIIIIIIIIIIIIII
IIIAA12IAAAA12IIIIIIIIIIIIIIIIIIIIIIIIIIIIIIIIIIIIIIIIIIIIIIIIII
IIIIIIIIIIIIA12IIIIIIIIIIIIIIIIIIIIIIIIIIIIIIIIIIIIIIIIIIIIIIIII
IIIIIIIIIIIIA1IIIIIIIIIIIIIIIIIIIIIIIIIIIIIIIIIIIIIIIIIIIIIIIIII
IIIIIIIIIIIIAIIIIIIIIIIIIIIIIIIIIIIIIIIIIIIIIIIIIIIIIIIIIIIIIIII
IIIIIIIIAIIIAIIIIIIIIIIIIIIIIIIIIIIIIIIIIIIIIIIIIIIIIIIIIIIIIIII
IIIIAIIIAIIIAIIIIIIIIIIIIIIIIIIIIIIIIIIIIIIIIIIIIIIIIIIIIIIIIIII
IIIIAIIIAAIIAIIIIIIIIIIIIIIIIIIIIIIIIIIIIIIIIIIIIIIIIIIIIIIIIIII
IIIIAIIIAAAIAIIIIIIIIIIIIIIIIIIIIIIIIIIIIIIIIIIIIIIIIIIIIIIIIIII
IIIIAIIIAAAAAIIIIIIIIIIIIIIIIIIIIIIIIIIIIIIIIIIIIIIIIIIIIIIIIIII
IIIAAIIIAAAAAIIIIIIIIIIIIIIIIIIIIIIIIIIIIIIIIIIIIIIIIIIIIIIIIIII
IIIAA1IIAAAAAIIIIIIIIIIIIIIIIIIIIIIIIIIIIIIIIIIIIIIIIIIIIIIIIIII
IIIIIIIIIIIIIIIIIIIIIIIIIIIIIIIIIIIIIIIIIIIIIIIA1IIIIIIIIIIIIIII
IIIIIIIIIIIIIIIIIA1IIIIIIIIIIIIIIIIIIIIIIIIIIIIA1IIIIIIIIIIIIIII
IIIIIIIIA1IIIIIIIA1IIIIIIIIIIIIIIIIIIIIIIIIIIIIA1IIIIIIIIIIIIIII
IIIIA1IIA1IIIIIIIA1IIIIIIIIIIIIIIIIIIIIIIIIIIIIA1IIIIIIIIIIIIIII
IIIIA1IIAA1IIIIIIA1IIIIIIIIIIIIIIIIIIIIIIIIIIIIA1IIIIIIIIIIIIIII
IIIIA1IIAA1A1IIIIA1IIIIIIIIIIIIIIIIIIIIIIIIIIIIA1IIIIIIIIIIIIIII
IIIIA1IIAAAA1IIIIA1IIIIIIIIIIIIIIIIIIIIIIIIIIIIA1IIIIIIIIIIIIIII
IIIAA1IIAAAA1IIIIA1IIIIIIIIIIIIIIIIIIIIIIIIIIIIA1IIIIIIIIIIIIIII
IIIIIIIIIIIIIIIIIIIIIIIIIIIIIIIIIIIIIIIIIIIIII2AIIIIIIIIIIIIIIII
IIIIIIIIIII2AIIIIIIIIIIIIIIIIIIIIIIIIIIIIIIIII2AIIIIIIIIIIIIIIII
IIIIIIIIIII2AIII2AIIIIIIIIIIIIIIIIIIIIIIIIIIII2AIIIIIIIIIIIIIIII
IIIIIII2AII2AIII2AIIIIIIIIIIIIIIIIIIIIIIIIIIII2AIIIIIIIIIIIIIIII
III2AII2AII2AIII2AIIIIIIIIIIIIIIIIIIIIIIIIIIII2AIIIIIIIIIIIIIIII
III2AII2AAI2AIII2AIIIIIIIIIIIIIIIIIIIIIIIIIIII2AIIIIIIIIIIIIIIII
III2AII2AA2AAIII2AIIIIIIIIIIIIIIIIIIIIIIIIIIII2AIIIIIIIIIIIIIIII
III2AII2AAAAAIII2AIIIIIIIIIIIIIIIIIIIIIIIIIIII2AIIIIIIIIIIIIIIII
II2AAII2AAAAAIII2AIIIIIIIIIIIIIIIIIIIIIIIIIIII2AIIIIIIIIIIIIIIII
IIIIA1IIIIIIIIIIIIIIIIIIIIIIIIIIIIIIIIIIIIIIIIIIIIIIIIIIIIIIIIII
IIIIA1IIIA1IIIIIIIIIIIIIIIIIIIIIIIIIIIIIIIIIIIIIIIIIIIIIIIIIIIII
IIIAA1IIIA1IIIIIIIIIIIIIIIIIIIIIIIIIIIIIIIIIIIIIIIIIIIIIIIIIIIII
IIIAA1IIAA1IIIIIIIIIIIIIIIIIIIIIIIIIIIIIIIIIIIIIIIIIIIIIIIIIIIII
IIIAA1IIAA1A1IIIIIIIIIIIIIIIIIIIIIIIIIIIIIIIIIIIIIIIIIIIIIIIIIII
IIIAA1IIAAAA1IIIIIIIIIIIIIIIIIIIIIIIIIIIIIIIIIIIIIIIIIIIIIIIIIII
IIIAA1IIAAAAAIIIIIIIIIIIIIIIIIIIIIIIIIIIIIIIIIIIIIIIIIIIIIIIIIII
IIIIIIIIIIIIIIIIIIIIIIIIIIIIIIIIIIIIIIIIIIIIIIIAIIIIIIIIIIIIIIII
IIIIIIIIIIIIIIIIIAIIIIIIIIIIIIIIIIIIIIIIIIIIIIIAIIIIIIIIIIIIIIII
IIIIIIIIAIIIIIIIIAIIIIIIIIIIIIIIIIIIIIIIIIIIIIIAIIIIIIIIIIIIIIII
IIIIAIIIAIIIIIIIIAIIIIIIIIIIIIIIIIIIIIIIIIIIIIIAIIIIIIIIIIIIIIII
IIIIAIIIAA2IIIIIIAIIIIIIIIIIIIIIIIIIIIIIIIIIIIIAIIIIIIIIIIIIIIII
IIIIAIIIAA2A2IIIIAIIIIIIIIIIIIIIIIIIIIIIIIIIIIIAIIIIIIIIIIIIIIII
IIIIAIIIAAAA2IIIIAIIIIIIIIIIIIIIIIIIIIIIIIIIIIIAIIIIIIIIIIIIIIII
IIIIA2IIAAAA2IIIIAIIIIIIIIIIIIIIIIIIIIIIIIIIIIIAIIIIIIIIIIIIIIII
IIIAA2IIAAAA2IIIIAIIIIIIIIIIIIIIIIIIIIIIIIIIIIIAIIIIIIIIIIIIIIII
IIIAA2IIAAAAA2IIIAIIIIIIIIIIIIIIIIIIIIIIIIIIIIIAIIIIIIIIIIIIIIII
IIIIIIIIIIIIIIIIIIIIIIIIIIIIIIIIIIIIIIIIIIIIIIIA1IIIIIIIIIIIIIII
IIIIIIIIIIIIIIIIIA1IIIIIIIIIIIIIIIIIIIIIIIIIIIIA1IIIIIIIIIIIIIII
IIIIIIIIA1IIIIIIIA1IIIIIIIIIIIIIIIIIIIIIIIIIIIIA1IIIIIIIIIIIIIII
IIIIA1IIA1IIIIIIIA1IIIIIIIIIIIIIIIIIIIIIIIIIIIIA1IIIIIIIIIIIIIII
IIIIA1IIAA1IIIIIIA1IIIIIIIIIIIIIIIIIIIIIIIIIIIIA1IIIIIIIIIIIIIII
IIIIA1IIAA1A1IIIIA1IIIIIIIIIIIIIIIIIIIIIIIIIIIIA1IIIIIIIIIIIIIII
IIIIA1IIAAAA1IIIIA1IIIIIIIIIIIIIIIIIIIIIIIIIIIIA1IIIIIIIIIIIIIII
IIIAA1IIAAAA1IIIIA1IIIIIIIIIIIIIIIIIIIIIIIIIIIIA1IIIIIIIIIIIIIII
IIIIIIIIIIIIA1IIIIIIIIIIIIIIIIIIIIIIIIIIIIIIIIIIIIIIIIIIIIIIIIII
IIIIIIIIIIIIA1IIIIIIIIIIIIIIIIIIIIIIIIIIIIIIIIIA1IIIIIIIIIIIIIII
IIIIIIIIIIIIA1IIIA1IIIIIIIIIIIIIIIIIIIIIIIIIIIIA1IIIIIIIIIIIIIII
IIIIIIIIIIIIA1IIIA1IIIIIIIIIIIIIIIIIIIIIIIIIII2A1IIIIIIIIIIIIIII
IIIIIIIIIIIIA1II2A1IIIIIIIIIIIIIIIIIIIIIIIIIII2A1IIIIIIIIIIIIIII
IIIIIII2AIIIA1II2A1IIIIIIIIIIIIIIIIIIIIIIIIIII2A1IIIIIIIIIIIIIII
III2AII2AIIIA1II2A1IIIIIIIIIIIIIIIIIIIIIIIIIII2A1IIIIIIIIIIIIIII
III2AII2AAIIA1II2A1IIIIIIIIIIIIIIIIIIIIIIIIIII2A1IIIIIIIIIIIIIII
III2AII2AAAIA1II2A1IIIIIIIIIIIIIIIIIIIIIIIIIII2A1IIIIIIIIIIIIIII
III2AII2AAAAA1II2A1IIIIIIIIIIIIIIIIIIIIIIIIIII2A1IIIIIIIIIIIIIII
II2AAII2AAAAA1II2A1IIIIIIIIIIIIIIIIIIIIIIIIIII2A1IIIIIIIIIIIIIII
II2AA1I2AAAAA1II2A1IIIIIIIIIIIIIIIIIIIIIIIIIII2A1IIIIIIIIIIIIIII
IIIIIIIIIIIIIIIIIIIIIIIIIIIIIIIIIIIIIIIIIIIIIIIAIIIIIIIIIIIIIIII
IIIIIIIIIIIIAIIIIIIIIIIIIIIIIIIIIIIIIIIIIIIIIIIAIIIIIIIIIIIIIIII
IIIIIIIIIIIIAIIIIAIIIIIIIIIIIIIIIIIIIIIIIIIIIIIAIIIIIIIIIIIIIIII
IIIIIIIIAIIIAIIIIAIIIIIIIIIIIIIIIIIIIIIIIIIIIIIAIIIIIIIIIIIIIIII
IIIIAIIIAIIIAIIIIAIIIIIIIIIIIIIIIIIIIIIIIIIIIIIAIIIIIIIIIIIIIIII
IIIIAIIIAAIIAIIIIAIIIIIIIIIIIIIIIIIIIIIIIIIIIIIAIIIIIIIIIIIIIIII
IIIIAIIIAAIAAIIIIAIIIIIIIIIIIIIIIIIIIIIIIIIIIIIAIIIIIIIIIIIIIIII
IIIIAIIIAAAAAIIIIAIIIIIIIIIIIIIIIIIIIIIIIIIIIIIAIIIIIIIIIIIIIIII
IIIIA1IIAAAAAIIIIAIIIIIIIIIIIIIIIIIIIIIIIIIIIIIAIIIIIIIIIIIIIIII
IIIAA1IIAAAAAIIIIAIIIIIIIIIIIIIIIIIIIIIIIIIIIIIAIIIIIIIIIIIIIIII
IIIIIIIIIIIIA1IIIIIIIIIIIIIIIIIIIIIIIIIIIIIIIIIIIIIIIIIIIIIIIIII
IIIIIIIIAIIIA1IIIIIIIIIIIIIIIIIIIIIIIIIIIIIIIIIIIIIIIIIIIIIIIIII
IIIIAIIIAIIIA1IIIIIIIIIIIIIIIIIIIIIIIIIIIIIIIIIIIIIIIIIIIIIIIIII
IIIIAIIIAAIIA1IIIIIIIIIIIIIIIIIIIIIIIIIIIIIIIIIIIIIIIIIIIIIIIIII
IIIIAIIIAAIAA1IIIIIIIIIIIIIIIIIIIIIIIIIIIIIIIIIIIIIIIIIIIIIIIIII
IIIIAIIIAAAAA1IIIIIIIIIIIIIIIIIIIIIIIIIIIIIIIIIIIIIIIIIIIIIIIIII
IIIAAIIIAAAAA1IIIIIIIIIIIIIIIIIIIIIIIIIIIIIIIIIIIIIIIIIIIIIIIIII
IIIAA1IIAAAAA1IIIIIIIIIIIIIIIIIIIIIIIIIIIIIIIIIIIIIIIIIIIIIIIIII
IIIIIIIIIIIIIIIIIIIIIIIIIIIIIIIIIIIIIIIIIIIIIIIA1IIIIIIIIIIIIIII
IIIIIIIIIIIIIIIIIA1IIIIIIIIIIIIIIIIIIIIIIIIIIIIA1IIIIIIIIIIIIIII
IIIIIIIIA1IIIIIIIA1IIIIIIIIIIIIIIIIIIIIIIIIIIIIA1IIIIIIIIIIIIIII
IIIIA1IIA1IIIIIIIA1IIIIIIIIIIIIIIIIIIIIIIIIIIIIA1IIIIIIIIIIIIIII
IIIIA1IIAA1IIIIIIA1IIIIIIIIIIIIIIIIIIIIIIIIIIIIA1IIIIIIIIIIIIIII
IIIIA1IIAA1A1IIIIA1IIIIIIIIIIIIIIIIIIIIIIIIIIIIA1IIIIIIIIIIIIIII
IIIIA1IIAAAA1IIIIA1IIIIIIIIIIIIIIIIIIIIIIIIIIIIA1IIIIIIIIIIIIIII
IIIAA1IIAAAA1IIIIA1IIIIIIIIIIIIIIIIIIIIIIIIIIIIA1IIIIIIIIIIIIIII
IIIAA1IIAAAA1IIIIA1IIIIIIIIIIIIIIIIIIIIIIIIIII2A1IIIIIIIIIIIIIII
IIIAA1IIAAAA1III2A1IIIIIIIIIIIIIIIIIIIIIIIIIII2A1IIIIIIIIIIIIIII
IIIAA1I2AAAA1III2A1IIIIIIIIIIIIIIIIIIIIIIIIIII2A1IIIIIIIIIIIIIII
II2AA1I2AAAA1III2A1IIIIIIIIIIIIIIIIIIIIIIIIIII2A1IIIIIIIIIIIIIII
II2AA1I2AAAAA1II2A1IIIIIIIIIIIIIIIIIIIIIIIIIII2A1IIIIIIIIIIIIIII
IIIIIIIIIIIIIIIIIIIIIIIIIIIIIIIIIIIIIIIIIIIIIIIA1IIIIIIIIIIIIIII
IIIIIIIIIIIIIIIIIAIIIIIIIIIIIIIIIIIIIIIIIIIIIIIA1IIIIIIIIIIIIIII
IIIIAIIIIIIIIIIIIAIIIIIIIIIIIIIIIIIIIIIIIIIIIIIA1IIIIIIIIIIIIIII
IIIIAIIIAIIIIIIIIAIIIIIIIIIIIIIIIIIIIIIIIIIIIIIA1IIIIIIIIIIIIIII
IIIIAIIIAAIIIIIIIAIIIIIIIIIIIIIIIIIIIIIIIIIIIIIA1IIIIIIIIIIIIIII
IIIIAIIIAAIAIIIIIAIIIIIIIIIIIIIIIIIIIIIIIIIIIIIA1IIIIIIIIIIIIIII
IIIIAIIIAAAAIIIIIAIIIIIIIIIIIIIIIIIIIIIIIIIIIIIA1IIIIIIIIIIIIIII
IIIAAIIIAAAAIIIIIAIIIIIIIIIIIIIIIIIIIIIIIIIIIIIA1IIIIIIIIIIIIIII
IIIAAIIIAAAAA1IIIAIIIIIIIIIIIIIIIIIIIIIIIIIIIIIA1IIIIIIIIIIIIIII
IIIAAIIIAAAAA1IIIA1IIIIIIIIIIIIIIIIIIIIIIIIIIIIA1IIIIIIIIIIIIIII
IIIAA1IIAAAAA1IIIA1IIIIIIIIIIIIIIIIIIIIIIIIIIIIA1IIIIIIIIIIIIIII
IIIIIIIIA2IIIIIIIIIIIIIIIIIIIIIIIIIIIIIIIIIIIIIIIIIIIIIIIIIIIIII
IIIIA2IIA2IIIIIIIIIIIIIIIIIIIIIIIIIIIIIIIIIIIIIIIIIIIIIIIIIIIIII
IIIIA2IIAA2IIIIIIIIIIIIIIIIIIIIIIIIIIIIIIIIIIIIIIIIIIIIIIIIIIIII
IIIIA2IIAA2A2IIIIIIIIIIIIIIIIIIIIIIIIIIIIIIIIIIIIIIIIIIIIIIIIIII
IIIIA2IIAAAA2IIIIIIIIIIIIIIIIIIIIIIIIIIIIIIIIIIIIIIIIIIIIIIIIIII
IIIAA2IIAAAA2IIIIIIIIIIIIIIIIIIIIIIIIIIIIIIIIIIIIIIIIIIIIIIIIIII
IIIAA2IIAAAAA2IIIIIIIIIIIIIIIIIIIIIIIIIIIIIIIIIIIIIIIIIIIIIIIIII
IIIIIIIIIIIIIIIIIIIIIIIIIIIIIIIIIIIIIIIIIIIIIIIA2IIIIIIIIIIIIIII
IIIIIIIIIIIIIIIIIA2IIIIIIIIIIIIIIIIIIIIIIIIIIIIA2IIIIIIIIIIIIIII
IIIIIIIIA2IIIIIIIA2IIIIIIIIIIIIIIIIIIIIIIIIIIIIA2IIIIIIIIIIIIIII
IIIIA2IIA2IIIIIIIA2IIIIIIIIIIIIIIIIIIIIIIIIIIIIA2IIIIIIIIIIIIIII
IIIIA2IIAA2IIIIIIA2IIIIIIIIIIIIIIIIIIIIIIIIIIIIA2IIIIIIIIIIIIIII
IIIIA2IIAA2A2IIIIA2IIIIIIIIIIIIIIIIIIIIIIIIIIIIA2IIIIIIIIIIIIIII
IIIIA2IIAAAA2IIIIA2IIIIIIIIIIIIIIIIIIIIIIIIIIIIA2IIIIIIIIIIIIIII
IIIIIIIIA1IIIIIIIIIIIIIIIIIIIIIIIIIIIIIIIIIIIIIIIIIIIIIIIIIIIIII
IIIIA1IIA1IIIIIIIIIIIIIIIIIIIIIIIIIIIIIIIIIIIIIIIIIIIIIIIIIIIIII
IIIIA1IIAA1IIIIIIIIIIIIIIIIIIIIIIIIIIIIIIIIIIIIIIIIIIIIIIIIIIIII
IIIIA1IIAA1A1IIIIIIIIIIIIIIIIIIIIIIIIIIIIIIIIIIIIIIIIIIIIIIIIIII
IIIIA1IIAAAA1IIIIIIIIIIIIIIIIIIIIIIIIIIIIIIIIIIIIIIIIIIIIIIIIIII
IIIAA1IIAAAA1IIIIIIIIIIIIIIIIIIIIIIIIIIIIIIIIIIIIIIIIIIIIIIIIIII
IIIIIIIIIIIIAIIIIIIIIIIIIIIIIIIIIIIIIIIIIIIIIIIIIIIIIIIIIIIIIIII
IIIIIIIIA1IIIIIIIIIIIIIIIIIIIIIIIIIIIIIIIIIIIIIIIIIIIIIIIIIIIIII
IIIIA1IIA1IIIIIIIIIIIIIIIIIIIIIIIIIIIIIIIIIIIIIIIIIIIIIIIIIIIIII
IIIIA1IIAA1IIIIIIIIIIIIIIIIIIIIIIIIIIIIIIIIIIIIIIIIIIIIIIIIIIIII
IIIIA1IIAA1A1IIIIIIIIIIIIIIIIIIIIIIIIIIIIIIIIIIIIIIIIIIIIIIIIIII
IIIIA1IIAAAA1IIIIIIIIIIIIIIIIIIIIIIIIIIIIIIIIIIIIIIIIIIIIIIIIIII
IIIAA1IIAAAA1IIIIIIIIIIIIIIIIIIIIIIIIIIIIIIIIIIIIIIIIIIIIIIIIIII
IIIIIIIIIIIIIIIIIIIIIIIIIIIIIIIIIIIIIIIIIIIIIIIA1IIIIIIIIIIIIIII
IIIIIIIIIIIIIIIIIA1IIIIIIIIIIIIIIIIIIIIIIIIIIIIA1IIIIIIIIIIIIIII
IIIIIIIIIIIIA1IIIA1IIIIIIIIIIIIIIIIIIIIIIIIIIIIA1IIIIIIIIIIIIIII
IIIIIII2AIIIA1IIIA1IIIIIIIIIIIIIIIIIIIIIIIIIIIIA1IIIIIIIIIIIIIII
III2AII2AIIIA1IIIA1IIIIIIIIIIIIIIIIIIIIIIIIIIIIA1IIIIIIIIIIIIIII
III2AII2AAIIA1IIIA1IIIIIIIIIIIIIIIIIIIIIIIIIIIIA1IIIIIIIIIIIIIII
III2AII2AA2AA1IIIA1IIIIIIIIIIIIIIIIIIIIIIIIIIIIA1IIIIIIIIIIIIIII
III2AII2AAAAA1IIIA1IIIIIIIIIIIIIIIIIIIIIIIIIIIIA1IIIIIIIIIIIIIII
IIIIIIII2AIIIIIIIIIIIIIIIIIIIIIIIIIIIIIIIIIIIIIIIIIIIIIIIIIIIIII
III2AIII2AIIIIIIIIIIIIIIIIIIIIIIIIIIIIIIIIIIIIIIIIIIIIIIIIIIIIII
II2AAIII2AIIIIIIIIIIIIIIIIIIIIIIIIIIIIIIIIIIIIIIIIIIIIIIIIIIIIII
II2AAIII2AIIA1IIIIIIIIIIIIIIIIIIIIIIIIIIIIIIIIIIIIIIIIIIIIIIIIII
IIIIIIIIIIIIA1IIIIIIIIIIIIIIIIIIIIIIIIIIIIIIIIIIIIIIIIIIIIIIIIII
IIIIIIIIIIIIAIIIIIIIIIIIIIIIIIIIIIIIIIIIIIIIIIIIIIIIIIIIIIIIIIII
IIIIIIIIAIIIAIIIIIIIIIIIIIIIIIIIIIIIIIIIIIIIIIIIIIIIIIIIIIIIIIII
IIIIAIIIAIIIAIIIIIIIIIIIIIIIIIIIIIIIIIIIIIIIIIIIIIIIIIIIIIIIIIII
IIIIAIIIAAIIAIIIIIIIIIIIIIIIIIIIIIIIIIIIIIIIIIIIIIIIIIIIIIIIIIII
IIIIAIIIAAIAAIIIIIIIIIIIIIIIIIIIIIIIIIIIIIIIIIIIIIIIIIIIIIIIIIII
IIIIAIIIAAAAAIIIIIIIIIIIIIIIIIIIIIIIIIIIIIIIIIIIIIIIIIIIIIIIIIII
IIIAAIIIAAAAAIIIIIIIIIIIIIIIIIIIIIIIIIIIIIIIIIIIIIIIIIIIIIIIIIII
IIIAA12IAAAAAIIIIIIIIIIIIIIIIIIIIIIIIIIIIIIIIIIIIIIIIIIIIIIIIIII
IIIIIIIIIIIIIIIIIIIIIIIIIIIIIIIIIIIIIIIIIIIIIIIA12IIIIIIIIIIIIII
IIIIIIIIIIIIIIIIIA12IIIIIIIIIIIIIIIIIIIIIIIIIIIA12IIIIIIIIIIIIII
IIIIIIIIA12IIIIIIA12IIIIIIIIIIIIIIIIIIIIIIIIIIIA12IIIIIIIIIIIIII
IIIIA12IA12IIIIIIA12IIIIIIIIIIIIIIIIIIIIIIIIIIIA12IIIIIIIIIIIIII
IIIIA12IAA12IIIIIA12IIIIIIIIIIIIIIIIIIIIIIIIIIIA12IIIIIIIIIIIIII
IIIIA12IAA1A12IIIA12IIIIIIIIIIIIIIIIIIIIIIIIIIIA12IIIIIIIIIIIIII
IIIIA12IAAAA12IIIA12IIIIIIIIIIIIIIIIIIIIIIIIIIIA12IIIIIIIIIIIIII
IIIAA12IAAAA12IIIA12IIIIIIIIIIIIIIIIIIIIIIIIIIIA12IIIIIIIIIIIIII
IIIAA122AAAA12IIIA12IIIIIIIIIIIIIIIIIIIIIIIIIIIA12IIIIIIIIIIIIII
II2AA122AAAA12IIIA12IIIIIIIIIIIIIIIIIIIIIIIIIIIA12IIIIIIIIIIIIII
IIIIIIIIIIIIA2IIIIIIIIIIIIIIIIIIIIIIIIIIIIIIIIIIIIIIIIIIIIIIIIII
IIIIIIIIIIIIA1IIIIIIIIIIIIIIIIIIIIIIIIIIIIIIIIIIIIIIIIIIIIIIIIII
IIIIIIIIA1IIA1IIIIIIIIIIIIIIIIIIIIIIIIIIIIIIIIIIIIIIIIIIIIIIIIII
IIIIA1IIA1IIA1IIIIIIIIIIIIIIIIIIIIIIIIIIIIIIIIIIIIIIIIIIIIIIIIII
IIIIA1IIAA1IA1IIIIIIIIIIIIIIIIIIIIIIIIIIIIIIIIIIIIIIIIIIIIIIIIII
IIIIA1IIAA1AA1IIIIIIIIIIIIIIIIIIIIIIIIIIIIIIIIIIIIIIIIIIIIIIIIII
IIIIA1IIAAAAA1IIIIIIIIIIIIIIIIIIIIIIIIIIIIIIIIIIIIIIIIIIIIIIIIII
IIIAA1IIAAAAA1IIIIIIIIIIIIIIIIIIIIIIIIIIIIIIIIIIIIIIIIIIIIIIIIII
IIIIIIIIIIIIA2IIIIIIIIIIIIIIIIIIIIIIIIIIIIIIIIIIIIIIIIIIIIIIIIII
IIIIIIIIIIIIAA2IIIIIIIIIIIIIIIIIIIIIIIIIIIIIIIIIIIIIIIIIIIIIIIII
IIIIIIIIIIIIAA2IIIIIIIIIIIIIIIIIIIIIIIIIIIIIIIIA2IIIIIIIIIIIIIII
IIIIIIIIIIIIAA2IIA2IIIIIIIIIIIIIIIIIIIIIIIIIIIIA2IIIIIIIIIIIIIII
IIIIIIIIA2IIAA2IIA2IIIIIIIIIIIIIIIIIIIIIIIIIIIIA2IIIIIIIIIIIIIII
IIIIA2IIA2IIAA2IIA2IIIIIIIIIIIIIIIIIIIIIIIIIIIIA2IIIIIIIIIIIIIII
IIIIA2IIAA2IAA2IIA2IIIIIIIIIIIIIIIIIIIIIIIIIIIIA2IIIIIIIIIIIIIII
IIIIA2IIAA2AAA2IIA2IIIIIIIIIIIIIIIIIIIIIIIIIIIIA2IIIIIIIIIIIIIII
IIIIA2IIAAAAAA2IIA2IIIIIIIIIIIIIIIIIIIIIIIIIIIIA2IIIIIIIIIIIIIII
IIIAA2IIAAAAAA2IIA2IIIIIIIIIIIIIIIIIIIIIIIIIIIIA2IIIIIIIIIIIIIII
IIIIIIIIIIIIIIIIIIIIIIIIIIIIIIIIIIIIIIIIIIIIIIIA2IIIIIIIIIIIIIII
IIIIIIIIIIIIIIIIIA2IIIIIIIIIIIIIIIIIIIIIIIIIIIIA2IIIIIIIIIIIIIII
IIIIIIIIA2IIIIIIIA2IIIIIIIIIIIIIIIIIIIIIIIIIIIIA2IIIIIIIIIIIIIII
IIIIA2IIA2IIIIIIIA2IIIIIIIIIIIIIIIIIIIIIIIIIIIIA2IIIIIIIIIIIIIII
IIIIA2IIAA2IIIIIIA2IIIIIIIIIIIIIIIIIIIIIIIIIIIIA2IIIIIIIIIIIIIII
IIIIA2IIAA2A2IIIIA2IIIIIIIIIIIIIIIIIIIIIIIIIIIIA2IIIIIIIIIIIIIII
IIIIA2IIAAAA2IIIIA2IIIIIIIIIIIIIIIIIIIIIIIIIIIIA2IIIIIIIIIIIIIII
IIIIA1IIAAAA2IIIIA2IIIIIIIIIIIIIIIIIIIIIIIIIIIIA2IIIIIIIIIIIIIII
IIIAA1IIAAAA2IIIIA2IIIIIIIIIIIIIIIIIIIIIIIIIIIIA2IIIIIIIIIIIIIII
IIIIIIIIIIIIA1IIIIIIIIIIIIIIIIIIIIIIIIIIIIIIIIIIIIIIIIIIIIIIIIII
IIIIIIIIAIIIIIIIIIIIIIIIIIIIIIIIIIIIIIIIIIIIIIIIIIIIIIIIIIIIIIII
IIIIAIIIAIIIIIIIIIIIIIIIIIIIIIIIIIIIIIIIIIIIIIIIIIIIIIIIIIIIIIII
IIIIAIIIAAIIIIIIIIIIIIIIIIIIIIIIIIIIIIIIIIIIIIIIIIIIIIIIIIIIIIII
IIIIAIIIAAIAIIIIIIIIIIIIIIIIIIIIIIIIIIIIIIIIIIIIIIIIIIIIIIIIIIII
IIIIAIIIAAAAIIIIIIIIIIIIIIIIIIIIIIIIIIIIIIIIIIIIIIIIIIIIIIIIIIII
IIIAAIIIAAAAIIIIIIIIIIIIIIIIIIIIIIIIIIIIIIIIIIIIIIIIIIIIIIIIIIII
IIIIIIIIIIIIIIIIIIIIIIIIIIIIIIIIIIIIIIIIIIIIIIIA1IIIIIIIIIIIIIII
IIIIIIIIIIIIA1IIIIIIIIIIIIIIIIIIIIIIIIIIIIIIIIIA1IIIIIIIIIIIIIII
IIIIIIIIIIIIA1IIIA1IIIIIIIIIIIIIIIIIIIIIIIIIIIIA1IIIIIIIIIIIIIII
IIIIIIIIA1IIA1IIIA1IIIIIIIIIIIIIIIIIIIIIIIIIIIIA1IIIIIIIIIIIIIII
IIIIA1IIA1IIA1IIIA1IIIIIIIIIIIIIIIIIIIIIIIIIIIIA1IIIIIIIIIIIIIII
IIIIA1IIAA1IA1IIIA1IIIIIIIIIIIIIIIIIIIIIIIIIIIIA1IIIIIIIIIIIIIII
IIIIA1IIAA1AA1IIIA1IIIIIIIIIIIIIIIIIIIIIIIIIIIIA1IIIIIIIIIIIIIII
IIIIA1IIAAAAA1IIIA1IIIIIIIIIIIIIIIIIIIIIIIIIIIIA1IIIIIIIIIIIIIII
IIIAA1IIAAAAA1IIIA1IIIIIIIIIIIIIIIIIIIIIIIIIIIIA1IIIIIIIIIIIIIII
IIIIIIIIIIIIIIIIIIIIIIIIIIIIIIIIIIIIIIIIIIIIIIIA1IIIIIIIIIIIIIII
IIIIIIIIIIIIIIIIIA2IIIIIIIIIIIIIIIIIIIIIIIIIIIIA1IIIIIIIIIIIIIII
IIIIIIIIA2IIIIIIIA2IIIIIIIIIIIIIIIIIIIIIIIIIIIIA1IIIIIIIIIIIIIII
IIIIA2IIA2IIIIIIIA2IIIIIIIIIIIIIIIIIIIIIIIIIIIIA1IIIIIIIIIIIIIII
IIIIA2IIAA2IIIIIIA2IIIIIIIIIIIIIIIIIIIIIIIIIIIIA1IIIIIIIIIIIIIII
IIIIA2IIAA2A2IIIIA2IIIIIIIIIIIIIIIIIIIIIIIIIIIIA1IIIIIIIIIIIIIII
IIIIA2IIAAAA2IIIIA2IIIIIIIIIIIIIIIIIIIIIIIIIIIIA1IIIIIIIIIIIIIII
IIIAA2IIAAAA2IIIIA2IIIIIIIIIIIIIIIIIIIIIIIIIIIIA1IIIIIIIIIIIIIII
IIIIIIIIIIIIA1IIIIIIIIIIIIIIIIIIIIIIIIIIIIIIIIIIIIIIIIIIIIIIIIII
IIIIIIIIIIIIAIIIIIIIIIIIIIIIIIIIIIIIIIIIIIIIIIIIIIIIIIIIIIIIIIII
IIIIIIIIA2IIIIIIIIIIIIIIIIIIIIIIIIIIIIIIIIIIIIIIIIIIIIIIIIIIIIII
IIIIA2IIA2IIIIIIIIIIIIIIIIIIIIIIIIIIIIIIIIIIIIIIIIIIIIIIIIIIIIII
IIIIA2IIAA2IIIIIIIIIIIIIIIIIIIIIIIIIIIIIIIIIIIIIIIIIIIIIIIIIIIII
IIIIA2IIAA2A2IIIIIIIIIIIIIIIIIIIIIIIIIIIIIIIIIIIIIIIIIIIIIIIIIII
IIIIA2IIAAAA2IIIIIIIIIIIIIIIIIIIIIIIIIIIIIIIIIIIIIIIIIIIIIIIIIII
IIIAA2IIAAAA2IIIIIIIIIIIIIIIIIIIIIIIIIIIIIIIIIIIIIIIIIIIIIIIIIII
IIIAA1IIAAAA2IIIIIIIIIIIIIIIIIIIIIIIIIIIIIIIIIIIIIIIIIIIIIIIIIII
IIIAA1IIAAAAA1IIIIIIIIIIIIIIIIIIIIIIIIIIIIIIIIIIIIIIIIIIIIIIIIII
IIIAA1IIAAAAA1IIIIIIIIIIIIIIIIIIIIIIIIIIIIIIIIIA1IIIIIIIIIIIIIII
IIIAA1IIAAAAA1IIIA1IIIIIIIIIIIIIIIIIIIIIIIIIIIIA1IIIIIIIIIIIIIII
IIIIIIIIIIIIAIIIIIIIIIIIIIIIIIIIIIIIIIIIIIIIIIIIIIIIIIIIIIIIIIII
IIIIIIIIAIIIAIIIIIIIIIIIIIIIIIIIIIIIIIIIIIIIIIIIIIIIIIIIIIIIIIII
IIIIAIIIAIIIAIIIIIIIIIIIIIIIIIIIIIIIIIIIIIIIIIIIIIIIIIIIIIIIIIII
IIIIAIIIA1IIAIIIIIIIIIIIIIIIIIIIIIIIIIIIIIIIIIIIIIIIIIIIIIIIIIII
IIIIA1IIA1IIAIIIIIIIIIIIIIIIIIIIIIIIIIIIIIIIIIIIIIIIIIIIIIIIIIII
IIIIA1IIAA1IAIIIIIIIIIIIIIIIIIIIIIIIIIIIIIIIIIIIIIIIIIIIIIIIIIII
IIIIA1IIAA1AAIIIIIIIIIIIIIIIIIIIIIIIIIIIIIIIIIIIIIIIIIIIIIIIIIII
IIIIA1IIAAAAAIIIIIIIIIIIIIIIIIIIIIIIIIIIIIIIIIIIIIIIIIIIIIIIIIII
IIIAA1IIAAAAAIIIIIIIIIIIIIIIIIIIIIIIIIIIIIIIIIIIIIIIIIIIIIIIIIII
IIIAA1IIAAAAA1IIIIIIIIIIIIIIIIIIIIIIIIIIIIIIIIIIIIIIIIIIIIIIIIII
IIIIIIIIIIIIIIIIIIIIIIIIIIIIIIIIIIIIIIIIIIIIIIIAIIIIIIIIIIIIIIII
IIIIIIIIIIIIIIIIIAIIIIIIIIIIIIIIIIIIIIIIIIIIIIIAIIIIIIIIIIIIIIII
IIIIIIIIAIIIIIIIIAIIIIIIIIIIIIIIIIIIIIIIIIIIIIIAIIIIIIIIIIIIIIII
IIIIAIIIAIIIIIIIIAIIIIIIIIIIIIIIIIIIIIIIIIIIIIIAIIIIIIIIIIIIIIII
IIIIAIIIAAIIIIIIIAIIIIIIIIIIIIIIIIIIIIIIIIIIIIIAIIIIIIIIIIIIIIII
IIIIAIIIAAIAIIIIIAIIIIIIIIIIIIIIIIIIIIIIIIIIIIIAIIIIIIIIIIIIIIII
IIIIAIIIAAAAIIIIIAIIIIIIIIIIIIIIIIIIIIIIIIIIIIIAIIIIIIIIIIIIIIII
IIIIIIIIIA1IIIIIIIIIIIIIIIIIIIIIIIIIIIIIIIIIIIIIIIIIIIIIIIIIIIII
IIIIA1IIIA1IIIIIIIIIIIIIIIIIIIIIIIIIIIIIIIIIIIIIIIIIIIIIIIIIIIII
IIIAA1IIIA1IIIIIIIIIIIIIIIIIIIIIIIIIIIIIIIIIIIIIIIIIIIIIIIIIIIII
IIIAA1IIIA1IAIIIIIIIIIIIIIIIIIIIIIIIIIIIIIIIIIIIIIIIIIIIIIIIIIII
IIIIIIIIIIIIA1IIIIIIIIIIIIIIIIIIIIIIIIIIIIIIIIIIIIIIIIIIIIIIIIII
IIIIIIIIA1IIA1IIIIIIIIIIIIIIIIIIIIIIIIIIIIIIIIIIIIIIIIIIIIIIIIII
IIIIA1IIA1IIA1IIIIIIIIIIIIIIIIIIIIIIIIIIIIIIIIIIIIIIIIIIIIIIIIII
IIIIA1IIAA1IA1IIIIIIIIIIIIIIIIIIIIIIIIIIIIIIIIIIIIIIIIIIIIIIIIII
IIIIA1IIAA1AA1IIIIIIIIIIIIIIIIIIIIIIIIIIIIIIIIIIIIIIIIIIIIIIIIII
IIIIA1IIAAAAA1IIIIIIIIIIIIIIIIIIIIIIIIIIIIIIIIIIIIIIIIIIIIIIIIII
IIIAA1IIAAAAA1IIIIIIIIIIIIIIIIIIIIIIIIIIIIIIIIIIIIIIIIIIIIIIIIII
IIIIIIIIIIIIA2IIIIIIIIIIIIIIIIIIIIIIIIIIIIIIIIIIIIIIIIIIIIIIIIII
IIIIIIIIIIIIA22IIIIIIIIIIIIIIIIIIIIIIIIIIIIIIIIIIIIIIIIIIIIIIIII
IIIIIIIIA22IIIIIIIIIIIIIIIIIIIIIIIIIIIIIIIIIIIIIIIIIIIIIIIIIIIII
IIIIA22IA22IIIIIIIIIIIIIIIIIIIIIIIIIIIIIIIIIIIIIIIIIIIIIIIIIIIII
IIIIA22IAA22IIIIIIIIIIIIIIIIIIIIIIIIIIIIIIIIIIIIIIIIIIIIIIIIIIII
IIIIA22IAA2A22IIIIIIIIIIIIIIIIIIIIIIIIIIIIIIIIIIIIIIIIIIIIIIIIII
IIIIA22IAAAA22IIIIIIIIIIIIIIIIIIIIIIIIIIIIIIIIIIIIIIIIIIIIIIIIII
IIIAA22IAAAA22IIIIIIIIIIIIIIIIIIIIIIIIIIIIIIIIIIIIIIIIIIIIIIIIII
IIIIIIIIIIIIA1IIIIIIIIIIIIIIIIIIIIIIIIIIIIIIIIIIIIIIIIIIIIIIIIII
IIIIIIIIA1IIIIIIIIIIIIIIIIIIIIIIIIIIIIIIIIIIIIIIIIIIIIIIIIIIIIII
IIIIA1IIA1IIIIIIIIIIIIIIIIIIIIIIIIIIIIIIIIIIIIIIIIIIIIIIIIIIIIII
IIIIA1IIAA1IIIIIIIIIIIIIIIIIIIIIIIIIIIIIIIIIIIIIIIIIIIIIIIIIIIII
IIIIA1IIAA1A1IIIIIIIIIIIIIIIIIIIIIIIIIIIIIIIIIIIIIIIIIIIIIIIIIII
IIIIA1IIAAAA1IIIIIIIIIIIIIIIIIIIIIIIIIIIIIIIIIIIIIIIIIIIIIIIIIII
IIIAA1IIAAAA1IIIIIIIIIIIIIIIIIIIIIIIIIIIIIIIIIIIIIIIIIIIIIIIIIII
IIIIIIIIIIIIAIIIIIIIIIIIIIIIIIIIIIIIIIIIIIIIIIIIIIIIIIIIIIIIIIII
IIIIIIIIA2IIIIIIIIIIIIIIIIIIIIIIIIIIIIIIIIIIIIIIIIIIIIIIIIIIIIII
IIIIA2IIA2IIIIIIIIIIIIIIIIIIIIIIIIIIIIIIIIIIIIIIIIIIIIIIIIIIIIII
IIIIA2IIAA2IIIIIIIIIIIIIIIIIIIIIIIIIIIIIIIIIIIIIIIIIIIIIIIIIIIII
IIIIA2IIAA2A2IIIIIIIIIIIIIIIIIIIIIIIIIIIIIIIIIIIIIIIIIIIIIIIIIII
IIIIA2IIAAAA2IIIIIIIIIIIIIIIIIIIIIIIIIIIIIIIIIIIIIIIIIIIIIIIIIII
IIIAA2IIAAAA2IIIIIIIIIIIIIIIIIIIIIIIIIIIIIIIIIIIIIIIIIIIIIIIIIII
IIIIIIIIIIIIA1IIIIIIIIIIIIIIIIIIIIIIIIIIIIIIIIIIIIIIIIIIIIIIIIII
IIIIIIIIA1IIA1IIIIIIIIIIIIIIIIIIIIIIIIIIIIIIIIIIIIIIIIIIIIIIIIII
IIIIA1IIA1IIA1IIIIIIIIIIIIIIIIIIIIIIIIIIIIIIIIIIIIIIIIIIIIIIIIII
IIIIA1IIAA1IA1IIIIIIIIIIIIIIIIIIIIIIIIIIIIIIIIIIIIIIIIIIIIIIIIII
IIIIA1IIAA1AA1IIIIIIIIIIIIIIIIIIIIIIIIIIIIIIIIIIIIIIIIIIIIIIIIII
IIIIA1IIAAAAA1IIIIIIIIIIIIIIIIIIIIIIIIIIIIIIIIIIIIIIIIIIIIIIIIII
IIIAA1IIAAAAA1IIIIIIIIIIIIIIIIIIIIIIIIIIIIIIIIIIIIIIIIIIIIIIIIII
IIIIIIIIA1IIIIIIIIIIIIIIIIIIIIIIIIIIIIIIIIIIIIIIIIIIIIIIIIIIIIII
IIIIA1IIA1IIIIIIIIIIIIIIIIIIIIIIIIIIIIIIIIIIIIIIIIIIIIIIIIIIIIII
IIIIA1IIAA1IIIIIIIIIIIIIIIIIIIIIIIIIIIIIIIIIIIIIIIIIIIIIIIIIIIII
IIIIA1IIAA1A1IIIIIIIIIIIIIIIIIIIIIIIIIIIIIIIIIIIIIIIIIIIIIIIIIII
IIIIA1IIAAAA1IIIIIIIIIIIIIIIIIIIIIIIIIIIIIIIIIIIIIIIIIIIIIIIIIII
IIIIA1IIAAAAA1IIIIIIIIIIIIIIIIIIIIIIIIIIIIIIIIIIIIIIIIIIIIIIIIII
IIIAA1IIAAAAA1IIIIIIIIIIIIIIIIIIIIIIIIIIIIIIIIIIIIIIIIIIIIIIIIII
IIIIIIIIIIIIIIIIIIIIIIIIIIIIIIIIIIIIIIIIIIIIIIIAIIIIIIIIIIIIIIII
IIIIIIIIIIIIIIIIIAIIIIIIIIIIIIIIIIIIIIIIIIIIIIIAIIIIIIIIIIIIIIII
IIIIIIIIIIIIIIIIIAIAIIIIIIIIIIIIIIIIIIIIIIIIIIIAIIIIIIIIIIIIIIII
IIIIIIIIAIIIIIIIIAIAIIIIIIIIIIIIIIIIIIIIIIIIIIIAIIIIIIIIIIIIIIII
IIIIAIIIAIIIIIIIIAIAIIIIIIIIIIIIIIIIIIIIIIIIIIIAIIIIIIIIIIIIIIII
IIIIAIIIAAIIIIIIIAIAIIIIIIIIIIIIIIIIIIIIIIIIIIIAIIIIIIIIIIIIIIII
IIIIAIIIAAIAIIIIIAIAIIIIIIIIIIIIIIIIIIIIIIIIIIIAIIIIIIIIIIIIIIII
IIIIAIIIAAAAIIIIIAIAIIIIIIIIIIIIIIIIIIIIIIIIIIIAIIIIIIIIIIIIIIII
IIIAAIIIAAAAIIIIIAIAIIIIIIIIIIIIIIIIIIIIIIIIIIIAIIIIIIIIIIIIIIII
IIIAA2IIAAAAIIIIIAIAIIIIIIIIIIIIIIIIIIIIIIIIIIIAIIIIIIIIIIIIIIII
IIIAA2IIAAAAA2IIIAIAIIIIIIIIIIIIIIIIIIIIIIIIIIIAIIIIIIIIIIIIIIII
IIIAA2IIAAAAA2IIIAIAIIIIIIIIIIIIIIIIIIIIIIIIIIIA2IIIIIIIIIIIIIII
IIIAA2IIAAAAA2IIIA2AIIIIIIIIIIIIIIIIIIIIIIIIIIIA2IIIIIIIIIIIIIII
IIIAA2IIAAAAA2IIIA2A2IIIIIIIIIIIIIIIIIIIIIIIIIIA2IIIIIIIIIIIIIII
IIIIIIIIIIIIIIIIIIIIIIIIIIIIIIIIIIIIIIIIIIIIIIIA2IIIIIIIIIIIIIII
IIIIIIIIIIIIIIIIIA2IIIIIIIIIIIIIIIIIIIIIIIIIIIIA2IIIIIIIIIIIIIII
IIIIIIIIIIIIIIIIIA2A2IIIIIIIIIIIIIIIIIIIIIIIIIIA2IIIIIIIIIIIIIII
IIIIIIIIA2IIIIIIIA2A2IIIIIIIIIIIIIIIIIIIIIIIIIIA2IIIIIIIIIIIIIII
IIIIA2IIA2IIIIIIIA2A2IIIIIIIIIIIIIIIIIIIIIIIIIIA2IIIIIIIIIIIIIII
IIIIA2IIAA2IIIIIIA2A2IIIIIIIIIIIIIIIIIIIIIIIIIIA2IIIIIIIIIIIIIII
IIIIA2IIAA2A2IIIIA2A2IIIIIIIIIIIIIIIIIIIIIIIIIIA2IIIIIIIIIIIIIII
IIIIA2IIAAAA2IIIIA2A2IIIIIIIIIIIIIIIIIIIIIIIIIIA2IIIIIIIIIIIIIII
IIIAA2IIAAAA2IIIIA2A2IIIIIIIIIIIIIIIIIIIIIIIIIIA2IIIIIIIIIIIIIII
IIIAA1IIAAAA2IIIIA2A2IIIIIIIIIIIIIIIIIIIIIIIIIIA2IIIIIIIIIIIIIII
IIIAA1IIAAAAA1IIIA2A2IIIIIIIIIIIIIIIIIIIIIIIIIIA2IIIIIIIIIIIIIII
IIIAA1IIAAAAA1IIIA2A2IIIIIIIIIIIIIIIIIIIIIIIIIIA1IIIIIIIIIIIIIII
IIIAA1IIAAAAA1IIIA1A2IIIIIIIIIIIIIIIIIIIIIIIIIIA1IIIIIIIIIIIIIII
IIIAA1IIAAAAA1IIIA1A1IIIIIIIIIIIIIIIIIIIIIIIIIIA1IIIIIIIIIIIIIII
IIIAA1I2AAAAA1IIIA1A1IIIIIIIIIIIIIIIIIIIIIIIIIIA1IIIIIIIIIIIIIII
II2AA1I2AAAAA1IIIA1A1IIIIIIIIIIIIIIIIIIIIIIIIIIA1IIIIIIIIIIIIIII
II2AA1I2AAAAA1IIIA1A1IIIIIIIIIIIIIIIIIIIIIIIII2A1IIIIIIIIIIIIIII
II2AA1I2AAAAA1II2A1A1IIIIIIIIIIIIIIIIIIIIIIIII2A1IIIIIIIIIIIIIII
IIIIIIIIIIIIIIIIIIIIIIIIIIIIIIIIIIIIIIIIIIIIIIIA1IIIIIIIIIIIIIII
IIIIIIIIIIIIIIIIIA1IIIIIIIIIIIIIIIIIIIIIIIIIIIIA1IIIIIIIIIIIIIII
IIIIIIIIA1IIIIIIIA1IIIIIIIIIIIIIIIIIIIIIIIIIIIIA1IIIIIIIIIIIIIII
IIIIA1IIA1IIIIIIIA1IIIIIIIIIIIIIIIIIIIIIIIIIIIIA1IIIIIIIIIIIIIII
IIIIA1IIAA1IIIIIIA1IIIIIIIIIIIIIIIIIIIIIIIIIIIIA1IIIIIIIIIIIIIII
IIIIA1IIAA1A1IIIIA1IIIIIIIIIIIIIIIIIIIIIIIIIIIIA1IIIIIIIIIIIIIII
IIIIA1IIAAAA1IIIIA1IIIIIIIIIIIIIIIIIIIIIIIIIIIIA1IIIIIIIIIIIIIII
IIIAA1IIAAAA1IIIIA1IIIIIIIIIIIIIIIIIIIIIIIIIIIIA1IIIIIIIIIIIIIII
IIIIIIIIIIIIA1IIIIIIIIIIIIIIIIIIIIIIIIIIIIIIIIIIIIIIIIIIIIIIIIII
IIIIIIIIA1IIIIIIIIIIIIIIIIIIIIIIIIIIIIIIIIIIIIIIIIIIIIIIIIIIIIII
IIIIA1IIA1IIIIIIIIIIIIIIIIIIIIIIIIIIIIIIIIIIIIIIIIIIIIIIIIIIIIII
IIIIA1IIAA1IIIIIIIIIIIIIIIIIIIIIIIIIIIIIIIIIIIIIIIIIIIIIIIIIIIII
IIIIA1IIAA1A1IIIIIIIIIIIIIIIIIIIIIIIIIIIIIIIIIIIIIIIIIIIIIIIIIII
IIIIA1IIAAAA1IIIIIIIIIIIIIIIIIIIIIIIIIIIIIIIIIIIIIIIIIIIIIIIIIII
IIIAA1IIAAAA1IIIIIIIIIIIIIIIIIIIIIIIIIIIIIIIIIIIIIIIIIIIIIIIIIII
IIIAA1IIAAAAAIIIIIIIIIIIIIIIIIIIIIIIIIIIIIIIIIIIIIIIIIIIIIIIIIII
IIIAA1IIAAAAAIIIIIIIIIIIIIIIIIIIIIIIIIIIIIIIIIIAIIIIIIIIIIIIIIII
IIIAA1IIAAAAAIIIIA2IIIIIIIIIIIIIIIIIIIIIIIIIIIIAIIIIIIIIIIIIIIII
IIIIIIIIIIIIIIIIIIIIIIIIIIIIIIIIIIIIIIIIIIIIIIIA2IIIIIIIIIIIIIII
IIIIIIIIIIIIIIIIIA2IIIIIIIIIIIIIIIIIIIIIIIIIIIIA2IIIIIIIIIIIIIII
IIIIIIIIA2IIIIIIIA2IIIIIIIIIIIIIIIIIIIIIIIIIIIIA2IIIIIIIIIIIIIII
IIIIA2IIA2IIIIIIIA2IIIIIIIIIIIIIIIIIIIIIIIIIIIIA2IIIIIIIIIIIIIII
IIIIA2IIAA2IIIIIIA2IIIIIIIIIIIIIIIIIIIIIIIIIIIIA2IIIIIIIIIIIIIII
IIIIA2IIAA2A2IIIIA2IIIIIIIIIIIIIIIIIIIIIIIIIIIIA2IIIIIIIIIIIIIII
IIIIA2IIAAAA2IIIIA2IIIIIIIIIIIIIIIIIIIIIIIIIIIIA2IIIIIIIIIIIIIII
IIIAA2IIAAAA2IIIIA2IIIIIIIIIIIIIIIIIIIIIIIIIIIIA2IIIIIIIIIIIIIII
IIIAA1IIAAAA2IIIIA2IIIIIIIIIIIIIIIIIIIIIIIIIIIIA2IIIIIIIIIIIIIII
IIIAA1IIAAAA1IIIIA2IIIIIIIIIIIIIIIIIIIIIIIIIIIIA2IIIIIIIIIIIIIII
IIIAA1IIAAAAA1IIIA2IIIIIIIIIIIIIIIIIIIIIIIIIIIIA2IIIIIIIIIIIIIII
IIIIIIIIIIIIIIIIIIIIIIIIIIIIIIIIIIIIIIIIIIIIIIIA2IIIIIIIIIIIIIII
IIIIIIIIIIIIIIIIIA2IIIIIIIIIIIIIIIIIIIIIIIIIIIIA2IIIIIIIIIIIIIII
IIIIIIIIA2IIIIIIIA2IIIIIIIIIIIIIIIIIIIIIIIIIIIIA2IIIIIIIIIIIIIII
IIIIA2IIA2IIIIIIIA2IIIIIIIIIIIIIIIIIIIIIIIIIIIIA2IIIIIIIIIIIIIII
IIIIA2IIAA2IIIIIIA2IIIIIIIIIIIIIIIIIIIIIIIIIIIIA2IIIIIIIIIIIIIII
IIIIA2IIAA2A2IIIIA2IIIIIIIIIIIIIIIIIIIIIIIIIIIIA2IIIIIIIIIIIIIII
IIIIA2IIAAAA2IIIIA2IIIIIIIIIIIIIIIIIIIIIIIIIIIIA2IIIIIIIIIIIIIII
IIIAA2IIAAAA2IIIIA2IIIIIIIIIIIIIIIIIIIIIIIIIIIIA2IIIIIIIIIIIIIII
IIIAA2IIAAAAA2IIIA2IIIIIIIIIIIIIIIIIIIIIIIIIIIIA2IIIIIIIIIIIIIII
IIIIIIIIIIIIA1IIIIIIIIIIIIIIIIIIIIIIIIIIIIIIIIIIIIIIIIIIIIIIIIII
IIIIIIIIA1IIA1IIIIIIIIIIIIIIIIIIIIIIIIIIIIIIIIIIIIIIIIIIIIIIIIII
IIIIA1IIA1IIA1IIIIIIIIIIIIIIIIIIIIIIIIIIIIIIIIIIIIIIIIIIIIIIIIII
IIIIA1IIAA1IA1IIIIIIIIIIIIIIIIIIIIIIIIIIIIIIIIIIIIIIIIIIIIIIIIII
IIIIA1IIAA1AA1IIIIIIIIIIIIIIIIIIIIIIIIIIIIIIIIIIIIIIIIIIIIIIIIII
IIIIA1IIAAAAA1IIIIIIIIIIIIIIIIIIIIIIIIIIIIIIIIIIIIIIIIIIIIIIIIII
IIIAA1IIAAAAA1IIIIIIIIIIIIIIIIIIIIIIIIIIIIIIIIIIIIIIIIIIIIIIIIII
IIIIIIIIIIIIAIIIIIIIIIIIIIIIIIIIIIIIIIIIIIIIIIIIIIIIIIIIIIIIIIII
IIIIIIIIIIIIA2IIIIIIIIIIIIIIIIIIIIIIIIIIIIIIIIIIIIIIIIIIIIIIIIII
IIIIIIIIIIIIA1IIIIIIIIIIIIIIIIIIIIIIIIIIIIIIIIIIIIIIIIIIIIIIIIII
IIIIIIIIAIIIIIIIIIIIIIIIIIIIIIIIIIIIIIIIIIIIIIIIIIIIIIIIIIIIIIII
IIIIAIIIAIIIIIIIIIIIIIIIIIIIIIIIIIIIIIIIIIIIIIIIIIIIIIIIIIIIIIII
IIIIAIIIAAIIIIIIIIIIIIIIIIIIIIIIIIIIIIIIIIIIIIIIIIIIIIIIIIIIIIII
IIIIAIIIAAIAIIIIIIIIIIIIIIIIIIIIIIIIIIIIIIIIIIIIIIIIIIIIIIIIIIII
IIIIAIIIAAAAIIIIIIIIIIIIIIIIIIIIIIIIIIIIIIIIIIIIIIIIIIIIIIIIIIII
IIIAAIIIAAAAIIIIIIIIIIIIIIIIIIIIIIIIIIIIIIIIIIIIIIIIIIIIIIIIIIII
IIIAA1IIAAAAIIIIIIIIIIIIIIIIIIIIIIIIIIIIIIIIIIIIIIIIIIIIIIIIIIII
IIIIIIIIIIIIA1IIIIIIIIIIIIIIIIIIIIIIIIIIIIIIIIIIIIIIIIIIIIIIIIII
IIIIIIIIIIIIA1IIIIIIIIIIIIIIIIIIIIIIIIIIIIIIIIIA1IIIIIIIIIIIIIII
IIIIIIIIIIIIA1IIIA1IIIIIIIIIIIIIIIIIIIIIIIIIIIIA1IIIIIIIIIIIIIII
IIIIIIIIA1IIA1IIIA1IIIIIIIIIIIIIIIIIIIIIIIIIIIIA1IIIIIIIIIIIIIII
IIIIA1IIA1IIA1IIIA1IIIIIIIIIIIIIIIIIIIIIIIIIIIIA1IIIIIIIIIIIIIII
IIIIA1IIAA1IA1IIIA1IIIIIIIIIIIIIIIIIIIIIIIIIIIIA1IIIIIIIIIIIIIII
IIIIA1IIAA1AA1IIIA1IIIIIIIIIIIIIIIIIIIIIIIIIIIIA1IIIIIIIIIIIIIII
IIIIA1IIAAAAA1IIIA1IIIIIIIIIIIIIIIIIIIIIIIIIIIIA1IIIIIIIIIIIIIII
IIIAA1IIAAAAA1IIIA1IIIIIIIIIIIIIIIIIIIIIIIIIIIIA1IIIIIIIIIIIIIII
IIIIIIIIIIIIIIIIIIIIIIIIIIIIIIIIIIIIIIIIIIIIIIIAIIIIIIIIIIIIIIII
IIIIIIIIIIIIIIIIIAIIIIIIIIIIIIIIIIIIIIIIIIIIIIIAIIIIIIIIIIIIIIII
IIIIIIIIIIIIIIIIIAIIIIIIIIIIIIIIIIIIIIIIIIIIIIIA1IIIIIIIIIIIIIII
IIIIIIIIIIIIIIIIIA1IIIIIIIIIIIIIIIIIIIIIIIIIIIIA1IIIIIIIIIIIIIII
IIIIIIIIA1IIIIIIIA1IIIIIIIIIIIIIIIIIIIIIIIIIIIIA1IIIIIIIIIIIIIII
IIIIA1IIA1IIIIIIIA1IIIIIIIIIIIIIIIIIIIIIIIIIIIIA1IIIIIIIIIIIIIII
IIIIA1IIAA1IIIIIIA1IIIIIIIIIIIIIIIIIIIIIIIIIIIIA1IIIIIIIIIIIIIII
IIIIA1IIAA1A1IIIIA1IIIIIIIIIIIIIIIIIIIIIIIIIIIIA1IIIIIIIIIIIIIII
IIIIA1IIAAAA1IIIIA1IIIIIIIIIIIIIIIIIIIIIIIIIIIIA1IIIIIIIIIIIIIII
IIIAA1IIAAAA1IIIIA1IIIIIIIIIIIIIIIIIIIIIIIIIIIIA1IIIIIIIIIIIIIII
IIIIIIIIIIIIA1IIIIIIIIIIIIIIIIIIIIIIIIIIIIIIIIIIIIIIIIIIIIIIIIII
IIIIIIIIAIIIA1IIIIIIIIIIIIIIIIIIIIIIIIIIIIIIIIIIIIIIIIIIIIIIIIII
IIIIAIIIAIIIA1IIIIIIIIIIIIIIIIIIIIIIIIIIIIIIIIIIIIIIIIIIIIIIIIII
IIIIAIIIAAIIA1IIIIIIIIIIIIIIIIIIIIIIIIIIIIIIIIIIIIIIIIIIIIIIIIII
IIIIAIIIAAIAA1IIIIIIIIIIIIIIIIIIIIIIIIIIIIIIIIIIIIIIIIIIIIIIIIII
IIIIAIIIAAAAA1IIIIIIIIIIIIIIIIIIIIIIIIIIIIIIIIIIIIIIIIIIIIIIIIII
IIIIAIIIAAAAA1IIIIIIIIIIIIIIIIIIIIIIIIIIIIIIIIIAIIIIIIIIIIIIIIII
IIIIAIIIAAAAA1IIIAIIIIIIIIIIIIIIIIIIIIIIIIIIIIIAIIIIIIIIIIIIIIII
IIIIIIIIIIIIAIIIIIIIIIIIIIIIIIIIIIIIIIIIIIIIIIIIIIIIIIIIIIIIIIII
IIIIIIIIIIIIA2IIIIIIIIIIIIIIIIIIIIIIIIIIIIIIIIIIIIIIIIIIIIIIIIII
IIIIIIIIIIIIA1IIIIIIIIIIIIIIIIIIIIIIIIIIIIIIIIIIIIIIIIIIIIIIIIII
IIIIIIIIA1IIA1IIIIIIIIIIIIIIIIIIIIIIIIIIIIIIIIIIIIIIIIIIIIIIIIII
IIIIA1IIA1IIA1IIIIIIIIIIIIIIIIIIIIIIIIIIIIIIIIIIIIIIIIIIIIIIIIII
IIIIA1IIAA1IA1IIIIIIIIIIIIIIIIIIIIIIIIIIIIIIIIIIIIIIIIIIIIIIIIII
IIIIA1IIAA1AA1IIIIIIIIIIIIIIIIIIIIIIIIIIIIIIIIIIIIIIIIIIIIIIIIII
IIIIA1IIAAAAA1IIIIIIIIIIIIIIIIIIIIIIIIIIIIIIIIIIIIIIIIIIIIIIIIII
IIIAA1IIAAAAA1IIIIIIIIIIIIIIIIIIIIIIIIIIIIIIIIIIIIIIIIIIIIIIIIII
IIIAA1IIAAAAA1IIIIIIIIIIIIIIIIIIIIIIIIIIIIIIIIIAIIIIIIIIIIIIIIII
IIIAA1IIAAAAA1IIIAIIIIIIIIIIIIIIIIIIIIIIIIIIIIIAIIIIIIIIIIIIIIII
IIIIIIIIIIIIIIIIIIIIIIIIIIIIIIIIIIIIIIIIIIIIIIIA1IIIIIIIIIIIIIII
IIIIIIIIIIIIIIIIIA1IIIIIIIIIIIIIIIIIIIIIIIIIIIIA1IIIIIIIIIIIIIII
IIIIIIIIA1IIIIIIIA1IIIIIIIIIIIIIIIIIIIIIIIIIIIIA1IIIIIIIIIIIIIII
IIIIA1IIA1IIIIIIIA1IIIIIIIIIIIIIIIIIIIIIIIIIIIIA1IIIIIIIIIIIIIII
IIIIA1IIAA1IIIIIIA1IIIIIIIIIIIIIIIIIIIIIIIIIIIIA1IIIIIIIIIIIIIII
IIIIA1IIAA1A1IIIIA1IIIIIIIIIIIIIIIIIIIIIIIIIIIIA1IIIIIIIIIIIIIII
IIIIA1IIAAAA1IIIIA1IIIIIIIIIIIIIIIIIIIIIIIIIIIIA1IIIIIIIIIIIIIII
IIIAA1IIAAAA1IIIIA1IIIIIIIIIIIIIIIIIIIIIIIIIIIIA1IIIIIIIIIIIIIII
IIIAA1IIAAAAA1IIIA1IIIIIIIIIIIIIIIIIIIIIIIIIIIIA1IIIIIIIIIIIIIII
IIIIIIIIIIIIIIIIIIIIIIIIIIIIIIIIIIIIIIIIIIIIIIIA1IIIIIIIIIIIIIII
IIIIIIIIIIIIIIIIIA1IIIIIIIIIIIIIIIIIIIIIIIIIIIIA1IIIIIIIIIIIIIII
IIIIIIIIA1IIIIIIIA1IIIIIIIIIIIIIIIIIIIIIIIIIIIIA1IIIIIIIIIIIIIII
IIIIA1IIA1IIIIIIIA1IIIIIIIIIIIIIIIIIIIIIIIIIIIIA1IIIIIIIIIIIIIII
IIIIA1IIAA1IIIIIIA1IIIIIIIIIIIIIIIIIIIIIIIIIIIIA1IIIIIIIIIIIIIII
IIIIA1IIAA1A1IIIIA1IIIIIIIIIIIIIIIIIIIIIIIIIIIIA1IIIIIIIIIIIIIII
IIIIA1IIAAAA1IIIIA1IIIIIIIIIIIIIIIIIIIIIIIIIIIIA1IIIIIIIIIIIIIII
IIIAA1IIAAAA1IIIIA1IIIIIIIIIIIIIIIIIIIIIIIIIIIIA1IIIIIIIIIIIIIII
IIIIIIIIIIIIIIIIIIIIIIIIIIIIIIIIIIIIIIIIIIIIIIIA2IIIIIIIIIIIIIII
IIIIIIIIIIIIIIIIIA2IIIIIIIIIIIIIIIIIIIIIIIIIIIIA2IIIIIIIIIIIIIII
IIIIIIIIA2IIIIIIIA2IIIIIIIIIIIIIIIIIIIIIIIIIIIIA2IIIIIIIIIIIIIII
IIIIA2IIA2IIIIIIIA2IIIIIIIIIIIIIIIIIIIIIIIIIIIIA2IIIIIIIIIIIIIII
IIIIA2IIAA2IIIIIIA2IIIIIIIIIIIIIIIIIIIIIIIIIIIIA2IIIIIIIIIIIIIII
IIIIA2IIAA2A2IIIIA2IIIIIIIIIIIIIIIIIIIIIIIIIIIIA2IIIIIIIIIIIIIII
IIIIA2IIAAAA2IIIIA2IIIIIIIIIIIIIIIIIIIIIIIIIIIIA2IIIIIIIIIIIIIII
IIIAA2IIAAAA2IIIIA2IIIIIIIIIIIIIIIIIIIIIIIIIIIIA2IIIIIIIIIIIIIII
IIIIIIIIIIIIA1IIIIIIIIIIIIIIIIIIIIIIIIIIIIIIIIIIIIIIIIIIIIIIIIII
IIIIIIIIA1IIIIIIIIIIIIIIIIIIIIIIIIIIIIIIIIIIIIIIIIIIIIIIIIIIIIII
IIIIA1IIA1IIIIIIIIIIIIIIIIIIIIIIIIIIIIIIIIIIIIIIIIIIIIIIIIIIIIII
IIIIA1IIAA1IIIIIIIIIIIIIIIIIIIIIIIIIIIIIIIIIIIIIIIIIIIIIIIIIIIII
IIIIA1IIAA1A1IIIIIIIIIIIIIIIIIIIIIIIIIIIIIIIIIIIIIIIIIIIIIIIIIII
IIIIA1IIAAAA1IIIIIIIIIIIIIIIIIIIIIIIIIIIIIIIIIIIIIIIIIIIIIIIIIII
IIIAA1IIAAAA1IIIIIIIIIIIIIIIIIIIIIIIIIIIIIIIIIIIIIIIIIIIIIIIIIII
IIIIIIIIIIIIA1IIIIIIIIIIIIIIIIIIIIIIIIIIIIIIIIIIIIIIIIIIIIIIIIII
IIIIIIIIA1IIIIIIIIIIIIIIIIIIIIIIIIIIIIIIIIIIIIIIIIIIIIIIIIIIIIII
IIIIA1IIA1IIIIIIIIIIIIIIIIIIIIIIIIIIIIIIIIIIIIIIIIIIIIIIIIIIIIII
IIIIA1IIAA1IIIIIIIIIIIIIIIIIIIIIIIIIIIIIIIIIIIIIIIIIIIIIIIIIIIII
IIIIA1IIAA1A1IIIIIIIIIIIIIIIIIIIIIIIIIIIIIIIIIIIIIIIIIIIIIIIIIII
IIIIA1IIAAAA1IIIIIIIIIIIIIIIIIIIIIIIIIIIIIIIIIIIIIIIIIIIIIIIIIII
IIIAA1IIAAAA1IIIIIIIIIIIIIIIIIIIIIIIIIIIIIIIIIIIIIIIIIIIIIIIIIII
IIIIIIIIIIIIAIIIIIIIIIIIIIIIIIIIIIIIIIIIIIIIIIIIIIIIIIIIIIIIIIII
IIIIIIIIA1IIIIIIIIIIIIIIIIIIIIIIIIIIIIIIIIIIIIIIIIIIIIIIIIIIIIII
IIIIA1IIA1IIIIIIIIIIIIIIIIIIIIIIIIIIIIIIIIIIIIIIIIIIIIIIIIIIIIII
IIIIA1IIAA1IIIIIIIIIIIIIIIIIIIIIIIIIIIIIIIIIIIIIIIIIIIIIIIIIIIII
IIIIA1IIAA1A1IIIIIIIIIIIIIIIIIIIIIIIIIIIIIIIIIIIIIIIIIIIIIIIIIII
IIIIA1IIAAAA1IIIIIIIIIIIIIIIIIIIIIIIIIIIIIIIIIIIIIIIIIIIIIIIIIII
IIIAA1IIAAAA1IIIIIIIIIIIIIIIIIIIIIIIIIIIIIIIIIIIIIIIIIIIIIIIIIII
IIIIIIIIIIIIAIIIIIIIIIIIIIIIIIIIIIIIIIIIIIIIIIIIIIIIIIIIIIIIIIII
IIIIIIIIIIIIAIIIIIIIIIIIIIIIIIIIIIIIIIIIIIIIIIIAIIIIIIIIIIIIIIII
IIIIIIIIIIIIAIIIIAIIIIIIIIIIIIIIIIIIIIIIIIIIIIIAIIIIIIIIIIIIIIII
IIIIIIIIAIIIAIIIIAIIIIIIIIIIIIIIIIIIIIIIIIIIIIIAIIIIIIIIIIIIIIII
IIIIAIIIAIIIAIIIIAIIIIIIIIIIIIIIIIIIIIIIIIIIIIIAIIIIIIIIIIIIIIII
IIIIAIIIAAIIAIIIIAIIIIIIIIIIIIIIIIIIIIIIIIIIIIIAIIIIIIIIIIIIIIII
IIIIAIIIAAIAAIIIIAIIIIIIIIIIIIIIIIIIIIIIIIIIIIIAIIIIIIIIIIIIIIII
IIIIAIIIAAAAAIIIIAIIIIIIIIIIIIIIIIIIIIIIIIIIIIIAIIIIIIIIIIIIIIII
IIIAAIIIAAAAAIIIIAIIIIIIIIIIIIIIIIIIIIIIIIIIIIIAIIIIIIIIIIIIIIII
IIIIIIIIIIIIA1IIIIIIIIIIIIIIIIIIIIIIIIIIIIIIIIIIIIIIIIIIIIIIIIII
IIIIIIIIA1IIA1IIIIIIIIIIIIIIIIIIIIIIIIIIIIIIIIIIIIIIIIIIIIIIIIII
IIIIA1IIA1IIA1IIIIIIIIIIIIIIIIIIIIIIIIIIIIIIIIIIIIIIIIIIIIIIIIII
IIIIA1IIAA1IA1IIIIIIIIIIIIIIIIIIIIIIIIIIIIIIIIIIIIIIIIIIIIIIIIII
IIIIA1IIAA1AA1IIIIIIIIIIIIIIIIIIIIIIIIIIIIIIIIIIIIIIIIIIIIIIIIII
IIIIA1IIAAAAA1IIIIIIIIIIIIIIIIIIIIIIIIIIIIIIIIIIIIIIIIIIIIIIIIII
IIIIIIIIIIIIAI2122IIIIIIIIIIIIIIIIIIIIIIIIIIIIIIIIIIIIIIIIIIIIII
IIIIIIIIIIIIAIIII2IIIIIIIIIIIIIIIIIIIIIIIIIIIIIIIIIIIIIIIIIIIIII
IIIIIIIIIIIIA1I2I211IIIIIIIIIIIIIIIIIIIIIIIIIIIIIIIIIIIIIIIIIIII
IIIIIIIIIIIIA1I2II11IIIIIIIIIIIIIIIIIIIIIIIIIIIIIIIIIIIIIIIIIIII
IIIIIIIIIIIIA12IIIIIIIIIIIIIIIIIIIIIIIIIIIIIIIIIIIIIIIIIIIIIIIII
IIIIIIIIIIIIAI1I1I1111IIIIIIIIIIIIIIIIIIIIIIIIIIIIIIIIIIIIIIIIII
IIIIIIIIIIAIAI1I1111111IIIIIIIIIIIIIIIIIIIIIIIIIIIIIIIIIIIIIIIII
IIIIIIIIIIAAA11111111111IIIIIIIIIIIIIIIIIIIIIIIIIIIIIIIIIIIIIIII
IIIIIIIIIIAAA111111111111IIIIIIIIIIIIIIIIIIIIIIIIIIIIIIIIIIIIIII
IIIIIIIIIIIIA1IIIIIIIIIIIIIIIIIIIIIIIIIIIIIIIIIIIIIIIIIIIIIIIIII
IIIIIIIIIIIIA11I1I12IIIIII2IIIIIIIIIIIIIIIIIIIIIIIIIIIIIIIIIIIII
IIIIIIIIII2IA2IIIIIIIIIIIIIIIIIIIIIIIIIIIIIIIIIIIIIIIIIIIIIIIIII
IIIIIIIIIIIIIIIIIIIIIIIIIIIIIIIIIIIIIIIIIIIIIIIAIIIIIIIIIIIIIIII
IIIIIIIIIIIIIIIIIAIIIIIIIIIIIIIIIIIIIIIIIIIIIIIAIIIIIIIIIIIIIIII
IIIIIIIIIIIIAIIIIAIIIIIIIIIIIIIIIIIIIIIIIIIIIIIAIIIIIIIIIIIIIIII
IIIIIIIIAIIIAIIIIAIIIIIIIIIIIIIIIIIIIIIIIIIIIIIAIIIIIIIIIIIIIIII
IIIIAIIIAIIIAIIIIAIIIIIIIIIIIIIIIIIIIIIIIIIIIIIAIIIIIIIIIIIIIIII
IIIIAIIIAAIIAIIIIAIIIIIIIIIIIIIIIIIIIIIIIIIIIIIAIIIIIIIIIIIIIIII
IIIIAIIIAAIAAIIIIAIIIIIIIIIIIIIIIIIIIIIIIIIIIIIAIIIIIIIIIIIIIIII
IIIIAIIIAAAAAIIIIAIIIIIIIIIIIIIIIIIIIIIIIIIIIIIAIIIIIIIIIIIIIIII
IIIAAIIIAAAAAIIIIAIIIIIIIIIIIIIIIIIIIIIIIIIIIIIAIIIIIIIIIIIIIIII
IIIIIIIIIIIIIIIIIIIIIIIIIIIIIIIIIIIIIIIIIIIIIIIA1IIIIIIIIIIIIIII
IIIIIIIIIIIIIIIIIA1IIIIIIIIIIIIIIIIIIIIIIIIIIIIA1IIIIIIIIIIIIIII
IIIIIIIIIIIIA1IIIA1IIIIIIIIIIIIIIIIIIIIIIIIIIIIA1IIIIIIIIIIIIIII
IIIIIIIIA1IIA1IIIA1IIIIIIIIIIIIIIIIIIIIIIIIIIIIA1IIIIIIIIIIIIIII
IIIIA1IIA1IIA1IIIA1IIIIIIIIIIIIIIIIIIIIIIIIIIIIA1IIIIIIIIIIIIIII
IIIIA1IIAA1IA1IIIA1IIIIIIIIIIIIIIIIIIIIIIIIIIIIA1IIIIIIIIIIIIIII
IIIIA1IIAA1AA1IIIA1IIIIIIIIIIIIIIIIIIIIIIIIIIIIA1IIIIIIIIIIIIIII
IIIIA1IIAAAAA1IIIA1IIIIIIIIIIIIIIIIIIIIIIIIIIIIA1IIIIIIIIIIIIIII
IIIAA1IIAAAAA1IIIA1IIIIIIIIIIIIIIIIIIIIIIIIIIIIA1IIIIIIIIIIIIIII
IIIIIIIIIIIIA2IIIIIIIIIIIIIIIIIIIIIIIIIIIIIIIIIIIIIIIIIIIIIIIIII
IIIIIIIIIIIIA2IIIIIIIIIIIIIIIIIIIIIIIIIIIIIIIIIA2IIIIIIIIIIIIIII
IIIIIIIIIIIIA2IIIA2IIIIIIIIIIIIIIIIIIIIIIIIIIIIA2IIIIIIIIIIIIIII
IIIIIIIIA2IIA2IIIA2IIIIIIIIIIIIIIIIIIIIIIIIIIIIA2IIIIIIIIIIIIIII
IIIIA2IIA2IIA2IIIA2IIIIIIIIIIIIIIIIIIIIIIIIIIIIA2IIIIIIIIIIIIIII
IIIIA2IIAA2IA2IIIA2IIIIIIIIIIIIIIIIIIIIIIIIIIIIA2IIIIIIIIIIIIIII
IIIIA2IIAA2AA2IIIA2IIIIIIIIIIIIIIIIIIIIIIIIIIIIA2IIIIIIIIIIIIIII
IIIIA2IIAAAAA2IIIA2IIIIIIIIIIIIIIIIIIIIIIIIIIIIA2IIIIIIIIIIIIIII
IIIIA1IIAAAAA2IIIA2IIIIIIIIIIIIIIIIIIIIIIIIIIIIA2IIIIIIIIIIIIIII
IIIAA1IIAAAAA2IIIA2IIIIIIIIIIIIIIIIIIIIIIIIIIIIA2IIIIIIIIIIIIIII
IIIIIIIIIIIIA1IIIIIIIIIIIIIIIIIIIIIIIIIIIIIIIIIIIIIIIIIIIIIIIIII
IIIIIIIIAIIIIIIIIIIIIIIIIIIIIIIIIIIIIIIIIIIIIIIIIIIIIIIIIIIIIIII
IIIIAIIIAIIIIIIIIIIIIIIIIIIIIIIIIIIIIIIIIIIIIIIIIIIIIIIIIIIIIIII
IIIIAIIIAAIIIIIIIIIIIIIIIIIIIIIIIIIIIIIIIIIIIIIIIIIIIIIIIIIIIIII
IIIIAIIIAAIAIIIIIIIIIIIIIIIIIIIIIIIIIIIIIIIIIIIIIIIIIIIIIIIIIIII
IIIIAIIIAAAAIIIIIIIIIIIIIIIIIIIIIIIIIIIIIIIIIIIIIIIIIIIIIIIIIIII
IIIAAIIIAAAAIIIIIIIIIIIIIIIIIIIIIIIIIIIIIIIIIIIIIIIIIIIIIIIIIIII
IIIAAIIIAAAAAIIIIIIIIIIIIIIIIIIIIIIIIIIIIIIIIIIIIIIIIIIIIIIIIIII
IIIIIIIIIIIIIIIIIIIIIIIIIIIIIIIIIIIIIIIIIIIIIIIAIIIIIIIIIIIIIIII
IIIIIIIIIIIIIIIIIAIIIIIIIIIIIIIIIIIIIIIIIIIIIIIAIIIIIIIIIIIIIIII
IIIIIIIIIIIIIIIIIAIIIIIIIIIIIIIIIIIIIIIIIIIIIIIA2IIIIIIIIIIIIIII
IIIIIIIIIIIIIIIIIA2IIIIIIIIIIIIIIIIIIIIIIIIIIIIA2IIIIIIIIIIIIIII
IIIIIIIIIIIIIIIIIA2IIIIIIIIIIIIIIIIIIIIIIIIIIIIA1IIIIIIIIIIIIIII
IIIIIIIIIIIIA1IIIA2IIIIIIIIIIIIIIIIIIIIIIIIIIIIA1IIIIIIIIIIIIIII
IIIIIIIIIIIIA1IIIA1IIIIIIIIIIIIIIIIIIIIIIIIIIIIA1IIIIIIIIIIIIIII
IIIIIIIIIA1IIIIIIIIIIIIIIIIIIIIIIIIIIIIIIIIIIIIIIIIIIIIIIIIIIIII
IIIIA1IIIA1IIIIIIIIIIIIIIIIIIIIIIIIIIIIIIIIIIIIIIIIIIIIIIIIIIIII
IIIAA1IIIA1IIIIIIIIIIIIIIIIIIIIIIIIIIIIIIIIIIIIIIIIIIIIIIIIIIIII
IIIIIIIIIIIIA1IIIIIIIIIIIIIIIIIIIIIIIIIIIIIIIIIIIIIIIIIIIIIIIIII
IIIIIIIIIIIIIIIIIIIIIIIIIIIIIIIIIIIIIIIIIIIIIIIA1IIIIIIIIIIIIIII
IIIIIIIIIIIIIIIIIA1IIIIIIIIIIIIIIIIIIIIIIIIIIIIA1IIIIIIIIIIIIIII
IIIIIIIIA1IIIIIIIA1IIIIIIIIIIIIIIIIIIIIIIIIIIIIA1IIIIIIIIIIIIIII
IIIIA1IIA1IIIIIIIA1IIIIIIIIIIIIIIIIIIIIIIIIIIIIA1IIIIIIIIIIIIIII
IIIIA1IIAA1IIIIIIA1IIIIIIIIIIIIIIIIIIIIIIIIIIIIA1IIIIIIIIIIIIIII
IIIIA1IIAA1A1IIIIA1IIIIIIIIIIIIIIIIIIIIIIIIIIIIA1IIIIIIIIIIIIIII
IIIIA1IIAAAA1IIIIA1IIIIIIIIIIIIIIIIIIIIIIIIIIIIA1IIIIIIIIIIIIIII
IIIAA1IIAAAA1IIIIA1IIIIIIIIIIIIIIIIIIIIIIIIIIIIA1IIIIIIIIIIIIIII
IIIIIIIIIIIIA2IIIIIIIIIIIIIIIIIIIIIIIIIIIIIIIIIIIIIIIIIIIIIIIIII
IIIIIIIIIIIIA1IIIIIIIIIIIIIIIIIIIIIIIIIIIIIIIIIIIIIIIIIIIIIIIIII
IIIIIIIIIIIIAIIIIIIIIIIIIIIIIIIIIIIIIIIIIIIIIIIIIIIIIIIIIIIIIIII
IIIIIIIIAIIIIIIIIIIIIIIIIIIIIIIIIIIIIIIIIIIIIIIIIIIIIIIIIIIIIIII
IIIIAIIIAIIIIIIIIIIIIIIIIIIIIIIIIIIIIIIIIIIIIIIIIIIIIIIIIIIIIIII
IIIIAIIIAAIIIIIIIIIIIIIIIIIIIIIIIIIIIIIIIIIIIIIIIIIIIIIIIIIIIIII
IIIIAIIIAAIAIIIIIIIIIIIIIIIIIIIIIIIIIIIIIIIIIIIIIIIIIIIIIIIIIIII
IIIIAIIIAAAAIIIIIIIIIIIIIIIIIIIIIIIIIIIIIIIIIIIIIIIIIIIIIIIIIIII
IIIIA1IIAAAAIIIIIIIIIIIIIIIIIIIIIIIIIIIIIIIIIIIIIIIIIIIIIIIIIIII
IIIAA1IIAAAAIIIIIIIIIIIIIIIIIIIIIIIIIIIIIIIIIIIIIIIIIIIIIIIIIIII
IIIIIIIIIIIIA1IIIIIIIIIIIIIIIIIIIIIIIIIIIIIIIIIIIIIIIIIIIIIIIIII
IIIIIIIIIIIIIIIIIIIIIIIIIIIIIIIIIIIIIIIIIIIIIIIAIIIIIIIIIIIIIIII
IIIIIIIIIIIIIIIIIAIIIIIIIIIIIIIIIIIIIIIIIIIIIIIAIIIIIIIIIIIIIIII
IIIIIIIIAIIIIIIIIAIIIIIIIIIIIIIIIIIIIIIIIIIIIIIAIIIIIIIIIIIIIIII
IIIIAIIIAIIIIIIIIAIIIIIIIIIIIIIIIIIIIIIIIIIIIIIAIIIIIIIIIIIIIIII
IIIIAIIIAAIIIIIIIAIIIIIIIIIIIIIIIIIIIIIIIIIIIIIAIIIIIIIIIIIIIIII
IIIIAIIIAAIAIIIIIAIIIIIIIIIIIIIIIIIIIIIIIIIIIIIAIIIIIIIIIIIIIIII
IIIIAIIIAAAAIIIIIAIIIIIIIIIIIIIIIIIIIIIIIIIIIIIAIIIIIIIIIIIIIIII
IIIAAIIIAAAAIIIIIAIIIIIIIIIIIIIIIIIIIIIIIIIIIIIAIIIIIIIIIIIIIIII
IIIAAIIIAAAAA1IIIAIIIIIIIIIIIIIIIIIIIIIIIIIIIIIAIIIIIIIIIIIIIIII
IIIIIIIIIIIIIIIIIIIIIIIIIIIIIIIIIIIIIIIIIIIIIIIA1IIIIIIIIIIIIIII
IIIIIIIIIIIIIIIIIA1IIIIIIIIIIIIIIIIIIIIIIIIIIIIA1IIIIIIIIIIIIIII
IIIIIIIIA1IIIIIIIA1IIIIIIIIIIIIIIIIIIIIIIIIIIIIA1IIIIIIIIIIIIIII
IIIIA1IIA1IIIIIIIA1IIIIIIIIIIIIIIIIIIIIIIIIIIIIA1IIIIIIIIIIIIIII
IIIIA1IIAA1IIIIIIA1IIIIIIIIIIIIIIIIIIIIIIIIIIIIA1IIIIIIIIIIIIIII
IIIIA1IIAA1A1IIIIA1IIIIIIIIIIIIIIIIIIIIIIIIIIIIA1IIIIIIIIIIIIIII
IIIIA1IIAAAA1IIIIA1IIIIIIIIIIIIIIIIIIIIIIIIIIIIA1IIIIIIIIIIIIIII
IIIAA1IIAAAA1IIIIA1IIIIIIIIIIIIIIIIIIIIIIIIIIIIA1IIIIIIIIIIIIIII
IIIIIIIIIIIIIIIIIIIIIIIIIIIIIIIIIIIIIIIIIIIIIIIAIIIIIIIIIIIIIIII
IIIIIIIIIIIIIIIIIAIIIIIIIIIIIIIIIIIIIIIIIIIIIIIAIIIIIIIIIIIIIIII
IIIIIIIIIIIIAIIIIAIIIIIIIIIIIIIIIIIIIIIIIIIIIIIAIIIIIIIIIIIIIIII
IIIIIIIIAIIIAIIIIAIIIIIIIIIIIIIIIIIIIIIIIIIIIIIAIIIIIIIIIIIIIIII
IIIIAIIIAIIIAIIIIAIIIIIIIIIIIIIIIIIIIIIIIIIIIIIAIIIIIIIIIIIIIIII
IIIIAIIIAAIIAIIIIAIIIIIIIIIIIIIIIIIIIIIIIIIIIIIAIIIIIIIIIIIIIIII
IIIIAIIIAAIAAIIIIAIIIIIIIIIIIIIIIIIIIIIIIIIIIIIAIIIIIIIIIIIIIIII
IIIIAIIIAAAAAIIIIAIIIIIIIIIIIIIIIIIIIIIIIIIIIIIAIIIIIIIIIIIIIIII
IIIAAIIIAAAAAIIIIAIIIIIIIIIIIIIIIIIIIIIIIIIIIIIAIIIIIIIIIIIIIIII
IIIIIIIIIIIIA1IIIIIIIIIIIIIIIIIIIIIIIIIIIIIIIIIIIIIIIIIIIIIIIIII
IIIIIIIIA1IIIIIIIIIIIIIIIIIIIIIIIIIIIIIIIIIIIIIIIIIIIIIIIIIIIIII
IIIIA1IIA1IIIIIIIIIIIIIIIIIIIIIIIIIIIIIIIIIIIIIIIIIIIIIIIIIIIIII
IIIIA1IIAA1IIIIIIIIIIIIIIIIIIIIIIIIIIIIIIIIIIIIIIIIIIIIIIIIIIIII
IIIIA1IIAA1A1IIIIIIIIIIIIIIIIIIIIIIIIIIIIIIIIIIIIIIIIIIIIIIIIIII
IIIIA1IIAAAA1IIIIIIIIIIIIIIIIIIIIIIIIIIIIIIIIIIIIIIIIIIIIIIIIIII
IIIAA1IIAAAA1IIIIIIIIIIIIIIIIIIIIIIIIIIIIIIIIIIIIIIIIIIIIIIIIIII
IIIIIIIIIIIIIIIIIIIIIIIIIIIIIIIIIIIIIIIIIIIIIIIAIIIIIIIIIIIIIIII
IIIIIIIIIIIIIIIIIAIIIIIIIIIIIIIIIIIIIIIIIIIIIIIAIIIIIIIIIIIIIIII
IIIIIIIIAIIIIIIIIAIIIIIIIIIIIIIIIIIIIIIIIIIIIIIAIIIIIIIIIIIIIIII
IIIIAIIIAIIIIIIIIAIIIIIIIIIIIIIIIIIIIIIIIIIIIIIAIIIIIIIIIIIIIIII
IIIIAIIIAAIIIIIIIAIIIIIIIIIIIIIIIIIIIIIIIIIIIIIAIIIIIIIIIIIIIIII
IIIIAIIIAAIAIIIIIAIIIIIIIIIIIIIIIIIIIIIIIIIIIIIAIIIIIIIIIIIIIIII
IIIIAIIIAAAAIIIIIAIIIIIIIIIIIIIIIIIIIIIIIIIIIIIAIIIIIIIIIIIIIIII
IIIAAIIIAAAAIIIIIAIIIIIIIIIIIIIIIIIIIIIIIIIIIIIAIIIIIIIIIIIIIIII
IIIIIIIIIIIIA2IIIIIIIIIIIIIIIIIIIIIIIIIIIIIIIIIIIIIIIIIIIIIIIIII
IIIIIIIIA2IIIIIIIIIIIIIIIIIIIIIIIIIIIIIIIIIIIIIIIIIIIIIIIIIIIIII
IIIIA2IIA2IIIIIIIIIIIIIIIIIIIIIIIIIIIIIIIIIIIIIIIIIIIIIIIIIIIIII
IIIIA2IIAA2IIIIIIIIIIIIIIIIIIIIIIIIIIIIIIIIIIIIIIIIIIIIIIIIIIIII
IIIIA2IIAA2A2IIIIIIIIIIIIIIIIIIIIIIIIIIIIIIIIIIIIIIIIIIIIIIIIIII
IIIIA2IIAAAA2IIIIIIIIIIIIIIIIIIIIIIIIIIIIIIIIIIIIIIIIIIIIIIIIIII
IIIAA2IIAAAA2IIIIIIIIIIIIIIIIIIIIIIIIIIIIIIIIIIIIIIIIIIIIIIIIIII
IIIIIIIIIIIIA2IIIIIIIIIIIIIIIIIIIIIIIIIIIIIIIIIIIIIIIIIIIIIIIIII
IIIIIIIIIIIIA1IIIIIIIIIIIIIIIIIIIIIIIIIIIIIIIIIIIIIIIIIIIIIIIIII
IIIIIIIIIIIIIIIIIIIIIIIIIIIIIIIIIIIIIIIIIIIIIIIAIIIIIIIIIIIIIIII
IIIIIIIIIIIIAIIIIIIIIIIIIIIIIIIIIIIIIIIIIIIIIIIIIIIIIIIIIIIIIIII
IIIIIIIIIIIIAIIIIAIIIIIIIIIIIIIIIIIIIIIIIIIIIIIIIIIIIIIIIIIIIIII
IIIIIIIIIA2IAIIIIAIIIIIIIIIIIIIIIIIIIIIIIIIIIIIIIIIIIIIIIIIIIIII
IIIIA2IIIA2IAIIIIAIIIIIIIIIIIIIIIIIIIIIIIIIIIIIIIIIIIIIIIIIIIIII
IIIAA2IIIA2IAIIIIAIIIIIIIIIIIIIIIIIIIIIIIIIIIIIIIIIIIIIIIIIIIIII
IIIIIIIIIIIIA2IIIIIIIIIIIIIIIIIIIIIIIIIIIIIIIIIIIIIIIIIIIIIIIIII
IIIIIIIIIIIIA1IIIIIIIIIIIIIIIIIIIIIIIIIIIIIIIIIIIIIIIIIIIIIIIIII
IIIIIIIIIIIIAIIIIIIIIIIIIIIIIIIIIIIIIIIIIIIIIIIIIIIIIIIIIIIIIIII
IIIIIIIIAIIIAIIIIIIIIIIIIIIIIIIIIIIIIIIIIIIIIIIIIIIIIIIIIIIIIIII
IIIIAIIIAIIIAIIIIIIIIIIIIIIIIIIIIIIIIIIIIIIIIIIIIIIIIIIIIIIIIIII
IIIIAIIIAAIIAIIIIIIIIIIIIIIIIIIIIIIIIIIIIIIIIIIIIIIIIIIIIIIIIIII
IIIIAIIIAAIAAIIIIIIIIIIIIIIIIIIIIIIIIIIIIIIIIIIIIIIIIIIIIIIIIIII
IIIIAIIIAAAAAIIIIIIIIIIIIIIIIIIIIIIIIIIIIIIIIIIIIIIIIIIIIIIIIIII
IIIAAIIIAAAAAIIIIIIIIIIIIIIIIIIIIIIIIIIIIIIIIIIIIIIIIIIIIIIIIIII
IIIIIIIIIIIIAIIIIIIIIIIIIIIIIIIIIIIIIIIIIIIIIIIIIIIIIIIIIIIIIIII
IIIIIIIIIIIIA1IIIIIIIIIIIIIIIIIIIIIIIIIIIIIIIIIIIIIIIIIIIIIIIIII
IIIIIIIIAI2IA1IIIIIIIIIIIIIIIIIIIIIIIIIIIIIIIIIIIIIIIIIIIIIIIIII
IIIIAI2IAI2IA1IIIIIIIIIIIIIIIIIIIIIIIIIIIIIIIIIIIIIIIIIIIIIIIIII
IIIIAI2IAA22A1IIIIIIIIIIIIIIIIIIIIIIIIIIIIIIIIIIIIIIIIIIIIIIIIII
IIIIAI2IAA2AA1IIIIIIIIIIIIIIIIIIIIIIIIIIIIIIIIIIIIIIIIIIIIIIIIII
IIIIAI2IAAAAA1IIIIIIIIIIIIIIIIIIIIIIIIIIIIIIIIIIIIIIIIIIIIIIIIII
IIIAA22IAAAAA1IIIIIIIIIIIIIIIIIIIIIIIIIIIIIIIIIIIIIIIIIIIIIIIIII
IIIIIIIIA1IIIIIIIIIIIIIIIIIIIIIIIIIIIIIIIIIIIIIIIIIIIIIIIIIIIIII
IIIIA1IIA1IIIIIIIIIIIIIIIIIIIIIIIIIIIIIIIIIIIIIIIIIIIIIIIIIIIIII
IIIIA1IIAA1IIIIIIIIIIIIIIIIIIIIIIIIIIIIIIIIIIIIIIIIIIIIIIIIIIIII
IIIIA1IIAA1A1IIIIIIIIIIIIIIIIIIIIIIIIIIIIIIIIIIIIIIIIIIIIIIIIIII
IIIIA1IIAAAA1IIIIIIIIIIIIIIIIIIIIIIIIIIIIIIIIIIIIIIIIIIIIIIIIIII
IIIAA1IIAAAA1IIIIIIIIIIIIIIIIIIIIIIIIIIIIIIIIIIIIIIIIIIIIIIIIIII
IIIIIIIIIIIIAIIIIIIIIIIIIIIIIIIIIIIIIIIIIIIIIIIIIIIIIIIIIIIIIIII
IIIIIIIIAIIIAIIIIIIIIIIIIIIIIIIIIIIIIIIIIIIIIIIIIIIIIIIIIIIIIIII
IIIIAIIIAIIIAIIIIIIIIIIIIIIIIIIIIIIIIIIIIIIIIIIIIIIIIIIIIIIIIIII
IIIIAIIIAAIIAIIIIIIIIIIIIIIIIIIIIIIIIIIIIIIIIIIIIIIIIIIIIIIIIIII
IIIIAIIIAAIAAIIIIIIIIIIIIIIIIIIIIIIIIIIIIIIIIIIIIIIIIIIIIIIIIIII
IIIIAIIIAAAAAIIIIIIIIIIIIIIIIIIIIIIIIIIIIIIIIIIIIIIIIIIIIIIIIIII
IIIIAIIIAAAAA2IIIIIIIIIIIIIIIIIIIIIIIIIIIIIIIIIIIIIIIIIIIIIIIIII
IIIIAI1IAAAAA211I1III2IIIIIIIIIIIIIIIIIIIIIIIIIIIIIIIIIIIIIIIIII
IIIIAI1IAAAAA111I1I1121III2IIIIIIIIIIIIIIIIIIIIIIIIIIIIIIIIIIIII
IIIAA111AAAAA111I1I1121III2IIIIIIIIIIIIIIIIIIIIIIIIIIIIIIIIIIIII
IIIAA111AAAAA1111111111II22IIIIIIIIIIIIIIIIIIIIIIIIIIIIIIIIIIIII
IIIAA111AAAAA1111111111I122I2IIIIIIIIIIIIIIIIIIIIIIIIIIIIIIIIIII
IIIAA111AAAAA1111111111112222IIIIIIIIIIIIIIIIIIIIIIIIIIIIIIIIIII
IIIAA111AAAAA1111111111112222IIIIIIIIIIIIIIIIIIA1IIIIIIIIIIIIIII
IIIAA111AAAAA1111A11111112222IIIIIIIIIIIIIIIIIIA1IIIIIIIIIIIIIII
IIIIIIIIIIIIIIIIIIIIIIIIIIIIIIIIIIIIIIIIIIIIIIIA2IIIIIIIIIIIIIII
IIIIIIIIIIIIIIIIIA2IIIIIIIIIIIIIIIIIIIIIIIIIIIIA2IIIIIIIIIIIIIII
IIIIIIIIA2IIIIIIIA2IIIIIIIIIIIIIIIIIIIIIIIIIIIIA2IIIIIIIIIIIIIII
IIIIA2IIA2IIIIIIIA2IIIIIIIIIIIIIIIIIIIIIIIIIIIIA2IIIIIIIIIIIIIII
IIIIA2IIAA2IIIIIIA2IIIIIIIIIIIIIIIIIIIIIIIIIIIIA2IIIIIIIIIIIIIII
IIIIA2IIAA2A2IIIIA2IIIIIIIIIIIIIIIIIIIIIIIIIIIIA2IIIIIIIIIIIIIII
IIIIA2IIAAAA2IIIIA2IIIIIIIIIIIIIIIIIIIIIIIIIIIIA2IIIIIIIIIIIIIII
IIIIA2IIAAAAA2IIIA2IIIIIIIIIIIIIIIIIIIIIIIIIIIIA2IIIIIIIIIIIIIII
IIIIA2IIAAAAA122IA2IIIIIIIIIIIIIIIIIIIIIIIIIIIIA2IIIIIIIIIIIIIII
IIIIA122AAAAA122IA2IIIIIIIIIIIIIIIIIIIIIIIIIIIIA2IIIIIIIIIIIIIII
IIIAA122AAAAA122IA2IIIIIIIIIIIIIIIIIIIIIIIIIIIIA2IIIIIIIIIIIIIII
IIIIIIIIIIIIIIIIIIIIIIIIIIIIIIIIIIIIIIIIIIIIIIIA122IIIIIIIIIIIII
IIIIIIIIIIIIIIIIIA122IIIIIIIIIIIIIIIIIIIIIIIIIIA122IIIIIIIIIIIII
IIIIIIIIIIIIIIIIIIIIIIIIIIIIIIIIIIIIIIIIIIIIII2AIII2IIIIIIIIIIII
IIIIIIIIIIIIIIII2AIII2IIIIIIIIIIIIIIIIIIIIIIII2AIII2IIIIIIIIIIII
IIIIIII2AIII2III2AIII2IIIIIIIIIIIIIIIIIIIIIIII2AIII2IIIIIIIIIIII
III2AII2AIII2III2AIII2IIIIIIIIIIIIIIIIIIIIIIII2AIII2IIIIIIIIIIII
III2AII2AAII22II2AIII2IIIIIIIIIIIIIIIIIIIIIIII2AIII2IIIIIIIIIIII
III2AII2AA2A22I22AIII2IIIIIIIIIIIIIIIIIIIIIIII2AIII2IIIIIIIIIIII
III2AII2AAAA22222AIII2IIIIIIIIIIIIIIIIIIIIIIII2AIII2IIIIIIIIIIII
II2AAII2AAAA22222AIII2IIIIIIIIIIIIIIIIIIIIIIII2AIII2IIIIIIIIIIII
IIIIIIIIIII2AIII2IIIIIIIIIIIIIIIIIIIIIIIIIIIIIIIIIIIIIIIIIIIIIII
IIIIIIIIIII2AIII2IIIIIIIIIIIIIIIIIIIIIIIIIIIII2AIII2IIIIIIIIIIII
IIIIIIIIIII2AIII2AIII2IIIIIIIIIIIIIIIIIIIIIIII2AIII2IIIIIIIIIIII
IIIIIIIIIII2AIII2AIII2IIIIIIIIIIIIIIIIIIIIIIII2A1II2IIIIIIIIIIII
IIIIIIIIIII2AIII2A1II2IIIIIIIIIIIIIIIIIIIIIIII2A1II2IIIIIIIIIIII
IIIIIIIIA1I2AIII2A1II2IIIIIIIIIIIIIIIIIIIIIIII2A1II2IIIIIIIIIIII
IIIIA1IIA1I2AIII2A1II2IIIIIIIIIIIIIIIIIIIIIIII2A1II2IIIIIIIIIIII
IIIIA1IIAA12AIII2A1II2IIIIIIIIIIIIIIIIIIIIIIII2A1II2IIIIIIIIIIII
IIIIA1IIAA1AAIII2A1II2IIIIIIIIIIIIIIIIIIIIIIII2A1II2IIIIIIIIIIII
IIIIA1IIAAAAAIII2A1II2IIIIIIIIIIIIIIIIIIIIIIII2A1II2IIIIIIIIIIII
IIIAA1IIAAAAAIII2A1II2IIIIIIIIIIIIIIIIIIIIIIII2A1II2IIIIIIIIIIII
IIIIIIIIIIIIA2IIIIIIIIIIIIIIIIIIIIIIIIIIIIIIIIIIIIIIIIIIIIIIIIII
IIIIIIIIA1IIIIIIIIIIIIIIIIIIIIIIIIIIIIIIIIIIIIIIIIIIIIIIIIIIIIII
IIIIA1IIA1IIIIIIIIIIIIIIIIIIIIIIIIIIIIIIIIIIIIIIIIIIIIIIIIIIIIII
IIIIA1IIAA1IIIIIIIIIIIIIIIIIIIIIIIIIIIIIIIIIIIIIIIIIIIIIIIIIIIII
IIIIA1IIAA1A1IIIIIIIIIIIIIIIIIIIIIIIIIIIIIIIIIIIIIIIIIIIIIIIIIII
IIIIA1IIAAAA1IIIIIIIIIIIIIIIIIIIIIIIIIIIIIIIIIIIIIIIIIIIIIIIIIII
IIIAA1IIAAAA1IIIIIIIIIIIIIIIIIIIIIIIIIIIIIIIIIIIIIIIIIIIIIIIIIII
IIIIIIIIAIIIIIIIIIIIIIIIIIIIIIIIIIIIIIIIIIIIIIIIIIIIIIIIIIIIIIII
IIIIAIIIAIIIIIIIIIIIIIIIIIIIIIIIIIIIIIIIIIIIIIIIIIIIIIIIIIIIIIII
IIIIAIIIAAIIIIIIIIIIIIIIIIIIIIIIIIIIIIIIIIIIIIIIIIIIIIIIIIIIIIII
IIIIAIIIAAIAIIIIIIIIIIIIIIIIIIIIIIIIIIIIIIIIIIIIIIIIIIIIIIIIIIII
IIIIAIIIAAAAIIIIIIIIIIIIIIIIIIIIIIIIIIIIIIIIIIIIIIIIIIIIIIIIIIII
IIIAAIIIAAAAIIIIIIIIIIIIIIIIIIIIIIIIIIIIIIIIIIIIIIIIIIIIIIIIIIII
IIIAAIIIAAAA2IIIIIIIIIIIIIIIIIIIIIIIIIIIIIIIIIIIIIIIIIIIIIIIIIII
IIIAAIIIAAAAA2IIIIIIIIIIIIIIIIIIIIIIIIIIIIIIIIIIIIIIIIIIIIIIIIII
IIIAAIIIAAAAA22I1IIIIIIIIIIIIIIIIIIIIIIIIIIIIIIIIIIIIIIIIIIIIIII
IIIAAIIIAAAAA12I1IIIIIIIIIIIIIIIIIIIIIIIIIIIIIIIIIIIIIIIIIIIIIII
IIIAAI2IAAAAA12I1IIIIIIIIIIIIIIIIIIIIIIIIIIIIIIIIIIIIIIIIIIIIIII
IIIAA221AAAAA12I1IIIIIIIIIIIIIIIIIIIIIIIIIIIIIIIIIIIIIIIIIIIIIII
IIIIIIIIIIIIA2IIIIIIIIIIIIIIIIIIIIIIIIIIIIIIIIIIIIIIIIIIIIIIIIII
IIIIIIIIIIIIA1IIIIIIIIIIIIIIIIIIIIIIIIIIIIIIIIIIIIIIIIIIIIIIIIII
IIIIIIIIAIIIA1IIIIIIIIIIIIIIIIIIIIIIIIIIIIIIIIIIIIIIIIIIIIIIIIII
IIIIAIIIAIIIA1IIIIIIIIIIIIIIIIIIIIIIIIIIIIIIIIIIIIIIIIIIIIIIIIII
IIIIAIIIAAIIA1IIIIIIIIIIIIIIIIIIIIIIIIIIIIIIIIIIIIIIIIIIIIIIIIII
IIIIAIIIAAIAA1IIIIIIIIIIIIIIIIIIIIIIIIIIIIIIIIIIIIIIIIIIIIIIIIII
IIIIAIIIAAAAA1IIIIIIIIIIIIIIIIIIIIIIIIIIIIIIIIIIIIIIIIIIIIIIIIII
IIIAAIIIAAAAA1IIIIIIIIIIIIIIIIIIIIIIIIIIIIIIIIIIIIIIIIIIIIIIIIII
IIIIIIIIIIIIIIIIIIIIIIIIIIIIIIIIIIIIIIIIIIIIIIIA2IIIIIIIIIIIIIII
IIIIIIIIIIIIIIIIIA2IIIIIIIIIIIIIIIIIIIIIIIIIIIIA2IIIIIIIIIIIIIII
IIIIIIIIA2IIIIIIIA2IIIIIIIIIIIIIIIIIIIIIIIIIIIIA2IIIIIIIIIIIIIII
IIIIA2IIA2IIIIIIIA2IIIIIIIIIIIIIIIIIIIIIIIIIIIIA2IIIIIIIIIIIIIII
IIIIA2IIAA2IIIIIIA2IIIIIIIIIIIIIIIIIIIIIIIIIIIIA2IIIIIIIIIIIIIII
IIIIA2IIAA2A2IIIIA2IIIIIIIIIIIIIIIIIIIIIIIIIIIIA2IIIIIIIIIIIIIII
IIIIA2IIAAAA2IIIIA2IIIIIIIIIIIIIIIIIIIIIIIIIIIIA2IIIIIIIIIIIIIII
IIIAA2IIAAAA2IIIIA2IIIIIIIIIIIIIIIIIIIIIIIIIIIIA2IIIIIIIIIIIIIII
IIIAA2IIAAAAA2IIIA2IIIIIIIIIIIIIIIIIIIIIIIIIIIIA2IIIIIIIIIIIIIII
IIIIIIIIIIIIIIIIIIIIIIIIIIIIIIIIIIIIIIIIIIIIIIIA2IIIIIIIIIIIIIII
IIIIIIIIIIIIIIIIIA2IIIIIIIIIIIIIIIIIIIIIIIIIIIIA2IIIIIIIIIIIIIII
IIIIIIIIIIIIIIIIIIIIIIIIIIIIIIIIIIIIIIIIIIIIIIIA1IIIIIIIIIIIIIII
IIIIIIIIIIIIA1IIIIIIIIIIIIIIIIIIIIIIIIIIIIIIIIIA1IIIIIIIIIIIIIII
IIIIIIIIIIIIA1IIIA1IIIIIIIIIIIIIIIIIIIIIIIIIIIIA1IIIIIIIIIIIIIII
IIIIIIIIA1IIA1IIIA1IIIIIIIIIIIIIIIIIIIIIIIIIIIIA1IIIIIIIIIIIIIII
IIIIA1IIA1IIA1IIIA1IIIIIIIIIIIIIIIIIIIIIIIIIIIIA1IIIIIIIIIIIIIII
IIIIA1IIAA1IA1IIIA1IIIIIIIIIIIIIIIIIIIIIIIIIIIIA1IIIIIIIIIIIIIII
IIIIA1IIAA1AA1IIIA1IIIIIIIIIIIIIIIIIIIIIIIIIIIIA1IIIIIIIIIIIIIII
IIIIA1IIAAAAA1IIIA1IIIIIIIIIIIIIIIIIIIIIIIIIIIIA1IIIIIIIIIIIIIII
IIIAA1IIAAAAA1IIIA1IIIIIIIIIIIIIIIIIIIIIIIIIIIIA1IIIIIIIIIIIIIII
IIIIIIIIIIIIA1IIIIIIIIIIIIIIIIIIIIIIIIIIIIIIIIIIIIIIIIIIIIIIIIII
IIIIIIIIIIIIAIIIIIIIIIIIIIIIIIIIIIIIIIIIIIIIIIIIIIIIIIIIIIIIIIII
IIIIIIIIIIIIA1IIIIIIIIIIIIIIIIIIIIIIIIIIIIIIIIIIIIIIIIIIIIIIIIII
IIIIIIIIAIIIIIIIIIIIIIIIIIIIIIIIIIIIIIIIIIIIIIIIIIIIIIIIIIIIIIII
IIIIAIIIAIIIIIIIIIIIIIIIIIIIIIIIIIIIIIIIIIIIIIIIIIIIIIIIIIIIIIII
IIIIAIIIAAIIIIIIIIIIIIIIIIIIIIIIIIIIIIIIIIIIIIIIIIIIIIIIIIIIIIII
IIIIAIIIAAIAIIIIIIIIIIIIIIIIIIIIIIIIIIIIIIIIIIIIIIIIIIIIIIIIIIII
IIIIAIIIAAAAIIIIIIIIIIIIIIIIIIIIIIIIIIIIIIIIIIIIIIIIIIIIIIIIIIII
IIIAAIIIAAAAIIIIIIIIIIIIIIIIIIIIIIIIIIIIIIIIIIIIIIIIIIIIIIIIIIII
IIIIIIIIIIIIA1IIIIIIIIIIIIIIIIIIIIIIIIIIIIIIIIIIIIIIIIIIIIIIIIII
IIIIIIIIIIIIIIIIIIIIIIIIIIIIIIIIIIIIIIIIIIIIIIIA1IIIIIIIIIIIIIII
IIIIIIIIIIIIIIIIIA1IIIIIIIIIIIIIIIIIIIIIIIIIIIIA1IIIIIIIIIIIIIII
IIIIIIIIAI2IIIIIIA1IIIIIIIIIIIIIIIIIIIIIIIIIIIIA1IIIIIIIIIIIIIII
IIIIAI2IAI2IIIIIIA1IIIIIIIIIIIIIIIIIIIIIIIIIIIIA1IIIIIIIIIIIIIII
IIIIAI2IAA22IIIIIA1IIIIIIIIIIIIIIIIIIIIIIIIIIIIA1IIIIIIIIIIIIIII
IIIIAI2IAA2AI2IIIA1IIIIIIIIIIIIIIIIIIIIIIIIIIIIA1IIIIIIIIIIIIIII
IIIIAI2IAAAA22IIIA1IIIIIIIIIIIIIIIIIIIIIIIIIIIIA1IIIIIIIIIIIIIII
IIIAA22IAAAA22IIIA1IIIIIIIIIIIIIIIIIIIIIIIIIIIIA1IIIIIIIIIIIIIII
IIIIIIIIIIIIAI2IIIIIIIIIIIIIIIIIIIIIIIIIIIIIIIIIIIIIIIIIIIIIIIII
IIIIIIIIA1IIIIIIIIIIIIIIIIIIIIIIIIIIIIIIIIIIIIIIIIIIIIIIIIIIIIII
IIIIA1IIA1IIIIIIIIIIIIIIIIIIIIIIIIIIIIIIIIIIIIIIIIIIIIIIIIIIIIII
IIIIA1IIAA1IIIIIIIIIIIIIIIIIIIIIIIIIIIIIIIIIIIIIIIIIIIIIIIIIIIII
IIIIA1IIAA1A1IIIIIIIIIIIIIIIIIIIIIIIIIIIIIIIIIIIIIIIIIIIIIIIIIII
IIIIA1IIAAAA1IIIIIIIIIIIIIIIIIIIIIIIIIIIIIIIIIIIIIIIIIIIIIIIIIII
IIIAA1IIAAAA1IIIIIIIIIIIIIIIIIIIIIIIIIIIIIIIIIIIIIIIIIIIIIIIIIII
IIIAA1IIAAAAA1IIIIIIIIIIIIIIIIIIIIIIIIIIIIIIIIIIIIIIIIIIIIIIIIII
IIIIIIIIIIIIIIIIIIIIIIIIIIIIIIIIIIIIIIIIIIIIIIIAIIIIIIIIIIIIIIII
IIIIIIIIIIIIIIIIIAIIIIIIIIIIIIIIIIIIIIIIIIIIIIIAIIIIIIIIIIIIIIII
IIIIIIIIAIIIIIIIIAIIIIIIIIIIIIIIIIIIIIIIIIIIIIIAIIIIIIIIIIIIIIII
IIIIAIIIAIIIIIIIIAIIIIIIIIIIIIIIIIIIIIIIIIIIIIIAIIIIIIIIIIIIIIII
IIIIAIIIAAIIIIIIIAIIIIIIIIIIIIIIIIIIIIIIIIIIIIIAIIIIIIIIIIIIIIII
IIIIAIIIAAIAIIIIIAIIIIIIIIIIIIIIIIIIIIIIIIIIIIIAIIIIIIIIIIIIIIII
IIIIAIIIAAAAIIIIIAIIIIIIIIIIIIIIIIIIIIIIIIIIIIIAIIIIIIIIIIIIIIII
IIIAAIIIAAAAIIIIIAIIIIIIIIIIIIIIIIIIIIIIIIIIIIIAIIIIIIIIIIIIIIII
IIIAAIIIAAAAIIIIIAIIIIIIIIIIIIIIIIIIIIIIIIIIIIIA2IIIIIIIIIIIIIII
IIIAAIIIAAAAA2IIIAIIIIIIIIIIIIIIIIIIIIIIIIIIIIIA2IIIIIIIIIIIIIII
IIIAAIIIAAAAA2IIIA2IIIIIIIIIIIIIIIIIIIIIIIIIIIIA2IIIIIIIIIIIIIII
IIIAA2IIAAAAA2IIIA2IIIIIIIIIIIIIIIIIIIIIIIIIIIIA2IIIIIIIIIIIIIII
IIIIIIIIIIIIA2IIIIIIIIIIIIIIIIIIIIIIIIIIIIIIIIIIIIIIIIIIIIIIIIII
IIIIIIIIA1IIIIIIIIIIIIIIIIIIIIIIIIIIIIIIIIIIIIIIIIIIIIIIIIIIIIII
IIIIA1IIA1IIIIIIIIIIIIIIIIIIIIIIIIIIIIIIIIIIIIIIIIIIIIIIIIIIIIII
IIIIA1IIAA1IIIIIIIIIIIIIIIIIIIIIIIIIIIIIIIIIIIIIIIIIIIIIIIIIIIII
IIIIA1IIAA1A1IIIIIIIIIIIIIIIIIIIIIIIIIIIIIIIIIIIIIIIIIIIIIIIIIII
IIIIA1IIAAAA1IIIIIIIIIIIIIIIIIIIIIIIIIIIIIIIIIIIIIIIIIIIIIIIIIII
IIIAA1IIAAAA1IIIIIIIIIIIIIIIIIIIIIIIIIIIIIIIIIIIIIIIIIIIIIIIIIII
IIIAA1IIAAAAA1IIIIIIIIIIIIIIIIIIIIIIIIIIIIIIIIIIIIIIIIIIIIIIIIII
IIIIIIIIIIIIIIIIIIIIIIIIIIIIIIIIIIIIIIIIIIIIIIIAIIIIIIIIIIIIIIII
IIIIIIIIIIIIIIIIIAIIIIIIIIIIIIIIIIIIIIIIIIIIIIIAIIIIIIIIIIIIIIII
IIIIIIIIAIIIIIIIIAIIIIIIIIIIIIIIIIIIIIIIIIIIIIIAIIIIIIIIIIIIIIII
IIIIAIIIAIIIIIIIIAIIIIIIIIIIIIIIIIIIIIIIIIIIIIIAIIIIIIIIIIIIIIII
IIIIAIIIAAIIIIIIIAIIIIIIIIIIIIIIIIIIIIIIIIIIIIIAIIIIIIIIIIIIIIII
IIIIAIIIAAIAIIIIIAIIIIIIIIIIIIIIIIIIIIIIIIIIIIIAIIIIIIIIIIIIIIII
IIIIAIIIAAAAIIIIIAIIIIIIIIIIIIIIIIIIIIIIIIIIIIIAIIIIIIIIIIIIIIII
IIIAAIIIAAAAIIIIIAIIIIIIIIIIIIIIIIIIIIIIIIIIIIIAIIIIIIIIIIIIIIII
IIIIIIIIIIIIA2IIIIIIIIIIIIIIIIIIIIIIIIIIIIIIIIIIIIIIIIIIIIIIIIII
IIIIIIIIAI2IIIIIIIIIIIIIIIIIIIIIIIIIIIIIIIIIIIIIIIIIIIIIIIIIIIII
IIIIAI2IAI2IIIIIIIIIIIIIIIIIIIIIIIIIIIIIIIIIIIIIIIIIIIIIIIIIIIII
IIIIAI2IAA22IIIIIIIIIIIIIIIIIIIIIIIIIIIIIIIIIIIIIIIIIIIIIIIIIIII
IIIIAI2IAA2AI2IIIIIIIIIIIIIIIIIIIIIIIIIIIIIIIIIIIIIIIIIIIIIIIIII
IIIIAI2IAAAA22IIIIIIIIIIIIIIIIIIIIIIIIIIIIIIIIIIIIIIIIIIIIIIIIII
IIIAA22IAAAA22IIIIIIIIIIIIIIIIIIIIIIIIIIIIIIIIIIIIIIIIIIIIIIIIII
IIIIIIIIIIIIIIIIIIIIIIIIIIIIIIIIIIIIIIIIIIIIIIIAI2IIIIIIIIIIIIII
IIIIIIIIIIIIAI2IIIIIIIIIIIIIIIIIIIIIIIIIIIIIIIIAI2IIIIIIIIIIIIII
IIIIIIIIIIIIAI2IIAI2IIIIIIIIIIIIIIIIIIIIIIIIIIIAI2IIIIIIIIIIIIII
IIIIIIIIAI2IAI2IIAI2IIIIIIIIIIIIIIIIIIIIIIIIIIIAI2IIIIIIIIIIIIII
IIIIAI2IAI2IAI2IIAI2IIIIIIIIIIIIIIIIIIIIIIIIIIIAI2IIIIIIIIIIIIII
IIIIAI2IAA22AI2IIAI2IIIIIIIIIIIIIIIIIIIIIIIIIIIAI2IIIIIIIIIIIIII
IIIIAI2IAA2AA22IIAI2IIIIIIIIIIIIIIIIIIIIIIIIIIIAI2IIIIIIIIIIIIII
IIIIAI2IAAAAA22IIAI2IIIIIIIIIIIIIIIIIIIIIIIIIIIAI2IIIIIIIIIIIIII
IIIIA12IAAAAA22IIAI2IIIIIIIIIIIIIIIIIIIIIIIIIIIAI2IIIIIIIIIIIIII
IIIAA12IAAAAA22IIAI2IIIIIIIIIIIIIIIIIIIIIIIIIIIAI2IIIIIIIIIIIIII
IIIIIIIIIIIIIIIIIIIIIIIIIIIIIIIIIIIIIIIIIIIIIIIAIIIIIIIIIIIIIIII
IIIIIIIIIIIIIIIIIAIIIIIIIIIIIIIIIIIIIIIIIIIIIIIAIIIIIIIIIIIIIIII
IIIIIIIIIA2IIIIIIAIIIIIIIIIIIIIIIIIIIIIIIIIIIIIAIIIIIIIIIIIIIIII
IIIIA2IIIA2IIIIIIAIIIIIIIIIIIIIIIIIIIIIIIIIIIIIAIIIIIIIIIIIIIIII
IIIAA2IIIA2IIIIIIAIIIIIIIIIIIIIIIIIIIIIIIIIIIIIAIIIIIIIIIIIIIIII
IIIAA2IIIA2IA2IIIAIIIIIIIIIIIIIIIIIIIIIIIIIIIIIAIIIIIIIIIIIIIIII
IIIAA2IIAA2IA2IIIAIIIIIIIIIIIIIIIIIIIIIIIIIIIIIAIIIIIIIIIIIIIIII
IIIIIIIIIIIIIIIIIIIIIIIIIIIIIIIIIIIIIIIIIIIIIIIA2IIIIIIIIIIIIIII
IIIIIIIIIIIIIIIIIA2IIIIIIIIIIIIIIIIIIIIIIIIIIIIA2IIIIIIIIIIIIIII
IIIIIIIIA2IIIIIIIA2IIIIIIIIIIIIIIIIIIIIIIIIIIIIA2IIIIIIIIIIIIIII
IIIIA2IIA2IIIIIIIA2IIIIIIIIIIIIIIIIIIIIIIIIIIIIA2IIIIIIIIIIIIIII
IIIIA2IIAA2IIIIIIA2IIIIIIIIIIIIIIIIIIIIIIIIIIIIA2IIIIIIIIIIIIIII
IIIIA2IIAAA2IIIIIA2IIIIIIIIIIIIIIIIIIIIIIIIIIIIA2IIIIIIIIIIIIIII
IIIIA2IIAAAA2IIIIA2IIIIIIIIIIIIIIIIIIIIIIIIIIIIA2IIIIIIIIIIIIIII
IIIAA2IIAAAA2IIIIA2IIIIIIIIIIIIIIIIIIIIIIIIIIIIA2IIIIIIIIIIIIIII
IIIAA2IIAAAAA1IIIA2IIIIIIIIIIIIIIIIIIIIIIIIIIIIA2IIIIIIIIIIIIIII
IIIAA2IIAAAAA1IIIA1IIIIIIIIIIIIIIIIIIIIIIIIIIIIA2IIIIIIIIIIIIIII
IIIAA2IIAAAAA1IIIA1IIIIIIIIIIIIIIIIIIIIIIIIIIIIA1IIIIIIIIIIIIIII
IIIAA1IIAAAAA1IIIA1IIIIIIIIIIIIIIIIIIIIIIIIIIIIA1IIIIIIIIIIIIIII
IIIIIIIIIIIIIIIIIIIIIIIIIIIIIIIIIIIIIIIIIIIIIIIA2IIIIIIIIIIIIIII
IIIIIIIIIIIIIIIIIA2IIIIIIIIIIIIIIIIIIIIIIIIIIIIA2IIIIIIIIIIIIIII
IIIIIIIIA2IIIIIIIA2IIIIIIIIIIIIIIIIIIIIIIIIIIIIA2IIIIIIIIIIIIIII
IIIIA2IIA2IIIIIIIA2IIIIIIIIIIIIIIIIIIIIIIIIIIIIA2IIIIIIIIIIIIIII
IIIIA2IIAA2IIIIIIA2IIIIIIIIIIIIIIIIIIIIIIIIIIIIA2IIIIIIIIIIIIIII
IIIIA2IIAA2A2IIIIA2IIIIIIIIIIIIIIIIIIIIIIIIIIIIA2IIIIIIIIIIIIIII
IIIIA2IIAAAA2IIIIA2IIIIIIIIIIIIIIIIIIIIIIIIIIIIA2IIIIIIIIIIIIIII
IIIAA2IIAAAA2IIIIA2IIIIIIIIIIIIIIIIIIIIIIIIIIIIA2IIIIIIIIIIIIIII
IIIAA1IIAAAA2IIIIA2IIIIIIIIIIIIIIIIIIIIIIIIIIIIA2IIIIIIIIIIIIIII
IIIAA1IIAAAA1IIIIA2IIIIIIIIIIIIIIIIIIIIIIIIIIIIA2IIIIIIIIIIIIIII
IIIAA1IIAAAA1IIIIA2IIIIIIIIIIIIIIIIIIIIIIIIIIIIA1IIIIIIIIIIIIIII
IIIAA1IIAAAA1IIIIA1IIIIIIIIIIIIIIIIIIIIIIIIIIIIA1IIIIIIIIIIIIIII
IIIAA1IIAAAAAIIIIA1IIIIIIIIIIIIIIIIIIIIIIIIIIIIA1IIIIIIIIIIIIIII
IIIIIIIIIIIIIIIIIIIIIIIIIIIIIIIIIIIIIIIIIIIIIIIA1IIIIIIIIIIIIIII
IIIIIIIIIIIIIIIIIA1IIIIIIIIIIIIIIIIIIIIIIIIIIIIA1IIIIIIIIIIIIIII
IIIIIIIIA1IIIIIIIA1IIIIIIIIIIIIIIIIIIIIIIIIIIIIA1IIIIIIIIIIIIIII
IIIIA1IIA1IIIIIIIA1IIIIIIIIIIIIIIIIIIIIIIIIIIIIA1IIIIIIIIIIIIIII
IIIIA1IIAA1IIIIIIA1IIIIIIIIIIIIIIIIIIIIIIIIIIIIA1IIIIIIIIIIIIIII
IIIIA1IIAA1A1IIIIA1IIIIIIIIIIIIIIIIIIIIIIIIIIIIA1IIIIIIIIIIIIIII
IIIIA1IIAAAA1IIIIA1IIIIIIIIIIIIIIIIIIIIIIIIIIIIA1IIIIIIIIIIIIIII
IIIAA1IIAAAA1IIIIA1IIIIIIIIIIIIIIIIIIIIIIIIIIIIA1IIIIIIIIIIIIIII
IIIIIIIIIIIIIIIIIIIIIIIIIIIIIIIIIIIIIIIIIIIIIIIA1IIIIIIIIIIIIIII
IIIIIIIIIIIIIIIIIA1IIIIIIIIIIIIIIIIIIIIIIIIIIIIA1IIIIIIIIIIIIIII
IIIIIIIIA1IIIIIIIA1IIIIIIIIIIIIIIIIIIIIIIIIIIIIA1IIIIIIIIIIIIIII
IIIIA1IIA1IIIIIIIA1IIIIIIIIIIIIIIIIIIIIIIIIIIIIA1IIIIIIIIIIIIIII
IIIIA1IIAA1IIIIIIA1IIIIIIIIIIIIIIIIIIIIIIIIIIIIA1IIIIIIIIIIIIIII
IIIIA1IIAA1A1IIIIA1IIIIIIIIIIIIIIIIIIIIIIIIIIIIA1IIIIIIIIIIIIIII
IIIIA1IIAAAA1IIIIA1IIIIIIIIIIIIIIIIIIIIIIIIIIIIA1IIIIIIIIIIIIIII
IIIIIIIIIII2AIIIIIIIIIIIIIIIIIIIIIIIIIIIIIIIIIIIIIIIIIIIIIIIIIII
IIIIIIIIA1IIIIIIIIIIIIIIIIIIIIIIIIIIIIIIIIIIIIIIIIIIIIIIIIIIIIII
IIIIA1IIA1IIIIIIIIIIIIIIIIIIIIIIIIIIIIIIIIIIIIIIIIIIIIIIIIIIIIII
IIIIA1IIAA1IIIIIIIIIIIIIIIIIIIIIIIIIIIIIIIIIIIIIIIIIIIIIIIIIIIII
IIIIA1IIAA1A1IIIIIIIIIIIIIIIIIIIIIIIIIIIIIIIIIIIIIIIIIIIIIIIIIII
IIIIA1IIAAAA1IIIIIIIIIIIIIIIIIIIIIIIIIIIIIIIIIIIIIIIIIIIIIIIIIII
IIIAA1IIAAAA1IIIIIIIIIIIIIIIIIIIIIIIIIIIIIIIIIIIIIIIIIIIIIIIIIII
IIIIIIIIIIIIAI22IIIIIIIIIIIIIIIIIIIIIIIIIIIIIIIIIIIIIIIIIIIIIIII
IIIIIIIIIIIIA1IIIIIIIIIIIIIIIIIIIIIIIIIIIIIIIIIIIIIIIIIIIIIIIIII
IIIIIIIIA1IIA1IIIIIIIIIIIIIIIIIIIIIIIIIIIIIIIIIIIIIIIIIIIIIIIIII
IIIIA1IIA1IIA1IIIIIIIIIIIIIIIIIIIIIIIIIIIIIIIIIIIIIIIIIIIIIIIIII
IIIIA1IIAA1IA1IIIIIIIIIIIIIIIIIIIIIIIIIIIIIIIIIIIIIIIIIIIIIIIIII
IIIIA1IIAA1AA1IIIIIIIIIIIIIIIIIIIIIIIIIIIIIIIIIIIIIIIIIIIIIIIIII
IIIIA1IIAAAAA1IIIIIIIIIIIIIIIIIIIIIIIIIIIIIIIIIIIIIIIIIIIIIIIIII
III1A1IIAAAAA1IIIIIIIIIIIIIIIIIIIIIIIIIIIIIIIIIIIIIIIIIIIIIIIIII
II1AA1IIAAAAA1IIIIIIIIIIIIIIIIIIIIIIIIIIIIIIIIIIIIIIIIIIIIIIIIII
II1AA1I1AAAAA1IIIIIIIIIIIIIIIIIIIIIIIIIIIIIIIIIIIIIIIIIIIIIIIIII
IIIIIIIIIIIIIIIIIIIIIIIIIIIIIIIIIIIIIIIIIIIIII1AIIIIIIIIIIIIIIII
IIIIIIIIIIIIIIII1AIIIIIIIIIIIIIIIIIIIIIIIIIIII1AIIIIIIIIIIIIIIII
IIIIIIIIA2IIIIII1AIIIIIIIIIIIIIIIIIIIIIIIIIIII1AIIIIIIIIIIIIIIII
IIIIA2IIA2IIIIII1AIIIIIIIIIIIIIIIIIIIIIIIIIIII1AIIIIIIIIIIIIIIII
IIIIA2IIAA2IIIII1AIIIIIIIIIIIIIIIIIIIIIIIIIIII1AIIIIIIIIIIIIIIII
IIIIA2IIAA2A2III1AIIIIIIIIIIIIIIIIIIIIIIIIIIII1AIIIIIIIIIIIIIIII
IIIIA2IIAAAA2III1AIIIIIIIIIIIIIIIIIIIIIIIIIIII1AIIIIIIIIIIIIIIII
IIIAA2IIAAAA2III1AIIIIIIIIIIIIIIIIIIIIIIIIIIII1AIIIIIIIIIIIIIIII
IIIAA2IIAAAAA2II1AIIIIIIIIIIIIIIIIIIIIIIIIIIII1AIIIIIIIIIIIIIIII
IIIIIIIIIIIIIIIIIIIIIIIIIIIIIIIIIIIIIIIIIIIIIIIA2IIIIIIIIIIIIIII
IIIIIIIIIIIIIIIIIA2IIIIIIIIIIIIIIIIIIIIIIIIIIIIA2IIIIIIIIIIIIIII
IIIIIIIIIIIIIIIIIIIIIIIIIIIIIIIIIIIIIIIIIIIIIIIA1IIIIIIIIIIIIIII
IIIIIIIIIIIIIIIIIA1IIIIIIIIIIIIIIIIIIIIIIIIIIIIA1IIIIIIIIIIIIIII
IIIIIIIIA1IIIIIIIA1IIIIIIIIIIIIIIIIIIIIIIIIIIIIA1IIIIIIIIIIIIIII
IIIIA1IIA1IIIIIIIA1IIIIIIIIIIIIIIIIIIIIIIIIIIIIA1IIIIIIIIIIIIIII
IIIIA1IIAA1IIIIIIA1IIIIIIIIIIIIIIIIIIIIIIIIIIIIA1IIIIIIIIIIIIIII
IIIIA1IIAA1A1IIIIA1IIIIIIIIIIIIIIIIIIIIIIIIIIIIA1IIIIIIIIIIIIIII
IIIIA1IIAAAA1IIIIA1IIIIIIIIIIIIIIIIIIIIIIIIIIIIA1IIIIIIIIIIIIIII
IIIAA1IIAAAA1IIIIA1IIIIIIIIIIIIIIIIIIIIIIIIIIIIA1IIIIIIIIIIIIIII
IIIIIIIIIIIIIIIIIIIIIIIIIIIIIIIIIIIIIIIIIIIIIIIAIIIIIIIIIIIIIIII
IIIIIIIIIIIIIIIIIAIIIIIIIIIIIIIIIIIIIIIIIIIIIIIAIIIIIIIIIIIIIIII
IIIIIIIIIIIIAIIIIAIIIIIIIIIIIIIIIIIIIIIIIIIIIIIAIIIIIIIIIIIIIIII
IIIIIIIIAIIIAIIIIAIIIIIIIIIIIIIIIIIIIIIIIIIIIIIAIIIIIIIIIIIIIIII
IIIIAIIIAIIIAIIIIAIIIIIIIIIIIIIIIIIIIIIIIIIIIIIAIIIIIIIIIIIIIIII
IIIIAIIIAAIIAIIIIAIIIIIIIIIIIIIIIIIIIIIIIIIIIIIAIIIIIIIIIIIIIIII
IIIIAIIIAAIAAIIIIAIIIIIIIIIIIIIIIIIIIIIIIIIIIIIAIIIIIIIIIIIIIIII
IIIIAIIIAAAAAIIIIAIIIIIIIIIIIIIIIIIIIIIIIIIIIIIAIIIIIIIIIIIIIIII
IIIIIIIIIIIIIIIIIIIIIIIIIIIIIIIIIIIIIIIIIIIIIIIAI2IIIIIIIIIIIIII
IIIIIIIIIIIIAI2IIIIIIIIIIIIIIIIIIIIIIIIIIIIIIIIAI2IIIIIIIIIIIIII
IIIIIIIIIIIIAI2IIAI2IIIIIIIIIIIIIIIIIIIIIIIIIIIAI2IIIIIIIIIIIIII
IIIIIIIIIAI2AI2IIAI2IIIIIIIIIIIIIIIIIIIIIIIIIIIAI2IIIIIIIIIIIIII
IIIIAI2IIAI2AI2IIAI2IIIIIIIIIIIIIIIIIIIIIIIIIIIAI2IIIIIIIIIIIIII
IIIAA22IIAI2AI2IIAI2IIIIIIIIIIIIIIIIIIIIIIIIIIIAI2IIIIIIIIIIIIII
IIIIIIIIIIIIA1IIIIIIIIIIIIIIIIIIIIIIIIIIIIIIIIIIIIIIIIIIIIIIIIII
IIIIIIIIIA1IA1IIIIIIIIIIIIIIIIIIIIIIIIIIIIIIIIIIIIIIIIIIIIIIIIII
IIIIA1IIIA1IA1IIIIIIIIIIIIIIIIIIIIIIIIIIIIIIIIIIIIIIIIIIIIIIIIII
IIIAA1IIIA1IA1IIIIIIIIIIIIIIIIIIIIIIIIIIIIIIIIIIIIIIIIIIIIIIIIII
IIIIIIIIIIIIAIIIIIIIIIIIIIIIIIIIIIIIIIIIIIIIIIIIIIIIIIIIIIIIIIII
IIIIIIIIIIIIA12IIIIIIIIIIIIIIIIIIIIIIIIIIIIIIIIIIIIIIIIIIIIIIIII
IIIIIIIIAIIIIIIIIIIIIIIIIIIIIIIIIIIIIIIIIIIIIIIIIIIIIIIIIIIIIIII
IIIIAIIIAIIIIIIIIIIIIIIIIIIIIIIIIIIIIIIIIIIIIIIIIIIIIIIIIIIIIIII
IIIIAIIIAAIIIIIIIIIIIIIIIIIIIIIIIIIIIIIIIIIIIIIIIIIIIIIIIIIIIIII
IIIIAIIIAAIAIIIIIIIIIIIIIIIIIIIIIIIIIIIIIIIIIIIIIIIIIIIIIIIIIIII
IIIIAIIIAAAAIIIIIIIIIIIIIIIIIIIIIIIIIIIIIIIIIIIIIIIIIIIIIIIIIIII
IIIAAIIIAAAAIIIIIIIIIIIIIIIIIIIIIIIIIIIIIIIIIIIIIIIIIIIIIIIIIIII
IIIAA12IAAAAIIIIIIIIIIIIIIIIIIIIIIIIIIIIIIIIIIIIIIIIIIIIIIIIIIII
IIIIIIIIIIIIIIIIIIIIIIIIIIIIIIIIIIIIIIIIIIIIIIIAIIIIIIIIIIIIIIII
IIIIIIIIIIIIAIIIIIIIIIIIIIIIIIIIIIIIIIIIIIIIIIIAIIIIIIIIIIIIIIII
IIIIIIIIIIIIAIIIIAIIIIIIIIIIIIIIIIIIIIIIIIIIIIIAIIIIIIIIIIIIIIII
IIIIIIIIAIIIAIIIIAIIIIIIIIIIIIIIIIIIIIIIIIIIIIIAIIIIIIIIIIIIIIII
IIIIAIIIAIIIAIIIIAIIIIIIIIIIIIIIIIIIIIIIIIIIIIIAIIIIIIIIIIIIIIII
IIIIAIIIAAIIAIIIIAIIIIIIIIIIIIIIIIIIIIIIIIIIIIIAIIIIIIIIIIIIIIII
IIIIAIIIAAIAAIIIIAIIIIIIIIIIIIIIIIIIIIIIIIIIIIIAIIIIIIIIIIIIIIII
IIIIAIIIAAAAAIIIIAIIIIIIIIIIIIIIIIIIIIIIIIIIIIIAIIIIIIIIIIIIIIII
IIIAAIIIAAAAAIIIIAIIIIIIIIIIIIIIIIIIIIIIIIIIIIIAIIIIIIIIIIIIIIII
IIIIIIIIIIIIIIIIIIIIIIIIIIIIIIIIIIIIIIIIIIIIIIIAIIIIIIIIIIIIIIII
IIIIIIIIIIIIIIIIIAIIIIIIIIIIIIIIIIIIIIIIIIIIIIIAIIIIIIIIIIIIIIII
IIIIIIIIAIIIIIIIIAIIIIIIIIIIIIIIIIIIIIIIIIIIIIIAIIIIIIIIIIIIIIII
IIIIAIIIAIIIIIIIIAIIIIIIIIIIIIIIIIIIIIIIIIIIIIIAIIIIIIIIIIIIIIII
IIIIAIIIAAIIIIIIIAIIIIIIIIIIIIIIIIIIIIIIIIIIIIIAIIIIIIIIIIIIIIII
IIIIAIIIAAIAIIIIIAIIIIIIIIIIIIIIIIIIIIIIIIIIIIIAIIIIIIIIIIIIIIII
IIIIAIIIAAAAIIIIIAIIIIIIIIIIIIIIIIIIIIIIIIIIIIIAIIIIIIIIIIIIIIII
IIIIA1IIAAAAIIIIIAIIIIIIIIIIIIIIIIIIIIIIIIIIIIIAIIIIIIIIIIIIIIII
IIIAA1IIAAAAIIIIIAIIIIIIIIIIIIIIIIIIIIIIIIIIIIIAIIIIIIIIIIIIIIII
IIIIIIIIIIIIIIIIIIIIIIIIIIIIIIIIIIIIIIIIIIIIIIIA1IIIIIIIIIIIIIII
IIIIIIIIIIIIIIIIIA1IIIIIIIIIIIIIIIIIIIIIIIIIIIIA1IIIIIIIIIIIIIII
IIIIIIIIA1IIIIIIIA1IIIIIIIIIIIIIIIIIIIIIIIIIIIIA1IIIIIIIIIIIIIII
IIIIA1IIA1IIIIIIIA1IIIIIIIIIIIIIIIIIIIIIIIIIIIIA1IIIIIIIIIIIIIII
IIIIA1IIAA1IIIIIIA1IIIIIIIIIIIIIIIIIIIIIIIIIIIIA1IIIIIIIIIIIIIII
IIIIA1IIAA1A1IIIIA1IIIIIIIIIIIIIIIIIIIIIIIIIIIIA1IIIIIIIIIIIIIII
IIIIA1IIAAAA1IIIIA1IIIIIIIIIIIIIIIIIIIIIIIIIIIIA1IIIIIIIIIIIIIII
IIIAA1IIAAAA1IIIIA1IIIIIIIIIIIIIIIIIIIIIIIIIIIIA1IIIIIIIIIIIIIII
IIIIIIIIIIIIAIIIIIIIIIIIIIIIIIIIIIIIIIIIIIIIIIIIIIIIIIIIIIIIIIII
IIIIIIIIA1IIIIIIIIIIIIIIIIIIIIIIIIIIIIIIIIIIIIIIIIIIIIIIIIIIIIII
IIIIA1IIA1IIIIIIIIIIIIIIIIIIIIIIIIIIIIIIIIIIIIIIIIIIIIIIIIIIIIII
IIIIA1IIAA1IIIIIIIIIIIIIIIIIIIIIIIIIIIIIIIIIIIIIIIIIIIIIIIIIIIII
IIIIA1IIAA1A1IIIIIIIIIIIIIIIIIIIIIIIIIIIIIIIIIIIIIIIIIIIIIIIIIII
IIIIA1IIAAAA1IIIIIIIIIIIIIIIIIIIIIIIIIIIIIIIIIIIIIIIIIIIIIIIIIII
IIIAA1IIAAAA1IIIIIIIIIIIIIIIIIIIIIIIIIIIIIIIIIIIIIIIIIIIIIIIIIII
IIIIIIIIIIIIAIIIIIIIIIIIIIIIIIIIIIIIIIIIIIIIIIIIIIIIIIIIIIIIIIII
IIIIIIIIA1IIIIIIIIIIIIIIIIIIIIIIIIIIIIIIIIIIIIIIIIIIIIIIIIIIIIII
IIIIA1IIA1IIIIIIIIIIIIIIIIIIIIIIIIIIIIIIIIIIIIIIIIIIIIIIIIIIIIII
IIIIA1IIAA1IIIIIIIIIIIIIIIIIIIIIIIIIIIIIIIIIIIIIIIIIIIIIIIIIIIII
IIIIA1IIAA1A1IIIIIIIIIIIIIIIIIIIIIIIIIIIIIIIIIIIIIIIIIIIIIIIIIII
IIIIA1IIAAAA1IIIIIIIIIIIIIIIIIIIIIIIIIIIIIIIIIIIIIIIIIIIIIIIIIII
IIIAA1IIAAAA1IIIIIIIIIIIIIIIIIIIIIIIIIIIIIIIIIIIIIIIIIIIIIIIIIII
IIIIIIIIIIIIA1IIIIIIIIIIIIIIIIIIIIIIIIIIIIIIIIIIIIIIIIIIIIIIIIII
IIIIIIIIAIIIIIIIIIIIIIIIIIIIIIIIIIIIIIIIIIIIIIIIIIIIIIIIIIIIIIII
IIIIAIIIAIIIIIIIIIIIIIIIIIIIIIIIIIIIIIIIIIIIIIIIIIIIIIIIIIIIIIII
IIIIAIIIAAIIIIIIIIIIIIIIIIIIIIIIIIIIIIIIIIIIIIIIIIIIIIIIIIIIIIII
IIIIAIIIAAIAIIIIIIIIIIIIIIIIIIIIIIIIIIIIIIIIIIIIIIIIIIIIIIIIIIII
IIIIAIIIAAAAIIIIIIIIIIIIIIIIIIIIIIIIIIIIIIIIIIIIIIIIIIIIIIIIIIII
IIIAAIIIAAAAIIIIIIIIIIIIIIIIIIIIIIIIIIIIIIIIIIIIIIIIIIIIIIIIIIII
IIIAAIIIAAAAIIIIIIIIIIIIIIIIIIIIIIIIIIIIIIIIIIIA1IIIIIIIIIIIIIII
IIIAAIIIAAAAA1IIIIIIIIIIIIIIIIIIIIIIIIIIIIIIIIIA1IIIIIIIIIIIIIII
IIIAAIIIAAAAA1IIIA1IIIIIIIIIIIIIIIIIIIIIIIIIIIIA1IIIIIIIIIIIIIII
IIIAA1IIAAAAA1IIIA1IIIIIIIIIIIIIIIIIIIIIIIIIIIIA1IIIIIIIIIIIIIII
IIIIIIIIIIIIIIIIIIIIIIIIIIIIIIIIIIIIIIIIIIIIIIIA1IIIIIIIIIIIIIII
IIIIIIIIIIIIIIIIIA1IIIIIIIIIIIIIIIIIIIIIIIIIIIIA1IIIIIIIIIIIIIII
IIIIIIIIIIIIIIIIIIIIIIIIIIIIIIIIIIIIIIIIIIIIII2AIIIIIIIIIIIIIIII
IIIIIIIIIII2AIIIIIIIIIIIIIIIIIIIIIIIIIIIIIIIII2AIIIIIIIIIIIIIIII
IIIIIIIIIII2AIII2AIIIIIIIIIIIIIIIIIIIIIIIIIIII2AIIIIIIIIIIIIIIII
IIIIIII2AII2AIII2AIIIIIIIIIIIIIIIIIIIIIIIIIIII2AIIIIIIIIIIIIIIII
III2AII2AII2AIII2AIIIIIIIIIIIIIIIIIIIIIIIIIIII2AIIIIIIIIIIIIIIII
III2AII2AAI2AIII2AIIIIIIIIIIIIIIIIIIIIIIIIIIII2AIIIIIIIIIIIIIIII
III2AII2AA2AAIII2AIIIIIIIIIIIIIIIIIIIIIIIIIIII2AIIIIIIIIIIIIIIII
III2AII2AAAAAIII2AIIIIIIIIIIIIIIIIIIIIIIIIIIII2AIIIIIIIIIIIIIIII
II2AAII2AAAAAIII2AIIIIIIIIIIIIIIIIIIIIIIIIIIII2AIIIIIIIIIIIIIIII
IIIIIIIIIIIIIIIIIIIIIIIIIIIIIIIIIIIIIIIIIIIIII2AIIIIIIIIIIIIIIII
IIIIIIIIIIIIIIIIIA1IIIIIIIIIIIIIIIIIIIIIIIIIII2AIIIIIIIIIIIIIIII
IIIIIIIIIIIIIIIIIA1IIIIIIIIIIIIIIIIIIIIIIIIIII2A1IIIIIIIIIIIIIII
IIIIIIIIA1IIIIIIIA1IIIIIIIIIIIIIIIIIIIIIIIIIII2A1IIIIIIIIIIIIIII
IIIIA1IIA1IIIIIIIA1IIIIIIIIIIIIIIIIIIIIIIIIIII2A1IIIIIIIIIIIIIII
IIIIA1IIAA1IIIIIIA1IIIIIIIIIIIIIIIIIIIIIIIIIII2A1IIIIIIIIIIIIIII
IIIIA1IIAA1A1IIIIA1IIIIIIIIIIIIIIIIIIIIIIIIIII2A1IIIIIIIIIIIIIII
IIIIA1IIAAAA1IIIIA1IIIIIIIIIIIIIIIIIIIIIIIIIII2A1IIIIIIIIIIIIIII
IIIIIIIIIAIIIIIIIIIIIIIIIIIIIIIIIIIIIIIIIIIIIIIIIIIIIIIIIIIIIIII
IIIIAIIIIAIIIIIIIIIIIIIIIIIIIIIIIIIIIIIIIIIIIIIIIIIIIIIIIIIIIIII
IIIAAIIIIAIIIIIIIIIIIIIIIIIIIIIIIIIIIIIIIIIIIIIIIIIIIIIIIIIIIIII
IIIIIIIIIIIIIIIIIIIIIIIIIIIIIIIIIIIIIIIIIIIIIIIA1IIIIIIIIIIIIIII
IIIIIIIIIIIIIIIIIA1IIIIIIIIIIIIIIIIIIIIIIIIIIIIA1IIIIIIIIIIIIIII
IIIIIIIIA1IIIIIIIA1IIIIIIIIIIIIIIIIIIIIIIIIIIIIA1IIIIIIIIIIIIIII
IIIIA1IIA1IIIIIIIA1IIIIIIIIIIIIIIIIIIIIIIIIIIIIA1IIIIIIIIIIIIIII
IIIIA1IIAA1IIIIIIA1IIIIIIIIIIIIIIIIIIIIIIIIIIIIA1IIIIIIIIIIIIIII
IIIIA1IIAA1A1IIIIA1IIIIIIIIIIIIIIIIIIIIIIIIIIIIA1IIIIIIIIIIIIIII
IIIIA1IIAAAA1IIIIA1IIIIIIIIIIIIIIIIIIIIIIIIIIIIA1IIIIIIIIIIIIIII
IIIAA1IIAAAA1IIIIA1IIIIIIIIIIIIIIIIIIIIIIIIIIIIA1IIIIIIIIIIIIIII
IIIIIIIIIIIIAIIIIIIIIIIIIIIIIIIIIIIIIIIIIIIIIIIIIIIIIIIIIIIIIIII
IIIIIIIIA1IIIIIIIIIIIIIIIIIIIIIIIIIIIIIIIIIIIIIIIIIIIIIIIIIIIIII
IIIIA1IIA1IIIIIIIIIIIIIIIIIIIIIIIIIIIIIIIIIIIIIIIIIIIIIIIIIIIIII
IIIIA1IIAA1IIIIIIIIIIIIIIIIIIIIIIIIIIIIIIIIIIIIIIIIIIIIIIIIIIIII
IIIIA1IIAAA1IIIIIIIIIIIIIIIIIIIIIIIIIIIIIIIIIIIIIIIIIIIIIIIIIIII
IIIIA1IIAAAA1IIIIIIIIIIIIIIIIIIIIIIIIIIIIIIIIIIIIIIIIIIIIIIIIIII
IIIAA1IIAAAA1IIIIIIIIIIIIIIIIIIIIIIIIIIIIIIIIIIIIIIIIIIIIIIIIIII
IIIIIIIIIIIIAIIIIIIIIIIIIIIIIIIIIIIIIIIIIIIIIIIIIIIIIIIIIIIIIIII
IIIIIIIIAIIIAIIIIIIIIIIIIIIIIIIIIIIIIIIIIIIIIIIIIIIIIIIIIIIIIIII
IIIIAIIIAIIIAIIIIIIIIIIIIIIIIIIIIIIIIIIIIIIIIIIIIIIIIIIIIIIIIIII
IIIIAIIIAA1IAIIIIIIIIIIIIIIIIIIIIIIIIIIIIIIIIIIIIIIIIIIIIIIIIIII
IIIIAIIIAA1AAIIIIIIIIIIIIIIIIIIIIIIIIIIIIIIIIIIIIIIIIIIIIIIIIIII
IIIIAIIIAAAAAIIIIIIIIIIIIIIIIIIIIIIIIIIIIIIIIIIIIIIIIIIIIIIIIIII
IIIIA1IIAAAAAIIIIIIIIIIIIIIIIIIIIIIIIIIIIIIIIIIIIIIIIIIIIIIIIIII
IIIAA1IIAAAAAIIIIIIIIIIIIIIIIIIIIIIIIIIIIIIIIIIIIIIIIIIIIIIIIIII
IIIIIIIIIIIIAIIIIIIIIIIIIIIIIIIIIIIIIIIIIIIIIIIIIIIIIIIIIIIIIIII
IIIIIIIIAIIIIIIIIIIIIIIIIIIIIIIIIIIIIIIIIIIIIIIIIIIIIIIIIIIIIIII
IIIIAIIIAIIIIIIIIIIIIIIIIIIIIIIIIIIIIIIIIIIIIIIIIIIIIIIIIIIIIIII
IIIIAIIIAAIIIIIIIIIIIIIIIIIIIIIIIIIIIIIIIIIIIIIIIIIIIIIIIIIIIIII
IIIIAIIIAAIAIIIIIIIIIIIIIIIIIIIIIIIIIIIIIIIIIIIIIIIIIIIIIIIIIIII
IIIIAIIIAAAAIIIIIIIIIIIIIIIIIIIIIIIIIIIIIIIIIIIIIIIIIIIIIIIIIIII
IIIAAIIIAAAAIIIIIIIIIIIIIIIIIIIIIIIIIIIIIIIIIIIIIIIIIIIIIIIIIIII
IIIAA2IIAAAAIIIIIIIIIIIIIIIIIIIIIIIIIIIIIIIIIIIIIIIIIIIIIIIIIIII
IIIAA2IIAAAAA2IIIIIIIIIIIIIIIIIIIIIIIIIIIIIIIIIIIIIIIIIIIIIIIIII
IIIAA2IIAAAAA2IIIIIIIIIIIIIIIIIIIIIIIIIIIIIIIIIA2IIIIIIIIIIIIIII
IIIAA2IIAAAAA2IIIA2IIIIIIIIIIIIIIIIIIIIIIIIIIIIA2IIIIIIIIIIIIIII
IIIAA2IIAAAAA1IIIA2IIIIIIIIIIIIIIIIIIIIIIIIIIIIA2IIIIIIIIIIIIIII
IIIAA2IIAAAAA1IIIA2IIIIIIIIIIIIIIIIIIIIIIIIIIIIA1IIIIIIIIIIIIIII
IIIAA2IIAAAAA1IIIA1IIIIIIIIIIIIIIIIIIIIIIIIIIIIA1IIIIIIIIIIIIIII
IIIAA1IIAAAAA1IIIA1IIIIIIIIIIIIIIIIIIIIIIIIIIIIA1IIIIIIIIIIIIIII
IIIIIIIIA1IIIIIIIIIIIIIIIIIIIIIIIIIIIIIIIIIIIIIIIIIIIIIIIIIIIIII
IIIIA1IIA1IIIIIIIIIIIIIIIIIIIIIIIIIIIIIIIIIIIIIIIIIIIIIIIIIIIIII
IIIIA1IIAA1IIIIIIIIIIIIIIIIIIIIIIIIIIIIIIIIIIIIIIIIIIIIIIIIIIIII
IIIIA1IIAA1A1IIIIIIIIIIIIIIIIIIIIIIIIIIIIIIIIIIIIIIIIIIIIIIIIIII
IIIIA1IIAAAA1IIIIIIIIIIIIIIIIIIIIIIIIIIIIIIIIIIIIIIIIIIIIIIIIIII
IIIAA1IIAAAA1IIIIIIIIIIIIIIIIIIIIIIIIIIIIIIIIIIIIIIIIIIIIIIIIIII
IIIIIIIIIIIIIIIIIIIIIIIIIIIIIIIIIIIIIIIIIIIIIIIA2IIIIIIIIIIIIIII
IIIIIIIIIIIIA2IIIIIIIIIIIIIIIIIIIIIIIIIIIIIIIIIA2IIIIIIIIIIIIIII
IIIIIIIIIIIIA2IIIA2IIIIIIIIIIIIIIIIIIIIIIIIIIIIA2IIIIIIIIIIIIIII
IIIIIIIIA2IIA2IIIA2IIIIIIIIIIIIIIIIIIIIIIIIIIIIA2IIIIIIIIIIIIIII
IIIIA2IIA2IIA2IIIA2IIIIIIIIIIIIIIIIIIIIIIIIIIIIA2IIIIIIIIIIIIIII
IIIIA2IIAA2IA2IIIA2IIIIIIIIIIIIIIIIIIIIIIIIIIIIA2IIIIIIIIIIIIIII
IIIIA2IIAA2AA2IIIA2IIIIIIIIIIIIIIIIIIIIIIIIIIIIA2IIIIIIIIIIIIIII
IIIIA2IIAAAAA2IIIA2IIIIIIIIIIIIIIIIIIIIIIIIIIIIA2IIIIIIIIIIIIIII
IIIIIIIIIIIIIIIIIIIIIIIIIIIIIIIIIIIIIIIIIIIIIIIA2IIIIIIIIIIIIIII
IIIIIIIIIIIIIIIIIA2IIIIIIIIIIIIIIIIIIIIIIIIIIIIA2IIIIIIIIIIIIIII
IIIIIIIIA2IIIIIIIA2IIIIIIIIIIIIIIIIIIIIIIIIIIIIA2IIIIIIIIIIIIIII
IIIIA2IIA2IIIIIIIA2IIIIIIIIIIIIIIIIIIIIIIIIIIIIA2IIIIIIIIIIIIIII
IIIIA2IIAA2IIIIIIA2IIIIIIIIIIIIIIIIIIIIIIIIIIIIA2IIIIIIIIIIIIIII
IIIIA2IIAA2A2IIIIA2IIIIIIIIIIIIIIIIIIIIIIIIIIIIA2IIIIIIIIIIIIIII
IIIIA2IIAAAA2IIIIA2IIIIIIIIIIIIIIIIIIIIIIIIIIIIA2IIIIIIIIIIIIIII
IIIIIIIIIA1IIIIIIIIIIIIIIIIIIIIIIIIIIIIIIIIIIIIIIIIIIIIIIIIIIIII
IIIIA1IIIA1IIIIIIIIIIIIIIIIIIIIIIIIIIIIIIIIIIIIIIIIIIIIIIIIIIIII
IIIAA1IIIA1IIIIIIIIIIIIIIIIIIIIIIIIIIIIIIIIIIIIIIIIIIIIIIIIIIIII
IIIIIIIIAIIIIIIIIIIIIIIIIIIIIIIIIIIIIIIIIIIIIIIIIIIIIIIIIIIIIIII
IIIIAIIIAIIIIIIIIIIIIIIIIIIIIIIIIIIIIIIIIIIIIIIIIIIIIIIIIIIIIIII
IIIIAIIIAAIIIIIIIIIIIIIIIIIIIIIIIIIIIIIIIIIIIIIIIIIIIIIIIIIIIIII
IIIIAIIIAAIAIIIIIIIIIIIIIIIIIIIIIIIIIIIIIIIIIIIIIIIIIIIIIIIIIIII
IIIIAIIIAAAAIIIIIIIIIIIIIIIIIIIIIIIIIIIIIIIIIIIIIIIIIIIIIIIIIIII
IIIIAIIIAAAAA2IIIIIIIIIIIIIIIIIIIIIIIIIIIIIIIIIIIIIIIIIIIIIIIIII
IIIIAIIIAAAAA2IIIIIIIIIIIIIIIIIIIIIIIIIIIIIIIIIA2IIIIIIIIIIIIIII
IIIIAIIIAAAAA2IIIA2IIIIIIIIIIIIIIIIIIIIIIIIIIIIA2IIIIIIIIIIIIIII
IIIIA1IIAAAAA2IIIA2IIIIIIIIIIIIIIIIIIIIIIIIIIIIA2IIIIIIIIIIIIIII
IIIAA1IIAAAAA2IIIA2IIIIIIIIIIIIIIIIIIIIIIIIIIIIA2IIIIIIIIIIIIIII
IIIIIIIIIIIIA1IIIIIIIIIIIIIIIIIIIIIIIIIIIIIIIIIIIIIIIIIIIIIIIIII
IIIIIIIIAIIIA1IIIIIIIIIIIIIIIIIIIIIIIIIIIIIIIIIIIIIIIIIIIIIIIIII
IIIIAIIIAIIIA1IIIIIIIIIIIIIIIIIIIIIIIIIIIIIIIIIIIIIIIIIIIIIIIIII
IIIIAIIIAAIIA1IIIIIIIIIIIIIIIIIIIIIIIIIIIIIIIIIIIIIIIIIIIIIIIIII
IIIIAIIIAAIAA1IIIIIIIIIIIIIIIIIIIIIIIIIIIIIIIIIIIIIIIIIIIIIIIIII
IIIIAIIIAAAAA1IIIIIIIIIIIIIIIIIIIIIIIIIIIIIIIIIIIIIIIIIIIIIIIIII
IIIAAIIIAAAAA1IIIIIIIIIIIIIIIIIIIIIIIIIIIIIIIIIIIIIIIIIIIIIIIIII
IIIIIIIIIIIIA1IIIIIIIIIIIIIIIIIIIIIIIIIIIIIIIIIIIIIIIIIIIIIIIIII
IIIIIIIIA1IIIIIIIIIIIIIIIIIIIIIIIIIIIIIIIIIIIIIIIIIIIIIIIIIIIIII
IIIIA1IIA1IIIIIIIIIIIIIIIIIIIIIIIIIIIIIIIIIIIIIIIIIIIIIIIIIIIIII
IIIIA1IIAA1IIIIIIIIIIIIIIIIIIIIIIIIIIIIIIIIIIIIIIIIIIIIIIIIIIIII
IIIIA1IIAA1A1IIIIIIIIIIIIIIIIIIIIIIIIIIIIIIIIIIIIIIIIIIIIIIIIIII
IIIIA1IIAAAA1IIIIIIIIIIIIIIIIIIIIIIIIIIIIIIIIIIIIIIIIIIIIIIIIIII
IIIAA1IIAAAA1IIIIIIIIIIIIIIIIIIIIIIIIIIIIIIIIIIIIIIIIIIIIIIIIIII
IIIAA1IIAAAAAIIIIIIIIIIIIIIIIIIIIIIIIIIIIIIIIIIIIIIIIIIIIIIIIIII
IIIAA1IIAAAAAIIIIIIIIIIIIIIIIIIIIIIIIIIIIIIIIIIAIIIIIIIIIIIIIIII
IIIAA1IIAAAAAIIIIAIIIIIIIIIIIIIIIIIIIIIIIIIIIIIAIIIIIIIIIIIIIIII
IIIIIIIIIIIIIIIIIIIIIIIIIIIIIIIIIIIIIIIIIIIIIIIA1IIIIIIIIIIIIIII
IIIIIIIIIIIIIIIIIA1IIIIIIIIIIIIIIIIIIIIIIIIIIIIA1IIIIIIIIIIIIIII
IIIIAIIIIIIIIIIIIA1IIIIIIIIIIIIIIIIIIIIIIIIIIIIA1IIIIIIIIIIIIIII
IIIIAIIIAIIIIIIIIA1IIIIIIIIIIIIIIIIIIIIIIIIIIIIA1IIIIIIIIIIIIIII
IIIIAIIIAAIIIIIIIA1IIIIIIIIIIIIIIIIIIIIIIIIIIIIA1IIIIIIIIIIIIIII
IIIIAIIIAAIAIIIIIA1IIIIIIIIIIIIIIIIIIIIIIIIIIIIA1IIIIIIIIIIIIIII
IIIIAIIIAAAAIIIIIA1IIIIIIIIIIIIIIIIIIIIIIIIIIIIA1IIIIIIIIIIIIIII
IIIAAIIIAAAAIIIIIA1IIIIIIIIIIIIIIIIIIIIIIIIIIIIA1IIIIIIIIIIIIIII
IIIAAIIIAAAAAIIIIA1IIIIIIIIIIIIIIIIIIIIIIIIIIIIA1IIIIIIIIIIIIIII
IIIAA1IIAAAAAIIIIA1IIIIIIIIIIIIIIIIIIIIIIIIIIIIA1IIIIIIIIIIIIIII
IIIIIIIIIIIIA1IIIIIIIIIIIIIIIIIIIIIIIIIIIIIIIIIIIIIIIIIIIIIIIIII
IIIIIIIIA1IIIIIIIIIIIIIIIIIIIIIIIIIIIIIIIIIIIIIIIIIIIIIIIIIIIIII
IIIIA1IIA1IIIIIIIIIIIIIIIIIIIIIIIIIIIIIIIIIIIIIIIIIIIIIIIIIIIIII
IIIIA1IIAA1IIIIIIIIIIIIIIIIIIIIIIIIIIIIIIIIIIIIIIIIIIIIIIIIIIIII
IIIIA1IIAA1A1IIIIIIIIIIIIIIIIIIIIIIIIIIIIIIIIIIIIIIIIIIIIIIIIIII
IIIIA1IIAAAA1IIIIIIIIIIIIIIIIIIIIIIIIIIIIIIIIIIIIIIIIIIIIIIIIIII
IIIAA1IIAAAA1IIIIIIIIIIIIIIIIIIIIIIIIIIIIIIIIIIIIIIIIIIIIIIIIIII
IIIAA1IIAAAA1IIIIIIIIIIIIIIIIIIIIIIIIIIIIIIIIIIAIIIIIIIIIIIIIIII
IIIAA1IIAAAA1IIIIAIIIIIIIIIIIIIIIIIIIIIIIIIIIIIAIIIIIIIIIIIIIIII
IIIAA1IIAAAAAIIIIAIIIIIIIIIIIIIIIIIIIIIIIIIIIIIAIIIIIIIIIIIIIIII
IIIAA1IIAAAAAIIIIAIIIIIIIIIIIIIIIIIIIIIIIIIIIIIA1IIIIIIIIIIIIIII
IIIAA1IIAAAAAIIIIA1IIIIIIIIIIIIIIIIIIIIIIIIIIIIA1IIIIIIIIIIIIIII
IIIIIIIIIII2AIIIIIIIIIIIIIIIIIIIIIIIIIIIIIIIIIIIIIIIIIIIIIIIIIII
III2AIIIIII2AIIIIIIIIIIIIIIIIIIIIIIIIIIIIIIIIIIIIIIIIIIIIIIIIIII
III2AIII2AI2AIIIIIIIIIIIIIIIIIIIIIIIIIIIIIIIIIIIIIIIIIIIIIIIIIII
II2AAIII2AI2AIIIIIIIIIIIIIIIIIIIIIIIIIIIIIIIIIIIIIIIIIIIIIIIIIII
II2AAIII2AI2AIIIIIIIIIIIIIIIIIIIIIIIIIIIIIIIII2AIIIIIIIIIIIIIIII
II2AAIII2AI2AIII2AIIIIIIIIIIIIIIIIIIIIIIIIIIII2AIIIIIIIIIIIIIIII
II2AAIII2A12AIII2AIIIIIIIIIIIIIIIIIIIIIIIIIIII2AIIIIIIIIIIIIIIII
II2AA1II2A12AIII2AIIIIIIIIIIIIIIIIIIIIIIIIIIII2AIIIIIIIIIIIIIIII
II2AA1II2A12A1II2AIIIIIIIIIIIIIIIIIIIIIIIIIIII2AIIIIIIIIIIIIIIII
II2AA1II2A12A1II2AIIIIIIIIIIIIIIIIIIIIIIIIIIII2A1IIIIIIIIIIIIIII
II2AA1II2A12A1II2A1IIIIIIIIIIIIIIIIIIIIIIIIIII2A1IIIIIIIIIIIIIII
II2AA1IIAA12A1II2A1IIIIIIIIIIIIIIIIIIIIIIIIIII2A1IIIIIIIIIIIIIII
II2AA1IIAA1AA1II2A1IIIIIIIIIIIIIIIIIIIIIIIIIII2A1IIIIIIIIIIIIIII
II2AA1IIAAAAA1II2A1IIIIIIIIIIIIIIIIIIIIIIIIIII2A1IIIIIIIIIIIIIII
IIIIIIIIIIIIA2IIIIIIIIIIIIIIIIIIIIIIIIIIIIIIIIIIIIIIIIIIIIIIIIII
IIIIIIIIA2IIA2IIIIIIIIIIIIIIIIIIIIIIIIIIIIIIIIIIIIIIIIIIIIIIIIII
IIIIA2IIA2IIA2IIIIIIIIIIIIIIIIIIIIIIIIIIIIIIIIIIIIIIIIIIIIIIIIII
IIIIA2IIA1IIA2IIIIIIIIIIIIIIIIIIIIIIIIIIIIIIIIIIIIIIIIIIIIIIIIII
IIIIA1IIA1IIA2IIIIIIIIIIIIIIIIIIIIIIIIIIIIIIIIIIIIIIIIIIIIIIIIII
IIIIA1IIAA1IA2IIIIIIIIIIIIIIIIIIIIIIIIIIIIIIIIIIIIIIIIIIIIIIIIII
IIIIA1IIAA1AA2IIIIIIIIIIIIIIIIIIIIIIIIIIIIIIIIIIIIIIIIIIIIIIIIII
IIIIA1IIAAAAA2IIIIIIIIIIIIIIIIIIIIIIIIIIIIIIIIIIIIIIIIIIIIIIIIII
IIIAA1IIAAAAA2IIIIIIIIIIIIIIIIIIIIIIIIIIIIIIIIIIIIIIIIIIIIIIIIII
IIIIIIIIIIIIAIIIIIIIIIIIIIIIIIIIIIIIIIIIIIIIIIIIIIIIIIIIIIIIIIII
IIIIIIIIAIIIIIIIIIIIIIIIIIIIIIIIIIIIIIIIIIIIIIIIIIIIIIIIIIIIIIII
IIIIAIIIAIIIIIIIIIIIIIIIIIIIIIIIIIIIIIIIIIIIIIIIIIIIIIIIIIIIIIII
IIIIAIIIAAIIIIIIIIIIIIIIIIIIIIIIIIIIIIIIIIIIIIIIIIIIIIIIIIIIIIII
IIIIAIIIAAIAIIIIIIIIIIIIIIIIIIIIIIIIIIIIIIIIIIIIIIIIIIIIIIIIIIII
IIIIAIIIAAAAIIIIIIIIIIIIIIIIIIIIIIIIIIIIIIIIIIIIIIIIIIIIIIIIIIII
IIIAAIIIAAAAIIIIIIIIIIIIIIIIIIIIIIIIIIIIIIIIIIIIIIIIIIIIIIIIIIII
IIIAAIIIAAAAIIIIIIIIIIIIIIIIIIIIIIIIIIIIIIIIIIIA2IIIIIIIIIIIIIII
IIIAAIIIAAAAA2IIIIIIIIIIIIIIIIIIIIIIIIIIIIIIIIIA2IIIIIIIIIIIIIII
IIIAAIIIAAAAA2IIIA2IIIIIIIIIIIIIIIIIIIIIIIIIIIIA2IIIIIIIIIIIIIII
IIIAA2IIAAAAA2IIIA2IIIIIIIIIIIIIIIIIIIIIIIIIIIIA2IIIIIIIIIIIIIII
IIIIIIIIIIIIA1IIIIIIIIIIIIIIIIIIIIIIIIIIIIIIIIIIIIIIIIIIIIIIIIII
IIIIIIIIA1IIA1IIIIIIIIIIIIIIIIIIIIIIIIIIIIIIIIIIIIIIIIIIIIIIIIII
IIIIA1IIA1IIA1IIIIIIIIIIIIIIIIIIIIIIIIIIIIIIIIIIIIIIIIIIIIIIIIII
IIIIA1IIAA1IA1IIIIIIIIIIIIIIIIIIIIIIIIIIIIIIIIIIIIIIIIIIIIIIIIII
IIIIA1IIAA1AA1IIIIIIIIIIIIIIIIIIIIIIIIIIIIIIIIIIIIIIIIIIIIIIIIII
IIIIA1IIAAAAA1IIIIIIIIIIIIIIIIIIIIIIIIIIIIIIIIIIIIIIIIIIIIIIIIII
IIIAA1IIAAAAA1IIIIIIIIIIIIIIIIIIIIIIIIIIIIIIIIIIIIIIIIIIIIIIIIII
IIIIIIIIIIIIAIIIIIIIIIIIIIIIIIIIIIIIIIIIIIIIIIIIIIIIIIIIIIIIIIII
IIIIIIIIIIIIIIIIIIIIIIIIIIIIIIIIIIIIIIIIIIIIIIIA1IIIIIIIIIIIIIII
IIIIIIIIIIIIIIIIIA1IIIIIIIIIIIIIIIIIIIIIIIIIIIIA1IIIIIIIIIIIIIII
IIIIIIIIA1IIIIIIIA1IIIIIIIIIIIIIIIIIIIIIIIIIIIIA1IIIIIIIIIIIIIII
IIIIA1IIA1IIIIIIIA1IIIIIIIIIIIIIIIIIIIIIIIIIIIIA1IIIIIIIIIIIIIII
IIIIA1IIAA1IIIIIIA1IIIIIIIIIIIIIIIIIIIIIIIIIIIIA1IIIIIIIIIIIIIII
IIIIA1IIAA1A1IIIIA1IIIIIIIIIIIIIIIIIIIIIIIIIIIIA1IIIIIIIIIIIIIII
IIIIA1IIAAAA1IIIIA1IIIIIIIIIIIIIIIIIIIIIIIIIIIIA1IIIIIIIIIIIIIII
IIIAA1IIAAAA1IIIIA1IIIIIIIIIIIIIIIIIIIIIIIIIIIIA1IIIIIIIIIIIIIII
IIIIIIIIIIIIAIIIIIIIIIIIIIIIIIIIIIIIIIIIIIIIIIIIIIIIIIIIIIIIIIII
IIIIIIIIIIIIA1IIIIIIIIIIIIIIIIIIIIIIIIIIIIIIIIIIIIIIIIIIIIIIIIII
IIIIIIIIAIIIIIIIIIIIIIIIIIIIIIIIIIIIIIIIIIIIIIIIIIIIIIIIIIIIIIII
IIIIAIIIAIIIIIIIIIIIIIIIIIIIIIIIIIIIIIIIIIIIIIIIIIIIIIIIIIIIIIII
IIIIAIIIAAIIIIIIIIIIIIIIIIIIIIIIIIIIIIIIIIIIIIIIIIIIIIIIIIIIIIII
IIIIAIIIAAIAIIIIIIIIIIIIIIIIIIIIIIIIIIIIIIIIIIIIIIIIIIIIIIIIIIII
IIIIAIIIAAAAIIIIIIIIIIIIIIIIIIIIIIIIIIIIIIIIIIIIIIIIIIIIIIIIIIII
IIIIIIIIIIIIA1IIIIIIIIIIIIIIIIIIIIIIIIIIIIIIIIIIIIIIIIIIIIIIIIII
IIIIIIIIIIIIAIIIIIIIIIIIIIIIIIIIIIIIIIIIIIIIIIIIIIIIIIIIIIIIIIII
IIIIIIIIIIAIAII11II1III12I2IIIIIIIIIIIIIIIIIIIIIIIIIIIIIIIIIIIII
IIIIIIIIIIAAA1I111I1III12I2IIIIIIIIIIIIIIIIIIIIIIIIIIIIIIIIIIIII
IIIIIIIIIIIIA1IIIIIIIIIIIIIIIIIIIIIIIIIIIIIIIIIIIIIIIIIIIIIIIIII
IIIIIIIIIIA1A1IIIIIIIIIIIIIIIIIIIIIIIIIIIIIIIIIIIIIIIIIIIIIIIIII
IIIIIIIIIIAAA1IIIIIIIIIIIIIIIIIIIIIIIIIIIIIIIIIIIIIIIIIIIIIIIIII
IIIIIIIIIIIIA1IIIIIIIIIIIIIIIIIIIIIIIIIIIIIIIIIIIIIIIIIIIIIIIIII
IIIIIIIIIIIIIIIIIIIIIIIIIIIIIIIIIIIIIIIIIIIIIIIA1IIIIIIIIIIIIIII
IIIIIIIIIIIIIIIIIA1IIIIIIIIIIIIIIIIIIIIIIIIIIIIA1IIIIIIIIIIIIIII
IIIIIIIIA1IIIIIIIA1IIIIIIIIIIIIIIIIIIIIIIIIIIIIA1IIIIIIIIIIIIIII
IIIIA1IIA1IIIIIIIA1IIIIIIIIIIIIIIIIIIIIIIIIIIIIA1IIIIIIIIIIIIIII
IIIIA1IIAA1IIIIIIA1IIIIIIIIIIIIIIIIIIIIIIIIIIIIA1IIIIIIIIIIIIIII
IIIIA1IIAA1A1IIIIA1IIIIIIIIIIIIIIIIIIIIIIIIIIIIA1IIIIIIIIIIIIIII
IIIIA1IIAAAA1IIIIA1IIIIIIIIIIIIIIIIIIIIIIIIIIIIA1IIIIIIIIIIIIIII
IIIAA1IIAAAA1IIIIA1IIIIIIIIIIIIIIIIIIIIIIIIIIIIA1IIIIIIIIIIIIIII
IIIIIIIIIII2AIIIIIIIIIIIIIIIIIIIIIIIIIIIIIIIIIIIIIIIIIIIIIIIIIII
IIIIIIIIIII2AIIIIIIIIIIIIIIIIIIIIIIIIIIIIIIIII2AIIIIIIIIIIIIIIII
IIIIIIIIIII2AIII2AIIIIIIIIIIIIIIIIIIIIIIIIIIII2AIIIIIIIIIIIIIIII
IIIIIII2AII2AIII2AIIIIIIIIIIIIIIIIIIIIIIIIIIII2AIIIIIIIIIIIIIIII
III2AII2AII2AIII2AIIIIIIIIIIIIIIIIIIIIIIIIIIII2AIIIIIIIIIIIIIIII
III2AII2AAI2AIII2AIIIIIIIIIIIIIIIIIIIIIIIIIIII2AIIIIIIIIIIIIIIII
III2AII2AA2AAIII2AIIIIIIIIIIIIIIIIIIIIIIIIIIII2AIIIIIIIIIIIIIIII
III2AII2AAAAAIII2AIIIIIIIIIIIIIIIIIIIIIIIIIIII2AIIIIIIIIIIIIIIII
III2AII2AAAAAIII2AIIIIIIIIIIIIIIIIIIIIIIIIIIII2A1IIIIIIIIIIIIIII
III2AII2AAAAAIII2A1IIIIIIIIIIIIIIIIIIIIIIIIIII2A1IIIIIIIIIIIIIII
III2A1I2AAAAAIII2A1IIIIIIIIIIIIIIIIIIIIIIIIIII2A1IIIIIIIIIIIIIII
IIIAA1I2AAAAAIII2A1IIIIIIIIIIIIIIIIIIIIIIIIIII2A1IIIIIIIIIIIIIII
IIIAA1I2AAAAA1II2A1IIIIIIIIIIIIIIIIIIIIIIIIIII2A1IIIIIIIIIIIIIII
IIIIIIIIIIIIIIIIIIIIIIIIIIIIIIIIIIIIIIIIIIIIIIIAIIIIIIIIIIIIIIII
IIIIIIIIIIIIIIIIIAIIIIIIIIIIIIIIIIIIIIIIIIIIIIIAIIIIIIIIIIIIIIII
IIIIIIIIAIIIIIIIIAIIIIIIIIIIIIIIIIIIIIIIIIIIIIIAIIIIIIIIIIIIIIII
IIIIAIIIAIIIIIIIIAIIIIIIIIIIIIIIIIIIIIIIIIIIIIIAIIIIIIIIIIIIIIII
IIIIAIIIAAIIIIIIIAIIIIIIIIIIIIIIIIIIIIIIIIIIIIIAIIIIIIIIIIIIIIII
IIIIAIIIAAIAIIIIIAIIIIIIIIIIIIIIIIIIIIIIIIIIIIIAIIIIIIIIIIIIIIII
IIIIAIIIAAAAIIIIIAIIIIIIIIIIIIIIIIIIIIIIIIIIIIIAIIIIIIIIIIIIIIII
IIIAAIIIAAAAIIIIIAIIIIIIIIIIIIIIIIIIIIIIIIIIIIIAIIIIIIIIIIIIIIII
IIIIIIIIIIIIA2IIIIIIIIIIIIIIIIIIIIIIIIIIIIIIIIIIIIIIIIIIIIIIIIII
IIIIIIIIA1IIA2IIIIIIIIIIIIIIIIIIIIIIIIIIIIIIIIIIIIIIIIIIIIIIIIII
IIIIA1IIA1IIA2IIIIIIIIIIIIIIIIIIIIIIIIIIIIIIIIIIIIIIIIIIIIIIIIII
IIIIA1IIAA1IA2IIIIIIIIIIIIIIIIIIIIIIIIIIIIIIIIIIIIIIIIIIIIIIIIII
IIIIA1IIAA1AA2IIIIIIIIIIIIIIIIIIIIIIIIIIIIIIIIIIIIIIIIIIIIIIIIII
IIIIA1IIAAAAA2IIIIIIIIIIIIIIIIIIIIIIIIIIIIIIIIIIIIIIIIIIIIIIIIII
IIIAA1IIAAAAA2IIIIIIIIIIIIIIIIIIIIIIIIIIIIIIIIIIIIIIIIIIIIIIIIII
IIIIIIIIIIIIAIIIIIIIIIIIIIIIIIIIIIIIIIIIIIIIIIIIIIIIIIIIIIIIIIII
IIIIIIIIIIIIA1IIIIIIIIIIIIIIIIIIIIIIIIIIIIIIIIIIIIIIIIIIIIIIIIII
IIIIIIIIA1IIA1IIIIIIIIIIIIIIIIIIIIIIIIIIIIIIIIIIIIIIIIIIIIIIIIII
IIIIA1IIA1IIA1IIIIIIIIIIIIIIIIIIIIIIIIIIIIIIIIIIIIIIIIIIIIIIIIII
IIIIA1IIAAIIA1IIIIIIIIIIIIIIIIIIIIIIIIIIIIIIIIIIIIIIIIIIIIIIIIII
IIIIA1IIAAIAA1IIIIIIIIIIIIIIIIIIIIIIIIIIIIIIIIIIIIIIIIIIIIIIIIII
IIIIA1IIAAAAA1IIIIIIIIIIIIIIIIIIIIIIIIIIIIIIIIIIIIIIIIIIIIIIIIII
IIIAA1IIAAAAA1IIIIIIIIIIIIIIIIIIIIIIIIIIIIIIIIIIIIIIIIIIIIIIIIII
IIIIIIIIIIIIA2IIIIIIIIIIIIIIIIIIIIIIIIIIIIIIIIIIIIIIIIIIIIIIIIII
IIIIIIIIIIIIA1IIIIIIIIIIIIIIIIIIIIIIIIIIIIIIIIIIIIIIIIIIIIIIIIII
IIIIIIIIA1IIA1IIIIIIIIIIIIIIIIIIIIIIIIIIIIIIIIIIIIIIIIIIIIIIIIII
IIIIA1IIA1IIA1IIIIIIIIIIIIIIIIIIIIIIIIIIIIIIIIIIIIIIIIIIIIIIIIII
IIIIA1IIAA1IA1IIIIIIIIIIIIIIIIIIIIIIIIIIIIIIIIIIIIIIIIIIIIIIIIII
IIIIA1IIAA1AA1IIIIIIIIIIIIIIIIIIIIIIIIIIIIIIIIIIIIIIIIIIIIIIIIII
IIIIA1IIAAAAA1IIIIIIIIIIIIIIIIIIIIIIIIIIIIIIIIIIIIIIIIIIIIIIIIII
IIIAA1IIAAAAA1IIIIIIIIIIIIIIIIIIIIIIIIIIIIIIIIIIIIIIIIIIIIIIIIII
IIIIIIIIIIIIIIIIIIIIIIIIIIIIIIIIIIIIIIIIIIIIIIIAIIIIIIIIIIIIIIII
IIIIIIIIIIIIAIIIIIIIIIIIIIIIIIIIIIIIIIIIIIIIIIIAIIIIIIIIIIIIIIII
IIIIIIIIIIIIAIIIIAIIIIIIIIIIIIIIIIIIIIIIIIIIIIIAIIIIIIIIIIIIIIII
IIIIIIIIIIIIAIIIIA2IIIIIIIIIIIIIIIIIIIIIIIIIIIIAIIIIIIIIIIIIIIII
IIIIIIIIA2IIAIIIIA2IIIIIIIIIIIIIIIIIIIIIIIIIIIIAIIIIIIIIIIIIIIII
IIIIA2IIA2IIAIIIIA2IIIIIIIIIIIIIIIIIIIIIIIIIIIIAIIIIIIIIIIIIIIII
IIIIA2IIAA2IAIIIIA2IIIIIIIIIIIIIIIIIIIIIIIIIIIIAIIIIIIIIIIIIIIII
IIIIA2IIAA2AAIIIIA2IIIIIIIIIIIIIIIIIIIIIIIIIIIIAIIIIIIIIIIIIIIII
IIIIA2IIAAAAAIIIIA2IIIIIIIIIIIIIIIIIIIIIIIIIIIIAIIIIIIIIIIIIIIII
IIIAA2IIAAAAAIIIIA2IIIIIIIIIIIIIIIIIIIIIIIIIIIIAIIIIIIIIIIIIIIII
IIIAA2IIAAAAA12IIA2IIIIIIIIIIIIIIIIIIIIIIIIIIIIAIIIIIIIIIIIIIIII
IIIIIIIIIIIIAI1I1I1I1I1I1IIIIIIIIIIIIIIIIIIIIIIIIIIIIIIIIIIIIIII
IIIIIIIIIIIIA1I1111111IIIIIIIIIIIIIIIIIIIIIIIIIIIIIIIIIIIIIIIIII
IIIIIIIIIIIIAI2IIIIIIIIIIIIIIIIIIIIIIIIIIIIIIIIIIIIIIIIIIIIIIIII
IIIIIIIIIA2IIIIIIIIIIIIIIIIIIIIIIIIIIIIIIIIIIIIIIIIIIIIIIIIIIIII
IIIIA2IIIA2IIIIIIIIIIIIIIIIIIIIIIIIIIIIIIIIIIIIIIIIIIIIIIIIIIIII
IIIAA2IIIA2IIIIIIIIIIIIIIIIIIIIIIIIIIIIIIIIIIIIIIIIIIIIIIIIIIIII
IIIAA2IIAA2IIIIIIIIIIIIIIIIIIIIIIIIIIIIIIIIIIIIIIIIIIIIIIIIIIIII
IIIAA2IIAA2A2IIIIIIIIIIIIIIIIIIIIIIIIIIIIIIIIIIIIIIIIIIIIIIIIIII
IIIAA2IIAAAA2IIIIIIIIIIIIIIIIIIIIIIIIIIIIIIIIIIIIIIIIIIIIIIIIIII
IIIAA1IIAAAA2IIIIIIIIIIIIIIIIIIIIIIIIIIIIIIIIIIIIIIIIIIIIIIIIIII
IIIAA1IIAAAA2IIIIIIIIIIIIIIIIIIIIIIIIIIIIIIIIIIA1IIIIIIIIIIIIIII
IIIAA1IIAAAA2IIIIA1IIIIIIIIIIIIIIIIIIIIIIIIIIIIA1IIIIIIIIIIIIIII
IIIAA1IIAAAA1IIIIA1IIIIIIIIIIIIIIIIIIIIIIIIIIIIA1IIIIIIIIIIIIIII
IIIIIIIIIIIIAIIIIIIIIIIIIIIIIIIIIIIIIIIIIIIIIIIIIIIIIIIIIIIIIIII
IIIIIIIIA12IIIIIIIIIIIIIIIIIIIIIIIIIIIIIIIIIIIIIIIIIIIIIIIIIIIII
IIIIA12IA12IIIIIIIIIIIIIIIIIIIIIIIIIIIIIIIIIIIIIIIIIIIIIIIIIIIII
IIIIA12IAA12IIIIIIIIIIIIIIIIIIIIIIIIIIIIIIIIIIIIIIIIIIIIIIIIIIII
IIIIA12IAA1A12IIIIIIIIIIIIIIIIIIIIIIIIIIIIIIIIIIIIIIIIIIIIIIIIII
IIIIA12IAAAA12IIIIIIIIIIIIIIIIIIIIIIIIIIIIIIIIIIIIIIIIIIIIIIIIII
IIIAA12IAAAA12IIIIIIIIIIIIIIIIIIIIIIIIIIIIIIIIIIIIIIIIIIIIIIIIII
IIIIIIIIIIIIA12IIIIIIIIIIIIIIIIIIIIIIIIIIIIIIIIIIIIIIIIIIIIIIIII
IIIIIIIIIIIIAIIIIIIIIIIIIIIIIIIIIIIIIIIIIIIIIIIIIIIIIIIIIIIIIIII
IIIIIIIIIIIIA1IIIIIIIIIIIIIIIIIIIIIIIIIIIIIIIIIIIIIIIIIIIIIIIIII
IIIIIIIIA1IIA1IIIIIIIIIIIIIIIIIIIIIIIIIIIIIIIIIIIIIIIIIIIIIIIIII
IIIIA1IIA1IIA1IIIIIIIIIIIIIIIIIIIIIIIIIIIIIIIIIIIIIIIIIIIIIIIIII
IIIIA1IIAA1IA1IIIIIIIIIIIIIIIIIIIIIIIIIIIIIIIIIIIIIIIIIIIIIIIIII
IIIIA1IIAA1AA1IIIIIIIIIIIIIIIIIIIIIIIIIIIIIIIIIIIIIIIIIIIIIIIIII
IIIIA1IIAAAAA1IIIIIIIIIIIIIIIIIIIIIIIIIIIIIIIIIIIIIIIIIIIIIIIIII
IIIAA1IIAAAAA1IIIIIIIIIIIIIIIIIIIIIIIIIIIIIIIIIIIIIIIIIIIIIIIIII
IIIIIIIIIIIIA1IIIIIIIIIIIIIIIIIIIIIIIIIIIIIIIIIIIIIIIIIIIIIIIIII
IIIIIIIIA1IIA1IIIIIIIIIIIIIIIIIIIIIIIIIIIIIIIIIIIIIIIIIIIIIIIIII
IIIIA1IIA1IIA1IIIIIIIIIIIIIIIIIIIIIIIIIIIIIIIIIIIIIIIIIIIIIIIIII
IIIIA1IIAA1IA1IIIIIIIIIIIIIIIIIIIIIIIIIIIIIIIIIIIIIIIIIIIIIIIIII
IIIIA1IIAA1AA1IIIIIIIIIIIIIIIIIIIIIIIIIIIIIIIIIIIIIIIIIIIIIIIIII
IIIIA1IIAAAAA1IIIIIIIIIIIIIIIIIIIIIIIIIIIIIIIIIIIIIIIIIIIIIIIIII
IIIIIIIIAIIIIIIIIIIIIIIIIIIIIIIIIIIIIIIIIIIIIIIIIIIIIIIIIIIIIIII
IIIIAIIIAIIIIIIIIIIIIIIIIIIIIIIIIIIIIIIIIIIIIIIIIIIIIIIIIIIIIIII
IIIIAIIIAAIIIIIIIIIIIIIIIIIIIIIIIIIIIIIIIIIIIIIIIIIIIIIIIIIIIIII
IIIIAIIIAAIAIIIIIIIIIIIIIIIIIIIIIIIIIIIIIIIIIIIIIIIIIIIIIIIIIIII
IIIIAIIIAAAAIIIIIIIIIIIIIIIIIIIIIIIIIIIIIIIIIIIIIIIIIIIIIIIIIIII
IIIAAIIIAAAAIIIIIIIIIIIIIIIIIIIIIIIIIIIIIIIIIIIIIIIIIIIIIIIIIIII
IIIIIIIIIIIIA1IIIIIIIIIIIIIIIIIIIIIIIIIIIIIIIIIIIIIIIIIIIIIIIIII
IIIIIIIIA1IIIIIIIIIIIIIIIIIIIIIIIIIIIIIIIIIIIIIIIIIIIIIIIIIIIIII
IIIIA1IIA1IIIIIIIIIIIIIIIIIIIIIIIIIIIIIIIIIIIIIIIIIIIIIIIIIIIIII
IIIIA1IIAA1IIIIIIIIIIIIIIIIIIIIIIIIIIIIIIIIIIIIIIIIIIIIIIIIIIIII
IIIIA1IIAAA1IIIIIIIIIIIIIIIIIIIIIIIIIIIIIIIIIIIIIIIIIIIIIIIIIIII
IIIIA1IIAAAA1IIIIIIIIIIIIIIIIIIIIIIIIIIIIIIIIIIIIIIIIIIIIIIIIIII
IIIAA1IIAAAA1IIIIIIIIIIIIIIIIIIIIIIIIIIIIIIIIIIIIIIIIIIIIIIIIIII
IIIIIIIIIIIIIIIIIIIIIIIIIIIIIIIIIIIIIIIIIIIIIIIAIIIIIIIIIIIIIIII
IIIIIIIIIIIIAIIIIIIIIIIIIIIIIIIIIIIIIIIIIIIIIIIAIIIIIIIIIIIIIIII
IIIIIIIIIIIIAIIIIAIIIIIIIIIIIIIIIIIIIIIIIIIIIIIAIIIIIIIIIIIIIIII
IIIIIIIIAIIIAIIIIAIIIIIIIIIIIIIIIIIIIIIIIIIIIIIAIIIIIIIIIIIIIIII
IIIIAIIIAIIIAIIIIAIIIIIIIIIIIIIIIIIIIIIIIIIIIIIAIIIIIIIIIIIIIIII
IIIIAIIIAAIIAIIIIAIIIIIIIIIIIIIIIIIIIIIIIIIIIIIAIIIIIIIIIIIIIIII
IIIIAIIIAAIAAIIIIAIIIIIIIIIIIIIIIIIIIIIIIIIIIIIAIIIIIIIIIIIIIIII
IIIIAIIIAAAAAIIIIAIIIIIIIIIIIIIIIIIIIIIIIIIIIIIAIIIIIIIIIIIIIIII
IIIAAIIIAAAAAIIIIAIIIIIIIIIIIIIIIIIIIIIIIIIIIIIAIIIIIIIIIIIIIIII
IIIIIIIIA1IIIIIIIIIIIIIIIIIIIIIIIIIIIIIIIIIIIIIIIIIIIIIIIIIIIIII
IIIIA1IIA1IIIIIIIIIIIIIIIIIIIIIIIIIIIIIIIIIIIIIIIIIIIIIIIIIIIIII
IIIIA1IIAA1IIIIIIIIIIIIIIIIIIIIIIIIIIIIIIIIIIIIIIIIIIIIIIIIIIIII
IIIIA1IIAA1A1IIIIIIIIIIIIIIIIIIIIIIIIIIIIIIIIIIIIIIIIIIIIIIIIIII
IIIIA1IIAAAA1IIIIIIIIIIIIIIIIIIIIIIIIIIIIIIIIIIIIIIIIIIIIIIIIIII
IIIAA1IIAAAA1IIIIIIIIIIIIIIIIIIIIIIIIIIIIIIIIIIIIIIIIIIIIIIIIIII
IIIIIIIIIIIIAIIIIIIIIIIIIIIIIIIIIIIIIIIIIIIIIIIIIIIIIIIIIIIIIIII
IIIIIIIIIIIIA2IIIIIIIIIIIIIIIIIIIIIIIIIIIIIIIIIIIIIIIIIIIIIIIIII
IIIIIIIIA1IIA2IIIIIIIIIIIIIIIIIIIIIIIIIIIIIIIIIIIIIIIIIIIIIIIIII
IIIIA1IIA1IIA2IIIIIIIIIIIIIIIIIIIIIIIIIIIIIIIIIIIIIIIIIIIIIIIIII
IIIIA1IIAA1IA2IIIIIIIIIIIIIIIIIIIIIIIIIIIIIIIIIIIIIIIIIIIIIIIIII
IIIIA1IIAA1AA2IIIIIIIIIIIIIIIIIIIIIIIIIIIIIIIIIIIIIIIIIIIIIIIIII
IIIIA1IIAAAAA2IIIIIIIIIIIIIIIIIIIIIIIIIIIIIIIIIIIIIIIIIIIIIIIIII
IIIAA1IIAAAAA2IIIIIIIIIIIIIIIIIIIIIIIIIIIIIIIIIIIIIIIIIIIIIIIIII
IIIIIIIIIIIIIIIIIIIIIIIIIIIIIIIIIIIIIIIIIIIIIIIA1IIIIIIIIIIIIIII
IIIIIIIIIIIIIIIIIA1IIIIIIIIIIIIIIIIIIIIIIIIIIIIA1IIIIIIIIIIIIIII
IIIIIIIIIIIIAIIIIA1IIIIIIIIIIIIIIIIIIIIIIIIIIIIA1IIIIIIIIIIIIIII
IIIIIIIIAIIIAIIIIA1IIIIIIIIIIIIIIIIIIIIIIIIIIIIA1IIIIIIIIIIIIIII
IIIIAIIIAIIIAIIIIA1IIIIIIIIIIIIIIIIIIIIIIIIIIIIA1IIIIIIIIIIIIIII
IIIIAIIIAAIIAIIIIA1IIIIIIIIIIIIIIIIIIIIIIIIIIIIA1IIIIIIIIIIIIIII
IIIIAIIIAAIAAIIIIA1IIIIIIIIIIIIIIIIIIIIIIIIIIIIA1IIIIIIIIIIIIIII
IIIIAIIIAAAAAIIIIA1IIIIIIIIIIIIIIIIIIIIIIIIIIIIA1IIIIIIIIIIIIIII
IIIIIIIIIIIIAII2IIIIIIIIIIIIIIIIIIIIIIIIIIIIIIIIIIIIIIIIIIIIIIII
IIIIIIIIIIIIA11I1I22I2IIIIIIIIIIIIIIIIIIIIIIIIIIIIIIIIIIIIIIIIII
IIIIIIIIIIIIA11I1I2IIIIIIIIIIIIIIIIIIIIIIIIIIIIIIIIIIIIIIIIIIIII
IIIIIIIIIII1AII2IIIIIIIIIIIIIIIIIIIIIIIIIIIIIIIIIIIIIIIIIIIIIIII
IIIIIIIIIIIIA2IIIIIIIIIIIIIIIIIIIIIIIIIIIIIIIIIIIIIIIIIIIIIIIIII
IIIIIIIIIIIIA1IIIIIIIIIIIIIIIIIIIIIIIIIIIIIIIIIIIIIIIIIIIIIIIIII
IIIIIIIIIIIIA12IIIIIIIIIIIIIIIIIIIIIIIIIIIIIIIIIIIIIIIIIIIIIIIII
IIIIIIIIIIA1IIIIIIIIIIIIIIIIIIIIIIIIIIIIIIIIIIIIIIIIIIIIIIIIIIII
IIIIIIIIIIAA1IIIIIIIIIIIIIIIIIIIIIIIIIIIIIIIIIIIIIIIIIIIIIIIIIII
IIIIIIIIIIAA1IIIIIIIIIIIIIIIIIIIIIIIIIIIIIIIIIIA1IIIIIIIIIIIIIII
IIIIIIIIIIAA1IIIIA1IIIIIIIIIIIIIIIIIIIIIIIIIIIIA1IIIIIIIIIIIIIII
IIIIIIIIIAAA1IIIIA1IIIIIIIIIIIIIIIIIIIIIIIIIIIIA1IIIIIIIIIIIIIII
IIIIA2IIIAAA1IIIIA1IIIIIIIIIIIIIIIIIIIIIIIIIIIIA1IIIIIIIIIIIIIII
IIIAA2IIIAAA1IIIIA1IIIIIIIIIIIIIIIIIIIIIIIIIIIIA1IIIIIIIIIIIIIII
IIIAA2IIAAAA1IIIIA1IIIIIIIIIIIIIIIIIIIIIIIIIIIIA1IIIIIIIIIIIIIII
IIIAA1IIAAAA1IIIIA1IIIIIIIIIIIIIIIIIIIIIIIIIIIIA1IIIIIIIIIIIIIII
IIIIIIIIIIIIA1IIIIIIIIIIIIIIIIIIIIIIIIIIIIIIIIIIIIIIIIIIIIIIIIII
IIIIIIIIIIIIAI2IIIIIIIIIIIIIIIIIIIIIIIIIIIIIIIIIIIIIIIIIIIIIIIII
IIIIIIIIIIIIAIIIIIIIIIIIIIIIIIIIIIIIIIIIIIIIIIIIIIIIIIIIIIIIIIII
IIIIIIIIIIIIA1IIIIIIIIIIIIIIIIIIIIIIIIIIIIIIIIIIIIIIIIIIIIIIIIII
IIIIIIIIIA1IIIIIIIIIIIIIIIIIIIIIIIIIIIIIIIIIIIIIIIIIIIIIIIIIIIII
IIIIA1IIIA1IIIIIIIIIIIIIIIIIIIIIIIIIIIIIIIIIIIIIIIIIIIIIIIIIIIII
IIIAA1IIIA1IIIIIIIIIIIIIIIIIIIIIIIIIIIIIIIIIIIIIIIIIIIIIIIIIIIII
IIIAA1IIIA1IIIIIIIIIIIIIIIIIIIIIIIIIIIIIIIIIIIIA1IIIIIIIIIIIIIII
IIIAA1IIIA1IIIIIIA1IIIIIIIIIIIIIIIIIIIIIIIIIIIIA1IIIIIIIIIIIIIII
IIIAA1IIAA1IIIIIIA1IIIIIIIIIIIIIIIIIIIIIIIIIIIIA1IIIIIIIIIIIIIII
IIIAA1IIAA1AIIIIIA1IIIIIIIIIIIIIIIIIIIIIIIIIIIIA1IIIIIIIIIIIIIII
IIIAA1IIAAAAIIIIIA1IIIIIIIIIIIIIIIIIIIIIIIIIIIIA1IIIIIIIIIIIIIII
IIIIIIIIIIIIA1IIIIIIIIIIIIIIIIIIIIIIIIIIIIIIIIIIIIIIIIIIIIIIIIII
IIIIIIIIIIIIIIIIIIIIIIIIIIIIIIIIIIIIIIIIIIIIIIIA1IIIIIIIIIIIIIII
IIIIIIIIIIIIIIIIIA1IIIIIIIIIIIIIIIIIIIIIIIIIIIIA1IIIIIIIIIIIIIII
IIIIIIIIA1IIIIIIIA1IIIIIIIIIIIIIIIIIIIIIIIIIIIIA1IIIIIIIIIIIIIII
IIIIA1IIA1IIIIIIIA1IIIIIIIIIIIIIIIIIIIIIIIIIIIIA1IIIIIIIIIIIIIII
IIIIA1IIAA1IIIIIIA1IIIIIIIIIIIIIIIIIIIIIIIIIIIIA1IIIIIIIIIIIIIII
IIIIA1IIAA1A1IIIIA1IIIIIIIIIIIIIIIIIIIIIIIIIIIIA1IIIIIIIIIIIIIII
IIIIA1IIAAAA1IIIIA1IIIIIIIIIIIIIIIIIIIIIIIIIIIIA1IIIIIIIIIIIIIII
IIIAA1IIAAAA1IIIIA1IIIIIIIIIIIIIIIIIIIIIIIIIIIIA1IIIIIIIIIIIIIII
IIIIIIIIIIIIAIIIIIIIIIIIIIIIIIIIIIIIIIIIIIIIIIIIIIIIIIIIIIIIIIII
IIIIIIIIA1IIAIIIIIIIIIIIIIIIIIIIIIIIIIIIIIIIIIIIIIIIIIIIIIIIIIII
IIIIA1IIA1IIAIIIIIIIIIIIIIIIIIIIIIIIIIIIIIIIIIIIIIIIIIIIIIIIIIII
IIIIA1IIAA1IAIIIIIIIIIIIIIIIIIIIIIIIIIIIIIIIIIIIIIIIIIIIIIIIIIII
IIIIA1IIAA1AAIIIIIIIIIIIIIIIIIIIIIIIIIIIIIIIIIIIIIIIIIIIIIIIIIII
IIIIA1IIAAAAAIIIIIIIIIIIIIIIIIIIIIIIIIIIIIIIIIIIIIIIIIIIIIIIIIII
IIIAA1IIAAAAAIIIIIIIIIIIIIIIIIIIIIIIIIIIIIIIIIIIIIIIIIIIIIIIIIII
IIIAA1IIAAAAA1IIIIIIIIIIIIIIIIIIIIIIIIIIIIIIIIIIIIIIIIIIIIIIIIII
IIIIIIIIAIIIIIIIIIIIIIIIIIIIIIIIIIIIIIIIIIIIIIIIIIIIIIIIIIIIIIII
IIIIAIIIAIIIIIIIIIIIIIIIIIIIIIIIIIIIIIIIIIIIIIIIIIIIIIIIIIIIIIII
IIIIAIIIAAIIIIIIIIIIIIIIIIIIIIIIIIIIIIIIIIIIIIIIIIIIIIIIIIIIIIII
IIIIAIIIAAIAIIIIIIIIIIIIIIIIIIIIIIIIIIIIIIIIIIIIIIIIIIIIIIIIIIII
IIIIAIIIAAAAIIIIIIIIIIIIIIIIIIIIIIIIIIIIIIIIIIIIIIIIIIIIIIIIIIII
IIIIIIIIIIIIIIIIIIIIIIIIIIIIIIIIIIIIIIIIIIIIIIIA1IIIIIIIIIIIIIII
IIIIIIIIIIIIIIIIIA1IIIIIIIIIIIIIIIIIIIIIIIIIIIIA1IIIIIIIIIIIIIII
IIIIIIIIA1IIIIIIIA1IIIIIIIIIIIIIIIIIIIIIIIIIIIIA1IIIIIIIIIIIIIII
IIIIA1IIA1IIIIIIIA1IIIIIIIIIIIIIIIIIIIIIIIIIIIIA1IIIIIIIIIIIIIII
IIIIA1IIAA1IIIIIIA1IIIIIIIIIIIIIIIIIIIIIIIIIIIIA1IIIIIIIIIIIIIII
IIIIA1IIAA1A1IIIIA1IIIIIIIIIIIIIIIIIIIIIIIIIIIIA1IIIIIIIIIIIIIII
IIIIA1IIAAAA1IIIIA1IIIIIIIIIIIIIIIIIIIIIIIIIIIIA1IIIIIIIIIIIIIII
IIIAA1IIAAAA1IIIIA1IIIIIIIIIIIIIIIIIIIIIIIIIIIIA1IIIIIIIIIIIIIII
IIIIIIIIIIIIAIIIIIIIIIIIIIIIIIIIIIIIIIIIIIIIIIIIIIIIIIIIIIIIIIII
IIIIIIIIA1IIAIIIIIIIIIIIIIIIIIIIIIIIIIIIIIIIIIIIIIIIIIIIIIIIIIII
IIIIA1IIA1IIAIIIIIIIIIIIIIIIIIIIIIIIIIIIIIIIIIIIIIIIIIIIIIIIIIII
IIIIA1IIAA1IAIIIIIIIIIIIIIIIIIIIIIIIIIIIIIIIIIIIIIIIIIIIIIIIIIII
IIIIA1IIAA1AAIIIIIIIIIIIIIIIIIIIIIIIIIIIIIIIIIIIIIIIIIIIIIIIIIII
IIIIA1IIAAAAAIIIIIIIIIIIIIIIIIIIIIIIIIIIIIIIIIIIIIIIIIIIIIIIIIII
IIIAA1IIAAAAAIIIIIIIIIIIIIIIIIIIIIIIIIIIIIIIIIIIIIIIIIIIIIIIIIII
IIIIIIIIIIIIA1IIIIIIIIIIIIIIIIIIIIIIIIIIIIIIIIIIIIIIIIIIIIIIIIII
IIIIIIIIIII2AIIIIIIIIIIIIIIIIIIIIIIIIIIIIIIIIIIIIIIIIIIIIIIIIIII
IIIIIIIIIIIIA1IIIIIIIIIIIIIIIIIIIIIIIIIIIIIIIIIIIIIIIIIIIIIIIIII
IIIIIIIIA1IIA1IIIIIIIIIIIIIIIIIIIIIIIIIIIIIIIIIIIIIIIIIIIIIIIIII
IIIIA1IIA1IIA1IIIIIIIIIIIIIIIIIIIIIIIIIIIIIIIIIIIIIIIIIIIIIIIIII
IIIIA1IIAA1IA1IIIIIIIIIIIIIIIIIIIIIIIIIIIIIIIIIIIIIIIIIIIIIIIIII
IIIIA1IIAA1AA1IIIIIIIIIIIIIIIIIIIIIIIIIIIIIIIIIIIIIIIIIIIIIIIIII
IIIIA1IIAAAAA1IIIIIIIIIIIIIIIIIIIIIIIIIIIIIIIIIIIIIIIIIIIIIIIIII
IIIAA1IIAAAAA1IIIIIIIIIIIIIIIIIIIIIIIIIIIIIIIIIIIIIIIIIIIIIIIIII
IIIIIIIIIIIIA2IIIIIIIIIIIIIIIIIIIIIIIIIIIIIIIIIIIIIIIIIIIIIIIIII
IIIIIIIIIIIIA1IIIIIIIIIIIIIIIIIIIIIIIIIIIIIIIIIIIIIIIIIIIIIIIIII
IIIIIIIIAIIIIIIIIIIIIIIIIIIIIIIIIIIIIIIIIIIIIIIIIIIIIIIIIIIIIIII
IIIIAIIIAIIIIIIIIIIIIIIIIIIIIIIIIIIIIIIIIIIIIIIIIIIIIIIIIIIIIIII
IIIIAIIIAAIIIIIIIIIIIIIIIIIIIIIIIIIIIIIIIIIIIIIIIIIIIIIIIIIIIIII
IIIIAIIIAAIAIIIIIIIIIIIIIIIIIIIIIIIIIIIIIIIIIIIIIIIIIIIIIIIIIIII
IIIIAIIIAAAAIIIIIIIIIIIIIIIIIIIIIIIIIIIIIIIIIIIIIIIIIIIIIIIIIIII
IIIAAIIIAAAAIIIIIIIIIIIIIIIIIIIIIIIIIIIIIIIIIIIIIIIIIIIIIIIIIIII
IIIAAIIIAAAAA12IIIIIIIIIIIIIIIIIIIIIIIIIIIIIIIIIIIIIIIIIIIIIIIII
IIIAAIIIAAAAA12IIIIIIIIIIIIIIIIIIIIIIIIIIIIIIIIA12IIIIIIIIIIIIII
IIIAAIIIAAAAA12IIA12IIIIIIIIIIIIIIIIIIIIIIIIIIIA12IIIIIIIIIIIIII
IIIAA12IAAAAA12IIA12IIIIIIIIIIIIIIIIIIIIIIIIIIIA12IIIIIIIIIIIIII
IIIAA12IAAAAA12IIA12IIIIIIIIIIIIIIIIIIIIIIIIII2A12IIIIIIIIIIIIII
IIIAA12IAAAAA12I2A12IIIIIIIIIIIIIIIIIIIIIIIIII2A12IIIIIIIIIIIIII
IIIAA122AAAAA12I2A12IIIIIIIIIIIIIIIIIIIIIIIIII2A12IIIIIIIIIIIIII
II2AA122AAAAA12I2A12IIIIIIIIIIIIIIIIIIIIIIIIII2A12IIIIIIIIIIIIII
IIIIIIIIIIIIIIIIIIIIIIIIIIIIIIIIIIIIIIIIIIIIII2AIIIIIIIIIIIIIIII
IIIIIIIIIII2AIIIIIIIIIIIIIIIIIIIIIIIIIIIIIIIII2AIIIIIIIIIIIIIIII
IIIIIIIIIII2AIII2AIIIIIIIIIIIIIIIIIIIIIIIIIIII2AIIIIIIIIIIIIIIII
IIIIIIIIIII2AIII2AIIIIIIIIIIIIIIIIIIIIIIIIIIII2A1IIIIIIIIIIIIIII
IIIIIIIIIII2AIII2A1IIIIIIIIIIIIIIIIIIIIIIIIIII2A1IIIIIIIIIIIIIII
IIIIIIIIA1I2AIII2A1IIIIIIIIIIIIIIIIIIIIIIIIIII2A1IIIIIIIIIIIIIII
IIIIA1IIA1I2AIII2A1IIIIIIIIIIIIIIIIIIIIIIIIIII2A1IIIIIIIIIIIIIII
IIIIA1IIAA12AIII2A1IIIIIIIIIIIIIIIIIIIIIIIIIII2A1IIIIIIIIIIIIIII
IIIIA1IIAAA1AIII2A1IIIIIIIIIIIIIIIIIIIIIIIIIII2A1IIIIIIIIIIIIIII
IIIIA1IIAAAAAIII2A1IIIIIIIIIIIIIIIIIIIIIIIIIII2A1IIIIIIIIIIIIIII
IIIAA1IIAAAAAIII2A1IIIIIIIIIIIIIIIIIIIIIIIIIII2A1IIIIIIIIIIIIIII
IIIIIIIIIIIIIIIIIIIIIIIIIIIIIIIIIIIIIIIIIIIIIIIA1IIIIIIIIIIIIIII
IIIIIIIIIIIIIIIIIA1IIIIIIIIIIIIIIIIIIIIIIIIIIIIA1IIIIIIIIIIIIIII
IIIIIIIIA1IIIIIIIA1IIIIIIIIIIIIIIIIIIIIIIIIIIIIA1IIIIIIIIIIIIIII
IIIIA1IIA1IIIIIIIA1IIIIIIIIIIIIIIIIIIIIIIIIIIIIA1IIIIIIIIIIIIIII
IIIIA1IIAA1IIIIIIA1IIIIIIIIIIIIIIIIIIIIIIIIIIIIA1IIIIIIIIIIIIIII
IIIIA1IIAA1A1IIIIA1IIIIIIIIIIIIIIIIIIIIIIIIIIIIA1IIIIIIIIIIIIIII
IIIIA1IIAAAA1IIIIA1IIIIIIIIIIIIIIIIIIIIIIIIIIIIA1IIIIIIIIIIIIIII
IIIAA1IIAAAA1IIIIA1IIIIIIIIIIIIIIIIIIIIIIIIIIIIA1IIIIIIIIIIIIIII
IIIIIIIIIIIIAIIIIIIIIIIIIIIIIIIIIIIIIIIIIIIIIIIIIIIIIIIIIIIIIIII
IIIIIIIIA1IIIIIIIIIIIIIIIIIIIIIIIIIIIIIIIIIIIIIIIIIIIIIIIIIIIIII
IIIIA1IIA1IIIIIIIIIIIIIIIIIIIIIIIIIIIIIIIIIIIIIIIIIIIIIIIIIIIIII
IIIIA1IIAA1IIIIIIIIIIIIIIIIIIIIIIIIIIIIIIIIIIIIIIIIIIIIIIIIIIIII
IIIIA1IIAA1A1IIIIIIIIIIIIIIIIIIIIIIIIIIIIIIIIIIIIIIIIIIIIIIIIIII
IIIIA1IIAAAA1IIIIIIIIIIIIIIIIIIIIIIIIIIIIIIIIIIIIIIIIIIIIIIIIIII
IIIAA1IIAAAA1IIIIIIIIIIIIIIIIIIIIIIIIIIIIIIIIIIIIIIIIIIIIIIIIIII
IIIIIIIIIIIIAIIIIIIIIIIIIIIIIIIIIIIIIIIIIIIIIIIIIIIIIIIIIIIIIIII
IIIIIIIIIIIIAIIIIIIIIIIIIIIIIIIIIIIIIIIIIIIIIIIAIIIIIIIIIIIIIIII
IIIIIIIIIIIIAIIIIAIIIIIIIIIIIIIIIIIIIIIIIIIIIIIAIIIIIIIIIIIIIIII
IIIIIIIIA2IIAIIIIAIIIIIIIIIIIIIIIIIIIIIIIIIIIIIAIIIIIIIIIIIIIIII
IIIIA2IIA2IIAIIIIAIIIIIIIIIIIIIIIIIIIIIIIIIIIIIAIIIIIIIIIIIIIIII
IIIIA2IIAA2IAIIIIAIIIIIIIIIIIIIIIIIIIIIIIIIIIIIAIIIIIIIIIIIIIIII
IIIIA2IIAA2AAIIIIAIIIIIIIIIIIIIIIIIIIIIIIIIIIIIAIIIIIIIIIIIIIIII
IIIIA2IIAAAAAIIIIAIIIIIIIIIIIIIIIIIIIIIIIIIIIIIAIIIIIIIIIIIIIIII
IIIAA2IIAAAAAIIIIAIIIIIIIIIIIIIIIIIIIIIIIIIIIIIAIIIIIIIIIIIIIIII
IIIIIIIIIIIIA2IIIIIIIIIIIIIIIIIIIIIIIIIIIIIIIIIIIIIIIIIIIIIIIIII
IIIIIIIIA1IIIIIIIIIIIIIIIIIIIIIIIIIIIIIIIIIIIIIIIIIIIIIIIIIIIIII
IIIIA1IIA1IIIIIIIIIIIIIIIIIIIIIIIIIIIIIIIIIIIIIIIIIIIIIIIIIIIIII
IIIIA1IIAA1IIIIIIIIIIIIIIIIIIIIIIIIIIIIIIIIIIIIIIIIIIIIIIIIIIIII
IIIIA1IIAA1A1IIIIIIIIIIIIIIIIIIIIIIIIIIIIIIIIIIIIIIIIIIIIIIIIIII
IIIIA1IIAAAA1IIIIIIIIIIIIIIIIIIIIIIIIIIIIIIIIIIIIIIIIIIIIIIIIIII
IIIAA1IIAAAA1IIIIIIIIIIIIIIIIIIIIIIIIIIIIIIIIIIIIIIIIIIIIIIIIIII
IIIAA1IIAAAAA1IIIIIIIIIIIIIIIIIIIIIIIIIIIIIIIIIIIIIIIIIIIIIIIIII
IIIAA1IIAAAAA1IIIIIIIIIIIIIIIIIIIIIIIIIIIIIIIIIAIIIIIIIIIIIIIIII
IIIAA1IIAAAAA1IIIAIIIIIIIIIIIIIIIIIIIIIIIIIIIIIAIIIIIIIIIIIIIIII
IIIAA1IIAAAAA1IIIAIIIIIIIIIIIIIIIIIIIIIIIIIIIIIA1IIIIIIIIIIIIIII
IIIAA1IIAAAAA1IIIA1IIIIIIIIIIIIIIIIIIIIIIIIIIIIA1IIIIIIIIIIIIIII
IIIIA2IIIIIIIIIIIIIIIIIIIIIIIIIIIIIIIIIIIIIIIIIIIIIIIIIIIIIIIIII
IIIIIIIIIIIIIIIIIIIIIIIIIIIIIIIIIIIIIIIIIIIIIIIA2IIIIIIIIIIIIIII
IIIIIIIIIIIIIIIIIA2IIIIIIIIIIIIIIIIIIIIIIIIIIIIA2IIIIIIIIIIIIIII
IIIIIIIIA2IIIIIIIA2IIIIIIIIIIIIIIIIIIIIIIIIIIIIA2IIIIIIIIIIIIIII
IIIIA2IIA2IIIIIIIA2IIIIIIIIIIIIIIIIIIIIIIIIIIIIA2IIIIIIIIIIIIIII
IIIIA2IIAA2IIIIIIA2IIIIIIIIIIIIIIIIIIIIIIIIIIIIA2IIIIIIIIIIIIIII
IIIIA2IIAA2A2IIIIA2IIIIIIIIIIIIIIIIIIIIIIIIIIIIA2IIIIIIIIIIIIIII
IIIIA2IIAAAA2IIIIA2IIIIIIIIIIIIIIIIIIIIIIIIIIIIA2IIIIIIIIIIIIIII
IIIAA2IIAAAA2IIIIA2IIIIIIIIIIIIIIIIIIIIIIIIIIIIA2IIIIIIIIIIIIIII
IIIAA2IIAAAA2IIIIA2IIIIIIIIIIIIIIIIIIIIIIIIIIIIA1IIIIIIIIIIIIIII
IIIAA2IIAAAA2IIIIA1IIIIIIIIIIIIIIIIIIIIIIIIIIIIA1IIIIIIIIIIIIIII
IIIAA1IIAAAA2IIIIA1IIIIIIIIIIIIIIIIIIIIIIIIIIIIA1IIIIIIIIIIIIIII
IIIAA1IIAAAA1IIIIA1IIIIIIIIIIIIIIIIIIIIIIIIIIIIA1IIIIIIIIIIIIIII
IIIIIIIIIIIIIIIIIIIIIIIIIIIIIIIIIIIIIIIIIIIIIIIA1IIIIIIIIIIIIIII
IIIIIIIIIIIIIIIIIA1IIIIIIIIIIIIIIIIIIIIIIIIIIIIA1IIIIIIIIIIIIIII
IIIIIII2AIIIIIIIIA1IIIIIIIIIIIIIIIIIIIIIIIIIIIIA1IIIIIIIIIIIIIII
III2AII2AIIIIIIIIA1IIIIIIIIIIIIIIIIIIIIIIIIIIIIA1IIIIIIIIIIIIIII
III2AII2AAIIIIIIIA1IIIIIIIIIIIIIIIIIIIIIIIIIIIIA1IIIIIIIIIIIIIII
III2AII2AA2AIIIIIA1IIIIIIIIIIIIIIIIIIIIIIIIIIIIA1IIIIIIIIIIIIIII
III2AII2AAAAIIIIIA1IIIIIIIIIIIIIIIIIIIIIIIIIIIIA1IIIIIIIIIIIIIII
IIIIIIIIIIIIA1II2IIIIIIIIIIIIIIIIIIIIIIIIIIIIIIIIIIIIIIIIIIIIIII
IIIIIIIIIIIIAI1211IIIIIIIIIIIIIIIIIIIIIIIIIIIIIIIIIIIIIIIIIIIIII
IIIIIIIIIIAIA21111IIIIIIIIIIIIIIIIIIIIIIIIIIIIIIIIIIIIIIIIIIIIII
IIIIIIIIIIAAA11111IIIIIIIIIIIIIIIIIIIIIIIIIIIIIIIIIIIIIIIIIIIIII
IIIIIIIIIIIIAI1211IIIIIIIIIIIIIIIIIIIIIIIIIIIIIIIIIIIIIIIIIIIIII
IIIIIIIIIIIIA1IIIIIIIIIIIIIIIIIIIIIIIIIIIIIIIIIIIIIIIIIIIIIIIIII
IIIIIIIIIIIIA1IIIIIIIIIIIIIIIIIIIIIIIIIIIIIIIIIAIIIIIIIIIIIIIIII
IIIIIIIIIIIIA1IIIAIIIIIIIIIIIIIIIIIIIIIIIIIIIIIAIIIIIIIIIIIIIIII
IIIIIIIIIAIIA1IIIAIIIIIIIIIIIIIIIIIIIIIIIIIIIIIAIIIIIIIIIIIIIIII
IIIIAIIIIAIIA1IIIAIIIIIIIIIIIIIIIIIIIIIIIIIIIIIAIIIIIIIIIIIIIIII
IIIAAIIIIAIIA1IIIAIIIIIIIIIIIIIIIIIIIIIIIIIIIIIAIIIIIIIIIIIIIIII
IIIIIIIIIIIIIIIIIIIIIIIIIIIIIIIIIIIIIIIIIIIIIIIAIIIIIIIIIIIIIIII
IIIIIIIIIIIIIIIIIAIIIIIIIIIIIIIIIIIIIIIIIIIIIIIAIIIIIIIIIIIIIIII
IIIIIIIIIIIIIIIIIAIIIIIIIIIIIIIIIIIIIIIIIIIIIIIA2IIIIIIIIIIIIIII
IIIIIIIIIIIIIIIIIA2IIIIIIIIIIIIIIIIIIIIIIIIIIIIA2IIIIIIIIIIIIIII
IIIIIIIIA2IIIIIIIA2IIIIIIIIIIIIIIIIIIIIIIIIIIIIA2IIIIIIIIIIIIIII
IIIIA2IIA2IIIIIIIA2IIIIIIIIIIIIIIIIIIIIIIIIIIIIA2IIIIIIIIIIIIIII
IIIIA2IIAA2IIIIIIA2IIIIIIIIIIIIIIIIIIIIIIIIIIIIA2IIIIIIIIIIIIIII
IIIIA2IIAA2A2IIIIA2IIIIIIIIIIIIIIIIIIIIIIIIIIIIA2IIIIIIIIIIIIIII
IIIIA2IIAAAA2IIIIA2IIIIIIIIIIIIIIIIIIIIIIIIIIIIA2IIIIIIIIIIIIIII
IIIAA2IIAAAA2IIIIA2IIIIIIIIIIIIIIIIIIIIIIIIIIIIA2IIIIIIIIIIIIIII
IIIIIIIIIIIIA2IIIIIIIIIIIIIIIIIIIIIIIIIIIIIIIIIIIIIIIIIIIIIIIIII
IIIIIIIIIIIIA2IIIIIIIIIIIIIIIIIIIIIIIIIIIIIIIIIA2IIIIIIIIIIIIIII
IIIIIIIIIIIIA2IIIA2IIIIIIIIIIIIIIIIIIIIIIIIIIIIA2IIIIIIIIIIIIIII
IIIIIIIIA1IIA2IIIA2IIIIIIIIIIIIIIIIIIIIIIIIIIIIA2IIIIIIIIIIIIIII
IIIIA1IIA1IIA2IIIA2IIIIIIIIIIIIIIIIIIIIIIIIIIIIA2IIIIIIIIIIIIIII
IIIIA1IIAA1IA2IIIA2IIIIIIIIIIIIIIIIIIIIIIIIIIIIA2IIIIIIIIIIIIIII
IIIIA1IIAA1AA2IIIA2IIIIIIIIIIIIIIIIIIIIIIIIIIIIA2IIIIIIIIIIIIIII
IIIIA1IIAAAAA2IIIA2IIIIIIIIIIIIIIIIIIIIIIIIIIIIA2IIIIIIIIIIIIIII
IIIAA1IIAAAAA2IIIA2IIIIIIIIIIIIIIIIIIIIIIIIIIIIA2IIIIIIIIIIIIIII
IIIAA1IIAAAAA2IIIA2IIIIIIIIIIIIIIIIIIIIIIIIIIIIA1IIIIIIIIIIIIIII
IIIAA1IIAAAAA2IIIA1IIIIIIIIIIIIIIIIIIIIIIIIIIIIA1IIIIIIIIIIIIIII
IIIIIIIIIIIIAI2IIIIIIIIIIIIIIIIIIIIIIIIIIIIIIIIIIIIIIIIIIIIIIIII
IIIIIIIIIIIIAI2IIIIIIIIIIIIIIIIIIIIIIIIIIIIIIIIAI2IIIIIIIIIIIIII
IIIIIIIIIIIIAI2IIAI2IIIIIIIIIIIIIIIIIIIIIIIIIIIAI2IIIIIIIIIIIIII
IIIIIIIIAI2IAI2IIAI2IIIIIIIIIIIIIIIIIIIIIIIIIIIAI2IIIIIIIIIIIIII
IIIIAI2IAI2IAI2IIAI2IIIIIIIIIIIIIIIIIIIIIIIIIIIAI2IIIIIIIIIIIIII
IIIIAI2IAA22AI2IIAI2IIIIIIIIIIIIIIIIIIIIIIIIIIIAI2IIIIIIIIIIIIII
IIIIAI2IAA2AAI2IIAI2IIIIIIIIIIIIIIIIIIIIIIIIIIIAI2IIIIIIIIIIIIII
IIIIAI2IAAAAAI2IIAI2IIIIIIIIIIIIIIIIIIIIIIIIIIIAI2IIIIIIIIIIIIII
IIIIA22IAAAAAI2IIAI2IIIIIIIIIIIIIIIIIIIIIIIIIIIAI2IIIIIIIIIIIIII
IIIAA22IAAAAAI2IIAI2IIIIIIIIIIIIIIIIIIIIIIIIIIIAI2IIIIIIIIIIIIII
IIIIIIIIIIIIA1IIIIIIIIIIIIIIIIIIIIIIIIIIIIIIIIIIIIIIIIIIIIIIIIII
IIIIIIIIA1IIA1IIIIIIIIIIIIIIIIIIIIIIIIIIIIIIIIIIIIIIIIIIIIIIIIII
IIIIA1IIA1IIA1IIIIIIIIIIIIIIIIIIIIIIIIIIIIIIIIIIIIIIIIIIIIIIIIII
IIIIA1IIAA1IA1IIIIIIIIIIIIIIIIIIIIIIIIIIIIIIIIIIIIIIIIIIIIIIIIII
IIIIA1IIAA1AA1IIIIIIIIIIIIIIIIIIIIIIIIIIIIIIIIIIIIIIIIIIIIIIIIII
IIIIA1IIAAAAA1IIIIIIIIIIIIIIIIIIIIIIIIIIIIIIIIIIIIIIIIIIIIIIIIII
IIIAA1IIAAAAA1IIIIIIIIIIIIIIIIIIIIIIIIIIIIIIIIIIIIIIIIIIIIIIIIII
IIIIIIIIIIIIAIIIIIIIIIIIIIIIIIIIIIIIIIIIIIIIIIIIIIIIIIIIIIIIIIII
IIIIIIIIAIIIAIIIIIIIIIIIIIIIIIIIIIIIIIIIIIIIIIIIIIIIIIIIIIIIIIII
IIIIAIIIAIIIAIIIIIIIIIIIIIIIIIIIIIIIIIIIIIIIIIIIIIIIIIIIIIIIIIII
IIIIAIIIAAIIAIIIIIIIIIIIIIIIIIIIIIIIIIIIIIIIIIIIIIIIIIIIIIIIIIII
IIIIAIIIAAIAAIIIIIIIIIIIIIIIIIIIIIIIIIIIIIIIIIIIIIIIIIIIIIIIIIII
IIIIAIIIAAAAAIIIIIIIIIIIIIIIIIIIIIIIIIIIIIIIIIIIIIIIIIIIIIIIIIII
IIIIAIIIAAAAA2IIIIIIIIIIIIIIIIIIIIIIIIIIIIIIIIIIIIIIIIIIIIIIIIII
IIIIAIIIAAAAA22IIIIIIIIIIIIIIIIIIIIIIIIIIIIIIIIIIIIIIIIIIIIIIIII
IIIIAIIIAAAAA121IIIIIIIIIIIIIIIIIIIIIIIIIIIIIIIIIIIIIIIIIIIIIIII
IIIIAI1IAAAAA1111I1I1I1IIIIIIIIIIIIIIIIIIIIIIIIIIIIIIIIIIIIIIIII
IIIAAI1IAAAAA1111I1I1I1IIIIIIIIIIIIIIIIIIIIIIIIIIIIIIIIIIIIIIIII
IIIAAI1IAAAAA1111I1I1I1I1I1IIIIIIIIIIIIIIIIIIIIIIIIIIIIIIIIIIIII
IIIAA21IAAAAA1111I1I1I1I1I1IIIIIIIIIIIIIIIIIIIIIIIIIIIIIIIIIIIII
IIIAA21IAAAAA1111I1I1I1I1I1IIIIIIIIIIIIIIIIIIIIA2IIIIIIIIIIIIIII
IIIAA21IAAAAA1111A1I1I1I1I1IIIIIIIIIIIIIIIIIIIIA2IIIIIIIIIIIIIII
IIIIIIIIIIIIIIIIIIIIIIIIIIIIIIIIIIIIIIIIIIIIIIIA1IIIIIIIIIIIIIII
IIIIIIIIIIIIIIIIIA1IIIIIIIIIIIIIIIIIIIIIIIIIIIIA1IIIIIIIIIIIIIII
IIIIIIIIA1IIIIIIIA1IIIIIIIIIIIIIIIIIIIIIIIIIIIIA1IIIIIIIIIIIIIII
IIIIA1IIA1IIIIIIIA1IIIIIIIIIIIIIIIIIIIIIIIIIIIIA1IIIIIIIIIIIIIII
IIIIA1IIAA1IIIIIIA1IIIIIIIIIIIIIIIIIIIIIIIIIIIIA1IIIIIIIIIIIIIII
IIIIA1IIAA1A1IIIIA1IIIIIIIIIIIIIIIIIIIIIIIIIIIIA1IIIIIIIIIIIIIII
IIIIA1IIAAAA1IIIIA1IIIIIIIIIIIIIIIIIIIIIIIIIIIIA1IIIIIIIIIIIIIII
IIIAA1IIAAAA1IIIIA1IIIIIIIIIIIIIIIIIIIIIIIIIIIIA1IIIIIIIIIIIIIII
IIIAA1IIAAAAA1IIIA1IIIIIIIIIIIIIIIIIIIIIIIIIIIIA1IIIIIIIIIIIIIII
IIIIIIIIIIIIIIIIIIIIIIIIIIIIIIIIIIIIIIIIIIIIII2AIIIIIIIIIIIIIIII
IIIIIIIIIIIIIIII2AIIIIIIIIIIIIIIIIIIIIIIIIIIII2AIIIIIIIIIIIIIIII
IIIIIII2AIIIIIII2AIIIIIIIIIIIIIIIIIIIIIIIIIIII2AIIIIIIIIIIIIIIII
III2AII2AIIIIIII2AIIIIIIIIIIIIIIIIIIIIIIIIIIII2AIIIIIIIIIIIIIIII
III2AII2AAIIIIII2AIIIIIIIIIIIIIIIIIIIIIIIIIIII2AIIIIIIIIIIIIIIII
III2AII2AA2AIIII2AIIIIIIIIIIIIIIIIIIIIIIIIIIII2AIIIIIIIIIIIIIIII
III2AII2AAAAIIII2AIIIIIIIIIIIIIIIIIIIIIIIIIIII2AIIIIIIIIIIIIIIII
II2AAII2AAAAIIII2AIIIIIIIIIIIIIIIIIIIIIIIIIIII2AIIIIIIIIIIIIIIII
II2AA2I2AAAAIIII2AIIIIIIIIIIIIIIIIIIIIIIIIIIII2AIIIIIIIIIIIIIIII
II2AA2I2AAAAA2II2AIIIIIIIIIIIIIIIIIIIIIIIIIIII2AIIIIIIIIIIIIIIII
II2AA2I2AAAAA2II2AIIIIIIIIIIIIIIIIIIIIIIIIIIII2A2IIIIIIIIIIIIIII
II2AA2I2AAAAA2II2A2IIIIIIIIIIIIIIIIIIIIIIIIIII2A2IIIIIIIIIIIIIII
II2AA1I2AAAAA2II2A2IIIIIIIIIIIIIIIIIIIIIIIIIII2A2IIIIIIIIIIIIIII
IIIIIIIIIIIIIIIIIIIIIIIIIIIIIIIIIIIIIIIIIIIIIIIA1IIIIIIIIIIIIIII
IIIIIIIIIIIIIIIIIA1IIIIIIIIIIIIIIIIIIIIIIIIIIIIA1IIIIIIIIIIIIIII
IIIIIIIIA1IIIIIIIA1IIIIIIIIIIIIIIIIIIIIIIIIIIIIA1IIIIIIIIIIIIIII
IIIIA1IIA1IIIIIIIA1IIIIIIIIIIIIIIIIIIIIIIIIIIIIA1IIIIIIIIIIIIIII
IIIIA1IIAA1IIIIIIA1IIIIIIIIIIIIIIIIIIIIIIIIIIIIA1IIIIIIIIIIIIIII
IIIIA1IIAA1A1IIIIA1IIIIIIIIIIIIIIIIIIIIIIIIIIIIA1IIIIIIIIIIIIIII
IIIIA1IIAAAA1IIIIA1IIIIIIIIIIIIIIIIIIIIIIIIIIIIA1IIIIIIIIIIIIIII
IIIAA1IIAAAA1IIIIA1IIIIIIIIIIIIIIIIIIIIIIIIIIIIA1IIIIIIIIIIIIIII
IIIIIIIIIIIIIIIIIIIIIIIIIIIIIIIIIIIIIIIIIIIIIIIA2IIIIIIIIIIIIIII
IIIIIIIIIIIIIIIIIA2IIIIIIIIIIIIIIIIIIIIIIIIIIIIA2IIIIIIIIIIIIIII
IIIIIIIIA2IIIIIIIA2IIIIIIIIIIIIIIIIIIIIIIIIIIIIA2IIIIIIIIIIIIIII
IIIIA2IIA2IIIIIIIA2IIIIIIIIIIIIIIIIIIIIIIIIIIIIA2IIIIIIIIIIIIIII
IIIIA2IIAA2IIIIIIA2IIIIIIIIIIIIIIIIIIIIIIIIIIIIA2IIIIIIIIIIIIIII
IIIIA2IIAA2A2IIIIA2IIIIIIIIIIIIIIIIIIIIIIIIIIIIA2IIIIIIIIIIIIIII
IIIIA2IIAAAA2IIIIA2IIIIIIIIIIIIIIIIIIIIIIIIIIIIA2IIIIIIIIIIIIIII
IIIAA2IIAAAA2IIIIA2IIIIIIIIIIIIIIIIIIIIIIIIIIIIA2IIIIIIIIIIIIIII
IIIIIIIIIIIIIIIIIIIIIIIIIIIIIIIIIIIIIIIIIIIIIIIA2IIIIIIIIIIIIIII
IIIIIIIIIIIIA2IIIIIIIIIIIIIIIIIIIIIIIIIIIIIIIIIA2IIIIIIIIIIIIIII
IIIIIIIIIIIIA2IIIA2IIIIIIIIIIIIIIIIIIIIIIIIIIIIA2IIIIIIIIIIIIIII
IIIIIIIIIIIIA2IIIA2IIIIIIIIIIIIIIIIIIIIIIIIIIIIA1IIIIIIIIIIIIIII
IIIIIIIIIIIIA2IIIA1IIIIIIIIIIIIIIIIIIIIIIIIIIIIA1IIIIIIIIIIIIIII
IIIIIIIIA1IIA2IIIA1IIIIIIIIIIIIIIIIIIIIIIIIIIIIA1IIIIIIIIIIIIIII
IIIIA1IIA1IIA2IIIA1IIIIIIIIIIIIIIIIIIIIIIIIIIIIA1IIIIIIIIIIIIIII
IIIIA1IIAA1IA2IIIA1IIIIIIIIIIIIIIIIIIIIIIIIIIIIA1IIIIIIIIIIIIIII
IIIIA1IIAA1AA2IIIA1IIIIIIIIIIIIIIIIIIIIIIIIIIIIA1IIIIIIIIIIIIIII
IIIIA1IIAAAAA2IIIA1IIIIIIIIIIIIIIIIIIIIIIIIIIIIA1IIIIIIIIIIIIIII
IIIAA1IIAAAAA2IIIA1IIIIIIIIIIIIIIIIIIIIIIIIIIIIA1IIIIIIIIIIIIIII
IIIIIIIIIIIIAIIIIIIIIIIIIIIIIIIIIIIIIIIIIIIIIIIIIIIIIIIIIIIIIIII
IIIIIIIIIIIIIIIIIIIIIIIIIIIIIIIIIIIIIIIIIIIIIIIAIIIIIIIIIIIIIIII
IIIIIIIIIIIIIIIIIAIIIIIIIIIIIIIIIIIIIIIIIIIIIIIAIIIIIIIIIIIIIIII
IIIIIIIIAIIIIIIIIAIIIIIIIIIIIIIIIIIIIIIIIIIIIIIAIIIIIIIIIIIIIIII
IIIIAIIIAIIIIIIIIAIIIIIIIIIIIIIIIIIIIIIIIIIIIIIAIIIIIIIIIIIIIIII
IIIIAIIIAAIIIIIIIAIIIIIIIIIIIIIIIIIIIIIIIIIIIIIAIIIIIIIIIIIIIIII
IIIIAIIIAAIAIIIIIAIIIIIIIIIIIIIIIIIIIIIIIIIIIIIAIIIIIIIIIIIIIIII
IIIIAIIIAAAAIIIIIAIIIIIIIIIIIIIIIIIIIIIIIIIIIIIAIIIIIIIIIIIIIIII
IIIAAIIIAAAAIIIIIAIIIIIIIIIIIIIIIIIIIIIIIIIIIIIAIIIIIIIIIIIIIIII
IIIAAIIIAAAAA1IIIAIIIIIIIIIIIIIIIIIIIIIIIIIIIIIAIIIIIIIIIIIIIIII
IIIIIIIIIIIIAIIIIIIIIIIIIIIIIIIIIIIIIIIIIIIIIIIIIIIIIIIIIIIIIIII
IIIIIIIIIIIIA1IIIIIIIIIIIIIIIIIIIIIIIIIIIIIIIIIIIIIIIIIIIIIIIIII
IIIIIIIIA1IIA1IIIIIIIIIIIIIIIIIIIIIIIIIIIIIIIIIIIIIIIIIIIIIIIIII
IIIIA1IIA1IIA1IIIIIIIIIIIIIIIIIIIIIIIIIIIIIIIIIIIIIIIIIIIIIIIIII
IIIIA1IIAA1IA1IIIIIIIIIIIIIIIIIIIIIIIIIIIIIIIIIIIIIIIIIIIIIIIIII
IIIIA1IIAA1AA1IIIIIIIIIIIIIIIIIIIIIIIIIIIIIIIIIIIIIIIIIIIIIIIIII
IIIIA1IIAAAAA1IIIIIIIIIIIIIIIIIIIIIIIIIIIIIIIIIIIIIIIIIIIIIIIIII
IIIAA1IIAAAAA1IIIIIIIIIIIIIIIIIIIIIIIIIIIIIIIIIIIIIIIIIIIIIIIIII
IIIIIIIIIIIIIIIIIIIIIIIIIIIIIIIIIIIIIIIIIIIIIIIAIIIIIIIIIIIIIIII
IIIIIIIIIIIIIIIIIAIIIIIIIIIIIIIIIIIIIIIIIIIIIIIAIIIIIIIIIIIIIIII
IIIIIIIIA2IIIIIIIAIIIIIIIIIIIIIIIIIIIIIIIIIIIIIAIIIIIIIIIIIIIIII
IIIIA2IIA2IIIIIIIAIIIIIIIIIIIIIIIIIIIIIIIIIIIIIAIIIIIIIIIIIIIIII
IIIIA2IIAA2IIIIIIAIIIIIIIIIIIIIIIIIIIIIIIIIIIIIAIIIIIIIIIIIIIIII
IIIIA2IIAA2A2IIIIAIIIIIIIIIIIIIIIIIIIIIIIIIIIIIAIIIIIIIIIIIIIIII
IIIIA2IIAAAA2IIIIAIIIIIIIIIIIIIIIIIIIIIIIIIIIIIAIIIIIIIIIIIIIIII
IIIAA2IIAAAA2IIIIAIIIIIIIIIIIIIIIIIIIIIIIIIIIIIAIIIIIIIIIIIIIIII
IIIIIIIIIIIIA2IIIIIIIIIIIIIIIIIIIIIIIIIIIIIIIIIIIIIIIIIIIIIIIIII
IIIIIIIIA1IIIIIIIIIIIIIIIIIIIIIIIIIIIIIIIIIIIIIIIIIIIIIIIIIIIIII
IIIIA1IIA1IIIIIIIIIIIIIIIIIIIIIIIIIIIIIIIIIIIIIIIIIIIIIIIIIIIIII
IIIIA1IIAA1IIIIIIIIIIIIIIIIIIIIIIIIIIIIIIIIIIIIIIIIIIIIIIIIIIIII
IIIIA1IIAA1A1IIIIIIIIIIIIIIIIIIIIIIIIIIIIIIIIIIIIIIIIIIIIIIIIIII
IIIIA1IIAAAA1IIIIIIIIIIIIIIIIIIIIIIIIIIIIIIIIIIIIIIIIIIIIIIIIIII
IIIIA12IAAAA1IIIIIIIIIIIIIIIIIIIIIIIIIIIIIIIIIIIIIIIIIIIIIIIIIII
IIIAA12IAAAA1IIIIIIIIIIIIIIIIIIIIIIIIIIIIIIIIIIIIIIIIIIIIIIIIIII
IIIAA12IAAAAAI2IIIIIIIIIIIIIIIIIIIIIIIIIIIIIIIIIIIIIIIIIIIIIIIII
IIIIIIIIIIIIIIIIIIIIIIIIIIIIIIIIIIIIIIIIIIIIIIIAI2IIIIIIIIIIIIII
IIIIIIIIIIIIIIIIIAI2IIIIIIIIIIIIIIIIIIIIIIIIIIIAI2IIIIIIIIIIIIII
IIIIIIIIAI2IIIIIIAI2IIIIIIIIIIIIIIIIIIIIIIIIIIIAI2IIIIIIIIIIIIII
IIIIAI2IAI2IIIIIIAI2IIIIIIIIIIIIIIIIIIIIIIIIIIIAI2IIIIIIIIIIIIII
IIIIAI2IAA22IIIIIAI2IIIIIIIIIIIIIIIIIIIIIIIIIIIAI2IIIIIIIIIIIIII
IIIIAI2IAA2AI2IIIAI2IIIIIIIIIIIIIIIIIIIIIIIIIIIAI2IIIIIIIIIIIIII
IIIIAI2IAAAA22IIIAI2IIIIIIIIIIIIIIIIIIIIIIIIIIIAI2IIIIIIIIIIIIII
IIIIA12IAAAA22IIIAI2IIIIIIIIIIIIIIIIIIIIIIIIIIIAI2IIIIIIIIIIIIII
IIIAA12IAAAA22IIIAI2IIIIIIIIIIIIIIIIIIIIIIIIIIIAI2IIIIIIIIIIIIII
IIIAA12IAAAAA1IIIAI2IIIIIIIIIIIIIIIIIIIIIIIIIIIAI2IIIIIIIIIIIIII
IIIIIIIIIIIIIIIIIIIIIIIIIIIIIIIIIIIIIIIIIIIIIIIA1IIIIIIIIIIIIIII
IIIIIIIIIIIIIIII2AIIIIIIIIIIIIIIIIIIIIIIIIIIIIIA1IIIIIIIIIIIIIII
IIIIIII2AIIIIIII2AIIIIIIIIIIIIIIIIIIIIIIIIIIIIIA1IIIIIIIIIIIIIII
III2AII2AIIIIIII2AIIIIIIIIIIIIIIIIIIIIIIIIIIIIIA1IIIIIIIIIIIIIII
III2AII2AAIIIIII2AIIIIIIIIIIIIIIIIIIIIIIIIIIIIIA1IIIIIIIIIIIIIII
III2AII2AA2AIIII2AIIIIIIIIIIIIIIIIIIIIIIIIIIIIIA1IIIIIIIIIIIIIII
III2AII2AAAAIIII2AIIIIIIIIIIIIIIIIIIIIIIIIIIIIIA1IIIIIIIIIIIIIII
II2AAII2AAAAIIII2AIIIIIIIIIIIIIIIIIIIIIIIIIIIIIA1IIIIIIIIIIIIIII
II2AAII2AAAAIIII2AIIIIIIIIIIIIIIIIIIIIIIIIIIII2A1IIIIIIIIIIIIIII
IIIIIIIIIIIIIIIIIIIIIIIIIIIIIIIIIIIIIIIIIIIIIIIA1IIIIIIIIIIIIIII
IIIIIIIIIIIIA1IIIIIIIIIIIIIIIIIIIIIIIIIIIIIIIIIA1IIIIIIIIIIIIIII
IIIIIIIIIIIIA1IIIA1IIIIIIIIIIIIIIIIIIIIIIIIIIIIA1IIIIIIIIIIIIIII
IIIIIIIIA1IIA1IIIA1IIIIIIIIIIIIIIIIIIIIIIIIIIIIA1IIIIIIIIIIIIIII
IIIIA1IIA1IIA1IIIA1IIIIIIIIIIIIIIIIIIIIIIIIIIIIA1IIIIIIIIIIIIIII
IIIIA1IIAA1IA1IIIA1IIIIIIIIIIIIIIIIIIIIIIIIIIIIA1IIIIIIIIIIIIIII
IIIIA1IIAA1AA1IIIA1IIIIIIIIIIIIIIIIIIIIIIIIIIIIA1IIIIIIIIIIIIIII
IIIIA1IIAAAAA1IIIA1IIIIIIIIIIIIIIIIIIIIIIIIIIIIA1IIIIIIIIIIIIIII
IIIAA1IIAAAAA1IIIA1IIIIIIIIIIIIIIIIIIIIIIIIIIIIA1IIIIIIIIIIIIIII
IIIIIIIIIIIIIIIIIIIIIIIIIIIIIIIIIIIIIIIIIIIIIIIA1IIIIIIIIIIIIIII
IIIIIIIIIIIIIIIIIA1IIIIIIIIIIIIIIIIIIIIIIIIIIIIA1IIIIIIIIIIIIIII
IIIIIIIIIIIIIIIIIIIIIIIIIIIIIIIIIIIIIIIIIIIIIIIA1IIIIIIIIIIIIIII
IIIIIIIIIIIIIIIIIA1IIIIIIIIIIIIIIIIIIIIIIIIIIIIA1IIIIIIIIIIIIIII
IIIIIIIIA2IIIIIIIA1IIIIIIIIIIIIIIIIIIIIIIIIIIIIA1IIIIIIIIIIIIIII
IIIIA2IIA2IIIIIIIA1IIIIIIIIIIIIIIIIIIIIIIIIIIIIA1IIIIIIIIIIIIIII
IIIIA2IIAA2IIIIIIA1IIIIIIIIIIIIIIIIIIIIIIIIIIIIA1IIIIIIIIIIIIIII
IIIIA2IIAA2A2IIIIA1IIIIIIIIIIIIIIIIIIIIIIIIIIIIA1IIIIIIIIIIIIIII
IIIIA2IIAAAA2IIIIA1IIIIIIIIIIIIIIIIIIIIIIIIIIIIA1IIIIIIIIIIIIIII
IIIAA2IIAAAA2IIIIA1IIIIIIIIIIIIIIIIIIIIIIIIIIIIA1IIIIIIIIIIIIIII
IIIAA2IIAAAAA2IIIA1IIIIIIIIIIIIIIIIIIIIIIIIIIIIA1IIIIIIIIIIIIIII
IIIIIIIIIIIIIIIIIIIIIIIIIIIIIIIIIIIIIIIIIIIIIIIA2IIIIIIIIIIIIIII
IIIIIIIIIIIIIIIIIA2IIIIIIIIIIIIIIIIIIIIIIIIIIIIA2IIIIIIIIIIIIIII
IIIIIIIIA2IIIIIIIA2IIIIIIIIIIIIIIIIIIIIIIIIIIIIA2IIIIIIIIIIIIIII
IIIIA2IIA2IIIIIIIA2IIIIIIIIIIIIIIIIIIIIIIIIIIIIA2IIIIIIIIIIIIIII
IIIIA2IIAA2IIIIIIA2IIIIIIIIIIIIIIIIIIIIIIIIIIIIA2IIIIIIIIIIIIIII
IIIIA2IIAA2A2IIIIA2IIIIIIIIIIIIIIIIIIIIIIIIIIIIA2IIIIIIIIIIIIIII
IIIIA2IIAAAA2IIIIA2IIIIIIIIIIIIIIIIIIIIIIIIIIIIA2IIIIIIIIIIIIIII
IIIIA1IIAAAA2IIIIA2IIIIIIIIIIIIIIIIIIIIIIIIIIIIA2IIIIIIIIIIIIIII
IIIAA1IIAAAA2IIIIA2IIIIIIIIIIIIIIIIIIIIIIIIIIIIA2IIIIIIIIIIIIIII
IIIIIIIIIA1IIIIIIIIIIIIIIIIIIIIIIIIIIIIIIIIIIIIIIIIIIIIIIIIIIIII
IIIIA1IIIA1IIIIIIIIIIIIIIIIIIIIIIIIIIIIIIIIIIIIIIIIIIIIIIIIIIIII
IIIAA1IIIA1IIIIIIIIIIIIIIIIIIIIIIIIIIIIIIIIIIIIIIIIIIIIIIIIIIIII
IIIAA1IIAA1IIIIIIIIIIIIIIIIIIIIIIIIIIIIIIIIIIIIIIIIIIIIIIIIIIIII
IIIAA1IIAA1AIIIIIIIIIIIIIIIIIIIIIIIIIIIIIIIIIIIIIIIIIIIIIIIIIIII
IIIAA1IIAAAAIIIIIIIIIIIIIIIIIIIIIIIIIIIIIIIIIIIIIIIIIIIIIIIIIIII
IIIIIIIIIIIIIIIIIIIIIIIIIIIIIIIIIIIIIIIIIIIIIIIA1IIIIIIIIIIIIIII
IIIIIIIIIIIIIIIIIA1IIIIIIIIIIIIIIIIIIIIIIIIIIIIA1IIIIIIIIIIIIIII
IIIIIIIIIIIIIIIIIIIIIIIIIIIIIIIIIIIIIIIIIIIIIIIA1IIIIIIIIIIIIIII
IIIIIIIIIIIIAI2IIIIIIIIIIIIIIIIIIIIIIIIIIIIIIIIA1IIIIIIIIIIIIIII
IIIIIIIIIIIIAI2IIAI2IIIIIIIIIIIIIIIIIIIIIIIIIIIA1IIIIIIIIIIIIIII
IIIIIIIIIIIIIIIIIIIIIIIIIIIIIIIIIIIIIIIIIIIIIIIAI2IIIIIIIIIIIIII
IIIIIIIIIIIIIIIIIAI2IIIIIIIIIIIIIIIIIIIIIIIIIIIAI2IIIIIIIIIIIIII
IIIIIIIIIIIIIIIIIIIIIIIIIIIIIIIIIIIIIIIIIIIIIIIA2IIIIIIIIIIIIIII
IIIIIIIIIIIIA2IIIIIIIIIIIIIIIIIIIIIIIIIIIIIIIIIA2IIIIIIIIIIIIIII
IIIIIIIIIIIIA2IIIA2IIIIIIIIIIIIIIIIIIIIIIIIIIIIA2IIIIIIIIIIIIIII
IIIIIIIIIA1IA2IIIA2IIIIIIIIIIIIIIIIIIIIIIIIIIIIA2IIIIIIIIIIIIIII
IIIIA1IIIA1IA2IIIA2IIIIIIIIIIIIIIIIIIIIIIIIIIIIA2IIIIIIIIIIIIIII
IIIAA1IIIA1IA2IIIA2IIIIIIIIIIIIIIIIIIIIIIIIIIIIA2IIIIIIIIIIIIIII
IIIIIIIIIIIIA1IIIIIIIIIIIIIIIIIIIIIIIIIIIIIIIIIIIIIIIIIIIIIIIIII
IIIIIIIIA1IIIIIIIIIIIIIIIIIIIIIIIIIIIIIIIIIIIIIIIIIIIIIIIIIIIIII
IIIIA1IIA1IIIIIIIIIIIIIIIIIIIIIIIIIIIIIIIIIIIIIIIIIIIIIIIIIIIIII
IIIIA1IIAA1IIIIIIIIIIIIIIIIIIIIIIIIIIIIIIIIIIIIIIIIIIIIIIIIIIIII
IIIIA1IIAA1A1IIIIIIIIIIIIIIIIIIIIIIIIIIIIIIIIIIIIIIIIIIIIIIIIIII
IIIIA1IIAAAA1IIIIIIIIIIIIIIIIIIIIIIIIIIIIIIIIIIIIIIIIIIIIIIIIIII
IIIAA1IIAAAA1IIIIIIIIIIIIIIIIIIIIIIIIIIIIIIIIIIIIIIIIIIIIIIIIIII
IIIIIIIIIIIIAIIIIIIIIIIIIIIIIIIIIIIIIIIIIIIIIIIIIIIIIIIIIIIIIIII
IIIIIIIIIIIIA2IIIIIIIIIIIIIIIIIIIIIIIIIIIIIIIIIIIIIIIIIIIIIIIIII
IIIIIIIIIIIIA1IIIIIIIIIIIIIIIIIIIIIIIIIIIIIIIIIIIIIIIIIIIIIIIIII
IIIIIIIIAIIIA1IIIIIIIIIIIIIIIIIIIIIIIIIIIIIIIIIIIIIIIIIIIIIIIIII
IIIIAIIIAIIIA1IIIIIIIIIIIIIIIIIIIIIIIIIIIIIIIIIIIIIIIIIIIIIIIIII
IIIIAIIIAAIIA1IIIIIIIIIIIIIIIIIIIIIIIIIIIIIIIIIIIIIIIIIIIIIIIIII
IIIIAIIIAAIAA1IIIIIIIIIIIIIIIIIIIIIIIIIIIIIIIIIIIIIIIIIIIIIIIIII
IIIIAIIIAAAAA1IIIIIIIIIIIIIIIIIIIIIIIIIIIIIIIIIIIIIIIIIIIIIIIIII
IIIIIIIIIIIIAIIIIIIIIIIIIIIIIIIIIIIIIIIIIIIIIIIIIIIIIIIIIIIIIIII
IIIIIIIIIIIIAI1I1I1I1I1I1I11IIIIIIIIIIIIIIIIIIIIIIIIIIIIIIIIIIII
IIIIIIIIIIIIA1I11I1111IIIIIIIIIIIIIIIIIIIIIIIIIIIIIIIIIIIIIIIIII
IIIIIIIIIIIIA1I2II22IIIIIIIIIIIIIIIIIIIIIIIIIIIIIIIIIIIIIIIIIIII
IIIIIIIIIIIIAI1III1II1111IIIIIIIIIIIIIIIIIIIIIIIIIIIIIIIIIIIIIII
IIIIIIIIIIIIAI1II1I111I11IIIIIIIIIIIIIIIIIIIIIIIIIIIIIIIIIIIIIII
IIIIIIIIIIIIA1I1I1I11111IIIIIIIIIIIIIIIIIIIIIIIIIIIIIIIIIIIIIIII
IIIIIIIIIIIIAI11II111111IIIIIIIIIIIIIIIIIIIIIIIIIIIIIIIIIIIIIIII
IIIIIIIIIIIIA11II111111IIIIIIIIIIIIIIIIIIIIIIIIIIIIIIIIIIIIIIIII
IIIIIIIIIIIIA1IIIIIIIIIIIIIIIIIIIIIIIIIIIIIIIIIIIIIIIIIIIIIIIIII
IIIIIIIIIIIIIIIIIIIIIIIIIIIIIIIIIIIIIIIIIIIIIIIAIIIIIIIIIIIIIIII
IIIIIIIIIIIIIIIIIAIIIIIIIIIIIIIIIIIIIIIIIIIIIIIAIIIIIIIIIIIIIIII
IIIIIIIIAIIIIIIIIAIIIIIIIIIIIIIIIIIIIIIIIIIIIIIAIIIIIIIIIIIIIIII
IIIIAIIIAIIIIIIIIAIIIIIIIIIIIIIIIIIIIIIIIIIIIIIAIIIIIIIIIIIIIIII
IIIIAIIIAAIIIIIIIAIIIIIIIIIIIIIIIIIIIIIIIIIIIIIAIIIIIIIIIIIIIIII
IIIIAIIIAAAIIIIIIAIIIIIIIIIIIIIIIIIIIIIIIIIIIIIAIIIIIIIIIIIIIIII
IIIIAIIIAAAAIIIIIAIIIIIIIIIIIIIIIIIIIIIIIIIIIIIAIIIIIIIIIIIIIIII
IIIAAIIIAAAAIIIIIAIIIIIIIIIIIIIIIIIIIIIIIIIIIIIAIIIIIIIIIIIIIIII
IIIAA2IIAAAAIIIIIAIIIIIIIIIIIIIIIIIIIIIIIIIIIIIAIIIIIIIIIIIIIIII
IIIAA2IIAAAAA2IIIAIIIIIIIIIIIIIIIIIIIIIIIIIIIIIAIIIIIIIIIIIIIIII
IIIAA2IIAAAAA2IIIAIIIIIIIIIIIIIIIIIIIIIIIIIIIIIA2IIIIIIIIIIIIIII
IIIAA2IIAAAAA2IIIA2IIIIIIIIIIIIIIIIIIIIIIIIIIIIA2IIIIIIIIIIIIIII
IIIIIIIIIIIIIIIIIIIIIIIIIIIIIIIIIIIIIIIIIIIIIIIA2IIIIIIIIIIIIIII
IIIIIIIIIIIIIIIIIA2IIIIIIIIIIIIIIIIIIIIIIIIIIIIA2IIIIIIIIIIIIIII
IIIIIIIIA2IIIIIIIA2IIIIIIIIIIIIIIIIIIIIIIIIIIIIA2IIIIIIIIIIIIIII
IIIIA2IIA2IIIIIIIA2IIIIIIIIIIIIIIIIIIIIIIIIIIIIA2IIIIIIIIIIIIIII
IIIIA2IIAA2IIIIIIA2IIIIIIIIIIIIIIIIIIIIIIIIIIIIA2IIIIIIIIIIIIIII
IIIIA2IIAA2A2IIIIA2IIIIIIIIIIIIIIIIIIIIIIIIIIIIA2IIIIIIIIIIIIIII
IIIIA2IIAAAA2IIIIA2IIIIIIIIIIIIIIIIIIIIIIIIIIIIA2IIIIIIIIIIIIIII
IIIIA1IIAAAA2IIIIA2IIIIIIIIIIIIIIIIIIIIIIIIIIIIA2IIIIIIIIIIIIIII
IIIAA1IIAAAA2IIIIA2IIIIIIIIIIIIIIIIIIIIIIIIIIIIA2IIIIIIIIIIIIIII
IIIAA1IIAAAAA1IIIA2IIIIIIIIIIIIIIIIIIIIIIIIIIIIA2IIIIIIIIIIIIIII
IIIIIIIIIIIIAIIIIIIIIIIIIIIIIIIIIIIIIIIIIIIIIIIIIIIIIIIIIIIIIIII
IIIIIIIIIIIIA2IIIIIIIIIIIIIIIIIIIIIIIIIIIIIIIIIIIIIIIIIIIIIIIIII
IIIIIIIIA2IIA2IIIIIIIIIIIIIIIIIIIIIIIIIIIIIIIIIIIIIIIIIIIIIIIIII
IIIIA2IIA2IIA2IIIIIIIIIIIIIIIIIIIIIIIIIIIIIIIIIIIIIIIIIIIIIIIIII
IIIIA2IIAA2IA2IIIIIIIIIIIIIIIIIIIIIIIIIIIIIIIIIIIIIIIIIIIIIIIIII
IIIIA2IIAA2AA2IIIIIIIIIIIIIIIIIIIIIIIIIIIIIIIIIIIIIIIIIIIIIIIIII
IIIIA2IIAAAAA2IIIIIIIIIIIIIIIIIIIIIIIIIIIIIIIIIIIIIIIIIIIIIIIIII
IIIAA2IIAAAAA2IIIIIIIIIIIIIIIIIIIIIIIIIIIIIIIIIIIIIIIIIIIIIIIIII
IIIIIIIIIIIIA1IIIIIIIIIIIIIIIIIIIIIIIIIIIIIIIIIIIIIIIIIIIIIIIIII
IIIIIIIIIIIIAIIIIIIIIIIIIIIIIIIIIIIIIIIIIIIIIIIIIIIIIIIIIIIIIIII
IIIIIIIIIIIIA1IIIIIIIIIIIIIIIIIIIIIIIIIIIIIIIIIIIIIIIIIIIIIIIIII
IIIIIIIIA1IIA1IIIIIIIIIIIIIIIIIIIIIIIIIIIIIIIIIIIIIIIIIIIIIIIIII
IIIIA1IIA1IIA1IIIIIIIIIIIIIIIIIIIIIIIIIIIIIIIIIIIIIIIIIIIIIIIIII
IIIIA1IIAA1IA1IIIIIIIIIIIIIIIIIIIIIIIIIIIIIIIIIIIIIIIIIIIIIIIIII
IIIIA1IIAA1AA1IIIIIIIIIIIIIIIIIIIIIIIIIIIIIIIIIIIIIIIIIIIIIIIIII
IIIIA1IIAAAAA1IIIIIIIIIIIIIIIIIIIIIIIIIIIIIIIIIIIIIIIIIIIIIIIIII
IIIAA1IIAAAAA1IIIIIIIIIIIIIIIIIIIIIIIIIIIIIIIIIIIIIIIIIIIIIIIIII
IIIAA1IIAAAAA1IIIIIIIIIIIIIIIIIIIIIIIIIIIIIIIIIA1IIIIIIIIIIIIIII
IIIAA1IIAAAAA1IIIAI2IIIIIIIIIIIIIIIIIIIIIIIIIIIA1IIIIIIIIIIIIIII
IIIAA12IAAAAA1IIIAI2IIIIIIIIIIIIIIIIIIIIIIIIIIIA1IIIIIIIIIIIIIII
IIIAA12IAAAAA11I1A121IIIIIIIIIIIIIIIIIIIIIIIIIIA1IIIIIIIIIIIIIII
IIIIIIIIIIIIAI1I1I1I1I1I1I1I1IIIIIIIIIIIIIIIIIIIIIIIIIIIIIIIIIII
IIIIIIIIIIIIAI1I1I1I1I1I1I11IIIIIIIIIIIIIIIIIIIIIIIIIIIIIIIIIIII
IIIIIIIIIIIIA2IIIIIIIIIIIIIIIIIIIIIIIIIIIIIIIIIIIIIIIIIIIIIIIIII
IIIIIIIIIIIIAI1111111IIIIIIIIIIIIIIIIIIIIIIIIIIIIIIIIIIIIIIIIIII
IIIIIIIIIIIIAI1II1111111IIIIIIIIIIIIIIIIIIIIIIIIIIIIIIIIIIIIIIII
IIIIIIIIIIIIAI1I111111111II1IIIIIIIIIIIIIIIIIIIIIIIIIIIIIIIIIIII
IIIIIIIIIIIIA11I111IIIIIIIIIIIIIIIIIIIIIIIIIIIIIIIIIIIIIIIIIIIII
IIIIIIIIIIIIA11I111I11IIIIIIIIIIIIIIIIIIIIIIIIIIIIIIIIIIIIIIIIII
IIIIIIIIIIIIAIIIIIIIIIIIIIIIIIIIIIIIIIIIIIIIIIIIIIIIIIIIIIIIIIII
IIIIIIIIIIIIIIIIIIIIIIIIIIIIIIIIIIIIIIIIIIIIIIIAI2IIIIIIIIIIIIII
IIIIIIIIIIIIIIIIIAI2IIIIIIIIIIIIIIIIIIIIIIIIIIIAI2IIIIIIIIIIIIII
IIIIIIIIIIIIA2IIIAI2IIIIIIIIIIIIIIIIIIIIIIIIIIIAI2IIIIIIIIIIIIII
IIIIIIIIIIIIA2IIIIIIIIIIIIIIIIIIIIIIIIIIIIIIIIIIIIIIIIIIIIIIIIII
IIIIIIIIIIIIA2IIIIIIIIIIIIIIIIIIIIIIIIIIIIIIIIIA2IIIIIIIIIIIIIII
IIIIIIIIIIIIA2IIIA2IIIIIIIIIIIIIIIIIIIIIIIIIIIIA2IIIIIIIIIIIIIII
IIIIIIIIA2IIA2IIIA2IIIIIIIIIIIIIIIIIIIIIIIIIIIIA2IIIIIIIIIIIIIII
IIIIA2IIA2IIA2IIIA2IIIIIIIIIIIIIIIIIIIIIIIIIIIIA2IIIIIIIIIIIIIII
IIIIA2IIAA2IA2IIIA2IIIIIIIIIIIIIIIIIIIIIIIIIIIIA2IIIIIIIIIIIIIII
IIIIA2IIAA2AA2IIIA2IIIIIIIIIIIIIIIIIIIIIIIIIIIIA2IIIIIIIIIIIIIII
IIIIA2IIAAAAA2IIIA2IIIIIIIIIIIIIIIIIIIIIIIIIIIIA2IIIIIIIIIIIIIII
IIIAA2IIAAAAA2IIIA2IIIIIIIIIIIIIIIIIIIIIIIIIIIIA2IIIIIIIIIIIIIII
IIIAA1IIAAAAA2IIIA2IIIIIIIIIIIIIIIIIIIIIIIIIIIIA2IIIIIIIIIIIIIII
IIIIIIIIIIIIIIIIIIIIIIIIIIIIIIIIIIIIIIIIIIIIIIIAIIIIIIIIIIIIIIII
IIIIIIIIIIIIIIIIIAIIIIIIIIIIIIIIIIIIIIIIIIIIIIIAIIIIIIIIIIIIIIII
IIIIIIIIAIIIIIIIIAIIIIIIIIIIIIIIIIIIIIIIIIIIIIIAIIIIIIIIIIIIIIII
IIIIAIIIAIIIIIIIIAIIIIIIIIIIIIIIIIIIIIIIIIIIIIIAIIIIIIIIIIIIIIII
IIIIAIIIAAIIIIIIIAIIIIIIIIIIIIIIIIIIIIIIIIIIIIIAIIIIIIIIIIIIIIII
IIIIAIIIAAIAIIIIIAIIIIIIIIIIIIIIIIIIIIIIIIIIIIIAIIIIIIIIIIIIIIII
IIIIAIIIAAAAIIIIIAIIIIIIIIIIIIIIIIIIIIIIIIIIIIIAIIIIIIIIIIIIIIII
IIIAAIIIAAAAIIIIIAIIIIIIIIIIIIIIIIIIIIIIIIIIIIIAIIIIIIIIIIIIIIII
IIIAA1IIAAAAIIIIIAIIIIIIIIIIIIIIIIIIIIIIIIIIIIIAIIIIIIIIIIIIIIII
IIIAA1IIAAAAIIIIIAIIIIIIIIIIIIIIIIIIIIIIIIIIIIIA1IIIIIIIIIIIIIII
IIIAA1IIAAAAA1IIIAIIIIIIIIIIIIIIIIIIIIIIIIIIIIIA1IIIIIIIIIIIIIII
IIIAA1IIAAAAA1IIIA1IIIIIIIIIIIIIIIIIIIIIIIIIIIIA1IIIIIIIIIIIIIII
IIIIIIIIIIIIAI2IIIIIIIIIIIIIIIIIIIIIIIIIIIIIIIIIIIIIIIIIIIIIIIII
IIIIIIIIAI2IAI2IIIIIIIIIIIIIIIIIIIIIIIIIIIIIIIIIIIIIIIIIIIIIIIII
IIIIAI2IAI2IAI2IIIIIIIIIIIIIIIIIIIIIIIIIIIIIIIIIIIIIIIIIIIIIIIII
IIIIAI2IAA22AI2IIIIIIIIIIIIIIIIIIIIIIIIIIIIIIIIIIIIIIIIIIIIIIIII
IIIIAI2IAA2AA22IIIIIIIIIIIIIIIIIIIIIIIIIIIIIIIIIIIIIIIIIIIIIIIII
IIIIAI2IAAAAA22IIIIIIIIIIIIIIIIIIIIIIIIIIIIIIIIIIIIIIIIIIIIIIIII
IIIAA22IAAAAA22IIIIIIIIIIIIIIIIIIIIIIIIIIIIIIIIIIIIIIIIIIIIIIIII
IIIAA22IAAAAA22IIIIIIIIIIIIIIIIIIIIIIIIIIIIIIIIA2IIIIIIIIIIIIIII
IIIAA22IAAAAA22IIA2IIIIIIIIIIIIIIIIIIIIIIIIIIIIA2IIIIIIIIIIIIIII
IIIIIIIIIIIIIIIIIIIIIIIIIIIIIIIIIIIIIIIIIIIIIIIA2IIIIIIIIIIIIIII
IIIIIIIIIIIIIIIIIA2IIIIIIIIIIIIIIIIIIIIIIIIIIIIA2IIIIIIIIIIIIIII
IIIIIIIIA2IIIIIIIA2IIIIIIIIIIIIIIIIIIIIIIIIIIIIA2IIIIIIIIIIIIIII
IIIIA2IIA2IIIIIIIA2IIIIIIIIIIIIIIIIIIIIIIIIIIIIA2IIIIIIIIIIIIIII
IIIIA2IIAA2IIIIIIA2IIIIIIIIIIIIIIIIIIIIIIIIIIIIA2IIIIIIIIIIIIIII
IIIIA2IIAA2A2IIIIA2IIIIIIIIIIIIIIIIIIIIIIIIIIIIA2IIIIIIIIIIIIIII
IIIIA2IIAAAA2IIIIA2IIIIIIIIIIIIIIIIIIIIIIIIIIIIA2IIIIIIIIIIIIIII
IIIIIIIIIIIIAIIIIIIIIIIIIIIIIIIIIIIIIIIIIIIIIIIIIIIIIIIIIIIIIIII
IIIIIIIIIIIIA1I1I11IIIIIIIIIIIIIIIIIIIIIIIIIIIIIIIIIIIIIIIIIIIII
IIIIIIIIIIIIAI1I1I1I1I1I1IIIIIIIIIIIIIIIIIIIIIIIIIIIIIIIIIIIIIII
IIIIIIIIIIIIAI1I1I1I1I1I1I1IIIIIIIIIIIIIIIIIIIIIIIIIIIIIIIIIIIII
IIIIIIIIIIIIAI1I1I1I1I1I1I111111IIIIIIIIIIIIIIIIIIIIIIIIIIIIIIII
IIIIIIIIIIIIAI1I1111I1I11IIIIIIIIIIIIIIIIIIIIIIIIIIIIIIIIIIIIIII
IIIIIIIIIIIIAI111I11111IIIIIIIIIIIIIIIIIIIIIIIIIIIIIIIIIIIIIIIII
IIIIIIIIIIIIAI111I11111I1I1I1I22IIIIIIIIIIIIIIIIIIIIIIIIIIIIIIII
IIIIIIIIIIIIA11III111111IIIIIIIIIIIIIIIIIIIIIIIIIIIIIIIIIIIIIIII
IIIIIIIIIIIIA1IIIIIIIIIIIIIIIIIIIIIIIIIIIIIIIIIIIIIIIIIIIIIIIIII
IIIIIIIIIIIIAI1I1I1I11111IIIIIIIIIIIIIIIIIIIIIIIIIIIIIIIIIIIIIII
IIIIIIIIIIIIIIIIIIIIIIIIIIIIIIIIIIIIIIIIIIIIIIIAIIIIIIIIIIIIIIII
IIIIIIIIIIIIIIIIIAIIIIIIIIIIIIIIIIIIIIIIIIIIIIIAIIIIIIIIIIIIIIII
IIIIIIIIIIIIA2IIIAIIIIIIIIIIIIIIIIIIIIIIIIIIIIIAIIIIIIIIIIIIIIII
IIIIIIIIIIIIIIIIIIIIIIIIIIIIIIIIIIIIIIIIIIIIIIIA1IIIIIIIIIIIIIII
IIIIIIIIIIIIIIIIIA1IIIIIIIIIIIIIIIIIIIIIIIIIIIIA1IIIIIIIIIIIIIII
IIIIIIIIA1IIIIIIIA1IIIIIIIIIIIIIIIIIIIIIIIIIIIIA1IIIIIIIIIIIIIII
IIIIA1IIA1IIIIIIIA1IIIIIIIIIIIIIIIIIIIIIIIIIIIIA1IIIIIIIIIIIIIII
IIIIA1IIAA1IIIIIIA1IIIIIIIIIIIIIIIIIIIIIIIIIIIIA1IIIIIIIIIIIIIII
IIIIA1IIAA1A1IIIIA1IIIIIIIIIIIIIIIIIIIIIIIIIIIIA1IIIIIIIIIIIIIII
IIIIA1IIAAAA1IIIIA1IIIIIIIIIIIIIIIIIIIIIIIIIIIIA1IIIIIIIIIIIIIII
IIIAA1IIAAAA1IIIIA1IIIIIIIIIIIIIIIIIIIIIIIIIIIIA1IIIIIIIIIIIIIII
IIIIIIIIIIIIA1IIIIIIIIIIIIIIIIIIIIIIIIIIIIIIIIIIIIIIIIIIIIIIIIII
IIIIIIIIIIIIA12IIIIIIIIIIIIIIIIIIIIIIIIIIIIIIIIIIIIIIIIIIIIIIIII
IIIIIIIIAI2IA12IIIIIIIIIIIIIIIIIIIIIIIIIIIIIIIIIIIIIIIIIIIIIIIII
IIIIAI2IAI2IA12IIIIIIIIIIIIIIIIIIIIIIIIIIIIIIIIIIIIIIIIIIIIIIIII
IIIIAI2IAA22A12IIIIIIIIIIIIIIIIIIIIIIIIIIIIIIIIIIIIIIIIIIIIIIIII
IIIIAI2IAA2AA12IIIIIIIIIIIIIIIIIIIIIIIIIIIIIIIIIIIIIIIIIIIIIIIII
IIIIAI2IAAAAA12IIIIIIIIIIIIIIIIIIIIIIIIIIIIIIIIIIIIIIIIIIIIIIIII
IIIIIIIIIIIIA1IIIIIIIIIIIIIIIIIIIIIIIIIIIIIIIIIIIIIIIIIIIIIIIIII
IIIIIIIIIIIIA1I111111IIIIIIIIIIIIIIIIIIIIIIIIIIIIIIIIIIIIIIIIIII
IIIIIIIIIIIIA1I1111111IIIIIIIIIIIIIIIIIIIIIIIIIIIIIIIIIIIIIIIIII
IIIIIIIIIIIIA1I111111111111111IIIIIIIIIIIIIIIIIIIIIIIIIIIIIIIIII
IIIIIIIIIIIIAI1I111111IIIIIIIIIIIIIIIIIIIIIIIIIIIIIIIIIIIIIIIIII
IIIIIIIIIIIIA2IIIIIIIIIIIIIIIIIIIIIIIIIIIIIIIIIIIIIIIIIIIIIIIIII
IIIIIIIIIAIIA2IIIIIIIIIIIIIIIIIIIIIIIIIIIIIIIIIIIIIIIIIIIIIIIIII
IIIIAIIIIAIIA2IIIIIIIIIIIIIIIIIIIIIIIIIIIIIIIIIIIIIIIIIIIIIIIIII
IIIAAIIIIAIIA2IIIIIIIIIIIIIIIIIIIIIIIIIIIIIIIIIIIIIIIIIIIIIIIIII
IIIAAIIIIAIIA2IIIAIIIIIIIIIIIIIIIIIIIIIIIIIIIIIIIIIIIIIIIIIIIIII
IIIAAIIIAAIIA2IIIAIIIIIIIIIIIIIIIIIIIIIIIIIIIIIIIIIIIIIIIIIIIIII
IIIAAIIIAAIAA2IIIAIIIIIIIIIIIIIIIIIIIIIIIIIIIIIIIIIIIIIIIIIIIIII
IIIAAIIIAAAAA2IIIAIIIIIIIIIIIIIIIIIIIIIIIIIIIIIIIIIIIIIIIIIIIIII
IIIAA2IIAAAAA2IIIAIIIIIIIIIIIIIIIIIIIIIIIIIIIIIIIIIIIIIIIIIIIIII
IIIIIIIIIIIIA1IIIIIIIIIIIIIIIIIIIIIIIIIIIIIIIIIIIIIIIIIIIIIIIIII
IIIIIIIIIIIIAIIIIIIIIIIIIIIIIIIIIIIIIIIIIIIIIIIIIIIIIIIIIIIIIIII
IIIIIIIIA1222IIIIIIIIIIIIIIIIIIIIIIIIIIIIIIIIIIIIIIIIIIIIIIIIIII
IIIIA122A1222IIIIIIIIIIIIIIIIIIIIIIIIIIIIIIIIIIIIIIIIIIIIIIIIIII
IIIIA122AA1222IIIIIIIIIIIIIIIIIIIIIIIIIIIIIIIIIIIIIIIIIIIIIIIIII
IIIIA122AA1A1222IIIIIIIIIIIIIIIIIIIIIIIIIIIIIIIIIIIIIIIIIIIIIIII
IIIIA122AAAA1222IIIIIIIIIIIIIIIIIIIIIIIIIIIIIIIIIIIIIIIIIIIIIIII
IIIAA122AAAA1222IIIIIIIIIIIIIIIIIIIIIIIIIIIIIIIIIIIIIIIIIIIIIIII
IIIAA122AAAAA1222IIIIIIIIIIIIIIIIIIIIIIIIIIIIIIIIIIIIIIIIIIIIIII
IIIAA122AAAAA1222IIIIIIIIIIIIIIIIIIIIIIIIIIIIIIAIIIIIIIIIIIIIIII
IIIAA122AAAAA1222AIIIIIIIIIIIIIIIIIIIIIIIIIIIIIAIIIIIIIIIIIIIIII
IIIIIIIIIIIIIIIIIIIIIIIIIIIIIIIIIIIIIIIIIIIIIIIA2IIIIIIIIIIIIIII
IIIIIIIIIIIIIIIIIA2IIIIIIIIIIIIIIIIIIIIIIIIIIIIA2IIIIIIIIIIIIIII
IIIIIIIIA2IIIIIIIA2IIIIIIIIIIIIIIIIIIIIIIIIIIIIA2IIIIIIIIIIIIIII
IIIIA2IIA2IIIIIIIA2IIIIIIIIIIIIIIIIIIIIIIIIIIIIA2IIIIIIIIIIIIIII
IIIIA2IIAA2IIIIIIA2IIIIIIIIIIIIIIIIIIIIIIIIIIIIA2IIIIIIIIIIIIIII
IIIIA2IIAA2A2IIIIA2IIIIIIIIIIIIIIIIIIIIIIIIIIIIA2IIIIIIIIIIIIIII
IIIIA2IIAAAA2IIIIA2IIIIIIIIIIIIIIIIIIIIIIIIIIIIA2IIIIIIIIIIIIIII
IIIAA2IIAAAA2IIIIA2IIIIIIIIIIIIIIIIIIIIIIIIIIIIA2IIIIIIIIIIIIIII
IIIAA2IIAAAAA1IIIA2IIIIIIIIIIIIIIIIIIIIIIIIIIIIA2IIIIIIIIIIIIIII
IIIIIIIIIIIIA1IIIIIIIIIIIIIIIIIIIIIIIIIIIIIIIIIIIIIIIIIIIIIIIIII
IIIIIIIIIIIIAA1IIIIIIIIIIIIIIIIIIIIIIIIIIIIIIIIIIIIIIIIIIIIIIIII
IIIIIIIIIIIIAA1IIIIIIIIIIIIIIIIIIIIIIIIIIIIIIIIA1IIIIIIIIIIIIIII
IIIIIIIIIIIIAA1IIA1IIIIIIIIIIIIIIIIIIIIIIIIIIIIA1IIIIIIIIIIIIIII
IIIIIIIIA1IIAA1IIA1IIIIIIIIIIIIIIIIIIIIIIIIIIIIA1IIIIIIIIIIIIIII
IIIIA1IIA1IIAA1IIA1IIIIIIIIIIIIIIIIIIIIIIIIIIIIA1IIIIIIIIIIIIIII
IIIIA1IIAA1IAA1IIA1IIIIIIIIIIIIIIIIIIIIIIIIIIIIA1IIIIIIIIIIIIIII
IIIIA1IIAA1AAA1IIA1IIIIIIIIIIIIIIIIIIIIIIIIIIIIA1IIIIIIIIIIIIIII
IIIIA1IIAAAAAA1IIA1IIIIIIIIIIIIIIIIIIIIIIIIIIIIA1IIIIIIIIIIIIIII
IIIAA1IIAAAAAA1IIA1IIIIIIIIIIIIIIIIIIIIIIIIIIIIA1IIIIIIIIIIIIIII
IIIIIIIIIIIIIIIIIIIIIIIIIIIIIIIIIIIIIIIIIIIIIIIA1222IIIIIIIIIIII
IIIIIIIIIIIIIIIIIA1222IIIIIIIIIIIIIIIIIIIIIIIIIA1222IIIIIIIIIIII
IIIIIIIIIA1222IIIA1222IIIIIIIIIIIIIIIIIIIIIIIIIA1222IIIIIIIIIIII
IIIIA1222A1222IIIA1222IIIIIIIIIIIIIIIIIIIIIIIIIA1222IIIIIIIIIIII
IIIAA1222A1222IIIA1222IIIIIIIIIIIIIIIIIIIIIIIIIA1222IIIIIIIIIIII
IIIIIIIIIIIIAIIIIIIIIIIIIIIIIIIIIIIIIIIIIIIIIIIIIIIIIIIIIIIIIIII
IIIIIIIIIIIIA1IIIIIIIIIIIIIIIIIIIIIIIIIIIIIIIIIIIIIIIIIIIIIIIIII
IIIIIIIIIIIIAIIIIIIIIIIIIIIIIIIIIIIIIIIIIIIIIIIIIIIIIIIIIIIIIIII
IIIIIIIIAIIIAIIIIIIIIIIIIIIIIIIIIIIIIIIIIIIIIIIIIIIIIIIIIIIIIIII
IIIIAIIIAIIIAIIIIIIIIIIIIIIIIIIIIIIIIIIIIIIIIIIIIIIIIIIIIIIIIIII
IIIIAIIIAAIIAIIIIIIIIIIIIIIIIIIIIIIIIIIIIIIIIIIIIIIIIIIIIIIIIIII
IIIIAIIIAAIAAIIIIIIIIIIIIIIIIIIIIIIIIIIIIIIIIIIIIIIIIIIIIIIIIIII
IIIIAIIIAAAAAIIIIIIIIIIIIIIIIIIIIIIIIIIIIIIIIIIIIIIIIIIIIIIIIIII
IIIIA1IIAAAAAIIIIIIIIIIIIIIIIIIIIIIIIIIIIIIIIIIIIIIIIIIIIIIIIIII
IIIAA1IIAAAAAIIIIIIIIIIIIIIIIIIIIIIIIIIIIIIIIIIIIIIIIIIIIIIIIIII
IIIAA1IIAAAAAIIIIIIIIIIIIIIIIIIIIIIIIIIIIIIIIIIA1IIIIIIIIIIIIIII
IIIAA1IIAAAAAIIIIA1IIIIIIIIIIIIIIIIIIIIIIIIIIIIA1IIIIIIIIIIIIIII
IIIIIIIIIIIIIIIIIIIIIIIIIIIIIIIIIIIIIIIIIIIIIIIAIIIIIIIIIIIIIIII
IIIIIIIIIIIIAIIIIIIIIIIIIIIIIIIIIIIIIIIIIIIIIIIAIIIIIIIIIIIIIIII
IIIIIIIIIIIIAIIIIAIIIIIIIIIIIIIIIIIIIIIIIIIIIIIAIIIIIIIIIIIIIIII
IIIIIIIIIIAIAIIIIAIIIIIIIIIIIIIIIIIIIIIIIIIIIIIAIIIIIIIIIIIIIIII
IIIIIIIIIIAAAIIIIAIIIIIIIIIIIIIIIIIIIIIIIIIIIIIAIIIIIIIIIIIIIIII
IIIIIIIIIIAAA2IIIAIIIIIIIIIIIIIIIIIIIIIIIIIIIIIAIIIIIIIIIIIIIIII
IIIIIIIIIIIIA11IIIIIIIIIIIIIIIIIIIIIIIIIIIIIIIIIIIIIIIIIIIIIIIII
IIIIIIIIIIIIA1I2IIII2IIIIIIIIIIIIIIIIIIIIIIIIIIIIIIIIIIIIIIIIIII
IIIIIIIIIIIIA2IIIIIIIIIIIIIIIIIIIIIIIIIIIIIIIIIIIIIIIIIIIIIIIIII
IIIIIIIIIIIIIIIIIIIIIIIIIIIIIIIIIIIIIIIIIIIIIIIA2IIIIIIIIIIIIIII
IIIIIIIIIIIIIIIIIA2IIIIIIIIIIIIIIIIIIIIIIIIIIIIA2IIIIIIIIIIIIIII
IIIIIIIIIA2IIIIIIA2IIIIIIIIIIIIIIIIIIIIIIIIIIIIA2IIIIIIIIIIIIIII
IIIIA2IIIA2IIIIIIA2IIIIIIIIIIIIIIIIIIIIIIIIIIIIA2IIIIIIIIIIIIIII
IIIAA2IIIA2IIIIIIA2IIIIIIIIIIIIIIIIIIIIIIIIIIIIA2IIIIIIIIIIIIIII
IIIIIIIIIIIIA1IIIIIIIIIIIIIIIIIIIIIIIIIIIIIIIIIIIIIIIIIIIIIIIIII
IIIIIIIIIIIIIIIIIIIIIIIIIIIIIIIIIIIIIIIIIIIIIIIA1IIIIIIIIIIIIIII
IIIIIIIIIIIIA1IIIIIIIIIIIIIIIIIIIIIIIIIIIIIIIIIA1IIIIIIIIIIIIIII
IIIIIIIIIIIIA1IIIA1IIIIIIIIIIIIIIIIIIIIIIIIIIIIA1IIIIIIIIIIIIIII
IIIIIIIIA1IIA1IIIA1IIIIIIIIIIIIIIIIIIIIIIIIIIIIA1IIIIIIIIIIIIIII
IIIIA1IIA1IIA1IIIA1IIIIIIIIIIIIIIIIIIIIIIIIIIIIA1IIIIIIIIIIIIIII
IIIIA1IIAA1IA1IIIA1IIIIIIIIIIIIIIIIIIIIIIIIIIIIA1IIIIIIIIIIIIIII
IIIIA1IIAA1AA1IIIA1IIIIIIIIIIIIIIIIIIIIIIIIIIIIA1IIIIIIIIIIIIIII
IIIIA1IIAAAAA1IIIA1IIIIIIIIIIIIIIIIIIIIIIIIIIIIA1IIIIIIIIIIIIIII
IIIAA1IIAAAAA1IIIA1IIIIIIIIIIIIIIIIIIIIIIIIIIIIA1IIIIIIIIIIIIIII
IIIIIIIIIIIIIIIIIIIIIIIIIIIIIIIIIIIIIIIIIIIIIIIAIIIIIIIIIIIIIIII
IIIIIIIIIIIIIIIIIA2IIIIIIIIIIIIIIIIIIIIIIIIIIIIAIIIIIIIIIIIIIIII
IIIIIIIIA2IIIIIIIA2IIIIIIIIIIIIIIIIIIIIIIIIIIIIAIIIIIIIIIIIIIIII
IIIIA2IIA2IIIIIIIA2IIIIIIIIIIIIIIIIIIIIIIIIIIIIAIIIIIIIIIIIIIIII
IIIIA2IIAA2IIIIIIA2IIIIIIIIIIIIIIIIIIIIIIIIIIIIAIIIIIIIIIIIIIIII
IIIIA2IIAA2A2IIIIA2IIIIIIIIIIIIIIIIIIIIIIIIIIIIAIIIIIIIIIIIIIIII
IIIIA2IIAAAA2IIIIA2IIIIIIIIIIIIIIIIIIIIIIIIIIIIAIIIIIIIIIIIIIIII
IIIAA2IIAAAA2IIIIA2IIIIIIIIIIIIIIIIIIIIIIIIIIIIAIIIIIIIIIIIIIIII
IIIIIIIIIIIIA2IIIIIIIIIIIIIIIIIIIIIIIIIIIIIIIIIIIIIIIIIIIIIIIIII
IIIIIIIIIIIIA12IIIIIIIIIIIIIIIIIIIIIIIIIIIIIIIIIIIIIIIIIIIIIIIII
IIIIIIIIIIIIAIIIIIIIIIIIIIIIIIIIIIIIIIIIIIIIIIIIIIIIIIIIIIIIIIII
IIIIIIIIAIIIAIIIIIIIIIIIIIIIIIIIIIIIIIIIIIIIIIIIIIIIIIIIIIIIIIII
IIIIAIIIAIIIAIIIIIIIIIIIIIIIIIIIIIIIIIIIIIIIIIIIIIIIIIIIIIIIIIII
IIIIAIIIAAIIAIIIIIIIIIIIIIIIIIIIIIIIIIIIIIIIIIIIIIIIIIIIIIIIIIII
IIIIAIIIAAIAAIIIIIIIIIIIIIIIIIIIIIIIIIIIIIIIIIIIIIIIIIIIIIIIIIII
IIIIAIIIAAAAAIIIIIIIIIIIIIIIIIIIIIIIIIIIIIIIIIIIIIIIIIIIIIIIIIII
IIIIIIIIIIIIIIIIIIIIIIIIIIIIIIIIIIIIIIIIIIIIIIIA1IIIIIIIIIIIIIII
IIIIIIIIIIIIIIIIIA1IIIIIIIIIIIIIIIIIIIIIIIIIIIIA1IIIIIIIIIIIIIII
IIIIIIIIA1IIIIIIIA1IIIIIIIIIIIIIIIIIIIIIIIIIIIIA1IIIIIIIIIIIIIII
IIIIA1IIA1IIIIIIIA1IIIIIIIIIIIIIIIIIIIIIIIIIIIIA1IIIIIIIIIIIIIII
IIIIA1IIAA1IIIIIIA1IIIIIIIIIIIIIIIIIIIIIIIIIIIIA1IIIIIIIIIIIIIII
IIIIA1IIAA1A1IIIIA1IIIIIIIIIIIIIIIIIIIIIIIIIIIIA1IIIIIIIIIIIIIII
IIIIA1IIAAAA1IIIIA1IIIIIIIIIIIIIIIIIIIIIIIIIIIIA1IIIIIIIIIIIIIII
IIIAA1IIAAAA1IIIIA1IIIIIIIIIIIIIIIIIIIIIIIIIIIIA1IIIIIIIIIIIIIII
IIIIIIIIAIIIIIIIIIIIIIIIIIIIIIIIIIIIIIIIIIIIIIIIIIIIIIIIIIIIIIII
IIIIAIIIAIIIIIIIIIIIIIIIIIIIIIIIIIIIIIIIIIIIIIIIIIIIIIIIIIIIIIII
IIIIAIIIAAIIIIIIIIIIIIIIIIIIIIIIIIIIIIIIIIIIIIIIIIIIIIIIIIIIIIII
IIIIAIIIAAIAIIIIIIIIIIIIIIIIIIIIIIIIIIIIIIIIIIIIIIIIIIIIIIIIIIII
IIIIAIIIAAAAIIIIIIIIIIIIIIIIIIIIIIIIIIIIIIIIIIIIIIIIIIIIIIIIIIII
IIIAAIIIAAAAIIIIIIIIIIIIIIIIIIIIIIIIIIIIIIIIIIIIIIIIIIIIIIIIIIII
IIIIIIIIIIIIA12IIIIIIIIIIIIIIIIIIIIIIIIIIIIIIIIIIIIIIIIIIIIIIIII
IIIIIIIIA12IIIIIIIIIIIIIIIIIIIIIIIIIIIIIIIIIIIIIIIIIIIIIIIIIIIII
IIIIA12IA12IIIIIIIIIIIIIIIIIIIIIIIIIIIIIIIIIIIIIIIIIIIIIIIIIIIII
IIIIA12IAA12IIIIIIIIIIIIIIIIIIIIIIIIIIIIIIIIIIIIIIIIIIIIIIIIIIII
IIIIA12IAA1A12IIIIIIIIIIIIIIIIIIIIIIIIIIIIIIIIIIIIIIIIIIIIIIIIII
IIIIA12IAAAA12IIIIIIIIIIIIIIIIIIIIIIIIIIIIIIIIIIIIIIIIIIIIIIIIII
IIIAA12IAAAA12IIIIIIIIIIIIIIIIIIIIIIIIIIIIIIIIIIIIIIIIIIIIIIIIII
IIIAA12IAAAAA2IIIIIIIIIIIIIIIIIIIIIIIIIIIIIIIIIIIIIIIIIIIIIIIIII
IIIAA12IAAAAA2IIIIIIIIIIIIIIIIIIIIIIIIIIIIIIIIIAIIIIIIIIIIIIIIII
IIIAA12IAAAAA2IIIAIIIIIIIIIIIIIIIIIIIIIIIIIIIIIAIIIIIIIIIIIIIIII
IIIAA12IAAAAA1IIIAIIIIIIIIIIIIIIIIIIIIIIIIIIIIIAIIIIIIIIIIIIIIII
IIIAA12IAAAAA1IIIAIIIIIIIIIIIIIIIIIIIIIIIIIIIIIA1IIIIIIIIIIIIIII
IIIAA12IAAAAA1IIIA1IIIIIIIIIIIIIIIIIIIIIIIIIIIIA1IIIIIIIIIIIIIII
IIIIIIIIIIIIIIIIIIIIIIIIIIIIIIIIIIIIIIIIIIIIIIIAIIIIIIIIIIIIIIII
IIIIIIIIIIIIIIIIIAIIIIIIIIIIIIIIIIIIIIIIIIIIIIIAIIIIIIIIIIIIIIII
IIIIIIIIAIIIIIIIIAIIIIIIIIIIIIIIIIIIIIIIIIIIIIIAIIIIIIIIIIIIIIII
IIIIAIIIAIIIIIIIIAIIIIIIIIIIIIIIIIIIIIIIIIIIIIIAIIIIIIIIIIIIIIII
IIIIAIIIAAIIIIIIIAIIIIIIIIIIIIIIIIIIIIIIIIIIIIIAIIIIIIIIIIIIIIII
IIIIAIIIAAIAIIIIIAIIIIIIIIIIIIIIIIIIIIIIIIIIIIIAIIIIIIIIIIIIIIII
IIIIAIIIAAAAIIIIIAIIIIIIIIIIIIIIIIIIIIIIIIIIIIIAIIIIIIIIIIIIIIII
IIIIA1IIAAAAIIIIIAIIIIIIIIIIIIIIIIIIIIIIIIIIIIIAIIIIIIIIIIIIIIII
IIIAA1IIAAAAIIIIIAIIIIIIIIIIIIIIIIIIIIIIIIIIIIIAIIIIIIIIIIIIIIII
IIIIIIIIIIIIAIIIIIIIIIIIIIIIIIIIIIIIIIIIIIIIIIIIIIIIIIIIIIIIIIII
IIIIIIIIA1IIIIIIIIIIIIIIIIIIIIIIIIIIIIIIIIIIIIIIIIIIIIIIIIIIIIII
IIIIA1IIA1IIIIIIIIIIIIIIIIIIIIIIIIIIIIIIIIIIIIIIIIIIIIIIIIIIIIII
IIIIA1IIAA1IIIIIIIIIIIIIIIIIIIIIIIIIIIIIIIIIIIIIIIIIIIIIIIIIIIII
IIIIA1IIAA1A1IIIIIIIIIIIIIIIIIIIIIIIIIIIIIIIIIIIIIIIIIIIIIIIIIII
IIIIA1IIAAAA1IIIIIIIIIIIIIIIIIIIIIIIIIIIIIIIIIIIIIIIIIIIIIIIIIII
IIIAA1IIAAAA1IIIIIIIIIIIIIIIIIIIIIIIIIIIIIIIIIIIIIIIIIIIIIIIIIII
IIIAA1IIAAAAAIIIIIIIIIIIIIIIIIIIIIIIIIIIIIIIIIIIIIIIIIIIIIIIIIII
IIIIIIIIIIIIA12IIIIIIIIIIIIIIIIIIIIIIIIIIIIIIIIIIIIIIIIIIIIIIIII
IIIIIIIIAI2I2IIIIIIIIIIIIIIIIIIIIIIIIIIIIIIIIIIIIIIIIIIIIIIIIIII
IIIIAI2IAI2I2IIIIIIIIIIIIIIIIIIIIIIIIIIIIIIIIIIIIIIIIIIIIIIIIIII
IIIIAI2IAA2222IIIIIIIIIIIIIIIIIIIIIIIIIIIIIIIIIIIIIIIIIIIIIIIIII
IIIIAI2IAA2A22I2IIIIIIIIIIIIIIIIIIIIIIIIIIIIIIIIIIIIIIIIIIIIIIII
IIIIAI2IAAAA2222IIIIIIIIIIIIIIIIIIIIIIIIIIIIIIIIIIIIIIIIIIIIIIII
IIIAA222AAAA2222IIIIIIIIIIIIIIIIIIIIIIIIIIIIIIIIIIIIIIIIIIIIIIII
IIIAA122AAAA2222IIIIIIIIIIIIIIIIIIIIIIIIIIIIIIIIIIIIIIIIIIIIIIII
IIIAA122AAAA1222IIIIIIIIIIIIIIIIIIIIIIIIIIIIIIIIIIIIIIIIIIIIIIII
IIIAA122AAAAA122IIIIIIIIIIIIIIIIIIIIIIIIIIIIIIIIIIIIIIIIIIIIIIII
IIIIIIIIIIIIAIIIIIIIIIIIIIIIIIIIIIIIIIIIIIIIIIIIIIIIIIIIIIIIIIII
IIIIIIIIIIIIA1IIIIIIIIIIIIIIIIIIIIIIIIIIIIIIIIIIIIIIIIIIIIIIIIII
IIIIIIIIAIIIA1IIIIIIIIIIIIIIIIIIIIIIIIIIIIIIIIIIIIIIIIIIIIIIIIII
IIIIAIIIAIIIA1IIIIIIIIIIIIIIIIIIIIIIIIIIIIIIIIIIIIIIIIIIIIIIIIII
IIIIAIIIAAIIA1IIIIIIIIIIIIIIIIIIIIIIIIIIIIIIIIIIIIIIIIIIIIIIIIII
IIIIAIIIAAIAA1IIIIIIIIIIIIIIIIIIIIIIIIIIIIIIIIIIIIIIIIIIIIIIIIII
IIIIAIIIAAAAA1IIIIIIIIIIIIIIIIIIIIIIIIIIIIIIIIIIIIIIIIIIIIIIIIII
IIIAAIIIAAAAA1IIIIIIIIIIIIIIIIIIIIIIIIIIIIIIIIIIIIIIIIIIIIIIIIII
IIIIIIIIIIIIA1IIIIIIIIIIIIIIIIIIIIIIIIIIIIIIIIIIIIIIIIIIIIIIIIII
IIIIIIIIAIIIIIIIIIIIIIIIIIIIIIIIIIIIIIIIIIIIIIIIIIIIIIIIIIIIIIII
IIIIAIIIAIIIIIIIIIIIIIIIIIIIIIIIIIIIIIIIIIIIIIIIIIIIIIIIIIIIIIII
IIIIAIIIAAIIIIIIIIIIIIIIIIIIIIIIIIIIIIIIIIIIIIIIIIIIIIIIIIIIIIII
IIIIAIIIAAIAIIIIIIIIIIIIIIIIIIIIIIIIIIIIIIIIIIIIIIIIIIIIIIIIIIII
IIIIAIIIAAAAIIIIIIIIIIIIIIIIIIIIIIIIIIIIIIIIIIIIIIIIIIIIIIIIIIII
IIIAAIIIAAAAIIIIIIIIIIIIIIIIIIIIIIIIIIIIIIIIIIIIIIIIIIIIIIIIIIII
IIIIIIIIIIIIA1IIIIIIIIIIIIIIIIIIIIIIIIIIIIIIIIIIIIIIIIIIIIIIIIII
IIIIIIIIA1IIA1IIIIIIIIIIIIIIIIIIIIIIIIIIIIIIIIIIIIIIIIIIIIIIIIII
IIIIA1IIA1IIA1IIIIIIIIIIIIIIIIIIIIIIIIIIIIIIIIIIIIIIIIIIIIIIIIII
IIIIA1IIAA1IA1IIIIIIIIIIIIIIIIIIIIIIIIIIIIIIIIIIIIIIIIIIIIIIIIII
IIIIA1IIAA1AA1IIIIIIIIIIIIIIIIIIIIIIIIIIIIIIIIIIIIIIIIIIIIIIIIII
IIIIA1IIAAAAA1IIIIIIIIIIIIIIIIIIIIIIIIIIIIIIIIIIIIIIIIIIIIIIIIII
IIIIA12IAAAAA1IIIIIIIIIIIIIIIIIIIIIIIIIIIIIIIIIIIIIIIIIIIIIIIIII
IIIAA12IAAAAA1IIIIIIIIIIIIIIIIIIIIIIIIIIIIIIIIIIIIIIIIIIIIIIIIII
IIIIIIIIIIIIAI2IIIIIIIIIIIIIIIIIIIIIIIIIIIIIIIIIIIIIIIIIIIIIIIII
IIIIIIIIIIIIA1IIIIIIIIIIIIIIIIIIIIIIIIIIIIIIIIIIIIIIIIIIIIIIIIII
IIIIIIIIIIIIAIIIIIIIIIIIIIIIIIIIIIIIIIIIIIIIIIIIIIIIIIIIIIIIIIII
IIIIIIIIAIIIAIIIIIIIIIIIIIIIIIIIIIIIIIIIIIIIIIIIIIIIIIIIIIIIIIII
IIIIAIIIAIIIAIIIIIIIIIIIIIIIIIIIIIIIIIIIIIIIIIIIIIIIIIIIIIIIIIII
IIIIAIIIAAIIAIIIIIIIIIIIIIIIIIIIIIIIIIIIIIIIIIIIIIIIIIIIIIIIIIII
IIIIAIIIAAIAAIIIIIIIIIIIIIIIIIIIIIIIIIIIIIIIIIIIIIIIIIIIIIIIIIII
IIIIAIIIAAAAAIIIIIIIIIIIIIIIIIIIIIIIIIIIIIIIIIIIIIIIIIIIIIIIIIII
IIIAAIIIAAAAAIIIIIIIIIIIIIIIIIIIIIIIIIIIIIIIIIIIIIIIIIIIIIIIIIII
IIIIIIIIIIIIA12IIIIIIIIIIIIIIIIIIIIIIIIIIIIIIIIIIIIIIIIIIIIIIIII
IIIIIIIIIIIIAIIIIIIIIIIIIIIIIIIIIIIIIIIIIIIIIIIIIIIIIIIIIIIIIIII
IIIIIIIIA1IIAIIIIIIIIIIIIIIIIIIIIIIIIIIIIIIIIIIIIIIIIIIIIIIIIIII
IIIIA1IIA1IIAIIIIIIIIIIIIIIIIIIIIIIIIIIIIIIIIIIIIIIIIIIIIIIIIIII
IIIIA1IIAA1IAIIIIIIIIIIIIIIIIIIIIIIIIIIIIIIIIIIIIIIIIIIIIIIIIIII
IIIIA1IIAA1AAIIIIIIIIIIIIIIIIIIIIIIIIIIIIIIIIIIIIIIIIIIIIIIIIIII
IIIIA1IIAAAAAIIIIIIIIIIIIIIIIIIIIIIIIIIIIIIIIIIIIIIIIIIIIIIIIIII
IIIAA1IIAAAAAIIIIIIIIIIIIIIIIIIIIIIIIIIIIIIIIIIIIIIIIIIIIIIIIIII
IIIAA1IIAAAAA1IIIIIIIIIIIIIIIIIIIIIIIIIIIIIIIIIIIIIIIIIIIIIIIIII
IIIIIIIIIIIIIIIIIIIIIIIIIIIIIIIIIIIIIIIIIIIIIIIA1IIIIIIIIIIIIIII
IIIIIIIIIIIIIIIIIA1IIIIIIIIIIIIIIIIIIIIIIIIIIIIA1IIIIIIIIIIIIIII
IIIIIIIIAIIIIIIIIA1IIIIIIIIIIIIIIIIIIIIIIIIIIIIA1IIIIIIIIIIIIIII
IIIIAIIIAIIIIIIIIA1IIIIIIIIIIIIIIIIIIIIIIIIIIIIA1IIIIIIIIIIIIIII
IIIIAIIIAAIIIIIIIA1IIIIIIIIIIIIIIIIIIIIIIIIIIIIA1IIIIIIIIIIIIIII
IIIIAIIIAAIAIIIIIA1IIIIIIIIIIIIIIIIIIIIIIIIIIIIA1IIIIIIIIIIIIIII
IIIIAIIIAAAAIIIIIA1IIIIIIIIIIIIIIIIIIIIIIIIIIIIA1IIIIIIIIIIIIIII
IIIAAIIIAAAAIIIIIA1IIIIIIIIIIIIIIIIIIIIIIIIIIIIA1IIIIIIIIIIIIIII
IIIAAIIIAAAAA1IIIA1IIIIIIIIIIIIIIIIIIIIIIIIIIIIA1IIIIIIIIIIIIIII
IIIAA1IIAAAAA1IIIA1IIIIIIIIIIIIIIIIIIIIIIIIIIIIA1IIIIIIIIIIIIIII
IIIIIIIIIIIIA1IIIIIIIIIIIIIIIIIIIIIIIIIIIIIIIIIIIIIIIIIIIIIIIIII
IIIIIIIIIIIIIIIIIIIIIIIIIIIIIIIIIIIIIIIIIIIIIIIA1IIIIIIIIIIIIIII
IIIIIIIIIIIIAI2IIIIIIIIIIIIIIIIIIIIIIIIIIIIIIIIA1IIIIIIIIIIIIIII
IIIIIIIIIIIIAI2IIAI2IIIIIIIIIIIIIIIIIIIIIIIIIIIA1IIIIIIIIIIIIIII
IIIIIIIIIIIIA1I2IIIIIIIIIIIIIIIIIIIIIIIIIIIIIIIIIIIIIIIIIIIIIIII
IIIIIIIIIIIIA1121I1I1I1I1I1IIIIIIIIIIIIIIIIIIIIIIIIIIIIIIIIIIIII
IIIIIIIIIIIIA2IIIIIIIIIIIIIIIIIIIIIIIIIIIIIIIIIIIIIIIIIIIIIIIIII
IIIIIIIIIAI1A1111IIIIIIIIIIIIIIIIIIIIIIIIIIIIIIIIIIIIIIIIIIIIIII
IIIIAI1I1A11A1111IIIIIIIIIIIIIIIIIIIIIIIIIIIIIIIIIIIIIIIIIIIIIII
IIIAAI1I1A11A1111IIIIIIIIIIIIIIIIIIIIIIIIIIIIIIIIIIIIIIIIIIIIIII
IIIAAI1IAA11A1111IIIIIIIIIIIIIIIIIIIIIIIIIIIIIIIIIIIIIIIIIIIIIII
IIIAAI1IAA11A111111IIIIIIIIIIIIIIIIIIIIIIIIIIIIIIIIIIIIIIIIIIIII
IIIAAI1IAA1AA1111111IIIIIIIIIIIIIIIIIIIIIIIIIIIIIIIIIIIIIIIIIIII
IIIAAI1IAAAAA1111111IIIIIIIIIIIIIIIIIIIIIIIIIIIIIIIIIIIIIIIIIIII
IIIAA11IAAAAA1111111IIIIIIIIIIIIIIIIIIIIIIIIIIIIIIIIIIIIIIIIIIII
IIIIIIIIIIIIIIIIIIIIIIIIIIIIIIIIIIIIIIIIIIIIIIIA1IIIIIIIIIIIIIII
IIIIIIIIIIIIIIIIIA1IIIIIIIIIIIIIIIIIIIIIIIIIIIIA1IIIIIIIIIIIIIII
IIIIIIIIA1IIIIIIIA1IIIIIIIIIIIIIIIIIIIIIIIIIIIIA1IIIIIIIIIIIIIII
IIIIA1IIA1IIIIIIIA1IIIIIIIIIIIIIIIIIIIIIIIIIIIIA1IIIIIIIIIIIIIII
IIIIA1IIAA1IIIIIIA1IIIIIIIIIIIIIIIIIIIIIIIIIIIIA1IIIIIIIIIIIIIII
IIIIA1IIAA1A1IIIIA1IIIIIIIIIIIIIIIIIIIIIIIIIIIIA1IIIIIIIIIIIIIII
IIIIA1IIAAAA1IIIIA1IIIIIIIIIIIIIIIIIIIIIIIIIIIIA1IIIIIIIIIIIIIII
IIIAA1IIAAAA1IIIIA1IIIIIIIIIIIIIIIIIIIIIIIIIIIIA1IIIIIIIIIIIIIII
IIIAA1IIAAAAAIIIIA1IIIIIIIIIIIIIIIIIIIIIIIIIIIIA1IIIIIIIIIIIIIII
IIIIIIIIIIIIA1IIIIIIIIIIIIIIIIIIIIIIIIIIIIIIIIIIIIIIIIIIIIIIIIII
IIIIIIIIAIIIIIIIIIIIIIIIIIIIIIIIIIIIIIIIIIIIIIIIIIIIIIIIIIIIIIII
IIIIAIIIAIIIIIIIIIIIIIIIIIIIIIIIIIIIIIIIIIIIIIIIIIIIIIIIIIIIIIII
IIIIAIIIAAIIIIIIIIIIIIIIIIIIIIIIIIIIIIIIIIIIIIIIIIIIIIIIIIIIIIII
IIIIAIIIAAIAIIIIIIIIIIIIIIIIIIIIIIIIIIIIIIIIIIIIIIIIIIIIIIIIIIII
IIIIAIIIAAAAIIIIIIIIIIIIIIIIIIIIIIIIIIIIIIIIIIIIIIIIIIIIIIIIIIII
IIIAAIIIAAAAIIIIIIIIIIIIIIIIIIIIIIIIIIIIIIIIIIIIIIIIIIIIIIIIIIII
IIIAA12IAAAAIIIIIIIIIIIIIIIIIIIIIIIIIIIIIIIIIIIIIIIIIIIIIIIIIIII
IIIAA12IAAAAA12IIIIIIIIIIIIIIIIIIIIIIIIIIIIIIIIIIIIIIIIIIIIIIIII
IIIAA12IAAAAA12IIIIIIIIIIIIIIIIIIIIIIIIIIIIIIIIA12IIIIIIIIIIIIII
IIIAA12IAAAAA12IIA12IIIIIIIIIIIIIIIIIIIIIIIIIIIA12IIIIIIIIIIIIII
IIIIIIIIIIIIA1IIIIIIIIIIIIIIIIIIIIIIIIIIIIIIIIIIIIIIIIIIIIIIIIII
IIIIIIIIAIIIIIIIIIIIIIIIIIIIIIIIIIIIIIIIIIIIIIIIIIIIIIIIIIIIIIII
IIIIAIIIAIIIIIIIIIIIIIIIIIIIIIIIIIIIIIIIIIIIIIIIIIIIIIIIIIIIIIII
IIIIAIIIAAIIIIIIIIIIIIIIIIIIIIIIIIIIIIIIIIIIIIIIIIIIIIIIIIIIIIII
IIIIAIIIAAIAIIIIIIIIIIIIIIIIIIIIIIIIIIIIIIIIIIIIIIIIIIIIIIIIIIII
IIIIAIIIAAAAIIIIIIIIIIIIIIIIIIIIIIIIIIIIIIIIIIIIIIIIIIIIIIIIIIII
IIIAAIIIAAAAIIIIIIIIIIIIIIIIIIIIIIIIIIIIIIIIIIIIIIIIIIIIIIIIIIII
IIIAAIIIAAAAIIIIIIIIIIIIIIIIIIIIIIIIIIIIIIIIIIIA1IIIIIIIIIIIIIII
IIIAAIIIAAAAA1IIIIIIIIIIIIIIIIIIIIIIIIIIIIIIIIIA1IIIIIIIIIIIIIII
IIIAAIIIAAAAA1IIIA1IIIIIIIIIIIIIIIIIIIIIIIIIIIIA1IIIIIIIIIIIIIII
IIIAA1IIAAAAA1IIIA1IIIIIIIIIIIIIIIIIIIIIIIIIIIIA1IIIIIIIIIIIIIII
IIIIIIIIIIA1IIIIIIIIIIIIIIIIIIIIIIIIIIIIIIIIIIIIIIIIIIIIIIIIIIII
IIIIIIIIIIAA1IIIIIIIIIIIIIIIIIIIIIIIIIIIIIIIIIIIIIIIIIIIIIIIIIII
IIIIIIIIIIAAAIIIIIIIIIIIIIIIIIIIIIIIIIIIIIIIIIIIIIIIIIIIIIIIIIII
IIIIIIIIIIAAAI1I1I1I1I1I1I1IIIIIIIIIIIIIIIIIIIIIIIIIIIIIIIIIIIII
IIIIIIIIIIIIIIIIIIIIIIIIIIIIIIIIIIIIIIIIIIIIIIIA1IIIIIIIIIIIIIII
IIIIIIIIIIIIIIIIIA1IIIIIIIIIIIIIIIIIIIIIIIIIIIIA1IIIIIIIIIIIIIII
IIIIIIIIIIIIIIIIIIIIIIIIIIIIIIIIIIIIIIIIIIIIIIIAIIIIIIIIIIIIIIII
IIIIIIIIIIIIAIIIIIIIIIIIIIIIIIIIIIIIIIIIIIIIIIIAIIIIIIIIIIIIIIII
IIIIIIIIIIIIAIIIIAIIIIIIIIIIIIIIIIIIIIIIIIIIIIIAIIIIIIIIIIIIIIII
IIIIIIIIIAIIAIIIIAIIIIIIIIIIIIIIIIIIIIIIIIIIIIIAIIIIIIIIIIIIIIII
IIIIAIIIIAIIAIIIIAIIIIIIIIIIIIIIIIIIIIIIIIIIIIIAIIIIIIIIIIIIIIII
IIIAAIIIIAIIAIIIIAIIIIIIIIIIIIIIIIIIIIIIIIIIIIIAIIIIIIIIIIIIIIII
IIIAAIIIAAIIAIIIIAIIIIIIIIIIIIIIIIIIIIIIIIIIIIIAIIIIIIIIIIIIIIII
IIIAAIIIAAIAAIIIIAIIIIIIIIIIIIIIIIIIIIIIIIIIIIIAIIIIIIIIIIIIIIII
IIIAAIIIAAAAAIIIIAIIIIIIIIIIIIIIIIIIIIIIIIIIIIIAIIIIIIIIIIIIIIII
IIIAA2IIAAAAAIIIIAIIIIIIIIIIIIIIIIIIIIIIIIIIIIIAIIIIIIIIIIIIIIII
IIIIIIIIIIIIIIIIIIIIIIIIIIIIIIIIIIIIIIIIIIIIIIIA2IIIIIIIIIIIIIII
IIIIIIIIIIIIIIIIIA2IIIIIIIIIIIIIIIIIIIIIIIIIIIIA2IIIIIIIIIIIIIII
IIIIIIIIA2IIIIIIIA2IIIIIIIIIIIIIIIIIIIIIIIIIIIIA2IIIIIIIIIIIIIII
IIIIA2IIA2IIIIIIIA2IIIIIIIIIIIIIIIIIIIIIIIIIIIIA2IIIIIIIIIIIIIII
IIIIA2IIAA2IIIIIIA2IIIIIIIIIIIIIIIIIIIIIIIIIIIIA2IIIIIIIIIIIIIII
IIIIA2IIAA2A2IIIIA2IIIIIIIIIIIIIIIIIIIIIIIIIIIIA2IIIIIIIIIIIIIII
IIIIA2IIAAAA2IIIIA2IIIIIIIIIIIIIIIIIIIIIIIIIIIIA2IIIIIIIIIIIIIII
IIIAA2IIAAAA2IIIIA2IIIIIIIIIIIIIIIIIIIIIIIIIIIIA2IIIIIIIIIIIIIII
IIIAA2IIAAAAA1IIIA2IIIIIIIIIIIIIIIIIIIIIIIIIIIIA2IIIIIIIIIIIIIII
IIIAA1IIAAAAA1IIIA2IIIIIIIIIIIIIIIIIIIIIIIIIIIIA2IIIIIIIIIIIIIII
IIIIIIIIIIIIIIIIIIIIIIIIIIIIIIIIIIIIIIIIIIIIIIIA1IIIIIIIIIIIIIII
IIIIIIIIIIIIIIIIIA1IIIIIIIIIIIIIIIIIIIIIIIIIIIIA1IIIIIIIIIIIIIII
IIIIIIIIA1IIIIIIIA1IIIIIIIIIIIIIIIIIIIIIIIIIIIIA1IIIIIIIIIIIIIII
IIIIA1IIA1IIIIIIIA1IIIIIIIIIIIIIIIIIIIIIIIIIIIIA1IIIIIIIIIIIIIII
IIIIA1IIAA1IIIIIIA1IIIIIIIIIIIIIIIIIIIIIIIIIIIIA1IIIIIIIIIIIIIII
IIIIA1IIAA1A1IIIIA1IIIIIIIIIIIIIIIIIIIIIIIIIIIIA1IIIIIIIIIIIIIII
IIIIA1IIAAAA1IIIIA1IIIIIIIIIIIIIIIIIIIIIIIIIIIIA1IIIIIIIIIIIIIII
IIIAA1IIAAAA1IIIIA1IIIIIIIIIIIIIIIIIIIIIIIIIIIIA1IIIIIIIIIIIIIII
IIIAA1IIAAAAAIIIIA1IIIIIIIIIIIIIIIIIIIIIIIIIIIIA1IIIIIIIIIIIIIII
IIIIIIIIIIIIA1IIIIIIIIIIIIIIIIIIIIIIIIIIIIIIIIIIIIIIIIIIIIIIIIII
IIIIIIIIIIIIAIIIIIIIIIIIIIIIIIIIIIIIIIIIIIIIIIIIIIIIIIIIIIIIIIII
IIIIIIIIAIIIAIIIIIIIIIIIIIIIIIIIIIIIIIIIIIIIIIIIIIIIIIIIIIIIIIII
IIIIAIIIAIIIAIIIIIIIIIIIIIIIIIIIIIIIIIIIIIIIIIIIIIIIIIIIIIIIIIII
IIIIAIIIAAIIAIIIIIIIIIIIIIIIIIIIIIIIIIIIIIIIIIIIIIIIIIIIIIIIIIII
IIIIAIIIAAIAAIIIIIIIIIIIIIIIIIIIIIIIIIIIIIIIIIIIIIIIIIIIIIIIIIII
IIIIAIIIAAAAAIIIIIIIIIIIIIIIIIIIIIIIIIIIIIIIIIIIIIIIIIIIIIIIIIII
IIIIA1IIAAAAAIIIIIIIIIIIIIIIIIIIIIIIIIIIIIIIIIIIIIIIIIIIIIIIIIII
IIIAA1IIAAAAAIIIIIIIIIIIIIIIIIIIIIIIIIIIIIIIIIIIIIIIIIIIIIIIIIII
IIIAA1IIAAAAA1IIIIIIIIIIIIIIIIIIIIIIIIIIIIIIIIIIIIIIIIIIIIIIIIII
IIIIIIIIIIIIIIIIIIIIIIIIIIIIIIIIIIIIIIIIIIIIIIIAIIIIIIIIIIIIIIII
IIIIIIIIIIIIIIIIIAIIIIIIIIIIIIIIIIIIIIIIIIIIIIIAIIIIIIIIIIIIIIII
IIIIIIIIAIIIIIIIIAIIIIIIIIIIIIIIIIIIIIIIIIIIIIIAIIIIIIIIIIIIIIII
IIIIAIIIAIIIIIIIIAIIIIIIIIIIIIIIIIIIIIIIIIIIIIIAIIIIIIIIIIIIIIII
IIIIAIIIAAIIIIIIIAIIIIIIIIIIIIIIIIIIIIIIIIIIIIIAIIIIIIIIIIIIIIII
IIIIAIIIAAIAIIIIIAIIIIIIIIIIIIIIIIIIIIIIIIIIIIIAIIIIIIIIIIIIIIII
IIIIAIIIAAAAIIIIIAIIIIIIIIIIIIIIIIIIIIIIIIIIIIIAIIIIIIIIIIIIIIII
IIIAAIIIAAAAIIIIIAIIIIIIIIIIIIIIIIIIIIIIIIIIIIIAIIIIIIIIIIIIIIII
IIIAAIIIAAAAAIIIIAIIIIIIIIIIIIIIIIIIIIIIIIIIIIIAIIIIIIIIIIIIIIII
IIIAA1IIAAAAAIIIIAIIIIIIIIIIIIIIIIIIIIIIIIIIIIIAIIIIIIIIIIIIIIII
IIIAA1IIAAAAAIIIIAIIIIIIIIIIIIIIIIIIIIIIIIIIIIIA1IIIIIIIIIIIIIII
IIIAA1IIAAAAAIIIIA1IIIIIIIIIIIIIIIIIIIIIIIIIIIIA1IIIIIIIIIIIIIII
IIIIIIIIIIIIIIIIIIIIIIIIIIIIIIIIIIIIIIIIIIIIIIIA1IIIIIIIIIIIIIII
IIIIIIIIIIIIIIIIIA1IIIIIIIIIIIIIIIIIIIIIIIIIIIIA1IIIIIIIIIIIIIII
IIIIIIIIIIIIA1IIIA1IIIIIIIIIIIIIIIIIIIIIIIIIIIIA1IIIIIIIIIIIIIII
IIIIIIIIA1IIA1IIIA1IIIIIIIIIIIIIIIIIIIIIIIIIIIIA1IIIIIIIIIIIIIII
IIIIA1IIA1IIA1IIIA1IIIIIIIIIIIIIIIIIIIIIIIIIIIIA1IIIIIIIIIIIIIII
IIIIA1IIAA1IA1IIIA1IIIIIIIIIIIIIIIIIIIIIIIIIIIIA1IIIIIIIIIIIIIII
IIIIA1IIAAA1A1IIIA1IIIIIIIIIIIIIIIIIIIIIIIIIIIIA1IIIIIIIIIIIIIII
IIIIA1IIAAAAA1IIIA1IIIIIIIIIIIIIIIIIIIIIIIIIIIIA1IIIIIIIIIIIIIII
IIIAA1IIAAAAA1IIIA1IIIIIIIIIIIIIIIIIIIIIIIIIIIIA1IIIIIIIIIIIIIII
II2AA1IIAAAAA1IIIA1IIIIIIIIIIIIIIIIIIIIIIIIIIIIA1IIIIIIIIIIIIIII
II2AA1I2AAAAA1IIIA1IIIIIIIIIIIIIIIIIIIIIIIIIIIIA1IIIIIIIIIIIIIII
IIIIIIIIIII2AIIIIIIIIIIIIIIIIIIIIIIIIIIIIIIIIIIIIIIIIIIIIIIIIIII
IIIIIIIIIIIIA1IIIIIIIIIIIIIIIIIIIIIIIIIIIIIIIIIIIIIIIIIIIIIIIIII
IIIIIIIIIIIIAI2IIIIIIIIIIIIIIIIIIIIIIIIIIIIIIIIIIIIIIIIIIIIIIIII
IIIIIIIIA122IIIIIIIIIIIIIIIIIIIIIIIIIIIIIIIIIIIIIIIIIIIIIIIIIIII
IIIIA122A122IIIIIIIIIIIIIIIIIIIIIIIIIIIIIIIIIIIIIIIIIIIIIIIIIIII
IIIIA122AA122IIIIIIIIIIIIIIIIIIIIIIIIIIIIIIIIIIIIIIIIIIIIIIIIIII
IIIIA122AA1A122IIIIIIIIIIIIIIIIIIIIIIIIIIIIIIIIIIIIIIIIIIIIIIIII
IIIIA122AAAA122IIIIIIIIIIIIIIIIIIIIIIIIIIIIIIIIIIIIIIIIIIIIIIIII
IIIAA122AAAA122IIIIIIIIIIIIIIIIIIIIIIIIIIIIIIIIIIIIIIIIIIIIIIIII
IIIAA122AAAAA122IIIIIIIIIIIIIIIIIIIIIIIIIIIIIIIIIIIIIIIIIIIIIIII
IIIAA122AAAAA122IIIIIIIIIIIIIIIIIIIIIIIIIIIIIIIAIIIIIIIIIIIIIIII
IIIAA122AAAAA122IAIIIIIIIIIIIIIIIIIIIIIIIIIIIIIAIIIIIIIIIIIIIIII
IIIIIIIIIIIIA2IIIIIIIIIIIIIIIIIIIIIIIIIIIIIIIIIIIIIIIIIIIIIIIIII
IIIIIIIIIIIIA12IIIIIIIIIIIIIIIIIIIIIIIIIIIIIIIIIIIIIIIIIIIIIIIII
IIIIIIIIIIIIAIIIIIIIIIIIIIIIIIIIIIIIIIIIIIIIIIIIIIIIIIIIIIIIIIII
IIIIIIIIAIIIAIIIIIIIIIIIIIIIIIIIIIIIIIIIIIIIIIIIIIIIIIIIIIIIIIII
IIIIAIIIAIIIAIIIIIIIIIIIIIIIIIIIIIIIIIIIIIIIIIIIIIIIIIIIIIIIIIII
IIIIAIIIAAIIAIIIIIIIIIIIIIIIIIIIIIIIIIIIIIIIIIIIIIIIIIIIIIIIIIII
IIIIAIIIAAIAAIIIIIIIIIIIIIIIIIIIIIIIIIIIIIIIIIIIIIIIIIIIIIIIIIII
IIIIAIIIAAAAAIIIIIIIIIIIIIIIIIIIIIIIIIIIIIIIIIIIIIIIIIIIIIIIIIII
IIIAAIIIAAAAAIIIIIIIIIIIIIIIIIIIIIIIIIIIIIIIIIIIIIIIIIIIIIIIIIII
IIIAA1IIAAAAAIIIIIIIIIIIIIIIIIIIIIIIIIIIIIIIIIIIIIIIIIIIIIIIIIII
IIIIIIIIIIIIIIIIIIIIIIIIIIIIIIIIIIIIIIIIIIIIIIIA1IIIIIIIIIIIIIII
IIIIIIIIIIIIIIIIIA1IIIIIIIIIIIIIIIIIIIIIIIIIIIIA1IIIIIIIIIIIIIII
IIIIIIIIA1IIIIIIIA1IIIIIIIIIIIIIIIIIIIIIIIIIIIIA1IIIIIIIIIIIIIII
IIIIA1IIA1IIIIIIIA1IIIIIIIIIIIIIIIIIIIIIIIIIIIIA1IIIIIIIIIIIIIII
IIIIA1IIAA1IIIIIIA1IIIIIIIIIIIIIIIIIIIIIIIIIIIIA1IIIIIIIIIIIIIII
IIIIA1IIAA1A1IIIIA1IIIIIIIIIIIIIIIIIIIIIIIIIIIIA1IIIIIIIIIIIIIII
IIIIA1IIAAAA1IIIIA1IIIIIIIIIIIIIIIIIIIIIIIIIIIIA1IIIIIIIIIIIIIII
IIIAA1IIAAAA1IIIIA1IIIIIIIIIIIIIIIIIIIIIIIIIIIIA1IIIIIIIIIIIIIII
IIIAA1IIAAAAAIIIIA1IIIIIIIIIIIIIIIIIIIIIIIIIIIIA1IIIIIIIIIIIIIII
IIIAA1IIAAAAA1IIIA1IIIIIIIIIIIIIIIIIIIIIIIIIIIIA1IIIIIIIIIIIIIII
IIIIIIIIIIIIIIIIIIIIIIIIIIIIIIIIIIIIIIIIIIIIIIIA1IIIIIIIIIIIIIII
IIIIIIIIIIIIIIIIIA1IIIIIIIIIIIIIIIIIIIIIIIIIIIIA1IIIIIIIIIIIIIII
IIIIIIIIA1IIIIIIIA1IIIIIIIIIIIIIIIIIIIIIIIIIIIIA1IIIIIIIIIIIIIII
IIIIA1IIA1IIIIIIIA1IIIIIIIIIIIIIIIIIIIIIIIIIIIIA1IIIIIIIIIIIIIII
IIIIA1IIAA1IIIIIIA1IIIIIIIIIIIIIIIIIIIIIIIIIIIIA1IIIIIIIIIIIIIII
IIIIA1IIAA1A1IIIIA1IIIIIIIIIIIIIIIIIIIIIIIIIIIIA1IIIIIIIIIIIIIII
IIIIA1IIAAAA1IIIIA1IIIIIIIIIIIIIIIIIIIIIIIIIIIIA1IIIIIIIIIIIIIII
IIIAA1IIAAAA1IIIIA1IIIIIIIIIIIIIIIIIIIIIIIIIIIIA1IIIIIIIIIIIIIII
IIIAA1IIAAAAA1IIIA1IIIIIIIIIIIIIIIIIIIIIIIIIIIIA1IIIIIIIIIIIIIII
IIIAA1IIAAAAA1IIIA1IIIIIIIIIIIIIIIIIIIIIIIIIII2A1IIIIIIIIIIIIIII
IIIAA1IIAAAAA1II2A1IIIIIIIIIIIIIIIIIIIIIIIIIII2A1IIIIIIIIIIIIIII
IIIAA1I2AAAAA1II2A1IIIIIIIIIIIIIIIIIIIIIIIIIII2A1IIIIIIIIIIIIIII
II2AA1I2AAAAA1II2A1IIIIIIIIIIIIIIIIIIIIIIIIIII2A1IIIIIIIIIIIIIII
IIIIIIIIIIIIA1IIIIIIIIIIIIIIIIIIIIIIIIIIIIIIIIIIIIIIIIIIIIIIIIII
IIIIIIIIAIIIA1IIIIIIIIIIIIIIIIIIIIIIIIIIIIIIIIIIIIIIIIIIIIIIIIII
IIIIAIIIAIIIA1IIIIIIIIIIIIIIIIIIIIIIIIIIIIIIIIIIIIIIIIIIIIIIIIII
IIIIAIIIAAIIA1IIIIIIIIIIIIIIIIIIIIIIIIIIIIIIIIIIIIIIIIIIIIIIIIII
IIIIAIIIAAIAA1IIIIIIIIIIIIIIIIIIIIIIIIIIIIIIIIIIIIIIIIIIIIIIIIII
IIIIAIIIAAAAA1IIIIIIIIIIIIIIIIIIIIIIIIIIIIIIIIIIIIIIIIIIIIIIIIII
IIIAAIIIAAAAA1IIIIIIIIIIIIIIIIIIIIIIIIIIIIIIIIIIIIIIIIIIIIIIIIII
IIIIIIIIIIIIAIIIIIIIIIIIIIIIIIIIIIIIIIIIIIIIIIIIIIIIIIIIIIIIIIII
IIIIIIIIIIIIAI1I1I1I1I1I1IIIIIIIIIIIIIIIIIIIIIIIIIIIIIIIIIIIIIII
IIIIIIIIIIIIAI1I1I1I1I1I1I1IIIIIIIIIIIIIIIIIIIIIIIIIIIIIIIIIIIII
IIIIIIIIIIIIAI1I1I1I1I1I1I1I1I111IIIIIIIIIIIIIIIIIIIIIIIIIIIIIII
IIIIIIIIIIIIAI1I1I1I1I1I1I1I1IIIIIIIIIIIIIIIIIIIIIIIIIIIIIIIIIII
IIIIIIIIIIIIAI1I1I1I1I1I1I1I1I11IIIIIIIIIIIIIIIIIIIIIIIIIIIIIIII
IIIIIIIIIIIIAI1I1I1I1I1I1I1I1IIIIIIIIIIIIIIIIIIIIIIIIIIIIIIIIIII
IIIIIIIIIIIIA1IIIIIIIIIIIIIIIIIIIIIIIIIIIIIIIIIIIIIIIIIIIIIIIIII
IIIIIIIIIIIIAI1I1I1I1I1I1I1IIIIIIIIIIIIIIIIIIIIIIIIIIIIIIIIIIIII
IIIIIIIIIIIIAI1I1I1I1I1I11IIIIIIIIIIIIIIIIIIIIIIIIIIIIIIIIIIIIII
IIIIIIIIIIIIA1I2I2IIIIIIIIIIIIIIIIIIIIIIIIIIIIIIIIIIIIIIIIIIIIII
IIIIIIIIA1I2A1I2I2IIIIIIIIIIIIIIIIIIIIIIIIIIIIIIIIIIIIIIIIIIIIII
IIIIA1I2A1I2A1I2I2IIIIIIIIIIIIIIIIIIIIIIIIIIIIIIIIIIIIIIIIIIIIII
IIIIA1I2AA12A122I2IIIIIIIIIIIIIIIIIIIIIIIIIIIIIIIIIIIIIIIIIIIIII
IIIIA1I2AA1AA12222IIIIIIIIIIIIIIIIIIIIIIIIIIIIIIIIIIIIIIIIIIIIII
IIIIA1I2AAAAA12222IIIIIIIIIIIIIIIIIIIIIIIIIIIIIIIIIIIIIIIIIIIIII
IIIAA1I2AAAAA12222IIIIIIIIIIIIIIIIIIIIIIIIIIIIIIIIIIIIIIIIIIIIII
IIIIIIIIIIIIIA2IIIIIIIIIIIIIIIIIIIIIIIIIIIIIIIIIIIIIIIIIIIIIIIII
IIIIIIIIIIIIIA2IIIIIIIIIIIIIIIIIIIIIIIIIIIIIIIIA2IIIIIIIIIIIIIII
IIIIIIIIIIIIIA2IIA2IIIIIIIIIIIIIIIIIIIIIIIIIIIIA2IIIIIIIIIIIIIII
IIIIIIIIA2IIIA2IIA2IIIIIIIIIIIIIIIIIIIIIIIIIIIIA2IIIIIIIIIIIIIII
IIIIA2IIA2IIIA2IIA2IIIIIIIIIIIIIIIIIIIIIIIIIIIIA2IIIIIIIIIIIIIII
IIIIA2IIAA2IIA2IIA2IIIIIIIIIIIIIIIIIIIIIIIIIIIIA2IIIIIIIIIIIIIII
IIIIA2IIAA2A2A2IIA2IIIIIIIIIIIIIIIIIIIIIIIIIIIIA2IIIIIIIIIIIIIII
IIIIA2IIAAAA2A2IIA2IIIIIIIIIIIIIIIIIIIIIIIIIIIIA2IIIIIIIIIIIIIII
IIIAA2IIAAAA2A2IIA2IIIIIIIIIIIIIIIIIIIIIIIIIIIIA2IIIIIIIIIIIIIII
IIIAA2IIAAAAAA2IIA2IIIIIIIIIIIIIIIIIIIIIIIIIIIIA2IIIIIIIIIIIIIII
IIIAA1IIAAAAAA2IIA2IIIIIIIIIIIIIIIIIIIIIIIIIIIIA2IIIIIIIIIIIIIII
IIIIIIIIIIIIIIIIIIIIIIIIIIIIIIIIIIIIIIIIIIIIIIIA1IIIIIIIIIIIIIII
IIIIIIIIIIIIA1IIIIIIIIIIIIIIIIIIIIIIIIIIIIIIIIIA1IIIIIIIIIIIIIII
IIIIIIIIIIIIA1IIIA1IIIIIIIIIIIIIIIIIIIIIIIIIIIIA1IIIIIIIIIIIIIII
IIIIIIIIIIIIA1IIIA1A1IIIIIIIIIIIIIIIIIIIIIIIIIIA1IIIIIIIIIIIIIII
IIIIIIIIA1IIA1IIIA1A1IIIIIIIIIIIIIIIIIIIIIIIIIIA1IIIIIIIIIIIIIII
IIIIA1IIA1IIA1IIIA1A1IIIIIIIIIIIIIIIIIIIIIIIIIIA1IIIIIIIIIIIIIII
IIIIA1IIAA1IA1IIIA1A1IIIIIIIIIIIIIIIIIIIIIIIIIIA1IIIIIIIIIIIIIII
IIIIA1IIAA1AA1IIIA1A1IIIIIIIIIIIIIIIIIIIIIIIIIIA1IIIIIIIIIIIIIII
IIIIA1IIAAAAA1IIIA1A1IIIIIIIIIIIIIIIIIIIIIIIIIIA1IIIIIIIIIIIIIII
IIIAA1IIAAAAA1IIIA1A1IIIIIIIIIIIIIIIIIIIIIIIIIIA1IIIIIIIIIIIIIII
IIIIIIIIIIII2AIIIIIIIIIIIIIIIIIIIIIIIIIIIIIIIIIIIIIIIIIIIIIIIIII
IIIIIIIIIIII2AIIIIIIIIIIIIIIIIIIIIIIIIIIIIIIII2AIIIIIIIIIIIIIIII
IIIIIIIIIIII2AII2AIIIIIIIIIIIIIIIIIIIIIIIIIIII2AIIIIIIIIIIIIIIII
IIIIIIIIA2II2AII2AIIIIIIIIIIIIIIIIIIIIIIIIIIII2AIIIIIIIIIIIIIIII
IIIIA2IIA2II2AII2AIIIIIIIIIIIIIIIIIIIIIIIIIIII2AIIIIIIIIIIIIIIII
IIIIA2IIAA2I2AII2AIIIIIIIIIIIIIIIIIIIIIIIIIIII2AIIIIIIIIIIIIIIII
IIIIA2IIAA2A2AII2AIIIIIIIIIIIIIIIIIIIIIIIIIIII2AIIIIIIIIIIIIIIII
IIIIA2IIAAAA2AII2AIIIIIIIIIIIIIIIIIIIIIIIIIIII2AIIIIIIIIIIIIIIII
IIIAA2IIAAAA2AII2AIIIIIIIIIIIIIIIIIIIIIIIIIIII2AIIIIIIIIIIIIIIII
IIIAA2IIAAAAAAII2AIIIIIIIIIIIIIIIIIIIIIIIIIIII2AIIIIIIIIIIIIIIII
IIIIIIIIIIIIIIIIIIIIIIIIIIIIIIIIIIIIIIIIIIIIIIIA1IIIIIIIIIIIIIII
IIIIIIIIIIIIIIIIIA1IIIIIIIIIIIIIIIIIIIIIIIIIIIIA1IIIIIIIIIIIIIII
IIIIIIIIIIIIIIIIIA1A1IIIIIIIIIIIIIIIIIIIIIIIIIIA1IIIIIIIIIIIIIII
IIIIIIIIA1IIIIIIIA1A1IIIIIIIIIIIIIIIIIIIIIIIIIIA1IIIIIIIIIIIIIII
IIIIA1IIA1IIIIIIIA1A1IIIIIIIIIIIIIIIIIIIIIIIIIIA1IIIIIIIIIIIIIII
IIIIA1IIAA1IIIIIIA1A1IIIIIIIIIIIIIIIIIIIIIIIIIIA1IIIIIIIIIIIIIII
IIIIA1IIAA1A1IIIIA1A1IIIIIIIIIIIIIIIIIIIIIIIIIIA1IIIIIIIIIIIIIII
IIIIA1IIAAAA1IIIIA1A1IIIIIIIIIIIIIIIIIIIIIIIIIIA1IIIIIIIIIIIIIII
IIIAA1IIAAAA1IIIIA1A1IIIIIIIIIIIIIIIIIIIIIIIIIIA1IIIIIIIIIIIIIII
IIIAA1IIAAAAAIIIIA1A1IIIIIIIIIIIIIIIIIIIIIIIIIIA1IIIIIIIIIIIIIII
IIIIIIIIIIIIIIIIIIIIIIIIIIIIIIIIIIIIIIIIIIIIIIIA2IIIIIIIIIIIIIII
IIIIIIIIIIIIIIIIIA2IIIIIIIIIIIIIIIIIIIIIIIIIIIIA2IIIIIIIIIIIIIII
IIIIIIIIIIIIIIIIIA2A2IIIIIIIIIIIIIIIIIIIIIIIIIIA2IIIIIIIIIIIIIII
IIIIIIIIA2IIIIIIIA2A2IIIIIIIIIIIIIIIIIIIIIIIIIIA2IIIIIIIIIIIIIII
IIIIA2IIA2IIIIIIIA2A2IIIIIIIIIIIIIIIIIIIIIIIIIIA2IIIIIIIIIIIIIII
IIIIA2IIAA2IIIIIIA2A2IIIIIIIIIIIIIIIIIIIIIIIIIIA2IIIIIIIIIIIIIII
IIIIA2IIAA2A2IIIIA2A2IIIIIIIIIIIIIIIIIIIIIIIIIIA2IIIIIIIIIIIIIII
IIIIA2IIAAAA2IIIIA2A2IIIIIIIIIIIIIIIIIIIIIIIIIIA2IIIIIIIIIIIIIII
IIIAA2IIAAAA2IIIIA2A2IIIIIIIIIIIIIIIIIIIIIIIIIIA2IIIIIIIIIIIIIII
IIIAA2IIAAAAA2IIIA2A2IIIIIIIIIIIIIIIIIIIIIIIIIIA2IIIIIIIIIIIIIII
IIIIIIIIIIIIIIIIIIIIIIIIIIIIIIIIIIIIIIIIIIIIIIIA1IIIIIIIIIIIIIII
IIIIIIIIIIIIIIIIIA1IIIIIIIIIIIIIIIIIIIIIIIIIIIIA1IIIIIIIIIIIIIII
IIIIIIIIIIIIIIIIIA1A1IIIIIIIIIIIIIIIIIIIIIIIIIIA1IIIIIIIIIIIIIII
IIIIIIIIA1IIIIIIIA1A1IIIIIIIIIIIIIIIIIIIIIIIIIIA1IIIIIIIIIIIIIII
IIIIA1IIA1IIIIIIIA1A1IIIIIIIIIIIIIIIIIIIIIIIIIIA1IIIIIIIIIIIIIII
IIIIA1IIAA1IIIIIIA1A1IIIIIIIIIIIIIIIIIIIIIIIIIIA1IIIIIIIIIIIIIII
IIIIA1IIAA1A1IIIIA1A1IIIIIIIIIIIIIIIIIIIIIIIIIIA1IIIIIIIIIIIIIII
IIIIA1IIAAAA1IIIIA1A1IIIIIIIIIIIIIIIIIIIIIIIIIIA1IIIIIIIIIIIIIII
IIIAA1IIAAAA1IIIIA1A1IIIIIIIIIIIIIIIIIIIIIIIIIIA1IIIIIIIIIIIIIII
IIIAA1IIAAAAA1IIIA1A1IIIIIIIIIIIIIIIIIIIIIIIIIIA1IIIIIIIIIIIIIII
IIIIIIIIIIIIAIIIIIIIIIIIIIIIIIIIIIIIIIIIIIIIIIIIIIIIIIIIIIIIIIII
IIIIIIIIIIIIAA2IIIIIIIIIIIIIIIIIIIIIIIIIIIIIIIIIIIIIIIIIIIIIIIII
IIIIIIIIIIIIAA2IIIIIIIIIIIIIIIIIIIIIIIIIIIIIIIIA2IIIIIIIIIIIIIII
IIIIIIIIIIIIAA2IIA2IIIIIIIIIIIIIIIIIIIIIIIIIIIIA2IIIIIIIIIIIIIII
IIIIIIIIA2IIAA2IIA2IIIIIIIIIIIIIIIIIIIIIIIIIIIIA2IIIIIIIIIIIIIII
IIIIA2IIA2IIAA2IIA2IIIIIIIIIIIIIIIIIIIIIIIIIIIIA2IIIIIIIIIIIIIII
IIIIA2IIAA2IAA2IIA2IIIIIIIIIIIIIIIIIIIIIIIIIIIIA2IIIIIIIIIIIIIII
IIIIA2IIAA2AAA2IIA2IIIIIIIIIIIIIIIIIIIIIIIIIIIIA2IIIIIIIIIIIIIII
IIIIA2IIAAAAAA2IIA2IIIIIIIIIIIIIIIIIIIIIIIIIIIIA2IIIIIIIIIIIIIII
IIIAA2IIAAAAAA2IIA2IIIIIIIIIIIIIIIIIIIIIIIIIIIIA2IIIIIIIIIIIIIII
IIIAA1IIAAAAAA2IIA2IIIIIIIIIIIIIIIIIIIIIIIIIIIIA2IIIIIIIIIIIIIII
IIIIIIIIIIIIIIIIIIIIIIIIIIIIIIIIIIIIIIIIIIIIIIIA1IIIIIIIIIIIIIII
IIIIIIIIIIIIIIIIIA1IIIIIIIIIIIIIIIIIIIIIIIIIIIIA1IIIIIIIIIIIIIII
IIIIIIIIIIIIIIIIIA1A1IIIIIIIIIIIIIIIIIIIIIIIIIIA1IIIIIIIIIIIIIII
IIIIIIIIA1IIIIIIIA1A1IIIIIIIIIIIIIIIIIIIIIIIIIIA1IIIIIIIIIIIIIII
IIIIA1IIA1IIIIIIIA1A1IIIIIIIIIIIIIIIIIIIIIIIIIIA1IIIIIIIIIIIIIII
IIIIA1IIAA1IIIIIIA1A1IIIIIIIIIIIIIIIIIIIIIIIIIIA1IIIIIIIIIIIIIII
IIIIA1IIAA1A1IIIIA1A1IIIIIIIIIIIIIIIIIIIIIIIIIIA1IIIIIIIIIIIIIII
IIIIA1IIAAAA1IIIIA1A1IIIIIIIIIIIIIIIIIIIIIIIIIIA1IIIIIIIIIIIIIII
IIIAA1IIAAAA1IIIIA1A1IIIIIIIIIIIIIIIIIIIIIIIIIIA1IIIIIIIIIIIIIII
IIIAA1IIAAAAAIIIIA1A1IIIIIIIIIIIIIIIIIIIIIIIIIIA1IIIIIIIIIIIIIII
IIIIIIIIIIIIIA2IIIIIIIIIIIIIIIIIIIIIIIIIIIIIIIIIIIIIIIIIIIIIIIII
IIIIIIIIIIIIIA2IIIIIIIIIIIIIIIIIIIIIIIIIIIIIIIIA2IIIIIIIIIIIIIII
IIIIIIIIIIIIIA2IIA2IIIIIIIIIIIIIIIIIIIIIIIIIIIIA2IIIIIIIIIIIIIII
IIIIIIIIA2IIIA2IIA2IIIIIIIIIIIIIIIIIIIIIIIIIIIIA2IIIIIIIIIIIIIII
IIIIA2IIA2IIIA2IIA2IIIIIIIIIIIIIIIIIIIIIIIIIIIIA2IIIIIIIIIIIIIII
IIIIA2IIAA2IIA2IIA2IIIIIIIIIIIIIIIIIIIIIIIIIIIIA2IIIIIIIIIIIIIII
IIIIA2IIAA2A2A2IIA2IIIIIIIIIIIIIIIIIIIIIIIIIIIIA2IIIIIIIIIIIIIII
IIIIA2IIAAAA2A2IIA2IIIIIIIIIIIIIIIIIIIIIIIIIIIIA2IIIIIIIIIIIIIII
IIIAA2IIAAAA2A2IIA2IIIIIIIIIIIIIIIIIIIIIIIIIIIIA2IIIIIIIIIIIIIII
IIIAA1IIAAAA2A2IIA2IIIIIIIIIIIIIIIIIIIIIIIIIIIIA2IIIIIIIIIIIIIII
IIIAA1IIAAAAAA2IIA2IIIIIIIIIIIIIIIIIIIIIIIIIIIIA2IIIIIIIIIIIIIII
IIIAA1IIAAAAAA2IIA2IIIIIIIIIIIIIIIIIIIIIIIIIIIIA1IIIIIIIIIIIIIII
IIIAA1IIAAAAAA2IIA1IIIIIIIIIIIIIIIIIIIIIIIIIIIIA1IIIIIIIIIIIIIII
IIIAA1IIAAAAAA2IIA1A1IIIIIIIIIIIIIIIIIIIIIIIIIIA1IIIIIIIIIIIIIII
IIIIIIIIIIIIIIIIIIIIIIIIIIIIIIIIIIIIIIIIIIIIIIIAIIIIIIIIIIIIIIII
IIIIIIIIIIIIIIIIIAIIIIIIIIIIIIIIIIIIIIIIIIIIIIIAIIIIIIIIIIIIIIII
IIIIIIIIIIIIIIIIIAIAIIIIIIIIIIIIIIIIIIIIIIIIIIIAIIIIIIIIIIIIIIII
IIIIIIIIAIIIIIIIIAIAIIIIIIIIIIIIIIIIIIIIIIIIIIIAIIIIIIIIIIIIIIII
IIIIAIIIAIIIIIIIIAIAIIIIIIIIIIIIIIIIIIIIIIIIIIIAIIIIIIIIIIIIIIII
IIIIAIIIAAIIIIIIIAIAIIIIIIIIIIIIIIIIIIIIIIIIIIIAIIIIIIIIIIIIIIII
IIIIAIIIAAIAIIIIIAIAIIIIIIIIIIIIIIIIIIIIIIIIIIIAIIIIIIIIIIIIIIII
IIIIAIIIAAAAIIIIIAIAIIIIIIIIIIIIIIIIIIIIIIIIIIIAIIIIIIIIIIIIIIII
IIIAAIIIAAAAIIIIIAIAIIIIIIIIIIIIIIIIIIIIIIIIIIIAIIIIIIIIIIIIIIII
IIIAA2IIAAAAIIIIIAIAIIIIIIIIIIIIIIIIIIIIIIIIIIIAIIIIIIIIIIIIIIII
IIIAA2IIAAAAA2IIIAIAIIIIIIIIIIIIIIIIIIIIIIIIIIIAIIIIIIIIIIIIIIII
IIIAA2IIAAAAA2IIIAIAIIIIIIIIIIIIIIIIIIIIIIIIIIIA2IIIIIIIIIIIIIII
IIIAA2IIAAAAA2IIIA2AIIIIIIIIIIIIIIIIIIIIIIIIIIIA2IIIIIIIIIIIIIII
IIIAA2IIAAAAA2IIIA2A2IIIIIIIIIIIIIIIIIIIIIIIIIIA2IIIIIIIIIIIIIII
IIIIIIIIIIIIIA1IIIIIIIIIIIIIIIIIIIIIIIIIIIIIIIIIIIIIIIIIIIIIIIII
IIIIIIIIIIIIIA1IIIIIIIIIIIIIIIIIIIIIIIIIIIIIIIIA1IIIIIIIIIIIIIII
IIIIIIIIIIIIAA1IIIIIIIIIIIIIIIIIIIIIIIIIIIIIIIIA1IIIIIIIIIIIIIII
IIIIIIIIIIIIAA1IIA1IIIIIIIIIIIIIIIIIIIIIIIIIIIIA1IIIIIIIIIIIIIII
IIIIIIIIA1IIAA1IIA1IIIIIIIIIIIIIIIIIIIIIIIIIIIIA1IIIIIIIIIIIIIII
IIIIA1IIA1IIAA1IIA1IIIIIIIIIIIIIIIIIIIIIIIIIIIIA1IIIIIIIIIIIIIII
IIIIA1IIAA1IAA1IIA1IIIIIIIIIIIIIIIIIIIIIIIIIIIIA1IIIIIIIIIIIIIII
IIIIA1IIAA1AAA1IIA1IIIIIIIIIIIIIIIIIIIIIIIIIIIIA1IIIIIIIIIIIIIII
IIIIA1IIAAAAAA1IIA1IIIIIIIIIIIIIIIIIIIIIIIIIIIIA1IIIIIIIIIIIIIII
IIIAA1IIAAAAAA1IIA1IIIIIIIIIIIIIIIIIIIIIIIIIIIIA1IIIIIIIIIIIIIII
IIIIIIIIIIIIA1IIIIIIIIIIIIIIIIIIIIIIIIIIIIIIIIIIIIIIIIIIIIIIIIII
IIIIIIIIA1IIA1IIIIIIIIIIIIIIIIIIIIIIIIIIIIIIIIIIIIIIIIIIIIIIIIII
IIIIA1IIA1IIA1IIIIIIIIIIIIIIIIIIIIIIIIIIIIIIIIIIIIIIIIIIIIIIIIII
IIIIA1IIAA1IA1IIIIIIIIIIIIIIIIIIIIIIIIIIIIIIIIIIIIIIIIIIIIIIIIII
IIIIA1IIAA1AA1IIIIIIIIIIIIIIIIIIIIIIIIIIIIIIIIIIIIIIIIIIIIIIIIII
IIIIA1IIAAAAA1IIIIIIIIIIIIIIIIIIIIIIIIIIIIIIIIIIIIIIIIIIIIIIIIII
IIIAA1IIAAAAA1IIIIIIIIIIIIIIIIIIIIIIIIIIIIIIIIIIIIIIIIIIIIIIIIII
IIIIIIIIIIIIIIIIIIIIIIIIIIIIIIIIIIIIIIIIIIIIIIIAIIIIIIIIIIIIIIII
IIIIIIIIIIIIIIIIIA2IIIIIIIIIIIIIIIIIIIIIIIIIIIIAIIIIIIIIIIIIIIII
IIIIIIIIIIIIA2IIIA2IIIIIIIIIIIIIIIIIIIIIIIIIIIIAIIIIIIIIIIIIIIII
IIIIIIIIIA2IA2IIIA2IIIIIIIIIIIIIIIIIIIIIIIIIIIIAIIIIIIIIIIIIIIII
IIIIA2IIIA2IA2IIIA2IIIIIIIIIIIIIIIIIIIIIIIIIIIIAIIIIIIIIIIIIIIII
IIIAA2IIIA2IA2IIIA2IIIIIIIIIIIIIIIIIIIIIIIIIIIIAIIIIIIIIIIIIIIII
IIIAA2IIAA2IA2IIIA2IIIIIIIIIIIIIIIIIIIIIIIIIIIIAIIIIIIIIIIIIIIII
IIIAA2IIAAA2A2IIIA2IIIIIIIIIIIIIIIIIIIIIIIIIIIIAIIIIIIIIIIIIIIII
IIIAA2IIAAAAA2IIIA2IIIIIIIIIIIIIIIIIIIIIIIIIIIIAIIIIIIIIIIIIIIII
IIIIIIIIIIIIA1I2IIIIIIIIIIIIIIIIIIIIIIIIIIIIIIIIIIIIIIIIIIIIIIII
IIIIIIIIIIIIA1III22I2II2IIIIIIIIIIIIIIIIIIIIIIIIIIIIIIIIIIIIIIII
IIIIIIIIIIIIAI12I2III2IIIIIIIIIIIIIIIIIIIIIIIIIIIIIIIIIIIIIIIIII
IIIIIIIIIIIIA1I111IIIIIIIIIIIIIIIIIIIIIIIIIIIIIIIIIIIIIIIIIIIIII
IIIIIIIIIIA1I2IIIIIIIIIIIIIIIIIIIIIIIIIIIIIIIIIIIIIIIIIIIIIIIIII
IIIIIIIIIIAA122IIIIIIIIIIIIIIIIIIIIIIIIIIIIIIIIIIIIIIIIIIIIIIIII
IIIIIIIIIIIIAIIIIIIIIIIIIIIIIIIIIIIIIIIIIIIIIIIIIIIIIIIIIIIIIIII
IIIIIIIIIIIIA1I1I1IIIIIIIIIIIIIIIIIIIIIIIIIIIIIIIIIIIIIIIIIIIIII
IIIIIIIIIIIIA1I1I11I2I22I2IIIIIIIIIIIIIIIIIIIIIIIIIIIIIIIIIIIIII
IIIIIIIIIIIIAI1I1I1I1I1I1I1I1IIIIIIIIIIIIIIIIIIIIIIIIIIIIIIIIIII
IIIIIIIIIIIIAI1I1I1I1I1I1I2I2IIIIIIIIIIIIIIIIIIIIIIIIIIIIIIIIIII
IIIIIIIIIIIIAI1I1I1I1I1I111I1111IIIIIIIIIIIIIIIIIIIIIIIIIIIIIIII
IIIIIIIIIIIIA1I1111111IIIIIIIIIIIIIIIIIIIIIIIIIIIIIIIIIIIIIIIIII
IIIIIIIIIIIIA2IIIIIIIIIIIIIIIIIIIIIIIIIIIIIIIIIIIIIIIIIIIIIIIIII
IIIIIIIIIIIIAI1I1I1I1I1I1I1IIIIIIIIIIIIIIIIIIIIIIIIIIIIIIIIIIIII
IIIIIIIIIIIIAI1I1I1I1I1I1I1I1IIIIIIIIIIIIIIIIIIIIIIIIIIIIIIIIIII
IIIIIIIIIA2IIIIIIIIIIIIIIIIIIIIIIIIIIIIIIIIIIIIIIIIIIIIIIIIIIIII
IIIIA2IIIA2IIIIIIIIIIIIIIIIIIIIIIIIIIIIIIIIIIIIIIIIIIIIIIIIIIIII
IIIAA2IIIA2IIIIIIIIIIIIIIIIIIIIIIIIIIIIIIIIIIIIIIIIIIIIIIIIIIIII
IIIAA2IIAA2IIIIIIIIIIIIIIIIIIIIIIIIIIIIIIIIIIIIIIIIIIIIIIIIIIIII
IIIAA2IIAA2A2IIIIIIIIIIIIIIIIIIIIIIIIIIIIIIIIIIIIIIIIIIIIIIIIIII
IIIAA2IIAAAA2IIIIIIIIIIIIIIIIIIIIIIIIIIIIIIIIIIIIIIIIIIIIIIIIIII
IIIAA1IIAAAA2IIIIIIIIIIIIIIIIIIIIIIIIIIIIIIIIIIIIIIIIIIIIIIIIIII
IIIAA1IIAAAA1IIIIIIIIIIIIIIIIIIIIIIIIIIIIIIIIIIIIIIIIIIIIIIIIIII
IIIAA1IIAAAAA1IIIIIIIIIIIIIIIIIIIIIIIIIIIIIIIIIIIIIIIIIIIIIIIIII
IIIAA1IIAAAAA1IIIIIIIIIIIIIIIIIIIIIIIIIIIIIIIIIAIIIIIIIIIIIIIIII
IIIAA1IIAAAAA1IIIAIIIIIIIIIIIIIIIIIIIIIIIIIIIIIAIIIIIIIIIIIIIIII
IIIAA1IIAAAAA1IIIAIIIIIIIIIIIIIIIIIIIIIIIIIIIIIA1IIIIIIIIIIIIIII
IIIAA1IIAAAAA1IIIA1IIIIIIIIIIIIIIIIIIIIIIIIIIIIA1IIIIIIIIIIIIIII
IIIIIIIIIIIIA1IIIIIIIIIIIIIIIIIIIIIIIIIIIIIIIIIIIIIIIIIIIIIIIIII
IIIIIIIIIIIIAIIIIIIIIIIIIIIIIIIIIIIIIIIIIIIIIIIIIIIIIIIIIIIIIIII
IIIIIIIIIIIIIIIIIIIIIIIIIIIIIIIIIIIIIIIIIIIIIIIA1IIIIIIIIIIIIIII
IIIIIIIIIIIIIIIIIA1IIIIIIIIIIIIIIIIIIIIIIIIIIIIA1IIIIIIIIIIIIIII
IIIIIIIIIA1IIIIIIA1IIIIIIIIIIIIIIIIIIIIIIIIIIIIA1IIIIIIIIIIIIIII
IIIIA1IIIA1IIIIIIA1IIIIIIIIIIIIIIIIIIIIIIIIIIIIA1IIIIIIIIIIIIIII
IIIAA1IIIA1IIIIIIA1IIIIIIIIIIIIIIIIIIIIIIIIIIIIA1IIIIIIIIIIIIIII
IIIIIIIIIIIIIIIIIIIIIIIIIIIIIIIIIIIIIIIIIIIIIIIA1IIIIIIIIIIIIIII
IIIIIIIIIIIIIIIIIA1IIIIIIIIIIIIIIIIIIIIIIIIIIIIA1IIIIIIIIIIIIIII
IIIIIIIIIIIIIIIIIA1IIIIIIIIIIIIIIIIIIIIIIIIIII2A1IIIIIIIIIIIIIII
IIIIIIIIIIIIIIII2A1IIIIIIIIIIIIIIIIIIIIIIIIIII2A1IIIIIIIIIIIIIII
IIIIIII2AIIIIIII2A1IIIIIIIIIIIIIIIIIIIIIIIIIII2A1IIIIIIIIIIIIIII
III2AII2AIIIIIII2A1IIIIIIIIIIIIIIIIIIIIIIIIIII2A1IIIIIIIIIIIIIII
III2AII2AAIIIIII2A1IIIIIIIIIIIIIIIIIIIIIIIIIII2A1IIIIIIIIIIIIIII
III2AII2AAAIIIII2A1IIIIIIIIIIIIIIIIIIIIIIIIIII2A1IIIIIIIIIIIIIII
III2AII2AAAAIIII2A1IIIIIIIIIIIIIIIIIIIIIIIIIII2A1IIIIIIIIIIIIIII
III2AII2AAAAAIII2A1IIIIIIIIIIIIIIIIIIIIIIIIIII2A1IIIIIIIIIIIIIII
III2A1I2AAAAAIII2A1IIIIIIIIIIIIIIIIIIIIIIIIIII2A1IIIIIIIIIIIIIII
IIIAA1I2AAAAAIII2A1IIIIIIIIIIIIIIIIIIIIIIIIIII2A1IIIIIIIIIIIIIII
IIIIIIIIIIIIIIIIIIIIIIIIIIIIIIIIIIIIIIIIIIIIIIIAIIIIIIIIIIIIIIII
IIIIIIIIIIIIAIIIIIIIIIIIIIIIIIIIIIIIIIIIIIIIIIIAIIIIIIIIIIIIIIII
IIIIIIIIIIIIAIIIIAIIIIIIIIIIIIIIIIIIIIIIIIIIIIIAIIIIIIIIIIIIIIII
IIIIIIIIIIIIAIIIIAIAIIIIIIIIIIIIIIIIIIIIIIIIIIIAIIIIIIIIIIIIIIII
IIIIIIIIAIIIAIIIIAIAIIIIIIIIIIIIIIIIIIIIIIIIIIIAIIIIIIIIIIIIIIII
IIIIAIIIAIIIAIIIIAIAIIIIIIIIIIIIIIIIIIIIIIIIIIIAIIIIIIIIIIIIIIII
IIIIAIIIAAIIAIIIIAIAIIIIIIIIIIIIIIIIIIIIIIIIIIIAIIIIIIIIIIIIIIII
IIIIAIIIAAIAAIIIIAIAIIIIIIIIIIIIIIIIIIIIIIIIIIIAIIIIIIIIIIIIIIII
IIIIAIIIAAAAAIIIIAIAIIIIIIIIIIIIIIIIIIIIIIIIIIIAIIIIIIIIIIIIIIII
IIIAAIIIAAAAAIIIIAIAIIIIIIIIIIIIIIIIIIIIIIIIIIIAIIIIIIIIIIIIIIII
IIIAA1IIAAAAAIIIIAIAIIIIIIIIIIIIIIIIIIIIIIIIIIIAIIIIIIIIIIIIIIII
IIIAA1IIAAAAAIIIIAIAIIIIIIIIIIIIIIIIIIIIIIIIIIIA1IIIIIIIIIIIIIII
IIIAA1IIAAAAAIIIIA1AIIIIIIIIIIIIIIIIIIIIIIIIIIIA1IIIIIIIIIIIIIII
IIIIIIIIIIIIIIIIIIIIIIIIIIIIIIIIIIIIIIIIIIIIIIIA2IIIIIIIIIIIIIII
IIIIIIIIIIIIIIIIIA2IIIIIIIIIIIIIIIIIIIIIIIIIIIIA2IIIIIIIIIIIIIII
IIIIIIIIIIIIAI1II11111IIIIIIIIIIIIIIIIIIIIIIIIIIIIIIIIIIIIIIIIII
IIIIIIIIIIIIA1I2II2I2I2I22IIIIIIIIIIIIIIIIIIIIIIIIIIIIIIIIIIIIII
IIIIIIIIIIA1A1I22I2I2I22222IIIIIIIIIIIIIIIIIIIIIIIIIIIIIIIIIIIII
IIIIIIIIIIAAA12222222222222IIIIIIIIIIIIIIIIIIIIIIIIIIIIIIIIIIIII
IIIIIIIIIIIIAI1I1I1I1I2I2IIIIIIIIIIIIIIIIIIIIIIIIIIIIIIIIIIIIIII
IIIIIIIIIIIIAI1I1I1I111I1IIIIIIIIIIIIIIIIIIIIIIIIIIIIIIIIIIIIIII
IIIIIIIIIIIIA11I111111IIIIIIIIIIIIIIIIIIIIIIIIIIIIIIIIIIIIIIIIII
IIIIIIIIIIIIAI11I11I12I2I2IIIIIIIIIIIIIIIIIIIIIIIIIIIIIIIIIIIIII
IIIIIIIIIIIIA1IIIIIIIIIIIIIIIIIIIIIIIIIIIIIIIIIIIIIIIIIIIIIIIIII
IIIIIIIIIIIIAI1I1I1I1I1I1I1I1IIIIIIIIIIIIIIIIIIIIIIIIIIIIIIIIIII
IIIIIIIIIIIIA1I1111111IIIIIIIIIIIIIIIIIIIIIIIIIIIIIIIIIIIIIIIIII
IIIIIIIIIIIIA1111111111I1I1I1I11IIIIIIIIIIIIIIIIIIIIIIIIIIIIIIII
IIIIIIIIIIAIA1111111111I1I1I1111IIIIIIIIIIIIIIIIIIIIIIIIIIIIIIII
IIIIIIIIIIAAA1111111111111111111IIIIIIIIIIIIIIIIIIIIIIIIIIIIIIII
IIIIIIIIIIIIA1IIIIIIIIIIIIIIIIIIIIIIIIIIIIIIIIIIIIIIIIIIIIIIIIII
IIIIIIIIIIIIA1I222222IIIIIIIIIIIIIIIIIIIIIIIIIIIIIIIIIIIIIIIIIII
[MLOP] Prefetch Degree Mean: 3.04009
[MLOP] Prefetch Degree SD: 4.4215
[MLOP] Max Score Left Mean (%): 17.6413
[MLOP] Max Score Left SD (%): 20.4567
[MLOP] Max Score Right Mean (%): 46.7518
[MLOP] Max Score Right SD (%): 18.8935
================ Mockingjay (LLC) Pollution Stats ================
Total pollution count in LLC: 17264
==================================================================

DRAM Statistics
 CHANNEL 0
 RQ ROW_BUFFER_HIT:     830753  ROW_BUFFER_MISS:    2685359
 DBUS_CONGESTED:       4048
 WQ ROW_BUFFER_HIT:     322670  ROW_BUFFER_MISS:     677049  FULL:       5535

 AVG_CONGESTED_CYCLE: 4
 All warmup complete: 2
Channel 0 Bank busy for read cycles: 0
Channel 0 Bank busy for write cycles: 0
Channel 0
Rank 0
0banks busy for read cycles: 282840162
0banks busy for write cycles: 309205
1banks busy for read cycles: 120002889
1banks busy for write cycles: 52879991
2banks busy for read cycles: 52599478
2banks busy for write cycles: 20874387
3banks busy for read cycles: 21289388
3banks busy for write cycles: 9039341
4banks busy for read cycles: 12017488
4banks busy for write cycles: 4764670
5banks busy for read cycles: 6097646
5banks busy for write cycles: 2873411
6banks busy for read cycles: 4429854
6banks busy for write cycles: 2060214
7banks busy for read cycles: 3207910
7banks busy for write cycles: 1885195
8banks busy for read cycles: 3686254
8banks busy for write cycles: 3423927

CPU 0 Branch Prediction Accuracy: 94.659% MPKI: 8.28578 Average ROB Occupancy at Mispredict: 17.8064
Branch types
NOT_BRANCH: 168972287 84.4861%
BRANCH_DIRECT_JUMP: 3285230 1.64261%
BRANCH_INDIRECT: 159717 0.0798585%
BRANCH_CONDITIONAL: 24934749 12.4674%
BRANCH_DIRECT_CALL: 1155516 0.577758%
BRANCH_INDIRECT_CALL: 163290 0.081645%
BRANCH_RETURN: 1324009 0.662004%
BRANCH_OTHER: 4612 0.002306%

===================== LRU L1D STATS =====================
Total pollution count in L1D: 1069676
=========================================================
================ SRRIP (L2C) Pollution Stats ================
Total pollution count in L2c: 3097719
==================================================================
DRAM PAGES: 1048576
Allocated PAGES: 137869
