
*** ChampSim Multicore Out-of-Order Simulator ***

Warmup Instructions: 200000000
Simulation Instructions: 200000000
Number of CPUs: 1
LLC sets: 4096
LLC ways: 12
Off-chip DRAM Size: 4096 MB Channels: 1 Width: 64-bit Data Rate: 6400 MT/s
CPU 0 runs /home1/sweta/traces/DPC4-Traces/Google_Traces_v2/Google_Traces_v2/tango/tango_0003.champsim.gz
.gz
BTB has LRU replacement policy
ITLB has LRU replacement policy
DTLB has LRU replacement policy
STLB has LRU replacement policy
L1I has LRU replacement policy
L1D has LRU replacement policy
Initialize SRRIP state for L2C
Initialize Mockingjay state for LLC
Heartbeat CPU 0 instructions: 10000000 cycles: 2406731 heartbeat IPC: 4.15501 cumulative IPC: 4.15501 (Simulation time: 0 hr 0 min 22 sec) 
Heartbeat CPU 0 instructions: 20000000 cycles: 4965531 heartbeat IPC: 3.90808 cumulative IPC: 4.02777 (Simulation time: 0 hr 0 min 47 sec) 
Heartbeat CPU 0 instructions: 30000005 cycles: 7583435 heartbeat IPC: 3.81985 cumulative IPC: 3.95599 (Simulation time: 0 hr 1 min 11 sec) 
Heartbeat CPU 0 instructions: 40000007 cycles: 10100383 heartbeat IPC: 3.97307 cumulative IPC: 3.96025 (Simulation time: 0 hr 1 min 36 sec) 
Heartbeat CPU 0 instructions: 50000002 cycles: 12621171 heartbeat IPC: 3.96701 cumulative IPC: 3.9616 (Simulation time: 0 hr 2 min 2 sec) 
Heartbeat CPU 0 instructions: 60000004 cycles: 15163233 heartbeat IPC: 3.93382 cumulative IPC: 3.95694 (Simulation time: 0 hr 2 min 25 sec) 
Heartbeat CPU 0 instructions: 70000000 cycles: 17602387 heartbeat IPC: 4.09978 cumulative IPC: 3.97673 (Simulation time: 0 hr 2 min 47 sec) 
Heartbeat CPU 0 instructions: 80000003 cycles: 20159200 heartbeat IPC: 3.91112 cumulative IPC: 3.96841 (Simulation time: 0 hr 3 min 12 sec) 
Heartbeat CPU 0 instructions: 90000000 cycles: 22572072 heartbeat IPC: 4.14444 cumulative IPC: 3.98723 (Simulation time: 0 hr 3 min 36 sec) 
Heartbeat CPU 0 instructions: 100000002 cycles: 24931168 heartbeat IPC: 4.23891 cumulative IPC: 4.01104 (Simulation time: 0 hr 4 min 0 sec) 
Heartbeat CPU 0 instructions: 110000007 cycles: 27507249 heartbeat IPC: 3.88187 cumulative IPC: 3.99895 (Simulation time: 0 hr 4 min 25 sec) 
Heartbeat CPU 0 instructions: 120000004 cycles: 29996471 heartbeat IPC: 4.01732 cumulative IPC: 4.00047 (Simulation time: 0 hr 4 min 50 sec) 
Heartbeat CPU 0 instructions: 130000005 cycles: 32493065 heartbeat IPC: 4.00546 cumulative IPC: 4.00085 (Simulation time: 0 hr 5 min 15 sec) 
Heartbeat CPU 0 instructions: 140000007 cycles: 35025007 heartbeat IPC: 3.94954 cumulative IPC: 3.99714 (Simulation time: 0 hr 5 min 39 sec) 
Heartbeat CPU 0 instructions: 150000000 cycles: 37592143 heartbeat IPC: 3.89539 cumulative IPC: 3.9902 (Simulation time: 0 hr 6 min 4 sec) 
Heartbeat CPU 0 instructions: 160000003 cycles: 40019107 heartbeat IPC: 4.12038 cumulative IPC: 3.99809 (Simulation time: 0 hr 6 min 28 sec) 
Heartbeat CPU 0 instructions: 170000001 cycles: 42464130 heartbeat IPC: 4.08994 cumulative IPC: 4.00338 (Simulation time: 0 hr 6 min 50 sec) 
Heartbeat CPU 0 instructions: 180000000 cycles: 45062627 heartbeat IPC: 3.84838 cumulative IPC: 3.99444 (Simulation time: 0 hr 7 min 16 sec) 
Heartbeat CPU 0 instructions: 190000000 cycles: 47614818 heartbeat IPC: 3.9182 cumulative IPC: 3.99035 (Simulation time: 0 hr 7 min 42 sec) 
Heartbeat CPU 0 instructions: 200000005 cycles: 50218543 heartbeat IPC: 3.84065 cumulative IPC: 3.98259 (Simulation time: 0 hr 8 min 8 sec) 

Warmup complete CPU 0 instructions: 200000005 cycles: 50218543 (Simulation time: 0 hr 8 min 8 sec) 

Heartbeat CPU 0 instructions: 210000004 cycles: 81693720 heartbeat IPC: 0.317711 cumulative IPC: 0.317711 (Simulation time: 0 hr 8 min 39 sec) 
Heartbeat CPU 0 instructions: 220000000 cycles: 110749929 heartbeat IPC: 0.34416 cumulative IPC: 0.330407 (Simulation time: 0 hr 9 min 8 sec) 
Heartbeat CPU 0 instructions: 230000005 cycles: 142685559 heartbeat IPC: 0.31313 cumulative IPC: 0.32444 (Simulation time: 0 hr 9 min 39 sec) 
Heartbeat CPU 0 instructions: 240000000 cycles: 174344612 heartbeat IPC: 0.315865 cumulative IPC: 0.322253 (Simulation time: 0 hr 10 min 10 sec) 
Heartbeat CPU 0 instructions: 250000003 cycles: 206246505 heartbeat IPC: 0.313461 cumulative IPC: 0.320455 (Simulation time: 0 hr 10 min 41 sec) 
Heartbeat CPU 0 instructions: 260000000 cycles: 236033436 heartbeat IPC: 0.335718 cumulative IPC: 0.322902 (Simulation time: 0 hr 11 min 12 sec) 
Heartbeat CPU 0 instructions: 270000000 cycles: 265207495 heartbeat IPC: 0.34277 cumulative IPC: 0.325598 (Simulation time: 0 hr 11 min 43 sec) 
Heartbeat CPU 0 instructions: 280000006 cycles: 295465125 heartbeat IPC: 0.330495 cumulative IPC: 0.326202 (Simulation time: 0 hr 12 min 14 sec) 
Heartbeat CPU 0 instructions: 290000001 cycles: 325372006 heartbeat IPC: 0.334371 cumulative IPC: 0.32709 (Simulation time: 0 hr 12 min 44 sec) 
Heartbeat CPU 0 instructions: 300000001 cycles: 354766530 heartbeat IPC: 0.340199 cumulative IPC: 0.328355 (Simulation time: 0 hr 13 min 13 sec) 
Heartbeat CPU 0 instructions: 310000004 cycles: 383853196 heartbeat IPC: 0.3438 cumulative IPC: 0.329702 (Simulation time: 0 hr 13 min 43 sec) 
Heartbeat CPU 0 instructions: 320000000 cycles: 416166431 heartbeat IPC: 0.309471 cumulative IPC: 0.327916 (Simulation time: 0 hr 14 min 17 sec) 
Heartbeat CPU 0 instructions: 330000000 cycles: 445467186 heartbeat IPC: 0.341288 cumulative IPC: 0.328907 (Simulation time: 0 hr 14 min 46 sec) 
Heartbeat CPU 0 instructions: 340000001 cycles: 472562116 heartbeat IPC: 0.369073 cumulative IPC: 0.331484 (Simulation time: 0 hr 15 min 19 sec) 
Heartbeat CPU 0 instructions: 350000007 cycles: 503454618 heartbeat IPC: 0.323703 cumulative IPC: 0.330953 (Simulation time: 0 hr 15 min 50 sec) 
Heartbeat CPU 0 instructions: 360000000 cycles: 520808319 heartbeat IPC: 0.576246 cumulative IPC: 0.339999 (Simulation time: 0 hr 16 min 19 sec) 
Heartbeat CPU 0 instructions: 370000000 cycles: 547187394 heartbeat IPC: 0.379088 cumulative IPC: 0.342074 (Simulation time: 0 hr 16 min 50 sec) 
Heartbeat CPU 0 instructions: 380000001 cycles: 578847911 heartbeat IPC: 0.315851 cumulative IPC: 0.340503 (Simulation time: 0 hr 17 min 23 sec) 
Heartbeat CPU 0 instructions: 390000001 cycles: 606178820 heartbeat IPC: 0.365886 cumulative IPC: 0.341751 (Simulation time: 0 hr 17 min 50 sec) 
Heartbeat CPU 0 instructions: 400000002 cycles: 639560767 heartbeat IPC: 0.299563 cumulative IPC: 0.339361 (Simulation time: 0 hr 18 min 19 sec) 
Finished CPU 0 instructions: 200000001 cycles: 589342225 cumulative IPC: 0.339361 (Simulation time: 0 hr 18 min 19 sec) 

ChampSim completed all CPUs

Region of Interest Statistics

CPU 0 cumulative IPC: 0.339361 instructions: 200000001 cycles: 589342225
ITLB TOTAL     ACCESS:   21299781  HIT:   20998805  MISS:     300976  HIT %:     98.587  MISS %:    1.41305   MPKI: 1.50488
ITLB LOAD TRANSLATION ACCESS:   21299781  HIT:   20998805  MISS:     300976  HIT %:     98.587  MISS %:    1.41305   MPKI: 1.50488
ITLB PREFETCH  REQUESTED:          0  ISSUED:          0  USEFUL:          0  USELESS:          0
ITLB USEFUL LOAD PREFETCHES:          0 PREFETCH ISSUED TO LOWER LEVEL:          0  ACCURACY: -nan
ITLB TIMELY PREFETCHES:          0 LATE PREFETCHES: 0 DROPPED PREFETCHES: 0
ITLB PREFETCHES SAME FILL-ORIGIN LEVEL: 0 DIFFERENT FILL-ORIGIN LEVEL: 0
ITLB AVERAGE MISS LATENCY:    26.3504 cycles AVERAGE LOAD MISS LATENCY:       -nan cycles Load Miss          0
ITLB Average MSHR Occupancy:  0.0133826
ITLB RQ	ACCESS:   24817383	FORWARD:          0	MERGED:    3223238	TO_CACHE:   21594145

DTLB TOTAL     ACCESS:   42975668  HIT:   40801576  MISS:    2174092  HIT %:    94.9411  MISS %:    5.05889   MPKI: 10.8705
DTLB LOAD TRANSLATION ACCESS:   42975668  HIT:   40801576  MISS:    2174092  HIT %:    94.9411  MISS %:    5.05889   MPKI: 10.8705
DTLB PREFETCH  REQUESTED:          0  ISSUED:          0  USEFUL:          0  USELESS:          0
DTLB USEFUL LOAD PREFETCHES:          0 PREFETCH ISSUED TO LOWER LEVEL:          0  ACCURACY: -nan
DTLB TIMELY PREFETCHES:          0 LATE PREFETCHES: 0 DROPPED PREFETCHES: 0
DTLB PREFETCHES SAME FILL-ORIGIN LEVEL: 0 DIFFERENT FILL-ORIGIN LEVEL: 0
DTLB AVERAGE MISS LATENCY:    42.2923 cycles AVERAGE LOAD MISS LATENCY:       -nan cycles Load Miss          0
DTLB Average MSHR Occupancy:   0.149877
DTLB RQ	ACCESS:   56105980	FORWARD:          0	MERGED:   12715764	TO_CACHE:   43390216

STLB TOTAL     ACCESS:    3782421  HIT:    3110970  MISS:     671451  HIT %:    82.2481  MISS %:    17.7519   MPKI: 3.35725
STLB LOAD TRANSLATION ACCESS:    2475068  HIT:    1803644  MISS:     671424  HIT %:    72.8725  MISS %:    27.1275   MPKI: 3.35712
STLB TRANSLATION FROM L1D PREFETCHER ACCESS:    1307353  HIT:    1307326  MISS:         27  HIT %:    99.9979  MISS %: 0.00206524   MPKI: 0.000135
STLB PREFETCH  REQUESTED:          0  ISSUED:          0  USEFUL:         24  USELESS:          3
STLB USEFUL LOAD PREFETCHES:         24 PREFETCH ISSUED TO LOWER LEVEL:          0  ACCURACY: inf
STLB TIMELY PREFETCHES:         24 LATE PREFETCHES: 0 DROPPED PREFETCHES: 0
STLB PREFETCHES SAME FILL-ORIGIN LEVEL: 0 DIFFERENT FILL-ORIGIN LEVEL: 0
STLB AVERAGE MISS LATENCY:    115.386 cycles AVERAGE LOAD MISS LATENCY:       -nan cycles Load Miss          0
STLB Average MSHR Occupancy:   0.126897
STLB RQ	ACCESS:    4456983	FORWARD:          0	MERGED:     674561	TO_CACHE:    3782422

STLB Hit, L1D data hit: 0
STLB Hit, L2C data hit: 0
STLB Hit, LLC data hit: 0
STLB Hit, LLC data miss: 0
STLB STLB hints to L2: 0
L1D TOTAL     ACCESS:   54938839  HIT:   51573209  MISS:    3365630  HIT %:    93.8739  MISS %:    6.12614   MPKI: 16.8281
L1D LOAD      ACCESS:   30017145  HIT:   28235040  MISS:    1782105  HIT %:     94.063  MISS %:    5.93696   MPKI: 8.91052
L1D RFO       ACCESS:   23939767  HIT:   23230129  MISS:     709638  HIT %:    97.0357  MISS %:    2.96426   MPKI: 3.54819
L1D PREFETCH  ACCESS:     981927  HIT:     108040  MISS:     873887  HIT %:    11.0029  MISS %:    88.9971   MPKI: 4.36943
AGUS PREFETCH L1 MISS: 0
L1D PREFETCH  REQUESTED:    3975694  ISSUED:    3975694  USEFUL:     146834  USELESS:     727202
L1D USEFUL LOAD PREFETCHES:     146834 PREFETCH ISSUED TO LOWER LEVEL:    1848148  ACCURACY: 7.94493
L1D TIMELY PREFETCHES:     146834 LATE PREFETCHES: 12542 DROPPED PREFETCHES: 0
L1D PREFETCHES SAME FILL-ORIGIN LEVEL: 896699 DIFFERENT FILL-ORIGIN LEVEL: 951449
L1D AVERAGE MISS LATENCY:    121.146 cycles AVERAGE LOAD MISS LATENCY:    84.3568 cycles Load Miss    1782105
L1D Average MSHR Occupancy:   0.717057
L1D RQ	ACCESS:   43561486	FORWARD:          0	MERGED:   12270650	TO_CACHE:   30167357
L1D WQ	ACCESS:   26740722	FORWARD:    1130000	MERGED:     802099	TO_CACHE:   25938623
L1D PQ	ACCESS:    1993779	FORWARD:          0	MERGED:       5343	TO_CACHE:    1981915

L1D UNIQUE REGIONS ACCESSED: 0
L1D REGIONS CONFLICTS: 0
L1D Cross Page Prefetch Requests: 0
L1D Same Page Prefetch Requests: 3898053
L1D ROI Sum of L1D PQ occupancy: 26454883
L1D PREFETCHES PUSHED FROM L2C: 0
L1I TOTAL     ACCESS:   24061282  HIT:    8981287  MISS:   15079995  HIT %:    37.3267  MISS %:    62.6733   MPKI: 75.4
L1I LOAD      ACCESS:   24061282  HIT:    8981287  MISS:   15079995  HIT %:    37.3267  MISS %:    62.6733   MPKI: 75.4
L1I PREFETCH  REQUESTED:          0  ISSUED:          0  USEFUL:          0  USELESS:          0
L1I USEFUL LOAD PREFETCHES:          0 PREFETCH ISSUED TO LOWER LEVEL:          0  ACCURACY: -nan
L1I TIMELY PREFETCHES:          0 LATE PREFETCHES: 0 DROPPED PREFETCHES: 0
L1I PREFETCHES SAME FILL-ORIGIN LEVEL: 0 DIFFERENT FILL-ORIGIN LEVEL: 0
L1I AVERAGE MISS LATENCY:    19.2952 cycles AVERAGE LOAD MISS LATENCY:    19.2952 cycles Load Miss   15079995
L1I Average MSHR Occupancy:   0.480754
L1I RQ	ACCESS:   44564475	FORWARD:          0	MERGED:   19747092	TO_CACHE:   24817383

BTB TOTAL     ACCESS:   20137611  HIT:   17301933  MISS:    2835678  HIT %:    85.9185  MISS %:    14.0815   MPKI: 14.1784
BTB BRANCH_DIRECT_JUMP	ACCESS:    1337309  HIT:    1122813  MISS:     214496
BTB BRANCH_INDIRECT	ACCESS:     783366  HIT:     662182  MISS:     121184
BTB BRANCH_CONDITIONAL	ACCESS:   13272346  HIT:   12806601  MISS:     465745
BTB BRANCH_DIRECT_CALL	ACCESS:    2135005  HIT:    1719120  MISS:     415885
BTB BRANCH_INDIRECT_CALL	ACCESS:     234138  HIT:     129312  MISS:     104826
BTB BRANCH_RETURN	ACCESS:    2372425  HIT:     859032  MISS:    1513393
BTB BRANCH_OTHER ACCESS:       3022  HIT:       2873  MISS:        149

L2C TOTAL     ACCESS:   21565338  HIT:   18477624  MISS:    3087714  HIT %:    85.6821  MISS %:    14.3179   MPKI: 15.4386
L2C LOAD      ACCESS:   16849509  HIT:   15653016  MISS:    1196493  HIT %:    92.8989  MISS %:    7.10106   MPKI: 5.98246
L2C DATA LOAD MPKI: 3.11024
L2C INSTRUCTION LOAD MPKI: 2.87222
L2C RFO       ACCESS:     703134  HIT:     209122  MISS:     494012  HIT %:    29.7414  MISS %:    70.2586   MPKI: 2.47006
L2C PREFETCH  ACCESS:    1763806  HIT:     648566  MISS:    1115240  HIT %:    36.7708  MISS %:    63.2292   MPKI: 5.5762
AGUS PREFETCH L1 MISS: 0
L2C DATA PREFETCH MPKI: 5.5762
L2C INSTRUCTION PREFETCH MPKI: 0
L2C WRITEBACK ACCESS:    1154597  HIT:    1151954  MISS:       2643  HIT %:    99.7711  MISS %:   0.228911   MPKI: 0.013215
L2C LOAD TRANSLATION ACCESS:    1094225  HIT:     814899  MISS:     279326  HIT %:    74.4727  MISS %:    25.5273   MPKI: 1.39663
L2C TRANSLATION FROM L1D PREFETCHER ACCESS:         67  HIT:         67  MISS:          0  HIT %:        100  MISS %:          0   MPKI: 0
L2C PREFETCH  REQUESTED:          0  ISSUED:          0  USEFUL:     119893  USELESS:     999933
L2C USEFUL LOAD PREFETCHES:     119893 PREFETCH ISSUED TO LOWER LEVEL:    1129568  ACCURACY: 10.6141
L2C TIMELY PREFETCHES:     119893 LATE PREFETCHES: 14328 DROPPED PREFETCHES: 0
L2C PREFETCHES SAME FILL-ORIGIN LEVEL: 596261 DIFFERENT FILL-ORIGIN LEVEL: 0
L2C AVERAGE MISS LATENCY:     201.23 cycles AVERAGE LOAD MISS LATENCY:    168.689 cycles Load Miss    1196493
L2C Average MSHR Occupancy:    1.05059
L2C RQ	ACCESS:   18647007	FORWARD:          0	MERGED:          0	TO_CACHE:   18646934
L2C WQ	ACCESS:    1154597	FORWARD:         78	MERGED:          0	TO_CACHE:    1154597
L2C PQ	ACCESS:    1782097	FORWARD:          0	MERGED:         23	TO_CACHE:    1782069

L2C Instructions Evicting Data 414602
L2C Translations Evicting Data 201945
L2C Data Evicting Data 1619045
L2C Instructions Evicting Instructions 108504
L2C Translations Evicting Instructions 51207
L2C Data Evicting Instructions 410880
L2C Instructions Evicting Translations 51339
L2C Translations Evicting Translations 26174
L2C Data Evicting Translations 201375
L2C Dense regions hint from L2: 0
PSCL5 TOTAL     ACCESS:     671451  HIT:     671451  MISS:          0  HIT %:        100  MISS %:          0   MPKI: 0
PSCL5 LOAD TRANSLATION ACCESS:     671424  HIT:     671424  MISS:          0  HIT %:        100  MISS %:          0   MPKI: 0
PSCL5 TRANSLATION FROM L1D PREFETCHER ACCESS:         27  HIT:         27  MISS:          0  HIT %:        100  MISS %:          0   MPKI: 0
PSCL5 PREFETCH  REQUESTED:          0  ISSUED:          0  USEFUL:          0  USELESS:          0
PSCL5 USEFUL LOAD PREFETCHES:          0 PREFETCH ISSUED TO LOWER LEVEL:          0  ACCURACY: -nan
PSCL5 TIMELY PREFETCHES:          0 LATE PREFETCHES: 0 DROPPED PREFETCHES: 0
PSCL5 PREFETCHES SAME FILL-ORIGIN LEVEL: 0 DIFFERENT FILL-ORIGIN LEVEL: 0

PSCL4 TOTAL     ACCESS:     652932  HIT:     650492  MISS:       2440  HIT %:    99.6263  MISS %:   0.373699   MPKI: 0.0122
PSCL4 LOAD TRANSLATION ACCESS:     652906  HIT:     650466  MISS:       2440  HIT %:    99.6263  MISS %:   0.373714   MPKI: 0.0122
PSCL4 TRANSLATION FROM L1D PREFETCHER ACCESS:         26  HIT:         26  MISS:          0  HIT %:        100  MISS %:          0   MPKI: 0
PSCL4 PREFETCH  REQUESTED:          0  ISSUED:          0  USEFUL:          0  USELESS:          0
PSCL4 USEFUL LOAD PREFETCHES:          0 PREFETCH ISSUED TO LOWER LEVEL:          0  ACCURACY: -nan
PSCL4 TIMELY PREFETCHES:          0 LATE PREFETCHES: 0 DROPPED PREFETCHES: 0
PSCL4 PREFETCHES SAME FILL-ORIGIN LEVEL: 0 DIFFERENT FILL-ORIGIN LEVEL: 0

PSCL3 TOTAL     ACCESS:     661669  HIT:     630966  MISS:      30703  HIT %:    95.3598  MISS %:    4.64024   MPKI: 0.153515
PSCL3 LOAD TRANSLATION ACCESS:     661657  HIT:     630954  MISS:      30703  HIT %:    95.3597  MISS %:    4.64032   MPKI: 0.153515
PSCL3 TRANSLATION FROM L1D PREFETCHER ACCESS:         12  HIT:         12  MISS:          0  HIT %:        100  MISS %:          0   MPKI: 0
PSCL3 PREFETCH  REQUESTED:          0  ISSUED:          0  USEFUL:          0  USELESS:          0
PSCL3 USEFUL LOAD PREFETCHES:          0 PREFETCH ISSUED TO LOWER LEVEL:          0  ACCURACY: -nan
PSCL3 TIMELY PREFETCHES:          0 LATE PREFETCHES: 0 DROPPED PREFETCHES: 0
PSCL3 PREFETCHES SAME FILL-ORIGIN LEVEL: 0 DIFFERENT FILL-ORIGIN LEVEL: 0

PSCL2 TOTAL     ACCESS:     671451  HIT:     279682  MISS:     391769  HIT %:    41.6534  MISS %:    58.3466   MPKI: 1.95884
PSCL2 LOAD TRANSLATION ACCESS:     671448  HIT:     279679  MISS:     391769  HIT %:    41.6531  MISS %:    58.3469   MPKI: 1.95884
PSCL2 TRANSLATION FROM L1D PREFETCHER ACCESS:          3  HIT:          3  MISS:          0  HIT %:        100  MISS %:          0   MPKI: 0
PSCL2 PREFETCH  REQUESTED:          0  ISSUED:          0  USEFUL:          0  USELESS:          0
PSCL2 USEFUL LOAD PREFETCHES:          0 PREFETCH ISSUED TO LOWER LEVEL:          0  ACCURACY: -nan
PSCL2 TIMELY PREFETCHES:          0 LATE PREFETCHES: 0 DROPPED PREFETCHES: 0
PSCL2 PREFETCHES SAME FILL-ORIGIN LEVEL: 0 DIFFERENT FILL-ORIGIN LEVEL: 0

LLC TOTAL     ACCESS:    3864849  HIT:     750459  MISS:    3114390  HIT %:    19.4176  MISS %:    80.5824   MPKI: 15.5719
LLC LOAD      ACCESS:    1187715  HIT:     376803  MISS:     810912  HIT %:     31.725  MISS %:     68.275   MPKI: 4.05456
LLC RFO       ACCESS:     488460  HIT:      14553  MISS:     473907  HIT %:    2.97936  MISS %:    97.0206   MPKI: 2.36953
LLC PREFETCH  ACCESS:    1129568  HIT:      23270  MISS:    1106298  HIT %:    2.06008  MISS %:    97.9399   MPKI: 5.53149
AGUS PREFETCH L1 MISS: 0
LLC WRITEBACK ACCESS:     779780  HIT:     232698  MISS:     547082  HIT %:    29.8415  MISS %:    70.1585   MPKI: 2.73541
LLC LOAD TRANSLATION ACCESS:     279326  HIT:     103135  MISS:     176191  HIT %:    36.9228  MISS %:    63.0772   MPKI: 0.880955
LLC PREFETCH  REQUESTED:          0  ISSUED:          0  USEFUL:         35  USELESS:       5499
LLC USEFUL LOAD PREFETCHES:         35 PREFETCH ISSUED TO LOWER LEVEL:    1106298  ACCURACY: 0.0031637
LLC TIMELY PREFETCHES:         35 LATE PREFETCHES: 0 DROPPED PREFETCHES: 0
LLC PREFETCHES SAME FILL-ORIGIN LEVEL: 0 DIFFERENT FILL-ORIGIN LEVEL: 0
LLC AVERAGE MISS LATENCY:    155.032 cycles AVERAGE LOAD MISS LATENCY:    181.156 cycles Load Miss     810912
LLC Average MSHR Occupancy:   0.814916
LLC RQ	ACCESS:    1955502	FORWARD:          0	MERGED:          0	TO_CACHE:    1955500
LLC WQ	ACCESS:     779780	FORWARD:          2	MERGED:          0	TO_CACHE:     779780
LLC PQ	ACCESS:    1129568	FORWARD:          0	MERGED:          0	TO_CACHE:    1129568

LLC Dense regions hint to LLC: 0

RAW hits: 2846058
Loads Generated: 46407545
Loads sent to L1D: 43561486
Stores Generated: 26740719
Stores sent to L1D: 26740722
Major fault: 0 Minor fault: 149614
Allocated PAGES: 149614
=== CPU 0 L1D Prefetcher Statistics ===
[MLOP] History of tracked zone:
IIIIIIIIIIIIIIIIIIIIIIIIIIIIIIIIIIIIIIIIIIIIIIIIIIIIIIIIIIIIIIII
IIIIIIIIIIIIIIIIIIIIIIIIIIIIIIIIIIIIIIIIIIIIIIIAIIIIIIIIIIIIIIII
IIIIIIIIIIIIIIIIIIIIIIIIIIIIIIIIIIIIIIIIIIIIIIAAIIIIIIIIIIIIIIII
IIIIIIIIIIIIIIIIIIIIIIIIIIIIIIIIIIIIIIIIIIIIIIAA2IIIIIIIIIIIIIII
IIIIIIIIIIIIIIIIIIIIIIIIIIIIIIIIIA2IIIIIIIIIIIAA2IIIIIIIIIIIIIII
IIIIIIIIIIIIIIIIIIIIIIIIIIIIIIIIIA2IIIIIIIIIIIAA2IIIIIA2IIIIIIII
IIIIIIIIIIIIIIIIIIIIIIIIIIIIIIIIIA2IIIIIA2IIIIAA2IIIIIA2IIIIIIII
IIIIIIIIIIIIIIIIIIIIIIIIIIIIIIIIIIIIIIIIIIIIIIIAIIIIIIIIIIIIIIII
IIIIIIIIIIIIIIIIIIIIIIIIIIIIIIIIIAIIIIIIIIIIIIIAIIIIIIIIIIIIIIII
IIIIIIIIIIIIIIIIIIIIIIIIIIIIIIIIIIIIIIIIIIIIIIIIIIIIIIIIAIIIIIII
IIIIIIIIIIIIIIIIIIIIIIIIIIIIIIIIIIIIIIIIIIIIIIIIIIIIIII2AIIIIIII
IIIIIIIIIIIIIIIIIIIIIIIIIIIIIIIIIIIIIIIII2AIIIIIIIIIIII2AIIIIIII
IIIIIIIIIIIIIIIIIIIIIIIIIIIIIIIIIIIIIIIII2AIIIIIIIIIII2AAIIIIIII
IIIIIIIIIIIIIIIIIIIIIIIIIIIIIIIIIIIIIIII2AAIIIIIIIIIII2AAIIIIIII
IIIIIIIIIIIIIIIIIIIIIIIIIIIIIIIIIIIIIIIIIIIIIIIIIIIIIIIIA2IIIIII
IIIIIIIIIIIIIIIIIIIIIIIIIIIIIIIIIIIIIIIIIIIIIIIIIIIIIA1IIIIIIIII
IIIIIIIIIIIIIIIIIIIIIIIIIIIIIIIIIIIIIIIIIIIIIIIIIIIIIAIIIIIIIIII
IIIIIIIIIIIIIIIIIIIIIIIIIIIIIIIIIIIIIIIIIIIIIIIIIII21AIIIIIIIIII
IIIIIIIIIIIIIIIIIIIIIIIIIIIIIIIIIIIIIIIIIIIIIIA2III2IIIIIIIIIIII
IIIIIIIIIIIIIIIIIIIIIIIIIIIIIIIIIIIIIIIIIIIIIIA2A2I2I2IIIIIIIIII
IIIIIIIIIIIIIIIIIIIIIIIIIIIIIIIIAIIIIIIIIIIIIIA2A2I2I2IIIIIIIIII
IIIIIIIIIIIIIIIIIIIIIIIIIIIIIIIIAIAIIIIIIIIIIIA2A2I2I2IIIIIIIIII
IIIIIIIIIIIIIIIIIIIIIIIIIIIIIIIIIIIIIIIIIIIIIIIIA2IIIIIIIIIIIIII
IIIIIIIIIIIIIIIIIIIIIIIIIIIIIIIIIIIIIIIIIIIIIIA2A2IIIIIIIIIIIIII
IIIIIIIIIIIIIIIIIIIIIIIIIIIIIIIIIIA2IIIIIIIIIIA2A2IIIIIIIIIIIIII
IIIIIIIIIIIIIIIIIIIIIIIIIIIIIIIIA2A2IIIIIIIIIIA2A2IIIIIIIIIIIIII
IIIIIIIIIIIIIIIIIIIIIIIIIIIIIIIIIIIIIIIIIIIIIIIIA1IIIIIIIIIIIIII
IIIIIIIIIIIIIIIIIIIIIIIIIIIIIIIIIIIIIIIIIIIIIIIIA1IIIIIA1IIIIIII
IIIIIIIIIIIIIIIIIIIIIIIIIIIIIIIIIIA1IIIIIIIIIIIIA1IIIIIA1IIIIIII
IIIIIIIIIIIIIIIIIIIIIIIIIIIIIIIIIIA1IIIIIA1IIIIIA1IIIIIA1IIIIIII
IIIIIIIIIIIIIIIIIIIIIIIIIIIIIIIIIIIIIIIIIIIIIIIIIIIIIIIAIIIIIIII
IIIIIIIIIIIIIIIIIIIIIIIIIIIIIIIIIIIIIIIIIAIIIIIIIIIIIIIAIIIIIIII
IIIIIIIIIIIIIIIIIIIIIIIIIIIIIIIIIIIIIIIIIAIIIIIIAIIIIIIAIIIIIIII
IIIIIIIIIIIIIIIIIIIIIIIIIIIIIIIIIIAIIIIIIAIIIIIIAIIIIIIAIIIIIIII
IIIIIIIIIIIIIIIIIIIIIIIIIIIIIIIIIIIIIIIIIIIIIIIIAIII2IIIIIIIIIII
IIIIIIIIIIIIIIIIIIIIIIIIIIIIIIIIIIAIII2IIIIIIIIIAIII2IIIIIIIIIII
IIIIIIIIIIIIIIIIIIIIIIIIIIIIIIIIIIAIII2IIIIIIIIIAIII2IIAIII2IIII
IIIIIIIIIIIIIIIIIIIIIIIIIIIIIIIIIIAIII2IIAIIIIIIAIII2IIAIII2IIII
IIIIIIIIIIIIIIIIIIIIIIIIIIIIIIIIIIIIIIIIIIIIIIIIIIIIIIA2IIIIIIII
IIIIIIIIIIIIIIIIIIIIIIIIIIIIIIIIIIIIIIIIA2IIIIIIIIIIIIA2IIIIIIII
IIIIIIIIIIIIIIIIIIIIIIIIIIIIIIIIIIIIIIIIA2IIIIIIIIIIIIAA2IIIIIII
IIIIIIIIIIIIIIIIIIIIIIIIIIIIIIIIIIIIIIIIAA2IIIIIIIIIIIAA2IIIIIII
IIIIIIIIIIIIIIIIIIIIIIIIIIIIIIIIIIIIIIIIIIIIIIIIIIIIIIIA1IIIIIII
IIIIIIIIIIIIIIIIIIIIIIIIIIIIIIIIIIIIIIIIIA1IIIIIIIIIIIIA1IIIIIII
IIIIIIIIIIIIIIIIIIIIIIIIIIIIIIIIIIIIIIIIIIIIIIIIIIIIIA1IIIIIIIII
IIIIIIIIIIIIIIIIIIIIIIIIIIIIIIIIIIIIIIIIIIIIIIIIAIIIIIIIIIIIIIII
IIIIIIIIIIIIIIIIIIIIIIIIIIIIIIIIIIAIIIIIIIIIIIIIAIIIIIIIIIIIIIII
IIIIIIIIIIIIIIIIIIIIIIIIIIIIIIIIIIAIIIIIIIIIIIIIAIIIIIAIIIIIIIII
IIIIIIIIIIIIIIIIIIIIIIIIIIIIIIIIIIAIIIIIAIIIIIIIAIIIIIAIIIIIIIII
IIIIIIIIIIIIIIIIIIIIIIIIIIIIIIIIIIIIIIIIIIIIIIIIIIIIIA2IIIIIIIII
IIIIIIIIIIIIIIIIIIIIIIIIIIIIIIIIIIIIIIIA2IIIIIIIIIIIIA2IIIIIIIII
IIIIIIIIIIIIIIIIIIIIIIIIIIIIIIIIIIIIIIIA2IIIIIIIA2IIIA2IIIIIIIII
IIIIIIIIIIIIIIIIIIIIIIIIIIIIIIIIIIA2IIIA2IIIIIIIA2IIIA2IIIIIIIII
IIIIIIIIIIIIIIIIIIIIIIIIIIIIIIIIIIIA2IIIIIIIIIIIIIIIIIIIIIIIIIII
IIIIIIIIIIIIIIIIIIIIIIIIIIIIIIIIIIIA2IIIIIIIIIIIIA2IIIIIIIIIIIII
IIIIIIIIIIIIIIIIIIIIIIIIIIIIIIIIIIIA2IIA2IIIIIIIIA2IIIIIIIIIIIII
IIIIIIIIIIIIIIIIIIIIIIIIIIIIIIIIIIIA2IIA2IIIIIIIIA2IIA2IIIIIIIII
IIIIIIIIIIIIIIIIIIIIIIIIIIIIIIIIIIIA2IIA2IIIIIIIAA2IIA2IIIIIIIII
IIIIIIIIIIIIIIIIIIIIIIIIIIIIIIIIIIAA2IIA2IIIIIIIAA2IIA2IIIIIIIII
IIIIIIIIIIIIIIIIIIIIIIIIIIIIIIIIIIIIIIIIIIIIIIIIAIIIIIIIIIIIIIII
IIIIIIIIIIIIIIIIIIIIIIIIIIIIIIIIIIIIIIIIIIIIIIIIA2IIIIIIIIIIIIII
IIIIIIIIIIIIIIIIIIIIIIIIIIIIIIIIIIIIIIIIIIIIIIIIA1IIIIIIIIIIIIII
IIIIIIIIIIIIIIIIIIIIIIIIIIIIIIIIIIA1IIIIIIIIIIIIA1IIIIIIIIIIIIII
IIIIIIIIIIIIIIIIIIIIIIIIIIIIIIIIIIA1IIIIIIIIIIA1A1IIIIIIIIIIIIII
IIIIIIIIIIIIIIIIIIIIIIIIIIIIIIIIA1A1IIIIIIIIIIA1A1IIIIIIIIIIIIII
IIIIIIIIIIIIIIIIIIIIIIIIIIIIIIIIIIIIIIIIIIIIIIIIIIIIIIIAIIIIIIII
IIIIIIIIIIIIIIIIIIIIIIIIIIIIIIIIIIIIIIIIIAIIIIIIIIIIIIIAIIIIIIII
IIIIIIIIIIIIIIIIIIIIIIIIIIIIIIIIIIIIIIIIIAIIIIIA1IIIIIIAIIIIIIII
IIIIIIIIIIIIIIIIIIIIIIIIIIIIIIIIIA1IIIIIIAIIIIIA1IIIIIIAIIIIIIII
IIIIIIIIIIIIIIIIIIIIIIIIIIIIIIIIIA1IIIIIIAIIIIIAA1IIIIIAIIIIIIII
IIIIIIIIIIIIIIIIIIIIIIIIIIIIIIIIIAA1IIIIIAIIIIIAA1IIIIIAIIIIIIII
IIIIIIIIIIIIIIIIIIIIIIIIIIIIIIIIIIIIIIIIIIIIIIIAIIIIIIIIIIIIIIII
IIIIIIIIIIIIIIIIIIIIIIIIIIIIIIIIIIIIIIIIIIIIIIIA2IIIIIIIIIIIIIII
IIIIIIIIIIIIIIIIIIIIIIIIIIIIIIIIIIIIIIIIIIIIIIIIIA2IIIIIIIIIIIII
IIIIIIIIIIIIIIIIIIIIIIIIIIIIIIIIIIIIIIIIIIIIIIIIIA1IIIIIIIIIIIII
IIIIIIIIIIIIIIIIIIIIIIIIIIIIIIIIIIIIIIIIIIIIIIIIIAIIIIIIIIIIIIII
IIIIIIIIIIIIIIIIIIIIIIIIIIIIIIIIIIIIIIIIIIIIIIIIIA1IIIIIIIIIIIII
IIIIIIIIIIIIIIIIIIIIIIIIIIIIIIIIIIIIIIIIIIIIIIIIIIIIIIIIA1IIIIII
IIIIIIIIIIIIIIIIIIIIIIIIIIIIIIIIIIIIIIIIIIIIIIIIIIIIIIAIIIIIIIII
IIIIIIIIIIIIIIIIIIIIIIIIIIIIIIIIIIIIIIIIIIIIIIIIIIIIIIA1IIIIIIII
IIIIIIIIIIIIIIIIIIIIIIIIIIIIIIIIIIIIIIIIIIIIIIIIA12IIIIIIIIIIIII
IIIIIIIIIIIIIIIIIIIIIIIIIIIIIIIIIIIIIIIIIIIIIIIIA2IIIIIIIIIIIIII
IIIIIIIIIIIIIIIIIIIIIIIIIIIIIIIIIIIIIIIIIIIIIIIIA1I2IIIIIIIIIIII
IIIIIIIIIIIIIIIIIIIIIIIIIIIIIIIIIIIIIIIIIIIIIIIIAIIIIIIIIIIIIIII
IIIIIIIIIIIIIIIIIIIIIIIIIIIIIIIIIIIIIIIIIIIIIIIIA1IIIIIIIIIIIIII
IIIIIIIIIIIIIIIIIIIIIIIIIIIIIIIIIIIIIIIIIIIIIIA1IIIIIIIIIIIIIIII
IIIIIIIIIIIIIIIIIIIIIIIIIIIIIIIIIIIIIIIIIIIIIIA1IIIIIIA1IIIIIIII
IIIIIIIIIIIIIIIIIIIIIIIIIIIIIIIIIIIIIIIIIIIIIIAIIIIIIIIIIIIIIIII
IIIIIIIIIIIIIIIIIIIIIIIIIIIIIIIIIIIIIIIIIIIIIIA1IIIIIIIIIIIIIIII
IIIIIIIIIIIIIIIIIIIIIIIIIIIIIIIIIIIIIIIIIIIIIIAIIIIIIIIIIIIIIIII
IIIIIIIIIIIIIIIIIIIIIIIIIIIIIIIIIIIIIIIIIIIIIIA1IIIIIIIIIIIIIIII
IIIIIIIIIIIIIIIIIIIIIIIIIIIIIIIIIIIIIIIIIIIIIIA2IIIIIIIIIIIIIIII
IIIIIIIIIIIIIIIIIIIIIIIIIIIIIIIIIIIIIIIIIIIIIIA1IIIIIIIIIIIIIIII
IIIIIIIIIIIIIIIIIIIIIIIIIIIIIIIIIIIIIIIIIIIIIIIIIIIIIA2IIIIIIIII
IIIIIIIIIIIIIIIIIIIIIIIIIIIIIIIIIIIIIIIIIIIIIIIIIIIIIA1IIIIIIIII
IIIIIIIIIIIIIIIIIIIIIIIIIIIIIIIIIIIIIIIIIIIIIIAIIIIIIIIIIIIIIIII
IIIIIIIIIIIIIIIIIIIIIIIIIIIIIIIIIIIIIIIIIIIIIIIIIIIIIA12IIIIIIII
IIIIIIIIIIIIIIIIIIIIIIIIIIIIIIIIIIIIIIIIIIIIIIIIIIIIIIA1I2IIIIII
IIIIIIIIIIIIIIIIIIIIIIIIIIIIIIIIIIIIIIIIIIIIIIIIIIIIIIAIIIIIIIII
IIIIIIIIIIIIIIIIIIIIIIIIIIIIIIIIIIIIIIIIIIIIIIA2IIIIIIIIIIIIIIII
IIIIIIIIIIIIIIIIIIIIIIIIIIIIIIIIIIIIIIIIIIIIIIA1IIIIIIIIIIIIIIII
IIIIIIIIIIIIIIIIIIIIIIIIIIIIIIIIIIIIIIIIIIIIIIIIIIIIIIIAIIIIIIII
IIIIIIIIIIIIIIIIIIIIIIIIIIIIIIIIIIIIIIIIIIIIIIIIIIIIIIAAIIIIIIII
IIIIIIIIIIIIIIIIIIIIIIIIIIIIIIIIIIIIIIIIIIIIIIA1IIIIIIAAIIIIIIII
IIIIIIIIIIIIIIIIIIIIIIIIIIIIIIIIIIIIIIIIIIIIIIAIIIIIIIIIIIIIIIII
IIIIIIIIIIIIIIIIIIIIIIIIIIIIIIIIIIIIIIIIIIIIIIAA1IIIIIIIIIIIIIII
IIIIIIIIIIIIIIIIIIIIIIIIIIIIIIIIIIIIIIIIIIIIIIIIIIIIIIIAIIIIIIII
IIIIIIIIIIIIIIIIIIIIIIIIIIIIIIIIIIIIIIIIIIIIIIIIIIIIIIIA1IIIIIII
IIIIIIIIIIIIIIIIIIIIIIIIIIIIIIIIIIIIIIIIIIIIIIIAIIIIIIIIIIIIIIII
IIIIIIIIIIIIIIIIIIIIIIIIIIIIIIIIIIIIIIIIIIIIIIIIIIIIIIAIIIIIIIII
IIIIIIIIIIIIIIIIIIIIIIIIIIIIIIIIIIIIIIIIIIIIIIIIIIIIIIAA1IIIIIII
IIIIIIIIIIIIIIIIIIIIIIIIIIIIIIIIIIIIIIIIIIIIIIIIIIIIIIIA2IIIIIII
IIIIIIIIIIIIIIIIIIIIIIIIIIIIIIIIIIIIIIIIIIIIIIIIIIIIIA1A2IIIIIII
IIIIIIIIIIIIIIIIIIIIIIIIIIIIIIIIIIIIIIIIIIIIIIIIIIIIIA12IIIIIIII
IIIIIIIIIIIIIIIIIIIIIIIIIIIIIIIIIIIIIIIIIIIIIIIIIIIIIAIIIIIIIIII
IIIIIIIIIIIIIIIIIIIIIIIIIIIIIIIIIIIIIIIIIIIIIIIIIAIIIAIIIIIIIIII
IIIIIIIIIIIIIIIIIIIIIIIIIIIIIIIIIIIIIIIIIIIIIIA1IIIIIIIIIIIIIIII
IIIIIIIIIIIIIIIIIIIIIIIIIIIIIIIIIIIIIIIIIIIIIIIIIIIIIIIAIIIIIIII
IIIIIIIIIIIIIIIIIIIIIIIIIIIIIIIIIIIIIIIIIIIIIIIIIIIIIIIA1IIIIIII
IIIIIIIIIIIIIIIIIIIIIIIIIIIIIIIIIIIIIIIIIIIIIIAIIIIIIIIIIIIIIIII
IIIIIIIIIIIIIIIIIIIIIIIIIIIIIIIIIIIIIIIIIIIIIIAIIIIIIIIAIIIIIIII
IIIIIIIIIIIIIIIIIIIIIIIIIIIIIIIIIIIIIIIIIIIIIIIIIIIIIIIA1IIIIIII
IIIIIIIIIIIIIIIIIIIIIIIIIIIIIIIIIIIIIIIIIIIIIIIIIIIIIIIAIIIIIIII
IIIIIIIIIIIIIIIIIIIIIIIIIIIIIIIIIIIIIIIIIIIIIIIIIIIIIIIIA2IIIIII
IIIIIIIIIIIIIIIIIIIIIIIIIIIIIIIIIIIIIIIIIIIIIIIIIIIIIIIIA1IIIIII
IIIIIIIIIIIIIIIIIIIIIIIIIIIIIIIIIIIIIIIIIIIIIIIIIIIIIIIIA12IIIII
IIIIIIIIIIIIIIIIIIIIIIIIIIIIIIIIIIIIIIIIIIIIIIIIIAIIIIIIIIIIIIII
IIIIIIIIIIIIIIIIIIIIIIIIIIIIIIIIIIIIIIIIIIIIIIIIIA1IIIIIIIIIIIII
IIIIIIIIIIIIIIIIIIIIIIIIIIIIIIIIIIIIIIIIIIIIIIA1IA1IIIIIIIIIIIII
IIIIIIIIIIIIIIIIIIIIIIIIIIIIIIIIIIIIIIIIIIIIIIA2IIIIIIIIIIIIIIII
IIIIIIIIIIIIIIIIIIIIIIIIIIIIIIIIIIIIIIIIIIIIIIIA1I222IIIIIIIIIII
IIIIIIIIIIIIIIIIIIIIIIIIIIIIIIIIIIIIIIIIIIIIIIIA2IIIIIIIIIIIIIII
IIIIIIIIIIIIIIIIIIIIIIIIIIIIIIIIIIIIIIIIIIIIIIIA1IIIIIIIIIIIIIII
IIIIIIIIIIIIIIIIIIIIIIIIIIIIIIIIIIIIIIIIIIIIIIIA1I2IIIIIIIIIIIII
IIIIIIIIIIIIIIIIIIIIIIIIIIIIIIIIIIIIIIIIIIIIIIIA2IIIIIIIIIIIIIII
IIIIIIIIIIIIIIIIIIIIIIIIIIIIIIIIIIIIIIIIIIIIIIIIIIIIIIIIAIIIIIII
IIIIIIIIIIIIIIIIIIIIIIIIIIIIIIIIIIIIIIIIIIIIIIIIIIIIIIIIA1IIIIII
IIIIIIIIIIIIIIIIIIIIIIIIIIIIIIIIIIIIIIIIIIIIIIIIIIIIIIIIAIIIIIII
IIIIIIIIIIIIIIIIIIIIIIIIIIIIIIIIIIIIIIIIIIIIIIA11IIIIIIIIIIIIIII
IIIIIIIIIIIIIIIIIIIIIIIIIIIIIIIIIIIIIIIIIIIIIIA1111IIIIIIIIIIIII
IIIIIIIIIIIIIIIIIIIIIIIIIIIIIIIIIIIIIIIIIIIIIIA111112222IIIIIIII
IIIIIIIIIIIIIIIIIIIIIIIIIIIIIIIIIIIIIIIIIIIIIIA11111222222I2IIII
IIIIIIIIIIIIIIIIIIIIIIIIIIIIIIIIIIIIIIIIIIIIIIA11111222222I22III
IIIIIIIIIIIIIIIIIIIIIIIIIIIIIIIIIIIIIIIIIIIIIIA2IIIIIIIIIIIIIIII
IIIIIIIIIIIIIIIIIIIIIIIIIIIIIIIIIIIIIIIIIIIIIIA1IIIIIIIIIIIIIIII
IIIIIIIIIIIIIIIIIIIIIIIIIIIIIIIIIIIIIIIIIIIIIIA1IIIIIIA1IIIIIIII
IIIIIIIIIIIIIIIIIIIIIIIIIIIIIIIIIIIIIIIIIIIIIIA1IIIIIAA1IIIIIIII
IIIIIIIIIIIIIIIIIIIIIIIIIIIIIIIIIIIIIIIIIIIIIIIIA1IIIIIIIIIIIIII
IIIIIIIIIIIIIIIIIIIIIIIIIIIIIIIIIIIIIIIIIIIIIIIIAIIIIIIIIIIIIIII
IIIIIIIIIIIIIIIIIIIIIIIIIIIIIIIIIIIIIIIIIIIIIIIIIIIIIIA1IIIIIIII
IIIIIIIIIIIIIIIIIIIIIIIIIIIIIIIIIIIIIIIIIIIIIIIIIIIIIIAIIIIIIIII
IIIIIIIIIIIIIIIIIIIIIIIIIIIIIIIIIIIIIIIIIIIIIIIIIIIIIIA1IIIIIIII
IIIIIIIIIIIIIIIIIIIIIIIIIIIIIIIIIIIIIIIIIIIIIIA1IIIIIIIIIIIIIIII
IIIIIIIIIIIIIIIIIIIIIIIIIIIIIIIIIIIIIIIIIIIIIIA12222IIIIIIIIIIII
IIIIIIIIIIIIIIIIIIIIIIIIIIIIIIIIIIIIIIIIIIIIIIA122222IIIIIIIIIII
IIIIIIIIIIIIIIIIIIIIIIIIIIIIIIIIIIIIIIIIIIIIIIA2IIIIIIIIIIIIIIII
IIIIIIIIIIIIIIIIIIIIIIIIIIIIIIIIIIIIIIIIIIIIIIA1I2IIIIIIIIIIIIII
IIIIIIIIIIIIIIIIIIIIIIIIIIIIIIIIIIIIIIIIIIIIIIIIA1I2IIIIIIIIIIII
IIIIIIIIIIIIIIIIIIIIIIIIIIIIIIIIIIIIIIIIIIIIIIIA122IIIIIIIIIIIII
IIIIIIIIIIIIIIIIIIIIIIIIIIIIIIIIIIIIIIIIIIIIIIIA2IIIIIIIIIIIIIII
IIIIIIIIIIIIIIIIIIIIIIIIIIIIIIIIIIIIIIIIIIIIIIIIIIIIIIIA12IIIIII
IIIIIIIIIIIIIIIIIIIIIIIIIIIIIIIIIIIIIIIIIIIIIIA1IIIIIIIIIIIIIIII
IIIIIIIIIIIIIIIIIIIIIIIIIIIIIIIIIIIIIIIIIIIIIIAIIIIIIIIIIIIIIIII
IIIIIIIIIIIIIIIIIIIIIIIIIIIIIIIIIIIIIIIIIIIIIIAIIIIIIA2IIIIIIIII
IIIIIIIIIIIIIIIIIIIIIIIIIIIIIIIIIIIIIIIIIIIIIIAIIIIIIA1IIIIIIIII
IIIIIIIIIIIIIIIIIIIIIIIIIIIIIIIIIIIIIIIIIIIIIIIIIIIIIIAIIIIIIIII
IIIIIIIIIIIIIIIIIIIIIIIIIIIIIIIIIIIIIIIIIIIIIIIAIIIIIIAIIIIIIIII
IIIIIIIIIIIIIIIIIIIIIIIIIIIIIIIIIIIIIIIIIIIIIIA1IIIIIIIIIIIIIIII
IIIIIIIIIIIIIIIIIIIIIIIIIIIIIIIIIIIIIIIIIIIIIIIIIIIIIAIIIIIIIIII
IIIIIIIIIIIIIIIIIIIIIIIIIIIIIIIIIIIIIIIIIIIIIIIIIIIIIA1I22IIIIII
IIIIIIIIIIIIIIIIIIIIIIIIIIIIIIIIIIIIIIIIIIIIIIIIIIIIIA2IIIIIIIII
IIIIIIIIIIIIIIIIIIIIIIIIIIIIIIIIIIIIIIIIIIIIIIIIIIIIIIIA2IIIIIII
IIIIIIIIIIIIIIIIIIIIIIIIIIIIIIIIIIIIIIIIIIIIIIIIIIIIIIIA1IIIIIII
IIIIIIIIIIIIIIIIIIIIIIIIIIIIIIIIIIIIIIIIIIIIIIIIIA1IIIIA1IIIIIII
IIIIIIIIIIIIIIIIIIIIIIIIIIIIIIIIIIIIIIIIIIIIIIIIIA1IIIIAAIIIIIII
IIIIIIIIIIIIIIIIIIIIIIIIIIIIIIIIIIIIIIIIIIIIIIIIIIIIIA12IIIIIIII
IIIIIIIIIIIIIIIIIIIIIIIIIIIIIIIIIIIIIIIIIIIIIIIIIIIIIA2IIIIIIIII
IIIIIIIIIIIIIIIIIIIIIIIIIIIIIIIIIIIIIIIIIIIIIIA1IIIIIIIIIIIIIIII
IIIIIIIIIIIIIIIIIIIIIIIIIIIIIIIIIIIIIIIIIIIIIIIIAIIIIIIIIIIIIIII
IIIIIIIIIIIIIIIIIIIIIIIIIIIIIIIIIIIIIIIIIIIIIIIAAIIIIIIIIIIIIIII
IIIIIIIIIIIIIIIIIIIIIIIIIIIIIIIIIIIIIIIIIIIIIIIIIIIIIAIIIIIIIIII
IIIIIIIIIIIIIIIIIIIIIIIIIIIIIIIIIIIIIIIIIIIIIIIIIIIIIA1IIIIIIIII
IIIIIIIIIIIIIIIIIIIIIIIIIIIIIIIIIIIIIIIIIIIIIIIIIIIIIIA1I2IIIIII
IIIIIIIIIIIIIIIIIIIIIIIIIIIIIIIIIIIIIIIIIIIIIIIAIIIIIIA1I2IIIIII
IIIIIIIIIIIIIIIIIIIIIIIIIIIIIIIIIIIIIIIIIIIIIIAAIIIIIIA1I2IIIIII
IIIIIIIIIIIIIIIIIIIIIIIIIIIIIIIIIAIIIIIIIIIIIIAAIIIIIIA1I2IIIIII
IIIIIIIIIIIIIIIIIIIIIIIIIIIIIIIIAAIIIIIIIIIIIIAAIIIIIIA1I2IIIIII
IIIIIIIIIIIIIIIIIIIIIIIIIIIIIIIIAAIIIIIIIIIIIIAAIAIIIIA1I2IIIIII
IIIIIIIIIIIIIIIIIIIIIIIIIIIIIIIIAAIAIIIIIIIIIIAAIAIIIIA1I2IIIIII
IIIIIIIIIIIIIIIIIIIIIIIIIIIIIIIIIIIIIIIIIIIIIIIIIA2IIIIIIIIIIIII
IIIIIIIIIIIIIIIIIIIIIIIIIIIIIIIIIIIA2IIIIIIIIIIIIA2IIIIIIIIIIIII
IIIIIIIIIIIIIIIIIIIIIIIIIIIIIIIIIIIA2IIIIIIIIIIIIA2IIIA1IIIIIIII
IIIIIIIIIIIIIIIIIIIIIIIIIIIIIIIIIIIA2IIIIIIIIIIIIA2IIIAA1IIIIIII
IIIIIIIIIIIIIIIIIIIIIIIIIIIIIIIIIIIA2IIIA1IIIIIIIA2IIIAA1IIIIIII
IIIIIIIIIIIIIIIIIIIIIIIIIIIIIIIIIIIA2IIIAA1IIIIIIA2IIIAA1IIIIIII
IIIIIIIIIIIIIIIIIIIIIIIIIIIIIIIIIIIIIIIIIIIIIIIIIIIIIIAIIIIIIIII
IIIIIIIIIIIIIIIIIIIIIIIIIIIIIIIIIIIIIIIIIIIIIIIIIIIIIIA2IIIIIIII
IIIIIIIIIIIIIIIIIIIIIIIIIIIIIIIIIIIIIIIIIIIIIIA2IIIIIIA2IIIIIIII
IIIIIIIIIIIIIIIIIIIIIIIIIIIIIIIIIIIIIIIIIIIIIIIIIIIIIIA1IIIIIIII
IIIIIIIIIIIIIIIIIIIIIIIIIIIIIIIIIIIIIIIIIIIIIIIIIIIII2A1IIIIIIII
IIIIIIIIIIIIIIIIIIIIIIIIIIIIIIIIIIIIIII2AIIIIIIIIIIII2A1IIIIIIII
IIIIIIIIIIIIIIIIIIIIIIIIIIIIIIIIIIIIIII2AIIIIIII2AIII2A1IIIIIIII
IIIIIIIIIIIIIIIIIIIIIIIIIIIIIIIIII2AIII2AIIIIIII2AIII2A1IIIIIIII
IIIIIIIIIIIIIIIIIIIIIIIIIIIIIIIIII2AIII2AIIIIIII2AIII2AAIIIIIIII
IIIIIIIIIIIIIIIIIIIIIIIIIIIIIIIIIA1IIIIIIIIIIIIIIIIIIIIIIIIIIIII
IIIIIIIIIIIIIIIIIIIIIIIIIIIIIIIIIA1IIIIIIIIIIIIA1IIIIIIIIIIIIIII
IIIIIIIIIIIIIIIIIIIIIIIIIIIIIIIIIAA1IIIIIIIIIIIA1IIIIIIIIIIIIIII
IIIIIIIIIIIIIIIIIIIIIIIIIIIIIIIIIAA1IIIIIIIIIIIAA1IIIIIIIIIIIIII
IIIIIIIIIIIIIIIIIIIIIIIIIIIIIIIIIAA1IIIIIIIIIIIAA1IIIAIIIIIIIIII
IIIIIIIIIIIIIIIIIIIIIIIIIIIIIIIIIAA1IIIAIIIIIIIAA1IIIAIIIIIIIIII
IIIIIIIIIIIIIIIIIIIIIIIIIIIIIIIIIIIIIIIIIIIIIIIIA1IIIIIIIIIIIIII
IIIIIIIIIIIIIIIIIIIIIIIIIIIIIIIIIIA1IIIIIIIIIIIIA1IIIIIIIIIIIIII
IIIIIIIIIIIIIIIIIIIIIIIIIIIIIIIIIIA1IIIIIIIIIIIIA1IIIA1IIIIIIIII
IIIIIIIIIIIIIIIIIIIIIIIIIIIIIIIIIIA1IIIA1IIIIIIIA1IIIA1IIIIIIIII
IIIIIIIIIIIIIIIIIIIIIIIIIIIIIIIIIIIIIIIIIIIIIIA1I2IIIIIIIIIIIIII
IIIIIIIIIIIIIIIIIIIIIIIIIIIIIIIIIIIIIIIIIIIIIIA1A2IIIIIIIIIIIIII
IIIIIIIIIIIIIIIIIIIIIIIIIIIIIIIIIIAIIIIIIIIIIIA1A2IIIIIIIIIIIIII
IIIIIIIIIIIIIIIIIIIIIIIIIIIIIIIIIIAIIIIIIIIIIIA1AAIIIIIIIIIIIIII
IIIIIIIIIIIIIIIIIIIIIIIIIIIIIIIIIIAAIIIIIIIIIIA1AAIIIIIIIIIIIIII
IIIIIIIIIIIIIIIIIIIIIIIIIIIIIIIIIIIIIIIIIIIIIIIIA2IIIIIIIIIIIIII
IIIIIIIIIIIIIIIIIIIIIIIIIIIIIIIIIIIIIIIIIIIIIIIIAA1IIIIIIIIIIIII
IIIIIIIIIIIIIIIIIIIIIIIIIIIIIIIIIIIA1IIIIIIIIIIIAA1IIIIIIIIIIIII
IIIIIIIIIIIIIIIIIIIIIIIIIIIIIIIIIIIIIIIIIIIIIIIIIIIIIIIA1IIIIIII
IIIIIIIIIIIIIIIIIIIIIIIIIIIIIIIIIIIIIIIIIA1IIIIIIIIIIIIA1IIIIIII
IIIIIIIIIIIIIIIIIIIIIIIIIIIIIIIIIIIIIIIIIA1IIIIIIA1IIIIA1IIIIIII
IIIIIIIIIIIIIIIIIIIIIIIIIIIIIIIIIIIAIIIIIA1IIIIIIA1IIIIA1IIIIIII
IIIIIIIIIIIIIIIIIIIIIIIIIIIIIIIIIIIIIIIIIIIIIIIIA1IIIIIIIIIIIIII
IIIIIIIIIIIIIIIIIIIIIIIIIIIIIIIIIIIIIIIIIIIIIIIAA1IIIIIIIIIIIIII
IIIIIIIIIIIIIIIIIIIIIIIIIIIIIIIIIIIIIIIIIIIIIIIIIIIIIAIIIIIIIIII
IIIIIIIIIIIIIIIIIIIIIIIIIIIIIIIIIIIIIIIIIIIIIIIIIIIIII2AIIIIIIII
IIIIIIIIIIIIIIIIIIIIIIIIIIIIIIIIIIIIIIII2AIIIIIIIIIIII2AIIIIIIII
IIIIIIIIIIIIIIIIIIIIIIIIIIIIIIIIIIIIIIIIIIIIIIIIIIIIIA1IIIIIIIII
IIIIIIIIIIIIIIIIIIIIIIIIIIIIIIIIIIIIIIIA1IIIIIIIIIIIIA1IIIIIIIII
IIIIIIIIIIIIIIIIIIIIIIIIIIIIIIIIIIIIIIIA1IIIIIIA1IIIIA1IIIIIIIII
IIIIIIIIIIIIIIIIIIIIIIIIIIIIIIIIIA1IIIIA1IIIIIIA1IIIIA1IIIIIIIII
IIIIIIIIIIIIIIIIIIIIIIIIIIIIIIIIIA1IIIIA1IIIIIIA1IIIIA1AIIIIIIII
IIIIIIIIIIIIIIIIIIIIIIIIIIIIIIIIIA1IIIIA1IIIIIIA1IIIIA1A2IIIIIII
IIIIIIIIIIIIIIIIIIIIIIIIIIIIIIIIIA1IIIIA1A2IIIIA1IIIIA1A2IIIIIII
IIIIIIIIIIIIIIIIIIIIIIIIIIIIIIIIIA1IIIIA1A2IIIIAA2IIIA1A2IIIIIII
IIIIIIIIIIIIIIIIIIIIIIIIIIIIIIIIIAA2IIIA1A2IIIIAA2IIIA1A2IIIIIII
IIIIIIIIIIIIIIIIIIIIIIIIIIIIIIIIIAA2IIIA1A2IIIAAA2IIIA1A2IIIIIII
IIIIIIIIIIIIIIIIIIIIIIIIIIIIIIIIAAA2IIIA1A2IIIAAA2IIIA1A2IIIIIII
IIIIIIIIIIIIIIIIIIIIIIIIIIIIIIIIAAA2IIIA1A2IIIAAA2IIIAAA2IIIIIII
IIIIIIIIIIIIIIIIIIIIIIIIIIIIIIIIAAA2IIIAAA2IIIAAA2IIIAAA2IIIIIII
IIIIIIIIIIIIIIIIIIIIIIIIIIIIIIIIIIIIIIIIIIIIIIIIIIIIIIA1IIIIIIII
IIIIIIIIIIIIIIIIIIIIIIIIIIIIIIIIIIIIIIIIIIIIIIAIIIIIIIA1IIIIIIII
IIIIIIIIIIIIIIIIIIIIIIIIIIIIIIIIAIIIIIIIIIIIIIAIIIIIIIA1IIIIIIII
IIIIIIIIIIIIIIIIIIIIIIIIIIIIIIIIAIIIIIIIAIIIIIAIIIIIIIA1IIIIIIII
IIIIIIIIIIIIIIIIIIIIIIIIIIIIIIIIIIIIIIIIIIIIIIIIIIIIIIA1IIIIIIII
IIIIIIIIIIIIIIIIIIIIIIIIIIIIIIIIIIIIIIIIA1IIIIIIIIIIIIA1IIIIIIII
IIIIIIIIIIIIIIIIIIIIIIIIIIIIIIIIIIIIIIIIA1IIIIAIIIIIIIA1IIIIIIII
IIIIIIIIIIIIIIIIIIIIIIIIIIIIIIIIA1IIIIIIA1IIIIAIIIIIIIA1IIIIIIII
IIIIIIIIIIIIIIIIIIIIIIIIIIIIIIIIIIIIIIIIIIIIIIIIIIIIIIAI2IIIIIII
IIIIIIIIIIIIIIIIIIIIIIIIIIIIIIIIIIIIIIIIAI2IIIIIIIIIIIAI2IIIIIII
IIIIIIIIIIIIIIIIIIIIIIIIIIIIIIIIIIIIIIIIAI2IIIIIAI2IIIAI2IIIIIII
IIIIIIIIIIIIIIIIIIIIIIIIIIIIIIIIIIAI2IIIAI2IIIIIAI2IIIAI2IIIIIII
IIIIIIIIIIIIIIIIIIIIIIIIIIIIIIIIIIAI2IIIAI2IIIIIAI2IIAAI2IIIIIII
IIIIIIIIIIIIIIIIIIIIIIIIIIIIIIIIIIAI2IIAAI2IIIIIAI2IIAAI2IIIIIII
IIIIIIIIIIIIIIIIIIIIIIIIIIIIIIIIIIAI2IIAAI2IIIIIA22IIAAI2IIIIIII
IIIIIIIIIIIIIIIIIIIIIIIIIIIIIIIIIIA22IIAAI2IIIIIA22IIAAI2IIIIIII
IIIIIIIIIIIIIIIIIIIIIIIIIIIIIIIIIIA22IIAAI2IIIIIAA2IIAAI2IIIIIII
IIIIIIIIIIIIIIIIIIIIIIIIIIIIIIIIIIAA2IIAAI2IIIIIAA2IIAAI2IIIIIII
IIIIIIIIIIIIIIIIIIIIIIIIIIIIIIIIIIAA2IIAAI2IIIIIAA2IIAAIA2IIIIII
IIIIIIIIIIIIIIIIIIIIIIIIIIIIIIIIIIAA2IIAAIA2IIIIAA2IIAAIA2IIIIII
IIIIIIIIIIIIIIIIIIIIIIIIIIIIIIIIIIIIIIIIIIIIIIA2IIIIIIIIIIIIIIII
IIIIIIIIIIIIIIIIIIIIIIIIIIIIIIIIIIIIIIIIIIIIIIA2IIIIIIIA2IIIIIII
IIIIIIIIIIIIIIIIIIIIIIIIIIIIIIIIIIIIIIIIIIIIIIIIIIIIIA112I222III
IIIIIIIIIIIIIIIIIIIIIIIIIIIIIIIIIIIIIIIIIIIIIIIIIIIIIA1IIIIIIIII
IIIIIIIIIIIIIIIIIIIIIIIIIIIIIIIIIIIIIIIIIIIIIIAIIIIIIA1IIIIIIIII
IIIIIIIIIIIIIIIIIIIIIIIIIIIIIIIIAIIIIIIIIIIIIIAIIIIIIA1IIIIIIIII
IIIIIIIIIIIIIIIIIIIIIIIIIIIIIIIIIIIIIIII2AIIIIIIIIIIIIIIIIIIIIII
IIIIIIIIIIIIIIIIIIIIIIIIIIIIIIIIIIIIIIII2AIIIIIIIIIIII2AIIIIIIII
IIIIIIIIIIIIIIIIIIIIIIIIIIIIIII2AIIIIIII2AIIIIIIIIIIII2AIIIIIIII
IIIIIIIIIIIIIIIIIIIIIIIIIIIIIII2AIIIIIII2AIII2AIIIIIII2AIIIIIIII
IIIIIIIIIIIIIIIIIIIIIIIIIIIIIIIIIIIIIIIIIIIIIIA2IIIIIIIIIIIIIIII
IIIIIIIIIIIIIIIIIIIIIIIIIIIIIIIIIIIIIIIIIIIII1A2IIIIIIIIIIIIIIII
IIIIIIIIIIIIIIIIIIIIIIIIIIIIIIIIIIIIIIIIIIIII1A2IIIII1AIIIIIIIII
IIIIIIIIIIIIIIIIIIIIIIIIIIIIIII1AIIIIIIIIIIII1A2IIIII1AIIIIIIIII
IIIIIIIIIIIIIIIIIIIIIIIIIIIIIII1AIIIIII1AIIII1A2IIIII1AIIIIIIIII
IIIIIIIIIIIIIIIIIIIIIIIIIIIIIIIIA2IIIIIIIIIIIIIIIIIIIIIIIIIIIIII
IIIIIIIIIIIIIIIIIIIIIIIIIIIIIIIIA2IIIIIIIIIIIIA2IIIIIIIIIIIIIIII
IIIIIIIIIIIIIIIIIIIIIIIIIIIIIIIIIIIIIIIIIIIIIIIIA2IIIIIIIIIIIIII
IIIIIIIIIIIIIIIIIIIIIIIIIIIIIIIIIIA2IIIIIIIIIIIIA2IIIIIIIIIIIIII
IIIIIIIIIIIIIIIIIIIIIIIIIIIIIIIIIIA2IIIIIIIIIIIIA2IIIIIA2IIIIIII
IIIIIIIIIIIIIIIIIIIIIIIIIIIIIIIIIIA2IIIIIA2IIIIIA2IIIIIA2IIIIIII
IIIIIIIIIIIIIIIIIIIIIIIIIIIIIIIIIIIIIIIIIIIIIIII2AIIIIIIIIIIIIII
IIIIIIIIIIIIIIIIIIIIIIIIIIIIIIIIII2AIIIIIIIIIIII2AIIIIIIIIIIIIII
IIIIIIIIIIIIIIIIIIIIIIIIIIIIIIIIII2AIIIIIIIIIIII2AII2AIIIIIIIIII
IIIIIIIIIIIIIIIIIIIIIIIIIIIIIIIIII2AII2AIIIIIIII2AII2AIIIIIIIIII
IIIIIIIIIIIIIIIIIIIIIIIIIIIIIIIIII2AII2AIIIIIIA22AII2AIIIIIIIIII
IIIIIIIIIIIIIIIIIIIIIIIIIIIIIIIIA22AII2AIIIIIIA22AII2AIIIIIIIIII
IIIIIIIIIIIIIIIIIIIIIIIIIIIIIIIIA22AII2AIIIIIIA2AAII2AIIIIIIIIII
IIIIIIIIIIIIIIIIIIIIIIIIIIIIIIIIA2AAII2AIIIIIIA2AAII2AIIIIIIIIII
IIIIIIIIIIIIIIIIIIIIIIIIIIIIIIIIIIIIIIIIIIIIIIA1IIIIIIIIIIIIIIII
IIIIIIIIIIIIIIIIIIIIIIIIIIIIIIIIIIIIIIIIIIIIIIAA1IIIIIIIIIIIIIII
IIIIIIIIIIIIIIIIIIIIIIIIIIIIIIIIIIIIIIIIIIIIIIIA2IIIIIIIIIIIIIII
IIIIIIIIIIIIIIIIIIIIIIIIIIIIIIIIIIIIIIIIIIIIIIIA1IIIIIIIIIIIIIII
IIIIIIIIIIIIIIIIIIIIIIIIIIIIIIIIIIIIIIIIIIIIIIIAIIIIIIIIIIIIIIII
IIIIIIIIIIIIIIIIIIIIIIIIIIIIIIIIIIIIIIIIIIIIIIIA1IIIIIIIIIIIIIII
IIIIIIIIIIIIIIIIIIIIIIIIIIIIIIIIIIIIIIIIIIIIIIIIIA2IIIIIIIIIIIII
IIIIIIIIIIIIIIIIIIIIIIIIIIIIIIIIIIIA2IIIIIIIIIIIIA2IIIIIIIIIIIII
IIIIIIIIIIIIIIIIIIIIIIIIIIIIIIIIIIIA2IIIIIIIIIA2IA2IIIIIIIIIIIII
IIIIIIIIIIIIIIIIIIIIIIIIIIIIIIIIA2IA2IIIIIIIIIA2IA2IIIIIIIIIIIII
IIIIIIIIIIIIIIIIIIIIIIIIIIIIIIIIA2IA2IIIIIIIIIA2AA2IIIIIIIIIIIII
IIIIIIIIIIIIIIIIIIIIIIIIIIIIIIIIA2AA2IIIIIIIIIA2AA2IIIIIIIIIIIII
IIIIIIIIIIIIIIIIIIIIIIIIIIIIIIIIIIIIIIIIIIIIIIAIIIIIIIIIIIIIIIII
IIIIIIIIIIIIIIIIIIIIIIIIIIIIIIIIIIIIIIIIIIIIIIA2IIIIIIIIIIIIIIII
IIIIIIIIIIIIIIIIIIIIIIIIIIIIIIIIIIIIIIIIIIIIIIIIIIIIIIIA2IIIIIII
IIIIIIIIIIIIIIIIIIIIIIIIIIIIIIIIIIIIIIIIIA2IIIIIIIIIIIIA2IIIIIII
IIIIIIIIIIIIIIIIIIIIIIIIIIIIIIIIIIIIIIIIIA2IIIA2IIIIIIIA2IIIIIII
IIIIIIIIIIIIIIIIIIIIIIIIIIIIIIIIA2IIIIIIIA2IIIA2IIIIIIIA2IIIIIII
IIIIIIIIIIIIIIIIIIIIIIIIIIIIIIIIIIIIIIIIIIIIIIIA1IIIIIIIIIIIIIII
IIIIIIIIIIIIIIIIIIIIIIIIIIIIIIIIIIIIIIIIIIIIIIIIA2IIIIIIIIIIIIII
IIIIIIIIIIIIIIIIIIIIIIIIIIIIIIIIIIIIIIIIIIIIIIIIIIIIIIA1IIIIIIII
IIIIIIIIIIIIIIIIIIIIIIIIIIIIIIIIIIIIIIIIA1IIIIIIIIIIIIA1IIIIIIII
IIIIIIIIIIIIIIIIIIIIIIIIIIIIIIIIIIIIIIIIA1IIIIA1IIIIIIA1IIIIIIII
IIIIIIIIIIIIIIIIIIIIIIIIIIIIIIIIA1IIIIIIA1IIIIA1IIIIIIA1IIIIIIII
IIIIIIIIIIIIIIIIIIIIIIIIIIIIIIIIA1IIIIIIA1IIIIA1IIIIIIAAIIIIIIII
IIIIIIIIIIIIIIIIIIIIIIIIIIIIIIIIA1IIIIIIAAIIIIA1IIIIIIAAIIIIIIII
IIIIIIIIIIIIIIIIIIIIIIIIIIIIIIIIA1IIIIIIAAIIIIA1IIIII1AAIIIIIIII
IIIIIIIIIIIIIIIIIIIIIIIIIIIIIIIIA1IIIII1AAIIIIA1IIIII1AAIIIIIIII
IIIIIIIIIIIIIIIIIIIIIIIIIIIIIIIIIIIIIIIIIIIIIIA1IIIIIIIIIIIIIIII
IIIIIIIIIIIIIIIIIIIIIIIIIIIIIIIIIIIIIIIIIIIIIIA1A2IIIIIIIIIIIIII
IIIIIIIIIIIIIIIIIIIIIIIIIIIIIIIIIIIIIIIIIIIIIIIIIIIIIIIIA2IIIIII
IIIIIIIIIIIIIIIIIIIIIIIIIIIIIIIIIIIIIIIIIIA2IIIIIIIIIIIIA2IIIIII
IIIIIIIIIIIIIIIIIIIIIIIIIIIIIIIIIIIIIIIIIIA2IIA2IIIIIIIIA2IIIIII
IIIIIIIIIIIIIIIIIIIIIIIIIIIIIIIIA2IIIIIIIIA2IIA2IIIIIIIIA2IIIIII
IIIIIIIIIIIIIIIIIIIIIIIIIIIIIIIIIIIIIIIIIIIIIIIIIIIIIA2IIIIIIIII
IIIIIIIIIIIIIIIIIIIIIIIIIIIIIIIIIIIIIIIIIIIIIIIIIIIIIA1IIIIIIIII
IIIIIIIIIIIIIIIIIIIIIIIIIIIIIIIIIIIIIIIIIIIIIIAIIIIIIA1IIIIIIIII
IIIIIIIIIIIIIIIIIIIIIIIIIIIIIIIIIIIIIIIIIIIIIIAAIIIIIA1IIIIIIIII
IIIIIIIIIIIIIIIIIIIIIIIIIIIIIIIIIIIIIIIIIIIIIIAAAIIIIA1IIIIIIIII
IIIIIIIIIIIIIIIIIIIIIIIIIIIIIIIIIIAIIIIIIIIIIIAAAIIIIA1IIIIIIIII
IIIIIIIIIIIIIIIIIIIIIIIIIIIIIIIIIIAIIIIAIIIIIIAAAIIIIA1IIIIIIIII
IIIIIIIIIIIIIIIIIIIIIIIIIIIIIIIIIIAIIIIAIIIIIIAAAIIIIA1IAIIIIIII
IIIIIIIIIIIIIIIIIIIIIIIIIIIIIIIIIIIIIIIIIIIIIIIIIA1IIIIIIIIIIIII
IIIIIIIIIIIIIIIIIIIIIIIIIIIIIIIIIIIIIIIIIIIIIIIIIA1I22IIIIIIIIII
IIIIIIIIIIIIIIIIIIIIIIIIIIIIIIIIIIIIIIIIIIIIIIIIA2IIIIIIIIIIIIII
IIIIIIIIIIIIIIIIIIIIIIIIIIIIIIIIIIIIIIIIIIIIIIIIA2IIIIIA2IIIIIII
IIIIIIIIIIIIIIIIIIIIIIIIIIIIIIIIIIIIIIIIIIIIIIIIA2IIIA2A2IIIIIII
IIIIIIIIIIIIIIIIIIIIIIIIIIIIIIIIIIIIIIIIIA2IIIIIA2IIIA2A2IIIIIII
IIIIIIIIIIIIIIIIIIIIIIIIIIIIIIIIIIIIIIIA2A2IIIIIA2IIIA2A2IIIIIII
IIIIIIIIIIIIIIIIIIIIIIIIIIIIIIIIIIIIIIIIIIIIIIA1IIIIIIIIIIIIIIII
IIIIIIIIIIIIIIIIIIIIIIIIIIIIIIIIAIIIIIIIIIIIIIA1IIIIIIIIIIIIIIII
IIIIIIIIIIIIIIIIIIIIIIIIIIIIIIIIAIIIIIIIIIIIIIA1IIIIIIIAIIIIIIII
IIIIIIIIIIIIIIIIIIIIIIIIIIIIIIIIAIIIIIIIIA1IIIA1IIIIIIIAIIIIIIII
IIIIIIIIIIIIIIIIIIIIIIIIIIIIIIIIAIIIIIIIIA1IIIA1IIIIIIIAAIIIIIII
IIIIIIIIIIIIIIIIIIIIIIIIIIIIIIIIAIIIIIIIIAAIIIA1IIIIIIIAAIIIIIII
IIIIIIIIIIIIIIIIIIIIIIIIIIIIIIIIIIIIIIIIIIIIIIIIIIIIIIIIA1IIIIII
IIIIIIIIIIIIIIIIIIIIIIIIIIIIIIIIIIIIIIIIIIIIIIIIIIIIIIIIAIIIIIII
IIIIIIIIIIIIIIIIIIIIIIIIIIIIIIIIIIIIIIIIIIIIIIIIIIIIIIIA1IIIIIII
IIIIIIIIIIIIIIIIIIIIIIIIIIIIIIIIIIIIIIIIIIIIIIIIIIIIIIIA111IIIII
IIIIIIIIIIIIIIIIIIIIIIIIIIIIIIIIIIIIIIIIIIIIIIIIIIIIIIIA111I1III
IIIIIIIIIIIIIIIIIIIIIIIIIIIIIIIIIIIIIIIIIIIIIIIIIIIIIIIA111I11II
IIIIIIIIIIIIIIIIIIIIIIIIIIIIIIIIIIIIIIIIIIIIIIIIIIIIIIIA111I111I
IIIIIIIIIIIIIIIIIIIIIIIIIIIIIIIIIIIIIIIIIIIIIIIIIIIIIIIA111I1111
IIIIIIIIIIIIIIIIIIIIIIIIIIIIIIIIIIIIIIIIIIIIIIIIA1IIIIIIIIIIIIII
IIIIIIIIIIIIIIIIIIIIIIIIIIIIIIIIIIIIIIIIIIIIIIIIA122222IIIIIIIII
IIIIIIIIIIIIIIIIIIIIIIIIIIIIIIIIIIIIIIIIIIIIIIIIIIIIIIIA2IIIIIII
IIIIIIIIIIIIIIIIIIIIIIIIIIIIIIIIIIIIIIIIIIIIIIIIIIIIIIIA1IIIIIII
IIIIIIIIIIIIIIIIIIIIIIIIIIIIIIIIIIIIIIIIIIIIIIIA1IIIIIIA1IIIIIII
IIIIIIIIIIIIIIIIIIIIIIIIIIIIIIIIIA1IIIIIIIIIIIIA1IIIIIIA1IIIIIII
IIIIIIIIIIIIIIIIIIIIIIIIIIIIIIIIIA1IIIIIIA1IIIIA1IIIIIIA1IIIIIII
IIIIIIIIIIIIIIIIIIIIIIIIIIIIIIIIIIIIIIIIIIIIIIIAIIIIIIIIIIIIIIII
IIIIIIIIIIIIIIIIIIIIIIIIIIIIIIIIIIIIIIIIIIIIIIIIAIIIIIIIIIIIIIII
IIIIIIIIIIIIIIIIIIIIIIIIIIIIIIIIIIIIIIIIIIIIIIIIA2IIIIIIIIIIIIII
IIIIIIIIIIIIIIIIIIIIIIIIIIIIIIIIIIA2IIIIIIIIIIIIA2IIIIIIIIIIIIII
IIIIIIIIIIIIIIIIIIIIIIIIIIIIIIIIIIA2IIIIIIIIIIIAA2IIIIIIIIIIIIII
IIIIIIIIIIIIIIIIIIIIIIIIIIIIIIIIIAA2IIIIIIIIIIIAA2IIIIIIIIIIIIII
IIIIIIIIIIIIIIIIIIIIIIIIIIIIIIIIIIIIIIIIIIIIIIIIAIIIIIIIIIIIIIII
IIIIIIIIIIIIIIIIIIIIIIIIIIIIIIIIIIIIIIIIIIIIIIIIA2IIIIIIIIIIIIII
IIIIIIIIIIIIIIIIIIIIIIIIIIIIIIIIIIIIIIIIIIIIIIIIA1IIIIIIIIIIIIII
IIIIIIIIIIIIIIIIIIIIIIIIIIIIIIIIIIIIIIIIIIIIIII2A1IIIIIIIIIIIIII
IIIIIIIIIIIIIIIIIIIIIIIIIIIIIIIIIIIIIIIIIIIIIII2A1II2AIIIIIIIIII
IIIIIIIIIIIIIIIIIIIIIIIIIIIIIIIIIIIIII2AIIIIIII2A1II2AIIIIIIIIII
IIIIIIIIIIIIIIIIIIIIIIIIIIIIIIIIIIIIII2AIIIIIII2AAII2AIIIIIIIIII
IIIIIIIIIIIIIIIIIIIIIIIIIIIIIIIIII2AII2AIIIIIII2AAII2AIIIIIIIIII
IIIIIIIIIIIIIIIIIIIIIIIIIIIIIIIIIIIIIIIIIIIIIIIIIIIIIA2IIIIIIIII
IIIIIIIIIIIIIIIIIIIIIIIIIIIIIIIIIIIIIIIIIIIIIIIIIIIIIA2A2IIIIIII
IIIIIIIIIIIIIIIIIIIIIIIIIIIIIIIIIIIIIIIIIA2IIIIIIIIIIA2A2IIIIIII
IIIIIIIIIIIIIIIIIIIIIIIIIIIIIIIIIIIIIIIA2A2IIIIIIIIIIA2A2IIIIIII
IIIIIIIIIIIIIIIIIIIIIIIIIIIIIIIIIIIIIIIA2A2IIIIIA2IIIA2A2IIIIIII
IIIIIIIIIIIIIIIIIIIIIIIIIIIIIIII2IAIIIIIIIIIIIIIIIIIIIIIIIIIIIII
IIIIIIIIIIIIIIIIIIIIIIIIIIIIIIII2IAIIIIIIIIIIIIIAIIIIIIIIIIIIIII
IIIIIIIIIIIIIIIIIIIIIIIIIIIIIIII2IAIIIIIIIIIII2IAIIIIIIIIIIIIIII
IIIIIIIIIIIIIIIIIIIIIIIIIIIIII222IAIIIIIIIIIII2IAIIIIIIIIIIIIIII
IIIIIIIIIIIIIIIIIIIIIIIIIIIIIIIIIIIIIIIIIIIIIIA2IIIIIIIIIIIIIIII
IIIIIIIIIIIIIIIIIIIIIIIIIIIIIIIIA2IIIIIIIIIIIIA2IIIIIIIIIIIIIIII
IIIIIIIIIIIIIIIIIIIIIIIIIIIIIIIIA2IIIIIIIIIIIIA2A2IIIIIIIIIIIIII
IIIIIIIIIIIIIIIIIIIIIIIIIIIIIIIIA2A2IIIIIIIIIIA2A2IIIIIIIIIIIIII
IIIIIIIIIIIIIIIIIIIIIIIIIIIIIIIIIIIIIIIIIIIIIIA2IIIIIIIIIIIIIIII
IIIIIIIIIIIIIIIIIIIIIIIIIIIIIIIIIIIIIIIIIIIIIIA1IIIIIIIIIIIIIIII
IIIIIIIIIIIIIIIIIIIIIIIIIIIIIIIIIIIIIIIIIIIIIIAA1IIIIIIIIIIIIIII
IIIIIIIIIIIIIIIIIIIIIIIIIIIIIIIIIIIIIIIIIIIIIIIAIIIIIIIIIIIIIIII
IIIIIIIIIIIIIIIIIIIIIIIIIIIIIIIIIIIIIIIIIIIIII1AIIIIIIIIIIIIIIII
IIIIIIIIIIIIIIIIIIIIIIIIIIIIIIIIIIIIIIIIIIIIIIA1IIIIIIIIIIIIIIII
IIIIIIIIIIIIIIIIIIIIIIIIIIIIIIIIIIIIIIIIIIIIIIA1IIIIIA1IIIIIIIII
IIIIIIIIIIIIIIIIIIIIIIIIIIIIIIIIIIIIIIIIIIIIIIIIAIIIIIIIIIIIIIII
IIIIIIIIIIIIIIIIIIIIIIIIIIIIIIIIIIIIIIIIIIIIIIIIAIIIIIA2IIIIIIII
IIIIIIIIIIIIIIIIIIIIIIIIIIIIIIIIIIIIIIIIA2IIIIIIAIIIIIA2IIIIIIII
IIIIIIIIIIIIIIIIIIIIIIIIIIIIIIIIIIIIIIIIA2IIIIIIA2IIIIA2IIIIIIII
IIIIIIIIIIIIIIIIIIIIIIIIIIIIIIIIIIA2IIIIA2IIIIIIA2IIIIA2IIIIIIII
IIIIIIIIIIIIIIIIIIIIIIIIIIIIIIIIIIIIIIIIIIIIIIIIIIIIIIA2IIIIIIII
IIIIIIIIIIIIIIIIIIIIIIIIIIIIIIIIIIIIIIIIIIIIIIIIIIIIIIAA2IIIIIII
IIIIIIIIIIIIIIIIIIIIIIIIIIIIIIIIIIIIIIIIIA2IIIIIIIIIIIAA2IIIIIII
IIIIIIIIIIIIIIIIIIIIIIIIIIIIIIIIIIIIIIIIIA2IIIIIA2IIIIAA2IIIIIII
IIIIIIIIIIIIIIIIIIIIIIIIIIIIIIIIIIA2IIIIIA2IIIIIA2IIIIAA2IIIIIII
IIIIIIIIIIIIIIIIIIIIIIIIIIIIIIIIIIIIIIIIIIIIIIIIIIIIIIIAIIIIIIII
IIIIIIIIIIIIIIIIIIIIIIIIIIIIIIIIIIIIIIIIIAIIIIIIIIIIIIIAIIIIIIII
IIIIIIIIIIIIIIIIIIIIIIIIIIIIIIIIIIIIIIIIIIIIIIIIIIIIIIIA2IIIIIII
IIIIIIIIIIIIIIIIIIIIIIIIIIIIIIIIIIIIIIIIIA2IIIIIIIIIIIIA2IIIIIII
IIIIIIIIIIIIIIIIIIIIIIIIIIIIIIIIIIIIIIIIIA2IIIA2IIIIIIIA2IIIIIII
IIIIIIIIIIIIIIIIIIIIIIIIIIIIIIIIA2IIIIIIIA2IIIA2IIIIIIIA2IIIIIII
IIIIIIIIIIIIIIIIIIIIIIIIIIIIIIIIIIIIIIIIIIIIIIA2IIIIIIIIIIIIIIII
IIIIIIIIIIIIIIIIIIIIIIIIIIIIIIIIIIIIIIIIIIIIIIA1IIIIIIIIIIIIIIII
IIIIIIIIIIIIIIIIIIIIIIIIIIIIIIIIIIIIIIIIIIIIIIA2IIIIIIIIIIIIIIII
IIIIIIIIIIIIIIIIIIIIIIIIIIIIIIIIA2IIIIIIIIIIIIA2IIIIIIIIIIIIIIII
IIIIIIIIIIIIIIIIIIIIIIIIIIIIIIIIA2IIIIIIIIIIIIA2IIIIIA2IIIIIIIII
IIIIIIIIIIIIIIIIIIIIIIIIIIIIIIIIA2IIIIIA2IIIIIA2IIIIIA2IIIIIIIII
IIIIIIIIIIIIIIIIIIIIIIIIIIIIIIIIA2IIIIIA2IIIIIAA2IIIIA2IIIIIIIII
IIIIIIIIIIIIIIIIIIIIIIIIIIIIIIIIAA2IIIIA2IIIIIAA2IIIIA2IIIIIIIII
IIIIIIIIIIIIIIIIIIIIIIIIIIIIIIIIIIIIIIIIIIIIIIIIA1IIIIIIIIIIIIII
IIIIIIIIIIIIIIIIIIIIIIIIIIIIIIIIIIA1IIIIIIIIIIIIA1IIIIIIIIIIIIII
IIIIIIIIIIIIIIIIIIIIIIIIIIIIIIIIIIA1IIIIIIIIIIIIA1IIIIA1IIIIIIII
IIIIIIIIIIIIIIIIIIIIIIIIIIIIIIIIIIA1IIIIA1IIIIIIA1IIIIA1IIIIIIII
IIIIIIIIIIIIIIIIIIIIIIIIIIIIIIIIIIIIIIIIIIIIIIIIIA2IIIIIIIIIIIII
IIIIIIIIIIIIIIIIIIIIIIIIIIIIIIIIIIIA2IIIIIIIIIIIIA2IIIIIIIIIIIII
IIIIIIIIIIIIIIIIIIIIIIIIIIIIIIIIIIIA2IIIIIIIIIIIAA2IIIIIIIIIIIII
IIIIIIIIIIIIIIIIIIIIIIIIIIIIIIIIIIAA2IIIIIIIIIIIAA2IIIIIIIIIIIII
IIIIIIIIIIIIIIIIIIIIIIIIIIIIIIIIIIIIIIIIIIIIIIIIA1IIIIIIIIIIIIII
IIIIIIIIIIIIIIIIIIIIIIIIIIIIIIIIIIIIIIIIIIIIIIIAA1IIIIIIIIIIIIII
IIIIIIIIIIIIIIIIIIIIIIIIIIIIIIIIIIA1IIIIIIIIIIIAA1IIIIIIIIIIIIII
IIIIIIIIIIIIIIIIIIIIIIIIIIIIIIIIIAA1IIIIIIIIIIIAA1IIIIIIIIIIIIII
IIIIIIIIIIIIIIIIIIIIIIIIIIIIIIIIIAA1IIIIIIIIIIIAA1IIIIA1IIIIIIII
IIIIIIIIIIIIIIIIIIIIIIIIIIIIIIIIIAA1IIIIA1IIIIIAA1IIIIA1IIIIIIII
IIIIIIIIIIIIIIIIIIIIIIIIIIIIIIIIIIIIIIIIIIIIIIIIIIIIIIA2IIIIIIII
IIIIIIIIIIIIIIIIIIIIIIIIIIIIIIIIIIIIIIIIIIIIIIIIIIIIIAA2IIIIIIII
IIIIIIIIIIIIIIIIIIIIIIIIIIIIIIIIIIIIIIIA2IIIIIIIIIIIIAA2IIIIIIII
IIIIIIIIIIIIIIIIIIIIIIIIIIIIIIIIIIIIIIIAA2IIIIIIIIIIIAA2IIIIIIII
IIIIIIIIIIIIIIIIIIIIIIIIIIIIIIIIIIIIIIIIIIIIIIIIIIIIIIIIA2IIIIII
IIIIIIIIIIIIIIIIIIIIIIIIIIIIIIIIIIIIIIIIIIA2IIIIIIIIIIIIA2IIIIII
IIIIIIIIIIIIIIIIIIIIIIIIIIIIIIIIIIIIIIIIIIA2IIIIIIIIIA2IA2IIIIII
IIIIIIIIIIIIIIIIIIIIIIIIIIIIIIIIIIIIIIIA2IA2IIIIIIIIIA2IA2IIIIII
IIIIIIIIIIIIIIIIIIIIIIIIIIIIIIIIIIIIIIIIIIIIIIIA2IIIIIIIIIIIIIII
IIIIIIIIIIIIIIIIIIIIIIIIIIIIIIIIIA2IIIIIIIIIIIIA2IIIIIIIIIIIIIII
IIIIIIIIIIIIIIIIIIIIIIIIIIIIIIIIIA2IIIIIIIIIIIAA2IIIIIIIIIIIIIII
IIIIIIIIIIIIIIIIIIIIIIIIIIIIIIIIAA2IIIIIIIIIIIAA2IIIIIIIIIIIIIII
IIIIIIIIIIIIIIIIIIIIIIIIIIIIIIIIAA2IIIIIIIIIIIAAA2IIIIIIIIIIIIII
IIIIIIIIIIIIIIIIIIIIIIIIIIIIIIIIAAA2IIIIIIIIIIAAA2IIIIIIIIIIIIII
IIIIIIIIIIIIIIIIIIIIIIIIIIIIIIIIIIIIIIIIA2IIIIIIIIIIIIIIIIIIIIII
IIIIIIIIIIIIIIIIIIIIIIIIIIIIIIIIIIIIIIIIA2IIIIIIIIIIIIA2IIIIIIII
IIIIIIIIIIIIIIIIIIIIIIIIIIIIIIIIA2IIIIIIA2IIIIIIIIIIIIA2IIIIIIII
IIIIIIIIIIIIIIIIIIIIIIIIIIIIIIIIA2IIIIIIA2IIIIA2IIIIIIA2IIIIIIII
IIIIIIIIIIIIIIIIIIIIIIIIIIIIIIIIA2IIIIIIA2IIIIA2IA2IIIA2IIIIIIII
IIIIIIIIIIIIIIIIIIIIIIIIIIIIIIIIIIIIIIIIIIIIIIIIIIIIIAIIIIIIIIII
IIIIIIIIIIIIIIIIIIIIIIIIIIIIIIIIIIIIIIIAIIIIIIIIIIIIIAIIIIIIIIII
IIIIIIIIIIIIIIIIIIIIIIIIIIIIIIIIIIIIIIIAIIIIIIIIIIIIIA1IIIIIIIII
IIIIIIIIIIIIIIIIIIIIIIIIIIIIIIIIIIIIIIIA1IIIIIIIIIIIIA1IIIIIIIII
IIIIIIIIIIIIIIIIIIIIIIIIIIIIIIIIIIIIIIIA1IIIIIIAIIIIIA1IIIIIIIII
IIIIIIIIIIIIIIIIIIIIIIIIIIIIIIIIIAIIIIIA1IIIIIIAIIIIIA1IIIIIIIII
IIIIIIIIIIIIIIIIIIIIIIIIIIIIIIIIIAIIIIIA1IIIIIAAIIIIIA1IIIIIIIII
IIIIIIIIIIIIIIIIIIIIIIIIIIIIIIIIAAIIIIIA1IIIIIAAIIIIIA1IIIIIIIII
IIIIIIIIIIIIIIIIIIIIIIIIIIIIIIIIAAIIIIIA1IIIIIAA2IIIIA1IIIIIIIII
IIIIIIIIIIIIIIIIIIIIIIIIIIIIIIIIIIIIIIIIIIIIIIIA1IIIIIIIIIIIIIII
IIIIIIIIIIIIIIIIIIIIIIIIIIIIIIIIIIIIIIIIIIIIII2A1IIIIIIIIIIIIIII
IIIIIIIIIIIIIIIIIIIIIIIIIIIIIIIIIA2IIIIIIIIIII2A1IIIIIIIIIIIIIII
IIIIIIIIIIIIIIIIIIIIIIIIIIIIIIIIIA2IIIIIIIIIII2AA2IIIIIIIIIIIIII
IIIIIIIIIIIIIIIIIIIIIIIIIIIIIIIIIAA2IIIIIIIIII2AA2IIIIIIIIIIIIII
IIIIIIIIIIIIIIIIIIIIIIIIIIIIIIIIIAA2IIIIIIIIII2AA2IIIIIIA2IIIIII
IIIIIIIIIIIIIIIIIIIIIIIIIIIIIIIIIAA2IIIIIIA2II2AA2IIIIIIA2IIIIII
IIIIIIIIIIIIIIIIIIIIIIIIIIIIIIIIIIIIIIIIIIIIIIAIIIIIIIIIIIIIIIII
IIIIIIIIIIIIIIIIIIIIIIIIIIIIIIIIIIIIIIIIIIIIIIAIAIIIIIIIIIIIIIII
IIIIIIIIIIIIIIIIIIIIIIIIIIIIIIIIAIIIIIIIIIIIIIAIAIIIIIIIIIIIIIII
IIIIIIIIIIIIIIIIIIIIIIIIIIIIIIIIAIAIIIIIIIIIIIAIAIIIIIIIIIIIIIII
IIIIIIIIIIIIIIIIIIIIIIIIIIIIIIIIAIAIIIIIIIIIIIA2A211IAIIIIIIIIII
IIIIIIIIIIIIIIIIIIIIIIIIIIIIIIIIAIAIIIIAIIIIIIA2A211IAIIIIIIIIII
IIIIIIIIIIIIIIIIIIIIIIIIIIIIIIIIAIAIIIIAIIII21A2A211IAIIIIIIIIII
IIIIIIIIIIIIIIIIIIIIIIIIIIIIIIIIAIAIIIIAI22221A2A211IAIIIIIIIIII
IIIIIIIIIIIIIIIIIIIIIIIIIIIIII21AIAIIIIAI22221A2A211IAIIIIIIIIII
IIIIIIIIIIIIIIIIIIIIIIIIIIIIII21AIAII1IAI22221A2A211IAIIIIIIIIII
IIIIIIIIIIIIIIIIIIIIIIIIIIIIIIIIIIIIIIIIIIIIIIIIA1IIIIIIIIIIIIII
IIIIIIIIIIIIIIIIIIIIIIIIIIIIIIIIIIIIIIIIIIIIIIIIA2IIIIIIIIIIIIII
IIIIIIIIIIIIIIIIIIIIIIIIIIIIIIIIIIIIIIIIIIIIIIIIIA1IIIIIIIIIIIII
IIIIIIIIIIIIIIIIIIIIIIIIIIIIIIIIIIIIIIIIIIIIIIII2A1IIIIIIIIIIIII
IIIIIIIIIIIIIIIIIIIIIIIIIIIIIIIIIIIIIIIIIIIIIII2AA1IIIIIIIIIIIII
IIIIIIIIIIIIIIIIIIIIIIIIIIIIIIIIII2AIIIIIIIIIII2AA1IIIIIIIIIIIII
IIIIIIIIIIIIIIIIIIIIIIIIIIIIIIIII2AAIIIIIIIIIII2AA1IIIIIIIIIIIII
IIIIIIIIIIIIIIIIIIIIIIIIIIIIIIIII2AAIIIIIIIIIII2AA1I2AIIIIIIIIII
IIIIIIIIIIIIIIIIIIIIIIIIIIIIIIIII2AAII2AIIIIIII2AA1I2AIIIIIIIIII
IIIIIIIIIIIIIIIIIIIIIIIIIIIIIIIIIIIIIIIIIIIIIIIIIIIIIA2IIIIIIIII
IIIIIIIIIIIIIIIIIIIIIIIIIIIIIIIIIIIIIIIIIIIIIIIAIIIIIIIIIIIIIIII
IIIIIIIIIIIIIIIIIIIIIIIIIIIIIIIIIAIIIIIIIIIIIIIAIIIIIIIIIIIIIIII
IIIIIIIIIIIIIIIIIIIIIIIIIIIIIIIIIAIIIIIIIIIIIIIAIIIIIAIIIIIIIIII
IIIIIIIIIIIIIIIIIIIIIIIIIIIIIIIIIAIIIIIAIIIIIIIAIIIIIAIIIIIIIIII
IIIIIIIIIIIIIIIIIIIIIIIIIIIIIIIIIAIIIIIAIIIIIIIAIIIIIAIA2IIIIIII
IIIIIIIIIIIIIIIIIIIIIIIIIIIIIIIIIAIIIIIAIA2IIIIAIIIIIAIA2IIIIIII
IIIIIIIIIIIIIIIIIIIIIIIIIIIIIIIIIAIIIIIAIA2IIIIA2IIIIAIA2IIIIIII
IIIIIIIIIIIIIIIIIIIIIIIIIIIIIIIIIA2IIIIAIA2IIIIA2IIIIAIA2IIIIIII
IIIIIIIIIIIIIIIIIIIIIIIIIIIIIIIIIIIIIIIIIIIIIIIIIIIIIIIA2IIIIIII
IIIIIIIIIIIIIIIIIIIIIIIIIIIIIIIIIIIIIIIIIIIIIIIIIIIIIIIA1IIIIIII
IIIIIIIIIIIIIIIIIIIIIIIIIIIIIIIIIIIIIIIIIA1IIIIIIIIIIIIA1IIIIIII
IIIIIIIIIIIIIIIIIIIIIIIIIIIIIIIIIIIIIIIIIA1IIIIA1IIIIIIA1IIIIIII
IIIIIIIIIIIIIIIIIIIIIIIIIIIIIIIIIA1IIIIIIA1IIIIA1IIIIIIA1IIIIIII
IIIIIIIIIIIIIIIIIIIIIIIIIIIIIIIIIIIIIIIIIIIIIIIIA2IIIIIIIIIIIIII
IIIIIIIIIIIIIIIIIIIIIIIIIIIIIIIIIIIIIIIIIIIIIIIIA2IIIIIA2IIIIIII
IIIIIIIIIIIIIIIIIIIIIIIIIIIIIIIIIIA2IIIIIIIIIIIIA2IIIIIA2IIIIIII
IIIIIIIIIIIIIIIIIIIIIIIIIIIIIIIIIIA2IIIIIA2IIIIIA2IIIIIA2IIIIIII
IIIIIIIIIIIIIIIIIIIIIIIIIIIIIIIIIIIIIIIIIIIIIIIIIIIIIAIIIIIIIIII
IIIIIIIIIIIIIIIIIIIIIIIIIIIIIIIIIIIIIIIAIIIIIIIIIIIIIAIIIIIIIIII
IIIIIIIIIIIIIIIIIIIIIIIIIIIIIIIIIIIIIIIAIIIIIIIIIIIIIAIAIIIIIIII
IIIIIIIIIIIIIIIIIIIIIIIIIIIIIIIIIIIIIIIAIAIIIIIIIIIIIAIAIIIIIIII
IIIIIIIIIIIIIIIIIIIIIIIIIIIIIIIIIIIIIIIIIA2IIIIIIIIIIIIIIIIIIIII
IIIIIIIIIIIIIIIIIIIIIIIIIIIIIIIIIIIIIIIIIA2IIIIIIIIIIIIA2IIIIIII
IIIIIIIIIIIIIIIIIIIIIIIIIIIIIIIIIIIIIIIA2A2IIIIIIIIIIIIA2IIIIIII
IIIIIIIIIIIIIIIIIIIIIIIIIIIIIIIIIIIIIIIA2A2IIIIIIIIIIA2A2IIIIIII
IIIIIIIIIIIIIIIIIIIIIIIIIIIIIIIIIIIIIIIIIIIIIIIIIA2IIIIIIIIIIIII
IIIIIIIIIIIIIIIIIIIIIIIIIIIIIIIIIIIA2IIIIIIIIIIIIA2IIIIIIIIIIIII
IIIIIIIIIIIIIIIIIIIIIIIIIIIIIIIIIIIA2IIIIIIIIIIIIA2IIIIIA2IIIIII
IIIIIIIIIIIIIIIIIIIIIIIIIIIIIIIIIIIA2IIIIIA2IIIIIA2IIIIIA2IIIIII
IIIIIIIIIIIIIIIIIIIIIIIIIIIIIIIIIIIA2IIIIIA2IIA2IA2IIIIIA2IIIIII
IIIIIIIIIIIIIIIIIIIIIIIIIIIIIIIIA2IA2IIIIIA2IIA2IA2IIIIIA2IIIIII
IIIIIIIIIIIIIIIIIIIIIIIIIIIIIIIIA2IA2IIIIIA2IIA2AA2IIIIIA2IIIIII
IIIIIIIIIIIIIIIIIIIIIIIIIIIIIIIIA2AA2IIIIIA2IIA2AA2IIIIIA2IIIIII
IIIIIIIIIIIIIIIIIIIIIIIIIIIIIIIIIIIIIIIIIIIIIIA1IIIIIIIIIIIIIIII
IIIIIIIIIIIIIIIIIIIIIIIIIIIIIIIIAIIIIIIIIIIIIIA1IIIIIIIIIIIIIIII
IIIIIIIIIIIIIIIIIIIIIIIIIIIIIIIIA1IIIIIIIIIIIIA1IIIIIIIIIIIIIIII
IIIIIIIIIIIIIIIIIIIIIIIIIIIIIIIIA1IIIIIIIIIIIIA1AIIIIIIIIIIIIIII
IIIIIIIIIIIIIIIIIIIIIIIIIIIIIIIIA1IIIIIIIIIIIIA1A2IIIIIIIIIIIIII
IIIIIIIIIIIIIIIIIIIIIIIIIIIIIIIIA1A2IIIIIIIIIIA1A2IIIIIIIIIIIIII
IIIIIIIIIIIIIIIIIIIIIIIIIIIIIIIIIIIIIIIIIIIIIIIIIIIIIIIIA1IIIIII
IIIIIIIIIIIIIIIIIIIIIIIIIIIIIIIIIIIIIIIIIIA1IIIIIIIIIIIIA1IIIIII
IIIIIIIIIIIIIIIIIIIIIIIIIIIIIIIIIIIIIIIIIIA1IIIIIA1IIIIIA1IIIIII
IIIIIIIIIIIIIIIIIIIIIIIIIIIIIIIIIIIA1IIIIIA1IIIIIA1IIIIIA1IIIIII
IIIIIIIIIIIIIIIIIIIIIIIIIIIIIIIIIIIIIIIIIIIIIIIIIIIIIIA2IIIIIIII
IIIIIIIIIIIIIIIIIIIIIIIIIIIIIIIIIIIIIIIIIIIIIIIIIIIIIIA2A2IIIIII
IIIIIIIIIIIIIIIIIIIIIIIIIIIIIIIIIIIIIIIIIIA2IIIIIIIIIIA2A2IIIIII
IIIIIIIIIIIIIIIIIIIIIIIIIIIIIIIIIIIIIIIIIIIIIIIIIIIIIIIA1IIIIIII
IIIIIIIIIIIIIIIIIIIIIIIIIIIIIIIIIIIIIIIIIA1IIIIIIIIIIIIA1IIIIIII
IIIIIIIIIIIIIIIIIIIIIIIIIIIIIIIIIIIIIIIIIA1IIIA1IIIIIIIA1IIIIIII
IIIIIIIIIIIIIIIIIIIIIIIIIIIIIIIIA1IIIIIIIA1IIIA1IIIIIIIA1IIIIIII
IIIIIIIIIIIIIIIIIIIIIIIIIIIIIIIIA1IIIIIIIA1IIIA1IIIIIIIAA1IIIIII
IIIIIIIIIIIIIIIIIIIIIIIIIIIIIIIIA1IIIIIIIAA1IIA1IIIIIIIAA1IIIIII
IIIIIIIIIIIIIIIIIIIIIIIIIIIIIIIIA1IIIIIIIAA1IIAA1IIIIIIAA1IIIIII
IIIIIIIIIIIIIIIIIIIIIIIIIIIIIIIIAA1IIIIIIAA1IIAA1IIIIIIAA1IIIIII
IIIIIIIIIIIIIIIIIIIIIIIIIIIIIIIIAA1IIIIIIAA1IIAA1A1IIIIAA1IIIIII
IIIIIIIIIIIIIIIIIIIIIIIIIIIIIIIIAA1IIIIIIAA1IIAA1A1IIA1AA1IIIIII
IIIIIIIIIIIIIIIIIIIIIIIIIIIIIIIIAA1A1IIIIAA1IIAA1A1IIA1AA1IIIIII
IIIIIIIIIIIIIIIIIIIIIIIIIIIIIIIIAA1A1IIA1AA1IIAA1A1IIA1AA1IIIIII
IIIIIIIIIIIIIIIIIIIIIIIIIIIIIIIIIIIIIIIIIIIIIIIIIIIIIIIIA2IIIIII
IIIIIIIIIIIIIIIIIIIIIIIIIIIIIIIIIIIIIIIIIIIIIIIIIA2IIIIIA2IIIIII
IIIIIIIIIIIIIIIIIIIIIIIIIIIIIIIIIIIIIIIIIIA2IIIIIA2IIIIIA2IIIIII
IIIIIIIIIIIIIIIIIIIIIIIIIIIIIIIIIIIA2IIIIIA2IIIIIA2IIIIIA2IIIIII
IIIIIIIIIIIIIIIIIIIIIIIIIIIIIIIIIIIA2IIIIIA2IIIIAA2IIIIIA2IIIIII
IIIIIIIIIIIIIIIIIIIIIIIIIIIIIIIIIIAA2IIIIIA2IIIIAA2IIIIIA2IIIIII
IIIIIIIIIIIIIIIIIIIIIIIIIIIIIIIIIIAA2IIIIIA2IIIIAA2IIIIAA2IIIIII
IIIIIIIIIIIIIIIIIIIIIIIIIIIIIIIIIIAA2IIIIAA2IIIIAA2IIIIAA2IIIIII
IIIIIIIIIIIIIIIIIIIIIIIIIIIIIIIIIIIIIIIIIIIIIIIIIIIIIIA1IIIIIIII
IIIIIIIIIIIIIIIIIIIIIIIIIIIIIIIIIIIIIIIIAIIIIIIIIIIIIIA1IIIIIIII
IIIIIIIIIIIIIIIIIIIIIIIIIIIIIIIIIIIIIIIIAIIIIIIAIIIIIIA1IIIIIIII
IIIIIIIIIIIIIIIIIIIIIIIIIIIIIIIIIAIIIIIIAIIIIIIAIIIIIIA1IIIIIIII
IIIIIIIIIIIIIIIIIIIIIIIIIIIIIIIIIAIIIIIIAIIIIIAAIIIIIIA1II2III2I
IIIIIIIIIIIIIIIIIIIIIIIIIIIIIIIIAAIIIIIIAIII2IAA2IIIIIA1II2III2I
IIIIIIIIIIIIIIIIIIIIIIIIIIIIIIIIIIIIIIIIIIIIIIA2IIIIIIIIIIIIIIII
IIIIIIIIIIIIIIIIIIIIIIIIIIIIIIIIIIIIIIIIIIIIIIIAIIIIIIIIIIIIIIII
IIIIIIIIIIIIIIIIIIIIIIIIIIIIIIIIIAIIIIIIIIIIIIIAIIIIIIIIIIIIIIII
IIIIIIIIIIIIIIIIIIIIIIIIIIIIIIIIIAIIIIIIIIIIIIIAAIIIIIIIIIIIIIII
IIIIIIIIIIIIIIIIIIIIIIIIIIIIIIIIIAAIIIIIIIIIIIIAAIIIIIIIIIIIIIII
IIIIIIIIIIIIIIIIIIIIIIIIIIIIIIIIIIIIIIIIIIIIIIIIIIIIIIIIAIIIIIII
IIIIIIIIIIIIIIIIIIIIIIIIIIIIIIIIIIIIIIIIIIIIIIIIIIIIIIIIA2IIIIII
IIIIIIIIIIIIIIIIIIIIIIIIIIIIIIIIIIIIIIIIIIIIIIIIIIIIIA2IA2IIIIII
IIIIIIIIIIIIIIIIIIIIIIIIIIIIIIIIIIIIIIIA2IIIIIIIIIIIIA2IA2IIIIII
IIIIIIIIIIIIIIIIIIIIIIIIIIIIIIIIIIIIIIIA2IIIIIIIA2IIIA2IA2IIIIII
IIIIIIIIIIIIIIIIIIIIIIIIIIIIIIIIIIA2IIIA2IIIIIIIA2IIIA2IA2IIIIII
IIIIIIIIIIIIIIIIIIIIIIIIIIIIIIIIIIA2IIIA2IIIIIIIAA2IIA2IA2IIIIII
IIIIIIIIIIIIIIIIIIIIIIIIIIIIIIIIIIAA2IIA2IIIIIIIAA2IIA2IA2IIIIII
IIIIIIIIIIIIIIIIIIIIIIIIIIIIIIIIIIIIIIIIIIIIIIIAIIIIIIIIIIIIIIII
IIIIIIIIIIIIIIIIIIIIIIIIIIIIIIIIIIIIIIIIIIIIIIIA2IIIIIIIIIIIIIII
IIIIIIIIIIIIIIIIIIIIIIIIIIIIIIIIIA2IIIIIIIIIIIIA2IIIIIIIIIIIIIII
IIIIIIIIIIIIIIIIIIIIIIIIIIIIIIIIIA2IIIIIIIIIIIIA2IIIIIA2IIIIIIII
IIIIIIIIIIIIIIIIIIIIIIIIIIIIIIIIIA2IIIIIA2IIIIIA2IIIIIA2IIIIIIII
IIIIIIIIIIIIIIIIIIIIIIIIIIIIIIIIIIIIIIIIIIIIIIIA1IIIIIIIIIIIIIII
IIIIIIIIIIIIIIIIIIIIIIIIIIIIIIIIIIIIIIIIIIIIIIIA12IIIIIIIIIIIIII
IIIIIIIIIIIIIIIIIIIIIIIIIIIIIIIIIIIIIIIIIIIIIIIIIIIIIA2IIIIIIIII
IIIIIIIIIIIIIIIIIIIIIIIIIIIIIIIIIIIIIIIIIIIIIIIA1IIIIIIIIIIIIIII
IIIIIIIIIIIIIIIIIIIIIIIIIIIIIIIIIA1IIIIIIIIIIIIA1IIIIIIIIIIIIIII
IIIIIIIIIIIIIIIIIIIIIIIIIIIIIIIIIA1IIIIIIIIIIIIA1IIIIIIIAIIIIIII
IIIIIIIIIIIIIIIIIIIIIIIIIIIIIIIIIA1IIIIIIIIIIIIA1IIIIIIIA2IIIIII
IIIIIIIIIIIIIIIIIIIIIIIIIIIIIIIIIA1IIIIIIIA2IIIA1IIIIIIIA2IIIIII
IIIIIIIIIIIIIIIIIIIIIIIIIIIIIIIIIA1IIIIIIIA2IIIA1A2IIIIIA2IIIIII
IIIIIIIIIIIIIIIIIIIIIIIIIIIIIIIIIA1A2IIIIIA2IIIA1A2IIIIIA2IIIIII
IIIIIIIIIIIIIIIIIIIIIIIIIIIIIIIIIIIIIIIIIIIIIIA2IIIIIIIIIIIIIIII
IIIIIIIIIIIIIIIIIIIIIIIIIIIIIIIIA2IIIIIIIIIIIIA2IIIIIIIIIIIIIIII
IIIIIIIIIIIIIIIIIIIIIIIIIIIIIIIIA2IIIIIIIIIIIIA2IIIIIIIIA2IIIIII
IIIIIIIIIIIIIIIIIIIIIIIIIIIIIIIIA2IIIIIIIIA2IIA2IIIIIIIIA2IIIIII
IIIIIIIIIIIIIIIIIIIIIIIIIIIIIIIIA2IIIIIIIIA2IIA2IIIIIIA1A2IIIIII
IIIIIIIIIIIIIIIIIIIIIIIIIIIIIIIIA2IIIIIIIIA2IIA2IA1IIIA1A2IIIIII
IIIIIIIIIIIIIIIIIIIIIIIIIIIIIIIIA2IIIIIIA1A2IIA2IA1IIIA1A2IIIIII
IIIIIIIIIIIIIIIIIIIIIIIIIIIIIIIIA2IA1IIIA1A2IIA2IA1IIIA1A2IIIIII
IIIIIIIIIIIIIIIIIIIIIIIIIIIIIIIIA2IA1IIIA1A2IIA2IA1II2A1A2IIIIII
IIIIIIIIIIIIIIIIIIIIIIIIIIIIIIIIA2IA1IIIA1A2I2A2IA1II2A1A2IIIIII
IIIIIIIIIIIIIIIIIIIIIIIIIIIIIII2A2IA1IIIA1A2I2A2IA1II2A1A2IIIIII
IIIIIIIIIIIIIIIIIIIIIIIIIIIIIII2A2IA1II2A1A2I2A2IA1II2A1A2IIIIII
IIIIIIIIIIIIIIIIIIIIIIIIIIIIIIIIIIIIIIIIIIIIIIA2IIIIIIIIIIIIIIII
IIIIIIIIIIIIIIIIIIIIIIIIIIIIIIIIA2IIIIIIIIIIIIA2IIIIIIIIIIIIIIII
IIIIIIIIIIIIIIIIIIIIIIIIIIIIIIIIA2IIIIIIIIIIIIA2IIIIIIA2IIIIIIII
IIIIIIIIIIIIIIIIIIIIIIIIIIIIIIIIA2IIIIIIA2IIIIA2IIIIIIA2IIIIIIII
IIIIIIIIIIIIIIIIIIIIIIIIIIIIIIIIIIIIIIIIIIIIIIAIIIIIIIIIIIIIIIII
IIIIIIIIIIIIIIIIIIIIIIIIIIIIIIIIAIIIIIIIIIIIIIAIIIIIIIIIIIIIIIII
IIIIIIIIIIIIIIIIIIIIIIIIIIIIIIIIAIIIIIIIIIIIIIAIIAIIIIIIIIIIIIII
IIIIIIIIIIIIIIIIIIIIIIIIIIIIIIIIAIIAIIIIIIIIIIAIIAIIIIIIIIIIIIII
IIIIIIIIIIIIIIIIIIIIIIIIIIIIIIIIIIIIIIIIIIIIIIIA1IIIIIIIIIIIIIII
IIIIIIIIIIIIIIIIIIIIIIIIIIIIIIIIIA1IIIIIIIIIIIIA1IIIIIIIIIIIIIII
IIIIIIIIIIIIIIIIIIIIIIIIIIIIIIIIIA1IIIIIIIIIIIAA1IIIIIIIIIIIIIII
IIIIIIIIIIIIIIIIIIIIIIIIIIIIIIIIAA1IIIIIIIIIIIAA1IIIIIIIIIIIIIII
IIIIIIIIIIIIIIIIIIIIIIIIIIIIIIIIIIIIIIIIIIIIIIA1IIIIIIIIIIIIIIII
IIIIIIIIIIIIIIIIIIIIIIIIIIIIIIIIIIIIIIIIIIIIIIIAIIIIIIIIIIIIIIII
IIIIIIIIIIIIIIIIIIIIIIIIIIIIIIIIIIIIIIIIIIIIIIIA1IIIIIIIIIIIIIII
IIIIIIIIIIIIIIIIIIIIIIIIIIIIIIIIIIIIIIIIIIIIIIIA1IIIIIAIIIIIIIII
IIIIIIIIIIIIIIIIIIIIIIIIIIIIIIIIIIIIIIIIAIIIIIIA1IIIIIAIIIIIIIII
IIIIIIIIIIIIIIIIIIIIIIIIIIIIIIIIIAIIIIIIAIIIIIIA1IIIIIAIIIIIIIII
IIIIIIIIIIIIIIIIIIIIIIIIIIIIIIIIIIIIIIIIIIIIIIIIIIIIIIA2IIIIIIII
IIIIIIIIIIIIIIIIIIIIIIIIIIIIIIIIIIIIIIIIIIIIIIIIIIIIIIIAIIIIIIII
IIIIIIIIIIIIIIIIIIIIIIIIIIIIIIIIIIIIIIIIIAIIIIIIIIIIIIIAIIIIIIII
IIIIIIIIIIIIIIIIIIIIIIIIIIIIIIIIIIIIIIIIIAIIIIIAIIIIIIIAIIIIIIII
IIIIIIIIIIIIIIIIIIIIIIIIIIIIIIIIIAIIIIIIIAIIIIIAIIIIIIIAIIIIIIII
IIIIIIIIIIIIIIIIIIIIIIIIIIIIIIIIIAIIIIIIIAIIIIIAAIIIIIIAIIIIIIII
IIIIIIIIIIIIIIIIIIIIIIIIIIIIIIIIIA2IIIIIIAIIIIIAAIIIIIIAIIIIIIII
IIIIIIIIIIIIIIIIIIIIIIIIIIIIIIIIIA2IIIIIIAIIIIAAAIIIIIIAIIIIIIII
IIIIIIIIIIIIIIIIIIIIIIIIIIIIIIIIAA2IIIIIIAIIIIAAAIIIIIIAIIIIIIII
IIIIIIIIIIIIIIIIIIIIIIIIIIIIIIIIIIIIIIIIIIIIIIIIIA1IIIIIIIIIIIII
IIIIIIIIIIIIIIIIIIIIIIIIIIIIIIIIIIIA1IIIIIIIIIIIIA1IIIIIIIIIIIII
IIIIIIIIIIIIIIIIIIIIIIIIIIIIIIIIIIIA1IIIIIIIIIIIIA1IIIIA1IIIIIII
IIIIIIIIIIIIIIIIIIIIIIIIIIIIIIIIIIIA1IIIIA1IIIIIIA1IIIIA1IIIIIII
IIIIIIIIIIIIIIIIIIIIIIIIIIIIIIIIIIIIIIIIIIIIIIIAIIIIIIIIIIIIIIII
IIIIIIIIIIIIIIIIIIIIIIIIIIIIIIIIIAIIIIIIIIIIIIIAIIIIIIIIIIIIIIII
IIIIIIIIIIIIIIIIIIIIIIIIIIIIIIIIIAIIIIIIIIIIIIIAIIIIIIAIIIIIIIII
IIIIIIIIIIIIIIIIIIIIIIIIIIIIIIIIIAIIIIIIAIIIIIIAIIIIIIAIIIIIIIII
IIIIIIIIIIIIIIIIIIIIIIIIIIIIIIIIIIIIIIIIIIIIIIIIIIIIIAIIIIIIIIII
IIIIIIIIIIIIIIIIIIIIIIIIIIIIIIIIIIIIIIIAIIIIIIIIIIIIIAIIIIIIIIII
IIIIIIIIIIIIIIIIIIIIIIIIIIIIIIIIIIIIIIIAIIIIIIIIIIIIIAAIIIIIIIII
IIIIIIIIIIIIIIIIIIIIIIIIIIIIIIIIIIIIIIIAAIIIIIIIIIIIIAAIIIIIIIII
IIIIIIIIIIIIIIIIIIIIIIIIIIIIIIIIIIIIIIIAAIIIIIIIA2IIIAAIIIIIIIII
IIIIIIIIIIIIIIIIIIIIIIIIIIIIIIIIIIA2IIIAAIIIIIIIA2IIIAAIIIIIIIII
IIIIIIIIIIIIIIIIIIIIIIIIIIIIIIIIIIA2IIIAAIIIIIA2A2IIIAAIIIIIIIII
IIIIIIIIIIIIIIIIIIIIIIIIIIIIIIIIA2A2IIIAAIIIIIA2A2IIIAAIIIIIIIII
IIIIIIIIIIIIIIIIIIIIIIIIIIIIIIIIIIIIIIIIIIIIIIIIA2IIIIIIIIIIIIII
IIIIIIIIIIIIIIIIIIIIIIIIIIIIIIIIIIA2IIIIIIIIIIIIA2IIIIIIIIIIIIII
IIIIIIIIIIIIIIIIIIIIIIIIIIIIIIIIIIA2IIIIIIIIIIIAA2IIIIIIIIIIIIII
IIIIIIIIIIIIIIIIIIIIIIIIIIIIIIIIIAA2IIIIIIIIIIIAA2IIIIIIIIIIIIII
IIIIIIIIIIIIIIIIIIIIIIIIIIIIIIIIIAA2IIIIIIIIIIIAA2IIIIIA2IIIIIII
IIIIIIIIIIIIIIIIIIIIIIIIIIIIIIIIIAA2IIIIIA2IIIIAA2IIIIIA2IIIIIII
IIIIIIIIIIIIIIIIIIIIIIIIIIIIIIIIIIIIIIIIIIIIIIIA1IIIIIIIIIIIIIII
IIIIIIIIIIIIIIIIIIIIIIIIIIIIIIIIIIIIIIIIIIIIIIIIIIIIIIAIIIIIIIII
IIIIIIIIIIIIIIIIIIIIIIIIIIIIIIIIIIIIIIIIAIIIIIIIIIIIIIAIIIIIIIII
IIIIIIIIIIIIIIIIIIIIIIIIIIIIIIIIIIIIIIIIAIIIIIIIAII1IIAIIIIIIIII
IIIIIIIIIIIIIIIIIIIIIIIIIIIIIIIIIIAII1IIAIIIIIIIAII1IIAIIIIIIIII
IIIIIIIIIIIIIIIIIIIIIIIIIIIIIIIIIIIIIIIIIIIIIIIIAIIIIIIIIIIIIIII
IIIIIIIIIIIIIIIIIIIIIIIIIIIIIIIIIIIIIIIIIIIIIIIIA1IIIIIIIIIIIIII
IIIIIIIIIIIIIIIIIIIIIIIIIIIIIIIIIIIIIIIIIIIIIIIA1IIIIIIIIIIIIIII
IIIIIIIIIIIIIIIIIIIIIIIIIIIIIIIIIA1IIIIIIIIIIIIA1IIIIIIIIIIIIIII
IIIIIIIIIIIIIIIIIIIIIIIIIIIIIIIIIA1IIIIIIIIIIIIA1IIIIA1IIIIIIIII
IIIIIIIIIIIIIIIIIIIIIIIIIIIIIIIIIA1IIIIA1IIIIIIA1IIIIA1IIIIIIIII
IIIIIIIIIIIIIIIIIIIIIIIIIIIIIIIIIA1IIIIA1IIIIIIA1IIIIAA1IIIIIIII
IIIIIIIIIIIIIIIIIIIIIIIIIIIIIIIIIA1IIIIAA1IIIIIA1IIIIAA1IIIIIIII
IIIIIIIIIIIIIIIIIIIIIIIIIIIIIIIIIIIIIIIIIIIIIIIA2IIIIIIIIIIIIIII
IIIIIIIIIIIIIIIIIIIIIIIIIIIIIIIIIA2IIIIIIIIIIIIA2IIIIIIIIIIIIIII
IIIIIIIIIIIIIIIIIIIIIIIIIIIIIIIIIA2IIIIIIIIIIIAA2IIIIIIIIIIIIIII
IIIIIIIIIIIIIIIIIIIIIIIIIIIIIIIIAA2IIIIIIIIIIIAA2IIIIIIIIIIIIIII
IIIIIIIIIIIIIIIIIIIIIIIIIIIIIIIIAA2IIIIIIIIIIIAA2IIIIIIA2IIIIIII
IIIIIIIIIIIIIIIIIIIIIIIIIIIIIIIIAA2IIIIIIA2IIIAA2IIIIIIA2IIIIIII
IIIIIIIIIIIIIIIIIIIIIIIIIIIIIIIIIIIIIIIIIIIIIIIIIIIIIIIA2IIIIIII
IIIIIIIIIIIIIIIIIIIIIIIIIIIIIIIIIIIIIIIIIIIIIIIIIIIIIIIA1IIIIIII
IIIIIIIIIIIIIIIIIIIIIIIIIIIIIIIIIIIIIIIIIIIIIIIAIIIIIIIIIIIIIIII
IIIIIIIIIIIIIIIIIIIIIIIIIIIIIIIIIAIIIIIIIIIIIIIAIIIIIIIIIIIIIIII
IIIIIIIIIIIIIIIIIIIIIIIIIIIIIIIIIAIIIIIIIIIIIIIAIIIIIIAIIIIIIIII
IIIIIIIIIIIIIIIIIIIIIIIIIIIIIIIIIAIIIIIIAIIIIIIAIIIIIIAIIIIIIIII
IIIIIIIIIIIIIIIIIIIIIIIIIIIIIIIIIAAIIIIIAIIIIIIAIIIIIIAIIIIIIIII
IIIIIIIIIIIIIIIIIIIIIIIIIIIIIIIIIAAIIIIIAIIIIIIAAIIIIIAIIIIIIIII
IIIIIIIIIIIIIIIIIIIIIIIIIIIIIIIIIAAIIIIIAIIIIIIAAIIIIAAIIIIIIIII
IIIIIIIIIIIIIIIIIIIIIIIIIIIIIIIIIAAIIIIAAIIIIIIAAIIIIAAIIIIIIIII
IIIIIIIIIIIIIIIIIIIIIIIIIIIIIIIIA1IIIIIIIIIIIIIIIIIIIIIIIIIIIIII
IIIIIIIIIIIIIIIIIIIIIIIIIIIIIIIIA1IIIIIIIIIIIIA1IIIIIIIIIIIIIIII
IIIIIIIIIIIIIIIIIIIIIIIIIIIIIIIIA1IIIIIA1IIIIIA1IIIIIIIIIIIIIIII
IIIIIIIIIIIIIIIIIIIIIIIIIIIIIIIIA1IIIIIA1IIIIIA1IIIIIA1IIIIIIIII
IIIIIIIIIIIIIIIIIIIIIIIIIIIIIIIIA1IIIIIA1IIIIIAA2IIIIA1IIIIIIIII
IIIIIIIIIIIIIIIIIIIIIIIIIIIIIIIIAA2IIIIA1IIIIIAA2IIIIA1IIIIIIIII
IIIIIIIIIIIIIIIIIIIIIIIIIIIIIIIIAA2IIIIA1IIIIIAAA2IIIA1IIIIIIIII
IIIIIIIIIIIIIIIIIIIIIIIIIIIIIIIIAAA2IIIA1IIIIIAAA2IIIA1IIIIIIIII
IIIIIIIIIIIIIIIIIIIIIIIIIIIIIIIIIIIIIIIIIIIIIIIIIIIIIIIAIIIIIIII
IIIIIIIIIIIIIIIIIIIIIIIIIIIIIIIIIIIIIIIIIAIIIIIIIIIIIIIAIIIIIIII
IIIIIIIIIIIIIIIIIIIIIIIIIIIIIIIIIIIIIIIIIAIIIIIAIIIIIIIAIIIIIIII
IIIIIIIIIIIIIIIIIIIIIIIIIIIIIIIIIAIIIIIIIAIIIIIAIIIIIIIAIIIIIIII
IIIIIIIIIIIIIIIIIIIIIIIIIIIIIIIIIIIIIIIIIIIIIIIIIA2IIIIIIIIIIIII
IIIIIIIIIIIIIIIIIIIIIIIIIIIIIIIIIIIIIIIIIIIIIII21A2IIIIIIIIIIIII
IIIIIIIIIIIIIIIIIIIIIIIIIIIIIIIIIIIIIIIIIIIII2I21A2IIIIIIIIIIIII
IIIIIIIIIIIIIIIIIIIIIIIIIIIIIIIIIIIIIIIIIIII2221AA2IIIIIIIIIIIII
IIIIIIIIIIIIIIIIIIIIIIIIIIIIIII2I21AIIIIIIII2221AA2IIIIIIIIIIIII
IIIIIIIIIIIIIIIIIIIIIIIIIIIIII2221AAIIIIIIII2221AA2IIIIIIIIIIIII
IIIIIIIIIIIIIIIIIIIIIIIIIIIIII2221AAIIIIIIII222AAA2IIIIIIIIIIIII
IIIIIIIIIIIIIIIIIIIIIIIIIIIIII2221AAIIIIIIII222AAA2IIA1IIIIIIIII
IIIIIIIIIIIIIIIIIIIIIIIIIIIIII2221AAIIIA1III222AAA2IIA1IIIIIIIII
IIIIIIIIIIIIIIIIIIIIIIIIIIIIII2221AAIIIA1III222AAA1IIA1IIIIIIIII
IIIIIIIIIIIIIIIIIIIIIIIIIIIIII2221AA1IIA1III222AAA1IIA1IIIIIIIII
IIIIIIIIIIIIIIIIIIIIIIIIIIIIII2221AA1IIA1III222AAA1I2A1IIIIIIIII
IIIIIIIIIIIIIIIIIIIIIIIIIIIIIIIIIIIIIIIIIIIIIIIIIIIIIA1IIIIIIIII
IIIIIIIIIIIIIIIIIIIIIIIIIIIIIIIIIIIIIIIIIIIIIIIIIIII2A1IIIIIIIII
IIIIIIIIIIIIIIIIIIIIIIIIIIIIIIIIIIIIIIIIIIIIIIA1IIIIIIIIIIIIIIII
IIIIIIIIIIIIIIIIIIIIIIIIIIIIIIIIIIIIIIIIIIIIIIAIIIIIIIIIIIIIIIII
IIIIIIIIIIIIIIIIIIIIIIIIIIIIIIIIIIIIIIIIIIIIIIAIIIIIIIIAIIIIIIII
IIIIIIIIIIIIIIIIIIIIIIIIIIIIIIIIIIIIIIIIIAIIIIAIIIIIIIIAIIIIIIII
IIIIIIIIIIIIIIIIIIIIIIIIIIIIIIIIIIIIIIIIIAIIIIAAIIIIIIIAIIIIIIII
IIIIIIIIIIIIIIIIIIIIIIIIIIIIIIIIIAIIIIIIIAIIIIAAIIIIIIIAIIIIIIII
IIIIIIIIIIIIIIIIIIIIIIIIIIIIIIIIIIIIIIIIIIIIIIIIIIIIIIIA2IIIIIII
IIIIIIIIIIIIIIIIIIIIIIIIIIIIIIIIIIIIIIIIIIIIIIAIIIIIIIIIIIIIIIII
IIIIIIIIIIIIIIIIIIIIIIIIIIIIIIIIAIIIIIIIIIIIIIAIIIIIIIIIIIIIIIII
IIIIIIIIIIIIIIIIIIIIIIIIIIIIIIIIAIIIIIIIIIIIIIAIIIIIIIIAIIIIIIII
IIIIIIIIIIIIIIIIIIIIIIIIIIIIIIIIAIIIIIIIIAIIIIAIIIIIIIIAIIIIIIII
IIIIIIIIIIIIIIIIIIIIIIIIIIIIIIIIIIAII1IIIIIIIIIIIIIIIIIIIIIIIIII
IIIIIIIIIIIIIIIIIIIIIIIIIIIIIIIIIIAII1IIIIIIIIIIAII1IIIIIIIIIIII
IIIIIIIIIIIIIIIIIIIIIIIIIIIIIIIIIIAII1IIAII1IIIIAII1IIIIIIIIIIII
IIIIIIIIIIIIIIIIIIIIIIIIIIIIIIIIIIAII1IIAII1IIIIAII1IIAII1IIIIII
IIIIIIIIIIIIIIIIIIIIIIIIIIIIIIIIIIIIIIIIIIIIIIIIIIIIIIA2IIIIIIII
IIIIIIIIIIIIIIIIIIIIIIIIIIIIIIIIIIIIIIIIA2IIIIIIIIIIIIA2IIIIIIII
IIIIIIIIIIIIIIIIIIIIIIIIIIIIIIIIIIIIIIIIA2IIIIIIIA2IIIA2IIIIIIII
IIIIIIIIIIIIIIIIIIIIIIIIIIIIIIIIIIIA2IIIA2IIIIIIIA2IIIA2IIIIIIII
IIIIIIIIIIIIIIIIIIIIIIIIIIIIIIIIIIIA2IIIA2IIIIIIIA2IIAA2IIIIIIII
IIIIIIIIIIIIIIIIIIIIIIIIIIIIIIIIIIIA2IIAA2IIIIIIIA2IIAA2IIIIIIII
IIIIIIIIIIIIIIIIIIIIIIIIIIIIIIIIIIIA2IIAA2IIIIIA2A2IIAA2IIIIIIII
IIIIIIIIIIIIIIIIIIIIIIIIIIIIIIIIIA2A2IIAA2IIIIIA2A2IIAA2IIIIIIII
IIIIIIIIIIIIIIIIIIIIIIIIIIIIIIIIIIIIIIIIIIIIIIIA1IIIIIIIIIIIIIII
IIIIIIIIIIIIIIIIIIIIIIIIIIIIIIIIIIIIIIIIIIIIIIIA1IIIIA1IIIIIIIII
IIIIIIIIIIIIIIIIIIIIIIIIIIIIIIIIIA1IIIIIIIIIIIIA1IIIIA1IIIIIIIII
IIIIIIIIIIIIIIIIIIIIIIIIIIIIIIIIIA1IIIIA1IIIIIIA1IIIIA1IIIIIIIII
IIIIIIIIIIIIIIIIIIIIIIIIIIIIIIIIIA1IIIIA1IIIIIIA1IIIIA1A1IIIIIII
IIIIIIIIIIIIIIIIIIIIIIIIIIIIIIIIIA1IIIIA1A1IIIIA1IIIIA1A1IIIIIII
IIIIIIIIIIIIIIIIIIIIIIIIIIIIIIIIIIIIIIIIIA2IIIIIIIIIIIIIIIIIIIII
IIIIIIIIIIIIIIIIIIIIIIIIIIIIIIIIIIIIIIIIIA2IIIIIIIIIIIIA2IIIIIII
IIIIIIIIIIIIIIIIIIIIIIIIIIIIIIIIIA2IIIIIIA2IIIIIIIIIIIIA2IIIIIII
IIIIIIIIIIIIIIIIIIIIIIIIIIIIIIIIIA2IIIIIIA2IIIIA2IIIIIIA2IIIIIII
IIIIIIIIIIIIIIIIIIIIIIIIIIIIIIIIIIIIIIIIIIII221AIIIIIIIIIIIIIIII
IIIIIIIIIIIIIIIIIIIIIIIIIIIIIIIIIIIIIIIIIII221AAIIIIIIIIIIIIIIII
IIIIIIIIIIIIIIIIIIIIIIIIIIIIIIIIIIIIIIIIIII221AAIA2IIIIIIIIIIIII
IIIIIIIIIIIIIIIIIIIIIIIIIIIIIIIIIIIA2IIIIII221AAIA2IIIIIIIIIIIII
IIIIIIIIIIIIIIIIIIIIIIIIIIIIIIIIIIIA2IIIIII221AAAA2IIIIIIIIIIIII
IIIIIIIIIIIIIIIIIIIIIIIIIIIIIIIIIIAA2IIIIII221AAAA2IIIIIIIIIIIII
IIIIIIIIIIIIIIIIIIIIIIIIIIIIIIIIIIAA2IIIIII221AAAA2IIIIA2IIIIIII
IIIIIIIIIIIIIIIIIIIIIIIIIIIIIIIIIIAA2IIIIA2221AAAA2IIIIA2IIIIIII
IIIIIIIIIIIIIIIIIIIIIIIIIIIIIIIIIIIIIIIIIIIIIIIIIIIIIIIA1IIIIIII
IIIIIIIIIIIIIIIIIIIIIIIIIIIIIIIIIIIIIIIIIIIIIIAIIIIIIIIA1IIIIIII
IIIIIIIIIIIIIIIIIIIIIIIIIIIIIIIIAIIIIIIIIIIIIIAIIIIIIIIA1IIIIIII
IIIIIIIIIIIIIIIIIIIIIIIIIIIIIIIIAIIIIIIIIAIIIIAIIIIIIIIA1IIIIIII
IIIIIIIIIIIIIIIIIIIIIIIIIIIIIIIIAIIIIIIIIAIIIIAIIAIIIIIA1IIIIIII
IIIIIIIIIIIIIIIIIIIIIIIIIIIIIIIIAIIIIIIIIAIIIIAA2AIIIIIA1IIIIIII
IIIIIIIIIIIIIIIIIIIIIIIIIIIIIIIIAIIIIIIIIAIIIIAA2A2IIIIA1IIIIIII
IIIIIIIIIIIIIIIIIIIIIIIIIIIIIIIIAIIA2IIIIAIIIIAA2A2IIIIA1IIIIIII
IIIIIIIIIIIIIIIIIIIIIIIIIIIIIIIIAA2A2IIIIAIIIIAA2A2IIIIA1IIIIIII
IIIIIIIIIIIIIIIIIIIIIIIIIIIIIIIIAA2A2IIIIAIIIIAAAA2IIIIA1IIIIIII
IIIIIIIIIIIIIIIIIIIIIIIIIIIIIIIIAAAA2IIIIAIIIIAAAA2IIIIA1IIIIIII
IIIIIIIIIIIIIIIIIIIIIIIIIIIIIIIIIIIIIIIIIIIIIIIIA2IIIIIIIIIIIIII
IIIIIIIIIIIIIIIIIIIIIIIIIIIIIIIIIIIIIIIIIIIIIIIA1IIIIIIIIIIIIIII
IIIIIIIIIIIIIIIIIIIIIIIIIIIIIIIIIA1IIIIIIIIIIIIA1IIIIIIIIIIIIIII
IIIIIIIIIIIIIIIIIIIIIIIIIIIIIIIIIA1IIIIIIIIIIIIAA1IIIIIIIIIIIIII
IIIIIIIIIIIIIIIIIIIIIIIIIIIIIIIIIAA1IIIIIIIIIIIAA1IIIIIIIIIIIIII
IIIIIIIIIIIIIIIIIIIIIIIIIIIIIIIIIAA1IIIIIIIIIIIAA1IIIIAIIIIIIIII
IIIIIIIIIIIIIIIIIIIIIIIIIIIIIIIIIAA1IIIIIIIIIIIAA1IIIIA2IIIIIIII
IIIIIIIIIIIIIIIIIIIIIIIIIIIIIIIIIAA1IIIIA2IIIIIAA1IIIIA2IIIIIIII
IIIIIIIIIIIIIIIIIIIIIIIIIIIIIIIIIIIIIIIIIIIIIIIIIIIIIIIIAIIIIIII
IIIIIIIIIIIIIIIIIIIIIIIIIIIIIIIIIIIIIIIIIIAIIIIIIIIIIIIIAIIIIIII
IIIIIIIIIIIIIIIIIIIIIIIIIIIIIIIIIIIIIIIIIIAIIIIIIIIIIIIAAIIIIIII
IIIIIIIIIIIIIIIIIIIIIIIIIIIIIIIIIIIIIIIIIAAIIIIIIIIIIIIAAIIIIIII
IIIIIIIIIIIIIIIIIIIIIIIIIIIIIIIIIIIIIIIIIAAIIIIIIIIIIIIAA2IIIIII
IIIIIIIIIIIIIIIIIIIIIIIIIIIIIIIIIIIIIIIIIAA2IIIIIIIIIIIAA2IIIIII
IIIIIIIIIIIIIIIIIIIIIIIIIIIIIIIIIIIIIIIIIAA2IIA2IIIIIIIAA2IIIIII
IIIIIIIIIIIIIIIIIIIIIIIIIIIIIIIIA2IIIIIIIAA2IIA2IIIIIIIAA2IIIIII
IIIIIIIIIIIIIIIIIIIIIIIIIIIIIIIIIIIIIIIIIIIIIIIIAIIIIIIIIIIIIIII
IIIIIIIIIIIIIIIIIIIIIIIIIIIIIIIIIIIIIIIIIIIIIIIIA2IIIIIIIIIIIIII
IIIIIIIIIIIIIIIIIIIIIIIIIIIIIIIIIIIIIIIIIIIIIIIIA2IIIIA2IIIIIIII
IIIIIIIIIIIIIIIIIIIIIIIIIIIIIIIIIIA2IIIIIIIIIIIIA2IIIIA2IIIIIIII
IIIIIIIIIIIIIIIIIIIIIIIIIIIIIIIIIIA2IIIIA2IIIIIIA2IIIIA2IIIIIIII
IIIIIIIIIIIIIIIIIIIIIIIIIIIIIIIIIIIIIIIIIIIIIIIIIIIIIIIA1IIIIIII
IIIIIIIIIIIIIIIIIIIIIIIIIIIIIIIIIIIIIIIIIA1IIIIIIIIIIIIA1IIIIIII
IIIIIIIIIIIIIIIIIIIIIIIIIIIIIIIIIIIIIIIIIA1IIIIIA1IIIIIA1IIIIIII
IIIIIIIIIIIIIIIIIIIIIIIIIIIIIIIIIIA1IIIIIA1IIIIIA1IIIIIA1IIIIIII
IIIIIIIIIIIIIIIIIIIIIIIIIIIIIIIIIIA1IIIIIA1IIIIIAAIIIIIA1IIIIIII
IIIIIIIIIIIIIIIIIIIIIIIIIIIIIIIIIIAAIIIIIA1IIIIIAAIIIIIA1IIIIIII
IIIIIIIIIIIIIIIIIIIIIIIIIIIIIIIIIIIIIIIIIIIIIIIIA2IIIIIIIIIIIIII
IIIIIIIIIIIIIIIIIIIIIIIIIIIIIIIIIIA2IIIIIIIIIIIIA2IIIIIIIIIIIIII
IIIIIIIIIIIIIIIIIIIIIIIIIIIIIIIIIIIIIIIIIIIIIIA2IIIIIIIIIIIIIIII
IIIIIIIIIIIIIIIIIIIIIIIIIIIIIIIIIIIIIIIIIIIIIIA1IIIIIIIIIIIIIIII
IIIIIIIIIIIIIIIIIIIIIIIIIIIIIIIIIIIIIIIIIIIIIIIIIIIIIA1IIIIIIIII
IIIIIIIIIIIIIIIIIIIIIIIIIIIIIIIIIIIIIIIIIIIIIIIIIIII2A1IIIIIIIII
IIIIIIIIIIIIIIIIIIIIIIIIIIIIIIIIIIIIII2AIIIIIIIIIIII2A1IIIIIIIII
IIIIIIIIIIIIIIIIIIIIIIIIIIIIIIIIIIIIII2AIIIIIII2AIII2A1IIIIIIIII
IIIIIIIIIIIIIIIIIIIIIIIIIIIIIIIII2AIII2AIIIIIII2AIII2A1IIIIIIIII
IIIIIIIIIIIIIIIIIIIIIIIIIIIIIIIII2AIII2AIIIIIII2AA2I2A1IIIIIIIII
IIIIIIIIIIIIIIIIIIIIIIIIIIIIIIIII2AA2I2AIIIIIII2AA2I2A1IIIIIIIII
IIIIIIIIIIIIIIIIIIIIIIIIIIIIIIIII2AA2I2AIIIIIIIAAA2I2A1IIIIIIIII
IIIIIIIIIIIIIIIIIIIIIIIIIIIIIIIIIAAA2I2AIIIIIIIAAA2I2A1IIIIIIIII
IIIIIIIIIIIIIIIIIIIIIIIIIIIIIIIIIIIIIIIIIIIIIIIIIIIIIIIA1IIIIIII
IIIIIIIIIIIIIIIIIIIIIIIIIIIIIIIIIIIIIIIIIAIIIIIIIIIIIIIA1IIIIIII
IIIIIIIIIIIIIIIIIIIIIIIIIIIIIIIIIIIIIIIIIAIIIIIIIAIIIIIA1IIIIIII
IIIIIIIIIIIIIIIIIIIIIIIIIIIIIIIIIIIAIIIIIAIIIIIIIAIIIIIA1IIIIIII
IIIIIIIIIIIIIIIIIIIIIIIIIIIIIIIIIIIIIIIIIIIIIIA1IIIIIIIIIIIIIIII
IIIIIIIIIIIIIIIIIIIIIIIIIIIIIIIIAIIIIIIIIIIIIIA1IIIIIIIIIIIIIIII
IIIIIIIIIIIIIIIIIIIIIIIIIIIIIIIIAIIIIIIIIIIIIIA1IIIIIIIAIIIIIIII
IIIIIIIIIIIIIIIIIIIIIIIIIIIIIIIIAIIIIIIIIA1IIIA1IIIIIIIAIIIIIIII
IIIIIIIIIIIIIIIIIIIIIIIIIIIIIIIIAIIIIIIIIA1IIIA1A1IIIIIAIIIIIIII
IIIIIIIIIIIIIIIIIIIIIIIIIIIIIIIIAIAIIIIIIA1IIIA1A1IIIIIAIIIIIIII
IIIIIIIIIIIIIIIIIIIIIIIIIIIIIIIIIIIIIIIIIIIIIIIIA1IIIIIIIIIIIIII
IIIIIIIIIIIIIIIIIIIIIIIIIIIIIIIIIIIIIIIIIIIIIIA1IIIIIIIIIIIIIIII
IIIIIIIIIIIIIIIIIIIIIIIIIIIIIIIIA1IIIIIIIIIIIIA1IIIIIIIIIIIIIIII
IIIIIIIIIIIIIIIIIIIIIIIIIIIIIIIIA1IIIIIIIIIIIIA1A1IIIIIIIIIIIIII
IIIIIIIIIIIIIIIIIIIIIIIIIIIIIIIIA1A1IIIIIIIIIIA1A1IIIIIIIIIIIIII
IIIIIIIIIIIIIIIIIIIIIIIIIIIIIIIIIIIIIIIIIIIIIIIA2IIIIIIIIIIIIIII
IIIIIIIIIIIIIIIIIIIIIIIIIIIIIIIIIIIIIIIIIIIIIIAA2IIIIIIIIIIIIIII
IIIIIIIIIIIIIIIIIIIIIIIIIIIIIIIIIA2IIIIIIIIIIIAA2IIIIIIIIIIIIIII
IIIIIIIIIIIIIIIIIIIIIIIIIIIIIIIIAA2IIIIIIIIIIIAA2IIIIIIIIIIIIIII
IIIIIIIIIIIIIIIIIIIIIIIIIIIIIIIIIIIIIIIIIIIIIIIAIIIIIIIIIIIIIIII
IIIIIIIIIIIIIIIIIIIIIIIIIIIIIIIIIIIIIIIIIIIIIIIA2IIIIIIIIIIIIIII
IIIIIIIIIIIIIIIIIIIIIIIIIIIIIIIIIIIIIIIIIIIIIIAA2IIIIIIIIIIIIIII
IIIIIIIIIIIIIIIIIIIIIIIIIIIIIIIIIIIIIIIIIIIIIIAAA2IIIIIIIIIIIIII
IIIIIIIIIIIIIIIIIIIIIIIIIIIIIIIIA2IIIIIIIIIIIIAAA2IIIIIIIIIIIIII
IIIIIIIIIIIIIIIIIIIIIIIIIIIIIIIIA2A2IIIIIIIIIIAAA2IIIIIIIIIIIIII
IIIIIIIIIIIIIIIIIIIIIIIIIIIIIIIIIA2IIIIIIIIIIIIIIIIIIIIIIIIIIIII
IIIIIIIIIIIIIIIIIIIIIIIIIIIIIIIIIA2IIIIIIIIIIIIA2IIIIIIIIIIIIIII
IIIIIIIIIIIIIIIIIIIIIIIIIIIIIIIIIA2IIIIA2IIIIIIA2IIIIIIIIIIIIIII
IIIIIIIIIIIIIIIIIIIIIIIIIIIIIIIIIA2IIIIA2IIIIIIA2IIIIA2IIIIIIIII
IIIIIIIIIIIIIIIIIIIIIIIIIIIIIIIIIIIIIIIIIIIIIIIA2IIIIIIIIIIIIIII
IIIIIIIIIIIIIIIIIIIIIIIIIIIIIIIIIIIIIIIIIIIIIIIA2IIIIA2IIIIIIIII
IIIIIIIIIIIIIIIIIIIIIIIIIIIIIIIIIIIIIIIIIIIIIIAA2IIIIA2IIIIIIIII
IIIIIIIIIIIIIIIIIIIIIIIIIIIIIIIIA2IIIIIIIIIIIIAA2IIIIA2IIIIIIIII
IIIIIIIIIIIIIIIIIIIIIIIIIIIIIIIIAA2IIIIIIIIIIIAA2IIIIA2IIIIIIIII
IIIIIIIIIIIIIIIIIIIIIIIIIIIIIIIIIIIIIIIIIIIIIIAIIIIIIIIIIIIIIIII
IIIIIIIIIIIIIIIIIIIIIIIIIIIIIIIIIIIIIIIIIIIIIIIA1IIIIIIIIIIIIIII
IIIIIIIIIIIIIIIIIIIIIIIIIIIIIIIIIAIIIIIIIIIIIIIA1IIIIIIIIIIIIIII
IIIIIIIIIIIIIIIIIIIIIIIIIIIIIIIIIAIIIIIIIIIIIIAA1IIIIIIIIIIIIIII
IIIIIIIIIIIIIIIIIIIIIIIIIIIIIIIIAAIIIIIIIIIIIIAA1IIIIIIIIIIIIIII
IIIIIIIIIIIIIIIIIIIIIIIIIIIIIIIIIIIIIIIIIIIIIIA12IIIIIIIIIIIIIII
IIIIIIIIIIIIIIIIIIIIIIIIIIIIIIIIA12IIIIIIIIIIIA12IIIIIIIIIIIIIII
IIIIIIIIIIIIIIIIIIIIIIIIIIIIIIIIIIIIIIIA1IIIIIIIIIIIIIIIIIIIIIII
IIIIIIIIIIIIIIIIIIIIIIIIIIIIIIIIIIIIIIIA1IIIIIIIIIIIIA1IIIIIIIII
IIIIIIIIIIIIIIIIIIIIIIIIIIIIIIIIA1IIIIIA1IIIIIIIIIIIIA1IIIIIIIII
IIIIIIIIIIIIIIIIIIIIIIIIIIIIIIIIA1IIIIIA1IIIIIA1IIIIIA1IIIIIIIII
IIIIIIIIIIIIIIIIIIIIIIIIIIIIIIIIA1IIIIIA1IIIIIA1A1IIIA1IIIIIIIII
IIIIIIIIIIIIIIIIIIIIIIIIIIIIIIIIA1A1IIIA1IIIIIA1A1IIIA1IIIIIIIII
IIIIIIIIIIIIIIIIIIIIIIIIIIIIIIIIA1A1IIIA1IIIIIA1A1IIIAA1IIIIIIII
IIIIIIIIIIIIIIIIIIIIIIIIIIIIIIIIA1A1IIIAA1IIIIA1A1IIIAA1IIIIIIII
IIIIIIIIIIIIIIIIIIIIIIIIIIIIIIIIIIIIIIIIIIIIIIIIA2IIIIIIIIIIIIII
IIIIIIIIIIIIIIIIIIIIIIIIIIIIIIIIIIIIIIIIIIIIIIIIIIIIIAIIIIIIIIII
IIIIIIIIIIIIIIIIIIIIIIIIIIIIIIIIIIIIIIIIIIIIIIIIAIIIIAIIIIIIIIII
IIIIIIIIIIIIIIIIIIIIIIIIIIIIIIIIIIIIIIIAIIIIIIIIAIIIIAIIIIIIIIII
IIIIIIIIIIIIIIIIIIIIIIIIIIIIIIIIIIAIIIIAIIIIIIIIAIIIIAIIIIIIIIII
IIIIIIIIIIIIIIIIIIIIIIIIIIIIIIIIIIAIIIIAIIIIIIIIAA2IIAIIIIIIIIII
IIIIIIIIIIIIIIIIIIIIIIIIIIIIIIIIIIIIIIIIIIIIIIIIIIIIIA1IIIIIIIII
IIIIIIIIIIIIIIIIIIIIIIIIIIIIIIIIIIIIIIIIIIIIIIIIIIII2A1IIIIIIIII
IIIIIIIIIIIIIIIIIIIIIIIIIIIIIIIIIIIIII2AIIIIIIIIIIII2A1IIIIIIIII
IIIIIIIIIIIIIIIIIIIIIIIIIIIIIIIIIIIIII2AIIIIIIII2AII2A1IIIIIIIII
IIIIIIIIIIIIIIIIIIIIIIIIIIIIIIIIIIIIII2AIIIIIIII2A2I2A1IIIIIIIII
IIIIIIIIIIIIIIIIIIIIIIIIIIIIIIIIIIIIIIIIIIIIIIIIIAIIIIIIIIIIIIII
IIIIIIIIIIIIIIIIIIIIIIIIIIIIIIIIIIIIIIIIIIIIIIIIIAIIIIIAIIIIIIII
IIIIIIIIIIIIIIIIIIIIIIIIIIIIIIIIIIIIIIIIIAIIIIIIIAIIIIIAIIIIIIII
IIIIIIIIIIIIIIIIIIIIIIIIIIIIIIIIIIIAIIIIIAIIIIIIIAIIIIIAIIIIIIII
IIIIIIIIIIIIIIIIIIIIIIIIIIIIIIIIIIIAIIIIIAIIIIIIIAIIIIIA2IIIIIII
IIIIIIIIIIIIIIIIIIIIIIIIIIIIIIIIIIIAIIIIIAIIIIIA2AIIIIIA2IIIIIII
IIIIIIIIIIIIIIIIIIIIIIIIIIIIIIIIIA2AIIIIIAIIIIIA2AIIIIIA2IIIIIII
IIIIIIIIIIIIIIIIIIIIIIIIIIIIIIIIIIIIIIIIIIIIIIIIIIIIIA2IIIIIIIII
IIIIIIIIIIIIIIIIIIIIIIIIIIIIIIIIIIIIIIIA2IIIIIIIIIIIIA2IIIIIIIII
IIIIIIIIIIIIIIIIIIIIIIIIIIIIIIIIIIIIIIIA2IIIIIIA2IIIIA2IIIIIIIII
IIIIIIIIIIIIIIIIIIIIIIIIIIIIIIIIIA2IIIIA2IIIIIIA2IIIIA2IIIIIIIII
IIIIIIIIIIIIIIIIIIIIIIIIIIIIIIIIIIIIIIIIIIIIIIIIIAIIIIIIIIIIIIII
IIIIIIIIIIIIIIIIIIIIIIIIIIIIIIIIIIIIIIIIIIIIIIIIIAIIIAIIIIIIIIII
IIIIIIIIIIIIIIIIIIIIIIIIIIIIIIIIIIIAIIIIIIIIIIIIIAIIIAIIIIIIIIII
IIIIIIIIIIIIIIIIIIIIIIIIIIIIIIIIIIIAIIIAIIIIIIIIIAIIIAIIIIIIIIII
IIIIIIIIIIIIIIIIIIIIIIIIIIIIIIIIIIIAIIIAIIIIIIIIIA2IIAIIIIIIIIII
IIIIIIIIIIIIIIIIIIIIIIIIIIIIIIIIIIIIIIIIIIIIIIIIIIIIIIIA1IIIIIII
IIIIIIIIIIIIIIIIIIIIIIIIIIIIIIIIIIIIIIIIIIIIIIIIIIIIIIIA2IIIIIII
IIIIIIIIIIIIIIIIIIIIIIIIIIIIIIIIIIIIIIIIIA2IIIIIIIIIIIIA2IIIIIII
IIIIIIIIIIIIIIIIIIIIIIIIIIIIIIIIIIIIIIIIIA2IIIIIIIIIIA2A2IIIIIII
IIIIIIIIIIIIIIIIIIIIIIIIIIIIIIIIIIIIIIIA2A2IIIIIIIIIIA2A2IIIIIII
IIIIIIIIIIIIIIIIIIIIIIIIIIIIIIIIIIIIIIIIIIIIIIIIA2IIIIIIIIIIIIII
IIIIIIIIIIIIIIIIIIIIIIIIIIIIIIIIIIA2IIIIIIIIIIIIA2IIIIIIIIIIIIII
IIIIIIIIIIIIIIIIIIIIIIIIIIIIIIIIIIA2IIIIIIIIIIIIA2IIIIA2IIIIIIII
IIIIIIIIIIIIIIIIIIIIIIIIIIIIIIIIIIA2IIIIA2IIIIIIA2IIIIA2IIIIIIII
IIIIIIIIIIIIIIIIIIIIIIIIIIIIIIIIIIA2IIIIA2IIIIIAA2IIIIA2IIIIIIII
IIIIIIIIIIIIIIIIIIIIIIIIIIIIIIIIIAA2IIIIA2IIIIIAA2IIIIA2IIIIIIII
IIIIIIIIIIIIIIIIIIIIIIIIIIIIIIIIIAA2IIIIA2IIIIIAA2IIIAA2IIIIIIII
IIIIIIIIIIIIIIIIIIIIIIIIIIIIIIIIIAA2IIIAA2IIIIIAA2IIIAA2IIIIIIII
IIIIIIIIIIIIIIIIIIIIIIIIIIIIIIIIIIIIIIIIIIIIIIA1IIIIIIIIIIIIIIII
IIIIIIIIIIIIIIIIIIIIIIIIIIIIIIIIA1IIIIIIIIIIIIA1IIIIIIIIIIIIIIII
IIIIIIIIIIIIIIIIIIIIIIIIIIIIIIIIA1IIIIIIIIIIIIAA1IIIIIIIIIIIIIII
IIIIIIIIIIIIIIIIIIIIIIIIIIIIIIIIAA1IIIIIIIIIIIAA1IIIIIIIIIIIIIII
IIIIIIIIIIIIIIIIIIIIIIIIIIIIIIIIAA1IIIIIIIIIIIAA1IIIIAIIIIIIIIII
IIIIIIIIIIIIIIIIIIIIIIIIIIIIIIIIAA1IIIIAIIIIIIAA1IIIIAIIIIIIIIII
IIIIIIIIIIIIIIIIIIIIIIIIIIIIIIIIAA1IIIIAIIIIIIAA1IIIIAIAIIIIIIII
IIIIIIIIIIIIIIIIIIIIIIIIIIIIIIIIAA1IIIIAIAIIIIAA1IIIIAIAIIIIIIII
IIIIIIIIIIIIIIIIIIIIIIIIIIIIIIIIAA1IIIIAIAIIIIAA1AIIIAIAIIIIIIII
IIIIIIIIIIIIIIIIIIIIIIIIIIIIIIIIAA1AIIIAIAIIIIAA1AIIIAIAIIIIIIII
IIIIIIIIIIIIIIIIIIIIIIIIIIIIIIIIAA1AIIIAIAIIIIAAAAIIIAIAIIIIIIII
IIIIIIIIIIIIIIIIIIIIIIIIIIIIIIIIAAAAIIIAIAIIIIAAAAIIIAIAIIIIIIII
IIIIIIIIIIIIIIIIIIIIIIIIIIIIIIIIIIIIIIIA2IIIIIIIIIIIIIIIIIIIIIII
IIIIIIIIIIIIIIIIIIIIIIIIIIIIIIIIIIIIIIIA2IIIIIIIIIIIIA2IIIIIIIII
IIIIIIIIIIIIIIIIIIIIIIIIIIIIIIIIIIIA2IIA2IIIIIIIIIIIIA2IIIIIIIII
IIIIIIIIIIIIIIIIIIIIIIIIIIIIIIIIIIIA2IIA2IIIIIIIIA2IIA2IIIIIIIII
IIIIIIIIIIIIIIIIIIIIIIIIIIIIIIIIIIIIIIIIIIIIIIIIIIIIIIA1IIIIIIII
IIIIIIIIIIIIIIIIIIIIIIIIIIIIIIIIIIIIIIIIA1IIIIIIIIIIIIA1IIIIIIII
IIIIIIIIIIIIIIIIIIIIIIIIIIIIIIIIIIIIIIIIA1IIIIIIIIIIIAA1IIIIIIII
IIIIIIIIIIIIIIIIIIIIIIIIIIIIIIIIIIIIIIIAA1IIIIIIIIIIIAA1IIIIIIII
IIIIIIIIIIIIIIIIIIIIIIIIIIIIIIIIIIIIIIIIIIIIIIA2IIIIIIIIIIIIIIII
IIIIIIIIIIIIIIIIIIIIIIIIIIIIIIIIA2IIIIIIIIIIIIA2IIIIIIIIIIIIIIII
IIIIIIIIIIIIIIIIIIIIIIIIIIIIIIIIA2IIIIIIIIIIIIA2IIIIIIA2IIIIIIII
IIIIIIIIIIIIIIIIIIIIIIIIIIIIIIIIA2IIIIIIA2IIIIA2IIIIIIA2IIIIIIII
IIIIIIIIIIIIIIIIIIIIIIIIIIIIIIIIIIIIIIIIIIIIIIIA1222IIIIIIIIIIII
IIIIIIIIIIIIIIIIIIIIIIIIIIIIIIIIIIIIIIIIIIIIII2A1222IIIIIIIIIIII
IIIIIIIIIIIIIIIIIIIIIIIIIIIIIIII2AIIIIIIIIIIII2A1222IIIIIIIIIIII
IIIIIIIIIIIIIIIIIIIIIIIIIIIIIIII2AIIIIIIIIIIII2AA222IIIIIIIIIIII
IIIIIIIIIIIIIIIIIIIIIIIIIIIIIIII2AAIIIIIIIIIII2AA222IIIIIIIIIIII
IIIIIIIIIIIIIIIIIIIIIIIIIIIIIIIIIIIIIIIIIIIIIIIA1IIIIIIIIIIIIIII
IIIIIIIIIIIIIIIIIIIIIIIIIIIIIIIIIIIIIIIIIIIIIIIAIIIIIIIIIIIIIIII
IIIIIIIIIIIIIIIIIIIIIIIIIIIIIIIIIAIIIIIIIIIIIIIAIIIIIIIIIIIIIIII
IIIIIIIIIIIIIIIIIIIIIIIIIIIIIIIIIAIIIIIIIIIIIIIA2IIIIIIIIIIIIIII
IIIIIIIIIIIIIIIIIIIIIIIIIIIIIIIIIA2IIIIIIIIIIIIA2IIIIIIIIIIIIIII
IIIIIIIIIIIIIIIIIIIIIIIIIIIIIIIIIIA2IIIIIIIIIIIIIIIIIIIIIIIIIIII
IIIIIIIIIIIIIIIIIIIIIIIIIIIIIIIIIIA2IIIIIIIIIIIIA2IIIIIIIIIIIIII
IIIIIIIIIIIIIIIIIIIIIIIIIIIIIIIIIAA2IIIIIIIIIIIIA2IIIIIIIIIIIIII
IIIIIIIIIIIIIIIIIIIIIIIIIIIIIIIIIAA2IIIIIIIIIIIAA2IIIIIIIIIIIIII
IIIIIIIIIIIIIIIIIIIIIIIIIIIIIIIIIA1IIIIIIIIIIIIIIIIIIIIIIIIIIIII
IIIIIIIIIIIIIIIIIIIIIIIIIIIIIIIIIA1IIIIIIIIIIIIA1IIIIIIIIIIIIIII
IIIIIIIIIIIIIIIIIIIIIIIIIIIIIIIIIA1IIIIA1IIIIIIA1IIIIIIIIIIIIIII
IIIIIIIIIIIIIIIIIIIIIIIIIIIIIIIIIA1IIIIA1IIIIIIA1IIIIA1IIIIIIIII
IIIIIIIIIIIIIIIIIIIIIIIIIIIIIIIIIA1IIIIA1IIIIIIA1A1IIA1IIIIIIIII
IIIIIIIIIIIIIIIIIIIIIIIIIIIIIIIIIA1A1IIA1IIIIIIA1A1IIA1IIIIIIIII
IIIIIIIIIIIIIIIIIIIIIIIIIIIIIIIIIA1A1IIA1IIIIIAA1A1IIA1IIIIIIIII
IIIIIIIIIIIIIIIIIIIIIIIIIIIIIIIIAA1A1IIA1IIIIIAA1A1IIA1IIIIIIIII
IIIIIIIIIIIIIIIIIIIIIIIIIIIIIIIIIIIIIIIIIIIIIIA2IIIIIIIIIIIIIIII
IIIIIIIIIIIIIIIIIIIIIIIIIIIIIIIIA2IIIIIIIIIIIIA2IIIIIIIIIIIIIIII
IIIIIIIIIIIIIIIIIIIIIIIIIIIIIIIIA2IIIIIIIIIIIIAA2IIIIIIIIIIIIIII
IIIIIIIIIIIIIIIIIIIIIIIIIIIIIIIIAA2IIIIIIIIIIIAA2IIIIIIIIIIIIIII
IIIIIIIIIIIIIIIIIIIIIIIIIIIIIIIIIIIIIIIIIIIIIIIIAIIIIIIIIIIIIIII
IIIIIIIIIIIIIIIIIIIIIIIIIIIIIIIIIIIIIIIIIIIIIIIIA2IIIIIIIIIIIIII
IIIIIIIIIIIIIIIIIIIIIIIIIIIIIIIIIIIIIIIIIIIIIIA2A2IIIIIIIIIIIIII
IIIIIIIIIIIIIIIIIIIIIIIIIIIIIIIIIIA2IIIIIIIIIIA2A2IIIIIIIIIIIIII
IIIIIIIIIIIIIIIIIIIIIIIIIIIIIIIIA2A2IIIIIIIIIIA2A2IIIIIIIIIIIIII
IIIIIIIIIIIIIIIIIIIIIIIIIIIIIIIIIIIIIIIAIII2IIIIIIIIIIIIIIIIIIII
IIIIIIIIIIIIIIIIIIIIIIIIIIIIIIIIIIIIIIIAIII2IIIIIIIIIAIII2IIIIII
IIIIIIIIIIIIIIIIIIIIIIIIIIIIIIIIIIIIIIIAIII2IIIIIIIIIAIAI2I2IIII
IIIIIIIIIIIIIIIIIIIIIIIIIIIIIIIIIIIIIIIAIAI2I2IIIIIIIAIAI2I2IIII
IIIIIIIIIIIIIIIIIIIIIIIIIIIIIIIIIIIIIIIIIIIIIIA2IIIIIIIIIIIIIIII
IIIIIIIIIIIIIIIIIIIIIIIIIIIIIIIIIIIIIIIIIIIIIIA1IIIIIIIIIIIIIIII
IIIIIIIIIIIIIIIIIIIIIIIIIIIIIIIIIIIIIIIIIIIIIIIIIIIIIIIIAIIIIIII
IIIIIIIIIIIIIIIIIIIIIIIIIIIIIIIIIIIIIIIIIIIIIIIIIIIIIII2AIIIIIII
IIIIIIIIIIIIIIIIIIIIIIIIIIIIIIIIIIIIIIIII2AIIIIIIIIIIII2AIIIIIII
IIIIIIIIIIIIIIIIIIIIIIIIIIIIIIIIIIIIIIIII2AIII2AIIIIIII2AIIIIIII
IIIIIIIIIIIIIIIIIIIIIIIIIIIIIIII2AIIIIIII2AIII2AIIIIIII2AIIIIIII
IIIIIIIIIIIIIIIIIIIIIIIIIIIIIIIIIIIIIIIIIIIIIIA2IIIIIIIIIIIIIIII
IIIIIIIIIIIIIIIIIIIIIIIIIIIIIIIIA2IIIIIIIIIIIIA2IIIIIIIIIIIIIIII
IIIIIIIIIIIIIIIIIIIIIIIIIIIIIIIIIIIIIIIIIIIIIIIIAIIIIIIIIIIIIIII
IIIIIIIIIIIIIIIIIIIIIIIIIIIIIIIIIIAIIIIIIIIIIIIIAIIIIIIIIIIIIIII
IIIIIIIIIIIIIIIIIIIIIIIIIIIIIIIIIIAIIIIIIIIIIIIIAIIIIIIIAIIIIIII
IIIIIIIIIIIIIIIIIIIIIIIIIIIIIIIIIIAIIIIIIIAIIIIIAIIIIIIIAIIIIIII
IIIIIIIIIIIIIIIIIIIIIIIIIIIIIIIIIIIIIIIIIIIIIIIIA2IIIIIIIIIIIIII
IIIIIIIIIIIIIIIIIIIIIIIIIIIIIIIIIIIIIIIIIIIIIIIIA2IIIIIIA2IIIIII
IIIIIIIIIIIIIIIIIIIIIIIIIIIIIIIIIIIIIIIIIIA2IIIIA2IIIIIIA2IIIIII
IIIIIIIIIIIIIIIIIIIIIIIIIIIIIIIIIIA2IIIIIIA2IIIIA2IIIIIIA2IIIIII
IIIIIIIIIIIIIIIIIIIIIIIIIIIIIIIIIIIIIIIIIIIIIIIIIIIIIIIIA1IIIIII
IIIIIIIIIIIIIIIIIIIIIIIIIIIIIIIIIIIIIIIIIIIIIIIIIIIIIIA2IIIIIIII
IIIIIIIIIIIIIIIIIIIIIIIIIIIIIIIIIIIIIIIIA2IIIIIIIIIIIIA2IIIIIIII
IIIIIIIIIIIIIIIIIIIIIIIIIIIIIIIIIIIIIIIIA2IIIIIIIIIIIIA2A2IIIIII
IIIIIIIIIIIIIIIIIIIIIIIIIIIIIIIIIIIIIIIIA2A2IIIIIIIIIIA2A2IIIIII
IIIIIIIIIIIIIIIIIIIIIIIIIIIIIIIIIIIIIIIIA2A2IIIIIIIIIIAAA2IIIIII
IIIIIIIIIIIIIIIIIIIIIIIIIIIIIIIIIIIIIIIIA2A2IIA2IIIIIIAAA2IIIIII
IIIIIIIIIIIIIIIIIIIIIIIIIIIIIIIIIIIIIIIIAAA2IIA2IIIIIIAAA2IIIIII
IIIIIIIIIIIIIIIIIIIIIIIIIIIIIIIIA2IIIIIIAAA2IIA2IIIIIIAAA2IIIIII
IIIIIIIIIIIIIIIIIIIIIIIIIIIIIIIIIIIIIIIIIIIIIIIIIIIIIIIA2IIIIIII
IIIIIIIIIIIIIIIIIIIIIIIIIIIIIIIIIIIIIIIIIIIIIIIIIIIIIA2A2IIIIIII
IIIIIIIIIIIIIIIIIIIIIIIIIIIIIIIIIIIIIIIA2IIIIIIIIIIIIA2A2IIIIIII
IIIIIIIIIIIIIIIIIIIIIIIIIIIIIIIIIIIIIIIA2IIIIIA2IIIIIA2A2IIIIIII
IIIIIIIIIIIIIIIIIIIIIIIIIIIIIIIIA2IIIIIA2IIIIIA2IIIIIA2A2IIIIIII
IIIIIIIIIIIIIIIIIIIIIIIIIIIIIIIIIIIIIIIIIIIIIIIIIIIIIA1IIIIIIIII
IIIIIIIIIIIIIIIIIIIIIIIIIIIIIIIIIIIIIIIIIIIIIIIIIIIIIIA1IIIIIIII
IIIIIIIIIIIIIIIIIIIIIIIIIIIIIIIIIIIIIIIIIIIIIIIIIIIIIIA1A1IIIIII
IIIIIIIIIIIIIIIIIIIIIIIIIIIIIIIIIIIIIIIIIIIIIIIIIIIIIIIIAIIIIIII
IIIIIIIIIIIIIIIIIIIIIIIIIIIIIIIIIIIIIIIIIIIIIIIAIIIIIIIIAIIIIIII
IIIIIIIIIIIIIIIIIIIIIIIIIIIIIIIIIAIIIIIIIIIIIIIAIIIIIIIIAIIIIIII
IIIIIIIIIIIIIIIIIIIIIIIIIIIIIIIIIAIIIIIIIIIIIIIAIIIIIAIIAIIIIIII
IIIIIIIIIIIIIIIIIIIIIIIIIIIIIIIIIAIIIIIAIIIIIIIAIIIIIAIIAIIIIIII
IIIIIIIIIIIIIIIIIIIIIIIIIIIIIIIIIAIIIIIAIIIIIIIA2IIIIAIIAIIIIIII
IIIIIIIIIIIIIIIIIIIIIIIIIIIIIIIIIIIIIIIIIIIIIIAIIIIIIIIIIIIIIIII
IIIIIIIIIIIIIIIIIIIIIIIIIIIIIIIIAIIIIIIIIIIIIIAIIIIIIIIIIIIIIIII
IIIIIIIIIIIIIIIIIIIIIIIIIIIIIIIIAIIIIIIIIIIIIIAAIIIIIIIIIIIIIIII
IIIIIIIIIIIIIIIIIIIIIIIIIIIIIIIIAAIIIIIIIIIIIIAAIIIIIIIIIIIIIIII
IIIIIIIIIIIIIIIIIIIIIIIIIIIIIIIIAAIIIIIIIIIIIIAAIIIIIIA1IIIIIIII
IIIIIIIIIIIIIIIIIIIIIIIIIIIIIIIIAAIIIIIIA1IIIIAAIIIIIIA1IIIIIIII
IIIIIIIIIIIIIIIIIIIIIIIIIIIIIIIIAAIIIIIIA1IIIIAAIIIII2A1IIIIIIII
IIIIIIIIIIIIIIIIIIIIIIIIIIIIIIIIAAIIIII2A1IIIIAAIIIII2A1IIIIIIII
IIIIIIIIIIIIIIIIIIIIIIIIIIIIIIIIAAIIIII2A1III2AAIIIII2A1IIIIIIII
IIIIIIIIIIIIIIIIIIIIIIIIIIIIIII2AAIIIII2A1III2AAIIIII2A1IIIIIIII
IIIIIIIIIIIIIIIIIIIIIIIIIIIIIIIIIIIIIIIIIIIIIIIIA2IIIIIIIIIIIIII
IIIIIIIIIIIIIIIIIIIIIIIIIIIIIIIIIIA2IIIIIIIIIIIIA2IIIIIIIIIIIIII
IIIIIIIIIIIIIIIIIIIIIIIIIIIIIIIIIIA2IIIIIIIIIIIIA2IIIIA2IIIIIIII
IIIIIIIIIIIIIIIIIIIIIIIIIIIIIIIIIIA2IIIIA2IIIIIIA2IIIIA2IIIIIIII
IIIIIIIIIIIIIIIIIIIIIIIIIIIIIIIIIIA2IIIIA2IIIIIIA2IIIIA2A2IIIIII
IIIIIIIIIIIIIIIIIIIIIIIIIIIIIIIIIIA2IIIIA2A2IIIIA2IIIIA2A2IIIIII
IIIIIIIIIIIIIIIIIIIIIIIIIIIIIIIIIIA2IIIIA2A2IIAIA2IIIIA2A2IIIIII
IIIIIIIIIIIIIIIIIIIIIIIIIIIIIIIIAIA2IIIIA2A2IIAIA2IIIIA2A2IIIIII
IIIIIIIIIIIIIIIIIIIIIIIIIIIIIIIIIIIIIIIIIIIIIIIIA2IIIIIIIIIIIIII
IIIIIIIIIIIIIIIIIIIIIIIIIIIIIIIIIIIIIIIIIIIIIIIIA1I1122IIIIIIIII
IIIIIIIIIIIIIIIIIIIIIIIIIIIIIIIIIIIIIIIIIIIIIIIIA1I11222IIIIIIII
IIIIIIIIIIIIIIIIIIIIIIIIIIIIIIIIIIIIIIIIIIIIIIIIA1I112222IIIIIII
IIIIIIIIIIIIIIIIIIIIIIIIIIIIIIIIIIIIIIIIIIIIIIIIA2IIIIIIIIIIIIII
IIIIIIIIIIIIIIIIIIIIIIIIIIIIIIIIIIIIIIIIIIIIIIIIIIIIIIIA1IIIIIII
IIIIIIIIIIIIIIIIIIIIIIIIIIIIIIIIIIIIIIIIIA1IIIIIIIIIIIIA1IIIIIII
IIIIIIIIIIIIIIIIIIIIIIIIIIIIIIIIIIIIIIIIIA1IIIIIA1IIIIIA1IIIIIII
IIIIIIIIIIIIIIIIIIIIIIIIIIIIIIIIIIA1IIIIIA1IIIIIA1IIIIIA1IIIIIII
IIIIIIIIIIIIIIIIIIIIIIIIIIIIIIIIIIIIIIIIIIIIIIIIIIIIIAIIIIIIIIII
IIIIIIIIIIIIIIIIIIIIIIIIIIIIIIIIIIIIIIIAIIIIIIIIIIIIIAIIIIIIIIII
IIIIIIIIIIIIIIIIIIIIIIIIIIIIIIIIIIIIIIIAIIIIIIIIIIIIIAAIIIIIIIII
IIIIIIIIIIIIIIIIIIIIIIIIIIIIIIIIIIIIIIIAAIIIIIIIIIIIIAAIIIIIIIII
IIIIIIIIIIIIIIIIIIIIIIIIIIIIIIIIIIIIIIIAAIIIIIIIAIIIIAAIIIIIIIII
IIIIIIIIIIIIIIIIIIIIIIIIIIIIIIIIIIAIIIIAAIIIIIIIAIIIIAAIIIIIIIII
IIIIIIIIIIIIIIIIIIIIIIIIIIIIIIIIIIAIIIIAAIIIIIIAAIIIIAAIIIIIIIII
IIIIIIIIIIIIIIIIIIIIIIIIIIIIIIIIIAAIIIIAAIIIIIIAAIIIIAAIIIIIIIII
IIIIIIIIIIIIIIIIIIIIIIIIIIIIIIIIIIIIIIIIIIIIIIIIIIIIIIAIIIIIIIII
IIIIIIIIIIIIIIIIIIIIIIIIIIIIIIIIIIIIIIIIIIIIIIIIAIIIIIAIIIIIIIII
IIIIIIIIIIIIIIIIIIIIIIIIIIIIIIIIIIIIIIIIAIIIIIIIAIIIIIAIIIIIIIII
IIIIIIIIIIIIIIIIIIIIIIIIIIIIIIIIIIAIIIIIAIIIIIIIAIIIIIAIIIIIIIII
IIIIIIIIIIIIIIIIIIIIIIIIIIIIIIIIIIIIIIIIIIIIIIIA2IIIIIIIIIIIIIII
IIIIIIIIIIIIIIIIIIIIIIIIIIIIIIIIIA2IIIIIIIIIIIIA2IIIIIIIIIIIIIII
IIIIIIIIIIIIIIIIIIIIIIIIIIIIIIIIIA2IIIIIIIIIIIIA2A2IIIIIIIIIIIII
IIIIIIIIIIIIIIIIIIIIIIIIIIIIIIIIIA2A2IIIIIIIIIIA2A2IIIIIIIIIIIII
IIIIIIIIIIIIIIIIIIIIIIIIIIIIIIIIIIIIIIIIIIIIIIIIIIIIIIA2IIIIIIII
IIIIIIIIIIIIIIIIIIIIIIIIIIIIIIIIIIIIIIIIA2IIIIIIIIIIIIA2IIIIIIII
IIIIIIIIIIIIIIIIIIIIIIIIIIIIIIIIIIIIIIIIA2IIIIIA1IIIIIA2IIIIIIII
IIIIIIIIIIIIIIIIIIIIIIIIIIIIIIIIIA1IIIIIA2IIIIIA1IIIIIA2IIIIIIII
IIIIIIIIIIIIIIIIIIIIIIIIIIIIIIIIIA1IIIIIA2IIIIIA1IIIIIA1IIIIIIII
IIIIIIIIIIIIIIIIIIIIIIIIIIIIIIIIIA1IIIIIA1IIIIIA1IIIIIA1IIIIIIII
IIIIIIIIIIIIIIIIIIIIIIIIIIIIIIIIIA1IIIIIA1IIII2A1IIIIIA1IIIIIIII
IIIIIIIIIIIIIIIIIIIIIIIIIIIIIIIIIIIIIIIIIIIIIIIIIIIIIIIAIIIIIIII
IIIIIIIIIIIIIIIIIIIIIIIIIIIIIIIIIIIIIIIIIAIIIIIIIIIIIIIAIIIIIIII
IIIIIIIIIIIIIIIIIIIIIIIIIIIIIIIIIIIIIIIIIAIIIIIA1IIIIIIAIIIIIIII
IIIIIIIIIIIIIIIIIIIIIIIIIIIIIIIIIAIIIIIIIAIIIIIA1IIIIIIAIIIIIIII
IIIIIIIIIIIIIIIIIIIIIIIIIIIIIIIIIAIIIIIIIAIIIIIAA112222AIIIIIIII
IIIIIIIIIIIIIIIIIIIIIIIIIIIIIIIIIAA1IIIIIAIIIIIAA112222AIIIIIIII
IIIIIIIIIIIIIIIIIIIIIIIIIIIIIIIIIAA112IIIAIIIIIAA112222AIIIIIIII
IIIIIIIIIIIIIIIIIIIIIIIIIIIIIIIIIAA112IIIAIIIIIAA112222A112222II
IIIIIIIIIIIIIIIIIIIIIIIIIIIIIIIIIAA11222IAIIIIIAA112222A112222II
IIIIIIIIIIIIIIIIIIIIIIIIIIIIIIIIIAA11222IA11222AA112222A112222II
IIIIIIIIIIIIIIIIIIIIIIIIIIIIIIIIIA2IIIIIIIIIIIIIIIIIIIIIIIIIIIII
IIIIIIIIIIIIIIIIIIIIIIIIIIIIIIIIIA2IIIIIIIIIIIIA2IIIIIIIIIIIIIII
IIIIIIIIIIIIIIIIIIIIIIIIIIIIIIIIIIIIIIIIIIIIIIIIIIIIIIAIIIIIIIII
IIIIIIIIIIIIIIIIIIIIIIIIIIIIIIIIIIIIIIIIAIIIIIIIIIIIIIAIIIIIIIII
IIIIIIIIIIIIIIIIIIIIIIIIIIIIIIIIIIIIIIIIAIIIIIIIIIIIIIAAIIIIIIII
IIIIIIIIIIIIIIIIIIIIIIIIIIIIIIIIIIIIIIIIAAIIIIIIIIIIIIAAIIIIIIII
IIIIIIIIIIIIIIIIIIIIIIIIIIIIIIIIIAIIIIIIAAIIIIIIIIIIIIAAIIIIIIII
IIIIIIIIIIIIIIIIIIIIIIIIIIIIIIIIIAIIIIIIAAIIIIIAIIIIIIAAIIIIIIII
IIIIIIIIIIIIIIIIIIIIIIIIIIIIIIIIIAAIIIIIAAIIIIIAIIIIIIAAIIIIIIII
IIIIIIIIIIIIIIIIIIIIIIIIIIIIIIIIIAAIIIIIAAIIIIIAAIIIIIAAIIIIIIII
IIIIIIIIIIIIIIIIIIIIIIIIIIIIIIIIIIIIIIIIIIIIIIIIIIII1AIIIIIIIIII
IIIIIIIIIIIIIIIIIIIIIIIIIIIIIIIIIIIIII1AIIIIIIIIIIII1AIIIIIIIIII
IIIIIIIIIIIIIIIIIIIIIIIIIIIIIIIIIIIIII1AIIIIIIIIIIII1A1AIIIIIIII
IIIIIIIIIIIIIIIIIIIIIIIIIIIIIIIIIIIIII1A1AIIIIIIIIII1A1AIIIIIIII
IIIIIIIIIIIIIIIIIIIIIIIIIIIIIIIIIIIIIIIIIIIIIIIIIAIIIIIIIIIIIIII
IIIIIIIIIIIIIIIIIIIIIIIIIIIIIIIIIIIIIIIIIIIIIIIIIA2IIIIIIIIIIIII
IIIIIIIIIIIIIIIIIIIIIIIIIIIIIIIIIIIIIIIIIIIIIIIIIA1IIIIIIIIIIIII
IIIIIIIIIIIIIIIIIIIIIIIIIIIIIIIIIIIIIIIIIIIIIIII2A1IIIIIIIIIIIII
IIIIIIIIIIIIIIIIIIIIIIIIIIIIIIIIIIIIIIIIIIIIIIIIIAIIIIIIIIIIIIII
IIIIIIIIIIIIIIIIIIIIIIIIIIIIIIIIIIIIIIIIIIIIIIIIIAIIIIA2IIIIIIII
IIIIIIIIIIIIIIIIIIIIIIIIIIIIIIIIIIIIIIIIA2IIIIIIIAIIIIA2IIIIIIII
IIIIIIIIIIIIIIIIIIIIIIIIIIIIIIIIIIIIIIIIA2IIIIIA2AIIIIA2IIIIIIII
IIIIIIIIIIIIIIIIIIIIIIIIIIIIIIIIIA2IIIIIA2IIIIIA2AIIIIA2IIIIIIII
IIIIIIIIIIIIIIIIIIIIIIIIIIIIIIIIIIIIIIIIIIIIIIIIA2IIIIIIIIIIIIII
IIIIIIIIIIIIIIIIIIIIIIIIIIIIIIIIIIA2IIIIIIIIIIIIA2IIIIIIIIIIIIII
IIIIIIIIIIIIIIIIIIIIIIIIIIIIIIIIIIA2IIIIIIIIIIIAA2IIIIIIIIIIIIII
IIIIIIIIIIIIIIIIIIIIIIIIIIIIIIIIIAA2IIIIIIIIIIIAA2IIIIIIIIIIIIII
IIIIIIIIIIIIIIIIIIIIIIIIIIIIIIIIIIIIIIIIIIIIIIA1IIIIIIIIIIIIIIII
IIIIIIIIIIIIIIIIIIIIIIIIIIIIIIIIIIIIIIIIIIIII2A1IIIIIIIIIIIIIIII
IIIIIIIIIIIIIIIIIIIIIIIIIIIIIII2AIIIIIIIIIIII2A1IIIIIIIIIIIIIIII
IIIIIIIIIIIIIIIIIIIIIIIIIIIIIII2AIIIIIIIIIIII2A1AIIIIIIIIIIIIIII
IIIIIIIIIIIIIIIIIIIIIIIIIIIIIII2A2AIIIIIIIIII2A1AIIIIIIIIIIIIIII
IIIIIIIIIIIIIIIIIIIIIIIIIIIIIIIIIIIIIIIIIIIIIIIIIIIIII2AIIIIIIII
IIIIIIIIIIIIIIIIIIIIIIIIIIIIIIIIIIIIIIIIIIIIIIIIIIIII11AIIIIIIII
IIIIIIIIIIIIIIIIIIIIIIIIIIIIIIIIIIIIIIIIIIIIIIIIIIII111AIIIIIIII
IIIIIIIIIIIIIIIIIIIIIIIIIIIIIIIIIIIIIIIIIIIIIIIIIIIIII1AIIIIIIII
IIIIIIIIIIIIIIIIIIIIIIIIIIIIIIIIIIIIIIIIIIIIIIIIIIIIII1A111111II
IIIIIIIIIIIIIIIIIIIIIIIIIIIIIIIIIIIIIIIIIIIIIIIIIIIIII1A1111111I
IIIIIIIIIIIIIIIIIIIIIIIIIIIIIIIIIIIIIIIIIIIIIIIIIIIIII1A11111111
IIIIIIIIIIIIIIIIIIIIIIIIIIIIIIIIIIIIIIIIIA1111111IIIII1A11111111
IIIIIIIIIIIIIIIIIIIIIIIIIIIIIIIIIIIIIIIIIA1111111IIIIIAA11111111
IIIIIIIIIIIIIIIIIIIIIIIIIIIIIIIIIIIIIIIIAA1111111IIIIIAA11111111
IIIIIIIIIIIIIIIIIIIIIIIIIIIIIIIIIIIIIIIIIIIIIIIIIIIIIIIA1IIIIIII
IIIIIIIIIIIIIIIIIIIIIIIIIIIIIIIIIIIIIIIIIIIIIIIIIIIIIAIA1IIIIIII
IIIIIIIIIIIIIIIIIIIIIIIIIIIIIIIIIIIIIIIAIIIIIIIIIIIIIAIA1IIIIIII
IIIIIIIIIIIIIIIIIIIIIIIIIIIIIIIIIIIIIIIAIIIIIIIIIAIIIAIA1IIIIIII
IIIIIIIIIIIIIIIIIIIIIIIIIIIIIIIIIIIAIIIAIIIIIIIIIAIIIAIA1IIIIIII
IIIIIIIIIIIIIIIIIIIIIIIIIIIIIIIIIIIIIIIIIIIIIIIIIIIIIA2IIIIIIIII
IIIIIIIIIIIIIIIIIIIIIIIIIIIIIIIIIIIIIIIIIIIIIIIIAIIIIIIIIIIIIIII
IIIIIIIIIIIIIIIIIIIIIIIIIIIIIIIIIIIIIIIIIIIIIIIIAAIIIIIIIIIIIIII
IIIIIIIIIIIIIIIIIIIIIIIIIIIIIIIIIIIAIIIIIIIIIIIIAAIIIIIIIIIIIIII
IIIIIIIIIIIIIIIIIIIIIIIIIIIIIIIIIIIAIIIIIIIIIIIAAAIIIIIIIIIIIIII
IIIIIIIIIIIIIIIIIIIIIIIIIIIIIIIIIAIAIIIIIIIIIIIAAAIIIIIIIIIIIIII
IIIIIIIIIIIIIIIIIIIIIIIIIIIIIIIIIAIAIIIIIIIIIIIAAA2IIIIIIIIIIIII
IIIIIIIIIIIIIIIIIIIIIIIIIIIIIIIIIIIIIIIIIIIIIIIIA1IIIIIIIIIIIIII
IIIIIIIIIIIIIIIIIIIIIIIIIIIIIIIIIIIIIIIIIIIIIIAIA1IIIIIIIIIIIIII
IIIIIIIIIIIIIIIIIIIIIIIIIIIIIIIIIIAIIIIIIIIIIIAIA1IIIIIIIIIIIIII
IIIIIIIIIIIIIIIIIIIIIIIIIIIIIIIIAIAIIIIIIIIIIIAIA1IIIIIIIIIIIIII
IIIIIIIIIIIIIIIIIIIIIIIIIIIIIIIIIIIIIIIIIIIIIIIIA1IIIIIIIIIIIIII
IIIIIIIIIIIIIIIIIIIIIIIIIIIIIIIIIIIIIIIIIIIIIII2A1IIIIIIIIIIIIII
IIIIIIIIIIIIIIIIIIIIIIIIIIIIIIIIIIIIIIIIIIIIIII2AAIIIIIIIIIIIIII
IIIIIIIIIIIIIIIIIIIIIIIIIIIIIIIIII2AIIIIIIIIIII2AAIIIIIIIIIIIIII
IIIIIIIIIIIIIIIIIIIIIIIIIIIIIIIIII2AIIIIIIIIIII2AAIIII2AIIIIIIII
IIIIIIIIIIIIIIIIIIIIIIIIIIIIIIIIII2AIIII2AIIIII2AAIIII2AIIIIIIII
IIIIIIIIIIIIIIIIIIIIIIIIIIIIIIIIIIIIIIIIIIIIIIA2IIIIIIIIIIIIIIII
IIIIIIIIIIIIIIIIIIIIIIIIIIIIIIIIA2IIIIIIIIIIIIA2IIIIIIIIIIIIIIII
IIIIIIIIIIIIIIIIIIIIIIIIIIIIIIIIA2IIIIIIIIIIIIA2IA2IIIIIIIIIIIII
IIIIIIIIIIIIIIIIIIIIIIIIIIIIIIIIA2IA2IIIIIIIIIA2IA2IIIIIIIIIIIII
IIIIIIIIIIIIIIIIIIIIIIIIIIIIIIIIA2IA2IIIIIIIIIA1IA2IIIIIIIIIIIII
IIIIIIIIIIIIIIIIIIIIIIIIIIIIIIIIA1IA2IIIIIIIIIA1IA2IIIIIIIIIIIII
IIIIIIIIIIIIIIIIIIIIIIIIIIIIIIIIA1IA2IIIIIIIIIA1IA2IIIIIA1IIIIII
IIIIIIIIIIIIIIIIIIIIIIIIIIIIIIIIA1IA2IIIIIA1IIA1IA2IIIIIA1IIIIII
IIIIIIIIIIIIIIIIIIIIIIIIIIIIIIIIA1IA2IIIIIA1IIAA1A2IIIIIA1IIIIII
IIIIIIIIIIIIIIIIIIIIIIIIIIIIIIIIAA1A2IIIIIA1IIAA1A2IIIIIA1IIIIII
IIIIIIIIIIIIIIIIIIIIIIIIIIIIIIIIAA1A2IIIIIA1IIAAAA2IIIIIA1IIIIII
IIIIIIIIIIIIIIIIIIIIIIIIIIIIIIIIAAAA2IIIIIA1IIAAAA2IIIIIA1IIIIII
IIIIIIIIIIIIIIIIIIIIIIIIIIIIIIIIIIIIIIIIIIIIIIIIIIIIIA2IIIIIIIII
IIIIIIIIIIIIIIIIIIIIIIIIIIIIIIIIIIIIIIIA2IIIIIIIIIIIIA2IIIIIIIII
IIIIIIIIIIIIIIIIIIIIIIIIIIIIIIIIIIIIIIIA2IIIIIIIA2IIIA2IIIIIIIII
IIIIIIIIIIIIIIIIIIIIIIIIIIIIIIIIIIA2IIIA2IIIIIIIA2IIIA2IIIIIIIII
IIIIIIIIIIIIIIIIIIIIIIIIIIIIIIIIIIA2IIIAA2IIIIIIA2IIIA2IIIIIIIII
IIIIIIIIIIIIIIIIIIIIIIIIIIIIIIIIIIA2IIIAA2IIIIIIA2IIIAA2IIIIIIII
IIIIIIIIIIIIIIIIIIIIIIIIIIIIIIIIIIA2IIIAA2A2IIIIA2IIIAA2IIIIIIII
IIIIIIIIIIIIIIIIIIIIIIIIIIIIIIIIIIA2IIIAA2A2IIIIA2IIIAA2A2IIIIII
IIIIIIIIIIIIIIIIIIIIIIIIIIIIIIIIIIIIIIIIIIIIIIIIIIIIIIA2IIIIIIII
IIIIIIIIIIIIIIIIIIIIIIIIIIIIIIIIIIIIIIIIIIIIIIIIIIIIIIAIIIIIIIII
IIIIIIIIIIIIIIIIIIIIIIIIIIIIIIIIIIIIIIIIIIIIIIIIIIIIIIA2IIIIIIII
IIIIIIIIIIIIIIIIIIIIIIIIIIIIIIIIIIIIIIIIIIIIIIIIIIIIIIAIIIIIIIII
IIIIIIIIIIIIIIIIIIIIIIIIIIIIIIIIIIIIIIIIIIIIIIIIIIIIIIA2IIIIIIII
IIIIIIIIIIIIIIIIIIIIIIIIIIIIIIIIIIIIIIIIIIIIIIIIA1IIIIIIIIIIIIII
IIIIIIIIIIIIIIIIIIIIIIIIIIIIIIIIIIA1IIIIIIIIIIIIA1IIIIIIIIIIIIII
IIIIIIIIIIIIIIIIIIIIIIIIIIIIIIIIIIA1IIIIIIIIIIIIA1IIIIA1IIIIIIII
IIIIIIIIIIIIIIIIIIIIIIIIIIIIIIIIIIA1IIIIA1IIIIIIA1IIIIA1IIIIIIII
IIIIIIIIIIIIIIIIIIIIIIIIIIIIIIIIIIIIIIIIIIIIIIAIIIIIIIIIIIIIIIII
IIIIIIIIIIIIIIIIIIIIIIIIIIIIIIIIAIIIIIIIIIIIIIAIIIIIIIIIIIIIIIII
IIIIIIIIIIIIIIIIIIIIIIIIIIIIIIIIAIIIIIIIIIIIIIAIIIIIIAIIIIIIIIII
IIIIIIIIIIIIIIIIIIIIIIIIIIIIIIIIAIIIIIIAIIIIIIAIIIIIIAIIIIIIIIII
IIIIIIIIIIIIIIIIIIIIIIIIIIIIIIIIAIIIIIIAIIIIIIAIIAIIIAIIIIIIIIII
IIIIIIIIIIIIIIIIIIIIIIIIIIIIIIIIAIIAIIIAIIIIIIAIIAIIIAIIIIIIIIII
IIIIIIIIIIIIIIIIIIIIIIIIIIIIIIIIIIIIIIIIIIIIIIA2IIIIIIIIIIIIIIII
IIIIIIIIIIIIIIIIIIIIIIIIIIIIIIIIIIIIIIIIIIIIIIA1IIIIIIIIIIIIIIII
IIIIIIIIIIIIIIIIIIIIIIIIIIIIIIIIIIIIIIIIIIIIIIIIA2IIIIIIIIIIIIII
IIIIIIIIIIIIIIIIIIIIIIIIIIIIIIIIIIIIIIIIIIIIIIA2A2IIIIIIIIIIIIII
IIIIIIIIIIIIIIIIIIIIIIIIIIIIIIIIIIA2IIIIIIIIIIA2A2IIIIIIIIIIIIII
IIIIIIIIIIIIIIIIIIIIIIIIIIIIIIIIA2A2IIIIIIIIIIA2A2IIIIIIIIIIIIII
IIIIIIIIIIIIIIIIIIIIIIIIIIIIIIIIA2A2IIIIIIIIIIAAA2IIIIIIIIIIIIII
IIIIIIIIIIIIIIIIIIIIIIIIIIIIIIIIAAA2IIIIIIIIIIAAA2IIIIIIIIIIIIII
IIIIIIIIIIIIIIIIIIIIIIIIIIIIIIIIIIIIIIIIIIIIIIIIIIIIIIIA1IIIIIII
IIIIIIIIIIIIIIIIIIIIIIIIIIIIIIIIIIIIIIIIIA1IIIIIIIIIIIIA1IIIIIII
IIIIIIIIIIIIIIIIIIIIIIIIIIIIIIIIIIIIIIIIIA1IIIIIA1IIIIIA1IIIIIII
IIIIIIIIIIIIIIIIIIIIIIIIIIIIIIIIIIA1IIIIIA1IIIIIA1IIIIIA1IIIIIII
IIIIIIIIIIIIIIIIIIIIIIIIIIIIIIIIIIA1IIIIIA1IIIIIA1IIIIAA1IIIIIII
IIIIIIIIIIIIIIIIIIIIIIIIIIIIIIIIIIA1IIIIAA1IIIIIA1IIIIAA1IIIIIII
IIIIIIIIIIIIIIIIIIIIIIIIIIIIIIIIIIA1IIIIAA1IIIIIA1IIIAAA1IIIIIII
IIIIIIIIIIIIIIIIIIIIIIIIIIIIIIIIIIA1IIIAAA1IIIIIA1IIIAAA1IIIIIII
IIIIIIIIIIIIIIIIIIIIIIIIIIIIIIIIIIA1IIIAAA1IIIIIAAIIIAAA1IIIIIII
IIIIIIIIIIIIIIIIIIIIIIIIIIIIIIIIIIAAIIIAAA1IIIIIAAIIIAAA1IIIIIII
IIIIIIIIIIIIIIIIIIIIIIIIIIIIIIIIIIAAIIIAAA1IIIIIAAIIIAAAA2IIIIII
IIIIIIIIIIIIIIIIIIIIIIIIIIIIIIIIIIAAIIIAAAA2IIIIAAIIIAAAA2IIIIII
IIIIIIIIIIIIIIIIIIIIIIIIIIIIIIIIIIIIIIIIIIIIIIA1IIIIIIIIIIIIIIII
IIIIIIIIIIIIIIIIIIIIIIIIIIIIIIIIA1IIIIIIIIIIIIA1IIIIIIIIIIIIIIII
IIIIIIIIIIIIIIIIIIIIIIIIIIIIIIIIA1IIIIIIIIIIIIA1IIIIIIA1IIIIIIII
IIIIIIIIIIIIIIIIIIIIIIIIIIIIIIIIA1IIIIIIA1IIIIA1IIIIIIA1IIIIIIII
IIIIIIIIIIIIIIIIIIIIIIIIIIIIIIIIA1IIIIIIA1IIIIA1IIIIIAA1IIIIIIII
IIIIIIIIIIIIIIIIIIIIIIIIIIIIIIIIA1IIIIIAA1IIIIA1IIIIIAA1IIIIIIII
IIIIIIIIIIIIIIIIIIIIIIIIIIIIIIIIIIIIIIIIIIIIIIIIA2IIIIIIIIIIIIII
IIIIIIIIIIIIIIIIIIIIIIIIIIIIIIIIIIA2IIIIIIIIIIIIA2IIIIIIIIIIIIII
IIIIIIIIIIIIIIIIIIIIIIIIIIIIIIIIIIA2IIIIIIIIIIIIAA2IIIIIIIIIIIII
IIIIIIIIIIIIIIIIIIIIIIIIIIIIIIIIIIAA2IIIIIIIIIIIAA2IIIIIIIIIIIII
IIIIIIIIIIIIIIIIIIIIIIIIIIIIIIIIIIIIIIIIIIIIIIIA2IIIIIIIIIIIIIII
IIIIIIIIIIIIIIIIIIIIIIIIIIIIIIIIIA2IIIIIIIIIIIIA2IIIIIIIIIIIIIII
IIIIIIIIIIIIIIIIIIIIIIIIIIIIIIIIIA2IIIIIIIIIIIIAA2IIIIIIIIIIIIII
IIIIIIIIIIIIIIIIIIIIIIIIIIIIIIIIIAA2IIIIIIIIIIIAA2IIIIIIIIIIIIII
IIIIIIIIIIIIIIIIIIIIIIIIIIIIIIIIIA1IIIIIIIIIIIIIIIIIIIIIIIIIIIII
IIIIIIIIIIIIIIIIIIIIIIIIIIIIIIIIIA1IIIIIIIIIIIIAIIIIIIIIIIIIIIII
IIIIIIIIIIIIIIIIIIIIIIIIIIIIIIIIIA1IIIIIIIIIIIIA1IIIIIIIIIIIIIII
IIIIIIIIIIIIIIIIIIIIIIIIIIIIIIIIIA1IIIIIIIIIII2A1IIIIIIIIIIIIIII
IIIIIIIIIIIIIIIIIIIIIIIIIIIIIIII2A1IIIIIIIIIII2A1IIIIIIIIIIIIIII
IIIIIIIIIIIIIIIIIIIIIIIIIIIIIIIIIIIIIIIIIIIIIIA1IIIIIIIIIIIIIIII
IIIIIIIIIIIIIIIIIIIIIIIIIIIIIIIIA1IIIIIIIIIIIIA1IIIIIIIIIIIIIIII
IIIIIIIIIIIIIIIIIIIIIIIIIIIIIIIIA1IIIIIIIIIIIIA1IIIIIIA1IIIIIIII
IIIIIIIIIIIIIIIIIIIIIIIIIIIIIIIIA1IIIIIIA1IIIIA1IIIIIIA1IIIIIIII
IIIIIIIIIIIIIIIIIIIIIIIIIIIIIIIIIIIIIIIIIIIIIIIIIIIIIIIA122IIIII
IIIIIIIIIIIIIIIIIIIIIIIIIIIIIIIIIIIIIIIIIIIIIIIIIAIIIIIIIIIIIIII
IIIIIIIIIIIIIIIIIIIIIIIIIIIIIIIIIIIAIIIIIIIIIIIIIAIIIIIIIIIIIIII
IIIIIIIIIIIIIIIIIIIIIIIIIIIIIIIIIIIAIIIIIIIIIIAIIAIIIIIIIIIIIIII
IIIIIIIIIIIIIIIIIIIIIIIIIIIIIIIIAIIAIIIIIIIIIIAIIAIIIIIIIIIIIIII
IIIIIIIIIIIIIIIIIIIIIIIIIIIIIIIIAIIAIIIIIIIIIIA2IAIIIIIIIIIIIIII
IIIIIIIIIIIIIIIIIIIIIIIIIIIIIIIIA2IAIIIIIIIIIIA2IAIIIIIIIIIIIIII
IIIIIIIIIIIIIIIIIIIIIIIIIIIIIIIIA2IAIIIIIIIIIIAA2AIIIIIIIIIIIIII
IIIIIIIIIIIIIIIIIIIIIIIIIIIIIIIIAA2AIIIIIIIIIIAA2AIIIIIIIIIIIIII
IIIIIIIIIIIIIIIIIIIIIIIIIIIIIIIIAA2AIIIIIIIIIIAAAAIIIIIIIIIIIIII
IIIIIIIIIIIIIIIIIIIIIIIIIIIIIIIIAA2AIIIIIIIIIIAAAAIIIIIA1IIIIIII
IIIIIIIIIIIIIIIIIIIIIIIIIIIIIIIIAA2AIIIIIA1IIIAAAAIIIIIA1IIIIIII
IIIIIIIIIIIIIIIIIIIIIIIIIIIIIIIIAAAAIIIIIA1IIIAAAAIIIIIA1IIIIIII
IIIIIIIIIIIIIIIIIIIIIIIIIIIIIIIIIIIIIIIIIIIIIIIA1IIIIIIIIIIIIIII
IIIIIIIIIIIIIIIIIIIIIIIIIIIIIIIIIA1IIIIIIIIIIIIA1IIIIIIIIIIIIIII
IIIIIIIIIIIIIIIIIIIIIIIIIIIIIIIIIA1IIIIIIIIIIIIA1A1IIIIIIIIIIIII
IIIIIIIIIIIIIIIIIIIIIIIIIIIIIIIIIA1A1IIIIIIIIIIA1A1IIIIIIIIIIIII
IIIIIIIIIIIIIIIIIIIIIIIIIIIIIIIIIIIIIIIIIIIIIIIIA1IIIIIIIIIIIIII
IIIIIIIIIIIIIIIIIIIIIIIIIIIIIIIIIIA1IIIIIIIIIIIIA1IIIIIIIIIIIIII
IIIIIIIIIIIIIIIIIIIIIIIIIIIIIIIIIIA1IIIIIIIIIIA1A1IIIIIIIIIIIIII
IIIIIIIIIIIIIIIIIIIIIIIIIIIIIIIIA1A1IIIIIIIIIIA1A1IIIIIIIIIIIIII
IIIIIIIIIIIIIIIIIIIIIIIIIIIIIIIIA1A1IIIIIIIIIIAAA1IIIIIIIIIIIIII
IIIIIIIIIIIIIIIIIIIIIIIIIIIIIIIIAAA1IIIIIIIIIIAAA1IIIIIIIIIIIIII
IIIIIIIIIIIIIIIIIIIIIIIIIIIIIIIIIIIIIIIIIIIIIIIA2IIIIIIIIIIIIIII
IIIIIIIIIIIIIIIIIIIIIIIIIIIIIIIIIIIIIIIIIIIIIIIA2A2IIIIIIIIIIIII
IIIIIIIIIIIIIIIIIIIIIIIIIIIIIIIIIIIIIIIIIIIIIIAA2A2IIIIIIIIIIIII
IIIIIIIIIIIIIIIIIIIIIIIIIIIIIIIIIIIA2IIIIIIIIIAA2A2IIIIIIIIIIIII
IIIIIIIIIIIIIIIIIIIIIIIIIIIIIIIIA2IA2IIIIIIIIIAA2A2IIIIIIIIIIIII
IIIIIIIIIIIIIIIIIIIIIIIIIIIIIIIIIIIIIIIIIIIIIIA1IIIIIIIIIIIIIIII
IIIIIIIIIIIIIIIIIIIIIIIIIIIIIIIIAIIIIIIIIIIIIIA1IIIIIIIIIIIIIIII
IIIIIIIIIIIIIIIIIIIIIIIIIIIIIIIIAIIIIIIIIIIIIIA1IAIIIIIIIIIIIIII
IIIIIIIIIIIIIIIIIIIIIIIIIIIIIIIIAIIAIIIIIIIIIIA1IAIIIIIIIIIIIIII
IIIIIIIIIIIIIIIIIIIIIIIIIIIIIIIIIIIIIIIIIIIIIIIIIIIIIIIA1IIIIIII
IIIIIIIIIIIIIIIIIIIIIIIIIIIIIIIIIIIIIIIIIIIIIIIIIA2IIIIIIIIIIIII
IIIIIIIIIIIIIIIIIIIIIIIIIIIIIIIIIIIA2IIIIIIIIIIIIA2IIIIIIIIIIIII
IIIIIIIIIIIIIIIIIIIIIIIIIIIIIIIIIIIA2IIIIIIIIIIIAA2IIIIIIIIIIIII
IIIIIIIIIIIIIIIIIIIIIIIIIIIIIIIIIIAA2IIIIIIIIIIIAA2IIIIIIIIIIIII
IIIIIIIIIIIIIIIIIIIIIIIIIIIIIIIIIIAA2IIIIIIIIIIAAA2IIIIIIIIIIIII
IIIIIIIIIIIIIIIIIIIIIIIIIIIIIIIIIAAA2IIIIIIIIIIAAA2IIIIIIIIIIIII
IIIIIIIIIIIIIIIIIIIIIIIIIIIIIIIIIAAA2IIIIIIIIIAAAA2IIIIIIIIIIIII
IIIIIIIIIIIIIIIIIIIIIIIIIIIIIIIIAAAA2IIIIIIIIIAAAA2IIIIIIIIIIIII
IIIIIIIIIIIIIIIIIIIIIIIIIIIIIIIIIIIIIIIIIIIIIIIIA1IIIIIIIIIIIIII
IIIIIIIIIIIIIIIIIIIIIIIIIIIIIIIIIIA1IIIIIIIIIIIIA1IIIIIIIIIIIIII
IIIIIIIIIIIIIIIIIIIIIIIIIIIIIIIIIIA1IIIIIIIIIIIIAA1IIIIIIIIIIIII
IIIIIIIIIIIIIIIIIIIIIIIIIIIIIIIIIIAA1IIIIIIIIIIIAA1IIIIIIIIIIIII
IIIIIIIIIIIIIIIIIIIIIIIIIIIIIIIIIIIIIIIIIIIIIIAIIIIIIIIIIIIIIIII
IIIIIIIIIIIIIIIIIIIIIIIIIIIIIIIIIIIIIIIIIIIIIIA2IIIIIIIIIIIIIIII
IIIIIIIIIIIIIIIIIIIIIIIIIIIIIIIIA2IIIIIIIIIIIIA2IIIIIIIIIIIIIIII
IIIIIIIIIIIIIIIIIIIIIIIIIIIIIIIIA2IIIIIIIIIIIIA2IIIIIIIA2IIIIIII
IIIIIIIIIIIIIIIIIIIIIIIIIIIIIIIIA2IIIIIIIA2IIIA2IIIIIIIA2IIIIIII
IIIIIIIIIIIIIIIIIIIIIIIIIIIIIIIIIIIIIIIIIIIIIIA1IIIIIIIIIIIIIIII
IIIIIIIIIIIIIIIIIIIIIIIIIIIIIIIIIIIIIIIIIIIIIIAIIIIIIIIIIIIIIIII
IIIIIIIIIIIIIIIIIIIIIIIIIIIIIIIIIIIIIIIIIIIIIIA2IIIIIIIIIIIIIIII
IIIIIIIIIIIIIIIIIIIIIIIIIIIIIIIIIIIIIIIIIIIIIIA2A2IIIIIIIIIIIIII
IIIIIIIIIIIIIIIIIIIIIIIIIIIIIIIIIIA2IIIIIIIIIIA2A2IIIIIIIIIIIIII
IIIIIIIIIIIIIIIIIIIIIIIIIIIIIIIIIIA2IIIIIIIIIIA2AA2IIIIIIIIIIIII
IIIIIIIIIIIIIIIIIIIIIIIIIIIIIIIIIIAA2IIIIIIIIIA2AA2IIIIIIIIIIIII
IIIIIIIIIIIIIIIIIIIIIIIIIIIIIIIIIIAA2IIIIIIIIIAAAA2IIIIIIIIIIIII
IIIIIIIIIIIIIIIIIIIIIIIIIIIIIIIIIAAA2IIIIIIIIIAAAA2IIIIIIIIIIIII
IIIIIIIIIIIIIIIIIIIIIIIIIIIIIIIIIIIIIIIIIIIIIIIIA1IIIIIIIIIIIIII
IIIIIIIIIIIIIIIIIIIIIIIIIIIIIIIIIIA1IIIIIIIIIIIIA1IIIIIIIIIIIIII
IIIIIIIIIIIIIIIIIIIIIIIIIIIIIIIIIIA1IIIIIIIIIIIIAAIIIIIIIIIIIIII
IIIIIIIIIIIIIIIIIIIIIIIIIIIIIIIIIIA1IIIIIIIIIIIIAA2IIIIIIIIIIIII
IIIIIIIIIIIIIIIIIIIIIIIIIIIIIIIIIIA1IIIIIIIIIIIAAA2IIIIIIIIIIIII
IIIIIIIIIIIIIIIIIIIIIIIIIIIIIIIIIIAA2IIIIIIIIIIAAA2IIIIIIIIIIIII
IIIIIIIIIIIIIIIIIIIIIIIIIIIIIIIIIAAA2IIIIIIIIIIAAA2IIIIIIIIIIIII
IIIIIIIIIIIIIIIIIIIIIIIIIIIIIIIIIAAA2IIIIIIIIIIAAA2IIIIA2IIIIIII
IIIIIIIIIIIIIIIIIIIIIIIIIIIIIIIIIAAA2IIIIA2IIIIAAA2IIIIA2IIIIIII
IIIIIIIIIIIIIIIIIIIIIIIIIIIIIIIIIIIIIIIIIIIIIIIIIIIIIA2IIIIIIIII
IIIIIIIIIIIIIIIIIIIIIIIIIIIIIIIIIIIIIIIIIIIIIIIA2IIIIA2IIIIIIIII
IIIIIIIIIIIIIIIIIIIIIIIIIIIIIIIIIIIIIIIA2IIIIIIA2IIIIA2IIIIIIIII
IIIIIIIIIIIIIIIIIIIIIIIIIIIIIIIIIA2IIIIA2IIIIIIA2IIIIA2IIIIIIIII
IIIIIIIIIIIIIIIIIIIIIIIIIIIIIIIIIA2IIIIA2IIIIIIA2IIIIA1IIIIIIIII
IIIIIIIIIIIIIIIIIIIIIIIIIIIIIIIIIA2IIIIA1IIIIIIA2IIIIA1IIIIIIIII
IIIIIIIIIIIIIIIIIIIIIIIIIIIIIIIIIA2IIIIA1IIIIIIA1IIIIA1IIIIIIIII
IIIIIIIIIIIIIIIIIIIIIIIIIIIIIIIIIA1IIIIA1IIIIIIA1IIIIA1IIIIIIIII
IIIIIIIIIIIIIIIIIIIIIIIIIIIIIIIIIIIIIIIIIIIIIIIIIIIIIAIIIIIIIIII
IIIIIIIIIIIIIIIIIIIIIIIIIIIIIIIIIIIIIIIIIIIIIIIIIIIIIA2IIIIIIIII
IIIIIIIIIIIIIIIIIIIIIIIIIIIIIIIIIAIIIIIIIIIIIIIIIIIIIIIIIIIIIIII
IIIIIIIIIIIIIIIIIIIIIIIIIIIIIIIIIAIIIIIIIIIIIIIAIIIIIIIIIIIIIIII
IIIIIIIIIIIIIIIIIIIIIIIIIIIIIIIIIAIIIIIAIIIIIIIAIIIIIIIIIIIIIIII
IIIIIIIIIIIIIIIIIIIIIIIIIIIIIIIIIAIIIIIAIIIIIIIAIIIIIAIIIIIIIIII
IIIIIIIIIIIIIIIIIIIIIIIIIIIIIIIIIIIIIIIIIIIIIIIIIIIIIA1IIIIIIIII
IIIIIIIIIIIIIIIIIIIIIIIIIIIIIIIIIIIIIIIIIIIIIIIIIIIIIA2IIIIIIIII
IIIIIIIIIIIIIIIIIIIIIIIIIIIIIIIIIIIIIIIIIIIIIIIIIIIIIA1IIIIIIIII
IIIIIIIIIIIIIIIIIIIIIIIIIIIIIIIIIIIIIIIIIIIIIIIAIIIIIIIIIIIIIIII
IIIIIIIIIIIIIIIIIIIIIIIIIIIIIIIIIIIIIIIIIIIIIIIA1IIIIIIIIIIIIIII
IIIIIIIIIIIIIIIIIIIIIIIIIIIIIIIIIIIIIIIIIIIIIIIIIIIIIA1IIIIIIIII
IIIIIIIIIIIIIIIIIIIIIIIIIIIIIIIIIIIIIIIIIIIIIIIIIIIIIIIIAIIIIIII
IIIIIIIIIIIIIIIIIIIIIIIIIIIIIIIIIIIIIIIIIIAIIIIIIIIIIIIIAIIIIIII
IIIIIIIIIIIIIIIIIIIIIIIIIIIIIIIIIIIIIIIIIIAIIIIAIIIIIIIIAIIIIIII
IIIIIIIIIIIIIIIIIIIIIIIIIIIIIIIIIAIIIIIIIIAIIIIAIIIIIIIIAIIIIIII
IIIIIIIIIIIIIIIIIIIIIIIIIIIIIIIIIIIIIIIIIIIIIIIIIIIIIIIAIIIIIIII
IIIIIIIIIIIIIIIIIIIIIIIIIIIIIIIIIIIIIIIIIIIIIIIIIIIIIIIA1IIIIIII
IIIIIIIIIIIIIIIIIIIIIIIIIIIIIIIIIIIIIIIIIIIIIIIIIIIIIA1A1IIIIIII
IIIIIIIIIIIIIIIIIIIIIIIIIIIIIIIIIIIIIIIIIIIIIIIIIIIIIAAA1IIIIIII
IIIIIIIIIIIIIIIIIIIIIIIIIIIIIIIIIIIIIIIA1IIIIIIIIIIIIAAA1IIIIIII
IIIIIIIIIIIIIIIIIIIIIIIIIIIIIIIIIIIIIIIAA1IIIIIIIIIIIAAA1IIIIIII
IIIIIIIIIIIIIIIIIIIIIIIIIIIIIIIIIIIIIIIAA1IIIIIA1IIIIAAA1IIIIIII
IIIIIIIIIIIIIIIIIIIIIIIIIIIIIIIIIA1IIIIAA1IIIIIA1IIIIAAA1IIIIIII
IIIIIIIIIIIIIIIIIIIIIIIIIIIIIIIIIIIIIIIIIIIIIIIIA1IIIIIIIIIIIIII
IIIIIIIIIIIIIIIIIIIIIIIIIIIIIIIIIIIIIIIIIIIIIIIIIIIIIAIIIIIIIIII
IIIIIIIIIIIIIIIIIIIIIIIIIIIIIIIIIIIIIIIAIIIIIIIIIIIIIAIIIIIIIIII
IIIIIIIIIIIIIIIIIIIIIIIIIIIIIIIIIIIIIIIAIIIIIIIAIIIIIAIIIIIIIIII
IIIIIIIIIIIIIIIIIIIIIIIIIIIIIIIIIAIIIIIAIIIIIIIAIIIIIAIIIIIIIIII
IIIIIIIIIIIIIIIIIIIIIIIIIIIIIIIIIAIIIIIAIIIIIIAAIIIIIAIIIIIIIIII
IIIIIIIIIIIIIIIIIIIIIIIIIIIIIIIIAAIIIIIAIIIIIIAAIIIIIAIIIIIIIIII
IIIIIIIIIIIIIIIIIIIIIIIIIIIIIIIIAAIIIIIAIIIIIIAA2IIIIAIIIIIIIIII
IIIIIIIIIIIIIIIIIIIIIIIIIIIIIIIIAA2IIIIAIIIIIIAA2IIIIAIIIIIIIIII
IIIIIIIIIIIIIIIIIIIIIIIIIIIIIIIIAA2IIIIAIIIIIIAA2A1IIAIIIIIIIIII
IIIIIIIIIIIIIIIIIIIIIIIIIIIIIIIIAA2IIIIAIIIII2AA2A1IIAIIIIIIIIII
IIIIIIIIIIIIIIIIIIIIIIIIIIIIIII2AA2IIIIAIIIII2AA2A1IIAIIIIIIIIII
IIIIIIIIIIIIIIIIIIIIIIIIIIIIIIIIIIA1IIIIIIIIIIIIIIIIIIIIIIIIIIII
IIIIIIIIIIIIIIIIIIIIIIIIIIIIIIIIIIA1IIIIIIIIIIIIA1IIIIIIIIIIIIII
IIIIIIIIIIIIIIIIIIIIIIIIIIIIIIIIA1A1IIIIIIIIIIIIA1IIIIIIIIIIIIII
IIIIIIIIIIIIIIIIIIIIIIIIIIIIIIIIA1A1IIIIIIIIIIA1A1IIIIIIIIIIIIII
IIIIIIIIIIIIIIIIIIIIIIIIIIIIIIIIIIIIIIIIIIIIIIIIAIIIIIIIIIIIIIII
IIIIIIIIIIIIIIIIIIIIIIIIIIIIIIIIIIIIIIIIIIIIIII2AIIIIIIIIIIIIIII
IIIIIIIIIIIIIIIIIIIIIIIIIIIIIIIII2AIIIIIIIIIIII2AIIIIIIIIIIIIIII
IIIIIIIIIIIIIIIIIIIIIIIIIIIIIIIII2AIIIIIIIIIII2AAIIIIIIIIIIIIIII
IIIIIIIIIIIIIIIIIIIIIIIIIIIIIIII2AAIIIIIIIIIII2AAIIIIIIIIIIIIIII
IIIIIIIIIIIIIIIIIIIIIIIIIIIIIIIIIIIIIIIIIIIIIIIA1I2IIIIIIIIIIIII
IIIIIIIIIIIIIIIIIIIIIIIIIIIIIIIIIIIIIIIIIIIIIIIIIIIIIAIIIIIIIIII
IIIIIIIIIIIIIIIIIIIIIIIIIIIIIIIIIIIIIIIIIIIIIIIIIIIIIA1IIIIIIIII
IIIIIIIIIIIIIIIIIIIIIIIIIIIIIIIIIIIIIIIIIIIIIIA1IIIIIA1IIIIIIIII
IIIIIIIIIIIIIIIIIIIIIIIIIIIIIIIIIIIIIIIIIIIIIIAA1IIIIA1IIIIIIIII
IIIIIIIIIIIIIIIIIIIIIIIIIIIIIIIIIIIIIIIIIIIIIIIA2IIIIIIIIIIIIIII
IIIIIIIIIIIIIIIIIIIIIIIIIIIIIIIIIIIIIIIIIIIIIIIIA12IIIIIIIIIIIII
IIIIIIIIIIIIIIIIIIIIIIIIIIIIIIIIIIIIIIIIIIIIIIIIA1IIIIIIIIIIIIII
IIIIIIIIIIIIIIIIIIIIIIIIIIIIIIIIIIIIIIIIIIIIIIIIA1IIIIIIA1IIIIII
IIIIIIIIIIIIIIIIIIIIIIIIIIIIIIIIIIIIIIIIIIA1IIIIA1IIIIIIA1IIIIII
IIIIIIIIIIIIIIIIIIIIIIIIIIIIIIIIIIA1IIIIIIA1IIIIA1IIIIIIA1IIIIII
IIIIIIIIIIIIIIIIIIIIIIIIIIIIIIIIIIIIIIIIIIIIIIIIIIIIIAIIIIIIIIII
IIIIIIIIIIIIIIIIIIIIIIIIIIIIIIIIIIIIIIIIIIIIIIIIIIIIIA2IIIIIIIII
IIIIIIIIIIIIIIIIIIIIIIIIIIIIIIIIIIIIIIIA2IIIIIIIIIIIIA2IIIIIIIII
IIIIIIIIIIIIIIIIIIIIIIIIIIIIIIIIIIIIIIIA2IIIIIIIIIIIIA2IA2IIIIII
IIIIIIIIIIIIIIIIIIIIIIIIIIIIIIIIIIIIIIIA2IA2IIIIIIIIIA2IA2IIIIII
IIIIIIIIIIIIIIIIIIIIIIIIIIIIIIIIIIIIIIIA2IA2IIIIA2IIIA2IA2IIIIII
IIIIIIIIIIIIIIIIIIIIIIIIIIIIIIIIIIA2IIIA2IA2IIIIA2IIIA2IA2IIIIII
IIIIIIIIIIIIIIIIIIIIIIIIIIIIIIIIIIA2IIIA2IA2IIIAA2IIIA2IA2IIIIII
IIIIIIIIIIIIIIIIIIIIIIIIIIIIIIIIIAA2IIIA2IA2IIIAA2IIIA2IA2IIIIII
IIIIIIIIIIIIIIIIIIIIIIIIIIIIIIIIA2IIIIIIIIIIIIIIIIIIIIIIIIIIIIII
IIIIIIIIIIIIIIIIIIIIIIIIIIIIIIIIA2IIIIIIIIIIIIA2IIIIIIIIIIIIIIII
IIIIIIIIIIIIIIIIIIIIIIIIIIIIIIIIA2A2IIIIIIIIIIA2IIIIIIIIIIIIIIII
IIIIIIIIIIIIIIIIIIIIIIIIIIIIIIIIA2A2IIIIIIIIIIA2A2IIIIIIIIIIIIII
IIIIIIIIIIIIIIIIIIIIIIIIIIIIIIIIA2A2IIIIIIIIIIA2AA1IIIIIIIIIIIII
IIIIIIIIIIIIIIIIIIIIIIIIIIIIIIIIA2A2IIIIIIIIIIA2AA1IIA1IIIIIIIII
IIIIIIIIIIIIIIIIIIIIIIIIIIIIIIIIA2AA1IIIIIIIIIA2AA1IIA1IIIIIIIII
IIIIIIIIIIIIIIIIIIIIIIIIIIIIIIIIA2AA1IIA1IIIIIA2AA1IIA1IIIIIIIII
IIIIIIIIIIIIIIIIIIIIIIIIIIIIIIIIIIIIIIIIIIIIIIIAIIIIIIIIIIIIIIII
IIIIIIIIIIIIIIIIIIIIIIIIIIIIIIIIIAIIIIIIIIIIIIIAIIIIIIIIIIIIIIII
IIIIIIIIIIIIIIIIIIIIIIIIIIIIIIIIIAIIIIIIIIIIIIIAIAIIIIIIIIIIIIII
IIIIIIIIIIIIIIIIIIIIIIIIIIIIIIIIIAIAIIIIIIIIIIIAIAIIIIIIIIIIIIII
IIIIIIIIIIIIIIIIIIIIIIIIIIIIIIIIIAIAIIIIIIIIIIIAIAIIIIIIAIIIIIII
IIIIIIIIIIIIIIIIIIIIIIIIIIIIIIIIIAIAIIIIIIAIIIIAIAIIIIIIAIIIIIII
IIIIIIIIIIIIIIIIIIIIIIIIIIIIIIIIIAIAIIIIIIAIIIIAAAIIIIIIAIIIIIII
IIIIIIIIIIIIIIIIIIIIIIIIIIIIIIIIIAAAIIIIIIAIIIIAAAIIIIIIAIIIIIII
IIIIIIIIIIIIIIIIIIIIIIIIIIIIIIIIIAAAIIIIIIAIIIIAAAIIIIA1AIIIIIII
IIIIIIIIIIIIIIIIIIIIIIIIIIIIIIIIIAAAIIIIA1AIIIIAAAIIIIA1AIIIIIII
IIIIIIIIIIIIIIIIIIIIIIIIIIIIIIIIIAAAIIIIA1AIIIIAAAIIIAA1AIIIIIII
IIIIIIIIIIIIIIIIIIIIIIIIIIIIIIIIIAAAIIIAA1AIIIIAAAIIIAA1AIIIIIII
IIIIIIIIIIIIIIIIIIIIIIIIIIIIIIIIIAAAIIIAA1AIIIAAAAIIIAA1AIIIIIII
IIIIIIIIIIIIIIIIIIIIIIIIIIIIIIIIAAAAIIIAA1AIIIAAAAIIIAA1AIIIIIII
IIIIIIIIIIIIIIIIIIIIIIIIIIIIIIIIIIIIIIIIIIIIIIAI2IIIIIIIIIIIIIII
IIIIIIIIIIIIIIIIIIIIIIIIIIIIIIIIIIIIIIIIIIIIIIA22IIIIIIIIIIIIIII
IIIIIIIIIIIIIIIIIIIIIIIIIIIIIIIIA2IIIIIIIIIIIIA22IIIIIIIIIIIIIII
IIIIIIIIIIIIIIIIIIIIIIIIIIIIIIIIA2IIIIIIIIIIIIAA2IIIIIIIIIIIIIII
IIIIIIIIIIIIIIIIIIIIIIIIIIIIIIIIAA2IIIIIIIIIIIAA2IIIIIIIIIIIIIII
IIIIIIIIIIIIIIIIIIIIIIIIIIIIIIIIIIIIIIIIIIIIIIA2IIIIIIIIIIIIIIII
IIIIIIIIIIIIIIIIIIIIIIIIIIIIIIIIA1IIIIIIIIIIIIIIIIIIIIIIIIIIIIII
IIIIIIIIIIIIIIIIIIIIIIIIIIIIIIIIA1IIIIIIIIIIIIA1IIIIIIIIIIIIIIII
IIIIIIIIIIIIIIIIIIIIIIIIIIIIIIIIAA1IIIIIIIIIIIA1IIIIIIIIIIIIIIII
IIIIIIIIIIIIIIIIIIIIIIIIIIIIIIIIAA1IIIIIIIIIIIAA1IIIIIIIIIIIIIII
IIIIIIIIIIIIIIIIIIIIIIIIIIIIIIIIIIIIIIIIIIIIIIIIIIIIIIA1IIIIIIII
IIIIIIIIIIIIIIIIIIIIIIIIIIIIIIIIIIIIIIIIIIIIIIIIIIIIIIA2IIIIIIII
IIIIIIIIIIIIIIIIIIIIIIIIIIIIIIIIIIIIIIIIIIIIIII1AIIIIIIIIIIIIIII
IIIIIIIIIIIIIIIIIIIIIIIIIIIIIIIII1AIIIIIIIIIIII1AIIIIIIIIIIIIIII
IIIIIIIIIIIIIIIIIIIIIIIIIIIIIIIII1AIIIIIIIIII1A1AIIIIIIIIIIIIIII
IIIIIIIIIIIIIIIIIIIIIIIIIIIIIII1A1AIIIIIIIIII1A1AIIIIIIIIIIIIIII
IIIIIIIIIIIIIIIIIIIIIIIIIIIIIIIIIIIIIIIIIIIIIIIIA2IIIIIIIIIIIIII
IIIIIIIIIIIIIIIIIIIIIIIIIIIIIIIIIIA2IIIIIIIIIIIIA2IIIIIIIIIIIIII
IIIIIIIIIIIIIIIIIIIIIIIIIIIIIIIIIIIIIIIIIIIIIIIIA1IIIIIIIIIIIIII
IIIIIIIIIIIIIIIIIIIIIIIIIIIIIIIIIIIIIIIIIIIIIIA1A1IIIIIIIIIIIIII
IIIIIIIIIIIIIIIIIIIIIIIIIIIIIIIIIIIIIIIIIIIII2A1A1IIIIIIIIIIIIII
IIIIIIIIIIIIIIIIIIIIIIIIIIIIIIIIIIIIIIIIIIIIIIIIIIIIIA1IIIIIIIII
IIIIIIIIIIIIIIIIIIIIIIIIIIIIIIIIIIIIIIIIIIIIIIIIIIIIIAIIIIIIIIII
IIIIIIIIIIIIIIIIIIIIIIIIIIIIIIIIIIIIIIIIIIIIIIIIIIIIIAAIIIIIIIII
IIIIIIIIIIIIIIIIIIIIIIIIIIIIIIIIIIIIIIIIIIIIIIAIIIIIIAAIIIIIIIII
IIIIIIIIIIIIIIIIIIIIIIIIIIIIIIIIIIIIIIIIAIIIIIAIIIIIIAAIIIIIIIII
IIIIIIIIIIIIIIIIIIIIIIIIIIIIIIIIAIIIIIIIAIIIIIAIIIIIIAAIIIIIIIII
IIIIIIIIIIIIIIIIIIIIIIIIIIIIIIIIIIIIIIIIIIIIIIIIIIIIIA11II22IIII
IIIIIIIIIIIIIIIIIIIIIIIIIIIIIIIIIIIIIIIAIIIIIIIIIIIIIA11II22IIII
IIIIIIIIIIIIIIIIIIIIIIIIIIIIIIIIIIIIIIIAIIIIIIIIAIIIIA11II22IIII
IIIIIIIIIIIIIIIIIIIIIIIIIIIIIIIIIIAIIIIAIIIIIIIIAIIIIA11II22IIII
IIIIIIIIIIIIIIIIIIIIIIIIIIIIIIIIIIIIIIIIIIIIIIIIIIIIIA1IIIIIIIII
IIIIIIIIIIIIIIIIIIIIIIIIIIIIIIIIIIIIIIIA1IIIIIIIIIIIIA1IIIIIIIII
IIIIIIIIIIIIIIIIIIIIIIIIIIIIIIIIIIIIIIIIIIIIIIIA2IIIIIIIIIIIIIII
IIIIIIIIIIIIIIIIIIIIIIIIIIIIIIIIIA2IIIIIIIIIIIIA2IIIIIIIIIIIIIII
IIIIIIIIIIIIIIIIIIIIIIIIIIIIIIIIIA2IIIIIIIIIIIIA2IIIIIA2IIIIIIII
IIIIIIIIIIIIIIIIIIIIIIIIIIIIIIIIIA2IIIIIA2IIIIIA2IIIIIA2IIIIIIII
IIIIIIIIIIIIIIIIIIIIIIIIIIIIIIIIIA2IIIIIA2IIIIIAA2IIIIA2IIIIIIII
IIIIIIIIIIIIIIIIIIIIIIIIIIIIIIIIIA2IIIIIA2IIIIIAA2IIIAA2IIIIIIII
IIIIIIIIIIIIIIIIIIIIIIIIIIIIIIIIIA2IIIIAA2IIIIIAA2IIIAA2IIIIIIII
IIIIIIIIIIIIIIIIIIIIIIIIIIIIIIIIIIIIIIIIIIIIIIIA2IIIIIIIIIIIIIII
IIIIIIIIIIIIIIIIIIIIIIIIIIIIIIIIIIIIIIIIIIIIIIIA2IIIIA1IIIIIIIII
IIIIIIIIIIIIIIIIIIIIIIIIIIIIIIIIIIIIIIIIIIIIIIIIA2IIIIIIIIIIIIII
IIIIIIIIIIIIIIIIIIIIIIIIIIIIIIIIIIIIIIIIIIIIIIA2A2IIIIIIIIIIIIII
IIIIIIIIIIIIIIIIIIIIIIIIIIIIIIIIIIIIIIIIIIIIIIA1A2IIIIIIIIIIIIII
IIIIIIIIIIIIIIIIIIIIIIIIIIIIIIIIA1IIIIIIIIIIIIA1A2IIIIIIIIIIIIII
IIIIIIIIIIIIIIIIIIIIIIIIIIIIIIIIA1IIIIIIIIIIIIA1A2IIIA1IIIIIIIII
IIIIIIIIIIIIIIIIIIIIIIIIIIIIIIIIA1IIIIIA1IIIIIA1A2IIIA1IIIIIIIII
IIIIIIIIIIIIIIIIIIIIIIIIIIIIIIIIIIIIIIIIIIIIIIIIIIIIIA1IIIIIIIII
IIIIIIIIIIIIIIIIIIIIIIIIIIIIIIIIIIIIIIIAIIIIIIIIIIIIIA1IIIIIIIII
IIIIIIIIIIIIIIIIIIIIIIIIIIIIIIIIIIIIIIIAIIIIIIAIIIIIIA1IIIIIIIII
IIIIIIIIIIIIIIIIIIIIIIIIIIIIIIIIAIIIIIIAIIIIIIAIIIIIIA1IIIIIIIII
IIIIIIIIIIIIIIIIIIIIIIIIIIIIIIIIIIIIIIIIIIIIIIIA2IIIIIIIIIIIIIII
IIIIIIIIIIIIIIIIIIIIIIIIIIIIIIIIIA2IIIIIIIIIIIIA2IIIIIIIIIIIIIII
IIIIIIIIIIIIIIIIIIIIIIIIIIIIIIIIIA2IIIIIIIIIIIIA2IIIIA2IIIIIIIII
IIIIIIIIIIIIIIIIIIIIIIIIIIIIIIIIIA2IIIIA2IIIIIIA2IIIIA2IIIIIIIII
IIIIIIIIIIIIIIIIIIIIIIIIIIIIIIIIIA2IIIIA2IIIIIIA2A2IIA2IIIIIIIII
IIIIIIIIIIIIIIIIIIIIIIIIIIIIIIIIIA2IIIIA2IIIIIAA2A2IIA2IIIIIIIII
IIIIIIIIIIIIIIIIIIIIIIIIIIIIIIIIIA2A2IIA2IIIIIAA2A2IIA2IIIIIIIII
IIIIIIIIIIIIIIIIIIIIIIIIIIIIIIIIAA2A2IIA2IIIIIAA2A2IIA2IIIIIIIII
IIIIIIIIIIIIIIIIIIIIIIIIIIIIIIIIAA2A1IIA2IIIIIAA2A2IIA2IIIIIIIII
IIIIIIIIIIIIIIIIIIIIIIIIIIIIIIIIAA2A1IIA2IIIIIAA2A1IIA2IIIIIIIII
IIIIIIIIIIIIIIIIIIIIIIIIIIIIIIIIAA1A1IIA2IIIIIAA2A1IIA2IIIIIIIII
IIIIIIIIIIIIIIIIIIIIIIIIIIIIIIIIAA1A1IIA2IIIIIAA1A1IIA2IIIIIIIII
IIIIIIIIIIIIIIIIIIIIIIIIIIIIIIIIAA1A1IIA2IIII2AA1A1IIA2IIIIIIIII
IIIIIIIIIIIIIIIIIIIIIIIIIIIIIII2AA1A1IIA2IIII2AA1A1IIA2IIIIIIIII
IIIIIIIIIIIIIIIIIIIIIIIIIIIIIIIIIIIIIIIIIIIIIIIAIIIIIIIIIIIIIIII
IIIIIIIIIIIIIIIIIIIIIIIIIIIIIIIIIIIIIIIIIIIIIIIA1IIIIIIIIIIIIIII
IIIIIIIIIIIIIIIIIIIIIIIIIIIIIIIIIIIIIIIIIIIIIIIA1IIIIIIAIIIIIIII
IIIIIIIIIIIIIIIIIIIIIIIIIIIIIIIIIIIIIIIIIAIIIIIA1IIIIIIAIIIIIIII
IIIIIIIIIIIIIIIIIIIIIIIIIIIIIIIIIAIIIIIIIAIIIIIA1IIIIIIAIIIIIIII
IIIIIIIIIIIIIIIIIIIIIIIIIIIIIIIIIIIIIIIIIIIIIIA2IIIIIIIIIIIIIIII
IIIIIIIIIIIIIIIIIIIIIIIIIIIIIIIIA2IIIIIIIIIIIIA2IIIIIIIIIIIIIIII
IIIIIIIIIIIIIIIIIIIIIIIIIIIIIIIIA2IIIIIIIIIIIIA2IIIIIIIA2IIIIIII
IIIIIIIIIIIIIIIIIIIIIIIIIIIIIIIIA2IIIIIIIA2IIIA2IIIIIIIA2IIIIIII
IIIIIIIIIIIIIIIIIIIIIIIIIIIIIIIIIIAIIIIIIIIIIIIIIIIIIIIIIIIIIIII
IIIIIIIIIIIIIIIIIIIIIIIIIIIIIIIIIIAIIIIIIIIIIIIIAIIIIIIIIIIIIIII
IIIIIIIIIIIIIIIIIIIIIIIIIIIIIIIIIIAIIIIIIIIIIIAIAIIIIIIIIIIIIIII
IIIIIIIIIIIIIIIIIIIIIIIIIIIIIII1AIAIIIIIIIIIIIAIAIIIIIIIIIIIIIII
IIIIIIIIIIIIIIIIIIIIIIIIIIIIIIIIIIIIIIIIIIIIIIIIIIIIIIIIAIIIIIII
IIIIIIIIIIIIIIIIIIIIIIIIIIIIIIIIIIIIIIIIIIA2IIIIIIIIIIIIAIIIIIII
IIIIIIIIIIIIIIIIIIIIIIIIIIIIIIIIIIIIIIIIIIA22IIIIIIIIIIIAIIIIIII
IIIIIIIIIIIIIIIIIIIIIIIIIIIIIIIIIIIIIIIIIIA22IIIIIIIIIIIA2IIIIII
IIIIIIIIIIIIIIIIIIIIIIIIIIIIIIIIIIIIIIIIIIA22IIIIIIIIIIAA2IIIIII
IIIIIIIIIIIIIIIIIIIIIIIIIIIIIIIIIIIIIIIIIAA22IIIIIIIIIIAA2IIIIII
IIIIIIIIIIIIIIIIIIIIIIIIIIIIIIIIIIIIIIIIIIIIIIIIIIIIIA1IIIIIIIII
IIIIIIIIIIIIIIIIIIIIIIIIIIIIIIIIIIIIIIIA1IIIIIIIIIIIIA1IIIIIIIII
IIIIIIIIIIIIIIIIIIIIIIIIIIIIIIIIIIIIIIIA1IIIIIIIIIIIIA1IA1IIIIII
IIIIIIIIIIIIIIIIIIIIIIIIIIIIIIIIIIIIIIIA1IA1IIIIIIIIIA1IA1IIIIII
IIIIIIIIIIIIIIIIIIIIIIIIIIIIIIIIIIIIIIIA1IA1IIA1IIIIIA1IA1IIIIII
IIIIIIIIIIIIIIIIIIIIIIIIIIIIIIIIA1IIIIIA1IA1IIA1IIIIIA1IA1IIIIII
IIIIIIIIIIIIIIIIIIIIIIIIIIIIIIIIIIIIIIIIIIIIIIIIIAIIIIIIIIIIIIII
IIIIIIIIIIIIIIIIIIIIIIIIIIIIIIIIIIIAIIIIIIIIIIIIIAIIIIIIIIIIIIII
IIIIIIIIIIIIIIIIIIIIIIIIIIIIIIIIIIIAIIIIIIIIIIIIIAIIIAIIIIIIIIII
IIIIIIIIIIIIIIIIIIIIIIIIIIIIIIIIIIIAIIIAIIIIIIIIIAIIIAIIIIIIIIII
IIIIIIIIIIIIIIIIIIIIIIIIIIIIIIIIIIIAIIIAIIIIIIA12AIIIAIIIIIIIIII
IIIIIIIIIIIIIIIIIIIIIIIIIIIIIIIIA12AIIIAIIIIIIA12AIIIAIIIIIIIIII
IIIIIIIIIIIIIIIIIIIIIIIIIIIIIIIIA12AIIIAIIIIIIA12AIIIAIA122IIIII
IIIIIIIIIIIIIIIIIIIIIIIIIIIIIIIIA12AIIIAIIIIIIA1AA22IAIA122IIIII
IIIIIIIIIIIIIIIIIIIIIIIIIIIIIIIIA12AIIIAIA122IA1AA22IAIA122IIIII
IIIIIIIIIIIIIIIIIIIIIIIIIIIIIIIIA1AA22IAIA122IA1AA22IAIA122IIIII
IIIIIIIIIIIIIIIIIIIIIIIIIIIIIIIIIIIIIIIIIIIIIIIA2IIIIIIIIIIIIIII
IIIIIIIIIIIIIIIIIIIIIIIIIIIIIIIIIA2IIIIIIIIIIIIA2IIIIIIIIIIIIIII
IIIIIIIIIIIIIIIIIIIIIIIIIIIIIIIIIA2IIIIIIIIIIIIA2IIIIIIA2IIIIIII
IIIIIIIIIIIIIIIIIIIIIIIIIIIIIIIIIA2IIIIIIA2IIIIA2IIIIIIA2IIIIIII
IIIIIIIIIIIIIIIIIIIIIIIIIIIIIIIIIA2IIIIIIA2IIIAA2IIIIIIA2IIIIIII
IIIIIIIIIIIIIIIIIIIIIIIIIIIIIIIIIA2IIIIIIA2II2AA2IIIIIIA2IIIIIII
IIIIIIIIIIIIIIIIIIIIIIIIIIIIIIII2A2IIIIIIA2II2AA2IIIIIIA2IIIIIII
IIIIIIIIIIIIIIIIIIIIIIIIIIIIIII2AA2IIIIIIA2II2AA2IIIIIIA2IIIIIII
IIIIIIIIIIIIIIIIIIIIIIIIIIIIIII2AA2IIIIIIA2II2AA2III2AIA2IIIIIII
IIIIIIIIIIIIIIIIIIIIIIIIIIIIIII2AA2III2AIA2II2AA2III2AIA2IIIIIII
IIIIIIIIIIIIIIIIIIIIIIIIIIIIIIIIIIIIIIIIIIIIIIIA1IIIIIIIIIIIIIII
IIIIIIIIIIIIIIIIIIIIIIIIIIIIIIIIIAIIIIIIIIIIIIIA1IIIIIIIIIIIIIII
IIIIIIIIIIIIIIIIIIIIIIIIIIIIIIIIIAIIIIIIIIIIIIIA1IIIIAIIIIIIIIII
IIIIIIIIIIIIIIIIIIIIIIIIIIIIIIIIIAIIIIIAIIIIIIIA1IIIIAIIIIIIIIII
IIIIIIIIIIIIIIIIIIIIIIIIIIIIIIIIIAIIIIIAIIIIIIAA1IIIIAIIIIIIIIII
IIIIIIIIIIIIIIIIIIIIIIIIIIIIIIIIAAIIIIIAIIIIIIAA1IIIIAIIIIIIIIII
IIIIIIIIIIIIIIIIIIIIIIIIIIIIIIIIAAIIIIIAIIIIIIAA1IIIIA2IIIIIIIII
IIIIIIIIIIIIIIIIIIIIIIIIIIIIIIIIAAIIIIIA2IIIIIAA1IIIIA2IIIIIIIII
IIIIIIIIIIIIIIIIIIIIIIIIIIIIIIIIIIIIIIIIIIIIIIA2IIIIIIIIIIIIIIII
IIIIIIIIIIIIIIIIIIIIIIIIIIIIIIIIIIIIIIIIIIIIIIA2IIIIIIA2IIIIIIII
IIIIIIIIIIIIIIIIIIIIIIIIIIIIIIIIA2IIIIIIIIIIIIA2IIIIIIA2IIIIIIII
IIIIIIIIIIIIIIIIIIIIIIIIIIIIIIIIA2IIIIIIA2IIIIA2IIIIIIA2IIIIIIII
IIIIIIIIIIIIIIIIIIIIIIIIIIIIIIIIIIIIIIIIIIIIIIIIAIIIIIIIIIIIIIII
IIIIIIIIIIIIIIIIIIIIIIIIIIIIIIIIIIAIIIIIIIIIIIIIAIIIIIIIIIIIIIII
IIIIIIIIIIIIIIIIIIIIIIIIIIIIIIIIIIAIIIIIIIIIIIAIAIIIIIIIIIIIIIII
IIIIIIIIIIIIIIIIIIIIIIIIIIIIIIIIAIAIIIIIIIIIIIAIAIIIIIIIIIIIIIII
IIIIIIIIIIIIIIIIIIIIIIIIIIIIIIIIIIIIIIIIIIIIIIIIIIIIIAIIIIIIIIII
IIIIIIIIIIIIIIIIIIIIIIIIIIIIIIIIIIIIIIIIIIIIIIIIIIIIIA1IIIIIIIII
IIIIIIIIIIIIIIIIIIIIIIIIIIIIIIIIIIIIIIIIIIIIIIIIIIIIIAA1IIIIIIII
IIIIIIIIIIIIIIIIIIIIIIIIIIIIIIIIIIIIIIIIIIIIIIIAIIIIIIIIIIIIIIII
IIIIIIIIIIIIIIIIIIIIIIIIIIIIIIIIIIIIIIIIIIIIIIIA1IIIIIIIIIIIIIII
IIIIIIIIIIIIIIIIIIIIIIIIIIIIIIIIIIIIIIIIIIIIIIA1IIIIIIIIIIIIIIII
IIIIIIIIIIIIIIIIIIIIIIIIIIIIIIIIIIIIIIIIIIIIIIAIIIIIIIIIIIIIIIII
IIIIIIIIIIIIIIIIIIIIIIIIIIIIIIIIIIIIIIIIIIIIIIA1IIIIIIIIIIIIIIII
IIIIIIIIIIIIIIIIIIIIIIIIIIIIIIIIIIIIIIIIIIIIIIIAIIIIIIIIIIIIIIII
IIIIIIIIIIIIIIIIIIIIIIIIIIIIIIIIIIIIIIIIIIIIIIIA1IIIIIIIIIIIIIII
IIIIIIIIIIIIIIIIIIIIIIIIIIIIIIIIIIIIIIIIIIIIIIIA1IIIIIA1IIIIIIII
IIIIIIIIIIIIIIIIIIIIIIIIIIIIIIIIIIIIIIIIIIIIIIIA1A1IIIA1IIIIIIII
IIIIIIIIIIIIIIIIIIIIIIIIIIIIIIIIIIIIIIIIA1IIIIIA1A1IIIA1IIIIIIII
IIIIIIIIIIIIIIIIIIIIIIIIIIIIIIIIIIIA1IIIA1IIIIIA1A1IIIA1IIIIIIII
IIIIIIIIIIIIIIIIIIIIIIIIIIIIIIIIIIIIIIIIIIIIIIA1I2IIIIIIIIIIIIII
IIIIIIIIIIIIIIIIIIIIIIIIIIIIIIIIIIIIIIIIIIIII2A1I2IIIIIIIIIIIIII
IIIIIIIIIIIIIIIIIIIIIIIIIIIIIII2AIIIIIIIIIIII2A1I2IIIIIIIIIIIIII
IIIIIIIIIIIIIIIIIIIIIIIIIIIIIII2AIIIIIIIIIIII2A1A2IIIIIIIIIIIIII
IIIIIIIIIIIIIIIIIIIIIIIIIIIIIII2A2AIIIIIIIIII2A1A2IIIIIIIIIIIIII
IIIIIIIIIIIIIIIIIIIIIIIIIIIIIII2A2AIIIIIIIIII2A1A2IIIIA1IIIIIIII
IIIIIIIIIIIIIIIIIIIIIIIIIIIIIII2A1AIIIIIIIIII2A1A2IIIIA1IIIIIIII
IIIIIIIIIIIIIIIIIIIIIIIIIIIIIII2A1AIIIIIA1III2A1A2IIIIA1IIIIIIII
IIIIIIIIIIIIIIIIIIIIIIIIIIIIIII2A1AIIIIIA1III2A1A2IIIIAA1IIIIIII
IIIIIIIIIIIIIIIIIIIIIIIIIIIIIII2A1AIIIIIAA1II2A1A2IIIIAA1IIIIIII
IIIIIIIIIIIIIIIIIIIIIIIIIIIIIIIIIIIIIIIIIIIIIIIIIIIIIIIAIIIIIIII
IIIIIIIIIIIIIIIIIIIIIIIIIIIIIIIIIIIIIIIIIIIIIIIIIIIIIIIA2IIIIIII
IIIIIIIIIIIIIIIIIIIIIIIIIIIIIIIIIIIIIIIIIIIIIIIA2IIIIIIA2IIIIIII
IIIIIIIIIIIIIIIIIIIIIIIIIIIIIIIIIA2IIIIIIIIIIIIA2IIIIIIA2IIIIIII
IIIIIIIIIIIIIIIIIIIIIIIIIIIIIIIIIA2IIIIIIA2IIIIA2IIIIIIA2IIIIIII
IIIIIIIIIIIIIIIIIIIIIIIIIIIIIIIIIIIIIIIIIIIIIIIIAIIIIIIIIIIIIIII
IIIIIIIIIIIIIIIIIIIIIIIIIIIIIIIIIIAIIIIIIIIIIIIIAIIIIIIIIIIIIIII
IIIIIIIIIIIIIIIIIIIIIIIIIIIIIIIIIIAIIIIIIIIIIIIAAIIIIIIIIIIIIIII
IIIIIIIIIIIIIIIIIIIIIIIIIIIIIIIIIAAIIIIIIIIIIIIAAIIIIIIIIIIIIIII
IIIIIIIIIIIIIIIIIIIIIIIIIIIIIIIIIAAIIIIIIIIIIIIAAIIIII2AIIIIIIII
IIIIIIIIIIIIIIIIIIIIIIIIIIIIIIIIIAAIIIII2AIIIIIAAIIIII2AIIIIIIII
IIIIIIIIIIIIIIIIIIIIIIIIIIIIIIIIIAAIIIII2AIIIIIAA2IIII2AIIIIIIII
IIIIIIIIIIIIIIIIIIIIIIIIIIIIIIIIIIIIIIIIIIIIIIIIIIIIIA1IIIIIIIII
IIIIIIIIIIIIIIIIIIIIIIIIIIIIIIIIIIIIIIIA1IIIIIIIIIIIIA1IIIIIIIII
IIIIIIIIIIIIIIIIIIIIIIIIIIIIIIIIIIIIIIIA1IIIIIIIA1IIIA1IIIIIIIII
IIIIIIIIIIIIIIIIIIIIIIIIIIIIIIIIIIA1IIIA1IIIIIIIA1IIIA1IIIIIIIII
IIIIIIIIIIIIIIIIIIIIIIIIIIIIIIIIIIIIIIIIIIIIIIAIIIIIIIIIIIIIIIII
IIIIIIIIIIIIIIIIIIIIIIIIIIIIIIIIAIIIIIIIIIIIIIAIIIIIIIIIIIIIIIII
IIIIIIIIIIIIIIIIIIIIIIIIIIIIIIIIAIIIIIIIIIIIIIAIIIIIIAIIIIIIIIII
IIIIIIIIIIIIIIIIIIIIIIIIIIIIIIIIAIIIIIIAIIIIIIAIIIIIIAIIIIIIIIII
IIIIIIIIIIIIIIIIIIIIIIIIIIIIIIIIAIIIIIIAIIIIIIAIIIIIIAAIIIIIIIII
IIIIIIIIIIIIIIIIIIIIIIIIIIIIIIIIAIIIIIIAAIIIIIAIIIIIIAAIIIIIIIII
IIIIIIIIIIIIIIIIIIIIIIIIIIIIIIIIIIIIIIIIIIIIIIIA1IIIIIIIIIIIIIII
IIIIIIIIIIIIIIIIIIIIIIIIIIIIIIIIIIIIIIIIIIIIIIIA1IIIIIIA1IIIIIII
IIIIIIIIIIIIIIIIIIIIIIIIIIIIIIIIIIIIIIIIIIIIIIIA1IIIII2A1IIIIIII
IIIIIIIIIIIIIIIIIIIIIIIIIIIIIIIIIIIIIIIIIIIII2AA1IIIII2A1IIIIIII
IIIIIIIIIIIIIIIIIIIIIIIIIIIIIIIIIIIIIIII2AIII2AA1IIIII2A1IIIIIII
IIIIIIIIIIIIIIIIIIIIIIIIIIIIIII2AIIIIIII2AIII2AA1IIIII2A1IIIIIII
IIIIIIIIIIIIIIIIIIIIIIIIIIIIIIIIIAIIIIIIIIIIIIIIIIIIIIIIIIIIIIII
IIIIIIIIIIIIIIIIIIIIIIIIIIIIIIIIIAIIIIIIIIIIIIIAIIIIIIIIIIIIIIII
IIIIIIIIIIIIIIIIIIIIIIIIIIIIIIIIIAIIIIIIIIIIIIIAIIIIIIIAIIIIIIII
IIIIIIIIIIIIIIIIIIIIIIIIIIIIIIIIIAIIIIIIIAIIIIIAIIIIIIIAIIIIIIII
IIIIIIIIIIIIIIIIIIIIIIIIIIIIIIIIIAIIIIIIIAIIIIAAIIIIIIIAIIIIIIII
IIIIIIIIIIIIIIIIIIIIIIIIIIIIIIIIIAIIIIIIIA2I21AAIIIIIIIAIIIIIIII
IIIIIIIIIIIIIIIIIIIIIIIIIIIIIIIIIAIIIIIIIA2I21AAIII2I21AIIIIIIII
IIIIIIIIIIIIIIIIIIIIIIIIIIIIIII1AAIIIIIIIA2I21AAIII2I21AIIIIIIII
IIIIIIIIIIIIIIIIIIIIIIIIIIIIIIIIIIIIIIIIIIAIIIIIIIIIIIIIIIIIIIII
IIIIIIIIIIIIIIIIIIIIIIIIIIIIIIIIIIIIIIIIIIAIIIIIIIIIIIIIAIIIIIII
IIIIIIIIIIIIIIIIIIIIIIIIIIIIIIIIAIIIIIIIIIAIIIIIIIIIIIIIAIIIIIII
IIIIIIIIIIIIIIIIIIIIIIIIIIIIIIIIAIIIIIIIIIAIIIAIIIIIIIIIAIIIIIII
IIIIIIIIIIIIIIIIIIIIIIIIIIIIIIIIIIIIIIIIIIIIIIIIIIIIIIA2IIIIIIII
IIIIIIIIIIIIIIIIIIIIIIIIIIIIIIIIIIIIIIIIIIIIIIA2IIIIIIA2IIIIIIII
IIIIIIIIIIIIIIIIIIIIIIIIIIIIIIIIIIIIIIIIIIIIIIAA1IIIIIA2IIIIIIII
IIIIIIIIIIIIIIIIIIIIIIIIIIIIIIIIIA1IIIIIIIIIIIAA1IIIIIA2IIIIIIII
IIIIIIIIIIIIIIIIIIIIIIIIIIIIIIIIIIIIIIIIIIIIIIIAIIIIIIIIIIIIIIII
IIIIIIIIIIIIIIIIIIIIIIIIIIIIIIIIIAIIIIIIIIIIIIIAIIIIIIIIIIIIIIII
IIIIIIIIIIIIIIIIIIIIIIIIIIIIIIIIIAIIIIIIIIIIIIIAIIIIIIAIIIIIIIII
IIIIIIIIIIIIIIIIIIIIIIIIIIIIIIIIIAIIIIIIAIIIIIIAIIIIIIAIIIIIIIII
IIIIIIIIIIIIIIIIIIIIIIIIIIIIIIIIIIIIIIIIIIIIIIIA1IIIIIIIIIIIIIII
IIIIIIIIIIIIIIIIIIIIIIIIIIIIIIIIIIIIIIIIIIIIIIIAAIIIIIIIIIIIIIII
IIIIIIIIIIIIIIIIIIIIIIIIIIIIIIIIIIIIIIIIIIIIIIIAA2IIIIIIIIIIIIII
IIIIIIIIIIIIIIIIIIIIIIIIIIIIIIIIIIIIIIIIIIIIIIIAA2IIIA2IIIIIIIII
IIIIIIIIIIIIIIIIIIIIIIIIIIIIIIIIIIA2IIIIIIIIIIIAA2IIIA2IIIIIIIII
IIIIIIIIIIIIIIIIIIIIIIIIIIIIIIIIIIA2IIIA2IIIIIIAA2IIIA2IIIIIIIII
IIIIIIIIIIIIIIIIIIIIIIIIIIIIIIIIIIIIIIIIIIIIIIIIAIIIIIIIIIIIIIII
IIIIIIIIIIIIIIIIIIIIIIIIIIIIIIIIIIIIIIIIIIIIIIIIA2IIIIIIIIIIIIII
IIIIIIIIIIIIIIIIIIIIIIIIIIIIIIIIIIIIIIIIIIIIIIIIAIIIIIIIIIIIIIII
IIIIIIIIIIIIIIIIIIIIIIIIIIIIIIIIIIIIIIIIIIIIIIIIA2IIIIIIIIIIIIII
IIIIIIIIIIIIIIIIIIIIIIIIIIIIIIIIIIA2IIIIIIIIIIIIA2IIIIIIIIIIIIII
IIIIIIIIIIIIIIIIIIIIIIIIIIIIIIIIIIIIIIIIIIIIIIIIIIIIIA1IIIIIIIII
IIIIIIIIIIIIIIIIIIIIIIIIIIIIIIIIIIIIIIIA1IIIIIIIIIIIIA1IIIIIIIII
IIIIIIIIIIIIIIIIIIIIIIIIIIIIIIIIIIIIIIIIIIIIIIIIIAIIIIIIIIIIIIII
IIIIIIIIIIIIIIIIIIIIIIIIIIIIIIIIIIIAIIIIIIIIIIIIIAIIIIIIIIIIIIII
IIIIIIIIIIIIIIIIIIIIIIIIIIIIIIIIIIIAIIIIIIIIIIIIIAIIIIIAIIIIIIII
IIIIIIIIIIIIIIIIIIIIIIIIIIIIIIIIIIIAIIIIIAIIIIIIIAIIIIIAIIIIIIII
IIIIIIIIIIIIIIIIIIIIIIIIIIIIIIIIA2IAIIIIIAIIIIIIIAIIIIIAIIIIIIII
IIIIIIIIIIIIIIIIIIIIIIIIIIIIIIIIA2IAIIIIIAIIIIA2IAIIIIIAIIIIIIII
IIIIIIIIIIIIIIIIIIIIIIIIIIIIIIIIA2AAIIIIIAIIIIA2IAIIIIIAIIIIIIII
IIIIIIIIIIIIIIIIIIIIIIIIIIIIIIIIA2AAIIIIIAIIIIA2AAIIIIIAIIIIIIII
IIIIIIIIIIIIIIIIIIIIIIIIIIIIIIIIIIIIIIIIIIIIIIIIA2IIIIIIIIIIIIII
IIIIIIIIIIIIIIIIIIIIIIIIIIIIIIIIIIIIIIIIIIIIIIA2A2IIIIIIIIIIIIII
IIIIIIIIIIIIIIIIIIIIIIIIIIIIIIIIIIA2IIIIIIIIIIA2A2IIIIIIIIIIIIII
IIIIIIIIIIIIIIIIIIIIIIIIIIIIIIIIA2A2IIIIIIIIIIA2A2IIIIIIIIIIIIII
IIIIIIIIIIIIIIIIIIIIIIIIIIIIIIIIIIIIIIIIIIIIIIIIIIIIIIIA2IIIIIII
IIIIIIIIIIIIIIIIIIIIIIIIIIIIIIIIIIIIIIIIIIIIIIIIIIIIIIIA1IIIIIII
IIIIIIIIIIIIIIIIIIIIIIIIIIIIIIIIIIIIIIIIIIIIIIIIA1IIIIIIIIIIIIII
IIIIIIIIIIIIIIIIIIIIIIIIIIIIIIIIIIIIIIIIIIIIIIAIA1IIIIIIIIIIIIII
IIIIIIIIIIIIIIIIIIIIIIIIIIIIIIIIAIIIIIIIIIIIIIAIA1IIIIIIIIIIIIII
IIIIIIIIIIIIIIIIIIIIIIIIIIIIIIIIAIAIIIIIIIIIIIAIA1IIIIIIIIIIIIII
IIIIIIIIIIIIIIIIIIIIIIIIIIIIIIIIIIIIIIIIIIIIIIA2IIIIIIIIIIIIIIII
IIIIIIIIIIIIIIIIIIIIIIIIIIIIIIIIA2IIIIIIIIIIIIA2IIIIIIIIIIIIIIII
IIIIIIIIIIIIIIIIIIIIIIIIIIIIIIIIA2IIIIIIIIIIIIA2IA2IIIIIIIIIIIII
IIIIIIIIIIIIIIIIIIIIIIIIIIIIIIIIA2IA2IIIIIIIIIA2IA2IIIIIIIIIIIII
IIIIIIIIIIIIIIIIIIIIIIIIIIIIIIIIA2IA2IIIIIIIIIAA2A2IIIIIIIIIIIII
IIIIIIIIIIIIIIIIIIIIIIIIIIIIIIIIAA2A2IIIIIIIIIAA2A2IIIIIIIIIIIII
IIIIIIIIIIIIIIIIIIIIIIIIIIIIIIIIAA2A2IIIIIIIIIAA2A2IIIIA2IIIIIII
IIIIIIIIIIIIIIIIIIIIIIIIIIIIIIIIAA2A2IIIIA2IIIAA2A2IIIIA2IIIIIII
IIIIIIIIIIIIIIIIIIIIIIIIIIIIIIIIIIIIIIIIIIIIIIIA1IIIIIIIIIIIIIII
IIIIIIIIIIIIIIIIIIIIIIIIIIIIIIIIIIIIIIIIIIIIIIAA1IIIIIIIIIIIIIII
IIIIIIIIIIIIIIIIIIIIIIIIIIIIIIIIIAIIIIIIIIIIIIAA1IIIIIIIIIIIIIII
IIIIIIIIIIIIIIIIIIIIIIIIIIIIIIIIAAIIIIIIIIIIIIAA1IIIIIIIIIIIIIII
IIIIIIIIIIIIIIIIIIIIIIIIIIIIIIIIIIIIIIIIIIIIIIIAI2IIIIIIIIIIIIII
IIIIIIIIIIIIIIIIIIIIIIIIIIIIIIIIIAI2IIIIIIIIIIIAI2IIIIIIIIIIIIII
IIIIIIIIIIIIIIIIIIIIIIIIIIIIIIIIIAA1IIIIIIIIIIIAI2IIIIIIIIIIIIII
IIIIIIIIIIIIIIIIIIIIIIIIIIIIIIIIIAA1IIIIIIIIIIIAA1IIIIIIIIIIIIII
IIIIIIIIIIIIIIIIIIIIIIIIIIIIIIIIIAA1IIIIIIA1IIIAA1IIIIIIIIIIIIII
IIIIIIIIIIIIIIIIIIIIIIIIIIIIIIIIIAA1IIIIIIA1IIIAA1IIIIIIA1IIIIII
IIIIIIIIIIIIIIIIIIIIIIIIIIIIIIIIIIA2IIIIIIIIIIIIIIIIIIIIIIIIIIII
IIIIIIIIIIIIIIIIIIIIIIIIIIIIIIIIIIA2IIIIIIIIIIIIA2IIIIIIIIIIIIII
IIIIIIIIIIIIIIIIIIIIIIIIIIIIIIIIIIA2IIIA2IIIIIIIA2IIIIIIIIIIIIII
IIIIIIIIIIIIIIIIIIIIIIIIIIIIIIIIIIA2IIIA2IIIIIIIA2IIIA2IIIIIIIII
IIIIIIIIIIIIIIIIIIIIIIIIIIIIIIIIIIIIIIIIIIIIIIIIIIIIIA1IIIIIIIII
IIIIIIIIIIIIIIIIIIIIIIIIIIIIIIIIIIIIIIIIIIIIIIIIIIIIIA1A2IIIIIII
IIIIIIIIIIIIIIIIIIIIIIIIIIIIIIIIIIIIIIIIIA2IIIIIIIIIIA1A2IIIIIII
IIIIIIIIIIIIIIIIIIIIIIIIIIIIIIIIIIIIIIIIIA2IIIIIA2IIIA1A2IIIIIII
IIIIIIIIIIIIIIIIIIIIIIIIIIIIIIIIIIA2IIIIIA2IIIIIA2IIIA1A2IIIIIII
IIIIIIIIIIIIIIIIIIIIIIIIIIIIIIIIIIIIIIIIIIIIIIIA112IIIIIIIIIIIII
IIIIIIIIIIIIIIIIIIIIIIIIIIIIIIIIIIIIIIIIIIIIIIAA112IIIIIIIIIIIII
IIIIIIIIIIIIIIIIIIIIIIIIIIIIIIIIIAIIIIIIIIIIIIAA112IIIIIIIIIIIII
IIIIIIIIIIIIIIIIIIIIIIIIIIIIIIIIAAIIIIIIIIIIIIAA112IIIIIIIIIIIII
IIIIIIIIIIIIIIIIIIIIIIIIIIIIIIIIIIIIIIIIIIIIIIIIIIIIIA1IIIIIIIII
IIIIIIIIIIIIIIIIIIIIIIIIIIIIIIIIIIIIIIIA1IIIIIIIIIIIIA1IIIIIIIII
IIIIIIIIIIIIIIIIIIIIIIIIIIIIIIIIIIIIIIIA1IIIIIIIIIIIIAA1IIIIIIII
IIIIIIIIIIIIIIIIIIIIIIIIIIIIIIIIIIIIIIIAA1IIIIIIIIIIIAA1IIIIIIII
IIIIIIIIIIIIIIIIIIIIIIIIIIIIIIIIIIIIIIIAA1IIIIIIA1IIIAA1IIIIIIII
IIIIIIIIIIIIIIIIIIIIIIIIIIIIIIIIIIA1IIIAA1IIIIIIA1IIIAA1IIIIIIII
IIIIIIIIIIIIIIIIIIIIIIIIIIIIIIIIIIIIIIIIIIIIIIIIIIIIIIA2IIIIIIII
IIIIIIIIIIIIIIIIIIIIIIIIIIIIIIIIIIIIIIIIIIIIIIIIAIIIIIIIIIIIIIII
IIIIIIIIIIIIIIIIIIIIIIIIIIIIIIIIIIAIIIIIIIIIIIIIAIIIIIIIIIIIIIII
IIIIIIIIIIIIIIIIIIIIIIIIIIIIIIIIIIAIIIIIIIIIIIIIAIIIIIAIIIIIIIII
IIIIIIIIIIIIIIIIIIIIIIIIIIIIIIIIIIAIIIIIAIIIIIIIAIIIIIAIIIIIIIII
IIIIIIIIIIIIIIIIIIIIIIIIIIIIIIIIIIAIIIIIAIIIIIIIAIIIIIA1IIIIIIII
IIIIIIIIIIIIIIIIIIIIIIIIIIIIIIIIIIAIIIIIA1IIIIIIAIIIIIA1IIIIIIII
IIIIIIIIIIIIIIIIIIIIIIIIIIIIIIIIIIAIIIIIA1IIIIIIAIIIIIA1A1IIIIII
IIIIIIIIIIIIIIIIIIIIIIIIIIIIIIIIIIAIIIIIA1A1IIIIAIIIIIA1A1IIIIII
IIIIIIIIIIIIIIIIIIIIIIIIIIIIIIIIIIIIIIIIIIIIIIAIIIIIIIIIIIIIIIII
IIIIIIIIIIIIIIIIIIIIIIIIIIIIIIIIIIIIIIIIIIIIIIIIIA12IIIIIIIIIIII
IIIIIIIIIIIIIIIIIIIIIIIIIIIIIIIIIIIIIIIIIIIIIIIIIIIIIIAIIIIIIIII
IIIIIIIIIIIIIIIIIIIIIIIIIIIIIIIIIIIIIIIIIIIIIIIIIIIIIIA2IIIIIIII
IIIIIIIIIIIIIIIIIIIIIIIIIIIIIIIIIIIIIIIIIIIIIIIIIIIIIIA1IIIIIIII
IIIIIIIIIIIIIIIIIIIIIIIIIIIIIIIIIIIIIIIIIIIIIIAIIIIIIIA1IIIIIIII
IIIIIIIIIIIIIIIIIIIIIIIIIIIIIIIIAIIIIIIIIIIIIIAIIIIIIIA1IIIIIIII
IIIIIIIIIIIIIIIIIIIIIIIIIIIIIIIIAIIIIIIIAIIIIIAIIIIIIIA1IIIIIIII
IIIIIIIIIIIIIIIIIIIIIIIIIIIIIIIIIIIIIIIIIIIIIIIAII2IIIIIIIIIIIII
IIIIIIIIIIIIIIIIIIIIIIIIIIIIIIIIIIIIIIIIIIIIIIIA2I2IIIIIIIIIIIII
IIIIIIIIIIIIIIIIIIIIIIIIIIIIIIIIIA2IIIIIIIIIIIIA2I2IIIIIIIIIIIII
IIIIIIIIIIIIIIIIIIIIIIIIIIIIIIIIIA2IIIIIIIIIIIIAA22IIIIIIIIIIIII
IIIIIIIIIIIIIIIIIIIIIIIIIIIIIIIIIAA2IIIIIIIIIIIAA22IIIIIIIIIIIII
IIIIIIIIIIIIIIIIIIIIIIIIIIIIIIIIIIIIIIIIIIIIIIIA1IIIIIIIIIIIIIII
IIIIIIIIIIIIIIIIIIIIIIIIIIIIIIIIIA1IIIIIIIIIIIIA1IIIIIIIIIIIIIII
IIIIIIIIIIIIIIIIIIIIIIIIIIIIIIIIIA1IIIIIIIIIIIIA1IIIIIA1IIIIIIII
IIIIIIIIIIIIIIIIIIIIIIIIIIIIIIIIIA1IIIIIA1IIIIIA1IIIIIA1IIIIIIII
IIIIIIIIIIIIIIIIIIIIIIIIIIIIIIIIIA1IIIIIA1IIIIIAA1IIIIA1IIIIIIII
IIIIIIIIIIIIIIIIIIIIIIIIIIIIIIIIIAA1IIIIA1IIIIIAA1IIIIA1IIIIIIII
IIIIIIIIIIIIIIIIIIIIIIIIIIIIIIIIIAA1IIIIA1IIIIIAA1IIIIA1A1IIIIII
IIIIIIIIIIIIIIIIIIIIIIIIIIIIIIIIIAA1IIIIA1A1IIIAA1IIIIA1A1IIIIII
IIIIIIIIIIIIIIIIIIIIIIIIIIIIIIIIIAA1IIIIA1A1IIIAAAIIIIA1A1IIIIII
IIIIIIIIIIIIIIIIIIIIIIIIIIIIIIIIIAAAIIIIA1A1IIIAAAIIIIA1A1IIIIII
IIIIIIIIIIIIIIIIIIIIIIIIIIIIIIIIIAAAIIIIA1A1IIAAAAIIIIA1A1IIIIII
IIIIIIIIIIIIIIIIIIIIIIIIIIIIIIIIAAAAIIIIA1A1IIAAAAIIIIA1A1IIIIII
IIIIIIIIIIIIIIIIIIIIIIIIIIIIIIIIAAAAIIIIA1A1IIAAAAIIIAA1A1IIIIII
IIIIIIIIIIIIIIIIIIIIIIIIIIIIIIIIAAAAIIIAA1A1IIAAAAIIIAA1A1IIIIII
IIIIIIIIIIIIIIIIIIIIIIIIIIIIIIIIIIIIIIIIIIIIIIIIIA1IIIIIIIIIIIII
IIIIIIIIIIIIIIIIIIIIIIIIIIIIIIIIIIIA1IIIIIIIIIIIIA1IIIIIIIIIIIII
IIIIIIIIIIIIIIIIIIIIIIIIIIIIIIIIIIIA1IIIIIIIIIA1IA1IIIIIIIIIIIII
IIIIIIIIIIIIIIIIIIIIIIIIIIIIIIIIA1IA1IIIIIIIIIA1IA1IIIIIIIIIIIII
IIIIIIIIIIIIIIIIIIIIIIIIIIIIIIIIA1IA1IIIIIIIIIAA1A1IIIIIIIIIIIII
IIIIIIIIIIIIIIIIIIIIIIIIIIIIIIIIAA1A1IIIIIIIIIAA1A1IIIIIIIIIIIII
IIIIIIIIIIIIIIIIIIIIIIIIIIIIIIIIAA1A1IIIIIIIIIAAAA1IIIIIIIIIIIII
IIIIIIIIIIIIIIIIIIIIIIIIIIIIIIIIAAAA1IIIIIIIIIAAAA1IIIIIIIIIIIII
IIIIIIIIIIIIIIIIIIIIIIIIIIIIIIIIAAAA1IIIIIIIIIAAAA1IIIIIA1IIIIII
IIIIIIIIIIIIIIIIIIIIIIIIIIIIIIIIAAAA1IIIIIA1IIAAAA1IIIIIA1IIIIII
IIIIIIIIIIIIIIIIIIIIIIIIIIIIIIIIAAAA1IIIIIA1I2AAAA1IIIIIA1IIIIII
IIIIIIIIIIIIIIIIIIIIIIIIIIIIIII2AAAA1IIIIIA1I2AAAA1IIIIIA1IIIIII
IIIIIIIIIIIIIIIIIIIIIIIIIIIIIIIIIIIIIIIIIIIIIIIIIIIIIIIIA2IIIIII
IIIIIIIIIIIIIIIIIIIIIIIIIIIIIIIIIIIIIIIIIIA2IIIIIIIIIIIIA2IIIIII
IIIIIIIIIIIIIIIIIIIIIIIIIIIIIIIIIIIIIIIIIIA2IIA2IIIIIIIIA2IIIIII
IIIIIIIIIIIIIIIIIIIIIIIIIIIIIIIIA2IIIIIIIIA2IIA2IIIIIIIIA2IIIIII
IIIIIIIIIIIIIIIIIIIIIIIIIIIIIIIIA2IIIIIIIIA2IIAA2IIIIIIIA2IIIIII
IIIIIIIIIIIIIIIIIIIIIIIIIIIIIIIIA2IIIIIIIIA2IIAAA2IIIIIIA2IIIIII
IIIIIIIIIIIIIIIIIIIIIIIIIIIIIIIIAA2IIIIIIIA2IIAAA2IIIIIIA2IIIIII
IIIIIIIIIIIIIIIIIIIIIIIIIIIIIIIIAAA2IIIIIIA2IIAAA2IIIIIIA2IIIIII
IIIIIIIIIIIIIIIIIIIIIIIIIIIIIIIIIIIIIIIIIIIIIIA2IIIIIIIIIIIIIIII
IIIIIIIIIIIIIIIIIIIIIIIIIIIIIIIIA2IIIIIIIIIIIIA2IIIIIIIIIIIIIIII
IIIIIIIIIIIIIIIIIIIIIIIIIIIIIIIIA2IIIIIIIIIIIIA2IIIIIIA2IIIIIIII
IIIIIIIIIIIIIIIIIIIIIIIIIIIIIIIIA2IIIIIIA2IIIIA2IIIIIIA2IIIIIIII
IIIIIIIIIIIIIIIIIIIIIIIIIIIIIIIIIIIIIIIIIIIIIIA1I2IIIIIIIIIIIIII
IIIIIIIIIIIIIIIIIIIIIIIIIIIIIIIIAIIIIIIIIIIIIIA1I2IIIIIIIIIIIIII
IIIIIIIIIIIIIIIIIIIIIIIIIIIIIIIIAIIIIIIIIIIIIIA1A2IIIIIIIIIIIIII
IIIIIIIIIIIIIIIIIIIIIIIIIIIIIIIIAIAIIIIIIIIIIIA1A2IIIIIIIIIIIIII
IIIIIIIIIIIIIIIIIIIIIIIIIIIIIIIIAIAIIIIIIIIIIIA1A2IIIIIA2IIIIIII
IIIIIIIIIIIIIIIIIIIIIIIIIIIIIIIIAIAIIIIIIA2IIIA1A2IIIIIA2IIIIIII
IIIIIIIIIIIIIIIIIIIIIIIIIIIIIIIIAIAIIIIIIA2IIIAAA2IIIIIA2IIIIIII
IIIIIIIIIIIIIIIIIIIIIIIIIIIIIIIIAAAIIIIIIA2IIIAAA2IIIIIA2IIIIIII
IIIIIIIIIIIIIIIIIIIIIIIIIIIIIIIIAAAIIIIIIA2IIIAAA2IIIIAA2IIIIIII
IIIIIIIIIIIIIIIIIIIIIIIIIIIIIIIIAAAIIIIIAA2IIIAAA2IIIIAA2IIIIIII
IIIIIIIIIIIIIIIIIIIIIIIIIIIIIIIIIIIIIIIIIIIIIIA2IIIIIIIIIIIIIIII
IIIIIIIIIIIIIIIIIIIIIIIIIIIIIIIIIIIIIIIIIIIIIIA1IIIIIIIIIIIIIIII
IIIIIIIIIIIIIIIIIIIIIIIIIIIIIIIIIIIIIIIIIIIIIIAIIIIIIIIIIIIIIIII
IIIIIIIIIIIIIIIIIIIIIIIIIIIIIIIIIIIIIIIIIIIIIIA1IIIIIIIIIIIIIIII
IIIIIIIIIIIIIIIIIIIIIIIIIIIIIIIIIIIIIIIIIIIIIIA1IIIIIIIAIIIIIIII
IIIIIIIIIIIIIIIIIIIIIIIIIIIIIIIIIIIIIIIIIAIIIIA1IIIIIIIAIIIIIIII
IIIIIIIIIIIIIIIIIIIIIIIIIIIIIIIIIIIIIIIIIAIIIIAAIIIIIIIAIIIIIIII
IIIIIIIIIIIIIIIIIIIIIIIIIIIIIIIIIAIIIIIIIAIIIIAAIIIIIIIAIIIIIIII
IIIIIIIIIIIIIIIIIIIIIIIIIIIIIIIIIIIIIIIIIIIIIIIIIIIIIIIA2IIIIIII
IIIIIIIIIIIIIIIIIIIIIIIIIIIIIIIIIIIIIIIIIIIIIIIIA2IIIIIA2IIIIIII
IIIIIIIIIIIIIIIIIIIIIIIIIIIIIIIIIIA2IIIIIIIIIIIIA2IIIIIA2IIIIIII
IIIIIIIIIIIIIIIIIIIIIIIIIIIIIIIIIIA2IIIIIA2IIIIIA2IIIIIA2IIIIIII
IIIIIIIIIIIIIIIIIIIIIIIIIIIIIIIIIIIIIIIIIIIIIIIIA2IIIIIIIIIIIIII
IIIIIIIIIIIIIIIIIIIIIIIIIIIIIIIIIIA2IIIIIIIIIIIIA2IIIIIIIIIIIIII
IIIIIIIIIIIIIIIIIIIIIIIIIIIIIIIIIIA2IIIIIIIIIIA2A2IIIIIIIIIIIIII
IIIIIIIIIIIIIIIIIIIIIIIIIIIIIIIIA2A2IIIIIIIIIIA2A2IIIIIIIIIIIIII
IIIIIIIIIIIIIIIIIIIIIIIIIIIIIIIIIIIIIIIIIIIIIIIIIIIIIIAIIIIIIIII
IIIIIIIIIIIIIIIIIIIIIIIIIIIIIIIIIIIIIIIIAIIIIIIIIIIIIIAIIIIIIIII
IIIIIIIIIIIIIIIIIIIIIIIIIIIIIIIIIIIIIIIIAIIIIIIIAIIIIIAIIIIIIIII
IIIIIIIIIIIIIIIIIIIIIIIIIIIIIIIIIIAIIIIIAIIIIIIIAIIIIIAIIIIIIIII
IIIIIIIIIIIIIIIIIIIIIIIIIIIIIIIIIIIIIIIIIIIIIIIIIIIIIIA1IIIIIIII
IIIIIIIIIIIIIIIIIIIIIIIIIIIIIIIIIIIIIIIIA1IIIIIIIIIIIIA1IIIIIIII
IIIIIIIIIIIIIIIIIIIIIIIIIIIIIIIIIIIIIIIIA1IIIIA1IIIIIIA1IIIIIIII
IIIIIIIIIIIIIIIIIIIIIIIIIIIIIIIIA1IIIIIIA1IIIIA1IIIIIIA1IIIIIIII
IIIIIIIIIIIIIIIIIIIIIIIIIIIIIIIIIIIIIIIIIIIIIIIIIA1IIIIIIIIIIIII
IIIIIIIIIIIIIIIIIIIIIIIIIIIIIIIIIIIIIIIIIIIIIIIIIIIIIIAIIIIIIIII
IIIIIIIIIIIIIIIIIIIIIIIIIIIIIIIIIIIIIIIIIIIIIIIIIIIIIIA1I22IIIII
IIIIIIIIIIIIIIIIIIIIIIIIIIIIIIIIIIIIIIIIIIIIIIIIIIIIIIA1I22I2III
IIIIIIIIIIIIIIIIIIIIIIIIIIIIIIIIIIIIIIIIIIIIIIIIIIIIIIIIA2IIIIII
IIIIIIIIIIIIIIIIIIIIIIIIIIIIIIIIIIIIIIIIIIIIIIIIIIIIIIIIA1IIIIII
IIIIIIIIIIIIIIIIIIIIIIIIIIIIIIIIIIIIIIIIIIIIIIIIIIIIIIIIAIIIIIII
IIIIIIIIIIIIIIIIIIIIIIIIIIIIIIIIIIIIIIIIIIIIIIIIAIIIIIIIAIIIIIII
IIIIIIIIIIIIIIIIIIIIIIIIIIIIIIIIIIIIIIIIIIIIIIAIAIIIIIIIAIIIIIII
IIIIIIIIIIIIIIIIIIIIIIIIIIIIIIIIIIIIIIIIIIIIIIIIIIIIIII1AIIIIIII
IIIIIIIIIIIIIIIIIIIIIIIIIIIIIIIIIIIIIIIIIIIIIIIIIIII1111AIIIIIII
IIIIIIIIIIIIIIIIIIIIIIIIIIIIIIIIIIIIIIIIIIIIIII111111111AIIIIIII
IIIIIIIIIIIIIIIIIIIIIIIIIIIIIIIIIIIIIIIIIIIIIII111111111A1I2I22I
IIIIIIIIIIIIIIIIIIIIIIIIIIIIIIIIIIIIIIIIIIA1I2I111111111A1I2I22I
IIIIIIIIIIIIIIIIIIIIIIIIIIIIIIIIIIIIIIIIIIA1I2I11111111AA122222I
IIIIIIIIIIIIIIIIIIIIIIIIIIIIIIIIIIIIIIIIIAA122211111111AA122222I
IIIIIIIIIIIIIIIIIIIIIIIIIIIIIIIIIIIIIIIIIAA12221111111AAA122222I
IIIIIIIIIIIIIIIIIIIIIIIIIIIIIIIIIIIIIIIIAAA12221111111AAA122222I
IIIIIIIIIIIIIIIIIIIIIIIIIIIIIIIIIIIIIIIIAAA122A1111111AAA122222I
IIIIIIIIIIIIIIIIIIIIIIIIIIIIIIIIAIIIIIIIAAA122A1111111AAA122222I
IIIIIIIIIIIIIIIIIIIIIIIIIIIIIIIIAIIIIIIIAAA122AA111111AAA122222I
IIIIIIIIIIIIIIIIIIIIIIIIIIIIIIIIAA2IIIIIAAA122AA111111AAA122222I
IIIIIIIIIIIIIIIIIIIIIIIIIIIIIIIIAA2IIIIIAAA122AAA11111AAA122222I
IIIIIIIIIIIIIIIIIIIIIIIIIIIIIIIIAAA2IIIIAAA122AAA11111AAA122222I
IIIIIIIIIIIIIIIIIIIIIIIIIIIIIIIIIIIIIIIIIIIIIIAIIIIIIIIIIIIIIIII
IIIIIIIIIIIIIIIIIIIIIIIIIIIIIIIIAIIIIIIIIIIIIIAIIIIIIIIIIIIIIIII
IIIIIIIIIIIIIIIIIIIIIIIIIIIIIIIIAIIIIIIIIIIIIIAIAIIIIIIIIIIIIIII
IIIIIIIIIIIIIIIIIIIIIIIIIIIIIIIIAIAIIIIIIIIIIIAIAIIIIIIIIIIIIIII
IIIIIIIIIIIIIIIIIIIIIIIIIIIIIIIIAIAIIIIIIIIIIIAAAIIIIIIIIIIIIIII
IIIIIIIIIIIIIIIIIIIIIIIIIIIIIIIIAIAIIIIIIIIIIIAAAIIIIIAIIIIIIIII
IIIIIIIIIIIIIIIIIIIIIIIIIIIIIIIIAAAIIIIIIIIIIIAAAIIIIIAIIIIIIIII
IIIIIIIIIIIIIIIIIIIIIIIIIIIIIIIIAAAIIIIIAIIIIIAAAIIIIIAIIIIIIIII
IIIIIIIIIIIIIIIIIIIIIIIIIIIIIIIIIIIIIIIIIIIIIIIIIIIIIA1IIIIIIIII
IIIIIIIIIIIIIIIIIIIIIIIIIIIIIIIIIIIIIIIA1IIIIIIIIIIIIA1IIIIIIIII
IIIIIIIIIIIIIIIIIIIIIIIIIIIIIIIIIIIIIIIA1IIIIIIA1IIIIA1IIIIIIIII
IIIIIIIIIIIIIIIIIIIIIIIIIIIIIIIIIA1IIIIA1IIIIIIA1IIIIA1IIIIIIIII
IIIIIIIIIIIIIIIIIIIIIIIIIIIIIIIIIA1IIIIA1IIIIIIA1AIIIA1IIIIIIIII
IIIIIIIIIIIIIIIIIIIIIIIIIIIIIIIIIA1IIIIA1IIIIIAA1AIIIA1IIIIIIIII
IIIIIIIIIIIIIIIIIIIIIIIIIIIIIIIIIA1AIIIA1IIIIIAA1AIIIA1IIIIIIIII
IIIIIIIIIIIIIIIIIIIIIIIIIIIIIIIIAA1AIIIA1IIIIIAA1AIIIA1IIIIIIIII
IIIIIIIIIIIIIIIIIIIIIIIIIIIIIIIIIIIIIIIIIIIIIIIIIIIIIIIA1IIIIIII
IIIIIIIIIIIIIIIIIIIIIIIIIIIIIIIIIIIIIIIIIA1IIIIIIIIIIIIA1IIIIIII
IIIIIIIIIIIIIIIIIIIIIIIIIIIIIIIIIIIIIIIIIA1IIIIIIA1IIIIA1IIIIIII
IIIIIIIIIIIIIIIIIIIIIIIIIIIIIIIIIIIA1IIIIA1IIIIIIA1IIIIA1IIIIIII
IIIIIIIIIIIIIIIIIIIIIIIIIIIIIIIIIIIIIIIIIIIIIIA1222IIIIIIIIIIIII
IIIIIIIIIIIIIIIIIIIIIIIIIIIIIIIIIIIIIIIIIIIIIIIA2IIIIIIIIIIIIIII
IIIIIIIIIIIIIIIIIIIIIIIIIIIIIIIIIIIIIIIIIIIIIIIIIIIIIIIIA1IIIIII
IIIIIIIIIIIIIIIIIIIIIIIIIIIIIIIIIIIIIIIIIIIIIIIA2IIIIIIIA1IIIIII
IIIIIIIIIIIIIIIIIIIIIIIIIIIIIIIIIA2IIIIIIIIIIIIA2IIIIIIIA1IIIIII
IIIIIIIIIIIIIIIIIIIIIIIIIIIIIIIIIA2IIIIIIIIIIIAA2IIIIIIIA1IIIIII
IIIIIIIIIIIIIIIIIIIIIIIIIIIIIIIIAA2IIIIIIIIIIIAA2IIIIIIIA1IIIIII
IIIIIIIIIIIIIIIIIIIIIIIIIIIIIIIIAA2IIIIIIIIIIIAAA2IIIIIIA1IIIIII
IIIIIIIIIIIIIIIIIIIIIIIIIIIIIIIIAA2IIIIIIIIII2AAA2IIIIIIA1IIIIII
IIIIIIIIIIIIIIIIIIIIIIIIIIIIIII2AA2IIIIIIIIII2AAA2IIIIIIA1IIIIII
IIIIIIIIIIIIIIIIIIIIIIIIIIIIIII2AAAIIIIIIIIII2AAA2IIIIIIA1IIIIII
IIIIIIIIIIIIIIIIIIIIIIIIIIIIIIIIIIIIIIIIIIIIIIIIIIIIIIIIAIIIIIII
IIIIIIIIIIIIIIIIIIIIIIIIIIIIIIIIIIIIIIIIIIAIIIIIIIIIIIIIAIIIIIII
IIIIIIIIIIIIIIIIIIIIIIIIIIIIIIIIIIIIIIIIIIAIIIIIAIIIIIIIAIIIIIII
IIIIIIIIIIIIIIIIIIIIIIIIIIIIIIIIIIAIIIIIIIAIIIIIAIIIIIIIAIIIIIII
IIIIIIIIIIIIIIIIIIIIIIIIIIIIIIIIIIIIIIIIIIIIIIIIA2IIIIIIIIIIIIII
IIIIIIIIIIIIIIIIIIIIIIIIIIIIIIIIIIIIIIIIIIIIIIIIAA2IIIIIIIIIIIII
IIIIIIIIIIIIIIIIIIIIIIIIIIIIIIIIIIIA2IIIIIIIIIIIAA2IIIIIIIIIIIII
IIIIIIIIIIIIIIIIIIIIIIIIIIIIIIIIIIIA2IIIIIIIIIIAAA2IIIIIIIIIIIII
IIIIIIIIIIIIIIIIIIIIIIIIIIIIIIIIIA2A2IIIIIIIIIIAAA2IIIIIIIIIIIII
IIIIIIIIIIIIIIIIIIIIIIIIIIIIIIIIIIIIIIIIIIIIIIIIIA1IIIIIIIIIIIII
IIIIIIIIIIIIIIIIIIIIIIIIIIIIIIIIIIIIIIIIIIIIIIAIIIIIIIIIIIIIIIII
IIIIIIIIIIIIIIIIIIIIIIIIIIIIIIIIIIIIIIIIIIIIIIA2IIIIIIIIIIIIIIII
IIIIIIIIIIIIIIIIIIIIIIIIIIIIIIIIA2IIIIIIIIIIIIA2IIIIIIIIIIIIIIII
IIIIIIIIIIIIIIIIIIIIIIIIIIIIIIIIA2IIIIIIIIIIIIA2IA2IIIIIIIIIIIII
IIIIIIIIIIIIIIIIIIIIIIIIIIIIIIIIA2IA2IIIIIIIIIA2IA2IIIIIIIIIIIII
IIIIIIIIIIIIIIIIIIIIIIIIIIIIIIIIIIIIIIIIIIIIIIIIIIIIIIIAIIIIIIII
IIIIIIIIIIIIIIIIIIIIIIIIIIIIIIIIIIIIIIIIIAIIIIIIIIIIIIIAIIIIIIII
IIIIIIIIIIIIIIIIIIIIIIIIIIIIIIIIIIIIIIIIIAIIIIAIIIIIIIIAIIIIIIII
IIIIIIIIIIIIIIIIIIIIIIIIIIIIIIIIAIIIIIIIIAIIIIAIIIIIIIIAIIIIIIII
IIIIIIIIIIIIIIIIIIIIIIIIIIIIIIIIAIIIIIIIIAIIIIAIIIIIIAIAIIIIIIII
IIIIIIIIIIIIIIIIIIIIIIIIIIIIIIIIAIIIIIIAIAIIIIAIIIIIIAIAIIIIIIII
IIIIIIIIIIIIIIIIIIIIIIIIIIIIIIIIIIIIIIIIIIIIIIIIIIIIIIA2IIIIIIII
IIIIIIIIIIIIIIIIIIIIIIIIIIIIIIIIIIIIIIIIA2IIIIIIIIIIIIA2IIIIIIII
IIIIIIIIIIIIIIIIIIIIIIIIIIIIIIIIIIIIIIIIA2IIIIA2IIIIIIA2IIIIIIII
IIIIIIIIIIIIIIIIIIIIIIIIIIIIIIIIA2IIIIIIA2IIIIA2IIIIIIA2IIIIIIII
IIIIIIIIIIIIIIIIIIIIIIIIIIIIIIIIIIIIIIIIIIIIIIIIIIIIIIA1IIIIIIII
IIIIIIIIIIIIIIIIIIIIIIIIIIIIIIIIIIIIIIIIIIIIIIIIIIIIIAIIIIIIIIII
IIIIIIIIIIIIIIIIIIIIIIIIIIIIIIIIIIIIIIIIIIIIIIIIIIIIIA1IIIIIIIII
IIIIIIIIIIIIIIIIIIIIIIIIIIIIIIIIIIIIIIIIIIIIIIIIIIIIIA2IIIIIIIII
IIIIIIIIIIIIIIIIIIIIIIIIIIIIIIIIIIIIIIIA2IIIIIIIIIIIIA2IIIIIIIII
IIIIIIIIIIIIIIIIIIIIIIIIIIIIIIIIIIIIIIIIIIIIIIIIIIIIIIIA2IIIIIII
IIIIIIIIIIIIIIIIIIIIIIIIIIIIIIIIIIIIIIIIIIIIIIIIIIIIIIIA1IIIIIII
IIIIIIIIIIIIIIIIIIIIIIIIIIIIIIIIIIIIIIIIIA1IIIIIIIIIIIIA1IIIIIII
IIIIIIIIIIIIIIIIIIIIIIIIIIIIIIIIIIIIIIIIIIIIIIA2IIIIIIIIIIIIIIII
IIIIIIIIIIIIIIIIIIIIIIIIIIIIIIIIA2IIIIIIIIIIIIA2IIIIIIIIIIIIIIII
IIIIIIIIIIIIIIIIIIIIIIIIIIIIIIIIA2IIIIIIIIIIIIA2IIIIIIIA2IIIIIII
IIIIIIIIIIIIIIIIIIIIIIIIIIIIIIIIA2IIIIIIIA2IIIA2IIIIIIIA2IIIIIII
IIIIIIIIIIIIIIIIIIIIIIIIIIIIIIIIIIIIIIIIIIIIIIA2IIIIIIIIIIIIIIII
IIIIIIIIIIIIIIIIIIIIIIIIIIIIIIIIA2IIIIIIIIIIIIA2IIIIIIIIIIIIIIII
IIIIIIIIIIIIIIIIIIIIIIIIIIIIIIIIA2IIIIIIIIIIIIA2IIIIIIA2IIIIIIII
IIIIIIIIIIIIIIIIIIIIIIIIIIIIIIIIA2IIIIIIA2IIIIA2IIIIIIA2IIIIIIII
IIIIIIIIIIIIIIIIIIIIIIIIIIIIIIIIA2IIIIIIA2IIIIAA2IIIIIA2IIIIIIII
IIIIIIIIIIIIIIIIIIIIIIIIIIIIIIIIAA2IIIIIA2IIIIAA2IIIIIA2IIIIIIII
IIIIIIIIIIIIIIIIIIIIIIIIIIIIIIIIIIIIIIIIIIIIIIIIA2IIIIIIIIIIIIII
IIIIIIIIIIIIIIIIIIIIIIIIIIIIIIIIIIA2IIIIIIIIIIIIA2IIIIIIIIIIIIII
IIIIIIIIIIIIIIIIIIIIIIIIIIIIIIIIIIA2IIIIIIIIIIIAA2IIIIIIIIIIIIII
IIIIIIIIIIIIIIIIIIIIIIIIIIIIIIIIIAA2IIIIIIIIIIIAA2IIIIIIIIIIIIII
IIIIIIIIIIIIIIIIIIIIIIIIIIIIIIIIIAA2IIIIIIIIIIIAA2IIIIIA2IIIIIII
IIIIIIIIIIIIIIIIIIIIIIIIIIIIIIIIIAA2IIIIIA2IIIIAA2IIIIIA2IIIIIII
IIIIIIIIIIIIIIIIIIIIIIIIIIIIIIIIIA2IIIIIIIIIIIIIIIIIIIIIIIIIIIII
IIIIIIIIIIIIIIIIIIIIIIIIIIIIIIIIIA2IIIIIIIIIIIIA2IIIIIIIIIIIIIII
IIIIIIIIIIIIIIIIIIIIIIIIIIIIIIIIIA2IIIIIIA2IIIIA2IIIIIIIIIIIIIII
IIIIIIIIIIIIIIIIIIIIIIIIIIIIIIIIIA2IIIIIIA2IIIIA2IIIIIIA2IIIIIII
IIIIIIIIIIIIIIIIIIIIIIIIIIIIIIIIIA2IIIIIIA2IIIIA2A2IIIIA2IIIIIII
IIIIIIIIIIIIIIIIIIIIIIIIIIIIIIIIIA2A2IIIIA2IIIIA2A2IIIIA2IIIIIII
IIIIIIIIIIIIIIIIIIIIIIIIIIIIIIIIIA2A2IIIIA2IIIAA2A2IIIIA2IIIIIII
IIIIIIIIIIIIIIIIIIIIIIIIIIIIIIIIAA2A2IIIIA2IIIAA2A2IIIIA2IIIIIII
IIIIIIIIIIIIIIIIIIIIIIIIIIIIIIIIIIIIIIIIIIIIIIAIIIIIIIIIIIIIIIII
IIIIIIIIIIIIIIIIIIIIIIIIIIIIIIIIAIIIIIIIIIIIIIAIIIIIIIIIIIIIIIII
IIIIIIIIIIIIIIIIIIIIIIIIIIIIIIIIAIIIIIIIIIIIIIAIIAIIIIIIIIIIIIII
IIIIIIIIIIIIIIIIIIIIIIIIIIIIIIIIAIIAIIIIIIIIIIAIIAIIIIIIIIIIIIII
IIIIIIIIIIIIIIIIIIIIIIIIIIIIIIIIIIIIIIIIIIIIIIAIII2IIIIIIIIIIIII
IIIIIIIIIIIIIIIIIIIIIIIIIIIIIIIIIIIIIIIIIIIIIIAIII2IIIA1IIIIIIII
IIIIIIIIIIIIIIIIIIIIIIIIIIIIIIIIIIIIIIIIA1IIIIAIII2IIIA1IIIIIIII
IIIIIIIIIIIIIIIIIIIIIIIIIIIIIIIIIIIIIIIIA1IIIIAIII2IIIA1A1IIIIII
IIIIIIIIIIIIIIIIIIIIIIIIIIIIIIIIIIIIIIIIA1A1IIAIII2IIIA1A1IIIIII
IIIIIIIIIIIIIIIIIIIIIIIIIIIIIIIIA1IIIIIIIIIIIIIIIIIIIIIIIIIIIIII
IIIIIIIIIIIIIIIIIIIIIIIIIIIIIIIIA1IIIIIIIIIIIIA1IIIIIIIIIIIIIIII
IIIIIIIIIIIIIIIIIIIIIIIIIIIIIIIIA1IIIIIIA1IIIIA1IIIIIIIIIIIIIIII
IIIIIIIIIIIIIIIIIIIIIIIIIIIIIIIIA1IIIIIIA1IIIIA1IIIIIIA1IIIIIIII
IIIIIIIIIIIIIIIIIIIIIIIIIIIIIIIIA1IIIIIIA1IIIIA1IA1IIIA1IIIIIIII
IIIIIIIIIIIIIIIIIIIIIIIIIIIIIIIIA1IA1IIIA1IIIIA1IA1IIIA1IIIIIIII
IIIIIIIIIIIIIIIIIIIIIIIIIIIIIIIIIIIIIIIIIIIIIIIIIAIIIIIIIIIIIIII
IIIIIIIIIIIIIIIIIIIIIIIIIIIIIIIIIIIAIIIIIIIIIIIIIAIIIIIIIIIIIIII
IIIIIIIIIIIIIIIIIIIIIIIIIIIIIIIIIIIAIIIIIIIIIIAIIAIIIIIIIIIIIIII
IIIIIIIIIIIIIIIIIIIIIIIIIIIIIIIIAIIAIIIIIIIIIIAIIAIIIIIIIIIIIIII
IIIIIIIIIIIIIIIIIIIIIIIIIIIIIIIIAIIAIIIIIIIIIIAIIAIIIIA2IIIIIIII
IIIIIIIIIIIIIIIIIIIIIIIIIIIIIIIIIIIIIIIIIIIIIIIA1IIIIIIIIIIIIIII
IIIIIIIIIIIIIIIIIIIIIIIIIIIIIIIIIIIIIIIIIIIIIIIIIIIIIA2IIIIIIIII
IIIIIIIIIIIIIIIIIIIIIIIIIIIIIIIIIIIIIIIIIIIIIIAIII2IIIIIIIIIIIII
IIIIIIIIIIIIIIIIIIIIIIIIIIIIIIIIIIIIIIIIIIIIIIA1IIIIIIIIIIIIIIII
IIIIIIIIIIIIIIIIIIIIIIIIIIIIIIIIIIIIIIIIIIIIIIA1IIIIIIIIA2IIIIII
IIIIIIIIIIIIIIIIIIIIIIIIIIIIIIIIIIIIIIIIIIA2IIA1IIIIIIIIA2IIIIII
IIIIIIIIIIIIIIIIIIIIIIIIIIIIIIIIIIIIIIIIIIA2IIA1A2IIIIIIA2IIIIII
IIIIIIIIIIIIIIIIIIIIIIIIIIIIIIIIIIA2IIIIIIA2IIA1A2IIIIIIA2IIIIII
IIIIIIIIIIIIIIIIIIIIIIIIIIIIIIIIIIA2IIIIIIA2IIA1AA2IIIIIA2IIIIII
IIIIIIIIIIIIIIIIIIIIIIIIIIIIIIIIIIAA2IIIIIA2IIA1AA2IIIIIA2IIIIII
IIIIIIIIIIIIIIIIIIIIIIIIIIIIIIIIIIAA2IIIIIA2IIA1AA1IIIIIA2IIIIII
IIIIIIIIIIIIIIIIIIIIIIIIIIIIIIIIIIAA2IIIIIA2IIA1AA1IIIIIA1IIIIII
IIIIIIIIIIIIIIIIIIIIIIIIIIIIIIIIIIIIIIIIIIIIIIIIIIIIIA1IIIIIIIII
IIIIIIIIIIIIIIIIIIIIIIIIIIIIIIIIIIIIIIIA1IIIIIIIIIIIIA1IIIIIIIII
IIIIIIIIIIIIIIIIIIIIIIIIIIIIIIIIIIIIIIIIIIIIIIIIIIIIIA2IIIIIIIII
IIIIIIIIIIIIIIIIIIIIIIIIIIIIIIIIIIIIIIIA2IIIIIIIIIIIIA2IIIIIIIII
IIIIIIIIIIIIIIIIIIIIIIIIIIIIIIIIIIIIIIIA2IIIIIIIA2IIIA2IIIIIIIII
IIIIIIIIIIIIIIIIIIIIIIIIIIIIIIIIIIA2IIIA2IIIIIIIA2IIIA2IIIIIIIII
IIIIIIIIIIIIIIIIIIIIIIIIIIIIIIIIIIIIIIIIIIIIIIIA2IIIIIIIIIIIIIII
IIIIIIIIIIIIIIIIIIIIIIIIIIIIIIIIIIIIIIIIIIIIIIIIIA1IIIIIIIIIIIII
IIIIIIIIIIIIIIIIIIIIIIIIIIIIIIIIIIIIIIIIIIIIIIIIIIIIIAIIIIIIIIII
IIIIIIIIIIIIIIIIIIIIIIIIIIIIIIIIIIIIIIIAIIIIIIIIIIIIIAIIIIIIIIII
IIIIIIIIIIIIIIIIIIIIIIIIIIIIIIIIIIIIIIIAIIIIIIIIA2IIIAIIIIIIIIII
IIIIIIIIIIIIIIIIIIIIIIIIIIIIIIIIIIIIIIIAIIIIIIIIA2IIIA2IIIIIIIII
IIIIIIIIIIIIIIIIIIIIIIIIIIIIIIIIIIIIIIIAIIIIIIIIA2IIIA1IIIIIIIII
IIIIIIIIIIIIIIIIIIIIIIIIIIIIIIIIIIIIIIIA1IIIIIIIA2IIIA1IIIIIIIII
IIIIIIIIIIIIIIIIIIIIIIIIIIIIIIIIIIIIIIIA1IIIIIIAA2IIIA1IIIIIIIII
IIIIIIIIIIIIIIIIIIIIIIIIIIIIIIIIIIIIIIIA1IIIIIIAAAIIIA1IIIIIIIII
IIIIIIIIIIIIIIIIIIIIIIIIIIIIIIIIIAIIIIIA1IIIIIIAAAIIIA1IIIIIIIII
IIIIIIIIIIIIIIIIIIIIIIIIIIIIIIIIIAIAIIIA1IIIIIIAAAIIIA1IIIIIIIII
IIIIIIIIIIIIIIIIIIIIIIIIIIIIIIIIIIIIIIIIIIIIIIIIA1IIIIIIIIIIIIII
IIIIIIIIIIIIIIIIIIIIIIIIIIIIIIIIIIAIIIIIIIIIIIIIA1IIIIIIIIIIIIII
IIIIIIIIIIIIIIIIIIIIIIIIIIIIIIIIIIAIIIIIIIIIIIIAA1IIIIIIIIIIIIII
IIIIIIIIIIIIIIIIIIIIIIIIIIIIIIIIIAAIIIIIIIIIIIIAA1IIIIIIIIIIIIII
IIIIIIIIIIIIIIIIIIIIIIIIIIIIIIIIIAAIIIIIIIIIIIIAA1IIIA1IIIIIIIII
IIIIIIIIIIIIIIIIIIIIIIIIIIIIIIIIIAAIIIIA1IIIIIIAA1IIIA1IIIIIIIII
IIIIIIIIIIIIIIIIIIIIIIIIIIIIIIIIIIIIIIIIIIIIIIIAIIIIIIIIIIIIIIII
IIIIIIIIIIIIIIIIIIIIIIIIIIIIIIIIIAIIIIIIIIIIIIIAIIIIIIIIIIIIIIII
IIIIIIIIIIIIIIIIIIIIIIIIIIIIIIIIIAIIIIIIIIIIIIIAIIIIIAIIIIIIIIII
IIIIIIIIIIIIIIIIIIIIIIIIIIIIIIIIIAIIIIIAIIIIIIIAIIIIIAIIIIIIIIII
IIIIIIIIIIIIIIIIIIIIIIIIIIIIIIIIA1IIIIIIIIIIIIIIIIIIIIIIIIIIIIII
IIIIIIIIIIIIIIIIIIIIIIIIIIIIIIIIA1IIIIIIIIIIIIA1IIIIIIIIIIIIIIII
IIIIIIIIIIIIIIIIIIIIIIIIIIIIIIIIA1IIIIIA1IIIIIA1IIIIIIIIIIIIIIII
IIIIIIIIIIIIIIIIIIIIIIIIIIIIIIIIA1IIIIIA1IIIIIA1IIIIIA1IIIIIIIII
IIIIIIIIIIIIIIIIIIIIIIIIIIIIIIIIA1IIIIIA1IIIIIA1IIIIIA1IAIIIIIII
IIIIIIIIIIIIIIIIIIIIIIIIIIIIIIIIA1IIIIIA1IAIIIA1IIIIIA1IAIIIIIII
IIIIIIIIIIIIIIIIIIIIIIIIIIIIIIIIA1IIIIIA1IAIIIAA2IIIIA1IAIIIIIII
IIIIIIIIIIIIIIIIIIIIIIIIIIIIIIIIAA2IIIIA1IAIIIAA2IIIIA1IAIIIIIII
IIIIIIIIIIIIIIIIIIIIIIIIIIIIIIIIAA2IIIIA1IAIIIAA2IIIIA1AAIIIIIII
IIIIIIIIIIIIIIIIIIIIIIIIIIIIIIIIAA2IIIIA1AAIIIAA2IIIIA1AAIIIIIII
IIIIIIIIIIIIIIIIIIIIIIIIIIIIIIIIIIIIIIIIIIIIIIIIIIIIIIIAIIIIIIII
IIIIIIIIIIIIIIIIIIIIIIIIIIIIIIIIIIIIIIIIIIIIIIIIIIIIIIIA2IIIIIII
IIIIIIIIIIIIIIIIIIIIIIIIIIIIIIIIA2IIIIIIIIIIIIIIIIIIIIIIIIIIIIII
IIIIIIIIIIIIIIIIIIIIIIIIIIIIIIIIA2IIIIIIIIIIIIA2IIIIIIIIIIIIIIII
IIIIIIIIIIIIIIIIIIIIIIIIIIIIIIIIA2IIIIIIIA2IIIA2IIIIIIIIIIIIIIII
IIIIIIIIIIIIIIIIIIIIIIIIIIIIIIIIA2IIIIIIIA2IIIA2IIIIIIIA2IIIIIII
IIIIIIIIIIIIIIIIIIIIIIIIIIIIIIIIA2IIIIIIIA2IIIA2IA2IIIIA2IIIIIII
IIIIIIIIIIIIIIIIIIIIIIIIIIIIIIIIIIIIIIIIIIIIIIIIIIIIIIIIA1IIIIII
IIIIIIIIIIIIIIIIIIIIIIIIIIIIIIIIIIIIIIIIIIIIIIIIIIIIIIIIA12IIIII
IIIIIIIIIIIIIIIIIIIIIIIIIIIIIIIIIIIIIIIIIIIIIIA2IIIIIIIIIIIIIIII
IIIIIIIIIIIIIIIIIIIIIIIIIIIIIIIIIIIIIIIIIIIIIIA1IIIIIIIIIIIIIIII
IIIIIIIIIIIIIIIIIIIIIIIIIIIIIIIIIIIIIIIIIIIIIIAA2IIIIIIIIIIIIIII
IIIIIIIIIIIIIIIIIIIIIIIIIIIIIIIIIA2IIIIIIIIIIIAA2IIIIIIIIIIIIIII
IIIIIIIIIIIIIIIIIIIIIIIIIIIIIIIIIA2IIIIIIIIIIIAA2A2IIIIIIIIIIIII
IIIIIIIIIIIIIIIIIIIIIIIIIIIIIIIIIA2A2IIIIIIIIIAA2A2IIIIIIIIIIIII
IIIIIIIIIIIIIIIIIIIIIIIIIIIIIIIIIIIIIIIIIIIIIIIA2IIIIIIIIIIIIIII
IIIIIIIIIIIIIIIIIIIIIIIIIIIIIIIIIA2IIIIIIIIIIIIA2IIIIIIIIIIIIIII
IIIIIIIIIIIIIIIIIIIIIIIIIIIIIIIIIIIIIIIIIIIIII2AIIIIIIIIIIIIIIII
IIIIIIIIIIIIIIIIIIIIIIIIIIIIIIII2AIIIIIIIIIIII2AIIIIIIIIIIIIIIII
IIIIIIIIIIIIIIIIIIIIIIIIIIIIIIIIIIIIIIIIIIIIIIIIIIIIIIIIAIIIIIII
IIIIIIIIIIIIIIIIIIIIIIIIIIIIIIIIIIIIIIIIIIAIIIIIIIIIIIIIAIIIIIII
IIIIIIIIIIIIIIIIIIIIIIIIIIIIIIIIIIIIIIIIIIAIIIIIA1IIIIIIAIIIIIII
IIIIIIIIIIIIIIIIIIIIIIIIIIIIIIIIIIAIIIIIIIAIIIIIA1IIIIIIAIIIIIII
IIIIIIIIIIIIIIIIIIIIIIIIIIIIIIIIIIIIIIIIIIIIIIA12IIIIIIIIIIIIIII
IIIIIIIIIIIIIIIIIIIIIIIIIIIIIIIIA2IIIIIIIIIIIIA12IIIIIIIIIIIIIII
IIIIIIIIIIIIIIIIIIIIIIIIIIIIIIIIIIIIIIIIIIIIIIIA2IIIIIIIIIIIIIII
IIIIIIIIIIIIIIIIIIIIIIIIIIIIIIIIIIIIIIIIIIIIIIAA2IIIIIIIIIIIIIII
IIIIIIIIIIIIIIIIIIIIIIIIIIIIIIIIIA2IIIIIIIIIIIAA2IIIIIIIIIIIIIII
IIIIIIIIIIIIIIIIIIIIIIIIIIIIIIIIAA2IIIIIIIIIIIAA2IIIIIIIIIIIIIII
IIIIIIIIIIIIIIIIIIIIIIIIIIIIIIIIAA2IIIIIIIIIIIAA2IIIIA2IIIIIIIII
IIIIIIIIIIIIIIIIIIIIIIIIIIIIIIIIAA2IIIIIIIIIIIAAA2IIIA2IIIIIIIII
IIIIIIIIIIIIIIIIIIIIIIIIIIIIIIIIAAA2IIIIIIIIIIAAA2IIIA2IIIIIIIII
IIIIIIIIIIIIIIIIIIIIIIIIIIIIIIIIAAA2IIIIIIIIIIAAA2IIIAA2IIIIIIII
IIIIIIIIIIIIIIIIIIIIIIIIIIIIIIIIAAA2IIIIA2IIIIAAA2IIIAA2IIIIIIII
IIIIIIIIIIIIIIIIIIIIIIIIIIIIIIIIIIIIIIIIIIIIIIIIIIIIIA1IIIIIIIII
IIIIIIIIIIIIIIIIIIIIIIIIIIIIIIIIIIIIIIIA1IIIIIIIIIIIIA1IIIIIIIII
IIIIIIIIIIIIIIIIIIIIIIIIIIIIIIIIIIIIIIIA1IIIIIIAIIIIIA1IIIIIIIII
IIIIIIIIIIIIIIIIIIIIIIIIIIIIIIIIIA1IIIIA1IIIIIIAIIIIIA1IIIIIIIII
IIIIIIIIIIIIIIIIIIIIIIIIIIIIIIIIIA1IIIIA1IIIIIIAIIIIIAA1IIIIIIII
IIIIIIIIIIIIIIIIIIIIIIIIIIIIIIIIIA1IIIIAA1IIIIIAIIIIIAA1IIIIIIII
IIIIIIIIIIIIIIIIIIIIIIIIIIIIIIIIIA1IIIIAA1IIIIIAIIIIIAAA1IIIIIII
IIIIIIIIIIIIIIIIIIIIIIIIIIIIIIIIIA1IIIIAAA1IIIIAIIIIIAAA1IIIIIII
IIIIIIIIIIIIIIIIIIIIIIIIIIIIIIIIIIIIIIIIIIIIIIIIIIIIIIA2IIIIIIII
IIIIIIIIIIIIIIIIIIIIIIIIIIIIIIIIIIIIIIIIIIIIIIIIIIIIIIIA2IIIIIII
IIIIIIIIIIIIIIIIIIIIIIIIIIIIIIIIIIIIIIIIIIIIIIIIIIIIIIIA12IIIIII
IIIIIIIIIIIIIIIIIIIIIIIIIIIIIIIIIIIIIIIIIA12IIIIIIIIIIIA12IIIIII
IIIIIIIIIIIIIIIIIIIIIIIIIIIIIIIIIIIIIIIIIA12IIIIIIIIIIAA12IIIIII
IIIIIIIIIIIIIIIIIIIIIIIIIIIIIIIIIIIIIIIIAA12IIIIIIIIIIAA12IIIIII
IIIIIIIIIIIIIIIIIIIIIIIIIIIIIIIIIIIIIIIIIIIIIIIIIIIIIIIA2IIIIIII
IIIIIIIIIIIIIIIIIIIIIIIIIIIIIIIIIIIIIIIIIIIIIIIIIIIIIIIA1IIIIIII
IIIIIIIIIIIIIIIIIIIIIIIIIIIIIIIIIIIIIIIIIIIIIIIA1IIIIIIIIIIIIIII
IIIIIIIIIIIIIIIIIIIIIIIIIIIIIIIIIA1IIIIIIIIIIIIA1IIIIIIIIIIIIIII
IIIIIIIIIIIIIIIIIIIIIIIIIIIIIIIIIA1IIIIIIIIIIIAA1IIIIIIIIIIIIIII
IIIIIIIIIIIIIIIIIIIIIIIIIIIIIIIIAA1IIIIIIIIIIIAA1IIIIIIIIIIIIIII
IIIIIIIIIIIIIIIIIIIIIIIIIIIIIIIIIIIIIIIIIIIIIIIIA1IIIIIIIIIIIIII
IIIIIIIIIIIIIIIIIIIIIIIIIIIIIIIIIIAIIIIIIIIIIIIIA1IIIIIIIIIIIIII
IIIIIIIIIIIIIIIIIIIIIIIIIIIIIIIIIIAIIIIIIIIIIIIAA1IIIIIIIIIIIIII
IIIIIIIIIIIIIIIIIIIIIIIIIIIIIIIIIAAIIIIIIIIIIIIAA1IIIIIIIIIIIIII
IIIIIIIIIIIIIIIIIIIIIIIIIIIIIIIIIAAIIIIIIIIIII2AA1IIIIIIIIIIIIII
IIIIIIIIIIIIIIIIIIIIIIIIIIIIIIIIIAAIIIIIIIIIII2AA1II2AIIIIIIIIII
IIIIIIIIIIIIIIIIIIIIIIIIIIIIIIII2AAIIIIIIIIIII2AA1II2AIIIIIIIIII
IIIIIIIIIIIIIIIIIIIIIIIIIIIIIIII2AAIII2AIIIIII2AA1II2AIIIIIIIIII
IIIIIIIIIIIIIIIIIIIIIIIIIIIIIIIIIIIIIIIIIIIIIIIIA2IIIIIIIIIIIIII
IIIIIIIIIIIIIIIIIIIIIIIIIIIIIIIIIIA2IIIIIIIIIIIIA2IIIIIIIIIIIIII
IIIIIIIIIIIIIIIIIIIIIIIIIIIIIIIIIIA2IIIIIIIIIIA2A2IIIIIIIIIIIIII
IIIIIIIIIIIIIIIIIIIIIIIIIIIIIIIIA2A2IIIIIIIIIIA2A2IIIIIIIIIIIIII
IIIIIIIIIIIIIIIIIIIIIIIIIIIIIIIIA2A2IIIIIIIIIIA2A2IIIIIIA2IIIIII
IIIIIIIIIIIIIIIIIIIIIIIIIIIIIIIIA2A2IIIIIIIIIIA2A2IIIIA2A2IIIIII
IIIIIIIIIIIIIIIIIIIIIIIIIIIIIIIIA2A2IIIIIIA2IIA2A2IIIIA2A2IIIIII
IIIIIIIIIIIIIIIIIIIIIIIIIIIIIIIIA2A2IIIIA2A2IIA2A2IIIIA2A2IIIIII
IIIIIIIIIIIIIIIIIIIIIIIIIIIIIIIIIIIIIIIIIIIIIIIIIIIIIIIIAIIIIIII
IIIIIIIIIIIIIIIIIIIIIIIIIIIIIIIIIIIIIIIIIIIIIIIIIIIIIIIIA2IIIIII
IIIIIIIIIIIIIIIIIIIIIIIIIIIIIIIIIIIIIIIIIIA2IIIIIIIIIIIIA2IIIIII
IIIIIIIIIIIIIIIIIIIIIIIIIIIIIIIIIIIIIIIIIIA2IIIIIIIIIA2IA2IIIIII
IIIIIIIIIIIIIIIIIIIIIIIIIIIIIIIIIIIIIIIA2IA2IIIIIIIIIA2IA2IIIIII
IIIIIIIIIIIIIIIIIIIIIIIIIIIIIIIIIIIIIIIA2IA2IIIIA2IIIA2IA2IIIIII
IIIIIIIIIIIIIIIIIIIIIIIIIIIIIIIIIIA2IIIA2IA2IIIIA2IIIA2IA2IIIIII
IIIIIIIIIIIIIIIIIIIIIIIIIIIIIIIIIIA2IIIA2IA2IIA2A2IIIA2IA2IIIIII
IIIIIIIIIIIIIIIIIIIIIIIIIIIIIIIIA2A2IIIA2IA2IIA2A2IIIA2IA2IIIIII
IIIIIIIIIIIIIIIIIIIIIIIIIIIIIIIIIIIIIIIIIIIIIIIAIIIIIIIIIIIIIIII
IIIIIIIIIIIIIIIIIIIIIIIIIIIIIIIIIAIIIIIIIIIIIIIAIIIIIIIIIIIIIIII
IIIIIIIIIIIIIIIIIIIIIIIIIIIIIIIIIAIIIIIIIIIIIIIAIIIIIAIIIIIIIIII
IIIIIIIIIIIIIIIIIIIIIIIIIIIIIIIIIAIIIIIAIIIIIIIAIIIIIAIIIIIIIIII
IIIIIIIIIIIIIIIIIIIIIIIIIIIIIIIIIIIIIIIIIIIIIIIIA1IIIIIIIIIIIIII
IIIIIIIIIIIIIIIIIIIIIIIIIIIIIIIIIIIIIIIIIIIIIIIIIIIIIIIIAIIIIIII
IIIIIIIIIIIIIIIIIIIIIIIIIIIIIIIIIIIIIIIIIIIIIIAIIIIIIIIIAIIIIIII
IIIIIIIIIIIIIIIIIIIIIIIIIIIIIIIIIIIIIIIIIIIIIIA2IIIIIIIIAIIIIIII
IIIIIIIIIIIIIIIIIIIIIIIIIIIIIIIIIIIIIIIIIIIIIIA1I2IIIIIIIIIIIIII
IIIIIIIIIIIIIIIIIIIIIIIIIIIIIIIIIIIIIIIIIIIIIIA2IIIIIIIIIIIIIIII
IIIIIIIIIIIIIIIIIIIIIIIIIIIIIIIIIIIIIIIIIIIIIIA1IIIIIIIIIIIIIIII
IIIIIIIIIIIIIIIIIIIIIIIIIIIIIIIIIIIIIIIIIIIIIIA1AIIIIIIIIIIIIIII
IIIIIIIIIIIIIIIIIIIIIIIIIIIIIIIIIIAIIIIIIIIIIIA1AIIIIIIIIIIIIIII
IIIIIIIIIIIIIIIIIIIIIIIIIIIIIIIIIIAIIIIIIIIIIIAAAIIIIIIIIIIIIIII
IIIIIIIIIIIIIIIIIIIIIIIIIIIIIIIIIAAIIIIIIIIIIIAAAIIIIIIIIIIIIIII
IIIIIIIIIIIIIIIIIIIIIIIIIIIIIIIIIIIIIIIIIIIIIIIA2IIIIIIIIIIIIIII
IIIIIIIIIIIIIIIIIIIIIIIIIIIIIIIIIIIIIIIIIIIIIIIAA2IIIIIIIIIIIIII
IIIIIIIIIIIIIIIIIIIIIIIIIIIIIIIIIA2IIIIIIIIIIIIAA2IIIIIIIIIIIIII
IIIIIIIIIIIIIIIIIIIIIIIIIIIIIIIIIAA2IIIIIIIIIIIAA2IIIIIIIIIIIIII
IIIIIIIIIIIIIIIIIIIIIIIIIIIIIIIIIIIIIIIIIIIIIIIIIIIIIA2IIIIIIIII
IIIIIIIIIIIIIIIIIIIIIIIIIIIIIIIIIIIIIIIA2IIIIIIIIIIIIA2IIIIIIIII
IIIIIIIIIIIIIIIIIIIIIIIIIIIIIIIIIIIIIIIA2IIIIIIA2IIIIA2IIIIIIIII
IIIIIIIIIIIIIIIIIIIIIIIIIIIIIIIIIA2IIIIA2IIIIIIA2IIIIA2IIIIIIIII
IIIIIIIIIIIIIIIIIIIIIIIIIIIIIIIIIA2IIIIA2IIIIIIA2IIIIA1IIIIIIIII
IIIIIIIIIIIIIIIIIIIIIIIIIIIIIIIIIA2IIIIA1IIIIIIA2IIIIA1IIIIIIIII
IIIIIIIIIIIIIIIIIIIIIIIIIIIIIIIIIA2IIIIA1IIIIIIA1IIIIA1IIIIIIIII
IIIIIIIIIIIIIIIIIIIIIIIIIIIIIIIIIA1IIIIA1IIIIIIA1IIIIA1IIIIIIIII
IIIIIIIIIIIIIIIIIIIIIIIIIIIIIIIIIIIIIIIIIIIIIIIAIIIIIIIIIIIIIIII
IIIIIIIIIIIIIIIIIIIIIIIIIIIIIIIIIAIIIIIIIIIIIIIAIIIIIIIIIIIIIIII
IIIIIIIIIIIIIIIIIIIIIIIIIIIIIIIIIAIIIIIIIIIIIIIAAIIIIIIIIIIIIIII
IIIIIIIIIIIIIIIIIIIIIIIIIIIIIIIIIAAIIIIIIIIIIIIAAIIIIIIIIIIIIIII
IIIIIIIIIIIIIIIIIIIIIIIIIIIIIIIIIAAIIIIIIIIIIIIAAIIIIIIAIIIIIIII
IIIIIIIIIIIIIIIIIIIIIIIIIIIIIIIIIAAIIIIIIAIIIIIAAIIIIIIAIIIIIIII
IIIIIIIIIIIIIIIIIIIIIIIIIIIIIIIIIIIIIIIIIIIIIIIIIIIIIIIIAIII2III
IIIIIIIIIIIIIIIIIIIIIIIIIIIIIIIIIIIIIIIIIIIIIIIIAIII2IIIAIII2III
IIIIIIIIIIIIIIIIIIIIIIIIIIIIIIIIIIIIIIIIIIIIIIIIAIIIIIIIIIIIIIII
IIIIIIIIIIIIIIIIIIIIIIIIIIIIIIIIIIAIIIIIIIIIIIIIAIIIIIIIIIIIIIII
IIIIIIIIIIIIIIIIIIIIIIIIIIIIIIIIIIAIIIIIIIIIIIIIAIIIIAIIIIIIIIII
IIIIIIIIIIIIIIIIIIIIIIIIIIIIIIIIIIAIIIIAIIIIIIIIAIIIIAIIIIIIIIII
IIIIIIIIIIIIIIIIIIIIIIIIIIIIIIIIIIIIIIIIIIIIIIIIAIIIIIIIIIIIIIII
IIIIIIIIIIIIIIIIIIIIIIIIIIIIIIIIIIAIIIIIIIIIIIIIAIIIIIIIIIIIIIII
IIIIIIIIIIIIIIIIIIIIIIIIIIIIIIIIIIAIIIIIIIIIIIIIAIIIIAIIIIIIIIII
IIIIIIIIIIIIIIIIIIIIIIIIIIIIIIIIIIAIIIIAIIIIIIIIAIIIIAIIIIIIIIII
IIIIIIIIIIIIIIIIIIIIIIIIIIIIIIIIIIAIIIIAIIIIIIIIA12IIAIIIIIIIIII
IIIIIIIIIIIIIIIIIIIIIIIIIIIIIIIIIIA12IIAIIIIIIIIA12IIAIIIIIIIIII
IIIIIIIIIIIIIIIIIIIIIIIIIIIIIIIIIIA12IIAA12IIIIIA12IIAIIIIIIIIII
IIIIIIIIIIIIIIIIIIIIIIIIIIIIIIIIIIA12IIAA12IIIIIA12IIAA12IIIIIII
IIIIIIIIIIIIIIIIIIIIIIIIIIIIIIIIIIA12IIAA12IIIA1A12IIAA12IIIIIII
IIIIIIIIIIIIIIIIIIIIIIIIIIIIIIIIA1A12IIAA12IIIA1A12IIAA12IIIIIII
IIIIIIIIIIIIIIIIIIIIIIIIIIIIIIIIA1A12IIAA12IIIAAA12IIAA12IIIIIII
IIIIIIIIIIIIIIIIIIIIIIIIIIIIIIIIAAA12IIAA12IIIAAA12IIAA12IIIIIII
IIIIIIIIIIIIIIIIIIIIIIIIIIIIIIIIIIIIIIIIIIIIIIA1IIIIIIIIIIIIIIII
IIIIIIIIIIIIIIIIIIIIIIIIIIIIIIIIA1IIIIIIIIIIIIA1IIIIIIIIIIIIIIII
IIIIIIIIIIIIIIIIIIIIIIIIIIIIIIIIA1IIIIIIIIIIIIA12AIIIIIIIIIIIIII
IIIIIIIIIIIIIIIIIIIIIIIIIIIIIIIIIIIIIIIIIIIIIIIA2IIIIIIIIIIIIIII
IIIIIIIIIIIIIIIIIIIIIIIIIIIIIIIIIIIIIIIIIIIIIIIA1IIIIIIIIIIIIIII
IIIIIIIIIIIIIIIIIIIIIIIIIIIIIIIIIIIIIIIIIIIIIIIA1IIIIIA1IIIIIIII
IIIIIIIIIIIIIIIIIIIIIIIIIIIIIIIIIIIIIIIIA1IIIIIA1IIIIIA1IIIIIIII
IIIIIIIIIIIIIIIIIIIIIIIIIIIIIIIIIIIIIIIIA1IIIIAA1IIIIIA1IIIIIIII
IIIIIIIIIIIIIIIIIIIIIIIIIIIIIIIIA1IIIIIIA1IIIIAA1IIIIIA1IIIIIIII
IIIIIIIIIIIIIIIIIIIIIIIIIIIIIIIIIIIIIIIIIIIIIIIIIIIIIIA2IIIIIIII
IIIIIIIIIIIIIIIIIIIIIIIIIIIIIIIIIIIIIIIIIIIIIIIIA2IIIIA2IIIIIIII
IIIIIIIIIIIIIIIIIIIIIIIIIIIIIIIIIIA2IIIIIIIIIIIIA2IIIIA2IIIIIIII
IIIIIIIIIIIIIIIIIIIIIIIIIIIIIIIIIIA2IIIIA2IIIIIIA2IIIIA2IIIIIIII
IIIIIIIIIIIIIIIIIIIIIIIIIIIIIIIIIIIIIIIIIIIIIIIIIIIIIIA2IIIIIIII
IIIIIIIIIIIIIIIIIIIIIIIIIIIIIIIIIIIIIIIIA2IIIIIIIIIIIIA2IIIIIIII
IIIIIIIIIIIIIIIIIIIIIIIIIIIIIIIIIIIIIIIIA2IIIIIIA2IIIIA2IIIIIIII
IIIIIIIIIIIIIIIIIIIIIIIIIIIIIIIIIIA2IIIIA2IIIIIIA2IIIIA2IIIIIIII
IIIIIIIIIIIIIIIIIIIIIIIIIIIIIIIIIIIIIIIIIIIIIIIIIIIIIIIIA2IIIIII
IIIIIIIIIIIIIIIIIIIIIIIIIIIIIIIIIIIIIIIIIIIIIIIIIIIIIIIIA1IIIIII
IIIIIIIIIIIIIIIIIIIIIIIIIIIIIIIIIIIIIIIIIIIIIIIIIA1IIIIIIIIIIIII
IIIIIIIIIIIIIIIIIIIIIIIIIIIIIIIIIIIIIIIIIIIIIIIIIIIIIIIAIIIIIIII
IIIIIIIIIIIIIIIIIIIIIIIIIIIIIIIIIIIIIIIIIIIIIIIIIIIIIIIIA1IIIIII
IIIIIIIIIIIIIIIIIIIIIIIIIIIIIIIIIIIIIIIIIIIIIIA1IIIIIIIIIIIIIIII
IIIIIIIIIIIIIIIIIIIIIIIIIIIIIIIIIIIIIIIIIIIIIIIIIIIIIAIIIIIIIIII
IIIIIIIIIIIIIIIIIIIIIIIIIIIIIIIIIIIIIIIAIIIIIIIIIIIIIAIIIIIIIIII
IIIIIIIIIIIIIIIIIIIIIIIIIIIIIIIIIIIIIIIAIIIIIIIIAIIIIAIIIIIIIIII
IIIIIIIIIIIIIIIIIIIIIIIIIIIIIIIIIIAIIIIAIIIIIIIIAIIIIAIIIIIIIIII
IIIIIIIIIIIIIIIIIIIIIIIIIIIIIIIIIIAIIIIAIIIIIIIIAIIIIAAIIIIIIIII
IIIIIIIIIIIIIIIIIIIIIIIIIIIIIIIIIIAIIIIAAIIIIIIIAIIIIAAIIIIIIIII
IIIIIIIIIIIIIIIIIIIIIIIIIIIIIIIIIIIIIIIIIIIIIIIIIA2IIIIIIIIIIIII
IIIIIIIIIIIIIIIIIIIIIIIIIIIIIIIIIIIA2IIIIIIIIIIIIA2IIIIIIIIIIIII
IIIIIIIIIIIIIIIIIIIIIIIIIIIIIIIIIIIA2IIIIIIIIIIIIA2IIA2IIIIIIIII
IIIIIIIIIIIIIIIIIIIIIIIIIIIIIIIIIIIA2IIA2IIIIIIIIA2IIA2IIIIIIIII
IIIIIIIIIIIIIIIIIIIIIIIIIIIIIIIIIIIIIIIIIIIIIIIIIIIIIIA12IIIIIII
IIIIIIIIIIIIIIIIIIIIIIIIIIIIIIIIIIIIIIIIA12IIIIIIIIIIIA12IIIIIII
IIIIIIIIIIIIIIIIIIIIIIIIIIIIIIIIIIIIIIIIA12IIIIAIIIIIIA12IIIIIII
IIIIIIIIIIIIIIIIIIIIIIIIIIIIIIIIIAIIIIIIA12IIIIAIIIIIIA12IIIIIII
IIIIIIIIIIIIIIIIIIIIIIIIIIIIIIIIIAIIIIIIA12IIIIAIIIIIIAA12IIIIII
IIIIIIIIIIIIIIIIIIIIIIIIIIIIIIIIIAIIIIIIAA12IIIAIIIIIIAA12IIIIII
IIIIIIIIIIIIIIIIIIIIIIIIIIIIIIIIIAIIIIIIAA12IIIAA12IIIAA12IIIIII
IIIIIIIIIIIIIIIIIIIIIIIIIIIIIIIIIAA12IIIAA12IIIAA12IIIAA12IIIIII
IIIIIIIIIIIIIIIIIIIIIIIIIIIIIIIIIIIIIIIIIIIIIIIIA2IIIIIIIIIIIIII
IIIIIIIIIIIIIIIIIIIIIIIIIIIIIIIIIIA2IIIIIIIIIIIIA2IIIIIIIIIIIIII
IIIIIIIIIIIIIIIIIIIIIIIIIIIIIIIIIIA2IIIIIIIIIIIIA2IIIIIA2IIIIIII
IIIIIIIIIIIIIIIIIIIIIIIIIIIIIIIIIIA2IIIIIA2IIIIIA2IIIIIA2IIIIIII
IIIIIIIIIIIIIIIIIIIIIIIIIIIIIIIIIIIIIIIIIIIIIIIIA1IIIIIIIIIIIIII
IIIIIIIIIIIIIIIIIIIIIIIIIIIIIIIIIIIIIIIIIIIIIIA1IIIIIIIIIIIIIIII
IIIIIIIIIIIIIIIIIIIIIIIIIIIIIIIIIIIIIIIIIIIII2A1IIIIIIIIIIIIIIII
IIIIIIIIIIIIIIIIIIIIIIIIIIIIIII2AIIIIIIIIIIII2A1IIIIIIIIIIIIIIII
IIIIIIIIIIIIIIIIIIIIIIIIIIIIIII2AIIIIIIIIIIII2A1AIIIIIIIIIIIIIII
IIIIIIIIIIIIIIIIIIIIIIIIIIIIIII2A2AIIIIIIIIII2A1AIIIIIIIIIIIIIII
IIIIIIIIIIIIIIIIIIIIIIIIIIIIIII2A2AIIIIIIIIII2A1AAIIIIIIIIIIIIII
IIIIIIIIIIIIIIIIIIIIIIIIIIIIIII2A2AIIIIIIIIII2A1AAII2AIIIIIIIIII
IIIIIIIIIIIIIIIIIIIIIIIIIIIIIII2A2AAIIIIIIIII2A1AAII2AIIIIIIIIII
IIIIIIIIIIIIIIIIIIIIIIIIIIIIIII2A2AAII2AIIIII2A1AAII2AIIIIIIIIII
IIIIIIIIIIIIIIIIIIIIIIIIIIIIIIIIIIIIIIIIIIIIIIA1IIIIIIIIIIIIIIII
IIIIIIIIIIIIIIIIIIIIIIIIIIIIIIIIA1IIIIIIIIIIIIA1IIIIIIIIIIIIIIII
IIIIIIIIIIIIIIIIIIIIIIIIIIIIIIIIA1IIIIIIIIIIIIA1IAIIIIIIIIIIIIII
IIIIIIIIIIIIIIIIIIIIIIIIIIIIIIIIA1IAIIIIIIIIIIA1IAIIIIIIIIIIIIII
IIIIIIIIIIIIIIIIIIIIIIIIIIIIIIIIA1IAIIIIIIIIIIA1IAIIIIA1IIIIIIII
IIIIIIIIIIIIIIIIIIIIIIIIIIIIIIIIA1IAIIIIA1IIIIA1IAIIIIA1IIIIIIII
IIIIIIIIIIIIIIIIIIIIIIIIIIIIIIIIA1IAIIIIA1IIIIA1IA1IIIA1IIIIIIII
IIIIIIIIIIIIIIIIIIIIIIIIIIIIIIIIA1IA1IIIA1IIIIA1IA1IIIA1IIIIIIII
IIIIIIIIIIIIIIIIIIIIIIIIIIIIIIIIIIIIIIIIIIIIIIA12IIIIIIIIIIIIIII
IIIIIIIIIIIIIIIIIIIIIIIIIIIIIIIIA12IIIIIIIIIIIA12IIIIIIIIIIIIIII
IIIIIIIIIIIIIIIIIIIIIIIIIIIIIIIIA12IIIIIIIIIIIA12IIIIIIA12IIIIII
IIIIIIIIIIIIIIIIIIIIIIIIIIIIIIIIA12IIIIIIA12IIA12IIIIIIA12IIIIII
IIIIIIIIIIIIIIIIIIIIIIIIIIIIIIIIA12IIIIIIA12IIA12IIIIA1A12IIIIII
IIIIIIIIIIIIIIIIIIIIIIIIIIIIIIIIA12IIIIA1A12IIA12IIIIA1A12IIIIII
IIIIIIIIIIIIIIIIIIIIIIIIIIIIIIIIAIIIIIIIIIIIIIIIIIIIIIIIIIIIIIII
IIIIIIIIIIIIIIIIIIIIIIIIIIIIIIIIAIIIIIIIIIIIIIAIIIIIIIIIIIIIIIII
IIIIIIIIIIIIIIIIIIIIIIIIIIIIIIIIAIIIIIIIIAIIIIAIIIIIIIIIIIIIIIII
IIIIIIIIIIIIIIIIIIIIIIIIIIIIIIIIAIIIIIIIIAIIIIAIIIIIIIIAIIIIIIII
IIIIIIIIIIIIIIIIIIIIIIIIIIIIIIIIIIIIIIIIIIIIIIIIIIIIIIIIA2IIIIII
IIIIIIIIIIIIIIIIIIIIIIIIIIIIIIIIIIIIIIIIIIA2IIIIIIIIIIIIA2IIIIII
IIIIIIIIIIIIIIIIIIIIIIIIIIIIIIIIIIIIIIIIIIA2IIA2IIIIIIIIA2IIIIII
IIIIIIIIIIIIIIIIIIIIIIIIIIIIIIIIA2IIIIIIIIA2IIA2IIIIIIIIA2IIIIII
IIIIIIIIIIIIIIIIIIIIIIIIIIIIIIIIIIIIIIIIIIIIIIIIIA1IIIIIIIIIIIII
IIIIIIIIIIIIIIIIIIIIIIIIIIIIIIIIIIIIIIIIIIIIIIIIIIIIIIAIIIIIIIII
IIIIIIIIIIIIIIIIIIIIIIIIIIIIIIIIIIIIIIIIIIIIIIIIIIIIIIA2IIIIIIII
IIIIIIIIIIIIIIIIIIIIIIIIIIIIIIIIIIIIIIIIIIIIIIIIIIIIIIA1IIIIIIII
IIIIIIIIIIIIIIIIIIIIIIIIIIIIIIIIIIIIIIIIIIIIIIIIIIIIIIIAIIIIIIII
IIIIIIIIIIIIIIIIIIIIIIIIIIIIIIIIIIIIIIIIIAIIIIIIIIIIIIIAIIIIIIII
IIIIIIIIIIIIIIIIIIIIIIIIIIIIIIIIIIIIIIIIIAIIIIAIIIIIIIIAIIIIIIII
IIIIIIIIIIIIIIIIIIIIIIIIIIIIIIIIAIIIIIIIIAIIIIAIIIIIIIIAIIIIIIII
IIIIIIIIIIIIIIIIIIIIIIIIIIIIIIIIAIIIIIIIIAIIIIAIIIIIIIIA2IIIIIII
IIIIIIIIIIIIIIIIIIIIIIIIIIIIIIIIIIIIIIIIIIIIIIIIIA1IIIIIIIIIIIII
IIIIIIIIIIIIIIIIIIIIIIIIIIIIIIIIIIIA1IIIIIIIIIIIIA1IIIIIIIIIIIII
IIIIIIIIIIIIIIIIIIIIIIIIIIIIIIIIIIIIIIIIIIIIIIIIIIIIIIIIA1IIIIII
IIIIIIIIIIIIIIIIIIIIIIIIIIIIIIIIIIIIIIIIIIA1IIIIIIIIIIIIA1IIIIII
IIIIIIIIIIIIIIIIIIIIIIIIIIIIIIIIIIIIIIIIIIA1IIIIIA1IIIIIA1IIIIII
IIIIIIIIIIIIIIIIIIIIIIIIIIIIIIIIIIIA1IIIIIA1IIIIIA1IIIIIA1IIIIII
IIIIIIIIIIIIIIIIIIIIIIIIIIIIIIIIIIIIIIIIIIIIIIIIIIIIIIIIA1IIIIII
IIIIIIIIIIIIIIIIIIIIIIIIIIIIIIIIIIIIIIIIIIA1IIIIIIIIIIIIA1IIIIII
IIIIIIIIIIIIIIIIIIIIIIIIIIIIIIIIIIIIIIIIIIA1IIIIIIIIIA1IA1IIIIII
IIIIIIIIIIIIIIIIIIIIIIIIIIIIIIIIIIIIIIIA1IA1IIIIIIIIIA1IA1IIIIII
IIIIIIIIIIIIIIIIIIIIIIIIIIIIIIIIIIIIIIIA1IA1IIIA1IIIIA1IA1IIIIII
IIIIIIIIIIIIIIIIIIIIIIIIIIIIIIIIIA1IIIIA1IA1IIIA1IIIIA1IA1IIIIII
IIIIIIIIIIIIIIIIIIIIIIIIIIIIIIIIIA1IIIIA1IA1IIAA1IIIIA1IA1IIIIII
IIIIIIIIIIIIIIIIIIIIIIIIIIIIIIIIAA1IIIIA1IA1IIAA1IIIIA1IA1IIIIII
IIIIIIIIIIIIIIIIIIIIIIIIIIIIIIIIAA1IIIIA1IA1IIAA12IIIA1IA1IIIIII
IIIIIIIIIIIIIIIIIIIIIIIIIIIIIIIIAA1IIIIA1IA1IIAA12IIIAAIA1IIIIII
IIIIIIIIIIIIIIIIIIIIIIIIIIIIIIIIAA1IIIIA1IA1IIAA12IIIAA2A1IIIIII
IIIIIIIIIIIIIIIIIIIIIIIIIIIIIIIIAA1IIIIAA2A1IIAA12IIIAA2A1IIIIII
IIIIIIIIIIIIIIIIIIIIIIIIIIIIIIIIAA1IIIIAA2A1IIAAA2IIIAA2A1IIIIII
IIIIIIIIIIIIIIIIIIIIIIIIIIIIIIIIAA1IIIIAA2A1IIAAA1IIIAA2A1IIIIII
IIIIIIIIIIIIIIIIIIIIIIIIIIIIIIIIAAA1IIIAA2A1IIAAA1IIIAA2A1IIIIII
IIIIIIIIIIIIIIIIIIIIIIIIIIIIIIIIAAA1IIIAA2A1IIAAA1IIIAA1A1IIIIII
IIIIIIIIIIIIIIIIIIIIIIIIIIIIIIIIAAA1IIIAA1A1IIAAA1IIIAA1A1IIIIII
IIIIIIIIIIIIIIIIIIIIIIIIIIIIIIIIIIIIIIIIIIIIIIIIAIIIIIIIIIIIIIII
IIIIIIIIIIIIIIIIIIIIIIIIIIIIIIIIIIIIIIIIIIIIIIIIA2IIIIIIIIIIIIII
IIIIIIIIIIIIIIIIIIIIIIIIIIIIIIIIIAIIIIIIIIIIIIIIIIIIIIIIIIIIIIII
IIIIIIIIIIIIIIIIIIIIIIIIIIIIIIIIIAIIIIIIIIIIIIIAIIIIIIIIIIIIIIII
IIIIIIIIIIIIIIIIIIIIIIIIIIIIIIIIAAIIIIIIIIIIIIIAIIIIIIIIIIIIIIII
IIIIIIIIIIIIIIIIIIIIIIIIIIIIIIIIAAIIIIIIIIIIIIAAIIIIIIIIIIIIIIII
IIIIIIIIIIIIIIIIIIIIIIIIIIIIIIIIAAIIIIIIIIIIIIAAIIIIIAIIIIIIIIII
IIIIIIIIIIIIIIIIIIIIIIIIIIIIIIIIAAIIIIIIIIIIIIAAIIIIIAAIIIIIIIII
IIIIIIIIIIIIIIIIIIIIIIIIIIIIIIIIAAIIIIIAIIIIIIAAIIIIIAAIIIIIIIII
IIIIIIIIIIIIIIIIIIIIIIIIIIIIIIIIAAIIIIIAAIIIIIAAIIIIIAAIIIIIIIII
IIIIIIIIIIIIIIIIIIIIIIIIIIIIIIIIIIIIIIIIIIIIIIIIIIIIIIIAIIIIIIII
IIIIIIIIIIIIIIIIIIIIIIIIIIIIIIIIIIIIIIIIIIIIIIIIIIIIIAIAIIIIIIII
IIIIIIIIIIIIIIIIIIIIIIIIIIIIIIIIIIIIIIIIIAIIIIIIIIIIIAIAIIIIIIII
IIIIIIIIIIIIIIIIIIIIIIIIIIIIIIIIIIIIIIIAIAIIIIIIIIIIIAIAIIIIIIII
IIIIIIIIIIIIIIIIIIIIIIIIIIIIIIIIIIIIIIIAIAIIIIIIIIIIIAIA1IIIIIII
IIIIIIIIIIIIIIIIIIIIIIIIIIIIIIIIIIIIIIIAIA1IIIIIIIIIIAIA1IIIIIII
IIIIIIIIIIIIIIIIIIIIIIIIIIIIIIIIIIIIIIIIIIIIIIIIIIIIIA1IIIIIIIII
IIIIIIIIIIIIIIIIIIIIIIIIIIIIIIIIIIIIIIIIIIIIIIIIIIIIIA1A1IIIIIII
IIIIIIIIIIIIIIIIIIIIIIIIIIIIIIIIIIIIIIIA1IIIIIIIIIIIIA1A1IIIIIII
IIIIIIIIIIIIIIIIIIIIIIIIIIIIIIIIIIIIIIIA1A1IIIIIIIIIIA1A1IIIIIII
IIIIIIIIIIIIIIIIIIIIIIIIIIIIIIIIIIIIIIIA1A1IIIIIIIIIIAAA1IIIIIII
IIIIIIIIIIIIIIIIIIIIIIIIIIIIIIIIIIIIIIIAAA1IIIIIIIIIIAAA1IIIIIII
IIIIIIIIIIIIIIIIIIIIIIIIIIIIIIIIIIIIIIIAAA1IIIIIAIIIIAAA1IIIIIII
IIIIIIIIIIIIIIIIIIIIIIIIIIIIIIIIIIAIIIIAAA1IIIIIAIIIIAAA1IIIIIII
IIIIIIIIIIIIIIIIIIIIIIIIIIIIIIIIIIIIIIIIIIIIIIIIIIIIIIIA2IIIIIII
IIIIIIIIIIIIIIIIIIIIIIIIIIIIIIIIIIIIIIIIIA2IIIIIIIIIIIIA2IIIIIII
IIIIIIIIIIIIIIIIIIIIIIIIIIIIIIIIIA2IIIIIIA2IIIIIIIIIIIIA2IIIIIII
IIIIIIIIIIIIIIIIIIIIIIIIIIIIIIIIIA2IIIIIIA2IIIIA2IIIIIIA2IIIIIII
IIIIIIIIIIIIIIIIIIIIIIIIIIIIIIIIIIIIIIIIIIIIIIIIIIIIIIA2IIIIIIII
IIIIIIIIIIIIIIIIIIIIIIIIIIIIIIIIIIIIIIIIA2IIIIIIIIIIIIA2IIIIIIII
IIIIIIIIIIIIIIIIIIIIIIIIIIIIIIIIIIIIIIIIA2IIIIIIIIIIIIAA2IIIIIII
IIIIIIIIIIIIIIIIIIIIIIIIIIIIIIIIIIIIIIIIAA2IIIIIIIIIIIAA2IIIIIII
IIIIIIIIIIIIIIIIIIIIIIIIIIIIIIIIIIIIIIIIIIIIIIIIIIIIIIA2IIIIIIII
IIIIIIIIIIIIIIIIIIIIIIIIIIIIIIIIIIIIIIIIIIIIIIIIIIIIIIA1IIIIIIII
IIIIIIIIIIIIIIIIIIIIIIIIIIIIIIIIIIIIIIIIA1IIIIIIIIIIIIA1IIIIIIII
IIIIIIIIIIIIIIIIIIIIIIIIIIIIIIIIIIIIIIIIA1IIIIIIIIIIIIA1A1IIIIII
IIIIIIIIIIIIIIIIIIIIIIIIIIIIIIIIIIIIIIIIA1A1IIIIIIIIIIA1A1IIIIII
IIIIIIIIIIIIIIIIIIIIIIIIIIIIIIIIIIIIIIIIA1A1IIIIIA1IIIA1A1IIIIII
IIIIIIIIIIIIIIIIIIIIIIIIIIIIIIIIIIIIIIIIA1A1IIIIAA1IIIA1A1IIIIII
IIIIIIIIIIIIIIIIIIIIIIIIIIIIIIIIIIIIIIIIA1A1IIIIAA1IIAA1A1IIIIII
IIIIIIIIIIIIIIIIIIIIIIIIIIIIIIIIIIAIIIIIA1A1IIIIAA1IIAA1A1IIIIII
IIIIIIIIIIIIIIIIIIIIIIIIIIIIIIIIIIAIIIIAA1A1IIIIAA1IIAA1A1IIIIII
IIIIIIIIIIIIIIIIIIIIIIIIIIIIIIIIIIIIIIIIIIIIIIIIA1IIIIIIIIIIIIII
IIIIIIIIIIIIIIIIIIIIIIIIIIIIIIIIIIIIIIIIIIIIIII2A1IIIIIIIIIIIIII
IIIIIIIIIIIIIIIIIIIIIIIIIIIIIIIIIIIIIIIIIIIIIIIIIA1IIIIIIIIIIIII
IIIIIIIIIIIIIIIIIIIIIIIIIIIIIIIIIIIIIIIIIIIIIIIA1IIIIIIIIIIIIIII
IIIIIIIIIIIIIIIIIIIIIIIIIIIIIIIIIIIIIIIIIIIIIIIIIIIIIIIIA2IIIIII
IIIIIIIIIIIIIIIIIIIIIIIIIIIIIIIIIIIIIIIIIIIIIIIIIIIIIIIIA1IIIIII
IIIIIIIIIIIIIIIIIIIIIIIIIIIIIIIIIIIIIIIIIIIIIIA2IIIIIIIIIIIIIIII
IIIIIIIIIIIIIIIIIIIIIIIIIIIIIIIIIIIIIIIIIIIIIIA12IIIIIIIIIIIIIII
IIIIIIIIIIIIIIIIIIIIIIIIIIIIIIIIIIIIIIIIIIIIIIA1I22IIIIIIIIIIIII
IIIIIIIIIIIIIIIIIIIIIIIIIIIIIIIIIIIIIIIIIIIIIIIIIIIIIIA2IIIIIIII
IIIIIIIIIIIIIIIIIIIIIIIIIIIIIIIIIIIIIIIIIIIIIIA1IIIIIIIIIIIIIIII
IIIIIIIIIIIIIIIIIIIIIIIIIIIIIIIIIIIIIIIIIIIIIIA1A1IIIIIIIIIIIIII
IIIIIIIIIIIIIIIIIIIIIIIIIIIIIIIIIIIIIIIIIIIIIIIIAIIIIIIIIIIIIIII
IIIIIIIIIIIIIIIIIIIIIIIIIIIIIIIIIIIIIIIIIIIIIIIAAIIIIIIIIIIIIIII
IIIIIIIIIIIIIIIIIIIIIIIIIIIIIIIIIIIIIIIIIIIIIIIAA2IIIIIIIIIIIIII
IIIIIIIIIIIIIIIIIIIIIIIIIIIIIIIIIA2IIIIIIIIIIIIAA2IIIIIIIIIIIIII
IIIIIIIIIIIIIIIIIIIIIIIIIIIIIIIIIAA2IIIIIIIIIIIAA2IIIIIIIIIIIIII
IIIIIIIIIIIIIIIIIIIIIIIIIIIIIIIIIIIIIIIIIIIIIIIIIIIIIIIA2IIIIIII
IIIIIIIIIIIIIIIIIIIIIIIIIIIIIIIIIIIIIIIIIIIIIIIIIIIIIIAA2IIIIIII
IIIIIIIIIIIIIIIIIIIIIIIIIIIIIIIIIIIIIIIIIA2IIIIIIIIIIIAA2IIIIIII
IIIIIIIIIIIIIIIIIIIIIIIIIIIIIIIIIIIIIIIIAA2IIIIIIIIIIIAA2IIIIIII
IIIIIIIIIIIIIIIIIIIIIIIIIIIIIIIIIIIIIIIIIIIIIIIIA2IIIIIIIIIIIIII
IIIIIIIIIIIIIIIIIIIIIIIIIIIIIIIIIIA2IIIIIIIIIIIIA2IIIIIIIIIIIIII
IIIIIIIIIIIIIIIIIIIIIIIIIIIIIIIIIIA2IIIIIIIIIIIIA2IIIIIA2IIIIIII
IIIIIIIIIIIIIIIIIIIIIIIIIIIIIIIIIIA2IIIIIA2IIIIIA2IIIIIA2IIIIIII
IIIIIIIIIIIIIIIIIIIIIIIIIIIIIIIIIIIIIIIIIIIIIIIIA2IIIIIIIIIIIIII
IIIIIIIIIIIIIIIIIIIIIIIIIIIIIIIIIIIIIIIIIIIIIIA2A2IIIIIIIIIIIIII
IIIIIIIIIIIIIIIIIIIIIIIIIIIIIIIIA2IIIIIIIIIIIIA2A2IIIIIIIIIIIIII
IIIIIIIIIIIIIIIIIIIIIIIIIIIIIIIIA2A2IIIIIIIIIIA2A2IIIIIIIIIIIIII
IIIIIIIIIIIIIIIIIIIIIIIIIIIIIIIIIIIIIIIIIIIIIIIA1IIIIIIIIIIIIIII
IIIIIIIIIIIIIIIIIIIIIIIIIIIIIIIIIA1IIIIIIIIIIIIA1IIIIIIIIIIIIIII
IIIIIIIIIIIIIIIIIIIIIIIIIIIIIIIIAA1IIIIIIIIIIIIA1IIIIIIIIIIIIIII
IIIIIIIIIIIIIIIIIIIIIIIIIIIIIIIIAA1IIIIIIIIIIIAA1IIIIIIIIIIIIIII
IIIIIIIIIIIIIIIIIIIIIIIIIIIIIIIIAA1IIIIIIIIIIIAA1IIIIIIAIIIIIIII
IIIIIIIIIIIIIIIIIIIIIIIIIIIIIIIIAA1IIIIIIIIIIIAA1IIIIIIA2IIIIIII
IIIIIIIIIIIIIIIIIIIIIIIIIIIIIIIIAA1IIIIIIA2IIIAA1IIIIIIA2IIIIIII
IIIIIIIIIIIIIIIIIIIIIIIIIIIIIIIIAA1IIIIIIA2IIIAA1IIIIA2A2IIIIIII
IIIIIIIIIIIIIIIIIIIIIIIIIIIIIIIIAA1IIIIA2A2IIIAA1IIIIA2A2IIIIIII
IIIIIIIIIIIIIIIIIIIIIIIIIIIIIIIIIIIIIIIIIIIIIIIIA2IIIIIIIIIIIIII
IIIIIIIIIIIIIIIIIIIIIIIIIIIIIIIIIIA2IIIIIIIIIIIIA2IIIIIIIIIIIIII
IIIIIIIIIIIIIIIIIIIIIIIIIIIIIIIIIIA2IIIIA2IIIIIIA2IIIIIIIIIIIIII
IIIIIIIIIIIIIIIIIIIIIIIIIIIIIIIIIIA2IIIIA2IIIIIIA2IIIIA2IIIIIIII
IIIIIIIIIIIIIIIIIIIIIIIIIIIIIIIIIIIIIIIIIIIIIIIIA2IIIIIIIIIIIIII
IIIIIIIIIIIIIIIIIIIIIIIIIIIIIIIIIIIIIIIIIIIIIIIIA2IIIIIIA2IIIIII
IIIIIIIIIIIIIIIIIIIIIIIIIIIIIIIIIIA2IIIIIIIIIIIIA2IIIIIIA2IIIIII
IIIIIIIIIIIIIIIIIIIIIIIIIIIIIIIIIIA2IIIIIIA2IIIIA2IIIIIIA2IIIIII
IIIIIIIIIIIIIIIIIIIIIIIIIIIIIIIIIIIIIIIIIIIIIIIIIIIIIIA1I1111III
IIIIIIIIIIIIIIIIIIIIIIIIIIIIIIIIIIIIIIIIA1IIIIIIIIIIIIA1I1111III
IIIIIIIIIIIIIIIIIIIIIIIIIIIIIIIIIIAIIIIIA1IIIIIIIIIIIIA1I1111III
IIIIIIIIIIIIIIIIIIIIIIIIIIIIIIIIIIAIIIIIA1IIIIIIA1I111A1I1111111
IIIIIIIIIIIIIIIIIIIIIIIIIIIIIIIIIIAIIIIIA1IIIIIIA1I111AA11111111
IIIIIIIIIIIIIIIIIIIIIIIIIIIIIIIIIIAIIIIIAA1I1111A1I111AA11111111
IIIIIIIIIIIIIIIIIIIIIIIIIIIIIIIIIIAIIIIIAA111111A1I111AA11111111
IIIIIIIIIIIIIIIIIIIIIIIIIIIIIIIIIIIIIIIIIIIIIIIIIIIIIIAIIIIIIIII
IIIIIIIIIIIIIIIIIIIIIIIIIIIIIIIIIIIIIIIIIIIIIIIIIIIIIIA1IIIIIIII
IIIIIIIIIIIIIIIIIIIIIIIIIIIIIIIIIIIIIIIIIIIIIIIIIIIIIIAA1IIIIIII
IIIIIIIIIIIIIIIIIIIIIIIIIIIIIIIIIIIIIIIIA1IIIIIIIIIIIIAA1IIIIIII
IIIIIIIIIIIIIIIIIIIIIIIIIIIIIIIIIIIIIIIIAA1IIIIIIIIIIIAA1IIIIIII
IIIIIIIIIIIIIIIIIIIIIIIIIIIIIIIIIIIIIIIIIIIIIIIIIIIIIIIA2IIIIIII
IIIIIIIIIIIIIIIIIIIIIIIIIIIIIIIIIIIIIIIIIA2IIIIIIIIIIIIA2IIIIIII
IIIIIIIIIIIIIIIIIIIIIIIIIIIIIIIIIA2IIIIIIA2IIIIIIIIIIIIA2IIIIIII
IIIIIIIIIIIIIIIIIIIIIIIIIIIIIIIIIA2IIIIIIA2IIIIA2IIIIIIA2IIIIIII
IIIIIIIIIIIIIIIIIIIIIIIIIIIIIIIIIA2IIIIIIA2IIIIA2A2IIIIA2IIIIIII
IIIIIIIIIIIIIIIIIIIIIIIIIIIIIIIIIA2IIIIIIA2IIIAA2A2IIIIA2IIIIIII
IIIIIIIIIIIIIIIIIIIIIIIIIIIIIIIIIA2A2IIIIA2IIIAA2A2IIIIA2IIIIIII
IIIIIIIIIIIIIIIIIIIIIIIIIIIIIIIIAA2A2IIIIA2IIIAA2A2IIIIA2IIIIIII
IIIIIIIIIIIIIIIIIIIIIIIIIIIIIIIIIIIIIIIIIIIIIIIIIIIIIA2IIIIIIIII
IIIIIIIIIIIIIIIIIIIIIIIIIIIIIIIIIIIIIIIA2IIIIIIIIIIIIA2IIIIIIIII
IIIIIIIIIIIIIIIIIIIIIIIIIIIIIIIIIA2IIIIA2IIIIIIIIIIIIA2IIIIIIIII
IIIIIIIIIIIIIIIIIIIIIIIIIIIIIIIIIA2IIIIA2IIIIIIA2IIIIA2IIIIIIIII
IIIIIIIIIIIIIIIIIIIIIIIIIIIIIIIIIIIIIIIIIIIIIIA2IIIIIIIIIIIIIIII
IIIIIIIIIIIIIIIIIIIIIIIIIIIIIIIIA2IIIIIIIIIIIIA2IIIIIIIIIIIIIIII
IIIIIIIIIIIIIIIIIIIIIIIIIIIIIIIIA2IIIIIA2IIIIIA2IIIIIIIIIIIIIIII
IIIIIIIIIIIIIIIIIIIIIIIIIIIIIIIIA2IIIIIA2IIIIIA2IIIIIA2IIIIIIIII
IIIIIIIIIIIIIIIIIIIIIIIIIIIIIIIIIIIIIIIIIIIIIIIIA1IIIIIIIIIIIIII
IIIIIIIIIIIIIIIIIIIIIIIIIIIIIIIIIIIIIIIIIIIIIIIIAIIIIIIIIIIIIIII
IIIIIIIIIIIIIIIIIIIIIIIIIIIIIIIIIIIIIIIIIIIIIIIA1IIIIIIIIIIIIIII
IIIIIIIIIIIIIIIIIIIIIIIIIIIIIIIIIIIIIIIIIIIIIIA1IIIIIIIIIIIIIIII
IIIIIIIIIIIIIIIIIIIIIIIIIIIIIIIIIIIIIIIIIIIIIIAIIIIIIIIIIIIIIIII
IIIIIIIIIIIIIIIIIIIIIIIIIIIIIIIIIIIIIIIIIIIIIIA2IIIIIIIIIIIIIIII
IIIIIIIIIIIIIIIIIIIIIIIIIIIIIIIIIIIIIIIIIIIIIIA2A2IIIIIIIIIIIIII
IIIIIIIIIIIIIIIIIIIIIIIIIIIIIIIIA2IIIIIIIIIIIIA2A2IIIIIIIIIIIIII
IIIIIIIIIIIIIIIIIIIIIIIIIIIIIIIIA2A2IIIIIIIIIIA2A2IIIIIIIIIIIIII
IIIIIIIIIIIIIIIIIIIIIIIIIIIIIIIIA2A2IIIA2IIIIIA2A2IIIIIIIIIIIIII
IIIIIIIIIIIIIIIIIIIIIIIIIIIIIIIIA2A2IIIA2IIIIIA2A2IIIA2IIIIIIIII
IIIIIIIIIIIIIIIIIIIIIIIIIIIIIIIIIIIIIIIIIIIIIIA2IIIIIIIIIIIIIIII
IIIIIIIIIIIIIIIIIIIIIIIIIIIIIIIIIIIIIIIIIIIIIIA2A2IIIIIIIIIIIIII
IIIIIIIIIIIIIIIIIIIIIIIIIIIIIIIIA2IIIIIIIIIIIIA2A2IIIIIIIIIIIIII
IIIIIIIIIIIIIIIIIIIIIIIIIIIIIIIIA2A2IIIIIIIIIIA2A2IIIIIIIIIIIIII
IIIIIIIIIIIIIIIIIIIIIIIIIIIIIIIIIIIIIIIIIIIIIIA2IIIIIIIIIIIIIIII
IIIIIIIIIIIIIIIIIIIIIIIIIIIIIIIIA2IIIIIIIIIIIIA2IIIIIIIIIIIIIIII
IIIIIIIIIIIIIIIIIIIIIIIIIIIIIIIIA2IIIIIIIIIIIIA2IIIIIA2IIIIIIIII
IIIIIIIIIIIIIIIIIIIIIIIIIIIIIIIIA2IIIIIIIIIIIIAA2IIIIA2IIIIIIIII
IIIIIIIIIIIIIIIIIIIIIIIIIIIIIIIIAA2IIIIIIIIIIIAA2IIIIA2IIIIIIIII
IIIIIIIIIIIIIIIIIIIIIIIIIIIIIIIIIIIIIIIIIIIIIIIIIIIIIIIIA1IIIIII
IIIIIIIIIIIIIIIIIIIIIIIIIIIIIIIIIIIIIIIIIIIIIIIIIIIIIIIIA2IIIIII
IIIIIIIIIIIIIIIIIIIIIIIIIIIIIIIIIIIIIIIIIIIIIIIIIA2IIIIIA2IIIIII
IIIIIIIIIIIIIIIIIIIIIIIIIIIIIIIIIIIIIIIIIIIIIIIIIA1IIIIIA2IIIIII
IIIIIIIIIIIIIIIIIIIIIIIIIIIIIIIIIIIIIIIIIIIIIIIIIA2IIIIIIIIIIIII
IIIIIIIIIIIIIIIIIIIIIIIIIIIIIIIIIIIIIIIIIIIIIIIIIIIIIIIA1IIIIIII
IIIIIIIIIIIIIIIIIIIIIIIIIIIIIIIIIIIIIIIIIIIIIIIIIIIIIIIAIIIIIIII
IIIIIIIIIIIIIIIIIIIIIIIIIIIIIIIIIIIIIIIIIIIIIIIIIA1IIIIIIIIIIIII
IIIIIIIIIIIIIIIIIIIIIIIIIIIIIIIIIIIIIIIIIIIIIIIIIA1IIIAIIIIIIIII
IIIIIIIIIIIIIIIIIIIIIIIIIIIIIIIIIIIIIIIIIIIIIIA2IIIIIIIIIIIIIIII
IIIIIIIIIIIIIIIIIIIIIIIIIIIIIIIIIIIIIIIIIIIIIIA2A2IIIIIIIIIIIIII
IIIIIIIIIIIIIIIIIIIIIIIIIIIIIIIIA2IIIIIIIIIIIIA2A2IIIIIIIIIIIIII
IIIIIIIIIIIIIIIIIIIIIIIIIIIIIIIIA2A2IIIIIIIIIIA2A2IIIIIIIIIIIIII
IIIIIIIIIIIIIIIIIIIIIIIIIIIIIIIIA2A2IIIIIIIIIIAAA2IIIIIIIIIIIIII
IIIIIIIIIIIIIIIIIIIIIIIIIIIIIIIIA2A2IIIIIIIIIIAAA2IIIIIA2IIIIIII
IIIIIIIIIIIIIIIIIIIIIIIIIIIIIIIIA2A2IIIIIA2IIIAAA2IIIIIA2IIIIIII
IIIIIIIIIIIIIIIIIIIIIIIIIIIIIIIIA2A2IIIA2A2IIIAAA2IIIIIA2IIIIIII
IIIIIIIIIIIIIIIIIIIIIIIIIIIIIIIIA2A2IIIA2A2IIIAAA2IIIA2A2IIIIIII
IIIIIIIIIIIIIIIIIIIIIIIIIIIIIIIIIIIIIIIIIIIIIIA1IIIIIIIIIIIIIIII
IIIIIIIIIIIIIIIIIIIIIIIIIIIIIIIIA1IIIIIIIIIIIIA1IIIIIIIIIIIIIIII
IIIIIIIIIIIIIIIIIIIIIIIIIIIIIIIIA1A1IIIIIIIIIIA1IIIIIIIIIIIIIIII
IIIIIIIIIIIIIIIIIIIIIIIIIIIIIIIIA1A1IIIIIIIIIIA1A1IIIIIIIIIIIIII
IIIIIIIIIIIIIIIIIIIIIIIIIIIIIIIIIA2IIIIIIIIIIIIIIIIIIIIIIIIIIIII
IIIIIIIIIIIIIIIIIIIIIIIIIIIIIIIIIA2IIIIIIIIIIIIA2IIIIIIIIIIIIIII
IIIIIIIIIIIIIIIIIIIIIIIIIIIIIIIIIA2IIIIIIIIIIIAA2IIIIIIIIIIIIIII
IIIIIIIIIIIIIIIIIIIIIIIIIIIIIIIIAA2IIIIIIIIIIIAA2IIIIIIIIIIIIIII
IIIIIIIIIIIIIIIIIIIIIIIIIIIIIIIIAA2IIIIIIIIIIIAA2IIIIIA2IIIIIIII
IIIIIIIIIIIIIIIIIIIIIIIIIIIIIIIIIIIIIIIIIIIIIIA1IIIIIIIIIIIIIIII
IIIIIIIIIIIIIIIIIIIIIIIIIIIIIIIIIIIIIIIIIIIIIIIIIIIIIIA1IIIIIIII
IIIIIIIIIIIIIIIIIIIIIIIIIIIIIIIIIIIIIIIIA1IIIIIIIIIIIIA1IIIIIIII
IIIIIIIIIIIIIIIIIIIIIIIIIIIIIIIIIIIIIIIIA1IIIIA1IIIIIIA1IIIIIIII
IIIIIIIIIIIIIIIIIIIIIIIIIIIIIIIIA1IIIIIIA1IIIIA1IIIIIIA1IIIIIIII
IIIIIIIIIIIIIIIIIIIIIIIIIIIIIIIIIIIIIIIIIIIIIIIA1IIIIIIIIIIIIIII
IIIIIIIIIIIIIIIIIIIIIIIIIIIIIIIIIIIIIIIIIIIIIIIA1IIIIIA1IIIIIIII
IIIIIIIIIIIIIIIIIIIIIIIIIIIIIIIIIIIIIIIIIIIIIIIIIIIIIIIIAIIIIIII
IIIIIIIIIIIIIIIIIIIIIIIIIIIIIIIIIIIIIIIIIIIIIIIA1IIIIIIIIIIIIIII
IIIIIIIIIIIIIIIIIIIIIIIIIIIIIIIIIIIIIIIIIIIIIIIAAIIIIIIIIIIIIIII
IIIIIIIIIIIIIIIIIIIIIIIIIIIIIIIIIIIIIIIIIIIIIIAAAIIIIIIIIIIIIIII
IIIIIIIIIIIIIIIIIIIIIIIIIIIIIIIIIIAIIIIIIIIIIIAAAIIIIIIIIIIIIIII
IIIIIIIIIIIIIIIIIIIIIIIIIIIIIIIIAIAIIIIIIIIIIIAAAIIIIIIIIIIIIIII
IIIIIIIIIIIIIIIIIIIIIIIIIIIIIIIIAIAIIIIIIIIIIIAAAIIIIIIAIIIIIIII
IIIIIIIIIIIIIIIIIIIIIIIIIIIIIIIIAIAIIIIIIIIIIIAAAIIIIIIA2IIIIIII
IIIIIIIIIIIIIIIIIIIIIIIIIIIIIIIIAIAIIIIIIIIIIIAAAIIIIA2A2IIIIIII
IIIIIIIIIIIIIIIIIIIIIIIIIIIIIIIIAIAIIIIIIA2IIIAAAIIIIA2A2IIIIIII
IIIIIIIIIIIIIIIIIIIIIIIIIIIIIIIIAIAIIIIA2A2IIIAAAIIIIA2A2IIIIIII
IIIIIIIIIIIIIIIIIIIIIIIIIIIIIIIIIIIIIIIIIIIIIIA1IIIIIIIIIIIIIIII
IIIIIIIIIIIIIIIIIIIIIIIIIIIIIIIIA1IIIIIIIIIIIIA1IIIIIIIIIIIIIIII
IIIIIIIIIIIIIIIIIIIIIIIIIIIIIIIIA1IIIIIIIA1IIIA1IIIIIIIIIIIIIIII
IIIIIIIIIIIIIIIIIIIIIIIIIIIIIIIIA1IIIIIIIA1IIIA1IIIIIIIA1IIIIIII
IIIIIIIIIIIIIIIIIIIIIIIIIIIIIIIIIIIIIIIIIIIIIIIIIIIIIA1IIIIIIIII
IIIIIIIIIIIIIIIIIIIIIIIIIIIIIIIIIIIIIIIAIIIIIIIIIIIIIA1IIIIIIIII
IIIIIIIIIIIIIIIIIIIIIIIIIIIIIIIIIIIIIIIAIIIIIIAIIIIIIA1IIIIIIIII
IIIIIIIIIIIIIIIIIIIIIIIIIIIIIIIIAIIIIIIAIIIIIIAIIIIIIA1IIIIIIIII
IIIIIIIIIIIIIIIIIIIIIIIIIIIIIIIIIIIIIIIIIIIIIIIIIIIIIA2IIIIIIIII
IIIIIIIIIIIIIIIIIIIIIIIIIIIIIIIIIIIIIIIA2IIIIIIIIIIIIA2IIIIIIIII
IIIIIIIIIIIIIIIIIIIIIIIIIIIIIIIIIIIIIIIIIIIIIIAIIIIIIIIIIIIIIIII
IIIIIIIIIIIIIIIIIIIIIIIIIIIIIIIIAIIIIIIIIIIIIIAIIIIIIIIIIIIIIIII
IIIIIIIIIIIIIIIIIIIIIIIIIIIIIIIIAIIIIIIIIIIIIIAIIIIIIIIIAIIIIIII
IIIIIIIIIIIIIIIIIIIIIIIIIIIIIIIIAIIIIIIIIIAIIIAIIIIIIIIIAIIIIIII
IIIIIIIIIIIIIIIIIIIIIIIIIIIIIIIIIIIIIIIIIIIIIIIIIIIIIIIIA1IIIIII
IIIIIIIIIIIIIIIIIIIIIIIIIIIIIIIIIIIIIIIIIIA1IIIIIIIIIIIIA1IIIIII
IIIIIIIIIIIIIIIIIIIIIIIIIIIIIIIIIA1IIIIIIIA1IIIIIIIIIIIIA1IIIIII
IIIIIIIIIIIIIIIIIIIIIIIIIIIIIIIIIA1IIIIIIIA1IIIA1IIIIIIIA1IIIIII
IIIIIIIIIIIIIIIIIIIIIIIIIIIIIIIIIIIIIIIIIIIIIIIIIA1IIIIIIIIIIIII
IIIIIIIIIIIIIIIIIIIIIIIIIIIIIIIIIIIIIIIIIIIIIIIIAA1IIIIIIIIIIIII
IIIIIIIIIIIIIIIIIIIIIIIIIIIIIIIIIIAIIIIIIIIIIIIIAA1IIIIIIIIIIIII
IIIIIIIIIIIIIIIIIIIIIIIIIIIIIIIIIIAIIIIIIIIIIIIAAA1IIIIIIIIIIIII
IIIIIIIIIIIIIIIIIIIIIIIIIIIIIIIIIAAIIIIIIIIIIIIAAA1IIIIIIIIIIIII
IIIIIIIIIIIIIIIIIIIIIIIIIIIIIIIIIIA1IIIIIIIIIIIIIIIIIIIIIIIIIIII
IIIIIIIIIIIIIIIIIIIIIIIIIIIIIIIIIIA1IIIIIIIIIIIIA1IIIIIIIIIIIIII
IIIIIIIIIIIIIIIIIIIIIIIIIIIIIIIIIIA1IIIIIIIIIIA1A1IIIIIIIIIIIIII
IIIIIIIIIIIIIIIIIIIIIIIIIIIIIIIIA1A1IIIIIIIIIIA1A1IIIIIIIIIIIIII
IIIIIIIIIIIIIIIIIIIIIIIIIIIIIIIIA1A1IIIIIIIIIIA1A1IIIIIA1IIIIIII
IIIIIIIIIIIIIIIIIIIIIIIIIIIIIIIIA1A1IIIIIIIIIIAAA1IIIIIA1IIIIIII
IIIIIIIIIIIIIIIIIIIIIIIIIIIIIIIIA1A1IIIIIA1IIIAAA1IIIIIA1IIIIIII
IIIIIIIIIIIIIIIIIIIIIIIIIIIIIIIIAAA1IIIIIA1IIIAAA1IIIIIA1IIIIIII
IIIIIIIIIIIIIIIIIIIIIIIIIIIIIIIIIIIIIIIIIIIIIIIIIIIIIIIIA2IIIIII
IIIIIIIIIIIIIIIIIIIIIIIIIIIIIIIIIIIIIIIIIIIIIIIIIIIIIIIIA1IIIIII
IIIIIIIIIIIIIIIIIIIIIIIIIIIIIIIIIIIIIIIIIIIIIIIIIIIIIIIAIIIIIIII
IIIIIIIIIIIIIIIIIIIIIIIIIIIIIIIIIIIIIIIIIIIIIIIIIIIIIIIA1IIIIIII
IIIIIIIIIIIIIIIIIIIIIIIIIIIIIIIIIIIIIIIIIIIIIIIIAIIIIIIIIIIIIIII
IIIIIIIIIIIIIIIIIIIIIIIIIIIIIIIIIIIIIIIIIIIIIIIIA2IIIIIIIIIIIIII
IIIIIIIIIIIIIIIIIIIIIIIIIIIIIIIIIIIIIIIIIIIIIIIIA1IIIIIIIIIIIIII
IIIIIIIIIIIIIIIIIIIIIIIIIIIIIIIIIIIIIIIIIIIIIIIIIIIIIIIA1IIIIIII
IIIIIIIIIIIIIIIIIIIIIIIIIIIIIIIIIIIIIIIIIIIIIIIIA1IIIIIA1IIIIIII
IIIIIIIIIIIIIIIIIIIIIIIIIIIIIIIIIIIIIIIIIA1IIIIIA1IIIIIA1IIIIIII
IIIIIIIIIIIIIIIIIIIIIIIIIIIIIIIIIIA1IIIIIA1IIIIIA1IIIIIA1IIIIIII
IIIIIIIIIIIIIIIIIIIIIIIIIIIIIIIIIIA1IIIIIA1IIIIIA1IIIIAA1IIIIIII
IIIIIIIIIIIIIIIIIIIIIIIIIIIIIIIIIIA1IIIIAA1IIIIIA1IIIIAA1IIIIIII
IIIIIIIIIIIIIIIIIIIIIIIIIIIIIIIIIIIIIIIIIIIIIIIIAIIIIIIIIIIIIIII
IIIIIIIIIIIIIIIIIIIIIIIIIIIIIIIIIIIIIIIIIIIIIIIIAIIIIIIAIIIIIIII
IIIIIIIIIIIIIIIIIIIIIIIIIIIIIIIIIIAIIIIIIIIIIIIIAIIIIIIAIIIIIIII
IIIIIIIIIIIIIIIIIIIIIIIIIIIIIIIIIIAIIIIIIAIIIIIIAIIIIIIAIIIIIIII
IIIIIIIIIIIIIIIIIIIIIIIIIIIIIIIIIIIIIIIIIIIIIIIIA1IIIIIIIIIIIIII
IIIIIIIIIIIIIIIIIIIIIIIIIIIIIIIIIIIIIIIIIIIIIIIIAA1IIIIIIIIIIIII
IIIIIIIIIIIIIIIIIIIIIIIIIIIIIIIIIIIA1IIIIIIIIIIIAA1IIIIIIIIIIIII
IIIIIIIIIIIIIIIIIIIIIIIIIIIIIIIIIIAA1IIIIIIIIIIIAA1IIIIIIIIIIIII
IIIIIIIIIIIIIIIIIIIIIIIIIIIIIIIIIIAA1IIIIIIIIIAIAA1IIIIIIIIIIIII
IIIIIIIIIIIIIIIIIIIIIIIIIIIIIIIIIIIIIIIIIIIIIIIIIIIIIA1III2IIIII
IIIIIIIIIIIIIIIIIIIIIIIIIIIIIIIIIIIIIIIIIIIIIIIIIAI2IIIIIIIIIIII
IIIIIIIIIIIIIIIIIIIIIIIIIIIIIIIIIIIIIIIIIIIIIIIIIA1IIIIIIIIIIIII
IIIIIIIIIIIIIIIIIIIIIIIIIIIIIIIIIIIIIIIIIIIIIIIIIA1IIIAIIIIIIIII
IIIIIIIIIIIIIIIIIIIIIIIIIIIIIIIIIIIIIIIIIIIIIIIIIA1IIIA2IIIIIIII
IIIIIIIIIIIIIIIIIIIIIIIIIIIIIIIIIIIIIIIIA2IIIIIIIA1IIIA2IIIIIIII
IIIIIIIIIIIIIIIIIIIIIIIIIIIIIIIIIIIIIIIIA2IIIIIIAA1IIIA2IIIIIIII
IIIIIIIIIIIIIIIIIIIIIIIIIIIIIIIIIIA2IIIIA2IIIIIIAA1IIIA2IIIIIIII
IIIIIIIIIIIIIIIIIIIIIIIIIIIIIIIIIIIIIIIIIIIIIIIA1IIIIIIIIIIIIIII
IIIIIIIIIIIIIIIIIIIIIIIIIIIIIIIIIAIIIIIIIIIIIIIA1IIIIIIIIIIIIIII
IIIIIIIIIIIIIIIIIIIIIIIIIIIIIIIIIAIIIIIIIIIIIIIA1IIIIIAIIIIIIIII
IIIIIIIIIIIIIIIIIIIIIIIIIIIIIIIIIAIIIIIIAIIIIIIA1IIIIIAIIIIIIIII
IIIIIIIIIIIIIIIIIIIIIIIIIIIIIIIIIIIIIIIIIIIIII22AIIIIIIIIIIIIIII
IIIIIIIIIIIIIIIIIIIIIIIIIIIIIIIIIIIIIIIIIIIIII22A1IIIIIIIIIIIIII
IIIIIIIIIIIIIIIIIIIIIIIIIIIIIIIIIIIIIIIIIIIIIIIIIIIIIA2I2IIIIIII
IIIIIIIIIIIIIIIIIIIIIIIIIIIIIIIIIIIIIIIIIIIIIIIIIA2IIIIIIIIIIIII
IIIIIIIIIIIIIIIIIIIIIIIIIIIIIIIIIIIIIIIIIIIIIIIA2A2IIIIIIIIIIIII
IIIIIIIIIIIIIIIIIIIIIIIIIIIIIIIIIIIIIIIIIIIIIIIAIIIIIIIIIIIIIIII
IIIIIIIIIIIIIIIIIIIIIIIIIIIIIIIIIIIIIIIIIIIIIIIA12IIIIIIIIIIIIII
IIIIIIIIIIIIIIIIIIIIIIIIIIIIIIIIIIIIIIIIIIIIIIIAIIIIIIIIIIIIIIII
IIIIIIIIIIIIIIIIIIIIIIIIIIIIIIIIIIIIIIIIIIIIIIIAAIIIIIIIIIIIIIII
IIIIIIIIIIIIIIIIIIIIIIIIIIIIIIIIIIIIIIIIIIIIIIIIA1IIIIIIIIIIIIII
IIIIIIIIIIIIIIIIIIIIIIIIIIIIIIIIIIIIIIIIIIIIIIAIA1IIIIIIIIIIIIII
IIIIIIIIIIIIIIIIIIIIIIIIIIIIIIIIIIIIIIIIIIIIIIAAA1IIIIIIIIIIIIII
IIIIIIIIIIIIIIIIIIIIIIIIIIIIIIIIAIIIIIIIIIIIIIAAA1IIIIIIIIIIIIII
IIIIIIIIIIIIIIIIIIIIIIIIIIIIIIIIAAIIIIIIIIIIIIAAA1IIIIIIIIIIIIII
IIIIIIIIIIIIIIIIIIIIIIIIIIIIIIIIIIIIIIIIIIIIIIIIIIIIIIA1IIIIIIII
IIIIIIIIIIIIIIIIIIIIIIIIIIIIIIIIIIIIIIIIA1IIIIIIIIIIIIA1IIIIIIII
IIIIIIIIIIIIIIIIIIIIIIIIIIIIIIIIIIIIIIIIA1IIIIA1IIIIIIA1IIIIIIII
IIIIIIIIIIIIIIIIIIIIIIIIIIIIIIIIA1IIIIIIA1IIIIA1IIIIIIA1IIIIIIII
IIIIIIIIIIIIIIIIIIIIIIIIIIIIIIIIA1IIIIIIA1IIIIA1IIIIIIA1A1IIIIII
IIIIIIIIIIIIIIIIIIIIIIIIIIIIIIIIA1IIIIIIA1IIIIA1IIIIIIA1A12222II
IIIIIIIIIIIIIIIIIIIIIIIIIIIIIIIIA1IIIIIIA1AI22A1IIIIIIA1A12222II
IIIIIIIIIIIIIIIIIIIIIIIIIIIIIIIIA1IIIIIIA1AI22A12222IIA1A12222II
IIIIIIIIIIIIIIIIIIIIIIIIIIIIIIIIA12222IIA1AI22A12222IIA1A12222II
IIIIIIIIIIIIIIIIIIIIIIIIIIIIIIIIA12222IIA1AI22A12222IIAAA12222II
IIIIIIIIIIIIIIIIIIIIIIIIIIIIIIIIA12222IIA1A222A12222IIAAA12222II
IIIIIIIIIIIIIIIIIIIIIIIIIIIIIIIIA12222IIAAA222A12222IIAAA12222II
IIIIIIIIIIIIIIIIIIIIIIIIIIIIIIIIA12A12IIAAA222A12222IIAAA12222II
IIIIIIIIIIIIIIIIIIIIIIIIIIIIIIIIA12A12IIAAA222A12A12IIAAA12222II
IIIIIIIIIIIIIIIIIIIIIIIIIIIIIIIIA1AA12IIAAA222A12A12IIAAA12222II
IIIIIIIIIIIIIIIIIIIIIIIIIIIIIIIIA1AA12IIAAA222A1AA12IIAAA12222II
IIIIIIIIIIIIIIIIIIIIIIIIIIIIIIIIA1AA12IIAAA122A1AA12IIAAA12222II
IIIIIIIIIIIIIIIIIIIIIIIIIIIIIIIIIIIIIIIIIIIIIIIA12IIIIIIIIIIIIII
IIIIIIIIIIIIIIIIIIIIIIIIIIIIIIIIIA12IIIIIIIIIIIA12IIIIIIIIIIIIII
IIIIIIIIIIIIIIIIIIIIIIIIIIIIIIIIIA12IIIIIIIIIIIAA12IIIIIIIIIIIII
IIIIIIIIIIIIIIIIIIIIIIIIIIIIIIIIIAA12IIIIIIIIIIAA12IIIIIIIIIIIII
IIIIIIIIIIIIIIIIIIIIIIIIIIIIIIIIIAA12IIIIIIIIIAAA12IIIIIIIIIIIII
IIIIIIIIIIIIIIIIIIIIIIIIIIIIIIIIIAA12IIIIIIIIIAAA12IIIIAIIIIIIII
IIIIIIIIIIIIIIIIIIIIIIIIIIIIIIIIAAA12IIIIIIIIIAAA12IIIIAIIIIIIII
IIIIIIIIIIIIIIIIIIIIIIIIIIIIIIIIAAA12IIIIAIIIIAAA12IIIIAIIIIIIII
IIIIIIIIIIIIIIIIIIIIIIIIIIIIIIIIIIIIIIIIIIIIIIIIA2IIIIIIIIIIIIII
IIIIIIIIIIIIIIIIIIIIIIIIIIIIIIIIIIIIIIIIIIIIIIIIA2IIIA2IIIIIIIII
IIIIIIIIIIIIIIIIIIIIIIIIIIIIIIIIIIIIIIIA2IIIIIIIA2IIIA2IIIIIIIII
IIIIIIIIIIIIIIIIIIIIIIIIIIIIIIIIIIA2IIIA2IIIIIIIA2IIIA2IIIIIIIII
IIIIIIIIIIIIIIIIIIIIIIIIIIIIIIIIIIIIIIIIIIIIIIIIIIIIIIIAIIIIIIII
IIIIIIIIIIIIIIIIIIIIIIIIIIIIIIIIIIIIIIIIIAIIIIIIIIIIIIIAIIIIIIII
IIIIIIIIIIIIIIIIIIIIIIIIIIIIIIIIIIIIIIIIIAIIIIIIIIIIIAIAIIIIIIII
IIIIIIIIIIIIIIIIIIIIIIIIIIIIIIIIIIIIIIIAIAIIIIIIIIIIIAIAIIIIIIII
IIIIIIIIIIIIIIIIIIIIIIIIIIIIIIIIIIIIIIIIIIIIIIIIA2IIIIIIIIIIIIII
IIIIIIIIIIIIIIIIIIIIIIIIIIIIIIIIIIIIIIIIIIIIIIIIA1IIIIIIIIIIIIII
IIIIIIIIIIIIIIIIIIIIIIIIIIIIIIIIIIIIIIIIIIIIIIIIA2IIIIIIIIIIIIII
IIIIIIIIIIIIIIIIIIIIIIIIIIIIIIIIIIIIIIIIIIIIIIA2IIIIIIIIIIIIIIII
IIIIIIIIIIIIIIIIIIIIIIIIIIIIIIIIIIIIIIIIIIIIIIA2IIIIIA2IIIIIIIII
IIIIIIIIIIIIIIIIIIIIIIIIIIIIIIIIA2IIIIIIIIIIIIA2IIIIIA2IIIIIIIII
IIIIIIIIIIIIIIIIIIIIIIIIIIIIIIIIA2IIIIIA2IIIIIA2IIIIIA2IIIIIIIII
IIIIIIIIIIIIIIIIIIIIIIIIIIIIIIIIIIIIIIIIIIIIIIIIIIIIIA2IIIIIIIII
IIIIIIIIIIIIIIIIIIIIIIIIIIIIIIIIIIIIIIIA2IIIIIIIIIIIIA2IIIIIIIII
IIIIIIIIIIIIIIIIIIIIIIIIIIIIIIIIIIIIIIIA2IIIIIIIIIIIIA2A2IIIIIII
IIIIIIIIIIIIIIIIIIIIIIIIIIIIIIIIIIIIIIIA2A2IIIIIIIIIIA2A2IIIIIII
IIIIIIIIIIIIIIIIIIIIIIIIIIIIIIIIIIIIIIIIIIIIIIIIA2IIIIIIIIIIIIII
IIIIIIIIIIIIIIIIIIIIIIIIIIIIIIIIIIIIIIIIIIIIIIIIAA2IIIIIIIIIIIII
IIIIIIIIIIIIIIIIIIIIIIIIIIIIIIIIIIA2IIIIIIIIIIIIAA2IIIIIIIIIIIII
IIIIIIIIIIIIIIIIIIIIIIIIIIIIIIIIIIAA2IIIIIIIIIIIAA2IIIIIIIIIIIII
IIIIIIIIIIIIIIIIIIIIIIIIIIIIIIIIIIAA2IIIIIIIIIIIAA2IIIA2IIIIIIII
IIIIIIIIIIIIIIIIIIIIIIIIIIIIIIIIIIAA2IIIA2IIIIIIAA2IIIA2IIIIIIII
IIIIIIIIIIIIIIIIIIIIIIIIIIIIIIIIIIIIIIIIIIIIIIA2IIIIIIIIIIIIIIII
IIIIIIIIIIIIIIIIIIIIIIIIIIIIIIIIA2IIIIIIIIIIIIA2IIIIIIIIIIIIIIII
IIIIIIIIIIIIIIIIIIIIIIIIIIIIIIIIA2IIIIIIIIIIIIA2IIIIIIA2IIIIIIII
IIIIIIIIIIIIIIIIIIIIIIIIIIIIIIIIA2IIIIIIA2IIIIA2IIIIIIA2IIIIIIII
IIIIIIIIIIIIIIIIIIIIIIIIIIIIIIIIA2IIIIIIA2IIIIA1IIIIIIA2IIIIIIII
IIIIIIIIIIIIIIIIIIIIIIIIIIIIIIIIA1IIIIIIA2IIIIA1IIIIIIA2IIIIIIII
IIIIIIIIIIIIIIIIIIIIIIIIIIIIIIIIIIIIIIIIIIIIIIIIAIIIIIIIIIIIIIII
IIIIIIIIIIIIIIIIIIIIIIIIIIIIIIIIIIIIIIIIIIIIIIAIAIIIIIIIIIIIIIII
IIIIIIIIIIIIIIIIIIIIIIIIIIIIIIIIIIAIIIIIIIIIIIAIAIIIIIIIIIIIIIII
IIIIIIIIIIIIIIIIIIIIIIIIIIIIIIIIAIAIIIIIIIIIIIAIAIIIIIIIIIIIIIII
IIIIIIIIIIIIIIIIIIIIIIIIIIIIIIIIAIAIIIIIIIIIIIAIAIIIIIIIAIIIIIII
IIIIIIIIIIIIIIIIIIIIIIIIIIIIIIIIAIAIIIIIIIIIIIAIA2IIIIIIAIIIIIII
IIIIIIIIIIIIIIIIIIIIIIIIIIIIIIIIAIA2IIIIIIIIIIAIA2IIIIIIAIIIIIII
IIIIIIIIIIIIIIIIIIIIIIIIIIIIIIIIAIA2IIIA2IIIIIAIA2IIIIIIAIIIIIII
IIIIIIIIIIIIIIIIIIIIIIIIIIIIIIIIAIA2IIIA2IIIIIAIA2IIIA2IAIIIIIII
IIIIIIIIIIIIIIIIIIIIIIIIIIIIIIIIIIIIIIIIIIIIIIIIA2IIIIIIIIIIIIII
IIIIIIIIIIIIIIIIIIIIIIIIIIIIIIIIIIIIIIIIIIIIIIIIA2IIIIIIA2IIIIII
IIIIIIIIIIIIIIIIIIIIIIIIIIIIIIIIIIA2IIIIIIIIIIIIA2IIIIIIA2IIIIII
IIIIIIIIIIIIIIIIIIIIIIIIIIIIIIIIIIA2IIIIIIA2IIIIA2IIIIIIA2IIIIII
IIIIIIIIIIIIIIIIIIIIIIIIIIIIIIIIIIIIIIIIIIIIIIA1IIIIIIIIIIIIIIII
IIIIIIIIIIIIIIIIIIIIIIIIIIIIIIIIA1IIIIIIIIIIIIA1IIIIIIIIIIIIIIII
IIIIIIIIIIIIIIIIIIIIIIIIIIIIIIIIA1A1IIIIIIIIIIA1IIIIIIIIIIIIIIII
IIIIIIIIIIIIIIIIIIIIIIIIIIIIIIIIA1A1IIIIIIIIIIA1A1IIIIIIIIIIIIII
IIIIIIIIIIIIIIIIIIIIIIIIIIIIIIIIA1A1IIIIIIIIIIA1A1IIIIIIAIIIIIII
IIIIIIIIIIIIIIIIIIIIIIIIIIIIIIIIA1A1IIIIIIAIIIA1A1IIIIIIAIIIIIII
IIIIIIIIIIIIIIIIIIIIIIIIIIIIIIIIIIIIIIIIIIIIIIIIIIIIIIIIA2IIIIII
IIIIIIIIIIIIIIIIIIIIIIIIIIIIIIIIIIIIIIIA11111122IIIIIIIIIIIIIIII
IIIIIIIIIIIIIIIIIIIIIIIIIIIIIIIIIIIIIIIA11111122IIIIIAIIIIIIIIII
IIIIIIIIIIIIIIIIIIIIIIIIIIIIIIIIIIIIIIIA11111122A1111A1222IIIIII
IIIIIIIIIIIIIIIIIIIIIIIIIIIIIIIIIIAIIIIA11111122A1111A1222IIIIII
IIIIIIIIIIIIIIIIIIIIIIIIIIIIIIIIIIIIIIIIIIIIIIIIIIIIIIIIAIIIIIII
IIIIIIIIIIIIIIIIIIIIIIIIIIIIIIIIIIIIIIIIIIIIIIIIIIIIIA11A111IIII
IIIIIIIIIIIIIIIIIIIIIIIIIIIIIIIIIIIIIIIIIIIIIIIIIIIIIA11A1111III
IIIIIIIIIIIIIIIIIIIIIIIIIIIIIIIIIIIIIIIIIIAIIIIIIIIIIA11A1111III
IIIIIIIIIIIIIIIIIIIIIIIIIIIIIIIIIIIIIIIAIIAIIIIIIIIIIA11A1111III
IIIIIIIIIIIIIIIIIIIIIIIIIIIIIIIIIIIIIIIAIIAIIIIIA11I1A11A111122I
IIIIIIIIIIIIIIIIIIIIIIIIIIIIIIIIIIA11I1A1IAIIIIIA11I1A11A111122I
IIIIIIIIIIIIIIIIIIIIIIIIIIIIIIIIIIA11I1A1IAIIIIIA11I1A11A111111I
IIIIIIIIIIIIIIIIIIIIIIIIIIIIIIIIIIA11I1A1IA11I1IA11I1A11A111111I
IIIIIIIIIIIIIIIIIIIIIIIIIIIIIIIIIIIIIIIIIIIIIIIAIIIIIIIIIIIIIIII
IIIIIIIIIIIIIIIIIIIIIIIIIIIIIIIIIIIIIIIIIIIIIIIAIAIIIIIIIIIIIIII
IIIIIIIIIIIIIIIIIIIIIIIIIIIIIIIIIIIIIIIIIIIIIIIAIA2IIIIIIIIIIIII
IIIIIIIIIIIIIIIIIIIIIIIIIIIIIIIIIIIA2IIIIIIIIIIAIA2IIIIIIIIIIIII
IIIIIIIIIIIIIIIIIIIIIIIIIIIIIIIIIIIA2IIIIIIIIIIAAA2IIIIIIIIIIIII
IIIIIIIIIIIIIIIIIIIIIIIIIIIIIIIIIIAA2IIIIIIIIIIAAA2IIIIIIIIIIIII
IIIIIIIIIIIIIIIIIIIIIIIIIIIIIIIIIIAA2IIIIIIIIIIAAA2IIIA2IIIIIIII
IIIIIIIIIIIIIIIIIIIIIIIIIIIIIIIIIIAA2IIIA2IIIIIAAA2IIIA2IIIIIIII
IIIIIIIIIIIIIIIIIIIIIIIIIIIIIIIIIIIIIIIIIIIIIIA2IIIIIIIIIIIIIIII
IIIIIIIIIIIIIIIIIIIIIIIIIIIIIIIIA2IIIIIIIIIIIIA2IIIIIIIIIIIIIIII
IIIIIIIIIIIIIIIIIIIIIIIIIIIIIIIIA2IIIIIIIIIIIIA2A2IIIIIIIIIIIIII
IIIIIIIIIIIIIIIIIIIIIIIIIIIIIIIIA2A2IIIIIIIIIIA2A2IIIIIIIIIIIIII
IIIIIIIIIIIIIIIIIIIIIIIIIIIIIIIIA2A2IIIIIIIIIIAAA2IIIIIIIIIIIIII
IIIIIIIIIIIIIIIIIIIIIIIIIIIIIIIIAAA2IIIIIIIIIIAAA2IIIIIIIIIIIIII
IIIIIIIIIIIIIIIIIIIIIIIIIIIIIIIIAAA2IIIIA2IIIIAAA2IIIIIIIIIIIIII
IIIIIIIIIIIIIIIIIIIIIIIIIIIIIIIIAAA2IIIIA2IIIIAAA2IIIIA2IIIIIIII
IIIIIIIIIIIIIIIIIIIIIIIIIIIIIIIIIIIIIIIIIIIIIIIA2IIIIIIIIIIIIIII
IIIIIIIIIIIIIIIIIIIIIIIIIIIIIIIIIA2IIIIIIIIIIIIA2IIIIIIIIIIIIIII
IIIIIIIIIIIIIIIIIIIIIIIIIIIIIIIIIA2IIIIIIIIIIIIA2IIIIIA2IIIIIIII
IIIIIIIIIIIIIIIIIIIIIIIIIIIIIIIIIA2IIIIIIIIIIIAA2IIIIIA2IIIIIIII
IIIIIIIIIIIIIIIIIIIIIIIIIIIIIIIIIA2IIIIIA2IIIIAA2IIIIIA2IIIIIIII
IIIIIIIIIIIIIIIIIIIIIIIIIIIIIIIIAA2IIIIIA2IIIIAA2IIIIIA2IIIIIIII
IIIIIIIIIIIIIIIIIIIIIIIIIIIIIIIIIIIIIIIIIIIIIIA2IIIIIIIIIIIIIIII
IIIIIIIIIIIIIIIIIIIIIIIIIIIIIIIIA2IIIIIIIIIIIIA2IIIIIIIIIIIIIIII
IIIIIIIIIIIIIIIIIIIIIIIIIIIIIIIIA2IIIIIIA2IIIIA2IIIIIIIIIIIIIIII
IIIIIIIIIIIIIIIIIIIIIIIIIIIIIIIIA2IIIIIIA2IIIIA2IIIIIIA2IIIIIIII
IIIIIIIIIIIIIIIIIIIIIIIIIIIIIIIIA2IIIIIIA2IIIIA2A2IIIIA2IIIIIIII
IIIIIIIIIIIIIIIIIIIIIIIIIIIIIIIIA2A2IIIIA2IIIIA2A2IIIIA2IIIIIIII
IIIIIIIIIIIIIIIIIIIIIIIIIIIIIIIIA2A2IIIIA2IIIIA2A2IIIIAA2IIIIIII
IIIIIIIIIIIIIIIIIIIIIIIIIIIIIIIIA2A2IIIIAA2IIIA2A2IIIIAA2IIIIIII
IIIIIIIIIIIIIIIIIIIIIIIIIIIIIIIIIIIIIIIIIIIIIIIIA1IIIIIIIIIIIIII
IIIIIIIIIIIIIIIIIIIIIIIIIIIIIIIIIIIIIIIIIIIIIIIIA1IIIIAIIIIIIIII
IIIIIIIIIIIIIIIIIIIIIIIIIIIIIIIIIIIIIIIIAIIIIIIIA1IIIIAIIIIIIIII
IIIIIIIIIIIIIIIIIIIIIIIIIIIIIIIIIIIIIIIIAIIIIIIIA1IIIAAIIIIIIIII
IIIIIIIIIIIIIIIIIIIIIIIIIIIIIIIIIIIIIIIAAIIIIIIIA1IIIAAIIIIIIIII
IIIIIIIIIIIIIIIIIIIIIIIIIIIIIIIIIIIIIIIAAIIIIIA2A1IIIAAIIIIIIIII
IIIIIIIIIIIIIIIIIIIIIIIIIIIIIIIIIIIIIIIAAIIIIIA1A1IIIAAIIIIIIIII
IIIIIIIIIIIIIIIIIIIIIIIIIIIIIIIIA1IIIIIAAIIIIIA1A1IIIAAIIIIIIIII
IIIIIIIIIIIIIIIIIIIIIIIIIIIIIIIIA1IIIIIAAIIIIIA1A1IIIAA1IIIIIIII
IIIIIIIIIIIIIIIIIIIIIIIIIIIIIIIIA1IIIIIAA1IIIIA1A1IIIAA1IIIIIIII
IIIIIIIIIIIIIIIIIIIIIIIIIIIIIIIIIIIIIIIIIIIIIIA2IIIIIIIIIIIIIIII
IIIIIIIIIIIIIIIIIIIIIIIIIIIIIIIIIIIIIIIIIIIIIIA1IIIIIIIIIIIIIIII
IIIIIIIIIIIIIIIIIIIIIIIIIIIIIIIIIIIIIIIIIIIIIIA12IIIIIIIIIIIIIII
IIIIIIIIIIIIIIIIIIIIIIIIIIIIIIIIA12IIIIIIIIIIIA12IIIIIIIIIIIIIII
IIIIIIIIIIIIIIIIIIIIIIIIIIIIIIIIA12IIIIIIIIIIIA12A12IIIIIIIIIIII
IIIIIIIIIIIIIIIIIIIIIIIIIIIIIIIIA12A12IIIIIIIIA12A12IIIIIIIIIIII
IIIIIIIIIIIIIIIIIIIIIIIIIIIIIIIIIIIIIIIIIIIIIIIIIA1IIIIIIIIIIIII
IIIIIIIIIIIIIIIIIIIIIIIIIIIIIIIIIIIIIIIIIIIIIIIIAA1IIIIIIIIIIIII
IIIIIIIIIIIIIIIIIIIIIIIIIIIIIIIIIIIIIIIIIIIIIIIIAIIIIIIIIIIIIIII
IIIIIIIIIIIIIIIIIIIIIIIIIIIIIIIIIIIIIIIIIIIIIIIIA1IIIIIIIIIIIIII
IIIIIIIIIIIIIIIIIIIIIIIIIIIIIIIIIIIIIIIIIIIIIIIIIIIIIA1IIIIIIIII
IIIIIIIIIIIIIIIIIIIIIIIIIIIIIIIIIIIIIIIA1IIIIIIIIIIIIA1IIIIIIIII
IIIIIIIIIIIIIIIIIIIIIIIIIIIIIIIIA1IIIIIA1IIIIIIIIIIIIA1IIIIIIIII
IIIIIIIIIIIIIIIIIIIIIIIIIIIIIIIIA1IIIIIA1IIIIIA1IIIIIA1IIIIIIIII
IIIIIIIIIIIIIIIIIIIIIIIIIIIIIIIIA1IIIIIA1IIIIIA1A1IIIA1IIIIIIIII
IIIIIIIIIIIIIIIIIIIIIIIIIIIIIIIIA1A1IIIA1IIIIIA1A1IIIA1IIIIIIIII
IIIIIIIIIIIIIIIIIIIIIIIIIIIIIIIIA1A1IIIA1IIIIIA1A1IIIAA1IIIIIIII
IIIIIIIIIIIIIIIIIIIIIIIIIIIIIIIIA1A1IIIAA1IIIIA1A1IIIAA1IIIIIIII
IIIIIIIIIIIIIIIIIIIIIIIIIIIIIIIIA1A1IIIAA1IIIIA1A1II2AA1IIIIIIII
IIIIIIIIIIIIIIIIIIIIIIIIIIIIIIIIA1A1IIIAA1III2A1A1II2AA1IIIIIIII
IIIIIIIIIIIIIIIIIIIIIIIIIIIIIIIIA1A1II2AA1III2A1A1II2AA1IIIIIIII
IIIIIIIIIIIIIIIIIIIIIIIIIIIIIII2A1A1II2AA1III2A1A1II2AA1IIIIIIII
IIIIIIIIIIIIIIIIIIIIIIIIIIIIIII2A1A1II2AA1III2A1AA1I2AA1IIIIIIII
IIIIIIIIIIIIIIIIIIIIIIIIIIIIIII2A1AA1I2AA1III2A1AA1I2AA1IIIIIIII
IIIIIIIIIIIIIIIIIIIIIIIIIIIIIII2A1AA1I2AA1III2AAAA1I2AA1IIIIIIII
IIIIIIIIIIIIIIIIIIIIIIIIIIIIIII2AAAA1I2AA1III2AAAA1I2AA1IIIIIIII
IIIIIIIIIIIIIIIIIIIIIIIIIIIIIIIIIIIIIIIIIIIIIIIAIIIIIIIIIIIIIIII
IIIIIIIIIIIIIIIIIIIIIIIIIIIIIIIIIAIIIIIIIIIIIIIAIIIIIIIIIIIIIIII
IIIIIIIIIIIIIIIIIIIIIIIIIIIIIIIIIAIAIIIIIIIIIIIAIIIIIIIIIIIIIIII
IIIIIIIIIIIIIIIIIIIIIIIIIIIIIIIIIAIAIIIIIIIIIIIAIAIIIIIIIIIIIIII
IIIIIIIIIIIIIIIIIIIIIIIIIIIIIIIIIIIIIIIIIIIIIIA11I11IIIIIIIIIIII
IIIIIIIIIIIIIIIIIIIIIIIIIIIIIIIIAIIIIIIIIIIIIIA11I11IIIIIIIIIIII
IIIIIIIIIIIIIIIIIIIIIIIIIIIIIIIIAIIIIIIIIIAIIIA11I11IIIIIIIIIIII
IIIIIIIIIIIIIIIIIIIIIIIIIIIIIIIIAIIIIIIIIIAIIIA11I11IIIIAIIIIIII
IIIIIIIIIIIIIIIIIIIIIIIIIIIIIIIIAIIIIIIIIIAIIIA11I11IIIAA1I1112I
IIIIIIIIIIIIIIIIIIIIIIIIIIIIIIIIAIIIIIIIIIAIIIA11I11IIIAA1I11122
IIIIIIIIIIIIIIIIIIIIIIIIIIIIIIIIAIIIIIIIIIAIIIA11I11IIAAA1111122
IIIIIIIIIIIIIIIIIIIIIIIIIIIIIIIIAIIIIIIIAIAIIIA11I11IIAAA1111122
IIIIIIIIIIIIIIIIIIIIIIIIIIIIIIIIAIIIIIIIAIAIIIA1AI11IIAAA1111122
IIIIIIIIIIIIIIIIIIIIIIIIIIIIIIIIAIAIIIIIAIAIIIA1AI11IIAAA1111122
IIIIIIIIIIIIIIIIIIIIIIIIIIIIIIIIIIIIIIIIIIIIIIA2IIIIIIIIIIIIIIII
IIIIIIIIIIIIIIIIIIIIIIIIIIIIIIIIA2IIIIIIIIIIIIA2IIIIIIIIIIIIIIII
IIIIIIIIIIIIIIIIIIIIIIIIIIIIIIIIA2IIIIIA2IIIIIA2IIIIIIIIIIIIIIII
IIIIIIIIIIIIIIIIIIIIIIIIIIIIIIIIA2IIIIIA2IIIIIA2IIIIIA2IIIIIIIII
IIIIIIIIIIIIIIIIIIIIIIIIIIIIIIIIIIIIIIIIIIIIIIIIIA2IIIIIIIIIIIII
IIIIIIIIIIIIIIIIIIIIIIIIIIIIIIIIIIIIIIIIIIIIIIIIIA2IIIA2IIIIIIII
IIIIIIIIIIIIIIIIIIIIIIIIIIIIIIIIIIIIIIIIA2IIIIIIIA2IIIA2IIIIIIII
IIIIIIIIIIIIIIIIIIIIIIIIIIIIIIIIIIIIIIIIA2IIIIA2IA2IIIA2IIIIIIII
IIIIIIIIIIIIIIIIIIIIIIIIIIIIIIIIA2IIIIIIA2IIIIA2IA2IIIA2IIIIIIII
IIIIIIIIIIIIIIIIIIIIIIIIIIIIIIIIA2IIIIIIA2IIIIA2IA2IIIAA2IIIIIII
IIIIIIIIIIIIIIIIIIIIIIIIIIIIIIIIA2IIIIIIAA2IIIA2IA2IIIAA2IIIIIII
IIIIIIIIIIIIIIIIIIIIIIIIIIIIIIIIIIIIIIIIIIIIIIAIIIIIIIIIIIIIIIII
IIIIIIIIIIIIIIIIIIIIIIIIIIIIIIIIIIIIIIIIIIIIIIA2IIIIIIIIIIIIIIII
IIIIIIIIIIIIIIIIIIIIIIIIIIIIIIIIIIIIIIIIIIIIIIA1IIIIIIIIIIIIIIII
IIIIIIIIIIIIIIIIIIIIIIIIIIIIIIIIIIIIIIIIIIIIIIAIIIIIIIIIIIIIIIII
IIIIIIIIIIIIIIIIIIIIIIIIIIIIIIIIIIIIIIIIIIIIIIA2IIIIIIIIIIIIIIII
IIIIIIIIIIIIIIIIIIIIIIIIIIIIIIIIIIIIIIIIIIIIIIA2IIIIIIIA2IIIIIII
IIIIIIIIIIIIIIIIIIIIIIIIIIIIIIIIIIIIIIIIIA2IIIA2IIIIIIIA2IIIIIII
IIIIIIIIIIIIIIIIIIIIIIIIIIIIIIIIIIIIIIIIIIIIIIIIIIIIIIIIA1IIIIII
IIIIIIIIIIIIIIIIIIIIIIIIIIIIIIIIIIIIIIIIIIA1IIIIIIIIIIIIA1IIIIII
IIIIIIIIIIIIIIIIIIIIIIIIIIIIIIIIIIIIIIIIIIA1IIIIIIIIIIIAA1IIIIII
IIIIIIIIIIIIIIIIIIIIIIIIIIIIIIIIIIIIIIIIIAA1IIIIIIIIIIIAA1IIIIII
IIIIIIIIIIIIIIIIIIIIIIIIIIIIIIIIIIIIIIIIIAA1IIIA1IIIIIIAA1IIIIII
IIIIIIIIIIIIIIIIIIIIIIIIIIIIIIIIIIIIIIIIIIIIIIIIIIIIIA1IIIIIIIII
IIIIIIIIIIIIIIIIIIIIIIIIIIIIIIIIIIIIIIIIIIIIIIIAIIIIIA1IIIIIIIII
IIIIIIIIIIIIIIIIIIIIIIIIIIIIIIIIIAIIIIIIIIIIIIIAIIIIIA1IIIIIIIII
IIIIIIIIIIIIIIIIIIIIIIIIIIIIIIIIIAIIIIIIIIIIIIIA2IIIIA1IIIIIIIII
IIIIIIIIIIIIIIIIIIIIIIIIIIIIIIIIIIIIIIIIIIIIIIIA1IIIIIIIIIIIIIII
IIIIIIIIIIIIIIIIIIIIIIIIIIIIIIIIIIIIIIIIIIIIIIIIAIIIIIIIIIIIIIII
IIIIIIIIIIIIIIIIIIIIIIIIIIIIIIIIIIAIIIIIIIIIIIIIAIIIIIIIIIIIIIII
IIIIIIIIIIIIIIIIIIIIIIIIIIIIIIIIIIAIIIIIIIIIIIIAAIIIIIIIIIIIIIII
IIIIIIIIIIIIIIIIIIIIIIIIIIIIIIIIIAAIIIIIIIIIIIIAAIIIIIIIIIIIIIII
IIIIIIIIIIIIIIIIIIIIIIIIIIIIIIIIIIIIIIIIIIIIIIIIIIIIIIIIA2IIIIII
IIIIIIIIIIIIIIIIIIIIIIIIIIIIIIIIIIIIIIIIIIA2IIIIIIIIIIIIA2IIIIII
IIIIIIIIIIIIIIIIIIIIIIIIIIIIIIIIIIIIIIIIIAA2IIIIIIIIIIIIA2IIIIII
IIIIIIIIIIIIIIIIIIIIIIIIIIIIIIIIIIIIIIIIIAA2IIIIIIIIIIIAA2IIIIII
IIIIIIIIIIIIIIIIIIIIIIIIIIIIIIIIIIIIIIIIIIIIIIIIIIIIIIA2IIIIIIII
IIIIIIIIIIIIIIIIIIIIIIIIIIIIIIIIIIIIIIIIIIIIIIIIIIIIIIA1IIIIIIII
IIIIIIIIIIIIIIIIIIIIIIIIIIIIIIIIIIIIIIIIIIIIIIIIIA2IIIA1IIIIIIII
IIIIIIIIIIIIIIIIIIIIIIIIIIIIIIIIIIIIIIIIA2IIIIIIIA2IIIA1IIIIIIII
IIIIIIIIIIIIIIIIIIIIIIIIIIIIIIIIIIIA2IIIA2IIIIIIIA2IIIA1IIIIIIII
IIIIIIIIIIIIIIIIIIIIIIIIIIIIIIIIIIIIIIIIIIIIIIIIA2IIIIIIIIIIIIII
IIIIIIIIIIIIIIIIIIIIIIIIIIIIIIIIIIA2IIIIIIIIIIIIA2IIIIIIIIIIIIII
IIIIIIIIIIIIIIIIIIIIIIIIIIIIIIIIIIA2IIIIA2IIIIIIA2IIIIIIIIIIIIII
IIIIIIIIIIIIIIIIIIIIIIIIIIIIIIIIIIA2IIIIA2IIIIIIA2IIIIA2IIIIIIII
IIIIIIIIIIIIIIIIIIIIIIIIIIIIIIIIIIA2IIIIA2IIIIIIA2IIIAA2IIIIIIII
IIIIIIIIIIIIIIIIIIIIIIIIIIIIIIIIIIA2IIIIA2IIIIA2A2IIIAA2IIIIIIII
IIIIIIIIIIIIIIIIIIIIIIIIIIIIIIIIA2A2IIIIA2IIIIA2A2IIIAA2IIIIIIII
IIIIIIIIIIIIIIIIIIIIIIIIIIIIIIIIA2A2IIIIA2IIIIA2AA2IIAA2IIIIIIII
IIIIIIIIIIIIIIIIIIIIIIIIIIIIIIIIA2AA2IIIA2IIIIA2AA2IIAA2IIIIIIII
IIIIIIIIIIIIIIIIIIIIIIIIIIIIIIIIIIIIIIIIIIIIIIIIIIIIIIA2IIIIIIII
IIIIIIIIIIIIIIIIIIIIIIIIIIIIIIIIIIIIIIIIA2IIIIIIIIIIIIA2IIIIIIII
IIIIIIIIIIIIIIIIIIIIIIIIIIIIIIIIIIIA2IIIA2IIIIIIIIIIIIA2IIIIIIII
IIIIIIIIIIIIIIIIIIIIIIIIIIIIIIIIIIIA2IIIA2IIIIIIIA2IIIA2IIIIIIII
IIIIIIIIIIIIIIIIIIIIIIIIIIIIIIIIIIIIIIIIIIIIIIA1IIIIIIIIIIIIIIII
IIIIIIIIIIIIIIIIIIIIIIIIIIIIIIIIIIIIIIIIIIIIIIAIIIIIIIIIIIIIIIII
IIIIIIIIIIIIIIIIIIIIIIIIIIIIIIIIIIIIIIIIIIIIIIA1IIIIIIIIIIIIIIII
IIIIIIIIIIIIIIIIIIIIIIIIIIIIIIIIIIIIIIIIIIIIIIA1IIIIIIA1IIIIIIII
IIIIIIIIIIIIIIIIIIIIIIIIIIIIIIIIIIIIIIIIIIIIIIAA1IIIIIA1IIIIIIII
IIIIIIIIIIIIIIIIIIIIIIIIIIIIIIIIIA1IIIIIIIIIIIAA1IIIIIA1IIIIIIII
IIIIIIIIIIIIIIIIIIIIIIIIIIIIIIIIAA1IIIIIIIIIIIAA1IIIIIA1IIIIIIII
IIIIIIIIIIIIIIIIIIIIIIIIIIIIIIIIIIIIIIIIIIIIIIIAIIIIIIIIIIIIIIII
IIIIIIIIIIIIIIIIIIIIIIIIIIIIIIIIIAIIIIIIIIIIIIIAIIIIIIIIIIIIIIII
IIIIIIIIIIIIIIIIIIIIIIIIIIIIIIIIIAIAIIIIIIIIIIIAIIIIIIIIIIIIIIII
IIIIIIIIIIIIIIIIIIIIIIIIIIIIIIIIIAIAIIIIIIIIIIIAIAIIIIIIIIIIIIII
IIIIIIIIIIIIIIIIIIIIIIIIIIIIIIIIIAIAIIIIIIIIIIAAIAIIIIIIIIIIIIII
IIIIIIIIIIIIIIIIIIIIIIIIIIIIIIIIAAIAIIIIIIIIIIAAIAIIIIIIIIIIIIII
IIIIIIIIIIIIIIIIIIIIIIIIIIIIIIIIAAIAIIIIIIIIIIAAIAIIIIIA2IIIIIII
IIIIIIIIIIIIIIIIIIIIIIIIIIIIIIIIAAIAIIIIIA2IIIAAIAIIIIIA2IIIIIII
IIIIIIIIIIIIIIIIIIIIIIIIIIIIIIIIAAIAIIIIIA2IIIAAAAIIIIIA2IIIIIII
IIIIIIIIIIIIIIIIIIIIIIIIIIIIIIIIAAAAIIIIIA2IIIAAAAIIIIIA2IIIIIII
IIIIIIIIIIIIIIIIIIIIIIIIIIIIIIIIIIIIIIIIIIIIIIIIIA1IIIIIIIIIIIII
IIIIIIIIIIIIIIIIIIIIIIIIIIIIIIIIIIIA1IIIIIIIIIIIIA1IIIIIIIIIIIII
IIIIIIIIIIIIIIIIIIIIIIIIIIIIIIIIIIIA1IIIIA1IIIIIIA1IIIIIIIIIIIII
IIIIIIIIIIIIIIIIIIIIIIIIIIIIIIIIIIIA1IIIIA1IIIIIIA1IIIIA1IIIIIII
IIIIIIIIIIIIIIIIIIIIIIIIIIIIIIIIIIIA1IIIIA1IIIAIIA1IIIIA1IIIIIII
IIIIIIIIIIIIIIIIIIIIIIIIIIIIIIIIIIIA1IIIIA1IIIAAIA1IIIIA1IIIIIII
IIIIIIIIIIIIIIIIIIIIIIIIIIIIIIIIAIIA1IIIIA1IIIAAIA1IIIIA1IIIIIII
IIIIIIIIIIIIIIIIIIIIIIIIIIIIIIIIAAIA1IIIIA1IIIAAIA1IIIIA1IIIIIII
IIIIIIIIIIIIIIIIIIIIIIIIIIIIIIIIIIIIIIIIIIIIIIIA1IIIIIIIIIIIIIII
IIIIIIIIIIIIIIIIIIIIIIIIIIIIIIIIIA1IIIIIIIIIIIIA1IIIIIIIIIIIIIII
IIIIIIIIIIIIIIIIIIIIIIIIIIIIIIIIAA1IIIIIIIIIIIIA1IIIIIIIIIIIIIII
IIIIIIIIIIIIIIIIIIIIIIIIIIIIIIIIAA1IIIIIIIIIIIAA1IIIIIIIIIIIIIII
IIIIIIIIIIIIIIIIIIIIIIIIIIIIIIIIAA1IIIIIIIIIIIAA1IIIIIIA2IIIIIII
IIIIIIIIIIIIIIIIIIIIIIIIIIIIIIIIAA1IIIIIIA2IIIAA1IIIIIIA2IIIIIII
IIIIIIIIIIIIIIIIIIIIIIIIIIIIIIIIIIIIIIIIIIIIIIA1IIIIIIIIIIIIIIII
IIIIIIIIIIIIIIIIIIIIIIIIIIIIIIIIA1IIIIIIIIIIIIA1IIIIIIIIIIIIIIII
IIIIIIIIIIIIIIIIIIIIIIIIIIIIIIIIAA1IIIIIIIIIIIA1IIIIIIIIIIIIIIII
IIIIIIIIIIIIIIIIIIIIIIIIIIIIIIIIAA1IIIIIIIIIIIAA1IIIIIIIIIIIIIII
IIIIIIIIIIIIIIIIIIIIIIIIIIIIIIIIAA1IIIIIIIIIIIAA1IIIIA2IIIIIIIII
IIIIIIIIIIIIIIIIIIIIIIIIIIIIIIIIAA1IIIIA2IIIIIAA1IIIIA2IIIIIIIII
IIIIIIIIIIIIIIIIIIIIIIIIIIIIIIIIIIIIIIIIIIIIIIIIIIIIIA2IIIIIIIII
IIIIIIIIIIIIIIIIIIIIIIIIIIIIIIIIIIIIIIIIIIIIIIIIIIIIIA1IIIIIIIII
IIIIIIIIIIIIIIIIIIIIIIIIIIIIIIIIIIIIIIIA1IIIIIIIIIIIIA1IIIIIIIII
IIIIIIIIIIIIIIIIIIIIIIIIIIIIIIIIIIIIIIIA1IIIIIIA1IIIIA1IIIIIIIII
IIIIIIIIIIIIIIIIIIIIIIIIIIIIIIIIIA1IIIIA1IIIIIIA1IIIIA1IIIIIIIII
IIIIIIIIIIIIIIIIIIIIIIIIIIIIIIIIIIIIIIIIIIIIIIIIAIIIIIIIIIIIIIII
IIIIIIIIIIIIIIIIIIIIIIIIIIIIIIIIIIIIIIIIIIIIIIIA1IIIIIIIIIIIIIII
IIIIIIIIIIIIIIIIIIIIIIIIIIIIIIIIIIIIIIIIIIIIIIIA1IIIIIA1IIIIIIII
IIIIIIIIIIIIIIIIIIIIIIIIIIIIIIIIIIIIIIIIIIIIIIIIA2IIIIIIIIIIIIII
IIIIIIIIIIIIIIIIIIIIIIIIIIIIIIIIIIIIIIIIIIIIIIA1A2IIIIIIIIIIIIII
IIIIIIIIIIIIIIIIIIIIIIIIIIIIIIIIA1IIIIIIIIIIIIA1A2IIIIIIIIIIIIII
IIIIIIIIIIIIIIIIIIIIIIIIIIIIIIIIA1IIIIIIIIIIIIAAA2IIIIIIIIIIIIII
IIIIIIIIIIIIIIIIIIIIIIIIIIIIIIIIAA1IIIIIIIIIIIAAA2IIIIIIIIIIIIII
IIIIIIIIIIIIIIIIIIIIIIIIIIIIIIIIIIIIIIIIIIIIIIIAI1II22I2IIIIIIII
IIIIIIIIIIIIIIIIIIIIIIIIIIIIIIIIIAI1II22I2IIIIIAI1II22I2IIIIIIII
IIIIIIIIIIIIIIIIIIIIIIIIIIIIIIIIIAI1II22I2IIIIIAI1II22A21II22I2I
IIIIIIIIIIIIIIIIIIIIIIIIIIIIIIIIIAI1II22A21II22A21II22A21II22I2I
IIIIIIIIIIIIIIIIIIIIIIIIIIIIIIIIIIIIIIIIIIIIIIIA2IIIIIIIIIIIIIII
IIIIIIIIIIIIIIIIIIIIIIIIIIIIIIIIIIIIIIIIIIIIIIIA1IIIIIIIIIIIIIII
IIIIIIIIIIIIIIIIIIIIIIIIIIIIIIIIIIIIIIIIIIIIII2A1IIIIIIIIIIIIIII
IIIIIIIIIIIIIIIIIIIIIIIIIIIIIIIIIIIIIIIIIIIIIIIAIIIIIIIIIIIIIIII
IIIIIIIIIIIIIIIIIIIIIIIIIIIIIIIIIIIIIIIIIIIIIIIA2IIIIIIIIIIIIIII
IIIIIIIIIIIIIIIIIIIIIIIIIIIIIIIIIA2IIIIIIIIIIIIA2IIIIIIIIIIIIIII
IIIIIIIIIIIIIIIIIIIIIIIIIIIIIIIIIAA2IIIIIIIIIIIA2IIIIIIIIIIIIIII
IIIIIIIIIIIIIIIIIIIIIIIIIIIIIIIIIAA2IIIIIIIIIIIAA2IIIIIIIIIIIIII
IIIIIIIIIIIIIIIIIIIIIIIIIIIIIIIIIIIIIIIIIIIIIIAIII1III1IIIIIIIII
IIIIIIIIIIIIIIIIIIIIIIIIIIIIIIIIIIIIIIIIIIIIIIAIII1III1III111II1
IIIIIIIIIIIIIIIIIIIIIIIIIIIIIIIIIIIIIIIIIIIIIIAIIIIIIIIIIIIIIIII
IIIIIIIIIIIIIIIIIIIIIIIIIIIIIIIIIIIIIIIIIIIIIIA1I1IIIIIIIIIIIIII
IIIIIIIIIIIIIIIIIIIIIIIIIIIIIIIIIIIIIIIIIIIIIIA1I11111111IIIIIII
IIIIIIIIIIIIIIIIIIIIIIIIIIIIIIIIIIIIIIIIIIIIIIA1I1111111111I111I
IIIIIIIIIIIIIIIIIIIIIIIIIIIIIIIIIIIIIIIIIIIIIIA1I111111A11111111
IIIIIIIIIIIIIIIIIIIIIIIIIIIIIIIIIIIIIIIIIIIIIIAA1111111A11111111
IIIIIIIIIIIIIIIIIIIIIIIIIIIIIIIIIIIIIIIIIA1I11AA1111111A11111111
IIIIIIIIIIIIIIIIIIIIIIIIIIIIIIIIIA1I11111A1111AA1111111A11111111
IIIIIIIIIIIIIIIIIIIIIIIIIIIIIIIIIIIIIIIIIIIIIIIA2IIIIIIIIIIIIIII
IIIIIIIIIIIIIIIIIIIIIIIIIIIIIIIIIIIIIIIIIIIIIIIA2A2IIIIIIIIIIIII
IIIIIIIIIIIIIIIIIIIIIIIIIIIIIIIIIIIA2IIIIIIIIIIA2A2IIIIIIIIIIIII
IIIIIIIIIIIIIIIIIIIIIIIIIIIIIIIIIIIA2IIIIIIIIIIA2A2IIIIA2IIIIIII
IIIIIIIIIIIIIIIIIIIIIIIIIIIIIIIIIIIA2IIIIA2IIIIA2A2IIIIA2IIIIIII
IIIIIIIIIIIIIIIIIIIIIIIIIIIIIIIIIIIA2IIIIA2IIIIAAA2IIIIA2IIIIIII
IIIIIIIIIIIIIIIIIIIIIIIIIIIIIIIIIIAA2IIIIA2IIIIAAA2IIIIA2IIIIIII
IIIIIIIIIIIIIIIIIIIIIIIIIIIIIIIIIIIIIIIIIIIIIIA2IIIIIIIIIIIIIIII
IIIIIIIIIIIIIIIIIIIIIIIIIIIIIIIIA2IIIIIIIIIIIIA2IIIIIIIIIIIIIIII
IIIIIIIIIIIIIIIIIIIIIIIIIIIIIIIIA2IIIIIIIIIIIIA2A2IIIIIIIIIIIIII
IIIIIIIIIIIIIIIIIIIIIIIIIIIIIIIIA2A2IIIIIIIIIIA2A2IIIIIIIIIIIIII
IIIIIIIIIIIIIIIIIIIIIIIIIIIIIIIIA2A2IIIIIIIIIIA2A1IIIIIIIIIIIIII
IIIIIIIIIIIIIIIIIIIIIIIIIIIIIIIIA2A1IIIIIIIIIIA2A1IIIIIIIIIIIIII
IIIIIIIIIIIIIIIIIIIIIIIIIIIIIIIIA2A1IIIA1IIIIIA2A1IIIIIIIIIIIIII
IIIIIIIIIIIIIIIIIIIIIIIIIIIIIIIIA2A1IIIA1IIIIIA2A1IIIA1IIIIIIIII
IIIIIIIIIIIIIIIIIIIIIIIIIIIIIIIIIIIIIIIIIIIIIIIIA1IIIIIIIIIIIIII
IIIIIIIIIIIIIIIIIIIIIIIIIIIIIIIIIIIIIIIIIIIIIIIIAIIIIIIIIIIIIIII
IIIIIIIIIIIIIIIIIIIIIIIIIIIIIIIIIIIIIIIIIIIIIIIIA1IIIIIIIIIIIIII
IIIIIIIIIIIIIIIIIIIIIIIIIIIIIIIIIIIIIIIIIIIIIIIIA1IIIIIA1IIIIIII
IIIIIIIIIIIIIIIIIIIIIIIIIIIIIIIIIIIIIIIIIA1IIIIIA1IIIIIA1IIIIIII
IIIIIIIIIIIIIIIIIIIIIIIIIIIIIIIIIIA1IIIIIA1IIIIIA1IIIIIA1IIIIIII
IIIIIIIIIIIIIIIIIIIIIIIIIIIIIIIIIIA1IIIIIA1IIIIIA1IIIA1A1IIIIIII
IIIIIIIIIIIIIIIIIIIIIIIIIIIIIIIIIIA1IIIA1A1IIIIIA1IIIA1A1IIIIIII
IIIIIIIIIIIIIIIIIIIIIIIIIIIIIIIIIIA1IIIA1A1IIIIIA1IIIAAA1IIIIIII
IIIIIIIIIIIIIIIIIIIIIIIIIIIIIIIIIIA1IIIA1A1IIIIIA1IIIAAAA1IIIIII
IIIIIIIIIIIIIIIIIIIIIIIIIIIIIIIIIIA1IIIA1AA1IIIIA1IIIAAAA1IIIIII
IIIIIIIIIIIIIIIIIIIIIIIIIIIIIIIIIIIIIIIIIIIIIIIA2IIIIIIIIIIIIIII
IIIIIIIIIIIIIIIIIIIIIIIIIIIIIIIIIA2IIIIIIIIIIIIA2IIIIIIIIIIIIIII
IIIIIIIIIIIIIIIIIIIIIIIIIIIIIIIIIA2IIIIA2IIIIIIA2IIIIIIIIIIIIIII
IIIIIIIIIIIIIIIIIIIIIIIIIIIIIIIIIA2IIIIA2IIIIIIA2IIIIA2IIIIIIIII
IIIIIIIIIIIIIIIIIIIIIIIIIIIIIIIIIIIIIIIIIIIIIIIIA1IIIIIIIIIIIIII
IIIIIIIIIIIIIIIIIIIIIIIIIIIIIIIIIIIIIIIIIIIIIIIIA2IIIIIIIIIIIIII
IIIIIIIIIIIIIIIIIIIIIIIIIIIIIIIIIIIIIIIIIIIIIIIIA1IIIIIIIIIIIIII
IIIIIIIIIIIIIIIIIIIIIIIIIIIIIIIIIIIIIIIIIIIIIIIIIIIIIIIIA2IIIIII
IIIIIIIIIIIIIIIIIIIIIIIIIIIIIIIIIIIIIIIIIIIIIIIIIIIIIIIIA1IIIIII
IIIIIIIIIIIIIIIIIIIIIIIIIIIIIIIIIIIIIIIIIIIIIIIIIIIIIA2IA1IIIIII
IIIIIIIIIIIIIIIIIIIIIIIIIIIIIIIIIIIIIIIIIIIIIIIA2IIIIA2IA1IIIIII
IIIIIIIIIIIIIIIIIIIIIIIIIIIIIIIIIIIIIIIA2IIIIIIA2IIIIA2IA1IIIIII
IIIIIIIIIIIIIIIIIIIIIIIIIIIIIIIIIA2IIIIA2IIIIIIA2IIIIA2IA1IIIIII
IIIIIIIIIIIIIIIIIIIIIIIIIIIIIIIIIIIIIIIIIIIIIIIAIIIIIIIIIIIIIIII
IIIIIIIIIIIIIIIIIIIIIIIIIIIIIIIIIAIIIIIIIIIIIIIAIIIIIIIIIIIIIIII
IIIIIIIIIIIIIIIIIIIIIIIIIIIIIIIIIAIIIIIIAIIIIIIAIIIIIIIIIIIIIIII
IIIIIIIIIIIIIIIIIIIIIIIIIIIIIIIIIAIIIIIIAIIIIIIAIIIIIIAIIIIIIIII
IIIIIIIIIIIIIIIIIIIIIIIIIIIIIIIIIIIIIIIIIIIIIIIA2IIIIIIIIIIIIIII
IIIIIIIIIIIIIIIIIIIIIIIIIIIIIIIIIA2IIIIIIIIIIIIA2IIIIIIIIIIIIIII
IIIIIIIIIIIIIIIIIIIIIIIIIIIIIIIIIIIIIIIIIIIIIIIIIIIIIA1IIIIIIIII
IIIIIIIIIIIIIIIIIIIIIIIIIIIIIIIIIIIIIIIIIIIIIIIA1IIIIA1IIIIIIIII
IIIIIIIIIIIIIIIIIIIIIIIIIIIIIIIIIIIIIIIIIIIIIIAIIIIIIIIIIIIIIIII
IIIIIIIIIIIIIIIIIIIIIIIIIIIIIIIIIIIIIIIIIIIIIIA12IIIIIIIIIIIIIII
IIIIIIIIIIIIIIIIIIIIIIIIIIIIIIIIIIIIIIIIIIIIIIIIIIIIIIIIAIIIIIII
IIIIIIIIIIIIIIIIIIIIIIIIIIIIIIIIIIIIIIIIIIAIIIIIIIIIIIIIAIIIIIII
IIIIIIIIIIIIIIIIIIIIIIIIIIIIIIIIIIIIIIIIIIAIIIIIIIIIIAIIAIIIIIII
IIIIIIIIIIIIIIIIIIIIIIIIIIIIIIIIIIIIIIIAIIAIIIIIIIIIIAIIAIIIIIII
IIIIIIIIIIIIIIIIIIIIIIIIIIIIIIIIIIIIIIIAIIAIIIIA2IIIIAIIAIIIIIII
IIIIIIIIIIIIIIIIIIIIIIIIIIIIIIIIIA2IIIIAIIAIIIIA2IIIIAIIAIIIIIII
IIIIIIIIIIIIIIIIIIIIIIIIIIIIIIIIAA2IIIIAIIAIIIIA2IIIIAIIAIIIIIII
IIIIIIIIIIIIIIIIIIIIIIIIIIIIIIIIAA2IIIIAIIAIIIAA2IIIIAIIAIIIIIII
IIIIIIIIIIIIIIIIIIIIIIIIIIIIIIIIAA2IIIIAIIAIIIAAA2IIIAIIAIIIIIII
IIIIIIIIIIIIIIIIIIIIIIIIIIIIIIIIAA2IIIIAIIAIIIAAA2IIIAIAAIIIIIII
IIIIIIIIIIIIIIIIIIIIIIIIIIIIIIIIAAA2IIIAIIAIIIAAA2IIIAIAAIIIIIII
IIIIIIIIIIIIIIIIIIIIIIIIIIIIIIIIAAA2IIIAIAAIIIAAA2IIIAIAAIIIIIII
IIIIIIIIIIIIIIIIIIIIIIIIIIIIIIIIIIIIIIIIIIIIIIIIA2IIIIIIIIIIIIII
IIIIIIIIIIIIIIIIIIIIIIIIIIIIIIIIIIIIIIIIIIIIIIIIA1IIIIIIIIIIIIII
IIIIIIIIIIIIIIIIIIIIIIIIIIIIIIIIIIIIIIIIIIIIIIIIAIIIIIIIIIIIIIII
IIIIIIIIIIIIIIIIIIIIIIIIIIIIIIIIIIIIIIIIIIIIIIIIA2IIIIIIIIIIIIII
IIIIIIIIIIIIIIIIIIIIIIIIIIIIIIIIIIIIIIIIIIIIIIIAI2IIIIIIIIIIIIII
IIIIIIIIIIIIIIIIIIIIIIIIIIIIIIIIIAI2IIIIIIIIIIIAI2IIIIIIIIIIIIII
IIIIIIIIIIIIIIIIIIIIIIIIIIIIIIIIIAI2IIIIIIAI2IIAI2IIIIIIIIIIIIII
IIIIIIIIIIIIIIIIIIIIIIIIIIIIIIIIIAI2IIIIIIAI2IIAI2IIIIIIAI2IIIII
IIIIIIIIIIIIIIIIIIIIIIIIIIIIIIIIIAA22IIIIIAI2IIAI2IIIIIIAI2IIIII
IIIIIIIIIIIIIIIIIIIIIIIIIIIIIIIIIAA22IIIIIAI2IIAA22IIIIIAI2IIIII
IIIIIIIIIIIIIIIIIIIIIIIIIIIIIIIIIIIIIIIIIIIIIIIIIIIIIIIIA2IIIIII
IIIIIIIIIIIIIIIIIIIIIIIIIIIIIIIIIIIIIIIIIIA2IIIIIIIIIIIIA2IIIIII
IIIIIIIIIIIIIIIIIIIIIIIIIIIIIIIIIA2IIIIIIIA2IIIIIIIIIIIIA2IIIIII
IIIIIIIIIIIIIIIIIIIIIIIIIIIIIIIIIA2IIIIIIIA2IIIA2IIIIIIIA2IIIIII
IIIIIIIIIIIIIIIIIIIIIIIIIIIIIIIIIA2IIIIIIIA2IIIA2IIIIIA2A2IIIIII
IIIIIIIIIIIIIIIIIIIIIIIIIIIIIIIIIA2IIIIIA2A2IIIA2IIIIIA2A2IIIIII
IIIIIIIIIIIIIIIIIIIIIIIIIIIIIIIIIIIIIIIIIIIIIIIIIIIIIIIIA2IIIIII
IIIIIIIIIIIIIIIIIIIIIIIIIIIIIIIIIIIIIIIIIIA2IIIIIIIIIIIIA2IIIIII
IIIIIIIIIIIIIIIIIIIIIIIIIIIIIIIIIIIIIIIIA2A2IIIIIIIIIIIIA2IIIIII
IIIIIIIIIIIIIIIIIIIIIIIIIIIIIIIIIIIIIIIIA2A2IIIIIIIIIIA2A2IIIIII
IIIIIIIIIIIIIIIIIIIIIIIIIIIIIIIIIIA2IIIIA2A2IIIIIIIIIIA2A2IIIIII
IIIIIIIIIIIIIIIIIIIIIIIIIIIIIIIIIIA2IIIIA2A2IIIIA2IIIIA2A2IIIIII
IIIIIIIIIIIIIIIIIIIIIIIIIIIIIIIIIIIIIIIIIIIIIIIIIIIIIIA2IIIIIIII
IIIIIIIIIIIIIIIIIIIIIIIIIIIIIIIIIIIIIIIIIIIIIIIIIIIIIIA2A2IIIIII
IIIIIIIIIIIIIIIIIIIIIIIIIIIIIIIIIIIIIIIIA2IIIIIIIIIIIIA2A2IIIIII
IIIIIIIIIIIIIIIIIIIIIIIIIIIIIIIIIIIIIIIIA2A2IIIIIIIIIIA2A2IIIIII
IIIIIIIIIIIIIIIIIIIIIIIIIIIIIIIIIIIIIIIIIIIIIIAIIIIIIIIIIIIIIIII
IIIIIIIIIIIIIIIIIIIIIIIIIIIIIIIIIIIIIIIIIIIIIIAIAIIIIIIIIIIIIIII
IIIIIIIIIIIIIIIIIIIIIIIIIIIIIIIIIIIIIIIIIIIIIIAIAIIIIIAIIIIIIIII
IIIIIIIIIIIIIIIIIIIIIIIIIIIIIIIIIIAIIIIIIIIIIIAIAIIIIIAIIIIIIIII
IIIIIIIIIIIIIIIIIIIIIIIIIIIIIIIIIIAIIIIIAIIIIIAIAIIIIIAIIIIIIIII
IIIIIIIIIIIIIIIIIIIIIIIIIIIIIIIIIIAIIIIIAIIIIIAIA2IIIIAIIIIIIIII
IIIIIIIIIIIIIIIIIIIIIIIIIIIIIIIIIIIIIIIIIIIIIIIIA1IIIIIIIIIIIIII
IIIIIIIIIIIIIIIIIIIIIIIIIIIIIIIIIIIIIIIIIIIIIIIIIA2IIIIIIIIIIIII
IIIIIIIIIIIIIIIIIIIIIIIIIIIIIIIIIIIA2IIIIIIIIIIIIA2IIIIIIIIIIIII
IIIIIIIIIIIIIIIIIIIIIIIIIIIIIIIIIIIA2IIIIA2IIIIIIA2IIIIIIIIIIIII
IIIIIIIIIIIIIIIIIIIIIIIIIIIIIIIIIIIA2IIIIA2IIIIIIA2IIIIA2IIIIIII
IIIIIIIIIIIIIIIIIIIIIIIIIIIIIIIIIIIIIIIIIIIIIIIA2IIIIIIIIIIIIIII
IIIIIIIIIIIIIIIIIIIIIIIIIIIIIIIIIA2IIIIIIIIIIIIA2IIIIIIIIIIIIIII
IIIIIIIIIIIIIIIIIIIIIIIIIIIIIIIIIAA2IIIIIIIIIIIA2IIIIIIIIIIIIIII
IIIIIIIIIIIIIIIIIIIIIIIIIIIIIIIIIAA2IIIIIIIIIIIAA2IIIIIIIIIIIIII
IIIIIIIIIIIIIIIIIIIIIIIIIIIIIIIIIIIIIIIIIIIIIIIA2IIIIIIIIIIIIIII
IIIIIIIIIIIIIIIIIIIIIIIIIIIIIIIIIIIIIIIIIIIIIIAA2IIIIIIIIIIIIIII
IIIIIIIIIIIIIIIIIIIIIIIIIIIIIIIIA2IIIIIIIIIIIIAA2IIIIIIIIIIIIIII
IIIIIIIIIIIIIIIIIIIIIIIIIIIIIIIIAA2IIIIIIIIIIIAA2IIIIIIIIIIIIIII
IIIIIIIIIIIIIIIIIIIIIIIIIIIIIIIIIIIIIIIIIIIIIIIA1IIIIIIIIIIIIIII
IIIIIIIIIIIIIIIIIIIIIIIIIIIIIIIIIIIIIIIIIIIIIIIIIA2IIIIIIIIIIIII
IIIIIIIIIIIIIIIIIIIIIIIIIIIIIIIIIIIIIIIIIIIIIIIIIA2IIA1IIIIIIIII
IIIIIIIIIIIIIIIIIIIIIIIIIIIIIIIIIIIIIIIA1IIIIIIIIA2IIA1IIIIIIIII
IIIIIIIIIIIIIIIIIIIIIIIIIIIIIIIIIIIIIIIA1IIIIIIAIA2IIA1IIIIIIIII
IIIIIIIIIIIIIIIIIIIIIIIIIIIIIIIIIAIIIIIA1IIIIIIAIA2IIA1IIIIIIIII
IIIIIIIIIIIIIIIIIIIIIIIIIIIIIIIIIAIAIIIA1IIIIIIAIA2IIA1IIIIIIIII
IIIIIIIIIIIIIIIIIIIIIIIIIIIIIIIIIAIAIIIA1IIIIIAAIA2IIA1IIIIIIIII
IIIIIIIIIIIIIIIIIIIIIIIIIIIIIIIIAAIAIIIA1IIIIIAAIA2IIA1IIIIIIIII
IIIIIIIIIIIIIIIIIIIIIIIIIIIIIIIIIIIIIIIIIIAI12II2IIIIIIIIIIIIIII
IIIIIIIIIIIIIIIIIIIIIIIIIIIIIIIIIIIIIIIIIIAI12II2IIIIIIIAI12II2I
IIIIIIIIIIIIIIIIIIIIIIIIIIIIIIIIAI12II2IIIAI12II2IIIIIIIAI12II2I
IIIIIIIIIIIIIIIIIIIIIIIIIIIIIIIIAI12II2IIIAI12AI12II2IIIAI12II2I
IIIIIIIIIIIIIIIIIIIIIIIIIIIIIIIIAI12II2IIIAI12AI12II2AI1AI12II2I
IIIIIIIIIIIIIIIIIIIIIIIIIIIIIIIIAI12II2AI1AI12AI12II2AI1AI12II2I
IIIIIIIIIIIIIIIIIIIIIIIIIIIIIIIIIIIIIIIIIIIIIIIIIIIIIIIA1IIIIIII
IIIIIIIIIIIIIIIIIIIIIIIIIIIIIIIIIIIIIIIIIIIIIIIIIIIIIIIAIIIIIIII
IIIIIIIIIIIIIIIIIIIIIIIIIIIIIIIIIIIIIIIIIIIIIIIIIIIIIIIA1IIIIIII
IIIIIIIIIIIIIIIIIIIIIIIIIIIIIIIIIIIIIIIIIIIIIIIAIIIIIIIA1IIIIIII
IIIIIIIIIIIIIIIIIIIIIIIIIIIIIIIIIIIIIIIIIIIIIIIA2IIIIIIA1IIIIIII
IIIIIIIIIIIIIIIIIIIIIIIIIIIIIIIIIIIIIIIIIIIIIIIA2IIIIIIAA2IIIIII
IIIIIIIIIIIIIIIIIIIIIIIIIIIIIIIIIA2IIIIIIIIIIIIA2IIIIIIAA2IIIIII
IIIIIIIIIIIIIIIIIIIIIIIIIIIIIIIIIA2IIIIIIIA2IIIA2IIIIIIAA2IIIIII
IIIIIIIIIIIIIIIIIIIIIIIIIIIIIIIIIA2IIIIIIIA2IIIA2IIIIIAAA2IIIIII
IIIIIIIIIIIIIIIIIIIIIIIIIIIIIIIIIA2IIIIIA2A2IIIA2IIIIIAAA2IIIIII
IIIIIIIIIIIIIIIIIIIIIIIIIIIIIIIIIIIIIIIIIIIIIIIA2IIIIIIIIIIIIIII
IIIIIIIIIIIIIIIIIIIIIIIIIIIIIIIIIA2IIIIIIIIIIIIA2IIIIIIIIIIIIIII
IIIIIIIIIIIIIIIIIIIIIIIIIIIIIIIIIA2IIIIIA2IIIIIA2IIIIIIIIIIIIIII
IIIIIIIIIIIIIIIIIIIIIIIIIIIIIIIIIA2IIIIIA2IIIIIA2IIIIIA2IIIIIIII
IIIIIIIIIIIIIIIIIIIIIIIIIIIIIIIIIIIIIIIIIIIIIIIA2IIIIIIIIIIIIIII
IIIIIIIIIIIIIIIIIIIIIIIIIIIIIIIIIA2IIIIIIIIIIIIA2IIIIIIIIIIIIIII
IIIIIIIIIIIIIIIIIIIIIIIIIIIIIIIIIA2IIIIIA2IIIIIA2IIIIIIIIIIIIIII
IIIIIIIIIIIIIIIIIIIIIIIIIIIIIIIIIA2IIIIIA2IIIIIA2IIIIIA2IIIIIIII
IIIIIIIIIIIIIIIIIIIIIIIIIIIIIIIIIA2IIIIIA2IIIIIA2IIIIAA2IIIIIIII
IIIIIIIIIIIIIIIIIIIIIIIIIIIIIIIIIA2IIIIIA2IIIIIA2IIIIAA2A2IIIIII
IIIIIIIIIIIIIIIIIIIIIIIIIIIIIIIIIA2IIIIAA2IIIIIA2IIIIAA2A2IIIIII
IIIIIIIIIIIIIIIIIIIIIIIIIIIIIIIIIA2IIIIAA2A2IIIA2IIIIAA2A2IIIIII
IIIIIIIIIIIIIIIIIIIIIIIIIIIIIIIIIIIIIIIIIIIIIIIIIIIIIA2IIIIIIIII
IIIIIIIIIIIIIIIIIIIIIIIIIIIIIIIIIIIIIIIA2IIIIIIIIIIIIA2IIIIIIIII
IIIIIIIIIIIIIIIIIIIIIIIIIIIIIIIIIIIIIIIIIIIIIIA1IIIIIIIIIIIIIIII
IIIIIIIIIIIIIIIIIIIIIIIIIIIIIIIIAIIIIIIIIIIIIIA1IIIIIIIIIIIIIIII
IIIIIIIIIIIIIIIIIIIIIIIIIIIIIIIIAIIIIIIIIIIIIIA1AIIIIIIIIIIIIIII
IIIIIIIIIIIIIIIIIIIIIIIIIIIIIIIIAIAIIIIIIIIIIIA1AIIIIIIIIIIIIIII
IIIIIIIIIIIIIIIIIIIIIIIIIIIIIIIIIIIIIIIIIIIIIIIA2IIIIIIIIIIIIIII
IIIIIIIIIIIIIIIIIIIIIIIIIIIIIIIIIA2IIIIIIIIIIIIA2IIIIIIIIIIIIIII
IIIIIIIIIIIIIIIIIIIIIIIIIIIIIIIIIA2IIIIA2IIIIIIA2IIIIIIIIIIIIIII
IIIIIIIIIIIIIIIIIIIIIIIIIIIIIIIIIA2IIIIA2IIIIIIA2IIIIA2IIIIIIIII
IIIIIIIIIIIIIIIIIIIIIIIIIIIIIIIIIA2IIIIA2IIIIIAA2IIIIA2IIIIIIIII
IIIIIIIIIIIIIIIIIIIIIIIIIIIIIIIIAA2IIIIA2IIIIIAA2IIIIA2IIIIIIIII
IIIIIIIIIIIIIIIIIIIIIIIIIIIIIIIIAA2IIIIA2IIIIIAA2A1IIA2IIIIIIIII
IIIIIIIIIIIIIIIIIIIIIIIIIIIIIIIIAA2A1IIA2IIIIIAA2A1IIA2IIIIIIIII
IIIIIIIIIIIIIIIIIIIIIIIIIIIIIIIIIIIIIIIIIIIIIIIIIIIIIIIAIII2III2
IIIIIIIIIIIIIIIIIIIIIIIIIIIIIIIIIIIIIIIIIIIIIIIIIIIIIA1AIII2III2
IIIIIIIIIIIIIIIIIIIIIIIIIIIIIIIIIIIIIIIIIIIIIIA1IIIIIA1AIII2III2
IIIIIIIIIIIIIIIIIIIIIIIIIIIIIIIIIIIIIIIA1IIIIIA1IIIIIA1AIII2III2
IIIIIIIIIIIIIIIIIIIIIIIIIIIIIIIIA1IIIIIA1IIIIIA1IIIIIA1AIII2III2
IIIIIIIIIIIIIIIIIIIIIIIIIIIIIIIIIIIIIIIIIIIIIIIIIIIIIIIIA1II2III
IIIIIIIIIIIIIIIIIIIIIIIIIIIIIIIIIIIIIIIIIIA1II2IIIIIIIIIA1II2III
IIIIIIIIIIIIIIIIIIIIIIIIIIIIIIIIIIIIIIIA1IA1II2IIIIIIIIIA1II2III
IIIIIIIIIIIIIIIIIIIIIIIIIIIIIIIIIIIIIIIA1IA1II2IIIIIIA1IA1II2III
IIIIIIIIIIIIIIIIIIIIIIIIIIIIIIIIIIIIIIIA1IA1II2A1II2IA1IA1II2III
IIIIIIIIIIIIIIIIIIIIIIIIIIIIIIIIIA1IIIIA1IA1II2A1II2IA1IA1II2III
IIIIIIIIIIIIIIIIIIIIIIIIIIIIIIIIIAA1II2A1IA1II2A1II2IA1IA1II2III
IIIIIIIIIIIIIIIIIIIIIIIIIIIIIIIIIAA1II2A1IA1II2AA1I22A1IA1II2III
IIIIIIIIIIIIIIIIIIIIIIIIIIIIIIIIIIIIIIIIIIIIIIIIIIIIIIA2IIIIIIII
IIIIIIIIIIIIIIIIIIIIIIIIIIIIIIIIIIIIIIIIA2IIIIIIIIIIIIA2IIIIIIII
IIIIIIIIIIIIIIIIIIIIIIIIIIIIIIIIIA2IIIIIA2IIIIIIIIIIIIA2IIIIIIII
IIIIIIIIIIIIIIIIIIIIIIIIIIIIIIIIIA2IIIIIA2IIIIIA2IIIIIA2IIIIIIII
IIIIIIIIIIIIIIIIIIIIIIIIIIIIIIIIIAA2IIIIA2IIIIIA2IIIIIA2IIIIIIII
IIIIIIIIIIIIIIIIIIIIIIIIIIIIIIIIIAA2IIIIA2IIIIIAA2IIIIA2IIIIIIII
IIIIIIIIIIIIIIIIIIIIIIIIIIIIIIIIIAA2IIIIA2IIIIAAA2IIIIA2IIIIIIII
IIIIIIIIIIIIIIIIIIIIIIIIIIIIIIIIAAA2IIIIA2IIIIAAA2IIIIA2IIIIIIII
IIIIIIIIIIIIIIIIIIIIIIIIIIIIIIIIIIIIIIIIIIIIIIIIIIIIIA1IIIIIIIII
IIIIIIIIIIIIIIIIIIIIIIIIIIIIIIIIIIIIIIIAIIIIIIIIIIIIIA1IIIIIIIII
IIIIIIIIIIIIIIIIIIIIIIIIIIIIIIIIIIIIIIIAIIIIIIAIIIIIIA1IIIIIIIII
IIIIIIIIIIIIIIIIIIIIIIIIIIIIIIIIAIIIIIIAIIIIIIAIIIIIIA1IIIIIIIII
IIIIIIIIIIIIIIIIIIIIIIIIIIIIIIIIAIIIIIIAIIIIIIAA2IIIIA1IIIIIIIII
IIIIIIIIIIIIIIIIIIIIIIIIIIIIIIIIAA2IIIIAIIIIIIAA2IIIIA1IIIIIIIII
IIIIIIIIIIIIIIIIIIIIIIIIIIIIIIIIAA2IIIIA2IIIIIAA2IIIIA1IIIIIIIII
IIIIIIIIIIIIIIIIIIIIIIIIIIIIIIIIIIIIIIIIIIIIIIIIA1IIIIIIIIIIIIII
IIIIIIIIIIIIIIIIIIIIIIIIIIIIIIIIIIIIIIIIIIIIIIIAA1IIIIIIIIIIIIII
IIIIIIIIIIIIIIIIIIIIIIIIIIIIIIIIIA1IIIIIIIIIIIIAA1IIIIIIIIIIIIII
IIIIIIIIIIIIIIIIIIIIIIIIIIIIIIIIIA1IIIIIIIIIIIIAA1IIIAIIIIIIIIII
IIIIIIIIIIIIIIIIIIIIIIIIIIIIIIIIIA1IIIIAIIIIIIIAA1IIIAIIIIIIIIII
IIIIIIIIIIIIIIIIIIIIIIIIIIIIIIIIIIIIIIIIIIIIIIIIIIIIIIIAIII2IIII
IIIIIIIIIIIIIIIIIIIIIIIIIIIIIIIIIIIIIIIIIIIIIIIIIIIIIIIA1IIIIIII
IIIIIIIIIIIIIIIIIIIIIIIIIIIIIIIIIIIIIIIIIIIIIIIIIIIIIIIA2IIIIIII
IIIIIIIIIIIIIIIIIIIIIIIIIIIIIIIIIIIIIIIIIIIIIIIIIIIIIIIA1IIIIIII
IIIIIIIIIIIIIIIIIIIIIIIIIIIIIIIIIIIIIIIIIIIIIIA1IIIIIIIIIIIIIIII
IIIIIIIIIIIIIIIIIIIIIIIIIIIIIIIIA1IIIIIIIIIIIIA1IIIIIIIIIIIIIIII
IIIIIIIIIIIIIIIIIIIIIIIIIIIIIIIIA1IIIIIIIIIIIIA1IIIIIIIIA1IIIIII
IIIIIIIIIIIIIIIIIIIIIIIIIIIIIIIIA1IIIIIIIIA1IIA1IIIIIIIIA1IIIIII
IIIIIIIIIIIIIIIIIIIIIIIIIIIIIIIIA1IIIIIIIIA1IIA1A1IIIIIIA1IIIIII
IIIIIIIIIIIIIIIIIIIIIIIIIIIIIIIIA1IIIIIIIIA1IIAAA1IIIIIIA1IIIIII
IIIIIIIIIIIIIIIIIIIIIIIIIIIIIIIIA1A1IIIIIIA1IIAAA1IIIIIIA1IIIIII
IIIIIIIIIIIIIIIIIIIIIIIIIIIIIIIIAAA1IIIIIIA1IIAAA1IIIIIIA1IIIIII
IIIIIIIIIIIIIIIIIIIIIIIIIIIIIIIIIIIIIIIIIIIIIIA1IIIIIIIIIIIIIIII
IIIIIIIIIIIIIIIIIIIIIIIIIIIIIIIIA1IIIIIIIIIIIIA1IIIIIIIIIIIIIIII
IIIIIIIIIIIIIIIIIIIIIIIIIIIIIIIIA1A1IIIIIIIIIIA1IIIIIIIIIIIIIIII
IIIIIIIIIIIIIIIIIIIIIIIIIIIIIIIIA1A1IIIIIIIIIIA1A1IIIIIIIIIIIIII
IIIIIIIIIIIIIIIIIIIIIIIIIIIIIIIIA1A1IIIIIIIIIIAAA1IIIIIIIIIIIIII
IIIIIIIIIIIIIIIIIIIIIIIIIIIIIIIIAAA1IIIIIIIIIIAAA1IIIIIIIIIIIIII
IIIIIIIIIIIIIIIIIIIIIIIIIIIIIIIIIIIIIIIIIIIIIIIIIIIIIA1IIIIIIIII
IIIIIIIIIIIIIIIIIIIIIIIIIIIIIIIIIIIIIIIIIIIIIIA1IIIIIA1IIIIIIIII
IIIIIIIIIIIIIIIIIIIIIIIIIIIIIIIIA1IIIIIIIIIIIIA1IIIIIA1IIIIIIIII
IIIIIIIIIIIIIIIIIIIIIIIIIIIIIIIIIIIIIIIIIIIIIIIIIIIIIIIIA2IIIIII
IIIIIIIIIIIIIIIIIIIIIIIIIIIIIIIIIIIIIIIIIIA2IIIIIIIIIIIIA2IIIIII
IIIIIIIIIIIIIIIIIIIIIIIIIIIIIIIIIIIIIIIIIIA2IIIIA2IIIIIIA2IIIIII
IIIIIIIIIIIIIIIIIIIIIIIIIIIIIIIIIIA2IIIIIIA2IIIIA2IIIIIIA2IIIIII
IIIIIIIIIIIIIIIIIIIIIIIIIIIIIIIIIIIIIIIIIIIIIIA2IIIIIIIIIIIIIIII
IIIIIIIIIIIIIIIIIIIIIIIIIIIIIIIIA2IIIIIIIIIIIIA2IIIIIIIIIIIIIIII
IIIIIIIIIIIIIIIIIIIIIIIIIIIIIIIIA2IIIIIIIIIIIIA2IIIIIIIIA2IIIIII
IIIIIIIIIIIIIIIIIIIIIIIIIIIIIIIIA2IIIIIIIIA2IIA2IIIIIIIIA2IIIIII
IIIIIIIIIIIIIIIIIIIIIIIIIIIIIIIIA2IIIIIIIIA2IIA2IIIIIIA2A2IIIIII
IIIIIIIIIIIIIIIIIIIIIIIIIIIIIIIIA2IIIIIIIIA2IIAA2IIIIIA2A2IIIIII
IIIIIIIIIIIIIIIIIIIIIIIIIIIIIIIIA2IIIIIIA2A2IIAA2IIIIIA2A2IIIIII
IIIIIIIIIIIIIIIIIIIIIIIIIIIIIIIIAA2IIIIIA2A2IIAA2IIIIIA2A2IIIIII
IIIIIIIIIIIIIIIIIIIIIIIIIIIIIIIIIIIIIIIIIIIIIIIIIIIIIIIIA2IIIIII
IIIIIIIIIIIIIIIIIIIIIIIIIIIIIIIIIIIIIIIIIIA2IIIIIIIIIIIIA2IIIIII
IIIIIIIIIIIIIIIIIIIIIIIIIIIIIIIIIIIIIIIIIIA2IIIIIIIIIIA2A2IIIIII
IIIIIIIIIIIIIIIIIIIIIIIIIIIIIIIIIIIIIIIIA2A2IIIIIIIIIIA2A2IIIIII
IIIIIIIIIIIIIIIIIIIIIIIIIIIIIIIIIIIIIIIIIIIIIIA1IIIIIIIIIIIIIIII
IIIIIIIIIIIIIIIIIIIIIIIIIIIIIIIIA1IIIIIIIIIIIIA1IIIIIIIIIIIIIIII
IIIIIIIIIIIIIIIIIIIIIIIIIIIIIIIIA1IIIIIIIIA1IIA1IIIIIIIIIIIIIIII
IIIIIIIIIIIIIIIIIIIIIIIIIIIIIIIIA1IIIIIIIIA1IIA1IIIIIIIIA1IIIIII
IIIIIIIIIIIIIIIIIIIIIIIIIIIIIIIIIIIIIIIIIIIIIIIIIIIIIIA2IIIIIIII
IIIIIIIIIIIIIIIIIIIIIIIIIIIIIIIIIIIIIIIIIIIIIIIIA1IIIIIIIIIIIIII
IIIIIIIIIIIIIIIIIIIIIIIIIIIIIIIIIIIIIIIIIIIIIIIAIIIIIIIIIIIIIIII
IIIIIIIIIIIIIIIIIIIIIIIIIIIIIIIIIAIIIIIIIIIIIIIAIIIIIIIIIIIIIIII
IIIIIIIIIIIIIIIIIIIIIIIIIIIIIIIIAAIIIIIIIIIIIIIAIIIIIIIIIIIIIIII
IIIIIIIIIIIIIIIIIIIIIIIIIIIIIIIIAAIIIIIIIIIIIIAAIIIIIIIIIIIIIIII
IIIIIIIIIIIIIIIIIIIIIIIIIIIIIIIIIIIIIIIIIIIIIIA2IIIIIIIIIIIIIIII
IIIIIIIIIIIIIIIIIIIIIIIIIIIIIIIIIIIIIIIIIIIIIIA1IIIIIIIIIIIIIIII
IIIIIIIIIIIIIIIIIIIIIIIIIIIIIIIIIIIIIIIIIIIIIIIIIAIIIIIIIIIIIIII
IIIIIIIIIIIIIIIIIIIIIIIIIIIIIIIIIIIIIIIIIIIIIIIIIA1IIIIIIIIIIIII
IIIIIIIIIIIIIIIIIIIIIIIIIIIIIIIIIIIA1IIIIIIIIIIIIA1IIIIIIIIIIIII
IIIIIIIIIIIIIIIIIIIIIIIIIIIIIIIIIIIA1IIIIIIIIIIA1A1IIIIIIIIIIIII
IIIIIIIIIIIIIIIIIIIIIIIIIIIIIIIIIA1A1IIIIIIIIIIA1A1IIIIIIIIIIIII
IIIIIIIIIIIIIIIIIIIIIIIIIIIIIIIIIIIIIIIIIIIIIIIIIIIIIIA1IIIIIIII
IIIIIIIIIIIIIIIIIIIIIIIIIIIIIIIIIIIIIIIIA1IIIIIIIIIIIIA1IIIIIIII
IIIIIIIIIIIIIIIIIIIIIIIIIIIIIIIIIIIIIIIIA1IIIIA1IIIIIIA1IIIIIIII
IIIIIIIIIIIIIIIIIIIIIIIIIIIIIIIIA1IIIIIIA1IIIIA1IIIIIIA1IIIIIIII
IIIIIIIIIIIIIIIIIIIIIIIIIIIIIIIIA1IIIIIIA1IIIIA1IIIIIAA1IIIIIIII
IIIIIIIIIIIIIIIIIIIIIIIIIIIIIIIIA1IIIIIAA1IIIIA1IIIIIAA1IIIIIIII
IIIIIIIIIIIIIIIIIIIIIIIIIIIIIIIIA1IIIIIAA1IIIIA1IIIIIAA1A1IIIIII
IIIIIIIIIIIIIIIIIIIIIIIIIIIIIIIIA1IIIIIAA1A1IIA1IIIIIAA1A1IIIIII
IIIIIIIIIIIIIIIIIIIIIIIIIIIIIIIIA1IIIIIAA1A1IIA1IA1IIAA1A1IIIIII
IIIIIIIIIIIIIIIIIIIIIIIIIIIIIIIIA1IA1IIAA1A1IIA1IA1IIAA1A1IIIIII
IIIIIIIIIIIIIIIIIIIIIIIIIIIIIIIIIIIIIIIIIIIIIIIIIIIIIIIIA1IIIIII
IIIIIIIIIIIIIIIIIIIIIIIIIIIIIIIIIIIIIIIIIIIIIIIIIIIIIIAIA1IIIIII
IIIIIIIIIIIIIIIIIIIIIIIIIIIIIIIIIIIIIIIIAIIIIIIIIIIIIIAIA1IIIIII
IIIIIIIIIIIIIIIIIIIIIIIIIIIIIIIIIIIIIIIIAIAIIIIIIIIIIIAIA1IIIIII
IIIIIIIIIIIIIIIIIIIIIIIIIIIIIIIIIIIIIIIIIIIIIIIA2IIIIIIIIIIIIIII
IIIIIIIIIIIIIIIIIIIIIIIIIIIIIIIIIIIIIIIIIIIIIIIA1IIIIIIIIIIIIIII
IIIIIIIIIIIIIIIIIIIIIIIIIIIIIIIIIIIIIIIIIIIIIIIA2IIIIIIIIIIIIIII
IIIIIIIIIIIIIIIIIIIIIIIIIIIIIIIIIIIIIIIIIIIIIIIA1IIIIIIIIIIIIIII
IIIIIIIIIIIIIIIIIIIIIIIIIIIIIIIIIIIIIIIIIIIIIIIAIIIIIIIIIIIIIIII
IIIIIIIIIIIIIIIIIIIIIIIIIIIIIIIIIIIIIIIIIIIIIIIA2IIIIIIIIIIIIIII
IIIIIIIIIIIIIIIIIIIIIIIIIIIIIIIIIIIIIIIIIIIIII2A2IIIIIIIIIIIIIII
IIIIIIIIIIIIIIIIIIIIIIIIIIIIIIII2AIIIIIIIIIIII2A2IIIIIIIIIIIIIII
IIIIIIIIIIIIIIIIIIIIIIIIIIIIIIII2AIIIIIIIIIIII2AAIIIIIIIIIIIIIII
IIIIIIIIIIIIIIIIIIIIIIIIIIIIIIII2AAIIIIIIIIIII2AAIIIIIIIIIIIIIII
IIIIIIIIIIIIIIIIIIIIIIIIIIIIIIIIIIIIIIIIIIIIIIA1IIIIIIIIIIIIIIII
IIIIIIIIIIIIIIIIIIIIIIIIIIIIIIIIIIIIIIIIIIIIIIAA1IIIIIIIIIIIIIII
IIIIIIIIIIIIIIIIIIIIIIIIIIIIIIIIA1IIIIIIIIIIIIAA1IIIIIIIIIIIIIII
IIIIIIIIIIIIIIIIIIIIIIIIIIIIIIIIAA1IIIIIIIIIIIAA1IIIIIIIIIIIIIII
IIIIIIIIIIIIIIIIIIIIIIIIIIIIIIIIAA1IIIIIIIIIIIAA1IIIIA12IIIIIIII
IIIIIIIIIIIIIIIIIIIIIIIIIIIIIIIIAA1IIIIIIIIIIIAA1A12IA12IIIIIIII
IIIIIIIIIIIIIIIIIIIIIIIIIIIIIIIIAA1AIIIIIIIIIIAA1A12IA12IIIIIIII
IIIIIIIIIIIIIIIIIIIIIIIIIIIIIIIIAA1AIIIIIIIIIIAA1A122A12IIIIIIII
IIIIIIIIIIIIIIIIIIIIIIIIIIIIIIIIAA1AII2AIIIIIIAA1A122A12IIIIIIII
IIIIIIIIIIIIIIIIIIIIIIIIIIIIIIIIIIIIIIIIIIIIIIIIIIIIIIIA12IIIIII
IIIIIIIIIIIIIIIIIIIIIIIIIIIIIIIIIIIIIIIIIIIIIIIAIIIIIIIIIIIIIIII
IIIIIIIIIIIIIIIIIIIIIIIIIIIIIIIIIIIIIIIIIIIIIIAAIIIIIIIIIIIIIIII
IIIIIIIIIIIIIIIIIIIIIIIIIIIIIIIIIAIIIIIIIIIIIIAAIIIIIIIIIIIIIIII
IIIIIIIIIIIIIIIIIIIIIIIIIIIIIIIIAAIIIIIIIIIIIIAAIIIIIIIIIIIIIIII
IIIIIIIIIIIIIIIIIIIIIIIIIIIIIIIIIIIIIIIIIIIIIIIIA1IIIIIIIIIIIIII
IIIIIIIIIIIIIIIIIIIIIIIIIIIIIIIIIIIIIIIIIIIIIIIIA1IIIIIA1IIIIIII
IIIIIIIIIIIIIIIIIIIIIIIIIIIIIIIIIIA1IIIIIIIIIIIIA1IIIIIA1IIIIIII
IIIIIIIIIIIIIIIIIIIIIIIIIIIIIIIIIIA1IIIIIA1IIIIIA1IIIIIA1IIIIIII
IIIIIIIIIIIIIIIIIIIIIIIIIIIIIIIIIIA1IIIIIA1IIII2A1IIIIIA1IIIIIII
IIIIIIIIIIIIIIIIIIIIIIIIIIIIIIIIIIIIIIIIIIIIIIIIA2IIIIIIIIIIIIII
IIIIIIIIIIIIIIIIIIIIIIIIIIIIIIIIIIIIIIIIIIIIIIIIA2IIIIA2IIIIIIII
IIIIIIIIIIIIIIIIIIIIIIIIIIIIIIIIIIIIIIIIA2IIIIIIA2IIIIA2IIIIIIII
IIIIIIIIIIIIIIIIIIIIIIIIIIIIIIIIIIIIIIIIA2IIIIA2A2IIIIA2IIIIIIII
IIIIIIIIIIIIIIIIIIIIIIIIIIIIIIIIA2IIIIIIA2IIIIA2A2IIIIA2IIIIIIII
IIIIIIIIIIIIIIIIIIIIIIIIIIIIIIIIIIIIIIIIIIIIIIIIIIIIIIIAII1IIIII
IIIIIIIIIIIIIIIIIIIIIIIIIIIIIIIIIIIIIIIIIAII1IIIIIIIIIIAII1IIIII
IIIIIIIIIIIIIIIIIIIIIIIIIIIIIIIIAII1IIIIIAII1IIIIIIIIIIAII1IIIII
IIIIIIIIIIIIIIIIIIIIIIIIIIIIIIIIAII1IIIIIAII1IAII1IIIIIAII1IIIII
IIIIIIIIIIIIIIIIIIIIIIIIIIIIIIIIIIIIIIIIIIIIIIIIIA2IIIIIIIIIIIII
IIIIIIIIIIIIIIIIIIIIIIIIIIIIIIIIIIIIIIIIIIIIIIIA2A2IIIIIIIIIIIII
IIIIIIIIIIIIIIIIIIIIIIIIIIIIIIIIIA2IIIIIIIIIIIIA2A2IIIIIIIIIIIII
IIIIIIIIIIIIIIIIIIIIIIIIIIIIIIIIIA2A2IIIIIIIIIIA2A2IIIIIIIIIIIII
IIIIIIIIIIIIIIIIIIIIIIIIIIIIIIIIIIIIIIIIIIIIIIIA1IIIIIIIIIIIIIII
IIIIIIIIIIIIIIIIIIIIIIIIIIIIIIIIIIIIIIIIIIIIIIIA1IIIIIIIAIIIIIII
IIIIIIIIIIIIIIIIIIIIIIIIIIIIIIIIIIIIIIIIIIIIIIIA1IIIIIIAAIIIIIII
IIIIIIIIIIIIIIIIIIIIIIIIIIIIIIIIIIIIIIIIIIAIIIIA1IIIIIIAAIIIIIII
IIIIIIIIIIIIIIIIIIIIIIIIIIIIIIIIIIIIIIIIIAAIIIIA1IIIIIIAAIIIIIII
IIIIIIIIIIIIIIIIIIIIIIIIIIIIIIIIIIIIIIIIIIIIIIA1IIIIIIIIIIIIIIII
IIIIIIIIIIIIIIIIIIIIIIIIIIIIIIIIIIIIIIIIIIIIIIA1IIIIIIIIA1IIIIII
IIIIIIIIIIIIIIIIIIIIIIIIIIIIIIIIA1IIIIIIIIIIIIA1IIIIIIIIA1IIIIII
IIIIIIIIIIIIIIIIIIIIIIIIIIIIIIIIA1IIIIIIIIA1IIA1IIIIIIIIA1IIIIII
IIIIIIIIIIIIIIIIIIIIIIIIIIIIIIIIIIIIIIIIIIIIIIA1IIIIIIIIIIIIIIII
IIIIIIIIIIIIIIIIIIIIIIIIIIIIIIIIA1IIIIIIIIIIIIA1IIIIIIIIIIIIIIII
IIIIIIIIIIIIIIIIIIIIIIIIIIIIIIIIAA1IIIIIIIIIIIA1IIIIIIIIIIIIIIII
IIIIIIIIIIIIIIIIIIIIIIIIIIIIIIIIAA1IIIIIIIIIIIAA1IIIIIIIIIIIIIII
IIIIIIIIIIIIIIIIIIIIIIIIIIIIIIIIAA1IIIIIIIIIIIAA1IIIIIIA1IIIIIII
IIIIIIIIIIIIIIIIIIIIIIIIIIIIIIIIAA1IIIIIIA1IIIAA1IIIIIIA1IIIIIII
IIIIIIIIIIIIIIIIIIIIIIIIIIIIIIIIIIIIIIIIIIIIIIAI2IIIIIIIIIIIIIII
IIIIIIIIIIIIIIIIIIIIIIIIIIIIIIIIIIIIIIIIIIIIIIA22IIIIIIIIIIIIIII
IIIIIIIIIIIIIIIIIIIIIIIIIIIIIIIIIIIIIIIIIIIIIIIIA1IIIIIIIIIIIIII
IIIIIIIIIIIIIIIIIIIIIIIIIIIIIIIIIIA1IIIIIIIIIIIIA1IIIIIIIIIIIIII
IIIIIIIIIIIIIIIIIIIIIIIIIIIIIIIIIIA1IIIIIIIIIIIIAA1IIIIIIIIIIIII
IIIIIIIIIIIIIIIIIIIIIIIIIIIIIIIIIIAA1IIIIIIIIIIIAA1IIIIIIIIIIIII
IIIIIIIIIIIIIIIIIIIIIIIIIIIIIIIIIIAA1IIIIIIIIIA1AA1IIIIIIIIIIIII
IIIIIIIIIIIIIIIIIIIIIIIIIIIIIIIIA1AA1IIIIIIIIIA1AA1IIIIIIIIIIIII
IIIIIIIIIIIIIIIIIIIIIIIIIIIIIIIIIIIIIIIIIIIIIIIA1IIIIIIIIIIIIIII
IIIIIIIIIIIIIIIIIIIIIIIIIIIIIIIIIA1IIIIIIIIIIIIA1IIIIIIIIIIIIIII
IIIIIIIIIIIIIIIIIIIIIIIIIIIIIIIIIAA1IIIIIIIIIIIA1IIIIIIIIIIIIIII
IIIIIIIIIIIIIIIIIIIIIIIIIIIIIIIIIAA1IIIIIIIIIIIAA1IIIIIIIIIIIIII
IIIIIIIIIIIIIIIIIIIIIIIIIIIIIIIIIIIIIIIIIIIIIIIAIIIIIIIIIIIIIIII
IIIIIIIIIIIIIIIIIIIIIIIIIIIIIIIIIIIIIIIIIIIIIIIA1IIIIIIIIIIIIIII
IIIIIIIIIIIIIIIIIIIIIIIIIIIIIIIIIIIIIIIIIIIIIIIA12IIIIIIIIIIIIII
IIIIIIIIIIIIIIIIIIIIIIIIIIIIIIIIIIIIIIIIIIIIIIIA1IIIIIIIIIIIIIII
IIIIIIIIIIIIIIIIIIIIIIIIIIIIIIIIIIIIIIIIIIIIIIAA1IIIIIIIIIIIIIII
IIIIIIIIIIIIIIIIIIIIIIIIIIIIIIIIA1IIIIIIIIIIIIAA1IIIIIIIIIIIIIII
IIIIIIIIIIIIIIIIIIIIIIIIIIIIIIIIIIIIIIIIIIIIIIIIIIIIIA1IIIIIIIII
IIIIIIIIIIIIIIIIIIIIIIIIIIIIIIIIIIIIIIIA1IIIIIIIIIIIIA1IIIIIIIII
IIIIIIIIIIIIIIIIIIIIIIIIIIIIIIIIIIIIIIIA1IIIIIA1IIIIIA1IIIIIIIII
IIIIIIIIIIIIIIIIIIIIIIIIIIIIIIIIA1IIIIIA1IIIIIA1IIIIIA1IIIIIIIII
IIIIIIIIIIIIIIIIIIIIIIIIIIIIIIIIA1IIIIIA1IIIIIA1IA1IIA1IIIIIIIII
IIIIIIIIIIIIIIIIIIIIIIIIIIIIIIIIA1IA1IIA1IIIIIA1IA1IIA1IIIIIIIII
IIIIIIIIIIIIIIIIIIIIIIIIIIIIIIIIA1IA1IIA1IIIIIA1AA1IIA1IIIIIIIII
IIIIIIIIIIIIIIIIIIIIIIIIIIIIIIIIA1AA1IIA1IIIIIA1AA1IIA1IIIIIIIII
IIIIIIIIIIIIIIIIIIIIIIIIIIIIIIIIIIIIIIIIIIIIIIAIIIIIIIIIIIIIIIII
IIIIIIIIIIIIIIIIIIIIIIIIIIIIIIIIIIIIIIIIIIIIIIA1IIIIIIIIIIIIIIII
IIIIIIIIIIIIIIIIIIIIIIIIIIIIIIIIA1IIIIIIIIIIIIA1IIIIIIIIIIIIIIII
IIIIIIIIIIIIIIIIIIIIIIIIIIIIIIIIIIIIIIIIIIIIIIIIIIIIIAIIIIIIIIII
IIIIIIIIIIIIIIIIIIIIIIIIIIIIIIIIIIIIIIIIIIIIIIIIIIIIIA1IIIIIIIII
IIIIIIIIIIIIIIIIIIIIIIIIIIIIIIIIIIIIIIIIIIIIIIIIA1IIIA1IIIIIIIII
IIIIIIIIIIIIIIIIIIIIIIIIIIIIIIIIIIIIIIIIIIIIIII2A1IIIA1IIIIIIIII
IIIIIIIIIIIIIIIIIIIIIIIIIIIIIIIII2AIIIIIIIIIIII2A1IIIA1IIIIIIIII
IIIIIIIIIIIIIIIIIIIIIIIIIIIIIIIIIIIIIIIIIIIIIIIA1IIIIIIIIIIIIIII
IIIIIIIIIIIIIIIIIIIIIIIIIIIIIIIIIIIIIIIIIIIIIIIA1IIIIA1IIIIIIIII
IIIIIIIIIIIIIIIIIIIIIIIIIIIIIIIIIIIIIIIIIIIIIIAA1IIIIA1IIIIIIIII
IIIIIIIIIIIIIIIIIIIIIIIIIIIIIIIIAIIIIIIIIIIIIIAA1IIIIA1IIIIIIIII
IIIIIIIIIIIIIIIIIIIIIIIIIIIIIIIIAIIIIIIIIIIIIIAAAIIIIA1IIIIIIIII
IIIIIIIIIIIIIIIIIIIIIIIIIIIIIIIIAIAIIIIIIIIIIIAAAIIIIA1IIIIIIIII
IIIIIIIIIIIIIIIIIIIIIIIIIIIIIIIIAIAIIIIIIIIIIIAAAIIIIA1AIIIIIIII
IIIIIIIIIIIIIIIIIIIIIIIIIIIIIIIIAIAIIIIIIAIIIIAAAIIIIA1AIIIIIIII
IIIIIIIIIIIIIIIIIIIIIIIIIIIIIIIIAIAIIIIA2AIIIIAAAIIIIA1AIIIIIIII
IIIIIIIIIIIIIIIIIIIIIIIIIIIIIIIIAIAA2IIA2AIIIIAAAIIIIA1AIIIIIIII
IIIIIIIIIIIIIIIIIIIIIIIIIIIIIIIIAIAA2IIA2AIIIIAAAA2IIA1AIIIIIIII
IIIIIIIIIIIIIIIIIIIIIIIIIIIIIIIIIIIIIIIIIIIIIIIIIIIIIA2IIIIIIIII
IIIIIIIIIIIIIIIIIIIIIIIIIIIIIIIIIIIIIIIIIIIIIIIIIIIIIA1IIIIIIIII
IIIIIIIIIIIIIIIIIIIIIIIIIIIIIIIIIIIIIIIIIIIIIIIIIIIIIAA1IIIIIIII
IIIIIIIIIIIIIIIIIIIIIIIIIIIIIIIIIIIIIIIIIIIIIIA1IIIIIAA1IIIIIIII
IIIIIIIIIIIIIIIIIIIIIIIIIIIIIIIIIIIIIIIIA1IIIIA1IIIIIAA1IIIIIIII
IIIIIIIIIIIIIIIIIIIIIIIIIIIIIIIIA1IIIIIIA1IIIIA1IIIIIAA1IIIIIIII
IIIIIIIIIIIIIIIIIIIIIIIIIIIIIIIIIIIIIIIIIIIIIIA2IIIIIIIIIIIIIIII
IIIIIIIIIIIIIIIIIIIIIIIIIIIIIIIIA2IIIIIIIIIIIIA2IIIIIIIIIIIIIIII
IIIIIIIIIIIIIIIIIIIIIIIIIIIIIIIIA2IIIIIIIIIIIIA2IIIIIIA2IIIIIIII
IIIIIIIIIIIIIIIIIIIIIIIIIIIIIIIIA2IIIIIIA2IIIIA2IIIIIIA2IIIIIIII
IIIIIIIIIIIIIIIIIIIIIIIIIIIIIIIIA2IIIIIIA2IIIIA2A2IIIIA2IIIIIIII
IIIIIIIIIIIIIIIIIIIIIIIIIIIIIIIIA2A2IIIIA2IIIIA2A2IIIIA2IIIIIIII
IIIIIIIIIIIIIIIIIIIIIIIIIIIIIIIIIIIIIIIIIIIIIIIAIIIIIIIIIIIIIIII
IIIIIIIIIIIIIIIIIIIIIIIIIIIIIIIIIAIIIIIIIIIIIIIAIIIIIIIIIIIIIIII
IIIIIIIIIIIIIIIIIIIIIIIIIIIIIIIIIAAIIIIIIIIIIIIAIIIIIIIIIIIIIIII
IIIIIIIIIIIIIIIIIIIIIIIIIIIIIIIIIAAIIIIIIIIIIIIAAIIIIIIIIIIIIIII
IIIIIIIIIIIIIIIIIIIIIIIIIIIIIIIIIAAIIIIIIIIIIIAAAIIIIIIIIIIIIIII
IIIIIIIIIIIIIIIIIIIIIIIIIIIIIIIIIAAIIIIIIIIIIIAAAIIIIIAIIIIIIIII
IIIIIIIIIIIIIIIIIIIIIIIIIIIIIIIIAAAIIIIIIIIIIIAAAIIIIIAIIIIIIIII
IIIIIIIIIIIIIIIIIIIIIIIIIIIIIIIIAAAIIIIIAIIIIIAAAIIIIIAIIIIIIIII
IIIIIIIIIIIIIIIIIIIIIIIIIIIIIIIIAAAIIIIIAIIIIIAAAIIIIAAIIIIIIIII
IIIIIIIIIIIIIIIIIIIIIIIIIIIIIIIIAAAIIIIAAIIIIIAAAIIIIAAIIIIIIIII
IIIIIIIIIIIIIIIIIIIIIIIIIIIIIIIIIIIIIIIIIIIIIIIIIIIIIIA1IIIIIIII
IIIIIIIIIIIIIIIIIIIIIIIIIIIIIIIIIIIIIIIIA1IIIIIIIIIIIIA1IIIIIIII
IIIIIIIIIIIIIIIIIIIIIIIIIIIIIIIIIIIIIIIAA1IIIIIIIIIIIIA1IIIIIIII
IIIIIIIIIIIIIIIIIIIIIIIIIIIIIIIIIIIIIIIAA1IIIIIIIIIIIAA1IIIIIIII
IIIIIIIIIIIIIIIIIIIIIIIIIIIIIIIIIIIIIIIAA1IIIIIA12IIIAA1IIIIIIII
IIIIIIIIIIIIIIIIIIIIIIIIIIIIIIIIIA12IIIAA1IIIIIA12IIIAA1IIIIIIII
IIIIIIIIIIIIIIIIIIIIIIIIIIIIIIIIIA12IIIAA1IIIIIA12IIIAA12IIIIIII
IIIIIIIIIIIIIIIIIIIIIIIIIIIIIIIIIA12IIIAA12IIIIA12IIIAA12IIIIIII
IIIIIIIIIIIIIIIIIIIIIIIIIIIIIIIIIIIIIIIIIIIIIIIIIIIIIA1IIIIIIIII
IIIIIIIIIIIIIIIIIIIIIIIIIIIIIIIIIIIIIIIA1IIIIIIIIIIIIA1IIIIIIIII
IIIIIIIIIIIIIIIIIIIIIIIIIIIIIIIIIA1IIIIA1IIIIIIIIIIIIA1IIIIIIIII
IIIIIIIIIIIIIIIIIIIIIIIIIIIIIIIIIA1IIIIA1IIIIIIA1IIIIA1IIIIIIIII
IIIIIIIIIIIIIIIIIIIIIIIIIIIIIIIIIIIIIIIIIIIIIIIIIIIIIIAIIIIIIIII
IIIIIIIIIIIIIIIIIIIIIIIIIIIIIIIIIIIIIIIIAIIIIIIIIIIIIIAIIIIIIIII
IIIIIIIIIIIIIIIIIIIIIIIIIIIIIIIIAIIIIIIIAIIIIIIIIIIIIIAIIIIIIIII
IIIIIIIIIIIIIIIIIIIIIIIIIIIIIIIIAIIIIIIIAIIIIIAIIIIIIIAIIIIIIIII
IIIIIIIIIIIIIIIIIIIIIIIIIIIIIIIIAIIIIIIIAIIIIIAIIIIIIIAAIIIIIIII
IIIIIIIIIIIIIIIIIIIIIIIIIIIIIIIIAIIIIIIIAAIIIIAIIIIIIIAAIIIIIIII
IIIIIIIIIIIIIIIIIIIIIIIIIIIIIIIIIIIIIIIIIIIIIIIIIIIIIIIIA1IIIIII
IIIIIIIIIIIIIIIIIIIIIIIIIIIIIIIIIIIIIIIIIIA1IIIIIIIIIIIIA1IIIIII
IIIIIIIIIIIIIIIIIIIIIIIIIIIIIIIIA1IIIIIIIIA1IIIIIIIIIIIIA1IIIIII
IIIIIIIIIIIIIIIIIIIIIIIIIIIIIIIIA1IIIIIIIIA1IIA1IIIIIIIIA1IIIIII
IIIIIIIIIIIIIIIIIIIIIIIIIIIIIIIIIIIIIIIIIIIIIIA1IIIIIIIIIIIIIIII
IIIIIIIIIIIIIIIIIIIIIIIIIIIIIIIIIIIIIIIIIIIIIIAIIIIIIIIIIIIIIIII
IIIIIIIIIIIIIIIIIIIIIIIIIIIIIIIIIIIIIIIIIIIIIIIIIIIIIA1IIIIIIIII
IIIIIIIIIIIIIIIIIIIIIIIIIIIIIIIIIIIIIIIIIIIIIIIIIIIIIA2IIIIIIIII
IIIIIIIIIIIIIIIIIIIIIIIIIIIIIIIIIIIIIIIIIIIIIIIIIIIIIA1IIIIIIIII
IIIIIIIIIIIIIIIIIIIIIIIIIIIIIIIIIIIIIIIIIIIIIIIIIIIIIIIIA2IIIIII
IIIIIIIIIIIIIIIIIIIIIIIIIIIIIIIIIIIIIIIIIIIIIIIIIIIIIIIIA1IIIIII
IIIIIIIIIIIIIIIIIIIIIIIIIIIIIIIIIIIIIIIIIIA1IIIIIIIIIIIIA1IIIIII
IIIIIIIIIIIIIIIIIIIIIIIIIIIIIIIIIIIIIIIIIIA1IIIIIIIIIIAIA1IIIIII
IIIIIIIIIIIIIIIIIIIIIIIIIIIIIIIIIIIIIIIIIIA1IIIIIIIIIIA1A1IIIIII
IIIIIIIIIIIIIIIIIIIIIIIIIIIIIIIIIIIIIIIIA1A1IIIIIIIIIIA1A1IIIIII
IIIIIIIIIIIIIIIIIIIIIIIIIIIIIIIIIIIIIIIIA1A1IIA1IIIIIIA1A1IIIIII
IIIIIIIIIIIIIIIIIIIIIIIIIIIIIIIIA1IIIIIIA1A1IIA1IIIIIIA1A1IIIIII
IIIIIIIIIIIIIIIIIIIIIIIIIIIIIIIIIIIIIIIIIIIIIIAIIIIIIIIIIIIIIIII
IIIIIIIIIIIIIIIIIIIIIIIIIIIIIIIIIIIIIIIIIIIIIIA1IIIIIIIIIIIIIIII
IIIIIIIIIIIIIIIIIIIIIIIIIIIIIIIIIIIIIIIIIIIIIIA1IIIIIIIIAIIIIIII
IIIIIIIIIIIIIIIIIIIIIIIIIIIIIIIIIIIIIIIIIIIIIIA1IIIIIIIIA2IIIIII
IIIIIIIIIIIIIIIIIIIIIIIIIIIIIIIIIIIIIIIIIIIIIIA1IIIIIIA2A2IIIIII
IIIIIIIIIIIIIIIIIIIIIIIIIIIIIIIIIIIIIIIIIIA2IIA1IIIIIIA2A2IIIIII
IIIIIIIIIIIIIIIIIIIIIIIIIIIIIIIIIIIIIIIIA2A2IIA1IIIIIIA2A2IIIIII
IIIIIIIIIIIIIIIIIIIIIIIIIIIIIIIIA2IIIIIIA2A2IIA1IIIIIIA2A2IIIIII
IIIIIIIIIIIIIIIIIIIIIIIIIIIIIIIIA2IIIIIIA2A2IIAA2IIIIIA2A2IIIIII
IIIIIIIIIIIIIIIIIIIIIIIIIIIIIIIIAA2IIIIIA2A2IIAA2IIIIIA2A2IIIIII
IIIIIIIIIIIIIIIIIIIIIIIIIIIIIIIIIIIIIIIIIIIIIIIIIIIIIIIA1IIIIIII
IIIIIIIIIIIIIIIIIIIIIIIIIIIIIIIIIIIIIIIIIIIIIIIIIIIIIIAA1IIIIIII
IIIIIIIIIIIIIIIIIIIIIIIIIIIIIIIIIIIIIIIIIAIIIIIIIIIIIIAA1IIIIIII
IIIIIIIIIIIIIIIIIIIIIIIIIIIIIIIIIIIIIIIIAAIIIIIIIIIIIIAA1IIIIIII
IIIIIIIIIIIIIIIIIIIIIIIIIIIIIIIIIIIIIIIIIIIIIIIIA1IIIIIIIIIIIIII
IIIIIIIIIIIIIIIIIIIIIIIIIIIIIIIIIIA1IIIIIIIIIIIIA1IIIIIIIIIIIIII
IIIIIIIIIIIIIIIIIIIIIIIIIIIIIIIIIIIIIIIIIIIIIIIIIIIIIIIIA1IIIIII
IIIIIIIIIIIIIIIIIIIIIIIIIIIIIIIIIIIIIIIIIIA1IIIIIIIIIIIIA1IIIIII
IIIIIIIIIIIIIIIIIIIIIIIIIIIIIIIIA1IIIIIIIIA1IIIIIIIIIIIIA1IIIIII
IIIIIIIIIIIIIIIIIIIIIIIIIIIIIIIIA1IIIIIIIIA1IIA1IIIIIIIIA1IIIIII
IIIIIIIIIIIIIIIIIIIIIIIIIIIIIIIIA1IIIIIIIIA1IIAAIIIIIIIIA1IIIIII
IIIIIIIIIIIIIIIIIIIIIIIIIIIIIIIIA1IIIIIIIIA1IIAAAIIIIIIIA1IIIIII
IIIIIIIIIIIIIIIIIIIIIIIIIIIIIIIIA1IIIIIIIIA1IIAAA2IIIIIIA1IIIIII
IIIIIIIIIIIIIIIIIIIIIIIIIIIIIIIIA1A2IIIIIIA1IIAAA2IIIIIIA1IIIIII
IIIIIIIIIIIIIIIIIIIIIIIIIIIIIIIIIIIIIIIIIIIIIIIIIIIIIIA1IIIIIIII
IIIIIIIIIIIIIIIIIIIIIIIIIIIIIIIIIIIIIIIIAIIIIIIIIIIIIIA1IIIIIIII
IIIIIIIIIIIIIIIIIIIIIIIIIIIIIIIIIIIIIIIIAIIIIIIIIIIIIAA1IIIIIIII
IIIIIIIIIIIIIIIIIIIIIIIIIIIIIIIIIIIIIIIAAIIIIIIIIIIIIAA1IIIIIIII
IIIIIIIIIIIIIIIIIIIIIIIIIIIIIIIIIIIIIIIAAIIIIIA2IIIIIAA1IIIIIIII
IIIIIIIIIIIIIIIIIIIIIIIIIIIIIIIIIIIIIIIAAIIIIIA1IIIIIAA1IIIIIIII
IIIIIIIIIIIIIIIIIIIIIIIIIIIIIIIIIIIIIIIAAIIIIIA1A1IIIAA1IIIIIIII
IIIIIIIIIIIIIIIIIIIIIIIIIIIIIIIIIIA1IIIAAIIIIIA1A1IIIAA1IIIIIIII
IIIIIIIIIIIIIIIIIIIIIIIIIIIIIIIIIIIIIIIIIIIIIIIIIIIIIIA1IIIIIIII
IIIIIIIIIIIIIIIIIIIIIIIIIIIIIIIIIIIIIIIIA1IIIIIIIIIIIIA1IIIIIIII
IIIIIIIIIIIIIIIIIIIIIIIIIIIIIIIIIIA1IIIIA1IIIIIIIIIIIIA1IIIIIIII
IIIIIIIIIIIIIIIIIIIIIIIIIIIIIIIIIIA1IIIIA1IIIIIIA1IIIIA1IIIIIIII
IIIIIIIIIIIIIIIIIIIIIIIIIIIIIIIIIIA1IIIIA1IIIIIAA1IIIIA1IIIIIIII
IIIIIIIIIIIIIIIIIIIIIIIIIIIIIIIIIAA1IIIIA1IIIIIAA1IIIIA1IIIIIIII
IIIIIIIIIIIIIIIIIIIIIIIIIIIIIIIIA2IIIIIIIIIIIIIIIIIIIIIIIIIIIIII
IIIIIIIIIIIIIIIIIIIIIIIIIIIIIIIIA2IIIIIIA2IIIIIIIIIIIIIIIIIIIIII
IIIIIIIIIIIIIIIIIIIIIIIIIIIIIIIIA2IIIIIIA2IIIIA2IIIIIIIIIIIIIIII
IIIIIIIIIIIIIIIIIIIIIIIIIIIIIIIIA2IIIIIIA2IIIIA2IIIIIIA2IIIIIIII
IIIIIIIIIIIIIIIIIIIIIIIIIIIIIIIIIIA1IIIIIIIIIIIIIIIIIIIIIIIIIIII
IIIIIIIIIIIIIIIIIIIIIIIIIIIIIIIIIIA1IIIIIIIIIIIIA1IIIIIIIIIIIIII
IIIIIIIIIIIIIIIIIIIIIIIIIIIIIIIIIIA1IIIIIA1IIIIIA1IIIIIIIIIIIIII
IIIIIIIIIIIIIIIIIIIIIIIIIIIIIIIIIIA1IIIIIA1IIIIIA1IIIIIA1IIIIIII
IIIIIIIIIIIIIIIIIIIIIIIIIIIIIIIIIIA1IIIIIA1IIIA1A1IIIIIA1IIIIIII
IIIIIIIIIIIIIIIIIIIIIIIIIIIIIIIIIIA1IIIIIA1IIIA1A1IIIIAA1IIIIIII
IIIIIIIIIIIIIIIIIIIIIIIIIIIIIIIIA1A1IIIIIA1IIIA1A1IIIIAA1IIIIIII
IIIIIIIIIIIIIIIIIIIIIIIIIIIIIIIIA1A1IIIIAA1IIIA1A1IIIIAA1IIIIIII
IIIIIIIIIIIIIIIIIIIIIIIIIIIIIIIIA1A1IIIIAA1IIIA1AA1IIIAA1IIIIIII
IIIIIIIIIIIIIIIIIIIIIIIIIIIIIIIIA1A1IIIIAA1IIIA1AA1II2AA1IIIIIII
IIIIIIIIIIIIIIIIIIIIIIIIIIIIIIIIA1A1IIIIAA1II2A1AA1II2AA1IIIIIII
IIIIIIIIIIIIIIIIIIIIIIIIIIIIIII2A1A1IIIIAA1II2A1AA1II2AA1IIIIIII
IIIIIIIIIIIIIIIIIIIIIIIIIIIIIIIIIIIIIIIIIIIIIIIIIA1IIIIIIIIIIIII
IIIIIIIIIIIIIIIIIIIIIIIIIIIIIIIIIIIA1IIIIIIIIIIIIA1IIIIIIIIIIIII
IIIIIIIIIIIIIIIIIIIIIIIIIIIIIIIIIIIA1IIIIIIIIIA1IA1IIIIIIIIIIIII
IIIIIIIIIIIIIIIIIIIIIIIIIIIIIIIIA1IA1IIIIIIIIIA1IA1IIIIIIIIIIIII
IIIIIIIIIIIIIIIIIIIIIIIIIIIIIIIIA1IA1IIIIIIIIIAA1A1IIIIIIIIIIIII
IIIIIIIIIIIIIIIIIIIIIIIIIIIIIIIIAA1A1IIIIIIIIIAA1A1IIIIIIIIIIIII
IIIIIIIIIIIIIIIIIIIIIIIIIIIIIIIIAA1A1IIIIIIII2AA1A1IIIIIIIIIIIII
IIIIIIIIIIIIIIIIIIIIIIIIIIIIIII2AA1A1IIIIIIII2AA1A1IIIIIIIIIIIII
IIIIIIIIIIIIIIIIIIIIIIIIIIIIIIIIIIIIIIIIIIIIIIIIIIIIIAIIIIIIIIII
IIIIIIIIIIIIIIIIIIIIIIIIIIIIIIIIIIIIIIIIIIIIIIIIIIII1AIIIIIIIIII
IIIIIIIIIIIIIIIIIIIIIIIIIIIIIIIIIIIIIIIIIIIIIIIIIIII1AAIIIIIIIII
IIIIIIIIIIIIIIIIIIIIIIIIIIIIIIIIIIIIII1AIIIIIIIIIIII1AAIIIIIIIII
IIIIIIIIIIIIIIIIIIIIIIIIIIIIIIIIIIIIII1AAIIIIIIIIIII1AAIIIIIIIII
IIIIIIIIIIIIIIIIIIIIIIIIIIIIIIIIIIIIII1AAIIIIIIIA1II1AAIIIIIIIII
IIIIIIIIIIIIIIIIIIIIIIIIIIIIIIIIIIA1II1AAIIIIIIIA1II1AAIIIIIIIII
IIIIIIIIIIIIIIIIIIIIIIIIIIIIIIIIIIIIIIIIIIIIIIIIAIIIIIIIIIIIIIII
IIIIIIIIIIIIIIIIIIIIIIIIIIIIIIIIIIIIIIIIIIIIIIIIA1IIIIIIIIIIIIII
IIIIIIIIIIIIIIIIIIIIIIIIIIIIIIIIIIIIIIIIIIIIIIIIA1IIIIIA1IIIIIII
IIIIIIIIIIIIIIIIIIIIIIIIIIIIIIIIIIIIIIIIIA1IIIIIA1IIIIIA1IIIIIII
IIIIIIIIIIIIIIIIIIIIIIIIIIIIIIIIIIIIIIIIIA1IIIA1A1IIIIIA1IIIIIII
IIIIIIIIIIIIIIIIIIIIIIIIIIIIIIIIA1IIIIIIIA1IIIA1A1IIIIIA1IIIIIII
IIIIIIIIIIIIIIIIIIIIIIIIIIIIIIIIIIIIIIIIIIIIIIIAIIIIIIIIIIIIIIII
IIIIIIIIIIIIIIIIIIIIIIIIIIIIIIIIIIIIIIIIIIIIIIIAIIIIIIAIIIIIIIII
IIIIIIIIIIIIIIIIIIIIIIIIIIIIIIIIIAIIIIIIIIIIIIIAIIIIIIAIIIIIIIII
IIIIIIIIIIIIIIIIIIIIIIIIIIIIIIIIIAIIIIIIAIIIIIIAIIIIIIAIIIIIIIII
IIIIIIIIIIIIIIIIIIIIIIIIIIIIIIIIIAIIIIIIAIIIIIIAIAIIIIAIIIIIIIII
IIIIIIIIIIIIIIIIIIIIIIIIIIIIIIIIIA2IIIIIIIIIIIIIIIIIIIIIIIIIIIII
IIIIIIIIIIIIIIIIIIIIIIIIIIIIIIIIIA2IIIIIIIIIIIIA2IIIIIIIIIIIIIII
IIIIIIIIIIIIIIIIIIIIIIIIIIIIIIIIIA2IIIIIIIIIIIIA2A2IIIIIIIIIIIII
IIIIIIIIIIIIIIIIIIIIIIIIIIIIIIIIIA2A2IIIIIIIIIIA2A2IIIIIIIIIIIII
IIIIIIIIIIIIIIIIIIIIIIIIIIIIIIIIIA2A2IIIIIIIIIAA2A2IIIIIIIIIIIII
IIIIIIIIIIIIIIIIIIIIIIIIIIIIIIIIAA2A2IIIIIIIIIAA2A2IIIIIIIIIIIII
IIIIIIIIIIIIIIIIIIIIIIIIIIIIIIIIIIIIIIIIIIIIIIA1IIIIIIIIIIIIIIII
IIIIIIIIIIIIIIIIIIIIIIIIIIIIIIIIIIIIIIIIIIIIIIA1IIIIIA1IIIIIIIII
IIIIIIIIIIIIIIIIIIIIIIIIIIIIIIIIA1IIIIIIIIIIIIA1IIIIIA1IIIIIIIII
IIIIIIIIIIIIIIIIIIIIIIIIIIIIIIIIA1IIIIIA1IIIIIA1IIIIIA1IIIIIIIII
IIIIIIIIIIIIIIIIIIIIIIIIIIIIIIIIIIIIIIIIIIIIIIIA2IIIIIIIIIIIIIII
IIIIIIIIIIIIIIIIIIIIIIIIIIIIIIIIIA2IIIIIIIIIIIIA2IIIIIIIIIIIIIII
IIIIIIIIIIIIIIIIIIIIIIIIIIIIIIIIAA2IIIIIIIIIIIIA2IIIIIIIIIIIIIII
IIIIIIIIIIIIIIIIIIIIIIIIIIIIIIIIAA2IIIIIIIIIIIAA2IIIIIIIIIIIIIII
IIIIIIIIIIIIIIIIIIIIIIIIIIIIIIIIAA2IIIIIIIIIIIAA2IIIIIIIA2IIIIII
IIIIIIIIIIIIIIIIIIIIIIIIIIIIIIIIAA2IIIIIIIIIIIAAA2IIIIIIA2IIIIII
IIIIIIIIIIIIIIIIIIIIIIIIIIIIIIIIAA2IIIIIIIA2IIAAA2IIIIIIA2IIIIII
IIIIIIIIIIIIIIIIIIIIIIIIIIIIIIIIAAA2IIIIIIA2IIAAA2IIIIIIA2IIIIII
IIIIIIIIIIIIIIIIIIIIIIIIIIIIIIIIAAA2IIIIIIA2IIAAA2IIIIIIA1IIIIII
IIIIIIIIIIIIIIIIIIIIIIIIIIIIIIIIAAA2IIIIIIA2IIAAA1IIIIIIA1IIIIII
IIIIIIIIIIIIIIIIIIIIIIIIIIIIIIIIAAA2IIIIIIA2IIAAA1IIIA1IA1IIIIII
IIIIIIIIIIIIIIIIIIIIIIIIIIIIIIIIAAA1IIIIIIA2IIAAA1IIIA1IA1IIIIII
IIIIIIIIIIIIIIIIIIIIIIIIIIIIIIIIAAA1IIIA1IA2IIAAA1IIIA1IA1IIIIII
IIIIIIIIIIIIIIIIIIIIIIIIIIIIIIIIIIIIIIIIIIIIIIIIA2IIIIIIIIIIIIII
IIIIIIIIIIIIIIIIIIIIIIIIIIIIIIIIIIA2IIIIIIIIIIIIA2IIIIIIIIIIIIII
IIIIIIIIIIIIIIIIIIIIIIIIIIIIIIIIIIIIIIIIIIIIIIIIA2IIIIIIIIIIIIII
IIIIIIIIIIIIIIIIIIIIIIIIIIIIIIIIIIA2IIIIIIIIIIIIA2IIIIIIIIIIIIII
IIIIIIIIIIIIIIIIIIIIIIIIIIIIIIIIIIA2IIIA2IIIIIIIA2IIIIIIIIIIIIII
IIIIIIIIIIIIIIIIIIIIIIIIIIIIIIIIIIA2IIIA2IIIIIIIA2IIIA2IIIIIIIII
IIIIIIIIIIIIIIIIIIIIIIIIIIIIIIIIIIA2IIIA2IIIIIIAA2IIIA2IIIIIIIII
IIIIIIIIIIIIIIIIIIIIIIIIIIIIIIIIIAA2IIIA2IIIIIIAA2IIIA2IIIIIIIII
IIIIIIIIIIIIIIIIIIIIIIIIIIIIIIIIIIIIIIIIIIIIIIAII2IIIIIIIIIIIIII
IIIIIIIIIIIIIIIIIIIIIIIIIIIIIIIIAII2IIIIIIIIIIAII2IIIIIIIIIIIIII
IIIIIIIIIIIIIIIIIIIIIIIIIIIIIIIIAIA2I2IIIIIIIIAII2IIIIIIIIIIIIII
IIIIIIIIIIIIIIIIIIIIIIIIIIIIIIIIAIA2I2IIIIIIIIAIA2I2IIIIIIIIIIII
IIIIIIIIIIIIIIIIIIIIIIIIIIIIIIIIAIA2I2IIIIIIIIAIA2I2IAII2IIIIIII
IIIIIIIIIIIIIIIIIIIIIIIIIIIIIIIIAIA2I2IAII2IIIAIA2I2IAII2IIIIIII
IIIIIIIIIIIIIIIIIIIIIIIIIIIIIIIIIIIIIIIIIIIIIIAIIIIIIIIIIIIIIIII
IIIIIIIIIIIIIIIIIIIIIIIIIIIIIIIIAIIIIIIIIIIIIIAIIIIIIIIIIIIIIIII
IIIIIIIIIIIIIIIIIIIIIIIIIIIIIIIIAIIIIIIAIIIIIIAIIIIIIIIIIIIIIIII
IIIIIIIIIIIIIIIIIIIIIIIIIIIIIIIIAIIIIIIAIIIIIIAIIIIIIAIIIIIIIIII
IIIIIIIIIIIIIIIIIIIIIIIIIIIIIIIIAIIIIIIAIIIIIIA2IIIIIAIIIIIIIIII
IIIIIIIIIIIIIIIIIIIIIIIIIIIIIIIIA2IIIIIAIIIIIIA2IIIIIAIIIIIIIIII
IIIIIIIIIIIIIIIIIIIIIIIIIIIIIIIIA2IIIIIAIIIIIIA2A2IIIAIIIIIIIIII
IIIIIIIIIIIIIIIIIIIIIIIIIIIIIIIIA2A2IIIAIIIIIIA2A2IIIAIIIIIIIIII
IIIIIIIIIIIIIIIIIIIIIIIIIIIIIIIIA2A2IIIAIIIIIIAAA2IIIAIIIIIIIIII
IIIIIIIIIIIIIIIIIIIIIIIIIIIIIIIIAAA2IIIAIIIIIIAAA2IIIAIIIIIIIIII
IIIIIIIIIIIIIIIIIIIIIIIIIIIIIIIIAAA1IIIAIIIIIIAAA2IIIAIIIIIIIIII
IIIIIIIIIIIIIIIIIIIIIIIIIIIIIIIIAAA1IIIAIIIIIIAAA1IIIAIIIIIIIIII
IIIIIIIIIIIIIIIIIIIIIIIIIIIIIIIIIIIIIIIIIIIIIIIIAIIIIIIIIIIIIIII
IIIIIIIIIIIIIIIIIIIIIIIIIIIIIIIIIIIIIIIIIIIIIIIIA2IIIIIIIIIIIIII
IIIIIIIIIIIIIIIIIIIIIIIIIIIIIIIIIIA2IIIIIIIIIIIIA2IIIIIIIIIIIIII
IIIIIIIIIIIIIIIIIIIIIIIIIIIIIIIIIIA2IIIIIIIIIIIAA2IIIIIIIIIIIIII
IIIIIIIIIIIIIIIIIIIIIIIIIIIIIIIIIAA2IIIIIIIIIIIAA2IIIIIIIIIIIIII
IIIIIIIIIIIIIIIIIIIIIIIIIIIIIIIIIAA2IIIIIIIIIIIAA2IIIIIIA2IIIIII
IIIIIIIIIIIIIIIIIIIIIIIIIIIIIIIIIAA2IIIIIIA2IIIAA2IIIIIIA2IIIIII
IIIIIIIIIIIIIIIIIIIIIIIIIIIIIIIIIIIIIIIIIIIIIIIIIIIIIA1IIIIIIIII
IIIIIIIIIIIIIIIIIIIIIIIIIIIIIIIIIIIIIIIIIIIIIIIIA1IIIA1IIIIIIIII
IIIIIIIIIIIIIIIIIIIIIIIIIIIIIIIIIIIIIIIA1IIIIIIIA1IIIA1IIIIIIIII
IIIIIIIIIIIIIIIIIIIIIIIIIIIIIIIIIIA1IIIA1IIIIIIIA1IIIA1IIIIIIIII
IIIIIIIIIIIIIIIIIIIIIIIIIIIIIIIIIIA1IIIA1IIIIIIIA1IIIA1A1IIIIIII
IIIIIIIIIIIIIIIIIIIIIIIIIIIIIIIIIIA1IIIA1AIIIIIIA1IIIA1A1IIIIIII
IIIIIIIIIIIIIIIIIIIIIIIIIIIIIIIIIIA1IIIA1AIII2AIA1IIIA1A1IIIIIII
IIIIIIIIIIIIIIIIIIIIIIIIIIIIIII2AIA1IIIA1AIII2AIA1IIIA1A1IIIIIII
IIIIIIIIIIIIIIIIIIIIIIIIIIIIIII2AIA1IIIA1AIII2A2A1IIIA1A1IIIIIII
IIIIIIIIIIIIIIIIIIIIIIIIIIIIIII2A2A1IIIA1AIII2A2A1IIIA1A1IIIIIII
IIIIIIIIIIIIIIIIIIIIIIIIIIIIIII2A2A1II2A1AIII2A2A1IIIA1A1IIIIIII
IIIIIIIIIIIIIIIIIIIIIIIIIIIIIII2A2A1II2A1AIII2A2A1II2A1A1IIIIIII
IIIIIIIIIIIIIIIIIIIIIIIIIIIIIIIIIIIIIIIIIIIIIIIA2IIIIIIIIIIIIIII
IIIIIIIIIIIIIIIIIIIIIIIIIIIIIIIIIIIIIIIIIIIIIIAA2IIIIIIIIIIIIIII
IIIIIIIIIIIIIIIIIIIIIIIIIIIIIIIIIA2IIIIIIIIIIIAA2IIIIIIIIIIIIIII
IIIIIIIIIIIIIIIIIIIIIIIIIIIIIIIIAA2IIIIIIIIIIIAA2IIIIIIIIIIIIIII
IIIIIIIIIIIIIIIIIIIIIIIIIIIIIIIIIIIIIIIIIIIIIIAIIIIIIIIIIIIIIIII
IIIIIIIIIIIIIIIIIIIIIIIIIIIIIIIIAIIIIIIIIIIIIIAIIIIIIIIIIIIIIIII
IIIIIIIIIIIIIIIIIIIIIIIIIIIIIIIIAIAIIIIIIIIIIIAIIIIIIIIIIIIIIIII
IIIIIIIIIIIIIIIIIIIIIIIIIIIIIIIIAIAIIIIIIIIIIIAIAIIIIIIIIIIIIIII
IIIIIIIIIIIIIIIIIIIIIIIIIIIIIIIIIIIIIIIIIIIIIIIIA1IIIIIIIIIIIIII
IIIIIIIIIIIIIIIIIIIIIIIIIIIIIIIIIIA2IIIIIIIIIIIIA1IIIIIIIIIIIIII
IIIIIIIIIIIIIIIIIIIIIIIIIIIIIIIIIIIIIIIIIIIIIIIIIIIIIA2IIIIIIIII
IIIIIIIIIIIIIIIIIIIIIIIIIIIIIIIIIIIIIIIA2IIIIIIIIIIIIA2IIIIIIIII
IIIIIIIIIIIIIIIIIIIIIIIIIIIIIIIIIIIIIIIA2IIIIIIA2IIIIA2IIIIIIIII
IIIIIIIIIIIIIIIIIIIIIIIIIIIIIIIIIA2IIIIA2IIIIIIA2IIIIA2IIIIIIIII
IIIIIIIIIIIIIIIIIIIIIIIIIIIIIIIIIA2IIIIA2IIIIIAA2IIIIA2IIIIIIIII
IIIIIIIIIIIIIIIIIIIIIIIIIIIIIIIIAA2IIIIA2IIIIIAA2IIIIA2IIIIIIIII
IIIIIIIIIIIIIIIIIIIIIIIIIIIIIIIIIIIIIIIIIIIIIIIA2IIIIIIIIIIIIIII
IIIIIIIIIIIIIIIIIIIIIIIIIIIIIIIIIA2IIIIIIIIIIIIA2IIIIIIIIIIIIIII
IIIIIIIIIIIIIIIIIIIIIIIIIIIIIIIIIA2IIIIIIIIIIIAA2IIIIIIIIIIIIIII
IIIIIIIIIIIIIIIIIIIIIIIIIIIIIIIIAA2IIIIIIIIIIIAA2IIIIIIIIIIIIIII
IIIIIIIIIIIIIIIIIIIIIIIIIIIIIIIIIIIIIIIIIIIIIIA1IIIIIIIIIIIIIIII
IIIIIIIIIIIIIIIIIIIIIIIIIIIIIIIIA1IIIIIIIIIIIIA1IIIIIIIIIIIIIIII
IIIIIIIIIIIIIIIIIIIIIIIIIIIIIIIIAA1IIIIIIIIIIIA1IIIIIIIIIIIIIIII
IIIIIIIIIIIIIIIIIIIIIIIIIIIIIIIIAA1IIIIIIIIIIIAA1IIIIIIIIIIIIIII
IIIIIIIIIIIIIIIIIIIIIIIIIIIIIIIIIIIIIIIIIIIIIIA1IIIIIIIIIIIIIIII
IIIIIIIIIIIIIIIIIIIIIIIIIIIIIIIIIIIIIIIIIIIIIIA1A2IIIIIIIIIIIIII
IIIIIIIIIIIIIIIIIIIIIIIIIIIIIIIIIIIIIIIIIIIIIIA1AA2IIIIIIIIIIIII
IIIIIIIIIIIIIIIIIIIIIIIIIIIIIIIIIIIIIIIIIIIIIIA1AA2IIA2IIIIIIIII
IIIIIIIIIIIIIIIIIIIIIIIIIIIIIIIIIIIA2IIIIIIIIIA1AA2IIA2IIIIIIIII
IIIIIIIIIIIIIIIIIIIIIIIIIIIIIIIIIIIA2IIA2IIIIIA1AA2IIA2IIIIIIIII
IIIIIIIIIIIIIIIIIIIIIIIIIIIIIIIIIIIIIIIIIIIIIIIIIIIIIA1IIIIIIIII
IIIIIIIIIIIIIIIIIIIIIIIIIIIIIIIIIIIIIIIA1IIIIIIIIIIIIA1IIIIIIIII
IIIIIIIIIIIIIIIIIIIIIIIIIIIIIIIIIIIIIIIA1IIIIIIIIA1IIA1IIIIIIIII
IIIIIIIIIIIIIIIIIIIIIIIIIIIIIIIIIIIA1IIA1IIIIIIIIA1IIA1IIIIIIIII
IIIIIIIIIIIIIIIIIIIIIIIIIIIIIIIIIIIA1IIA1IIIIIIIIA1IIAA1IIIIIIII
IIIIIIIIIIIIIIIIIIIIIIIIIIIIIIIIIIIA1IIAA1IIIIIIIA1IIAA1IIIIIIII
IIIIIIIIIIIIIIIIIIIIIIIIIIIIIIIIIIIIIIIIIIIIIIAI2IIIIIIIIIIIIIII
IIIIIIIIIIIIIIIIIIIIIIIIIIIIIIIIAI2IIIIIIIIIIIAI2IIIIIIIIIIIIIII
IIIIIIIIIIIIIIIIIIIIIIIIIIIIIIIIAI2IIIIIIIIIIIAI2IIIIIAI2IIIIIII
IIIIIIIIIIIIIIIIIIIIIIIIIIIIIIIIAI2IIIIIAI2IIIAI2IIIIIAI2IIIIIII
IIIIIIIIIIIIIIIIIIIIIIIIIIIIIIIIAI2IIIIIAI2IIIAI2AI2IIAI2IIIIIII
IIIIIIIIIIIIIIIIIIIIIIIIIIIIIIIIAI2IIIIIAI2IIIAA2AI2IIAI2IIIIIII
IIIIIIIIIIIIIIIIIIIIIIIIIIIIIIIIAI2AI2IIAI2IIIAA2AI2IIAI2IIIIIII
IIIIIIIIIIIIIIIIIIIIIIIIIIIIIIIIAA2AI2IIAI2IIIAA2AI2IIAI2IIIIIII
IIIIIIIIIIIIIIIIIIIIIIIIIIIIIIIIIIIIIIIIIIIIIIIIIIIIIIA2IIIIIIII
IIIIIIIIIIIIIIIIIIIIIIIIIIIIIIIIIIIIIIIIA2IIIIIIIIIIIIA2IIIIIIII
IIIIIIIIIIIIIIIIIIIIIIIIIIIIIIIIIIIA2IIIA2IIIIIIIIIIIIA2IIIIIIII
IIIIIIIIIIIIIIIIIIIIIIIIIIIIIIIIIIIA2IIIA2IIIIIIIA2IIIA2IIIIIIII
IIIIIIIIIIIIIIIIIIIIIIIIIIIIIIIIIIIIIIIIIIIIIIIIAI2IIIIIIIIIIIII
IIIIIIIIIIIIIIIIIIIIIIIIIIIIIIIIIIIIIIIIIIIIIIIIA22IIIIIIIIIIIII
IIIIIIIIIIIIIIIIIIIIIIIIIIIIIIIIIIIIIIIIIIIIIIIIA22IIA2IIIIIIIII
IIIIIIIIIIIIIIIIIIIIIIIIIIIIIIIIIIIIIIIA2IIIIIIIA22IIA2IIIIIIIII
IIIIIIIIIIIIIIIIIIIIIIIIIIIIIIIIIIIIIIIA2IIIIIIIA22IIAA2IIIIIIII
IIIIIIIIIIIIIIIIIIIIIIIIIIIIIIIIIIIIIIIAA2IIIIIIA22IIAA2IIIIIIII
IIIIIIIIIIIIIIIIIIIIIIIIIIIIIIIIIIIIIIIIIIIIIIIIIIIIIA2IIIIIIIII
IIIIIIIIIIIIIIIIIIIIIIIIIIIIIIIIIIIIIIIA2IIIIIIIIIIIIA2IIIIIIIII
IIIIIIIIIIIIIIIIIIIIIIIIIIIIIIIIIIIIIIIA2IIIIIIIIIIIIA2A2IIIIIII
IIIIIIIIIIIIIIIIIIIIIIIIIIIIIIIIIIIIIIIA2A2IIIIIIIIIIA2A2IIIIIII
IIIIIIIIIIIIIIIIIIIIIIIIIIIIIIIIIIIIIIIIIIIIIIIIIA2IIIIIIIIIIIII
IIIIIIIIIIIIIIIIIIIIIIIIIIIIIIIIIIIIIIIIIIIIIIIIIA1IIIIIIIIIIIII
IIIIIIIIIIIIIIIIIIIIIIIIIIIIIIIIIIIIIIIIIIIIIIIIIA1I222IIIIIIIII
IIIIIIIIIIIIIIIIIIIIIIIIIIIIIIIIIIIIIIIIIIIIIIA1IA12222IIIIIIIII
IIIIIIIIIIIIIIIIIIIIIIIIIIIIIIIIIIIIIIIIIIIII2A1IA12222IIIIIIIII
IIIIIIIIIIIIIIIIIIIIIIIIIIIIIII2AIIIIIIIIIIII2A1IA12222IIIIIIIII
IIIIIIIIIIIIIIIIIIIIIIIIIIIIIII2AIIIIIIIIIIII2A1IA1222AIIIIIIIII
IIIIIIIIIIIIIIIIIIIIIIIIIIIIIII2AIIIIII2AIIII2A1IA1222AIIIIIIIII
IIIIIIIIIIIIIIIIIIIIIIIIIIIIIIIIIIIIIIIIIIIIIIIIIIIIIAIIIIIIIIII
IIIIIIIIIIIIIIIIIIIIIIIIIIIIIIIIIIIIIIIAIIIIIIIIIIIIIAIIIIIIIIII
IIIIIIIIIIIIIIIIIIIIIIIIIIIIIIIIIIIIIIIIIIIIIIIIA2IIIIIIIIIIIIII
IIIIIIIIIIIIIIIIIIIIIIIIIIIIIIIIIIA2IIIIIIIIIIIIA2IIIIIIIIIIIIII
IIIIIIIIIIIIIIIIIIIIIIIIIIIIIIIIIIA2IIIIIIIIIIIIA2IIIIIA2IIIIIII
IIIIIIIIIIIIIIIIIIIIIIIIIIIIIIIIIIA2IIIIIA2IIIIIA2IIIIIA2IIIIIII
IIIIIIIIIIIIIIIIIIIIIIIIIIIIIIIIIIIIIIIIIIIIIIIIIIIIIIIA1IIIIIII
IIIIIIIIIIIIIIIIIIIIIIIIIIIIIIIIIIIIIIIIIA1IIIIIIIIIIIIA1IIIIIII
IIIIIIIIIIIIIIIIIIIIIIIIIIIIIIIIA1IIIIIIIA1IIIIIIIIIIIIA1IIIIIII
IIIIIIIIIIIIIIIIIIIIIIIIIIIIIIIIA1IIIIIIIA1IIIA1IIIIIIIA1IIIIIII
IIIIIIIIIIIIIIIIIIIIIIIIIIIIIIIIA1IIIIIIIA1IIIA1IIIIIA1A1IIIIIII
IIIIIIIIIIIIIIIIIIIIIIIIIIIIIIIIA1IIIIIA1A1IIIA1IIIIIA1A1IIIIIII
IIIIIIIIIIIIIIIIIIIIIIIIIIIIIIIIIIIIIIIIIIIIIIIIIA1IIIIIIIIIIIII
IIIIIIIIIIIIIIIIIIIIIIIIIIIIIIIIIIIA1IIIIIIIIIIIIA1IIIIIIIIIIIII
IIIIIIIIIIIIIIIIIIIIIIIIIIIIIIIIA1IA1IIIIIIIIIIIIA1IIIIIIIIIIIII
IIIIIIIIIIIIIIIIIIIIIIIIIIIIIIIIA1IA1IIIIIIIIIA1IA1IIIIIIIIIIIII
IIIIIIIIIIIIIIIIIIIIIIIIIIIIIIIIIIIIIIIIIIIIIIAIIIIIIIIIIIIIIIII
IIIIIIIIIIIIIIIIIIIIIIIIIIIIIIIIIIIIIIIIIIIIIIA2IIIIIIIIIIIIIIII
IIIIIIIIIIIIIIIIIIIIIIIIIIIIIIIIIIIIIIIIIIIIIIA2A2IIIIIIIIIIIIII
IIIIIIIIIIIIIIIIIIIIIIIIIIIIIIIIIIA2IIIIIIIIIIA2A2IIIIIIIIIIIIII
IIIIIIIIIIIIIIIIIIIIIIIIIIIIIIIIA2A2IIIIIIIIIIA2A2IIIIIIIIIIIIII
IIIIIIIIIIIIIIIIIIIIIIIIIIIIIIIIIIIIIIIIIIIIIIIIAIIIIIIIIIIIIIII
IIIIIIIIIIIIIIIIIIIIIIIIIIIIIIIIIIIIIIIIIIIIIIIIA1I22IIIIIIIIIII
IIIIIIIIIIIIIIIIIIIIIIIIIIIIIIIIIIIIIIIIIIIIIIIIA1I2222I2IIIIIII
IIIIIIIIIIIIIIIIIIIIIIIIIIIIIIIIIIIIIIIIIIIIIIIIA1I1111IIIIIIIII
IIIIIIIIIIIIIIIIIIIIIIIIIIIIIIIIIIIIIIIIIIIIIIIIA1I1111111IIIIII
IIIIIIIIIIIIIIIIIIIIIIIIIIIIIIIIIIIIIIIIIIIIIIIIA1I1111111111III
IIIIIIIIIIIIIIIIIIIIIIIIIIIIIIIIIIIIIIIIIIIIIIIIA1I1111111111111
IIIIIIIIIIIIIIIIIIIIIIIIIIIIIIIIIIIIIIIIIIIIIIIIA2IIIIIIIIIIIIII
IIIIIIIIIIIIIIIIIIIIIIIIIIIIIIIIIIIIIIIIIIIIIIIIA1IIIIIIIIIIIIII
IIIIIIIIIIIIIIIIIIIIIIIIIIIIIIIIIIIIIIIIIIIIIIIIIIIIIA2IIIIIIIII
IIIIIIIIIIIIIIIIIIIIIIIIIIIIIIIIIIIIIIIIIIIIIIIIIIIIIA1IIIIIIIII
IIIIIIIIIIIIIIIIIIIIIIIIIIIIIIIIIIIIIIIIIIIIIIIIIIII2I2AIIIIIIII
IIIIIIIIIIIIIIIIIIIIIIIIIIIIIIIIIIIIIIIIIII2I2AIIIII2I2AIIIIIIII
IIIIIIIIIIIIIIIIIIIIIIIIIIIIIIIIIIIIII2I2AI2I2AIIIII2I2AIIIIIIII
IIIIIIIIIIIIIIIIIIIIIIIIIIIII2I2AIIIII2I2AI2I2AIIIII2I2AIIIIIIII
IIIIIIIIIIIIIIIIIIIIIIIIIIIII2I2AIIIII2I2AI2I2AIII2I2A2AIIIIIIII
IIIIIIIIIIIIIIIIIIIIIIIIIIIII2I2AIIIII2I2AI222AAII2I2A2AIIIIIIII
IIIIIIIIIIIIIIIIIIIIIIIIIIIII2I2AIII2I2A2AI222AAII2I2A2AIIIIIIII
IIIIIIIIIIIIIIIIIIIIIIIIIIIII222AAII2I2A2AI222AAII2I2A2AIIIIIIII
IIIIIIIIIIIIIIIIIIIIIIIIIIIIIIIIIIIIIIIIIIIIIIIIA1IIIIIIIIIIIIII
IIIIIIIIIIIIIIIIIIIIIIIIIIIIIIIIIIA1IIIIIIIIIIIIA1IIIIIIIIIIIIII
IIIIIIIIIIIIIIIIIIIIIIIIIIIIIIIIIIA1IIIA1IIIIIIIA1IIIIIIIIIIIIII
IIIIIIIIIIIIIIIIIIIIIIIIIIIIIIIIIIA1IIIA1IIIIIIIA1IIIA1IIIIIIIII
IIIIIIIIIIIIIIIIIIIIIIIIIIIIIIIIIIIIIIIIIIIIIIIAIIIIIIIIIIIIIIII
IIIIIIIIIIIIIIIIIIIIIIIIIIIIIIIIIIIIIIIIIIIIIIIA2IIIIIIIIIIIIIII
IIIIIIIIIIIIIIIIIIIIIIIIIIIIIIIIIA2IIIIIIIIIIIIA2IIIIIIIIIIIIIII
IIIIIIIIIIIIIIIIIIIIIIIIIIIIIIIIIA2IIIIIIIIIIIIA2IIIIA2IIIIIIIII
IIIIIIIIIIIIIIIIIIIIIIIIIIIIIIIIIA2IIIIA2IIIIIIA2IIIIA2IIIIIIIII
IIIIIIIIIIIIIIIIIIIIIIIIIIIIIIIIIIIIIIIIIIIIIIAI2IIIIIIIIIIIIIII
IIIIIIIIIIIIIIIIIIIIIIIIIIIIIIIIAI2IIIIIIIIIIIAI2IIIIIIIIIIIIIII
IIIIIIIIIIIIIIIIIIIIIIIIIIIIIIIIAI2IIIIIIIIIIIAA22IIIIIIIIIIIIII
IIIIIIIIIIIIIIIIIIIIIIIIIIIIIIIIAA22IIIIIIIIIIAA22IIIIIIIIIIIIII
IIIIIIIIIIIIIIIIIIIIIIIIIIIIIIIIAA22IIIIIIIIIIAA2AI2IIIIIIIIIIII
IIIIIIIIIIIIIIIIIIIIIIIIIIIIIIIIAA22IIIIIIIIIIAAAA22IIIIIIIIIIII
IIIIIIIIIIIIIIIIIIIIIIIIIIIIIIIIAA2AI2IIIIIIIIAAAA22IIIIIIIIIIII
IIIIIIIIIIIIIIIIIIIIIIIIIIIIIIIIAAAA22IIIIIIIIAAAA22IIIIIIIIIIII
IIIIIIIIIIIIIIIIIIIIIIIIIIIIIIIIIIIIIIIIIIIIIIIIIA2IIIIIIIIIIIII
IIIIIIIIIIIIIIIIIIIIIIIIIIIIIIIIIIIIIIIIIIIIIIA1IA2IIIIIIIIIIIII
IIIIIIIIIIIIIIIIIIIIIIIIIIIIIIIIA1IIIIIIIIIIIIA1IA2IIIIIIIIIIIII
IIIIIIIIIIIIIIIIIIIIIIIIIIIIIIIIA1IIIIIIIIIIIIA1AA2IIIIIIIIIIIII
IIIIIIIIIIIIIIIIIIIIIIIIIIIIIIIIA1A1IIIIIIIIIIA1AA2IIIIIIIIIIIII
IIIIIIIIIIIIIIIIIIIIIIIIIIIIIIIIIIIIIIIIIIIIIIA2IIIIIIIIIIIIIIII
IIIIIIIIIIIIIIIIIIIIIIIIIIIIIIIIA2IIIIIIIIIIIIA2IIIIIIIIIIIIIIII
IIIIIIIIIIIIIIIIIIIIIIIIIIIIIIIIA2A2IIIIIIIIIIA2IIIIIIIIIIIIIIII
IIIIIIIIIIIIIIIIIIIIIIIIIIIIIIIIA2A2IIIIIIIIIIA2A2IIIIIIIIIIIIII
IIIIIIIIIIIIIIIIIIIIIIIIIIIIIIIIA2A2IIIIIIIIIIAAA2IIIIIIIIIIIIII
IIIIIIIIIIIIIIIIIIIIIIIIIIIIIIIIAAA2IIIIIIIIIIAAA2IIIIIIIIIIIIII
IIIIIIIIIIIIIIIIIIIIIIIIIIIIIIIIIIIIIIIIIIIIIIIIIIIIIAI2IIIIIIII
IIIIIIIIIIIIIIIIIIIIIIIIIIIIIIIIIIIIIIIAI2IIIIIIIIIIIAI2IIIIIIII
IIIIIIIIIIIIIIIIIIIIIIIIIIIIIIIIAI2IIIIAI2IIIIIIIIIIIAI2IIIIIIII
IIIIIIIIIIIIIIIIIIIIIIIIIIIIIIIIAI2IIIIAI2IIIIAI2IIIIAI2IIIIIIII
IIIIIIIIIIIIIIIIIIIIIIIIIIIIIIIIIIIIIIIIIIIIIIIIIIIIIIIIA1IIIIII
IIIIIIIIIIIIIIIIIIIIIIIIIIIIIIIIIIIIIIIIIIIIIIIIIIIIIIIIAIIIIIII
IIIIIIIIIIIIIIIIIIIIIIIIIIIIIIIIIIIIIIIIIIIIIIIIIIIIIIIIA1IIIIII
IIIIIIIIIIIIIIIIIIIIIIIIIIIIIIIIIIIIIIIIIIIIIIA1IIIIIIIIA1IIIIII
IIIIIIIIIIIIIIIIIIIIIIIIIIIIIIIIIIIIIIIIIIIIIIIA2IIIIIIIIIIIIIII
IIIIIIIIIIIIIIIIIIIIIIIIIIIIIIIIIIIIIIIIIIIIIIIA1IIIIIIIIIIIIIII
IIIIIIIIIIIIIIIIIIIIIIIIIIIIIIIIIIIIIIIIIIIIIIIIAIIIIIIIIIIIIIII
IIIIIIIIIIIIIIIIIIIIIIIIIIIIIIIIIIAIIIIIIIIIIIIIAIIIIIIIIIIIIIII
IIIIIIIIIIIIIIIIIIIIIIIIIIIIIIIIIIAIIIIIIIIIIIA1AIIIIIIIIIIIIIII
IIIIIIIIIIIIIIIIIIIIIIIIIIIIIIIIAIAIIIIIIIIIIIA1AIIIIIIIIIIIIIII
IIIIIIIIIIIIIIIIIIIIIIIIIIIIIIIIIIIIIIIIIIIIIIIIIIIIIAIIIIIIIIII
IIIIIIIIIIIIIIIIIIIIIIIIIIIIIIIIIIIIIIIIIIIIIIIIIIIIIA1IIIIIIIII
IIIIIIIIIIIIIIIIIIIIIIIIIIIIIIIIIIIIIIIIIIIIIIA1IIIIIA1IIIIIIIII
IIIIIIIIIIIIIIIIIIIIIIIIIIIIIIIIIIIIIIIIIIIIIIA1IA1IIA1IIIIIIIII
IIIIIIIIIIIIIIIIIIIIIIIIIIIIIIIIA1IIIIIIIIIIIIA1IA1IIA1IIIIIIIII
IIIIIIIIIIIIIIIIIIIIIIIIIIIIIIIIA1IA1IIIIIIIIIA1IA1IIA1IIIIIIIII
IIIIIIIIIIIIIIIIIIIIIIIIIIIIIIIIIIIIIIIIIIIIIIA1IIIIIIIIIIIIIIII
IIIIIIIIIIIIIIIIIIIIIIIIIIIIIIIIA1IIIIIIIIIIIIA1IIIIIIIIIIIIIIII
IIIIIIIIIIIIIIIIIIIIIIIIIIIIIIIIIIIIIIIIIIIIIIIIIIIIIII2AIIIIIII
IIIIIIIIIIIIIIIIIIIIIIIIIIIIIIIIIIIIIIIIIIIIII2AIIIIIII2AIIIIIII
IIIIIIIIIIIIIIIIIIIIIIIIIIIIIIIIIIIIIIIII2AIII2AIIIIIII2AIIIIIII
IIIIIIIIIIIIIIIIIIIIIIIIIIIIIIII2AIIIIIII2AIII2AIIIIIII2AIIIIIII
IIIIIIIIIIIIIIIIIIIIIIIIIIIIIIII2AIIIIIII2AII2AAIIIIIII2AIIIIIII
IIIIIIIIIIIIIIIIIIIIIIIIIIIIIII2AAIIIIIII2AII2AAIIIIIII2AIIIIIII
IIIIIIIIIIIIIIIIIIIIIIIIIIIIIII2AAIIIIIII2AII2AAIIIIII2AAIIIIIII
IIIIIIIIIIIIIIIIIIIIIIIIIIIIIII2AAIIIIII2AAII2AAIIIIII2AAIIIIIII
IIIIIIIIIIIIIIIIIIIIIIIIIIIIIIIIIIIIIIIIIIIIIIIIA1I1I11IIIIIIIII
IIIIIIIIIIIIIIIIIIIIIIIIIIIIIIIIIIAIIIIIIIIIIIIIA1I1I11IIIIIIIII
IIIIIIIIIIIIIIIIIIIIIIIIIIIIIIIIIAAI1I11IIIIIIIIA1I1I11IIIIIIIII
IIIIIIIIIIIIIIIIIIIIIIIIIIIIIIIIIAAI1I11IIIIIIIAA1111111I1I1111I
IIIIIIIIIIIIIIIIIIIIIIIIIIIIIIIIIAAI1I11IIIIIIIAA1111A11I1I1111I
IIIIIIIIIIIIIIIIIIIIIIIIIIIIIIIIIAAI1I1AIIIIIIIAA1111A11I1I1111I
IIIIIIIIIIIIIIIIIIIIIIIIIIIIIIIIIAAI1I1AIIIIIIAAA1111A11I1I1111I
IIIIIIIIIIIIIIIIIIIIIIIIIIIIIIIIAAAI1I1AIIIIIIAAA1111A11I1I1111I
IIIIIIIIIIIIIIIIIIIIIIIIIIIIIIIIIIIIIIIIIIIIIIIIIIIIIA2IIIIIIIII
IIIIIIIIIIIIIIIIIIIIIIIIIIIIIIIIIIIIIIIIIIIIIIIA2IIIIA2IIIIIIIII
IIIIIIIIIIIIIIIIIIIIIIIIIIIIIIIIIA2IIIIIIIIIIIIA2IIIIA2IIIIIIIII
IIIIIIIIIIIIIIIIIIIIIIIIIIIIIIIIIA2IIIIIIIIIIIAA2IIIIA2IIIIIIIII
IIIIIIIIIIIIIIIIIIIIIIIIIIIIIIIIAA2IIIIIIIIIIIAA2IIIIA2IIIIIIIII
IIIIIIIIIIIIIIIIIIIIIIIIIIIIIIIIIIIIIIIIIIIIIIIA2IIIIIIIIIIIIIII
IIIIIIIIIIIIIIIIIIIIIIIIIIIIIIIIIA1IIIIIIIIIIIIIIIIIIIIIIIIIIIII
IIIIIIIIIIIIIIIIIIIIIIIIIIIIIIIIAA1IIIIIIIIIIIIIIIIIIIIIIIIIIIII
IIIIIIIIIIIIIIIIIIIIIIIIIIIIIIIIAA1IIIIIIIIIIIIA1IIIIIIIIIIIIIII
IIIIIIIIIIIIIIIIIIIIIIIIIIIIIIIIAA1IIIIIIIIIIIAA1IIIIIIIIIIIIIII
IIIIIIIIIIIIIIIIIIIIIIIIIIIIIIIIIIIIIIIIIIIIIIIIIA1IIIIIIIIIIIII
IIIIIIIIIIIIIIIIIIIIIIIIIIIIIIIIIIIA1IIIIIIIIIIIIA1IIIIIIIIIIIII
IIIIIIIIIIIIIIIIIIIIIIIIIIIIIIIIA1IA1IIIIIIIIIIIIA1IIIIIIIIIIIII
IIIIIIIIIIIIIIIIIIIIIIIIIIIIIIIIA1IA1IIIIIIIIIA1IA1IIIIIIIIIIIII
IIIIIIIIIIIIIIIIIIIIIIIIIIIIIIIIIIIIIIIIIIIIIIIIIIIIIIIAIIIIIIII
IIIIIIIIIIIIIIIIIIIIIIIIIIIIIIIIIIIIIIIIIIIIIIIIIIIIIIIA1IIIIIII
IIIIIIIIIIIIIIIIIIIIIIIIIIIIIIIIIIIIIIIIIIIIIIIIIA1IIIIIIIIIIIII
IIIIIIIIIIIIIIIIIIIIIIIIIIIIIIIIIIIIIIIIIIIIIIAIIA1IIIIIIIIIIIII
IIIIIIIIIIIIIIIIIIIIIIIIIIIIIIIIIIIIIIIIIIIIIIA1IIIIIIIIIIIIIIII
IIIIIIIIIIIIIIIIIIIIIIIIIIIIIIIIIIIIIIIIIIIIIIA2IIIIIIIIIIIIIIII
IIIIIIIIIIIIIIIIIIIIIIIIIIIIIIIIIIIIIIIIIIIIIIIIIIIIIA1IIIIIIIII
IIIIIIIIIIIIIIIIIIIIIIIIIIIIIIIIIIIIIIIIIIIIIIAIIIIIIIIIIIIIIIII
IIIIIIIIIIIIIIIIIIIIIIIIIIIIIIIIAIIIIIIIIIIIIIAIIIIIIIIIIIIIIIII
IIIIIIIIIIIIIIIIIIIIIIIIIIIIIIIIAIIIIIIIIIIIIIAAIIIIIIIIIIIIIIII
IIIIIIIIIIIIIIIIIIIIIIIIIIIIIIIIAAIIIIIIIIIIIIAAIIIIIIIIIIIIIIII
IIIIIIIIIIIIIIIIIIIIIIIIIIIIIIIIAAIIIIIIIIIIIIAAIIIIIIIA2IIIIIII
IIIIIIIIIIIIIIIIIIIIIIIIIIIIIIIIAAIIIIIIIIIIIIAAIIIIIIAA2IIIIIII
IIIIIIIIIIIIIIIIIIIIIIIIIIIIIIIIAAIIIIIIIA2IIIAAIIIIIIAA2IIIIIII
IIIIIIIIIIIIIIIIIIIIIIIIIIIIIIIIAAIIIIIIAA2IIIAAIIIIIIAA2IIIIIII
IIIIIIIIIIIIIIIIIIIIIIIIIIIIIIIIIIIIIIIIIIIIIIIIIIIIIIIAIIIIIIII
IIIIIIIIIIIIIIIIIIIIIIIIIIIIIIIIIIIIIIIIIIIIIIIIIIIIIIIA1IIIIIII
IIIIIIIIIIIIIIIIIIIIIIIIIIIIIIIIIIIIIIIIIIIIIIIIA1IIIIIA1IIIIIII
IIIIIIIIIIIIIIIIIIIIIIIIIIIIIIIIIIIIIIIIIA1IIIIIA1IIIIIA1IIIIIII
IIIIIIIIIIIIIIIIIIIIIIIIIIIIIIIIIIA1IIIIIA1IIIIIA1IIIIIA1IIIIIII
IIIIIIIIIIIIIIIIIIIIIIIIIIIIIIIIIIA1IIIIIA1IIIA1A1IIIIIA1IIIIIII
IIIIIIIIIIIIIIIIIIIIIIIIIIIIIIIIA1A1IIIIIA1IIIA1A1IIIIIA1IIIIIII
IIIIIIIIIIIIIIIIIIIIIIIIIIIIIIIIIIIIIIIIIIIIIIIIAIIIIIIIIIIIIIII
IIIIIIIIIIIIIIIIIIIIIIIIIIIIIIIIIIAIIIIIIIIIIIIIAIIIIIIIIIIIIIII
IIIIIIIIIIIIIIIIIIIIIIIIIIIIIIIIIIAIIIIIIIAIIIIIAIIIIIIIIIIIIIII
IIIIIIIIIIIIIIIIIIIIIIIIIIIIIIIIIIAIIIIIIIAIIIIIAIIIIIIIAIIIIIII
IIIIIIIIIIIIIIIIIIIIIIIIIIIIIIIIIIIIIIIIIIIIIIA1IIIIIIIIIIIIIIII
IIIIIIIIIIIIIIIIIIIIIIIIIIIIIIIIA1IIIIIIIIIIIIA1IIIIIIIIIIIIIIII
IIIIIIIIIIIIIIIIIIIIIIIIIIIIIIIIA1IIIIIIIA1IIIA1IIIIIIIIIIIIIIII
IIIIIIIIIIIIIIIIIIIIIIIIIIIIIIIIA1IIIIIIIA1IIIA1IIIIIIIA1IIIIIII
IIIIIIIIIIIIIIIIIIIIIIIIIIIIIIIIA1IIIIIIIA1IIIA1IAIIIIIA1IIIIIII
IIIIIIIIIIIIIIIIIIIIIIIIIIIIIIIIA1IIIIIIIA1IIIA1AAIIIIIA1IIIIIII
IIIIIIIIIIIIIIIIIIIIIIIIIIIIIIIIA1A2IIIIIA1IIIA1AAIIIIIA1IIIIIII
IIIIIIIIIIIIIIIIIIIIIIIIIIIIIIIIA1A2IIIIIA1IIIA1AA2IIIIA1IIIIIII
IIIIIIIIIIIIIIIIIIIIIIIIIIIIIIIIA1AA2IIIIA1IIIA1AA2IIIIA1IIIIIII
IIIIIIIIIIIIIIIIIIIIIIIIIIIIIIIIIIIIIIIIIIIIIIIIAIIIIIIIIIIIIIII
IIIIIIIIIIIIIIIIIIIIIIIIIIIIIIIIIIIIIIIIIIIIIIIIA1IIIIIIIIIIIIII
IIIIIIIIIIIIIIIIIIIIIIIIIIIIIIIIIIIIIIIIIIIIIIIIA1IIIIIA2IIIIIII
IIIIIIIIIIIIIIIIIIIIIIIIIIIIIIIIIIIIIIIIIIIIIIA2A1IIIIIA2IIIIIII
IIIIIIIIIIIIIIIIIIIIIIIIIIIIIIIIIIIIIIIIIA2IIIA2A1IIIIIA2IIIIIII
IIIIIIIIIIIIIIIIIIIIIIIIIIIIIIIIA2IIIIIIIA2IIIA2A1IIIIIA2IIIIIII
IIIIIIIIIIIIIIIIIIIIIIIIIIIIIIIIA2IIIIIIIA2IIIA2A1IIIA2A2IIIIIII
IIIIIIIIIIIIIIIIIIIIIIIIIIIIIIIIA2IIIIIA2A2IIIA2A1IIIA2A2IIIIIII
IIIIIIIIIIIIIIIIIIIIIIIIIIIIIIIIIIIIIIIIIIIIIIIIIIIIIA2IIIIIIIII
IIIIIIIIIIIIIIIIIIIIIIIIIIIIIIIIIIIIIIIIIIIII2AIIIIIIIIIIIIIIIII
IIIIIIIIIIIIIIIIIIIIIIIIIIIIIII2AIIIIIIIIIIII2AIIIIIIIIIIIIIIIII
IIIIIIIIIIIIIIIIIIIIIIIIIIIIIII2AIIIII2AIIIII2AIIIIIIIIIIIIIIIII
IIIIIIIIIIIIIIIIIIIIIIIIIIIIIII2AIIIII2AIIIII2AIIIII2AIIIIIIIIII
IIIIIIIIIIIIIIIIIIIIIIIIIIIIIII2AIIIII2AIIIII2AIA1II2AIIIIIIIIII
IIIIIIIIIIIIIIIIIIIIIIIIIIIIIII2AIIIII2AIIIII2A1A1II2AIIIIIIIIII
IIIIIIIIIIIIIIIIIIIIIIIIIIIIIII2AIIIII2AIIIII2A1A1II2AA1IIIIIIII
IIIIIIIIIIIIIIIIIIIIIIIIIIIIIII2A1IIII2AIIIII2A1A1II2AA1IIIIIIII
IIIIIIIIIIIIIIIIIIIIIIIIIIIIIII2A1IIII2AA1III2A1A1II2AA1IIIIIIII
IIIIIIIIIIIIIIIIIIIIIIIIIIIIIIIIIIIIIIIIIIIIIIIA2IIIIIIIIIIIIIII
IIIIIIIIIIIIIIIIIIIIIIIIIIIIIIIIIIIIIIIIIIIIIIAA2IIIIIIIIIIIIIII
IIIIIIIIIIIIIIIIIIIIIIIIIIIIIIIIIIIIIIIIIIIIIIA2IIIIIIIIIIIIIIII
IIIIIIIIIIIIIIIIIIIIIIIIIIIIIIIIIIIIIIIIIIIIIIA1IIIIIIIIIIIIIIII
IIIIIIIIIIIIIIIIIIIIIIIIIIIIIIIIIIIIIIIIIIIIIIAA1IIIIIIIIIIIIIII
IIIIIIIIIIIIIIIIIIIIIIIIIIIIIIIIIIIIIIIIIIIIIIAA1III2AIIIIIIIIII
IIIIIIIIIIIIIIIIIIIIIIIIIIIIIIIIIIIIII2AIIIIIIAA1III2AIIIIIIIIII
IIIIIIIIIIIIIIIIIIIIIIIIIIIIIIIIIIIIII2AIIIII2AA1III2AIIIIIIIIII
IIIIIIIIIIIIIIIIIIIIIIIIIIIIIII2AIIIII2AIIIII2AA1III2AIIIIIIIIII
IIIIIIIIIIIIIIIIIIIIIIIIIIIIIII2AIIIII2AIIIII2AAAIII2AIIIIIIIIII
IIIIIIIIIIIIIIIIIIIIIIIIIIIIIII2AIIIII2AIIIII2AAA2II2AIIIIIIIIII
IIIIIIIIIIIIIIIIIIIIIIIIIIIIIII2AIIIII2AIIIII2AAA2II2A2IIIIIIIII
IIIIIIIIIIIIIIIIIIIIIIIIIIIIIII2AIA2II2AIIIII2AAA2II2A2IIIIIIIII
IIIIIIIIIIIIIIIIIIIIIIIIIIIIIII2AIA2II2A2IIII2AAA2II2A2IIIIIIIII
IIIIIIIIIIIIIIIIIIIIIIIIIIIIIIIIIIIIIIIIIIIIIIIIA1IIIIIIIIIIIIII
IIIIIIIIIIIIIIIIIIIIIIIIIIIIIIIIIIIIIIIIIIIIIII2A1IIIIIIIIIIIIII
IIIIIIIIIIIIIIIIIIIIIIIIIIIIIIIII2AIIIIIIIIIIII2A1IIIIIIIIIIIIII
IIIIIIIIIIIIIIIIIIIIIIIIIIIIIIIIIIIIIIIIIIIIIIIIA1IIIIIIIIIIIIII
IIIIIIIIIIIIIIIIIIIIIIIIIIIIIIIIIIA1IIIIIIIIIIIIA1IIIIIIIIIIIIII
IIIIIIIIIIIIIIIIIIIIIIIIIIIIIIIIIIA1IIIIIIIIIIIIA1IIIAIIIIIIIIII
IIIIIIIIIIIIIIIIIIIIIIIIIIIIIIIIIIA1IIIIIIIIIIIIA1IIIA2IIIIIIIII
IIIIIIIIIIIIIIIIIIIIIIIIIIIIIIIIIIA1IIIA2IIIIIIIA1IIIA2IIIIIIIII
IIIIIIIIIIIIIIIIIIIIIIIIIIIIIIIIIIA1IIIA2IIIIIA2A1IIIA2IIIIIIIII
IIIIIIIIIIIIIIIIIIIIIIIIIIIIIIIIA2A1IIIA2IIIIIA2A1IIIA2IIIIIIIII
IIIIIIIIIIIIIIIIIIIIIIIIIIIIIIIIA2A1IIIA2IIIIIA2A1IIIAA1IIIIIIII
IIIIIIIIIIIIIIIIIIIIIIIIIIIIIIIIA2A1IIIAA1IIIIA2A1IIIAA1IIIIIIII
IIIIIIIIIIIIIIIIIIIIIIIIIIIIIIIIIIIIIIIIIIIIIIIA2IIIIIIIIIIIIIII
IIIIIIIIIIIIIIIIIIIIIIIIIIIIIIIIIIIIIIIIIIIIIIAA2IIIIIIIIIIIIIII
IIIIIIIIIIIIIIIIIIIIIIIIIIIIIIIIIA2IIIIIIIIIIIAA2IIIIIIIIIIIIIII
IIIIIIIIIIIIIIIIIIIIIIIIIIIIIIIIAA2IIIIIIIIIIIAA2IIIIIIIIIIIIIII
IIIIIIIIIIIIIIIIIIIIIIIIIIIIIIIIIIIIIIIIIIIIIIIIIIIIIIIA2IIIIIII
IIIIIIIIIIIIIIIIIIIIIIIIIIIIIIIIIIIIIIIIIA2IIIIIIIIIIIIA2IIIIIII
IIIIIIIIIIIIIIIIIIIIIIIIIIIIIIIIIIIIIIIIIIIIIIIIIIIIIIIA2IIIIIII
IIIIIIIIIIIIIIIIIIIIIIIIIIIIIIIIIIIIIIIIIA2IIIIIIIIIIIIA2IIIIIII
IIIIIIIIIIIIIIIIIIIIIIIIIIIIIIIIIIIIIIIA2A2IIIIIIIIIIIIA2IIIIIII
IIIIIIIIIIIIIIIIIIIIIIIIIIIIIIIIIIIIIIIA2A2IIIIIIIIIIA2A2IIIIIII
IIIIIIIIIIIIIIIIIIIIIIIIIIIIIIIIIIIIIIIIIIIIIIA1IIIIIIIIIIIIIIII
IIIIIIIIIIIIIIIIIIIIIIIIIIIIIIIIA1IIIIIIIIIIIIA1IIIIIIIIIIIIIIII
IIIIIIIIIIIIIIIIIIIIIIIIIIIIIIIIA1IIIIIIIIIIIIA1IIIIIIA1IIIIIIII
IIIIIIIIIIIIIIIIIIIIIIIIIIIIIIIIA1IIIIIIA1IIIIA1IIIIIIA1IIIIIIII
IIIIIIIIIIIIIIIIIIIIIIIIIIIIIIIIA1IIIIIIA1IIIIA1IIIIIAA1IIIIIIII
IIIIIIIIIIIIIIIIIIIIIIIIIIIIIIIIA1IIIIIAA1IIIIA1IIIIIAA1IIIIIIII
IIIIIIIIIIIIIIIIIIIIIIIIIIIIIIIIIIIIIIIIIIIIIIIA1IIIIIIIIIIIIIII
IIIIIIIIIIIIIIIIIIIIIIIIIIIIIIIIIA1IIIIIIIIIIIIA1IIIIIIIIIIIIIII
IIIIIIIIIIIIIIIIIIIIIIIIIIIIIIIIIA1IIIIA1IIIIIIA1IIIIIIIIIIIIIII
IIIIIIIIIIIIIIIIIIIIIIIIIIIIIIIIIA1IIIIA1IIIIIIA1IIIIA1IIIIIIIII
IIIIIIIIIIIIIIIIIIIIIIIIIIIIIIIIIA1IIIIA1IIIIIIA1IIIIA1A1IIIIIII
IIIIIIIIIIIIIIIIIIIIIIIIIIIIIIIIIA1IIIIA1A1IIIIA1IIIIA1A1IIIIIII
IIIIIIIIIIIIIIIIIIIIIIIIIIIIIIIIIA1IIIIA1A1IIIIAAIIIIA1A1IIIIIII
IIIIIIIIIIIIIIIIIIIIIIIIIIIIIIIIIAAIIIIA1A1IIIIAAIIIIA1A1IIIIIII
IIIIIIIIIIIIIIIIIIIIIIIIIIIIIIIIIIIIIIIIIIIIIIIIIIIIIIA2IIIIIIII
IIIIIIIIIIIIIIIIIIIIIIIIIIIIIIIIIIIIIIIIA2IIIIIIIIIIIIA2IIIIIIII
IIIIIIIIIIIIIIIIIIIIIIIIIIIIIIIIIA2IIIIIA2IIIIIIIIIIIIA2IIIIIIII
IIIIIIIIIIIIIIIIIIIIIIIIIIIIIIIIIA2IIIIIA2IIIIIA2IIIIIA2IIIIIIII
IIIIIIIIIIIIIIIIIIIIIIIIIIIIIIIIIA2IIIIIA2IIIIIA2IIIIIAA2IIIIIII
IIIIIIIIIIIIIIIIIIIIIIIIIIIIIIIIIA2IIIIIA2IIIIIA2IIIIIAAA2IIIIII
IIIIIIIIIIIIIIIIIIIIIIIIIIIIIIIIIA2IIIIIAA2IIIIA2IIIIIAAA2IIIIII
IIIIIIIIIIIIIIIIIIIIIIIIIIIIIIIIIA2IIIIIAAA2IIIA2IIIIIAAA2IIIIII
IIIIIIIIIIIIIIIIIIIIIIIIIIIIIIIIIIIIIIIIIIIIIIIIA2IIIIIIIIIIIIII
IIIIIIIIIIIIIIIIIIIIIIIIIIIIIIIIIIA2IIIIIIIIIIIIA2IIIIIIIIIIIIII
IIIIIIIIIIIIIIIIIIIIIIIIIIIIIIIIIIIIIIIIIIIIIIIIA1IIIIIIIIIIIIII
IIIIIIIIIIIIIIIIIIIIIIIIIIIIIIIIIIIIIIIIIIIIIIIAA1IIIIIIIIIIIIII
IIIIIIIIIIIIIIIIIIIIIIIIIIIIIIIIIIIIIIIIIIIIIIIAA1IIIAIIIIIIIIII
IIIIIIIIIIIIIIIIIIIIIIIIIIIIIIIIIIIIIIIAIIIIIIIAA1IIIAIIIIIIIIII
IIIIIIIIIIIIIIIIIIIIIIIIIIIIIIIIIIAIIIIAIIIIIIIAA1IIIAIIIIIIIIII
IIIIIIIIIIIIIIIIIIIIIIIIIIIIIIIIIIIIIIIIIIIIIIIIIIIIIIA2IIIIIIII
IIIIIIIIIIIIIIIIIIIIIIIIIIIIIIIIIIIIIIIIA2IIIIIIIIIIIIA2IIIIIIII
IIIIIIIIIIIIIIIIIIIIIIIIIIIIIIIIIIA2IIIIA2IIIIIIIIIIIIA2IIIIIIII
IIIIIIIIIIIIIIIIIIIIIIIIIIIIIIIIIIA2IIIIA2IIIIIIA2IIIIA2IIIIIIII
IIIIIIIIIIIIIIIIIIIIIIIIIIIIIIIIIIA2IIIIA2IIIIA2A2IIIIA2IIIIIIII
IIIIIIIIIIIIIIIIIIIIIIIIIIIIIIIIA2A2IIIIA2IIIIA2A2IIIIA2IIIIIIII
IIIIIIIIIIIIIIIIIIIIIIIIIIIIIIIIA2A2IIIIA2IIIIA2AA2IIIA2IIIIIIII
IIIIIIIIIIIIIIIIIIIIIIIIIIIIIIIIA2AA2IIIA2IIIIA2AA2IIIA2IIIIIIII
IIIIIIIIIIIIIIIIIIIIIIIIIIIIIIIIIIIIIIIIIIIIIIIIA2IIIIIIIIIIIIII
IIIIIIIIIIIIIIIIIIIIIIIIIIIIIIIIIIA2IIIIIIIIIIIIA2IIIIIIIIIIIIII
IIIIIIIIIIIIIIIIIIIIIIIIIIIIIIIIA2A2IIIIIIIIIIIIA2IIIIIIIIIIIIII
IIIIIIIIIIIIIIIIIIIIIIIIIIIIIIIIA2A2IIIIIIIIIIA2A2IIIIIIIIIIIIII
IIIIIIIIIIIIIIIIIIIIIIIIIIIIIIIIIIIIIIIIIIIIIIIIIIIIIA2IIIIIIIII
IIIIIIIIIIIIIIIIIIIIIIIIIIIIIIIIIIIIIIIIIIIIIIIIIIIIIA1IIIIIIIII
IIIIIIIIIIIIIIIIIIIIIIIIIIIIIIIIIIIIIIIA1IIIIIIIIIIIIA1IIIIIIIII
IIIIIIIIIIIIIIIIIIIIIIIIIIIIIIIIIIIIIIIA1IIIIIIIIIIIIAA1IIIIIIII
IIIIIIIIIIIIIIIIIIIIIIIIIIIIIIIIIIIIIIIAA1IIIIIIIIIIIAA1IIIIIIII
IIIIIIIIIIIIIIIIIIIIIIIIIIIIIIIIIIIIIIIAA1IIIIA1IIIIIAA1IIIIIIII
IIIIIIIIIIIIIIIIIIIIIIIIIIIIIIIIA1IIIIIAA1IIIIA1IIIIIAA1IIIIIIII
IIIIIIIIIIIIIIIIIIIIIIIIIIIIIIIIAA1IIIIAA1IIIIA1IIIIIAA1IIIIIIII
IIIIIIIIIIIIIIIIIIIIIIIIIIIIIIIIAA1IIIIAA1IIIIAA1IIIIAA1IIIIIIII
IIIIIIIIIIIIIIIIIIIIIIIIIIIIIIIIIIIIIIIIIIIIIIIIIIIIIAIIIIIIIIII
IIIIIIIIIIIIIIIIIIIIIIIIIIIIIIIIIIIIIIIIIIIIIIIIIIIIIA2IIIIIIIII
IIIIIIIIIIIIIIIIIIIIIIIIIIIIIIIIIIIIIIIA2IIIIIIIIIIIIA2IIIIIIIII
IIIIIIIIIIIIIIIIIIIIIIIIIIIIIIIIIIIIIIIA2IIIIIIIA2IIIA2IIIIIIIII
IIIIIIIIIIIIIIIIIIIIIIIIIIIIIIIIIIA2IIIA2IIIIIIIA2IIIA2IIIIIIIII
IIIIIIIIIIIIIIIIIIIIIIIIIIIIIIIIIIIIIIIIIIIIIIIA1IIIIIIIIIIIIIII
IIIIIIIIIIIIIIIIIIIIIIIIIIIIIIIIIA1IIIIIIIIIIIIA1IIIIIIIIIIIIIII
IIIIIIIIIIIIIIIIIIIIIIIIIIIIIIIIIA1IIIIA1IIIIIIA1IIIIIIIIIIIIIII
IIIIIIIIIIIIIIIIIIIIIIIIIIIIIIIIIA1IIIIA1IIIIIIA1IIIIA1IIIIIIIII
IIIIIIIIIIIIIIIIIIIIIIIIIIIIIIIIIIIIIIIIIIIIIIIIIIIIIIIIA1IIIIII
IIIIIIIIIIIIIIIIIIIIIIIIIIIIIIIIIIIIIIIIIIA1IIIIIIIIIIIIA1IIIIII
IIIIIIIIIIIIIIIIIIIIIIIIIIIIIIIIIIA1IIIIIIA1IIIIIIIIIIIIA1IIIIII
IIIIIIIIIIIIIIIIIIIIIIIIIIIIIIIIIIA1IIIIIIA1IIIIA1IIIIIIA1IIIIII
IIIIIIIIIIIIIIIIIIIIIIIIIIIIIIIIIIIIIIIIIIIIIIIIIIIIIA2IIIIIIIII
IIIIIIIIIIIIIIIIIIIIIIIIIIIIIIIIIIIIIIIIIIIIIIIIIIIIIA12IIIIIIII
IIIIIIIIIIIIIIIIIIIIIIIIIIIIIIIIIIIIIIIIIIIIIIA12IIIIA12IIIIIIII
IIIIIIIIIIIIIIIIIIIIIIIIIIIIIIIIIIIIIIIA12IIIIA12IIIIA12IIIIIIII
IIIIIIIIIIIIIIIIIIIIIIIIIIIIIIIIA12IIIIA12IIIIA12IIIIA12IIIIIIII
IIIIIIIIIIIIIIIIIIIIIIIIIIIIIIIIIIIIIIIIIIIIIIIIAIIIIIIIIIIIIIII
IIIIIIIIIIIIIIIIIIIIIIIIIIIIIIIIIIAIIIIIIIIIIIIIAIIIIIIIIIIIIIII
IIIIIIIIIIIIIIIIIIIIIIIIIIIIIIIIIIAIIIIAIIIIIIIIAIIIIIIIIIIIIIII
IIIIIIIIIIIIIIIIIIIIIIIIIIIIIIIIIIAIIIIAIIIIIIIIAIIIIAIIIIIIIIII
IIIIIIIIIIIIIIIIIIIIIIIIIIIIIIIIIIAIIIIAIIIIIIIIAIIIIAA122IIIIII
IIIIIIIIIIIIIIIIIIIIIIIIIIIIIIIIIIAIIIIAAIIIIIIIAIIIIAA122IIIIII
IIIIIIIIIIIIIIIIIIIIIIIIIIIIIIIIIIAIIIIAAIIIIIIIAIII2AA122IIIIII
IIIIIIIIIIIIIIIIIIIIIIIIIIIIIIIIIIAIII2AAIIIIIIIAIII2AA122IIIIII
IIIIIIIIIIIIIIIIIIIIIIIIIIIIIIIIIIIIIIIIIIIIIIIIIIIIIIAIIIIIIIII
IIIIIIIIIIIIIIIIIIIIIIIIIIIIIIIIIIIIIIIIIIIIIIIIIIIIIIA2IIIIIIII
IIIIIIIIIIIIIIIIIIIIIIIIIIIIIIIIIIIIIIIIIIIIIIIIIIIIIIAIIIIIIIII
IIIIIIIIIIIIIIIIIIIIIIIIIIIIIIIIIIIIIIIIAIIIIIIIIIIIIIAIIIIIIIII
IIIIIIIIIIIIIIIIIIIIIIIIIIIIIIIIIIIIIIIIAIIIIIAIIIIIIIAIIIIIIIII
IIIIIIIIIIIIIIIIIIIIIIIIIIIIIIIIAIIIIIIIAIIIIIAIIIIIIIAIIIIIIIII
IIIIIIIIIIIIIIIIIIIIIIIIIIIIIIIIAIIIIIIIAIIIIIAIIIIIIIA2IIIIIIII
IIIIIIIIIIIIIIIIIIIIIIIIIIIIIIIIIIIIIIIIIIIIIIIIIIIIIIIA1I111III
IIIIIIIIIIIIIIIIIIIIIIIIIIIIIIIIIIIIIIIIIIIIIIIIIIIIIIAA11111III
IIIIIIIIIIIIIIIIIIIIIIIIIIIIIIIIIIIIIIIIIA1I111IIIIIIIAA11111III
IIIIIIIIIIIIIIIIIIIIIIIIIIIIIIIIIIIIIIIIAA11111IIIIIIIAA11111III
IIIIIIIIIIIIIIIIIIIIIIIIIIIIIIIIIIIIIIIIAAA1111IIIIIIIAA11111III
IIIIIIIIIIIIIIIIIIIIIIIIIIIIIIIIIIIIIIIIAAA1111IIIIIIIAAA1111III
IIIIIIIIIIIIIIIIIIIIIIIIIIIIIIIIIIIIIIIIAAA111A2II2IIIAAA1111III
IIIIIIIIIIIIIIIIIIIIIIIIIIIIIIIIA2II2IIIAAA111A2II2IIIAAA1111III
IIIIIIIIIIIIIIIIIIIIIIIIIIIIIIIIIIIIIIIIIIIIIIIIIIIIIIIIAI2IIIII
IIIIIIIIIIIIIIIIIIIIIIIIIIIIIIIIIIIIIIIIIIAI2IIIIIIIIIIIAI2IIIII
IIIIIIIIIIIIIIIIIIIIIIIIIIIIIIIIIIIIIIIIIIAI2IIIIA1IIIIIAI2IIIII
IIIIIIIIIIIIIIIIIIIIIIIIIIIIIIIIIIIA1IIIIIAI2IIIIA1IIIIIAI2IIIII
IIIIIIIIIIIIIIIIIIIIIIIIIIIIIIIIIA1A1IIIIIAI2IIIIA1IIIIIAI2IIIII
IIIIIIIIIIIIIIIIIIIIIIIIIIIIIIIIIA1A1IIIIIAI2IIA1A1IIIIIAI2IIIII
IIIIIIIIIIIIIIIIIIIIIIIIIIIIIIIIIA1A1IIIIIAI2IIAAA1IIIIIAI2IIIII
IIIIIIIIIIIIIIIIIIIIIIIIIIIIIIIIIAAA1IIIIIAI2IIAAA1IIIIIAI2IIIII
IIIIIIIIIIIIIIIIIIIIIIIIIIIIIIIIIAAA1IIIIIAI22AAAA1IIIIIAI2IIIII
IIIIIIIIIIIIIIIIIIIIIIIIIIIIIII2AAAA1IIIIIAI22AAAA1IIIIIAI2IIIII
IIIIIIIIIIIIIIIIIIIIIIIIIIIIIIIIIIIIIIIIIIIIIIIIIA2IIIIIIIIIIIII
IIIIIIIIIIIIIIIIIIIIIIIIIIIIIIIIIIIA2IIIIIIIIIIIIA2IIIIIIIIIIIII
IIIIIIIIIIIIIIIIIIIIIIIIIIIIIIIIA2IA2IIIIIIIIIIIIA2IIIIIIIIIIIII
IIIIIIIIIIIIIIIIIIIIIIIIIIIIIIIIA2IA2IIIIIIIIIA2IA2IIIIIIIIIIIII
IIIIIIIIIIIIIIIIIIIIIIIIIIIIIIIIA2IA2IIIIIIIIIA2IA2IIA2IIIIIIIII
IIIIIIIIIIIIIIIIIIIIIIIIIIIIIIIIA2IA2IIA2IIIIIA2IA2IIA2IIIIIIIII
IIIIIIIIIIIIIIIIIIIIIIIIIIIIIIIIAA2A2IIA2IIIIIA2IA2IIA2IIIIIIIII
IIIIIIIIIIIIIIIIIIIIIIIIIIIIIIIIAA2A2IIA2IIIIIAA2A2IIA2IIIIIIIII
IIIIIIIIIIIIIIIIIIIIIIIIIIIIIIIIIIIIIIIIIIIIIIA122IIIIIIIIIIIIII
IIIIIIIIIIIIIIIIIIIIIIIIIIIIIIIIIIIIIIIIIIIIIIIAIIIIIIIIIIIIIIII
IIIIIIIIIIIIIIIIIIIIIIIIIIIIIIIIIIIIIIIIIIIIIIIA1IIIIIIIIIIIIIII
IIIIIIIIIIIIIIIIIIIIIIIIIIIIIIIIIIIIIIIIIIIIIIIA2IIIIIIIIIIIIIII
IIIIIIIIIIIIIIIIIIIIIIIIIIIIIIIIIIIIIIIIIIIIIIIA1IIIIIIIIIIIIIII
IIIIIIIIIIIIIIIIIIIIIIIIIIIIIIIIIIIIIIIIIIIIIIIA1IIIIIIIA1IIIIII
IIIIIIIIIIIIIIIIIIIIIIIIIIIIIIIIIIIIIIIIIIIIIIA1IIIIIIIIIIIIIIII
IIIIIIIIIIIIIIIIIIIIIIIIIIIIIIIIIIIIIIIIIIIIIIAIIIIIIIIIIIIIIIII
IIIIIIIIIIIIIIIIIIIIIIIIIIIIIIIIIIIIIIIIIIIIIIIA1IIIIIIIIIIIIIII
IIIIIIIIIIIIIIIIIIIIIIIIIIIIIIIIIA1IIIIIIIIIIIIA1IIIIIIIIIIIIIII
IIIIIIIIIIIIIIIIIIIIIIIIIIIIIIIIIA1IIIIIIIIIIIIA1IIIIIIIA1IIIIII
IIIIIIIIIIIIIIIIIIIIIIIIIIIIIIIIIA1IIIIIIIA1IIIA1IIIIIIIA1IIIIII
IIIIIIIIIIIIIIIIIIIIIIIIIIIIIIIIIIIIIIIIIIIIIIIA1IIIIIIIIIIIIIII
IIIIIIIIIIIIIIIIIIIIIIIIIIIIIIIIIIIIIIIIIIIIIIAA1IIIIIIIIIIIIIII
IIIIIIIIIIIIIIIIIIIIIIIIIIIIIIIIAIIIIIIIIIIIIIAA1IIIIIIIIIIIIIII
IIIIIIIIIIIIIIIIIIIIIIIIIIIIIIIIAAIIIIIIIIIIIIAA1IIIIIIIIIIIIIII
IIIIIIIIIIIIIIIIIIIIIIIIIIIIIIIIAAIIIIIIIIIIIIAA1AIIIIIIIIIIIIII
IIIIIIIIIIIIIIIIIIIIIIIIIIIIIIIIIIIIIIIIIIIIIIA1IIIIIIIIIIIIIIII
IIIIIIIIIIIIIIIIIIIIIIIIIIIIIIIIIIIIIIIIIIIIIIA2IIIIIIIIIIIIIIII
IIIIIIIIIIIIIIIIIIIIIIIIIIIIIIIIIIIIIIIIIIIIIIA1IIIIIIIIIIIIIIII
IIIIIIIIIIIIIIIIIIIIIIIIIIIIIIIIIIIIIIIIIIIIIIIIIIIIIIA12IIIIIII
IIIIIIIIIIIIIIIIIIIIIIIIIIIIIIIIIIIIIIIIIIIIIIIIIA12IIA12IIIIIII
IIIIIIIIIIIIIIIIIIIIIIIIIIIIIIIIIIIA12IIIIIIIIIIIA12IIA12IIIIIII
IIIIIIIIIIIIIIIIIIIIIIIIIIIIIIIIIIIA12IIIIIIIIA12A12IIA12IIIIIII
IIIIIIIIIIIIIIIIIIIIIIIIIIIIIIIIA12A12IIIIIIIIA12A12IIA12IIIIIII
IIIIIIIIIIIIIIIIIIIIIIIIIIIIIIIIIIIIIIIIIIIIIIIA2IIIIIIIIIIIIIII
IIIIIIIIIIIIIIIIIIIIIIIIIIIIIIIIIA2IIIIIIIIIIIIA2IIIIIIIIIIIIIII
IIIIIIIIIIIIIIIIIIIIIIIIIIIIIIIIAA2IIIIIIIIIIIIA2IIIIIIIIIIIIIII
IIIIIIIIIIIIIIIIIIIIIIIIIIIIIIIIAA2IIIIIIIIIIIAA2IIIIIIIIIIIIIII
IIIIIIIIIIIIIIIIIIIIIIIIIIIIIIIIIIIIIIIIIIIIIIIIA2IIIIIIIIIIIIII
IIIIIIIIIIIIIIIIIIIIIIIIIIIIIIIIIIIIIIIIIIIIIIIIA1IIIIIIIIIIIIII
IIIIIIIIIIIIIIIIIIIIIIIIIIIIIIIIIIA1IIIIIIIIIIIIA1IIIIIIIIIIIIII
IIIIIIIIIIIIIIIIIIIIIIIIIIIIIIIIIIA1IIIIIIIIIIIIA1IIIA1IIIIIIIII
IIIIIIIIIIIIIIIIIIIIIIIIIIIIIIIIIIA1IIIA1IIIIIIIA1IIIA1IIIIIIIII
IIIIIIIIIIIIIIIIIIIIIIIIIIIIIIIIIIIIIIIIIIIIIIIA1IIIIIIIIIIIIIII
IIIIIIIIIIIIIIIIIIIIIIIIIIIIIIIIIA1IIIIIIIIIIIIA1IIIIIIIIIIIIIII
IIIIIIIIIIIIIIIIIIIIIIIIIIIIIIIIAA1IIIIIIIIIIIIA1IIIIIIIIIIIIIII
IIIIIIIIIIIIIIIIIIIIIIIIIIIIIIIIAA1IIIIIIIIIIIAA1IIIIIIIIIIIIIII
IIIIIIIIIIIIIIIIIIIIIIIIIIIIIIIIIIIIIIIIIIIIIIIA1IIIIIIIIIIIIIII
IIIIIIIIIIIIIIIIIIIIIIIIIIIIIIIIIA1IIIIIIIIIIIIA1IIIIIIIIIIIIIII
IIIIIIIIIIIIIIIIIIIIIIIIIIIIIIIIIA1IIIIIIIIIIIIAAIIIIIIIIIIIIIII
IIIIIIIIIIIIIIIIIIIIIIIIIIIIIIIIIAAIIIIIIIIIIIIAAIIIIIIIIIIIIIII
IIIIIIIIIIIIIIIIIIIIIIIIIIIIIIIIIAAIIIIIIIIIIIAAAIIIIIIIIIIIIIII
IIIIIIIIIIIIIIIIIIIIIIIIIIIIIIIIAAAIIIIIIIIIIIAAAIIIIIIIIIIIIIII
IIIIIIIIIIIIIIIIIIIIIIIIIIIIIIIIAAAIIIIIIIIIIIAAAIIIIIIIAIIIIIII
IIIIIIIIIIIIIIIIIIIIIIIIIIIIIIIIAAAIIIIIIIAIIIAAAIIIIIIIAIIIIIII
IIIIIIIIIIIIIIIIIIIIIIIIIIIIIIIIAAAIIIIIIIAIIIAAAIIIIIIAAIIIIIII
IIIIIIIIIIIIIIIIIIIIIIIIIIIIIIIIAAAIIIIIIAAIIIAAAIIIIIIAAIIIIIII
IIIIIIIIIIIIIIIIIIIIIIIIIIIIIIIIIIIIIIIIIIIIIIIA1IIIIIIIIIIIIIII
IIIIIIIIIIIIIIIIIIIIIIIIIIIIIIIIIA1IIIIIIIIIIIIA1IIIIIIIIIIIIIII
IIIIIIIIIIIIIIIIIIIIIIIIIIIIIIIIIAA1IIIIIIIIIIIA1IIIIIIIIIIIIIII
IIIIIIIIIIIIIIIIIIIIIIIIIIIIIIIIIAA1IIIIIIIIIIIAA1IIIIIIIIIIIIII
IIIIIIIIIIIIIIIIIIIIIIIIIIIIIIIIIIIIIIIIIIIIIIIAIIIIIIIIIIIIIIII
IIIIIIIIIIIIIIIIIIIIIIIIIIIIIIIIIAIIIIIIIIIIIIIAIIIIIIIIIIIIIIII
IIIIIIIIIIIIIIIIIIIIIIIIIIIIIIIIIAIIIIIIIIIIIIIAIIIIIIIAIIIIIIII
IIIIIIIIIIIIIIIIIIIIIIIIIIIIIIIIIAIIIIIIIAIIIIIAIIIIIIIAIIIIIIII
IIIIIIIIIIIIIIIIIIIIIIIIIIIIIIIIIAIIIIIIIAIIIIIA1IIIIIIAIIIIIIII
IIIIIIIIIIIIIIIIIIIIIIIIIIIIIIIIIIIIIIIIIIIIIIIAIIIIIIIIIIIIIIII
IIIIIIIIIIIIIIIIIIIIIIIIIIIIIIIIIIIIIIIIIIIIIIIAIIIIIIAIIIIIIIII
IIIIIIIIIIIIIIIIIIIIIIIIIIIIIIIIIIIIIIIIIIIIIIIAIIIIIIA1IIIIIIII
IIIIIIIIIIIIIIIIIIIIIIIIIIIIIIIIIIIIIIIIA1IIIIIAIIIIIIA1IIIIIIII
IIIIIIIIIIIIIIIIIIIIIIIIIIIIIIIIIIIIIIIIA1IIIIIA1IIIIIA1IIIIIIII
IIIIIIIIIIIIIIIIIIIIIIIIIIIIIIIIIA1IIIIIA1IIIIIA1IIIIIA1IIIIIIII
IIIIIIIIIIIIIIIIIIIIIIIIIIIIIIIIIIIIIIIIIIIIIIIIIIIIIIA2IIIIIIII
IIIIIIIIIIIIIIIIIIIIIIIIIIIIIIIIIIIIIIIIIIIIIIIIIA2IIIIIIIIIIIII
IIIIIIIIIIIIIIIIIIIIIIIIIIIIIIIIIIIA2IIIIIIIIIIIIA2IIIIIIIIIIIII
IIIIIIIIIIIIIIIIIIIIIIIIIIIIIIIIIIIA2IIIIIIIIIIIIA2IIIIIA2IIIIII
IIIIIIIIIIIIIIIIIIIIIIIIIIIIIIIIIIIA2IIIIIA2IIIIIA2IIIIIA2IIIIII
IIIIIIIIIIIIIIIIIIIIIIIIIIIIIIIIIIIA2IIIIIA2IIIIIA2IIIA2A2IIIIII
IIIIIIIIIIIIIIIIIIIIIIIIIIIIIIIIIIIA2IIIA2A2IIIIIA2IIIA2A2IIIIII
IIIIIIIIIIIIIIIIIIIIIIIIIIIIIIIIIIIA2IIAA2A2IIIIIA2IIIA2A2IIIIII
IIIIIIIIIIIIIIIIIIIIIIIIIIIIIIIIIIIA2IIAA2A2IIIIIA2IIAA2A2IIIIII
IIIIIIIIIIIIIIIIIIIIIIIIIIIIIIIIIIIIIIIIIIIIIIIA2IIIIIIIIIIIIIII
IIIIIIIIIIIIIIIIIIIIIIIIIIIIIIIIIA2IIIIIIIIIIIIA2IIIIIIIIIIIIIII
IIIIIIIIIIIIIIIIIIIIIIIIIIIIIIIIIA2IIIIIA2IIIIIA2IIIIIIIIIIIIIII
IIIIIIIIIIIIIIIIIIIIIIIIIIIIIIIIIA2IIIIIA2IIIIIA2IIIIIA2IIIIIIII
IIIIIIIIIIIIIIIIIIIIIIIIIIIIIIIIIA2IIIIIA2IIIIAA2IIIIIA2IIIIIIII
IIIIIIIIIIIIIIIIIIIIIIIIIIIIIIIIIA2IIIIIA2IIIIAA2IIIIIA2A2IIIIII
IIIIIIIIIIIIIIIIIIIIIIIIIIIIIIIIAA2IIIIIA2IIIIAA2IIIIIA2A2IIIIII
IIIIIIIIIIIIIIIIIIIIIIIIIIIIIIIIAA2IIIIIA2A2IIAA2IIIIIA2A2IIIIII
IIIIIIIIIIIIIIIIIIIIIIIIIIIIIIIIIIIIIIIIIIIIIIIA1IIIIIIIIIIIIIII
IIIIIIIIIIIIIIIIIIIIIIIIIIIIIIIIIA1IIIIIIIIIIIIA1IIIIIIIIIIIIIII
IIIIIIIIIIIIIIIIIIIIIIIIIIIIIIIIAA1IIIIIIIIIIIIA1IIIIIIIIIIIIIII
IIIIIIIIIIIIIIIIIIIIIIIIIIIIIIIIAA1IIIIIIIIIIIAA1IIIIIIIIIIIIIII
IIIIIIIIIIIIIIIIIIIIIIIIIIIIIIIIIIIIIIIIIIIIIIIIA1IIIIIIIIIIIIII
IIIIIIIIIIIIIIIIIIIIIIIIIIIIIIIIIIA1IIIIIIIIIIIIA1IIIIIIIIIIIIII
IIIIIIIIIIIIIIIIIIIIIIIIIIIIIIIIIIA1IIIIIIIIIIIIA1IIIIIA1IIIIIII
IIIIIIIIIIIIIIIIIIIIIIIIIIIIIIIIIIA1IIIIIA1IIIIIA1IIIIIA1IIIIIII
IIIIIIIIIIIIIIIIIIIIIIIIIIIIIIIIIIIIIIIIIIIIIIIIIIIIIIA2IIIIIIII
IIIIIIIIIIIIIIIIIIIIIIIIIIIIIIIIIIIIIIIIA2IIIIIIIIIIIIA2IIIIIIII
IIIIIIIIIIIIIIIIIIIIIIIIIIIIIIIIIIIIIIIIIIIIIIIAIIIIIIIIIIIIIIII
IIIIIIIIIIIIIIIIIIIIIIIIIIIIIIIIIIIIIIIIIIIIIIIA1IIIIIIIIIIIIIII
IIIIIIIIIIIIIIIIIIIIIIIIIIIIIIIIIIIIIIIIIIIIIIIA1I2IIIIIIIIIIIII
IIIIIIIIIIIIIIIIIIIIIIIIIIIIIIIIIIIIIIIIIIIIIIIIIIIIIIIA2IIIIIII
IIIIIIIIIIIIIIIIIIIIIIIIIIIIIIIIIIIIIIIIIA2IIIIIIIIIIIIA2IIIIIII
IIIIIIIIIIIIIIIIIIIIIIIIIIIIIIIIIIA2IIIIIA2IIIIIIIIIIIIA2IIIIIII
IIIIIIIIIIIIIIIIIIIIIIIIIIIIIIIIIIA2IIIIIA2IIIIIA2IIIIIA2IIIIIII
IIIIIIIIIIIIIIIIIIIIIIIIIIIIIIIIIIIIIIIIIIIIIIIIA1I111IIIIIIIIII
IIIIIIIIIIIIIIIIIIIIIIIIIIIIIIIIIIAIIIIIIIIIIIIIA1I111IIIIIIIIII
IIIIIIIIIIIIIIIIIIIIIIIIIIIIIIIIIAAI11IIIIIIIIIIA1I111IIIIIIIIII
IIIIIIIIIIIIIIIIIIIIIIIIIIIIIIIIIAAI11IIIIIIIIIAA1I111IIIIIIIIII
IIIIIIIIIIIIIIIIIIIIIIIIIIIIIIIIIAAI11IIIIIIIIIAA1I1111IIIIIIIII
IIIIIIIIIIIIIIIIIIIIIIIIIIIIIIIIAAA111IIIIIIIIIAA1I1111IIIIIIIII
IIIIIIIIIIIIIIIIIIIIIIIIIIIIIIIIAAA111IIIIIIIIAAA1I1111IIIIIIIII
IIIIIIIIIIIIIIIIIIIIIIIIIIIIIIIIIIIIIIIIIIIIIIIIIIIIIIA2IIIIIIII
IIIIIIIIIIIIIIIIIIIIIIIIIIIIIIIIIIIIIIIIIIIIIIIIA2IIIIA2IIIIIIII
IIIIIIIIIIIIIIIIIIIIIIIIIIIIIIIIIIIIIIIIA2IIIIIIA2IIIIA2IIIIIIII
IIIIIIIIIIIIIIIIIIIIIIIIIIIIIIIIIIA2IIIIA2IIIIIIA2IIIIA2IIIIIIII
IIIIIIIIIIIIIIIIIIIIIIIIIIIIIIIIIIAA2IIIA2IIIIIIA2IIIIA2IIIIIIII
IIIIIIIIIIIIIIIIIIIIIIIIIIIIIIIIIIAA2IIIA2IIIIIIAA2IIIA2IIIIIIII
IIIIIIIIIIIIIIIIIIIIIIIIIIIIIIIIIAAA2IIIA2IIIIIIAA2IIIA2IIIIIIII
IIIIIIIIIIIIIIIIIIIIIIIIIIIIIIIIIAAA2IIIA2IIIIIAAA2IIIA2IIIIIIII
IIIIIIIIIIIIIIIIIIIIIIIIIIIIIIIIIIIIIIIIIIIIIIIIIIIIIA1IIIIIIIII
IIIIIIIIIIIIIIIIIIIIIIIIIIIIIIIIIIIIIIIA1IIIIIIIIIIIIA1IIIIIIIII
IIIIIIIIIIIIIIIIIIIIIIIIIIIIIIIIIIIIIIIA1IIIIIIIIIIIIAA1IIIIIIII
IIIIIIIIIIIIIIIIIIIIIIIIIIIIIIIIIIIIIIIAA1IIIIIIIIIIIAA1IIIIIIII
IIIIIIIIIIIIIIIIIIIIIIIIIIIIIIIIIIIIIIIAA1IIIIIIIA1IIAA1IIIIIIII
IIIIIIIIIIIIIIIIIIIIIIIIIIIIIIIIIIIA1IIAA1IIIIIIIA1IIAA1IIIIIIII
IIIIIIIIIIIIIIIIIIIIIIIIIIIIIIIIIIIIIIIIIIIIIIA2IIIIIIIIIIIIIIII
IIIIIIIIIIIIIIIIIIIIIIIIIIIIIIIIIIIIIIIIIIIIIIA1IIIIIIIIIIIIIIII
IIIIIIIIIIIIIIIIIIIIIIIIIIIIIIIIA1IIIIIIIIIIIIA1IIIIIIIIIIIIIIII
IIIIIIIIIIIIIIIIIIIIIIIIIIIIIIIIA1IIIIIIIIIIIIA1A1IIIIIIIIIIIIII
IIIIIIIIIIIIIIIIIIIIIIIIIIIIIIIIA1A1IIIIIIIIIIA1A1IIIIIIIIIIIIII
IIIIIIIIIIIIIIIIIIIIIIIIIIIIIIIIIIIIIIIIIIIIIIIIIIIIIIA2IIIIIIII
IIIIIIIIIIIIIIIIIIIIIIIIIIIIIIIIIIIIIIIIA2IIIIIIIIIIIIA2IIIIIIII
IIIIIIIIIIIIIIIIIIIIIIIIIIIIIIIIA2IIIIIIA2IIIIIIIIIIIIA2IIIIIIII
IIIIIIIIIIIIIIIIIIIIIIIIIIIIIIIIA2IIIIIIA2IIIIA2IIIIIIA2IIIIIIII
IIIIIIIIIIIIIIIIIIIIIIIIIIIIIIIIIIIIIIIIIIIIIIIA2IIIIIIIIIIIIIII
IIIIIIIIIIIIIIIIIIIIIIIIIIIIIIIIIA2IIIIIIIIIIIIA2IIIIIIIIIIIIIII
IIIIIIIIIIIIIIIIIIIIIIIIIIIIIIIIIAA2IIIIIIIIIIIA2IIIIIIIIIIIIIII
IIIIIIIIIIIIIIIIIIIIIIIIIIIIIIIIIAA2IIIIIIIIIIIAA2IIIIIIIIIIIIII
IIIIIIIIIIIIIIIIIIIIIIIIIIIIIIIIIAA2IIIIIIIIIIAAA2IIIIIIIIIIIIII
IIIIIIIIIIIIIIIIIIIIIIIIIIIIIIIIAAA2IIIIIIIIIIAAA2IIIIIIIIIIIIII
IIIIIIIIIIIIIIIIIIIIIIIIIIIIIIIIIIIIIIIIIIIIIIIIIIIIIIA2IIIIIIII
IIIIIIIIIIIIIIIIIIIIIIIIIIIIIIIIIIIIIIIIA2IIIIIIIIIIIIA2IIIIIIII
IIIIIIIIIIIIIIIIIIIIIIIIIIIIIIIIA2IIIIIIA2IIIIIIIIIIIIA2IIIIIIII
IIIIIIIIIIIIIIIIIIIIIIIIIIIIIIIIA2IIIIIIA2IIIIA2IIIIIIA2IIIIIIII
IIIIIIIIIIIIIIIIIIIIIIIIIIIIIIIIIIIIIIIIIIIIIIIIA1IIIIIIIIIIIIII
IIIIIIIIIIIIIIIIIIIIIIIIIIIIIIIIIIIIIIIIIIIIIIIAA1IIIIIIIIIIIIII
IIIIIIIIIIIIIIIIIIIIIIIIIIIIIIIIIA2IIIIIIIIIIIIAA1IIIIIIIIIIIIII
IIIIIIIIIIIIIIIIIIIIIIIIIIIIIIIIIAA2IIIIIIIIIIIAA1IIIIIIIIIIIIII
IIIIIIIIIIIIIIIIIIIIIIIIIIIIIIIIIIIIIIIIIIIIIIIIA2IIIIIIIIIIIIII
IIIIIIIIIIIIIIIIIIIIIIIIIIIIIIIIIIIIIIIIIIIIIIIIA1IIIIIIIIIIIIII
IIIIIIIIIIIIIIIIIIIIIIIIIIIIIIIIIIIIIIIIIIIIIIIIIIIIIA1IIIIIIIII
IIIIIIIIIIIIIIIIIIIIIIIIIIIIIIIIIIIIIIIIIIIIIIIA1IIIIA1IIIIIIIII
IIIIIIIIIIIIIIIIIIIIIIIIIIIIIIIIIA1IIIIIIIIIIIIA1IIIIA1IIIIIIIII
IIIIIIIIIIIIIIIIIIIIIIIIIIIIIIIIIIIIIIIIIIIIIIIA1IIIIIIIIIIIIIII
IIIIIIIIIIIIIIIIIIIIIIIIIIIIIIIIIIIIIIIIIIIIIIIAIIIIIIIIIIIIIIII
IIIIIIIIIIIIIIIIIIIIIIIIIIIIIIIIIIIIIIIIIIIIIIIA2IIIIIIIIIIIIIII
IIIIIIIIIIIIIIIIIIIIIIIIIIIIIIIIIIIIIIIIIIIIIIIA2IIIIIA2IIIIIIII
IIIIIIIIIIIIIIIIIIIIIIIIIIIIIIIIIA2IIIIIIIIIIIIA2IIIIIA2IIIIIIII
IIIIIIIIIIIIIIIIIIIIIIIIIIIIIIIIIA2IIIIIA2IIIIIA2IIIIIA2IIIIIIII
IIIIIIIIIIIIIIIIIIIIIIIIIIIIIIIIIIIIIIIIIIIIIIIA12IIIIIIIIIIIIII
IIIIIIIIIIIIIIIIIIIIIIIIIIIIIIIIIA12IIIIIIIIIIIA12IIIIIIIIIIIIII
IIIIIIIIIIIIIIIIIIIIIIIIIIIIIIIIIA12IIIIIIIIIIIA1A12IIIIIIIIIIII
IIIIIIIIIIIIIIIIIIIIIIIIIIIIIIIIIA1A12IIIIIIIIIA1A12IIIIIIIIIIII
IIIIIIIIIIIIIIIIIIIIIIIIIIIIIIIIIIIIIIIIIIIIIIAIIIIIIIIIIIIIIIII
IIIIIIIIIIIIIIIIIIIIIIIIIIIIIIIIIIIIIIIIIIIIIIA2IIIIIIIIIIIIIIII
IIIIIIIIIIIIIIIIIIIIIIIIIIIIIIIIA2IIIIIIIIIIIIA2IIIIIIIIIIIIIIII
IIIIIIIIIIIIIIIIIIIIIIIIIIIIIIIIA2IIIIIIIIIIIIA2IA2IIIIIIIIIIIII
IIIIIIIIIIIIIIIIIIIIIIIIIIIIIIIIA2IA2IIIIIIIIIA2IA2IIIIIIIIIIIII
IIIIIIIIIIIIIIIIIIIIIIIIIIIIIIIIIIIIIIIIIIIIIIIIIIIIIIIA1IIIIIII
IIIIIIIIIIIIIIIIIIIIIIIIIIIIIIIIIIIIIIIIIA1IIIIIIIIIIIIA1IIIIIII
IIIIIIIIIIIIIIIIIIIIIIIIIIIIIIIIIIIIIIIIIA1IIIA1IIIIIIIA1IIIIIII
IIIIIIIIIIIIIIIIIIIIIIIIIIIIIIIIA1IIIIIIIA1IIIA1IIIIIIIA1IIIIIII
IIIIIIIIIIIIIIIIIIIIIIIIIIIIIIIIA1IIIIIIIA1IIIA1AIIIIIIA1IIIIIII
IIIIIIIIIIIIIIIIIIIIIIIIIIIIIIIIA1AIIIIIIA1IIIA1AIIIIIIA1IIIIIII
IIIIIIIIIIIIIIIIIIIIIIIIIIIIIIIIIIIIIIIIIIIIIIA2IIIIIIIIIIIIIIII
IIIIIIIIIIIIIIIIIIIIIIIIIIIIIIIIA2IIIIIIIIIIIIA2IIIIIIIIIIIIIIII
IIIIIIIIIIIIIIIIIIIIIIIIIIIIIIIIA2A2IIIIIIIIIIA2IIIIIIIIIIIIIIII
IIIIIIIIIIIIIIIIIIIIIIIIIIIIIIIIA2A2IIIIIIIIIIA2A2IIIIIIIIIIIIII
IIIIIIIIIIIIIIIIIIIIIIIIIIIIIIIIA2A2IIIIIIIIIIA2A2IIIIIA2IIIIIII
IIIIIIIIIIIIIIIIIIIIIIIIIIIIIIIIA2A2IIIIIIIIIIAAA2IIIIIA2IIIIIII
IIIIIIIIIIIIIIIIIIIIIIIIIIIIIIIIAAA2IIIIIIIIIIAAA2IIIIIA2IIIIIII
IIIIIIIIIIIIIIIIIIIIIIIIIIIIIIIIAAA2IIIIIIIIIIAAA1IIIIIA2IIIIIII
IIIIIIIIIIIIIIIIIIIIIIIIIIIIIIIIIIIIIIIIIIIIIIIIIIIIIIIA1IIIIIII
IIIIIIIIIIIIIIIIIIIIIIIIIIIIIIIIIIIIIIIIIIIIIIIIIIIIII2A1IIIIIII
IIIIIIIIIIIIIIIIIIIIIIIIIIIIIIIIIIIIIIIIIIIII2AIIIIIII2A1IIIIIII
IIIIIIIIIIIIIIIIIIIIIIIIIIIIIIIIIIIIIIII2AIII2AIIIIIII2A1IIIIIII
IIIIIIIIIIIIIIIIIIIIIIIIIIIIIII2AIIIIIII2AIII2AIIIIIII2A1IIIIIII
IIIIIIIIIIIIIIIIIIIIIIIIIIIIIII2AIIIIIII2AIII2AIIIII2A2A1IIIIIII
IIIIIIIIIIIIIIIIIIIIIIIIIIIIIII2AIIIII2A2AIII2AIIIII2A2A1IIIIIII
IIIIIIIIIIIIIIIIIIIIIIIIIIIIIIIIIIIIIIIIIIIIIIIIIIIIIA1IIIIIIIII
IIIIIIIIIIIIIIIIIIIIIIIIIIIIIIIIIIIIIIIIIIIIIIIIIIII2A1IIIIIIIII
IIIIIIIIIIIIIIIIIIIIIIIIIIIIIIIIIIIIIIIIIIIIIIIIIIIIIIA1IIIIIIII
IIIIIIIIIIIIIIIIIIIIIIIIIIIIIIIIIIIIIIIIIIIIIIIIIIIIIAA1IIIIIIII
IIIIIIIIIIIIIIIIIIIIIIIIIIIIIIIIIIIIIIIIAIIIIIIIIIIIIAA1IIIIIIII
IIIIIIIIIIIIIIIIIIIIIIIIIIIIIIIIIIIIIIIAAIIIIIIIIIIIIAA1IIIIIIII
IIIIIIIIIIIIIIIIIIIIIIIIIIIIIIIIIIIIIIIIIIIIIIA2IIIIIIIIIIIIIIII
IIIIIIIIIIIIIIIIIIIIIIIIIIIIIIIIA2IIIIIIIIIIIIA2IIIIIIIIIIIIIIII
IIIIIIIIIIIIIIIIIIIIIIIIIIIIIIIIA2IIIIIIIIIIIIA2A2IIIIIIIIIIIIII
IIIIIIIIIIIIIIIIIIIIIIIIIIIIIIIIA2A2IIIIIIIIIIA2A2IIIIIIIIIIIIII
IIIIIIIIIIIIIIIIIIIIIIIIIIIIIIIIIIIIIIIIIIIIIIIIIIIIIIIA12IIIIII
IIIIIIIIIIIIIIIIIIIIIIIIIIIIIIIIIIIIIIIIIA12IIIIIIIIIIIA12IIIIII
IIIIIIIIIIIIIIIIIIIIIIIIIIIIIIIIA12IIIIIIA12IIIIIIIIIIIA12IIIIII
IIIIIIIIIIIIIIIIIIIIIIIIIIIIIIIIA12IIIIIIA12IIA12IIIIIIA12IIIIII
IIIIIIIIIIIIIIIIIIIIIIIIIIIIIIIIA12IIIIIIA12IIAA2IIIIIIA12IIIIII
IIIIIIIIIIIIIIIIIIIIIIIIIIIIIIIIA12IIIIIIA12IIAA1IIIIIIA12IIIIII
IIIIIIIIIIIIIIIIIIIIIIIIIIIIIIIIAA1IIIIIIA12IIAA1IIIIIIA12IIIIII
IIIIIIIIIIIIIIIIIIIIIIIIIIIIIIIIAA1IIIIIIA12IIAAA1IIIIIA12IIIIII
IIIIIIIIIIIIIIIIIIIIIIIIIIIIIIIIAAA1IIIIIA12IIAAA1IIIIIA12IIIIII
IIIIIIIIIIIIIIIIIIIIIIIIIIIIIIIIIIIIIIIIIIIIIIIA2IIIIIIIIIIIIIII
IIIIIIIIIIIIIIIIIIIIIIIIIIIIIIIIIIIIIIIIIIIIIIIA1IIIIIIIIIIIIIII
IIIIIIIIIIIIIIIIIIIIIIIIIIIIIIIIIIIIIIIIIIIIIIIIIIIIIIIAIIIIIIII
IIIIIIIIIIIIIIIIIIIIIIIIIIIIIIIIIIIIIIIIIIIIIIIIIIIIIAIAIIIIIIII
IIIIIIIIIIIIIIIIIIIIIIIIIIIIIIIIIIIIIIIAIIIIIIIIIIIIIAIAIIIIIIII
IIIIIIIIIIIIIIIIIIIIIIIIIIIIIIIIIIIIIIIAIIIIIIIAIIIIIAIAIIIIIIII
IIIIIIIIIIIIIIIIIIIIIIIIIIIIIIIIIAIIIIIAIIIIIIIAIIIIIAIAIIIIIIII
IIIIIIIIIIIIIIIIIIIIIIIIIIIIIIIIIAIIIIIAIIIIIIIAIIIIIA2AIIIIIIII
IIIIIIIIIIIIIIIIIIIIIIIIIIIIIIIIIIIIIIIIIIIIIIIIIIIIIA2IIIIIIIII
IIIIIIIIIIIIIIIIIIIIIIIIIIIIIIIIIIIIIIIIIIIIIIIIIIIIIA1IIIIIIIII
IIIIIIIIIIIIIIIIIIIIIIIIIIIIIIIIIIIIIIIIIIIIIIIIIIIIIIAIIIIIIIII
IIIIIIIIIIIIIIIIIIIIIIIIIIIIIIIIIIIIIIIIIIIIIIIIIIIIIIA122IIIIII
IIIIIIIIIIIIIIIIIIIIIIIIIIIIIIIIIIIIIIIIIIIIIIIIIIIIIIAA122IIIII
IIIIIIIIIIIIIIIIIIIIIIIIIIIIIIIIIIIIIIIIA122IIIIIIIIIIAA122IIIII
IIIIIIIIIIIIIIIIIIIIIIIIIIIIIIIIIIIIIIIIAA122IIIIIIIIIAA122IIIII
IIIIIIIIIIIIIIIIIIIIIIIIIIIIIIIIIIIIIIIIIA2IIIIIIIIIIIIIIIIIIIII
IIIIIIIIIIIIIIIIIIIIIIIIIIIIIIIIIIIIIIIIIA2IIIIIIIIIIIIA2IIIIIII
IIIIIIIIIIIIIIIIIIIIIIIIIIIIIIIIIIIIIIIIIA2IIIIIIIIIIIAA2IIIIIII
IIIIIIIIIIIIIIIIIIIIIIIIIIIIIIIIIIIIIIIIAA2IIIIIIIIIIIAA2IIIIIII
IIIIIIIIIIIIIIIIIIIIIIIIIIIIIIIIIIIIIIIIIIIIIII2AIIIIIIIIIIIIIII
IIIIIIIIIIIIIIIIIIIIIIIIIIIIIIIII2AIIIIIIIIIIII2AIIIIIIIIIIIIIII
IIIIIIIIIIIIIIIIIIIIIIIIIIIIIIIII2AIII2AIIIIIII2AIIIIIIIIIIIIIII
IIIIIIIIIIIIIIIIIIIIIIIIIIIIIIIII2AIII2AIIIIIII2AIII2AIIIIIIIIII
IIIIIIIIIIIIIIIIIIIIIIIIIIIIIIIIIIIIIIIIIIIIIIIIIIIIIA1IIIIIIIII
IIIIIIIIIIIIIIIIIIIIIIIIIIIIIIIIIIIIIIIIIIIIIIIIIIII2A1IIIIIIIII
IIIIIIIIIIIIIIIIIIIIIIIIIIIIIIIIIIIIIIIIIIIIIIIA2IIIIIIIIIIIIIII
IIIIIIIIIIIIIIIIIIIIIIIIIIIIIIIIIA2IIIIIIIIIIIIA2IIIIIIIIIIIIIII
IIIIIIIIIIIIIIIIIIIIIIIIIIIIIIIIIA2IIIIA2IIIIIIA2IIIIIIIIIIIIIII
IIIIIIIIIIIIIIIIIIIIIIIIIIIIIIIIIA2IIIIA2IIIIIIA2IIIIA2IIIIIIIII
IIIIIIIIIIIIIIIIIIIIIIIIIIIIIIIIIA2IIIIA2IIIIIIA2A2IIA2IIIIIIIII
IIIIIIIIIIIIIIIIIIIIIIIIIIIIIIIIIA2IIIIA2IIIIIIA2A2IIA2IA2IIIIII
IIIIIIIIIIIIIIIIIIIIIIIIIIIIIIIIIA2A2IIA2IIIIIIA2A2IIA2IA2IIIIII
IIIIIIIIIIIIIIIIIIIIIIIIIIIIIIIIIA2A2IIA2IA2IIIA2A2IIA2IA2IIIIII
IIIIIIIIIIIIIIIIIIIIIIIIIIIIIIIIIIIIIIIIIIIIIIIIIIIIIIIA2IIIIIII
IIIIIIIIIIIIIIIIIIIIIIIIIIIIIIIIIIIIIIIIIA2IIIIIIIIIIIIA2IIIIIII
IIIIIIIIIIIIIIIIIIIIIIIIIIIIIIIIIIIA2IIIIA2IIIIIIIIIIIIA2IIIIIII
IIIIIIIIIIIIIIIIIIIIIIIIIIIIIIIIIIIA2IIIIA2IIIIIIA2IIIIA2IIIIIII
IIIIIIIIIIIIIIIIIIIIIIIIIIIIIIIIIIIA2IIIIA2IIIIIAA2IIIIA2IIIIIII
IIIIIIIIIIIIIIIIIIIIIIIIIIIIIIIIIIAA2IIIIA2IIIIIAA2IIIIA2IIIIIII
IIIIIIIIIIIIIIIIIIIIIIIIIIIIIIIIIIAA2IIIIA2IIIA2AA2IIIIA2IIIIIII
IIIIIIIIIIIIIIIIIIIIIIIIIIIIIIIIA2AA2IIIIA2IIIA2AA2IIIIA2IIIIIII
IIIIIIIIIIIIIIIIIIIIIIIIIIIIIIIIIIIIIIIIIIIIIIA2IIIIIIIIIIIIIIII
IIIIIIIIIIIIIIIIIIIIIIIIIIIIIIIIIIIIIIIIIIIIIIA2IIIIIIIA2IIIIIII
IIIIIIIIIIIIIIIIIIIIIIIIIIIIIIIIA2IIIIIIIIIIIIA2IIIIIIIA2IIIIIII
IIIIIIIIIIIIIIIIIIIIIIIIIIIIIIIIA2IIIIIIIA2IIIA2IIIIIIIA2IIIIIII
IIIIIIIIIIIIIIIIIIIIIIIIIIIIIIIIA2IIIIIIIA2IIIA2IA2IIIIA2IIIIIII
IIIIIIIIIIIIIIIIIIIIIIIIIIIIIIIIA2IA2IIIIA2IIIA2IA2IIIIA2IIIIIII
IIIIIIIIIIIIIIIIIIIIIIIIIIIIIIIIA2IA2IIIIA2IIIA2IA2IIA2A2IIIIIII
IIIIIIIIIIIIIIIIIIIIIIIIIIIIIIIIA2IA2IIA2A2IIIA2IA2IIA2A2IIIIIII
IIIIIIIIIIIIIIIIIIIIIIIIIIIIIIIIIIIIIIIIIIIIIIIA2IIIIIIIIIIIIIII
IIIIIIIIIIIIIIIIIIIIIIIIIIIIIIIIIA2IIIIIIIIIIIIA2IIIIIIIIIIIIIII
IIIIIIIIIIIIIIIIIIIIIIIIIIIIIIIIIA2IIIIA2IIIIIIA2IIIIIIIIIIIIIII
IIIIIIIIIIIIIIIIIIIIIIIIIIIIIIIIIA2IIIIA2IIIIIIA2IIIIA2IIIIIIIII
IIIIIIIIIIIIIIIIIIIIIIIIIIIIIIIIIA2IIIIA2IIIIIAA2IIIIA2IIIIIIIII
IIIIIIIIIIIIIIIIIIIIIIIIIIIIIIIIIA2IIIIA2IIIIIAAA2IIIA2IIIIIIIII
IIIIIIIIIIIIIIIIIIIIIIIIIIIIIIIIIAA2IIIA2IIIIIAAA2IIIA2IIIIIIIII
IIIIIIIIIIIIIIIIIIIIIIIIIIIIIIIIAAA2IIIA2IIIIIAAA2IIIA2IIIIIIIII
IIIIIIIIIIIIIIIIIIIIIIIIIIIIIIIIIIIIIIIIIIIIIIIAIIIIIIIIIIIIIIII
IIIIIIIIIIIIIIIIIIIIIIIIIIIIIIIIIIIIIIIIIIIIIIIAIII1IIIIIIIIIIII
IIIIIIIIIIIIIIIIIIIIIIIIIIIIIIIIIIIIIIIIIIIIIIIAIII11II1I1111I1I
IIIIIIIIIIIIIIIIIIIIIIIIIIIIIIIIIIIIIIIIIIIIIIIA1II11II1I1111I1I
IIIIIIIIIIIIIIIIIIIIIIIIIIIIIIIIIIIIIIIIIIIIIIIA1IIIIIIIIIIIIIII
IIIIIIIIIIIIIIIIIIIIIIIIIIIIIIIIIIIIIIIIIIIIIIIA1IIIIAIIIIIIIIII
IIIIIIIIIIIIIIIIIIIIIIIIIIIIIIIIIIIIIIIIIIIIIIAA1IIIIAIIIIIIIIII
IIIIIIIIIIIIIIIIIIIIIIIIIIIIIIIIAIIIIIIIIIIIIIAA1IIIIAIIIIIIIIII
IIIIIIIIIIIIIIIIIIIIIIIIIIIIIIIIIIIIIIIIIIIIIIIIIA2IIIIIIIIIIIII
IIIIIIIIIIIIIIIIIIIIIIIIIIIIIIIIIIIA2IIIIIIIIIIIIA2IIIIIIIIIIIII
IIIIIIIIIIIIIIIIIIIIIIIIIIIIIIIIIIIA2IIIIIIIIIA2IA2IIIIIIIIIIIII
IIIIIIIIIIIIIIIIIIIIIIIIIIIIIIIIA2IA2IIIIIIIIIA2IA2IIIIIIIIIIIII
IIIIIIIIIIIIIIIIIIIIIIIIIIIIIIIIA2IA2IIA2IIIIIA2IA2IIIIIIIIIIIII
IIIIIIIIIIIIIIIIIIIIIIIIIIIIIIIIA2IA2IIA2IIIIIA2IA2IIA2IIIIIIIII
IIIIIIIIIIIIIIIIIIIIIIIIIIIIIIIIIIIIIIIIIIIIIIA2IIIIIIIIIIIIIIII
IIIIIIIIIIIIIIIIIIIIIIIIIIIIIIIIA2IIIIIIIIIIIIA2IIIIIIIIIIIIIIII
IIIIIIIIIIIIIIIIIIIIIIIIIIIIIIIIA2IA2IIIIIIIIIA2IIIIIIIIIIIIIIII
IIIIIIIIIIIIIIIIIIIIIIIIIIIIIIIIA2IA2IIIIIIIIIA2IA2IIIIIIIIIIIII
IIIIIIIIIIIIIIIIIIIIIIIIIIIIIIIIA2IA2IIIIIIIIIA2IA1IIIIIIIIIIIII
IIIIIIIIIIIIIIIIIIIIIIIIIIIIIIIIA2IA1IIIIIIIIIA2IA1IIIIIIIIIIIII
IIIIIIIIIIIIIIIIIIIIIIIIIIIIIIIIA2IA1IIIIIIIIIAA1A1IIIIIIIIIIIII
IIIIIIIIIIIIIIIIIIIIIIIIIIIIIIIIAA1A1IIIIIIIIIAA1A1IIIIIIIIIIIII
IIIIIIIIIIIIIIIIIIIIIIIIIIIIIIIIIIIIIIIIIIIIIIIIIAI2IIIIIIIIIIII
IIIIIIIIIIIIIIIIIIIIIIIIIIIIIIIIIIIAI2IIIIIIIIIIIAI2IIIIIIIIIIII
IIIIIIIIIIIIIIIIIIIIIIIIIIIIIIIIIIAA22IIIIIIIIIIIAI2IIIIIIIIIIII
IIIIIIIIIIIIIIIIIIIIIIIIIIIIIIIIIIAA22IIIIIIIIIIAA22IIIIIIIIIIII
IIIIIIIIIIIIIIIIIIIIIIIIIIIIIIIIIIAA22IIIIIIIIIIAA22IIAI2IIIIIII
IIIIIIIIIIIIIIIIIIIIIIIIIIIIIIIIIIAA22IIIIIIIIIIAA22IIA22IIIIIII
IIIIIIIIIIIIIIIIIIIIIIIIIIIIIIIIIIIIIIIIIIIIIIIIIIIIIIIAIIIIIIII
IIIIIIIIIIIIIIIIIIIIIIIIIIIIIIIIIIIIIIIIIAIIIIIIIIIIIIIAIIIIIIII
IIIIIIIIIIIIIIIIIIIIIIIIIIIIIIIIIIIAIIIIIAIIIIIIIIIIIIIAIIIIIIII
IIIIIIIIIIIIIIIIIIIIIIIIIIIIIIIIIIIAIIIIIAIIIIIIIAIIIIIAIIIIIIII
IIIIIIIIIIIIIIIIIIIIIIIIIIIIIIIIIIIAIIIIIAIIIIIA2AIIIIIAIIIIIIII
IIIIIIIIIIIIIIIIIIIIIIIIIIIIIIIIIIIAIIIIIAIIIIIA2AIIIA2AIIIIIIII
IIIIIIIIIIIIIIIIIIIIIIIIIIIIIIIIIA2AIIIIIAIIIIIA2AIIIA2AIIIIIIII
IIIIIIIIIIIIIIIIIIIIIIIIIIIIIIIIIA2AIIIA2AIIIIIA2AIIIA2AIIIIIIII
IIIIIIIIIIIIIIIIIIIIIIIIIIIIIIIIIA2AIIIA2AIIIIAA2AIIIA2AIIIIIIII
IIIIIIIIIIIIIIIIIIIIIIIIIIIIIIIIIA2AIIIA2AIIIIAA2A2IIA2AIIIIIIII
IIIIIIIIIIIIIIIIIIIIIIIIIIIIIIIIAA2AIIIA2AIIIIAA2A2IIA2AIIIIIIII
IIIIIIIIIIIIIIIIIIIIIIIIIIIIIIIIAA2A2IIA2AIIIIAA2A2IIA2AIIIIIIII
IIIIIIIIIIIIIIIIIIIIIIIIIIIIIIIIIIIIIIIIIIIIIIA2IIIIIIIIIIIIIIII
IIIIIIIIIIIIIIIIIIIIIIIIIIIIIIIIIIIIIIIIIIIIIIA2IA2IIIIIIIIIIIII
IIIIIIIIIIIIIIIIIIIIIIIIIIIIIIIIIIIA2IIIIIIIIIA2IA2IIIIIIIIIIIII
IIIIIIIIIIIIIIIIIIIIIIIIIIIIIIIIA2IA2IIIIIIIIIA2IA2IIIIIIIIIIIII
IIIIIIIIIIIIIIIIIIIIIIIIIIIIIIIIA2IA2IIIIIIIIIA2IA1IIIIIIIIIIIII
IIIIIIIIIIIIIIIIIIIIIIIIIIIIIIIIIIIIIIIIIIIIIIIIA1IIIIIIIIIIIIII
IIIIIIIIIIIIIIIIIIIIIIIIIIIIIIIIIIA1IIIIIIIIIIIIA1IIIIIIIIIIIIII
IIIIIIIIIIIIIIIIIIIIIIIIIIIIIIIIIIA1IIIIIA1IIIIIA1IIIIIIIIIIIIII
IIIIIIIIIIIIIIIIIIIIIIIIIIIIIIIIIIA1IIIIIA1IIIIIA1IIIIIA1IIIIIII
IIIIIIIIIIIIIIIIIIIIIIIIIIIIIIIIIIA1IIIIIA1IIIIIA1IIIIAA122IIIII
IIIIIIIIIIIIIIIIIIIIIIIIIIIIIIIIIIA1IIIIAA122IIIA1IIIIAA122IIIII
IIIIIIIIIIIIIIIIIIIIIIIIIIIIIIIIIIA1IIIIAA122IIAA122IIAA122IIIII
IIIIIIIIIIIIIIIIIIIIIIIIIIIIIIIIIAA122IIAA122IIAA122IIAA122IIIII
IIIIIIIIIIIIIIIIIIIIIIIIIIIIIIIIIIIIIIIIIIIIIIIIA1IIIIIIIIIIIIII
IIIIIIIIIIIIIIIIIIIIIIIIIIIIIIIIIIIIIIIIIIIIIIA1A1IIIIIIIIIIIIII
IIIIIIIIIIIIIIIIIIIIIIIIIIIIIIIIIIA1IIIIIIIIIIA1A1IIIIIIIIIIIIII
IIIIIIIIIIIIIIIIIIIIIIIIIIIIIIIIA1A1IIIIIIIIIIA1A1IIIIIIIIIIIIII
IIIIIIIIIIIIIIIIIIIIIIIIIIIIIIIIIIIIIIIIIIIIIIIIIIIIIA1IIIIIIIII
IIIIIIIIIIIIIIIIIIIIIIIIIIIIIIIIIIIIIIIAIIIIIIIIIIIIIA1IIIIIIIII
IIIIIIIIIIIIIIIIIIIIIIIIIIIIIIIIIIIIIIIAIIIIIIIIAIIIIA1IIIIIIIII
IIIIIIIIIIIIIIIIIIIIIIIIIIIIIIIIIIAIIIIAIIIIIIIIAIIIIA1IIIIIIIII
IIIIIIIIIIIIIIIIIIIIIIIIIIIIIIIIIIAIIIIAIIIIIIIAAIIIIA1IIIIIIIII
IIIIIIIIIIIIIIIIIIIIIIIIIIIIIIIIIIAIIIIAIIIIIIIAAAIIIA1IIIIIIIII
IIIIIIIIIIIIIIIIIIIIIIIIIIIIIIIIIAAIIIIAIIIIIIIAAAIIIA1IIIIIIIII
IIIIIIIIIIIIIIIIIIIIIIIIIIIIIIIIIAAAIIIAIIIIIIIAAAIIIA1IIIIIIIII
IIIIIIIIIIIIIIIIIIIIIIIIIIIIIIIIIIIIIIIIIIIIIIA1IIIIIIIIIIIIIIII
IIIIIIIIIIIIIIIIIIIIIIIIIIIIIIIIA1IIIIIIIIIIIIA1IIIIIIIIIIIIIIII
IIIIIIIIIIIIIIIIIIIIIIIIIIIIIIIIA1IIIIIIIIIIIIAA1IIIIIIIIIIIIIII
IIIIIIIIIIIIIIIIIIIIIIIIIIIIIIIIAA1IIIIIIIIIIIAA1IIIIIIIIIIIIIII
IIIIIIIIIIIIIIIIIIIIIIIIIIIIIIIIIIIIIIIIIIIIIIA1IIIIIIIIIIIIIIII
IIIIIIIIIIIIIIIIIIIIIIIIIIIIIIIIIIIIIIIIIIIIIIIA1IIIIIIIIIIIIIII
IIIIIIIIIIIIIIIIIIIIIIIIIIIIIIIIIA1IIIIIIIIIIIIA1IIIIIIIIIIIIIII
IIIIIIIIIIIIIIIIIIIIIIIIIIIIIIIIAA1IIIIIIIIIIIIA1IIIIIIIIIIIIIII
IIIIIIIIIIIIIIIIIIIIIIIIIIIIIIIIAA1IIIIIIIIIIIAA1IIIIIIIIIIIIIII
IIIIIIIIIIIIIIIIIIIIIIIIIIIIIIIIIIIIIIIIIIIIIIIIIIIIIIA11112IIII
IIIIIIIIIIIIIIIIIIIIIIIIIIIIIIIIIIIIIIIIAIIIIIIIIIIIIIA11112IIII
IIIIIIIIIIIIIIIIIIIIIIIIIIIIIIIIIA111IIIAIIIIIIIIIIIIIA11112IIII
IIIIIIIIIIIIIIIIIIIIIIIIIIIIIIIIIA111IIIAIIIIIIAIIIIIIA11112IIII
IIIIIIIIIIIIIIIIIIIIIIIIIIIIIIIIIIIIIIIIIIIIIIIIIIIIIIAIIIIIIIII
IIIIIIIIIIIIIIIIIIIIIIIIIIIIIIIIIIIIIIIIIIIIIIIIIIIIIIAAIIIIIIII
IIIIIIIIIIIIIIIIIIIIIIIIIIIIIIIIIIIIIIIIIIIIIIIIIIIIIIAA2IIIIIII
IIIIIIIIIIIIIIIIIIIIIIIIIIIIIIIIIIIIIIIIIA2IIIIIIIIIIIAA2IIIIIII
IIIIIIIIIIIIIIIIIIIIIIIIIIIIIIIIIIIIIIIIAA2IIIIIIIIIIIAA2IIIIIII
IIIIIIIIIIIIIIIIIIIIIIIIIIIIIIIIIIIIIIIIAA2IIIA2IIIIIIAA2IIIIIII
IIIIIIIIIIIIIIIIIIIIIIIIIIIIIIIIA2IIIIIIAA2IIIA2IIIIIIAA2IIIIIII
IIIIIIIIIIIIIIIIIIIIIIIIIIIIIIIIIIIIIIIIIIIIIIAIIIIIIIIIIIIIIIII
IIIIIIIIIIIIIIIIIIIIIIIIIIIIIIIIIIIIIIIIIIIIIIA2IIIIIIIIIIIIIIII
IIIIIIIIIIIIIIIIIIIIIIIIIIIIIIIIIIIIIIIIIIIIIIIIIA11II22II2IIIII
IIIIIIIIIIIIIIIIIIIIIIIIIIIIIIIIIIIIIIIIIIIIIIA11A112I22II2IIIII
IIIIIIIIIIIIIIIIIIIIIIIIIIIIIIIIIIIA11II22II2IA11A112I22II2IIIII
IIIIIIIIIIIIIIIIIIIIIIIIIIIIIIIIA11A112I22II2IA11A112I22II2IIIII
IIIIIIIIIIIIIIIIIIIIIIIIIIIIIIIIIIIIIIIIIIIIIIA11II22II2IIIIIIII
IIIIIIIIIIIIIIIIIIIIIIIIIIIIIIIIIIIIIIIIIIIII2A11II22II2IIIIIIII
IIIIIIIIIIIIIIIIIIIIIIIIIIIIIII2AIIIIIIIIIIII2A11II22II2IIIIIIII
IIIIIIIIIIIIIIIIIIIIIIIIIIIIIII2AIIIIIIIIIIII2A1AII22II2IIIIIIII
IIIIIIIIIIIIIIIIIIIIIIIIIIIIIII2A2AIIIIIIIIII2A1AII22II2IIIIIIII
IIIIIIIIIIIIIIIIIIIIIIIIIIIIIII2A2AIIIIIIIIII2A1AII222A2IIIIIIII
IIIIIIIIIIIIIIIIIIIIIIIIIIIIIII2A2AIIII2AIIII2A1AII222A2IIIIIIII
IIIIIIIIIIIIIIIIIIIIIIIIIIIIIIIIIIIIIIIIIIIIIIIIIIIIIIA12222IIII
IIIIIIIIIIIIIIIIIIIIIIIIIIIIIIIIIIIIIIIIA12222IIIIIIIIA12222IIII
IIIIIIIIIIIIIIIIIIIIIIIIIIIIIIIIIIIIIIIIA12222IIIAIIIIA12222IIII
IIIIIIIIIIIIIIIIIIIIIIIIIIIIIIIIIIIAIIIIA12222IIIAIIIIA12222IIII
IIIIIIIIIIIIIIIIIIIIIIIIIIIIIIIIIIIIIIIIIIIIIIIIIA1IIIIIIIIIIIII
IIIIIIIIIIIIIIIIIIIIIIIIIIIIIIIIIIIIIIIIIIIIIIIIIAIIIIIIIIIIIIII
IIIIIIIIIIIIIIIIIIIIIIIIIIIIIIIIIIIIIIIIIIIIIIIIIA2IIIIIIIIIIIII
IIIIIIIIIIIIIIIIIIIIIIIIIIIIIIIIIIIIIIIIIIIIIIIA2IIIIIIIIIIIIIII
IIIIIIIIIIIIIIIIIIIIIIIIIIIIIIIIIIIIIIIIIIIIIIIA1IIIIIIIIIIIIIII
IIIIIIIIIIIIIIIIIIIIIIIIIIIIIIIIIIIIIIIIIIIIIIIA1A1IIIIIIIIIIIII
IIIIIIIIIIIIIIIIIIIIIIIIIIIIIIIIIA1IIIIIIIIIIIIA1A1IIIIIIIIIIIII
IIIIIIIIIIIIIIIIIIIIIIIIIIIIIIIIIA1A1IIIIIIIIIIA1A1IIIIIIIIIIIII
IIIIIIIIIIIIIIIIIIIIIIIIIIIIIIIIIA1A1IIIIIIIIIIAAA1IIIIIIIIIIIII
IIIIIIIIIIIIIIIIIIIIIIIIIIIIIIIIIAAA1IIIIIIIIIIAAA1IIIIIIIIIIIII
IIIIIIIIIIIIIIIIIIIIIIIIIIIIIIIIIAAA1IIIIIIIIIIAAA1I2AIIIIIIIIII
IIIIIIIIIIIIIIIIIIIIIIIIIIIIIIIIIAAA1I2AIIIIIIIAAA1I2AIIIIIIIIII
IIIIIIIIIIIIIIIIIIIIIIIIIIIIIIIIIIIIIIIIIIIIIIIIIIIIIIIA1IIIIIII
IIIIIIIIIIIIIIIIIIIIIIIIIIIIIIIIIIIIIIIIIA1IIIIIIIIIIIIA1IIIIIII
IIIIIIIIIIIIIIIIIIIIIIIIIIIIIIIIIA1IIIIIIA1IIIIIIIIIIIIA1IIIIIII
IIIIIIIIIIIIIIIIIIIIIIIIIIIIIIIIIA1IIIIIIA1IIIIA1IIIIIIA1IIIIIII
IIIIIIIIIIIIIIIIIIIIIIIIIIIIIIIIIIIIIIIIIIIIIIIIIA1IIIIIIIIIIIII
IIIIIIIIIIIIIIIIIIIIIIIIIIIIIIIIIIIIIIIIIIIIIIIIIA2IIIIIIIIIIIII
IIIIIIIIIIIIIIIIIIIIIIIIIIIIIIIIIIIIIIIIIIIIIIIA1A2IIIIIIIIIIIII
IIIIIIIIIIIIIIIIIIIIIIIIIIIIIIIIIA1IIIIIIIIIIIIA1A2IIIIIIIIIIIII
IIIIIIIIIIIIIIIIIIIIIIIIIIIIIIIIIIIIIIIIIIIIIIA1IIIIIIIIIIIIIIII
IIIIIIIIIIIIIIIIIIIIIIIIIIIIIIIIA1IIIIIIIIIIIIA1IIIIIIIIIIIIIIII
IIIIIIIIIIIIIIIIIIIIIIIIIIIIIIIIAA1IIIIIIIIIIIA1IIIIIIIIIIIIIIII
IIIIIIIIIIIIIIIIIIIIIIIIIIIIIIIIAA1IIIIIIIIIIIAA1IIIIIIIIIIIIIII
IIIIIIIIIIIIIIIIIIIIIIIIIIIIIIIIIIIIIIIIIII11111AIIIIIIIIIIIIIII
IIIIIIIIIIIIIIIIIIIIIIIIIIIIIIIIIIAIIIIIIII11111AIIIIIIIIIIIIIII
IIIIIIIIIIIIIIIIIIIIIIIIIIIIIIIIIIAIII1AIII11111AIIIIIIIIIIIIIII
IIIIIIIIIIIIIIIIIIIIIIIIIIIIIIIIIIAIII1AIII11111AIIIIAIIIIIIIIII
IIIIIIIIIIIIIIIIIIIIIIIIIIIIIIIIIIAIII1A111111A1AIIIIAIIIIIIIIII
IIIIIIIIIIIIIIIIIIIIIIIIIII11111AIAIII1A111111A1AIIIIAIIIIIIIIII
IIIIIIIIIIIIIIIIIIIIIIIIIII11111AIAIII1A111111AAAIIIIAIIIIIIIIII
IIIIIIIIIIIIIIIIIIIIIIIIIII11111AAAIII1A111111AAAIIIIAIIIIIIIIII
IIIIIIIIIIIIIIIIIIIIIIIIIIIIIIIIIIIIIIIIIIIIIIA2IIIIIIIIIIIIIIII
IIIIIIIIIIIIIIIIIIIIIIIIIIIIIIIIIIIIIIIIIIIIIIIIIA2IIIIIIIIIIIII
IIIIIIIIIIIIIIIIIIIIIIIIIIIIIIIIIIIIIIIIIIIIIIIIAA2IIIIIIIIIIIII
IIIIIIIIIIIIIIIIIIIIIIIIIIIIIIIIIIA2IIIIIIIIIIIIAA2IIIIIIIIIIIII
IIIIIIIIIIIIIIIIIIIIIIIIIIIIIIIIIIA2IIIIIIIIIIA2AA2IIIIIIIIIIIII
IIIIIIIIIIIIIIIIIIIIIIIIIIIIIIIIA2A2IIIIIIIIIIA2AA2IIIIIIIIIIIII
IIIIIIIIIIIIIIIIIIIIIIIIIIIIIIIIA2A2IIIIIIIIIIA2AA2IIIIA2IIIIIII
IIIIIIIIIIIIIIIIIIIIIIIIIIIIIIIIA2A2IIIIIIIIIIA2AA2IIIIA1IIIIIII
IIIIIIIIIIIIIIIIIIIIIIIIIIIIIIIIA2A2IIIIIIIIIIA2AA2IIIAA1IIIIIII
IIIIIIIIIIIIIIIIIIIIIIIIIIIIIIIIA2A2IIIIIA1IIIA2AA2IIIAA1IIIIIII
IIIIIIIIIIIIIIIIIIIIIIIIIIIIIIIIA2A2IIIIAA1IIIA2AA2IIIAA1IIIIIII
IIIIIIIIIIIIIIIIIIIIIIIIIIIIIIIIA2A2IIIIAA1IIIAAAA2IIIAA1IIIIIII
IIIIIIIIIIIIIIIIIIIIIIIIIIIIIIIIAAA2IIIIAA1IIIAAAA2IIIAA1IIIIIII
IIIIIIIIIIIIIIIIIIIIIIIIIIIIIIIIIIIIIIIIIIIIIIIIAIIIIIIIIIIIIIII
IIIIIIIIIIIIIIIIIIIIIIIIIIIIIIIIIIA2IIIIIIIIIIIIAIIIIIIIIIIIIIII
IIIIIIIIIIIIIIIIIIIIIIIIIIIIIIIIIIA2IIIIA2IIIIIIAIIIIIIIIIIIIIII
IIIIIIIIIIIIIIIIIIIIIIIIIIIIIIIIIIA2IIIIA2IIIIIIAIIIIIA2IIIIIIII
IIIIIIIIIIIIIIIIIIIIIIIIIIIIIIIIIIA2IIIIA2IIIIIAAIIIIIA2IIIIIIII
IIIIIIIIIIIIIIIIIIIIIIIIIIIIIIIIIIA2IIIIA2IIIIIAA2IIIIA2IIIIIIII
IIIIIIIIIIIIIIIIIIIIIIIIIIIIIIIIIAA2IIIIA2IIIIIAA2IIIIA2IIIIIIII
IIIIIIIIIIIIIIIIIIIIIIIIIIIIIIIIIIIIIIIIIIIIIIIIIIIIIIA2IIIIIIII
IIIIIIIIIIIIIIIIIIIIIIIIIIIIIIIIIIIIIIIIA2IIIIIIIIIIIIA2IIIIIIII
IIIIIIIIIIIIIIIIIIIIIIIIIIIIIIIIIA2IIIIIA2IIIIIIIIIIIIA2IIIIIIII
IIIIIIIIIIIIIIIIIIIIIIIIIIIIIIIIIA2IIIIIA2IIIIIA2IIIIIA2IIIIIIII
IIIIIIIIIIIIIIIIIIIIIIIIIIIIIIIIIA2IIIIIA2IIIIIAA2IIIIA2IIIIIIII
IIIIIIIIIIIIIIIIIIIIIIIIIIIIIIIIIAA2IIIIA2IIIIIAA2IIIIA2IIIIIIII
IIIIIIIIIIIIIIIIIIIIIIIIIIIIIIIIIAAA2IIIA2IIIIIAA2IIIIA2IIIIIIII
IIIIIIIIIIIIIIIIIIIIIIIIIIIIIIIIIAAA2IIIA2IIIIIAAA2IIIA2IIIIIIII
IIIIIIIIIIIIIIIIIIIIIIIIIIIIIIIIIAAA2IIIA2A2IIIAAA2IIIA2IIIIIIII
IIIIIIIIIIIIIIIIIIIIIIIIIIIIIIIIIAAA2IIIA2A2IIIAAA2IIIA2A2IIIIII
IIIIIIIIIIIIIIIIIIIIIIIIIIIIIIIIIAAA2IIIA2A2IIIAAA2IIIA2A1IIIIII
IIIIIIIIIIIIIIIIIIIIIIIIIIIIIIIIIAAA2IIIA2A1IIIAAA2IIIA2A1IIIIII
IIIIIIIIIIIIIIIIIIIIIIIIIIIIIIIIIAAA2IIAA2A1IIIAAA2IIIA2A1IIIIII
IIIIIIIIIIIIIIIIIIIIIIIIIIIIIIIIIAAA2IIAA2A1IIIAAA2IIAA2A1IIIIII
IIIIIIIIIIIIIIIIIIIIIIIIIIIIIIIIIIIIIIIIIIIIIIIIIIIIIIIIAII1IIII
IIIIIIIIIIIIIIIIIIIIIIIIIIIIIIIIIIIIIIIIIIAII1IIIIIIIIIIAII1IIII
IIIIIIIIIIIIIIIIIIIIIIIIIIIIIIIIIIIIIIIIIIAII1AII1IIIIIIAII1IIII
IIIIIIIIIIIIIIIIIIIIIIIIIIIIIIIIAII1IIIIIIAII1AII1IIIIIIAII1IIII
IIIIIIIIIIIIIIIIIIIIIIIIIIIIIIIIAII1IIIIIIAII1AIIA1IIIIIAII1IIII
IIIIIIIIIIIIIIIIIIIIIIIIIIIIIIIIAIIA1IIIIIAII1AIIA1IIIIIAII1IIII
IIIIIIIIIIIIIIIIIIIIIIIIIIIIIIIIIA12IIIIIIIIIIIIIIIIIIIIIIIIIIII
IIIIIIIIIIIIIIIIIIIIIIIIIIIIIIIIIA12IIIIIIIIIIIA12IIIIIIIIIIIIII
IIIIIIIIIIIIIIIIIIIIIIIIIIIIIIIIIA12IIIIIIIIIIIA12IIIIIIA12IIIII
IIIIIIIIIIIIIIIIIIIIIIIIIIIIIIIIIA12IIIIIIA12IIA12IIIIIIA12IIIII
IIIIIIIIIIIIIIIIIIIIIIIIIIIIIIIIIIIIIIIIIIIIIIIIIIIII2AIIIIIIIII
IIIIIIIIIIIIIIIIIIIIIIIIIIIIIIIIIIIIIII2AIIIIIIIIIIII2AIIIIIIIII
IIIIIIIIIIIIIIIIIIIIIIIIIIIIIIIIIIIIIII2AIIII2AIIIIII2AIIIIIIIII
IIIIIIIIIIIIIIIIIIIIIIIIIIIIIII2AIIIIII2AIIII2AIIIIII2AIIIIIIIII
IIIIIIIIIIIIIIIIIIIIIIIIIIIIIIIIIIIIIIIII222221AIIIIIIIIIIIIIIII
IIIIIIIIIIIIIIIIIIIIIIIIIIIIIIIIIIIIIIIII222221A1IIIIIIIIIIIIIII
IIIIIIIIIIIIIIIIIIIIIIIIIIIIIIIIIIIIIIIIIIIIIIIIIA1IIIIIIIIIIIII
IIIIIIIIIIIIIIIIIIIIIIIIIIIIIIIIIIIIIIIIIIIIIIIIIA1IIIIA1IIIIIII
IIIIIIIIIIIIIIIIIIIIIIIIIIIIIIIIIIIIIIIIIIIIIIIIIA1III2A1IIIIIII
IIIIIIIIIIIIIIIIIIIIIIIIIIIIIIIIIIIIIIII2AIIIIIIIA1III2A1IIIIIII
IIIIIIIIIIIIIIIIIIIIIIIIIIIIIIIIIIIIIIII2AIIIIIIIA1I2A2A1IIIIIII
IIIIIIIIIIIIIIIIIIIIIIIIIIIIIIIIIIIIII2A2AIIIIIIIA1I2A2A1IIIIIII
IIIIIIIIIIIIIIIIIIIIIIIIIIIIIIIIIIIIIIIIIIIIIIIA1IIIIIIIIIIIIIII
IIIIIIIIIIIIIIIIIIIIIIIIIIIIIIIIIIIIIIIIIIIIIIAA1IIIIIIIIIIIIIII
IIIIIIIIIIIIIIIIIIIIIIIIIIIIIIIIIAIIIIIIIIIIIIAA1IIIIIIIIIIIIIII
IIIIIIIIIIIIIIIIIIIIIIIIIIIIIIIIIAIIIIIIIIIIIIAA1IIIIIIAIIIIIIII
IIIIIIIIIIIIIIIIIIIIIIIIIIIIIIIIIAIIIIIIIAIIIIAA1IIIIIIAIIIIIIII
IIIIIIIIIIIIIIIIIIIIIIIIIIIIIIIIIIIIIIIIIIIIIIIIIA1IIIIIIIIIIIII
IIIIIIIIIIIIIIIIIIIIIIIIIIIIIIIIIIIA1IIIIIIIIIIIIA1IIIIIIIIIIIII
IIIIIIIIIIIIIIIIIIIIIIIIIIIIIIIIIIIA1IIIIIIIIIIA1A1IIIIIIIIIIIII
IIIIIIIIIIIIIIIIIIIIIIIIIIIIIIIIIA1A1IIIIIIIIIIA1A1IIIIIIIIIIIII
IIIIIIIIIIIIIIIIIIIIIIIIIIIIIIIIIIIIIIIIIIIIIIAIIIIIIIIIIIIIIIII
IIIIIIIIIIIIIIIIIIIIIIIIIIIIIIIIIIIIIIIIIIIIIIA1IIIIIIIIIIIIIIII
IIIIIIIIIIIIIIIIIIIIIIIIIIIIIIIIA1IIIIIIIIIIIIA1IIIIIIIIIIIIIIII
IIIIIIIIIIIIIIIIIIIIIIIIIIIIIIIIA1IIIIIIIIIIIIA1IIIIIA1IIIIIIIII
IIIIIIIIIIIIIIIIIIIIIIIIIIIIIIIIA1IIIIIA1IIIIIA1IIIIIA1IIIIIIIII
IIIIIIIIIIIIIIIIIIIIIIIIIIIIIIIIA1IIIIIA1IIIIIA1IAIIIA1IIIIIIIII
IIIIIIIIIIIIIIIIIIIIIIIIIIIIIIIIA1IIIIIA1IIIIIA1IAIIIAA1111IIIII
IIIIIIIIIIIIIIIIIIIIIIIIIIIIIIIIA1IA111A1IIIIIA1IAIIIAA1111IIIII
IIIIIIIIIIIIIIIIIIIIIIIIIIIIIIIIA1IA111AA11IIIA1IAIIIAA1111IIIII
IIIIIIIIIIIIIIIIIIIIIIIIIIIIIIIIIIIIIIIIIIIIIIIA111IIIIIIIIIIIII
IIIIIIIIIIIIIIIIIIIIIIIIIIIIIIIIIIIIIIIIIIIIIIAA1111IIIIIIIIIIII
IIIIIIIIIIIIIIIIIIIIIIIIIIIIIIIIIA111IIIIIIIIIAA1111IIIIIIIIIIII
IIIIIIIIIIIIIIIIIIIIIIIIIIIIIIIIAA1111IIIIIIIIAA1111IIIIIIIIIIII
IIIIIIIIIIIIIIIIIIIIIIIIIIIIIIIIIIIIIIIIIIIIIIIIIIIIIIAIIIIIIIII
IIIIIIIIIIIIIIIIIIIIIIIIIIIIIIIIIIIIIIIIIIIIIIIAIIIIIIAIIIIIIIII
IIIIIIIIIIIIIIIIIIIIIIIIIIIIIIIIIIIIIIIIIIIIIIIA1IIIIIAIIIIIIIII
IIIIIIIIIIIIIIIIIIIIIIIIIIIIIIIIIIIIIIIIIIIIII2A1IIIIIAIIIIIIIII
IIIIIIIIIIIIIIIIIIIIIIIIIIIIIIII2AIIIIIIIIIIII2A1IIIIIAIIIIIIIII
IIIIIIIIIIIIIIIIIIIIIIIIIIIIIIII2AIIIIIIIIIIII2A1AIIIIAIIIIIIIII
IIIIIIIIIIIIIIIIIIIIIIIIIIIIIIII2A2AIIIIIIIIII2A1AIIIIAIIIIIIIII
IIIIIIIIIIIIIIIIIIIIIIIIIIIIIIII2A2AIIIIIIIIIIAA1AIIIIAIIIIIIIII
IIIIIIIIIIIIIIIIIIIIIIIIIIIIIIIIAA2AIIIIIIIIIIAA1AIIIIAIIIIIIIII
IIIIIIIIIIIIIIIIIIIIIIIIIIIIIIIIAA2AIIIIIIIIIIAAAAIIIIAIIIIIIIII
IIIIIIIIIIIIIIIIIIIIIIIIIIIIIIIIAAAAIIIIIIIIIIAAAAIIIIAIIIIIIIII
IIIIIIIIIIIIIIIIIIIIIIIIIIIIIIIIIIIIIIIIIIIIIIAIIIIIIIIIIIIIIIII
IIIIIIIIIIIIIIIIIIIIIIIIIIIIIIIIIIIIIIIIIIIIIIA2IIIIIIIIIIIIIIII
IIIIIIIIIIIIIIIIIIIIIIIIIIIIIIIIA2IIIIIIIIIIIIA2IIIIIIIIIIIIIIII
IIIIIIIIIIIIIIIIIIIIIIIIIIIIIIIIIIIIIIIIIIIIIIIIIIIIIIA2IIIIIIII
IIIIIIIIIIIIIIIIIIIIIIIIIIIIIIIIIIIIIIIIIIIIIIA2IIIIIIA2IIIIIIII
IIIIIIIIIIIIIIIIIIIIIIIIIIIIIIIIIIIIIIIIA2IIIIA2IIIIIIA2IIIIIIII
IIIIIIIIIIIIIIIIIIIIIIIIIIIIIIIIA2IIIIIIA2IIIIA2IIIIIIA2IIIIIIII
IIIIIIIIIIIIIIIIIIIIIIIIIIIIIIIIIIIIIIIIIIIIIIIIIIIIIIA11I222III
IIIIIIIIIIIIIIIIIIIIIIIIIIIIIIIIIIIIIIIIIIIIIIIA11I222A11I222III
IIIIIIIIIIIIIIIIIIIIIIIIIIIIIIIIIIIIIIIIIIIIIIIA11I222AA112222II
IIIIIIIIIIIIIIIIIIIIIIIIIIIIIIIIIA11I222IIIIIIIA11I222AA112222II
IIIIIIIIIIIIIIIIIIIIIIIIIIIIIIIIIA11I222IA11I22A11I222AA112222II
IIIIIIIIIIIIIIIIIIIIIIIIIIIIIIIIIIIIIIIIIIIIIIIA1IIIIIIIIIIIIIII
IIIIIIIIIIIIIIIIIIIIIIIIIIIIIIIIIIIA1IIIIIIIIIIA1IIIIIIIIIIIIIII
IIIIIIIIIIIIIIIIIIIIIIIIIIIIIIIIIIIA1IIIIIIIIIIA1A1IIIIIIIIIIIII
IIIIIIIIIIIIIIIIIIIIIIIIIIIIIIIIIIIA1IIIIIIIIIAA1A1IIIIIIIIIIIII
IIIIIIIIIIIIIIIIIIIIIIIIIIIIIIIIA1IA1IIIIIIIIIAA1A1IIIIIIIIIIIII
IIIIIIIIIIIIIIIIIIIIIIIIIIIIIIIIIIIIIIIIIIIIIIIIIA1IIIIIIIIIIIII
IIIIIIIIIIIIIIIIIIIIIIIIIIIIIIIIIIIIIIIIIIIIIIIIIIIIIIIA1IIIIIII
IIIIIIIIIIIIIIIIIIIIIIIIIIIIIIIIIIIIIIIIIA1IIIIIIIIIIIIA1IIIIIII
IIIIIIIIIIIIIIIIIIIIIIIIIIIIIIIIIIIA1IIIIA1IIIIIIIIIIIIA1IIIIIII
IIIIIIIIIIIIIIIIIIIIIIIIIIIIIIIIIIIA1IIIIA1IIIIIIA1IIIIA1IIIIIII
IIIIIIIIIIIIIIIIIIIIIIIIIIIIIIIIIIIA1IIIIA1IIIA1IA1IIIIA1IIIIIII
IIIIIIIIIIIIIIIIIIIIIIIIIIIIIIIIIIIA1IIIIA1IIIA1IA1IIIAA1IIIIIII
IIIIIIIIIIIIIIIIIIIIIIIIIIIIIIIIA1IA1IIIIA1IIIA1IA1IIIAA1IIIIIII
IIIIIIIIIIIIIIIIIIIIIIIIIIIIIIIIA1IA1IIIAA1IIIA1IA1IIIAA1IIIIIII
IIIIIIIIIIIIIIIIIIIIIIIIIIIIIIIIIIIIIIIIIIIIIIAIIIIIIIIIIIIIIIII
IIIIIIIIIIIIIIIIIIIIIIIIIIIIIIIIIIIIIIIIIIIIIIA2IIIIIIIIIIIIIIII
IIIIIIIIIIIIIIIIIIIIIIIIIIIIIIIIIIIIIIIIIIIIIIIIA1IIIIIIIIIIIIII
IIIIIIIIIIIIIIIIIIIIIIIIIIIIIIIIIIIIIIIIIIIIIIIAA1IIIIIIIIIIIIII
IIIIIIIIIIIIIIIIIIIIIIIIIIIIIIIIIIAIIIIIIIIIIIIAA1IIIIIIIIIIIIII
IIIIIIIIIIIIIIIIIIIIIIIIIIIIIIIIIAAIIIIIIIIIIIIAA1IIIIIIIIIIIIII
IIIIIIIIIIIIIIIIIIIIIIIIIIIIIIIIIIIIIIIIIIIIIIIIIIIIIIIA1IIIIIII
IIIIIIIIIIIIIIIIIIIIIIIIIIIIIIIIIIIIIIIIIA1IIIIIIIIIIIIA1IIIIIII
IIIIIIIIIIIIIIIIIIIIIIIIIIIIIIIIIIA1IIIIIA1IIIIIIIIIIIIA1IIIIIII
IIIIIIIIIIIIIIIIIIIIIIIIIIIIIIIIIIA1IIIIIA1IIIIIA1IIIIIA1IIIIIII
IIIIIIIIIIIIIIIIIIIIIIIIIIIIIIIIIIIIIIIIIIIIIIAIIIIIIIIIIIIIIIII
IIIIIIIIIIIIIIIIIIIIIIIIIIIIIIIIIIIIIIIIIIIIIIA1IIIIIIIIIIIIIIII
IIIIIIIIIIIIIIIIIIIIIIIIIIIIIIIIIIIIIIIIIIIIIIA1IIIIIIIA1IIIIIII
IIIIIIIIIIIIIIIIIIIIIIIIIIIIIIIIIIIIIIIIIAIIIIA1IIIIIIIA1IIIIIII
IIIIIIIIIIIIIIIIIIIIIIIIIIIIIIIIIIIIIIIIIIIIIIIIIIIIIA1IIIIIIIII
IIIIIIIIIIIIIIIIIIIIIIIIIIIIIIIIIIIIIIIIIIIIIIIIIIIIIA1A1IIIIIII
IIIIIIIIIIIIIIIIIIIIIIIIIIIIIIIIIIIIIIIA1IIIIIIIIIIIIA1A1IIIIIII
IIIIIIIIIIIIIIIIIIIIIIIIIIIIIIIIIIIIIIIA1A1IIIIIIIIIIA1A1IIIIIII
IIIIIIIIIIIIIIIIIIIIIIIIIIIIIIIIIIIIIIIIIIIIIIIIIIIIIIIIA1IIIIII
IIIIIIIIIIIIIIIIIIIIIIIIIIIIIIIIIIIIIIIIIIIIIIIIIIIIIIIAA1IIIIII
IIIIIIIIIIIIIIIIIIIIIIIIIIIIIIIIIIIIIIIIIIA1IIIIIIIIIIIAA1IIIIII
IIIIIIIIIIIIIIIIIIIIIIIIIIIIIIIIIIIIIIIIIAA1IIIIIIIIIIIAA1IIIIII
IIIIIIIIIIIIIIIIIIIIIIIIIIIIIIIIIIIIIIIIIIIIIIIIIIIIIA2IIIIIIIII
IIIIIIIIIIIIIIIIIIIIIIIIIIIIIIIIIIIIIIIIIIIIIIIIA2IIIA2IIIIIIIII
IIIIIIIIIIIIIIIIIIIIIIIIIIIIIIIIIIIIIIIIIIIIIIIIA2IIIAA2IIIIIIII
IIIIIIIIIIIIIIIIIIIIIIIIIIIIIIIIIIA2IIIIIIIIIIIIA2IIIAA2IIIIIIII
IIIIIIIIIIIIIIIIIIIIIIIIIIIIIIIIIIA2IIIIA2IIIIIIA2IIIAA2IIIIIIII
IIIIIIIIIIIIIIIIIIIIIIIIIIIIIIIIIIIIIIIIIIIIIIIA2IIIIIIIIIIIIIII
IIIIIIIIIIIIIIIIIIIIIIIIIIIIIIIIIA2IIIIIIIIIIIIA2IIIIIIIIIIIIIII
IIIIIIIIIIIIIIIIIIIIIIIIIIIIIIIIIAA2IIIIIIIIIIIA2IIIIIIIIIIIIIII
IIIIIIIIIIIIIIIIIIIIIIIIIIIIIIIIIAA2IIIIIIIIIIIAA2IIIIIIIIIIIIII
IIIIIIIIIIIIIIIIIIIIIIIIIIIIIIIIIAA2IIIIIIIIIIAAA2IIIIIIIIIIIIII
IIIIIIIIIIIIIIIIIIIIIIIIIIIIIIIIAAA2IIIIIIIIIIAAA2IIIIIIIIIIIIII
IIIIIIIIIIIIIIIIIIIIIIIIIIIIIIIIIIIIIIIIIIIII2AIIIIIIIIIIIIIIIII
IIIIIIIIIIIIIIIIIIIIIIIIIIIIIIIIIIIIIIIIIIIII2A1IIIIIIIIIIIIIIII
IIIIIIIIIIIIIIIIIIIIIIIIIIIIIIIIIIIIIIIIIIIII2A1IIIIIIA1IIIIIIII
IIIIIIIIIIIIIIIIIIIIIIIIIIIIIIIIA1IIIIIIIIIII2A1IIIIIIA1IIIIIIII
IIIIIIIIIIIIIIIIIIIIIIIIIIIIIIIIA1IIIIIIA1III2A1IIIIIIA1IIIIIIII
IIIIIIIIIIIIIIIIIIIIIIIIIIIIIIIIA1IIIIIIA1III2A1IIIIIAA1IIIIIIII
IIIIIIIIIIIIIIIIIIIIIIIIIIIIIIIIA1IIIIIAA1III2A1IIIIIAA1IIIIIIII
IIIIIIIIIIIIIIIIIIIIIIIIIIIIIIIIIIIIIIIIIIIIIIIIIIIIIIIA2IIIIIII
IIIIIIIIIIIIIIIIIIIIIIIIIIIIIIIIIIIIIIIIIIIIIIIA2IIIIIIA2IIIIIII
IIIIIIIIIIIIIIIIIIIIIIIIIIIIIIIIIIIIIIIIIIIIIIIA1IIIIIIA2IIIIIII
IIIIIIIIIIIIIIIIIIIIIIIIIIIIIIIIIIIIIIIIIIIIIIA1IIIIIIIIIIIIIIII
IIIIIIIIIIIIIIIIIIIIIIIIIIIIIIIIIIIIIIIIIIIIIIA1IIIIIA2IIIIIIIII
IIIIIIIIIIIIIIIIIIIIIIIIIIIIIIIIIIIIIIIIIIIIIIA1IIIIIA2A2IIIIIII
IIIIIIIIIIIIIIIIIIIIIIIIIIIIIIIIIIIIIIIA2IIIIIA1IIIIIA2A2IIIIIII
IIIIIIIIIIIIIIIIIIIIIIIIIIIIIIIIIIIIIIIA2A2IIIA1IIIIIA2A2IIIIIII
IIIIIIIIIIIIIIIIIIIIIIIIIIIIIIIIIIIIIIIIIIIIIIIIIIIIIA2IIIIIIIII
IIIIIIIIIIIIIIIIIIIIIIIIIIIIIIIIIIIIIIIA2IIIIIIIIIIIIA2IIIIIIIII
IIIIIIIIIIIIIIIIIIIIIIIIIIIIIIIIIIIIIIIIIIIIIIIA1IIIIIIIIIIIIIII
IIIIIIIIIIIIIIIIIIIIIIIIIIIIIIIIIIIIIIIIIIIIIIIA1IIIIIIIA1IIIIII
IIIIIIIIIIIIIIIIIIIIIIIIIIIIIIIIIIIIIIIIIIIIII2A1IIIIIIIA1IIIIII
IIIIIIIIIIIIIIIIIIIIIIIIIIIIIIII2AIIIIIIIIIIII2A1IIIIIIIA1IIIIII
IIIIIIIIIIIIIIIIIIIIIIIIIIIIIIII2AIIIIIIIIIIII2A1IIIII2AA1IIIIII
IIIIIIIIIIIIIIIIIIIIIIIIIIIIIIII2AIIIIII2AIIII2A1IIIII2AA1IIIIII
IIIIIIIIIIIIIIIIIIIIIIIIIIIIIIIIIIIIIIIIIIIIIIIIIIIIIIIA2IIIIIII
IIIIIIIIIIIIIIIIIIIIIIIIIIIIIIIIIIIIIIIIIIIIIIIIIIIIIIIA1IIIIIII
IIIIIIIIIIIIIIIIIIIIIIIIIIIIIIIIIIIIIIIIIIIIIIIIIIIIIA1A1IIIIIII
IIIIIIIIIIIIIIIIIIIIIIIIIIIIIIIIIIIIIIIA1IIIIIIIIIIIIA1A1IIIIIII
IIIIIIIIIIIIIIIIIIIIIIIIIIIIIIIIIIIIIIIA1IIIIIIA1IIIIA1A1IIIIIII
IIIIIIIIIIIIIIIIIIIIIIIIIIIIIIIIIA1IIIIA1IIIIIIA1IIIIA1A1IIIIIII
IIIIIIIIIIIIIIIIIIIIIIIIIIIIIIIIIIIIIIIIIIIIII221AIIIIIIIIIIIIII
IIIIIIIIIIIIIIIIIIIIIIIIIIIIIIII221AIIIIIIIIII221AIIIIIIIIIIIIII
IIIIIIIIIIIIIIIIIIIIIIIIIIIIIIII221AIIIIIIIIII221A221AIIIIIIIIII
IIIIIIIIIIIIIIIIIIIIIIIIIIIIIIII221A221AIIIIII221A221AIIIIIIIIII
IIIIIIIIIIIIIIIIIIIIIIIIIIIIIIIIIIIIIIIIIIII2I11111I1I1AIIIIIIII
IIIIIIIIIIIIIIIIIIIIIIIIIIIIIIIIIIIIIIIIIIII2211111I1I1AIIIIIIII
IIIIIIIIIIIIIIIIIIIIIIIIIIIIIIIIIIIIIIIIIIII2211111I1I1A1IIIIIII
IIIIIIIIIIIIIIIIIIIIIIIIIIIIIIIIIIIIIIIIIIII22111A1I1I1A1IIIIIII
IIIIIIIIIIIIIIIIIIIIIIIIIIIIIIIIIIIIIIIIIA1I22111A1I1I1A1IIIIIII
IIIIIIIIIIIIIIIIIIIIIIIIIIIIIIIIIIIA1IIIIA1I22111A1I1I1A1IIIIIII
IIIIIIIIIIIIIIIIIIIIIIIIIIIIIIIIIIIA1IIIIA1I22111A1I1I1AAIIIIIII
IIIIIIIIIIIIIIIIIIIIIIIIIIIIIIIIIIIA1IIIIA1I22111A1I1A1AAIIIIIII
IIIIIIIIIIIIIIIIIIIIIIIIIIIIIIIIIIIA1IIIIAAI22111A1I1A1AAIIIIIII
IIIIIIIIIIIIIIIIIIIIIIIIIIIIIIIIIIIA1I2AIAAI22111A1I1A1AAIIIIIII
IIIIIIIIIIIIIIIIIIIIIIIIIIIIIIIIIIIIIIIIIIIIIIIIIAIIIIIIIIIIIIII
IIIIIIIIIIIIIIIIIIIIIIIIIIIIIIIIIIIAIIIIIIIIIIIIIAIIIIIIIIIIIIII
IIIIIIIIIIIIIIIIIIIIIIIIIIIIIIIIAIIAIIIIIIIIIIIIIAIIIIIIIIIIIIII
IIIIIIIIIIIIIIIIIIIIIIIIIIIIIIIIAIIAIIIIIIIIIIAIIAIIIIIIIIIIIIII
IIIIIIIIIIIIIIIIIIIIIIIIIIIIIIIIAIIAIIIIIIIIIIAIAAIIIIIIIIIIIIII
IIIIIIIIIIIIIIIIIIIIIIIIIIIIIIIIAIIAIIIIIIIIIIA2AAIIIIIIIIIIIIII
IIIIIIIIIIIIIIIIIIIIIIIIIIIIIIIIAIAAIIIIIIIIIIA2AAIIIIIIIIIIIIII
IIIIIIIIIIIIIIIIIIIIIIIIIIIIIIIIA2AAIIIIIIIIIIA2AAIIIIIIIIIIIIII
IIIIIIIIIIIIIIIIIIIIIIIIIIIIIIIIIIIIIIIIIIIIIIA2IIIIIIIIIIIIIIII
IIIIIIIIIIIIIIIIIIIIIIIIIIIIIIIIA2IIIIIIIIIIIIA2IIIIIIIIIIIIIIII
IIIIIIIIIIIIIIIIIIIIIIIIIIIIIIIIA2A2IIIIIIIIIIA2IIIIIIIIIIIIIIII
IIIIIIIIIIIIIIIIIIIIIIIIIIIIIIIIA2A2IIIIIIIIIIA2A2IIIIIIIIIIIIII
IIIIIIIIIIIIIIIIIIIIIIIIIIIIIIIIA2A2IIIIIIIIIIA2A2IIIIIA2IIIIIII
IIIIIIIIIIIIIIIIIIIIIIIIIIIIIIIIIIIIIIIIIIIIIIA2IIIIIIIIIIIIIIII
IIIIIIIIIIIIIIIIIIIIIIIIIIIIIIIIA2IIIIIIIIIIIIA2IIIIIIIIIIIIIIII
IIIIIIIIIIIIIIIIIIIIIIIIIIIIIIIIAA2IIIIIIIIIIIA2IIIIIIIIIIIIIIII
IIIIIIIIIIIIIIIIIIIIIIIIIIIIIIIIAA2IIIIIIIIIIIAA2IIIIIIIIIIIIIII
IIIIIIIIIIIIIIIIIIIIIIIIIIIIIIIIAA2IIIIIIIIIIIAA2IIIIA2IIIIIIIII
IIIIIIIIIIIIIIIIIIIIIIIIIIIIIIIIAA2IIIIA2IIIIIAA2IIIIA2IIIIIIIII
IIIIIIIIIIIIIIIIIIIIIIIIIIIIIIIIAA2IIIIA2IIIIIAA2IIIIA2A2IIIIIII
IIIIIIIIIIIIIIIIIIIIIIIIIIIIIIIIAA2IIIIA2A2IIIAA2IIIIA2A2IIIIIII
IIIIIIIIIIIIIIIIIIIIIIIIIIIIIIIIIIIIIIIIIIIIIIIIIIIIIIA1IIIIIIII
IIIIIIIIIIIIIIIIIIIIIIIIIIIIIIIIIIIIIIIIIIIIIIA1IIIIIIA1IIIIIIII
IIIIIIIIIIIIIIIIIIIIIIIIIIIIIIIIIIIIIIIIA1IIIIA1IIIIIIA1IIIIIIII
IIIIIIIIIIIIIIIIIIIIIIIIIIIIIIIIA1IIIIIIA1IIIIA1IIIIIIA1IIIIIIII
IIIIIIIIIIIIIIIIIIIIIIIIIIIIIIIIA1IIIIIIA1IIIIA1IA1IIIA1IIIIIIII
IIIIIIIIIIIIIIIIIIIIIIIIIIIIIIIIA1IIIIIIA1IIIIA1IA1IIIAA1IIIIIII
IIIIIIIIIIIIIIIIIIIIIIIIIIIIIIIIA1IA1IIIA1IIIIA1IA1IIIAA1IIIIIII
IIIIIIIIIIIIIIIIIIIIIIIIIIIIIIIIA1IA1IIIAA1IIIA1IA1IIIAA1IIIIIII
IIIIIIIIIIIIIIIIIIIIIIIIIIIIIIIIIIIIIIIIIIIIIIIIIAIIIIIIIIIIIIII
IIIIIIIIIIIIIIIIIIIIIIIIIIIIIIIIIIIIIIIIIIIIIIIIIA2IIIIIIIIIIIII
IIIIIIIIIIIIIIIIIIIIIIIIIIIIIIIIIIIA2IIIIIIIIIIIIA2IIIIIIIIIIIII
IIIIIIIIIIIIIIIIIIIIIIIIIIIIIIIIIIIA2IIIIIIIIIIIAA2IIIIIIIIIIIII
IIIIIIIIIIIIIIIIIIIIIIIIIIIIIIIIIIAA2IIIIIIIIIIIAA2IIIIIIIIIIIII
IIIIIIIIIIIIIIIIIIIIIIIIIIIIIIIIIIIIIIIIIIIIIIIIIA2IIIIIIIIIIIII
IIIIIIIIIIIIIIIIIIIIIIIIIIIIIIIIIIIIIIIIIIIIIIIIIA1IIIIIIIIIIIII
IIIIIIIIIIIIIIIIIIIIIIIIIIIIIIIIIIIIIIIIIIIIIIIIA1IIIIIIIIIIIIII
IIIIIIIIIIIIIIIIIIIIIIIIIIIIIIIIIIIIIIIIIIIIIIIAA1IIIIIIIIIIIIII
IIIIIIIIIIIIIIIIIIIIIIIIIIIIIIIIIIIIIIIIIIIIIIIAA1IIIIA1IIIIIIII
IIIIIIIIIIIIIIIIIIIIIIIIIIIIIIIIIA1IIIIIIIIIIIIAA1IIIIA1IIIIIIII
IIIIIIIIIIIIIIIIIIIIIIIIIIIIIIIIIA1IIIIIA1IIIIIAA1IIIIA1IIIIIIII
IIIIIIIIIIIIIIIIIIIIIIIIIIIIIIIIIA1IIIIIA1IIIIAAA1IIIIA1IIIIIIII
IIIIIIIIIIIIIIIIIIIIIIIIIIIIIIIIAA1IIIIIA1IIIIAAA1IIIIA1IIIIIIII
IIIIIIIIIIIIIIIIIIIIIIIIIIIIIIIIIIIIIIIIIIIIIIIIA2IIIIIIIIIIIIII
IIIIIIIIIIIIIIIIIIIIIIIIIIIIIIIIIIA2IIIIIIIIIIIIA2IIIIIIIIIIIIII
IIIIIIIIIIIIIIIIIIIIIIIIIIIIIIIIA2A2IIIIIIIIIIIIA2IIIIIIIIIIIIII
IIIIIIIIIIIIIIIIIIIIIIIIIIIIIIIIA2A2IIIIIIIIIIA2A2IIIIIIIIIIIIII
IIIIIIIIIIIIIIIIIIIIIIIIIIIIIIIIA2A2IIIIIIIIIIA2A2IIIIIIA2IIIIII
IIIIIIIIIIIIIIIIIIIIIIIIIIIIIIIIA2A2IIIIIIIIIIA2A2IIIIIIA1IIIIII
IIIIIIIIIIIIIIIIIIIIIIIIIIIIIIIIA2A2IIIIIIA1IIA2A2IIIIIIA1IIIIII
IIIIIIIIIIIIIIIIIIIIIIIIIIIIIIIIA2A2IIIIIIA1IIA1A2IIIIIIA1IIIIII
IIIIIIIIIIIIIIIIIIIIIIIIIIIIIIIIA1A2IIIIIIA1IIA1A2IIIIIIA1IIIIII
IIIIIIIIIIIIIIIIIIIIIIIIIIIIIIIIA1A2IIIIIIA1IIA1A2IIIIIAA1IIIIII
IIIIIIIIIIIIIIIIIIIIIIIIIIIIIIIIA1A2IIIIIIA1IIAAA2IIIIIAA1IIIIII
IIIIIIIIIIIIIIIIIIIIIIIIIIIIIIIIA1A2IIIIIAA1IIAAA2IIIIIAA1IIIIII
IIIIIIIIIIIIIIIIIIIIIIIIIIIIIIIIAAA2IIIIIAA1IIAAA2IIIIIAA1IIIIII
IIIIIIIIIIIIIIIIIIIIIIIIIIIIIIIIIIIIIIIIIIIIIIIIIIIIIA2IIIIIIIII
IIIIIIIIIIIIIIIIIIIIIIIIIIIIIIIIIIIIIIIA2IIIIIIIIIIIIA2IIIIIIIII
IIIIIIIIIIIIIIIIIIIIIIIIIIIIIIIIIIIIIIIA2A2IIIIIIIIIIA2IIIIIIIII
IIIIIIIIIIIIIIIIIIIIIIIIIIIIIIIIIIIIIIIA2A2IIIIIIIIIIA2A2IIIIIII
IIIIIIIIIIIIIIIIIIIIIIIIIIIIIIIIIIIIIIIIIIIIIIIIA1IIIIIIIIIIIIII
IIIIIIIIIIIIIIIIIIIIIIIIIIIIIIIIIIIIIIIIIIIIIIIIAA1IIIIIIIIIIIII
IIIIIIIIIIIIIIIIIIIIIIIIIIIIIIIIIIA1IIIIIIIIIIIIAA1IIIIIIIIIIIII
IIIIIIIIIIIIIIIIIIIIIIIIIIIIIIIIIIAA1IIIIIIIIIIIAA1IIIIIIIIIIIII
IIIIIIIIIIIIIIIIIIIIIIIIIIIIIIIIIIIIIIIIIIIIIIIIIA2IIIIIIIIIIIII
IIIIIIIIIIIIIIIIIIIIIIIIIIIIIIIIIIIIIIIIIIIIIIIIIA2IIA2IIIIIIIII
IIIIIIIIIIIIIIIIIIIIIIIIIIIIIIIIIIIA2IIIIIIIIIIIIA2IIA2IIIIIIIII
IIIIIIIIIIIIIIIIIIIIIIIIIIIIIIIIIIIA2IIA2IIIIIIIIA2IIA2IIIIIIIII
IIIIIIIIIIIIIIIIIIIIIIIIIIIIIIIIIIIA2IIA2IIIIIIIAA2IIA2IIIIIIIII
IIIIIIIIIIIIIIIIIIIIIIIIIIIIIIIIIIIA2IIA2IIIIIA2AA2IIA2IIIIIIIII
IIIIIIIIIIIIIIIIIIIIIIIIIIIIIIIIIIAA2IIA2IIIIIA2AA2IIA2IIIIIIIII
IIIIIIIIIIIIIIIIIIIIIIIIIIIIIIIIA2AA2IIA2IIIIIA2AA2IIA2IIIIIIIII
IIIIIIIIIIIIIIIIIIIIIIIIIIIIIIIIA2AA2IIA2IIIIIA1AA2IIA2IIIIIIIII
IIIIIIIIIIIIIIIIIIIIIIIIIIIIIIIIA1AA2IIA2IIIIIA1AA2IIA2IIIIIIIII
IIIIIIIIIIIIIIIIIIIIIIIIIIIIIIIIA1AA2IIA2IIIIIA1AA1IIA2IIIIIIIII
IIIIIIIIIIIIIIIIIIIIIIIIIIIIIIIIA1AA1IIA2IIIIIA1AA1IIA2IIIIIIIII
IIIIIIIIIIIIIIIIIIIIIIIIIIIIIIIIA1AA1IIA2IIIIIA1AA1IIA2A1IIIIIII
IIIIIIIIIIIIIIIIIIIIIIIIIIIIIIIIIIIIIIIIIIIIIIAIIIIIIIIIIIIIIIII
IIIIIIIIIIIIIIIIIIIIIIIIIIIIIIIIIIIIIIIIIIIIIIA1222IIIIIIIIIIIII
IIIIIIIIIIIIIIIIIIIIIIIIIIIIIIIIA1222IIIIIIIIIA1222IIIIIIIIIIIII
IIIIIIIIIIIIIIIIIIIIIIIIIIIIIIIIA1222IIIIIIIIIA1222IIIA1222IIIII
IIIIIIIIIIIIIIIIIIIIIIIIIIIIIIIIA1222IIIA1222IA1222IIIA1222IIIII
IIIIIIIIIIIIIIIIIIIIIIIIIIIIIIIIIIIIIIIIIIIIIIIA1I2IIIIIIIIIIIII
IIIIIIIIIIIIIIIIIIIIIIIIIIIIIIIIIIIIIIIIIIIIIIIAIIIIIIIIIIIIIIII
IIIIIIIIIIIIIIIIIIIIIIIIIIIIIIIIIIIIIIIIIIIIIIIA1IIIIIIIIIIIIIII
IIIIIIIIIIIIIIIIIIIIIIIIIIIIIIIIIA1IIIIIIIIIIIIA1IIIIIIIIIIIIIII
IIIIIIIIIIIIIIIIIIIIIIIIIIIIIIIIIA1IIIIIIIIIIIIAA1IIIIIIIIIIIIII
IIIIIIIIIIIIIIIIIIIIIIIIIIIIIIIIIAA1IIIIIIIIIIIAA1IIIIIIIIIIIIII
IIIIIIIIIIIIIIIIIIIIIIIIIIIIIIIIIAA1IIIIIIIIIIAAA1IIIIIIIIIIIIII
IIIIIIIIIIIIIIIIIIIIIIIIIIIIIIIIAAA1IIIIIIIIIIAAA1IIIIIIIIIIIIII
IIIIIIIIIIIIIIIIIIIIIIIIIIIIIIIIIIIIIIIIIIIIIIIIAIIIIIIIIIIIIIII
IIIIIIIIIIIIIIIIIIIIIIIIIIIIIIIIIIIIIIIIIIIIIIIIA2IIIIIIIIIIIIII
IIIIIIIIIIIIIIIIIIIIIIIIIIIIIIIIIIA2IIIIIIIIIIIIA2IIIIIIIIIIIIII
IIIIIIIIIIIIIIIIIIIIIIIIIIIIIIIIIIA2IIIIIIIIIIA2A2IIIIIIIIIIIIII
IIIIIIIIIIIIIIIIIIIIIIIIIIIIIIIIA2A2IIIIIIIIIIA2A2IIIIIIIIIIIIII
IIIIIIIIIIIIIIIIIIIIIIIIIIIIIIIIIIIIIIIIIIIIIIIA2IIIIIIIIIIIIIII
IIIIIIIIIIIIIIIIIIIIIIIIIIIIIIIIIA2IIIIIIIIIIIIA2IIIIIIIIIIIIIII
IIIIIIIIIIIIIIIIIIIIIIIIIIIIIIIIIA2IIIIIIIIIIIIAA2IIIIIIIIIIIIII
IIIIIIIIIIIIIIIIIIIIIIIIIIIIIIIIIAA2IIIIIIIIIIIAA2IIIIIIIIIIIIII
IIIIIIIIIIIIIIIIIIIIIIIIIIIIIIIIIAA2IIIIIIIIIIAAA2IIIIIIIIIIIIII
IIIIIIIIIIIIIIIIIIIIIIIIIIIIIIIIAAA2IIIIIIIIIIAAA2IIIIIIIIIIIIII
IIIIIIIIIIIIIIIIIIIIIIIIIIIIIIIIIIIIIIIIIIIIIIIA2IIIIIIIIIIIIIII
IIIIIIIIIIIIIIIIIIIIIIIIIIIIIIIIIIIIIIIIIIIIIIIA2A1IIIIIIIIIIIII
IIIIIIIIIIIIIIIIIIIIIIIIIIIIIIIIIIIA1IIIIIIIIIIA2A1IIIIIIIIIIIII
IIIIIIIIIIIIIIIIIIIIIIIIIIIIIIIIIIIA1IIIIIIIIIIA2A1IIA1IIIIIIIII
IIIIIIIIIIIIIIIIIIIIIIIIIIIIIIIIIIIA1IIA1IIIIIIA2A1IIA1IIIIIIIII
IIIIIIIIIIIIIIIIIIIIIIIIIIIIIIIIIIIIIIIIIIIIIIIA1IIIIIIIIIIIIIII
IIIIIIIIIIIIIIIIIIIIIIIIIIIIIIIIIA1IIIIIIIIIIIIA1IIIIIIIIIIIIIII
IIIIIIIIIIIIIIIIIIIIIIIIIIIIIIIIAA1IIIIIIIIIIIIA1IIIIIIIIIIIIIII
IIIIIIIIIIIIIIIIIIIIIIIIIIIIIIIIAA1IIIIIIIIIIIAA1IIIIIIIIIIIIIII
IIIIIIIIIIIIIIIIIIIIIIIIIIIIIIIIIIIIIIIIIIIIIIII2AIIIIIIIIIIIIII
IIIIIIIIIIIIIIIIIIIIIIIIIIIIIIIIII2AIIIIIIIIIIII2AIIIIIIIIIIIIII
IIIIIIIIIIIIIIIIIIIIIIIIIIIIIIIIII2AIIIIIIIIII2A2AIIIIIIIIIIIIII
IIIIIIIIIIIIIIIIIIIIIIIIIIIIIIII2A2AIIIIIIIIII2A2AIIIIIIIIIIIIII
IIIIIIIIIIIIIIIIIIIIIIIIIIIIIIII2A2AIIIIIIIIII2A2A1IIIIIIIIIIIII
IIIIIIIIIIIIIIIIIIIIIIIIIIIIIIIIIIIIIIIIIIIIIIIA1IIIIIIIIIIIIIII
IIIIIIIIIIIIIIIIIIIIIIIIIIIIIIIIIIIIIIIIIIIIIIIA1A1IIIIIIIIIIIII
IIIIIIIIIIIIIIIIIIIIIIIIIIIIIIIIIA1IIIIIIIIIIIIA1A1IIIIIIIIIIIII
IIIIIIIIIIIIIIIIIIIIIIIIIIIIIIIIIA1A1IIIIIIIIIIA1A1IIIIIIIIIIIII
IIIIIIIIIIIIIIIIIIIIIIIIIIIIIIIIIIIIIIIIIIIIIIIIIIIIIIIA1IIIIIII
IIIIIIIIIIIIIIIIIIIIIIIIIIIIIIIIIIIIIIIIIIIIIIIIIIIIIAI1II22IIII
IIIIIIIIIIIIIIIIIIIIIIIIIIIIIIIIIIIIIIIIIIIIIIIAI1II2AI1II22IIII
IIIIIIIIIIIIIIIIIIIIIIIIIIIIIIIIIIIIIIIAI1II22IAI1II2AI1II22IIII
IIIIIIIIIIIIIIIIIIIIIIIIIIIIIIIIIAI1II2AI1II22IAI1II2AI1II22IIII
IIIIIIIIIIIIIIIIIIIIIIIIIIIIIIIIIAI1II2AI1II22IAI1II2AIA2I22IIII
IIIIIIIIIIIIIIIIIIIIIIIIIIIIIIIIIAI1II2AIA2I22IAI1II2AIA2I22IIII
IIIIIIIIIIIIIIIIIIIIIIIIIIIIIIIIIAA1II2AIA2I22IAI1II2AIA2I22IIII
IIIIIIIIIIIIIIIIIIIIIIIIIIIIIIIIIAA1II2AIA2I22IAA1II2AIA2I22IIII
IIIIIIIIIIIIIIIIIIIIIIIIIIIIIIIIIAA1II2AIA2I22IAA1II2AAA2I22IIII
IIIIIIIIIIIIIIIIIIIIIIIIIIIIIIIIIAA1II2AAA2I22IAA1II2AAA2I22IIII
IIIIIIIIIIIIIIIIIIIIIIIIIIIIIIIIIAA1II2AAA2I22IAA1II2AAAA222IIII
IIIIIIIIIIIIIIIIIIIIIIIIIIIIIIIIIAA1II2AAAA222IAA1II2AAAA222IIII
IIIIIIIIIIIIIIIIIIIIIIIIIIIIIIIIIIIIIIIIIIIIIIA1IIIIIIIIIIIIIIII
IIIIIIIIIIIIIIIIIIIIIIIIIIIIIIIIA1IIIIIIIIIIIIA1IIIIIIIIIIIIIIII
IIIIIIIIIIIIIIIIIIIIIIIIIIIIIIIIA1IIIIIIIIIIIIA1IIIIIIIA1IIIIIII
IIIIIIIIIIIIIIIIIIIIIIIIIIIIIIIIA1IIIIIIIA1IIIA1IIIIIIIA1IIIIIII
IIIIIIIIIIIIIIIIIIIIIIIIIIIIIIIIIIIIIIIIIIIIIIAI1II222IIIIIIIIII
IIIIIIIIIIIIIIIIIIIIIIIIIIIIIIIIAI1II222IIIIIIAI1II222IIIIIIIIII
IIIIIIIIIIIIIIIIIIIIIIIIIIIIIIIIIIIIIIIIIIIIIIIIA1IIIIIIIIIIIIII
IIIIIIIIIIIIIIIIIIIIIIIIIIIIIIIIIIIIIIIIIIIIIIIIIIIIIIIIAIIIIIII
IIIIIIIIIIIIIIIIIIIIIIIIIIIIIIIIIIIIIIIIIIIIIIIIIIIIIIIIA1IIIIII
IIIIIIIIIIIIIIIIIIIIIIIIIIIIIIIIIIIIIIIIIIA1IIIIIIIIIIIIA1IIIIII
IIIIIIIIIIIIIIIIIIIIIIIIIIIIIIIIIIIIIIIIIIA1IIA1IIIIIIIIA1IIIIII
IIIIIIIIIIIIIIIIIIIIIIIIIIIIIIIIA1IIIIIIIIA1IIA1IIIIIIIIA1IIIIII
IIIIIIIIIIIIIIIIIIIIIIIIIIIIIIIIA1IIIIIIIIA1IIA1IIIIIIA1A1IIIIII
IIIIIIIIIIIIIIIIIIIIIIIIIIIIIIIIA1IIIIIIA1A1IIA1IIIIIIA1A1IIIIII
IIIIIIIIIIIIIIIIIIIIIIIIIIIIIIIIIIIIIIIIIIIIIIIIA1IIIIIIIIIIIIII
IIIIIIIIIIIIIIIIIIIIIIIIIIIIIIIIIIA1IIIIIIIIIIIIA1IIIIIIIIIIIIII
IIIIIIIIIIIIIIIIIIIIIIIIIIIIIIIIIIA1IIIIIIIIIIA1A1IIIIIIIIIIIIII
IIIIIIIIIIIIIIIIIIIIIIIIIIIIIIIIA1A1IIIIIIIIIIA1A1IIIIIIIIIIIIII
IIIIIIIIIIIIIIIIIIIIIIIIIIIIIIIIA1A1IIIIIIIIIIA1A1IIIIIAIIIIIIII
IIIIIIIIIIIIIIIIIIIIIIIIIIIIIIIIA1A1IIIIIAIIIIA1A1IIIIIAIIIIIIII
IIIIIIIIIIIIIIIIIIIIIIIIIIIIIIIIIIIIIIIIIIIIIIA2IIIIIIIIIIIIIIII
IIIIIIIIIIIIIIIIIIIIIIIIIIIIIIIIA2IIIIIIIIIIIIA2IIIIIIIIIIIIIIII
IIIIIIIIIIIIIIIIIIIIIIIIIIIIIIIIA2IIIIIIIA2IIIA2IIIIIIIIIIIIIIII
IIIIIIIIIIIIIIIIIIIIIIIIIIIIIIIIA2IIIIIIIA2IIIA2IIIIIIIA2IIIIIII
IIIIIIIIIIIIIIIIIIIIIIIIIIIIIIIIA2IIIIIIIA2IIIA2IIIIIIIAA2IIIIII
IIIIIIIIIIIIIIIIIIIIIIIIIIIIIIIIA2IIIIIIIAA2IIA2IIIIIIIAA2IIIIII
IIIIIIIIIIIIIIIIIIIIIIIIIIIIIIIIIIIIIIIIIIIIIIIIIIIIIA2IIIIIIIII
IIIIIIIIIIIIIIIIIIIIIIIIIIIIIIIIIIIIIIIA2IIIIIIIIIIIIA2IIIIIIIII
IIIIIIIIIIIIIIIIIIIIIIIIIIIIIIIIIIIIIIIA2IA2IIIIIIIIIA2IIIIIIIII
IIIIIIIIIIIIIIIIIIIIIIIIIIIIIIIIIIIIIIIA2IA2IIIIIIIIIA2IA2IIIIII
IIIIIIIIIIIIIIIIIIIIIIIIIIIIIIIIIIIIIIIIIIIIIIIIA111I22I222IIIII
IIIIIIIIIIIIIIIIIIIIIIIIIIIIIIIIIIIIIIIIIIIIIII2A111I22I222IIIII
IIIIIIIIIIIIIIIIIIIIIIIIIIIIIIIII2AIIIIIIIIIIII2A111I22I222IIIII
IIIIIIIIIIIIIIIIIIIIIIIIIIIIIIIII2AIIIIIIIIII2A2A111I22I222IIIII
IIIIIIIIIIIIIIIIIIIIIIIIIIIIIII2A2AIIIIIIIIII2A2A111I22I222IIIII
IIIIIIIIIIIIIIIIIIIIIIIIIIIIIIIIIIIIIIIIIIIIIIIIA2IIIIIIIIIIIIII
IIIIIIIIIIIIIIIIIIIIIIIIIIIIIIIIIIA2IIIIIIIIIIIIA2IIIIIIIIIIIIII
IIIIIIIIIIIIIIIIIIIIIIIIIIIIIIIIIIIIIIIIIIIIIIIIA2IIIIIIIIIIIIII
IIIIIIIIIIIIIIIIIIIIIIIIIIIIIIIIIIIIIIIIIIIIIIIIIIIIIIIIA1IIIIII
IIIIIIIIIIIIIIIIIIIIIIIIIIIIIIIIIIIIIIIIIIA1IIIIIIIIIIIIA1IIIIII
IIIIIIIIIIIIIIIIIIIIIIIIIIIIIIIIIIIIIIIIIIA1IIIIA1IIIIIIA1IIIIII
IIIIIIIIIIIIIIIIIIIIIIIIIIIIIIIIIIA1IIIIIIA1IIIIA1IIIIIIA1IIIIII
IIIIIIIIIIIIIIIIIIIIIIIIIIIIIIIIA1IIIIIIIIIIIIIIIIIIIIIIIIIIIIII
IIIIIIIIIIIIIIIIIIIIIIIIIIIIIIIIA1IIIIIIIIIIIIA1IIIIIIIIIIIIIIII
IIIIIIIIIIIIIIIIIIIIIIIIIIIIIIIIA1IIIIIIIIIIIIAA1IIIIIIIIIIIIIII
IIIIIIIIIIIIIIIIIIIIIIIIIIIIIIIIAA1IIIIIIIIIIIAA1IIIIIIIIIIIIIII
IIIIIIIIIIIIIIIIIIIIIIIIIIIIIIIIAA1IIIIIIIIIIIAA1IIIIIIAIIIIIIII
IIIIIIIIIIIIIIIIIIIIIIIIIIIIIIIIAA1IIIIIIAIIIIAA1IIIIIIAIIIIIIII
IIIIIIIIIIIIIIIIIIIIIIIIIIIIIIIIAA1IIIIIIAIIIIAAA1IIIIIAIIIIIIII
IIIIIIIIIIIIIIIIIIIIIIIIIIIIIIIIIIIIIIIIIIIIIIIIIIIIIA1IIIIIIIII
IIIIIIIIIIIIIIIIIIIIIIIIIIIIIIIIIIIIIIIA1IIIIIIIIIIIIA1IIIIIIIII
IIIIIIIIIIIIIIIIIIIIIIIIIIIIIIIIIIA1IIIA1IIIIIIIIIIIIA1IIIIIIIII
IIIIIIIIIIIIIIIIIIIIIIIIIIIIIIIIIIA1IIIA1IIIIIIIA1IIIA1IIIIIIIII
IIIIIIIIIIIIIIIIIIIIIIIIIIIIIIIIIIIIIIIIIIIIIIIIIIIIIA1IIIIIIIII
IIIIIIIIIIIIIIIIIIIIIIIIIIIIIIIIIIIIIIIIIIIIIIIIA1IIIIIIIIIIIIII
IIIIIIIIIIIIIIIIIIIIIIIIIIIIIIIIIIAIIIIIIIIIIIIIA1IIIIIIIIIIIIII
IIIIIIIIIIIIIIIIIIIIIIIIIIIIIIIIIIAIIIIIIIIIIIIIA1IIIAIIIIIIIIII
IIIIIIIIIIIIIIIIIIIIIIIIIIIIIIIIIIAIIIIAIIIIIIIIA1IIIAIIIIIIIIII
IIIIIIIIIIIIIIIIIIIIIIIIIIIIIIIIIIIIIIIIIIIIIIIIA1IIIIIIIIIIIIII
IIIIIIIIIIIIIIIIIIIIIIIIIIIIIIIIIIIIIIIIIIIIIIA1A1IIIIIIIIIIIIII
IIIIIIIIIIIIIIIIIIIIIIIIIIIIIIIIA1IIIIIIIIIIIIA1A1IIIIIIIIIIIIII
IIIIIIIIIIIIIIIIIIIIIIIIIIIIIIIIA1IIIIIIIIIIIIA1A1IIIA1IIIIIIIII
IIIIIIIIIIIIIIIIIIIIIIIIIIIIIIIIA1IIIIIA1IIIIIA1A1IIIA1IIIIIIIII
IIIIIIIIIIIIIIIIIIIIIIIIIIIIIIIIA1IIIIIA1IIII2A1A1IIIA1IIIIIIIII
IIIIIIIIIIIIIIIIIIIIIIIIIIIIIII2A1IIIIIA1IIII2A1A1IIIA1IIIIIIIII
IIIIIIIIIIIIIIIIIIIIIIIIIIIIIII2AAIIIIIA1IIII2A1A1IIIA1IIIIIIIII
IIIIIIIIIIIIIIIIIIIIIIIIIIIIIII2AAIIIIIA1IIII2AAA1IIIA1IIIIIIIII
IIIIIIIIIIIIIIIIIIIIIIIIIIIIIIIIIIIIIIIIIIIIIIIIIIIIIIIIA1IIIIII
IIIIIIIIIIIIIIIIIIIIIIIIIIIIIIIIIIIIIIIIIIA1IIIIIIIIIIIIA1IIIIII
IIIIIIIIIIIIIIIIIIIIIIIIIIIIIIIIIIIIIIIIIIA1IIA1IIIIIIIIA1IIIIII
IIIIIIIIIIIIIIIIIIIIIIIIIIIIIIIIA1IIIIIIIIA1IIA1IIIIIIIIA1IIIIII
IIIIIIIIIIIIIIIIIIIIIIIIIIIIIIIIIIIIIIIIIIIIIIIIIIIIIIIIA2IIIIII
IIIIIIIIIIIIIIIIIIIIIIIIIIIIIIIIIIIIIIIIIIA2IIIIIIIIIIIIA2IIIIII
IIIIIIIIIIIIIIIIIIIIIIIIIIIIIIIIA2IIIIIIIIA2IIIIIIIIIIIIA2IIIIII
IIIIIIIIIIIIIIIIIIIIIIIIIIIIIIIIA2IIIIIIIIA2IIA2IIIIIIIIA2IIIIII
IIIIIIIIIIIIIIIIIIIIIIIIIIIIIIIIA2IIIIIIIIA2IIA2A2IIIIIIA2IIIIII
IIIIIIIIIIIIIIIIIIIIIIIIIIIIIIIIA2A2IIIIIIA2IIA2A2IIIIIIA2IIIIII
IIIIIIIIIIIIIIIIIIIIIIIIIIIIIIIIIIIIIIIIIIIIIIIIIIIIIIIIA2IIIIII
IIIIIIIIIIIIIIIIIIIIIIIIIIIIIIIIIIIIIIIIIIA2IIIIIIIIIIIIA2IIIIII
IIIIIIIIIIIIIIIIIIIIIIIIIIIIIIIIIIA2IIIIIIA2IIIIIIIIIIIIA2IIIIII
IIIIIIIIIIIIIIIIIIIIIIIIIIIIIIIIIIA2IIIIIIA2IIIIA2IIIIIIA2IIIIII
IIIIIIIIIIIIIIIIIIIIIIIIIIIIIIIIIIA2IIIIIIA2IIIIAA2IIIIIA2IIIIII
IIIIIIIIIIIIIIIIIIIIIIIIIIIIIIIIIIAA2IIIIIA2IIIIAA2IIIIIA2IIIIII
IIIIIIIIIIIIIIIIIIIIIIIIIIIIIIIIIIAA2IIIIIA2IIIAAA2IIIIIA2IIIIII
IIIIIIIIIIIIIIIIIIIIIIIIIIIIIIIIIAAA2IIIIIA2IIIAAA2IIIIIA2IIIIII
IIIIIIIIIIIIIIIIIIIIIIIIIIIIIIIIIIIIIIIIIIIIIIIIIA1IIIIIIIIIIIII
IIIIIIIIIIIIIIIIIIIIIIIIIIIIIIIIIIIIIIIIIIIIIIIA1IIIIIIIIIIIIIII
IIIIIIIIIIIIIIIIIIIIIIIIIIIIIIIIIA1IIIIIIIIIIIIA1IIIIIIIIIIIIIII
IIIIIIIIIIIIIIIIIIIIIIIIIIIIIIIIIA1A1IIIIIIIIIIA1IIIIIIIIIIIIIII
IIIIIIIIIIIIIIIIIIIIIIIIIIIIIIIIIA1A1IIIIIIIIIIA1A1IIIIIIIIIIIII
IIIIIIIIIIIIIIIIIIIIIIIIIIIIIIIIIA1A1IIIIIIIIIIA1A1IIAIIIIIIIIII
IIIIIIIIIIIIIIIIIIIIIIIIIIIIIIIIIA1A1IIAIIIIIIIA1A1IIAIIIIIIIIII
IIIIIIIIIIIIIIIIIIIIIIIIIIIIIIIIIIIIIIIIIIIIIIIIIA12IIIIIIIIIIII
IIIIIIIIIIIIIIIIIIIIIIIIIIIIIIIIIIIIIIIIIIIIIIIIAA12IIIIIIIIIIII
IIIIIIIIIIIIIIIIIIIIIIIIIIIIIIIIIIIA12IIIIIIIIIIAA12IIIIIIIIIIII
IIIIIIIIIIIIIIIIIIIIIIIIIIIIIIIIIIAA12IIIIIIIIIIAA12IIIIIIIIIIII
IIIIIIIIIIIIIIIIIIIIIIIIIIIIIIIIIIIIIIIIIIIIIIIIA12IIIIIIIIIIIII
IIIIIIIIIIIIIIIIIIIIIIIIIIIIIIIIIIA12IIIIIIIIIIIA12IIIIIIIIIIIII
IIIIIIIIIIIIIIIIIIIIIIIIIIIIIIIIIAA12IIIIIIIIIIIA12IIIIIIIIIIIII
IIIIIIIIIIIIIIIIIIIIIIIIIIIIIIIIIAA12IIIIIIIIIIAA12IIIIIIIIIIIII
IIIIIIIIIIIIIIIIIIIIIIIIIIIIIIIIIAA12IIIAIIIIIIAA12IIIIIIIIIIIII
IIIIIIIIIIIIIIIIIIIIIIIIIIIIIIIIIAA12IIIAIIIIIIAA12IIIAIIIIIIIII
IIIIIIIIIIIIIIIIIIIIIIIIIIIIIIIIIAA12IIIAIAIIIIAA12IIIAIIIIIIIII
IIIIIIIIIIIIIIIIIIIIIIIIIIIIIIIIIAA12IIIAIAIIIIAA12IIIAIAIIIIIII
IIIIIIIIIIIIIIIIIIIIIIIIIIIIIIIIIIIIIIIIIIIIIIIIA1IIIIIIIIIIIIII
IIIIIIIIIIIIIIIIIIIIIIIIIIIIIIIIIIIIIIIIIIIIIIIIIIIIIIA2IIIIIIII
IIIIIIIIIIIIIIIIIIIIIIIIIIIIIIIIIIIIIIIIIIIIIIIIIIIIIIAA2IIIIIII
IIIIIIIIIIIIIIIIIIIIIIIIIIIIIIIIIIIIIIIIA2IIIIIIIIIIIIAA2IIIIIII
IIIIIIIIIIIIIIIIIIIIIIIIIIIIIIIIIIIIIIIIAA2IIIIIIIIIIIAA2IIIIIII
IIIIIIIIIIIIIIIIIIIIIIIIIIIIIIIIIIIIIIIIAA2IIIA2IIIIIIAA2IIIIIII
IIIIIIIIIIIIIIIIIIIIIIIIIIIIIIIIA2IIIIIIAA2IIIA2IIIIIIAA2IIIIIII
IIIIIIIIIIIIIIIIIIIIIIIIIIIIIIIIAA2IIIIIAA2IIIA2IIIIIIAA2IIIIIII
IIIIIIIIIIIIIIIIIIIIIIIIIIIIIIIIAA2IIIIIAA2IIIAA2IIIIIAA2IIIIIII
IIIIIIIIIIIIIIIIIIIIIIIIIIIIIIIIAA2IIIIIAAA2IIAA2IIIIIAA2IIIIIII
IIIIIIIIIIIIIIIIIIIIIIIIIIIIIIIIAA2IIIIIAAA2IIAA2IIIIIAAA2IIIIII
IIIIIIIIIIIIIIIIIIIIIIIIIIIIIIIIAA2IIIIIAAA2IIAA2IIIIAAAA2IIIIII
IIIIIIIIIIIIIIIIIIIIIIIIIIIIIIIIAA2IIIIAAAA2IIAA2IIIIAAAA2IIIIII
IIIIIIIIIIIIIIIIIIIIIIIIIIIIIIIIAA2A2IIAAAA2IIAA2IIIIAAAA2IIIIII
IIIIIIIIIIIIIIIIIIIIIIIIIIIIIIIIAA2A2IIAAAA2IIAA2A2IIAAAA2IIIIII
IIIIIIIIIIIIIIIIIIIIIIIIIIIIIIIIIIIIIIIIIIIIIIIIIA2IIIIIIIIIIIII
IIIIIIIIIIIIIIIIIIIIIIIIIIIIIIIIIIIA2IIIIIIIIIIIIA2IIIIIIIIIIIII
IIIIIIIIIIIIIIIIIIIIIIIIIIIIIIIIIIIA2IIIA2IIIIIIIA2IIIIIIIIIIIII
IIIIIIIIIIIIIIIIIIIIIIIIIIIIIIIIIIIA2IIIA2IIIIIIIA2IIIA2IIIIIIII
IIIIIIIIIIIIIIIIIIIIIIIIIIIIIIIIIIIA2IIIA2IIIIA2IA2IIIA2IIIIIIII
IIIIIIIIIIIIIIIIIIIIIIIIIIIIIIIIIIIA2IIIA2IIIIA2IA2IIAA2IIIIIIII
IIIIIIIIIIIIIIIIIIIIIIIIIIIIIIIIA2IA2IIIA2IIIIA2IA2IIAA2IIIIIIII
IIIIIIIIIIIIIIIIIIIIIIIIIIIIIIIIA2IA2IIAA2IIIIA2IA2IIAA2IIIIIIII
IIIIIIIIIIIIIIIIIIIIIIIIIIIIIIIIIIIIIIIIIIIIIIIIA1IIIIIIIIIIIIII
IIIIIIIIIIIIIIIIIIIIIIIIIIIIIIIIIIA1IIIIIIIIIIIIA1IIIIIIIIIIIIII
IIIIIIIIIIIIIIIIIIIIIIIIIIIIIIIIA1A1IIIIIIIIIIIIA1IIIIIIIIIIIIII
IIIIIIIIIIIIIIIIIIIIIIIIIIIIIIIIA1A1IIIIIIIIIIA1A1IIIIIIIIIIIIII
IIIIIIIIIIIIIIIIIIIIIIIIIIIIIIIIIIIIIIIIIIIIIIAIIIIIIIIIIIIIIIII
IIIIIIIIIIIIIIIIIIIIIIIIIIIIIIIIIIIIIIIIIIIIIIA1IIIIIIIIIIIIIIII
IIIIIIIIIIIIIIIIIIIIIIIIIIIIIIIIIIIIIIIIIIIIIIA1A1IIIIIIIIIIIIII
IIIIIIIIIIIIIIIIIIIIIIIIIIIIIIIIA1IIIIIIIIIIIIA1A1IIIIIIIIIIIIII
IIIIIIIIIIIIIIIIIIIIIIIIIIIIIIIIA1A1IIIIIIIIIIA1A1IIIIIIIIIIIIII
IIIIIIIIIIIIIIIIIIIIIIIIIIIIIIIIIIIIIIIIIIIIIIAIIIIIIIIIIIIIIIII
IIIIIIIIIIIIIIIIIIIIIIIIIIIIIIIIIIIIIIIIIIIIIIA1IIIIIIIIIIIIIIII
IIIIIIIIIIIIIIIIIIIIIIIIIIIIIIIIA1IIIIIIIIIIIIA1IIIIIIIIIIIIIIII
IIIIIIIIIIIIIIIIIIIIIIIIIIIIIIIIA1IIIIIIIIIIIIAA1IIIIIIIIIIIIIII
IIIIIIIIIIIIIIIIIIIIIIIIIIIIIIIIAA1IIIIIIIIIIIAA1IIIIIIIIIIIIIII
IIIIIIIIIIIIIIIIIIIIIIIIIIIIIIIIIIIIIIIIIIIIIIIIIIIIIIIIA1IIIIII
IIIIIIIIIIIIIIIIIIIIIIIIIIIIIIIIIIIIIIIIIIA1IIIIIIIIIIIIA1IIIIII
IIIIIIIIIIIIIIIIIIIIIIIIIIIIIIIIIA1IIIIIIIA1IIIIIIIIIIIIA1IIIIII
IIIIIIIIIIIIIIIIIIIIIIIIIIIIIIIIIA1IIIIIIIA1IIIA1IIIIIIIA1IIIIII
IIIIIIIIIIIIIIIIIIIIIIIIIIIIIIIIIIIIIIIIIIIIIIIIIAIIIIIIIIIIIIII
IIIIIIIIIIIIIIIIIIIIIIIIIIIIIIIIIIIAIIIIIIIIIIIIIAIIIIIIIIIIIIII
IIIIIIIIIIIIIIIIIIIIIIIIIIIIIIIIIIAAIIIIIIIIIIIIIAIIIIIIIIIIIIII
IIIIIIIIIIIIIIIIIIIIIIIIIIIIIIIIIIAAIIIIIIIIIIIIAAIIIIIIIIIIIIII
IIIIIIIIIIIIIIIIIIIIIIIIIIIIIIIIIIIIIIIIIIIIIIIIIIIIIA1IIIIIIIII
IIIIIIIIIIIIIIIIIIIIIIIIIIIIIIIIIIIIIIIIIIIIIIIIIA1IIA1IIIIIIIII
IIIIIIIIIIIIIIIIIIIIIIIIIIIIIIIIIIIIIIIIIIIIIIIA1IIIIIIIIIIIIIII
IIIIIIIIIIIIIIIIIIIIIIIIIIIIIIIIIA1IIIIIIIIIIIIA1IIIIIIIIIIIIIII
IIIIIIIIIIIIIIIIIIIIIIIIIIIIIIIIIA1IIIIIIIA1IIIA1IIIIIIIIIIIIIII
IIIIIIIIIIIIIIIIIIIIIIIIIIIIIIIIIA1IIIIIIIA1IIIA1IIIIIIIA1IIIIII
IIIIIIIIIIIIIIIIIIIIIIIIIIIIIIIIIIIIIIIIIIIIIIIIA1IIIIIIIIIIIIII
IIIIIIIIIIIIIIIIIIIIIIIIIIIIIIIIIIA1IIIIIIIIIIIIA1IIIIIIIIIIIIII
IIIIIIIIIIIIIIIIIIIIIIIIIIIIIIIIIAA1IIIIIIIIIIIIA1IIIIIIIIIIIIII
IIIIIIIIIIIIIIIIIIIIIIIIIIIIIIIIIAA1IIIIIIIIIIIAA1IIIIIIIIIIIIII
IIIIIIIIIIIIIIIIIIIIIIIIIIIIIIIIIAA1IIIIIIIIIIIAA1IIIIIAIIIIIIII
IIIIIIIIIIIIIIIIIIIIIIIIIIIIIIIIIAA1IIIIIAIIIIIAA1IIIIIAIIIIIIII
IIIIIIIIIIIIIIIIIIIIIIIIIIIIIIIIIIIIIIIIIIIIIIA2IIIIIIIIIIIIIIII
IIIIIIIIIIIIIIIIIIIIIIIIIIIIIIIIIIIIIIIIIIIIIIA1IIIIIIIIIIIIIIII
IIIIIIIIIIIIIIIIIIIIIIIIIIIIIIIIA1IIIIIIIIIIIIA1IIIIIIIIIIIIIIII
IIIIIIIIIIIIIIIIIIIIIIIIIIIIIIIIA1IIIIIIIIIIIIA1IA1IIIIIIIIIIIII
IIIIIIIIIIIIIIIIIIIIIIIIIIIIIIIIA1IA1IIIIIIIIIA1IA1IIIIIIIIIIIII
IIIIIIIIIIIIIIIIIIIIIIIIIIIIIIIIIIIIIIIIIIIIIIIA12IIIIIIIIIIIIII
IIIIIIIIIIIIIIIIIIIIIIIIIIIIIIIIIA12IIIIIIIIIIIA12IIIIIIIIIIIIII
IIIIIIIIIIIIIIIIIIIIIIIIIIIIIIIIAA12IIIIIIIIIIIA12IIIIIIIIIIIIII
IIIIIIIIIIIIIIIIIIIIIIIIIIIIIIIIAA12IIIIIIIIIIAA12IIIIIIIIIIIIII
IIIIIIIIIIIIIIIIIIIIIIIIIIIIIIIIIIIIIIIIIIIIIIIIIAI2IIIIIIIIIIII
IIIIIIIIIIIIIIIIIIIIIIIIIIIIIIIIIIIAI2IIIIIIIIIIIAI2IIIIIIIIIIII
IIIIIIIIIIIIIIIIIIIIIIIIIIIIIIIIIAIAI2IIIIIIIIIIIAI2IIIIIIIIIIII
IIIIIIIIIIIIIIIIIIIIIIIIIIIIIIIIIAIAI2IIIIIIIIIAIAI2IIIIIIIIIIII
IIIIIIIIIIIIIIIIIIIIIIIIIIIIIIIIIIIIIIIIIIIIIIIIIIIIIIIAIIIIIIII
IIIIIIIIIIIIIIIIIIIIIIIIIIIIIIIIIIIIIIIIIIIIIIIIIIIIIIIA2IIIIIII
IIIIIIIIIIIIIIIIIIIIIIIIIIIIIIIIIIIIIIIIIA2IIIIIIIIIIIIA2IIIIIII
IIIIIIIIIIIIIIIIIIIIIIIIIIIIIIIIIIIIIIIIIA2IIIIIIIIIIIAA2IIIIIII
IIIIIIIIIIIIIIIIIIIIIIIIIIIIIIIIIIIIIIIIAA2IIIIIIIIIIIAA2IIIIIII
IIIIIIIIIIIIIIIIIIIIIIIIIIIIIIIIIIIIIIIIIIIIIIIA1IIIIIIIIIIIIIII
IIIIIIIIIIIIIIIIIIIIIIIIIIIIIIIIIIIIIIIIIIIIIIIAIIIIIIIIIIIIIIII
IIIIIIIIIIIIIIIIIIIIIIIIIIIIIIIIIAIIIIIIIIIIIIIAIIIIIIIIIIIIIIII
IIIIIIIIIIIIIIIIIIIIIIIIIIIIIIIIIAIAIIIIIIIIIIIAIIIIIIIIIIIIIIII
IIIIIIIIIIIIIIIIIIIIIIIIIIIIIIIIIAIAIIIIIIIIIIIAIAIIIIIIIIIIIIII
IIIIIIIIIIIIIIIIIIIIIIIIIIIIIIIIIAIAIIIIIIIIIIIAIAIIIIIAIIIIIIII
IIIIIIIIIIIIIIIIIIIIIIIIIIIIIIIIIAIAIIIIIIIIIIIAIAIIIIIA2IIIIIII
IIIIIIIIIIIIIIIIIIIIIIIIIIIIIIIIIAIAIIIIIA2IIIIAIAIIIIIA2IIIIIII
IIIIIIIIIIIIIIIIIIIIIIIIIIIIIIIIIAIAIIIIIA2IIIIAIA2IIIIA2IIIIIII
IIIIIIIIIIIIIIIIIIIIIIIIIIIIIIIIIAIA2IIIIA2IIIIAIA2IIIIA2IIIIIII
IIIIIIIIIIIIIIIIIIIIIIIIIIIIIIIIIAIA2IIIIA2IIIIAAA2IIIIA2IIIIIII
IIIIIIIIIIIIIIIIIIIIIIIIIIIIIIIIIAAA2IIIIA2IIIIAAA2IIIIA2IIIIIII
IIIIIIIIIIIIIIIIIIIIIIIIIIIIIIIIIAAA2IIIIA2IIIAAAA2IIIIA2IIIIIII
IIIIIIIIIIIIIIIIIIIIIIIIIIIIIIIIAAAA2IIIIA2IIIAAAA2IIIIA2IIIIIII
IIIIIIIIIIIIIIIIIIIIIIIIIIIIIIIIIIIIIIIIIIIIIIIA1IIIIIIIIIIIIIII
IIIIIIIIIIIIIIIIIIIIIIIIIIIIIIIIIIIIIIIIIIIIIIIAA1IIIIIIIIIIIIII
IIIIIIIIIIIIIIIIIIIIIIIIIIIIIIIIIA1IIIIIIIIIIIIAA1IIIIIIIIIIIIII
IIIIIIIIIIIIIIIIIIIIIIIIIIIIIIIIIAA1IIIIIIIIIIIAA1IIIIIIIIIIIIII
IIIIIIIIIIIIIIIIIIIIIIIIIIIIIIIIIAA1IIIIIIIIIIIAAA1IIIIIIIIIIIII
IIIIIIIIIIIIIIIIIIIIIIIIIIIIIIIIIAA1IIIIIIIIIIIAAA1IIIIA1IIIIIII
IIIIIIIIIIIIIIIIIIIIIIIIIIIIIIIIIAAA1IIIIIIIIIIAAA1IIIIA1IIIIIII
IIIIIIIIIIIIIIIIIIIIIIIIIIIIIIIIIAAA1IIIIA1IIIIAAA1IIIIA1IIIIIII
IIIIIIIIIIIIIIIIIIIIIIIIIIIIIIIIIIIIIIIIIIIIIIIIIA2IIIIIIIIIIIII
IIIIIIIIIIIIIIIIIIIIIIIIIIIIIIIIIIIIIIIIIIIIIIIIIIIIIIIIA1IIIIII
IIIIIIIIIIIIIIIIIIIIIIIIIIIIIIIIIIIIIIIIIIA1IIIIIIIIIIIIA1IIIIII
IIIIIIIIIIIIIIIIIIIIIIIIIIIIIIIIIIIA1IIIIIA1IIIIIIIIIIIIA1IIIIII
IIIIIIIIIIIIIIIIIIIIIIIIIIIIIIIIIIIA1IIIIIA1IIIIIA1IIIIIA1IIIIII
IIIIIIIIIIIIIIIIIIIIIIIIIIIIIIIIIIIA1IIIIIA1IIIIIA1IIIIAA1IIIIII
IIIIIIIIIIIIIIIIIIIIIIIIIIIIIIIIIIIA1IIIIIA1IIIIIA1IIAIAA1IIIIII
IIIIIIIIIIIIIIIIIIIIIIIIIIIIIIIIIIIIIIIIIIIIIIIIA1IIIIIIIIIIIIII
IIIIIIIIIIIIIIIIIIIIIIIIIIIIIIIIIIA1IIIIIIIIIIIIA1IIIIIIIIIIIIII
IIIIIIIIIIIIIIIIIIIIIIIIIIIIIIIIIAA1IIIIIIIIIIIIA1IIIIIIIIIIIIII
IIIIIIIIIIIIIIIIIIIIIIIIIIIIIIIIIAA1IIIIIIIIIIIAA1IIIIIIIIIIIIII
IIIIIIIIIIIIIIIIIIIIIIIIIIIIIIIIIAA1IIIIIIIIIIIAA1IIIIA1IIIIIIII
IIIIIIIIIIIIIIIIIIIIIIIIIIIIIIIIIAA1IIIIA1IIIIIAA1IIIIA1IIIIIIII
IIIIIIIIIIIIIIIIIIIIIIIIIIIIIIIIIIIIIIIIIIIIIIIIAIIIIIIIIIIIIIII
IIIIIIIIIIIIIIIIIIIIIIIIIIIIIIIIIIAIIIIIIIIIIIIIAIIIIIIIIIIIIIII
IIIIIIIIIIIIIIIIIIIIIIIIIIIIIIIIIIAIIIIIIIIIIIIIAIIIIIAIIIIIIIII
IIIIIIIIIIIIIIIIIIIIIIIIIIIIIIIIIIAIIIIIAIIIIIIIAIIIIIAIIIIIIIII
IIIIIIIIIIIIIIIIIIIIIIIIIIIIIIIIIIAIIIIIAIIIIIIAAIIIIIAIIIIIIIII
IIIIIIIIIIIIIIIIIIIIIIIIIIIIIIIIIAAIIIIIAIIIIIIAAIIIIIAIIIIIIIII
IIIIIIIIIIIIIIIIIIIIIIIIIIIIIIIIIAA2IIIIAIIIIIIAAIIIIIAIIIIIIIII
IIIIIIIIIIIIIIIIIIIIIIIIIIIIIIIIIAA2IIIIAIIIIIIAA2IIIIAIIIIIIIII
IIIIIIIIIIIIIIIIIIIIIIIIIIIIIIIIIIIIIIIIIIIIIIIIIA2IIIIIIIIIIIII
IIIIIIIIIIIIIIIIIIIIIIIIIIIIIIIIIIIA2IIIIIIIIIIIIA2IIIIIIIIIIIII
IIIIIIIIIIIIIIIIIIIIIIIIIIIIIIIIIIIA2IIIIIIIIIIIIA2IIIIIA2IIIIII
IIIIIIIIIIIIIIIIIIIIIIIIIIIIIIIIIIIA2IIIIIA2IIIIIA2IIIIIA2IIIIII
IIIIIIIIIIIIIIIIIIIIIIIIIIIIIIIIIIIA2IIIIIA2IIIA2A2IIIIIA2IIIIII
IIIIIIIIIIIIIIIIIIIIIIIIIIIIIIIIIA2A2IIIIIA2IIIA2A2IIIIIA2IIIIII
IIIIIIIIIIIIIIIIIIIIIIIIIIIIIIIIIA2A2IIIIIA2IIIA2A2IIA1IA2IIIIII
IIIIIIIIIIIIIIIIIIIIIIIIIIIIIIIIIA2A2IIA1IA2IIIA2A2IIA1IA2IIIIII
IIIIIIIIIIIIIIIIIIIIIIIIIIIIIIIIIA1A2IIA1IA2IIIA2A2IIA1IA2IIIIII
IIIIIIIIIIIIIIIIIIIIIIIIIIIIIIIIIA1A2IIA1IA2IIIA1A2IIA1IA2IIIIII
IIIIIIIIIIIIIIIIIIIIIIIIIIIIIIIIIAAA2IIA1IA2IIIA1A2IIA1IA2IIIIII
IIIIIIIIIIIIIIIIIIIIIIIIIIIIIIIIIAAA2IIA1IA2IIIAAA2IIA1IA2IIIIII
IIIIIIIIIIIIIIIIIIIIIIIIIIIIIIIIIIIIIIIIIIIIIIIIA1IIIIIIIIIIIIII
IIIIIIIIIIIIIIIIIIIIIIIIIIIIIIIIIIIIIIIIIIIIIIA1A1IIIIIIIIIIIIII
IIIIIIIIIIIIIIIIIIIIIIIIIIIIIIIIIIA1IIIIIIIIIIA1A1IIIIIIIIIIIIII
IIIIIIIIIIIIIIIIIIIIIIIIIIIIIIIIA1A1IIIIIIIIIIA1A1IIIIIIIIIIIIII
IIIIIIIIIIIIIIIIIIIIIIIIIIIIIIIIIIIIIIIIIIIIIIIIIIIIIIA2IIIIIIII
IIIIIIIIIIIIIIIIIIIIIIIIIIIIIIIIIIIIIIIIA2IIIIIIIIIIIIA2IIIIIIII
IIIIIIIIIIIIIIIIIIIIIIIIIIIIIIIIIIIIIIIIA2IIIIIIIIIIIIA2A2IIIIII
IIIIIIIIIIIIIIIIIIIIIIIIIIIIIIIIIIIIIIIIA2A2IIIIIIIIIIA2A2IIIIII
IIIIIIIIIIIIIIIIIIIIIIIIIIIIIIIIIIIIIIIIA2A2IIA2IIIIIIA2A2IIIIII
IIIIIIIIIIIIIIIIIIIIIIIIIIIIIIIIIIIIIIIIA2A2I1A2IIIIIIA2A2IIIIII
IIIIIIIIIIIIIIIIIIIIIIIIIIIIIII1AIIIIIIIA2A2I1A2IIIIIIA2A2IIIIII
IIIIIIIIIIIIIIIIIIIIIIIIIIIIIII1AIIIIIIIA2A2I1A1AIIIIIA2A2IIIIII
IIIIIIIIIIIIIIIIIIIIIIIIIIIIIII1A1AIIIIIA2A2I1A1AIIIIIA2A2IIIIII
IIIIIIIIIIIIIIIIIIIIIIIIIIIIIIIIIIIIIIIIIIIIIIIIAIIIIIIIIIIIIIII
IIIIIIIIIIIIIIIIIIIIIIIIIIIIIIIIIIAIIIIIIIIIIIIIAIIIIIIIIIIIIIII
IIIIIIIIIIIIIIIIIIIIIIIIIIIIIIIIIIIIIIIIIIIIIIA1I2IIIIIIIIIIIIII
IIIIIIIIIIIIIIIIIIIIIIIIIIIIIIIIIIIIIIIIIIIIIIA1I2IIIAIIIIIIIIII
IIIIIIIIIIIIIIIIIIIIIIIIIIIIIIIIAIIIIIIIIIIIIIA1I2IIIAIIIIIIIIII
IIIIIIIIIIIIIIIIIIIIIIIIIIIIIIIIAIIIIIIAIIIIIIA1I2IIIAIIIIIIIIII
IIIIIIIIIIIIIIIIIIIIIIIIIIIIIIIIAIIIIIIAIIIIIIA1I2IIIAIIA2IIIIII
IIIIIIIIIIIIIIIIIIIIIIIIIIIIIIIIAIIIIIIAIIA2IIA1I2IIIAIIA2IIIIII
IIIIIIIIIIIIIIIIIIIIIIIIIIIIIIIIAIIA2IIAIIA2IIA1I2IIIAIIA2IIIIII
IIIIIIIIIIIIIIIIIIIIIIIIIIIIIIIIAIIA2IIAIIA2IIA1IA2IIAIIA2IIIIII
IIIIIIIIIIIIIIIIIIIIIIIIIIIIIIIIIIIIIIIIIIIIIIIIIIIIIIA2IIIIIIII
IIIIIIIIIIIIIIIIIIIIIIIIIIIIIIIIIIIIIIIIIIIIIIIIIIIIIIA1IIIIIIII
IIIIIIIIIIIIIIIIIIIIIIIIIIIIIIIIIIIIIIIIA1IIIIIIIIIIIIA1IIIIIIII
IIIIIIIIIIIIIIIIIIIIIIIIIIIIIIIIIIIIIIIIA1IIIIIIIIIIIAA1IIIIIIII
IIIIIIIIIIIIIIIIIIIIIIIIIIIIIIIIIIIIIIIAA1IIIIIIIIIIIAA1IIIIIIII
IIIIIIIIIIIIIIIIIIIIIIIIIIIIIIIIIIIIIIIIIIIIIIIIA1IIIIIIIIIIIIII
IIIIIIIIIIIIIIIIIIIIIIIIIIIIIIIIIIIIIIIIIIIIIIIIA1IIIIIIA1IIIIII
IIIIIIIIIIIIIIIIIIIIIIIIIIIIIIIIIIA1IIIIIIIIIIIIA1IIIIIIA1IIIIII
IIIIIIIIIIIIIIIIIIIIIIIIIIIIIIIIIIA1IIIIIIA1IIIIA1IIIIIIA1IIIIII
IIIIIIIIIIIIIIIIIIIIIIIIIIIIIIIIIIA1IIIIIIA1IIIIA1IIIIA1A1IIIIII
IIIIIIIIIIIIIIIIIIIIIIIIIIIIIIIIIIA1IIIIA1A1IIIIA1IIIIA1A1IIIIII
IIIIIIIIIIIIIIIIIIIIIIIIIIIIIIIIA1A1IIIIA1A1IIIIA1IIIIA1A1IIIIII
IIIIIIIIIIIIIIIIIIIIIIIIIIIIIIIIA1A1IIIIA1A1IIA1A1IIIIA1A1IIIIII
IIIIIIIIIIIIIIIIIIIIIIIIIIIIIIIIIIIIIIIIIIIIIIA2IIIIIIIIIIIIIIII
IIIIIIIIIIIIIIIIIIIIIIIIIIIIIIIIIIIIIIIIIIIIIIAA2IIIIIIIIIIIIIII
IIIIIIIIIIIIIIIIIIIIIIIIIIIIIIIIIIIIIIIIIIIIIIAA2A2IIIIIIIIIIIII
IIIIIIIIIIIIIIIIIIIIIIIIIIIIIIIIIIIIIIIIIIIIIIAA2A1IIIIIIIIIIIII
IIIIIIIIIIIIIIIIIIIIIIIIIIIIIIIIIIIIIIIIIIIIIIAA2A1IIIA1IIIIIIII
IIIIIIIIIIIIIIIIIIIIIIIIIIIIIIIIIIIA1IIIIIIIIIAA2A1IIIA1IIIIIIII
IIIIIIIIIIIIIIIIIIIIIIIIIIIIIIIIIIIA1IIIA1IIIIAA2A1IIIA1IIIIIIII
IIIIIIIIIIIIIIIIIIIIIIIIIIIIIIIIIIIA1IIIA1IIIIAA2A1IIIAA1IIIIIII
IIIIIIIIIIIIIIIIIIIIIIIIIIIIIIIIA1IA1IIIA1IIIIAA2A1IIIAA1IIIIIII
IIIIIIIIIIIIIIIIIIIIIIIIIIIIIIIIA1IA1IIIA1IIIIAAAA1IIIAA1IIIIIII
IIIIIIIIIIIIIIIIIIIIIIIIIIIIIIIIA1AA1IIIA1IIIIAAAA1IIIAA1IIIIIII
IIIIIIIIIIIIIIIIIIIIIIIIIIIIIIIIIIIIIIIIIIIIIIA1IIIIIIIIIIIIIIII
IIIIIIIIIIIIIIIIIIIIIIIIIIIIIIIIA1IIIIIIIIIIIIA1IIIIIIIIIIIIIIII
IIIIIIIIIIIIIIIIIIIIIIIIIIIIIIIIIIIIIIIIIIIIIIIAI2IIIIIIIIIIIIII
IIIIIIIIIIIIIIIIIIIIIIIIIIIIIIIIIIIIIIIIIIIIIIAAI2IIIIIIIIIIIIII
IIIIIIIIIIIIIIIIIIIIIIIIIIIIIIIIA2IIIIIIIIIIIIAAI2IIIIIIIIIIIIII
IIIIIIIIIIIIIIIIIIIIIIIIIIIIIIIIA2IIIIIIIIIIIIAAA2IIIIIIIIIIIIII
IIIIIIIIIIIIIIIIIIIIIIIIIIIIIIIIA2A2IIIIIIIIIIAAA2IIIIIIIIIIIIII
IIIIIIIIIIIIIIIIIIIIIIIIIIIIIIIIIIIIIIIIIIIIIIIIIIIIIA1IIIIIIIII
IIIIIIIIIIIIIIIIIIIIIIIIIIIIIIIIIIIIIIIIIIIIIIIA1IIIIA1IIIIIIIII
IIIIIIIIIIIIIIIIIIIIIIIIIIIIIIIIIIIIIIIA1IIIIIIA1IIIIA1IIIIIIIII
IIIIIIIIIIIIIIIIIIIIIIIIIIIIIIIIIA1IIIIA1IIIIIIA1IIIIA1IIIIIIIII
IIIIIIIIIIIIIIIIIIIIIIIIIIIIIIIIAA1IIIIA1IIIIIIA1IIIIA1IIIIIIIII
IIIIIIIIIIIIIIIIIIIIIIIIIIIIIIIIAA1IIIIA1IIIIIAA1IIIIA1IIIIIIIII
IIIIIIIIIIIIIIIIIIIIIIIIIIIIIIIIIIIIIIIIIIIIIIIIIIIIIIA2IIIIIIII
IIIIIIIIIIIIIIIIIIIIIIIIIIIIIIIIIIIIIIIIA2IIIIIIIIIIIIA2IIIIIIII
IIIIIIIIIIIIIIIIIIIIIIIIIIIIIIIIIIIIIIIAA2IIIIIIIIIIIIA2IIIIIIII
IIIIIIIIIIIIIIIIIIIIIIIIIIIIIIIIIIIIIIIAA2IIIIIIIIIIIAA2IIIIIIII
IIIIIIIIIIIIIIIIIIIIIIIIIIIIIIIIIIIIIIIAA2IIIIA2IIIIIAA2IIIIIIII
IIIIIIIIIIIIIIIIIIIIIIIIIIIIIIIIA2IIIIIAA2IIIIA2IIIIIAA2IIIIIIII
IIIIIIIIIIIIIIIIIIIIIIIIIIIIIIIIIIIIIIIIIIIIIIIA2IIIIIIIIIIIIIII
IIIIIIIIIIIIIIIIIIIIIIIIIIIIIIIIIA2IIIIIIIIIIIIA2IIIIIIIIIIIIIII
IIIIIIIIIIIIIIIIIIIIIIIIIIIIIIIIAA2IIIIIIIIIIIIA2IIIIIIIIIIIIIII
IIIIIIIIIIIIIIIIIIIIIIIIIIIIIIIIAA2IIIIIIIIIIIAA2IIIIIIIIIIIIIII
IIIIIIIIIIIIIIIIIIIIIIIIIIIIIIIIAAA2IIIIIIIIIIAA2IIIIIIIIIIIIIII
IIIIIIIIIIIIIIIIIIIIIIIIIIIIIIIIAAA2IIIIIIIIIIAAA2IIIIIIIIIIIIII
IIIIIIIIIIIIIIIIIIIIIIIIIIIIIIIIAAA2IIIIA2IIIIAAA2IIIIIIIIIIIIII
IIIIIIIIIIIIIIIIIIIIIIIIIIIIIIIIAAA2IIIIA2IIIIAAA2IIIIA2IIIIIIII
IIIIIIIIIIIIIIIIIIIIIIIIIIIIIIIIIIIIIIIIIIIIIIA1IIIIIIIIIIIIIIII
IIIIIIIIIIIIIIIIIIIIIIIIIIIIIIIIA1IIIIIIIIIIIIA1IIIIIIIIIIIIIIII
IIIIIIIIIIIIIIIIIIIIIIIIIIIIIIIIA1IIIIIIIIIIIIA1IA1IIIIIIIIIIIII
IIIIIIIIIIIIIIIIIIIIIIIIIIIIIIIIA1IA1IIIIIIIIIA1IA1IIIIIIIIIIIII
IIIIIIIIIIIIIIIIIIIIIIIIIIIIIIIIA1IA1IIIIIIII2A1IA1IIIIIIIIIIIII
IIIIIIIIIIIIIIIIIIIIIIIIIIIIIIIIIIIIIIIIIIIIIIIAIIIIIIIIIIIIIIII
IIIIIIIIIIIIIIIIIIIIIIIIIIIIIIIIIAIIIIIIIIIIIIIAIIIIIIIIIIIIIIII
IIIIIIIIIIIIIIIIIIIIIIIIIIIIIIIIIAIIIIIAIIIIIIIAIIIIIIIIIIIIIIII
IIIIIIIIIIIIIIIIIIIIIIIIIIIIIIIIIAIIIIIAIIIIIIIAIIIIIAIIIIIIIIII
IIIIIIIIIIIIIIIIIIIIIIIIIIIIIIIIIIIIIIIIIIIIIIIIIIIIIA1IIIIIIIII
IIIIIIIIIIIIIIIIIIIIIIIIIIIIIIIIIIIIIIIIIIIIIIIIA1IIIA1IIIIIIIII
IIIIIIIIIIIIIIIIIIIIIIIIIIIIIIIIIIA1IIIIIIIIIIIIA1IIIA1IIIIIIIII
IIIIIIIIIIIIIIIIIIIIIIIIIIIIIIIIIIA1IIIIIIIIIIIIAA1IIA1IIIIIIIII
IIIIIIIIIIIIIIIIIIIIIIIIIIIIIIIIIIAA1IIIIIIIIIIIAA1IIA1IIIIIIIII
IIIIIIIIIIIIIIIIIIIIIIIIIIIIIIIIIIIIIIIIIIIIIIA1IIIIIIIIIIIIIIII
IIIIIIIIIIIIIIIIIIIIIIIIIIIIIIIIA1IIIIIIIIIIIIA1IIIIIIIIIIIIIIII
IIIIIIIIIIIIIIIIIIIIIIIIIIIIIIIIA1A1IIIIIIIIIIA1IIIIIIIIIIIIIIII
IIIIIIIIIIIIIIIIIIIIIIIIIIIIIIIIA1A1IIIIIIIIIIA1A1IIIIIIIIIIIIII
IIIIIIIIIIIIIIIIIIIIIIIIIIIIIIIIA1A1IIIIIIIIIIA1A1IIIIA1IIIIIIII
IIIIIIIIIIIIIIIIIIIIIIIIIIIIIIIIA1A1IIIIA2IIIIA1A1IIIIA1IIIIIIII
IIIIIIIIIIIIIIIIIIIIIIIIIIIIIIIIA1A1IIIIA2IIIIAAA1IIIIA1IIIIIIII
IIIIIIIIIIIIIIIIIIIIIIIIIIIIIIIIAAA1IIIIA2IIIIAAA1IIIIA1IIIIIIII
IIIIIIIIIIIIIIIIIIIIIIIIIIIIIIIIAAA1IIIIA2IIIIAAAA2IIIA1IIIIIIII
IIIIIIIIIIIIIIIIIIIIIIIIIIIIIIIIAAA1IIIIA2IIIIAAAA1IIIA1IIIIIIII
IIIIIIIIIIIIIIIIIIIIIIIIIIIIIIIIAAAA1IIIA2IIIIAAAA1IIIA1IIIIIIII
IIIIIIIIIIIIIIIIIIIIIIIIIIIIIIIIIIIIIIIIIIIIIIIIIIIIIA2IIIIIIIII
IIIIIIIIIIIIIIIIIIIIIIIIIIIIIIIIIIIIIIIA2IIIIIIIIIIIIA2IIIIIIIII
IIIIIIIIIIIIIIIIIIIIIIIIIIIIIIIIIIIA2IIA2IIIIIIIIIIIIA2IIIIIIIII
IIIIIIIIIIIIIIIIIIIIIIIIIIIIIIIIIIIA2IIA2IIIIIIIIA2IIA2IIIIIIIII
IIIIIIIIIIIIIIIIIIIIIIIIIIIIIIIIIIIIIIIIIIIIIIIIIIIIIIA2IIIIIIII
IIIIIIIIIIIIIIIIIIIIIIIIIIIIIIIIIIIIIIIIIIIIIIA2IIIIIIA2IIIIIIII
IIIIIIIIIIIIIIIIIIIIIIIIIIIIIIIIIIIIIIIIIIIIIIA2A2IIIIA2IIIIIIII
IIIIIIIIIIIIIIIIIIIIIIIIIIIIIIIIIIIIIIIIIIIIIIA2A2IIIAA2IIIIIIII
IIIIIIIIIIIIIIIIIIIIIIIIIIIIIIIIIIA2IIIIIIIIIIA2A2IIIAA2IIIIIIII
IIIIIIIIIIIIIIIIIIIIIIIIIIIIIIIIIIA2IIIA2IIIIIA2A2IIIAA2IIIIIIII
IIIIIIIIIIIIIIIIIIIIIIIIIIIIIIIIA2A2IIIA2IIIIIA2A2IIIAA2IIIIIIII
IIIIIIIIIIIIIIIIIIIIIIIIIIIIIIIIA2A2IIIAA2IIIIA2A2IIIAA2IIIIIIII
IIIIIIIIIIIIIIIIIIIIIIIIIIIIIIIIIIIIIIIIIIIIIIA2IIIIIIIIIIIIIIII
IIIIIIIIIIIIIIIIIIIIIIIIIIIIIIIIIIIIIIIIIIIIIIA1IIIIIIIIIIIIIIII
IIIIIIIIIIIIIIIIIIIIIIIIIIIIIIIIIIIIIIIIIIIIIIA1IIIIIA1IIIIIIIII
IIIIIIIIIIIIIIIIIIIIIIIIIIIIIIIIIIIIIIIA1IIIIIA1IIIIIA1IIIIIIIII
IIIIIIIIIIIIIIIIIIIIIIIIIIIIIIIIA1IIIIIA1IIIIIA1IIIIIA1IIIIIIIII
IIIIIIIIIIIIIIIIIIIIIIIIIIIIIIIIA1IIIIIA1IIIIIAA1IIIIA1IIIIIIIII
IIIIIIIIIIIIIIIIIIIIIIIIIIIIIIIIAA1IIIIA1IIIIIAA1IIIIA1IIIIIIIII
IIIIIIIIIIIIIIIIIIIIIIIIIIIIIIIIIIIIIIIIIIIIIIIA2IIIIIIIIIIIIIII
IIIIIIIIIIIIIIIIIIIIIIIIIIIIIIIIIIIIIIIIIIIIIIIA2IIIIA2IIIIIIIII
IIIIIIIIIIIIIIIIIIIIIIIIIIIIIIIIIIIIIIIIIIIIIIAA2IIIIA2IIIIIIIII
IIIIIIIIIIIIIIIIIIIIIIIIIIIIIIIIA2IIIIIIIIIIIIAA2IIIIA2IIIIIIIII
IIIIIIIIIIIIIIIIIIIIIIIIIIIIIIIIAA2IIIIIIIIIIIAA2IIIIA2IIIIIIIII
IIIIIIIIIIIIIIIIIIIIIIIIIIIIIIIIAA2IIIIIIIIIIIAA2A2IIA2IIIIIIIII
IIIIIIIIIIIIIIIIIIIIIIIIIIIIIIIIIIIIIIIIIIIIIIIIIIIIIA1IIIIIIIII
IIIIIIIIIIIIIIIIIIIIIIIIIIIIIIIIIIIIIIIA1IIIIIIIIIIIIA1IIIIIIIII
IIIIIIIIIIIIIIIIIIIIIIIIIIIIIIIIIIIA1IIA1IIIIIIIIIIIIA1IIIIIIIII
IIIIIIIIIIIIIIIIIIIIIIIIIIIIIIIIIIIA1IIA1IIIIIIIIA1IIA1IIIIIIIII
IIIIIIIIIIIIIIIIIIIIIIIIIIIIIIIIIIIIIIIIIIIIIIA1IIIIIIIIIIIIIIII
IIIIIIIIIIIIIIIIIIIIIIIIIIIIIIIIA1IIIIIIIIIIIIA1IIIIIIIIIIIIIIII
IIIIIIIIIIIIIIIIIIIIIIIIIIIIIIIIA1A1IIIIIIIIIIA1IIIIIIIIIIIIIIII
IIIIIIIIIIIIIIIIIIIIIIIIIIIIIIIIA1A1IIIIIIIIIIA1A1IIIIIIIIIIIIII
IIIIIIIIIIIIIIIIIIIIIIIIIIIIIIIIA1A1IIIIIIIIIIA1A1IIIAIIIIIIIIII
IIIIIIIIIIIIIIIIIIIIIIIIIIIIIIIIA1A1IIIIIIIIIIA1A1IIIA1IIIIIIIII
IIIIIIIIIIIIIIIIIIIIIIIIIIIIIIIIA1A1IIIA1IIIIIA1A1IIIA1IIIIIIIII
IIIIIIIIIIIIIIIIIIIIIIIIIIIIIIIIA1A1IIIA1IIIIIAAA1IIIA1IIIIIIIII
IIIIIIIIIIIIIIIIIIIIIIIIIIIIIIIIAAA1IIIA1IIIIIAAA1IIIA1IIIIIIIII
IIIIIIIIIIIIIIIIIIIIIIIIIIIIIIIIAAA1IIIA1IIIIIAAA1IIIA1A1IIIIIII
IIIIIIIIIIIIIIIIIIIIIIIIIIIIIIIIAAA1IIIA1A1IIIAAA1IIIA1A1IIIIIII
IIIIIIIIIIIIIIIIIIIIIIIIIIIIIIIIIIIIIIIIIIIIIIAIIIIIIIIIIIIIIIII
IIIIIIIIIIIIIIIIIIIIIIIIIIIIIIIIAIIIIIIIIIIIIIAIIIIIIIIIIIIIIIII
IIIIIIIIIIIIIIIIIIIIIIIIIIIIIIIIIIIIIIIIIIIIIIA2IIIIIIIIIIIIIIII
IIIIIIIIIIIIIIIIIIIIIIIIIIIIIIIIIIIIIIIIIIIIIIA1IIIIIIIIIIIIIIII
IIIIIIIIIIIIIIIIIIIIIIIIIIIIIIIIA1IIIIIIIIIIIIA1IIIIIIIIIIIIIIII
IIIIIIIIIIIIIIIIIIIIIIIIIIIIIIIIA1IIIIIIIIIIIIA1A1IIIIIIIIIIIIII
IIIIIIIIIIIIIIIIIIIIIIIIIIIIIIIIA1A1IIIIIIIIIIA1A1IIIIIIIIIIIIII
IIIIIIIIIIIIIIIIIIIIIIIIIIIIIIIIA1A1IIIIIIIIIIA1A1III2AIIIIIIIII
IIIIIIIIIIIIIIIIIIIIIIIIIIIIIIIIA1A1IIIIIIIIIIA1A1III2A1IIIIIIII
IIIIIIIIIIIIIIIIIIIIIIIIIIIIIIIIA1A1IIIIA1IIIIA1A1III2A1IIIIIIII
IIIIIIIIIIIIIIIIIIIIIIIIIIIIIIIIA1A1IIIIA1IIIIA1AAIII2A1IIIIIIII
IIIIIIIIIIIIIIIIIIIIIIIIIIIIIIIIA1A1IIIIA1IIIIA1AA12I2A1IIIIIIII
IIIIIIIIIIIIIIIIIIIIIIIIIIIIIIIIA1AA12I2A1IIIIA1AA12I2A1IIIIIIII
IIIIIIIIIIIIIIIIIIIIIIIIIIIIIIIIIIIIIIIIIIIIIIIIIIIIIIIA1IIIIIII
IIIIIIIIIIIIIIIIIIIIIIIIIIIIIIIIIIIIIIIIIIIIIIIIIIIIIIAA1IIIIIII
IIIIIIIIIIIIIIIIIIIIIIIIIIIIIIIIIIIIIIIIIAIIIIIIIIIIIIAA1IIIIIII
IIIIIIIIIIIIIIIIIIIIIIIIIIIIIIIIIIIIIIIIAAIIIIIIIIIIIIAA1IIIIIII
IIIIIIIIIIIIIIIIIIIIIIIIIIIIIIIIIIIIIIIIAAIIIIIIIIIIIAAA1IIIIIII
IIIIIIIIIIIIIIIIIIIIIIIIIIIIIIIIIIIIIIIAAAIIIIIIIIIIIAAA1IIIIIII
IIIIIIIIIIIIIIIIIIIIIIIIIIIIIIIIIIIIIIIAAA2IIIIIIIIIIAAA1IIIIIII
IIIIIIIIIIIIIIIIIIIIIIIIIIIIIIIIIIIIIIIIIIIIIIIA1IIIIIIIIIIIIIII
IIIIIIIIIIIIIIIIIIIIIIIIIIIIIIIIIIIIIIIIIIIIIIIA1IIIIIIIA1IIIIII
IIIIIIIIIIIIIIIIIIIIIIIIIIIIIIIIIIIIIIIIIIA1IIIA1IIIIIIIA1IIIIII
IIIIIIIIIIIIIIIIIIIIIIIIIIIIIIIIIIIIIIIIIIA1IIIA1IIIIA1IA1IIIIII
IIIIIIIIIIIIIIIIIIIIIIIIIIIIIIIIIIIIIIIA1IA1IIIA1IIIIA1IA1IIIIII
IIIIIIIIIIIIIIIIIIIIIIIIIIIIIIIIIIIIIIIIIIIIIIIIIIIIIIIIA1IIIIII
IIIIIIIIIIIIIIIIIIIIIIIIIIIIIIIIIIIIIIIIIIIIIIIIIIIIIIIAA1IIIIII
IIIIIIIIIIIIIIIIIIIIIIIIIIIIIIIIIIIIIIIIIAIIIIIIIIIIIIIAA1IIIIII
IIIIIIIIIIIIIIIIIIIIIIIIIIIIIIIIIIIIIIIIIAAIIIIIIIIIIIIAA1IIIIII
IIIIIIIIIIIIIIIIIIIIIIIIIIIIIIIIIIIIIIIIIAAIIIA1IIIIIIIAA1IIIIII
IIIIIIIIIIIIIIIIIIIIIIIIIIIIIIIIA1IIIIIIIAAIIIA1IIIIIIIAA1IIIIII
IIIIIIIIIIIIIIIIIIIIIIIIIIIIIIIIA1IIIIIIIAAIIIA1IIIIIA1AA1IIIIII
IIIIIIIIIIIIIIIIIIIIIIIIIIIIIIIIA1IIIIIA1AAIIIA1IIIIIA1AA1IIIIII
IIIIIIIIIIIIIIIIIIIIIIIIIIIIIIIIA1IIIIIA1AAII2A1IIIIIA1AA1IIIIII
IIIIIIIIIIIIIIIIIIIIIIIIIIIIIIIIA1IIIIIA1AAII2A1AIIIIA1AA1IIIIII
IIIIIIIIIIIIIIIIIIIIIIIIIIIIIIIIA1AIIIIA1AAII2A1AIIIIA1AA1IIIIII
IIIIIIIIIIIIIIIIIIIIIIIIIIIIIIIIA1AIIIIA1AAII2A1A2IIIA1AA1IIIIII
IIIIIIIIIIIIIIIIIIIIIIIIIIIIIIIIA1A2IIIA1AAII2A1A2IIIA1AA1IIIIII
IIIIIIIIIIIIIIIIIIIIIIIIIIIIIIIIIIIIIIIIIIIIIIA1IIIIIIIIIIIIIIII
IIIIIIIIIIIIIIIIIIIIIIIIIIIIIIIIIIIIIIIIIIIIIIAIIIIIIIIIIIIIIIII
IIIIIIIIIIIIIIIIIIIIIIIIIIIIIIIIIIIIIIIIIIIIIIAIIIIIIIIA2IIIIIII
IIIIIIIIIIIIIIIIIIIIIIIIIIIIIIIIIIIIIIIIIA2IIIAIIIIIIIIA2IIIIIII
IIIIIIIIIIIIIIIIIIIIIIIIIIIIIIIIIIIA2IIIIA2IIIAIIIIIIIIA2IIIIIII
IIIIIIIIIIIIIIIIIIIIIIIIIIIIIIIIIIIA2IIIIA2IIIAIIA2IIIIA2IIIIIII
IIIIIIIIIIIIIIIIIIIIIIIIIIIIIIIIIIIIIIIIIIIIIIIIIIIIIIIA2IIIIIII
IIIIIIIIIIIIIIIIIIIIIIIIIIIIIIIIIIIIIIIIIIIIIIIIIIIIIIIAA2IIIIII
IIIIIIIIIIIIIIIIIIIIIIIIIIIIIIIIIIIIIIIIIIIIIIA2IIIIIIIAA2IIIIII
IIIIIIIIIIIIIIIIIIIIIIIIIIIIIIIIIIIIIIIIIIA2IIA2IIIIIIIAA2IIIIII
IIIIIIIIIIIIIIIIIIIIIIIIIIIIIIIIA2IIIIIIIIA2IIA2IIIIIIIAA2IIIIII
IIIIIIIIIIIIIIIIIIIIIIIIIIIIIIIIIIIIIIIIIIIIIIIIIIIIIIA1I2IIIIII
IIIIIIIIIIIIIIIIIIIIIIIIIIIIIIIIIIIIIIIIA1I2IIIIIIIIIIA1I2IIIIII
IIIIIIIIIIIIIIIIIIIIIIIIIIIIIIIIIIIIIIIIA1A1I2IIIIIIIIA1I2IIIIII
IIIIIIIIIIIIIIIIIIIIIIIIIIIIIIIIIIIIIIIIA1A1I2IIIIIIIIA1A1I2IIII
IIIIIIIIIIIIIIIIIIIIIIIIIIIIIIIIIIIIIIIIA1A1I2IA1I2IIIA1A1I2IIII
IIIIIIIIIIIIIIIIIIIIIIIIIIIIIIIIIA1I2IIIA1A1I2IA1I2IIIA1A1I2IIII
IIIIIIIIIIIIIIIIIIIIIIIIIIIIIIIIIA1I2IIAA1A1I2IA1I2IIIA1A1I2IIII
IIIIIIIIIIIIIIIIIIIIIIIIIIIIIIIIIA1I2IIAA1A1I2IA1I2IIAA1A1I2IIII
IIIIIIIIIIIIIIIIIIIIIIIIIIIIIIIIIIIIIIIIIIIIIIIAIIIIIIIIIIIIIIII
IIIIIIIIIIIIIIIIIIIIIIIIIIIIIIIIIIIIIIIIIIIIIIAAIIIIIIIIIIIIIIII
IIIIIIIIIIIIIIIIIIIIIIIIIIIIIIIIAIIIIIIIIIIIIIAAIIIIIIIIIIIIIIII
IIIIIIIIIIIIIIIIIIIIIIIIIIIIIIIIAIIIIIIIIIIIIIAAIAIIIIIIIIIIIIII
IIIIIIIIIIIIIIIIIIIIIIIIIIIIIIIIAIIAIIIIIIIIIIAAIAIIIIIIIIIIIIII
[MLOP] Prefetch Degree Mean: 1.31062
[MLOP] Prefetch Degree SD: 2.22177
[MLOP] Max Score Left Mean (%): 8.73109
[MLOP] Max Score Left SD (%): 9.5119
[MLOP] Max Score Right Mean (%): 38.2239
[MLOP] Max Score Right SD (%): 10.9848
================ Mockingjay (LLC) Pollution Stats ================
Total pollution count in LLC: 11877
==================================================================

DRAM Statistics
 CHANNEL 0
 RQ ROW_BUFFER_HIT:     330777  ROW_BUFFER_MISS:    2236525
 DBUS_CONGESTED:       1019
 WQ ROW_BUFFER_HIT:     212975  ROW_BUFFER_MISS:     546703  FULL:          0

 AVG_CONGESTED_CYCLE: 4
 All warmup complete: 2
Channel 0 Bank busy for read cycles: 0
Channel 0 Bank busy for write cycles: 0
Channel 0
Rank 0
0banks busy for read cycles: 313678199
0banks busy for write cycles: 310288
1banks busy for read cycles: 107352339
1banks busy for write cycles: 51212928
2banks busy for read cycles: 45966061
2banks busy for write cycles: 19197782
3banks busy for read cycles: 16354844
3banks busy for write cycles: 7733036
4banks busy for read cycles: 7362218
4banks busy for write cycles: 3439230
5banks busy for read cycles: 4172416
5banks busy for write cycles: 1766025
6banks busy for read cycles: 3031184
6banks busy for write cycles: 1048741
7banks busy for read cycles: 2635431
7banks busy for write cycles: 818289
8banks busy for read cycles: 2109417
8banks busy for write cycles: 1153798

CPU 0 Branch Prediction Accuracy: 95.5481% MPKI: 8.30552 Average ROB Occupancy at Mispredict: 17.9233
Branch types
NOT_BRANCH: 162687464 81.3437%
BRANCH_DIRECT_JUMP: 1337309 0.668654%
BRANCH_INDIRECT: 783366 0.391683%
BRANCH_CONDITIONAL: 30446643 15.2233%
BRANCH_DIRECT_CALL: 2135005 1.0675%
BRANCH_INDIRECT_CALL: 234138 0.117069%
BRANCH_RETURN: 2372425 1.18621%
BRANCH_OTHER: 3022 0.001511%

===================== LRU L1D STATS =====================
Total pollution count in L1D: 594528
=========================================================
================ SRRIP (L2C) Pollution Stats ================
Total pollution count in L2c: 1838490
==================================================================
DRAM PAGES: 1048576
Allocated PAGES: 149614
