
*** ChampSim Multicore Out-of-Order Simulator ***

Warmup Instructions: 200000000
Simulation Instructions: 200000000
Number of CPUs: 1
LLC sets: 4096
LLC ways: 12
Off-chip DRAM Size: 4096 MB Channels: 1 Width: 64-bit Data Rate: 6400 MT/s
CPU 0 runs /home1/sweta/traces/qualcomm_traces/server_027.champsimtrace.xz
.xz
BTB has LRU replacement policy
ITLB has LRU replacement policy
DTLB has LRU replacement policy
STLB has LRU replacement policy
L1I has LRU replacement policy
L1D has LRU replacement policy
Initialize SRRIP state for L2C
Initialize Mockingjay state for LLC
Heartbeat CPU 0 instructions: 10000001 cycles: 2071357 heartbeat IPC: 4.82775 cumulative IPC: 4.82775 (Simulation time: 0 hr 0 min 28 sec) 
Heartbeat CPU 0 instructions: 20000003 cycles: 4147776 heartbeat IPC: 4.81598 cumulative IPC: 4.82186 (Simulation time: 0 hr 0 min 53 sec) 
Heartbeat CPU 0 instructions: 30000005 cycles: 6218958 heartbeat IPC: 4.82816 cumulative IPC: 4.82396 (Simulation time: 0 hr 1 min 19 sec) 
Heartbeat CPU 0 instructions: 40000002 cycles: 8294655 heartbeat IPC: 4.81766 cumulative IPC: 4.82238 (Simulation time: 0 hr 1 min 45 sec) 
Heartbeat CPU 0 instructions: 50000006 cycles: 10365782 heartbeat IPC: 4.82829 cumulative IPC: 4.82356 (Simulation time: 0 hr 2 min 9 sec) 
Heartbeat CPU 0 instructions: 60000004 cycles: 12441938 heartbeat IPC: 4.81659 cumulative IPC: 4.8224 (Simulation time: 0 hr 2 min 34 sec) 
Heartbeat CPU 0 instructions: 70000004 cycles: 14513491 heartbeat IPC: 4.8273 cumulative IPC: 4.8231 (Simulation time: 0 hr 3 min 0 sec) 
Heartbeat CPU 0 instructions: 80000001 cycles: 16588949 heartbeat IPC: 4.81821 cumulative IPC: 4.82249 (Simulation time: 0 hr 3 min 25 sec) 
Heartbeat CPU 0 instructions: 90000000 cycles: 18661355 heartbeat IPC: 4.82531 cumulative IPC: 4.8228 (Simulation time: 0 hr 3 min 51 sec) 
Heartbeat CPU 0 instructions: 100000001 cycles: 20731889 heartbeat IPC: 4.82967 cumulative IPC: 4.82349 (Simulation time: 0 hr 4 min 17 sec) 
*** Reached end of trace for Core: 0 Repeating trace: /home1/sweta/traces/qualcomm_traces/server_027.champsimtrace.xz
Heartbeat CPU 0 instructions: 110000007 cycles: 22802701 heartbeat IPC: 4.82903 cumulative IPC: 4.82399 (Simulation time: 0 hr 4 min 43 sec) 
Heartbeat CPU 0 instructions: 120000006 cycles: 24878224 heartbeat IPC: 4.81806 cumulative IPC: 4.8235 (Simulation time: 0 hr 5 min 10 sec) 
Heartbeat CPU 0 instructions: 130000001 cycles: 26949873 heartbeat IPC: 4.82707 cumulative IPC: 4.82377 (Simulation time: 0 hr 5 min 36 sec) 
Heartbeat CPU 0 instructions: 140000005 cycles: 29021168 heartbeat IPC: 4.8279 cumulative IPC: 4.82407 (Simulation time: 0 hr 6 min 1 sec) 
Heartbeat CPU 0 instructions: 150000001 cycles: 31096239 heartbeat IPC: 4.81911 cumulative IPC: 4.82373 (Simulation time: 0 hr 6 min 27 sec) 
Heartbeat CPU 0 instructions: 160000004 cycles: 33168001 heartbeat IPC: 4.82681 cumulative IPC: 4.82393 (Simulation time: 0 hr 6 min 53 sec) 
Heartbeat CPU 0 instructions: 170000001 cycles: 35244408 heartbeat IPC: 4.81601 cumulative IPC: 4.82346 (Simulation time: 0 hr 7 min 19 sec) 
Heartbeat CPU 0 instructions: 180000000 cycles: 37315796 heartbeat IPC: 4.82768 cumulative IPC: 4.82369 (Simulation time: 0 hr 7 min 45 sec) 
Heartbeat CPU 0 instructions: 190000003 cycles: 39390915 heartbeat IPC: 4.819 cumulative IPC: 4.82345 (Simulation time: 0 hr 8 min 11 sec) 
Heartbeat CPU 0 instructions: 200000003 cycles: 41464394 heartbeat IPC: 4.82281 cumulative IPC: 4.82342 (Simulation time: 0 hr 8 min 37 sec) 

Warmup complete CPU 0 instructions: 200000003 cycles: 41464394 (Simulation time: 0 hr 8 min 37 sec) 

*** Reached end of trace for Core: 0 Repeating trace: /home1/sweta/traces/qualcomm_traces/server_027.champsimtrace.xz
Heartbeat CPU 0 instructions: 210000000 cycles: 71458299 heartbeat IPC: 0.333401 cumulative IPC: 0.333401 (Simulation time: 0 hr 9 min 10 sec) 
Heartbeat CPU 0 instructions: 220000002 cycles: 101426871 heartbeat IPC: 0.333683 cumulative IPC: 0.333542 (Simulation time: 0 hr 9 min 43 sec) 
Heartbeat CPU 0 instructions: 230000004 cycles: 131499730 heartbeat IPC: 0.332526 cumulative IPC: 0.333203 (Simulation time: 0 hr 10 min 16 sec) 
Heartbeat CPU 0 instructions: 240000001 cycles: 161507657 heartbeat IPC: 0.333245 cumulative IPC: 0.333213 (Simulation time: 0 hr 10 min 50 sec) 
Heartbeat CPU 0 instructions: 250000000 cycles: 191378970 heartbeat IPC: 0.334769 cumulative IPC: 0.333523 (Simulation time: 0 hr 11 min 23 sec) 
Heartbeat CPU 0 instructions: 260000004 cycles: 221417576 heartbeat IPC: 0.332905 cumulative IPC: 0.33342 (Simulation time: 0 hr 11 min 57 sec) 
Heartbeat CPU 0 instructions: 270000000 cycles: 251369886 heartbeat IPC: 0.333864 cumulative IPC: 0.333483 (Simulation time: 0 hr 12 min 30 sec) 
Heartbeat CPU 0 instructions: 280000002 cycles: 281390163 heartbeat IPC: 0.333108 cumulative IPC: 0.333436 (Simulation time: 0 hr 13 min 3 sec) 
Heartbeat CPU 0 instructions: 290000003 cycles: 311359212 heartbeat IPC: 0.333678 cumulative IPC: 0.333463 (Simulation time: 0 hr 13 min 36 sec) 
Heartbeat CPU 0 instructions: 300000003 cycles: 341498871 heartbeat IPC: 0.331789 cumulative IPC: 0.333295 (Simulation time: 0 hr 14 min 9 sec) 
Heartbeat CPU 0 instructions: 310000001 cycles: 371503837 heartbeat IPC: 0.333278 cumulative IPC: 0.333293 (Simulation time: 0 hr 14 min 43 sec) 
*** Reached end of trace for Core: 0 Repeating trace: /home1/sweta/traces/qualcomm_traces/server_027.champsimtrace.xz
Heartbeat CPU 0 instructions: 320000001 cycles: 401395622 heartbeat IPC: 0.33454 cumulative IPC: 0.333397 (Simulation time: 0 hr 15 min 16 sec) 
Heartbeat CPU 0 instructions: 330000006 cycles: 431470079 heartbeat IPC: 0.332508 cumulative IPC: 0.333328 (Simulation time: 0 hr 15 min 49 sec) 
Heartbeat CPU 0 instructions: 340000000 cycles: 461433641 heartbeat IPC: 0.333739 cumulative IPC: 0.333358 (Simulation time: 0 hr 16 min 23 sec) 
Heartbeat CPU 0 instructions: 350000001 cycles: 491363642 heartbeat IPC: 0.334113 cumulative IPC: 0.333408 (Simulation time: 0 hr 16 min 56 sec) 
Heartbeat CPU 0 instructions: 360000000 cycles: 521338179 heartbeat IPC: 0.333616 cumulative IPC: 0.333421 (Simulation time: 0 hr 17 min 30 sec) 
Heartbeat CPU 0 instructions: 370000001 cycles: 551373152 heartbeat IPC: 0.332945 cumulative IPC: 0.333393 (Simulation time: 0 hr 18 min 5 sec) 
Heartbeat CPU 0 instructions: 380000002 cycles: 581339282 heartbeat IPC: 0.33371 cumulative IPC: 0.333411 (Simulation time: 0 hr 18 min 38 sec) 
Heartbeat CPU 0 instructions: 390000001 cycles: 611304168 heartbeat IPC: 0.333724 cumulative IPC: 0.333427 (Simulation time: 0 hr 19 min 11 sec) 
Heartbeat CPU 0 instructions: 400000003 cycles: 641436909 heartbeat IPC: 0.331865 cumulative IPC: 0.333349 (Simulation time: 0 hr 19 min 45 sec) 
Finished CPU 0 instructions: 200000000 cycles: 599972515 cumulative IPC: 0.333349 (Simulation time: 0 hr 19 min 45 sec) 

ChampSim completed all CPUs

Region of Interest Statistics

CPU 0 cumulative IPC: 0.333349 instructions: 200000000 cycles: 599972515
ITLB TOTAL     ACCESS:   25602455  HIT:   23578407  MISS:    2024048  HIT %:    92.0943  MISS %:    7.90568   MPKI: 10.1202
ITLB LOAD TRANSLATION ACCESS:   25602455  HIT:   23578407  MISS:    2024048  HIT %:    92.0943  MISS %:    7.90568   MPKI: 10.1202
ITLB PREFETCH  REQUESTED:          0  ISSUED:          0  USEFUL:          0  USELESS:          0
ITLB USEFUL LOAD PREFETCHES:          0 PREFETCH ISSUED TO LOWER LEVEL:          0  ACCURACY: -nan
ITLB TIMELY PREFETCHES:          0 LATE PREFETCHES: 0 DROPPED PREFETCHES: 0
ITLB PREFETCHES SAME FILL-ORIGIN LEVEL: 0 DIFFERENT FILL-ORIGIN LEVEL: 0
ITLB AVERAGE MISS LATENCY:     9.0232 cycles AVERAGE LOAD MISS LATENCY:       -nan cycles Load Miss          0
ITLB Average MSHR Occupancy:  0.0271627
ITLB RQ	ACCESS:   31044836	FORWARD:          0	MERGED:    4269407	TO_CACHE:   26775429

DTLB TOTAL     ACCESS:   41911678  HIT:   40085377  MISS:    1826301  HIT %:    95.6425  MISS %:     4.3575   MPKI: 9.13151
DTLB LOAD TRANSLATION ACCESS:   41911678  HIT:   40085377  MISS:    1826301  HIT %:    95.6425  MISS %:     4.3575   MPKI: 9.13151
DTLB PREFETCH  REQUESTED:          0  ISSUED:          0  USEFUL:          0  USELESS:          0
DTLB USEFUL LOAD PREFETCHES:          0 PREFETCH ISSUED TO LOWER LEVEL:          0  ACCURACY: -nan
DTLB TIMELY PREFETCHES:          0 LATE PREFETCHES: 0 DROPPED PREFETCHES: 0
DTLB PREFETCHES SAME FILL-ORIGIN LEVEL: 0 DIFFERENT FILL-ORIGIN LEVEL: 0
DTLB AVERAGE MISS LATENCY:    9.13435 cycles AVERAGE LOAD MISS LATENCY:       -nan cycles Load Miss          0
DTLB Average MSHR Occupancy:  0.0251569
DTLB RQ	ACCESS:   58012415	FORWARD:          0	MERGED:   16027810	TO_CACHE:   41984605

STLB TOTAL     ACCESS:    4331561  HIT:    4323391  MISS:       8170  HIT %:    99.8114  MISS %:   0.188616   MPKI: 0.04085
STLB LOAD TRANSLATION ACCESS:    3850348  HIT:    3842178  MISS:       8170  HIT %:    99.7878  MISS %:   0.212189   MPKI: 0.04085
STLB TRANSLATION FROM L1D PREFETCHER ACCESS:     481213  HIT:     481213  MISS:          0  HIT %:        100  MISS %:          0   MPKI: 0
STLB PREFETCH  REQUESTED:          0  ISSUED:          0  USEFUL:          0  USELESS:          0
STLB USEFUL LOAD PREFETCHES:          0 PREFETCH ISSUED TO LOWER LEVEL:          0  ACCURACY: -nan
STLB TIMELY PREFETCHES:          0 LATE PREFETCHES: 0 DROPPED PREFETCHES: 0
STLB PREFETCHES SAME FILL-ORIGIN LEVEL: 0 DIFFERENT FILL-ORIGIN LEVEL: 0
STLB AVERAGE MISS LATENCY:     30.931 cycles AVERAGE LOAD MISS LATENCY:       -nan cycles Load Miss          0
STLB Average MSHR Occupancy: 0.000441459
STLB RQ	ACCESS:    5277174	FORWARD:          0	MERGED:     945613	TO_CACHE:    4331561

STLB Hit, L1D data hit: 0
STLB Hit, L2C data hit: 0
STLB Hit, LLC data hit: 0
STLB Hit, LLC data miss: 0
STLB STLB hints to L2: 0
L1D TOTAL     ACCESS:   56765111  HIT:   52388383  MISS:    4376728  HIT %:    92.2898  MISS %:    7.71024   MPKI: 21.8836
L1D LOAD      ACCESS:   31343548  HIT:   28566716  MISS:    2776832  HIT %:    91.1407  MISS %:    8.85934   MPKI: 13.8842
L1D RFO       ACCESS:   24810370  HIT:   23700458  MISS:    1109912  HIT %:    95.5264  MISS %:    4.47358   MPKI: 5.54956
L1D PREFETCH  ACCESS:     611193  HIT:     121209  MISS:     489984  HIT %:    19.8315  MISS %:    80.1685   MPKI: 2.44992
AGUS PREFETCH L1 MISS: 0
L1D PREFETCH  REQUESTED:    2861872  ISSUED:    2861872  USEFUL:     131751  USELESS:     358284
L1D USEFUL LOAD PREFETCHES:     131751 PREFETCH ISSUED TO LOWER LEVEL:    1284565  ACCURACY: 10.2565
L1D TIMELY PREFETCHES:     131751 LATE PREFETCHES: 14830 DROPPED PREFETCHES: 0
L1D PREFETCHES SAME FILL-ORIGIN LEVEL: 505431 DIFFERENT FILL-ORIGIN LEVEL: 779134
L1D AVERAGE MISS LATENCY:    16.6845 cycles AVERAGE LOAD MISS LATENCY:    15.5021 cycles Load Miss    2776832
L1D Average MSHR Occupancy:   0.172564
L1D RQ	ACCESS:   45064624	FORWARD:          0	MERGED:   13493172	TO_CACHE:   31392449
L1D WQ	ACCESS:   26916432	FORWARD:     179431	MERGED:     296466	TO_CACHE:   26619966
L1D PQ	ACCESS:    1435046	FORWARD:          0	MERGED:       7792	TO_CACHE:    1426826

L1D UNIQUE REGIONS ACCESSED: 0
L1D REGIONS CONFLICTS: 0
L1D Cross Page Prefetch Requests: 0
L1D Same Page Prefetch Requests: 3506539
L1D ROI Sum of L1D PQ occupancy: 19292358
L1D PREFETCHES PUSHED FROM L2C: 0
L1I TOTAL     ACCESS:   30831594  HIT:   10359991  MISS:   20471603  HIT %:    33.6019  MISS %:    66.3981   MPKI: 102.358
L1I LOAD      ACCESS:   30831594  HIT:   10359991  MISS:   20471603  HIT %:    33.6019  MISS %:    66.3981   MPKI: 102.358
L1I PREFETCH  REQUESTED:          0  ISSUED:          0  USEFUL:          0  USELESS:          0
L1I USEFUL LOAD PREFETCHES:          0 PREFETCH ISSUED TO LOWER LEVEL:          0  ACCURACY: -nan
L1I TIMELY PREFETCHES:          0 LATE PREFETCHES: 0 DROPPED PREFETCHES: 0
L1I PREFETCHES SAME FILL-ORIGIN LEVEL: 0 DIFFERENT FILL-ORIGIN LEVEL: 0
L1I AVERAGE MISS LATENCY:    14.1373 cycles AVERAGE LOAD MISS LATENCY:    14.1373 cycles Load Miss   20471603
L1I Average MSHR Occupancy:   0.469386
L1I RQ	ACCESS:   48681270	FORWARD:          0	MERGED:   17636434	TO_CACHE:   31044836

BTB TOTAL     ACCESS:   30084099  HIT:   17385573  MISS:   12698526  HIT %:    57.7899  MISS %:    42.2101   MPKI: 63.4926
BTB BRANCH_DIRECT_JUMP	ACCESS:    2027402  HIT:    1138861  MISS:     888541
BTB BRANCH_INDIRECT	ACCESS:   11862212  HIT:    7042315  MISS:    4819897
BTB BRANCH_CONDITIONAL	ACCESS:    7661324  HIT:    6327153  MISS:    1334171
BTB BRANCH_DIRECT_CALL	ACCESS:    3597908  HIT:    1506021  MISS:    2091887
BTB BRANCH_INDIRECT_CALL	ACCESS:     668676  HIT:     262872  MISS:     405804
BTB BRANCH_RETURN	ACCESS:    4266577  HIT:    1108351  MISS:    3158226
BTB BRANCH_OTHER ACCESS:          0  HIT:          0  MISS:          0

L2C TOTAL     ACCESS:   27629296  HIT:   27485791  MISS:     143505  HIT %:    99.4806  MISS %:   0.519394   MPKI: 0.717525
L2C LOAD      ACCESS:   23233522  HIT:   23212771  MISS:      20751  HIT %:    99.9107  MISS %:  0.0893149   MPKI: 0.103755
L2C DATA LOAD MPKI: 0.085805
L2C INSTRUCTION LOAD MPKI: 0.01795
L2C RFO       ACCESS:    1109293  HIT:    1058602  MISS:      50691  HIT %:    95.4303  MISS %:    4.56967   MPKI: 0.253455
L2C PREFETCH  ACCESS:    1275845  HIT:    1204989  MISS:      70856  HIT %:    94.4463  MISS %:    5.55365   MPKI: 0.35428
AGUS PREFETCH L1 MISS: 0
L2C DATA PREFETCH MPKI: 0.35428
L2C INSTRUCTION PREFETCH MPKI: 0
L2C WRITEBACK ACCESS:    2001861  HIT:    2001830  MISS:         31  HIT %:    99.9985  MISS %: 0.00154856   MPKI: 0.000155
L2C LOAD TRANSLATION ACCESS:       8775  HIT:       7599  MISS:       1176  HIT %:    86.5983  MISS %:    13.4017   MPKI: 0.00588
L2C PREFETCH  REQUESTED:          0  ISSUED:          0  USEFUL:      14666  USELESS:      58983
L2C USEFUL LOAD PREFETCHES:      14666 PREFETCH ISSUED TO LOWER LEVEL:      74529  ACCURACY: 19.6782
L2C TIMELY PREFETCHES:      14666 LATE PREFETCHES: 3673 DROPPED PREFETCHES: 0
L2C PREFETCHES SAME FILL-ORIGIN LEVEL: 57615 DIFFERENT FILL-ORIGIN LEVEL: 0
L2C AVERAGE MISS LATENCY:     93.002 cycles AVERAGE LOAD MISS LATENCY:     83.277 cycles Load Miss      20751
L2C Average MSHR Occupancy:  0.0223148
L2C RQ	ACCESS:   24351673	FORWARD:          0	MERGED:          0	TO_CACHE:   24351589
L2C WQ	ACCESS:    2001861	FORWARD:         84	MERGED:          0	TO_CACHE:    2001861
L2C PQ	ACCESS:    1284565	FORWARD:          0	MERGED:        124	TO_CACHE:    1284441

L2C Instructions Evicting Data 3410
L2C Translations Evicting Data 1138
L2C Data Evicting Data 134434
L2C Instructions Evicting Instructions 133
L2C Translations Evicting Instructions 26
L2C Data Evicting Instructions 3187
L2C Instructions Evicting Translations 47
L2C Translations Evicting Translations 12
L2C Data Evicting Translations 1087
L2C Dense regions hint from L2: 0
PSCL5 TOTAL     ACCESS:       8170  HIT:       8170  MISS:          0  HIT %:        100  MISS %:          0   MPKI: 0
PSCL5 LOAD TRANSLATION ACCESS:       8170  HIT:       8170  MISS:          0  HIT %:        100  MISS %:          0   MPKI: 0
PSCL5 PREFETCH  REQUESTED:          0  ISSUED:          0  USEFUL:          0  USELESS:          0
PSCL5 USEFUL LOAD PREFETCHES:          0 PREFETCH ISSUED TO LOWER LEVEL:          0  ACCURACY: -nan
PSCL5 TIMELY PREFETCHES:          0 LATE PREFETCHES: 0 DROPPED PREFETCHES: 0
PSCL5 PREFETCHES SAME FILL-ORIGIN LEVEL: 0 DIFFERENT FILL-ORIGIN LEVEL: 0

PSCL4 TOTAL     ACCESS:       7277  HIT:       7216  MISS:         61  HIT %:    99.1617  MISS %:   0.838258   MPKI: 0.000305
PSCL4 LOAD TRANSLATION ACCESS:       7277  HIT:       7216  MISS:         61  HIT %:    99.1617  MISS %:   0.838258   MPKI: 0.000305
PSCL4 PREFETCH  REQUESTED:          0  ISSUED:          0  USEFUL:          0  USELESS:          0
PSCL4 USEFUL LOAD PREFETCHES:          0 PREFETCH ISSUED TO LOWER LEVEL:          0  ACCURACY: -nan
PSCL4 TIMELY PREFETCHES:          0 LATE PREFETCHES: 0 DROPPED PREFETCHES: 0
PSCL4 PREFETCHES SAME FILL-ORIGIN LEVEL: 0 DIFFERENT FILL-ORIGIN LEVEL: 0

PSCL3 TOTAL     ACCESS:       7433  HIT:       7372  MISS:         61  HIT %:    99.1793  MISS %:   0.820665   MPKI: 0.000305
PSCL3 LOAD TRANSLATION ACCESS:       7433  HIT:       7372  MISS:         61  HIT %:    99.1793  MISS %:   0.820665   MPKI: 0.000305
PSCL3 PREFETCH  REQUESTED:          0  ISSUED:          0  USEFUL:          0  USELESS:          0
PSCL3 USEFUL LOAD PREFETCHES:          0 PREFETCH ISSUED TO LOWER LEVEL:          0  ACCURACY: -nan
PSCL3 TIMELY PREFETCHES:          0 LATE PREFETCHES: 0 DROPPED PREFETCHES: 0
PSCL3 PREFETCHES SAME FILL-ORIGIN LEVEL: 0 DIFFERENT FILL-ORIGIN LEVEL: 0

PSCL2 TOTAL     ACCESS:       8170  HIT:       7687  MISS:        483  HIT %:    94.0881  MISS %:    5.91187   MPKI: 0.002415
PSCL2 LOAD TRANSLATION ACCESS:       8170  HIT:       7687  MISS:        483  HIT %:    94.0881  MISS %:    5.91187   MPKI: 0.002415
PSCL2 PREFETCH  REQUESTED:          0  ISSUED:          0  USEFUL:          0  USELESS:          0
PSCL2 USEFUL LOAD PREFETCHES:          0 PREFETCH ISSUED TO LOWER LEVEL:          0  ACCURACY: -nan
PSCL2 TIMELY PREFETCHES:          0 LATE PREFETCHES: 0 DROPPED PREFETCHES: 0
PSCL2 PREFETCHES SAME FILL-ORIGIN LEVEL: 0 DIFFERENT FILL-ORIGIN LEVEL: 0

LLC TOTAL     ACCESS:     200880  HIT:     150997  MISS:      49883  HIT %:    75.1678  MISS %:    24.8322   MPKI: 0.249415
LLC LOAD      ACCESS:      17105  HIT:      13412  MISS:       3693  HIT %:    78.4098  MISS %:    21.5902   MPKI: 0.018465
LLC RFO       ACCESS:      50664  HIT:      40282  MISS:      10382  HIT %:    79.5081  MISS %:    20.4919   MPKI: 0.05191
LLC PREFETCH  ACCESS:      74529  HIT:      45793  MISS:      28736  HIT %:    61.4432  MISS %:    38.5568   MPKI: 0.14368
AGUS PREFETCH L1 MISS: 0
LLC WRITEBACK ACCESS:      57406  HIT:      50531  MISS:       6875  HIT %:    88.0239  MISS %:    11.9761   MPKI: 0.034375
LLC LOAD TRANSLATION ACCESS:       1176  HIT:        979  MISS:        197  HIT %:    83.2483  MISS %:    16.7517   MPKI: 0.000985
LLC PREFETCH  REQUESTED:          0  ISSUED:          0  USEFUL:       3107  USELESS:      18746
LLC USEFUL LOAD PREFETCHES:       3107 PREFETCH ISSUED TO LOWER LEVEL:      28736  ACCURACY: 10.8122
LLC TIMELY PREFETCHES:       3107 LATE PREFETCHES: 0 DROPPED PREFETCHES: 0
LLC PREFETCHES SAME FILL-ORIGIN LEVEL: 0 DIFFERENT FILL-ORIGIN LEVEL: 0
LLC AVERAGE MISS LATENCY:    139.512 cycles AVERAGE LOAD MISS LATENCY:    166.775 cycles Load Miss       3693
LLC Average MSHR Occupancy:  0.0115277
LLC RQ	ACCESS:      68945	FORWARD:          0	MERGED:          0	TO_CACHE:      68945
LLC WQ	ACCESS:      57406	FORWARD:          0	MERGED:          0	TO_CACHE:      57406
LLC PQ	ACCESS:      74529	FORWARD:          0	MERGED:          0	TO_CACHE:      74529

LLC Dense regions hint to LLC: 0

RAW hits: 3847855
Loads Generated: 48912474
Loads sent to L1D: 45064624
Stores Generated: 26916418
Stores sent to L1D: 26916432
Major fault: 0 Minor fault: 2582
Allocated PAGES: 2582
=== CPU 0 L1D Prefetcher Statistics ===
[MLOP] History of tracked zone:
IIIIIIIIIIIIIIIIIIIIIIIIIIIIIIIIIIIIIIIIIIIIIIIIIIIIIIIIIIIIIIII
IIIIIIIIIIIIIIIIIIIIIIIIIIIIIIIIIIIIIIIIIIIIIIIIIIIIIIIIAIIIIIII
IIIIIIIIIIIIIIIIIIIIIIIIIIIIIIIIIIIIIIIIIIIIIIIIIIIIAIIIAIIIIIII
IIIIIIIIIIIIIIIIIIIIIIIIIIIIIIIIIIIIIIIIIIIIIIIIAIIIAIIIAIIIIIII
IIIIIIIIIIIIIIIIIIIIIIIIIIIIIIIIIIIIIIIIIIIIIIIIAAIIAIIIAIIIIIII
IIIIIIIIIIIIIIIIIIIIIIIIIIIIIIIIIIIIIIIIIIIIIIIIAAIIAIIAAIIIIIII
IIIIIIIIIIIIIIIIIIIIIIIIIIIIIIIIIIIIIIIIIIIIIAIIAAIIAIIAAIIIIIII
IIIIIIIIIIIIIIIIIIIIIIIIIIIIIIIIIIIIIIIIIIIAIAIIAAIIAIIAAIIIIIII
IIIIIIIIIIIIIIIIIIIIIIIIIIIIIIIIIIIIIIIIAIIAIAIIAAIIAIIAAIIIIIII
IIIIIIIIIIIIIIIIIIIIIIIIIIIIIIIIIIIIIIIIAAIAIAIIAAIIAIIAAIIIIIII
IIIIIIIIIIIIIIIIIIIIIIIIIIIIIIIIIIIIIAIIAAIAIAIIAAIIAIIAAIIIIIII
IIIIIIIIIIIIIIIIIIIIIIIIIIIIIIIIIAIIIAIIAAIAIAIIAAIIAIIAAIIIIIII
IIIIIIIIIIIIIIIIIIIIIIIIIIIIIIIIIAAIIAIIAAIAIAIIAAIIAIIAAIIIIIII
IIIIIIIIIIIIIIIIIIIIIIIIIIIIIIIAIAAIIAIIAAIAIAIIAAIIAIIAAIIIIIII
IIIIIIIIIIIIIIIIIIIIIIIIIIIIIIAAIAAIIAIIAAIAIAIIAAIIAIIAAIIIIIII
IIIIIIIIIIIIIIIIIIIIIIIIIIIIIIAAIAAIAAIIAAIAIAIIAAIIAIIAAIIIIIII
IIIIIIIIIIIIIIIIIIIIIIIIIIIIIIAAIAAAAAIIAAIAIAIIAAIIAIIAAIIIIIII
IIIIIIIIIIIIIIIIIIIIIIIIIIIIIIAAIAAAAAAIAAIAIAIIAAIIAIIAAIIIIIII
IIIIIIIIIIIIIIIIIIIIIIIIIIIIIIAAIAAAAAAAAAIAIAIIAAIIAIIAAIIIIIII
IIIIIIIIIIIIIIIIIIIIIIIIIIIIIIAAAAAAAAAAAAIAIAIIAAIIAIIAAIIIIIII
IIIIIIIIIIIIIIIIIIIIIIIIIIAIIIAAAAAAAAAAAAIAIAIIAAIIAIIAAIIIIIII
IIIIIIIIIIIIIIIIIIIIIAIIIIAIIIAAAAAAAAAAAAIAIAIIAAIIAIIAAIIIIIII
IIIIIIIIIIIIIIIIIIIIIAAIIIAIIIAAAAAAAAAAAAIAIAIIAAIIAIIAAIIIIIII
IIIIIIIIIAIIIIIIIIIIIAAIIIAIIIAAAAAAAAAAAAIAIAIIAAIIAIIAAIIIIIII
IIIIIIIIAAIIIIIIIIIIIAAIIIAIIIAAAAAAAAAAAAIAIAIIAAIIAIIAAIIIIIII
IIIIIIIIAAAIIIIIIIIIIAAIIIAIIIAAAAAAAAAAAAIAIAIIAAIIAIIAAIIIIIII
IIIIIIIIAAAIAIIIIIIIIAAIIIAIIIAAAAAAAAAAAAIAIAIIAAIIAIIAAIIIIIII
IIIIIIIIAAAIAAIIIIIIIAAIIIAIIIAAAAAAAAAAAAIAIAIIAAIIAIIAAIIIIIII
IIIIIIIIAAAIAAAIIIIIIAAIIIAIIIAAAAAAAAAAAAIAIAIIAAIIAIIAAIIIIIII
IIIIIIIIAAAIAAAAIIIIIAAIIIAIIIAAAAAAAAAAAAIAIAIIAAIIAIIAAIIIIIII
IIIIIIIIAAAIAAAAAIIIIAAIIIAIIIAAAAAAAAAAAAIAIAIIAAIIAIIAAIIIIIII
IIIIIIIIAAAIAAAAAAIIIAAIIIAIIIAAAAAAAAAAAAIAIAIIAAIIAIIAAIIIIIII
IIIIIIIIAAAIAAAAAAAIIAAIIIAIIIAAAAAAAAAAAAIAIAIIAAIIAIIAAIIIIIII
IIIIIIIIAAAIAAAAAAAAIAAIIIAIIIAAAAAAAAAAAAIAIAIIAAIIAIIAAIIIIIII
IIIIIIIIAAAIAAAAAAAAAAAIIIAIIIAAAAAAAAAAAAIAIAIIAAIIAIIAAIIIIIII
IIIIIIIIAAAIAAAAAAAAAAAAIIAIIIAAAAAAAAAAAAIAIAIIAAIIAIIAAIIIIIII
IIIIIIIIAAAIAAAAAAAAAAAAAIAIIIAAAAAAAAAAAAIAIAIIAAIIAIIAAIIIIIII
IIIIIIIIAAAIAAAAAAAAAAAAAAAIIIAAAAAAAAAAAAIAIAIIAAIIAIIAAIIIIIII
IIIIIIIIAAAIAAAAAAAAAAAAAAAAIIAAAAAAAAAAAAIAIAIIAAIIAIIAAIIIIIII
IIIIIIIIAAAIAAAAAAAAAAAAAAAAAIAAAAAAAAAAAAIAIAIIAAIIAIIAAIIIIIII
IIIIIIIIAAAIAAAAAAAAAAAAAAAAAAAAAAAAAAAAAAIAIAIIAAIIAIIAAIIIIIII
IIIIIIIIAAAIAAAAAAAAAAAAAAAAAAAAAAAAAAAAAAAAIAIIAAIIAIIAAIIIIIII
IIIIIIIIAAAIAAAAAAAAAAAAAAAAAAAAAAAAAAAAAAAAAAIIAAIIAIIAAIIIIIII
IIIIIIIIAAAIAAAAAAAAAAAAAAAAAAAAAAAAAAAAAAAAAAAIAAIIAIIAAIIIIIII
IIIIIIIIAAAIAAAAAAAAAAAAAAAAAAAAAAAAAAAAAAAAAAAAAAIIAIIAAIIIIIII
IIIIIIIIAAAIAAAAAAAAAAAAAAAAAAAAAAAAAAAAAAAAAAAAAAAIAIIAAIIIIIII
IIIIIIIIAAAIAAAAAAAAAAAAAAAAAAAAAAAAAAAAAAAAAAAAAAAAAIIAAIIIIIII
IIIIIIIIAAAIAAAAAAAAAAAAAAAAAAAAAAAAAAAAAAAAAAAAAAAAAAIAAIIIIIII
IIIIIIIIAAAIAAAAAAAAAAAAAAAAAAAAAAAAAAAAAAAAAAAAAAAAAAAAAIIIIIII
IIIIIIIIAAAIAAAAAAAAAAAAAAAAAAAAAAAAAAAAAAAAAAAAAAAAAAAAAIIIIIIA
IIIIIIIIAAAIAAAAAAAAAAAAAAAAAAAAAAAAAAAAAAAAAAAAAAAAAAAAAIIIIIAA
IIIIIIIIAAAIAAAAAAAAAAAAAAAAAAAAAAAAAAAAAAAAAAAAAAAAAAAAAIIAIIAA
IIIIIIIIAAAIAAAAAAAAAAAAAAAAAAAAAAAAAAAAAAAAAAAAAAAAAAAAAIIAAIAA
IIIIIIIIAAAIAAAAAAAAAAAAAAAAAAAAAAAAAAAAAAAAAAAAAAAAAAAAAIIAAAAA
IIIIIIIIAAAIAAAAAAAAAAAAAAAAAAAAAAAAAAAAAAAAAAAAAAAAAAAAA2IAAAAA
IIIIIIIIAAAIAAAAAAAAAAAAAAAAAAAAAAAAAAAAAAAAAAAAAAAAAAAAA2AAAAAA
IIIIIIIIAAAIAAAAAAAAAAAAAAAAAAAAAAAAAAAAAAAAAAAAAAAAAAAAAAAAAAAA
IIIIIIIIAAA2AAAAAAAAAAAAAAAAAAAAAAAAAAAAAAAAAAAAAAAAAAAAAAAAAAAA
IIIIIIIIAAA1AAAAAAAAAAAAAAAAAAAAAAAAAAAAAAAAAAAAAAAAAAAAAAAAAAAA
IIIIIIIIAAAAAAAAAAAAAAAAAAAAAAAAAAAAAAAAAAAAAAAAAAAAAAAAAAAAAAAA
IIIIIIIAAAAAAAAAAAAAAAAAAAAAAAAAAAAAAAAAAAAAAAAAAAAAAAAAAAAAAAAA
IIIIIIIIIIIIIIIIIIIIIIIIIIIIIIIIIIIIIIIIIIIA11112222IIIIIIIIIIII
IIIIIIIIIIIIIIIIIIIIIIIIIIIIIIIIIIIIIIIIIIIAA11112222IIIIIIIIIII
IIIIIIIIIIIIIIIIIIIIIIIIIIIIIIIIIIIIIIIIIIIAAA11112222IIIIIIIIII
IIIIIIIIIIIIIIIIIIIIIIIIIIIIIIIIIIIIIIIIIIIAAAA1112222IIIIIIIIII
IIIIIIIIIIIIIIIIIIIIIIIIIIIIIIIIIIIIIIIIIIIAAAAA1111222IIIIIIIII
IIIIIIIIIIIIIIIIIIIIIIIIIIIIIIIIIIIIIIIIIIIAAAAA1111222I2IIIIIII
IIIIIIIIIIIIIIIIIIIIIIIIIIIIIIIIIIIIIIIIIIIAAAAAA11112222I22IIII
IIIIIIIIIIIIIIIIIIIIIIIIIIIIIIIIIIIIIIIIIIIAAAAAAA11112222222III
IIIIIIIIIIIIIIIIIIIIIIIIIIIIIIIIIIIIIIIIIIIAAAAAAAA11112222222II
IIIIIIIIIIIIIIIIIIIIIIIIIIIIIIIIIIIIIIIIIIIAAAAAAAA1A11112222222
IIIIIIIIIIIIIIIIIIIIIIIIIIIIIIIIIIIIIIIIIIAAAAAAAAA1A11112222222
IIIIIIIIIIIIIIIIIIIIIIIIIIIIIIIIIIIIIIIIIIAAAAAAAAA1A11A11112222
IIIIIIIIIIIIIIIIIIIIIIIIIIIIIIIIIIIIIIIIIIAAAAAAAAA1A11AA1111222
IIIIIIIIIIIIIIIIIIIIIIIIIIIIIIIIIIIIIIIIIIAAAAAAAAAAA11AA1111222
IIIIIIIIIIIIIIIIIIIIIIIIIIIIIIIIIIIIIIIIIIAAAAAAAAAAAA1AA1111222
IIIIIIIIIIIIIIIIIIIIIIIIIIIIIIIIIIIIIIIIIIAAAAAAAAAAAAAAA1111222
IIIIIIIIIIIIIIIIIIIIIIIIIIIIIIIIIIIIIIIIIIAAAAAAAAAAAAAAA1A11112
IIIIIIIIIIIIIIIIIIIIIIIIIIIIIIIIIIIIIIIIIIAAAAAAAAAAAAAAAAA11112
IIIIIIIIIIIIIIIIIIIIIIIIIIIIIIIIIIIIIIIIIIAAAAAAAAAAAAAAAAA1111A
IIIIIIIIIIIIIIIIIIIIIIIIIIIIIIIIIIIIIIIIIIAAAAAAAAAAAAAAAAA111AA
IIIIIIIIIIIIIIIIIIIIIIIIIIIIIIIIIIIIIIIIIIAAAAAAAAAAAAAAAAAA11AA
IIIIIIIIIIIIIIIIIIIIIIIIIIIIIIIIIIIIIIIIIIAAAAAAAAAAAAAAAAAAA1AA
IIIIIIIIIIIIIIIIIIIIIIIIIIIIIIIIIIIIIIIIIIAAAAAAAAAAAAAAAAAAAAAA
IIIIIIIIIIIIIIIIIIIIIIIIIIIIIIIIIIIIA11112AAAAAAAAAAAAAAAAAAAAAA
IIIIIIIIIIIIIIIIIIIIIIIIIIIIIIIIIIIIA111A1AAAAAAAAAAAAAAAAAAAAAA
IIIIIIIIIIIIIIIIIIIIIIIIIIIIIIIIIIIIA111AAAAAAAAAAAAAAAAAAAAAAAA
IIIIIIIIIIIIIIIIIIIIIIIIIIIIIIIIIIIIAA11AAAAAAAAAAAAAAAAAAAAAAAA
IIIIIIIIIIIIIIIIIIIIIIIIIIIIIIIIIIIIAAA1AAAAAAAAAAAAAAAAAAAAAAAA
IIIIIIIIIIIIIIIIIIIIIIIIIIIIIIIIIIA1AAA1AAAAAAAAAAAAAAAAAAAAAAAA
IIIIIIIIIIIIIIIIIIIIIIIIIIIIIIIIIIAAAAA1AAAAAAAAAAAAAAAAAAAAAAAA
IIIIIIIIIIIIIIIIIIIIIIIIIIIIIIIIIIAAAAAAAAAAAAAAAAAAAAAAAAAAAAAA
IIIIIIIIIIIIIIIIIIIIIIIIIIIIIIA111AAAAAAAAAAAAAAAAAAAAAAAAAAAAAA
IIIIIIIIIIIIIIIIIIIIIIIIIIIIA1A111AAAAAAAAAAAAAAAAAAAAAAAAAAAAAA
IIIIIIIIIIIIIIIIIIIIIIIIIIIAA1A111AAAAAAAAAAAAAAAAAAAAAAAAAAAAAA
IIIIIIIIIIIIIIIIIIIIIIA1111AA1A111AAAAAAAAAAAAAAAAAAAAAAAAAAAAAA
IIIIIIIIIIIIIIIIIIIIIIAA111AA1A111AAAAAAAAAAAAAAAAAAAAAAAAAAAAAA
IIIIIIIIIIIIIIIIIIIIIIAA1A1AA1A111AAAAAAAAAAAAAAAAAAAAAAAAAAAAAA
IIIIIIIIIIIIIIIIIIIIIIAA1AAAA1A111AAAAAAAAAAAAAAAAAAAAAAAAAAAAAA
IIIIIIIIIIIIIIA1111222AA1AAAA1A111AAAAAAAAAAAAAAAAAAAAAAAAAAAAAA
IIIIIIIIIIIIIIAA111122AA1AAAA1A111AAAAAAAAAAAAAAAAAAAAAAAAAAAAAA
IIIIIIIIIIIIIIAAA11112AA1AAAA1A111AAAAAAAAAAAAAAAAAAAAAAAAAAAAAA
IIIIIIIIIIIIIIAAA11A11AA1AAAA1A111AAAAAAAAAAAAAAAAAAAAAAAAAAAAAA
IIIIIIIIIIIIIIAAA11AA1AA1AAAA1A111AAAAAAAAAAAAAAAAAAAAAAAAAAAAAA
IIIIIIIIIIIIIIAAA11AAAAA1AAAA1A111AAAAAAAAAAAAAAAAAAAAAAAAAAAAAA
IIIIIIIIIIIIA1AAA11AAAAA1AAAA1A111AAAAAAAAAAAAAAAAAAAAAAAAAAAAAA
IIIIIIIIIIIIAAAAA11AAAAA1AAAA1A111AAAAAAAAAAAAAAAAAAAAAAAAAAAAAA
IIIIIIIIIIIIAAAAA1AAAAAA1AAAA1A111AAAAAAAAAAAAAAAAAAAAAAAAAAAAAA
IIIIIIIIIIIIAAAAAAAAAAAA1AAAA1A111AAAAAAAAAAAAAAAAAAAAAAAAAAAAAA
IIIIIIIIIIIIAAAAAAAAAAAAAAAAA1A111AAAAAAAAAAAAAAAAAAAAAAAAAAAAAA
IIIIIIIIIIIIAAAAAAAAAAAAAAAAAAA111AAAAAAAAAAAAAAAAAAAAAAAAAAAAAA
IIIIIIIIIIIIAAAAAAAAAAAAAAAAAAAA11AAAAAAAAAAAAAAAAAAAAAAAAAAAAAA
IIIIIIIIIIIIAAAAAAAAAAAAAAAAAAAAA1AAAAAAAAAAAAAAAAAAAAAAAAAAAAAA
IIIIIIIIIIIIAAAAAAAAAAAAAAAAAAAAAAAAAAAAAAAAAAAAAAAAAAAAAAAAAAAA
IIIIIIIIIA1IAAAAAAAAAAAAAAAAAAAAAAAAAAAAAAAAAAAAAAAAAAAAAAAAAAAA
IIIIIIIIIAA1AAAAAAAAAAAAAAAAAAAAAAAAAAAAAAAAAAAAAAAAAAAAAAAAAAAA
IIIIIIIIAAA1AAAAAAAAAAAAAAAAAAAAAAAAAAAAAAAAAAAAAAAAAAAAAAAAAAAA
IIIIIIIIAAAAAAAAAAAAAAAAAAAAAAAAAAAAAAAAAAAAAAAAAAAAAAAAAAAAAAAA
IIIIIIIIIIIIIIIIIIIIIIIIIIIIIIIIIIIIIIIIIIIA11I222222IIIIIIIIIII
IIIIIIIIIIIIIIIIIIIIIIIIIIIIIIIIIIIIIIIIIIIAA112222222IIIIIIIIII
IIIIIIIIIIIIIIIIIIIIIIIIIIIIIIIIIIIIIIIIIIIAAA112222222IIIIIIIII
IIIIIIIIIIIIIIIIIIIIIIIIIIIIIIIIIIIIIIIIIIIAAAA112222222IIIIIIII
IIIIIIIIIIIIIIIIIIIIIIIIIIIIIIIIIIIIIIIIIIIAAAAA112222222IIIIIII
IIIIIIIIIIIIIIIIIIIIIIIIIIIIIIIIIIIIIIIIIIIAAAAAA112222222IIIIII
IIIIIIIIIIIIIIIIIIIIIIIIIIIIIIIIIIIIIIIIIIIAAAAAAA112222222IIIII
IIIIIIIIIIIIIIIIIIIIIIIIIIIIIIIIIIIIIIIIIIIAAAAAAAA112222222IIII
IIIIIIIIIIIIIIIIIIIIIIIIIIIIIIIIIIIIIIIIIIIAAAAAAAA1A112222222II
IIIIIIIIIIIIIIIIIIIIIIIIIIIIIIIIIIIIIIIIIIAAAAAAAAA1A112222222II
IIIIIIIIIIIIIIIIIIIIIIIIIIIIIIIIIIIIIIIIIAAAAAAAAAA1A112222222II
IIIIIIIIIIIIIIIIIIIIIIIIIIIIIIIIIIIIIIIIIAAAAAAAAAA1A11A11222222
IIIIIIIIIIIIIIIIIIIIIIIIIIIIIIIIIIIIIIIIIAAAAAAAAAA1A11AA1122222
IIIIIIIIIIIIIIIIIIIIIIIIIIIIIIIIIIIIIIIIIAAAAAAAAAAAA11AA1122222
IIIIIIIIIIIIIIIIIIIIIIIIIIIIIIIIIIIIIIIIIAAAAAAAAAAAAA1AA1122222
IIIIIIIIIIIIIIIIIIIIIIIIIIIIIIIIIIIIIIIIIAAAAAAAAAAAAAAAA1122222
IIIIIIIIIIIIIIIIIIIIIIIIIIIIIIIIIIIIIIIIIAAAAAAAAAAAAAAAA1A11222
IIIIIIIIIIIIIIIIIIIIIIIIIIIIIIIIIIIIIIIIIAAAAAAAAAAAAAAAAAA11222
IIIIIIIIIIIIIIIIIIIIIIIIIIIIIIIIIIIIIIIIIAAAAAAAAAAAAAAAAAA1122A
IIIIIIIIIIIIIIIIIIIIIIIIIIIIIIIIIIIIIIIIIAAAAAAAAAAAAAAAAAA112AA
IIIIIIIIIIIIIIIIIIIIIIIIIIIIIIIIIIIIIIIIIAAAAAAAAAAAAAAAAAAA11AA
IIIIIIIIIIIIIIIIIIIIIIIIIIIIIIIIIIIIIIIIIAAAAAAAAAAAAAAAAAAAA1AA
IIIIIIIIIIIIIIIIIIIIIIIIIIIIIIIIIIIIIIIIIAAAAAAAAAAAAAAAAAAAAAAA
IIIIIIIIIIIIIIIIIIIIIIIIIIIIIIIIIIIIIA11IAAAAAAAAAAAAAAAAAAAAAAA
IIIIIIIIIIIIIIIIIIIIIIIIIIIIIIIIIIA11A112AAAAAAAAAAAAAAAAAAAAAAA
IIIIIIIIIIIIIIIIIIIIIIIIIIIIIIIIIAA11A112AAAAAAAAAAAAAAAAAAAAAAA
IIIIIIIIIIIIIIIIIIIIIIIIIIIIIIIIAAA11A112AAAAAAAAAAAAAAAAAAAAAAA
IIIIIIIIIIIIIIIIIIIIIIIIIIIIIIA1AAA11A112AAAAAAAAAAAAAAAAAAAAAAA
IIIIIIIIIIIIIIIIIIIIIIIIIIIIIIAAAAA11A112AAAAAAAAAAAAAAAAAAAAAAA
IIIIIIIIIIIIIIIIIIIIIIIIIIIIIIAAAAAA1A112AAAAAAAAAAAAAAAAAAAAAAA
IIIIIIIIIIIIIIIIIIIIIIIIIIIIIIAAAAAAAA112AAAAAAAAAAAAAAAAAAAAAAA
IIIIIIIIIIIIIIIIIIIIIIIIIIIIIIAAAAAAAAA11AAAAAAAAAAAAAAAAAAAAAAA
IIIIIIIIIIIIIIIIIIIIIIIIIIIIIIAAAAAAAAAA1AAAAAAAAAAAAAAAAAAAAAAA
IIIIIIIIIIIIIIIIIIIIIIIIIIIIIIAAAAAAAAAAAAAAAAAAAAAAAAAAAAAAAAAA
IIIIIIIIIIIIIIIIIIIIIIIIIIA11IAAAAAAAAAAAAAAAAAAAAAAAAAAAAAAAAAA
IIIIIIIIIIIIIIIIIIIIIIIIA1A112AAAAAAAAAAAAAAAAAAAAAAAAAAAAAAAAAA
IIIIIIIIIIIIIIIIIIIIIIIAA1A112AAAAAAAAAAAAAAAAAAAAAAAAAAAAAAAAAA
IIIIIIIIIIIIIIIIIIIA11IAA1A112AAAAAAAAAAAAAAAAAAAAAAAAAAAAAAAAAA
IIIIIIIIIIIIIIIIIIIAA11AA1A112AAAAAAAAAAAAAAAAAAAAAAAAAAAAAAAAAA
IIIIIIIIIIIIIIIIIIAAA11AA1A112AAAAAAAAAAAAAAAAAAAAAAAAAAAAAAAAAA
IIIIIIIIIIIIIIIIIIAAAA1AA1A112AAAAAAAAAAAAAAAAAAAAAAAAAAAAAAAAAA
IIIIIIIIIIIIIIIIIIAAAAAAA1A112AAAAAAAAAAAAAAAAAAAAAAAAAAAAAAAAAA
IIIIIIIIA11I2IIIIIAAAAAAA1A112AAAAAAAAAAAAAAAAAAAAAAAAAAAAAAAAAA
IIIIIIIIAA1I2IIIIIAAAAAAA1A112AAAAAAAAAAAAAAAAAAAAAAAAAAAAAAAAAA
IIIIIIIIAAAI2IIIIIAAAAAAA1A112AAAAAAAAAAAAAAAAAAAAAAAAAAAAAAAAAA
IIIIIIIIAAAIA1IIIIAAAAAAA1A112AAAAAAAAAAAAAAAAAAAAAAAAAAAAAAAAAA
IIIIIIIIAAAIAA11I2AAAAAAA1A112AAAAAAAAAAAAAAAAAAAAAAAAAAAAAAAAAA
IIIIIIIIAAAIAAA112AAAAAAA1A112AAAAAAAAAAAAAAAAAAAAAAAAAAAAAAAAAA
IIIIIIIIAAAIAAAA11AAAAAAA1A112AAAAAAAAAAAAAAAAAAAAAAAAAAAAAAAAAA
IIIIIIIIAAAIAAAAA1AAAAAAA1A112AAAAAAAAAAAAAAAAAAAAAAAAAAAAAAAAAA
IIIIIIIIAAAIAAAAAAAAAAAAA1A112AAAAAAAAAAAAAAAAAAAAAAAAAAAAAAAAAA
IIIIIIIIAAAIAAAAAAAAAAAAAAA112AAAAAAAAAAAAAAAAAAAAAAAAAAAAAAAAAA
IIIIIIIIAAAIAAAAAAAAAAAAAAAA11AAAAAAAAAAAAAAAAAAAAAAAAAAAAAAAAAA
IIIIIIIIAAAIAAAAAAAAAAAAAAAAA1AAAAAAAAAAAAAAAAAAAAAAAAAAAAAAAAAA
IIIIIIIIAAAIAAAAAAAAAAAAAAAAAAAAAAAAAAAAAAAAAAAAAAAAAAAAAAAAAAAA
IIIIIIIIAAA2AAAAAAAAAAAAAAAAAAAAAAAAAAAAAAAAAAAAAAAAAAAAAAAAAAAA
IIIIIIIIAAA1AAAAAAAAAAAAAAAAAAAAAAAAAAAAAAAAAAAAAAAAAAAAAAAAAAAA
IIIIIIIIAAAAAAAAAAAAAAAAAAAAAAAAAAAAAAAAAAAAAAAAAAAAAAAAAAAAAAAA
IIIIIIIIIIIIIIIIIIIIIIIIIIIIIIIIIIIIIIIIIIIA11I12I2222IIIIIIIIII
IIIIIIIIIIIIIIIIIIIIIIIIIIIIIIIIIIIIIIIIIIIAA1111222222IIIIIIIII
IIIIIIIIIIIIIIIIIIIIIIIIIIIIIIIIIIIIIIIIIIIAAA1111222222IIIIIIII
IIIIIIIIIIIIIIIIIIIIIIIIIIIIIIIIIIIIIIIIIIIAAAA1111222222IIIIIII
IIIIIIIIIIIIIIIIIIIIIIIIIIIIIIIIIIIIIIIIIIIAAAAA1111222222IIIIII
IIIIIIIIIIIIIIIIIIIIIIIIIIIIIIIIIIIIIIIIIIIAAAAA1A1121222222IIII
IIIIIIIIIIIIIIIIIIIIIIIIIIIIIIIIIIIIIIIIIIIAAAAAAA1111222222IIII
IIIIIIIIIIIIIIIIIIIIIIIIIIIIIIIIIIIIIIIIIIIAAAAAAAA1111222222III
IIIIIIIIIIIIIIIIIIIIIIIIIIIIIIIIIIIIIIIIIIIAAAAAAAA1A1121222222I
IIIIIIIIIIIIIIIIIIIIIIIIIIIIIIIIIIIIIIIIIIAAAAAAAAA1A1121222222I
IIIIIIIIIIIIIIIIIIIIIIIIIIIIIIIIIIIIIIIIIIAAAAAAAAA1A11A11212222
IIIIIIIIIIIIIIIIIIIIIIIIIIIIIIIIIIIIIIIIIIAAAAAAAAA1A11AA1111222
IIIIIIIIIIIIIIIIIIIIIIIIIIIIIIIIIIIIIIIIIIAAAAAAAAAAA11AA1111222
IIIIIIIIIIIIIIIIIIIIIIIIIIIIIIIIIIIIIIIIIIAAAAAAAAAAAA1AA1111222
IIIIIIIIIIIIIIIIIIIIIIIIIIIIIIIIIIIIIIIIIIAAAAAAAAAAAAAAA1111222
IIIIIIIIIIIIIIIIIIIIIIIIIIIIIIIIIIIIIIIIIIAAAAAAAAAAAAAAA111122A
IIIIIIIIIIIIIIIIIIIIIIIIIIIIIIIIIIIIIIIIIIAAAAAAAAAAAAAAA11112AA
IIIIIIIIIIIIIIIIIIIIIIIIIIIIIIIIIIIIIIIIIIAAAAAAAAAAAAAAA11A11AA
IIIIIIIIIIIIIIIIIIIIIIIIIIIIIIIIIIIIIIIIIIAAAAAAAAAAAAAAA11AA1AA
IIIIIIIIIIIIIIIIIIIIIIIIIIIIIIIIIIIIIIIIIIAAAAAAAAAAAAAAA11AAAAA
IIIIIIIIIIIIIIIIIIIIIIIIIIIIIIIIIIIIIIIIIAAAAAAAAAAAAAAAA11AAAAA
IIIIIIIIIIIIIIIIIIIIIIIIIIIIIIIIIIIIIA11IAAAAAAAAAAAAAAAA11AAAAA
IIIIIIIIIIIIIIIIIIIIIIIIIIIIIIIIIIIIIAA11AAAAAAAAAAAAAAAA11AAAAA
IIIIIIIIIIIIIIIIIIIIIIIIIIIIIIIIIIIIIAA1AAAAAAAAAAAAAAAAA11AAAAA
IIIIIIIIIIIIIIIIIIIIIIIIIIIIIIIIIIA11AA1AAAAAAAAAAAAAAAAA11AAAAA
IIIIIIIIIIIIIIIIIIIIIIIIIIIIIIIIIIAA1AA1AAAAAAAAAAAAAAAAA11AAAAA
IIIIIIIIIIIIIIIIIIIIIIIIIIIIIIIIIIAA1AAAAAAAAAAAAAAAAAAAA11AAAAA
IIIIIIIIIIIIIIIIIIIIIIIIIIIIIIIIIIAAAAAAAAAAAAAAAAAAAAAAA11AAAAA
IIIIIIIIIIIIIIIIIIIIIIIIIIIIIIA11IAAAAAAAAAAAAAAAAAAAAAAA11AAAAA
IIIIIIIIIIIIIIIIIIIIIIIIIIIA11A11IAAAAAAAAAAAAAAAAAAAAAAA11AAAAA
IIIIIIIIIIIIIIIIIIIIIIIIIA1A11A112AAAAAAAAAAAAAAAAAAAAAAA11AAAAA
IIIIIIIIIIIIIIIIIIIIIIIIIAAA11A112AAAAAAAAAAAAAAAAAAAAAAA11AAAAA
IIIIIIIIIIIIIIIIIIIIIIIA1AAA11A112AAAAAAAAAAAAAAAAAAAAAAA11AAAAA
IIIIIIIIIIIIIIA11I12I22A1AAA11A112AAAAAAAAAAAAAAAAAAAAAAA11AAAAA
IIIIIIIIIIIIIIAA1111222A1AAA11A112AAAAAAAAAAAAAAAAAAAAAAA11AAAAA
IIIIIIIIIIIIIIAAA111122A1AAA11A112AAAAAAAAAAAAAAAAAAAAAAA11AAAAA
IIIIIIIIIIIIIIAAA11A112A1AAA11A112AAAAAAAAAAAAAAAAAAAAAAA11AAAAA
IIIIIIIIIIIIIIAAA11AA11A1AAA11A112AAAAAAAAAAAAAAAAAAAAAAA11AAAAA
IIIIIIIIIIIIIIAAA11AAA1A1AAA11A112AAAAAAAAAAAAAAAAAAAAAAA11AAAAA
IIIIIIIIIIIIA1AAA11AAA1A1AAA11A112AAAAAAAAAAAAAAAAAAAAAAA11AAAAA
IIIIIIIIIIA1A1AAA11AAA1A1AAA11A112AAAAAAAAAAAAAAAAAAAAAAA11AAAAA
IIIIIIIIIIAAA1AAA11AAA1A1AAA11A112AAAAAAAAAAAAAAAAAAAAAAA11AAAAA
IIIIIIIIIIAAAAAAA11AAA1A1AAA11A112AAAAAAAAAAAAAAAAAAAAAAA11AAAAA
IIIIIIIIIIAAAAAAA1AAAA1A1AAA11A112AAAAAAAAAAAAAAAAAAAAAAA11AAAAA
IIIIIIIIIIAAAAAAAAAAAA1A1AAA11A112AAAAAAAAAAAAAAAAAAAAAAA11AAAAA
IIIIIIIIIIAAAAAAAAAAAAAA1AAA11A112AAAAAAAAAAAAAAAAAAAAAAA11AAAAA
IIIIIIIIIIAAAAAAAAAAAAAAAAAA11A112AAAAAAAAAAAAAAAAAAAAAAA11AAAAA
IIIIIIIIIIAAAAAAAAAAAAAAAAAAA1A112AAAAAAAAAAAAAAAAAAAAAAA11AAAAA
IIIIIIIIIIAAAAAAAAAAAAAAAAAAAAA111AAAAAAAAAAAAAAAAAAAAAAA11AAAAA
IIIIIIIIIIAAAAAAAAAAAAAAAAAAAAAA11AAAAAAAAAAAAAAAAAAAAAAA11AAAAA
IIIIIIIIIIAAAAAAAAAAAAAAAAAAAAAAA1AAAAAAAAAAAAAAAAAAAAAAA11AAAAA
IIIIIIIIIIAAAAAAAAAAAAAAAAAAAAAAAAAAAAAAAAAAAAAAAAAAAAAAA11AAAAA
IIIIIIIIIAAAAAAAAAAAAAAAAAAAAAAAAAAAAAAAAAAAAAAAAAAAAAAAA11AAAAA
IIIIIIIIIAAAAAAAAAAAAAAAAAAAAAAAAAAAAAAAAAAAAAAAAAAAAAAAA1AAAAAA
IIIIIIIIIAAAAAAAAAAAAAAAAAAAAAAAAAAAAAAAAAAAAAAAAAAAAAAAAAAAAAAA
IIIIIIIIAAAAAAAAAAAAAAAAAAAAAAAAAAAAAAAAAAAAAAAAAAAAAAAAAAAAAAAA
IIIIIIIAAAAAAAAAAAAAAAAAAAAAAAAAAAAAAAAAAAAAAAAAAAAAAAAAAAAAAAAA
IIIIIIIIIIIIIIIIIIIIIIIIIIIIIIIIIIIIIIIIIIIA11112222IIIIIIIIIIII
IIIIIIIIIIIIIIIIIIIIIIIIIIIIIIIIIIIIIIIIIIIAA111122222IIIIIIIIII
IIIIIIIIIIIIIIIIIIIIIIIIIIIIIIIIIIIIIIIIIIIAAA111122222IIIIIIIII
IIIIIIIIIIIIIIIIIIIIIIIIIIIIIIIIIIIIIIIIIIIAAAA111122222IIIIIIII
IIIIIIIIIIIIIIIIIIIIIIIIIIIIIIIIIIIIIIIIIIIAAAAA111122222IIIIIII
IIIIIIIIIIIIIIIIIIIIIIIIIIIIIIIIIIIIIIIIIIIAAAAAA111122222IIIIII
IIIIIIIIIIIIIIIIIIIIIIIIIIIIIIIIIIIIIIIIIIIAAAAAAA111122222IIIII
IIIIIIIIIIIIIIIIIIIIIIIIIIIIIIIIIIIIIIIIIIIAAAAAAA11A111122222II
IIIIIIIIIIIIIIIIIIIIIIIIIIIIIIIIIIIIIIIIIIIAAAAAAAA1A111122222II
IIIIIIIIIIIIIIIIIIIIIIIIIIIIIIIIIIIIIIIIIIAAAAAAAAA1A111122222II
IIIIIIIIIIIIIIIIIIIIIIIIIIIIIIIIIIIIIIIIIIAAAAAAAAA1A11A11112222
IIIIIIIIIIIIIIIIIIIIIIIIIIIIIIIIIIIIIIIIIIAAAAAAAAA1A11AA1111222
IIIIIIIIIIIIIIIIIIIIIIIIIIIIIIIIIIIIIIIIIIAAAAAAAAAAA11AA1111222
IIIIIIIIIIIIIIIIIIIIIIIIIIIIIIIIIIIIIIIIIIAAAAAAAAAAAA1AA1111222
IIIIIIIIIIIIIIIIIIIIIIIIIIIIIIIIIIIIIIIIIIAAAAAAAAAAAAAAA1111222
IIIIIIIIIIIIIIIIIIIIIIIIIIIIIIIIIIIIIIIIIIAAAAAAAAAAAAAAA1A11112
IIIIIIIIIIIIIIIIIIIIIIIIIIIIIIIIIIIIIIIIIIAAAAAAAAAAAAAAAAA11112
IIIIIIIIIIIIIIIIIIIIIIIIIIIIIIIIIIIIIIIIIIAAAAAAAAAAAAAAAAA1111A
IIIIIIIIIIIIIIIIIIIIIIIIIIIIIIIIIIIIIIIIIIAAAAAAAAAAAAAAAAA111AA
IIIIIIIIIIIIIIIIIIIIIIIIIIIIIIIIIIIIIIIIIIAAAAAAAAAAAAAAAAAA11AA
IIIIIIIIIIIIIIIIIIIIIIIIIIIIIIIIIIIIIIIIIIAAAAAAAAAAAAAAAAAAA1AA
IIIIIIIIIIIIIIIIIIIIIIIIIIIIIIIIIIIIIIIIIIAAAAAAAAAAAAAAAAAAAAAA
IIIIIIIIIIIIIIIIIIIIIIIIIIIIIIIIIIIIIIIIIAAAAAAAAAAAAAAAAAAAAAAA
IIIIIIIIIIIIIIIIIIIIIIIIIIIIIIIIIIIIIA111AAAAAAAAAAAAAAAAAAAAAAA
IIIIIIIIIIIIIIIIIIIIIIIIIIIIIIIIIIIIIA11AAAAAAAAAAAAAAAAAAAAAAAA
IIIIIIIIIIIIIIIIIIIIIIIIIIIIIIIIIIIA1A11AAAAAAAAAAAAAAAAAAAAAAAA
IIIIIIIIIIIIIIIIIIIIIIIIIIIIIIIIIIAA1A11AAAAAAAAAAAAAAAAAAAAAAAA
IIIIIIIIIIIIIIIIIIIIIIIIIIIIIIIIIIAA1A1AAAAAAAAAAAAAAAAAAAAAAAAA
IIIIIIIIIIIIIIIIIIIIIIIIIIIIIIIIIIAA1AAAAAAAAAAAAAAAAAAAAAAAAAAA
IIIIIIIIIIIIIIIIIIIIIIIIIIIIIIIIIIAAAAAAAAAAAAAAAAAAAAAAAAAAAAAA
IIIIIIIIIIIIIIIIIIIIIIIIIIIIIIA111AAAAAAAAAAAAAAAAAAAAAAAAAAAAAA
IIIIIIIIIIIIIIIIIIIIIIIIIIIA11A111AAAAAAAAAAAAAAAAAAAAAAAAAAAAAA
IIIIIIIIIIIIIIIIIIIIIIA1111A11A111AAAAAAAAAAAAAAAAAAAAAAAAAAAAAA
IIIIIIIIIIIIIIIIIIIIIIAA111A11A111AAAAAAAAAAAAAAAAAAAAAAAAAAAAAA
IIIIIIIIIIIIIIIIIIIIIIAA1A1A11A111AAAAAAAAAAAAAAAAAAAAAAAAAAAAAA
IIIIIIIIIIIIIIIIIIIIIIAA1AAA11A111AAAAAAAAAAAAAAAAAAAAAAAAAAAAAA
IIIIIIIIIIIIIIA1111222AA1AAA11A111AAAAAAAAAAAAAAAAAAAAAAAAAAAAAA
IIIIIIIIIIIIIIAA111122AA1AAA11A111AAAAAAAAAAAAAAAAAAAAAAAAAAAAAA
IIIIIIIIIIIIIIAAA11112AA1AAA11A111AAAAAAAAAAAAAAAAAAAAAAAAAAAAAA
IIIIIIIIIIIIIIAAA11A11AA1AAA11A111AAAAAAAAAAAAAAAAAAAAAAAAAAAAAA
IIIIIIIIIIIIIIAAA11AA1AA1AAA11A111AAAAAAAAAAAAAAAAAAAAAAAAAAAAAA
IIIIIIIIIIIIIIAAA11AAAAA1AAA11A111AAAAAAAAAAAAAAAAAAAAAAAAAAAAAA
IIIIIIIIIIIIA1AAA11AAAAA1AAA11A111AAAAAAAAAAAAAAAAAAAAAAAAAAAAAA
IIIIIIIIIIIIAAAAA11AAAAA1AAA11A111AAAAAAAAAAAAAAAAAAAAAAAAAAAAAA
IIIIIIIIIIIIAAAAA1AAAAAA1AAA11A111AAAAAAAAAAAAAAAAAAAAAAAAAAAAAA
IIIIIIIIIIIIAAAAAAAAAAAA1AAA11A111AAAAAAAAAAAAAAAAAAAAAAAAAAAAAA
IIIIIIIIIIIIAAAAAAAAAAAAAAAA11A111AAAAAAAAAAAAAAAAAAAAAAAAAAAAAA
IIIIIIIIIIIIAAAAAAAAAAAAAAAAA1A111AAAAAAAAAAAAAAAAAAAAAAAAAAAAAA
IIIIIIIIIIIIAAAAAAAAAAAAAAAAAAA111AAAAAAAAAAAAAAAAAAAAAAAAAAAAAA
IIIIIIIIIIIIAAAAAAAAAAAAAAAAAAAA11AAAAAAAAAAAAAAAAAAAAAAAAAAAAAA
IIIIIIIIIIIIAAAAAAAAAAAAAAAAAAAAA1AAAAAAAAAAAAAAAAAAAAAAAAAAAAAA
IIIIIIIIIIIIAAAAAAAAAAAAAAAAAAAAAAAAAAAAAAAAAAAAAAAAAAAAAAAAAAAA
IIIIIIIIIA11AAAAAAAAAAAAAAAAAAAAAAAAAAAAAAAAAAAAAAAAAAAAAAAAAAAA
IIIIIIIIIAA1AAAAAAAAAAAAAAAAAAAAAAAAAAAAAAAAAAAAAAAAAAAAAAAAAAAA
IIIIIIIIAAA1AAAAAAAAAAAAAAAAAAAAAAAAAAAAAAAAAAAAAAAAAAAAAAAAAAAA
IIIIIIIIAAAAAAAAAAAAAAAAAAAAAAAAAAAAAAAAAAAAAAAAAAAAAAAAAAAAAAAA
IIIIIIIAAAAAAAAAAAAAAAAAAAAAAAAAAAAAAAAAAAAAAAAAAAAAAAAAAAAAAAAA
IIIIIIIIIIIIIIIIIIIIIIIIIIIIIIIIIIIIIIIIIIIA1122IIIIIIIIIIIIIIII
IIIIIIIIIIIIIIIIIIIIIIIIIIIIIIIIIIIIIIIIIIIAA1122IIIIIIIIIIIIIII
IIIIIIIIIIIIIIIIIIIIIIIIIIIIIIIIIIIIIIIIIIIAAA1122IIIIIIIIIIIIII
IIIIIIIIIIIIIIIIIIIIIIIIIIIIIIIIIIIIIIIIIIIAAAA1122IIIIIIIIIIIII
IIIIIIIIIIIIIIIIIIIIIIIIIIIIIIIIIIIIIIIIIIIAAAAA1122IIIIIIIIIIII
IIIIIIIIIIIIIIIIIIIIIIIIIIIIIIIIIIIIIIIIIIIAAAAAA1122IIIIIIIIIII
IIIIIIIIIIIIIIIIIIIIIIIIIIIIIIIIIIIIIIIIIIIAAAAAAA1122IIIIIIIIII
IIIIIIIIIIIIIIIIIIIIIIIIIIIIIIIIIIIIIIIIIIIAAAAAAA11A1122IIIIIII
IIIIIIIIIIIIIIIIIIIIIIIIIIIIIIIIIIIIIIIIIIIAAAAAAAA1A1122IIIIIII
IIIIIIIIIIIIIIIIIIIIIIIIIIIIIIIIIIIIIIIIIIAAAAAAAAA1A1122IIIIIII
IIIIIIIIIIIIIIIIIIIIIIIIIIIIIIIIIIIIIIIIIIAAAAAAAAA1A11A1122IIII
IIIIIIIIIIIIIIIIIIIIIIIIIIIIIIIIIIIIIIIIIIAAAAAAAAA1A11AA1122III
IIIIIIIIIIIIIIIIIIIIIIIIIIIIIIIIIIIIIIIIIIAAAAAAAAAAA11AA1122III
IIIIIIIIIIIIIIIIIIIIIIIIIIIIIIIIIIIIIIIIIIAAAAAAAAAAAA1AA1122III
IIIIIIIIIIIIIIIIIIIIIIIIIIIIIIIIIIIIIIIIIIAAAAAAAAAAAAAAA1122III
IIIIIIIIIIIIIIIIIIIIIIIIIIIIIIIIIIIIIIIIIIAAAAAAAAAAAAAAA1A1122I
IIIIIIIIIIIIIIIIIIIIIIIIIIIIIIIIIIIIIIIIIIAAAAAAAAAAAAAAAAA1122I
IIIIIIIIIIIIIIIIIIIIIIIIIIIIIIIIIIIIIIIIIIAAAAAAAAAAAAAAAAA1122A
IIIIIIIIIIIIIIIIIIIIIIIIIIIIIIIIIIIIIIIIIIAAAAAAAAAAAAAAAAA112AA
IIIIIIIIIIIIIIIIIIIIIIIIIIIIIIIIIIIIIIIIIIAAAAAAAAAAAAAAAAAA11AA
IIIIIIIIIIIIIIIIIIIIIIIIIIIIIIIIIIIIIIIIIIAAAAAAAAAAAAAAAAAAA1AA
IIIIIIIIIIIIIIIIIIIIIIIIIIIIIIIIIIIIIIIIIIAAAAAAAAAAAAAAAAAAAAAA
IIIIIIIIIIIIIIIIIIIIIIIIIIIIIIIIIA1122IIIIAAAAAAAAAAAAAAAAAAAAAA
IIIIIIIIIIIIIIIIIIIIIIIIIIIIIIIIIA112A1122AAAAAAAAAAAAAAAAAAAAAA
IIIIIIIIIIIIIIIIIIIIIIIIIIIIIIIIIAA11A1122AAAAAAAAAAAAAAAAAAAAAA
IIIIIIIIIIIIIIIIIIIIIIIIIIIIIIA11AA11A1122AAAAAAAAAAAAAAAAAAAAAA
IIIIIIIIIIIIIIIIIIIIIIIIIIIIIIAA1AA11A1122AAAAAAAAAAAAAAAAAAAAAA
IIIIIIIIIIIIIIIIIIIIIIIIIIIIIIAA1AAA1A1122AAAAAAAAAAAAAAAAAAAAAA
IIIIIIIIIIIIIIIIIIIIIIIIIIIIIIAA1AAAAA1122AAAAAAAAAAAAAAAAAAAAAA
IIIIIIIIIIIIIIIIIIIIIIIIIIIIIIAA1AAAAAA112AAAAAAAAAAAAAAAAAAAAAA
IIIIIIIIIIIIIIIIIIIIIIIIIIIIIIAA1AAAAAA1A1AAAAAAAAAAAAAAAAAAAAAA
IIIIIIIIIIIIIIIIIIIIIIIIIIIIIIAA1AAAAAA1AAAAAAAAAAAAAAAAAAAAAAAA
IIIIIIIIIIIIIIIIIIIIIIIIIIIIIIAA1AAAAAAAAAAAAAAAAAAAAAAAAAAAAAAA
IIIIIIIIIIIIIIIIIIIIIIIIIIIIIIAAAAAAAAAAAAAAAAAAAAAAAAAAAAAAAAAA
IIIIIIIIIIIIIIIIIIIIIIIIIIA112AAAAAAAAAAAAAAAAAAAAAAAAAAAAAAAAAA
IIIIIIIIIIIIIIIIIIIIIIIIA1A112AAAAAAAAAAAAAAAAAAAAAAAAAAAAAAAAAA
IIIIIIIIIIIIIIIIIIIIIA11A1A112AAAAAAAAAAAAAAAAAAAAAAAAAAAAAAAAAA
IIIIIIIIIIIIIIIIIIIIIAA1A1A112AAAAAAAAAAAAAAAAAAAAAAAAAAAAAAAAAA
IIIIIIIIIA1122IIIIIIIAA1A1A112AAAAAAAAAAAAAAAAAAAAAAAAAAAAAAAAAA
IIIIIIIIAA1122IIIIIIIAA1A1A112AAAAAAAAAAAAAAAAAAAAAAAAAAAAAAAAAA
IIIIIIIIAAA1122IIIIIIAA1A1A112AAAAAAAAAAAAAAAAAAAAAAAAAAAAAAAAAA
IIIIIIIIAAA1A1122IIIIAA1A1A112AAAAAAAAAAAAAAAAAAAAAAAAAAAAAAAAAA
IIIIIIIIAAAAA1122IIIIAA1A1A112AAAAAAAAAAAAAAAAAAAAAAAAAAAAAAAAAA
IIIIIIIIAAAAAA1122IIIAA1A1A112AAAAAAAAAAAAAAAAAAAAAAAAAAAAAAAAAA
IIIIIIIIAAAAAAA1122IIAA1A1A112AAAAAAAAAAAAAAAAAAAAAAAAAAAAAAAAAA
IIIIIIIIAAAAAAAA1122IAA1A1A112AAAAAAAAAAAAAAAAAAAAAAAAAAAAAAAAAA
IIIIIIIIAAAAAAAAA1122AA1A1A112AAAAAAAAAAAAAAAAAAAAAAAAAAAAAAAAAA
IIIIIIIIAAAAAAAAAA112AA1A1A112AAAAAAAAAAAAAAAAAAAAAAAAAAAAAAAAAA
IIIIIIIIAAAAAAAAAAA11AA1A1A112AAAAAAAAAAAAAAAAAAAAAAAAAAAAAAAAAA
IIIIIIIIAAAAAAAAAAAA1AA1A1A112AAAAAAAAAAAAAAAAAAAAAAAAAAAAAAAAAA
IIIIIIIIAAAAAAAAAAAAAAA1A1A112AAAAAAAAAAAAAAAAAAAAAAAAAAAAAAAAAA
IIIIIIIIAAAAAAAAAAAAAAAAA1A112AAAAAAAAAAAAAAAAAAAAAAAAAAAAAAAAAA
IIIIIIIIAAAAAAAAAAAAAAAAAAA112AAAAAAAAAAAAAAAAAAAAAAAAAAAAAAAAAA
IIIIIIIIAAAAAAAAAAAAAAAAAAAA11AAAAAAAAAAAAAAAAAAAAAAAAAAAAAAAAAA
IIIIIIIIAAAAAAAAAAAAAAAAAAAAA1AAAAAAAAAAAAAAAAAAAAAAAAAAAAAAAAAA
IIIIIIIIAAAAAAAAAAAAAAAAAAAAAAAAAAAAAAAAAAAAAAAAAAAAAAAAAAAAAAAA
IIIIIIIIIIIIIIIIIIIIIIIIIIIIIIIIIIIIIIIIIIIA112222IIIIIIIIIIIIII
IIIIIIIIIIIIIIIIIIIIIIIIIIIIIIIIIIIIIIIIIIIAA112222IIIIIIIIIIIII
IIIIIIIIIIIIIIIIIIIIIIIIIIIIIIIIIIIIIIIIIIIAAA112222IIIIIIIIIIII
IIIIIIIIIIIIIIIIIIIIIIIIIIIIIIIIIIIIIIIIIIIAAAA112222IIIIIIIIIII
IIIIIIIIIIIIIIIIIIIIIIIIIIIIIIIIIIIIIIIIIIIAAAAA112222IIIIIIIIII
IIIIIIIIIIIIIIIIIIIIIIIIIIIIIIIIIIIIIIIIIIIAAAAAA112222IIIIIIIII
IIIIIIIIIIIIIIIIIIIIIIIIIIIIIIIIIIIIIIIIIIIAAAAAAA112222IIIIIIII
IIIIIIIIIIIIIIIIIIIIIIIIIIIIIIIIIIIIIIIIIIIAAAAAAA11A112222IIIII
IIIIIIIIIIIIIIIIIIIIIIIIIIIIIIIIIIIIIIIIIIIAAAAAAAA1A112222IIIII
IIIIIIIIIIIIIIIIIIIIIIIIIIIIIIIIIIIIIIIIIIAAAAAAAAA1A112222IIIII
IIIIIIIIIIIIIIIIIIIIIIIIIIIIIIIIIIIIIIIIIAAAAAAAAAA1A112222IIIII
IIIIIIIIIIIIIIIIIIIIIIIIIIIIIIIIIIIIIIIIIAAAAAAAAAA1A11A112222II
IIIIIIIIIIIIIIIIIIIIIIIIIIIIIIIIIIIIIIIIIAAAAAAAAAA1A11AA112222I
IIIIIIIIIIIIIIIIIIIIIIIIIIIIIIIIIIIIIIIIIAAAAAAAAAAAA11AA112222I
IIIIIIIIIIIIIIIIIIIIIIIIIIIIIIIIIIIIIIIIIAAAAAAAAAAAAA1AA112222I
IIIIIIIIIIIIIIIIIIIIIIIIIIIIIIIIIIIIIIIIIAAAAAAAAAAAAAAAA112222I
IIIIIIIIIIIIIIIIIIIIIIIIIIIIIIIIIIIIIIIIIAAAAAAAAAAAAAAAA1A11222
IIIIIIIIIIIIIIIIIIIIIIIIIIIIIIIIIIIIIIIIIAAAAAAAAAAAAAAAA1A1122A
IIIIIIIIIIIIIIIIIIIIIIIIIIIIIIIIIIIIIIIIIAAAAAAAAAAAAAAAA1A112AA
IIIIIIIIIIIIIIIIIIIIIIIIIIIIIIIIIIIIIIIIIAAAAAAAAAAAAAAAA1AA11AA
IIIIIIIIIIIIIIIIIIIIIIIIIIIIIIIIIIIIIIIIIAAAAAAAAAAAAAAAA1AAA1AA
IIIIIIIIIIIIIIIIIIIIIIIIIIIIIIIIIIIIIIIIIAAAAAAAAAAAAAAAA1AAAAAA
IIIIIIIIIIIIIIIIIIIIIIIIIIIIIIIIIIIIIA112AAAAAAAAAAAAAAAA1AAAAAA
IIIIIIIIIIIIIIIIIIIIIIIIIIIIIIIIIIIIIAA11AAAAAAAAAAAAAAAA1AAAAAA
IIIIIIIIIIIIIIIIIIIIIIIIIIIIIIIIIIIIIAA1AAAAAAAAAAAAAAAAA1AAAAAA
IIIIIIIIIIIIIIIIIIIIIIIIIIIIIIIIIIA11AA1AAAAAAAAAAAAAAAAA1AAAAAA
IIIIIIIIIIIIIIIIIIIIIIIIIIIIIIIIIIAA1AA1AAAAAAAAAAAAAAAAA1AAAAAA
IIIIIIIIIIIIIIIIIIIIIIIIIIIIIIIIIIAA1AAAAAAAAAAAAAAAAAAAA1AAAAAA
IIIIIIIIIIIIIIIIIIIIIIIIIIIIIIIIIIAAAAAAAAAAAAAAAAAAAAAAA1AAAAAA
IIIIIIIIIIIIIIIIIIIIIIIIIIIIIIA112AAAAAAAAAAAAAAAAAAAAAAA1AAAAAA
IIIIIIIIIIIIIIIIIIIIIIIIIA1122A112AAAAAAAAAAAAAAAAAAAAAAA1AAAAAA
IIIIIIIIIIIIIIIIIIIIIIA11A1122A112AAAAAAAAAAAAAAAAAAAAAAA1AAAAAA
IIIIIIIIIIIIIIIIIIIIIIAA1A1122A112AAAAAAAAAAAAAAAAAAAAAAA1AAAAAA
IIIIIIIIIIIIIIIIIIIIIIAA1AA112A112AAAAAAAAAAAAAAAAAAAAAAA1AAAAAA
IIIIIIIIIIIIIIA11222IIAA1AA112A112AAAAAAAAAAAAAAAAAAAAAAA1AAAAAA
IIIIIIIIIIIIIIAA11222IAA1AA112A112AAAAAAAAAAAAAAAAAAAAAAA1AAAAAA
IIIIIIIIIIIIIIAAA11222AA1AA112A112AAAAAAAAAAAAAAAAAAAAAAA1AAAAAA
IIIIIIIIIIIIIIAAA11A11AA1AA112A112AAAAAAAAAAAAAAAAAAAAAAA1AAAAAA
IIIIIIIIIIIIIIAAA11AA1AA1AA112A112AAAAAAAAAAAAAAAAAAAAAAA1AAAAAA
IIIIIIIIIIIIIIAAA11AAAAA1AA112A112AAAAAAAAAAAAAAAAAAAAAAA1AAAAAA
IIIIIIIIIIIIA1AAA11AAAAA1AA112A112AAAAAAAAAAAAAAAAAAAAAAA1AAAAAA
IIIIIIIIIIIIAAAAA11AAAAA1AA112A112AAAAAAAAAAAAAAAAAAAAAAA1AAAAAA
IIIIIIIIIIIIAAAAA1AAAAAA1AA112A112AAAAAAAAAAAAAAAAAAAAAAA1AAAAAA
IIIIIIIIIIIIAAAAAAAAAAAA1AA112A112AAAAAAAAAAAAAAAAAAAAAAA1AAAAAA
IIIIIIIIIIIIAAAAAAAAAAAAAAA112A112AAAAAAAAAAAAAAAAAAAAAAA1AAAAAA
IIIIIIIIIIIIAAAAAAAAAAAAAAAA11A112AAAAAAAAAAAAAAAAAAAAAAA1AAAAAA
IIIIIIIIIIIIAAAAAAAAAAAAAAAAA1A112AAAAAAAAAAAAAAAAAAAAAAA1AAAAAA
IIIIIIIIIIIIAAAAAAAAAAAAAAAAAAA112AAAAAAAAAAAAAAAAAAAAAAA1AAAAAA
IIIIIIIIIIIIAAAAAAAAAAAAAAAAAAAA11AAAAAAAAAAAAAAAAAAAAAAA1AAAAAA
IIIIIIIIIIIIAAAAAAAAAAAAAAAAAAAAA1AAAAAAAAAAAAAAAAAAAAAAA1AAAAAA
IIIIIIIIIIIIAAAAAAAAAAAAAAAAAAAAAAAAAAAAAAAAAAAAAAAAAAAAA1AAAAAA
IIIIIIIIIA11AAAAAAAAAAAAAAAAAAAAAAAAAAAAAAAAAAAAAAAAAAAAA1AAAAAA
IIIIIIIIIAA1AAAAAAAAAAAAAAAAAAAAAAAAAAAAAAAAAAAAAAAAAAAAA1AAAAAA
IIIIIIIIAAA1AAAAAAAAAAAAAAAAAAAAAAAAAAAAAAAAAAAAAAAAAAAAA1AAAAAA
IIIIIIIIAAAAAAAAAAAAAAAAAAAAAAAAAAAAAAAAAAAAAAAAAAAAAAAAA1AAAAAA
IIIIIIIIAAAAAAAAAAAAAAAAAAAAAAAAAAAAAAAAAAAAAAAAAAAAAAAAAAAAAAAA
IIIIIIIIIIIIIIIIIIIIIIIIIIIIIIIIIIIIIIIIIIIA11I122222IIIIIIIIIII
IIIIIIIIIIIIIIIIIIIIIIIIIIIIIIIIIIIIIIIIIIIAA1111222222IIIIIIIII
IIIIIIIIIIIIIIIIIIIIIIIIIIIIIIIIIIIIIIIIIIIAAA1111222222IIIIIIII
IIIIIIIIIIIIIIIIIIIIIIIIIIIIIIIIIIIIIIIIIIIAAAA1111222222IIIIIII
IIIIIIIIIIIIIIIIIIIIIIIIIIIIIIIIIIIIIIIIIIIAAAAA1111222222IIIIII
IIIIIIIIIIIIIIIIIIIIIIIIIIIIIIIIIIIIIIIIIIIAAAAAA1111222222IIIII
IIIIIIIIIIIIIIIIIIIIIIIIIIIIIIIIIIIIIIIIIIIAAAAAAA1111222222IIII
IIIIIIIIIIIIIIIIIIIIIIIIIIIIIIIIIIIIIIIIIIIAAAAAAAA1111222222III
IIIIIIIIIIIIIIIIIIIIIIIIIIIIIIIIIIIIIIIIIIIAAAAAAAA1A1121222222I
IIIIIIIIIIIIIIIIIIIIIIIIIIIIIIIIIIIIIIIIIIAAAAAAAAA1A1121222222I
IIIIIIIIIIIIIIIIIIIIIIIIIIIIIIIIIIIIIIIIIIAAAAAAAAA1A11A11212222
IIIIIIIIIIIIIIIIIIIIIIIIIIIIIIIIIIIIIIIIIIAAAAAAAAA1A11AA1111222
IIIIIIIIIIIIIIIIIIIIIIIIIIIIIIIIIIIIIIIIIIAAAAAAAAAAA11AA1111222
IIIIIIIIIIIIIIIIIIIIIIIIIIIIIIIIIIIIIIIIIIAAAAAAAAAAAA1AA1111222
IIIIIIIIIIIIIIIIIIIIIIIIIIIIIIIIIIIIIIIIIIAAAAAAAAAAAAAAA1111222
IIIIIIIIIIIIIIIIIIIIIIIIIIIIIIIIIIIIIIIIIIAAAAAAAAAAAAAAA1A11212
IIIIIIIIIIIIIIIIIIIIIIIIIIIIIIIIIIIIIIIIIIAAAAAAAAAAAAAAA1A1121A
IIIIIIIIIIIIIIIIIIIIIIIIIIIIIIIIIIIIIIIIIIAAAAAAAAAAAAAAA1A112AA
IIIIIIIIIIIIIIIIIIIIIIIIIIIIIIIIIIIIIIIIIIAAAAAAAAAAAAAAA1AA11AA
IIIIIIIIIIIIIIIIIIIIIIIIIIIIIIIIIIIIIIIIIIAAAAAAAAAAAAAAA1AAA1AA
IIIIIIIIIIIIIIIIIIIIIIIIIIIIIIIIIIIIIIIIIIAAAAAAAAAAAAAAA1AAAAAA
IIIIIIIIIIIIIIIIIIIIIIIIIIIIIIIIIIIIIIIIIAAAAAAAAAAAAAAAA1AAAAAA
IIIIIIIIIIIIIIIIIIIIIIIIIIIIIIIIIIIIIA11IAAAAAAAAAAAAAAAA1AAAAAA
IIIIIIIIIIIIIIIIIIIIIIIIIIIIIIIIIIIIIAA11AAAAAAAAAAAAAAAA1AAAAAA
IIIIIIIIIIIIIIIIIIIIIIIIIIIIIIIIIIIIIAA1AAAAAAAAAAAAAAAAA1AAAAAA
IIIIIIIIIIIIIIIIIIIIIIIIIIIIIIIIIA11IAA1AAAAAAAAAAAAAAAAA1AAAAAA
IIIIIIIIIIIIIIIIIIIIIIIIIIIIIIIIIAA11AA1AAAAAAAAAAAAAAAAA1AAAAAA
IIIIIIIIIIIIIIIIIIIIIIIIIIIIIIIIIAAA1AA1AAAAAAAAAAAAAAAAA1AAAAAA
IIIIIIIIIIIIIIIIIIIIIIIIIIIIIIIIIAAA1AAAAAAAAAAAAAAAAAAAA1AAAAAA
IIIIIIIIIIIIIIIIIIIIIIIIIIIIIIIIIAAAAAAAAAAAAAAAAAAAAAAAA1AAAAAA
IIIIIIIIIIIIIIIIIIIIIIIIIIIIIIA11AAAAAAAAAAAAAAAAAAAAAAAA1AAAAAA
IIIIIIIIIIIIIIIIIIIIIIIIIIIA11A11AAAAAAAAAAAAAAAAAAAAAAAA1AAAAAA
IIIIIIIIIIIIIIIIIIIIIIIIIA1A11A11AAAAAAAAAAAAAAAAAAAAAAAA1AAAAAA
IIIIIIIIIIIIIIIIIIIIIIA11A1A11A11AAAAAAAAAAAAAAAAAAAAAAAA1AAAAAA
IIIIIIIIIIIIIIIIIIIIIIAA1A1A11A11AAAAAAAAAAAAAAAAAAAAAAAA1AAAAAA
IIIIIIIIIIIIIIIIIIIIIIAA1AAA11A11AAAAAAAAAAAAAAAAAAAAAAAA1AAAAAA
IIIIIIIIIIIIIA11I12222AA1AAA11A11AAAAAAAAAAAAAAAAAAAAAAAA1AAAAAA
IIIIIIIIIIIIIAA1111222AA1AAA11A11AAAAAAAAAAAAAAAAAAAAAAAA1AAAAAA
IIIIIIIIIIIIIAAA111122AA1AAA11A11AAAAAAAAAAAAAAAAAAAAAAAA1AAAAAA
IIIIIIIIIIIIIAAAA11112AA1AAA11A11AAAAAAAAAAAAAAAAAAAAAAAA1AAAAAA
IIIIIIIIIIIIIAAAA11A11AA1AAA11A11AAAAAAAAAAAAAAAAAAAAAAAA1AAAAAA
IIIIIIIIIIIIIAAAA11AA1AA1AAA11A11AAAAAAAAAAAAAAAAAAAAAAAA1AAAAAA
IIIIIIIIIIIIIAAAA11AAAAA1AAA11A11AAAAAAAAAAAAAAAAAAAAAAAA1AAAAAA
IIIIIIIIIIIIAAAAA11AAAAA1AAA11A11AAAAAAAAAAAAAAAAAAAAAAAA1AAAAAA
IIIIIIIIIIIIAAAAA1AAAAAA1AAA11A11AAAAAAAAAAAAAAAAAAAAAAAA1AAAAAA
IIIIIIIIIIIIAAAAAAAAAAAA1AAA11A11AAAAAAAAAAAAAAAAAAAAAAAA1AAAAAA
IIIIIIIIIIIIAAAAAAAAAAAAAAAA11A11AAAAAAAAAAAAAAAAAAAAAAAA1AAAAAA
IIIIIIIIIIIIAAAAAAAAAAAAAAAAA1A11AAAAAAAAAAAAAAAAAAAAAAAA1AAAAAA
IIIIIIIIIIIIAAAAAAAAAAAAAAAAAAA11AAAAAAAAAAAAAAAAAAAAAAAA1AAAAAA
IIIIIIIIIIIIAAAAAAAAAAAAAAAAAAAA1AAAAAAAAAAAAAAAAAAAAAAAA1AAAAAA
IIIIIIIIIIIIAAAAAAAAAAAAAAAAAAAAAAAAAAAAAAAAAAAAAAAAAAAAA1AAAAAA
IIIIIIIIIIIAAAAAAAAAAAAAAAAAAAAAAAAAAAAAAAAAAAAAAAAAAAAAA1AAAAAA
IIIIIIIIIA1AAAAAAAAAAAAAAAAAAAAAAAAAAAAAAAAAAAAAAAAAAAAAA1AAAAAA
IIIIIIIIIAAAAAAAAAAAAAAAAAAAAAAAAAAAAAAAAAAAAAAAAAAAAAAAA1AAAAAA
IIIIIIIIIAAAAAAAAAAAAAAAAAAAAAAAAAAAAAAAAAAAAAAAAAAAAAAAAAAAAAAA
IIIIIIIIAAAAAAAAAAAAAAAAAAAAAAAAAAAAAAAAAAAAAAAAAAAAAAAAAAAAAAAA
IIIIIIIAAAAAAAAAAAAAAAAAAAAAAAAAAAAAAAAAAAAAAAAAAAAAAAAAAAAAAAAA
IIIIIIIIIIIIIIIIIIIIIIIIIIIIIIIIIIIIIIIIIIIA1I11II22I22IIIIIIIII
IIIIIIIIIIIIIIIIIIIIIIIIIIIIIIIIIIIIIIIIIIIAA111II22I22IIIIIIIII
IIIIIIIIIIIIIIIIIIIIIIIIIIIIIIIIIIIIIIIIIIIAA1111I22I22IIIIIIIII
IIIIIIIIIIIIIIIIIIIIIIIIIIIIIIIIIIIIIIIIIIIAAA111I22I22IIIIIIIII
IIIIIIIIIIIIIIIIIIIIIIIIIIIIIIIIIIIIIIIIIIIAAA111122I22IIIIIIIII
IIIIIIIIIIIIIIIIIIIIIIIIIIIIIIIIIIIIIIIIIIIAAAA11112I22I2IIIIIII
IIIIIIIIIIIIIIIIIIIIIIIIIIIIIIIIIIIIIIIIIIIAAAAA1111I2222IIIIIII
IIIIIIIIIIIIIIIIIIIIIIIIIIIIIIIIIIIIIIIIIIIAAAAA1111I22222IIIIII
IIIIIIIIIIIIIIIIIIIIIIIIIIIIIIIIIIIIIIIIIIIAAAAAA1111222222IIIII
IIIIIIIIIIIIIIIIIIIIIIIIIIIIIIIIIIIIIIIIIIIAAAAAAA11112222222III
IIIIIIIIIIIIIIIIIIIIIIIIIIIIIIIIIIIIIIIIIIIAAAAAAA11A12112222I22
IIIIIIIIIIIIIIIIIIIIIIIIIIIIIIIIIIIIIIIIIIIAAAAAAAA1A11112222222
IIIIIIIIIIIIIIIIIIIIIIIIIIIIIIIIIIIIIIIIIIAAAAAAAAA1A11112222222
IIIIIIIIIIIIIIIIIIIIIIIIIIIIIIIIIIIIIIIIIIAAAAAAAAA1A11A12112222
IIIIIIIIIIIIIIIIIIIIIIIIIIIIIIIIIIIIIIIIIIAAAAAAAAA1A11AA1111222
IIIIIIIIIIIIIIIIIIIIIIIIIIIIIIIIIIIIIIIIIIAAAAAAAAAAA11AA1111222
IIIIIIIIIIIIIIIIIIIIIIIIIIIIIIIIIIIIIIIIIIAAAAAAAAAAAA1AA1111222
IIIIIIIIIIIIIIIIIIIIIIIIIIIIIIIIIIIIIIIIIIAAAAAAAAAAAAAAA1111222
IIIIIIIIIIIIIIIIIIIIIIIIIIIIIIIIIIIIIIIIIIAAAAAAAAAAAAAAA1A11112
IIIIIIIIIIIIIIIIIIIIIIIIIIIIIIIIIIIIIIIIIIAAAAAAAAAAAAAAA1A1111A
IIIIIIIIIIIIIIIIIIIIIIIIIIIIIIIIIIIIIIIIIIAAAAAAAAAAAAAAA1A111AA
IIIIIIIIIIIIIIIIIIIIIIIIIIIIIIIIIIIIIIIIIIAAAAAAAAAAAAAAA1AA11AA
IIIIIIIIIIIIIIIIIIIIIIIIIIIIIIIIIIIIIIIIIIAAAAAAAAAAAAAAA1AAA1AA
IIIIIIIIIIIIIIIIIIIIIIIIIIIIIIIIIIIIIIIIIIAAAAAAAAAAAAAAA1AAAAAA
IIIIIIIIIIIIIIIIIIIIIIIIIIIIIIIIIIIIIA1I11AAAAAAAAAAAAAAA1AAAAAA
IIIIIIIIIIIIIIIIIIIIIIIIIIIIIIIIIA1I1A1I11AAAAAAAAAAAAAAA1AAAAAA
IIIIIIIIIIIIIIIIIIIIIIIIIIIIIIIIIAA11A1I11AAAAAAAAAAAAAAA1AAAAAA
IIIIIIIIIIIIIIIIIIIIIIIIIIIIIIA1IAA11A1I11AAAAAAAAAAAAAAA1AAAAAA
IIIIIIIIIIIIIIIIIIIIIIIIIIIIIIAA1AA11A1211AAAAAAAAAAAAAAA1AAAAAA
IIIIIIIIIIIIIIIIIIIIIIIIIIIIIIAA1AAA1A1111AAAAAAAAAAAAAAA1AAAAAA
IIIIIIIIIIIIIIIIIIIIIIIIIIIIIIAA1AAAAA1111AAAAAAAAAAAAAAA1AAAAAA
IIIIIIIIIIIIIIIIIIIIIIIIIIIIIIAA1AAAAAA111AAAAAAAAAAAAAAA1AAAAAA
IIIIIIIIIIIIIIIIIIIIIIIIIIIIIIAA1AAAAAA1A1AAAAAAAAAAAAAAA1AAAAAA
IIIIIIIIIIIIIIIIIIIIIIIIIIIIIIAA1AAAAAA1AAAAAAAAAAAAAAAAA1AAAAAA
IIIIIIIIIIIIIIIIIIIIIIIIIIIIIIAA1AAAAAAAAAAAAAAAAAAAAAAAA1AAAAAA
IIIIIIIIIIIIIIIIIIIIIIIIIIIIIIAAAAAAAAAAAAAAAAAAAAAAAAAAA1AAAAAA
IIIIIIIIIIIIIIIIIIIIIIIIIIA1I1AAAAAAAAAAAAAAAAAAAAAAAAAAA1AAAAAA
IIIIIIIIIIIIIIIIIIIIIIIIA1A111AAAAAAAAAAAAAAAAAAAAAAAAAAA1AAAAAA
IIIIIIIIIIIIIIIIIIIIIA1IA1A111AAAAAAAAAAAAAAAAAAAAAAAAAAA1AAAAAA
IIIIIIIIIIIIIIIIIIIIIAA1A1A111AAAAAAAAAAAAAAAAAAAAAAAAAAA1AAAAAA
IIIIIIIIIA1I11II22I22AA1A1A111AAAAAAAAAAAAAAAAAAAAAAAAAAA1AAAAAA
IIIIIIIIIAAI11II22I22AA1A1A111AAAAAAAAAAAAAAAAAAAAAAAAAAA1AAAAAA
IIIIIIIIIAAIA1I112I22AA1A1A111AAAAAAAAAAAAAAAAAAAAAAAAAAA1AAAAAA
IIIIIIIIIAA1A11112222AA1A1A111AAAAAAAAAAAAAAAAAAAAAAAAAAA1AAAAAA
IIIIIIIIIAAAA11112222AA1A1A111AAAAAAAAAAAAAAAAAAAAAAAAAAA1AAAAAA
IIIIIIIIIAAAAA1111222AA1A1A111AAAAAAAAAAAAAAAAAAAAAAAAAAA1AAAAAA
IIIIIIIIIAAAAAA111122AA1A1A111AAAAAAAAAAAAAAAAAAAAAAAAAAA1AAAAAA
IIIIIIIIIAAAAAAA11112AA1A1A111AAAAAAAAAAAAAAAAAAAAAAAAAAA1AAAAAA
IIIIIIIIIAAAAAAAA1111AA1A1A111AAAAAAAAAAAAAAAAAAAAAAAAAAA1AAAAAA
IIIIIIIIIAAAAAAAAA111AA1A1A111AAAAAAAAAAAAAAAAAAAAAAAAAAA1AAAAAA
IIIIIIIIIAAAAAAAAAA11AA1A1A111AAAAAAAAAAAAAAAAAAAAAAAAAAA1AAAAAA
IIIIIIIIIAAAAAAAAAAA1AA1A1A111AAAAAAAAAAAAAAAAAAAAAAAAAAA1AAAAAA
IIIIIIIIIAAAAAAAAAAAAAA1A1A111AAAAAAAAAAAAAAAAAAAAAAAAAAA1AAAAAA
IIIIIIIIIAAAAAAAAAAAAAAAA1A111AAAAAAAAAAAAAAAAAAAAAAAAAAA1AAAAAA
IIIIIIIIIAAAAAAAAAAAAAAAAAA111AAAAAAAAAAAAAAAAAAAAAAAAAAA1AAAAAA
IIIIIIIIIAAAAAAAAAAAAAAAAAAA11AAAAAAAAAAAAAAAAAAAAAAAAAAA1AAAAAA
IIIIIIIIIAAAAAAAAAAAAAAAAAAAA1AAAAAAAAAAAAAAAAAAAAAAAAAAA1AAAAAA
IIIIIIIIIAAAAAAAAAAAAAAAAAAAAAAAAAAAAAAAAAAAAAAAAAAAAAAAA1AAAAAA
IIIIIIIIIAAAAAAAAAAAAAAAAAAAAAAAAAAAAAAAAAAAAAAAAAAAAAAAAAAAAAAA
IIIIIIIIAAAAAAAAAAAAAAAAAAAAAAAAAAAAAAAAAAAAAAAAAAAAAAAAAAAAAAAA
IIIIIIIAAAAAAAAAAAAAAAAAAAAAAAAAAAAAAAAAAAAAAAAAAAAAAAAAAAAAAAAA
IIIIIIIIIIIIIIIIIIIIIIIIIIIIIIIIIIIIIIIIIIIA11111111IIIIIIIIIIII
IIIIIIIIIIIIIIIIIIIIIIIIIIIIIIIIIIIIIIIIIIIAA11111111IIIIIIIIIII
IIIIIIIIIIIIIIIIIIIIIIIIIIIIIIIIIIIIIIIIIIIAA111111112IIIIIIIIII
IIIIIIIIIIIIIIIIIIIIIIIIIIIIIIIIIIIIIIIIIIIAAA111111112IIIIIIIII
IIIIIIIIIIIIIIIIIIIIIIIIIIIIIIIIIIIIIIIIIIIAAAA111111112IIIIIIII
IIIIIIIIIIIIIIIIIIIIIIIIIIIIIIIIIIIIIIIIIIIAAAAA11111112IIIIIIII
IIIIIIIIIIIIIIIIIIIIIIIIIIIIIIIIIIIIIIIIIIIAAAAAA11111111IIIIIII
IIIIIIIIIIIIIIIIIIIIIIIIIIIIIIIIIIIIIIIIIIIAAAAAAA111111112222II
IIIIIIIIIIIIIIIIIIIIIIIIIIIIIIIIIIIIIIIIIIIAAAAAAA1111111122222I
IIIIIIIIIIIIIIIIIIIIIIIIIIIIIIIIIIIIIIIIIIIAAAAAAA11A11111111222
IIIIIIIIIIIIIIIIIIIIIIIIIIIIIIIIIIIIIIIIIIIAAAAAAAA1A11111111222
IIIIIIIIIIIIIIIIIIIIIIIIIIIIIIIIIIIIIIIIIA1AAAAAAAA1A11111111222
IIIIIIIIIIIIIIIIIIIIIIIIIIIIIIIIIIIIIIIIIAAAAAAAAAA1A11111111222
IIIIIIIIIIIIIIIIIIIIIIIIIIIIIIIIIIIIIIIIIAAAAAAAAAA1A11A11111111
IIIIIIIIIIIIIIIIIIIIIIIIIIIIIIIIIIIIIIIIIAAAAAAAAAA1A11AA1111111
IIIIIIIIIIIIIIIIIIIIIIIIIIIIIIIIIIIIIIIIIAAAAAAAAAAAA11AA1111111
IIIIIIIIIIIIIIIIIIIIIIIIIIIIIIIIIIIIIIIIIAAAAAAAAAAAAA1AA1111111
IIIIIIIIIIIIIIIIIIIIIIIIIIIIIIIIIIIIIIIIIAAAAAAAAAAAAAAAA1111111
IIIIIIIIIIIIIIIIIIIIIIIIIIIIIIIIIIIIIIIIIAAAAAAAAAAAAAAAA111111A
IIIIIIIIIIIIIIIIIIIIIIIIIIIIIIIIIIIIIIIIIAAAAAAAAAAAAAAAA11111AA
IIIIIIIIIIIIIIIIIIIIIIIIIIIIIIIIIIIIIIIIIAAAAAAAAAAAAAAAA11A11AA
IIIIIIIIIIIIIIIIIIIIIIIIIIIIIIIIIIIIIIIIIAAAAAAAAAAAAAAAA11AA1AA
IIIIIIIIIIIIIIIIIIIIIIIIIIIIIIIIIIIIIIIIIAAAAAAAAAAAAAAAA11AAAAA
IIIIIIIIIIIIIIIIIIIIIIIIIIIIIIIIIIIIIA111AAAAAAAAAAAAAAAA11AAAAA
IIIIIIIIIIIIIIIIIIIIIIIIIIIIIIIIIIIIIAA11AAAAAAAAAAAAAAAA11AAAAA
IIIIIIIIIIIIIIIIIIIIIIIIIIIIIIIIIIIIIAA1AAAAAAAAAAAAAAAAA11AAAAA
IIIIIIIIIIIIIIIIIIIIIIIIIIIIIIIIIIA11AA1AAAAAAAAAAAAAAAAA11AAAAA
IIIIIIIIIIIIIIIIIIIIIIIIIIIIIIIIIIAA1AA1AAAAAAAAAAAAAAAAA11AAAAA
IIIIIIIIIIIIIIIIIIIIIIIIIIIIIIIIIIAA1AAAAAAAAAAAAAAAAAAAA11AAAAA
IIIIIIIIIIIIIIIIIIIIIIIIIIIIIIIIIIAAAAAAAAAAAAAAAAAAAAAAA11AAAAA
IIIIIIIIIIIIIIIIIIIIIIIIIIIIIIA111AAAAAAAAAAAAAAAAAAAAAAA11AAAAA
IIIIIIIIIIIIIIIIIIIIIIIIIIIA11A111AAAAAAAAAAAAAAAAAAAAAAA11AAAAA
IIIIIIIIIIIIIIIIIIIIIIA1111A11A111AAAAAAAAAAAAAAAAAAAAAAA11AAAAA
IIIIIIIIIIIIIIIIIIIIIIAA111A11A111AAAAAAAAAAAAAAAAAAAAAAA11AAAAA
IIIIIIIIIIIIIIIIIIIIIIAA1A1A11A111AAAAAAAAAAAAAAAAAAAAAAA11AAAAA
IIIIIIIIIIIIIIIIIIIIIIAA1AAA11A111AAAAAAAAAAAAAAAAAAAAAAA11AAAAA
IIIIIIIIIIIIIA11111111AA1AAA11A111AAAAAAAAAAAAAAAAAAAAAAA11AAAAA
IIIIIIIIIIIIIAA1111111AA1AAA11A111AAAAAAAAAAAAAAAAAAAAAAA11AAAAA
IIIIIIIIIIIIIAAA111111AA1AAA11A111AAAAAAAAAAAAAAAAAAAAAAA11AAAAA
IIIIIIIIIIIIIAAAA11111AA1AAA11A111AAAAAAAAAAAAAAAAAAAAAAA11AAAAA
IIIIIIIIIIIIIAAAA11A11AA1AAA11A111AAAAAAAAAAAAAAAAAAAAAAA11AAAAA
IIIIIIIIIIIIIAAAA11AA1AA1AAA11A111AAAAAAAAAAAAAAAAAAAAAAA11AAAAA
IIIIIIIIIIIIIAAAA11AAAAA1AAA11A111AAAAAAAAAAAAAAAAAAAAAAA11AAAAA
IIIIIIIIIIIIAAAAA11AAAAA1AAA11A111AAAAAAAAAAAAAAAAAAAAAAA11AAAAA
IIIIIIIIIIIIAAAAA1AAAAAA1AAA11A111AAAAAAAAAAAAAAAAAAAAAAA11AAAAA
IIIIIIIIIIIIAAAAAAAAAAAA1AAA11A111AAAAAAAAAAAAAAAAAAAAAAA11AAAAA
IIIIIIIIIIIIAAAAAAAAAAAAAAAA11A111AAAAAAAAAAAAAAAAAAAAAAA11AAAAA
IIIIIIIIIIIIAAAAAAAAAAAAAAAAA1A111AAAAAAAAAAAAAAAAAAAAAAA11AAAAA
IIIIIIIIIIIIAAAAAAAAAAAAAAAAAAA111AAAAAAAAAAAAAAAAAAAAAAA11AAAAA
IIIIIIIIIIIIAAAAAAAAAAAAAAAAAAAA11AAAAAAAAAAAAAAAAAAAAAAA11AAAAA
IIIIIIIIIIIIAAAAAAAAAAAAAAAAAAAAA1AAAAAAAAAAAAAAAAAAAAAAA11AAAAA
IIIIIIIIIIIIAAAAAAAAAAAAAAAAAAAAAAAAAAAAAAAAAAAAAAAAAAAAA11AAAAA
IIIIIIIIIAIIAAAAAAAAAAAAAAAAAAAAAAAAAAAAAAAAAAAAAAAAAAAAA11AAAAA
IIIIIIIIIAAIAAAAAAAAAAAAAAAAAAAAAAAAAAAAAAAAAAAAAAAAAAAAA11AAAAA
IIIIIIIIIAA1AAAAAAAAAAAAAAAAAAAAAAAAAAAAAAAAAAAAAAAAAAAAA11AAAAA
IIIIIIIIAAA1AAAAAAAAAAAAAAAAAAAAAAAAAAAAAAAAAAAAAAAAAAAAA11AAAAA
IIIIIIIIAAAAAAAAAAAAAAAAAAAAAAAAAAAAAAAAAAAAAAAAAAAAAAAAA11AAAAA
IIIIIIIIAAAAAAAAAAAAAAAAAAAAAAAAAAAAAAAAAAAAAAAAAAAAAAAAA1AAAAAA
IIIIIIIIAAAAAAAAAAAAAAAAAAAAAAAAAAAAAAAAAAAAAAAAAAAAAAAAAAAAAAAA
IIIIIIIIIIIIIIIIIIIIIIIIIIIIIIIIIIIIIIIIIIIA12I2I222IIIIIIIIIIII
IIIIIIIIIIIIIIIIIIIIIIIIIIIIIIIIIIIIIIIIIIIAA1222222IIIIIIIIIIII
IIIIIIIIIIIIIIIIIIIIIIIIIIIIIIIIIIIIIIIIIIIAA12222222IIIIIIIIIII
IIIIIIIIIIIIIIIIIIIIIIIIIIIIIIIIIIIIIIIIIIIAAA12222222IIIIIIIIII
IIIIIIIIIIIIIIIIIIIIIIIIIIIIIIIIIIIIIIIIIIIAAAA1222222IIIIIIIIII
IIIIIIIIIIIIIIIIIIIIIIIIIIIIIIIIIIIIIIIIIIIAAAA12222222IIIIIIIII
IIIIIIIIIIIIIIIIIIIIIIIIIIIIIIIIIIIIIIIIIIIAAAAA2222222IIIIIIIII
IIIIIIIIIIIIIIIIIIIIIIIIIIIIIIIIIIIIIIIIIIIAAAAAA1222222IIIIIIII
IIIIIIIIIIIIIIIIIIIIIIIIIIIIIIIIIIIIIIIIIIIAAAAAAA12222222IIIIII
IIIIIIIIIIIIIIIIIIIIIIIIIIIIIIIIIIIIIIIIIIIAAAAAAA12A12222222III
IIIIIIIIIIIIIIIIIIIIIIIIIIIIIIIIIIIIIIIIIIIAAAAAAAA1A12222222III
IIIIIIIIIIIIIIIIIIIIIIIIIIIIIIIIIIIIIIIIIIAAAAAAAAA1A12222222III
IIIIIIIIIIIIIIIIIIIIIIIIIIIIIIIIIIIIIIIIIIAAAAAAAAA1A12A12222222
IIIIIIIIIIIIIIIIIIIIIIIIIIIIIIIIIIIIIIIIIIAAAAAAAAA1A12AA1222222
IIIIIIIIIIIIIIIIIIIIIIIIIIIIIIIIIIIIIIIIIIAAAAAAAAAAA12AA1222222
IIIIIIIIIIIIIIIIIIIIIIIIIIIIIIIIIIIIIIIIIIAAAAAAAAAAAA1AA1222222
IIIIIIIIIIIIIIIIIIIIIIIIIIIIIIIIIIIIIIIIIIAAAAAAAAAAAAAAA1222222
IIIIIIIIIIIIIIIIIIIIIIIIIIIIIIIIIIIIIIIIIIAAAAAAAAAAAAAAA122222A
IIIIIIIIIIIIIIIIIIIIIIIIIIIIIIIIIIIIIIIIIIAAAAAAAAAAAAAAA12222AA
IIIIIIIIIIIIIIIIIIIIIIIIIIIIIIIIIIIIIIIIIIAAAAAAAAAAAAAAA12A12AA
IIIIIIIIIIIIIIIIIIIIIIIIIIIIIIIIIIIIIIIIIIAAAAAAAAAAAAAAA12AA1AA
IIIIIIIIIIIIIIIIIIIIIIIIIIIIIIIIIIIIIIIIIIAAAAAAAAAAAAAAA12AAAAA
IIIIIIIIIIIIIIIIIIIIIIIIIIIIIIIIIA12I2I222AAAAAAAAAAAAAAA12AAAAA
IIIIIIIIIIIIIIIIIIIIIIIIIIIIIIIIIA12IA1222AAAAAAAAAAAAAAA12AAAAA
IIIIIIIIIIIIIIIIIIIIIIIIIIIIIIIIIAA12A1222AAAAAAAAAAAAAAA12AAAAA
IIIIIIIIIIIIIIIIIIIIIIIIIIIIIIA12AA12A1222AAAAAAAAAAAAAAA12AAAAA
IIIIIIIIIIIIIIIIIIIIIIIIIIIIIIAA1AA12A1222AAAAAAAAAAAAAAA12AAAAA
IIIIIIIIIIIIIIIIIIIIIIIIIIIIIIAA1AA1AA1222AAAAAAAAAAAAAAA12AAAAA
IIIIIIIIIIIIIIIIIIIIIIIIIIIIIIAA1AAAAA1222AAAAAAAAAAAAAAA12AAAAA
IIIIIIIIIIIIIIIIIIIIIIIIIIIIIIAA1AAAAAA122AAAAAAAAAAAAAAA12AAAAA
IIIIIIIIIIIIIIIIIIIIIIIIIIIIIIAA1AAAAAA1A1AAAAAAAAAAAAAAA12AAAAA
IIIIIIIIIIIIIIIIIIIIIIIIIIIIIIAA1AAAAAA1AAAAAAAAAAAAAAAAA12AAAAA
IIIIIIIIIIIIIIIIIIIIIIIIIIIIIIAA1AAAAAAAAAAAAAAAAAAAAAAAA12AAAAA
IIIIIIIIIIIIIIIIIIIIIIIIIIIIIIAAAAAAAAAAAAAAAAAAAAAAAAAAA12AAAAA
IIIIIIIIIIIIIIIIIIIIIIIIIIA12IAAAAAAAAAAAAAAAAAAAAAAAAAAA12AAAAA
IIIIIIIIIIIIIIIIIIIIIA12I2A122AAAAAAAAAAAAAAAAAAAAAAAAAAA12AAAAA
IIIIIIIIIIIIIIIIIIIIIAA122A122AAAAAAAAAAAAAAAAAAAAAAAAAAA12AAAAA
IIIIIIIIIA1122IIIIIIIAA122A122AAAAAAAAAAAAAAAAAAAAAAAAAAA12AAAAA
IIIIIIIIIAA122IIIIIIIAA122A122AAAAAAAAAAAAAAAAAAAAAAAAAAA12AAAAA
IIIIIIIIIAA1A112IIIIIAA122A122AAAAAAAAAAAAAAAAAAAAAAAAAAA12AAAAA
IIIIIIIIIAA1A11222IIIAA122A122AAAAAAAAAAAAAAAAAAAAAAAAAAA12AAAAA
IIIIIIIIIAAAA112222IIAA122A122AAAAAAAAAAAAAAAAAAAAAAAAAAA12AAAAA
IIIIIIIIIAAAA1122222IAA122A122AAAAAAAAAAAAAAAAAAAAAAAAAAA12AAAAA
IIIIIIIIIAAAAA1122222AA122A122AAAAAAAAAAAAAAAAAAAAAAAAAAA12AAAAA
IIIIIIIIIAAAAAA112222AA122A122AAAAAAAAAAAAAAAAAAAAAAAAAAA12AAAAA
IIIIIIIIIAAAAAAA11222AA122A122AAAAAAAAAAAAAAAAAAAAAAAAAAA12AAAAA
IIIIIIIIIAAAAAAAA1122AA122A122AAAAAAAAAAAAAAAAAAAAAAAAAAA12AAAAA
IIIIIIIIIAAAAAAAAA112AA122A122AAAAAAAAAAAAAAAAAAAAAAAAAAA12AAAAA
IIIIIIIIIAAAAAAAAAA11AA122A122AAAAAAAAAAAAAAAAAAAAAAAAAAA12AAAAA
IIIIIIIIIAAAAAAAAAAA1AA122A122AAAAAAAAAAAAAAAAAAAAAAAAAAA12AAAAA
IIIIIIIIIAAAAAAAAAAAAAA122A122AAAAAAAAAAAAAAAAAAAAAAAAAAA12AAAAA
IIIIIIIIIAAAAAAAAAAAAAA112A122AAAAAAAAAAAAAAAAAAAAAAAAAAA12AAAAA
IIIIIIIIIAAAAAAAAAAAAAAA11A122AAAAAAAAAAAAAAAAAAAAAAAAAAA12AAAAA
IIIIIIIIIAAAAAAAAAAAAAAAA1A122AAAAAAAAAAAAAAAAAAAAAAAAAAA12AAAAA
IIIIIIIIIAAAAAAAAAAAAAAAAAA122AAAAAAAAAAAAAAAAAAAAAAAAAAA12AAAAA
IIIIIIIIIAAAAAAAAAAAAAAAAAA112AAAAAAAAAAAAAAAAAAAAAAAAAAA12AAAAA
IIIIIIIIIAAAAAAAAAAAAAAAAAAA11AAAAAAAAAAAAAAAAAAAAAAAAAAA12AAAAA
IIIIIIIIIAAAAAAAAAAAAAAAAAAAA1AAAAAAAAAAAAAAAAAAAAAAAAAAA12AAAAA
IIIIIIIIIAAAAAAAAAAAAAAAAAAAAAAAAAAAAAAAAAAAAAAAAAAAAAAAA12AAAAA
IIIIIIIIIAAAAAAAAAAAAAAAAAAAAAAAAAAAAAAAAAAAAAAAAAAAAAAAA11AAAAA
IIIIIIIIIAAAAAAAAAAAAAAAAAAAAAAAAAAAAAAAAAAAAAAAAAAAAAAAA1AAAAAA
IIIIIIIIIAAAAAAAAAAAAAAAAAAAAAAAAAAAAAAAAAAAAAAAAAAAAAAAAAAAAAAA
IIIIIIIA1AAAAAAAAAAAAAAAAAAAAAAAAAAAAAAAAAAAAAAAAAAAAAAAAAAAAAAA
IIIIIIIAAAAAAAAAAAAAAAAAAAAAAAAAAAAAAAAAAAAAAAAAAAAAAAAAAAAAAAAA
IIIIIIIIIIIIIIIIIIIIIIIIIIIIIIIIIIIIIIIIIIIA1I111I222IIIIIIIIIII
IIIIIIIIIIIIIIIIIIIIIIIIIIIIIIIIIIIIIIIIIIIAA111112222IIIIIIIIII
IIIIIIIIIIIIIIIIIIIIIIIIIIIIIIIIIIIIIIIIIIIAAA11112222IIIIIIIIII
IIIIIIIIIIIIIIIIIIIIIIIIIIIIIIIIIIIIIIIIIIIAAA111112222IIIIIIIII
IIIIIIIIIIIIIIIIIIIIIIIIIIIIIIIIIIIIIIIIIIIAAAA11111222IIIIIIIII
IIIIIIIIIIIIIIIIIIIIIIIIIIIIIIIIIIIIIIIIIIIAAAAA111112222IIIIIII
IIIIIIIIIIIIIIIIIIIIIIIIIIIIIIIIIIIIIIIIIIIAAAAAA11111222IIIIIII
IIIIIIIIIIIIIIIIIIIIIIIIIIIIIIIIIIIIIIIIIIIAAAAAAA111112222IIIII
IIIIIIIIIIIIIIIIIIIIIIIIIIIIIIIIIIIIIIIIIIIAAAAAAA11A111112222II
IIIIIIIIIIIIIIIIIIIIIIIIIIIIIIIIIIIIIIIIIIIAAAAAAAA1A111112222II
IIIIIIIIIIIIIIIIIIIIIIIIIIIIIIIIIIIIIIIIIIAAAAAAAAA1A111112222II
IIIIIIIIIIIIIIIIIIIIIIIIIIIIIIIIIIIIIIIIIIAAAAAAAAA1A11A11111222
IIIIIIIIIIIIIIIIIIIIIIIIIIIIIIIIIIIIIIIIIIAAAAAAAAA1A11AA1111122
IIIIIIIIIIIIIIIIIIIIIIIIIIIIIIIIIIIIIIIIIIAAAAAAAAAAA11AA1111122
IIIIIIIIIIIIIIIIIIIIIIIIIIIIIIIIIIIIIIIIIIAAAAAAAAAAAA1AA1111122
IIIIIIIIIIIIIIIIIIIIIIIIIIIIIIIIIIIIIIIIIIAAAAAAAAAAAAAAA1111122
IIIIIIIIIIIIIIIIIIIIIIIIIIIIIIIIIIIIIIIIIIAAAAAAAAAAAAAAA111112A
IIIIIIIIIIIIIIIIIIIIIIIIIIIIIIIIIIIIIIIIIIAAAAAAAAAAAAAAA11111AA
IIIIIIIIIIIIIIIIIIIIIIIIIIIIIIIIIIIIIIIIIIAAAAAAAAAAAAAAA11A11AA
IIIIIIIIIIIIIIIIIIIIIIIIIIIIIIIIIIIIIIIIIIAAAAAAAAAAAAAAA11AA1AA
IIIIIIIIIIIIIIIIIIIIIIIIIIIIIIIIIIIIIIIIIIAAAAAAAAAAAAAAA11AAAAA
IIIIIIIIIIIIIIIIIIIIIIIIIIIIIIIIIIIIIIA1I1AAAAAAAAAAAAAAA11AAAAA
IIIIIIIIIIIIIIIIIIIIIIIIIIIIIIIIIIIIIAA111AAAAAAAAAAAAAAA11AAAAA
IIIIIIIIIIIIIIIIIIIIIIIIIIIIIIIIIIIIIAA11AAAAAAAAAAAAAAAA11AAAAA
IIIIIIIIIIIIIIIIIIIIIIIIIIIIIIIIIIIIIAA1AAAAAAAAAAAAAAAAA11AAAAA
IIIIIIIIIIIIIIIIIIIIIIIIIIIIIIIIIIA1IAA1AAAAAAAAAAAAAAAAA11AAAAA
IIIIIIIIIIIIIIIIIIIIIIIIIIIIIIIIIIAA1AA1AAAAAAAAAAAAAAAAA11AAAAA
IIIIIIIIIIIIIIIIIIIIIIIIIIIIIIIIIIAA1AAAAAAAAAAAAAAAAAAAA11AAAAA
IIIIIIIIIIIIIIIIIIIIIIIIIIIIIIIIIIAAAAAAAAAAAAAAAAAAAAAAA11AAAAA
IIIIIIIIIIIIIIIIIIIIIIIIIIIIIIA1I1AAAAAAAAAAAAAAAAAAAAAAA11AAAAA
IIIIIIIIIIIIIIIIIIIIIIIIIIIA1IA111AAAAAAAAAAAAAAAAAAAAAAA11AAAAA
IIIIIIIIIIIIIIIIIIIIIIA1I11A12A111AAAAAAAAAAAAAAAAAAAAAAA11AAAAA
IIIIIIIIIIIIIIIIIIIIIIA1IA1A11A111AAAAAAAAAAAAAAAAAAAAAAA11AAAAA
IIIIIIIIIIIIIIIIIIIIIIA1IAAA11A111AAAAAAAAAAAAAAAAAAAAAAA11AAAAA
IIIIIIIIIIIIIIA1I111I2A1IAAA11A111AAAAAAAAAAAAAAAAAAAAAAA11AAAAA
IIIIIIIIIIIIIIAA111112A12AAA11A111AAAAAAAAAAAAAAAAAAAAAAA11AAAAA
IIIIIIIIIIIIIIAAA11111A12AAA11A111AAAAAAAAAAAAAAAAAAAAAAA11AAAAA
IIIIIIIIIIIIIIAAA11A11A11AAA11A111AAAAAAAAAAAAAAAAAAAAAAA11AAAAA
IIIIIIIIIIIIIIAAA11AA1A11AAA11A111AAAAAAAAAAAAAAAAAAAAAAA11AAAAA
IIIIIIIIIIIIIIAAA11AAAA11AAA11A111AAAAAAAAAAAAAAAAAAAAAAA11AAAAA
IIIIIIIIIIIIA1AAA11AAAA11AAA11A111AAAAAAAAAAAAAAAAAAAAAAA11AAAAA
IIIIIIIIIIIIAAAAA11AAAA11AAA11A111AAAAAAAAAAAAAAAAAAAAAAA11AAAAA
IIIIIIIIIIIIAAAAA1AAAAA11AAA11A111AAAAAAAAAAAAAAAAAAAAAAA11AAAAA
IIIIIIIIIIIIAAAAAAAAAAA11AAA11A111AAAAAAAAAAAAAAAAAAAAAAA11AAAAA
IIIIIIIIIIIIAAAAAAAAAAAA1AAA11A111AAAAAAAAAAAAAAAAAAAAAAA11AAAAA
IIIIIIIIIIIIAAAAAAAAAAAAAAAA11A111AAAAAAAAAAAAAAAAAAAAAAA11AAAAA
IIIIIIIIIIIIAAAAAAAAAAAAAAAAA1A111AAAAAAAAAAAAAAAAAAAAAAA11AAAAA
IIIIIIIIIIIIAAAAAAAAAAAAAAAAAAA111AAAAAAAAAAAAAAAAAAAAAAA11AAAAA
IIIIIIIIIIIIAAAAAAAAAAAAAAAAAAAA11AAAAAAAAAAAAAAAAAAAAAAA11AAAAA
IIIIIIIIIIIIAAAAAAAAAAAAAAAAAAAAA1AAAAAAAAAAAAAAAAAAAAAAA11AAAAA
IIIIIIIIIIIIAAAAAAAAAAAAAAAAAAAAAAAAAAAAAAAAAAAAAAAAAAAAA11AAAAA
IIIIIIIIIA1IAAAAAAAAAAAAAAAAAAAAAAAAAAAAAAAAAAAAAAAAAAAAA11AAAAA
IIIIIIIIIAA1AAAAAAAAAAAAAAAAAAAAAAAAAAAAAAAAAAAAAAAAAAAAA11AAAAA
IIIIIIIIAAA1AAAAAAAAAAAAAAAAAAAAAAAAAAAAAAAAAAAAAAAAAAAAA11AAAAA
IIIIIIIIAAAAAAAAAAAAAAAAAAAAAAAAAAAAAAAAAAAAAAAAAAAAAAAAA11AAAAA
IIIIIIIIAAAAAAAAAAAAAAAAAAAAAAAAAAAAAAAAAAAAAAAAAAAAAAAAA1AAAAAA
IIIIIIIIAAAAAAAAAAAAAAAAAAAAAAAAAAAAAAAAAAAAAAAAAAAAAAAAAAAAAAAA
IIIIIIIAAAAAAAAAAAAAAAAAAAAAAAAAAAAAAAAAAAAAAAAAAAAAAAAAAAAAAAAA
IIIIIIIIIIIIIIIIIIIIIIIIIIIIIIIIIIIIIIIIIIIA11222222IIIIIIIIIIII
IIIIIIIIIIIIIIIIIIIIIIIIIIIIIIIIIIIIIIIIIIIAA1222222IIIIIIIIIIII
IIIIIIIIIIIIIIIIIIIIIIIIIIIIIIIIIIIIIIIIIIIAAA1122222IIIIIIIIIII
IIIIIIIIIIIIIIIIIIIIIIIIIIIIIIIIIIIIIIIIIIIAAAA1122222IIIIIIIIII
IIIIIIIIIIIIIIIIIIIIIIIIIIIIIIIIIIIIIIIIIIIAAAA11222222IIIIIIIII
IIIIIIIIIIIIIIIIIIIIIIIIIIIIIIIIIIIIIIIIIIIAAAAA1222222IIIIIIIII
IIIIIIIIIIIIIIIIIIIIIIIIIIIIIIIIIIIIIIIIIIIAAAAAA222222IIIIIIIII
IIIIIIIIIIIIIIIIIIIIIIIIIIIIIIIIIIIIIIIIIIIAAAAAAA11222222IIIIII
IIIIIIIIIIIIIIIIIIIIIIIIIIIIIIIIIIIIIIIIIIIAAAAAAAA11222222IIIII
IIIIIIIIIIIIIIIIIIIIIIIIIIIIIIIIIIIIIIIIIIIAAAAAAAA1A11222222III
IIIIIIIIIIIIIIIIIIIIIIIIIIIIIIIIIIIIIIIIIA1AAAAAAAA1A11222222III
IIIIIIIIIIIIIIIIIIIIIIIIIIIIIIIIIIIIIIIIIAAAAAAAAAA1A11222222III
IIIIIIIIIIIIIIIIIIIIIIIIIIIIIIIIIIIIIIIIIAAAAAAAAAA1A11A11222222
IIIIIIIIIIIIIIIIIIIIIIIIIIIIIIIIIIIIIIIIIAAAAAAAAAA1A11AA1122222
IIIIIIIIIIIIIIIIIIIIIIIIIIIIIIIIIIIIIIIIIAAAAAAAAAAAA11AA1122222
IIIIIIIIIIIIIIIIIIIIIIIIIIIIIIIIIIIIIIIIIAAAAAAAAAAAAA1AA1122222
IIIIIIIIIIIIIIIIIIIIIIIIIIIIIIIIIIIIIIIIIAAAAAAAAAAAAAAAA1122222
IIIIIIIIIIIIIIIIIIIIIIIIIIIIIIIIIIIIIIIIIAAAAAAAAAAAAAAAA1A11222
IIIIIIIIIIIIIIIIIIIIIIIIIIIIIIIIIIIIIIIIIAAAAAAAAAAAAAAAAAA11222
IIIIIIIIIIIIIIIIIIIIIIIIIIIIIIIIIIIIIIIIIAAAAAAAAAAAAAAAAAA1122A
IIIIIIIIIIIIIIIIIIIIIIIIIIIIIIIIIIIIIIIIIAAAAAAAAAAAAAAAAAA112AA
IIIIIIIIIIIIIIIIIIIIIIIIIIIIIIIIIIIIIIIIIAAAAAAAAAAAAAAAAAAA11AA
IIIIIIIIIIIIIIIIIIIIIIIIIIIIIIIIIIIIIIIIIAAAAAAAAAAAAAAAAAAAA1AA
IIIIIIIIIIIIIIIIIIIIIIIIIIIIIIIIIIIIIIIIIAAAAAAAAAAAAAAAAAAAAAAA
IIIIIIIIIIIIIIIIIIIIIIIIIIIIIIIIIIIIIA112AAAAAAAAAAAAAAAAAAAAAAA
IIIIIIIIIIIIIIIIIIIIIIIIIIIIIIIIIIIIIAA11AAAAAAAAAAAAAAAAAAAAAAA
IIIIIIIIIIIIIIIIIIIIIIIIIIIIIIIIIIIIIAA1AAAAAAAAAAAAAAAAAAAAAAAA
IIIIIIIIIIIIIIIIIIIIIIIIIIIIIIIIIIA11AA1AAAAAAAAAAAAAAAAAAAAAAAA
IIIIIIIIIIIIIIIIIIIIIIIIIIIIIIIIIIAA1AA1AAAAAAAAAAAAAAAAAAAAAAAA
IIIIIIIIIIIIIIIIIIIIIIIIIIIIIIIIIIAA1AAAAAAAAAAAAAAAAAAAAAAAAAAA
IIIIIIIIIIIIIIIIIIIIIIIIIIIIIIIIIIAAAAAAAAAAAAAAAAAAAAAAAAAAAAAA
IIIIIIIIIIIIIIIIIIIIIIIIIIIIIIA112AAAAAAAAAAAAAAAAAAAAAAAAAAAAAA
IIIIIIIIIIIIIIIIIIIIIIA1122222A112AAAAAAAAAAAAAAAAAAAAAAAAAAAAAA
IIIIIIIIIIIIIIIIIIIIIIA11A1122A112AAAAAAAAAAAAAAAAAAAAAAAAAAAAAA
IIIIIIIIIIIIIIIIIIIIIIA11AA112A112AAAAAAAAAAAAAAAAAAAAAAAAAAAAAA
IIIIIIIIIIIIIIA1122222A11AA112A112AAAAAAAAAAAAAAAAAAAAAAAAAAAAAA
IIIIIIIIIIIIIIAA112222A11AA112A112AAAAAAAAAAAAAAAAAAAAAAAAAAAAAA
IIIIIIIIIIIIIIAAA11222A11AA112A112AAAAAAAAAAAAAAAAAAAAAAAAAAAAAA
IIIIIIIIIIIIIIAAA11A11A11AA112A112AAAAAAAAAAAAAAAAAAAAAAAAAAAAAA
IIIIIIIIIIIIIIAAA11AA1A11AA112A112AAAAAAAAAAAAAAAAAAAAAAAAAAAAAA
IIIIIIIIIIIIIIAAA11AAAA11AA112A112AAAAAAAAAAAAAAAAAAAAAAAAAAAAAA
IIIIIIIIIIIIA1AAA11AAAA11AA112A112AAAAAAAAAAAAAAAAAAAAAAAAAAAAAA
IIIIIIIIIIIIAAAAA11AAAA11AA112A112AAAAAAAAAAAAAAAAAAAAAAAAAAAAAA
IIIIIIIIIIIAAAAAA11AAAA11AA112A112AAAAAAAAAAAAAAAAAAAAAAAAAAAAAA
IIIIIIIIIIIAAAAAA1AAAAA11AA112A112AAAAAAAAAAAAAAAAAAAAAAAAAAAAAA
IIIIIIIIIIIAAAAAAAAAAAA11AA112A112AAAAAAAAAAAAAAAAAAAAAAAAAAAAAA
IIIIIIIIIIIAAAAAAAAAAAAA1AA112A112AAAAAAAAAAAAAAAAAAAAAAAAAAAAAA
IIIIIIIIIIIAAAAAAAAAAAAAAAA112A112AAAAAAAAAAAAAAAAAAAAAAAAAAAAAA
IIIIIIIIIIIAAAAAAAAAAAAAAAAA11A112AAAAAAAAAAAAAAAAAAAAAAAAAAAAAA
IIIIIIIIIIIAAAAAAAAAAAAAAAAAA1A112AAAAAAAAAAAAAAAAAAAAAAAAAAAAAA
IIIIIIIIIIIAAAAAAAAAAAAAAAAAAAA112AAAAAAAAAAAAAAAAAAAAAAAAAAAAAA
IIIIIIIIIIIAAAAAAAAAAAAAAAAAAAAA11AAAAAAAAAAAAAAAAAAAAAAAAAAAAAA
IIIIIIIIIIIAAAAAAAAAAAAAAAAAAAAAA1AAAAAAAAAAAAAAAAAAAAAAAAAAAAAA
IIIIIIIIIIIAAAAAAAAAAAAAAAAAAAAAAAAAAAAAAAAAAAAAAAAAAAAAAAAAAAAA
IIIIIIIIIA1AAAAAAAAAAAAAAAAAAAAAAAAAAAAAAAAAAAAAAAAAAAAAAAAAAAAA
IIIIIIIIIAAAAAAAAAAAAAAAAAAAAAAAAAAAAAAAAAAAAAAAAAAAAAAAAAAAAAAA
IIIIIIIIAAAAAAAAAAAAAAAAAAAAAAAAAAAAAAAAAAAAAAAAAAAAAAAAAAAAAAAA
IIIIIIIAAAAAAAAAAAAAAAAAAAAAAAAAAAAAAAAAAAAAAAAAAAAAAAAAAAAAAAAA
IIIIIIIIIIIIIIIIIIIIIIIIIIIIIIIIIIIIIIIIIIIA11122I2II2IIIIIIIIII
IIIIIIIIIIIIIIIIIIIIIIIIIIIIIIIIIIIIIIIIIIIAA111222II2IIIIIIIIII
IIIIIIIIIIIIIIIIIIIIIIIIIIIIIIIIIIIIIIIIIIIAAA11122I22IIIIIIIIII
IIIIIIIIIIIIIIIIIIIIIIIIIIIIIIIIIIIIIIIIIIIAAAA1112222IIIIIIIIII
IIIIIIIIIIIIIIIIIIIIIIIIIIIIIIIIIIIIIIIIIIIAAAA1112222II2IIIIIII
IIIIIIIIIIIIIIIIIIIIIIIIIIIIIIIIIIIIIIIIIIIAAAAA112222II2IIIIIII
IIIIIIIIIIIIIIIIIIIIIIIIIIIIIIIIIIIIIIIIIIIAAAAAA11122I22I2IIIII
IIIIIIIIIIIIIIIIIIIIIIIIIIIIIIIIIIIIIIIIIIIAAAAAAA1112222I22IIII
IIIIIIIIIIIIIIIIIIIIIIIIIIIIIIIIIIIIIIIIIIIAAAAAAAA1112222222III
IIIIIIIIIIIIIIIIIIIIIIIIIIIIIIIIIIIIIIIIIIIAAAAAAAA1A11122222I2I
IIIIIIIIIIIIIIIIIIIIIIIIIIIIIIIIIIIIIIIIIIAAAAAAAAA1A11122222I2I
IIIIIIIIIIIIIIIIIIIIIIIIIIIIIIIIIIIIIIIIIIAAAAAAAAA1A11A11122I2I
IIIIIIIIIIIIIIIIIIIIIIIIIIIIIIIIIIIIIIIIIIAAAAAAAAA1A11AA1112222
IIIIIIIIIIIIIIIIIIIIIIIIIIIIIIIIIIIIIIIIIIAAAAAAAAAAA11AA1112222
IIIIIIIIIIIIIIIIIIIIIIIIIIIIIIIIIIIIIIIIIIAAAAAAAAAAAA1AA1112222
IIIIIIIIIIIIIIIIIIIIIIIIIIIIIIIIIIIIIIIIIIAAAAAAAAAAAAAAA1112222
IIIIIIIIIIIIIIIIIIIIIIIIIIIIIIIIIIIIIIIIIIAAAAAAAAAAAAAAA1A11122
IIIIIIIIIIIIIIIIIIIIIIIIIIIIIIIIIIIIIIIIIIAAAAAAAAAAAAAAAAA11122
IIIIIIIIIIIIIIIIIIIIIIIIIIIIIIIIIIIIIIIIIIAAAAAAAAAAAAAAAAA1112A
IIIIIIIIIIIIIIIIIIIIIIIIIIIIIIIIIIIIIIIIIIAAAAAAAAAAAAAAAAA111AA
IIIIIIIIIIIIIIIIIIIIIIIIIIIIIIIIIIIIIIIIIIAAAAAAAAAAAAAAAAAA11AA
IIIIIIIIIIIIIIIIIIIIIIIIIIIIIIIIIIIIIIIIIIAAAAAAAAAAAAAAAAAAA1AA
IIIIIIIIIIIIIIIIIIIIIIIIIIIIIIIIIIIIIIIIIIAAAAAAAAAAAAAAAAAAAAAA
IIIIIIIIIIIIIIIIIIIIIIIIIIIIIIIIIIIIIA1112AAAAAAAAAAAAAAAAAAAAAA
IIIIIIIIIIIIIIIIIIIIIIIIIIIIIIIIIA111A1112AAAAAAAAAAAAAAAAAAAAAA
IIIIIIIIIIIIIIIIIIIIIIIIIIIIIIIIIAA11A1112AAAAAAAAAAAAAAAAAAAAAA
IIIIIIIIIIIIIIIIIIIIIIIIIIIIIIA11AA11A1112AAAAAAAAAAAAAAAAAAAAAA
IIIIIIIIIIIIIIIIIIIIIIIIIIIIIAA11AA11A1112AAAAAAAAAAAAAAAAAAAAAA
IIIIIIIIIIIIIIIIIIIIIIIIIIIIIAAA1AA11A1112AAAAAAAAAAAAAAAAAAAAAA
IIIIIIIIIIIIIIIIIIIIIIIIIIIIIAAA1AAA1A1112AAAAAAAAAAAAAAAAAAAAAA
IIIIIIIIIIIIIIIIIIIIIIIIIIIIIAAA1AAAAA1112AAAAAAAAAAAAAAAAAAAAAA
IIIIIIIIIIIIIIIIIIIIIIIIIIIIIAAA1AAAAAA111AAAAAAAAAAAAAAAAAAAAAA
IIIIIIIIIIIIIIIIIIIIIIIIIIIIIAAA1AAAAAA1A1AAAAAAAAAAAAAAAAAAAAAA
IIIIIIIIIIIIIIIIIIIIIIIIIIIIIAAA1AAAAAA1AAAAAAAAAAAAAAAAAAAAAAAA
IIIIIIIIIIIIIIIIIIIIIIIIIIIIIAAA1AAAAAAAAAAAAAAAAAAAAAAAAAAAAAAA
IIIIIIIIIIIIIIIIIIIIIIIIIIIIIAAAAAAAAAAAAAAAAAAAAAAAAAAAAAAAAAAA
IIIIIIIIIIIIIIIIIIIIIIIIIIA11AAAAAAAAAAAAAAAAAAAAAAAAAAAAAAAAAAA
IIIIIIIIIIIIIIIIIIIIIIIIA1A11AAAAAAAAAAAAAAAAAAAAAAAAAAAAAAAAAAA
IIIIIIIIIIIIIIIIIIIIIA11A1A11AAAAAAAAAAAAAAAAAAAAAAAAAAAAAAAAAAA
IIIIIIIIIIIIIIIIIIIA1A11A1A11AAAAAAAAAAAAAAAAAAAAAAAAAAAAAAAAAAA
IIIIIIIIIIIIIIIIIIIAAA11A1A11AAAAAAAAAAAAAAAAAAAAAAAAAAAAAAAAAAA
IIIIIIIIIIIIIIIIIIAAAA11A1A11AAAAAAAAAAAAAAAAAAAAAAAAAAAAAAAAAAA
IIIIIIIIIIIIIIIIIIAAAAA1A1A11AAAAAAAAAAAAAAAAAAAAAAAAAAAAAAAAAAA
IIIIIIIA11122I2IIIAAAAA1A1A11AAAAAAAAAAAAAAAAAAAAAAAAAAAAAAAAAAA
IIIIIIIAA1122I2IIIAAAAA1A1A11AAAAAAAAAAAAAAAAAAAAAAAAAAAAAAAAAAA
IIIIIIIAAA11122I2IAAAAA1A1A11AAAAAAAAAAAAAAAAAAAAAAAAAAAAAAAAAAA
IIIIIIIAAA1112222IAAAAA1A1A11AAAAAAAAAAAAAAAAAAAAAAAAAAAAAAAAAAA
IIIIIIIAAAA1112222AAAAA1A1A11AAAAAAAAAAAAAAAAAAAAAAAAAAAAAAAAAAA
IIIIIIIAAAA1A11122AAAAA1A1A11AAAAAAAAAAAAAAAAAAAAAAAAAAAAAAAAAAA
IIIIIIIAAAA1AA1112AAAAA1A1A11AAAAAAAAAAAAAAAAAAAAAAAAAAAAAAAAAAA
IIIIIIIAAAA1AAA111AAAAA1A1A11AAAAAAAAAAAAAAAAAAAAAAAAAAAAAAAAAAA
IIIIIIIAAAA1AAAA11AAAAA1A1A11AAAAAAAAAAAAAAAAAAAAAAAAAAAAAAAAAAA
IIIIIIIAAAA1AAAAA1AAAAA1A1A11AAAAAAAAAAAAAAAAAAAAAAAAAAAAAAAAAAA
IIIIIIIAAAA1AAAAAAAAAAA1A1A11AAAAAAAAAAAAAAAAAAAAAAAAAAAAAAAAAAA
IIIIIIIAAAA1AAAAAAAAAAAAA1A11AAAAAAAAAAAAAAAAAAAAAAAAAAAAAAAAAAA
IIIIIIIAAAA1AAAAAAAAAAAAAAA11AAAAAAAAAAAAAAAAAAAAAAAAAAAAAAAAAAA
IIIIIIIAAAA1AAAAAAAAAAAAAAAA1AAAAAAAAAAAAAAAAAAAAAAAAAAAAAAAAAAA
IIIIIIIAAAA1AAAAAAAAAAAAAAAAAAAAAAAAAAAAAAAAAAAAAAAAAAAAAAAAAAAA
IIIIIIIAAAAAAAAAAAAAAAAAAAAAAAAAAAAAAAAAAAAAAAAAAAAAAAAAAAAAAAAA
IIIIIIIIIIIIIIIIIIIIIIIIIIIIIIIIIIIIIIIIIIIA112I2I22I2IIIIIIIIII
IIIIIIIIIIIIIIIIIIIIIIIIIIIIIIIIIIIIIIIIIIIAA1122222222IIIIIIIII
IIIIIIIIIIIIIIIIIIIIIIIIIIIIIIIIIIIIIIIIIIIAAA1122222222IIIIIIII
IIIIIIIIIIIIIIIIIIIIIIIIIIIIIIIIIIIIIIIIIIIAAAA1122222222IIIIIII
IIIIIIIIIIIIIIIIIIIIIIIIIIIIIIIIIIIIIIIIIIIAAAAA1122222222IIIIII
IIIIIIIIIIIIIIIIIIIIIIIIIIIIIIIIIIIIIIIIIIIAAAAAA1122222222IIIII
IIIIIIIIIIIIIIIIIIIIIIIIIIIIIIIIIIIIIIIIIIIAAAAAAA1122222222IIII
IIIIIIIIIIIIIIIIIIIIIIIIIIIIIIIIIIIIIIIIIIIAAAAAAA11A11222222I2I
IIIIIIIIIIIIIIIIIIIIIIIIIIIIIIIIIIIIIIIIIIIAAAAAAAA1A11222222I2I
IIIIIIIIIIIIIIIIIIIIIIIIIIIIIIIIIIIIIIIIIIAAAAAAAAA1A11222222I2I
IIIIIIIIIIIIIIIIIIIIIIIIIIIIIIIIIIIIIIIIIIAAAAAAAAA1A11A11222I22
IIIIIIIIIIIIIIIIIIIIIIIIIIIIIIIIIIIIIIIIIIAAAAAAAAA1A11AA1122222
IIIIIIIIIIIIIIIIIIIIIIIIIIIIIIIIIIIIIIIIIIAAAAAAAAAAA11AA1122222
IIIIIIIIIIIIIIIIIIIIIIIIIIIIIIIIIIIIIIIIIIAAAAAAAAAAAA1AA1122222
IIIIIIIIIIIIIIIIIIIIIIIIIIIIIIIIIIIIIIIIIIAAAAAAAAAAAAAAA1122222
IIIIIIIIIIIIIIIIIIIIIIIIIIIIIIIIIIIIIIIIIIAAAAAAAAAAAAAAA1A11222
IIIIIIIIIIIIIIIIIIIIIIIIIIIIIIIIIIIIIIIIIIAAAAAAAAAAAAAAAAA11222
IIIIIIIIIIIIIIIIIIIIIIIIIIIIIIIIIIIIIIIIIIAAAAAAAAAAAAAAAAA1122A
IIIIIIIIIIIIIIIIIIIIIIIIIIIIIIIIIIIIIIIIIIAAAAAAAAAAAAAAAAA112AA
IIIIIIIIIIIIIIIIIIIIIIIIIIIIIIIIIIIIIIIIIIAAAAAAAAAAAAAAAAAA11AA
IIIIIIIIIIIIIIIIIIIIIIIIIIIIIIIIIIIIIIIIIIAAAAAAAAAAAAAAAAAAA1AA
IIIIIIIIIIIIIIIIIIIIIIIIIIIIIIIIIIIIIIIIIIAAAAAAAAAAAAAAAAAAAAAA
IIIIIIIIIIIIIIIIIIIIIIIIIIIIIIIIIIIIIIIIA1AAAAAAAAAAAAAAAAAAAAAA
IIIIIIIIIIIIIIIIIIIIIIIIIIIIIIIIIIIIIIIIAAAAAAAAAAAAAAAAAAAAAAAA
IIIIIIIIIIIIIIIIIIIIIIIIIIIIIIIIIIIIIA11AAAAAAAAAAAAAAAAAAAAAAAA
IIIIIIIIIIIIIIIIIIIIIIIIIIIIIIIIIIIIIAA1AAAAAAAAAAAAAAAAAAAAAAAA
IIIIIIIIIIIIIIIIIIIIIIIIIIIIIIIIIIA11AA1AAAAAAAAAAAAAAAAAAAAAAAA
IIIIIIIIIIIIIIIIIIIIIIIIIIIIIIIIIIAA1AA1AAAAAAAAAAAAAAAAAAAAAAAA
IIIIIIIIIIIIIIIIIIIIIIIIIIIIIIIIIIAA1AAAAAAAAAAAAAAAAAAAAAAAAAAA
IIIIIIIIIIIIIIIIIIIIIIIIIIIIIIIIIIAAAAAAAAAAAAAAAAAAAAAAAAAAAAAA
IIIIIIIIIIIIIIIIIIIIIIIIIIIIIIA112AAAAAAAAAAAAAAAAAAAAAAAAAAAAAA
IIIIIIIIIIIIIIIIIIIIIIIIIIIIA1A112AAAAAAAAAAAAAAAAAAAAAAAAAAAAAA
IIIIIIIIIIIIIIIIIIIIIIIIIIIAA1A112AAAAAAAAAAAAAAAAAAAAAAAAAAAAAA
IIIIIIIIIIIIIIIIIIIIIIA112IAA1A112AAAAAAAAAAAAAAAAAAAAAAAAAAAAAA
IIIIIIIIIIIIIIIIIIIIIIAA112AA1A112AAAAAAAAAAAAAAAAAAAAAAAAAAAAAA
IIIIIIIIIIIIIIIIIIIIIIAA1A1AA1A112AAAAAAAAAAAAAAAAAAAAAAAAAAAAAA
IIIIIIIIIIIIIIIIIIIIIIAA1AAAA1A112AAAAAAAAAAAAAAAAAAAAAAAAAAAAAA
IIIIIIIIIIIIIIA112I2I2AA1AAAA1A112AAAAAAAAAAAAAAAAAAAAAAAAAAAAAA
IIIIIIIIIIIIIIAA112222AA1AAAA1A112AAAAAAAAAAAAAAAAAAAAAAAAAAAAAA
IIIIIIIIIIIIIIAAA11222AA1AAAA1A112AAAAAAAAAAAAAAAAAAAAAAAAAAAAAA
IIIIIIIIIIIIIIAAA11A11AA1AAAA1A112AAAAAAAAAAAAAAAAAAAAAAAAAAAAAA
IIIIIIIIIIIIIIAAA11AA1AA1AAAA1A112AAAAAAAAAAAAAAAAAAAAAAAAAAAAAA
IIIIIIIIIIIIIIAAA11AAAAA1AAAA1A112AAAAAAAAAAAAAAAAAAAAAAAAAAAAAA
IIIIIIIIIIIIA1AAA11AAAAA1AAAA1A112AAAAAAAAAAAAAAAAAAAAAAAAAAAAAA
IIIIIIIIIIIIAAAAA11AAAAA1AAAA1A112AAAAAAAAAAAAAAAAAAAAAAAAAAAAAA
IIIIIIIIIIIIAAAAA1AAAAAA1AAAA1A112AAAAAAAAAAAAAAAAAAAAAAAAAAAAAA
IIIIIIIIIIIIAAAAAAAAAAAA1AAAA1A112AAAAAAAAAAAAAAAAAAAAAAAAAAAAAA
IIIIIIIIIIIIAAAAAAAAAAAAAAAAA1A112AAAAAAAAAAAAAAAAAAAAAAAAAAAAAA
IIIIIIIIIIIIAAAAAAAAAAAAAAAAAAA112AAAAAAAAAAAAAAAAAAAAAAAAAAAAAA
IIIIIIIIIIIIAAAAAAAAAAAAAAAAAAAA11AAAAAAAAAAAAAAAAAAAAAAAAAAAAAA
IIIIIIIIIIIIAAAAAAAAAAAAAAAAAAAAA1AAAAAAAAAAAAAAAAAAAAAAAAAAAAAA
IIIIIIIIIIIIAAAAAAAAAAAAAAAAAAAAAAAAAAAAAAAAAAAAAAAAAAAAAAAAAAAA
IIIIIIIIIIIAAAAAAAAAAAAAAAAAAAAAAAAAAAAAAAAAAAAAAAAAAAAAAAAAAAAA
IIIIIIIIIA1AAAAAAAAAAAAAAAAAAAAAAAAAAAAAAAAAAAAAAAAAAAAAAAAAAAAA
IIIIIIIIIAAAAAAAAAAAAAAAAAAAAAAAAAAAAAAAAAAAAAAAAAAAAAAAAAAAAAAA
IIIIIIIIAAAAAAAAAAAAAAAAAAAAAAAAAAAAAAAAAAAAAAAAAAAAAAAAAAAAAAAA
IIIIIIIIIIIIIIIIIIIIIIIIIIIIIIIIIIIIIIIIIIIA1I112I2222IIIIIIIIII
IIIIIIIIIIIIIIIIIIIIIIIIIIIIIIIIIIIIIIIIIIIAA1111222222IIIIIIIII
IIIIIIIIIIIIIIIIIIIIIIIIIIIIIIIIIIIIIIIIIIIAAA1111222222IIIIIIII
IIIIIIIIIIIIIIIIIIIIIIIIIIIIIIIIIIIIIIIIIIIAAAA1111222222IIIIIII
IIIIIIIIIIIIIIIIIIIIIIIIIIIIIIIIIIIIIIIIIIIAAAAA111122222IIIIIII
IIIIIIIIIIIIIIIIIIIIIIIIIIIIIIIIIIIIIIIIIIIAAAAAA1111222222IIIII
IIIIIIIIIIIIIIIIIIIIIIIIIIIIIIIIIIIIIIIIIIIAAAAAAA1111222222IIII
IIIIIIIIIIIIIIIIIIIIIIIIIIIIIIIIIIIIIIIIIIIAAAAAAA11A1211222222I
IIIIIIIIIIIIIIIIIIIIIIIIIIIIIIIIIIIIIIIIIIIAAAAAAAA1A1111222222I
IIIIIIIIIIIIIIIIIIIIIIIIIIIIIIIIIIIIIIIIIIAAAAAAAAA1A1111222222I
IIIIIIIIIIIIIIIIIIIIIIIIIIIIIIIIIIIIIIIIIIAAAAAAAAA1A11A12112222
IIIIIIIIIIIIIIIIIIIIIIIIIIIIIIIIIIIIIIIIIIAAAAAAAAA1A11AA1111222
IIIIIIIIIIIIIIIIIIIIIIIIIIIIIIIIIIIIIIIIIIAAAAAAAAAAA11AA1111222
IIIIIIIIIIIIIIIIIIIIIIIIIIIIIIIIIIIIIIIIIIAAAAAAAAAAAA1AA1111222
IIIIIIIIIIIIIIIIIIIIIIIIIIIIIIIIIIIIIIIIIIAAAAAAAAAAAAAAA1111222
IIIIIIIIIIIIIIIIIIIIIIIIIIIIIIIIIIIIIIIIIIAAAAAAAAAAAAAAA111122A
IIIIIIIIIIIIIIIIIIIIIIIIIIIIIIIIIIIIIIIIIIAAAAAAAAAAAAAAA11112AA
IIIIIIIIIIIIIIIIIIIIIIIIIIIIIIIIIIIIIIIIIIAAAAAAAAAAAAAAA11A12AA
IIIIIIIIIIIIIIIIIIIIIIIIIIIIIIIIIIIIIIIIIIAAAAAAAAAAAAAAA11AA1AA
IIIIIIIIIIIIIIIIIIIIIIIIIIIIIIIIIIIIIIIIIIAAAAAAAAAAAAAAA11AAAAA
IIIIIIIIIIIIIIIIIIIIIIIIIIIIIIIIIIIIIA1I11AAAAAAAAAAAAAAA11AAAAA
IIIIIIIIIIIIIIIIIIIIIIIIIIIIIIIIIIIIAA1111AAAAAAAAAAAAAAA11AAAAA
IIIIIIIIIIIIIIIIIIIIIIIIIIIIIIIIIIIIAA11A1AAAAAAAAAAAAAAA11AAAAA
IIIIIIIIIIIIIIIIIIIIIIIIIIIIIIIIIIIIAA11AAAAAAAAAAAAAAAAA11AAAAA
IIIIIIIIIIIIIIIIIIIIIIIIIIIIIIIIIIIIAAA1AAAAAAAAAAAAAAAAA11AAAAA
IIIIIIIIIIIIIIIIIIIIIIIIIIIIIIIIIIA1AAA1AAAAAAAAAAAAAAAAA11AAAAA
IIIIIIIIIIIIIIIIIIIIIIIIIIIIIIIIIIAAAAA1AAAAAAAAAAAAAAAAA11AAAAA
IIIIIIIIIIIIIIIIIIIIIIIIIIIIIIIIIIAAAAAAAAAAAAAAAAAAAAAAA11AAAAA
IIIIIIIIIIIIIIIIIIIIIIIIIIIIIIA1I1AAAAAAAAAAAAAAAAAAAAAAA11AAAAA
IIIIIIIIIIIIIIIIIIIIIIIIIIIIA1A111AAAAAAAAAAAAAAAAAAAAAAA11AAAAA
IIIIIIIIIIIIIIIIIIIIIIIIIIIAA1A111AAAAAAAAAAAAAAAAAAAAAAA11AAAAA
IIIIIIIIIIIIIIIIIIIIIIA1I11AA1A111AAAAAAAAAAAAAAAAAAAAAAA11AAAAA
IIIIIIIIIIIIIIIIIIIIIIAA111AA1A111AAAAAAAAAAAAAAAAAAAAAAA11AAAAA
IIIIIIIIIIIIIIIIIIIIIIAA1A1AA1A111AAAAAAAAAAAAAAAAAAAAAAA11AAAAA
IIIIIIIIIIIIIIIIIIIIIIAA1AAAA1A111AAAAAAAAAAAAAAAAAAAAAAA11AAAAA
IIIIIIIIIIIIIIA1I112I2AA1AAAA1A111AAAAAAAAAAAAAAAAAAAAAAA11AAAAA
IIIIIIIIIIIIIIAA111122AA1AAAA1A111AAAAAAAAAAAAAAAAAAAAAAA11AAAAA
IIIIIIIIIIIIIIAAA11112AA1AAAA1A111AAAAAAAAAAAAAAAAAAAAAAA11AAAAA
IIIIIIIIIIIIIIAAA11A12AA1AAAA1A111AAAAAAAAAAAAAAAAAAAAAAA11AAAAA
IIIIIIIIIIIIIIAAA11AA1AA1AAAA1A111AAAAAAAAAAAAAAAAAAAAAAA11AAAAA
IIIIIIIIIIIIIIAAA11AAAAA1AAAA1A111AAAAAAAAAAAAAAAAAAAAAAA11AAAAA
IIIIIIIIIIIIAIAAA11AAAAA1AAAA1A111AAAAAAAAAAAAAAAAAAAAAAA11AAAAA
IIIIIIIIIIIIAAAAA11AAAAA1AAAA1A111AAAAAAAAAAAAAAAAAAAAAAA11AAAAA
IIIIIIIIIIIIAAAAA1AAAAAA1AAAA1A111AAAAAAAAAAAAAAAAAAAAAAA11AAAAA
IIIIIIIIIIIIAAAAAAAAAAAA1AAAA1A111AAAAAAAAAAAAAAAAAAAAAAA11AAAAA
IIIIIIIIIIIIAAAAAAAAAAAAAAAAA1A111AAAAAAAAAAAAAAAAAAAAAAA11AAAAA
IIIIIIIIIIIIAAAAAAAAAAAAAAAAAAA111AAAAAAAAAAAAAAAAAAAAAAA11AAAAA
IIIIIIIIIIIIAAAAAAAAAAAAAAAAAAAA11AAAAAAAAAAAAAAAAAAAAAAA11AAAAA
IIIIIIIIIIIIAAAAAAAAAAAAAAAAAAAAA1AAAAAAAAAAAAAAAAAAAAAAA11AAAAA
IIIIIIIIIIIIAAAAAAAAAAAAAAAAAAAAAAAAAAAAAAAAAAAAAAAAAAAAA11AAAAA
IIIIIIIIIA11AAAAAAAAAAAAAAAAAAAAAAAAAAAAAAAAAAAAAAAAAAAAA11AAAAA
IIIIIIIIIAA1AAAAAAAAAAAAAAAAAAAAAAAAAAAAAAAAAAAAAAAAAAAAA11AAAAA
IIIIIIIIAAA1AAAAAAAAAAAAAAAAAAAAAAAAAAAAAAAAAAAAAAAAAAAAA11AAAAA
IIIIIIIIAAAAAAAAAAAAAAAAAAAAAAAAAAAAAAAAAAAAAAAAAAAAAAAAA11AAAAA
IIIIIIIIAAAAAAAAAAAAAAAAAAAAAAAAAAAAAAAAAAAAAAAAAAAAAAAAA1AAAAAA
IIIIIIIIAAAAAAAAAAAAAAAAAAAAAAAAAAAAAAAAAAAAAAAAAAAAAAAAAAAAAAAA
IIIIIIIAAAAAAAAAAAAAAAAAAAAAAAAAAAAAAAAAAAAAAAAAAAAAAAAAAAAAAAAA
IIIIIIIIIIIIIIIIIIIIIIIIIIIIIIIIIIIIIIIIIIIA2IIIIIIIIIIIIIIIIIII
IIIIIIIIIIIIIIIIIIIIIIIIIIIIIIIIIIIIIIIIIIAA2IIIIIIIIIIIIIIIIIII
IIIIIIIIIIIIIIIIIIIIIIIIIIIIIIIIIIIIIIIIIIAAA2IIIIIIIIIIIIIIIIII
IIIIIIIIIIIIIIIIIIIIIIIIIIIIIIIIIIIIIIIIIIAAAA2IIIIIIIIIIIIIIIII
IIIIIIIIIIIIIIIIIIIIIIIIIIIIIIIIIIIIIIIIIIAAAA2A2IIIIIIIIIIIIIII
IIIIIIIIIIIIIIIIIIIIIIIIIIIIIIIIIIIIIIIIIIAAAAAA2IIIIIIIIIIIIIII
IIIIIIIIIIIIIIIIIIIIIIIIIIIIIIIIIIIIIIIIIIAAAAAAA2IIIIIIIIIIIIII
IIIIIIIIIIIIIIIIIIIIIIIIIIIIIIIIIIIIIIIIIIAAAAAAAA2IIIIIIIIIIIII
IIIIIIIIIIIIIIIIIIIIIIIIIIIIIIIIIIIIIIIIIIAAAAAAAAA2IIIIIIIIIIII
IIIIIIIIIIIIIIIIIIIIIIIIIIIIIIIIIIIIIIIIIIAAAAAAAAA2A2IIIIIIIIII
IIIIIIIIIIIIIIIIIIIIIIIIIIIIIIIIIIIIIIIIIAAAAAAAAAA2A2IIIIIIIIII
IIIIIIIIIIIIIIIIIIIIIIIIIIIIIIIIIIIIIIIIAAAAAAAAAAA2A2IIIIIIIIII
IIIIIIIIIIIIIIIIIIIIIIIIIIIIIIIIIIIIIIIIAAAAAAAAAAA2A2IA2IIIIIII
IIIIIIIIIIIIIIIIIIIIIIIIIIIIIIIIIIIIIIIIAAAAAAAAAAA2A2IAA2IIIIII
IIIIIIIIIIIIIIIIIIIIIIIIIIIIIIIIIIIIIIIIAAAAAAAAAAAAA2IAA2IIIIII
IIIIIIIIIIIIIIIIIIIIIIIIIIIIIIIIIIIIIIIIAAAAAAAAAAAAAA2AA2IIIIII
IIIIIIIIIIIIIIIIIIIIIIIIIIIIIIIIIIIIIIIIAAAAAAAAAAAAAAAAA2IIIIII
IIIIIIIIIIIIIIIIIIIIIIIIIIIIIIIIIIIIIIIIAAAAAAAAAAAAAAAAAA2IIIII
IIIIIIIIIIIIIIIIIIIIIIIIIIIIIIIIIIIIIIIIAAAAAAAAAAAAAAAAAAA2IIII
IIIIIIIIIIIIIIIIIIIIIIIIIIIIIIIIIIIIIIIIAAAAAAAAAAAAAAAAAAA2IIA2
IIIIIIIIIIIIIIIIIIIIIIIIIIIIIIIIIIIIIIIIAAAAAAAAAAAAAAAAAAAA2IA2
IIIIIIIIIIIIIIIIIIIIIIIIIIIIIIIIIIIIIIIIAAAAAAAAAAAAAAAAAAAA2IAA
IIIIIIIIIIIIIIIIIIIIIIIIIIIIIIIIIIIIIIIIAAAAAAAAAAAAAAAAAAAAA2AA
IIIIIIIIIIIIIIIIIIIIIIIIIIIIIIIIIIIIIIIIAAAAAAAAAAAAAAAAAAAAAAAA
IIIIIIIIIIIIIIIIIIIIIIIIIIIIIIIIIIIIIIA2AAAAAAAAAAAAAAAAAAAAAAAA
IIIIIIIIIIIIIIIIIIIIIIIIIIIIIIIIIIIIIIAAAAAAAAAAAAAAAAAAAAAAAAAA
IIIIIIIIIIIIIIIIIIIIIIIIIIIIIIIIIIA2IIAAAAAAAAAAAAAAAAAAAAAAAAAA
IIIIIIIIIIIIIIIIIIIIIIIIIIIIIIIIIAA2IIAAAAAAAAAAAAAAAAAAAAAAAAAA
IIIIIIIIIIIIIIIIIIIIIIIIIIIIIIIIIAA2IAAAAAAAAAAAAAAAAAAAAAAAAAAA
IIIIIIIIIIIIIIIIIIIIIIIIIIIIIIA2IAA2IAAAAAAAAAAAAAAAAAAAAAAAAAAA
IIIIIIIIIIIIIIIIIIIIIIIIIIIIIAA2IAA2IAAAAAAAAAAAAAAAAAAAAAAAAAAA
IIIIIIIIIIIIIIIIIIIIIIIIIIIIIAA2AAA2IAAAAAAAAAAAAAAAAAAAAAAAAAAA
IIIIIIIIIIIIIIIIIIIIIIIIIIIIIAAAAAA2IAAAAAAAAAAAAAAAAAAAAAAAAAAA
IIIIIIIIIIIIIIIIIIIIIIIIIIIIIAAAAAA2AAAAAAAAAAAAAAAAAAAAAAAAAAAA
IIIIIIIIIIIIIIIIIIIIIIIIIIIIIAAAAAAAAAAAAAAAAAAAAAAAAAAAAAAAAAAA
IIIIIIIIIIIIIIIIIIIIIIIIIIIIAAAAAAAAAAAAAAAAAAAAAAAAAAAAAAAAAAAA
IIIIIIIIIIIIIIIIIIIIIIIA2IIIAAAAAAAAAAAAAAAAAAAAAAAAAAAAAAAAAAAA
IIIIIIIIIIIIIIIIIIIIIIIAA2IIAAAAAAAAAAAAAAAAAAAAAAAAAAAAAAAAAAAA
IIIIIIIIIIIIIIIIIIIIIIIAAA2IAAAAAAAAAAAAAAAAAAAAAAAAAAAAAAAAAAAA
IIIIIIIIIIIIIIIIIIIIIIIAAAA2AAAAAAAAAAAAAAAAAAAAAAAAAAAAAAAAAAAA
IIIIIIIIIIIIIIIIIIIIIA2AAAA2AAAAAAAAAAAAAAAAAAAAAAAAAAAAAAAAAAAA
IIIIIIIIIIIIIIIIIIIIAA2AAAA2AAAAAAAAAAAAAAAAAAAAAAAAAAAAAAAAAAAA
IIIIIIIIIIIIIIIIIIIAAA2AAAA2AAAAAAAAAAAAAAAAAAAAAAAAAAAAAAAAAAAA
IIIIIIIIIIIIIIIIIIAAAA2AAAA2AAAAAAAAAAAAAAAAAAAAAAAAAAAAAAAAAAAA
IIIIIIIIIIIIIIIIIIAAAAAAAAA2AAAAAAAAAAAAAAAAAAAAAAAAAAAAAAAAAAAA
IIIIIIIIIIIIIIIIIAAAAAAAAAA2AAAAAAAAAAAAAAAAAAAAAAAAAAAAAAAAAAAA
IIIIIIIIIIIIIA2IIAAAAAAAAAA2AAAAAAAAAAAAAAAAAAAAAAAAAAAAAAAAAAAA
IIIIIIIIIIIA2A2IIAAAAAAAAAA2AAAAAAAAAAAAAAAAAAAAAAAAAAAAAAAAAAAA
IIIIIIIIIIIAAA2IIAAAAAAAAAA2AAAAAAAAAAAAAAAAAAAAAAAAAAAAAAAAAAAA
IIIIIIIIA2IAAA2IIAAAAAAAAAA2AAAAAAAAAAAAAAAAAAAAAAAAAAAAAAAAAAAA
IIIIIIIIAA2AAA2IIAAAAAAAAAA2AAAAAAAAAAAAAAAAAAAAAAAAAAAAAAAAAAAA
IIIIIIIIAAAAAA2IIAAAAAAAAAA2AAAAAAAAAAAAAAAAAAAAAAAAAAAAAAAAAAAA
IIIIIIIIAAAAAA2A2AAAAAAAAAA2AAAAAAAAAAAAAAAAAAAAAAAAAAAAAAAAAAAA
IIIIIIIIAAAAAAAA2AAAAAAAAAA2AAAAAAAAAAAAAAAAAAAAAAAAAAAAAAAAAAAA
IIIIIIIIAAAAAAAAAAAAAAAAAAA2AAAAAAAAAAAAAAAAAAAAAAAAAAAAAAAAAAAA
IIIIIIIIAAAAAAAAAAAAAAAAAAAAAAAAAAAAAAAAAAAAAAAAAAAAAAAAAAAAAAAA
IIIIIIIAAAAAAAAAAAAAAAAAAAAAAAAAAAAAAAAAAAAAAAAAAAAAAAAAAAAAAAAA
IIIIIIIIIIIIIIIIIIIIIIIIIIIIIIIIIIIIIIIIIIIA2IIIIIIIIIIIIIIIIIII
IIIIIIIIIIIIIIIIIIIIIIIIIIIIIIIIIIIIIIIIIIAA2IIIIIIIIIIIIIIIIIII
IIIIIIIIIIIIIIIIIIIIIIIIIIIIIIIIIIIIIIIIIIAAA2IIIIIIIIIIIIIIIIII
IIIIIIIIIIIIIIIIIIIIIIIIIIIIIIIIIIIIIIIIIIAAAA2IIIIIIIIIIIIIIIII
IIIIIIIIIIIIIIIIIIIIIIIIIIIIIIIIIIIIIIIIIIAAAA2A2IIIIIIIIIIIIIII
IIIIIIIIIIIIIIIIIIIIIIIIIIIIIIIIIIIIIIIIIIAAAAAA2IIIIIIIIIIIIIII
IIIIIIIIIIIIIIIIIIIIIIIIIIIIIIIIIIIIIIIIIIAAAAAAA2IIIIIIIIIIIIII
IIIIIIIIIIIIIIIIIIIIIIIIIIIIIIIIIIIIIIIIIIAAAAAAAA2IIIIIIIIIIIII
IIIIIIIIIIIIIIIIIIIIIIIIIIIIIIIIIIIIIIIIIIAAAAAAAAA2IIIIIIIIIIII
IIIIIIIIIIIIIIIIIIIIIIIIIIIIIIIIIIIIIIIIIIAAAAAAAAA2A2IIIIIIIIII
IIIIIIIIIIIIIIIIIIIIIIIIIIIIIIIIIIIIIIIIIAAAAAAAAAA2A2IIIIIIIIII
IIIIIIIIIIIIIIIIIIIIIIIIIIIIIIIIIIIIIIIIAAAAAAAAAAA2A2IIIIIIIIII
IIIIIIIIIIIIIIIIIIIIIIIIIIIIIIIIIIIIIIIIAAAAAAAAAAA2A2IA2IIIIIII
IIIIIIIIIIIIIIIIIIIIIIIIIIIIIIIIIIIIIIIIAAAAAAAAAAA2A2IAA2IIIIII
IIIIIIIIIIIIIIIIIIIIIIIIIIIIIIIIIIIIIIIIAAAAAAAAAAAAA2IAA2IIIIII
IIIIIIIIIIIIIIIIIIIIIIIIIIIIIIIIIIIIIIIIAAAAAAAAAAAAAA2AA2IIIIII
IIIIIIIIIIIIIIIIIIIIIIIIIIIIIIIIIIIIIIIIAAAAAAAAAAAAAAAAA2IIIIII
IIIIIIIIIIIIIIIIIIIIIIIIIIIIIIIIIIIIIIIIAAAAAAAAAAAAAAAAAA2IIIII
IIIIIIIIIIIIIIIIIIIIIIIIIIIIIIIIIIIIIIIIAAAAAAAAAAAAAAAAAAA2IIII
IIIIIIIIIIIIIIIIIIIIIIIIIIIIIIIIIIIIIIIIAAAAAAAAAAAAAAAAAAA2IIA2
IIIIIIIIIIIIIIIIIIIIIIIIIIIIIIIIIIIIIIIIAAAAAAAAAAAAAAAAAAAA2IA2
IIIIIIIIIIIIIIIIIIIIIIIIIIIIIIIIIIIIIIIIAAAAAAAAAAAAAAAAAAAA2IAA
IIIIIIIIIIIIIIIIIIIIIIIIIIIIIIIIIIIIIIIIAAAAAAAAAAAAAAAAAAAAA2AA
IIIIIIIIIIIIIIIIIIIIIIIIIIIIIIIIIIIIIIIIAAAAAAAAAAAAAAAAAAAAAAAA
IIIIIIIIIIIIIIIIIIIIIIIIIIIIIIIIIIIIIAI1AAAAAAAAAAAAAAAAAAAAAAAA
IIIIIIIIIIIIIIIIIIIIIIIIIIIIIIIIIIIIIAA1AAAAAAAAAAAAAAAAAAAAAAAA
IIIIIIIIIIIIIIIIIIIIIIIIIIIIIIIIIIIIAAA1AAAAAAAAAAAAAAAAAAAAAAAA
IIIIIIIIIIIIIIIIIIIIIIIIIIIIIIIIIAI1AAA1AAAAAAAAAAAAAAAAAAAAAAAA
IIIIIIIIIIIIIIIIIIIIIIIIIIIIIIIIIAIAAAA1AAAAAAAAAAAAAAAAAAAAAAAA
IIIIIIIIIIIIIIIIIIIIIIIIIIIIIIIIIAAAAAA1AAAAAAAAAAAAAAAAAAAAAAAA
IIIIIIIIIIIIIIIIIIIIIIIIIIIIIIIIIAAAAAAAAAAAAAAAAAAAAAAAAAAAAAAA
IIIIIIIIIIIIIIIIIIIIIIIIIIIIIIIIAAAAAAAAAAAAAAAAAAAAAAAAAAAAAAAA
IIIIIIIIIIIIIIIIIIIIIIIIIIIAI11IAAAAAAAAAAAAAAAAAAAAAAAAAAAAAAAA
IIIIIIIIIIIIIIIIIIIIIIIIIIIAA111AAAAAAAAAAAAAAAAAAAAAAAAAAAAAAAA
IIIIIIIIIIIIIIIIIIIIIIIIIIIAA1A1AAAAAAAAAAAAAAAAAAAAAAAAAAAAAAAA
IIIIIIIIIIIIIIIIIIIIIIIIIAIAA1A1AAAAAAAAAAAAAAAAAAAAAAAAAAAAAAAA
IIIIIIIIIIIIIIIIIIIIIIIIAA1AA1A1AAAAAAAAAAAAAAAAAAAAAAAAAAAAAAAA
IIIIIIIIIIIIIIIIIIIIIIAIAA1AA1A1AAAAAAAAAAAAAAAAAAAAAAAAAAAAAAAA
IIIIIIIIIIIIIIIIIIIIIIAAAA1AA1A1AAAAAAAAAAAAAAAAAAAAAAAAAAAAAAAA
IIIIIIIIIIIIIIIIIIIIIIAAAAAAA1A1AAAAAAAAAAAAAAAAAAAAAAAAAAAAAAAA
IIIIIIIIIIIIIIIIIIIIIAAAAAAAA1A1AAAAAAAAAAAAAAAAAAAAAAAAAAAAAAAA
IIIIIIIIIIIIIAI11I11IAAAAAAAA1A1AAAAAAAAAAAAAAAAAAAAAAAAAAAAAAAA
IIIIIIIIIIIIIAA111111AAAAAAAA1A1AAAAAAAAAAAAAAAAAAAAAAAAAAAAAAAA
IIIIIIIIIIIIIAAA11111AAAAAAAA1A1AAAAAAAAAAAAAAAAAAAAAAAAAAAAAAAA
IIIIIIIIIIIIIAAAA1111AAAAAAAA1A1AAAAAAAAAAAAAAAAAAAAAAAAAAAAAAAA
IIIIIIIIIIIIIAAAA11A1AAAAAAAA1A1AAAAAAAAAAAAAAAAAAAAAAAAAAAAAAAA
IIIIIIIIIIIIIAAAA1AA1AAAAAAAA1A1AAAAAAAAAAAAAAAAAAAAAAAAAAAAAAAA
IIIIIIIIIIIIIAAAA1AAAAAAAAAAA1A1AAAAAAAAAAAAAAAAAAAAAAAAAAAAAAAA
IIIIIIIIIIIIAAAAA1AAAAAAAAAAA1A1AAAAAAAAAAAAAAAAAAAAAAAAAAAAAAAA
IIIIIIIIIIIAAAAAA1AAAAAAAAAAA1A1AAAAAAAAAAAAAAAAAAAAAAAAAAAAAAAA
IIIIIIIIIIAAAAAAA1AAAAAAAAAAA1A1AAAAAAAAAAAAAAAAAAAAAAAAAAAAAAAA
IIIIIIIIIIAAAAAAAAAAAAAAAAAAA1A1AAAAAAAAAAAAAAAAAAAAAAAAAAAAAAAA
IIIIIIIIIIAAAAAAAAAAAAAAAAAAAAA1AAAAAAAAAAAAAAAAAAAAAAAAAAAAAAAA
IIIIIIIIIIAAAAAAAAAAAAAAAAAAAAAAAAAAAAAAAAAAAAAAAAAAAAAAAAAAAAAA
IIIIIIIIAIAAAAAAAAAAAAAAAAAAAAAAAAAAAAAAAAAAAAAAAAAAAAAAAAAAAAAA
IIIIIIIIAAAAAAAAAAAAAAAAAAAAAAAAAAAAAAAAAAAAAAAAAAAAAAAAAAAAAAAA
IIIIIIIIIIIIIIIIIIIIIIIIIIIIIIIIIIIIIIIIIIIA2IIIIIIIIIIIIIIIIIII
IIIIIIIIIIIIIIIIIIIIIIIIIIIIIIIIIIIIIIIIIIAA2IIIIIIIIIIIIIIIIIII
IIIIIIIIIIIIIIIIIIIIIIIIIIIIIIIIIIIIIIIIIIAAA2IIIIIIIIIIIIIIIIII
IIIIIIIIIIIIIIIIIIIIIIIIIIIIIIIIIIIIIIIIIIAAAA2IIIIIIIIIIIIIIIII
IIIIIIIIIIIIIIIIIIIIIIIIIIIIIIIIIIIIIIIIIIAAAA2A2IIIIIIIIIIIIIII
IIIIIIIIIIIIIIIIIIIIIIIIIIIIIIIIIIIIIIIIIIAAAAAA2IIIIIIIIIIIIIII
IIIIIIIIIIIIIIIIIIIIIIIIIIIIIIIIIIIIIIIIIIAAAAAAA2IIIIIIIIIIIIII
IIIIIIIIIIIIIIIIIIIIIIIIIIIIIIIIIIIIIIIIIIAAAAAAAA2IIIIIIIIIIIII
IIIIIIIIIIIIIIIIIIIIIIIIIIIIIIIIIIIIIIIIIIAAAAAAAAA2IIIIIIIIIIII
IIIIIIIIIIIIIIIIIIIIIIIIIIIIIIIIIIIIIIIIIIAAAAAAAAA2A2IIIIIIIIII
IIIIIIIIIIIIIIIIIIIIIIIIIIIIIIIIIIIIIIIIIAAAAAAAAAA2A2IIIIIIIIII
IIIIIIIIIIIIIIIIIIIIIIIIIIIIIIIIIIIIIIIIAAAAAAAAAAA2A2IIIIIIIIII
IIIIIIIIIIIIIIIIIIIIIIIIIIIIIIIIIIIIIIIIAAAAAAAAAAA2A2IA2IIIIIII
IIIIIIIIIIIIIIIIIIIIIIIIIIIIIIIIIIIIIIIIAAAAAAAAAAA2A2IAA2IIIIII
IIIIIIIIIIIIIIIIIIIIIIIIIIIIIIIIIIIIIIIIAAAAAAAAAAAAA2IAA2IIIIII
IIIIIIIIIIIIIIIIIIIIIIIIIIIIIIIIIIIIIIIIAAAAAAAAAAAAAA2AA2IIIIII
IIIIIIIIIIIIIIIIIIIIIIIIIIIIIIIIIIIIIIIIAAAAAAAAAAAAAAAAA2IIIIII
IIIIIIIIIIIIIIIIIIIIIIIIIIIIIIIIIIIIIIIIAAAAAAAAAAAAAAAAAA2IIIII
IIIIIIIIIIIIIIIIIIIIIIIIIIIIIIIIIIIIIIIIAAAAAAAAAAAAAAAAAAA2IIII
IIIIIIIIIIIIIIIIIIIIIIIIIIIIIIIIIIIIIIIIAAAAAAAAAAAAAAAAAAA2IIA2
IIIIIIIIIIIIIIIIIIIIIIIIIIIIIIIIIIIIIIIIAAAAAAAAAAAAAAAAAAAA2IA2
IIIIIIIIIIIIIIIIIIIIIIIIIIIIIIIIIIIIIIIIAAAAAAAAAAAAAAAAAAAA2IAA
IIIIIIIIIIIIIIIIIIIIIIIIIIIIIIIIIIIIIIIIAAAAAAAAAAAAAAAAAAAAA2AA
IIIIIIIIIIIIIIIIIIIIIIIIIIIIIIIIIIIIIIIIAAAAAAAAAAAAAAAAAAAAAAAA
IIIIIIIIIIIIIIIIIIIIIIIIIIIIIIIIIIIIIIA2AAAAAAAAAAAAAAAAAAAAAAAA
IIIIIIIIIIIIIIIIIIIIIIIIIIIIIIIIIIIIIIAAAAAAAAAAAAAAAAAAAAAAAAAA
IIIIIIIIIIIIIIIIIIIIIIIIIIIIIIIIIIA2IIAAAAAAAAAAAAAAAAAAAAAAAAAA
IIIIIIIIIIIIIIIIIIIIIIIIIIIIIIIIIAA2IIAAAAAAAAAAAAAAAAAAAAAAAAAA
IIIIIIIIIIIIIIIIIIIIIIIIIIIIIIIIIAA2IAAAAAAAAAAAAAAAAAAAAAAAAAAA
IIIIIIIIIIIIIIIIIIIIIIIIIIIIIIA2IAA2IAAAAAAAAAAAAAAAAAAAAAAAAAAA
IIIIIIIIIIIIIIIIIIIIIIIIIIIIIAA2IAA2IAAAAAAAAAAAAAAAAAAAAAAAAAAA
IIIIIIIIIIIIIIIIIIIIIIIIIIIIIAA2AAA2IAAAAAAAAAAAAAAAAAAAAAAAAAAA
IIIIIIIIIIIIIIIIIIIIIIIIIIIIIAAAAAA2IAAAAAAAAAAAAAAAAAAAAAAAAAAA
IIIIIIIIIIIIIIIIIIIIIIIIIIIIIAAAAAA2AAAAAAAAAAAAAAAAAAAAAAAAAAAA
IIIIIIIIIIIIIIIIIIIIIIIIIIIIIAAAAAAAAAAAAAAAAAAAAAAAAAAAAAAAAAAA
IIIIIIIIIIIIIIIIIIIIIIIIIIIIAAAAAAAAAAAAAAAAAAAAAAAAAAAAAAAAAAAA
IIIIIIIIIIIIIIIIIIIIIIIA2IIIAAAAAAAAAAAAAAAAAAAAAAAAAAAAAAAAAAAA
IIIIIIIIIIIIIIIIIIIIIIIAA2IIAAAAAAAAAAAAAAAAAAAAAAAAAAAAAAAAAAAA
IIIIIIIIIIIIIIIIIIIIIIIAAA2IAAAAAAAAAAAAAAAAAAAAAAAAAAAAAAAAAAAA
IIIIIIIIIIIIIIIIIIIIIIIAAAA2AAAAAAAAAAAAAAAAAAAAAAAAAAAAAAAAAAAA
IIIIIIIIIIIIIIIIIIIIIA2AAAA2AAAAAAAAAAAAAAAAAAAAAAAAAAAAAAAAAAAA
IIIIIIIIIIIIIIIIIIIIAA2AAAA2AAAAAAAAAAAAAAAAAAAAAAAAAAAAAAAAAAAA
IIIIIIIIIIIIIIIIIIIAAA2AAAA2AAAAAAAAAAAAAAAAAAAAAAAAAAAAAAAAAAAA
IIIIIIIIIIIIIIIIIIAAAA2AAAA2AAAAAAAAAAAAAAAAAAAAAAAAAAAAAAAAAAAA
IIIIIIIIIIIIIIIIIIAAAAAAAAA2AAAAAAAAAAAAAAAAAAAAAAAAAAAAAAAAAAAA
IIIIIIIIIIIIIIIIIAAAAAAAAAA2AAAAAAAAAAAAAAAAAAAAAAAAAAAAAAAAAAAA
IIIIIIIIIIIIIA2IIAAAAAAAAAA2AAAAAAAAAAAAAAAAAAAAAAAAAAAAAAAAAAAA
IIIIIIIIIIIA2A2IIAAAAAAAAAA2AAAAAAAAAAAAAAAAAAAAAAAAAAAAAAAAAAAA
IIIIIIIIIIIAAA2IIAAAAAAAAAA2AAAAAAAAAAAAAAAAAAAAAAAAAAAAAAAAAAAA
IIIIIIIIA2IAAA2IIAAAAAAAAAA2AAAAAAAAAAAAAAAAAAAAAAAAAAAAAAAAAAAA
IIIIIIIIAA2AAA2IIAAAAAAAAAA2AAAAAAAAAAAAAAAAAAAAAAAAAAAAAAAAAAAA
IIIIIIIIAAAAAA2IIAAAAAAAAAA2AAAAAAAAAAAAAAAAAAAAAAAAAAAAAAAAAAAA
IIIIIIIIAAAAAA2A2AAAAAAAAAA2AAAAAAAAAAAAAAAAAAAAAAAAAAAAAAAAAAAA
IIIIIIIIAAAAAAAA2AAAAAAAAAA2AAAAAAAAAAAAAAAAAAAAAAAAAAAAAAAAAAAA
IIIIIIIIAAAAAAAAAAAAAAAAAAA2AAAAAAAAAAAAAAAAAAAAAAAAAAAAAAAAAAAA
IIIIIIIIAAAAAAAAAAAAAAAAAAAAAAAAAAAAAAAAAAAAAAAAAAAAAAAAAAAAAAAA
IIIIIIIIIIIIIIIIIIIIIIIIIIIIIIIIIIIIIIIIIIIA1I2IIIIIIIIIIIIIIIII
IIIIIIIIIIIIIIIIIIIIIIIIIIIIIIIIIIIIIIIIIIAA122IIIIIIIIIIIIIIIII
IIIIIIIIIIIIIIIIIIIIIIIIIIIIIIIIIIIIIIIIIIAAA122IIIIIIIIIIIIIIII
IIIIIIIIIIIIIIIIIIIIIIIIIIIIIIIIIIIIIIIIIIAAAA122IIIIIIIIIIIIIII
IIIIIIIIIIIIIIIIIIIIIIIIIIIIIIIIIIIIIIIIIIAAAA1A1I2IIIIIIIIIIIII
IIIIIIIIIIIIIIIIIIIIIIIIIIIIIIIIIIIIIIIIIIAAAAAA122IIIIIIIIIIIII
IIIIIIIIIIIIIIIIIIIIIIIIIIIIIIIIIIIIIIIIIIAAAAAAA122IIIIIIIIIIII
IIIIIIIIIIIIIIIIIIIIIIIIIIIIIIIIIIIIIIIIIIAAAAAAAA122IIIIIIIIIII
IIIIIIIIIIIIIIIIIIIIIIIIIIIIIIIIIIIIIIIIIIAAAAAAAAA122IIIIIIIIII
IIIIIIIIIIIIIIIIIIIIIIIIIIIIIIIIIIIIIIIIIIAAAAAAAAA1A1I2IIIIIIII
IIIIIIIIIIIIIIIIIIIIIIIIIIIIIIIIIIIIIIIIIAAAAAAAAAA1A1I2IIIIIIII
IIIIIIIIIIIIIIIIIIIIIIIIIIIIIIIIIIIIIIIIAAAAAAAAAAA1A1I2IIIIIIII
IIIIIIIIIIIIIIIIIIIIIIIIIIIIIIIIIIIIIIIIAAAAAAAAAAA1A1IA1I2IIIII
IIIIIIIIIIIIIIIIIIIIIIIIIIIIIIIIIIIIIIIIAAAAAAAAAAA1A1IAA122IIII
IIIIIIIIIIIIIIIIIIIIIIIIIIIIIIIIIIIIIIIIAAAAAAAAAAAAA12AA122IIII
IIIIIIIIIIIIIIIIIIIIIIIIIIIIIIIIIIIIIIIIAAAAAAAAAAAAAA1AA122IIII
IIIIIIIIIIIIIIIIIIIIIIIIIIIIIIIIIIIIIIIIAAAAAAAAAAAAAAAAA122IIII
IIIIIIIIIIIIIIIIIIIIIIIIIIIIIIIIIIIIIIIIAAAAAAAAAAAAAAAAAA122III
IIIIIIIIIIIIIIIIIIIIIIIIIIIIIIIIIIIIIIIIAAAAAAAAAAAAAAAAAAA122II
IIIIIIIIIIIIIIIIIIIIIIIIIIIIIIIIIIIIIIIIAAAAAAAAAAAAAAAAAAA122A1
IIIIIIIIIIIIIIIIIIIIIIIIIIIIIIIIIIIIIIIIAAAAAAAAAAAAAAAAAAAA12A1
IIIIIIIIIIIIIIIIIIIIIIIIIIIIIIIIIIIIIIIIAAAAAAAAAAAAAAAAAAAA12AA
IIIIIIIIIIIIIIIIIIIIIIIIIIIIIIIIIIIIIIIIAAAAAAAAAAAAAAAAAAAAA1AA
IIIIIIIIIIIIIIIIIIIIIIIIIIIIIIIIIIIIIIIIAAAAAAAAAAAAAAAAAAAAAAAA
IIIIIIIIIIIIIIIIIIIIIIIIIIIIIIIIIIIIIA1IAAAAAAAAAAAAAAAAAAAAAAAA
IIIIIIIIIIIIIIIIIIIIIIIIIIIIIIIIIIIIIAA1AAAAAAAAAAAAAAAAAAAAAAAA
IIIIIIIIIIIIIIIIIIIIIIIIIIIIIIIIIIIIAAA1AAAAAAAAAAAAAAAAAAAAAAAA
IIIIIIIIIIIIIIIIIIIIIIIIIIIIIIIIIA1IAAA1AAAAAAAAAAAAAAAAAAAAAAAA
IIIIIIIIIIIIIIIIIIIIIIIIIIIIIIIIIA1AAAA1AAAAAAAAAAAAAAAAAAAAAAAA
IIIIIIIIIIIIIIIIIIIIIIIIIIIIIIIIIAAAAAA1AAAAAAAAAAAAAAAAAAAAAAAA
IIIIIIIIIIIIIIIIIIIIIIIIIIIIIIIIIAAAAAAAAAAAAAAAAAAAAAAAAAAAAAAA
IIIIIIIIIIIIIIIIIIIIIIIIIIIIIIIIAAAAAAAAAAAAAAAAAAAAAAAAAAAAAAAA
IIIIIIIIIIIIIIIIIIIIIIIIIIIA1I2IAAAAAAAAAAAAAAAAAAAAAAAAAAAAAAAA
IIIIIIIIIIIIIIIIIIIIIIIIIIIAA122AAAAAAAAAAAAAAAAAAAAAAAAAAAAAAAA
IIIIIIIIIIIIIIIIIIIIIIIIIIIAA1A1AAAAAAAAAAAAAAAAAAAAAAAAAAAAAAAA
IIIIIIIIIIIIIIIIIIIIIIIIIA1AA1A1AAAAAAAAAAAAAAAAAAAAAAAAAAAAAAAA
IIIIIIIIIIIIIIIIIIIIIIIIAA1AA1A1AAAAAAAAAAAAAAAAAAAAAAAAAAAAAAAA
IIIIIIIIIIIIIIIIIIIIIIA1AA1AA1A1AAAAAAAAAAAAAAAAAAAAAAAAAAAAAAAA
IIIIIIIIIIIIIIIIIIIIIIAAAA1AA1A1AAAAAAAAAAAAAAAAAAAAAAAAAAAAAAAA
IIIIIIIIIIIIIIIIIIIIIIAAAAAAA1A1AAAAAAAAAAAAAAAAAAAAAAAAAAAAAAAA
IIIIIIIIIIIIIIIIIIIIIAAAAAAAA1A1AAAAAAAAAAAAAAAAAAAAAAAAAAAAAAAA
IIIIIIIIIIIIIA1I2IIIIAAAAAAAA1A1AAAAAAAAAAAAAAAAAAAAAAAAAAAAAAAA
IIIIIIIIIIIIIAA122IIIAAAAAAAA1A1AAAAAAAAAAAAAAAAAAAAAAAAAAAAAAAA
IIIIIIIIIIIIIAAA122IIAAAAAAAA1A1AAAAAAAAAAAAAAAAAAAAAAAAAAAAAAAA
IIIIIIIIIIIIIAAAA122IAAAAAAAA1A1AAAAAAAAAAAAAAAAAAAAAAAAAAAAAAAA
IIIIIIIIIIIIIAAAA12A1AAAAAAAA1A1AAAAAAAAAAAAAAAAAAAAAAAAAAAAAAAA
IIIIIIIIIIIIIAAAA1AA1AAAAAAAA1A1AAAAAAAAAAAAAAAAAAAAAAAAAAAAAAAA
IIIIIIIIIIIIIAAAA1AAAAAAAAAAA1A1AAAAAAAAAAAAAAAAAAAAAAAAAAAAAAAA
IIIIIIIIIIIIAAAAA1AAAAAAAAAAA1A1AAAAAAAAAAAAAAAAAAAAAAAAAAAAAAAA
IIIIIIIIIIIAAAAAA1AAAAAAAAAAA1A1AAAAAAAAAAAAAAAAAAAAAAAAAAAAAAAA
IIIIIIIIIIAAAAAAA1AAAAAAAAAAA1A1AAAAAAAAAAAAAAAAAAAAAAAAAAAAAAAA
IIIIIIIIIIAAAAAAAAAAAAAAAAAAA1A1AAAAAAAAAAAAAAAAAAAAAAAAAAAAAAAA
IIIIIIIIIIAAAAAAAAAAAAAAAAAAAAA1AAAAAAAAAAAAAAAAAAAAAAAAAAAAAAAA
IIIIIIIIIIAAAAAAAAAAAAAAAAAAAAAAAAAAAAAAAAAAAAAAAAAAAAAAAAAAAAAA
IIIIIIIIAIAAAAAAAAAAAAAAAAAAAAAAAAAAAAAAAAAAAAAAAAAAAAAAAAAAAAAA
IIIIIIIIAAAAAAAAAAAAAAAAAAAAAAAAAAAAAAAAAAAAAAAAAAAAAAAAAAAAAAAA
IIIIIIIAAAAAAAAAAAAAAAAAAAAAAAAAAAAAAAAAAAAAAAAAAAAAAAAAAAAAAAAA
IIIIIIIIIIIIIIIIIIIIIIIIIIIIIIIIIIIIIIIIIIIA2I2IIIIIIIIIIIIIIIII
IIIIIIIIIIIIIIIIIIIIIIIIIIIIIIIIIIIIIIIIIIAA222IIIIIIIIIIIIIIIII
IIIIIIIIIIIIIIIIIIIIIIIIIIIIIIIIIIIIIIIIIIAAA222IIIIIIIIIIIIIIII
IIIIIIIIIIIIIIIIIIIIIIIIIIIIIIIIIIIIIIIIIIAAAA222IIIIIIIIIIIIIII
IIIIIIIIIIIIIIIIIIIIIIIIIIIIIIIIIIIIIIIIIIAAAA2A2I2IIIIIIIIIIIII
IIIIIIIIIIIIIIIIIIIIIIIIIIIIIIIIIIIIIIIIIIAAAAAA222IIIIIIIIIIIII
IIIIIIIIIIIIIIIIIIIIIIIIIIIIIIIIIIIIIIIIIIAAAAAAA222IIIIIIIIIIII
IIIIIIIIIIIIIIIIIIIIIIIIIIIIIIIIIIIIIIIIIIAAAAAAAA222IIIIIIIIIII
IIIIIIIIIIIIIIIIIIIIIIIIIIIIIIIIIIIIIIIIIIAAAAAAAAA222IIIIIIIIII
IIIIIIIIIIIIIIIIIIIIIIIIIIIIIIIIIIIIIIIIIIAAAAAAAAA2A2I2IIIIIIII
IIIIIIIIIIIIIIIIIIIIIIIIIIIIIIIIIIIIIIIIIAAAAAAAAAA2A2I2IIIIIIII
IIIIIIIIIIIIIIIIIIIIIIIIIIIIIIIIIIIIIIIIAAAAAAAAAAA2A2I2IIIIIIII
IIIIIIIIIIIIIIIIIIIIIIIIIIIIIIIIIIIIIIIIAAAAAAAAAAA2A2IA2I2IIIII
IIIIIIIIIIIIIIIIIIIIIIIIIIIIIIIIIIIIIIIIAAAAAAAAAAA2A2IAA222IIII
IIIIIIIIIIIIIIIIIIIIIIIIIIIIIIIIIIIIIIIIAAAAAAAAAAAAA22AA222IIII
IIIIIIIIIIIIIIIIIIIIIIIIIIIIIIIIIIIIIIIIAAAAAAAAAAAAAA2AA222IIII
IIIIIIIIIIIIIIIIIIIIIIIIIIIIIIIIIIIIIIIIAAAAAAAAAAAAAAAAA222IIII
IIIIIIIIIIIIIIIIIIIIIIIIIIIIIIIIIIIIIIIIAAAAAAAAAAAAAAAAAA222III
IIIIIIIIIIIIIIIIIIIIIIIIIIIIIIIIIIIIIIIIAAAAAAAAAAAAAAAAAAA222II
IIIIIIIIIIIIIIIIIIIIIIIIIIIIIIIIIIIIIIIIAAAAAAAAAAAAAAAAAAA222A2
IIIIIIIIIIIIIIIIIIIIIIIIIIIIIIIIIIIIIIIIAAAAAAAAAAAAAAAAAAAA22A2
IIIIIIIIIIIIIIIIIIIIIIIIIIIIIIIIIIIIIIIIAAAAAAAAAAAAAAAAAAAA22AA
IIIIIIIIIIIIIIIIIIIIIIIIIIIIIIIIIIIIIIIIAAAAAAAAAAAAAAAAAAAAA2AA
IIIIIIIIIIIIIIIIIIIIIIIIIIIIIIIIIIIIIIIIAAAAAAAAAAAAAAAAAAAAAAAA
IIIIIIIIIIIIIIIIIIIIIIIIIIIIIIIIIIIIIA2IAAAAAAAAAAAAAAAAAAAAAAAA
IIIIIIIIIIIIIIIIIIIIIIIIIIIIIIIIIIIIIAA2AAAAAAAAAAAAAAAAAAAAAAAA
IIIIIIIIIIIIIIIIIIIIIIIIIIIIIIIIIIIIAAA2AAAAAAAAAAAAAAAAAAAAAAAA
IIIIIIIIIIIIIIIIIIIIIIIIIIIIIIIIIA2IAAA2AAAAAAAAAAAAAAAAAAAAAAAA
IIIIIIIIIIIIIIIIIIIIIIIIIIIIIIIIIA2AAAA2AAAAAAAAAAAAAAAAAAAAAAAA
IIIIIIIIIIIIIIIIIIIIIIIIIIIIIIIIIAAAAAA2AAAAAAAAAAAAAAAAAAAAAAAA
IIIIIIIIIIIIIIIIIIIIIIIIIIIIIIIIIAAAAAAAAAAAAAAAAAAAAAAAAAAAAAAA
IIIIIIIIIIIIIIIIIIIIIIIIIIIIIIIIAAAAAAAAAAAAAAAAAAAAAAAAAAAAAAAA
IIIIIIIIIIIIIIIIIIIIIIIIIIIA2I2IAAAAAAAAAAAAAAAAAAAAAAAAAAAAAAAA
IIIIIIIIIIIIIIIIIIIIIIIIIIIAA222AAAAAAAAAAAAAAAAAAAAAAAAAAAAAAAA
IIIIIIIIIIIIIIIIIIIIIIIIIIIAA2A2AAAAAAAAAAAAAAAAAAAAAAAAAAAAAAAA
IIIIIIIIIIIIIIIIIIIIIIIIIA2AA2A2AAAAAAAAAAAAAAAAAAAAAAAAAAAAAAAA
IIIIIIIIIIIIIIIIIIIIIIIIAA2AA2A2AAAAAAAAAAAAAAAAAAAAAAAAAAAAAAAA
IIIIIIIIIIIIIIIIIIIIIIA2AA2AA2A2AAAAAAAAAAAAAAAAAAAAAAAAAAAAAAAA
IIIIIIIIIIIIIIIIIIIIIIAAAA2AA2A2AAAAAAAAAAAAAAAAAAAAAAAAAAAAAAAA
IIIIIIIIIIIIIIIIIIIIIIAAAAAAA2A2AAAAAAAAAAAAAAAAAAAAAAAAAAAAAAAA
IIIIIIIIIIIIIIIIIIIIIAAAAAAAA2A2AAAAAAAAAAAAAAAAAAAAAAAAAAAAAAAA
IIIIIIIIIIIIA2I2IIIIIAAAAAAAA2A2AAAAAAAAAAAAAAAAAAAAAAAAAAAAAAAA
IIIIIIIIIIIIAA222IIIIAAAAAAAA2A2AAAAAAAAAAAAAAAAAAAAAAAAAAAAAAAA
IIIIIIIIIIIIAAA222IIIAAAAAAAA2A2AAAAAAAAAAAAAAAAAAAAAAAAAAAAAAAA
IIIIIIIIIIIIAAAA222IIAAAAAAAA2A2AAAAAAAAAAAAAAAAAAAAAAAAAAAAAAAA
IIIIIIIIIIIIAAAAA222IAAAAAAAA2A2AAAAAAAAAAAAAAAAAAAAAAAAAAAAAAAA
IIIIIIIIIIIIAAAAA22A2AAAAAAAA2A2AAAAAAAAAAAAAAAAAAAAAAAAAAAAAAAA
IIIIIIIIIIIIAAAAA2AA2AAAAAAAA2A2AAAAAAAAAAAAAAAAAAAAAAAAAAAAAAAA
IIIIIIIIIIIIAAAAA2AAAAAAAAAAA2A2AAAAAAAAAAAAAAAAAAAAAAAAAAAAAAAA
IIIIIIIIIIIAAAAAA2AAAAAAAAAAA2A2AAAAAAAAAAAAAAAAAAAAAAAAAAAAAAAA
IIIIIIIIIIAAAAAAA2AAAAAAAAAAA2A2AAAAAAAAAAAAAAAAAAAAAAAAAAAAAAAA
IIIIIIIIIIAAAAAAAAAAAAAAAAAAA2A2AAAAAAAAAAAAAAAAAAAAAAAAAAAAAAAA
IIIIIIIIIIAAAAAAAAAAAAAAAAAAAAA2AAAAAAAAAAAAAAAAAAAAAAAAAAAAAAAA
IIIIIIIIIIAAAAAAAAAAAAAAAAAAAAAAAAAAAAAAAAAAAAAAAAAAAAAAAAAAAAAA
IIIIIIIIA2AAAAAAAAAAAAAAAAAAAAAAAAAAAAAAAAAAAAAAAAAAAAAAAAAAAAAA
IIIIIIIIAAAAAAAAAAAAAAAAAAAAAAAAAAAAAAAAAAAAAAAAAAAAAAAAAAAAAAAA
IIIIIIIIIIIIIIIIIIIIIIIIIIIIIIIIIIIIIIIIIIIA2I2IIIIIIIIIIIIIIIII
IIIIIIIIIIIIIIIIIIIIIIIIIIIIIIIIIIIIIIIIIIAA222IIIIIIIIIIIIIIIII
IIIIIIIIIIIIIIIIIIIIIIIIIIIIIIIIIIIIIIIIIIAAA222IIIIIIIIIIIIIIII
IIIIIIIIIIIIIIIIIIIIIIIIIIIIIIIIIIIIIIIIIIAAAA222IIIIIIIIIIIIIII
IIIIIIIIIIIIIIIIIIIIIIIIIIIIIIIIIIIIIIIIIIAAAA2A2I2IIIIIIIIIIIII
IIIIIIIIIIIIIIIIIIIIIIIIIIIIIIIIIIIIIIIIIIAAAAAA222IIIIIIIIIIIII
IIIIIIIIIIIIIIIIIIIIIIIIIIIIIIIIIIIIIIIIIIAAAAAAA222IIIIIIIIIIII
IIIIIIIIIIIIIIIIIIIIIIIIIIIIIIIIIIIIIIIIIIAAAAAAAA222IIIIIIIIIII
IIIIIIIIIIIIIIIIIIIIIIIIIIIIIIIIIIIIIIIIIIAAAAAAAAA222IIIIIIIIII
IIIIIIIIIIIIIIIIIIIIIIIIIIIIIIIIIIIIIIIIIIAAAAAAAAA2A2I2IIIIIIII
IIIIIIIIIIIIIIIIIIIIIIIIIIIIIIIIIIIIIIIIIAAAAAAAAAA2A2I2IIIIIIII
IIIIIIIIIIIIIIIIIIIIIIIIIIIIIIIIIIIIIIIIAAAAAAAAAAA2A2I2IIIIIIII
IIIIIIIIIIIIIIIIIIIIIIIIIIIIIIIIIIIIIIIIAAAAAAAAAAA2A2IA2I2IIIII
IIIIIIIIIIIIIIIIIIIIIIIIIIIIIIIIIIIIIIIIAAAAAAAAAAA2A2IAA222IIII
IIIIIIIIIIIIIIIIIIIIIIIIIIIIIIIIIIIIIIIIAAAAAAAAAAAAA22AA222IIII
IIIIIIIIIIIIIIIIIIIIIIIIIIIIIIIIIIIIIIIIAAAAAAAAAAAAAA2AA222IIII
IIIIIIIIIIIIIIIIIIIIIIIIIIIIIIIIIIIIIIIIAAAAAAAAAAAAAAAAA222IIII
IIIIIIIIIIIIIIIIIIIIIIIIIIIIIIIIIIIIIIIIAAAAAAAAAAAAAAAAAA222III
IIIIIIIIIIIIIIIIIIIIIIIIIIIIIIIIIIIIIIIIAAAAAAAAAAAAAAAAAAA222II
IIIIIIIIIIIIIIIIIIIIIIIIIIIIIIIIIIIIIIIIAAAAAAAAAAAAAAAAAAA222A2
IIIIIIIIIIIIIIIIIIIIIIIIIIIIIIIIIIIIIIIIAAAAAAAAAAAAAAAAAAAA22A2
IIIIIIIIIIIIIIIIIIIIIIIIIIIIIIIIIIIIIIIIAAAAAAAAAAAAAAAAAAAA22AA
IIIIIIIIIIIIIIIIIIIIIIIIIIIIIIIIIIIIIIIIAAAAAAAAAAAAAAAAAAAAA2AA
IIIIIIIIIIIIIIIIIIIIIIIIIIIIIIIIIIIIIIIIAAAAAAAAAAAAAAAAAAAAAAAA
IIIIIIIIIIIIIIIIIIIIIIIIIIIIIIIIIIIIIIA2AAAAAAAAAAAAAAAAAAAAAAAA
IIIIIIIIIIIIIIIIIIIIIIIIIIIIIIIIIIIIIIAAAAAAAAAAAAAAAAAAAAAAAAAA
IIIIIIIIIIIIIIIIIIIIIIIIIIIIIIIIIIA2I2AAAAAAAAAAAAAAAAAAAAAAAAAA
IIIIIIIIIIIIIIIIIIIIIIIIIIIIIIIIIAA222AAAAAAAAAAAAAAAAAAAAAAAAAA
IIIIIIIIIIIIIIIIIIIIIIIIIIIIIIIIIAA22AAAAAAAAAAAAAAAAAAAAAAAAAAA
IIIIIIIIIIIIIIIIIIIIIIIIIIIIIIA2IAA22AAAAAAAAAAAAAAAAAAAAAAAAAAA
IIIIIIIIIIIIIIIIIIIIIIIIIIIIIAA22AA22AAAAAAAAAAAAAAAAAAAAAAAAAAA
IIIIIIIIIIIIIIIIIIIIIIIIIIIIIAA2AAA22AAAAAAAAAAAAAAAAAAAAAAAAAAA
IIIIIIIIIIIIIIIIIIIIIIIIIIIIIAAAAAA22AAAAAAAAAAAAAAAAAAAAAAAAAAA
IIIIIIIIIIIIIIIIIIIIIIIIIIIIIAAAAAA2AAAAAAAAAAAAAAAAAAAAAAAAAAAA
IIIIIIIIIIIIIIIIIIIIIIIIIIIIIAAAAAAAAAAAAAAAAAAAAAAAAAAAAAAAAAAA
IIIIIIIIIIIIIIIIIIIIIIIIIIIIAAAAAAAAAAAAAAAAAAAAAAAAAAAAAAAAAAAA
IIIIIIIIIIIIIIIIIIIIIIIA2I2IAAAAAAAAAAAAAAAAAAAAAAAAAAAAAAAAAAAA
IIIIIIIIIIIIIIIIIIIIIIIAA222AAAAAAAAAAAAAAAAAAAAAAAAAAAAAAAAAAAA
IIIIIIIIIIIIIIIIIIIIIIIAAA22AAAAAAAAAAAAAAAAAAAAAAAAAAAAAAAAAAAA
IIIIIIIIIIIIIIIIIIIIIIIAAAA2AAAAAAAAAAAAAAAAAAAAAAAAAAAAAAAAAAAA
IIIIIIIIIIIIIIIIIIIIIA2AAAA2AAAAAAAAAAAAAAAAAAAAAAAAAAAAAAAAAAAA
IIIIIIIIIIIIIIIIIIIIAA2AAAA2AAAAAAAAAAAAAAAAAAAAAAAAAAAAAAAAAAAA
IIIIIIIIIIIIIIIIIIIAAA2AAAA2AAAAAAAAAAAAAAAAAAAAAAAAAAAAAAAAAAAA
IIIIIIIIIIIIIIIIIIAAAA2AAAA2AAAAAAAAAAAAAAAAAAAAAAAAAAAAAAAAAAAA
IIIIIIIIIIIIIIIIIIAAAAAAAAA2AAAAAAAAAAAAAAAAAAAAAAAAAAAAAAAAAAAA
IIIIIIIIIIIIIIIIIAAAAAAAAAA2AAAAAAAAAAAAAAAAAAAAAAAAAAAAAAAAAAAA
IIIIIIIIIIIIIA2I2AAAAAAAAAA2AAAAAAAAAAAAAAAAAAAAAAAAAAAAAAAAAAAA
IIIIIIIIIIIA2A2I2AAAAAAAAAA2AAAAAAAAAAAAAAAAAAAAAAAAAAAAAAAAAAAA
IIIIIIIIIIIAAA222AAAAAAAAAA2AAAAAAAAAAAAAAAAAAAAAAAAAAAAAAAAAAAA
IIIIIIIIA2IAAA222AAAAAAAAAA2AAAAAAAAAAAAAAAAAAAAAAAAAAAAAAAAAAAA
IIIIIIIIAA2AAA222AAAAAAAAAA2AAAAAAAAAAAAAAAAAAAAAAAAAAAAAAAAAAAA
IIIIIIIIAAAAAA222AAAAAAAAAA2AAAAAAAAAAAAAAAAAAAAAAAAAAAAAAAAAAAA
IIIIIIIIAAAAAA2A2AAAAAAAAAA2AAAAAAAAAAAAAAAAAAAAAAAAAAAAAAAAAAAA
IIIIIIIIAAAAAAAA2AAAAAAAAAA2AAAAAAAAAAAAAAAAAAAAAAAAAAAAAAAAAAAA
IIIIIIIIAAAAAAAAAAAAAAAAAAA2AAAAAAAAAAAAAAAAAAAAAAAAAAAAAAAAAAAA
IIIIIIIIAAAAAAAAAAAAAAAAAAAAAAAAAAAAAAAAAAAAAAAAAAAAAAAAAAAAAAAA
IIIIIIIAAAAAAAAAAAAAAAAAAAAAAAAAAAAAAAAAAAAAAAAAAAAAAAAAAAAAAAAA
IIIIIIIIIIIIIIIIIIIIIIIIIIIIIIIIIIIIIIIIIIIAI12I22IIIIIIIIIIIIII
IIIIIIIIIIIIIIIIIIIIIIIIIIIIIIIIIIIIIIIIIIAA112222IIIIIIIIIIIIII
IIIIIIIIIIIIIIIIIIIIIIIIIIIIIIIIIIIIIIIIIIAAA112222IIIIIIIIIIIII
IIIIIIIIIIIIIIIIIIIIIIIIIIIIIIIIIIIIIIIIIIAAAA112222IIIIIIIIIIII
IIIIIIIIIIIIIIIIIIIIIIIIIIIIIIIIIIIIIIIIIIAAAA1A212222IIIIIIIIII
IIIIIIIIIIIIIIIIIIIIIIIIIIIIIIIIIIIIIIIIIIAAAAAA112222IIIIIIIIII
IIIIIIIIIIIIIIIIIIIIIIIIIIIIIIIIIIIIIIIIIIAAAAAAA112222IIIIIIIII
IIIIIIIIIIIIIIIIIIIIIIIIIIIIIIIIIIIIIIIIIIAAAAAAAA112222IIIIIIII
IIIIIIIIIIIIIIIIIIIIIIIIIIIIIIIIIIIIIIIIIIAAAAAAAAA112222IIIIIII
IIIIIIIIIIIIIIIIIIIIIIIIIIIIIIIIIIIIIIIIIIAAAAAAAAA1A212222IIIII
IIIIIIIIIIIIIIIIIIIIIIIIIIIIIIIIIIIIIIIIIAAAAAAAAAA1A212222IIIII
IIIIIIIIIIIIIIIIIIIIIIIIIIIIIIIIIIIIIIIIAAAAAAAAAAA1A212222IIIII
IIIIIIIIIIIIIIIIIIIIIIIIIIIIIIIIIIIIIIIIAAAAAAAAAAA1A21A212I22II
IIIIIIIIIIIIIIIIIIIIIIIIIIIIIIIIIIIIIIIIAAAAAAAAAAA1A21AA112222I
IIIIIIIIIIIIIIIIIIIIIIIIIIIIIIIIIIIIIIIIAAAAAAAAAAAAA11AA112222I
IIIIIIIIIIIIIIIIIIIIIIIIIIIIIIIIIIIIIIIIAAAAAAAAAAAAAA1AA112222I
IIIIIIIIIIIIIIIIIIIIIIIIIIIIIIIIIIIIIIIIAAAAAAAAAAAAAAAAA112222I
IIIIIIIIIIIIIIIIIIIIIIIIIIIIIIIIIIIIIIIIAAAAAAAAAAAAAAAAAA112222
IIIIIIIIIIIIIIIIIIIIIIIIIIIIIIIIIIIIIIIIAAAAAAAAAAAAAAAAAAA11222
IIIIIIIIIIIIIIIIIIIIIIIIIIIIIIIIIIIIIIIIAAAAAAAAAAAAAAAAAAA112A2
IIIIIIIIIIIIIIIIIIIIIIIIIIIIIIIIIIIIIIIIAAAAAAAAAAAAAAAAAAAA11A2
IIIIIIIIIIIIIIIIIIIIIIIIIIIIIIIIIIIIIIIIAAAAAAAAAAAAAAAAAAAA11AA
IIIIIIIIIIIIIIIIIIIIIIIIIIIIIIIIIIIIIIIIAAAAAAAAAAAAAAAAAAAAA1AA
IIIIIIIIIIIIIIIIIIIIIIIIIIIIIIIIIIIIIIIIAAAAAAAAAAAAAAAAAAAAAAAA
IIIIIIIIIIIIIIIIIIIIIIIIIIIIIIIIIIIIIAI1AAAAAAAAAAAAAAAAAAAAAAAA
IIIIIIIIIIIIIIIIIIIIIIIIIIIIIIIIIIIIIAA1AAAAAAAAAAAAAAAAAAAAAAAA
IIIIIIIIIIIIIIIIIIIIIIIIIIIIIIIIIIIIAAA1AAAAAAAAAAAAAAAAAAAAAAAA
IIIIIIIIIIIIIIIIIIIIIIIIIIIIIIIIIAI1AAA1AAAAAAAAAAAAAAAAAAAAAAAA
IIIIIIIIIIIIIIIIIIIIIIIIIIIIIIIIIAIAAAA1AAAAAAAAAAAAAAAAAAAAAAAA
IIIIIIIIIIIIIIIIIIIIIIIIIIIIIIIIIAAAAAA1AAAAAAAAAAAAAAAAAAAAAAAA
IIIIIIIIIIIIIIIIIIIIIIIIIIIIIIIIIAAAAAAAAAAAAAAAAAAAAAAAAAAAAAAA
IIIIIIIIIIIIIIIIIIIIIIIIIIIIIIIIAAAAAAAAAAAAAAAAAAAAAAAAAAAAAAAA
IIIIIIIIIIIIIIIIIIIIIIIIIIIAI12IAAAAAAAAAAAAAAAAAAAAAAAAAAAAAAAA
IIIIIIIIIIIIIIIIIIIIIIIIIIIAA112AAAAAAAAAAAAAAAAAAAAAAAAAAAAAAAA
IIIIIIIIIIIIIIIIIIIIIIIIIIIAA1A2AAAAAAAAAAAAAAAAAAAAAAAAAAAAAAAA
IIIIIIIIIIIIIIIIIIIIIIIIIAIAA1A2AAAAAAAAAAAAAAAAAAAAAAAAAAAAAAAA
IIIIIIIIIIIIIIIIIIIIIIIIAA1AA1A2AAAAAAAAAAAAAAAAAAAAAAAAAAAAAAAA
IIIIIIIIIIIIIIIIIIIIIIAIAA1AA1A2AAAAAAAAAAAAAAAAAAAAAAAAAAAAAAAA
IIIIIIIIIIIIIIIIIIIIIIAAAA1AA1A2AAAAAAAAAAAAAAAAAAAAAAAAAAAAAAAA
IIIIIIIIIIIIIIIIIIIIIIAAAAAAA1A2AAAAAAAAAAAAAAAAAAAAAAAAAAAAAAAA
IIIIIIIIIIIIIIIIIIIIIAAAAAAAA1A2AAAAAAAAAAAAAAAAAAAAAAAAAAAAAAAA
IIIIIIIIIIIIIAI12I22IAAAAAAAA1A2AAAAAAAAAAAAAAAAAAAAAAAAAAAAAAAA
IIIIIIIIIIIIIAA112222AAAAAAAA1A2AAAAAAAAAAAAAAAAAAAAAAAAAAAAAAAA
IIIIIIIIIIIIIAAA11222AAAAAAAA1A2AAAAAAAAAAAAAAAAAAAAAAAAAAAAAAAA
IIIIIIIIIIIIIAAAA1122AAAAAAAA1A2AAAAAAAAAAAAAAAAAAAAAAAAAAAAAAAA
IIIIIIIIIIIIIAAAA11A2AAAAAAAA1A2AAAAAAAAAAAAAAAAAAAAAAAAAAAAAAAA
IIIIIIIIIIIIIAAAA1AA1AAAAAAAA1A2AAAAAAAAAAAAAAAAAAAAAAAAAAAAAAAA
IIIIIIIIIIIIIAAAA1AAAAAAAAAAA1A2AAAAAAAAAAAAAAAAAAAAAAAAAAAAAAAA
IIIIIIIIIIIIAAAAA1AAAAAAAAAAA1A2AAAAAAAAAAAAAAAAAAAAAAAAAAAAAAAA
IIIIIIIIIIIAAAAAA1AAAAAAAAAAA1A2AAAAAAAAAAAAAAAAAAAAAAAAAAAAAAAA
IIIIIIIIIIAAAAAAA1AAAAAAAAAAA1A2AAAAAAAAAAAAAAAAAAAAAAAAAAAAAAAA
IIIIIIIIIIAAAAAAAAAAAAAAAAAAA1A2AAAAAAAAAAAAAAAAAAAAAAAAAAAAAAAA
IIIIIIIIIIAAAAAAAAAAAAAAAAAAAAA1AAAAAAAAAAAAAAAAAAAAAAAAAAAAAAAA
IIIIIIIIIIAAAAAAAAAAAAAAAAAAAAAAAAAAAAAAAAAAAAAAAAAAAAAAAAAAAAAA
IIIIIIIIA2AAAAAAAAAAAAAAAAAAAAAAAAAAAAAAAAAAAAAAAAAAAAAAAAAAAAAA
IIIIIIIIAAAAAAAAAAAAAAAAAAAAAAAAAAAAAAAAAAAAAAAAAAAAAAAAAAAAAAAA
IIIIIIIIIIIIIIIIIIIIIIIIIIIIIIIIIIIIIIIIIIIA1I2IIIIIIIIIIIIIIIII
IIIIIIIIIIIIIIIIIIIIIIIIIIIIIIIIIIIIIIIIIIAA122IIIIIIIIIIIIIIIII
IIIIIIIIIIIIIIIIIIIIIIIIIIIIIIIIIIIIIIIIIIAAA122IIIIIIIIIIIIIIII
IIIIIIIIIIIIIIIIIIIIIIIIIIIIIIIIIIIIIIIIIIAAAA122IIIIIIIIIIIIIII
IIIIIIIIIIIIIIIIIIIIIIIIIIIIIIIIIIIIIIIIIIAAAA1A1I2IIIIIIIIIIIII
IIIIIIIIIIIIIIIIIIIIIIIIIIIIIIIIIIIIIIIIIIAAAAAA122IIIIIIIIIIIII
IIIIIIIIIIIIIIIIIIIIIIIIIIIIIIIIIIIIIIIIIIAAAAAAA122IIIIIIIIIIII
IIIIIIIIIIIIIIIIIIIIIIIIIIIIIIIIIIIIIIIIIIAAAAAAAA122IIIIIIIIIII
IIIIIIIIIIIIIIIIIIIIIIIIIIIIIIIIIIIIIIIIIIAAAAAAAAA122IIIIIIIIII
IIIIIIIIIIIIIIIIIIIIIIIIIIIIIIIIIIIIIIIIIIAAAAAAAAA1A1I2IIIIIIII
IIIIIIIIIIIIIIIIIIIIIIIIIIIIIIIIIIIIIIIIIAAAAAAAAAA1A1I2IIIIIIII
IIIIIIIIIIIIIIIIIIIIIIIIIIIIIIIIIIIIIIIIAAAAAAAAAAA1A1I2IIIIIIII
IIIIIIIIIIIIIIIIIIIIIIIIIIIIIIIIIIIIIIIIAAAAAAAAAAA1A1IA1I2IIIII
IIIIIIIIIIIIIIIIIIIIIIIIIIIIIIIIIIIIIIIIAAAAAAAAAAA1A1IAA122IIII
IIIIIIIIIIIIIIIIIIIIIIIIIIIIIIIIIIIIIIIIAAAAAAAAAAAAA12AA122IIII
IIIIIIIIIIIIIIIIIIIIIIIIIIIIIIIIIIIIIIIIAAAAAAAAAAAAAA1AA122IIII
IIIIIIIIIIIIIIIIIIIIIIIIIIIIIIIIIIIIIIIIAAAAAAAAAAAAAAAAA122IIII
IIIIIIIIIIIIIIIIIIIIIIIIIIIIIIIIIIIIIIIIAAAAAAAAAAAAAAAAAA122III
IIIIIIIIIIIIIIIIIIIIIIIIIIIIIIIIIIIIIIIIAAAAAAAAAAAAAAAAAAA122II
IIIIIIIIIIIIIIIIIIIIIIIIIIIIIIIIIIIIIIIIAAAAAAAAAAAAAAAAAAA122A1
IIIIIIIIIIIIIIIIIIIIIIIIIIIIIIIIIIIIIIIIAAAAAAAAAAAAAAAAAAAA12A1
IIIIIIIIIIIIIIIIIIIIIIIIIIIIIIIIIIIIIIIIAAAAAAAAAAAAAAAAAAAA12AA
IIIIIIIIIIIIIIIIIIIIIIIIIIIIIIIIIIIIIIIIAAAAAAAAAAAAAAAAAAAAA1AA
IIIIIIIIIIIIIIIIIIIIIIIIIIIIIIIIIIIIIIIIAAAAAAAAAAAAAAAAAAAAAAAA
IIIIIIIIIIIIIIIIIIIIIIIIIIIIIIIIIIIIIA1IAAAAAAAAAAAAAAAAAAAAAAAA
IIIIIIIIIIIIIIIIIIIIIIIIIIIIIIIIIIIIIAA1AAAAAAAAAAAAAAAAAAAAAAAA
IIIIIIIIIIIIIIIIIIIIIIIIIIIIIIIIIIIIAAA1AAAAAAAAAAAAAAAAAAAAAAAA
IIIIIIIIIIIIIIIIIIIIIIIIIIIIIIIIIA1IAAA1AAAAAAAAAAAAAAAAAAAAAAAA
IIIIIIIIIIIIIIIIIIIIIIIIIIIIIIIIIA1AAAA1AAAAAAAAAAAAAAAAAAAAAAAA
IIIIIIIIIIIIIIIIIIIIIIIIIIIIIIIIIAAAAAA1AAAAAAAAAAAAAAAAAAAAAAAA
IIIIIIIIIIIIIIIIIIIIIIIIIIIIIIIIIAAAAAAAAAAAAAAAAAAAAAAAAAAAAAAA
IIIIIIIIIIIIIIIIIIIIIIIIIIIIIIIIAAAAAAAAAAAAAAAAAAAAAAAAAAAAAAAA
IIIIIIIIIIIIIIIIIIIIIIIIIIIA1I2IAAAAAAAAAAAAAAAAAAAAAAAAAAAAAAAA
IIIIIIIIIIIIIIIIIIIIIIIIIIIAA122AAAAAAAAAAAAAAAAAAAAAAAAAAAAAAAA
IIIIIIIIIIIIIIIIIIIIIIIIIIIAA1A1AAAAAAAAAAAAAAAAAAAAAAAAAAAAAAAA
IIIIIIIIIIIIIIIIIIIIIIIIIA1AA1A1AAAAAAAAAAAAAAAAAAAAAAAAAAAAAAAA
IIIIIIIIIIIIIIIIIIIIIIIIAA1AA1A1AAAAAAAAAAAAAAAAAAAAAAAAAAAAAAAA
IIIIIIIIIIIIIIIIIIIIIIA1AA1AA1A1AAAAAAAAAAAAAAAAAAAAAAAAAAAAAAAA
IIIIIIIIIIIIIIIIIIIIIIAAAA1AA1A1AAAAAAAAAAAAAAAAAAAAAAAAAAAAAAAA
IIIIIIIIIIIIIIIIIIIIIIAAAAAAA1A1AAAAAAAAAAAAAAAAAAAAAAAAAAAAAAAA
IIIIIIIIIIIIIIIIIIIIIAAAAAAAA1A1AAAAAAAAAAAAAAAAAAAAAAAAAAAAAAAA
IIIIIIIIIIIIIA1I2IIIIAAAAAAAA1A1AAAAAAAAAAAAAAAAAAAAAAAAAAAAAAAA
IIIIIIIIIIIIIAA122IIIAAAAAAAA1A1AAAAAAAAAAAAAAAAAAAAAAAAAAAAAAAA
IIIIIIIIIIIIIAAA122IIAAAAAAAA1A1AAAAAAAAAAAAAAAAAAAAAAAAAAAAAAAA
IIIIIIIIIIIIIAAAA122IAAAAAAAA1A1AAAAAAAAAAAAAAAAAAAAAAAAAAAAAAAA
IIIIIIIIIIIIIAAAA12A1AAAAAAAA1A1AAAAAAAAAAAAAAAAAAAAAAAAAAAAAAAA
IIIIIIIIIIIIIAAAA1AA1AAAAAAAA1A1AAAAAAAAAAAAAAAAAAAAAAAAAAAAAAAA
IIIIIIIIIIIIIAAAA1AAAAAAAAAAA1A1AAAAAAAAAAAAAAAAAAAAAAAAAAAAAAAA
IIIIIIIIIIIA1AAAA1AAAAAAAAAAA1A1AAAAAAAAAAAAAAAAAAAAAAAAAAAAAAAA
IIIIIIIIIIAA1AAAA1AAAAAAAAAAA1A1AAAAAAAAAAAAAAAAAAAAAAAAAAAAAAAA
IIIIIIIIIIAAAAAAA1AAAAAAAAAAA1A1AAAAAAAAAAAAAAAAAAAAAAAAAAAAAAAA
IIIIIIIIIIAAAAAAAAAAAAAAAAAAA1A1AAAAAAAAAAAAAAAAAAAAAAAAAAAAAAAA
IIIIIIIIIIAAAAAAAAAAAAAAAAAAAAA1AAAAAAAAAAAAAAAAAAAAAAAAAAAAAAAA
IIIIIIIIIIAAAAAAAAAAAAAAAAAAAAAAAAAAAAAAAAAAAAAAAAAAAAAAAAAAAAAA
IIIIIIIIA1AAAAAAAAAAAAAAAAAAAAAAAAAAAAAAAAAAAAAAAAAAAAAAAAAAAAAA
IIIIIIIIAAAAAAAAAAAAAAAAAAAAAAAAAAAAAAAAAAAAAAAAAAAAAAAAAAAAAAAA
IIIIIIIAAAAAAAAAAAAAAAAAAAAAAAAAAAAAAAAAAAAAAAAAAAAAAAAAAAAAAAAA
IIIIIIIIIIIIIIIIIIIIIIIIIIIIIIIIIIIIIIIIIIIA2IIIIIIIIIIIIIIIIIII
IIIIIIIIIIIIIIIIIIIIIIIIIIIIIIIIIIIIIIIIIIAA2IIIIIIIIIIIIIIIIIII
IIIIIIIIIIIIIIIIIIIIIIIIIIIIIIIIIIIIIIIIIIAAA2IIIIIIIIIIIIIIIIII
IIIIIIIIIIIIIIIIIIIIIIIIIIIIIIIIIIIIIIIIIIAAAA2IIIIIIIIIIIIIIIII
IIIIIIIIIIIIIIIIIIIIIIIIIIIIIIIIIIIIIIIIIIAAAA2A2IIIIIIIIIIIIIII
IIIIIIIIIIIIIIIIIIIIIIIIIIIIIIIIIIIIIIIIIIAAAAAA2IIIIIIIIIIIIIII
IIIIIIIIIIIIIIIIIIIIIIIIIIIIIIIIIIIIIIIIIIAAAAAAA2IIIIIIIIIIIIII
IIIIIIIIIIIIIIIIIIIIIIIIIIIIIIIIIIIIIIIIIIAAAAAAAA2IIIIIIIIIIIII
IIIIIIIIIIIIIIIIIIIIIIIIIIIIIIIIIIIIIIIIIIAAAAAAAAA2IIIIIIIIIIII
IIIIIIIIIIIIIIIIIIIIIIIIIIIIIIIIIIIIIIIIIIAAAAAAAAA2A2IIIIIIIIII
IIIIIIIIIIIIIIIIIIIIIIIIIIIIIIIIIIIIIIIIIAAAAAAAAAA2A2IIIIIIIIII
IIIIIIIIIIIIIIIIIIIIIIIIIIIIIIIIIIIIIIIIAAAAAAAAAAA2A2IIIIIIIIII
IIIIIIIIIIIIIIIIIIIIIIIIIIIIIIIIIIIIIIIIAAAAAAAAAAA2A2IA2IIIIIII
IIIIIIIIIIIIIIIIIIIIIIIIIIIIIIIIIIIIIIIIAAAAAAAAAAA2A2IAA2IIIIII
IIIIIIIIIIIIIIIIIIIIIIIIIIIIIIIIIIIIIIIIAAAAAAAAAAAAA2IAA2IIIIII
IIIIIIIIIIIIIIIIIIIIIIIIIIIIIIIIIIIIIIIIAAAAAAAAAAAAAA2AA2IIIIII
IIIIIIIIIIIIIIIIIIIIIIIIIIIIIIIIIIIIIIIIAAAAAAAAAAAAAAAAA2IIIIII
IIIIIIIIIIIIIIIIIIIIIIIIIIIIIIIIIIIIIIIIAAAAAAAAAAAAAAAAAA2IIIII
IIIIIIIIIIIIIIIIIIIIIIIIIIIIIIIIIIIIIIIIAAAAAAAAAAAAAAAAAAA2IIII
IIIIIIIIIIIIIIIIIIIIIIIIIIIIIIIIIIIIIIIIAAAAAAAAAAAAAAAAAAA2IIA2
IIIIIIIIIIIIIIIIIIIIIIIIIIIIIIIIIIIIIIIIAAAAAAAAAAAAAAAAAAAA2IA2
IIIIIIIIIIIIIIIIIIIIIIIIIIIIIIIIIIIIIIIIAAAAAAAAAAAAAAAAAAAA2IAA
IIIIIIIIIIIIIIIIIIIIIIIIIIIIIIIIIIIIIIIIAAAAAAAAAAAAAAAAAAAAA2AA
IIIIIIIIIIIIIIIIIIIIIIIIIIIIIIIIIIIIIIIIAAAAAAAAAAAAAAAAAAAAAAAA
IIIIIIIIIIIIIIIIIIIIIIIIIIIIIIIIIIIIIIA2AAAAAAAAAAAAAAAAAAAAAAAA
IIIIIIIIIIIIIIIIIIIIIIIIIIIIIIIIIIIIIIAAAAAAAAAAAAAAAAAAAAAAAAAA
IIIIIIIIIIIIIIIIIIIIIIIIIIIIIIIIIIA2IIAAAAAAAAAAAAAAAAAAAAAAAAAA
IIIIIIIIIIIIIIIIIIIIIIIIIIIIIIIIIAA2IIAAAAAAAAAAAAAAAAAAAAAAAAAA
IIIIIIIIIIIIIIIIIIIIIIIIIIIIIIIIIAA2IAAAAAAAAAAAAAAAAAAAAAAAAAAA
IIIIIIIIIIIIIIIIIIIIIIIIIIIIIIA2IAA2IAAAAAAAAAAAAAAAAAAAAAAAAAAA
IIIIIIIIIIIIIIIIIIIIIIIIIIIIIAA2IAA2IAAAAAAAAAAAAAAAAAAAAAAAAAAA
IIIIIIIIIIIIIIIIIIIIIIIIIIIIIAA2AAA2IAAAAAAAAAAAAAAAAAAAAAAAAAAA
IIIIIIIIIIIIIIIIIIIIIIIIIIIIIAAAAAA2IAAAAAAAAAAAAAAAAAAAAAAAAAAA
IIIIIIIIIIIIIIIIIIIIIIIIIIIIIAAAAAA2AAAAAAAAAAAAAAAAAAAAAAAAAAAA
IIIIIIIIIIIIIIIIIIIIIIIIIIIIIAAAAAAAAAAAAAAAAAAAAAAAAAAAAAAAAAAA
IIIIIIIIIIIIIIIIIIIIIIIIIIIIAAAAAAAAAAAAAAAAAAAAAAAAAAAAAAAAAAAA
IIIIIIIIIIIIIIIIIIIIIIIA2IIIAAAAAAAAAAAAAAAAAAAAAAAAAAAAAAAAAAAA
IIIIIIIIIIIIIIIIIIIIIIIAA2IIAAAAAAAAAAAAAAAAAAAAAAAAAAAAAAAAAAAA
IIIIIIIIIIIIIIIIIIIIIIIAAA2IAAAAAAAAAAAAAAAAAAAAAAAAAAAAAAAAAAAA
IIIIIIIIIIIIIIIIIIIIIIIAAAA2AAAAAAAAAAAAAAAAAAAAAAAAAAAAAAAAAAAA
IIIIIIIIIIIIIIIIIIIIIA2AAAA2AAAAAAAAAAAAAAAAAAAAAAAAAAAAAAAAAAAA
IIIIIIIIIIIIIIIIIIIIAA2AAAA2AAAAAAAAAAAAAAAAAAAAAAAAAAAAAAAAAAAA
IIIIIIIIIIIIIIIIIIIAAA2AAAA2AAAAAAAAAAAAAAAAAAAAAAAAAAAAAAAAAAAA
IIIIIIIIIIIIIIIIIIAAAA2AAAA2AAAAAAAAAAAAAAAAAAAAAAAAAAAAAAAAAAAA
IIIIIIIIIIIIIIIIIIAAAAAAAAA2AAAAAAAAAAAAAAAAAAAAAAAAAAAAAAAAAAAA
IIIIIIIIIIIIIIIIIAAAAAAAAAA2AAAAAAAAAAAAAAAAAAAAAAAAAAAAAAAAAAAA
IIIIIIIIIIIIIA2IIAAAAAAAAAA2AAAAAAAAAAAAAAAAAAAAAAAAAAAAAAAAAAAA
IIIIIIIIIIIA2A2IIAAAAAAAAAA2AAAAAAAAAAAAAAAAAAAAAAAAAAAAAAAAAAAA
IIIIIIIIIIIAAA2IIAAAAAAAAAA2AAAAAAAAAAAAAAAAAAAAAAAAAAAAAAAAAAAA
IIIIIIIIA2IAAA2IIAAAAAAAAAA2AAAAAAAAAAAAAAAAAAAAAAAAAAAAAAAAAAAA
IIIIIIIIAA2AAA2IIAAAAAAAAAA2AAAAAAAAAAAAAAAAAAAAAAAAAAAAAAAAAAAA
IIIIIIIIAAAAAA2IIAAAAAAAAAA2AAAAAAAAAAAAAAAAAAAAAAAAAAAAAAAAAAAA
IIIIIIIIAAAAAA2A2AAAAAAAAAA2AAAAAAAAAAAAAAAAAAAAAAAAAAAAAAAAAAAA
IIIIIIIIAAAAAAAA2AAAAAAAAAA2AAAAAAAAAAAAAAAAAAAAAAAAAAAAAAAAAAAA
IIIIIIIIAAAAAAAAAAAAAAAAAAA2AAAAAAAAAAAAAAAAAAAAAAAAAAAAAAAAAAAA
IIIIIIIIAAAAAAAAAAAAAAAAAAAAAAAAAAAAAAAAAAAAAAAAAAAAAAAAAAAAAAAA
IIIIIIIIIIIIIIIIIIIIIIIIIIIIIIIIIIIIIIIIIIIAI11I12I22I2IIIIIIIII
IIIIIIIIIIIIIIIIIIIIIIIIIIIIIIIIIIIIIIIIIIAA11111222222IIIIIIIII
IIIIIIIIIIIIIIIIIIIIIIIIIIIIIIIIIIIIIIIIIIAAA11111222222IIIIIIII
IIIIIIIIIIIIIIIIIIIIIIIIIIIIIIIIIIIIIIIIIIAAAA11111222222IIIIIII
IIIIIIIIIIIIIIIIIIIIIIIIIIIIIIIIIIIIIIIIIIAAAA1A111212222I2IIIII
IIIIIIIIIIIIIIIIIIIIIIIIIIIIIIIIIIIIIIIIIIAAAAAA11111222222IIIII
IIIIIIIIIIIIIIIIIIIIIIIIIIIIIIIIIIIIIIIIIIAAAAAAA11111222222IIII
IIIIIIIIIIIIIIIIIIIIIIIIIIIIIIIIIIIIIIIIIIAAAAAAAA11111222222III
IIIIIIIIIIIIIIIIIIIIIIIIIIIIIIIIIIIIIIIIIIAAAAAAAAA11111222222II
IIIIIIIIIIIIIIIIIIIIIIIIIIIIIIIIIIIIIIIIIIAAAAAAAAA1A111212222I2
IIIIIIIIIIIIIIIIIIIIIIIIIIIIIIIIIIIIIIIIIAAAAAAAAAA1A111212222I2
IIIIIIIIIIIIIIIIIIIIIIIIIIIIIIIIIIIIIIIIAAAAAAAAAAA1A111212222I2
IIIIIIIIIIIIIIIIIIIIIIIIIIIIIIIIIIIIIIIIAAAAAAAAAAA1A11A211212I2
IIIIIIIIIIIIIIIIIIIIIIIIIIIIIIIIIIIIIIIIAAAAAAAAAAA1A11AA1111122
IIIIIIIIIIIIIIIIIIIIIIIIIIIIIIIIIIIIIIIIAAAAAAAAAAAAA11AA1111122
IIIIIIIIIIIIIIIIIIIIIIIIIIIIIIIIIIIIIIIIAAAAAAAAAAAAAA1AA1111122
IIIIIIIIIIIIIIIIIIIIIIIIIIIIIIIIIIIIIIIIAAAAAAAAAAAAAAAAA1111122
IIIIIIIIIIIIIIIIIIIIIIIIIIIIIIIIIIIIIIIIAAAAAAAAAAAAAAAAAA111112
IIIIIIIIIIIIIIIIIIIIIIIIIIIIIIIIIIIIIIIIAAAAAAAAAAAAAAAAAAA11111
IIIIIIIIIIIIIIIIIIIIIIIIIIIIIIIIIIIIIIIIAAAAAAAAAAAAAAAAAAA111A1
IIIIIIIIIIIIIIIIIIIIIIIIIIIIIIIIIIIIIIIIAAAAAAAAAAAAAAAAAAAA11A1
IIIIIIIIIIIIIIIIIIIIIIIIIIIIIIIIIIIIIIIIAAAAAAAAAAAAAAAAAAAA11AA
IIIIIIIIIIIIIIIIIIIIIIIIIIIIIIIIIIIIIIIIAAAAAAAAAAAAAAAAAAAAA1AA
IIIIIIIIIIIIIIIIIIIIIIIIIIIIIIIIIIIIIIIIAAAAAAAAAAAAAAAAAAAAAAAA
IIIIIIIIIIIIIIIIIIIIIIIIIIIIIIIIIIIIIAI1AAAAAAAAAAAAAAAAAAAAAAAA
IIIIIIIIIIIIIIIIIIIIIIIIIIIIIIIIIIIIIAA1AAAAAAAAAAAAAAAAAAAAAAAA
IIIIIIIIIIIIIIIIIIIIIIIIIIIIIIIIIIIIAAA1AAAAAAAAAAAAAAAAAAAAAAAA
IIIIIIIIIIIIIIIIIIIIIIIIIIIIIIIIIAI1AAA1AAAAAAAAAAAAAAAAAAAAAAAA
IIIIIIIIIIIIIIIIIIIIIIIIIIIIIIIIIAIAAAA1AAAAAAAAAAAAAAAAAAAAAAAA
IIIIIIIIIIIIIIIIIIIIIIIIIIIIIIIIIAAAAAA1AAAAAAAAAAAAAAAAAAAAAAAA
IIIIIIIIIIIIIIIIIIIIIIIIIIIIIIIIIAAAAAAAAAAAAAAAAAAAAAAAAAAAAAAA
IIIIIIIIIIIIIIIIIIIIIIIIIIIIIIIIAAAAAAAAAAAAAAAAAAAAAAAAAAAAAAAA
IIIIIIIIIIIIIIIIIIIIIIIIIIIAI11IAAAAAAAAAAAAAAAAAAAAAAAAAAAAAAAA
IIIIIIIIIIIIIIIIIIIIIIIIIIIAA111AAAAAAAAAAAAAAAAAAAAAAAAAAAAAAAA
IIIIIIIIIIIIIIIIIIIIIIIIIIIAA1A1AAAAAAAAAAAAAAAAAAAAAAAAAAAAAAAA
IIIIIIIIIIIIIIIIIIIIIIIIIAIAA1A1AAAAAAAAAAAAAAAAAAAAAAAAAAAAAAAA
IIIIIIIIIIIIIIIIIIIIIIIIAA1AA1A1AAAAAAAAAAAAAAAAAAAAAAAAAAAAAAAA
IIIIIIIIIIIIIIIIIIIIIIAIAA1AA1A1AAAAAAAAAAAAAAAAAAAAAAAAAAAAAAAA
IIIIIIIIIIIIIIIIIIIIIIAAAA1AA1A1AAAAAAAAAAAAAAAAAAAAAAAAAAAAAAAA
IIIIIIIIIIIIIIIIIIIIIIAAAAAAA1A1AAAAAAAAAAAAAAAAAAAAAAAAAAAAAAAA
IIIIIIIIIIIIIIIIIIIIIAAAAAAAA1A1AAAAAAAAAAAAAAAAAAAAAAAAAAAAAAAA
IIIIIIIIIIIIIAI11I12IAAAAAAAA1A1AAAAAAAAAAAAAAAAAAAAAAAAAAAAAAAA
IIIIIIIIIIIIIAA111112AAAAAAAA1A1AAAAAAAAAAAAAAAAAAAAAAAAAAAAAAAA
IIIIIIIIIIIIIAAA11111AAAAAAAA1A1AAAAAAAAAAAAAAAAAAAAAAAAAAAAAAAA
IIIIIIIIIIIIIAAAA1111AAAAAAAA1A1AAAAAAAAAAAAAAAAAAAAAAAAAAAAAAAA
IIIIIIIIIIIIIAAAA11A1AAAAAAAA1A1AAAAAAAAAAAAAAAAAAAAAAAAAAAAAAAA
IIIIIIIIIIIIIAAAA1AA1AAAAAAAA1A1AAAAAAAAAAAAAAAAAAAAAAAAAAAAAAAA
IIIIIIIIIIIIIAAAA1AAAAAAAAAAA1A1AAAAAAAAAAAAAAAAAAAAAAAAAAAAAAAA
IIIIIIIIIIIAIAAAA1AAAAAAAAAAA1A1AAAAAAAAAAAAAAAAAAAAAAAAAAAAAAAA
IIIIIIIIIIAA1AAAA1AAAAAAAAAAA1A1AAAAAAAAAAAAAAAAAAAAAAAAAAAAAAAA
IIIIIIIIIIAAAAAAA1AAAAAAAAAAA1A1AAAAAAAAAAAAAAAAAAAAAAAAAAAAAAAA
IIIIIIIIIIAAAAAAAAAAAAAAAAAAA1A1AAAAAAAAAAAAAAAAAAAAAAAAAAAAAAAA
IIIIIIIIIIAAAAAAAAAAAAAAAAAAAAA1AAAAAAAAAAAAAAAAAAAAAAAAAAAAAAAA
IIIIIIIIIIAAAAAAAAAAAAAAAAAAAAAAAAAAAAAAAAAAAAAAAAAAAAAAAAAAAAAA
IIIIIIIIAIAAAAAAAAAAAAAAAAAAAAAAAAAAAAAAAAAAAAAAAAAAAAAAAAAAAAAA
IIIIIIIIAAAAAAAAAAAAAAAAAAAAAAAAAAAAAAAAAAAAAAAAAAAAAAAAAAAAAAAA
IIIIIIIIIIIIIIIIIIIIIIIIIIIIIIIIIIIIIIIIIIIA2IIIIIIIIIIIIIIIIIII
IIIIIIIIIIIIIIIIIIIIIIIIIIIIIIIIIIIIIIIIIIAA2IIIIIIIIIIIIIIIIIII
IIIIIIIIIIIIIIIIIIIIIIIIIIIIIIIIIIIIIIIIIIAAA2IIIIIIIIIIIIIIIIII
IIIIIIIIIIIIIIIIIIIIIIIIIIIIIIIIIIIIIIIIIIAAAA2IIIIIIIIIIIIIIIII
IIIIIIIIIIIIIIIIIIIIIIIIIIIIIIIIIIIIIIIIIIAAAA2A2IIIIIIIIIIIIIII
IIIIIIIIIIIIIIIIIIIIIIIIIIIIIIIIIIIIIIIIIIAAAAAA2IIIIIIIIIIIIIII
IIIIIIIIIIIIIIIIIIIIIIIIIIIIIIIIIIIIIIIIIIAAAAAAA2IIIIIIIIIIIIII
IIIIIIIIIIIIIIIIIIIIIIIIIIIIIIIIIIIIIIIIIIAAAAAAAA2IIIIIIIIIIIII
IIIIIIIIIIIIIIIIIIIIIIIIIIIIIIIIIIIIIIIIIIAAAAAAAAA2IIIIIIIIIIII
IIIIIIIIIIIIIIIIIIIIIIIIIIIIIIIIIIIIIIIIIIAAAAAAAAA2A2IIIIIIIIII
IIIIIIIIIIIIIIIIIIIIIIIIIIIIIIIIIIIIIIIIIAAAAAAAAAA2A2IIIIIIIIII
IIIIIIIIIIIIIIIIIIIIIIIIIIIIIIIIIIIIIIIIAAAAAAAAAAA2A2IIIIIIIIII
IIIIIIIIIIIIIIIIIIIIIIIIIIIIIIIIIIIIIIIIAAAAAAAAAAA2A2IA2IIIIIII
IIIIIIIIIIIIIIIIIIIIIIIIIIIIIIIIIIIIIIIIAAAAAAAAAAA2A2IAA2IIIIII
IIIIIIIIIIIIIIIIIIIIIIIIIIIIIIIIIIIIIIIIAAAAAAAAAAAAA2IAA2IIIIII
IIIIIIIIIIIIIIIIIIIIIIIIIIIIIIIIIIIIIIIIAAAAAAAAAAAAAA2AA2IIIIII
IIIIIIIIIIIIIIIIIIIIIIIIIIIIIIIIIIIIIIIIAAAAAAAAAAAAAAAAA2IIIIII
IIIIIIIIIIIIIIIIIIIIIIIIIIIIIIIIIIIIIIIIAAAAAAAAAAAAAAAAAA2IIIII
IIIIIIIIIIIIIIIIIIIIIIIIIIIIIIIIIIIIIIIIAAAAAAAAAAAAAAAAAAA2IIII
IIIIIIIIIIIIIIIIIIIIIIIIIIIIIIIIIIIIIIIIAAAAAAAAAAAAAAAAAAA2IIA2
IIIIIIIIIIIIIIIIIIIIIIIIIIIIIIIIIIIIIIIIAAAAAAAAAAAAAAAAAAAA2IA2
IIIIIIIIIIIIIIIIIIIIIIIIIIIIIIIIIIIIIIIIAAAAAAAAAAAAAAAAAAAA2IAA
IIIIIIIIIIIIIIIIIIIIIIIIIIIIIIIIIIIIIIIIAAAAAAAAAAAAAAAAAAAAA2AA
IIIIIIIIIIIIIIIIIIIIIIIIIIIIIIIIIIIIIIIIAAAAAAAAAAAAAAAAAAAAAAAA
IIIIIIIIIIIIIIIIIIIIIIIIIIIIIIIIIIIIIIA2AAAAAAAAAAAAAAAAAAAAAAAA
IIIIIIIIIIIIIIIIIIIIIIIIIIIIIIIIIIIIIIAAAAAAAAAAAAAAAAAAAAAAAAAA
IIIIIIIIIIIIIIIIIIIIIIIIIIIIIIIIIIA2IIAAAAAAAAAAAAAAAAAAAAAAAAAA
IIIIIIIIIIIIIIIIIIIIIIIIIIIIIIIIIAA2IIAAAAAAAAAAAAAAAAAAAAAAAAAA
IIIIIIIIIIIIIIIIIIIIIIIIIIIIIIIIIAA2IAAAAAAAAAAAAAAAAAAAAAAAAAAA
IIIIIIIIIIIIIIIIIIIIIIIIIIIIIIA2IAA2IAAAAAAAAAAAAAAAAAAAAAAAAAAA
IIIIIIIIIIIIIIIIIIIIIIIIIIIIIAA2IAA2IAAAAAAAAAAAAAAAAAAAAAAAAAAA
IIIIIIIIIIIIIIIIIIIIIIIIIIIIIAA2AAA2IAAAAAAAAAAAAAAAAAAAAAAAAAAA
IIIIIIIIIIIIIIIIIIIIIIIIIIIIIAAAAAA2IAAAAAAAAAAAAAAAAAAAAAAAAAAA
IIIIIIIIIIIIIIIIIIIIIIIIIIIIIAAAAAA2AAAAAAAAAAAAAAAAAAAAAAAAAAAA
IIIIIIIIIIIIIIIIIIIIIIIIIIIIIAAAAAAAAAAAAAAAAAAAAAAAAAAAAAAAAAAA
IIIIIIIIIIIIIIIIIIIIIIIIIIIIAAAAAAAAAAAAAAAAAAAAAAAAAAAAAAAAAAAA
IIIIIIIIIIIIIIIIIIIIIIIA2IIIAAAAAAAAAAAAAAAAAAAAAAAAAAAAAAAAAAAA
IIIIIIIIIIIIIIIIIIIIIIIAA2IIAAAAAAAAAAAAAAAAAAAAAAAAAAAAAAAAAAAA
IIIIIIIIIIIIIIIIIIIIIIIAAA2IAAAAAAAAAAAAAAAAAAAAAAAAAAAAAAAAAAAA
IIIIIIIIIIIIIIIIIIIIIIIAAAA2AAAAAAAAAAAAAAAAAAAAAAAAAAAAAAAAAAAA
IIIIIIIIIIIIIIIIIIIIIA2AAAA2AAAAAAAAAAAAAAAAAAAAAAAAAAAAAAAAAAAA
IIIIIIIIIIIIIIIIIIIIAA2AAAA2AAAAAAAAAAAAAAAAAAAAAAAAAAAAAAAAAAAA
IIIIIIIIIIIIIIIIIIIAAA2AAAA2AAAAAAAAAAAAAAAAAAAAAAAAAAAAAAAAAAAA
IIIIIIIIIIIIIIIIIIAAAA2AAAA2AAAAAAAAAAAAAAAAAAAAAAAAAAAAAAAAAAAA
IIIIIIIIIIIIIIIIIIAAAAAAAAA2AAAAAAAAAAAAAAAAAAAAAAAAAAAAAAAAAAAA
IIIIIIIIIIIIIIIIIAAAAAAAAAA2AAAAAAAAAAAAAAAAAAAAAAAAAAAAAAAAAAAA
IIIIIIIIIIIIIA2IIAAAAAAAAAA2AAAAAAAAAAAAAAAAAAAAAAAAAAAAAAAAAAAA
IIIIIIIIIIIA2A2IIAAAAAAAAAA2AAAAAAAAAAAAAAAAAAAAAAAAAAAAAAAAAAAA
IIIIIIIIIIIAAA2IIAAAAAAAAAA2AAAAAAAAAAAAAAAAAAAAAAAAAAAAAAAAAAAA
IIIIIIIIA2IAAA2IIAAAAAAAAAA2AAAAAAAAAAAAAAAAAAAAAAAAAAAAAAAAAAAA
IIIIIIIIAA2AAA2IIAAAAAAAAAA2AAAAAAAAAAAAAAAAAAAAAAAAAAAAAAAAAAAA
IIIIIIIIAAAAAA2IIAAAAAAAAAA2AAAAAAAAAAAAAAAAAAAAAAAAAAAAAAAAAAAA
IIIIIIIIAAAAAA2A2AAAAAAAAAA2AAAAAAAAAAAAAAAAAAAAAAAAAAAAAAAAAAAA
IIIIIIIIAAAAAAAA2AAAAAAAAAA2AAAAAAAAAAAAAAAAAAAAAAAAAAAAAAAAAAAA
IIIIIIIIAAAAAAAAAAAAAAAAAAA2AAAAAAAAAAAAAAAAAAAAAAAAAAAAAAAAAAAA
IIIIIIIIAAAAAAAAAAAAAAAAAAAAAAAAAAAAAAAAAAAAAAAAAAAAAAAAAAAAAAAA
IIIIIIIIIIIIIIIIIIIIIIIIIIIIIIIIIIIIIIIIIIIA1I2IIIIIIIIIIIIIIIII
IIIIIIIIIIIIIIIIIIIIIIIIIIIIIIIIIIIIIIIIIIAA122IIIIIIIIIIIIIIIII
IIIIIIIIIIIIIIIIIIIIIIIIIIIIIIIIIIIIIIIIIIAAA122IIIIIIIIIIIIIIII
IIIIIIIIIIIIIIIIIIIIIIIIIIIIIIIIIIIIIIIIIIAAAA122IIIIIIIIIIIIIII
IIIIIIIIIIIIIIIIIIIIIIIIIIIIIIIIIIIIIIIIIIAAAA1A1I2IIIIIIIIIIIII
IIIIIIIIIIIIIIIIIIIIIIIIIIIIIIIIIIIIIIIIIIAAAAAA122IIIIIIIIIIIII
IIIIIIIIIIIIIIIIIIIIIIIIIIIIIIIIIIIIIIIIIIAAAAAAA122IIIIIIIIIIII
IIIIIIIIIIIIIIIIIIIIIIIIIIIIIIIIIIIIIIIIIIAAAAAAAA122IIIIIIIIIII
IIIIIIIIIIIIIIIIIIIIIIIIIIIIIIIIIIIIIIIIIIAAAAAAAAA122IIIIIIIIII
IIIIIIIIIIIIIIIIIIIIIIIIIIIIIIIIIIIIIIIIIIAAAAAAAAA1A1I2IIIIIIII
IIIIIIIIIIIIIIIIIIIIIIIIIIIIIIIIIIIIIIIIIAAAAAAAAAA1A1I2IIIIIIII
IIIIIIIIIIIIIIIIIIIIIIIIIIIIIIIIIIIIIIIIAAAAAAAAAAA1A1I2IIIIIIII
IIIIIIIIIIIIIIIIIIIIIIIIIIIIIIIIIIIIIIIIAAAAAAAAAAA1A1IA1I2IIIII
IIIIIIIIIIIIIIIIIIIIIIIIIIIIIIIIIIIIIIIIAAAAAAAAAAA1A1IAA122IIII
IIIIIIIIIIIIIIIIIIIIIIIIIIIIIIIIIIIIIIIIAAAAAAAAAAAAA12AA122IIII
IIIIIIIIIIIIIIIIIIIIIIIIIIIIIIIIIIIIIIIIAAAAAAAAAAAAAA1AA122IIII
IIIIIIIIIIIIIIIIIIIIIIIIIIIIIIIIIIIIIIIIAAAAAAAAAAAAAAAAA122IIII
IIIIIIIIIIIIIIIIIIIIIIIIIIIIIIIIIIIIIIIIAAAAAAAAAAAAAAAAAA122III
IIIIIIIIIIIIIIIIIIIIIIIIIIIIIIIIIIIIIIIIAAAAAAAAAAAAAAAAAAA122II
IIIIIIIIIIIIIIIIIIIIIIIIIIIIIIIIIIIIIIIIAAAAAAAAAAAAAAAAAAA122A1
IIIIIIIIIIIIIIIIIIIIIIIIIIIIIIIIIIIIIIIIAAAAAAAAAAAAAAAAAAAA12A1
IIIIIIIIIIIIIIIIIIIIIIIIIIIIIIIIIIIIIIIIAAAAAAAAAAAAAAAAAAAA12AA
IIIIIIIIIIIIIIIIIIIIIIIIIIIIIIIIIIIIIIIIAAAAAAAAAAAAAAAAAAAAA1AA
IIIIIIIIIIIIIIIIIIIIIIIIIIIIIIIIIIIIIIIIAAAAAAAAAAAAAAAAAAAAAAAA
IIIIIIIIIIIIIIIIIIIIIIIIIIIIIIIIIIIIIAI1AAAAAAAAAAAAAAAAAAAAAAAA
IIIIIIIIIIIIIIIIIIIIIIIIIIIIIIIIIIIIIAA1AAAAAAAAAAAAAAAAAAAAAAAA
IIIIIIIIIIIIIIIIIIIIIIIIIIIIIIIIIIIIAAA1AAAAAAAAAAAAAAAAAAAAAAAA
IIIIIIIIIIIIIIIIIIIIIIIIIIIIIIIIIAI1AAA1AAAAAAAAAAAAAAAAAAAAAAAA
IIIIIIIIIIIIIIIIIIIIIIIIIIIIIIIIIAIAAAA1AAAAAAAAAAAAAAAAAAAAAAAA
IIIIIIIIIIIIIIIIIIIIIIIIIIIIIIIIIAAAAAA1AAAAAAAAAAAAAAAAAAAAAAAA
IIIIIIIIIIIIIIIIIIIIIIIIIIIIIIIIIAAAAAAAAAAAAAAAAAAAAAAAAAAAAAAA
IIIIIIIIIIIIIIIIIIIIIIIIIIIIIIIIAAAAAAAAAAAAAAAAAAAAAAAAAAAAAAAA
IIIIIIIIIIIIIIIIIIIIIIIIIIIAI1I2AAAAAAAAAAAAAAAAAAAAAAAAAAAAAAAA
IIIIIIIIIIIIIIIIIIIIIIIIIIIAA112AAAAAAAAAAAAAAAAAAAAAAAAAAAAAAAA
IIIIIIIIIIIIIIIIIIIIIIIIIIIAA1A2AAAAAAAAAAAAAAAAAAAAAAAAAAAAAAAA
IIIIIIIIIIIIIIIIIIIIIIIIIAIAA1A2AAAAAAAAAAAAAAAAAAAAAAAAAAAAAAAA
IIIIIIIIIIIIIIIIIIIIIIIIAA1AA1A2AAAAAAAAAAAAAAAAAAAAAAAAAAAAAAAA
IIIIIIIIIIIIIIIIIIIIIIAIAA1AA1A2AAAAAAAAAAAAAAAAAAAAAAAAAAAAAAAA
IIIIIIIIIIIIIIIIIIIIIIAAAA1AA1A2AAAAAAAAAAAAAAAAAAAAAAAAAAAAAAAA
IIIIIIIIIIIIIIIIIIIIIIAAAAAAA1A2AAAAAAAAAAAAAAAAAAAAAAAAAAAAAAAA
IIIIIIIIIIIIIIIIIIIIIAAAAAAAA1A2AAAAAAAAAAAAAAAAAAAAAAAAAAAAAAAA
IIIIIIIIIIIIIAI1I22IIAAAAAAAA1A2AAAAAAAAAAAAAAAAAAAAAAAAAAAAAAAA
IIIIIIIIIIIIIAA11222IAAAAAAAA1A2AAAAAAAAAAAAAAAAAAAAAAAAAAAAAAAA
IIIIIIIIIIIIIAAA11222AAAAAAAA1A2AAAAAAAAAAAAAAAAAAAAAAAAAAAAAAAA
IIIIIIIIIIIIIAAAA1122AAAAAAAA1A2AAAAAAAAAAAAAAAAAAAAAAAAAAAAAAAA
IIIIIIIIIIIIIAAAA11A2AAAAAAAA1A2AAAAAAAAAAAAAAAAAAAAAAAAAAAAAAAA
IIIIIIIIIIIIIAAAA1AA1AAAAAAAA1A2AAAAAAAAAAAAAAAAAAAAAAAAAAAAAAAA
IIIIIIIIIIIIIAAAA1AAAAAAAAAAA1A2AAAAAAAAAAAAAAAAAAAAAAAAAAAAAAAA
IIIIIIIIIIIIAAAAA1AAAAAAAAAAA1A2AAAAAAAAAAAAAAAAAAAAAAAAAAAAAAAA
IIIIIIIIIIIAAAAAA1AAAAAAAAAAA1A2AAAAAAAAAAAAAAAAAAAAAAAAAAAAAAAA
IIIIIIIIIIAAAAAAA1AAAAAAAAAAA1A2AAAAAAAAAAAAAAAAAAAAAAAAAAAAAAAA
IIIIIIIIIIAAAAAAAAAAAAAAAAAAA1A2AAAAAAAAAAAAAAAAAAAAAAAAAAAAAAAA
IIIIIIIIIIAAAAAAAAAAAAAAAAAAAAA1AAAAAAAAAAAAAAAAAAAAAAAAAAAAAAAA
IIIIIIIIIIAAAAAAAAAAAAAAAAAAAAAAAAAAAAAAAAAAAAAAAAAAAAAAAAAAAAAA
IIIIIIIIAIAAAAAAAAAAAAAAAAAAAAAAAAAAAAAAAAAAAAAAAAAAAAAAAAAAAAAA
IIIIIIIIAAAAAAAAAAAAAAAAAAAAAAAAAAAAAAAAAAAAAAAAAAAAAAAAAAAAAAAA
IIIIIIIIIIIIIIIIIIIIIIIIIIIIIIIIIIIIIIIIIIIAI122IIIIIIIIIIIIIIII
IIIIIIIIIIIIIIIIIIIIIIIIIIIIIIIIIIIIIIIIIIAA1122IIIIIIIIIIIIIIII
IIIIIIIIIIIIIIIIIIIIIIIIIIIIIIIIIIIIIIIIIIAAA1122IIIIIIIIIIIIIII
IIIIIIIIIIIIIIIIIIIIIIIIIIIIIIIIIIIIIIIIIIAAAA1122IIIIIIIIIIIIII
IIIIIIIIIIIIIIIIIIIIIIIIIIIIIIIIIIIIIIIIIIAAAA1A2122IIIIIIIIIIII
IIIIIIIIIIIIIIIIIIIIIIIIIIIIIIIIIIIIIIIIIIAAAAAA1122IIIIIIIIIIII
IIIIIIIIIIIIIIIIIIIIIIIIIIIIIIIIIIIIIIIIIIAAAAAAA1122IIIIIIIIIII
IIIIIIIIIIIIIIIIIIIIIIIIIIIIIIIIIIIIIIIIIIAAAAAAAA1122IIIIIIIIII
IIIIIIIIIIIIIIIIIIIIIIIIIIIIIIIIIIIIIIIIIIAAAAAAAAA1122IIIIIIIII
IIIIIIIIIIIIIIIIIIIIIIIIIIIIIIIIIIIIIIIIIIAAAAAAAAA1A2122IIIIIII
IIIIIIIIIIIIIIIIIIIIIIIIIIIIIIIIIIIIIIIIIAAAAAAAAAA1A2122IIIIIII
IIIIIIIIIIIIIIIIIIIIIIIIIIIIIIIIIIIIIIIIAAAAAAAAAAA1A2122IIIIIII
IIIIIIIIIIIIIIIIIIIIIIIIIIIIIIIIIIIIIIIIAAAAAAAAAAA1A21A2122IIII
IIIIIIIIIIIIIIIIIIIIIIIIIIIIIIIIIIIIIIIIAAAAAAAAAAA1A21AA1122III
IIIIIIIIIIIIIIIIIIIIIIIIIIIIIIIIIIIIIIIIAAAAAAAAAAAAA11AA1122III
IIIIIIIIIIIIIIIIIIIIIIIIIIIIIIIIIIIIIIIIAAAAAAAAAAAAAA1AA1122III
IIIIIIIIIIIIIIIIIIIIIIIIIIIIIIIIIIIIIIIIAAAAAAAAAAAAAAAAA1122III
IIIIIIIIIIIIIIIIIIIIIIIIIIIIIIIIIIIIIIIIAAAAAAAAAAAAAAAAAA1122II
IIIIIIIIIIIIIIIIIIIIIIIIIIIIIIIIIIIIIIIIAAAAAAAAAAAAAAAAAAA1122I
IIIIIIIIIIIIIIIIIIIIIIIIIIIIIIIIIIIIIIIIAAAAAAAAAAAAAAAAAAA112AI
IIIIIIIIIIIIIIIIIIIIIIIIIIIIIIIIIIIIIIIIAAAAAAAAAAAAAAAAAAAA11A2
IIIIIIIIIIIIIIIIIIIIIIIIIIIIIIIIIIIIIIIIAAAAAAAAAAAAAAAAAAAA11AA
IIIIIIIIIIIIIIIIIIIIIIIIIIIIIIIIIIIIIIIIAAAAAAAAAAAAAAAAAAAAA1AA
IIIIIIIIIIIIIIIIIIIIIIIIIIIIIIIIIIIIIIIIAAAAAAAAAAAAAAAAAAAAAAAA
IIIIIIIIIIIIIIIIIIIIIIIIIIIIIIIIIIIIIAI1AAAAAAAAAAAAAAAAAAAAAAAA
IIIIIIIIIIIIIIIIIIIIIIIIIIIIIIIIIIIIIAA1AAAAAAAAAAAAAAAAAAAAAAAA
IIIIIIIIIIIIIIIIIIIIIIIIIIIIIIIIIIIIAAA1AAAAAAAAAAAAAAAAAAAAAAAA
IIIIIIIIIIIIIIIIIIIIIIIIIIIIIIIIIAI1AAA1AAAAAAAAAAAAAAAAAAAAAAAA
IIIIIIIIIIIIIIIIIIIIIIIIIIIIIIIIIAIAAAA1AAAAAAAAAAAAAAAAAAAAAAAA
IIIIIIIIIIIIIIIIIIIIIIIIIIIIIIIIIAAAAAA1AAAAAAAAAAAAAAAAAAAAAAAA
IIIIIIIIIIIIIIIIIIIIIIIIIIIIIIIIIAAAAAAAAAAAAAAAAAAAAAAAAAAAAAAA
IIIIIIIIIIIIIIIIIIIIIIIIIIIIIIIIAAAAAAAAAAAAAAAAAAAAAAAAAAAAAAAA
IIIIIIIIIIIIIIIIIIIIIIIIIIIAI122AAAAAAAAAAAAAAAAAAAAAAAAAAAAAAAA
IIIIIIIIIIIIIIIIIIIIIIIIIIIAA112AAAAAAAAAAAAAAAAAAAAAAAAAAAAAAAA
IIIIIIIIIIIIIIIIIIIIIIIIIIIAA1A2AAAAAAAAAAAAAAAAAAAAAAAAAAAAAAAA
IIIIIIIIIIIIIIIIIIIIIIIIIAIAA1A2AAAAAAAAAAAAAAAAAAAAAAAAAAAAAAAA
IIIIIIIIIIIIIIIIIIIIIIIIAA1AA1A2AAAAAAAAAAAAAAAAAAAAAAAAAAAAAAAA
IIIIIIIIIIIIIIIIIIIIIIAIAA1AA1A2AAAAAAAAAAAAAAAAAAAAAAAAAAAAAAAA
IIIIIIIIIIIIIIIIIIIIIIAAAA1AA1A2AAAAAAAAAAAAAAAAAAAAAAAAAAAAAAAA
IIIIIIIIIIIIIIIIIIIIIIAAAAAAA1A2AAAAAAAAAAAAAAAAAAAAAAAAAAAAAAAA
IIIIIIIIIIIIIIIIIIIIIAAAAAAAA1A2AAAAAAAAAAAAAAAAAAAAAAAAAAAAAAAA
IIIIIIIIIIIIAI122IIIIAAAAAAAA1A2AAAAAAAAAAAAAAAAAAAAAAAAAAAAAAAA
IIIIIIIIIIIIAA1122IIIAAAAAAAA1A2AAAAAAAAAAAAAAAAAAAAAAAAAAAAAAAA
IIIIIIIIIIIIAAA1122IIAAAAAAAA1A2AAAAAAAAAAAAAAAAAAAAAAAAAAAAAAAA
IIIIIIIIIIIIAAAA1122IAAAAAAAA1A2AAAAAAAAAAAAAAAAAAAAAAAAAAAAAAAA
IIIIIIIIIIIIAAAAA1122AAAAAAAA1A2AAAAAAAAAAAAAAAAAAAAAAAAAAAAAAAA
IIIIIIIIIIIIAAAAA11A2AAAAAAAA1A2AAAAAAAAAAAAAAAAAAAAAAAAAAAAAAAA
IIIIIIIIIIIIAAAAA1AA1AAAAAAAA1A2AAAAAAAAAAAAAAAAAAAAAAAAAAAAAAAA
IIIIIIIIIIIIAAAAA1AAAAAAAAAAA1A2AAAAAAAAAAAAAAAAAAAAAAAAAAAAAAAA
IIIIIIIIIIIAAAAAA1AAAAAAAAAAA1A2AAAAAAAAAAAAAAAAAAAAAAAAAAAAAAAA
IIIIIIIIIIAAAAAAA1AAAAAAAAAAA1A2AAAAAAAAAAAAAAAAAAAAAAAAAAAAAAAA
IIIIIIIIIIAAAAAAAAAAAAAAAAAAA1A2AAAAAAAAAAAAAAAAAAAAAAAAAAAAAAAA
IIIIIIIIIIAAAAAAAAAAAAAAAAAAAAA1AAAAAAAAAAAAAAAAAAAAAAAAAAAAAAAA
IIIIIIIIIIAAAAAAAAAAAAAAAAAAAAAAAAAAAAAAAAAAAAAAAAAAAAAAAAAAAAAA
IIIIIIIIAIAAAAAAAAAAAAAAAAAAAAAAAAAAAAAAAAAAAAAAAAAAAAAAAAAAAAAA
IIIIIIIIAAAAAAAAAAAAAAAAAAAAAAAAAAAAAAAAAAAAAAAAAAAAAAAAAAAAAAAA
IIIIIIIAAAAAAAAAAAAAAAAAAAAAAAAAAAAAAAAAAAAAAAAAAAAAAAAAAAAAAAAA
IIIIIIIIIIIIIIIIIIIIIIIIIIIIIIIIIIIIIIIIIIIAI11I22I2IIIIIIIIIIII
IIIIIIIIIIIIIIIIIIIIIIIIIIIIIIIIIIIIIIIIIIAA11122222IIIIIIIIIIII
IIIIIIIIIIIIIIIIIIIIIIIIIIIIIIIIIIIIIIIIIIAAA11122222IIIIIIIIIII
IIIIIIIIIIIIIIIIIIIIIIIIIIIIIIIIIIIIIIIIIIAAAA11122222IIIIIIIIII
IIIIIIIIIIIIIIIIIIIIIIIIIIIIIIIIIIIIIIIIIIAAAA1A111222I2IIIIIIII
IIIIIIIIIIIIIIIIIIIIIIIIIIIIIIIIIIIIIIIIIIAAAAAA11122222IIIIIIII
IIIIIIIIIIIIIIIIIIIIIIIIIIIIIIIIIIIIIIIIIIAAAAAAA11122222IIIIIII
IIIIIIIIIIIIIIIIIIIIIIIIIIIIIIIIIIIIIIIIIIAAAAAAAA11122222IIIIII
IIIIIIIIIIIIIIIIIIIIIIIIIIIIIIIIIIIIIIIIIIAAAAAAAAA11122222IIIII
IIIIIIIIIIIIIIIIIIIIIIIIIIIIIIIIIIIIIIIIIIAAAAAAAAA1A111222I2III
IIIIIIIIIIIIIIIIIIIIIIIIIIIIIIIIIIIIIIIIIAAAAAAAAAA1A111222I2III
IIIIIIIIIIIIIIIIIIIIIIIIIIIIIIIIIIIIIIIIAAAAAAAAAAA1A111222I2III
IIIIIIIIIIIIIIIIIIIIIIIIIIIIIIIIIIIIIIIIAAAAAAAAAAA1A11A211I22I2
IIIIIIIIIIIIIIIIIIIIIIIIIIIIIIIIIIIIIIIIAAAAAAAAAAA1A11AA1112222
IIIIIIIIIIIIIIIIIIIIIIIIIIIIIIIIIIIIIIIIAAAAAAAAAAAAA11AA1112222
IIIIIIIIIIIIIIIIIIIIIIIIIIIIIIIIIIIIIIIIAAAAAAAAAAAAAA1AA1112222
IIIIIIIIIIIIIIIIIIIIIIIIIIIIIIIIIIIIIIIIAAAAAAAAAAAAAAAAA1112222
IIIIIIIIIIIIIIIIIIIIIIIIIIIIIIIIIIIIIIIIAAAAAAAAAAAAAAAAAA111222
IIIIIIIIIIIIIIIIIIIIIIIIIIIIIIIIIIIIIIIIAAAAAAAAAAAAAAAAAAA11122
IIIIIIIIIIIIIIIIIIIIIIIIIIIIIIIIIIIIIIIIAAAAAAAAAAAAAAAAAAA111A2
IIIIIIIIIIIIIIIIIIIIIIIIIIIIIIIIIIIIIIIIAAAAAAAAAAAAAAAAAAAA11A2
IIIIIIIIIIIIIIIIIIIIIIIIIIIIIIIIIIIIIIIIAAAAAAAAAAAAAAAAAAAA11AA
IIIIIIIIIIIIIIIIIIIIIIIIIIIIIIIIIIIIIIIIAAAAAAAAAAAAAAAAAAAAA1AA
IIIIIIIIIIIIIIIIIIIIIIIIIIIIIIIIIIIIIIIIAAAAAAAAAAAAAAAAAAAAAAAA
IIIIIIIIIIIIIIIIIIIIIIIIIIIIIIIIIIIIIIIAAAAAAAAAAAAAAAAAAAAAAAAA
IIIIIIIIIIIIIIIIIIIIIIIIIIIIIIIIIIIIIIAAAAAAAAAAAAAAAAAAAAAAAAAA
IIIIIIIIIIIIIIIIIIIIIIIIIIIIIIIIIIAI11AAAAAAAAAAAAAAAAAAAAAAAAAA
IIIIIIIIIIIIIIIIIIIIIIIIIIIIIIIIIAA111AAAAAAAAAAAAAAAAAAAAAAAAAA
IIIIIIIIIIIIIIIIIIIIIIIIIIIIIIIIIAA11AAAAAAAAAAAAAAAAAAAAAAAAAAA
IIIIIIIIIIIIIIIIIIIIIIIIIIIIIIAI1AA11AAAAAAAAAAAAAAAAAAAAAAAAAAA
IIIIIIIIIIIIIIIIIIIIIIIIIIIIIAA11AA11AAAAAAAAAAAAAAAAAAAAAAAAAAA
IIIIIIIIIIIIIIIIIIIIIIIIIIIIIAA1AAA11AAAAAAAAAAAAAAAAAAAAAAAAAAA
IIIIIIIIIIIIIIIIIIIIIIIIIIIIIAAAAAA11AAAAAAAAAAAAAAAAAAAAAAAAAAA
IIIIIIIIIIIIIIIIIIIIIIIIIIIIIAAAAAA1AAAAAAAAAAAAAAAAAAAAAAAAAAAA
IIIIIIIIIIIIIIIIIIIIIIIIIIIIIAAAAAAAAAAAAAAAAAAAAAAAAAAAAAAAAAAA
IIIIIIIIIIIIIIIIIIIIIIIIIIIIAAAAAAAAAAAAAAAAAAAAAAAAAAAAAAAAAAAA
IIIIIIIIIIIIIIIIIIIIIIIAI11IAAAAAAAAAAAAAAAAAAAAAAAAAAAAAAAAAAAA
IIIIIIIIIIIIIIIIIIIIIIIAA111AAAAAAAAAAAAAAAAAAAAAAAAAAAAAAAAAAAA
IIIIIIIIIIIIIIIIIIIIIIIAAA11AAAAAAAAAAAAAAAAAAAAAAAAAAAAAAAAAAAA
IIIIIIIIIIIIIIIIIIIIIIIAAAA1AAAAAAAAAAAAAAAAAAAAAAAAAAAAAAAAAAAA
IIIIIIIIIIIIIIIIIIIIIAIAAAA1AAAAAAAAAAAAAAAAAAAAAAAAAAAAAAAAAAAA
IIIIIIIIIIIIIIIIIIIIAA1AAAA1AAAAAAAAAAAAAAAAAAAAAAAAAAAAAAAAAAAA
IIIIIIIIIIIIIIIIIIIAAA1AAAA1AAAAAAAAAAAAAAAAAAAAAAAAAAAAAAAAAAAA
IIIIIIIIIIIIIIIIIIAAAA1AAAA1AAAAAAAAAAAAAAAAAAAAAAAAAAAAAAAAAAAA
IIIIIIIIIIIIIIIIIIAAAAAAAAA1AAAAAAAAAAAAAAAAAAAAAAAAAAAAAAAAAAAA
IIIIIIIIIIIIIIIIIAAAAAAAAAA1AAAAAAAAAAAAAAAAAAAAAAAAAAAAAAAAAAAA
IIIIIIIIIIIIIAI11AAAAAAAAAA1AAAAAAAAAAAAAAAAAAAAAAAAAAAAAAAAAAAA
IIIIIIIIIIIAIA111AAAAAAAAAA1AAAAAAAAAAAAAAAAAAAAAAAAAAAAAAAAAAAA
IIIIIIIIIIIAAA111AAAAAAAAAA1AAAAAAAAAAAAAAAAAAAAAAAAAAAAAAAAAAAA
IIIIIIIIAI1AAA111AAAAAAAAAA1AAAAAAAAAAAAAAAAAAAAAAAAAAAAAAAAAAAA
IIIIIIIIAA1AAA111AAAAAAAAAA1AAAAAAAAAAAAAAAAAAAAAAAAAAAAAAAAAAAA
IIIIIIIIAAAAAA111AAAAAAAAAA1AAAAAAAAAAAAAAAAAAAAAAAAAAAAAAAAAAAA
IIIIIIIIAAAAAA1A1AAAAAAAAAA1AAAAAAAAAAAAAAAAAAAAAAAAAAAAAAAAAAAA
IIIIIIIIAAAAAAAA1AAAAAAAAAA1AAAAAAAAAAAAAAAAAAAAAAAAAAAAAAAAAAAA
IIIIIIIIAAAAAAAAAAAAAAAAAAA1AAAAAAAAAAAAAAAAAAAAAAAAAAAAAAAAAAAA
IIIIIIIIAAAAAAAAAAAAAAAAAAAAAAAAAAAAAAAAAAAAAAAAAAAAAAAAAAAAAAAA
IIIIIIIAAAAAAAAAAAAAAAAAAAAAAAAAAAAAAAAAAAAAAAAAAAAAAAAAAAAAAAAA
IIIIIIIIIIIIIIIIIIIIIIIIIIIIIIIIIIIIIIIIIIIA1I2222IIIIIIIIIIIIII
IIIIIIIIIIIIIIIIIIIIIIIIIIIIIIIIIIIIIIIIIIAA122222IIIIIIIIIIIIII
IIIIIIIIIIIIIIIIIIIIIIIIIIIIIIIIIIIIIIIIIIAAA122222IIIIIIIIIIIII
IIIIIIIIIIIIIIIIIIIIIIIIIIIIIIIIIIIIIIIIIIAAAA122222IIIIIIIIIIII
IIIIIIIIIIIIIIIIIIIIIIIIIIIIIIIIIIIIIIIIIIAAAA1A122222IIIIIIIIII
IIIIIIIIIIIIIIIIIIIIIIIIIIIIIIIIIIIIIIIIIIAAAAAA122222IIIIIIIIII
IIIIIIIIIIIIIIIIIIIIIIIIIIIIIIIIIIIIIIIIIIAAAAAAA122222IIIIIIIII
IIIIIIIIIIIIIIIIIIIIIIIIIIIIIIIIIIIIIIIIIIAAAAAAAA122222IIIIIIII
IIIIIIIIIIIIIIIIIIIIIIIIIIIIIIIIIIIIIIIIIIAAAAAAAAA122222IIIIIII
IIIIIIIIIIIIIIIIIIIIIIIIIIIIIIIIIIIIIIIIIIAAAAAAAAA1A122222IIIII
IIIIIIIIIIIIIIIIIIIIIIIIIIIIIIIIIIIIIIIIIAAAAAAAAAA1A122222IIIII
IIIIIIIIIIIIIIIIIIIIIIIIIIIIIIIIIIIIIIIIAAAAAAAAAAA1A122222IIIII
IIIIIIIIIIIIIIIIIIIIIIIIIIIIIIIIIIIIIIIIAAAAAAAAAAA1A12A122222II
IIIIIIIIIIIIIIIIIIIIIIIIIIIIIIIIIIIIIIIIAAAAAAAAAAA1A12AA122222I
IIIIIIIIIIIIIIIIIIIIIIIIIIIIIIIIIIIIIIIIAAAAAAAAAAAAA12AA122222I
IIIIIIIIIIIIIIIIIIIIIIIIIIIIIIIIIIIIIIIIAAAAAAAAAAAAAA1AA122222I
IIIIIIIIIIIIIIIIIIIIIIIIIIIIIIIIIIIIIIIIAAAAAAAAAAAAAAAAA122222I
IIIIIIIIIIIIIIIIIIIIIIIIIIIIIIIIIIIIIIIIAAAAAAAAAAAAAAAAAA122222
IIIIIIIIIIIIIIIIIIIIIIIIIIIIIIIIIIIIIIIIAAAAAAAAAAAAAAAAAAA12222
IIIIIIIIIIIIIIIIIIIIIIIIIIIIIIIIIIIIIIIIAAAAAAAAAAAAAAAAAAA122A1
IIIIIIIIIIIIIIIIIIIIIIIIIIIIIIIIIIIIIIIIAAAAAAAAAAAAAAAAAAAA12A1
IIIIIIIIIIIIIIIIIIIIIIIIIIIIIIIIIIIIIIIIAAAAAAAAAAAAAAAAAAAA12AA
IIIIIIIIIIIIIIIIIIIIIIIIIIIIIIIIIIIIIIIIAAAAAAAAAAAAAAAAAAAAA1AA
IIIIIIIIIIIIIIIIIIIIIIIIIIIIIIIIIIIIIIIIAAAAAAAAAAAAAAAAAAAAAAAA
IIIIIIIIIIIIIIIIIIIIIIIIIIIIIIIIIIIIIA1IAAAAAAAAAAAAAAAAAAAAAAAA
IIIIIIIIIIIIIIIIIIIIIIIIIIIIIIIIIIIIIAA1AAAAAAAAAAAAAAAAAAAAAAAA
IIIIIIIIIIIIIIIIIIIIIIIIIIIIIIIIIIIIAAA1AAAAAAAAAAAAAAAAAAAAAAAA
IIIIIIIIIIIIIIIIIIIIIIIIIIIIIIIIIA1IAAA1AAAAAAAAAAAAAAAAAAAAAAAA
IIIIIIIIIIIIIIIIIIIIIIIIIIIIIIIIIA1AAAA1AAAAAAAAAAAAAAAAAAAAAAAA
IIIIIIIIIIIIIIIIIIIIIIIIIIIIIIIIIAAAAAA1AAAAAAAAAAAAAAAAAAAAAAAA
IIIIIIIIIIIIIIIIIIIIIIIIIIIIIIIIIAAAAAAAAAAAAAAAAAAAAAAAAAAAAAAA
IIIIIIIIIIIIIIIIIIIIIIIIIIIIIIIIAAAAAAAAAAAAAAAAAAAAAAAAAAAAAAAA
IIIIIIIIIIIIIIIIIIIIIIIIIIIA1I22AAAAAAAAAAAAAAAAAAAAAAAAAAAAAAAA
IIIIIIIIIIIIIIIIIIIIIIIIIIIAA122AAAAAAAAAAAAAAAAAAAAAAAAAAAAAAAA
IIIIIIIIIIIIIIIIIIIIIIIIIIIAA1A1AAAAAAAAAAAAAAAAAAAAAAAAAAAAAAAA
IIIIIIIIIIIIIIIIIIIIIIIIIA1AA1A1AAAAAAAAAAAAAAAAAAAAAAAAAAAAAAAA
IIIIIIIIIIIIIIIIIIIIIIIIAA1AA1A1AAAAAAAAAAAAAAAAAAAAAAAAAAAAAAAA
IIIIIIIIIIIIIIIIIIIIIIA1AA1AA1A1AAAAAAAAAAAAAAAAAAAAAAAAAAAAAAAA
IIIIIIIIIIIIIIIIIIIIIIAAAA1AA1A1AAAAAAAAAAAAAAAAAAAAAAAAAAAAAAAA
IIIIIIIIIIIIIIIIIIIIIIAAAAAAA1A1AAAAAAAAAAAAAAAAAAAAAAAAAAAAAAAA
IIIIIIIIIIIIIIIIIIIIIAAAAAAAA1A1AAAAAAAAAAAAAAAAAAAAAAAAAAAAAAAA
IIIIIIIIIIIIIA1I2222IAAAAAAAA1A1AAAAAAAAAAAAAAAAAAAAAAAAAAAAAAAA
IIIIIIIIIIIIIAA122222AAAAAAAA1A1AAAAAAAAAAAAAAAAAAAAAAAAAAAAAAAA
IIIIIIIIIIIIIAAA12222AAAAAAAA1A1AAAAAAAAAAAAAAAAAAAAAAAAAAAAAAAA
IIIIIIIIIIIIIAAAA1222AAAAAAAA1A1AAAAAAAAAAAAAAAAAAAAAAAAAAAAAAAA
IIIIIIIIIIIIIAAAA12A1AAAAAAAA1A1AAAAAAAAAAAAAAAAAAAAAAAAAAAAAAAA
IIIIIIIIIIIIIAAAA1AA1AAAAAAAA1A1AAAAAAAAAAAAAAAAAAAAAAAAAAAAAAAA
IIIIIIIIIIIIIAAAA1AAAAAAAAAAA1A1AAAAAAAAAAAAAAAAAAAAAAAAAAAAAAAA
IIIIIIIIIIIIAAAAA1AAAAAAAAAAA1A1AAAAAAAAAAAAAAAAAAAAAAAAAAAAAAAA
IIIIIIIIIIIAAAAAA1AAAAAAAAAAA1A1AAAAAAAAAAAAAAAAAAAAAAAAAAAAAAAA
IIIIIIIIIIAAAAAAA1AAAAAAAAAAA1A1AAAAAAAAAAAAAAAAAAAAAAAAAAAAAAAA
IIIIIIIIIIAAAAAAAAAAAAAAAAAAA1A1AAAAAAAAAAAAAAAAAAAAAAAAAAAAAAAA
IIIIIIIIIIAAAAAAAAAAAAAAAAAAAAA1AAAAAAAAAAAAAAAAAAAAAAAAAAAAAAAA
IIIIIIIIIIAAAAAAAAAAAAAAAAAAAAAAAAAAAAAAAAAAAAAAAAAAAAAAAAAAAAAA
IIIIIIIIAIAAAAAAAAAAAAAAAAAAAAAAAAAAAAAAAAAAAAAAAAAAAAAAAAAAAAAA
IIIIIIIIAAAAAAAAAAAAAAAAAAAAAAAAAAAAAAAAAAAAAAAAAAAAAAAAAAAAAAAA
IIIIIIIIIIIIIIIIIIIIIIIIIIIIIIIIIIIIIIIIIIIA2I2IIIIIIIIIIIIIIIII
IIIIIIIIIIIIIIIIIIIIIIIIIIIIIIIIIIIIIIIIIIAA222IIIIIIIIIIIIIIIII
IIIIIIIIIIIIIIIIIIIIIIIIIIIIIIIIIIIIIIIIIIAAA222IIIIIIIIIIIIIIII
IIIIIIIIIIIIIIIIIIIIIIIIIIIIIIIIIIIIIIIIIIAAAA222IIIIIIIIIIIIIII
IIIIIIIIIIIIIIIIIIIIIIIIIIIIIIIIIIIIIIIIIIAAAA2A2I2IIIIIIIIIIIII
IIIIIIIIIIIIIIIIIIIIIIIIIIIIIIIIIIIIIIIIIIAAAAAA222IIIIIIIIIIIII
IIIIIIIIIIIIIIIIIIIIIIIIIIIIIIIIIIIIIIIIIIAAAAAAA222IIIIIIIIIIII
IIIIIIIIIIIIIIIIIIIIIIIIIIIIIIIIIIIIIIIIIIAAAAAAAA222IIIIIIIIIII
IIIIIIIIIIIIIIIIIIIIIIIIIIIIIIIIIIIIIIIIIIAAAAAAAAA222IIIIIIIIII
IIIIIIIIIIIIIIIIIIIIIIIIIIIIIIIIIIIIIIIIIIAAAAAAAAA2A2I2IIIIIIII
IIIIIIIIIIIIIIIIIIIIIIIIIIIIIIIIIIIIIIIIIAAAAAAAAAA2A2I2IIIIIIII
IIIIIIIIIIIIIIIIIIIIIIIIIIIIIIIIIIIIIIIIAAAAAAAAAAA2A2I2IIIIIIII
IIIIIIIIIIIIIIIIIIIIIIIIIIIIIIIIIIIIIIIIAAAAAAAAAAA2A2IA2I2IIIII
IIIIIIIIIIIIIIIIIIIIIIIIIIIIIIIIIIIIIIIIAAAAAAAAAAA2A2IAA222IIII
IIIIIIIIIIIIIIIIIIIIIIIIIIIIIIIIIIIIIIIIAAAAAAAAAAAAA22AA222IIII
IIIIIIIIIIIIIIIIIIIIIIIIIIIIIIIIIIIIIIIIAAAAAAAAAAAAAA2AA222IIII
IIIIIIIIIIIIIIIIIIIIIIIIIIIIIIIIIIIIIIIIAAAAAAAAAAAAAAAAA222IIII
IIIIIIIIIIIIIIIIIIIIIIIIIIIIIIIIIIIIIIIIAAAAAAAAAAAAAAAAAA222III
IIIIIIIIIIIIIIIIIIIIIIIIIIIIIIIIIIIIIIIIAAAAAAAAAAAAAAAAAAA222II
IIIIIIIIIIIIIIIIIIIIIIIIIIIIIIIIIIIIIIIIAAAAAAAAAAAAAAAAAAA222A2
IIIIIIIIIIIIIIIIIIIIIIIIIIIIIIIIIIIIIIIIAAAAAAAAAAAAAAAAAAAA22A2
IIIIIIIIIIIIIIIIIIIIIIIIIIIIIIIIIIIIIIIIAAAAAAAAAAAAAAAAAAAA22AA
IIIIIIIIIIIIIIIIIIIIIIIIIIIIIIIIIIIIIIIIAAAAAAAAAAAAAAAAAAAAA2AA
IIIIIIIIIIIIIIIIIIIIIIIIIIIIIIIIIIIIIIIIAAAAAAAAAAAAAAAAAAAAAAAA
IIIIIIIIIIIIIIIIIIIIIIIIIIIIIIIIIIIIIA1IAAAAAAAAAAAAAAAAAAAAAAAA
IIIIIIIIIIIIIIIIIIIIIIIIIIIIIIIIIIIIIAA1AAAAAAAAAAAAAAAAAAAAAAAA
IIIIIIIIIIIIIIIIIIIIIIIIIIIIIIIIIIIIAAA1AAAAAAAAAAAAAAAAAAAAAAAA
IIIIIIIIIIIIIIIIIIIIIIIIIIIIIIIIIA1IAAA1AAAAAAAAAAAAAAAAAAAAAAAA
IIIIIIIIIIIIIIIIIIIIIIIIIIIIIIIIIA1AAAA1AAAAAAAAAAAAAAAAAAAAAAAA
IIIIIIIIIIIIIIIIIIIIIIIIIIIIIIIIIAAAAAA1AAAAAAAAAAAAAAAAAAAAAAAA
IIIIIIIIIIIIIIIIIIIIIIIIIIIIIIIIIAAAAAAAAAAAAAAAAAAAAAAAAAAAAAAA
IIIIIIIIIIIIIIIIIIIIIIIIIIIIIIIIAAAAAAAAAAAAAAAAAAAAAAAAAAAAAAAA
IIIIIIIIIIIIIIIIIIIIIIIIIIIA1I2IAAAAAAAAAAAAAAAAAAAAAAAAAAAAAAAA
IIIIIIIIIIIIIIIIIIIIIIIIIIIAA122AAAAAAAAAAAAAAAAAAAAAAAAAAAAAAAA
IIIIIIIIIIIIIIIIIIIIIIIIIIIAA1A1AAAAAAAAAAAAAAAAAAAAAAAAAAAAAAAA
IIIIIIIIIIIIIIIIIIIIIIIIIA1AA1A1AAAAAAAAAAAAAAAAAAAAAAAAAAAAAAAA
IIIIIIIIIIIIIIIIIIIIIIIIAA1AA1A1AAAAAAAAAAAAAAAAAAAAAAAAAAAAAAAA
IIIIIIIIIIIIIIIIIIIIIIA1AA1AA1A1AAAAAAAAAAAAAAAAAAAAAAAAAAAAAAAA
IIIIIIIIIIIIIIIIIIIIIIAAAA1AA1A1AAAAAAAAAAAAAAAAAAAAAAAAAAAAAAAA
IIIIIIIIIIIIIIIIIIIIIIAAAAAAA1A1AAAAAAAAAAAAAAAAAAAAAAAAAAAAAAAA
IIIIIIIIIIIIIIIIIIIIIAAAAAAAA1A1AAAAAAAAAAAAAAAAAAAAAAAAAAAAAAAA
IIIIIIIIIIIIIA1I2I22IAAAAAAAA1A1AAAAAAAAAAAAAAAAAAAAAAAAAAAAAAAA
IIIIIIIIIIIIIAA122222AAAAAAAA1A1AAAAAAAAAAAAAAAAAAAAAAAAAAAAAAAA
IIIIIIIIIIIIIAAA12222AAAAAAAA1A1AAAAAAAAAAAAAAAAAAAAAAAAAAAAAAAA
IIIIIIIIIIIIIAAAA1222AAAAAAAA1A1AAAAAAAAAAAAAAAAAAAAAAAAAAAAAAAA
IIIIIIIIIIIIIAAAA12A1AAAAAAAA1A1AAAAAAAAAAAAAAAAAAAAAAAAAAAAAAAA
IIIIIIIIIIIIIAAAA1AA1AAAAAAAA1A1AAAAAAAAAAAAAAAAAAAAAAAAAAAAAAAA
IIIIIIIIIIIIIAAAA1AAAAAAAAAAA1A1AAAAAAAAAAAAAAAAAAAAAAAAAAAAAAAA
IIIIIIIIIIIA1AAAA1AAAAAAAAAAA1A1AAAAAAAAAAAAAAAAAAAAAAAAAAAAAAAA
IIIIIIIIIIAA1AAAA1AAAAAAAAAAA1A1AAAAAAAAAAAAAAAAAAAAAAAAAAAAAAAA
IIIIIIIIIIAAAAAAA1AAAAAAAAAAA1A1AAAAAAAAAAAAAAAAAAAAAAAAAAAAAAAA
IIIIIIIIIIAAAAAAAAAAAAAAAAAAA1A1AAAAAAAAAAAAAAAAAAAAAAAAAAAAAAAA
IIIIIIIIIIAAAAAAAAAAAAAAAAAAAAA1AAAAAAAAAAAAAAAAAAAAAAAAAAAAAAAA
IIIIIIIIIIAAAAAAAAAAAAAAAAAAAAAAAAAAAAAAAAAAAAAAAAAAAAAAAAAAAAAA
IIIIIIIIA1AAAAAAAAAAAAAAAAAAAAAAAAAAAAAAAAAAAAAAAAAAAAAAAAAAAAAA
IIIIIIIIAAAAAAAAAAAAAAAAAAAAAAAAAAAAAAAAAAAAAAAAAAAAAAAAAAAAAAAA
IIIIIIIAAAAAAAAAAAAAAAAAAAAAAAAAAAAAAAAAAAAAAAAAAAAAAAAAAAAAAAAA
[MLOP] Prefetch Degree Mean: 6.77717
[MLOP] Prefetch Degree SD: 3.93442
[MLOP] Max Score Left Mean (%): 18.6783
[MLOP] Max Score Left SD (%): 8.92438
[MLOP] Max Score Right Mean (%): 51.3883
[MLOP] Max Score Right SD (%): 9.94491
================ Mockingjay (LLC) Pollution Stats ================
Total pollution count in LLC: 1091
==================================================================

DRAM Statistics
 CHANNEL 0
 RQ ROW_BUFFER_HIT:      12914  ROW_BUFFER_MISS:      30094
 DBUS_CONGESTED:        371
 WQ ROW_BUFFER_HIT:        791  ROW_BUFFER_MISS:      11159  FULL:          0

 AVG_CONGESTED_CYCLE: 4
 All warmup complete: 2
Channel 0 Bank busy for read cycles: 0
Channel 0 Bank busy for write cycles: 0
Channel 0
Rank 0
0banks busy for read cycles: 595835272
0banks busy for write cycles: 6611
1banks busy for read cycles: 1802325
1banks busy for write cycles: 836335
2banks busy for read cycles: 574574
2banks busy for write cycles: 195976
3banks busy for read cycles: 254704
3banks busy for write cycles: 81935
4banks busy for read cycles: 124657
4banks busy for write cycles: 39115
5banks busy for read cycles: 78546
5banks busy for write cycles: 21658
6banks busy for read cycles: 48707
6banks busy for write cycles: 12468
7banks busy for read cycles: 24879
7banks busy for write cycles: 8573
8banks busy for read cycles: 11050
8banks busy for write cycles: 15131

CPU 0 Branch Prediction Accuracy: 99.88% MPKI: 0.21085 Average ROB Occupancy at Mispredict: 30.3803
Branch types
NOT_BRANCH: 164852090 82.426%
BRANCH_DIRECT_JUMP: 2027402 1.0137%
BRANCH_INDIRECT: 11862212 5.93111%
BRANCH_CONDITIONAL: 12724798 6.3624%
BRANCH_DIRECT_CALL: 3597908 1.79895%
BRANCH_INDIRECT_CALL: 668676 0.334338%
BRANCH_RETURN: 4266577 2.13329%
BRANCH_OTHER: 0 0%

===================== LRU L1D STATS =====================
Total pollution count in L1D: 825021
=========================================================
================ SRRIP (L2C) Pollution Stats ================
Total pollution count in L2c: 31506
==================================================================
DRAM PAGES: 1048576
Allocated PAGES: 2582
