
*** ChampSim Multicore Out-of-Order Simulator ***

Warmup Instructions: 200000000
Simulation Instructions: 200000000
Number of CPUs: 1
LLC sets: 4096
LLC ways: 12
Off-chip DRAM Size: 4096 MB Channels: 1 Width: 64-bit Data Rate: 6400 MT/s
CPU 0 runs ./tracer/traces/623.xalancbmk_s-202B.champsimtrace.xz
.xz
BTB has LRU replacement policy
ITLB has LRU replacement policy
DTLB has LRU replacement policy
STLB has LRU replacement policy
L1I has LRU replacement policy
L1D has LRU replacement policy
Initialize SRRIP state for L2C
Initialize Mockingjay state for LLC
Heartbeat CPU 0 instructions: 10000000 cycles: 2476499 heartbeat IPC: 4.03796 cumulative IPC: 4.03796 (Simulation time: 0 hr 1 min 18 sec) 
Heartbeat CPU 0 instructions: 20000002 cycles: 4948646 heartbeat IPC: 4.04507 cumulative IPC: 4.04151 (Simulation time: 0 hr 3 min 2 sec) 
Heartbeat CPU 0 instructions: 30000000 cycles: 7419604 heartbeat IPC: 4.04701 cumulative IPC: 4.04334 (Simulation time: 0 hr 4 min 9 sec) 
Heartbeat CPU 0 instructions: 40000004 cycles: 9889990 heartbeat IPC: 4.04795 cumulative IPC: 4.04449 (Simulation time: 0 hr 5 min 12 sec) 
Heartbeat CPU 0 instructions: 50000004 cycles: 12374113 heartbeat IPC: 4.02557 cumulative IPC: 4.04069 (Simulation time: 0 hr 6 min 23 sec) 
Heartbeat CPU 0 instructions: 60000004 cycles: 14850050 heartbeat IPC: 4.03888 cumulative IPC: 4.04039 (Simulation time: 0 hr 7 min 45 sec) 
Heartbeat CPU 0 instructions: 70000004 cycles: 17325894 heartbeat IPC: 4.03903 cumulative IPC: 4.0402 (Simulation time: 0 hr 9 min 11 sec) 
Heartbeat CPU 0 instructions: 80000000 cycles: 19792815 heartbeat IPC: 4.05363 cumulative IPC: 4.04187 (Simulation time: 0 hr 10 min 30 sec) 
Heartbeat CPU 0 instructions: 90000000 cycles: 22260666 heartbeat IPC: 4.05211 cumulative IPC: 4.04301 (Simulation time: 0 hr 11 min 37 sec) 
Heartbeat CPU 0 instructions: 100000000 cycles: 24734279 heartbeat IPC: 4.04267 cumulative IPC: 4.04297 (Simulation time: 0 hr 12 min 40 sec) 
Heartbeat CPU 0 instructions: 110000000 cycles: 27206001 heartbeat IPC: 4.04576 cumulative IPC: 4.04323 (Simulation time: 0 hr 13 min 47 sec) 
Heartbeat CPU 0 instructions: 120000003 cycles: 29670962 heartbeat IPC: 4.05686 cumulative IPC: 4.04436 (Simulation time: 0 hr 14 min 53 sec) 
Heartbeat CPU 0 instructions: 130000003 cycles: 32151000 heartbeat IPC: 4.0322 cumulative IPC: 4.04342 (Simulation time: 0 hr 15 min 54 sec) 
Heartbeat CPU 0 instructions: 140000001 cycles: 34616887 heartbeat IPC: 4.05534 cumulative IPC: 4.04427 (Simulation time: 0 hr 16 min 57 sec) 
Heartbeat CPU 0 instructions: 150000001 cycles: 37096623 heartbeat IPC: 4.03269 cumulative IPC: 4.04349 (Simulation time: 0 hr 18 min 1 sec) 
Heartbeat CPU 0 instructions: 160000000 cycles: 39573546 heartbeat IPC: 4.03727 cumulative IPC: 4.04311 (Simulation time: 0 hr 18 min 53 sec) 
Heartbeat CPU 0 instructions: 170000001 cycles: 42043864 heartbeat IPC: 4.04806 cumulative IPC: 4.0434 (Simulation time: 0 hr 19 min 45 sec) 
Heartbeat CPU 0 instructions: 180000000 cycles: 44531852 heartbeat IPC: 4.01931 cumulative IPC: 4.04205 (Simulation time: 0 hr 20 min 42 sec) 
Heartbeat CPU 0 instructions: 190000000 cycles: 47004201 heartbeat IPC: 4.04474 cumulative IPC: 4.04219 (Simulation time: 0 hr 21 min 26 sec) 
Heartbeat CPU 0 instructions: 200000003 cycles: 49480321 heartbeat IPC: 4.03858 cumulative IPC: 4.04201 (Simulation time: 0 hr 22 min 4 sec) 

Warmup complete CPU 0 instructions: 200000003 cycles: 49480321 (Simulation time: 0 hr 22 min 4 sec) 

Heartbeat CPU 0 instructions: 210000005 cycles: 59402216 heartbeat IPC: 1.00787 cumulative IPC: 1.00787 (Simulation time: 0 hr 23 min 5 sec) 
Heartbeat CPU 0 instructions: 220000000 cycles: 69121843 heartbeat IPC: 1.02885 cumulative IPC: 1.01825 (Simulation time: 0 hr 24 min 7 sec) 
Heartbeat CPU 0 instructions: 230000006 cycles: 78855475 heartbeat IPC: 1.02737 cumulative IPC: 1.02127 (Simulation time: 0 hr 25 min 8 sec) 
Heartbeat CPU 0 instructions: 240000000 cycles: 88698005 heartbeat IPC: 1.016 cumulative IPC: 1.01995 (Simulation time: 0 hr 26 min 9 sec) 
Heartbeat CPU 0 instructions: 250000001 cycles: 98666104 heartbeat IPC: 1.0032 cumulative IPC: 1.01655 (Simulation time: 0 hr 27 min 13 sec) 
Heartbeat CPU 0 instructions: 260000003 cycles: 108519330 heartbeat IPC: 1.0149 cumulative IPC: 1.01628 (Simulation time: 0 hr 28 min 17 sec) 
Heartbeat CPU 0 instructions: 270000000 cycles: 118168219 heartbeat IPC: 1.03639 cumulative IPC: 1.0191 (Simulation time: 0 hr 29 min 19 sec) 
Heartbeat CPU 0 instructions: 280000002 cycles: 128211143 heartbeat IPC: 0.995726 cumulative IPC: 1.01612 (Simulation time: 0 hr 30 min 20 sec) 
Heartbeat CPU 0 instructions: 290000001 cycles: 138160089 heartbeat IPC: 1.00513 cumulative IPC: 1.01489 (Simulation time: 0 hr 31 min 20 sec) 
Heartbeat CPU 0 instructions: 300000002 cycles: 147942793 heartbeat IPC: 1.02221 cumulative IPC: 1.01562 (Simulation time: 0 hr 32 min 19 sec) 
Heartbeat CPU 0 instructions: 310000000 cycles: 157943828 heartbeat IPC: 0.999896 cumulative IPC: 1.01417 (Simulation time: 0 hr 33 min 17 sec) 
Heartbeat CPU 0 instructions: 320000002 cycles: 167739267 heartbeat IPC: 1.02088 cumulative IPC: 1.01472 (Simulation time: 0 hr 34 min 15 sec) 
Heartbeat CPU 0 instructions: 330000000 cycles: 177522965 heartbeat IPC: 1.02211 cumulative IPC: 1.01529 (Simulation time: 0 hr 35 min 14 sec) 
Heartbeat CPU 0 instructions: 340000000 cycles: 187387098 heartbeat IPC: 1.01377 cumulative IPC: 1.01518 (Simulation time: 0 hr 36 min 11 sec) 
Heartbeat CPU 0 instructions: 350000002 cycles: 196975788 heartbeat IPC: 1.0429 cumulative IPC: 1.01698 (Simulation time: 0 hr 37 min 7 sec) 
Heartbeat CPU 0 instructions: 360000000 cycles: 206730368 heartbeat IPC: 1.02516 cumulative IPC: 1.01749 (Simulation time: 0 hr 38 min 2 sec) 
Heartbeat CPU 0 instructions: 370000002 cycles: 216382730 heartbeat IPC: 1.03602 cumulative IPC: 1.01856 (Simulation time: 0 hr 38 min 58 sec) 
Heartbeat CPU 0 instructions: 380000000 cycles: 226288997 heartbeat IPC: 1.00946 cumulative IPC: 1.01805 (Simulation time: 0 hr 39 min 53 sec) 
Heartbeat CPU 0 instructions: 390000000 cycles: 236139114 heartbeat IPC: 1.01522 cumulative IPC: 1.0179 (Simulation time: 0 hr 40 min 47 sec) 
Heartbeat CPU 0 instructions: 400000000 cycles: 245828361 heartbeat IPC: 1.03207 cumulative IPC: 1.0186 (Simulation time: 0 hr 41 min 40 sec) 
Finished CPU 0 instructions: 200000000 cycles: 196348041 cumulative IPC: 1.0186 (Simulation time: 0 hr 41 min 40 sec) 

ChampSim completed all CPUs

Region of Interest Statistics

CPU 0 cumulative IPC: 1.0186 instructions: 200000000 cycles: 196348041
ITLB TOTAL     ACCESS:   21487597  HIT:   21487597  MISS:          0  HIT %:        100  MISS %:          0   MPKI: 0
ITLB LOAD TRANSLATION ACCESS:   21487597  HIT:   21487597  MISS:          0  HIT %:        100  MISS %:          0   MPKI: 0
ITLB PREFETCH  REQUESTED:          0  ISSUED:          0  USEFUL:          0  USELESS:          0
ITLB USEFUL LOAD PREFETCHES:          0 PREFETCH ISSUED TO LOWER LEVEL:          0  ACCURACY: -nan
ITLB TIMELY PREFETCHES:          0 LATE PREFETCHES: 0 DROPPED PREFETCHES: 0
ITLB PREFETCHES SAME FILL-ORIGIN LEVEL: 0 DIFFERENT FILL-ORIGIN LEVEL: 0
ITLB AVERAGE MISS LATENCY:       -nan cycles AVERAGE LOAD MISS LATENCY:       -nan cycles Load Miss          0
ITLB Average MSHR Occupancy: 5.6023e-08
ITLB RQ	ACCESS:   22954637	FORWARD:          0	MERGED:    1467039	TO_CACHE:   21487598

DTLB TOTAL     ACCESS:   24579830  HIT:   24491674  MISS:      88156  HIT %:    99.6413  MISS %:   0.358652   MPKI: 0.44078
DTLB LOAD TRANSLATION ACCESS:   24579830  HIT:   24491674  MISS:      88156  HIT %:    99.6413  MISS %:   0.358652   MPKI: 0.44078
DTLB PREFETCH  REQUESTED:          0  ISSUED:          0  USEFUL:          0  USELESS:          0
DTLB USEFUL LOAD PREFETCHES:          0 PREFETCH ISSUED TO LOWER LEVEL:          0  ACCURACY: -nan
DTLB TIMELY PREFETCHES:          0 LATE PREFETCHES: 0 DROPPED PREFETCHES: 0
DTLB PREFETCHES SAME FILL-ORIGIN LEVEL: 0 DIFFERENT FILL-ORIGIN LEVEL: 0
DTLB AVERAGE MISS LATENCY:    9.43109 cycles AVERAGE LOAD MISS LATENCY:       -nan cycles Load Miss          0
DTLB Average MSHR Occupancy: 0.00371096
DTLB RQ	ACCESS:   29417058	FORWARD:          0	MERGED:    4836813	TO_CACHE:   24580245

STLB TOTAL     ACCESS:    2194907  HIT:    2194722  MISS:        185  HIT %:    99.9916  MISS %:  0.0084286   MPKI: 0.000925
STLB LOAD TRANSLATION ACCESS:      88156  HIT:      87971  MISS:        185  HIT %:    99.7901  MISS %:   0.209855   MPKI: 0.000925
STLB TRANSLATION FROM L1D PREFETCHER ACCESS:    2106751  HIT:    2106751  MISS:          0  HIT %:        100  MISS %:          0   MPKI: 0
STLB PREFETCH  REQUESTED:          0  ISSUED:          0  USEFUL:          0  USELESS:          0
STLB USEFUL LOAD PREFETCHES:          0 PREFETCH ISSUED TO LOWER LEVEL:          0  ACCURACY: -nan
STLB TIMELY PREFETCHES:          0 LATE PREFETCHES: 0 DROPPED PREFETCHES: 0
STLB PREFETCHES SAME FILL-ORIGIN LEVEL: 0 DIFFERENT FILL-ORIGIN LEVEL: 0
STLB AVERAGE MISS LATENCY:     205.33 cycles AVERAGE LOAD MISS LATENCY:       -nan cycles Load Miss          0
STLB Average MSHR Occupancy: 0.000106821
STLB RQ	ACCESS:    4731131	FORWARD:          0	MERGED:    2536224	TO_CACHE:    2194907

STLB Hit, L1D data hit: 0
STLB Hit, L2C data hit: 0
STLB Hit, LLC data hit: 0
STLB Hit, LLC data miss: 0
STLB STLB hints to L2: 0
L1D TOTAL     ACCESS:   33598688  HIT:   28209075  MISS:    5389613  HIT %:    83.9589  MISS %:    16.0411   MPKI: 26.9481
L1D LOAD      ACCESS:   25804994  HIT:   24668841  MISS:    1136153  HIT %:    95.5972  MISS %:    4.40284   MPKI: 5.68077
L1D RFO       ACCESS:    3540229  HIT:    3540229  MISS:          0  HIT %:        100  MISS %:          0   MPKI: 0
L1D PREFETCH  ACCESS:    4253465  HIT:          5  MISS:    4253460  HIT %: 0.000117551  MISS %:    99.9999   MPKI: 21.2673
AGUS PREFETCH L1 MISS: 0
L1D PREFETCH  REQUESTED:    9346885  ISSUED:    9346885  USEFUL:    3888791  USELESS:     364672
L1D USEFUL LOAD PREFETCHES:    3888791 PREFETCH ISSUED TO LOWER LEVEL:    4546290  ACCURACY: 85.5377
L1D TIMELY PREFETCHES:    3888791 LATE PREFETCHES: 75663 DROPPED PREFETCHES: 0
L1D PREFETCHES SAME FILL-ORIGIN LEVEL: 4329127 DIFFERENT FILL-ORIGIN LEVEL: 217163
L1D AVERAGE MISS LATENCY:    55.8735 cycles AVERAGE LOAD MISS LATENCY:    27.2001 cycles Load Miss    1136153
L1D Average MSHR Occupancy:    1.61105
L1D RQ	ACCESS:   59774838	FORWARD:          0	MERGED:   33100817	TO_CACHE:   25876829
L1D WQ	ACCESS:    3540229	FORWARD:     797192	MERGED:          0	TO_CACHE:    3540229
L1D PQ	ACCESS:    4703910	FORWARD:          0	MERGED:      60935	TO_CACHE:    4642975

L1D UNIQUE REGIONS ACCESSED: 0
L1D REGIONS CONFLICTS: 0
L1D Cross Page Prefetch Requests: 0
L1D Same Page Prefetch Requests: 9604111
L1D ROI Sum of L1D PQ occupancy: 63192877
L1D PREFETCHES PUSHED FROM L2C: 0
L1I TOTAL     ACCESS:   19251985  HIT:    5569519  MISS:   13682466  HIT %:    28.9296  MISS %:    71.0704   MPKI: 68.4123
L1I LOAD      ACCESS:   19251985  HIT:    5569519  MISS:   13682466  HIT %:    28.9296  MISS %:    71.0704   MPKI: 68.4123
L1I PREFETCH  REQUESTED:          0  ISSUED:          0  USEFUL:          0  USELESS:          0
L1I USEFUL LOAD PREFETCHES:          0 PREFETCH ISSUED TO LOWER LEVEL:          0  ACCURACY: -nan
L1I TIMELY PREFETCHES:          0 LATE PREFETCHES: 0 DROPPED PREFETCHES: 0
L1I PREFETCHES SAME FILL-ORIGIN LEVEL: 0 DIFFERENT FILL-ORIGIN LEVEL: 0
L1I AVERAGE MISS LATENCY:    14.0105 cycles AVERAGE LOAD MISS LATENCY:    14.0105 cycles Load Miss   13682466
L1I Average MSHR Occupancy:   0.915744
L1I RQ	ACCESS:   68025372	FORWARD:          0	MERGED:   45070735	TO_CACHE:   22954637

BTB TOTAL     ACCESS:   35001499  HIT:   35001482  MISS:         17  HIT %:        100  MISS %: 4.85693e-05   MPKI: 8.5e-05
BTB BRANCH_DIRECT_JUMP	ACCESS:        143  HIT:        142  MISS:          1
BTB BRANCH_INDIRECT	ACCESS:          0  HIT:          0  MISS:          0
BTB BRANCH_CONDITIONAL	ACCESS:   31462130  HIT:   31462121  MISS:          9
BTB BRANCH_DIRECT_CALL	ACCESS:     884878  HIT:     884876  MISS:          2
BTB BRANCH_INDIRECT_CALL	ACCESS:     884735  HIT:     884734  MISS:          1
BTB BRANCH_RETURN	ACCESS:    1769613  HIT:    1769609  MISS:          4
BTB BRANCH_OTHER ACCESS:          0  HIT:          0  MISS:          0

L2C TOTAL     ACCESS:   19244942  HIT:   15822030  MISS:    3422912  HIT %:     82.214  MISS %:     17.786   MPKI: 17.1146
L2C LOAD      ACCESS:   14742955  HIT:   14510720  MISS:     232235  HIT %:    98.4248  MISS %:    1.57523   MPKI: 1.16118
L2C DATA LOAD MPKI: 1.1605
L2C INSTRUCTION LOAD MPKI: 0.00068
L2C PREFETCH  ACCESS:    4501659  HIT:    1311067  MISS:    3190592  HIT %:    29.1241  MISS %:    70.8759   MPKI: 15.953
AGUS PREFETCH L1 MISS: 0
L2C DATA PREFETCH MPKI: 15.953
L2C INSTRUCTION PREFETCH MPKI: 0
L2C WRITEBACK ACCESS:        143  HIT:        143  MISS:          0  HIT %:        100  MISS %:          0   MPKI: 0
L2C LOAD TRANSLATION ACCESS:        185  HIT:        100  MISS:         85  HIT %:    54.0541  MISS %:    45.9459   MPKI: 0.000425
L2C PREFETCH  REQUESTED:          0  ISSUED:          0  USEFUL:     285365  USELESS:    2900380
L2C USEFUL LOAD PREFETCHES:     285365 PREFETCH ISSUED TO LOWER LEVEL:    3194066  ACCURACY: 8.93422
L2C TIMELY PREFETCHES:     285365 LATE PREFETCHES: 3469 DROPPED PREFETCHES: 0
L2C PREFETCHES SAME FILL-ORIGIN LEVEL: 158774 DIFFERENT FILL-ORIGIN LEVEL: 0
L2C AVERAGE MISS LATENCY:     67.339 cycles AVERAGE LOAD MISS LATENCY:    63.6993 cycles Load Miss     232235
L2C Average MSHR Occupancy:    1.16321
L2C RQ	ACCESS:   14743143	FORWARD:          0	MERGED:          0	TO_CACHE:   14743143
L2C WQ	ACCESS:        143	FORWARD:          0	MERGED:          0	TO_CACHE:        143
L2C PQ	ACCESS:    4546290	FORWARD:          0	MERGED:          9	TO_CACHE:    4546281

L2C Instructions Evicting Data 136
L2C Translations Evicting Data 85
L2C Data Evicting Data 3422465
L2C Instructions Evicting Instructions 0
L2C Translations Evicting Instructions 0
L2C Data Evicting Instructions 141
L2C Instructions Evicting Translations 0
L2C Translations Evicting Translations 0
L2C Data Evicting Translations 85
L2C Dense regions hint from L2: 0
PSCL5 TOTAL     ACCESS:        185  HIT:        185  MISS:          0  HIT %:        100  MISS %:          0   MPKI: 0
PSCL5 LOAD TRANSLATION ACCESS:        185  HIT:        185  MISS:          0  HIT %:        100  MISS %:          0   MPKI: 0
PSCL5 PREFETCH  REQUESTED:          0  ISSUED:          0  USEFUL:          0  USELESS:          0
PSCL5 USEFUL LOAD PREFETCHES:          0 PREFETCH ISSUED TO LOWER LEVEL:          0  ACCURACY: -nan
PSCL5 TIMELY PREFETCHES:          0 LATE PREFETCHES: 0 DROPPED PREFETCHES: 0
PSCL5 PREFETCHES SAME FILL-ORIGIN LEVEL: 0 DIFFERENT FILL-ORIGIN LEVEL: 0

PSCL4 TOTAL     ACCESS:        185  HIT:        185  MISS:          0  HIT %:        100  MISS %:          0   MPKI: 0
PSCL4 LOAD TRANSLATION ACCESS:        185  HIT:        185  MISS:          0  HIT %:        100  MISS %:          0   MPKI: 0
PSCL4 PREFETCH  REQUESTED:          0  ISSUED:          0  USEFUL:          0  USELESS:          0
PSCL4 USEFUL LOAD PREFETCHES:          0 PREFETCH ISSUED TO LOWER LEVEL:          0  ACCURACY: -nan
PSCL4 TIMELY PREFETCHES:          0 LATE PREFETCHES: 0 DROPPED PREFETCHES: 0
PSCL4 PREFETCHES SAME FILL-ORIGIN LEVEL: 0 DIFFERENT FILL-ORIGIN LEVEL: 0

PSCL3 TOTAL     ACCESS:        185  HIT:        185  MISS:          0  HIT %:        100  MISS %:          0   MPKI: 0
PSCL3 LOAD TRANSLATION ACCESS:        185  HIT:        185  MISS:          0  HIT %:        100  MISS %:          0   MPKI: 0
PSCL3 PREFETCH  REQUESTED:          0  ISSUED:          0  USEFUL:          0  USELESS:          0
PSCL3 USEFUL LOAD PREFETCHES:          0 PREFETCH ISSUED TO LOWER LEVEL:          0  ACCURACY: -nan
PSCL3 TIMELY PREFETCHES:          0 LATE PREFETCHES: 0 DROPPED PREFETCHES: 0
PSCL3 PREFETCHES SAME FILL-ORIGIN LEVEL: 0 DIFFERENT FILL-ORIGIN LEVEL: 0

PSCL2 TOTAL     ACCESS:        185  HIT:        185  MISS:          0  HIT %:        100  MISS %:          0   MPKI: 0
PSCL2 LOAD TRANSLATION ACCESS:        185  HIT:        185  MISS:          0  HIT %:        100  MISS %:          0   MPKI: 0
PSCL2 PREFETCH  REQUESTED:          0  ISSUED:          0  USEFUL:          0  USELESS:          0
PSCL2 USEFUL LOAD PREFETCHES:          0 PREFETCH ISSUED TO LOWER LEVEL:          0  ACCURACY: -nan
PSCL2 TIMELY PREFETCHES:          0 LATE PREFETCHES: 0 DROPPED PREFETCHES: 0
PSCL2 PREFETCHES SAME FILL-ORIGIN LEVEL: 0 DIFFERENT FILL-ORIGIN LEVEL: 0

LLC TOTAL     ACCESS:    3422918  HIT:    2625001  MISS:     797917  HIT %:     76.689  MISS %:     23.311   MPKI: 3.98958
LLC LOAD      ACCESS:     228766  HIT:     186284  MISS:      42482  HIT %:    81.4299  MISS %:    18.5701   MPKI: 0.21241
LLC PREFETCH  ACCESS:    3194061  HIT:    2438706  MISS:     755355  HIT %:    76.3513  MISS %:    23.6487   MPKI: 3.77678
AGUS PREFETCH L1 MISS: 0
LLC WRITEBACK ACCESS:          6  HIT:          1  MISS:          5  HIT %:    16.6667  MISS %:    83.3333   MPKI: 2.5e-05
LLC LOAD TRANSLATION ACCESS:         85  HIT:         10  MISS:         75  HIT %:    11.7647  MISS %:    88.2353   MPKI: 0.000375
LLC PREFETCH  REQUESTED:          0  ISSUED:          0  USEFUL:      17250  USELESS:     324627
LLC USEFUL LOAD PREFETCHES:      17250 PREFETCH ISSUED TO LOWER LEVEL:     755355  ACCURACY: 2.28369
LLC TIMELY PREFETCHES:      17250 LATE PREFETCHES: 0 DROPPED PREFETCHES: 0
LLC PREFETCHES SAME FILL-ORIGIN LEVEL: 0 DIFFERENT FILL-ORIGIN LEVEL: 0
LLC AVERAGE MISS LATENCY:    96.0184 cycles AVERAGE LOAD MISS LATENCY:    101.768 cycles Load Miss      42482
LLC Average MSHR Occupancy:   0.386135
LLC RQ	ACCESS:     228851	FORWARD:          0	MERGED:          0	TO_CACHE:     228851
LLC WQ	ACCESS:          6	FORWARD:          0	MERGED:          0	TO_CACHE:          6
LLC PQ	ACCESS:    3194066	FORWARD:          0	MERGED:          0	TO_CACHE:    3194066

LLC Dense regions hint to LLC: 0

RAW hits: 3842
Loads Generated: 59778675
Loads sent to L1D: 59774838
Stores Generated: 3540229
Stores sent to L1D: 3540229
Major fault: 0 Minor fault: 1615
Allocated PAGES: 1615
=== CPU 0 L1D Prefetcher Statistics ===
[MLOP] History of tracked zone:
IIIIIIIIIIIIIIIIIIIIIIIIIIIIIIIIIIIIIIIIIIIIIIIIIIIIIIIIIIIIIIII
IIIAIIIII1IIIII1IIIIIIIIIIIIIIIIIIIIIIIIIIIIIIIIIIIIIIIIIIIIIIII
AIIAII1II1II1II1IIIIIIIIIIIIIIIIIIIIIIIIIIIIIIIIIIIIIIIIIIIIIIII
AAIAII11I1II11I1IIIIIIIIIIIIIIIIIIIIIIIIIIIIIIIIIIIIIIIIIIIIIIII
AAAAII1111II1111IIIIIIIIIIIIIIIIIIIIIIIIIIIIIIIIIIIIIIIIIIIIIIII
AAAAAI11111I11111IIIIIIIIIIIIIIIIIIIIIIIIIIIIIIIIIIIIIIIIIIIIIII
AAAAAA111111111111IIIIIIIIIIIIIIIIIIIIIIIIIIIIIIIIIIIIIIIIIIIIII
AAAAAAA111111111111IIIIIIIIIIIIIIIIIIIIIIIIIIIIIIIIIIIIIIIIIIIII
AAAAAAAA111111111111IIIIIIIIIIIIIIIIIIIIIIIIIIIIIIIIIIIIIIIIIIII
AAAAAAAAA111111111111IIIIIIIIIIIIIIIIIIIIIIIIIIIIIIIIIIIIIIIIIII
AAAAAAAAAA111111111111IIIIIIIIIIIIIIIIIIIIIIIIIIIIIIIIIIIIIIIIII
AAAAAAAAAAA111111111111IIIIIIIIIIIIIIIIIIIIIIIIIIIIIIIIIIIIIIIII
AAAAAAAAAAAA111111111111IIIIIIIIIIIIIIIIIIIIIIIIIIIIIIIIIIIIIIII
AAAAAAAAAAAAA111111111111IIIIIIIIIIIIIIIIIIIIIIIIIIIIIIIIIIIIIII
AAAAAAAAAAAAAA111111111111IIIIIIIIIIIIIIIIIIIIIIIIIIIIIIIIIIIIII
AAAAAAAAAAAAAAA111111111111IIIIIIIIIIIIIIIIIIIIIIIIIIIIIIIIIIIII
AAAAAAAAAAAAAAAA111111111111IIIIIIIIIIIIIIIIIIIIIIIIIIIIIIIIIIII
AAAAAAAAAAAAAAAAA111111111111IIIIIIIIIIIIIIIIIIIIIIIIIIIIIIIIIII
AAAAAAAAAAAAAAAAAA111111111111IIIIIIIIIIIIIIIIIIIIIIIIIIIIIIIIII
AAAAAAAAAAAAAAAAAAA111111111111IIIIIIIIIIIIIIIIIIIIIIIIIIIIIIIII
AAAAAAAAAAAAAAAAAAAA111111111111IIIIIIIIIIIIIIIIIIIIIIIIIIIIIIII
AAAAAAAAAAAAAAAAAAAAA111111111111IIIIIIIIIIIIIIIIIIIIIIIIIIIIIII
AAAAAAAAAAAAAAAAAAAAAA111111111111IIIIIIIIIIIIIIIIIIIIIIIIIIIIII
AAAAAAAAAAAAAAAAAAAAAAA111111111111IIIIIIIIIIIIIIIIIIIIIIIIIIIII
AAAAAAAAAAAAAAAAAAAAAAAA111111111111IIIIIIIIIIIIIIIIIIIIIIIIIIII
AAAAAAAAAAAAAAAAAAAAAAAAA111111111111IIIIIIIIIIIIIIIIIIIIIIIIIII
AAAAAAAAAAAAAAAAAAAAAAAAAA111111111111IIIIIIIIIIIIIIIIIIIIIIIIII
AAAAAAAAAAAAAAAAAAAAAAAAAAA111111111111IIIIIIIIIIIIIIIIIIIIIIIII
AAAAAAAAAAAAAAAAAAAAAAAAAAAA111111111111IIIIIIIIIIIIIIIIIIIIIIII
AAAAAAAAAAAAAAAAAAAAAAAAAAAAA111111111111IIIIIIIIIIIIIIIIIIIIIII
AAAAAAAAAAAAAAAAAAAAAAAAAAAAAA111111111111IIIIIIIIIIIIIIIIIIIIII
AAAAAAAAAAAAAAAAAAAAAAAAAAAAAAA111111111111IIIIIIIIIIIIIIIIIIIII
AAAAAAAAAAAAAAAAAAAAAAAAAAAAAAAA111111111111IIIIIIIIIIIIIIIIIIII
AAAAAAAAAAAAAAAAAAAAAAAAAAAAAAAAA111111111111IIIIIIIIIIIIIIIIIII
AAAAAAAAAAAAAAAAAAAAAAAAAAAAAAAAAA111111111111IIIIIIIIIIIIIIIIII
AAAAAAAAAAAAAAAAAAAAAAAAAAAAAAAAAAA111111111111IIIIIIIIIIIIIIIII
AAAAAAAAAAAAAAAAAAAAAAAAAAAAAAAAAAAA111111111111IIIIIIIIIIIIIIII
AAAAAAAAAAAAAAAAAAAAAAAAAAAAAAAAAAAAA111111111111IIIIIIIIIIIIIII
AAAAAAAAAAAAAAAAAAAAAAAAAAAAAAAAAAAAAA111111111111IIIIIIIIIIIIII
AAAAAAAAAAAAAAAAAAAAAAAAAAAAAAAAAAAAAAA111111111111IIIIIIIIIIIII
AAAAAAAAAAAAAAAAAAAAAAAAAAAAAAAAAAAAAAAA111111111111IIIIIIIIIIII
AAAAAAAAAAAAAAAAAAAAAAAAAAAAAAAAAAAAAAAAA111111111111IIIIIIIIIII
AAAAAAAAAAAAAAAAAAAAAAAAAAAAAAAAAAAAAAAAAA111111111111IIIIIIIIII
AAAAAAAAAAAAAAAAAAAAAAAAAAAAAAAAAAAAAAAAAAA111111111111IIIIIIIII
AAAAAAAAAAAAAAAAAAAAAAAAAAAAAAAAAAAAAAAAAAAA111111111111IIIIIIII
AAAAAAAAAAAAAAAAAAAAAAAAAAAAAAAAAAAAAAAAAAAAA111111111111IIIIIII
AAAAAAAAAAAAAAAAAAAAAAAAAAAAAAAAAAAAAAAAAAAAAA111111111111IIIIII
AAAAAAAAAAAAAAAAAAAAAAAAAAAAAAAAAAAAAAAAAAAAAAA111111111111IIIII
AAAAAAAAAAAAAAAAAAAAAAAAAAAAAAAAAAAAAAAAAAAAAAAA111111111111IIII
AAAAAAAAAAAAAAAAAAAAAAAAAAAAAAAAAAAAAAAAAAAAAAAAA111111111111III
AAAAAAAAAAAAAAAAAAAAAAAAAAAAAAAAAAAAAAAAAAAAAAAAAA111111111111II
AAAAAAAAAAAAAAAAAAAAAAAAAAAAAAAAAAAAAAAAAAAAAAAAAAA111111111111I
AAAAAAAAAAAAAAAAAAAAAAAAAAAAAAAAAAAAAAAAAAAAAAAAAAAA111111111111
AAAAAAAAAAAAAAAAAAAAAAAAAAAAAAAAAAAAAAAAAAAAAAAAAAAAA11111111111
AAAAAAAAAAAAAAAAAAAAAAAAAAAAAAAAAAAAAAAAAAAAAAAAAAAAAA1111111111
AAAAAAAAAAAAAAAAAAAAAAAAAAAAAAAAAAAAAAAAAAAAAAAAAAAAAAA111111111
AAAAAAAAAAAAAAAAAAAAAAAAAAAAAAAAAAAAAAAAAAAAAAAAAAAAAAAA11111111
AAAAAAAAAAAAAAAAAAAAAAAAAAAAAAAAAAAAAAAAAAAAAAAAAAAAAAAAA1111111
AAAAAAAAAAAAAAAAAAAAAAAAAAAAAAAAAAAAAAAAAAAAAAAAAAAAAAAAAA111111
AAAAAAAAAAAAAAAAAAAAAAAAAAAAAAAAAAAAAAAAAAAAAAAAAAAAAAAAAAA11111
AAAAAAAAAAAAAAAAAAAAAAAAAAAAAAAAAAAAAAAAAAAAAAAAAAAAAAAAAAAA1111
AAAAAAAAAAAAAAAAAAAAAAAAAAAAAAAAAAAAAAAAAAAAAAAAAAAAAAAAAAAAA111
AAAAAAAAAAAAAAAAAAAAAAAAAAAAAAAAAAAAAAAAAAAAAAAAAAAAAAAAAAAAAA11
AAAAAAAAAAAAAAAAAAAAAAAAAAAAAAAAAAAAAAAAAAAAAAAAAAAAAAAAAAAAAAA1
AAAAAAAAAAAAAAAAAAAAAAAAAAAAAAAAAAAAAAAAAAAAAAAAAAAAAAAAAAAAAAAA
AIIII11IIII1IIIIIIIIIIIIIIIIIIIIIIIIIIIIIIIIIIIIIIIIIIIIIIIIIIII
AAIII111III11IIIIIIIIIIIIIIIIIIIIIIIIIIIIIIIIIIIIIIIIIIIIIIIIIII
AAAII1111II111IIIIIIIIIIIIIIIIIIIIIIIIIIIIIIIIIIIIIIIIIIIIIIIIII
AAAAI11111I111IIIIIIIIIIIIIIIIIIIIIIIIIIIIIIIIIIIIIIIIIIIIIIIIII
AAAAA111111111I1IIIIIIIIIIIIIIIIIIIIIIIIIIIIIIIIIIIIIIIIIIIIIIII
AAAAAA11111111I11IIIIIIIIIIIIIIIIIIIIIIIIIIIIIIIIIIIIIIIIIIIIIII
AAAAAAA1111111I111IIIIIIIIIIIIIIIIIIIIIIIIIIIIIIIIIIIIIIIIIIIIII
AAAAAAAA111111I1111IIIIIIIIIIIIIIIIIIIIIIIIIIIIIIIIIIIIIIIIIIIII
AAAAAAAAA11111111111IIIIIIIIIIIIIIIIIIIIIIIIIIIIIIIIIIIIIIIIIIII
AAAAAAAAAA11111111111IIIIIIIIIIIIIIIIIIIIIIIIIIIIIIIIIIIIIIIIIII
AAAAAAAAAAA11111111111IIIIIIIIIIIIIIIIIIIIIIIIIIIIIIIIIIIIIIIIII
AAAAAAAAAAAA11111111111IIIIIIIIIIIIIIIIIIIIIIIIIIIIIIIIIIIIIIIII
AAAAAAAAAAAAA11111111111IIIIIIIIIIIIIIIIIIIIIIIIIIIIIIIIIIIIIIII
AAAAAAAAAAAAAA11111111111IIIIIIIIIIIIIIIIIIIIIIIIIIIIIIIIIIIIIII
AAAAAAAAAAAAAAA11111111111IIIIIIIIIIIIIIIIIIIIIIIIIIIIIIIIIIIIII
AAAAAAAAAAAAAAAA11111111111IIIIIIIIIIIIIIIIIIIIIIIIIIIIIIIIIIIII
AAAAAAAAAAAAAAAAA11111111111IIIIIIIIIIIIIIIIIIIIIIIIIIIIIIIIIIII
AAAAAAAAAAAAAAAAAA11111111111IIIIIIIIIIIIIIIIIIIIIIIIIIIIIIIIIII
AAAAAAAAAAAAAAAAAAA11111111111IIIIIIIIIIIIIIIIIIIIIIIIIIIIIIIIII
AAAAAAAAAAAAAAAAAAAA11111111111IIIIIIIIIIIIIIIIIIIIIIIIIIIIIIIII
AAAAAAAAAAAAAAAAAAAAA11111111111IIIIIIIIIIIIIIIIIIIIIIIIIIIIIIII
AAAAAAAAAAAAAAAAAAAAAA11111111111IIIIIIIIIIIIIIIIIIIIIIIIIIIIIII
AAAAAAAAAAAAAAAAAAAAAAA11111111111IIIIIIIIIIIIIIIIIIIIIIIIIIIIII
AAAAAAAAAAAAAAAAAAAAAAAA11111111111IIIIIIIIIIIIIIIIIIIIIIIIIIIII
AAAAAAAAAAAAAAAAAAAAAAAAA11111111111IIIIIIIIIIIIIIIIIIIIIIIIIIII
AAAAAAAAAAAAAAAAAAAAAAAAAA11111111111IIIIIIIIIIIIIIIIIIIIIIIIIII
AAAAAAAAAAAAAAAAAAAAAAAAAAA11111111111IIIIIIIIIIIIIIIIIIIIIIIIII
AAAAAAAAAAAAAAAAAAAAAAAAAAAA11111111111IIIIIIIIIIIIIIIIIIIIIIIII
AAAAAAAAAAAAAAAAAAAAAAAAAAAAA11111111111IIIIIIIIIIIIIIIIIIIIIIII
AAAAAAAAAAAAAAAAAAAAAAAAAAAAAA11111111111IIIIIIIIIIIIIIIIIIIIIII
AAAAAAAAAAAAAAAAAAAAAAAAAAAAAAA11111111111IIIIIIIIIIIIIIIIIIIIII
AAAAAAAAAAAAAAAAAAAAAAAAAAAAAAAA11111111111IIIIIIIIIIIIIIIIIIIII
AAAAAAAAAAAAAAAAAAAAAAAAAAAAAAAAA11111111111IIIIIIIIIIIIIIIIIIII
AAAAAAAAAAAAAAAAAAAAAAAAAAAAAAAAAA11111111111IIIIIIIIIIIIIIIIIII
AAAAAAAAAAAAAAAAAAAAAAAAAAAAAAAAAAA11111111111IIIIIIIIIIIIIIIIII
AAAAAAAAAAAAAAAAAAAAAAAAAAAAAAAAAAAA11111111111IIIIIIIIIIIIIIIII
AAAAAAAAAAAAAAAAAAAAAAAAAAAAAAAAAAAAA11111111111IIIIIIIIIIIIIIII
AAAAAAAAAAAAAAAAAAAAAAAAAAAAAAAAAAAAAA11111111111IIIIIIIIIIIIIII
AAAAAAAAAAAAAAAAAAAAAAAAAAAAAAAAAAAAAAA11111111111IIIIIIIIIIIIII
AAAAAAAAAAAAAAAAAAAAAAAAAAAAAAAAAAAAAAAA11111111111IIIIIIIIIIIII
AAAAAAAAAAAAAAAAAAAAAAAAAAAAAAAAAAAAAAAAA11111111111IIIIIIIIIIII
AAAAAAAAAAAAAAAAAAAAAAAAAAAAAAAAAAAAAAAAAA11111111111IIIIIIIIIII
AAAAAAAAAAAAAAAAAAAAAAAAAAAAAAAAAAAAAAAAAAA11111111111IIIIIIIIII
AAAAAAAAAAAAAAAAAAAAAAAAAAAAAAAAAAAAAAAAAAAA11111111111IIIIIIIII
AAAAAAAAAAAAAAAAAAAAAAAAAAAAAAAAAAAAAAAAAAAAA11111111111IIIIIIII
AAAAAAAAAAAAAAAAAAAAAAAAAAAAAAAAAAAAAAAAAAAAAA11111111111IIIIIII
AAAAAAAAAAAAAAAAAAAAAAAAAAAAAAAAAAAAAAAAAAAAAAA11111111111IIIIII
AAAAAAAAAAAAAAAAAAAAAAAAAAAAAAAAAAAAAAAAAAAAAAAA11111111111IIIII
AAAAAAAAAAAAAAAAAAAAAAAAAAAAAAAAAAAAAAAAAAAAAAAAA11111111111IIII
AAAAAAAAAAAAAAAAAAAAAAAAAAAAAAAAAAAAAAAAAAAAAAAAAA11111111111III
AAAAAAAAAAAAAAAAAAAAAAAAAAAAAAAAAAAAAAAAAAAAAAAAAAA11111111111II
AAAAAAAAAAAAAAAAAAAAAAAAAAAAAAAAAAAAAAAAAAAAAAAAAAAA11111111111I
AAAAAAAAAAAAAAAAAAAAAAAAAAAAAAAAAAAAAAAAAAAAAAAAAAAAA11111111111
AAAAAAAAAAAAAAAAAAAAAAAAAAAAAAAAAAAAAAAAAAAAAAAAAAAAAA1111111111
AAAAAAAAAAAAAAAAAAAAAAAAAAAAAAAAAAAAAAAAAAAAAAAAAAAAAAA111111111
AAAAAAAAAAAAAAAAAAAAAAAAAAAAAAAAAAAAAAAAAAAAAAAAAAAAAAAA11111111
AAAAAAAAAAAAAAAAAAAAAAAAAAAAAAAAAAAAAAAAAAAAAAAAAAAAAAAAA1111111
AAAAAAAAAAAAAAAAAAAAAAAAAAAAAAAAAAAAAAAAAAAAAAAAAAAAAAAAAA111111
AAAAAAAAAAAAAAAAAAAAAAAAAAAAAAAAAAAAAAAAAAAAAAAAAAAAAAAAAAA11111
AAAAAAAAAAAAAAAAAAAAAAAAAAAAAAAAAAAAAAAAAAAAAAAAAAAAAAAAAAAA1111
AAAAAAAAAAAAAAAAAAAAAAAAAAAAAAAAAAAAAAAAAAAAAAAAAAAAAAAAAAAAA111
AAAAAAAAAAAAAAAAAAAAAAAAAAAAAAAAAAAAAAAAAAAAAAAAAAAAAAAAAAAAAA11
AAAAAAAAAAAAAAAAAAAAAAAAAAAAAAAAAAAAAAAAAAAAAAAAAAAAAAAAAAAAAAA1
AAAAAAAAAAAAAAAAAAAAAAAAAAAAAAAAAAAAAAAAAAAAAAAAAAAAAAAAAAAAAAAA
AIIII111III11IIIIIIIIIIIIIIIIIIIIIIIIIIIIIIIIIIIIIIIIIIIIIIIIIII
AAIII1111II111IIIIIIIIIIIIIIIIIIIIIIIIIIIIIIIIIIIIIIIIIIIIIIIIII
AAAII11111I111IIIIIIIIIIIIIIIIIIIIIIIIIIIIIIIIIIIIIIIIIIIIIIIIII
AAAAI11111I111IIIIIIIIIIIIIIIIIIIIIIIIIIIIIIIIIIIIIIIIIIIIIIIIII
AAAAI11111I1111IIIIIIIIIIIIIIIIIIIIIIIIIIIIIIIIIIIIIIIIIIIIIIIII
AAAAA111111111111IIIIIIIIIIIIIIIIIIIIIIIIIIIIIIIIIIIIIIIIIIIIIII
AAAAAA111111111111IIIIIIIIIIIIIIIIIIIIIIIIIIIIIIIIIIIIIIIIIIIIII
AAAAAAA111111111111IIIIIIIIIIIIIIIIIIIIIIIIIIIIIIIIIIIIIIIIIIIII
AAAAAAAA111111111111IIIIIIIIIIIIIIIIIIIIIIIIIIIIIIIIIIIIIIIIIIII
AAAAAAAAA111111111111IIIIIIIIIIIIIIIIIIIIIIIIIIIIIIIIIIIIIIIIIII
AAAAAAAAAA111111111111IIIIIIIIIIIIIIIIIIIIIIIIIIIIIIIIIIIIIIIIII
AAAAAAAAAAA111111111111IIIIIIIIIIIIIIIIIIIIIIIIIIIIIIIIIIIIIIIII
AAAAAAAAAAAA111111111111IIIIIIIIIIIIIIIIIIIIIIIIIIIIIIIIIIIIIIII
AAAAAAAAAAAAA111111111111IIIIIIIIIIIIIIIIIIIIIIIIIIIIIIIIIIIIIII
AAAAAAAAAAAAAA111111111111IIIIIIIIIIIIIIIIIIIIIIIIIIIIIIIIIIIIII
AAAAAAAAAAAAAAA111111111111IIIIIIIIIIIIIIIIIIIIIIIIIIIIIIIIIIIII
AAAAAAAAAAAAAAAA111111111111IIIIIIIIIIIIIIIIIIIIIIIIIIIIIIIIIIII
AAAAAAAAAAAAAAAAA111111111111IIIIIIIIIIIIIIIIIIIIIIIIIIIIIIIIIII
AAAAAAAAAAAAAAAAAA111111111111IIIIIIIIIIIIIIIIIIIIIIIIIIIIIIIIII
AAAAAAAAAAAAAAAAAAA111111111111IIIIIIIIIIIIIIIIIIIIIIIIIIIIIIIII
AAAAAAAAAAAAAAAAAAAA111111111111IIIIIIIIIIIIIIIIIIIIIIIIIIIIIIII
AAAAAAAAAAAAAAAAAAAAA111111111111IIIIIIIIIIIIIIIIIIIIIIIIIIIIIII
AAAAAAAAAAAAAAAAAAAAAA111111111111IIIIIIIIIIIIIIIIIIIIIIIIIIIIII
AAAAAAAAAAAAAAAAAAAAAAA111111111111IIIIIIIIIIIIIIIIIIIIIIIIIIIII
AAAAAAAAAAAAAAAAAAAAAAAA111111111111IIIIIIIIIIIIIIIIIIIIIIIIIIII
AAAAAAAAAAAAAAAAAAAAAAAAA111111111111IIIIIIIIIIIIIIIIIIIIIIIIIII
AAAAAAAAAAAAAAAAAAAAAAAAAA111111111111IIIIIIIIIIIIIIIIIIIIIIIIII
AAAAAAAAAAAAAAAAAAAAAAAAAAA111111111111IIIIIIIIIIIIIIIIIIIIIIIII
AAAAAAAAAAAAAAAAAAAAAAAAAAAA111111111111IIIIIIIIIIIIIIIIIIIIIIII
AAAAAAAAAAAAAAAAAAAAAAAAAAAAA111111111111IIIIIIIIIIIIIIIIIIIIIII
AAAAAAAAAAAAAAAAAAAAAAAAAAAAAA111111111111IIIIIIIIIIIIIIIIIIIIII
AAAAAAAAAAAAAAAAAAAAAAAAAAAAAAA111111111111IIIIIIIIIIIIIIIIIIIII
AAAAAAAAAAAAAAAAAAAAAAAAAAAAAAAA111111111111IIIIIIIIIIIIIIIIIIII
AAAAAAAAAAAAAAAAAAAAAAAAAAAAAAAAA111111111111IIIIIIIIIIIIIIIIIII
AAAAAAAAAAAAAAAAAAAAAAAAAAAAAAAAAA111111111111IIIIIIIIIIIIIIIIII
AAAAAAAAAAAAAAAAAAAAAAAAAAAAAAAAAAA111111111111IIIIIIIIIIIIIIIII
AAAAAAAAAAAAAAAAAAAAAAAAAAAAAAAAAAAA111111111111IIIIIIIIIIIIIIII
AAAAAAAAAAAAAAAAAAAAAAAAAAAAAAAAAAAAA111111111111IIIIIIIIIIIIIII
AAAAAAAAAAAAAAAAAAAAAAAAAAAAAAAAAAAAAA111111111111IIIIIIIIIIIIII
AAAAAAAAAAAAAAAAAAAAAAAAAAAAAAAAAAAAAAA111111111111IIIIIIIIIIIII
AAAAAAAAAAAAAAAAAAAAAAAAAAAAAAAAAAAAAAAA111111111111IIIIIIIIIIII
AAAAAAAAAAAAAAAAAAAAAAAAAAAAAAAAAAAAAAAAA111111111111IIIIIIIIIII
AAAAAAAAAAAAAAAAAAAAAAAAAAAAAAAAAAAAAAAAAA111111111111IIIIIIIIII
AAAAAAAAAAAAAAAAAAAAAAAAAAAAAAAAAAAAAAAAAAA111111111111IIIIIIIII
AAAAAAAAAAAAAAAAAAAAAAAAAAAAAAAAAAAAAAAAAAAA111111111111IIIIIIII
AAAAAAAAAAAAAAAAAAAAAAAAAAAAAAAAAAAAAAAAAAAAA111111111111IIIIIII
AAAAAAAAAAAAAAAAAAAAAAAAAAAAAAAAAAAAAAAAAAAAAA111111111111IIIIII
AAAAAAAAAAAAAAAAAAAAAAAAAAAAAAAAAAAAAAAAAAAAAAA111111111111IIIII
AAAAAAAAAAAAAAAAAAAAAAAAAAAAAAAAAAAAAAAAAAAAAAAA111111111111IIII
AAAAAAAAAAAAAAAAAAAAAAAAAAAAAAAAAAAAAAAAAAAAAAAAA111111111111III
AAAAAAAAAAAAAAAAAAAAAAAAAAAAAAAAAAAAAAAAAAAAAAAAAA111111111111II
AAAAAAAAAAAAAAAAAAAAAAAAAAAAAAAAAAAAAAAAAAAAAAAAAAA111111111111I
AAAAAAAAAAAAAAAAAAAAAAAAAAAAAAAAAAAAAAAAAAAAAAAAAAAA111111111111
AAAAAAAAAAAAAAAAAAAAAAAAAAAAAAAAAAAAAAAAAAAAAAAAAAAAA11111111111
AAAAAAAAAAAAAAAAAAAAAAAAAAAAAAAAAAAAAAAAAAAAAAAAAAAAAA1111111111
AAAAAAAAAAAAAAAAAAAAAAAAAAAAAAAAAAAAAAAAAAAAAAAAAAAAAAA111111111
AAAAAAAAAAAAAAAAAAAAAAAAAAAAAAAAAAAAAAAAAAAAAAAAAAAAAAAA11111111
AAAAAAAAAAAAAAAAAAAAAAAAAAAAAAAAAAAAAAAAAAAAAAAAAAAAAAAAA1111111
AAAAAAAAAAAAAAAAAAAAAAAAAAAAAAAAAAAAAAAAAAAAAAAAAAAAAAAAAA111111
AAAAAAAAAAAAAAAAAAAAAAAAAAAAAAAAAAAAAAAAAAAAAAAAAAAAAAAAAAA11111
AAAAAAAAAAAAAAAAAAAAAAAAAAAAAAAAAAAAAAAAAAAAAAAAAAAAAAAAAAAA1111
AAAAAAAAAAAAAAAAAAAAAAAAAAAAAAAAAAAAAAAAAAAAAAAAAAAAAAAAAAAAA111
AAAAAAAAAAAAAAAAAAAAAAAAAAAAAAAAAAAAAAAAAAAAAAAAAAAAAAAAAAAAAA11
AAAAAAAAAAAAAAAAAAAAAAAAAAAAAAAAAAAAAAAAAAAAAAAAAAAAAAAAAAAAAAA1
AAAAAAAAAAAAAAAAAAAAAAAAAAAAAAAAAAAAAAAAAAAAAAAAAAAAAAAAAAAAAAAA
AIIII11IIII1IIIIIIIIIIIIIIIIIIIIIIIIIIIIIIIIIIIIIIIIIIIIIIIIIIII
AAIII111III11IIIIIIIIIIIIIIIIIIIIIIIIIIIIIIIIIIIIIIIIIIIIIIIIIII
AAAII1111II111IIIIIIIIIIIIIIIIIIIIIIIIIIIIIIIIIIIIIIIIIIIIIIIIII
AAAAI11111I111IIIIIIIIIIIIIIIIIIIIIIIIIIIIIIIIIIIIIIIIIIIIIIIIII
AAAAA111111111I1IIIIIIIIIIIIIIIIIIIIIIIIIIIIIIIIIIIIIIIIIIIIIIII
AAAAAA11111111I11IIIIIIIIIIIIIIIIIIIIIIIIIIIIIIIIIIIIIIIIIIIIIII
AAAAAAA1111111I111IIIIIIIIIIIIIIIIIIIIIIIIIIIIIIIIIIIIIIIIIIIIII
AAAAAAAA111111I1111IIIIIIIIIIIIIIIIIIIIIIIIIIIIIIIIIIIIIIIIIIIII
AAAAAAAAA11111111111IIIIIIIIIIIIIIIIIIIIIIIIIIIIIIIIIIIIIIIIIIII
AAAAAAAAAA11111111111IIIIIIIIIIIIIIIIIIIIIIIIIIIIIIIIIIIIIIIIIII
AAAAAAAAAAA11111111111IIIIIIIIIIIIIIIIIIIIIIIIIIIIIIIIIIIIIIIIII
AAAAAAAAAAAA11111111111IIIIIIIIIIIIIIIIIIIIIIIIIIIIIIIIIIIIIIIII
AAAAAAAAAAAAA11111111111IIIIIIIIIIIIIIIIIIIIIIIIIIIIIIIIIIIIIIII
AAAAAAAAAAAAAA11111111111IIIIIIIIIIIIIIIIIIIIIIIIIIIIIIIIIIIIIII
AAAAAAAAAAAAAAA11111111111IIIIIIIIIIIIIIIIIIIIIIIIIIIIIIIIIIIIII
AAAAAAAAAAAAAAAA11111111111IIIIIIIIIIIIIIIIIIIIIIIIIIIIIIIIIIIII
AAAAAAAAAAAAAAAAA11111111111IIIIIIIIIIIIIIIIIIIIIIIIIIIIIIIIIIII
AAAAAAAAAAAAAAAAAA11111111111IIIIIIIIIIIIIIIIIIIIIIIIIIIIIIIIIII
AAAAAAAAAAAAAAAAAAA11111111111IIIIIIIIIIIIIIIIIIIIIIIIIIIIIIIIII
AAAAAAAAAAAAAAAAAAAA11111111111IIIIIIIIIIIIIIIIIIIIIIIIIIIIIIIII
AAAAAAAAAAAAAAAAAAAAA11111111111IIIIIIIIIIIIIIIIIIIIIIIIIIIIIIII
AAAAAAAAAAAAAAAAAAAAAA11111111111IIIIIIIIIIIIIIIIIIIIIIIIIIIIIII
AAAAAAAAAAAAAAAAAAAAAAA11111111111IIIIIIIIIIIIIIIIIIIIIIIIIIIIII
AAAAAAAAAAAAAAAAAAAAAAAA11111111111IIIIIIIIIIIIIIIIIIIIIIIIIIIII
AAAAAAAAAAAAAAAAAAAAAAAAA11111111111IIIIIIIIIIIIIIIIIIIIIIIIIIII
AAAAAAAAAAAAAAAAAAAAAAAAAA11111111111IIIIIIIIIIIIIIIIIIIIIIIIIII
AAAAAAAAAAAAAAAAAAAAAAAAAAA11111111111IIIIIIIIIIIIIIIIIIIIIIIIII
AAAAAAAAAAAAAAAAAAAAAAAAAAAA11111111111IIIIIIIIIIIIIIIIIIIIIIIII
AAAAAAAAAAAAAAAAAAAAAAAAAAAAA11111111111IIIIIIIIIIIIIIIIIIIIIIII
AAAAAAAAAAAAAAAAAAAAAAAAAAAAAA11111111111IIIIIIIIIIIIIIIIIIIIIII
AAAAAAAAAAAAAAAAAAAAAAAAAAAAAAA11111111111IIIIIIIIIIIIIIIIIIIIII
AAAAAAAAAAAAAAAAAAAAAAAAAAAAAAAA11111111111IIIIIIIIIIIIIIIIIIIII
AAAAAAAAAAAAAAAAAAAAAAAAAAAAAAAAA11111111111IIIIIIIIIIIIIIIIIIII
AAAAAAAAAAAAAAAAAAAAAAAAAAAAAAAAAA11111111111IIIIIIIIIIIIIIIIIII
AAAAAAAAAAAAAAAAAAAAAAAAAAAAAAAAAAA11111111111IIIIIIIIIIIIIIIIII
AAAAAAAAAAAAAAAAAAAAAAAAAAAAAAAAAAAA11111111111IIIIIIIIIIIIIIIII
AAAAAAAAAAAAAAAAAAAAAAAAAAAAAAAAAAAAA11111111111IIIIIIIIIIIIIIII
AAAAAAAAAAAAAAAAAAAAAAAAAAAAAAAAAAAAAA11111111111IIIIIIIIIIIIIII
AAAAAAAAAAAAAAAAAAAAAAAAAAAAAAAAAAAAAAA11111111111IIIIIIIIIIIIII
AAAAAAAAAAAAAAAAAAAAAAAAAAAAAAAAAAAAAAAA11111111111IIIIIIIIIIIII
AAAAAAAAAAAAAAAAAAAAAAAAAAAAAAAAAAAAAAAAA11111111111IIIIIIIIIIII
AAAAAAAAAAAAAAAAAAAAAAAAAAAAAAAAAAAAAAAAAA11111111111IIIIIIIIIII
AAAAAAAAAAAAAAAAAAAAAAAAAAAAAAAAAAAAAAAAAAA11111111111IIIIIIIIII
AAAAAAAAAAAAAAAAAAAAAAAAAAAAAAAAAAAAAAAAAAAA11111111111IIIIIIIII
AAAAAAAAAAAAAAAAAAAAAAAAAAAAAAAAAAAAAAAAAAAAA11111111111IIIIIIII
AAAAAAAAAAAAAAAAAAAAAAAAAAAAAAAAAAAAAAAAAAAAAA11111111111IIIIIII
AAAAAAAAAAAAAAAAAAAAAAAAAAAAAAAAAAAAAAAAAAAAAAA11111111111IIIIII
AAAAAAAAAAAAAAAAAAAAAAAAAAAAAAAAAAAAAAAAAAAAAAAA11111111111IIIII
AAAAAAAAAAAAAAAAAAAAAAAAAAAAAAAAAAAAAAAAAAAAAAAAA11111111111IIII
AAAAAAAAAAAAAAAAAAAAAAAAAAAAAAAAAAAAAAAAAAAAAAAAAA11111111111III
AAAAAAAAAAAAAAAAAAAAAAAAAAAAAAAAAAAAAAAAAAAAAAAAAAA11111111111II
AAAAAAAAAAAAAAAAAAAAAAAAAAAAAAAAAAAAAAAAAAAAAAAAAAAA11111111111I
AAAAAAAAAAAAAAAAAAAAAAAAAAAAAAAAAAAAAAAAAAAAAAAAAAAAA11111111111
AAAAAAAAAAAAAAAAAAAAAAAAAAAAAAAAAAAAAAAAAAAAAAAAAAAAAA1111111111
AAAAAAAAAAAAAAAAAAAAAAAAAAAAAAAAAAAAAAAAAAAAAAAAAAAAAAA111111111
AAAAAAAAAAAAAAAAAAAAAAAAAAAAAAAAAAAAAAAAAAAAAAAAAAAAAAAA11111111
AAAAAAAAAAAAAAAAAAAAAAAAAAAAAAAAAAAAAAAAAAAAAAAAAAAAAAAAA1111111
AAAAAAAAAAAAAAAAAAAAAAAAAAAAAAAAAAAAAAAAAAAAAAAAAAAAAAAAAA111111
AAAAAAAAAAAAAAAAAAAAAAAAAAAAAAAAAAAAAAAAAAAAAAAAAAAAAAAAAAA11111
AAAAAAAAAAAAAAAAAAAAAAAAAAAAAAAAAAAAAAAAAAAAAAAAAAAAAAAAAAAA1111
AAAAAAAAAAAAAAAAAAAAAAAAAAAAAAAAAAAAAAAAAAAAAAAAAAAAAAAAAAAAA111
AAAAAAAAAAAAAAAAAAAAAAAAAAAAAAAAAAAAAAAAAAAAAAAAAAAAAAAAAAAAAA11
AAAAAAAAAAAAAAAAAAAAAAAAAAAAAAAAAAAAAAAAAAAAAAAAAAAAAAAAAAAAAAA1
AAAAAAAAAAAAAAAAAAAAAAAAAAAAAAAAAAAAAAAAAAAAAAAAAAAAAAAAAAAAAAAA
AI1II1111II1IIIIIIIIIIIIIIIIIIIIIIIIIIIIIIIIIIIIIIIIIIIIIIIIIIII
AA11I11111I1IIIIIIIIIIIIIIIIIIIIIIIIIIIIIIIIIIIIIIIIIIIIIIIIIIII
AAA1I11111I1IIIIIIIIIIIIIIIIIIIIIIIIIIIIIIIIIIIIIIIIIIIIIIIIIIII
AAAAI11111I1IIIIIIIIIIIIIIIIIIIIIIIIIIIIIIIIIIIIIIIIIIIIIIIIIIII
AAAA11111111I1IIIIIIIIIIIIIIIIIIIIIIIIIIIIIIIIIIIIIIIIIIIIIIIIII
AAAAA111111111I1IIIIIIIIIIIIIIIIIIIIIIIIIIIIIIIIIIIIIIIIIIIIIIII
AAAAAA11111111I11IIIIIIIIIIIIIIIIIIIIIIIIIIIIIIIIIIIIIIIIIIIIIII
AAAAAAA11111111111IIIIIIIIIIIIIIIIIIIIIIIIIIIIIIIIIIIIIIIIIIIIII
AAAAAAAA11111111111IIIIIIIIIIIIIIIIIIIIIIIIIIIIIIIIIIIIIIIIIIIII
AAAAAAAAA11111111111IIIIIIIIIIIIIIIIIIIIIIIIIIIIIIIIIIIIIIIIIIII
AAAAAAAAAA11111111111IIIIIIIIIIIIIIIIIIIIIIIIIIIIIIIIIIIIIIIIIII
AAAAAAAAAAA11111111111IIIIIIIIIIIIIIIIIIIIIIIIIIIIIIIIIIIIIIIIII
AAAAAAAAAAAA11111111111IIIIIIIIIIIIIIIIIIIIIIIIIIIIIIIIIIIIIIIII
AAAAAAAAAAAAA11111111111IIIIIIIIIIIIIIIIIIIIIIIIIIIIIIIIIIIIIIII
AAAAAAAAAAAAAA11111111111IIIIIIIIIIIIIIIIIIIIIIIIIIIIIIIIIIIIIII
AAAAAAAAAAAAAAA11111111111IIIIIIIIIIIIIIIIIIIIIIIIIIIIIIIIIIIIII
AAAAAAAAAAAAAAAA11111111111IIIIIIIIIIIIIIIIIIIIIIIIIIIIIIIIIIIII
AAAAAAAAAAAAAAAAA11111111111IIIIIIIIIIIIIIIIIIIIIIIIIIIIIIIIIIII
AAAAAAAAAAAAAAAAAA11111111111IIIIIIIIIIIIIIIIIIIIIIIIIIIIIIIIIII
AAAAAAAAAAAAAAAAAAA11111111111IIIIIIIIIIIIIIIIIIIIIIIIIIIIIIIIII
AAAAAAAAAAAAAAAAAAAA11111111111IIIIIIIIIIIIIIIIIIIIIIIIIIIIIIIII
AAAAAAAAAAAAAAAAAAAAA11111111111IIIIIIIIIIIIIIIIIIIIIIIIIIIIIIII
AAAAAAAAAAAAAAAAAAAAAA11111111111IIIIIIIIIIIIIIIIIIIIIIIIIIIIIII
AAAAAAAAAAAAAAAAAAAAAAA11111111111IIIIIIIIIIIIIIIIIIIIIIIIIIIIII
AAAAAAAAAAAAAAAAAAAAAAAA11111111111IIIIIIIIIIIIIIIIIIIIIIIIIIIII
AAAAAAAAAAAAAAAAAAAAAAAAA11111111111IIIIIIIIIIIIIIIIIIIIIIIIIIII
AAAAAAAAAAAAAAAAAAAAAAAAAA11111111111IIIIIIIIIIIIIIIIIIIIIIIIIII
AAAAAAAAAAAAAAAAAAAAAAAAAAA11111111111IIIIIIIIIIIIIIIIIIIIIIIIII
AAAAAAAAAAAAAAAAAAAAAAAAAAAA11111111111IIIIIIIIIIIIIIIIIIIIIIIII
AAAAAAAAAAAAAAAAAAAAAAAAAAAAA11111111111IIIIIIIIIIIIIIIIIIIIIIII
AAAAAAAAAAAAAAAAAAAAAAAAAAAAAA11111111111IIIIIIIIIIIIIIIIIIIIIII
AAAAAAAAAAAAAAAAAAAAAAAAAAAAAAA11111111111IIIIIIIIIIIIIIIIIIIIII
AAAAAAAAAAAAAAAAAAAAAAAAAAAAAAAA11111111111IIIIIIIIIIIIIIIIIIIII
AAAAAAAAAAAAAAAAAAAAAAAAAAAAAAAAA11111111111IIIIIIIIIIIIIIIIIIII
AAAAAAAAAAAAAAAAAAAAAAAAAAAAAAAAAA11111111111IIIIIIIIIIIIIIIIIII
AAAAAAAAAAAAAAAAAAAAAAAAAAAAAAAAAAA11111111111IIIIIIIIIIIIIIIIII
AAAAAAAAAAAAAAAAAAAAAAAAAAAAAAAAAAAA11111111111IIIIIIIIIIIIIIIII
AAAAAAAAAAAAAAAAAAAAAAAAAAAAAAAAAAAAA11111111111IIIIIIIIIIIIIIII
AAAAAAAAAAAAAAAAAAAAAAAAAAAAAAAAAAAAAA11111111111IIIIIIIIIIIIIII
AAAAAAAAAAAAAAAAAAAAAAAAAAAAAAAAAAAAAAA11111111111IIIIIIIIIIIIII
AAAAAAAAAAAAAAAAAAAAAAAAAAAAAAAAAAAAAAAA11111111111IIIIIIIIIIIII
AAAAAAAAAAAAAAAAAAAAAAAAAAAAAAAAAAAAAAAAA11111111111IIIIIIIIIIII
AAAAAAAAAAAAAAAAAAAAAAAAAAAAAAAAAAAAAAAAAA11111111111IIIIIIIIIII
AAAAAAAAAAAAAAAAAAAAAAAAAAAAAAAAAAAAAAAAAAA11111111111IIIIIIIIII
AAAAAAAAAAAAAAAAAAAAAAAAAAAAAAAAAAAAAAAAAAAA11111111111IIIIIIIII
AAAAAAAAAAAAAAAAAAAAAAAAAAAAAAAAAAAAAAAAAAAAA11111111111IIIIIIII
AAAAAAAAAAAAAAAAAAAAAAAAAAAAAAAAAAAAAAAAAAAAAA11111111111IIIIIII
AAAAAAAAAAAAAAAAAAAAAAAAAAAAAAAAAAAAAAAAAAAAAAA11111111111IIIIII
AAAAAAAAAAAAAAAAAAAAAAAAAAAAAAAAAAAAAAAAAAAAAAAA11111111111IIIII
AAAAAAAAAAAAAAAAAAAAAAAAAAAAAAAAAAAAAAAAAAAAAAAAA11111111111IIII
AAAAAAAAAAAAAAAAAAAAAAAAAAAAAAAAAAAAAAAAAAAAAAAAAA11111111111III
AAAAAAAAAAAAAAAAAAAAAAAAAAAAAAAAAAAAAAAAAAAAAAAAAAA11111111111II
AAAAAAAAAAAAAAAAAAAAAAAAAAAAAAAAAAAAAAAAAAAAAAAAAAAA11111111111I
AAAAAAAAAAAAAAAAAAAAAAAAAAAAAAAAAAAAAAAAAAAAAAAAAAAAA11111111111
AAAAAAAAAAAAAAAAAAAAAAAAAAAAAAAAAAAAAAAAAAAAAAAAAAAAAA1111111111
AAAAAAAAAAAAAAAAAAAAAAAAAAAAAAAAAAAAAAAAAAAAAAAAAAAAAAA111111111
AAAAAAAAAAAAAAAAAAAAAAAAAAAAAAAAAAAAAAAAAAAAAAAAAAAAAAAA11111111
AAAAAAAAAAAAAAAAAAAAAAAAAAAAAAAAAAAAAAAAAAAAAAAAAAAAAAAAA1111111
AAAAAAAAAAAAAAAAAAAAAAAAAAAAAAAAAAAAAAAAAAAAAAAAAAAAAAAAAA111111
AAAAAAAAAAAAAAAAAAAAAAAAAAAAAAAAAAAAAAAAAAAAAAAAAAAAAAAAAAA11111
AAAAAAAAAAAAAAAAAAAAAAAAAAAAAAAAAAAAAAAAAAAAAAAAAAAAAAAAAAAA1111
AAAAAAAAAAAAAAAAAAAAAAAAAAAAAAAAAAAAAAAAAAAAAAAAAAAAAAAAAAAAA111
AAAAAAAAAAAAAAAAAAAAAAAAAAAAAAAAAAAAAAAAAAAAAAAAAAAAAAAAAAAAAA11
AAAAAAAAAAAAAAAAAAAAAAAAAAAAAAAAAAAAAAAAAAAAAAAAAAAAAAAAAAAAAAA1
AAAAAAAAAAAAAAAAAAAAAAAAAAAAAAAAAAAAAAAAAAAAAAAAAAAAAAAAAAAAAAAA
AIIII11IIII1IIIIIIIIIIIIIIIIIIIIIIIIIIIIIIIIIIIIIIIIIIIIIIIIIIII
AAIII111III11IIIIIIIIIIIIIIIIIIIIIIIIIIIIIIIIIIIIIIIIIIIIIIIIIII
AAAII1111II111IIIIIIIIIIIIIIIIIIIIIIIIIIIIIIIIIIIIIIIIIIIIIIIIII
AAAAI11111I111IIIIIIIIIIIIIIIIIIIIIIIIIIIIIIIIIIIIIIIIIIIIIIIIII
AAAAA111111111I1IIIIIIIIIIIIIIIIIIIIIIIIIIIIIIIIIIIIIIIIIIIIIIII
AAAAAA11111111I11IIIIIIIIIIIIIIIIIIIIIIIIIIIIIIIIIIIIIIIIIIIIIII
AAAAAAA1111111I111IIIIIIIIIIIIIIIIIIIIIIIIIIIIIIIIIIIIIIIIIIIIII
AAAAAAAA111111I1111IIIIIIIIIIIIIIIIIIIIIIIIIIIIIIIIIIIIIIIIIIIII
AAAAAAAAA11111111111IIIIIIIIIIIIIIIIIIIIIIIIIIIIIIIIIIIIIIIIIIII
AAAAAAAAAA11111111111IIIIIIIIIIIIIIIIIIIIIIIIIIIIIIIIIIIIIIIIIII
AAAAAAAAAAA11111111111IIIIIIIIIIIIIIIIIIIIIIIIIIIIIIIIIIIIIIIIII
AAAAAAAAAAAA11111111111IIIIIIIIIIIIIIIIIIIIIIIIIIIIIIIIIIIIIIIII
AAAAAAAAAAAAA11111111111IIIIIIIIIIIIIIIIIIIIIIIIIIIIIIIIIIIIIIII
AAAAAAAAAAAAAA11111111111IIIIIIIIIIIIIIIIIIIIIIIIIIIIIIIIIIIIIII
AAAAAAAAAAAAAAA11111111111IIIIIIIIIIIIIIIIIIIIIIIIIIIIIIIIIIIIII
AAAAAAAAAAAAAAAA11111111111IIIIIIIIIIIIIIIIIIIIIIIIIIIIIIIIIIIII
AAAAAAAAAAAAAAAAA11111111111IIIIIIIIIIIIIIIIIIIIIIIIIIIIIIIIIIII
AAAAAAAAAAAAAAAAAA11111111111IIIIIIIIIIIIIIIIIIIIIIIIIIIIIIIIIII
AAAAAAAAAAAAAAAAAAA11111111111IIIIIIIIIIIIIIIIIIIIIIIIIIIIIIIIII
AAAAAAAAAAAAAAAAAAAA11111111111IIIIIIIIIIIIIIIIIIIIIIIIIIIIIIIII
AAAAAAAAAAAAAAAAAAAAA11111111111IIIIIIIIIIIIIIIIIIIIIIIIIIIIIIII
AAAAAAAAAAAAAAAAAAAAAA11111111111IIIIIIIIIIIIIIIIIIIIIIIIIIIIIII
AAAAAAAAAAAAAAAAAAAAAAA11111111111IIIIIIIIIIIIIIIIIIIIIIIIIIIIII
AAAAAAAAAAAAAAAAAAAAAAAA11111111111IIIIIIIIIIIIIIIIIIIIIIIIIIIII
AAAAAAAAAAAAAAAAAAAAAAAAA11111111111IIIIIIIIIIIIIIIIIIIIIIIIIIII
AAAAAAAAAAAAAAAAAAAAAAAAAA11111111111IIIIIIIIIIIIIIIIIIIIIIIIIII
AAAAAAAAAAAAAAAAAAAAAAAAAAA11111111111IIIIIIIIIIIIIIIIIIIIIIIIII
AAAAAAAAAAAAAAAAAAAAAAAAAAAA11111111111IIIIIIIIIIIIIIIIIIIIIIIII
AAAAAAAAAAAAAAAAAAAAAAAAAAAAA11111111111IIIIIIIIIIIIIIIIIIIIIIII
AAAAAAAAAAAAAAAAAAAAAAAAAAAAAA11111111111IIIIIIIIIIIIIIIIIIIIIII
AAAAAAAAAAAAAAAAAAAAAAAAAAAAAAA11111111111IIIIIIIIIIIIIIIIIIIIII
AAAAAAAAAAAAAAAAAAAAAAAAAAAAAAAA11111111111IIIIIIIIIIIIIIIIIIIII
AAAAAAAAAAAAAAAAAAAAAAAAAAAAAAAAA11111111111IIIIIIIIIIIIIIIIIIII
AAAAAAAAAAAAAAAAAAAAAAAAAAAAAAAAAA11111111111IIIIIIIIIIIIIIIIIII
AAAAAAAAAAAAAAAAAAAAAAAAAAAAAAAAAAA11111111111IIIIIIIIIIIIIIIIII
AAAAAAAAAAAAAAAAAAAAAAAAAAAAAAAAAAAA11111111111IIIIIIIIIIIIIIIII
AAAAAAAAAAAAAAAAAAAAAAAAAAAAAAAAAAAAA11111111111IIIIIIIIIIIIIIII
AAAAAAAAAAAAAAAAAAAAAAAAAAAAAAAAAAAAAA11111111111IIIIIIIIIIIIIII
AAAAAAAAAAAAAAAAAAAAAAAAAAAAAAAAAAAAAAA11111111111IIIIIIIIIIIIII
AAAAAAAAAAAAAAAAAAAAAAAAAAAAAAAAAAAAAAAA11111111111IIIIIIIIIIIII
AAAAAAAAAAAAAAAAAAAAAAAAAAAAAAAAAAAAAAAAA11111111111IIIIIIIIIIII
AAAAAAAAAAAAAAAAAAAAAAAAAAAAAAAAAAAAAAAAAA11111111111IIIIIIIIIII
AAAAAAAAAAAAAAAAAAAAAAAAAAAAAAAAAAAAAAAAAAA11111111111IIIIIIIIII
AAAAAAAAAAAAAAAAAAAAAAAAAAAAAAAAAAAAAAAAAAAA11111111111IIIIIIIII
AAAAAAAAAAAAAAAAAAAAAAAAAAAAAAAAAAAAAAAAAAAAA11111111111IIIIIIII
AAAAAAAAAAAAAAAAAAAAAAAAAAAAAAAAAAAAAAAAAAAAAA11111111111IIIIIII
AAAAAAAAAAAAAAAAAAAAAAAAAAAAAAAAAAAAAAAAAAAAAAA11111111111IIIIII
AAAAAAAAAAAAAAAAAAAAAAAAAAAAAAAAAAAAAAAAAAAAAAAA11111111111IIIII
AAAAAAAAAAAAAAAAAAAAAAAAAAAAAAAAAAAAAAAAAAAAAAAAA11111111111IIII
AAAAAAAAAAAAAAAAAAAAAAAAAAAAAAAAAAAAAAAAAAAAAAAAAA11111111111III
AAAAAAAAAAAAAAAAAAAAAAAAAAAAAAAAAAAAAAAAAAAAAAAAAAA11111111111II
AAAAAAAAAAAAAAAAAAAAAAAAAAAAAAAAAAAAAAAAAAAAAAAAAAAA11111111111I
AAAAAAAAAAAAAAAAAAAAAAAAAAAAAAAAAAAAAAAAAAAAAAAAAAAAA11111111111
AAAAAAAAAAAAAAAAAAAAAAAAAAAAAAAAAAAAAAAAAAAAAAAAAAAAAA1111111111
AAAAAAAAAAAAAAAAAAAAAAAAAAAAAAAAAAAAAAAAAAAAAAAAAAAAAAA111111111
AAAAAAAAAAAAAAAAAAAAAAAAAAAAAAAAAAAAAAAAAAAAAAAAAAAAAAAA11111111
AAAAAAAAAAAAAAAAAAAAAAAAAAAAAAAAAAAAAAAAAAAAAAAAAAAAAAAAA1111111
AAAAAAAAAAAAAAAAAAAAAAAAAAAAAAAAAAAAAAAAAAAAAAAAAAAAAAAAAA111111
AAAAAAAAAAAAAAAAAAAAAAAAAAAAAAAAAAAAAAAAAAAAAAAAAAAAAAAAAAA11111
AAAAAAAAAAAAAAAAAAAAAAAAAAAAAAAAAAAAAAAAAAAAAAAAAAAAAAAAAAAA1111
AAAAAAAAAAAAAAAAAAAAAAAAAAAAAAAAAAAAAAAAAAAAAAAAAAAAAAAAAAAAA111
AAAAAAAAAAAAAAAAAAAAAAAAAAAAAAAAAAAAAAAAAAAAAAAAAAAAAAAAAAAAAA11
AAAAAAAAAAAAAAAAAAAAAAAAAAAAAAAAAAAAAAAAAAAAAAAAAAAAAAAAAAAAAAA1
AAAAAAAAAAAAAAAAAAAAAAAAAAAAAAAAAAAAAAAAAAAAAAAAAAAAAAAAAAAAAAAA
AIIII111III1IIIIIIIIIIIIIIIIIIIIIIIIIIIIIIIIIIIIIIIIIIIIIIIIIIII
AAIII1111II11IIIIIIIIIIIIIIIIIIIIIIIIIIIIIIIIIIIIIIIIIIIIIIIIIII
AAAII11111I111IIIIIIIIIIIIIIIIIIIIIIIIIIIIIIIIIIIIIIIIIIIIIIIIII
AAAAI11111I111IIIIIIIIIIIIIIIIIIIIIIIIIIIIIIIIIIIIIIIIIIIIIIIIII
AAAAA111111111I1IIIIIIIIIIIIIIIIIIIIIIIIIIIIIIIIIIIIIIIIIIIIIIII
AAAAAA11111111I11IIIIIIIIIIIIIIIIIIIIIIIIIIIIIIIIIIIIIIIIIIIIIII
AAAAAAA1111111I111IIIIIIIIIIIIIIIIIIIIIIIIIIIIIIIIIIIIIIIIIIIIII
AAAAAAAA11111111111IIIIIIIIIIIIIIIIIIIIIIIIIIIIIIIIIIIIIIIIIIIII
AAAAAAAAA11111111111IIIIIIIIIIIIIIIIIIIIIIIIIIIIIIIIIIIIIIIIIIII
AAAAAAAAAA11111111111IIIIIIIIIIIIIIIIIIIIIIIIIIIIIIIIIIIIIIIIIII
AAAAAAAAAAA11111111111IIIIIIIIIIIIIIIIIIIIIIIIIIIIIIIIIIIIIIIIII
AAAAAAAAAAAA11111111111IIIIIIIIIIIIIIIIIIIIIIIIIIIIIIIIIIIIIIIII
AAAAAAAAAAAAA11111111111IIIIIIIIIIIIIIIIIIIIIIIIIIIIIIIIIIIIIIII
AAAAAAAAAAAAAA11111111111IIIIIIIIIIIIIIIIIIIIIIIIIIIIIIIIIIIIIII
AAAAAAAAAAAAAAA11111111111IIIIIIIIIIIIIIIIIIIIIIIIIIIIIIIIIIIIII
AAAAAAAAAAAAAAAA11111111111IIIIIIIIIIIIIIIIIIIIIIIIIIIIIIIIIIIII
AAAAAAAAAAAAAAAAA11111111111IIIIIIIIIIIIIIIIIIIIIIIIIIIIIIIIIIII
AAAAAAAAAAAAAAAAAA11111111111IIIIIIIIIIIIIIIIIIIIIIIIIIIIIIIIIII
AAAAAAAAAAAAAAAAAAA11111111111IIIIIIIIIIIIIIIIIIIIIIIIIIIIIIIIII
AAAAAAAAAAAAAAAAAAAA11111111111IIIIIIIIIIIIIIIIIIIIIIIIIIIIIIIII
AAAAAAAAAAAAAAAAAAAAA11111111111IIIIIIIIIIIIIIIIIIIIIIIIIIIIIIII
AAAAAAAAAAAAAAAAAAAAAA11111111111IIIIIIIIIIIIIIIIIIIIIIIIIIIIIII
AAAAAAAAAAAAAAAAAAAAAAA11111111111IIIIIIIIIIIIIIIIIIIIIIIIIIIIII
AAAAAAAAAAAAAAAAAAAAAAAA11111111111IIIIIIIIIIIIIIIIIIIIIIIIIIIII
AAAAAAAAAAAAAAAAAAAAAAAAA11111111111IIIIIIIIIIIIIIIIIIIIIIIIIIII
AAAAAAAAAAAAAAAAAAAAAAAAAA11111111111IIIIIIIIIIIIIIIIIIIIIIIIIII
AAAAAAAAAAAAAAAAAAAAAAAAAAA11111111111IIIIIIIIIIIIIIIIIIIIIIIIII
AAAAAAAAAAAAAAAAAAAAAAAAAAAA11111111111IIIIIIIIIIIIIIIIIIIIIIIII
AAAAAAAAAAAAAAAAAAAAAAAAAAAAA11111111111IIIIIIIIIIIIIIIIIIIIIIII
AAAAAAAAAAAAAAAAAAAAAAAAAAAAAA11111111111IIIIIIIIIIIIIIIIIIIIIII
AAAAAAAAAAAAAAAAAAAAAAAAAAAAAAA11111111111IIIIIIIIIIIIIIIIIIIIII
AAAAAAAAAAAAAAAAAAAAAAAAAAAAAAAA11111111111IIIIIIIIIIIIIIIIIIIII
AAAAAAAAAAAAAAAAAAAAAAAAAAAAAAAAA11111111111IIIIIIIIIIIIIIIIIIII
AAAAAAAAAAAAAAAAAAAAAAAAAAAAAAAAAA11111111111IIIIIIIIIIIIIIIIIII
AAAAAAAAAAAAAAAAAAAAAAAAAAAAAAAAAAA11111111111IIIIIIIIIIIIIIIIII
AAAAAAAAAAAAAAAAAAAAAAAAAAAAAAAAAAAA11111111111IIIIIIIIIIIIIIIII
AAAAAAAAAAAAAAAAAAAAAAAAAAAAAAAAAAAAA11111111111IIIIIIIIIIIIIIII
AAAAAAAAAAAAAAAAAAAAAAAAAAAAAAAAAAAAAA11111111111IIIIIIIIIIIIIII
AAAAAAAAAAAAAAAAAAAAAAAAAAAAAAAAAAAAAAA11111111111IIIIIIIIIIIIII
AAAAAAAAAAAAAAAAAAAAAAAAAAAAAAAAAAAAAAAA11111111111IIIIIIIIIIIII
AAAAAAAAAAAAAAAAAAAAAAAAAAAAAAAAAAAAAAAAA11111111111IIIIIIIIIIII
AAAAAAAAAAAAAAAAAAAAAAAAAAAAAAAAAAAAAAAAAA11111111111IIIIIIIIIII
AAAAAAAAAAAAAAAAAAAAAAAAAAAAAAAAAAAAAAAAAAA11111111111IIIIIIIIII
AAAAAAAAAAAAAAAAAAAAAAAAAAAAAAAAAAAAAAAAAAAA11111111111IIIIIIIII
AAAAAAAAAAAAAAAAAAAAAAAAAAAAAAAAAAAAAAAAAAAAA11111111111IIIIIIII
AAAAAAAAAAAAAAAAAAAAAAAAAAAAAAAAAAAAAAAAAAAAAA11111111111IIIIIII
AAAAAAAAAAAAAAAAAAAAAAAAAAAAAAAAAAAAAAAAAAAAAAA11111111111IIIIII
AAAAAAAAAAAAAAAAAAAAAAAAAAAAAAAAAAAAAAAAAAAAAAAA11111111111IIIII
AAAAAAAAAAAAAAAAAAAAAAAAAAAAAAAAAAAAAAAAAAAAAAAAA11111111111IIII
AAAAAAAAAAAAAAAAAAAAAAAAAAAAAAAAAAAAAAAAAAAAAAAAAA11111111111III
AAAAAAAAAAAAAAAAAAAAAAAAAAAAAAAAAAAAAAAAAAAAAAAAAAA11111111111II
AAAAAAAAAAAAAAAAAAAAAAAAAAAAAAAAAAAAAAAAAAAAAAAAAAAA11111111111I
AAAAAAAAAAAAAAAAAAAAAAAAAAAAAAAAAAAAAAAAAAAAAAAAAAAAA11111111111
AAAAAAAAAAAAAAAAAAAAAAAAAAAAAAAAAAAAAAAAAAAAAAAAAAAAAA1111111111
AAAAAAAAAAAAAAAAAAAAAAAAAAAAAAAAAAAAAAAAAAAAAAAAAAAAAAA111111111
AAAAAAAAAAAAAAAAAAAAAAAAAAAAAAAAAAAAAAAAAAAAAAAAAAAAAAAA11111111
AAAAAAAAAAAAAAAAAAAAAAAAAAAAAAAAAAAAAAAAAAAAAAAAAAAAAAAAA1111111
AAAAAAAAAAAAAAAAAAAAAAAAAAAAAAAAAAAAAAAAAAAAAAAAAAAAAAAAAA111111
AAAAAAAAAAAAAAAAAAAAAAAAAAAAAAAAAAAAAAAAAAAAAAAAAAAAAAAAAAA11111
AAAAAAAAAAAAAAAAAAAAAAAAAAAAAAAAAAAAAAAAAAAAAAAAAAAAAAAAAAAA1111
AAAAAAAAAAAAAAAAAAAAAAAAAAAAAAAAAAAAAAAAAAAAAAAAAAAAAAAAAAAAA111
AAAAAAAAAAAAAAAAAAAAAAAAAAAAAAAAAAAAAAAAAAAAAAAAAAAAAAAAAAAAAA11
AAAAAAAAAAAAAAAAAAAAAAAAAAAAAAAAAAAAAAAAAAAAAAAAAAAAAAAAAAAAAAA1
AAAAAAAAAAAAAAAAAAAAAAAAAAAAAAAAAAAAAAAAAAAAAAAAAAAAAAAAAAAAAAAA
AI1I11111I11IIIIIIIIIIIIIIIIIIIIIIIIIIIIIIIIIIIIIIIIIIIIIIIIIIII
AA1I11111I11IIIIIIIIIIIIIIIIIIIIIIIIIIIIIIIIIIIIIIIIIIIIIIIIIIII
AAAI11111I11IIIIIIIIIIIIIIIIIIIIIIIIIIIIIIIIIIIIIIIIIIIIIIIIIIII
AAAA11111I11IIIIIIIIIIIIIIIIIIIIIIIIIIIIIIIIIIIIIIIIIIIIIIIIIIII
AAAA11111111111IIIIIIIIIIIIIIIIIIIIIIIIIIIIIIIIIIIIIIIIIIIIIIIII
AAAAA111111111111IIIIIIIIIIIIIIIIIIIIIIIIIIIIIIIIIIIIIIIIIIIIIII
AAAAAA111111111111IIIIIIIIIIIIIIIIIIIIIIIIIIIIIIIIIIIIIIIIIIIIII
AAAAAAA111111111111IIIIIIIIIIIIIIIIIIIIIIIIIIIIIIIIIIIIIIIIIIIII
AAAAAAAA111111111111IIIIIIIIIIIIIIIIIIIIIIIIIIIIIIIIIIIIIIIIIIII
AAAAAAAAA111111111111IIIIIIIIIIIIIIIIIIIIIIIIIIIIIIIIIIIIIIIIIII
AAAAAAAAAA111111111111IIIIIIIIIIIIIIIIIIIIIIIIIIIIIIIIIIIIIIIIII
AAAAAAAAAAA111111111111IIIIIIIIIIIIIIIIIIIIIIIIIIIIIIIIIIIIIIIII
AAAAAAAAAAAA111111111111IIIIIIIIIIIIIIIIIIIIIIIIIIIIIIIIIIIIIIII
AAAAAAAAAAAAA111111111111IIIIIIIIIIIIIIIIIIIIIIIIIIIIIIIIIIIIIII
AAAAAAAAAAAAAA111111111111IIIIIIIIIIIIIIIIIIIIIIIIIIIIIIIIIIIIII
AAAAAAAAAAAAAAA111111111111IIIIIIIIIIIIIIIIIIIIIIIIIIIIIIIIIIIII
AAAAAAAAAAAAAAAA111111111111IIIIIIIIIIIIIIIIIIIIIIIIIIIIIIIIIIII
AAAAAAAAAAAAAAAAA111111111111IIIIIIIIIIIIIIIIIIIIIIIIIIIIIIIIIII
AAAAAAAAAAAAAAAAAA111111111111IIIIIIIIIIIIIIIIIIIIIIIIIIIIIIIIII
AAAAAAAAAAAAAAAAAAA111111111111IIIIIIIIIIIIIIIIIIIIIIIIIIIIIIIII
AAAAAAAAAAAAAAAAAAAA111111111111IIIIIIIIIIIIIIIIIIIIIIIIIIIIIIII
AAAAAAAAAAAAAAAAAAAAA111111111111IIIIIIIIIIIIIIIIIIIIIIIIIIIIIII
AAAAAAAAAAAAAAAAAAAAAA111111111111IIIIIIIIIIIIIIIIIIIIIIIIIIIIII
AAAAAAAAAAAAAAAAAAAAAAA111111111111IIIIIIIIIIIIIIIIIIIIIIIIIIIII
AAAAAAAAAAAAAAAAAAAAAAAA111111111111IIIIIIIIIIIIIIIIIIIIIIIIIIII
AAAAAAAAAAAAAAAAAAAAAAAAA111111111111IIIIIIIIIIIIIIIIIIIIIIIIIII
AAAAAAAAAAAAAAAAAAAAAAAAAA111111111111IIIIIIIIIIIIIIIIIIIIIIIIII
AAAAAAAAAAAAAAAAAAAAAAAAAAA111111111111IIIIIIIIIIIIIIIIIIIIIIIII
AAAAAAAAAAAAAAAAAAAAAAAAAAAA111111111111IIIIIIIIIIIIIIIIIIIIIIII
AAAAAAAAAAAAAAAAAAAAAAAAAAAAA111111111111IIIIIIIIIIIIIIIIIIIIIII
AAAAAAAAAAAAAAAAAAAAAAAAAAAAAA111111111111IIIIIIIIIIIIIIIIIIIIII
AAAAAAAAAAAAAAAAAAAAAAAAAAAAAAA111111111111IIIIIIIIIIIIIIIIIIIII
AAAAAAAAAAAAAAAAAAAAAAAAAAAAAAAA111111111111IIIIIIIIIIIIIIIIIIII
AAAAAAAAAAAAAAAAAAAAAAAAAAAAAAAAA111111111111IIIIIIIIIIIIIIIIIII
AAAAAAAAAAAAAAAAAAAAAAAAAAAAAAAAAA111111111111IIIIIIIIIIIIIIIIII
AAAAAAAAAAAAAAAAAAAAAAAAAAAAAAAAAAA111111111111IIIIIIIIIIIIIIIII
AAAAAAAAAAAAAAAAAAAAAAAAAAAAAAAAAAAA111111111111IIIIIIIIIIIIIIII
AAAAAAAAAAAAAAAAAAAAAAAAAAAAAAAAAAAAA111111111111IIIIIIIIIIIIIII
AAAAAAAAAAAAAAAAAAAAAAAAAAAAAAAAAAAAAA111111111111IIIIIIIIIIIIII
AAAAAAAAAAAAAAAAAAAAAAAAAAAAAAAAAAAAAAA111111111111IIIIIIIIIIIII
AAAAAAAAAAAAAAAAAAAAAAAAAAAAAAAAAAAAAAAA111111111111IIIIIIIIIIII
AAAAAAAAAAAAAAAAAAAAAAAAAAAAAAAAAAAAAAAAA111111111111IIIIIIIIIII
AAAAAAAAAAAAAAAAAAAAAAAAAAAAAAAAAAAAAAAAAA111111111111IIIIIIIIII
AAAAAAAAAAAAAAAAAAAAAAAAAAAAAAAAAAAAAAAAAAA111111111111IIIIIIIII
AAAAAAAAAAAAAAAAAAAAAAAAAAAAAAAAAAAAAAAAAAAA111111111111IIIIIIII
AAAAAAAAAAAAAAAAAAAAAAAAAAAAAAAAAAAAAAAAAAAAA111111111111IIIIIII
AAAAAAAAAAAAAAAAAAAAAAAAAAAAAAAAAAAAAAAAAAAAAA111111111111IIIIII
AAAAAAAAAAAAAAAAAAAAAAAAAAAAAAAAAAAAAAAAAAAAAAA111111111111IIIII
AAAAAAAAAAAAAAAAAAAAAAAAAAAAAAAAAAAAAAAAAAAAAAAA111111111111IIII
AAAAAAAAAAAAAAAAAAAAAAAAAAAAAAAAAAAAAAAAAAAAAAAAA111111111111III
AAAAAAAAAAAAAAAAAAAAAAAAAAAAAAAAAAAAAAAAAAAAAAAAAA111111111111II
AAAAAAAAAAAAAAAAAAAAAAAAAAAAAAAAAAAAAAAAAAAAAAAAAAA111111111111I
AAAAAAAAAAAAAAAAAAAAAAAAAAAAAAAAAAAAAAAAAAAAAAAAAAAA111111111111
AAAAAAAAAAAAAAAAAAAAAAAAAAAAAAAAAAAAAAAAAAAAAAAAAAAAA11111111111
AAAAAAAAAAAAAAAAAAAAAAAAAAAAAAAAAAAAAAAAAAAAAAAAAAAAAA1111111111
AAAAAAAAAAAAAAAAAAAAAAAAAAAAAAAAAAAAAAAAAAAAAAAAAAAAAAA111111111
AAAAAAAAAAAAAAAAAAAAAAAAAAAAAAAAAAAAAAAAAAAAAAAAAAAAAAAA11111111
AAAAAAAAAAAAAAAAAAAAAAAAAAAAAAAAAAAAAAAAAAAAAAAAAAAAAAAAA1111111
AAAAAAAAAAAAAAAAAAAAAAAAAAAAAAAAAAAAAAAAAAAAAAAAAAAAAAAAAA111111
AAAAAAAAAAAAAAAAAAAAAAAAAAAAAAAAAAAAAAAAAAAAAAAAAAAAAAAAAAA11111
AAAAAAAAAAAAAAAAAAAAAAAAAAAAAAAAAAAAAAAAAAAAAAAAAAAAAAAAAAAA1111
AAAAAAAAAAAAAAAAAAAAAAAAAAAAAAAAAAAAAAAAAAAAAAAAAAAAAAAAAAAAA111
AAAAAAAAAAAAAAAAAAAAAAAAAAAAAAAAAAAAAAAAAAAAAAAAAAAAAAAAAAAAAA11
AAAAAAAAAAAAAAAAAAAAAAAAAAAAAAAAAAAAAAAAAAAAAAAAAAAAAAAAAAAAAAA1
AAAAAAAAAAAAAAAAAAAAAAAAAAAAAAAAAAAAAAAAAAAAAAAAAAAAAAAAAAAAAAAA
AI1I11111I11IIIIIIIIIIIIIIIIIIIIIIIIIIIIIIIIIIIIIIIIIIIIIIIIIIII
AA1I11111I11IIIIIIIIIIIIIIIIIIIIIIIIIIIIIIIIIIIIIIIIIIIIIIIIIIII
AAAI11111I11IIIIIIIIIIIIIIIIIIIIIIIIIIIIIIIIIIIIIIIIIIIIIIIIIIII
AAAA11111I11IIIIIIIIIIIIIIIIIIIIIIIIIIIIIIIIIIIIIIIIIIIIIIIIIIII
AAAA1111111111IIIIIIIIIIIIIIIIIIIIIIIIIIIIIIIIIIIIIIIIIIIIIIIIII
AAAAA11111111111IIIIIIIIIIIIIIIIIIIIIIIIIIIIIIIIIIIIIIIIIIIIIIII
AAAAAA11111111111IIIIIIIIIIIIIIIIIIIIIIIIIIIIIIIIIIIIIIIIIIIIIII
AAAAAAA11111111111IIIIIIIIIIIIIIIIIIIIIIIIIIIIIIIIIIIIIIIIIIIIII
AAAAAAAA11111111111IIIIIIIIIIIIIIIIIIIIIIIIIIIIIIIIIIIIIIIIIIIII
AAAAAAAAA11111111111IIIIIIIIIIIIIIIIIIIIIIIIIIIIIIIIIIIIIIIIIIII
AAAAAAAAAA11111111111IIIIIIIIIIIIIIIIIIIIIIIIIIIIIIIIIIIIIIIIIII
AAAAAAAAAAA11111111111IIIIIIIIIIIIIIIIIIIIIIIIIIIIIIIIIIIIIIIIII
AAAAAAAAAAAA11111111111IIIIIIIIIIIIIIIIIIIIIIIIIIIIIIIIIIIIIIIII
AAAAAAAAAAAAA11111111111IIIIIIIIIIIIIIIIIIIIIIIIIIIIIIIIIIIIIIII
AAAAAAAAAAAAAA11111111111IIIIIIIIIIIIIIIIIIIIIIIIIIIIIIIIIIIIIII
AAAAAAAAAAAAAAA11111111111IIIIIIIIIIIIIIIIIIIIIIIIIIIIIIIIIIIIII
AAAAAAAAAAAAAAAA11111111111IIIIIIIIIIIIIIIIIIIIIIIIIIIIIIIIIIIII
AAAAAAAAAAAAAAAAA11111111111IIIIIIIIIIIIIIIIIIIIIIIIIIIIIIIIIIII
AAAAAAAAAAAAAAAAAA11111111111IIIIIIIIIIIIIIIIIIIIIIIIIIIIIIIIIII
AAAAAAAAAAAAAAAAAAA11111111111IIIIIIIIIIIIIIIIIIIIIIIIIIIIIIIIII
AAAAAAAAAAAAAAAAAAAA11111111111IIIIIIIIIIIIIIIIIIIIIIIIIIIIIIIII
AAAAAAAAAAAAAAAAAAAAA11111111111IIIIIIIIIIIIIIIIIIIIIIIIIIIIIIII
AAAAAAAAAAAAAAAAAAAAAA11111111111IIIIIIIIIIIIIIIIIIIIIIIIIIIIIII
AAAAAAAAAAAAAAAAAAAAAAA11111111111IIIIIIIIIIIIIIIIIIIIIIIIIIIIII
AAAAAAAAAAAAAAAAAAAAAAAA11111111111IIIIIIIIIIIIIIIIIIIIIIIIIIIII
AAAAAAAAAAAAAAAAAAAAAAAAA11111111111IIIIIIIIIIIIIIIIIIIIIIIIIIII
AAAAAAAAAAAAAAAAAAAAAAAAAA11111111111IIIIIIIIIIIIIIIIIIIIIIIIIII
AAAAAAAAAAAAAAAAAAAAAAAAAAA11111111111IIIIIIIIIIIIIIIIIIIIIIIIII
AAAAAAAAAAAAAAAAAAAAAAAAAAAA11111111111IIIIIIIIIIIIIIIIIIIIIIIII
AAAAAAAAAAAAAAAAAAAAAAAAAAAAA11111111111IIIIIIIIIIIIIIIIIIIIIIII
AAAAAAAAAAAAAAAAAAAAAAAAAAAAAA11111111111IIIIIIIIIIIIIIIIIIIIIII
AAAAAAAAAAAAAAAAAAAAAAAAAAAAAAA11111111111IIIIIIIIIIIIIIIIIIIIII
AAAAAAAAAAAAAAAAAAAAAAAAAAAAAAAA11111111111IIIIIIIIIIIIIIIIIIIII
AAAAAAAAAAAAAAAAAAAAAAAAAAAAAAAAA11111111111IIIIIIIIIIIIIIIIIIII
AAAAAAAAAAAAAAAAAAAAAAAAAAAAAAAAAA11111111111IIIIIIIIIIIIIIIIIII
AAAAAAAAAAAAAAAAAAAAAAAAAAAAAAAAAAA11111111111IIIIIIIIIIIIIIIIII
AAAAAAAAAAAAAAAAAAAAAAAAAAAAAAAAAAAA11111111111IIIIIIIIIIIIIIIII
AAAAAAAAAAAAAAAAAAAAAAAAAAAAAAAAAAAAA11111111111IIIIIIIIIIIIIIII
AAAAAAAAAAAAAAAAAAAAAAAAAAAAAAAAAAAAAA11111111111IIIIIIIIIIIIIII
AAAAAAAAAAAAAAAAAAAAAAAAAAAAAAAAAAAAAAA11111111111IIIIIIIIIIIIII
AAAAAAAAAAAAAAAAAAAAAAAAAAAAAAAAAAAAAAAA11111111111IIIIIIIIIIIII
AAAAAAAAAAAAAAAAAAAAAAAAAAAAAAAAAAAAAAAAA11111111111IIIIIIIIIIII
AAAAAAAAAAAAAAAAAAAAAAAAAAAAAAAAAAAAAAAAAA11111111111IIIIIIIIIII
AAAAAAAAAAAAAAAAAAAAAAAAAAAAAAAAAAAAAAAAAAA11111111111IIIIIIIIII
AAAAAAAAAAAAAAAAAAAAAAAAAAAAAAAAAAAAAAAAAAAA11111111111IIIIIIIII
AAAAAAAAAAAAAAAAAAAAAAAAAAAAAAAAAAAAAAAAAAAAA11111111111IIIIIIII
AAAAAAAAAAAAAAAAAAAAAAAAAAAAAAAAAAAAAAAAAAAAAA11111111111IIIIIII
AAAAAAAAAAAAAAAAAAAAAAAAAAAAAAAAAAAAAAAAAAAAAAA11111111111IIIIII
AAAAAAAAAAAAAAAAAAAAAAAAAAAAAAAAAAAAAAAAAAAAAAAA11111111111IIIII
AAAAAAAAAAAAAAAAAAAAAAAAAAAAAAAAAAAAAAAAAAAAAAAAA11111111111IIII
AAAAAAAAAAAAAAAAAAAAAAAAAAAAAAAAAAAAAAAAAAAAAAAAAA11111111111III
AAAAAAAAAAAAAAAAAAAAAAAAAAAAAAAAAAAAAAAAAAAAAAAAAAA11111111111II
AAAAAAAAAAAAAAAAAAAAAAAAAAAAAAAAAAAAAAAAAAAAAAAAAAAA11111111111I
AAAAAAAAAAAAAAAAAAAAAAAAAAAAAAAAAAAAAAAAAAAAAAAAAAAAA11111111111
AAAAAAAAAAAAAAAAAAAAAAAAAAAAAAAAAAAAAAAAAAAAAAAAAAAAAA1111111111
AAAAAAAAAAAAAAAAAAAAAAAAAAAAAAAAAAAAAAAAAAAAAAAAAAAAAAA111111111
AAAAAAAAAAAAAAAAAAAAAAAAAAAAAAAAAAAAAAAAAAAAAAAAAAAAAAAA11111111
AAAAAAAAAAAAAAAAAAAAAAAAAAAAAAAAAAAAAAAAAAAAAAAAAAAAAAAAA1111111
AAAAAAAAAAAAAAAAAAAAAAAAAAAAAAAAAAAAAAAAAAAAAAAAAAAAAAAAAA111111
AAAAAAAAAAAAAAAAAAAAAAAAAAAAAAAAAAAAAAAAAAAAAAAAAAAAAAAAAAA11111
AAAAAAAAAAAAAAAAAAAAAAAAAAAAAAAAAAAAAAAAAAAAAAAAAAAAAAAAAAAA1111
AAAAAAAAAAAAAAAAAAAAAAAAAAAAAAAAAAAAAAAAAAAAAAAAAAAAAAAAAAAAA111
AAAAAAAAAAAAAAAAAAAAAAAAAAAAAAAAAAAAAAAAAAAAAAAAAAAAAAAAAAAAAA11
AAAAAAAAAAAAAAAAAAAAAAAAAAAAAAAAAAAAAAAAAAAAAAAAAAAAAAAAAAAAAAA1
AAAAAAAAAAAAAAAAAAAAAAAAAAAAAAAAAAAAAAAAAAAAAAAAAAAAAAAAAAAAAAAA
AIIII11IIII1IIIIIIIIIIIIIIIIIIIIIIIIIIIIIIIIIIIIIIIIIIIIIIIIIIII
AAIII111III11IIIIIIIIIIIIIIIIIIIIIIIIIIIIIIIIIIIIIIIIIIIIIIIIIII
AAAII1111II111IIIIIIIIIIIIIIIIIIIIIIIIIIIIIIIIIIIIIIIIIIIIIIIIII
AAAAI11111I111IIIIIIIIIIIIIIIIIIIIIIIIIIIIIIIIIIIIIIIIIIIIIIIIII
AAAAA111111111I1IIIIIIIIIIIIIIIIIIIIIIIIIIIIIIIIIIIIIIIIIIIIIIII
AAAAAA11111111I11IIIIIIIIIIIIIIIIIIIIIIIIIIIIIIIIIIIIIIIIIIIIIII
AAAAAAA1111111I111IIIIIIIIIIIIIIIIIIIIIIIIIIIIIIIIIIIIIIIIIIIIII
AAAAAAAA111111I1111IIIIIIIIIIIIIIIIIIIIIIIIIIIIIIIIIIIIIIIIIIIII
AAAAAAAAA11111111111IIIIIIIIIIIIIIIIIIIIIIIIIIIIIIIIIIIIIIIIIIII
AAAAAAAAAA11111111111IIIIIIIIIIIIIIIIIIIIIIIIIIIIIIIIIIIIIIIIIII
AAAAAAAAAAA11111111111IIIIIIIIIIIIIIIIIIIIIIIIIIIIIIIIIIIIIIIIII
AAAAAAAAAAAA11111111111IIIIIIIIIIIIIIIIIIIIIIIIIIIIIIIIIIIIIIIII
AAAAAAAAAAAAA11111111111IIIIIIIIIIIIIIIIIIIIIIIIIIIIIIIIIIIIIIII
AAAAAAAAAAAAAA11111111111IIIIIIIIIIIIIIIIIIIIIIIIIIIIIIIIIIIIIII
AAAAAAAAAAAAAAA11111111111IIIIIIIIIIIIIIIIIIIIIIIIIIIIIIIIIIIIII
AAAAAAAAAAAAAAAA11111111111IIIIIIIIIIIIIIIIIIIIIIIIIIIIIIIIIIIII
AAAAAAAAAAAAAAAAA11111111111IIIIIIIIIIIIIIIIIIIIIIIIIIIIIIIIIIII
AAAAAAAAAAAAAAAAAA11111111111IIIIIIIIIIIIIIIIIIIIIIIIIIIIIIIIIII
AAAAAAAAAAAAAAAAAAA11111111111IIIIIIIIIIIIIIIIIIIIIIIIIIIIIIIIII
AAAAAAAAAAAAAAAAAAAA11111111111IIIIIIIIIIIIIIIIIIIIIIIIIIIIIIIII
AAAAAAAAAAAAAAAAAAAAA11111111111IIIIIIIIIIIIIIIIIIIIIIIIIIIIIIII
AAAAAAAAAAAAAAAAAAAAAA11111111111IIIIIIIIIIIIIIIIIIIIIIIIIIIIIII
AAAAAAAAAAAAAAAAAAAAAAA11111111111IIIIIIIIIIIIIIIIIIIIIIIIIIIIII
AAAAAAAAAAAAAAAAAAAAAAAA11111111111IIIIIIIIIIIIIIIIIIIIIIIIIIIII
AAAAAAAAAAAAAAAAAAAAAAAAA11111111111IIIIIIIIIIIIIIIIIIIIIIIIIIII
AAAAAAAAAAAAAAAAAAAAAAAAAA11111111111IIIIIIIIIIIIIIIIIIIIIIIIIII
AAAAAAAAAAAAAAAAAAAAAAAAAAA11111111111IIIIIIIIIIIIIIIIIIIIIIIIII
AAAAAAAAAAAAAAAAAAAAAAAAAAAA11111111111IIIIIIIIIIIIIIIIIIIIIIIII
AAAAAAAAAAAAAAAAAAAAAAAAAAAAA11111111111IIIIIIIIIIIIIIIIIIIIIIII
AAAAAAAAAAAAAAAAAAAAAAAAAAAAAA11111111111IIIIIIIIIIIIIIIIIIIIIII
AAAAAAAAAAAAAAAAAAAAAAAAAAAAAAA11111111111IIIIIIIIIIIIIIIIIIIIII
AAAAAAAAAAAAAAAAAAAAAAAAAAAAAAAA11111111111IIIIIIIIIIIIIIIIIIIII
AAAAAAAAAAAAAAAAAAAAAAAAAAAAAAAAA11111111111IIIIIIIIIIIIIIIIIIII
AAAAAAAAAAAAAAAAAAAAAAAAAAAAAAAAAA11111111111IIIIIIIIIIIIIIIIIII
AAAAAAAAAAAAAAAAAAAAAAAAAAAAAAAAAAA11111111111IIIIIIIIIIIIIIIIII
AAAAAAAAAAAAAAAAAAAAAAAAAAAAAAAAAAAA11111111111IIIIIIIIIIIIIIIII
AAAAAAAAAAAAAAAAAAAAAAAAAAAAAAAAAAAAA11111111111IIIIIIIIIIIIIIII
AAAAAAAAAAAAAAAAAAAAAAAAAAAAAAAAAAAAAA11111111111IIIIIIIIIIIIIII
AAAAAAAAAAAAAAAAAAAAAAAAAAAAAAAAAAAAAAA11111111111IIIIIIIIIIIIII
AAAAAAAAAAAAAAAAAAAAAAAAAAAAAAAAAAAAAAAA11111111111IIIIIIIIIIIII
AAAAAAAAAAAAAAAAAAAAAAAAAAAAAAAAAAAAAAAAA11111111111IIIIIIIIIIII
AAAAAAAAAAAAAAAAAAAAAAAAAAAAAAAAAAAAAAAAAA11111111111IIIIIIIIIII
AAAAAAAAAAAAAAAAAAAAAAAAAAAAAAAAAAAAAAAAAAA11111111111IIIIIIIIII
AAAAAAAAAAAAAAAAAAAAAAAAAAAAAAAAAAAAAAAAAAAA11111111111IIIIIIIII
AAAAAAAAAAAAAAAAAAAAAAAAAAAAAAAAAAAAAAAAAAAAA11111111111IIIIIIII
AAAAAAAAAAAAAAAAAAAAAAAAAAAAAAAAAAAAAAAAAAAAAA11111111111IIIIIII
AAAAAAAAAAAAAAAAAAAAAAAAAAAAAAAAAAAAAAAAAAAAAAA11111111111IIIIII
AAAAAAAAAAAAAAAAAAAAAAAAAAAAAAAAAAAAAAAAAAAAAAAA11111111111IIIII
AAAAAAAAAAAAAAAAAAAAAAAAAAAAAAAAAAAAAAAAAAAAAAAAA11111111111IIII
AAAAAAAAAAAAAAAAAAAAAAAAAAAAAAAAAAAAAAAAAAAAAAAAAA11111111111III
AAAAAAAAAAAAAAAAAAAAAAAAAAAAAAAAAAAAAAAAAAAAAAAAAAA11111111111II
AAAAAAAAAAAAAAAAAAAAAAAAAAAAAAAAAAAAAAAAAAAAAAAAAAAA11111111111I
AAAAAAAAAAAAAAAAAAAAAAAAAAAAAAAAAAAAAAAAAAAAAAAAAAAAA11111111111
AAAAAAAAAAAAAAAAAAAAAAAAAAAAAAAAAAAAAAAAAAAAAAAAAAAAAA1111111111
AAAAAAAAAAAAAAAAAAAAAAAAAAAAAAAAAAAAAAAAAAAAAAAAAAAAAAA111111111
AAAAAAAAAAAAAAAAAAAAAAAAAAAAAAAAAAAAAAAAAAAAAAAAAAAAAAAA11111111
AAAAAAAAAAAAAAAAAAAAAAAAAAAAAAAAAAAAAAAAAAAAAAAAAAAAAAAAA1111111
AAAAAAAAAAAAAAAAAAAAAAAAAAAAAAAAAAAAAAAAAAAAAAAAAAAAAAAAAA111111
AAAAAAAAAAAAAAAAAAAAAAAAAAAAAAAAAAAAAAAAAAAAAAAAAAAAAAAAAAA11111
AAAAAAAAAAAAAAAAAAAAAAAAAAAAAAAAAAAAAAAAAAAAAAAAAAAAAAAAAAAA1111
AAAAAAAAAAAAAAAAAAAAAAAAAAAAAAAAAAAAAAAAAAAAAAAAAAAAAAAAAAAAA111
AAAAAAAAAAAAAAAAAAAAAAAAAAAAAAAAAAAAAAAAAAAAAAAAAAAAAAAAAAAAAA11
AAAAAAAAAAAAAAAAAAAAAAAAAAAAAAAAAAAAAAAAAAAAAAAAAAAAAAAAAAAAAAA1
AAAAAAAAAAAAAAAAAAAAAAAAAAAAAAAAAAAAAAAAAAAAAAAAAAAAAAAAAAAAAAAA
AI1II1111II11IIIIIIIIIIIIIIIIIIIIIIIIIIIIIIIIIIIIIIIIIIIIIIIIIII
AA11I1111II11IIIIIIIIIIIIIIIIIIIIIIIIIIIIIIIIIIIIIIIIIIIIIIIIIII
AAA1I1111II11IIIIIIIIIIIIIIIIIIIIIIIIIIIIIIIIIIIIIIIIIIIIIIIIIII
AAAAI1111II11IIIIIIIIIIIIIIIIIIIIIIIIIIIIIIIIIIIIIIIIIIIIIIIIIII
AAAA1111111111IIIIIIIIIIIIIIIIIIIIIIIIIIIIIIIIIIIIIIIIIIIIIIIIII
AAAAA111111111I11IIIIIIIIIIIIIIIIIIIIIIIIIIIIIIIIIIIIIIIIIIIIIII
AAAAAA11111111I111IIIIIIIIIIIIIIIIIIIIIIIIIIIIIIIIIIIIIIIIIIIIII
AAAAAAA111111111111IIIIIIIIIIIIIIIIIIIIIIIIIIIIIIIIIIIIIIIIIIIII
AAAAAAAA111111111111IIIIIIIIIIIIIIIIIIIIIIIIIIIIIIIIIIIIIIIIIIII
AAAAAAAAA111111111111IIIIIIIIIIIIIIIIIIIIIIIIIIIIIIIIIIIIIIIIIII
AAAAAAAAAA111111111111IIIIIIIIIIIIIIIIIIIIIIIIIIIIIIIIIIIIIIIIII
AAAAAAAAAAA111111111111IIIIIIIIIIIIIIIIIIIIIIIIIIIIIIIIIIIIIIIII
AAAAAAAAAAAA111111111111IIIIIIIIIIIIIIIIIIIIIIIIIIIIIIIIIIIIIIII
AAAAAAAAAAAAA111111111111IIIIIIIIIIIIIIIIIIIIIIIIIIIIIIIIIIIIIII
AAAAAAAAAAAAAA111111111111IIIIIIIIIIIIIIIIIIIIIIIIIIIIIIIIIIIIII
AAAAAAAAAAAAAAA111111111111IIIIIIIIIIIIIIIIIIIIIIIIIIIIIIIIIIIII
AAAAAAAAAAAAAAAA111111111111IIIIIIIIIIIIIIIIIIIIIIIIIIIIIIIIIIII
AAAAAAAAAAAAAAAAA111111111111IIIIIIIIIIIIIIIIIIIIIIIIIIIIIIIIIII
AAAAAAAAAAAAAAAAAA111111111111IIIIIIIIIIIIIIIIIIIIIIIIIIIIIIIIII
AAAAAAAAAAAAAAAAAAA111111111111IIIIIIIIIIIIIIIIIIIIIIIIIIIIIIIII
AAAAAAAAAAAAAAAAAAAA111111111111IIIIIIIIIIIIIIIIIIIIIIIIIIIIIIII
AAAAAAAAAAAAAAAAAAAAA111111111111IIIIIIIIIIIIIIIIIIIIIIIIIIIIIII
AAAAAAAAAAAAAAAAAAAAAA111111111111IIIIIIIIIIIIIIIIIIIIIIIIIIIIII
AAAAAAAAAAAAAAAAAAAAAAA111111111111IIIIIIIIIIIIIIIIIIIIIIIIIIIII
AAAAAAAAAAAAAAAAAAAAAAAA111111111111IIIIIIIIIIIIIIIIIIIIIIIIIIII
AAAAAAAAAAAAAAAAAAAAAAAAA111111111111IIIIIIIIIIIIIIIIIIIIIIIIIII
AAAAAAAAAAAAAAAAAAAAAAAAAA111111111111IIIIIIIIIIIIIIIIIIIIIIIIII
AAAAAAAAAAAAAAAAAAAAAAAAAAA111111111111IIIIIIIIIIIIIIIIIIIIIIIII
AAAAAAAAAAAAAAAAAAAAAAAAAAAA111111111111IIIIIIIIIIIIIIIIIIIIIIII
AAAAAAAAAAAAAAAAAAAAAAAAAAAAA111111111111IIIIIIIIIIIIIIIIIIIIIII
AAAAAAAAAAAAAAAAAAAAAAAAAAAAAA111111111111IIIIIIIIIIIIIIIIIIIIII
AAAAAAAAAAAAAAAAAAAAAAAAAAAAAAA111111111111IIIIIIIIIIIIIIIIIIIII
AAAAAAAAAAAAAAAAAAAAAAAAAAAAAAAA111111111111IIIIIIIIIIIIIIIIIIII
AAAAAAAAAAAAAAAAAAAAAAAAAAAAAAAAA111111111111IIIIIIIIIIIIIIIIIII
AAAAAAAAAAAAAAAAAAAAAAAAAAAAAAAAAA111111111111IIIIIIIIIIIIIIIIII
AAAAAAAAAAAAAAAAAAAAAAAAAAAAAAAAAAA111111111111IIIIIIIIIIIIIIIII
AAAAAAAAAAAAAAAAAAAAAAAAAAAAAAAAAAAA111111111111IIIIIIIIIIIIIIII
AAAAAAAAAAAAAAAAAAAAAAAAAAAAAAAAAAAAA111111111111IIIIIIIIIIIIIII
AAAAAAAAAAAAAAAAAAAAAAAAAAAAAAAAAAAAAA111111111111IIIIIIIIIIIIII
AAAAAAAAAAAAAAAAAAAAAAAAAAAAAAAAAAAAAAA111111111111IIIIIIIIIIIII
AAAAAAAAAAAAAAAAAAAAAAAAAAAAAAAAAAAAAAAA111111111111IIIIIIIIIIII
AAAAAAAAAAAAAAAAAAAAAAAAAAAAAAAAAAAAAAAAA111111111111IIIIIIIIIII
AAAAAAAAAAAAAAAAAAAAAAAAAAAAAAAAAAAAAAAAAA111111111111IIIIIIIIII
AAAAAAAAAAAAAAAAAAAAAAAAAAAAAAAAAAAAAAAAAAA111111111111IIIIIIIII
AAAAAAAAAAAAAAAAAAAAAAAAAAAAAAAAAAAAAAAAAAAA111111111111IIIIIIII
AAAAAAAAAAAAAAAAAAAAAAAAAAAAAAAAAAAAAAAAAAAAA111111111111IIIIIII
AAAAAAAAAAAAAAAAAAAAAAAAAAAAAAAAAAAAAAAAAAAAAA111111111111IIIIII
AAAAAAAAAAAAAAAAAAAAAAAAAAAAAAAAAAAAAAAAAAAAAAA111111111111IIIII
AAAAAAAAAAAAAAAAAAAAAAAAAAAAAAAAAAAAAAAAAAAAAAAA111111111111IIII
AAAAAAAAAAAAAAAAAAAAAAAAAAAAAAAAAAAAAAAAAAAAAAAAA111111111111III
AAAAAAAAAAAAAAAAAAAAAAAAAAAAAAAAAAAAAAAAAAAAAAAAAA111111111111II
AAAAAAAAAAAAAAAAAAAAAAAAAAAAAAAAAAAAAAAAAAAAAAAAAAA111111111111I
AAAAAAAAAAAAAAAAAAAAAAAAAAAAAAAAAAAAAAAAAAAAAAAAAAAA111111111111
AAAAAAAAAAAAAAAAAAAAAAAAAAAAAAAAAAAAAAAAAAAAAAAAAAAAA11111111111
AAAAAAAAAAAAAAAAAAAAAAAAAAAAAAAAAAAAAAAAAAAAAAAAAAAAAA1111111111
AAAAAAAAAAAAAAAAAAAAAAAAAAAAAAAAAAAAAAAAAAAAAAAAAAAAAAA111111111
AAAAAAAAAAAAAAAAAAAAAAAAAAAAAAAAAAAAAAAAAAAAAAAAAAAAAAAA11111111
AAAAAAAAAAAAAAAAAAAAAAAAAAAAAAAAAAAAAAAAAAAAAAAAAAAAAAAAA1111111
AAAAAAAAAAAAAAAAAAAAAAAAAAAAAAAAAAAAAAAAAAAAAAAAAAAAAAAAAA111111
AAAAAAAAAAAAAAAAAAAAAAAAAAAAAAAAAAAAAAAAAAAAAAAAAAAAAAAAAAA11111
AAAAAAAAAAAAAAAAAAAAAAAAAAAAAAAAAAAAAAAAAAAAAAAAAAAAAAAAAAAA1111
AAAAAAAAAAAAAAAAAAAAAAAAAAAAAAAAAAAAAAAAAAAAAAAAAAAAAAAAAAAAA111
AAAAAAAAAAAAAAAAAAAAAAAAAAAAAAAAAAAAAAAAAAAAAAAAAAAAAAAAAAAAAA11
AAAAAAAAAAAAAAAAAAAAAAAAAAAAAAAAAAAAAAAAAAAAAAAAAAAAAAAAAAAAAAA1
AAAAAAAAAAAAAAAAAAAAAAAAAAAAAAAAAAAAAAAAAAAAAAAAAAAAAAAAAAAAAAAA
AIIII11IIII1IIIIIIIIIIIIIIIIIIIIIIIIIIIIIIIIIIIIIIIIIIIIIIIIIIII
AAIII111III11IIIIIIIIIIIIIIIIIIIIIIIIIIIIIIIIIIIIIIIIIIIIIIIIIII
AAAII1111II111IIIIIIIIIIIIIIIIIIIIIIIIIIIIIIIIIIIIIIIIIIIIIIIIII
AAAAI11111I111IIIIIIIIIIIIIIIIIIIIIIIIIIIIIIIIIIIIIIIIIIIIIIIIII
AAAAI11111I1111IIIIIIIIIIIIIIIIIIIIIIIIIIIIIIIIIIIIIIIIIIIIIIIII
AAAAA11111111111IIIIIIIIIIIIIIIIIIIIIIIIIIIIIIIIIIIIIIIIIIIIIIII
AAAAAA11111111111IIIIIIIIIIIIIIIIIIIIIIIIIIIIIIIIIIIIIIIIIIIIIII
AAAAAAA11111111111IIIIIIIIIIIIIIIIIIIIIIIIIIIIIIIIIIIIIIIIIIIIII
AAAAAAAA11111111111IIIIIIIIIIIIIIIIIIIIIIIIIIIIIIIIIIIIIIIIIIIII
AAAAAAAAA11111111111IIIIIIIIIIIIIIIIIIIIIIIIIIIIIIIIIIIIIIIIIIII
AAAAAAAAAA11111111111IIIIIIIIIIIIIIIIIIIIIIIIIIIIIIIIIIIIIIIIIII
AAAAAAAAAAA11111111111IIIIIIIIIIIIIIIIIIIIIIIIIIIIIIIIIIIIIIIIII
AAAAAAAAAAAA11111111111IIIIIIIIIIIIIIIIIIIIIIIIIIIIIIIIIIIIIIIII
AAAAAAAAAAAAA11111111111IIIIIIIIIIIIIIIIIIIIIIIIIIIIIIIIIIIIIIII
AAAAAAAAAAAAAA11111111111IIIIIIIIIIIIIIIIIIIIIIIIIIIIIIIIIIIIIII
AAAAAAAAAAAAAAA11111111111IIIIIIIIIIIIIIIIIIIIIIIIIIIIIIIIIIIIII
AAAAAAAAAAAAAAAA11111111111IIIIIIIIIIIIIIIIIIIIIIIIIIIIIIIIIIIII
AAAAAAAAAAAAAAAAA11111111111IIIIIIIIIIIIIIIIIIIIIIIIIIIIIIIIIIII
AAAAAAAAAAAAAAAAAA11111111111IIIIIIIIIIIIIIIIIIIIIIIIIIIIIIIIIII
AAAAAAAAAAAAAAAAAAA11111111111IIIIIIIIIIIIIIIIIIIIIIIIIIIIIIIIII
AAAAAAAAAAAAAAAAAAAA11111111111IIIIIIIIIIIIIIIIIIIIIIIIIIIIIIIII
AAAAAAAAAAAAAAAAAAAAA11111111111IIIIIIIIIIIIIIIIIIIIIIIIIIIIIIII
AAAAAAAAAAAAAAAAAAAAAA11111111111IIIIIIIIIIIIIIIIIIIIIIIIIIIIIII
AAAAAAAAAAAAAAAAAAAAAAA11111111111IIIIIIIIIIIIIIIIIIIIIIIIIIIIII
AAAAAAAAAAAAAAAAAAAAAAAA11111111111IIIIIIIIIIIIIIIIIIIIIIIIIIIII
AAAAAAAAAAAAAAAAAAAAAAAAA11111111111IIIIIIIIIIIIIIIIIIIIIIIIIIII
AAAAAAAAAAAAAAAAAAAAAAAAAA11111111111IIIIIIIIIIIIIIIIIIIIIIIIIII
AAAAAAAAAAAAAAAAAAAAAAAAAAA11111111111IIIIIIIIIIIIIIIIIIIIIIIIII
AAAAAAAAAAAAAAAAAAAAAAAAAAAA11111111111IIIIIIIIIIIIIIIIIIIIIIIII
AAAAAAAAAAAAAAAAAAAAAAAAAAAAA11111111111IIIIIIIIIIIIIIIIIIIIIIII
AAAAAAAAAAAAAAAAAAAAAAAAAAAAAA11111111111IIIIIIIIIIIIIIIIIIIIIII
AAAAAAAAAAAAAAAAAAAAAAAAAAAAAAA11111111111IIIIIIIIIIIIIIIIIIIIII
AAAAAAAAAAAAAAAAAAAAAAAAAAAAAAAA11111111111IIIIIIIIIIIIIIIIIIIII
AAAAAAAAAAAAAAAAAAAAAAAAAAAAAAAAA11111111111IIIIIIIIIIIIIIIIIIII
AAAAAAAAAAAAAAAAAAAAAAAAAAAAAAAAAA11111111111IIIIIIIIIIIIIIIIIII
AAAAAAAAAAAAAAAAAAAAAAAAAAAAAAAAAAA11111111111IIIIIIIIIIIIIIIIII
AAAAAAAAAAAAAAAAAAAAAAAAAAAAAAAAAAAA11111111111IIIIIIIIIIIIIIIII
AAAAAAAAAAAAAAAAAAAAAAAAAAAAAAAAAAAAA11111111111IIIIIIIIIIIIIIII
AAAAAAAAAAAAAAAAAAAAAAAAAAAAAAAAAAAAAA11111111111IIIIIIIIIIIIIII
AAAAAAAAAAAAAAAAAAAAAAAAAAAAAAAAAAAAAAA11111111111IIIIIIIIIIIIII
AAAAAAAAAAAAAAAAAAAAAAAAAAAAAAAAAAAAAAAA11111111111IIIIIIIIIIIII
AAAAAAAAAAAAAAAAAAAAAAAAAAAAAAAAAAAAAAAAA11111111111IIIIIIIIIIII
AAAAAAAAAAAAAAAAAAAAAAAAAAAAAAAAAAAAAAAAAA11111111111IIIIIIIIIII
AAAAAAAAAAAAAAAAAAAAAAAAAAAAAAAAAAAAAAAAAAA11111111111IIIIIIIIII
AAAAAAAAAAAAAAAAAAAAAAAAAAAAAAAAAAAAAAAAAAAA11111111111IIIIIIIII
AAAAAAAAAAAAAAAAAAAAAAAAAAAAAAAAAAAAAAAAAAAAA11111111111IIIIIIII
AAAAAAAAAAAAAAAAAAAAAAAAAAAAAAAAAAAAAAAAAAAAAA11111111111IIIIIII
AAAAAAAAAAAAAAAAAAAAAAAAAAAAAAAAAAAAAAAAAAAAAAA11111111111IIIIII
AAAAAAAAAAAAAAAAAAAAAAAAAAAAAAAAAAAAAAAAAAAAAAAA11111111111IIIII
AAAAAAAAAAAAAAAAAAAAAAAAAAAAAAAAAAAAAAAAAAAAAAAAA11111111111IIII
AAAAAAAAAAAAAAAAAAAAAAAAAAAAAAAAAAAAAAAAAAAAAAAAAA11111111111III
AAAAAAAAAAAAAAAAAAAAAAAAAAAAAAAAAAAAAAAAAAAAAAAAAAA11111111111II
AAAAAAAAAAAAAAAAAAAAAAAAAAAAAAAAAAAAAAAAAAAAAAAAAAAA11111111111I
AAAAAAAAAAAAAAAAAAAAAAAAAAAAAAAAAAAAAAAAAAAAAAAAAAAAA11111111111
AAAAAAAAAAAAAAAAAAAAAAAAAAAAAAAAAAAAAAAAAAAAAAAAAAAAAA1111111111
AAAAAAAAAAAAAAAAAAAAAAAAAAAAAAAAAAAAAAAAAAAAAAAAAAAAAAA111111111
AAAAAAAAAAAAAAAAAAAAAAAAAAAAAAAAAAAAAAAAAAAAAAAAAAAAAAAA11111111
AAAAAAAAAAAAAAAAAAAAAAAAAAAAAAAAAAAAAAAAAAAAAAAAAAAAAAAAA1111111
AAAAAAAAAAAAAAAAAAAAAAAAAAAAAAAAAAAAAAAAAAAAAAAAAAAAAAAAAA111111
AAAAAAAAAAAAAAAAAAAAAAAAAAAAAAAAAAAAAAAAAAAAAAAAAAAAAAAAAAA11111
AAAAAAAAAAAAAAAAAAAAAAAAAAAAAAAAAAAAAAAAAAAAAAAAAAAAAAAAAAAA1111
AAAAAAAAAAAAAAAAAAAAAAAAAAAAAAAAAAAAAAAAAAAAAAAAAAAAAAAAAAAAA111
AAAAAAAAAAAAAAAAAAAAAAAAAAAAAAAAAAAAAAAAAAAAAAAAAAAAAAAAAAAAAA11
AAAAAAAAAAAAAAAAAAAAAAAAAAAAAAAAAAAAAAAAAAAAAAAAAAAAAAAAAAAAAAA1
AAAAAAAAAAAAAAAAAAAAAAAAAAAAAAAAAAAAAAAAAAAAAAAAAAAAAAAAAAAAAAAA
AI1II1111II1IIIIIIIIIIIIIIIIIIIIIIIIIIIIIIIIIIIIIIIIIIIIIIIIIIII
AA11I11111I1IIIIIIIIIIIIIIIIIIIIIIIIIIIIIIIIIIIIIIIIIIIIIIIIIIII
AAA1I11111I1IIIIIIIIIIIIIIIIIIIIIIIIIIIIIIIIIIIIIIIIIIIIIIIIIIII
AAAAI11111I1IIIIIIIIIIIIIIIIIIIIIIIIIIIIIIIIIIIIIIIIIIIIIIIIIIII
AAAA11111111I1IIIIIIIIIIIIIIIIIIIIIIIIIIIIIIIIIIIIIIIIIIIIIIIIII
AAAAA111111111IIIIIIIIIIIIIIIIIIIIIIIIIIIIIIIIIIIIIIIIIIIIIIIIII
AAAAAA11111111II1IIIIIIIIIIIIIIIIIIIIIIIIIIIIIIIIIIIIIIIIIIIIIII
AAAAAAA11111111I11IIIIIIIIIIIIIIIIIIIIIIIIIIIIIIIIIIIIIIIIIIIIII
AAAAAAAA11111111111IIIIIIIIIIIIIIIIIIIIIIIIIIIIIIIIIIIIIIIIIIIII
AAAAAAAAA11111111111IIIIIIIIIIIIIIIIIIIIIIIIIIIIIIIIIIIIIIIIIIII
AAAAAAAAAA11111111111IIIIIIIIIIIIIIIIIIIIIIIIIIIIIIIIIIIIIIIIIII
AAAAAAAAAAA11111111111IIIIIIIIIIIIIIIIIIIIIIIIIIIIIIIIIIIIIIIIII
AAAAAAAAAAAA11111111111IIIIIIIIIIIIIIIIIIIIIIIIIIIIIIIIIIIIIIIII
AAAAAAAAAAAAA11111111111IIIIIIIIIIIIIIIIIIIIIIIIIIIIIIIIIIIIIIII
AAAAAAAAAAAAAA11111111111IIIIIIIIIIIIIIIIIIIIIIIIIIIIIIIIIIIIIII
AAAAAAAAAAAAAAA11111111111IIIIIIIIIIIIIIIIIIIIIIIIIIIIIIIIIIIIII
AAAAAAAAAAAAAAAA11111111111IIIIIIIIIIIIIIIIIIIIIIIIIIIIIIIIIIIII
AAAAAAAAAAAAAAAAA11111111111IIIIIIIIIIIIIIIIIIIIIIIIIIIIIIIIIIII
AAAAAAAAAAAAAAAAAA11111111111IIIIIIIIIIIIIIIIIIIIIIIIIIIIIIIIIII
AAAAAAAAAAAAAAAAAAA11111111111IIIIIIIIIIIIIIIIIIIIIIIIIIIIIIIIII
AAAAAAAAAAAAAAAAAAAA11111111111IIIIIIIIIIIIIIIIIIIIIIIIIIIIIIIII
AAAAAAAAAAAAAAAAAAAAA11111111111IIIIIIIIIIIIIIIIIIIIIIIIIIIIIIII
AAAAAAAAAAAAAAAAAAAAAA11111111111IIIIIIIIIIIIIIIIIIIIIIIIIIIIIII
AAAAAAAAAAAAAAAAAAAAAAA11111111111IIIIIIIIIIIIIIIIIIIIIIIIIIIIII
AAAAAAAAAAAAAAAAAAAAAAAA11111111111IIIIIIIIIIIIIIIIIIIIIIIIIIIII
AAAAAAAAAAAAAAAAAAAAAAAAA11111111111IIIIIIIIIIIIIIIIIIIIIIIIIIII
AAAAAAAAAAAAAAAAAAAAAAAAAA11111111111IIIIIIIIIIIIIIIIIIIIIIIIIII
AAAAAAAAAAAAAAAAAAAAAAAAAAA11111111111IIIIIIIIIIIIIIIIIIIIIIIIII
AAAAAAAAAAAAAAAAAAAAAAAAAAAA11111111111IIIIIIIIIIIIIIIIIIIIIIIII
AAAAAAAAAAAAAAAAAAAAAAAAAAAAA11111111111IIIIIIIIIIIIIIIIIIIIIIII
AAAAAAAAAAAAAAAAAAAAAAAAAAAAAA11111111111IIIIIIIIIIIIIIIIIIIIIII
AAAAAAAAAAAAAAAAAAAAAAAAAAAAAAA11111111111IIIIIIIIIIIIIIIIIIIIII
AAAAAAAAAAAAAAAAAAAAAAAAAAAAAAAA11111111111IIIIIIIIIIIIIIIIIIIII
AAAAAAAAAAAAAAAAAAAAAAAAAAAAAAAAA11111111111IIIIIIIIIIIIIIIIIIII
AAAAAAAAAAAAAAAAAAAAAAAAAAAAAAAAAA11111111111IIIIIIIIIIIIIIIIIII
AAAAAAAAAAAAAAAAAAAAAAAAAAAAAAAAAAA11111111111IIIIIIIIIIIIIIIIII
AAAAAAAAAAAAAAAAAAAAAAAAAAAAAAAAAAAA11111111111IIIIIIIIIIIIIIIII
AAAAAAAAAAAAAAAAAAAAAAAAAAAAAAAAAAAAA11111111111IIIIIIIIIIIIIIII
AAAAAAAAAAAAAAAAAAAAAAAAAAAAAAAAAAAAAA11111111111IIIIIIIIIIIIIII
AAAAAAAAAAAAAAAAAAAAAAAAAAAAAAAAAAAAAAA11111111111IIIIIIIIIIIIII
AAAAAAAAAAAAAAAAAAAAAAAAAAAAAAAAAAAAAAAA11111111111IIIIIIIIIIIII
AAAAAAAAAAAAAAAAAAAAAAAAAAAAAAAAAAAAAAAAA11111111111IIIIIIIIIIII
AAAAAAAAAAAAAAAAAAAAAAAAAAAAAAAAAAAAAAAAAA11111111111IIIIIIIIIII
AAAAAAAAAAAAAAAAAAAAAAAAAAAAAAAAAAAAAAAAAAA11111111111IIIIIIIIII
AAAAAAAAAAAAAAAAAAAAAAAAAAAAAAAAAAAAAAAAAAAA11111111111IIIIIIIII
AAAAAAAAAAAAAAAAAAAAAAAAAAAAAAAAAAAAAAAAAAAAA11111111111IIIIIIII
AAAAAAAAAAAAAAAAAAAAAAAAAAAAAAAAAAAAAAAAAAAAAA11111111111IIIIIII
AAAAAAAAAAAAAAAAAAAAAAAAAAAAAAAAAAAAAAAAAAAAAAA11111111111IIIIII
AAAAAAAAAAAAAAAAAAAAAAAAAAAAAAAAAAAAAAAAAAAAAAAA11111111111IIIII
AAAAAAAAAAAAAAAAAAAAAAAAAAAAAAAAAAAAAAAAAAAAAAAAA11111111111IIII
AAAAAAAAAAAAAAAAAAAAAAAAAAAAAAAAAAAAAAAAAAAAAAAAAA11111111111III
AAAAAAAAAAAAAAAAAAAAAAAAAAAAAAAAAAAAAAAAAAAAAAAAAAA11111111111II
AAAAAAAAAAAAAAAAAAAAAAAAAAAAAAAAAAAAAAAAAAAAAAAAAAAA11111111111I
AAAAAAAAAAAAAAAAAAAAAAAAAAAAAAAAAAAAAAAAAAAAAAAAAAAAA11111111111
AAAAAAAAAAAAAAAAAAAAAAAAAAAAAAAAAAAAAAAAAAAAAAAAAAAAAA1111111111
AAAAAAAAAAAAAAAAAAAAAAAAAAAAAAAAAAAAAAAAAAAAAAAAAAAAAAA111111111
AAAAAAAAAAAAAAAAAAAAAAAAAAAAAAAAAAAAAAAAAAAAAAAAAAAAAAAA11111111
AAAAAAAAAAAAAAAAAAAAAAAAAAAAAAAAAAAAAAAAAAAAAAAAAAAAAAAAA1111111
AAAAAAAAAAAAAAAAAAAAAAAAAAAAAAAAAAAAAAAAAAAAAAAAAAAAAAAAAA111111
AAAAAAAAAAAAAAAAAAAAAAAAAAAAAAAAAAAAAAAAAAAAAAAAAAAAAAAAAAA11111
AAAAAAAAAAAAAAAAAAAAAAAAAAAAAAAAAAAAAAAAAAAAAAAAAAAAAAAAAAAA1111
AAAAAAAAAAAAAAAAAAAAAAAAAAAAAAAAAAAAAAAAAAAAAAAAAAAAAAAAAAAAA111
AAAAAAAAAAAAAAAAAAAAAAAAAAAAAAAAAAAAAAAAAAAAAAAAAAAAAAAAAAAAAA11
AAAAAAAAAAAAAAAAAAAAAAAAAAAAAAAAAAAAAAAAAAAAAAAAAAAAAAAAAAAAAAA1
AAAAAAAAAAAAAAAAAAAAAAAAAAAAAAAAAAAAAAAAAAAAAAAAAAAAAAAAAAAAAAAA
AI1II1111II11IIIIIIIIIIIIIIIIIIIIIIIIIIIIIIIIIIIIIIIIIIIIIIIIIII
AA11I1111II11IIIIIIIIIIIIIIIIIIIIIIIIIIIIIIIIIIIIIIIIIIIIIIIIIII
AAA1I1111II11IIIIIIIIIIIIIIIIIIIIIIIIIIIIIIIIIIIIIIIIIIIIIIIIIII
AAAAI1111II11IIIIIIIIIIIIIIIIIIIIIIIIIIIIIIIIIIIIIIIIIIIIIIIIIII
AAAA1111111111IIIIIIIIIIIIIIIIIIIIIIIIIIIIIIIIIIIIIIIIIIIIIIIIII
AAAAA111111111I11IIIIIIIIIIIIIIIIIIIIIIIIIIIIIIIIIIIIIIIIIIIIIII
AAAAAA11111111I111IIIIIIIIIIIIIIIIIIIIIIIIIIIIIIIIIIIIIIIIIIIIII
AAAAAAA111111111111IIIIIIIIIIIIIIIIIIIIIIIIIIIIIIIIIIIIIIIIIIIII
AAAAAAAA111111111111IIIIIIIIIIIIIIIIIIIIIIIIIIIIIIIIIIIIIIIIIIII
AAAAAAAAA111111111111IIIIIIIIIIIIIIIIIIIIIIIIIIIIIIIIIIIIIIIIIII
AAAAAAAAAA111111111111IIIIIIIIIIIIIIIIIIIIIIIIIIIIIIIIIIIIIIIIII
AAAAAAAAAAA111111111111IIIIIIIIIIIIIIIIIIIIIIIIIIIIIIIIIIIIIIIII
AAAAAAAAAAAA111111111111IIIIIIIIIIIIIIIIIIIIIIIIIIIIIIIIIIIIIIII
AAAAAAAAAAAAA111111111111IIIIIIIIIIIIIIIIIIIIIIIIIIIIIIIIIIIIIII
AAAAAAAAAAAAAA111111111111IIIIIIIIIIIIIIIIIIIIIIIIIIIIIIIIIIIIII
AAAAAAAAAAAAAAA111111111111IIIIIIIIIIIIIIIIIIIIIIIIIIIIIIIIIIIII
AAAAAAAAAAAAAAAA111111111111IIIIIIIIIIIIIIIIIIIIIIIIIIIIIIIIIIII
AAAAAAAAAAAAAAAAA111111111111IIIIIIIIIIIIIIIIIIIIIIIIIIIIIIIIIII
AAAAAAAAAAAAAAAAAA111111111111IIIIIIIIIIIIIIIIIIIIIIIIIIIIIIIIII
AAAAAAAAAAAAAAAAAAA111111111111IIIIIIIIIIIIIIIIIIIIIIIIIIIIIIIII
AAAAAAAAAAAAAAAAAAAA111111111111IIIIIIIIIIIIIIIIIIIIIIIIIIIIIIII
AAAAAAAAAAAAAAAAAAAAA111111111111IIIIIIIIIIIIIIIIIIIIIIIIIIIIIII
AAAAAAAAAAAAAAAAAAAAAA111111111111IIIIIIIIIIIIIIIIIIIIIIIIIIIIII
AAAAAAAAAAAAAAAAAAAAAAA111111111111IIIIIIIIIIIIIIIIIIIIIIIIIIIII
AAAAAAAAAAAAAAAAAAAAAAAA111111111111IIIIIIIIIIIIIIIIIIIIIIIIIIII
AAAAAAAAAAAAAAAAAAAAAAAAA111111111111IIIIIIIIIIIIIIIIIIIIIIIIIII
AAAAAAAAAAAAAAAAAAAAAAAAAA111111111111IIIIIIIIIIIIIIIIIIIIIIIIII
AAAAAAAAAAAAAAAAAAAAAAAAAAA111111111111IIIIIIIIIIIIIIIIIIIIIIIII
AAAAAAAAAAAAAAAAAAAAAAAAAAAA111111111111IIIIIIIIIIIIIIIIIIIIIIII
AAAAAAAAAAAAAAAAAAAAAAAAAAAAA111111111111IIIIIIIIIIIIIIIIIIIIIII
AAAAAAAAAAAAAAAAAAAAAAAAAAAAAA111111111111IIIIIIIIIIIIIIIIIIIIII
AAAAAAAAAAAAAAAAAAAAAAAAAAAAAAA111111111111IIIIIIIIIIIIIIIIIIIII
AAAAAAAAAAAAAAAAAAAAAAAAAAAAAAAA111111111111IIIIIIIIIIIIIIIIIIII
AAAAAAAAAAAAAAAAAAAAAAAAAAAAAAAAA111111111111IIIIIIIIIIIIIIIIIII
AAAAAAAAAAAAAAAAAAAAAAAAAAAAAAAAAA111111111111IIIIIIIIIIIIIIIIII
AAAAAAAAAAAAAAAAAAAAAAAAAAAAAAAAAAA111111111111IIIIIIIIIIIIIIIII
AAAAAAAAAAAAAAAAAAAAAAAAAAAAAAAAAAAA111111111111IIIIIIIIIIIIIIII
AAAAAAAAAAAAAAAAAAAAAAAAAAAAAAAAAAAAA111111111111IIIIIIIIIIIIIII
AAAAAAAAAAAAAAAAAAAAAAAAAAAAAAAAAAAAAA111111111111IIIIIIIIIIIIII
AAAAAAAAAAAAAAAAAAAAAAAAAAAAAAAAAAAAAAA111111111111IIIIIIIIIIIII
AAAAAAAAAAAAAAAAAAAAAAAAAAAAAAAAAAAAAAAA111111111111IIIIIIIIIIII
AAAAAAAAAAAAAAAAAAAAAAAAAAAAAAAAAAAAAAAAA111111111111IIIIIIIIIII
AAAAAAAAAAAAAAAAAAAAAAAAAAAAAAAAAAAAAAAAAA111111111111IIIIIIIIII
AAAAAAAAAAAAAAAAAAAAAAAAAAAAAAAAAAAAAAAAAAA111111111111IIIIIIIII
AAAAAAAAAAAAAAAAAAAAAAAAAAAAAAAAAAAAAAAAAAAA111111111111IIIIIIII
AAAAAAAAAAAAAAAAAAAAAAAAAAAAAAAAAAAAAAAAAAAAA111111111111IIIIIII
AAAAAAAAAAAAAAAAAAAAAAAAAAAAAAAAAAAAAAAAAAAAAA111111111111IIIIII
AAAAAAAAAAAAAAAAAAAAAAAAAAAAAAAAAAAAAAAAAAAAAAA111111111111IIIII
AAAAAAAAAAAAAAAAAAAAAAAAAAAAAAAAAAAAAAAAAAAAAAAA111111111111IIII
AAAAAAAAAAAAAAAAAAAAAAAAAAAAAAAAAAAAAAAAAAAAAAAAA111111111111III
AAAAAAAAAAAAAAAAAAAAAAAAAAAAAAAAAAAAAAAAAAAAAAAAAA111111111111II
AAAAAAAAAAAAAAAAAAAAAAAAAAAAAAAAAAAAAAAAAAAAAAAAAAA111111111111I
AAAAAAAAAAAAAAAAAAAAAAAAAAAAAAAAAAAAAAAAAAAAAAAAAAAA111111111111
AAAAAAAAAAAAAAAAAAAAAAAAAAAAAAAAAAAAAAAAAAAAAAAAAAAAA11111111111
AAAAAAAAAAAAAAAAAAAAAAAAAAAAAAAAAAAAAAAAAAAAAAAAAAAAAA1111111111
AAAAAAAAAAAAAAAAAAAAAAAAAAAAAAAAAAAAAAAAAAAAAAAAAAAAAAA111111111
AAAAAAAAAAAAAAAAAAAAAAAAAAAAAAAAAAAAAAAAAAAAAAAAAAAAAAAA11111111
AAAAAAAAAAAAAAAAAAAAAAAAAAAAAAAAAAAAAAAAAAAAAAAAAAAAAAAAA1111111
AAAAAAAAAAAAAAAAAAAAAAAAAAAAAAAAAAAAAAAAAAAAAAAAAAAAAAAAAA111111
AAAAAAAAAAAAAAAAAAAAAAAAAAAAAAAAAAAAAAAAAAAAAAAAAAAAAAAAAAA11111
AAAAAAAAAAAAAAAAAAAAAAAAAAAAAAAAAAAAAAAAAAAAAAAAAAAAAAAAAAAA1111
AAAAAAAAAAAAAAAAAAAAAAAAAAAAAAAAAAAAAAAAAAAAAAAAAAAAAAAAAAAAA111
AAAAAAAAAAAAAAAAAAAAAAAAAAAAAAAAAAAAAAAAAAAAAAAAAAAAAAAAAAAAAA11
AAAAAAAAAAAAAAAAAAAAAAAAAAAAAAAAAAAAAAAAAAAAAAAAAAAAAAAAAAAAAAA1
AAAAAAAAAAAAAAAAAAAAAAAAAAAAAAAAAAAAAAAAAAAAAAAAAAAAAAAAAAAAAAAA
AI1II1111II1IIIIIIIIIIIIIIIIIIIIIIIIIIIIIIIIIIIIIIIIIIIIIIIIIIII
AA11I11111I1IIIIIIIIIIIIIIIIIIIIIIIIIIIIIIIIIIIIIIIIIIIIIIIIIIII
AAA1I11111I1IIIIIIIIIIIIIIIIIIIIIIIIIIIIIIIIIIIIIIIIIIIIIIIIIIII
AAAAI11111I1IIIIIIIIIIIIIIIIIIIIIIIIIIIIIIIIIIIIIIIIIIIIIIIIIIII
AAAA11111111I1IIIIIIIIIIIIIIIIIIIIIIIIIIIIIIIIIIIIIIIIIIIIIIIIII
AAAAA111111111I1IIIIIIIIIIIIIIIIIIIIIIIIIIIIIIIIIIIIIIIIIIIIIIII
AAAAAA11111111I11IIIIIIIIIIIIIIIIIIIIIIIIIIIIIIIIIIIIIIIIIIIIIII
AAAAAAA11111111111IIIIIIIIIIIIIIIIIIIIIIIIIIIIIIIIIIIIIIIIIIIIII
AAAAAAAA11111111111IIIIIIIIIIIIIIIIIIIIIIIIIIIIIIIIIIIIIIIIIIIII
AAAAAAAAA11111111111IIIIIIIIIIIIIIIIIIIIIIIIIIIIIIIIIIIIIIIIIIII
AAAAAAAAAA11111111111IIIIIIIIIIIIIIIIIIIIIIIIIIIIIIIIIIIIIIIIIII
AAAAAAAAAAA11111111111IIIIIIIIIIIIIIIIIIIIIIIIIIIIIIIIIIIIIIIIII
AAAAAAAAAAAA11111111111IIIIIIIIIIIIIIIIIIIIIIIIIIIIIIIIIIIIIIIII
AAAAAAAAAAAAA11111111111IIIIIIIIIIIIIIIIIIIIIIIIIIIIIIIIIIIIIIII
AAAAAAAAAAAAAA11111111111IIIIIIIIIIIIIIIIIIIIIIIIIIIIIIIIIIIIIII
AAAAAAAAAAAAAAA11111111111IIIIIIIIIIIIIIIIIIIIIIIIIIIIIIIIIIIIII
AAAAAAAAAAAAAAAA11111111111IIIIIIIIIIIIIIIIIIIIIIIIIIIIIIIIIIIII
AAAAAAAAAAAAAAAAA11111111111IIIIIIIIIIIIIIIIIIIIIIIIIIIIIIIIIIII
AAAAAAAAAAAAAAAAAA11111111111IIIIIIIIIIIIIIIIIIIIIIIIIIIIIIIIIII
AAAAAAAAAAAAAAAAAAA11111111111IIIIIIIIIIIIIIIIIIIIIIIIIIIIIIIIII
AAAAAAAAAAAAAAAAAAAA11111111111IIIIIIIIIIIIIIIIIIIIIIIIIIIIIIIII
AAAAAAAAAAAAAAAAAAAAA11111111111IIIIIIIIIIIIIIIIIIIIIIIIIIIIIIII
AAAAAAAAAAAAAAAAAAAAAA11111111111IIIIIIIIIIIIIIIIIIIIIIIIIIIIIII
AAAAAAAAAAAAAAAAAAAAAAA11111111111IIIIIIIIIIIIIIIIIIIIIIIIIIIIII
AAAAAAAAAAAAAAAAAAAAAAAA11111111111IIIIIIIIIIIIIIIIIIIIIIIIIIIII
AAAAAAAAAAAAAAAAAAAAAAAAA11111111111IIIIIIIIIIIIIIIIIIIIIIIIIIII
AAAAAAAAAAAAAAAAAAAAAAAAAA11111111111IIIIIIIIIIIIIIIIIIIIIIIIIII
AAAAAAAAAAAAAAAAAAAAAAAAAAA11111111111IIIIIIIIIIIIIIIIIIIIIIIIII
AAAAAAAAAAAAAAAAAAAAAAAAAAAA11111111111IIIIIIIIIIIIIIIIIIIIIIIII
AAAAAAAAAAAAAAAAAAAAAAAAAAAAA11111111111IIIIIIIIIIIIIIIIIIIIIIII
AAAAAAAAAAAAAAAAAAAAAAAAAAAAAA11111111111IIIIIIIIIIIIIIIIIIIIIII
AAAAAAAAAAAAAAAAAAAAAAAAAAAAAAA11111111111IIIIIIIIIIIIIIIIIIIIII
AAAAAAAAAAAAAAAAAAAAAAAAAAAAAAAA11111111111IIIIIIIIIIIIIIIIIIIII
AAAAAAAAAAAAAAAAAAAAAAAAAAAAAAAAA11111111111IIIIIIIIIIIIIIIIIIII
AAAAAAAAAAAAAAAAAAAAAAAAAAAAAAAAAA11111111111IIIIIIIIIIIIIIIIIII
AAAAAAAAAAAAAAAAAAAAAAAAAAAAAAAAAAA11111111111IIIIIIIIIIIIIIIIII
AAAAAAAAAAAAAAAAAAAAAAAAAAAAAAAAAAAA11111111111IIIIIIIIIIIIIIIII
AAAAAAAAAAAAAAAAAAAAAAAAAAAAAAAAAAAAA11111111111IIIIIIIIIIIIIIII
AAAAAAAAAAAAAAAAAAAAAAAAAAAAAAAAAAAAAA11111111111IIIIIIIIIIIIIII
AAAAAAAAAAAAAAAAAAAAAAAAAAAAAAAAAAAAAAA11111111111IIIIIIIIIIIIII
AAAAAAAAAAAAAAAAAAAAAAAAAAAAAAAAAAAAAAAA11111111111IIIIIIIIIIIII
AAAAAAAAAAAAAAAAAAAAAAAAAAAAAAAAAAAAAAAAA11111111111IIIIIIIIIIII
AAAAAAAAAAAAAAAAAAAAAAAAAAAAAAAAAAAAAAAAAA11111111111IIIIIIIIIII
AAAAAAAAAAAAAAAAAAAAAAAAAAAAAAAAAAAAAAAAAAA11111111111IIIIIIIIII
AAAAAAAAAAAAAAAAAAAAAAAAAAAAAAAAAAAAAAAAAAAA11111111111IIIIIIIII
AAAAAAAAAAAAAAAAAAAAAAAAAAAAAAAAAAAAAAAAAAAAA11111111111IIIIIIII
AAAAAAAAAAAAAAAAAAAAAAAAAAAAAAAAAAAAAAAAAAAAAA11111111111IIIIIII
AAAAAAAAAAAAAAAAAAAAAAAAAAAAAAAAAAAAAAAAAAAAAAA11111111111IIIIII
AAAAAAAAAAAAAAAAAAAAAAAAAAAAAAAAAAAAAAAAAAAAAAAA11111111111IIIII
AAAAAAAAAAAAAAAAAAAAAAAAAAAAAAAAAAAAAAAAAAAAAAAAA11111111111IIII
AAAAAAAAAAAAAAAAAAAAAAAAAAAAAAAAAAAAAAAAAAAAAAAAAA11111111111III
AAAAAAAAAAAAAAAAAAAAAAAAAAAAAAAAAAAAAAAAAAAAAAAAAAA11111111111II
AAAAAAAAAAAAAAAAAAAAAAAAAAAAAAAAAAAAAAAAAAAAAAAAAAAA11111111111I
AAAAAAAAAAAAAAAAAAAAAAAAAAAAAAAAAAAAAAAAAAAAAAAAAAAAA11111111111
AAAAAAAAAAAAAAAAAAAAAAAAAAAAAAAAAAAAAAAAAAAAAAAAAAAAAA1111111111
AAAAAAAAAAAAAAAAAAAAAAAAAAAAAAAAAAAAAAAAAAAAAAAAAAAAAAA111111111
AAAAAAAAAAAAAAAAAAAAAAAAAAAAAAAAAAAAAAAAAAAAAAAAAAAAAAAA11111111
AAAAAAAAAAAAAAAAAAAAAAAAAAAAAAAAAAAAAAAAAAAAAAAAAAAAAAAAA1111111
AAAAAAAAAAAAAAAAAAAAAAAAAAAAAAAAAAAAAAAAAAAAAAAAAAAAAAAAAA111111
AAAAAAAAAAAAAAAAAAAAAAAAAAAAAAAAAAAAAAAAAAAAAAAAAAAAAAAAAAA11111
AAAAAAAAAAAAAAAAAAAAAAAAAAAAAAAAAAAAAAAAAAAAAAAAAAAAAAAAAAAA1111
AAAAAAAAAAAAAAAAAAAAAAAAAAAAAAAAAAAAAAAAAAAAAAAAAAAAAAAAAAAAA111
AAAAAAAAAAAAAAAAAAAAAAAAAAAAAAAAAAAAAAAAAAAAAAAAAAAAAAAAAAAAAA11
AAAAAAAAAAAAAAAAAAAAAAAAAAAAAAAAAAAAAAAAAAAAAAAAAAAAAAAAAAAAAAA1
AAAAAAAAAAAAAAAAAAAAAAAAAAAAAAAAAAAAAAAAAAAAAAAAAAAAAAAAAAAAAAAA
AI1II1111II1IIIIIIIIIIIIIIIIIIIIIIIIIIIIIIIIIIIIIIIIIIIIIIIIIIII
AA11I11111I1IIIIIIIIIIIIIIIIIIIIIIIIIIIIIIIIIIIIIIIIIIIIIIIIIIII
AAA1I11111I1IIIIIIIIIIIIIIIIIIIIIIIIIIIIIIIIIIIIIIIIIIIIIIIIIIII
AAAAI11111I1IIIIIIIIIIIIIIIIIIIIIIIIIIIIIIIIIIIIIIIIIIIIIIIIIIII
AAAA11111111I1IIIIIIIIIIIIIIIIIIIIIIIIIIIIIIIIIIIIIIIIIIIIIIIIII
AAAAA111111111I1IIIIIIIIIIIIIIIIIIIIIIIIIIIIIIIIIIIIIIIIIIIIIIII
AAAAAA11111111I11IIIIIIIIIIIIIIIIIIIIIIIIIIIIIIIIIIIIIIIIIIIIIII
AAAAAAA11111111111IIIIIIIIIIIIIIIIIIIIIIIIIIIIIIIIIIIIIIIIIIIIII
AAAAAAAA11111111111IIIIIIIIIIIIIIIIIIIIIIIIIIIIIIIIIIIIIIIIIIIII
AAAAAAAAA11111111111IIIIIIIIIIIIIIIIIIIIIIIIIIIIIIIIIIIIIIIIIIII
AAAAAAAAAA11111111111IIIIIIIIIIIIIIIIIIIIIIIIIIIIIIIIIIIIIIIIIII
AAAAAAAAAAA11111111111IIIIIIIIIIIIIIIIIIIIIIIIIIIIIIIIIIIIIIIIII
AAAAAAAAAAAA11111111111IIIIIIIIIIIIIIIIIIIIIIIIIIIIIIIIIIIIIIIII
AAAAAAAAAAAAA11111111111IIIIIIIIIIIIIIIIIIIIIIIIIIIIIIIIIIIIIIII
AAAAAAAAAAAAAA11111111111IIIIIIIIIIIIIIIIIIIIIIIIIIIIIIIIIIIIIII
AAAAAAAAAAAAAAA11111111111IIIIIIIIIIIIIIIIIIIIIIIIIIIIIIIIIIIIII
AAAAAAAAAAAAAAAA11111111111IIIIIIIIIIIIIIIIIIIIIIIIIIIIIIIIIIIII
AAAAAAAAAAAAAAAAA11111111111IIIIIIIIIIIIIIIIIIIIIIIIIIIIIIIIIIII
AAAAAAAAAAAAAAAAAA11111111111IIIIIIIIIIIIIIIIIIIIIIIIIIIIIIIIIII
AAAAAAAAAAAAAAAAAAA11111111111IIIIIIIIIIIIIIIIIIIIIIIIIIIIIIIIII
AAAAAAAAAAAAAAAAAAAA11111111111IIIIIIIIIIIIIIIIIIIIIIIIIIIIIIIII
AAAAAAAAAAAAAAAAAAAAA11111111111IIIIIIIIIIIIIIIIIIIIIIIIIIIIIIII
AAAAAAAAAAAAAAAAAAAAAA11111111111IIIIIIIIIIIIIIIIIIIIIIIIIIIIIII
AAAAAAAAAAAAAAAAAAAAAAA11111111111IIIIIIIIIIIIIIIIIIIIIIIIIIIIII
AAAAAAAAAAAAAAAAAAAAAAAA11111111111IIIIIIIIIIIIIIIIIIIIIIIIIIIII
AAAAAAAAAAAAAAAAAAAAAAAAA11111111111IIIIIIIIIIIIIIIIIIIIIIIIIIII
AAAAAAAAAAAAAAAAAAAAAAAAAA11111111111IIIIIIIIIIIIIIIIIIIIIIIIIII
AAAAAAAAAAAAAAAAAAAAAAAAAAA11111111111IIIIIIIIIIIIIIIIIIIIIIIIII
AAAAAAAAAAAAAAAAAAAAAAAAAAAA11111111111IIIIIIIIIIIIIIIIIIIIIIIII
AAAAAAAAAAAAAAAAAAAAAAAAAAAAA11111111111IIIIIIIIIIIIIIIIIIIIIIII
AAAAAAAAAAAAAAAAAAAAAAAAAAAAAA11111111111IIIIIIIIIIIIIIIIIIIIIII
AAAAAAAAAAAAAAAAAAAAAAAAAAAAAAA11111111111IIIIIIIIIIIIIIIIIIIIII
AAAAAAAAAAAAAAAAAAAAAAAAAAAAAAAA11111111111IIIIIIIIIIIIIIIIIIIII
AAAAAAAAAAAAAAAAAAAAAAAAAAAAAAAAA11111111111IIIIIIIIIIIIIIIIIIII
AAAAAAAAAAAAAAAAAAAAAAAAAAAAAAAAAA11111111111IIIIIIIIIIIIIIIIIII
AAAAAAAAAAAAAAAAAAAAAAAAAAAAAAAAAAA11111111111IIIIIIIIIIIIIIIIII
AAAAAAAAAAAAAAAAAAAAAAAAAAAAAAAAAAAA11111111111IIIIIIIIIIIIIIIII
AAAAAAAAAAAAAAAAAAAAAAAAAAAAAAAAAAAAA11111111111IIIIIIIIIIIIIIII
AAAAAAAAAAAAAAAAAAAAAAAAAAAAAAAAAAAAAA11111111111IIIIIIIIIIIIIII
AAAAAAAAAAAAAAAAAAAAAAAAAAAAAAAAAAAAAAA11111111111IIIIIIIIIIIIII
AAAAAAAAAAAAAAAAAAAAAAAAAAAAAAAAAAAAAAAA11111111111IIIIIIIIIIIII
AAAAAAAAAAAAAAAAAAAAAAAAAAAAAAAAAAAAAAAAA11111111111IIIIIIIIIIII
AAAAAAAAAAAAAAAAAAAAAAAAAAAAAAAAAAAAAAAAAA11111111111IIIIIIIIIII
AAAAAAAAAAAAAAAAAAAAAAAAAAAAAAAAAAAAAAAAAAA11111111111IIIIIIIIII
AAAAAAAAAAAAAAAAAAAAAAAAAAAAAAAAAAAAAAAAAAAA11111111111IIIIIIIII
AAAAAAAAAAAAAAAAAAAAAAAAAAAAAAAAAAAAAAAAAAAAA11111111111IIIIIIII
AAAAAAAAAAAAAAAAAAAAAAAAAAAAAAAAAAAAAAAAAAAAAA11111111111IIIIIII
AAAAAAAAAAAAAAAAAAAAAAAAAAAAAAAAAAAAAAAAAAAAAAA11111111111IIIIII
AAAAAAAAAAAAAAAAAAAAAAAAAAAAAAAAAAAAAAAAAAAAAAAA11111111111IIIII
AAAAAAAAAAAAAAAAAAAAAAAAAAAAAAAAAAAAAAAAAAAAAAAAA11111111111IIII
AAAAAAAAAAAAAAAAAAAAAAAAAAAAAAAAAAAAAAAAAAAAAAAAAA11111111111III
AAAAAAAAAAAAAAAAAAAAAAAAAAAAAAAAAAAAAAAAAAAAAAAAAAA11111111111II
AAAAAAAAAAAAAAAAAAAAAAAAAAAAAAAAAAAAAAAAAAAAAAAAAAAA11111111111I
AAAAAAAAAAAAAAAAAAAAAAAAAAAAAAAAAAAAAAAAAAAAAAAAAAAAA11111111111
AAAAAAAAAAAAAAAAAAAAAAAAAAAAAAAAAAAAAAAAAAAAAAAAAAAAAA1111111111
AAAAAAAAAAAAAAAAAAAAAAAAAAAAAAAAAAAAAAAAAAAAAAAAAAAAAAA111111111
AAAAAAAAAAAAAAAAAAAAAAAAAAAAAAAAAAAAAAAAAAAAAAAAAAAAAAAA11111111
AAAAAAAAAAAAAAAAAAAAAAAAAAAAAAAAAAAAAAAAAAAAAAAAAAAAAAAAA1111111
AAAAAAAAAAAAAAAAAAAAAAAAAAAAAAAAAAAAAAAAAAAAAAAAAAAAAAAAAA111111
AAAAAAAAAAAAAAAAAAAAAAAAAAAAAAAAAAAAAAAAAAAAAAAAAAAAAAAAAAA11111
AAAAAAAAAAAAAAAAAAAAAAAAAAAAAAAAAAAAAAAAAAAAAAAAAAAAAAAAAAAA1111
AAAAAAAAAAAAAAAAAAAAAAAAAAAAAAAAAAAAAAAAAAAAAAAAAAAAAAAAAAAAA111
AAAAAAAAAAAAAAAAAAAAAAAAAAAAAAAAAAAAAAAAAAAAAAAAAAAAAAAAAAAAAA11
AAAAAAAAAAAAAAAAAAAAAAAAAAAAAAAAAAAAAAAAAAAAAAAAAAAAAAAAAAAAAAA1
AAAAAAAAAAAAAAAAAAAAAAAAAAAAAAAAAAAAAAAAAAAAAAAAAAAAAAAAAAAAAAAA
AIIII111III1IIIIIIIIIIIIIIIIIIIIIIIIIIIIIIIIIIIIIIIIIIIIIIIIIIII
AAIII1111II11IIIIIIIIIIIIIIIIIIIIIIIIIIIIIIIIIIIIIIIIIIIIIIIIIII
AAAII11111I111IIIIIIIIIIIIIIIIIIIIIIIIIIIIIIIIIIIIIIIIIIIIIIIIII
AAAAI11111I111IIIIIIIIIIIIIIIIIIIIIIIIIIIIIIIIIIIIIIIIIIIIIIIIII
AAAAA111111111I1IIIIIIIIIIIIIIIIIIIIIIIIIIIIIIIIIIIIIIIIIIIIIIII
AAAAAA11111111I11IIIIIIIIIIIIIIIIIIIIIIIIIIIIIIIIIIIIIIIIIIIIIII
AAAAAAA1111111I111IIIIIIIIIIIIIIIIIIIIIIIIIIIIIIIIIIIIIIIIIIIIII
AAAAAAAA11111111111IIIIIIIIIIIIIIIIIIIIIIIIIIIIIIIIIIIIIIIIIIIII
AAAAAAAAA11111111111IIIIIIIIIIIIIIIIIIIIIIIIIIIIIIIIIIIIIIIIIIII
AAAAAAAAAA11111111111IIIIIIIIIIIIIIIIIIIIIIIIIIIIIIIIIIIIIIIIIII
AAAAAAAAAAA11111111111IIIIIIIIIIIIIIIIIIIIIIIIIIIIIIIIIIIIIIIIII
AAAAAAAAAAAA11111111111IIIIIIIIIIIIIIIIIIIIIIIIIIIIIIIIIIIIIIIII
AAAAAAAAAAAAA11111111111IIIIIIIIIIIIIIIIIIIIIIIIIIIIIIIIIIIIIIII
AAAAAAAAAAAAAA11111111111IIIIIIIIIIIIIIIIIIIIIIIIIIIIIIIIIIIIIII
AAAAAAAAAAAAAAA11111111111IIIIIIIIIIIIIIIIIIIIIIIIIIIIIIIIIIIIII
AAAAAAAAAAAAAAAA11111111111IIIIIIIIIIIIIIIIIIIIIIIIIIIIIIIIIIIII
AAAAAAAAAAAAAAAAA11111111111IIIIIIIIIIIIIIIIIIIIIIIIIIIIIIIIIIII
AAAAAAAAAAAAAAAAAA11111111111IIIIIIIIIIIIIIIIIIIIIIIIIIIIIIIIIII
AAAAAAAAAAAAAAAAAAA11111111111IIIIIIIIIIIIIIIIIIIIIIIIIIIIIIIIII
AAAAAAAAAAAAAAAAAAAA11111111111IIIIIIIIIIIIIIIIIIIIIIIIIIIIIIIII
AAAAAAAAAAAAAAAAAAAAA11111111111IIIIIIIIIIIIIIIIIIIIIIIIIIIIIIII
AAAAAAAAAAAAAAAAAAAAAA11111111111IIIIIIIIIIIIIIIIIIIIIIIIIIIIIII
AAAAAAAAAAAAAAAAAAAAAAA11111111111IIIIIIIIIIIIIIIIIIIIIIIIIIIIII
AAAAAAAAAAAAAAAAAAAAAAAA11111111111IIIIIIIIIIIIIIIIIIIIIIIIIIIII
AAAAAAAAAAAAAAAAAAAAAAAAA11111111111IIIIIIIIIIIIIIIIIIIIIIIIIIII
AAAAAAAAAAAAAAAAAAAAAAAAAA11111111111IIIIIIIIIIIIIIIIIIIIIIIIIII
AAAAAAAAAAAAAAAAAAAAAAAAAAA11111111111IIIIIIIIIIIIIIIIIIIIIIIIII
AAAAAAAAAAAAAAAAAAAAAAAAAAAA11111111111IIIIIIIIIIIIIIIIIIIIIIIII
AAAAAAAAAAAAAAAAAAAAAAAAAAAAA11111111111IIIIIIIIIIIIIIIIIIIIIIII
AAAAAAAAAAAAAAAAAAAAAAAAAAAAAA11111111111IIIIIIIIIIIIIIIIIIIIIII
AAAAAAAAAAAAAAAAAAAAAAAAAAAAAAA11111111111IIIIIIIIIIIIIIIIIIIIII
AAAAAAAAAAAAAAAAAAAAAAAAAAAAAAAA11111111111IIIIIIIIIIIIIIIIIIIII
AAAAAAAAAAAAAAAAAAAAAAAAAAAAAAAAA11111111111IIIIIIIIIIIIIIIIIIII
AAAAAAAAAAAAAAAAAAAAAAAAAAAAAAAAAA11111111111IIIIIIIIIIIIIIIIIII
AAAAAAAAAAAAAAAAAAAAAAAAAAAAAAAAAAA11111111111IIIIIIIIIIIIIIIIII
AAAAAAAAAAAAAAAAAAAAAAAAAAAAAAAAAAAA11111111111IIIIIIIIIIIIIIIII
AAAAAAAAAAAAAAAAAAAAAAAAAAAAAAAAAAAAA11111111111IIIIIIIIIIIIIIII
AAAAAAAAAAAAAAAAAAAAAAAAAAAAAAAAAAAAAA11111111111IIIIIIIIIIIIIII
AAAAAAAAAAAAAAAAAAAAAAAAAAAAAAAAAAAAAAA11111111111IIIIIIIIIIIIII
AAAAAAAAAAAAAAAAAAAAAAAAAAAAAAAAAAAAAAAA11111111111IIIIIIIIIIIII
AAAAAAAAAAAAAAAAAAAAAAAAAAAAAAAAAAAAAAAAA11111111111IIIIIIIIIIII
AAAAAAAAAAAAAAAAAAAAAAAAAAAAAAAAAAAAAAAAAA11111111111IIIIIIIIIII
AAAAAAAAAAAAAAAAAAAAAAAAAAAAAAAAAAAAAAAAAAA11111111111IIIIIIIIII
AAAAAAAAAAAAAAAAAAAAAAAAAAAAAAAAAAAAAAAAAAAA11111111111IIIIIIIII
AAAAAAAAAAAAAAAAAAAAAAAAAAAAAAAAAAAAAAAAAAAAA11111111111IIIIIIII
AAAAAAAAAAAAAAAAAAAAAAAAAAAAAAAAAAAAAAAAAAAAAA11111111111IIIIIII
AAAAAAAAAAAAAAAAAAAAAAAAAAAAAAAAAAAAAAAAAAAAAAA11111111111IIIIII
AAAAAAAAAAAAAAAAAAAAAAAAAAAAAAAAAAAAAAAAAAAAAAAA11111111111IIIII
AAAAAAAAAAAAAAAAAAAAAAAAAAAAAAAAAAAAAAAAAAAAAAAAA11111111111IIII
AAAAAAAAAAAAAAAAAAAAAAAAAAAAAAAAAAAAAAAAAAAAAAAAAA11111111111III
AAAAAAAAAAAAAAAAAAAAAAAAAAAAAAAAAAAAAAAAAAAAAAAAAAA11111111111II
AAAAAAAAAAAAAAAAAAAAAAAAAAAAAAAAAAAAAAAAAAAAAAAAAAAA11111111111I
AAAAAAAAAAAAAAAAAAAAAAAAAAAAAAAAAAAAAAAAAAAAAAAAAAAAA11111111111
AAAAAAAAAAAAAAAAAAAAAAAAAAAAAAAAAAAAAAAAAAAAAAAAAAAAAA1111111111
AAAAAAAAAAAAAAAAAAAAAAAAAAAAAAAAAAAAAAAAAAAAAAAAAAAAAAA111111111
AAAAAAAAAAAAAAAAAAAAAAAAAAAAAAAAAAAAAAAAAAAAAAAAAAAAAAAA11111111
AAAAAAAAAAAAAAAAAAAAAAAAAAAAAAAAAAAAAAAAAAAAAAAAAAAAAAAAA1111111
AAAAAAAAAAAAAAAAAAAAAAAAAAAAAAAAAAAAAAAAAAAAAAAAAAAAAAAAAA111111
AAAAAAAAAAAAAAAAAAAAAAAAAAAAAAAAAAAAAAAAAAAAAAAAAAAAAAAAAAA11111
AAAAAAAAAAAAAAAAAAAAAAAAAAAAAAAAAAAAAAAAAAAAAAAAAAAAAAAAAAAA1111
AAAAAAAAAAAAAAAAAAAAAAAAAAAAAAAAAAAAAAAAAAAAAAAAAAAAAAAAAAAAA111
AAAAAAAAAAAAAAAAAAAAAAAAAAAAAAAAAAAAAAAAAAAAAAAAAAAAAAAAAAAAAA11
AAAAAAAAAAAAAAAAAAAAAAAAAAAAAAAAAAAAAAAAAAAAAAAAAAAAAAAAAAAAAAA1
AAAAAAAAAAAAAAAAAAAAAAAAAAAAAAAAAAAAAAAAAAAAAAAAAAAAAAAAAAAAAAAA
AIIII11IIII1IIIIIIIIIIIIIIIIIIIIIIIIIIIIIIIIIIIIIIIIIIIIIIIIIIII
AAIII111III11IIIIIIIIIIIIIIIIIIIIIIIIIIIIIIIIIIIIIIIIIIIIIIIIIII
AAAII1111II111IIIIIIIIIIIIIIIIIIIIIIIIIIIIIIIIIIIIIIIIIIIIIIIIII
AAAAI11111I111IIIIIIIIIIIIIIIIIIIIIIIIIIIIIIIIIIIIIIIIIIIIIIIIII
AAAAA111111111I1IIIIIIIIIIIIIIIIIIIIIIIIIIIIIIIIIIIIIIIIIIIIIIII
AAAAAA11111111I11IIIIIIIIIIIIIIIIIIIIIIIIIIIIIIIIIIIIIIIIIIIIIII
AAAAAAA1111111I111IIIIIIIIIIIIIIIIIIIIIIIIIIIIIIIIIIIIIIIIIIIIII
AAAAAAAA111111I1111IIIIIIIIIIIIIIIIIIIIIIIIIIIIIIIIIIIIIIIIIIIII
AAAAAAAAA11111111111IIIIIIIIIIIIIIIIIIIIIIIIIIIIIIIIIIIIIIIIIIII
AAAAAAAAAA11111111111IIIIIIIIIIIIIIIIIIIIIIIIIIIIIIIIIIIIIIIIIII
AAAAAAAAAAA11111111111IIIIIIIIIIIIIIIIIIIIIIIIIIIIIIIIIIIIIIIIII
AAAAAAAAAAAA11111111111IIIIIIIIIIIIIIIIIIIIIIIIIIIIIIIIIIIIIIIII
AAAAAAAAAAAAA11111111111IIIIIIIIIIIIIIIIIIIIIIIIIIIIIIIIIIIIIIII
AAAAAAAAAAAAAA11111111111IIIIIIIIIIIIIIIIIIIIIIIIIIIIIIIIIIIIIII
AAAAAAAAAAAAAAA11111111111IIIIIIIIIIIIIIIIIIIIIIIIIIIIIIIIIIIIII
AAAAAAAAAAAAAAAA11111111111IIIIIIIIIIIIIIIIIIIIIIIIIIIIIIIIIIIII
AAAAAAAAAAAAAAAAA11111111111IIIIIIIIIIIIIIIIIIIIIIIIIIIIIIIIIIII
AAAAAAAAAAAAAAAAAA11111111111IIIIIIIIIIIIIIIIIIIIIIIIIIIIIIIIIII
AAAAAAAAAAAAAAAAAAA11111111111IIIIIIIIIIIIIIIIIIIIIIIIIIIIIIIIII
AAAAAAAAAAAAAAAAAAAA11111111111IIIIIIIIIIIIIIIIIIIIIIIIIIIIIIIII
AAAAAAAAAAAAAAAAAAAAA11111111111IIIIIIIIIIIIIIIIIIIIIIIIIIIIIIII
AAAAAAAAAAAAAAAAAAAAAA11111111111IIIIIIIIIIIIIIIIIIIIIIIIIIIIIII
AAAAAAAAAAAAAAAAAAAAAAA11111111111IIIIIIIIIIIIIIIIIIIIIIIIIIIIII
AAAAAAAAAAAAAAAAAAAAAAAA11111111111IIIIIIIIIIIIIIIIIIIIIIIIIIIII
AAAAAAAAAAAAAAAAAAAAAAAAA11111111111IIIIIIIIIIIIIIIIIIIIIIIIIIII
AAAAAAAAAAAAAAAAAAAAAAAAAA11111111111IIIIIIIIIIIIIIIIIIIIIIIIIII
AAAAAAAAAAAAAAAAAAAAAAAAAAA11111111111IIIIIIIIIIIIIIIIIIIIIIIIII
AAAAAAAAAAAAAAAAAAAAAAAAAAAA11111111111IIIIIIIIIIIIIIIIIIIIIIIII
AAAAAAAAAAAAAAAAAAAAAAAAAAAAA11111111111IIIIIIIIIIIIIIIIIIIIIIII
AAAAAAAAAAAAAAAAAAAAAAAAAAAAAA11111111111IIIIIIIIIIIIIIIIIIIIIII
AAAAAAAAAAAAAAAAAAAAAAAAAAAAAAA11111111111IIIIIIIIIIIIIIIIIIIIII
AAAAAAAAAAAAAAAAAAAAAAAAAAAAAAAA11111111111IIIIIIIIIIIIIIIIIIIII
AAAAAAAAAAAAAAAAAAAAAAAAAAAAAAAAA11111111111IIIIIIIIIIIIIIIIIIII
AAAAAAAAAAAAAAAAAAAAAAAAAAAAAAAAAA11111111111IIIIIIIIIIIIIIIIIII
AAAAAAAAAAAAAAAAAAAAAAAAAAAAAAAAAAA11111111111IIIIIIIIIIIIIIIIII
AAAAAAAAAAAAAAAAAAAAAAAAAAAAAAAAAAAA11111111111IIIIIIIIIIIIIIIII
AAAAAAAAAAAAAAAAAAAAAAAAAAAAAAAAAAAAA11111111111IIIIIIIIIIIIIIII
AAAAAAAAAAAAAAAAAAAAAAAAAAAAAAAAAAAAAA11111111111IIIIIIIIIIIIIII
AAAAAAAAAAAAAAAAAAAAAAAAAAAAAAAAAAAAAAA11111111111IIIIIIIIIIIIII
AAAAAAAAAAAAAAAAAAAAAAAAAAAAAAAAAAAAAAAA11111111111IIIIIIIIIIIII
AAAAAAAAAAAAAAAAAAAAAAAAAAAAAAAAAAAAAAAAA11111111111IIIIIIIIIIII
AAAAAAAAAAAAAAAAAAAAAAAAAAAAAAAAAAAAAAAAAA11111111111IIIIIIIIIII
AAAAAAAAAAAAAAAAAAAAAAAAAAAAAAAAAAAAAAAAAAA11111111111IIIIIIIIII
AAAAAAAAAAAAAAAAAAAAAAAAAAAAAAAAAAAAAAAAAAAA11111111111IIIIIIIII
AAAAAAAAAAAAAAAAAAAAAAAAAAAAAAAAAAAAAAAAAAAAA11111111111IIIIIIII
AAAAAAAAAAAAAAAAAAAAAAAAAAAAAAAAAAAAAAAAAAAAAA11111111111IIIIIII
AAAAAAAAAAAAAAAAAAAAAAAAAAAAAAAAAAAAAAAAAAAAAAA11111111111IIIIII
AAAAAAAAAAAAAAAAAAAAAAAAAAAAAAAAAAAAAAAAAAAAAAAA11111111111IIIII
AAAAAAAAAAAAAAAAAAAAAAAAAAAAAAAAAAAAAAAAAAAAAAAAA11111111111IIII
AAAAAAAAAAAAAAAAAAAAAAAAAAAAAAAAAAAAAAAAAAAAAAAAAA11111111111III
AAAAAAAAAAAAAAAAAAAAAAAAAAAAAAAAAAAAAAAAAAAAAAAAAAA11111111111II
AAAAAAAAAAAAAAAAAAAAAAAAAAAAAAAAAAAAAAAAAAAAAAAAAAAA11111111111I
AAAAAAAAAAAAAAAAAAAAAAAAAAAAAAAAAAAAAAAAAAAAAAAAAAAAA11111111111
AAAAAAAAAAAAAAAAAAAAAAAAAAAAAAAAAAAAAAAAAAAAAAAAAAAAAA1111111111
AAAAAAAAAAAAAAAAAAAAAAAAAAAAAAAAAAAAAAAAAAAAAAAAAAAAAAA111111111
AAAAAAAAAAAAAAAAAAAAAAAAAAAAAAAAAAAAAAAAAAAAAAAAAAAAAAAA11111111
AAAAAAAAAAAAAAAAAAAAAAAAAAAAAAAAAAAAAAAAAAAAAAAAAAAAAAAAA1111111
AAAAAAAAAAAAAAAAAAAAAAAAAAAAAAAAAAAAAAAAAAAAAAAAAAAAAAAAAA111111
AAAAAAAAAAAAAAAAAAAAAAAAAAAAAAAAAAAAAAAAAAAAAAAAAAAAAAAAAAA11111
AAAAAAAAAAAAAAAAAAAAAAAAAAAAAAAAAAAAAAAAAAAAAAAAAAAAAAAAAAAA1111
AAAAAAAAAAAAAAAAAAAAAAAAAAAAAAAAAAAAAAAAAAAAAAAAAAAAAAAAAAAAA111
AAAAAAAAAAAAAAAAAAAAAAAAAAAAAAAAAAAAAAAAAAAAAAAAAAAAAAAAAAAAAA11
AAAAAAAAAAAAAAAAAAAAAAAAAAAAAAAAAAAAAAAAAAAAAAAAAAAAAAAAAAAAAAA1
AAAAAAAAAAAAAAAAAAAAAAAAAAAAAAAAAAAAAAAAAAAAAAAAAAAAAAAAAAAAAAAA
AIIII11IIII1IIIIIIIIIIIIIIIIIIIIIIIIIIIIIIIIIIIIIIIIIIIIIIIIIIII
AAIII111III11IIIIIIIIIIIIIIIIIIIIIIIIIIIIIIIIIIIIIIIIIIIIIIIIIII
AAAII1111II111IIIIIIIIIIIIIIIIIIIIIIIIIIIIIIIIIIIIIIIIIIIIIIIIII
AAAAI11111I111IIIIIIIIIIIIIIIIIIIIIIIIIIIIIIIIIIIIIIIIIIIIIIIIII
AAAAA111111111I1IIIIIIIIIIIIIIIIIIIIIIIIIIIIIIIIIIIIIIIIIIIIIIII
AAAAAA11111111I11IIIIIIIIIIIIIIIIIIIIIIIIIIIIIIIIIIIIIIIIIIIIIII
AAAAAAA1111111I111IIIIIIIIIIIIIIIIIIIIIIIIIIIIIIIIIIIIIIIIIIIIII
AAAAAAAA111111I1111IIIIIIIIIIIIIIIIIIIIIIIIIIIIIIIIIIIIIIIIIIIII
AAAAAAAAA11111111111IIIIIIIIIIIIIIIIIIIIIIIIIIIIIIIIIIIIIIIIIIII
AAAAAAAAAA11111111111IIIIIIIIIIIIIIIIIIIIIIIIIIIIIIIIIIIIIIIIIII
AAAAAAAAAAA11111111111IIIIIIIIIIIIIIIIIIIIIIIIIIIIIIIIIIIIIIIIII
AAAAAAAAAAAA11111111111IIIIIIIIIIIIIIIIIIIIIIIIIIIIIIIIIIIIIIIII
AAAAAAAAAAAAA11111111111IIIIIIIIIIIIIIIIIIIIIIIIIIIIIIIIIIIIIIII
AAAAAAAAAAAAAA11111111111IIIIIIIIIIIIIIIIIIIIIIIIIIIIIIIIIIIIIII
AAAAAAAAAAAAAAA11111111111IIIIIIIIIIIIIIIIIIIIIIIIIIIIIIIIIIIIII
AAAAAAAAAAAAAAAA11111111111IIIIIIIIIIIIIIIIIIIIIIIIIIIIIIIIIIIII
AAAAAAAAAAAAAAAAA11111111111IIIIIIIIIIIIIIIIIIIIIIIIIIIIIIIIIIII
AAAAAAAAAAAAAAAAAA11111111111IIIIIIIIIIIIIIIIIIIIIIIIIIIIIIIIIII
AAAAAAAAAAAAAAAAAAA11111111111IIIIIIIIIIIIIIIIIIIIIIIIIIIIIIIIII
AAAAAAAAAAAAAAAAAAAA11111111111IIIIIIIIIIIIIIIIIIIIIIIIIIIIIIIII
AAAAAAAAAAAAAAAAAAAAA11111111111IIIIIIIIIIIIIIIIIIIIIIIIIIIIIIII
AAAAAAAAAAAAAAAAAAAAAA11111111111IIIIIIIIIIIIIIIIIIIIIIIIIIIIIII
AAAAAAAAAAAAAAAAAAAAAAA11111111111IIIIIIIIIIIIIIIIIIIIIIIIIIIIII
AAAAAAAAAAAAAAAAAAAAAAAA11111111111IIIIIIIIIIIIIIIIIIIIIIIIIIIII
AAAAAAAAAAAAAAAAAAAAAAAAA11111111111IIIIIIIIIIIIIIIIIIIIIIIIIIII
AAAAAAAAAAAAAAAAAAAAAAAAAA11111111111IIIIIIIIIIIIIIIIIIIIIIIIIII
AAAAAAAAAAAAAAAAAAAAAAAAAAA11111111111IIIIIIIIIIIIIIIIIIIIIIIIII
AAAAAAAAAAAAAAAAAAAAAAAAAAAA11111111111IIIIIIIIIIIIIIIIIIIIIIIII
AAAAAAAAAAAAAAAAAAAAAAAAAAAAA11111111111IIIIIIIIIIIIIIIIIIIIIIII
AAAAAAAAAAAAAAAAAAAAAAAAAAAAAA11111111111IIIIIIIIIIIIIIIIIIIIIII
AAAAAAAAAAAAAAAAAAAAAAAAAAAAAAA11111111111IIIIIIIIIIIIIIIIIIIIII
AAAAAAAAAAAAAAAAAAAAAAAAAAAAAAAA11111111111IIIIIIIIIIIIIIIIIIIII
AAAAAAAAAAAAAAAAAAAAAAAAAAAAAAAAA11111111111IIIIIIIIIIIIIIIIIIII
AAAAAAAAAAAAAAAAAAAAAAAAAAAAAAAAAA11111111111IIIIIIIIIIIIIIIIIII
AAAAAAAAAAAAAAAAAAAAAAAAAAAAAAAAAAA11111111111IIIIIIIIIIIIIIIIII
AAAAAAAAAAAAAAAAAAAAAAAAAAAAAAAAAAAA11111111111IIIIIIIIIIIIIIIII
AAAAAAAAAAAAAAAAAAAAAAAAAAAAAAAAAAAAA11111111111IIIIIIIIIIIIIIII
AAAAAAAAAAAAAAAAAAAAAAAAAAAAAAAAAAAAAA11111111111IIIIIIIIIIIIIII
AAAAAAAAAAAAAAAAAAAAAAAAAAAAAAAAAAAAAAA11111111111IIIIIIIIIIIIII
AAAAAAAAAAAAAAAAAAAAAAAAAAAAAAAAAAAAAAAA11111111111IIIIIIIIIIIII
AAAAAAAAAAAAAAAAAAAAAAAAAAAAAAAAAAAAAAAAA11111111111IIIIIIIIIIII
AAAAAAAAAAAAAAAAAAAAAAAAAAAAAAAAAAAAAAAAAA11111111111IIIIIIIIIII
AAAAAAAAAAAAAAAAAAAAAAAAAAAAAAAAAAAAAAAAAAA11111111111IIIIIIIIII
AAAAAAAAAAAAAAAAAAAAAAAAAAAAAAAAAAAAAAAAAAAA11111111111IIIIIIIII
AAAAAAAAAAAAAAAAAAAAAAAAAAAAAAAAAAAAAAAAAAAAA11111111111IIIIIIII
AAAAAAAAAAAAAAAAAAAAAAAAAAAAAAAAAAAAAAAAAAAAAA11111111111IIIIIII
AAAAAAAAAAAAAAAAAAAAAAAAAAAAAAAAAAAAAAAAAAAAAAA11111111111IIIIII
AAAAAAAAAAAAAAAAAAAAAAAAAAAAAAAAAAAAAAAAAAAAAAAA11111111111IIIII
AAAAAAAAAAAAAAAAAAAAAAAAAAAAAAAAAAAAAAAAAAAAAAAAA11111111111IIII
AAAAAAAAAAAAAAAAAAAAAAAAAAAAAAAAAAAAAAAAAAAAAAAAAA11111111111III
AAAAAAAAAAAAAAAAAAAAAAAAAAAAAAAAAAAAAAAAAAAAAAAAAAA11111111111II
AAAAAAAAAAAAAAAAAAAAAAAAAAAAAAAAAAAAAAAAAAAAAAAAAAAA11111111111I
AAAAAAAAAAAAAAAAAAAAAAAAAAAAAAAAAAAAAAAAAAAAAAAAAAAAA11111111111
AAAAAAAAAAAAAAAAAAAAAAAAAAAAAAAAAAAAAAAAAAAAAAAAAAAAAA1111111111
AAAAAAAAAAAAAAAAAAAAAAAAAAAAAAAAAAAAAAAAAAAAAAAAAAAAAAA111111111
AAAAAAAAAAAAAAAAAAAAAAAAAAAAAAAAAAAAAAAAAAAAAAAAAAAAAAAA11111111
AAAAAAAAAAAAAAAAAAAAAAAAAAAAAAAAAAAAAAAAAAAAAAAAAAAAAAAAA1111111
AAAAAAAAAAAAAAAAAAAAAAAAAAAAAAAAAAAAAAAAAAAAAAAAAAAAAAAAAA111111
AAAAAAAAAAAAAAAAAAAAAAAAAAAAAAAAAAAAAAAAAAAAAAAAAAAAAAAAAAA11111
AAAAAAAAAAAAAAAAAAAAAAAAAAAAAAAAAAAAAAAAAAAAAAAAAAAAAAAAAAAA1111
AAAAAAAAAAAAAAAAAAAAAAAAAAAAAAAAAAAAAAAAAAAAAAAAAAAAAAAAAAAAA111
AAAAAAAAAAAAAAAAAAAAAAAAAAAAAAAAAAAAAAAAAAAAAAAAAAAAAAAAAAAAAA11
AAAAAAAAAAAAAAAAAAAAAAAAAAAAAAAAAAAAAAAAAAAAAAAAAAAAAAAAAAAAAAA1
AAAAAAAAAAAAAAAAAAAAAAAAAAAAAAAAAAAAAAAAAAAAAAAAAAAAAAAAAAAAAAAA
AIIII111III1IIIIIIIIIIIIIIIIIIIIIIIIIIIIIIIIIIIIIIIIIIIIIIIIIIII
AAIII1111II11IIIIIIIIIIIIIIIIIIIIIIIIIIIIIIIIIIIIIIIIIIIIIIIIIII
AAAII11111I111IIIIIIIIIIIIIIIIIIIIIIIIIIIIIIIIIIIIIIIIIIIIIIIIII
AAAAI11111I111IIIIIIIIIIIIIIIIIIIIIIIIIIIIIIIIIIIIIIIIIIIIIIIIII
AAAAA111111111I1IIIIIIIIIIIIIIIIIIIIIIIIIIIIIIIIIIIIIIIIIIIIIIII
AAAAAA11111111I11IIIIIIIIIIIIIIIIIIIIIIIIIIIIIIIIIIIIIIIIIIIIIII
AAAAAAA1111111I111IIIIIIIIIIIIIIIIIIIIIIIIIIIIIIIIIIIIIIIIIIIIII
AAAAAAAA11111111111IIIIIIIIIIIIIIIIIIIIIIIIIIIIIIIIIIIIIIIIIIIII
AAAAAAAAA11111111111IIIIIIIIIIIIIIIIIIIIIIIIIIIIIIIIIIIIIIIIIIII
AAAAAAAAAA11111111111IIIIIIIIIIIIIIIIIIIIIIIIIIIIIIIIIIIIIIIIIII
AAAAAAAAAAA11111111111IIIIIIIIIIIIIIIIIIIIIIIIIIIIIIIIIIIIIIIIII
AAAAAAAAAAAA11111111111IIIIIIIIIIIIIIIIIIIIIIIIIIIIIIIIIIIIIIIII
AAAAAAAAAAAAA11111111111IIIIIIIIIIIIIIIIIIIIIIIIIIIIIIIIIIIIIIII
AAAAAAAAAAAAAA11111111111IIIIIIIIIIIIIIIIIIIIIIIIIIIIIIIIIIIIIII
AAAAAAAAAAAAAAA11111111111IIIIIIIIIIIIIIIIIIIIIIIIIIIIIIIIIIIIII
AAAAAAAAAAAAAAAA11111111111IIIIIIIIIIIIIIIIIIIIIIIIIIIIIIIIIIIII
AAAAAAAAAAAAAAAAA11111111111IIIIIIIIIIIIIIIIIIIIIIIIIIIIIIIIIIII
AAAAAAAAAAAAAAAAAA11111111111IIIIIIIIIIIIIIIIIIIIIIIIIIIIIIIIIII
AAAAAAAAAAAAAAAAAAA11111111111IIIIIIIIIIIIIIIIIIIIIIIIIIIIIIIIII
AAAAAAAAAAAAAAAAAAAA11111111111IIIIIIIIIIIIIIIIIIIIIIIIIIIIIIIII
AAAAAAAAAAAAAAAAAAAAA11111111111IIIIIIIIIIIIIIIIIIIIIIIIIIIIIIII
AAAAAAAAAAAAAAAAAAAAAA11111111111IIIIIIIIIIIIIIIIIIIIIIIIIIIIIII
AAAAAAAAAAAAAAAAAAAAAAA11111111111IIIIIIIIIIIIIIIIIIIIIIIIIIIIII
AAAAAAAAAAAAAAAAAAAAAAAA11111111111IIIIIIIIIIIIIIIIIIIIIIIIIIIII
AAAAAAAAAAAAAAAAAAAAAAAAA11111111111IIIIIIIIIIIIIIIIIIIIIIIIIIII
AAAAAAAAAAAAAAAAAAAAAAAAAA11111111111IIIIIIIIIIIIIIIIIIIIIIIIIII
AAAAAAAAAAAAAAAAAAAAAAAAAAA11111111111IIIIIIIIIIIIIIIIIIIIIIIIII
AAAAAAAAAAAAAAAAAAAAAAAAAAAA11111111111IIIIIIIIIIIIIIIIIIIIIIIII
AAAAAAAAAAAAAAAAAAAAAAAAAAAAA11111111111IIIIIIIIIIIIIIIIIIIIIIII
AAAAAAAAAAAAAAAAAAAAAAAAAAAAAA11111111111IIIIIIIIIIIIIIIIIIIIIII
AAAAAAAAAAAAAAAAAAAAAAAAAAAAAAA11111111111IIIIIIIIIIIIIIIIIIIIII
AAAAAAAAAAAAAAAAAAAAAAAAAAAAAAAA11111111111IIIIIIIIIIIIIIIIIIIII
AAAAAAAAAAAAAAAAAAAAAAAAAAAAAAAAA11111111111IIIIIIIIIIIIIIIIIIII
AAAAAAAAAAAAAAAAAAAAAAAAAAAAAAAAAA11111111111IIIIIIIIIIIIIIIIIII
AAAAAAAAAAAAAAAAAAAAAAAAAAAAAAAAAAA11111111111IIIIIIIIIIIIIIIIII
AAAAAAAAAAAAAAAAAAAAAAAAAAAAAAAAAAAA11111111111IIIIIIIIIIIIIIIII
AAAAAAAAAAAAAAAAAAAAAAAAAAAAAAAAAAAAA11111111111IIIIIIIIIIIIIIII
AAAAAAAAAAAAAAAAAAAAAAAAAAAAAAAAAAAAAA11111111111IIIIIIIIIIIIIII
AAAAAAAAAAAAAAAAAAAAAAAAAAAAAAAAAAAAAAA11111111111IIIIIIIIIIIIII
AAAAAAAAAAAAAAAAAAAAAAAAAAAAAAAAAAAAAAAA11111111111IIIIIIIIIIIII
AAAAAAAAAAAAAAAAAAAAAAAAAAAAAAAAAAAAAAAAA11111111111IIIIIIIIIIII
AAAAAAAAAAAAAAAAAAAAAAAAAAAAAAAAAAAAAAAAAA11111111111IIIIIIIIIII
AAAAAAAAAAAAAAAAAAAAAAAAAAAAAAAAAAAAAAAAAAA11111111111IIIIIIIIII
AAAAAAAAAAAAAAAAAAAAAAAAAAAAAAAAAAAAAAAAAAAA11111111111IIIIIIIII
AAAAAAAAAAAAAAAAAAAAAAAAAAAAAAAAAAAAAAAAAAAAA11111111111IIIIIIII
AAAAAAAAAAAAAAAAAAAAAAAAAAAAAAAAAAAAAAAAAAAAAA11111111111IIIIIII
AAAAAAAAAAAAAAAAAAAAAAAAAAAAAAAAAAAAAAAAAAAAAAA11111111111IIIIII
AAAAAAAAAAAAAAAAAAAAAAAAAAAAAAAAAAAAAAAAAAAAAAAA11111111111IIIII
AAAAAAAAAAAAAAAAAAAAAAAAAAAAAAAAAAAAAAAAAAAAAAAAA11111111111IIII
AAAAAAAAAAAAAAAAAAAAAAAAAAAAAAAAAAAAAAAAAAAAAAAAAA11111111111III
AAAAAAAAAAAAAAAAAAAAAAAAAAAAAAAAAAAAAAAAAAAAAAAAAAA11111111111II
AAAAAAAAAAAAAAAAAAAAAAAAAAAAAAAAAAAAAAAAAAAAAAAAAAAA11111111111I
AAAAAAAAAAAAAAAAAAAAAAAAAAAAAAAAAAAAAAAAAAAAAAAAAAAAA11111111111
AAAAAAAAAAAAAAAAAAAAAAAAAAAAAAAAAAAAAAAAAAAAAAAAAAAAAA1111111111
AAAAAAAAAAAAAAAAAAAAAAAAAAAAAAAAAAAAAAAAAAAAAAAAAAAAAAA111111111
AAAAAAAAAAAAAAAAAAAAAAAAAAAAAAAAAAAAAAAAAAAAAAAAAAAAAAAA11111111
AAAAAAAAAAAAAAAAAAAAAAAAAAAAAAAAAAAAAAAAAAAAAAAAAAAAAAAAA1111111
AAAAAAAAAAAAAAAAAAAAAAAAAAAAAAAAAAAAAAAAAAAAAAAAAAAAAAAAAA111111
AAAAAAAAAAAAAAAAAAAAAAAAAAAAAAAAAAAAAAAAAAAAAAAAAAAAAAAAAAA11111
AAAAAAAAAAAAAAAAAAAAAAAAAAAAAAAAAAAAAAAAAAAAAAAAAAAAAAAAAAAA1111
AAAAAAAAAAAAAAAAAAAAAAAAAAAAAAAAAAAAAAAAAAAAAAAAAAAAAAAAAAAAA111
AAAAAAAAAAAAAAAAAAAAAAAAAAAAAAAAAAAAAAAAAAAAAAAAAAAAAAAAAAAAAA11
AAAAAAAAAAAAAAAAAAAAAAAAAAAAAAAAAAAAAAAAAAAAAAAAAAAAAAAAAAAAAAA1
AAAAAAAAAAAAAAAAAAAAAAAAAAAAAAAAAAAAAAAAAAAAAAAAAAAAAAAAAAAAAAAA
AI1II1111II1IIIIIIIIIIIIIIIIIIIIIIIIIIIIIIIIIIIIIIIIIIIIIIIIIIII
AA11I11111I1IIIIIIIIIIIIIIIIIIIIIIIIIIIIIIIIIIIIIIIIIIIIIIIIIIII
AAA1I11111I1IIIIIIIIIIIIIIIIIIIIIIIIIIIIIIIIIIIIIIIIIIIIIIIIIIII
AAAAI11111I1IIIIIIIIIIIIIIIIIIIIIIIIIIIIIIIIIIIIIIIIIIIIIIIIIIII
AAAA11111111I1IIIIIIIIIIIIIIIIIIIIIIIIIIIIIIIIIIIIIIIIIIIIIIIIII
AAAAA111111111I1IIIIIIIIIIIIIIIIIIIIIIIIIIIIIIIIIIIIIIIIIIIIIIII
AAAAAA11111111I11IIIIIIIIIIIIIIIIIIIIIIIIIIIIIIIIIIIIIIIIIIIIIII
AAAAAAA11111111111IIIIIIIIIIIIIIIIIIIIIIIIIIIIIIIIIIIIIIIIIIIIII
AAAAAAAA11111111111IIIIIIIIIIIIIIIIIIIIIIIIIIIIIIIIIIIIIIIIIIIII
AAAAAAAAA11111111111IIIIIIIIIIIIIIIIIIIIIIIIIIIIIIIIIIIIIIIIIIII
AAAAAAAAAA11111111111IIIIIIIIIIIIIIIIIIIIIIIIIIIIIIIIIIIIIIIIIII
AAAAAAAAAAA11111111111IIIIIIIIIIIIIIIIIIIIIIIIIIIIIIIIIIIIIIIIII
AAAAAAAAAAAA11111111111IIIIIIIIIIIIIIIIIIIIIIIIIIIIIIIIIIIIIIIII
AAAAAAAAAAAAA11111111111IIIIIIIIIIIIIIIIIIIIIIIIIIIIIIIIIIIIIIII
AAAAAAAAAAAAAA11111111111IIIIIIIIIIIIIIIIIIIIIIIIIIIIIIIIIIIIIII
AAAAAAAAAAAAAAA11111111111IIIIIIIIIIIIIIIIIIIIIIIIIIIIIIIIIIIIII
AAAAAAAAAAAAAAAA11111111111IIIIIIIIIIIIIIIIIIIIIIIIIIIIIIIIIIIII
AAAAAAAAAAAAAAAAA11111111111IIIIIIIIIIIIIIIIIIIIIIIIIIIIIIIIIIII
AAAAAAAAAAAAAAAAAA11111111111IIIIIIIIIIIIIIIIIIIIIIIIIIIIIIIIIII
AAAAAAAAAAAAAAAAAAA11111111111IIIIIIIIIIIIIIIIIIIIIIIIIIIIIIIIII
AAAAAAAAAAAAAAAAAAAA11111111111IIIIIIIIIIIIIIIIIIIIIIIIIIIIIIIII
AAAAAAAAAAAAAAAAAAAAA11111111111IIIIIIIIIIIIIIIIIIIIIIIIIIIIIIII
AAAAAAAAAAAAAAAAAAAAAA11111111111IIIIIIIIIIIIIIIIIIIIIIIIIIIIIII
AAAAAAAAAAAAAAAAAAAAAAA11111111111IIIIIIIIIIIIIIIIIIIIIIIIIIIIII
AAAAAAAAAAAAAAAAAAAAAAAA11111111111IIIIIIIIIIIIIIIIIIIIIIIIIIIII
AAAAAAAAAAAAAAAAAAAAAAAAA11111111111IIIIIIIIIIIIIIIIIIIIIIIIIIII
AAAAAAAAAAAAAAAAAAAAAAAAAA11111111111IIIIIIIIIIIIIIIIIIIIIIIIIII
AAAAAAAAAAAAAAAAAAAAAAAAAAA11111111111IIIIIIIIIIIIIIIIIIIIIIIIII
AAAAAAAAAAAAAAAAAAAAAAAAAAAA11111111111IIIIIIIIIIIIIIIIIIIIIIIII
AAAAAAAAAAAAAAAAAAAAAAAAAAAAA11111111111IIIIIIIIIIIIIIIIIIIIIIII
AAAAAAAAAAAAAAAAAAAAAAAAAAAAAA11111111111IIIIIIIIIIIIIIIIIIIIIII
AAAAAAAAAAAAAAAAAAAAAAAAAAAAAAA11111111111IIIIIIIIIIIIIIIIIIIIII
AAAAAAAAAAAAAAAAAAAAAAAAAAAAAAAA11111111111IIIIIIIIIIIIIIIIIIIII
AAAAAAAAAAAAAAAAAAAAAAAAAAAAAAAAA11111111111IIIIIIIIIIIIIIIIIIII
AAAAAAAAAAAAAAAAAAAAAAAAAAAAAAAAAA11111111111IIIIIIIIIIIIIIIIIII
AAAAAAAAAAAAAAAAAAAAAAAAAAAAAAAAAAA11111111111IIIIIIIIIIIIIIIIII
AAAAAAAAAAAAAAAAAAAAAAAAAAAAAAAAAAAA11111111111IIIIIIIIIIIIIIIII
AAAAAAAAAAAAAAAAAAAAAAAAAAAAAAAAAAAAA11111111111IIIIIIIIIIIIIIII
AAAAAAAAAAAAAAAAAAAAAAAAAAAAAAAAAAAAAA11111111111IIIIIIIIIIIIIII
AAAAAAAAAAAAAAAAAAAAAAAAAAAAAAAAAAAAAAA11111111111IIIIIIIIIIIIII
AAAAAAAAAAAAAAAAAAAAAAAAAAAAAAAAAAAAAAAA11111111111IIIIIIIIIIIII
AAAAAAAAAAAAAAAAAAAAAAAAAAAAAAAAAAAAAAAAA11111111111IIIIIIIIIIII
AAAAAAAAAAAAAAAAAAAAAAAAAAAAAAAAAAAAAAAAAA11111111111IIIIIIIIIII
AAAAAAAAAAAAAAAAAAAAAAAAAAAAAAAAAAAAAAAAAAA11111111111IIIIIIIIII
AAAAAAAAAAAAAAAAAAAAAAAAAAAAAAAAAAAAAAAAAAAA11111111111IIIIIIIII
AAAAAAAAAAAAAAAAAAAAAAAAAAAAAAAAAAAAAAAAAAAAA11111111111IIIIIIII
AAAAAAAAAAAAAAAAAAAAAAAAAAAAAAAAAAAAAAAAAAAAAA11111111111IIIIIII
AAAAAAAAAAAAAAAAAAAAAAAAAAAAAAAAAAAAAAAAAAAAAAA11111111111IIIIII
AAAAAAAAAAAAAAAAAAAAAAAAAAAAAAAAAAAAAAAAAAAAAAAA11111111111IIIII
AAAAAAAAAAAAAAAAAAAAAAAAAAAAAAAAAAAAAAAAAAAAAAAAA11111111111IIII
AAAAAAAAAAAAAAAAAAAAAAAAAAAAAAAAAAAAAAAAAAAAAAAAAA11111111111III
AAAAAAAAAAAAAAAAAAAAAAAAAAAAAAAAAAAAAAAAAAAAAAAAAAA11111111111II
AAAAAAAAAAAAAAAAAAAAAAAAAAAAAAAAAAAAAAAAAAAAAAAAAAAA11111111111I
AAAAAAAAAAAAAAAAAAAAAAAAAAAAAAAAAAAAAAAAAAAAAAAAAAAAA11111111111
AAAAAAAAAAAAAAAAAAAAAAAAAAAAAAAAAAAAAAAAAAAAAAAAAAAAAA1111111111
AAAAAAAAAAAAAAAAAAAAAAAAAAAAAAAAAAAAAAAAAAAAAAAAAAAAAAA111111111
AAAAAAAAAAAAAAAAAAAAAAAAAAAAAAAAAAAAAAAAAAAAAAAAAAAAAAAA11111111
AAAAAAAAAAAAAAAAAAAAAAAAAAAAAAAAAAAAAAAAAAAAAAAAAAAAAAAAA1111111
AAAAAAAAAAAAAAAAAAAAAAAAAAAAAAAAAAAAAAAAAAAAAAAAAAAAAAAAAA111111
AAAAAAAAAAAAAAAAAAAAAAAAAAAAAAAAAAAAAAAAAAAAAAAAAAAAAAAAAAA11111
AAAAAAAAAAAAAAAAAAAAAAAAAAAAAAAAAAAAAAAAAAAAAAAAAAAAAAAAAAAA1111
AAAAAAAAAAAAAAAAAAAAAAAAAAAAAAAAAAAAAAAAAAAAAAAAAAAAAAAAAAAAA111
AAAAAAAAAAAAAAAAAAAAAAAAAAAAAAAAAAAAAAAAAAAAAAAAAAAAAAAAAAAAAA11
AAAAAAAAAAAAAAAAAAAAAAAAAAAAAAAAAAAAAAAAAAAAAAAAAAAAAAAAAAAAAAA1
AAAAAAAAAAAAAAAAAAAAAAAAAAAAAAAAAAAAAAAAAAAAAAAAAAAAAAAAAAAAAAAA
AI1II1111II11IIIIIIIIIIIIIIIIIIIIIIIIIIIIIIIIIIIIIIIIIIIIIIIIIII
AA11I1111II11IIIIIIIIIIIIIIIIIIIIIIIIIIIIIIIIIIIIIIIIIIIIIIIIIII
AAA1I1111II11IIIIIIIIIIIIIIIIIIIIIIIIIIIIIIIIIIIIIIIIIIIIIIIIIII
AAAAI1111II11IIIIIIIIIIIIIIIIIIIIIIIIIIIIIIIIIIIIIIIIIIIIIIIIIII
AAAA1111111111IIIIIIIIIIIIIIIIIIIIIIIIIIIIIIIIIIIIIIIIIIIIIIIIII
AAAAA111111111I11IIIIIIIIIIIIIIIIIIIIIIIIIIIIIIIIIIIIIIIIIIIIIII
AAAAAA11111111I111IIIIIIIIIIIIIIIIIIIIIIIIIIIIIIIIIIIIIIIIIIIIII
AAAAAAA111111111111IIIIIIIIIIIIIIIIIIIIIIIIIIIIIIIIIIIIIIIIIIIII
AAAAAAAA111111111111IIIIIIIIIIIIIIIIIIIIIIIIIIIIIIIIIIIIIIIIIIII
AAAAAAAAA111111111111IIIIIIIIIIIIIIIIIIIIIIIIIIIIIIIIIIIIIIIIIII
AAAAAAAAAA111111111111IIIIIIIIIIIIIIIIIIIIIIIIIIIIIIIIIIIIIIIIII
AAAAAAAAAAA111111111111IIIIIIIIIIIIIIIIIIIIIIIIIIIIIIIIIIIIIIIII
AAAAAAAAAAAA111111111111IIIIIIIIIIIIIIIIIIIIIIIIIIIIIIIIIIIIIIII
AAAAAAAAAAAAA111111111111IIIIIIIIIIIIIIIIIIIIIIIIIIIIIIIIIIIIIII
AAAAAAAAAAAAAA111111111111IIIIIIIIIIIIIIIIIIIIIIIIIIIIIIIIIIIIII
AAAAAAAAAAAAAAA111111111111IIIIIIIIIIIIIIIIIIIIIIIIIIIIIIIIIIIII
AAAAAAAAAAAAAAAA111111111111IIIIIIIIIIIIIIIIIIIIIIIIIIIIIIIIIIII
AAAAAAAAAAAAAAAAA111111111111IIIIIIIIIIIIIIIIIIIIIIIIIIIIIIIIIII
AAAAAAAAAAAAAAAAAA111111111111IIIIIIIIIIIIIIIIIIIIIIIIIIIIIIIIII
AAAAAAAAAAAAAAAAAAA111111111111IIIIIIIIIIIIIIIIIIIIIIIIIIIIIIIII
AAAAAAAAAAAAAAAAAAAA111111111111IIIIIIIIIIIIIIIIIIIIIIIIIIIIIIII
AAAAAAAAAAAAAAAAAAAAA111111111111IIIIIIIIIIIIIIIIIIIIIIIIIIIIIII
AAAAAAAAAAAAAAAAAAAAAA111111111111IIIIIIIIIIIIIIIIIIIIIIIIIIIIII
AAAAAAAAAAAAAAAAAAAAAAA111111111111IIIIIIIIIIIIIIIIIIIIIIIIIIIII
AAAAAAAAAAAAAAAAAAAAAAAA111111111111IIIIIIIIIIIIIIIIIIIIIIIIIIII
AAAAAAAAAAAAAAAAAAAAAAAAA111111111111IIIIIIIIIIIIIIIIIIIIIIIIIII
AAAAAAAAAAAAAAAAAAAAAAAAAA111111111111IIIIIIIIIIIIIIIIIIIIIIIIII
AAAAAAAAAAAAAAAAAAAAAAAAAAA111111111111IIIIIIIIIIIIIIIIIIIIIIIII
AAAAAAAAAAAAAAAAAAAAAAAAAAAA111111111111IIIIIIIIIIIIIIIIIIIIIIII
AAAAAAAAAAAAAAAAAAAAAAAAAAAAA111111111111IIIIIIIIIIIIIIIIIIIIIII
AAAAAAAAAAAAAAAAAAAAAAAAAAAAAA111111111111IIIIIIIIIIIIIIIIIIIIII
AAAAAAAAAAAAAAAAAAAAAAAAAAAAAAA111111111111IIIIIIIIIIIIIIIIIIIII
AAAAAAAAAAAAAAAAAAAAAAAAAAAAAAAA111111111111IIIIIIIIIIIIIIIIIIII
AAAAAAAAAAAAAAAAAAAAAAAAAAAAAAAAA111111111111IIIIIIIIIIIIIIIIIII
AAAAAAAAAAAAAAAAAAAAAAAAAAAAAAAAAA111111111111IIIIIIIIIIIIIIIIII
AAAAAAAAAAAAAAAAAAAAAAAAAAAAAAAAAAA111111111111IIIIIIIIIIIIIIIII
AAAAAAAAAAAAAAAAAAAAAAAAAAAAAAAAAAAA111111111111IIIIIIIIIIIIIIII
AAAAAAAAAAAAAAAAAAAAAAAAAAAAAAAAAAAAA111111111111IIIIIIIIIIIIIII
AAAAAAAAAAAAAAAAAAAAAAAAAAAAAAAAAAAAAA111111111111IIIIIIIIIIIIII
AAAAAAAAAAAAAAAAAAAAAAAAAAAAAAAAAAAAAAA111111111111IIIIIIIIIIIII
AAAAAAAAAAAAAAAAAAAAAAAAAAAAAAAAAAAAAAAA111111111111IIIIIIIIIIII
AAAAAAAAAAAAAAAAAAAAAAAAAAAAAAAAAAAAAAAAA111111111111IIIIIIIIIII
AAAAAAAAAAAAAAAAAAAAAAAAAAAAAAAAAAAAAAAAAA111111111111IIIIIIIIII
AAAAAAAAAAAAAAAAAAAAAAAAAAAAAAAAAAAAAAAAAAA111111111111IIIIIIIII
AAAAAAAAAAAAAAAAAAAAAAAAAAAAAAAAAAAAAAAAAAAA111111111111IIIIIIII
AAAAAAAAAAAAAAAAAAAAAAAAAAAAAAAAAAAAAAAAAAAAA111111111111IIIIIII
AAAAAAAAAAAAAAAAAAAAAAAAAAAAAAAAAAAAAAAAAAAAAA111111111111IIIIII
AAAAAAAAAAAAAAAAAAAAAAAAAAAAAAAAAAAAAAAAAAAAAAA111111111111IIIII
AAAAAAAAAAAAAAAAAAAAAAAAAAAAAAAAAAAAAAAAAAAAAAAA111111111111IIII
AAAAAAAAAAAAAAAAAAAAAAAAAAAAAAAAAAAAAAAAAAAAAAAAA111111111111III
AAAAAAAAAAAAAAAAAAAAAAAAAAAAAAAAAAAAAAAAAAAAAAAAAA111111111111II
AAAAAAAAAAAAAAAAAAAAAAAAAAAAAAAAAAAAAAAAAAAAAAAAAAA111111111111I
AAAAAAAAAAAAAAAAAAAAAAAAAAAAAAAAAAAAAAAAAAAAAAAAAAAA111111111111
AAAAAAAAAAAAAAAAAAAAAAAAAAAAAAAAAAAAAAAAAAAAAAAAAAAAA11111111111
AAAAAAAAAAAAAAAAAAAAAAAAAAAAAAAAAAAAAAAAAAAAAAAAAAAAAA1111111111
AAAAAAAAAAAAAAAAAAAAAAAAAAAAAAAAAAAAAAAAAAAAAAAAAAAAAAA111111111
AAAAAAAAAAAAAAAAAAAAAAAAAAAAAAAAAAAAAAAAAAAAAAAAAAAAAAAA11111111
AAAAAAAAAAAAAAAAAAAAAAAAAAAAAAAAAAAAAAAAAAAAAAAAAAAAAAAAA1111111
AAAAAAAAAAAAAAAAAAAAAAAAAAAAAAAAAAAAAAAAAAAAAAAAAAAAAAAAAA111111
AAAAAAAAAAAAAAAAAAAAAAAAAAAAAAAAAAAAAAAAAAAAAAAAAAAAAAAAAAA11111
AAAAAAAAAAAAAAAAAAAAAAAAAAAAAAAAAAAAAAAAAAAAAAAAAAAAAAAAAAAA1111
AAAAAAAAAAAAAAAAAAAAAAAAAAAAAAAAAAAAAAAAAAAAAAAAAAAAAAAAAAAAA111
AAAAAAAAAAAAAAAAAAAAAAAAAAAAAAAAAAAAAAAAAAAAAAAAAAAAAAAAAAAAAA11
AAAAAAAAAAAAAAAAAAAAAAAAAAAAAAAAAAAAAAAAAAAAAAAAAAAAAAAAAAAAAAA1
AAAAAAAAAAAAAAAAAAAAAAAAAAAAAAAAAAAAAAAAAAAAAAAAAAAAAAAAAAAAAAAA
A1IIIIIIIIIIIIIIIIIIIIIIIIIIIIIIIIIIIIIIIIIIIIIIIIIIIIIIIIIIIIII
AA1IIIIIIIIIIIIIIIIIIIIIIIIIIIIIIIIIIIIIIIIIIIIIIIIIIIIIIIIIIIII
AAA1IIIIIIIIIIIIIIIIIIIIIIIIIIIIIIIIIIIIIIIIIIIIIIIIIIIIIIIIIIII
AAAA1IIIIIIIIIIIIIIIIIIIIIIIIIIIIIIIIIIIIIIIIIIIIIIIIIIIIIIIIIII
AAAAA1IIIIIIIIIIIIIIIIIIIIIIIIIIIIIIIIIIIIIIIIIIIIIIIIIIIIIIIIII
AAAAAA1IIIIIIIIIIIIIIIIIIIIIIIIIIIIIIIIIIIIIIIIIIIIIIIIIIIIIIIII
AAAAAAA1IIIIIIIIIIIIIIIIIIIIIIIIIIIIIIIIIIIIIIIIIIIIIIIIIIIIIIII
AAAAAAAA1IIIIIIIIIIIIIIIIIIIIIIIIIIIIIIIIIIIIIIIIIIIIIIIIIIIIIII
AAAAAAAAA1IIIIIIIIIIIIIIIIIIIIIIIIIIIIIIIIIIIIIIIIIIIIIIIIIIIIII
AAAAAAAAAA1IIIIIIIIIIIIIIIIIIIIIIIIIIIIIIIIIIIIIIIIIIIIIIIIIIIII
AAAAAAAAAAA1IIIIIIIIIIIIIIIIIIIIIIIIIIIIIIIIIIIIIIIIIIIIIIIIIIII
AAAAAAAAAAAA1IIIIIIIIIIIIIIIIIIIIIIIIIIIIIIIIIIIIIIIIIIIIIIIIIII
AAAAAAAAAAAAA1IIIIIIIIIIIIIIIIIIIIIIIIIIIIIIIIIIIIIIIIIIIIIIIIII
AAAAAAAAAAAAAA1IIIIIIIIIIIIIIIIIIIIIIIIIIIIIIIIIIIIIIIIIIIIIIIII
AAAAAAAAAAAAAAA1IIIIIIIIIIIIIIIIIIIIIIIIIIIIIIIIIIIIIIIIIIIIIIII
AAAAAAAAAAAAAAAA1IIIIIIIIIIIIIIIIIIIIIIIIIIIIIIIIIIIIIIIIIIIIIII
AAAAAAAAAAAAAAAAA1IIIIIIIIIIIIIIIIIIIIIIIIIIIIIIIIIIIIIIIIIIIIII
AAAAAAAAAAAAAAAAAA1IIIIIIIIIIIIIIIIIIIIIIIIIIIIIIIIIIIIIIIIIIIII
AAAAAAAAAAAAAAAAAAA1IIIIIIIIIIIIIIIIIIIIIIIIIIIIIIIIIIIIIIIIIIII
AAAAAAAAAAAAAAAAAAAA1IIIIIIIIIIIIIIIIIIIIIIIIIIIIIIIIIIIIIIIIIII
AAAAAAAAAAAAAAAAAAAAA1IIIIIIIIIIIIIIIIIIIIIIIIIIIIIIIIIIIIIIIIII
AAAAAAAAAAAAAAAAAAAAAA1IIIIIIIIIIIIIIIIIIIIIIIIIIIIIIIIIIIIIIIII
AAAAAAAAAAAAAAAAAAAAAAA1IIIIIIIIIIIIIIIIIIIIIIIIIIIIIIIIIIIIIIII
AAAAAAAAAAAAAAAAAAAAAAAA1IIIIIIIIIIIIIIIIIIIIIIIIIIIIIIIIIIIIIII
AAAAAAAAAAAAAAAAAAAAAAAAA1IIIIIIIIIIIIIIIIIIIIIIIIIIIIIIIIIIIIII
AAAAAAAAAAAAAAAAAAAAAAAAAA1IIIIIIIIIIIIIIIIIIIIIIIIIIIIIIIIIIIII
AAAAAAAAAAAAAAAAAAAAAAAAAAA1IIIIIIIIIIIIIIIIIIIIIIIIIIIIIIIIIIII
AAAAAAAAAAAAAAAAAAAAAAAAAAAA1IIIIIIIIIIIIIIIIIIIIIIIIIIIIIIIIIII
AAAAAAAAAAAAAAAAAAAAAAAAAAAAA1IIIIIIIIIIIIIIIIIIIIIIIIIIIIIIIIII
AAAAAAAAAAAAAAAAAAAAAAAAAAAAAA1IIIIIIIIIIIIIIIIIIIIIIIIIIIIIIIII
AAAAAAAAAAAAAAAAAAAAAAAAAAAAAAA1IIIIIIIIIIIIIIIIIIIIIIIIIIIIIIII
AAAAAAAAAAAAAAAAAAAAAAAAAAAAAAAA1IIIIIIIIIIIIIIIIIIIIIIIIIIIIIII
AAAAAAAAAAAAAAAAAAAAAAAAAAAAAAAAA1IIIIIIIIIIIIIIIIIIIIIIIIIIIIII
AAAAAAAAAAAAAAAAAAAAAAAAAAAAAAAAAA1IIIIIIIIIIIIIIIIIIIIIIIIIIIII
AAAAAAAAAAAAAAAAAAAAAAAAAAAAAAAAAAA1IIIIIIIIIIIIIIIIIIIIIIIIIIII
AAAAAAAAAAAAAAAAAAAAAAAAAAAAAAAAAAAA1IIIIIIIIIIIIIIIIIIIIIIIIIII
AAAAAAAAAAAAAAAAAAAAAAAAAAAAAAAAAAAAA1IIIIIIIIIIIIIIIIIIIIIIIIII
AAAAAAAAAAAAAAAAAAAAAAAAAAAAAAAAAAAAAA1IIIIIIIIIIIIIIIIIIIIIIIII
AAAAAAAAAAAAAAAAAAAAAAAAAAAAAAAAAAAAAAA1IIIIIIIIIIIIIIIIIIIIIIII
AAAAAAAAAAAAAAAAAAAAAAAAAAAAAAAAAAAAAAAA1IIIIIIIIIIIIIIIIIIIIIII
AAAAAAAAAAAAAAAAAAAAAAAAAAAAAAAAAAAAAAAAA1IIIIIIIIIIIIIIIIIIIIII
AAAAAAAAAAAAAAAAAAAAAAAAAAAAAAAAAAAAAAAAAA1IIIIIIIIIIIIIIIIIIIII
AAAAAAAAAAAAAAAAAAAAAAAAAAAAAAAAAAAAAAAAAAA1IIIIIIIIIIIIIIIIIIII
AAAAAAAAAAAAAAAAAAAAAAAAAAAAAAAAAAAAAAAAAAAA1IIIIIIIIIIIIIIIIIII
AAAAAAAAAAAAAAAAAAAAAAAAAAAAAAAAAAAAAAAAAAAAA1IIIIIIIIIIIIIIIIII
AAAAAAAAAAAAAAAAAAAAAAAAAAAAAAAAAAAAAAAAAAAAAA1IIIIIIIIIIIIIIIII
AAAAAAAAAAAAAAAAAAAAAAAAAAAAAAAAAAAAAAAAAAAAAAA1IIIIIIIIIIIIIIII
AAAAAAAAAAAAAAAAAAAAAAAAAAAAAAAAAAAAAAAAAAAAAAAA1IIIIIIIIIIIIIII
AAAAAAAAAAAAAAAAAAAAAAAAAAAAAAAAAAAAAAAAAAAAAAAAA1IIIIIIIIIIIIII
AAAAAAAAAAAAAAAAAAAAAAAAAAAAAAAAAAAAAAAAAAAAAAAAAA1IIIIIIIIIIIII
AAAAAAAAAAAAAAAAAAAAAAAAAAAAAAAAAAAAAAAAAAAAAAAAAAA1IIIIIIIIIIII
AAAAAAAAAAAAAAAAAAAAAAAAAAAAAAAAAAAAAAAAAAAAAAAAAAAA1IIIIIIIIIII
AAAAAAAAAAAAAAAAAAAAAAAAAAAAAAAAAAAAAAAAAAAAAAAAAAAAA1IIIIIIIIII
AAAAAAAAAAAAAAAAAAAAAAAAAAAAAAAAAAAAAAAAAAAAAAAAAAAAAA1IIIIIIIII
AAAAAAAAAAAAAAAAAAAAAAAAAAAAAAAAAAAAAAAAAAAAAAAAAAAAAAA1IIIIIIII
AAAAAAAAAAAAAAAAAAAAAAAAAAAAAAAAAAAAAAAAAAAAAAAAAAAAAAAA1IIIIIII
AAAAAAAAAAAAAAAAAAAAAAAAAAAAAAAAAAAAAAAAAAAAAAAAAAAAAAAAA1IIIIII
AAAAAAAAAAAAAAAAAAAAAAAAAAAAAAAAAAAAAAAAAAAAAAAAAAAAAAAAAA1IIIII
AAAAAAAAAAAAAAAAAAAAAAAAAAAAAAAAAAAAAAAAAAAAAAAAAAAAAAAAAAA1IIII
AAAAAAAAAAAAAAAAAAAAAAAAAAAAAAAAAAAAAAAAAAAAAAAAAAAAAAAAAAAA1III
AAAAAAAAAAAAAAAAAAAAAAAAAAAAAAAAAAAAAAAAAAAAAAAAAAAAAAAAAAAAA1II
AAAAAAAAAAAAAAAAAAAAAAAAAAAAAAAAAAAAAAAAAAAAAAAAAAAAAAAAAAAAAA1I
AAAAAAAAAAAAAAAAAAAAAAAAAAAAAAAAAAAAAAAAAAAAAAAAAAAAAAAAAAAAAAA1
AAAAAAAAAAAAAAAAAAAAAAAAAAAAAAAAAAAAAAAAAAAAAAAAAAAAAAAAAAAAAAAA
AI1II1111II1IIIIIIIIIIIIIIIIIIIIIIIIIIIIIIIIIIIIIIIIIIIIIIIIIIII
AA11I11111I1IIIIIIIIIIIIIIIIIIIIIIIIIIIIIIIIIIIIIIIIIIIIIIIIIIII
AAA1I11111I1IIIIIIIIIIIIIIIIIIIIIIIIIIIIIIIIIIIIIIIIIIIIIIIIIIII
AAAAI11111I1IIIIIIIIIIIIIIIIIIIIIIIIIIIIIIIIIIIIIIIIIIIIIIIIIIII
AAAA11111111I1IIIIIIIIIIIIIIIIIIIIIIIIIIIIIIIIIIIIIIIIIIIIIIIIII
AAAAA111111111I1IIIIIIIIIIIIIIIIIIIIIIIIIIIIIIIIIIIIIIIIIIIIIIII
AAAAAA11111111I11IIIIIIIIIIIIIIIIIIIIIIIIIIIIIIIIIIIIIIIIIIIIIII
AAAAAAA11111111111IIIIIIIIIIIIIIIIIIIIIIIIIIIIIIIIIIIIIIIIIIIIII
AAAAAAAA11111111111IIIIIIIIIIIIIIIIIIIIIIIIIIIIIIIIIIIIIIIIIIIII
AAAAAAAAA11111111111IIIIIIIIIIIIIIIIIIIIIIIIIIIIIIIIIIIIIIIIIIII
AAAAAAAAAA11111111111IIIIIIIIIIIIIIIIIIIIIIIIIIIIIIIIIIIIIIIIIII
AAAAAAAAAAA11111111111IIIIIIIIIIIIIIIIIIIIIIIIIIIIIIIIIIIIIIIIII
AAAAAAAAAAAA11111111111IIIIIIIIIIIIIIIIIIIIIIIIIIIIIIIIIIIIIIIII
AAAAAAAAAAAAA11111111111IIIIIIIIIIIIIIIIIIIIIIIIIIIIIIIIIIIIIIII
AAAAAAAAAAAAAA11111111111IIIIIIIIIIIIIIIIIIIIIIIIIIIIIIIIIIIIIII
AAAAAAAAAAAAAAA11111111111IIIIIIIIIIIIIIIIIIIIIIIIIIIIIIIIIIIIII
AAAAAAAAAAAAAAAA11111111111IIIIIIIIIIIIIIIIIIIIIIIIIIIIIIIIIIIII
AAAAAAAAAAAAAAAAA11111111111IIIIIIIIIIIIIIIIIIIIIIIIIIIIIIIIIIII
AAAAAAAAAAAAAAAAAA11111111111IIIIIIIIIIIIIIIIIIIIIIIIIIIIIIIIIII
AAAAAAAAAAAAAAAAAAA11111111111IIIIIIIIIIIIIIIIIIIIIIIIIIIIIIIIII
AAAAAAAAAAAAAAAAAAAA11111111111IIIIIIIIIIIIIIIIIIIIIIIIIIIIIIIII
AAAAAAAAAAAAAAAAAAAAA11111111111IIIIIIIIIIIIIIIIIIIIIIIIIIIIIIII
AAAAAAAAAAAAAAAAAAAAAA11111111111IIIIIIIIIIIIIIIIIIIIIIIIIIIIIII
AAAAAAAAAAAAAAAAAAAAAAA11111111111IIIIIIIIIIIIIIIIIIIIIIIIIIIIII
AAAAAAAAAAAAAAAAAAAAAAAA11111111111IIIIIIIIIIIIIIIIIIIIIIIIIIIII
AAAAAAAAAAAAAAAAAAAAAAAAA11111111111IIIIIIIIIIIIIIIIIIIIIIIIIIII
AAAAAAAAAAAAAAAAAAAAAAAAAA11111111111IIIIIIIIIIIIIIIIIIIIIIIIIII
AAAAAAAAAAAAAAAAAAAAAAAAAAA11111111111IIIIIIIIIIIIIIIIIIIIIIIIII
AAAAAAAAAAAAAAAAAAAAAAAAAAAA11111111111IIIIIIIIIIIIIIIIIIIIIIIII
AAAAAAAAAAAAAAAAAAAAAAAAAAAAA11111111111IIIIIIIIIIIIIIIIIIIIIIII
AAAAAAAAAAAAAAAAAAAAAAAAAAAAAA11111111111IIIIIIIIIIIIIIIIIIIIIII
AAAAAAAAAAAAAAAAAAAAAAAAAAAAAAA11111111111IIIIIIIIIIIIIIIIIIIIII
AAAAAAAAAAAAAAAAAAAAAAAAAAAAAAAA11111111111IIIIIIIIIIIIIIIIIIIII
AAAAAAAAAAAAAAAAAAAAAAAAAAAAAAAAA11111111111IIIIIIIIIIIIIIIIIIII
AAAAAAAAAAAAAAAAAAAAAAAAAAAAAAAAAA11111111111IIIIIIIIIIIIIIIIIII
AAAAAAAAAAAAAAAAAAAAAAAAAAAAAAAAAAA11111111111IIIIIIIIIIIIIIIIII
AAAAAAAAAAAAAAAAAAAAAAAAAAAAAAAAAAAA11111111111IIIIIIIIIIIIIIIII
AAAAAAAAAAAAAAAAAAAAAAAAAAAAAAAAAAAAA11111111111IIIIIIIIIIIIIIII
AAAAAAAAAAAAAAAAAAAAAAAAAAAAAAAAAAAAAA11111111111IIIIIIIIIIIIIII
AAAAAAAAAAAAAAAAAAAAAAAAAAAAAAAAAAAAAAA11111111111IIIIIIIIIIIIII
AAAAAAAAAAAAAAAAAAAAAAAAAAAAAAAAAAAAAAAA11111111111IIIIIIIIIIIII
AAAAAAAAAAAAAAAAAAAAAAAAAAAAAAAAAAAAAAAAA11111111111IIIIIIIIIIII
AAAAAAAAAAAAAAAAAAAAAAAAAAAAAAAAAAAAAAAAAA11111111111IIIIIIIIIII
AAAAAAAAAAAAAAAAAAAAAAAAAAAAAAAAAAAAAAAAAAA11111111111IIIIIIIIII
AAAAAAAAAAAAAAAAAAAAAAAAAAAAAAAAAAAAAAAAAAAA11111111111IIIIIIIII
AAAAAAAAAAAAAAAAAAAAAAAAAAAAAAAAAAAAAAAAAAAAA11111111111IIIIIIII
AAAAAAAAAAAAAAAAAAAAAAAAAAAAAAAAAAAAAAAAAAAAAA11111111111IIIIIII
AAAAAAAAAAAAAAAAAAAAAAAAAAAAAAAAAAAAAAAAAAAAAAA11111111111IIIIII
AAAAAAAAAAAAAAAAAAAAAAAAAAAAAAAAAAAAAAAAAAAAAAAA11111111111IIIII
AAAAAAAAAAAAAAAAAAAAAAAAAAAAAAAAAAAAAAAAAAAAAAAAA11111111111IIII
AAAAAAAAAAAAAAAAAAAAAAAAAAAAAAAAAAAAAAAAAAAAAAAAAA11111111111III
AAAAAAAAAAAAAAAAAAAAAAAAAAAAAAAAAAAAAAAAAAAAAAAAAAA11111111111II
AAAAAAAAAAAAAAAAAAAAAAAAAAAAAAAAAAAAAAAAAAAAAAAAAAAA11111111111I
AAAAAAAAAAAAAAAAAAAAAAAAAAAAAAAAAAAAAAAAAAAAAAAAAAAAA11111111111
AAAAAAAAAAAAAAAAAAAAAAAAAAAAAAAAAAAAAAAAAAAAAAAAAAAAAA1111111111
AAAAAAAAAAAAAAAAAAAAAAAAAAAAAAAAAAAAAAAAAAAAAAAAAAAAAAA111111111
AAAAAAAAAAAAAAAAAAAAAAAAAAAAAAAAAAAAAAAAAAAAAAAAAAAAAAAA11111111
AAAAAAAAAAAAAAAAAAAAAAAAAAAAAAAAAAAAAAAAAAAAAAAAAAAAAAAAA1111111
AAAAAAAAAAAAAAAAAAAAAAAAAAAAAAAAAAAAAAAAAAAAAAAAAAAAAAAAAA111111
AAAAAAAAAAAAAAAAAAAAAAAAAAAAAAAAAAAAAAAAAAAAAAAAAAAAAAAAAAA11111
AAAAAAAAAAAAAAAAAAAAAAAAAAAAAAAAAAAAAAAAAAAAAAAAAAAAAAAAAAAA1111
AAAAAAAAAAAAAAAAAAAAAAAAAAAAAAAAAAAAAAAAAAAAAAAAAAAAAAAAAAAAA111
AAAAAAAAAAAAAAAAAAAAAAAAAAAAAAAAAAAAAAAAAAAAAAAAAAAAAAAAAAAAAA11
AAAAAAAAAAAAAAAAAAAAAAAAAAAAAAAAAAAAAAAAAAAAAAAAAAAAAAAAAAAAAAA1
AAAAAAAAAAAAAAAAAAAAAAAAAAAAAAAAAAAAAAAAAAAAAAAAAAAAAAAAAAAAAAAA
AI11111111IIIIIIIIIIIIIIIIIIIIIIIIIIIIIIIIIIIIIIIIIIIIIIIIIIIIII
AA11111111IIIIIIIIIIIIIIIIIIIIIIIIIIIIIIIIIIIIIIIIIIIIIIIIIIIIII
AAA1111111IIIIIIIIIIIIIIIIIIIIIIIIIIIIIIIIIIIIIIIIIIIIIIIIIIIIII
AAAA111111IIIIIIIIIIIIIIIIIIIIIIIIIIIIIIIIIIIIIIIIIIIIIIIIIIIIII
AAAA11111111IIIIIIIIIIIIIIIIIIIIIIIIIIIIIIIIIIIIIIIIIIIIIIIIIIII
AAAAA111111111IIIIIIIIIIIIIIIIIIIIIIIIIIIIIIIIIIIIIIIIIIIIIIIIII
AAAAAA111111111IIIIIIIIIIIIIIIIIIIIIIIIIIIIIIIIIIIIIIIIIIIIIIIII
AAAAAAA111111111IIIIIIIIIIIIIIIIIIIIIIIIIIIIIIIIIIIIIIIIIIIIIIII
AAAAAAAA111111111IIIIIIIIIIIIIIIIIIIIIIIIIIIIIIIIIIIIIIIIIIIIIII
AAAAAAAAA111111111IIIIIIIIIIIIIIIIIIIIIIIIIIIIIIIIIIIIIIIIIIIIII
AAAAAAAAAA111111111IIIIIIIIIIIIIIIIIIIIIIIIIIIIIIIIIIIIIIIIIIIII
AAAAAAAAAAA111111111IIIIIIIIIIIIIIIIIIIIIIIIIIIIIIIIIIIIIIIIIIII
AAAAAAAAAAAA111111111IIIIIIIIIIIIIIIIIIIIIIIIIIIIIIIIIIIIIIIIIII
AAAAAAAAAAAAA111111111IIIIIIIIIIIIIIIIIIIIIIIIIIIIIIIIIIIIIIIIII
AAAAAAAAAAAAAA111111111IIIIIIIIIIIIIIIIIIIIIIIIIIIIIIIIIIIIIIIII
AAAAAAAAAAAAAAA111111111IIIIIIIIIIIIIIIIIIIIIIIIIIIIIIIIIIIIIIII
AAAAAAAAAAAAAAAA111111111IIIIIIIIIIIIIIIIIIIIIIIIIIIIIIIIIIIIIII
AAAAAAAAAAAAAAAAA111111111IIIIIIIIIIIIIIIIIIIIIIIIIIIIIIIIIIIIII
AAAAAAAAAAAAAAAAAA111111111IIIIIIIIIIIIIIIIIIIIIIIIIIIIIIIIIIIII
AAAAAAAAAAAAAAAAAAA111111111IIIIIIIIIIIIIIIIIIIIIIIIIIIIIIIIIIII
AAAAAAAAAAAAAAAAAAAA111111111IIIIIIIIIIIIIIIIIIIIIIIIIIIIIIIIIII
AAAAAAAAAAAAAAAAAAAAA111111111IIIIIIIIIIIIIIIIIIIIIIIIIIIIIIIIII
AAAAAAAAAAAAAAAAAAAAAA111111111IIIIIIIIIIIIIIIIIIIIIIIIIIIIIIIII
AAAAAAAAAAAAAAAAAAAAAAA111111111IIIIIIIIIIIIIIIIIIIIIIIIIIIIIIII
AAAAAAAAAAAAAAAAAAAAAAAA111111111IIIIIIIIIIIIIIIIIIIIIIIIIIIIIII
AAAAAAAAAAAAAAAAAAAAAAAAA111111111IIIIIIIIIIIIIIIIIIIIIIIIIIIIII
AAAAAAAAAAAAAAAAAAAAAAAAAA111111111IIIIIIIIIIIIIIIIIIIIIIIIIIIII
AAAAAAAAAAAAAAAAAAAAAAAAAAA111111111IIIIIIIIIIIIIIIIIIIIIIIIIIII
AAAAAAAAAAAAAAAAAAAAAAAAAAAA111111111IIIIIIIIIIIIIIIIIIIIIIIIIII
AAAAAAAAAAAAAAAAAAAAAAAAAAAAA111111111IIIIIIIIIIIIIIIIIIIIIIIIII
AAAAAAAAAAAAAAAAAAAAAAAAAAAAAA111111111IIIIIIIIIIIIIIIIIIIIIIIII
AAAAAAAAAAAAAAAAAAAAAAAAAAAAAAA111111111IIIIIIIIIIIIIIIIIIIIIIII
AAAAAAAAAAAAAAAAAAAAAAAAAAAAAAAA111111111IIIIIIIIIIIIIIIIIIIIIII
AAAAAAAAAAAAAAAAAAAAAAAAAAAAAAAAA111111111IIIIIIIIIIIIIIIIIIIIII
AAAAAAAAAAAAAAAAAAAAAAAAAAAAAAAAAA111111111IIIIIIIIIIIIIIIIIIIII
AAAAAAAAAAAAAAAAAAAAAAAAAAAAAAAAAAA111111111IIIIIIIIIIIIIIIIIIII
AAAAAAAAAAAAAAAAAAAAAAAAAAAAAAAAAAAA111111111IIIIIIIIIIIIIIIIIII
AAAAAAAAAAAAAAAAAAAAAAAAAAAAAAAAAAAAA111111111IIIIIIIIIIIIIIIIII
AAAAAAAAAAAAAAAAAAAAAAAAAAAAAAAAAAAAAA111111111IIIIIIIIIIIIIIIII
AAAAAAAAAAAAAAAAAAAAAAAAAAAAAAAAAAAAAAA111111111IIIIIIIIIIIIIIII
AAAAAAAAAAAAAAAAAAAAAAAAAAAAAAAAAAAAAAAA111111111IIIIIIIIIIIIIII
AAAAAAAAAAAAAAAAAAAAAAAAAAAAAAAAAAAAAAAAA111111111IIIIIIIIIIIIII
AAAAAAAAAAAAAAAAAAAAAAAAAAAAAAAAAAAAAAAAAA111111111IIIIIIIIIIIII
AAAAAAAAAAAAAAAAAAAAAAAAAAAAAAAAAAAAAAAAAAA111111111IIIIIIIIIIII
AAAAAAAAAAAAAAAAAAAAAAAAAAAAAAAAAAAAAAAAAAAA111111111IIIIIIIIIII
AAAAAAAAAAAAAAAAAAAAAAAAAAAAAAAAAAAAAAAAAAAAA111111111IIIIIIIIII
AAAAAAAAAAAAAAAAAAAAAAAAAAAAAAAAAAAAAAAAAAAAAA111111111IIIIIIIII
AAAAAAAAAAAAAAAAAAAAAAAAAAAAAAAAAAAAAAAAAAAAAAA111111111IIIIIIII
AAAAAAAAAAAAAAAAAAAAAAAAAAAAAAAAAAAAAAAAAAAAAAAA111111111IIIIIII
AAAAAAAAAAAAAAAAAAAAAAAAAAAAAAAAAAAAAAAAAAAAAAAAA111111111IIIIII
AAAAAAAAAAAAAAAAAAAAAAAAAAAAAAAAAAAAAAAAAAAAAAAAAA111111111IIIII
AAAAAAAAAAAAAAAAAAAAAAAAAAAAAAAAAAAAAAAAAAAAAAAAAAA111111111IIII
AAAAAAAAAAAAAAAAAAAAAAAAAAAAAAAAAAAAAAAAAAAAAAAAAAAA111111111III
AAAAAAAAAAAAAAAAAAAAAAAAAAAAAAAAAAAAAAAAAAAAAAAAAAAAA111111111II
AAAAAAAAAAAAAAAAAAAAAAAAAAAAAAAAAAAAAAAAAAAAAAAAAAAAAA111111111I
AAAAAAAAAAAAAAAAAAAAAAAAAAAAAAAAAAAAAAAAAAAAAAAAAAAAAAA111111111
AAAAAAAAAAAAAAAAAAAAAAAAAAAAAAAAAAAAAAAAAAAAAAAAAAAAAAAA11111111
AAAAAAAAAAAAAAAAAAAAAAAAAAAAAAAAAAAAAAAAAAAAAAAAAAAAAAAAA1111111
AAAAAAAAAAAAAAAAAAAAAAAAAAAAAAAAAAAAAAAAAAAAAAAAAAAAAAAAAA111111
AAAAAAAAAAAAAAAAAAAAAAAAAAAAAAAAAAAAAAAAAAAAAAAAAAAAAAAAAAA11111
AAAAAAAAAAAAAAAAAAAAAAAAAAAAAAAAAAAAAAAAAAAAAAAAAAAAAAAAAAAA1111
AAAAAAAAAAAAAAAAAAAAAAAAAAAAAAAAAAAAAAAAAAAAAAAAAAAAAAAAAAAAA111
AAAAAAAAAAAAAAAAAAAAAAAAAAAAAAAAAAAAAAAAAAAAAAAAAAAAAAAAAAAAAA11
AAAAAAAAAAAAAAAAAAAAAAAAAAAAAAAAAAAAAAAAAAAAAAAAAAAAAAAAAAAAAAA1
AAAAAAAAAAAAAAAAAAAAAAAAAAAAAAAAAAAAAAAAAAAAAAAAAAAAAAAAAAAAAAAA
AIIII11IIII1IIIIIIIIIIIIIIIIIIIIIIIIIIIIIIIIIIIIIIIIIIIIIIIIIIII
AAIII111III11IIIIIIIIIIIIIIIIIIIIIIIIIIIIIIIIIIIIIIIIIIIIIIIIIII
AAAII1111II111IIIIIIIIIIIIIIIIIIIIIIIIIIIIIIIIIIIIIIIIIIIIIIIIII
AAAAI11111I111IIIIIIIIIIIIIIIIIIIIIIIIIIIIIIIIIIIIIIIIIIIIIIIIII
AAAAA111111111I1IIIIIIIIIIIIIIIIIIIIIIIIIIIIIIIIIIIIIIIIIIIIIIII
AAAAAA11111111I11IIIIIIIIIIIIIIIIIIIIIIIIIIIIIIIIIIIIIIIIIIIIIII
AAAAAAA1111111I111IIIIIIIIIIIIIIIIIIIIIIIIIIIIIIIIIIIIIIIIIIIIII
AAAAAAAA111111I1111IIIIIIIIIIIIIIIIIIIIIIIIIIIIIIIIIIIIIIIIIIIII
AAAAAAAAA11111111111IIIIIIIIIIIIIIIIIIIIIIIIIIIIIIIIIIIIIIIIIIII
AAAAAAAAAA11111111111IIIIIIIIIIIIIIIIIIIIIIIIIIIIIIIIIIIIIIIIIII
AAAAAAAAAAA11111111111IIIIIIIIIIIIIIIIIIIIIIIIIIIIIIIIIIIIIIIIII
AAAAAAAAAAAA11111111111IIIIIIIIIIIIIIIIIIIIIIIIIIIIIIIIIIIIIIIII
AAAAAAAAAAAAA11111111111IIIIIIIIIIIIIIIIIIIIIIIIIIIIIIIIIIIIIIII
AAAAAAAAAAAAAA11111111111IIIIIIIIIIIIIIIIIIIIIIIIIIIIIIIIIIIIIII
AAAAAAAAAAAAAAA11111111111IIIIIIIIIIIIIIIIIIIIIIIIIIIIIIIIIIIIII
AAAAAAAAAAAAAAAA11111111111IIIIIIIIIIIIIIIIIIIIIIIIIIIIIIIIIIIII
AAAAAAAAAAAAAAAAA11111111111IIIIIIIIIIIIIIIIIIIIIIIIIIIIIIIIIIII
AAAAAAAAAAAAAAAAAA11111111111IIIIIIIIIIIIIIIIIIIIIIIIIIIIIIIIIII
AAAAAAAAAAAAAAAAAAA11111111111IIIIIIIIIIIIIIIIIIIIIIIIIIIIIIIIII
AAAAAAAAAAAAAAAAAAAA11111111111IIIIIIIIIIIIIIIIIIIIIIIIIIIIIIIII
AAAAAAAAAAAAAAAAAAAAA11111111111IIIIIIIIIIIIIIIIIIIIIIIIIIIIIIII
AAAAAAAAAAAAAAAAAAAAAA11111111111IIIIIIIIIIIIIIIIIIIIIIIIIIIIIII
AAAAAAAAAAAAAAAAAAAAAAA11111111111IIIIIIIIIIIIIIIIIIIIIIIIIIIIII
AAAAAAAAAAAAAAAAAAAAAAAA11111111111IIIIIIIIIIIIIIIIIIIIIIIIIIIII
AAAAAAAAAAAAAAAAAAAAAAAAA11111111111IIIIIIIIIIIIIIIIIIIIIIIIIIII
AAAAAAAAAAAAAAAAAAAAAAAAAA11111111111IIIIIIIIIIIIIIIIIIIIIIIIIII
AAAAAAAAAAAAAAAAAAAAAAAAAAA11111111111IIIIIIIIIIIIIIIIIIIIIIIIII
AAAAAAAAAAAAAAAAAAAAAAAAAAAA11111111111IIIIIIIIIIIIIIIIIIIIIIIII
AAAAAAAAAAAAAAAAAAAAAAAAAAAAA11111111111IIIIIIIIIIIIIIIIIIIIIIII
AAAAAAAAAAAAAAAAAAAAAAAAAAAAAA11111111111IIIIIIIIIIIIIIIIIIIIIII
AAAAAAAAAAAAAAAAAAAAAAAAAAAAAAA11111111111IIIIIIIIIIIIIIIIIIIIII
AAAAAAAAAAAAAAAAAAAAAAAAAAAAAAAA11111111111IIIIIIIIIIIIIIIIIIIII
AAAAAAAAAAAAAAAAAAAAAAAAAAAAAAAAA11111111111IIIIIIIIIIIIIIIIIIII
AAAAAAAAAAAAAAAAAAAAAAAAAAAAAAAAAA11111111111IIIIIIIIIIIIIIIIIII
AAAAAAAAAAAAAAAAAAAAAAAAAAAAAAAAAAA11111111111IIIIIIIIIIIIIIIIII
AAAAAAAAAAAAAAAAAAAAAAAAAAAAAAAAAAAA11111111111IIIIIIIIIIIIIIIII
AAAAAAAAAAAAAAAAAAAAAAAAAAAAAAAAAAAAA11111111111IIIIIIIIIIIIIIII
AAAAAAAAAAAAAAAAAAAAAAAAAAAAAAAAAAAAAA11111111111IIIIIIIIIIIIIII
AAAAAAAAAAAAAAAAAAAAAAAAAAAAAAAAAAAAAAA11111111111IIIIIIIIIIIIII
AAAAAAAAAAAAAAAAAAAAAAAAAAAAAAAAAAAAAAAA11111111111IIIIIIIIIIIII
AAAAAAAAAAAAAAAAAAAAAAAAAAAAAAAAAAAAAAAAA11111111111IIIIIIIIIIII
AAAAAAAAAAAAAAAAAAAAAAAAAAAAAAAAAAAAAAAAAA11111111111IIIIIIIIIII
AAAAAAAAAAAAAAAAAAAAAAAAAAAAAAAAAAAAAAAAAAA11111111111IIIIIIIIII
AAAAAAAAAAAAAAAAAAAAAAAAAAAAAAAAAAAAAAAAAAAA11111111111IIIIIIIII
AAAAAAAAAAAAAAAAAAAAAAAAAAAAAAAAAAAAAAAAAAAAA11111111111IIIIIIII
AAAAAAAAAAAAAAAAAAAAAAAAAAAAAAAAAAAAAAAAAAAAAA11111111111IIIIIII
AAAAAAAAAAAAAAAAAAAAAAAAAAAAAAAAAAAAAAAAAAAAAAA11111111111IIIIII
AAAAAAAAAAAAAAAAAAAAAAAAAAAAAAAAAAAAAAAAAAAAAAAA11111111111IIIII
AAAAAAAAAAAAAAAAAAAAAAAAAAAAAAAAAAAAAAAAAAAAAAAAA11111111111IIII
AAAAAAAAAAAAAAAAAAAAAAAAAAAAAAAAAAAAAAAAAAAAAAAAAA11111111111III
AAAAAAAAAAAAAAAAAAAAAAAAAAAAAAAAAAAAAAAAAAAAAAAAAAA11111111111II
AAAAAAAAAAAAAAAAAAAAAAAAAAAAAAAAAAAAAAAAAAAAAAAAAAAA11111111111I
AAAAAAAAAAAAAAAAAAAAAAAAAAAAAAAAAAAAAAAAAAAAAAAAAAAAA11111111111
AAAAAAAAAAAAAAAAAAAAAAAAAAAAAAAAAAAAAAAAAAAAAAAAAAAAAA1111111111
AAAAAAAAAAAAAAAAAAAAAAAAAAAAAAAAAAAAAAAAAAAAAAAAAAAAAAA111111111
AAAAAAAAAAAAAAAAAAAAAAAAAAAAAAAAAAAAAAAAAAAAAAAAAAAAAAAA11111111
AAAAAAAAAAAAAAAAAAAAAAAAAAAAAAAAAAAAAAAAAAAAAAAAAAAAAAAAA1111111
AAAAAAAAAAAAAAAAAAAAAAAAAAAAAAAAAAAAAAAAAAAAAAAAAAAAAAAAAA111111
AAAAAAAAAAAAAAAAAAAAAAAAAAAAAAAAAAAAAAAAAAAAAAAAAAAAAAAAAAA11111
AAAAAAAAAAAAAAAAAAAAAAAAAAAAAAAAAAAAAAAAAAAAAAAAAAAAAAAAAAAA1111
AAAAAAAAAAAAAAAAAAAAAAAAAAAAAAAAAAAAAAAAAAAAAAAAAAAAAAAAAAAAA111
AAAAAAAAAAAAAAAAAAAAAAAAAAAAAAAAAAAAAAAAAAAAAAAAAAAAAAAAAAAAAA11
AAAAAAAAAAAAAAAAAAAAAAAAAAAAAAAAAAAAAAAAAAAAAAAAAAAAAAAAAAAAAAA1
AAAAAAAAAAAAAAAAAAAAAAAAAAAAAAAAAAAAAAAAAAAAAAAAAAAAAAAAAAAAAAAA
AI12IIIIIIIIIIIIIIIIIIIIIIIIIIIIIIIIIIIIIIIIIIIIIIIIIIIIIIIIIIII
AA112IIIIIIIIIIIIIIIIIIIIIIIIIIIIIIIIIIIIIIIIIIIIIIIIIIIIIIIIIII
AAA112IIIIIIIIIIIIIIIIIIIIIIIIIIIIIIIIIIIIIIIIIIIIIIIIIIIIIIIIII
AAAA112IIIIIIIIIIIIIIIIIIIIIIIIIIIIIIIIIIIIIIIIIIIIIIIIIIIIIIIII
AAAAA112IIIIIIIIIIIIIIIIIIIIIIIIIIIIIIIIIIIIIIIIIIIIIIIIIIIIIIII
AAAAAA112IIIIIIIIIIIIIIIIIIIIIIIIIIIIIIIIIIIIIIIIIIIIIIIIIIIIIII
AAAAAAA112IIIIIIIIIIIIIIIIIIIIIIIIIIIIIIIIIIIIIIIIIIIIIIIIIIIIII
AAAAAAAA112IIIIIIIIIIIIIIIIIIIIIIIIIIIIIIIIIIIIIIIIIIIIIIIIIIIII
AAAAAAAAA112IIIIIIIIIIIIIIIIIIIIIIIIIIIIIIIIIIIIIIIIIIIIIIIIIIII
AAAAAAAAAA112IIIIIIIIIIIIIIIIIIIIIIIIIIIIIIIIIIIIIIIIIIIIIIIIIII
AAAAAAAAAAA112IIIIIIIIIIIIIIIIIIIIIIIIIIIIIIIIIIIIIIIIIIIIIIIIII
AAAAAAAAAAAA112IIIIIIIIIIIIIIIIIIIIIIIIIIIIIIIIIIIIIIIIIIIIIIIII
AAAAAAAAAAAAA112IIIIIIIIIIIIIIIIIIIIIIIIIIIIIIIIIIIIIIIIIIIIIIII
AAAAAAAAAAAAAA112IIIIIIIIIIIIIIIIIIIIIIIIIIIIIIIIIIIIIIIIIIIIIII
AAAAAAAAAAAAAAA112IIIIIIIIIIIIIIIIIIIIIIIIIIIIIIIIIIIIIIIIIIIIII
AAAAAAAAAAAAAAAA112IIIIIIIIIIIIIIIIIIIIIIIIIIIIIIIIIIIIIIIIIIIII
AAAAAAAAAAAAAAAAA112IIIIIIIIIIIIIIIIIIIIIIIIIIIIIIIIIIIIIIIIIIII
AAAAAAAAAAAAAAAAAA112IIIIIIIIIIIIIIIIIIIIIIIIIIIIIIIIIIIIIIIIIII
AAAAAAAAAAAAAAAAAAA112IIIIIIIIIIIIIIIIIIIIIIIIIIIIIIIIIIIIIIIIII
AAAAAAAAAAAAAAAAAAAA112IIIIIIIIIIIIIIIIIIIIIIIIIIIIIIIIIIIIIIIII
AAAAAAAAAAAAAAAAAAAAA112IIIIIIIIIIIIIIIIIIIIIIIIIIIIIIIIIIIIIIII
AAAAAAAAAAAAAAAAAAAAAA112IIIIIIIIIIIIIIIIIIIIIIIIIIIIIIIIIIIIIII
AAAAAAAAAAAAAAAAAAAAAAA112IIIIIIIIIIIIIIIIIIIIIIIIIIIIIIIIIIIIII
AAAAAAAAAAAAAAAAAAAAAAAA112IIIIIIIIIIIIIIIIIIIIIIIIIIIIIIIIIIIII
AAAAAAAAAAAAAAAAAAAAAAAAA112IIIIIIIIIIIIIIIIIIIIIIIIIIIIIIIIIIII
AAAAAAAAAAAAAAAAAAAAAAAAAA112IIIIIIIIIIIIIIIIIIIIIIIIIIIIIIIIIII
AAAAAAAAAAAAAAAAAAAAAAAAAAA112IIIIIIIIIIIIIIIIIIIIIIIIIIIIIIIIII
AAAAAAAAAAAAAAAAAAAAAAAAAAAA112IIIIIIIIIIIIIIIIIIIIIIIIIIIIIIIII
AAAAAAAAAAAAAAAAAAAAAAAAAAAAA112IIIIIIIIIIIIIIIIIIIIIIIIIIIIIIII
AAAAAAAAAAAAAAAAAAAAAAAAAAAAAA112IIIIIIIIIIIIIIIIIIIIIIIIIIIIIII
AAAAAAAAAAAAAAAAAAAAAAAAAAAAAAA112IIIIIIIIIIIIIIIIIIIIIIIIIIIIII
AAAAAAAAAAAAAAAAAAAAAAAAAAAAAAAA112IIIIIIIIIIIIIIIIIIIIIIIIIIIII
AAAAAAAAAAAAAAAAAAAAAAAAAAAAAAAAA112IIIIIIIIIIIIIIIIIIIIIIIIIIII
AAAAAAAAAAAAAAAAAAAAAAAAAAAAAAAAAA112IIIIIIIIIIIIIIIIIIIIIIIIIII
AAAAAAAAAAAAAAAAAAAAAAAAAAAAAAAAAAA112IIIIIIIIIIIIIIIIIIIIIIIIII
AAAAAAAAAAAAAAAAAAAAAAAAAAAAAAAAAAAA112IIIIIIIIIIIIIIIIIIIIIIIII
AAAAAAAAAAAAAAAAAAAAAAAAAAAAAAAAAAAAA112IIIIIIIIIIIIIIIIIIIIIIII
AAAAAAAAAAAAAAAAAAAAAAAAAAAAAAAAAAAAAA112IIIIIIIIIIIIIIIIIIIIIII
AAAAAAAAAAAAAAAAAAAAAAAAAAAAAAAAAAAAAAA112IIIIIIIIIIIIIIIIIIIIII
AAAAAAAAAAAAAAAAAAAAAAAAAAAAAAAAAAAAAAAA112IIIIIIIIIIIIIIIIIIIII
AAAAAAAAAAAAAAAAAAAAAAAAAAAAAAAAAAAAAAAAA112IIIIIIIIIIIIIIIIIIII
AAAAAAAAAAAAAAAAAAAAAAAAAAAAAAAAAAAAAAAAAA112IIIIIIIIIIIIIIIIIII
AAAAAAAAAAAAAAAAAAAAAAAAAAAAAAAAAAAAAAAAAAA112IIIIIIIIIIIIIIIIII
AAAAAAAAAAAAAAAAAAAAAAAAAAAAAAAAAAAAAAAAAAAA112IIIIIIIIIIIIIIIII
AAAAAAAAAAAAAAAAAAAAAAAAAAAAAAAAAAAAAAAAAAAAA112IIIIIIIIIIIIIIII
AAAAAAAAAAAAAAAAAAAAAAAAAAAAAAAAAAAAAAAAAAAAAA112IIIIIIIIIIIIIII
AAAAAAAAAAAAAAAAAAAAAAAAAAAAAAAAAAAAAAAAAAAAAAA112IIIIIIIIIIIIII
AAAAAAAAAAAAAAAAAAAAAAAAAAAAAAAAAAAAAAAAAAAAAAAA112IIIIIIIIIIIII
AAAAAAAAAAAAAAAAAAAAAAAAAAAAAAAAAAAAAAAAAAAAAAAAA112IIIIIIIIIIII
AAAAAAAAAAAAAAAAAAAAAAAAAAAAAAAAAAAAAAAAAAAAAAAAAA112IIIIIIIIIII
AAAAAAAAAAAAAAAAAAAAAAAAAAAAAAAAAAAAAAAAAAAAAAAAAAA112IIIIIIIIII
AAAAAAAAAAAAAAAAAAAAAAAAAAAAAAAAAAAAAAAAAAAAAAAAAAAA112IIIIIIIII
AAAAAAAAAAAAAAAAAAAAAAAAAAAAAAAAAAAAAAAAAAAAAAAAAAAAA112IIIIIIII
AAAAAAAAAAAAAAAAAAAAAAAAAAAAAAAAAAAAAAAAAAAAAAAAAAAAAA112IIIIIII
AAAAAAAAAAAAAAAAAAAAAAAAAAAAAAAAAAAAAAAAAAAAAAAAAAAAAAA112IIIIII
AAAAAAAAAAAAAAAAAAAAAAAAAAAAAAAAAAAAAAAAAAAAAAAAAAAAAAAA112IIIII
AAAAAAAAAAAAAAAAAAAAAAAAAAAAAAAAAAAAAAAAAAAAAAAAAAAAAAAAA112IIII
AAAAAAAAAAAAAAAAAAAAAAAAAAAAAAAAAAAAAAAAAAAAAAAAAAAAAAAAAA112III
AAAAAAAAAAAAAAAAAAAAAAAAAAAAAAAAAAAAAAAAAAAAAAAAAAAAAAAAAAA112II
AAAAAAAAAAAAAAAAAAAAAAAAAAAAAAAAAAAAAAAAAAAAAAAAAAAAAAAAAAAA112I
AAAAAAAAAAAAAAAAAAAAAAAAAAAAAAAAAAAAAAAAAAAAAAAAAAAAAAAAAAAAA112
AAAAAAAAAAAAAAAAAAAAAAAAAAAAAAAAAAAAAAAAAAAAAAAAAAAAAAAAAAAAAA11
AAAAAAAAAAAAAAAAAAAAAAAAAAAAAAAAAAAAAAAAAAAAAAAAAAAAAAAAAAAAAAA1
AAAAAAAAAAAAAAAAAAAAAAAAAAAAAAAAAAAAAAAAAAAAAAAAAAAAAAAAAAAAAAAA
AIIII111III1IIIIIIIIIIIIIIIIIIIIIIIIIIIIIIIIIIIIIIIIIIIIIIIIIIII
AAIII1111II11IIIIIIIIIIIIIIIIIIIIIIIIIIIIIIIIIIIIIIIIIIIIIIIIIII
AAAII11111I111IIIIIIIIIIIIIIIIIIIIIIIIIIIIIIIIIIIIIIIIIIIIIIIIII
AAAAI11111I111IIIIIIIIIIIIIIIIIIIIIIIIIIIIIIIIIIIIIIIIIIIIIIIIII
AAAAA111111111I1IIIIIIIIIIIIIIIIIIIIIIIIIIIIIIIIIIIIIIIIIIIIIIII
AAAAAA11111111I11IIIIIIIIIIIIIIIIIIIIIIIIIIIIIIIIIIIIIIIIIIIIIII
AAAAAAA1111111I111IIIIIIIIIIIIIIIIIIIIIIIIIIIIIIIIIIIIIIIIIIIIII
AAAAAAAA11111111111IIIIIIIIIIIIIIIIIIIIIIIIIIIIIIIIIIIIIIIIIIIII
AAAAAAAAA11111111111IIIIIIIIIIIIIIIIIIIIIIIIIIIIIIIIIIIIIIIIIIII
AAAAAAAAAA11111111111IIIIIIIIIIIIIIIIIIIIIIIIIIIIIIIIIIIIIIIIIII
AAAAAAAAAAA11111111111IIIIIIIIIIIIIIIIIIIIIIIIIIIIIIIIIIIIIIIIII
AAAAAAAAAAAA11111111111IIIIIIIIIIIIIIIIIIIIIIIIIIIIIIIIIIIIIIIII
AAAAAAAAAAAAA11111111111IIIIIIIIIIIIIIIIIIIIIIIIIIIIIIIIIIIIIIII
AAAAAAAAAAAAAA11111111111IIIIIIIIIIIIIIIIIIIIIIIIIIIIIIIIIIIIIII
AAAAAAAAAAAAAAA11111111111IIIIIIIIIIIIIIIIIIIIIIIIIIIIIIIIIIIIII
AAAAAAAAAAAAAAAA11111111111IIIIIIIIIIIIIIIIIIIIIIIIIIIIIIIIIIIII
AAAAAAAAAAAAAAAAA11111111111IIIIIIIIIIIIIIIIIIIIIIIIIIIIIIIIIIII
AAAAAAAAAAAAAAAAAA11111111111IIIIIIIIIIIIIIIIIIIIIIIIIIIIIIIIIII
AAAAAAAAAAAAAAAAAAA11111111111IIIIIIIIIIIIIIIIIIIIIIIIIIIIIIIIII
AAAAAAAAAAAAAAAAAAAA11111111111IIIIIIIIIIIIIIIIIIIIIIIIIIIIIIIII
AAAAAAAAAAAAAAAAAAAAA11111111111IIIIIIIIIIIIIIIIIIIIIIIIIIIIIIII
AAAAAAAAAAAAAAAAAAAAAA11111111111IIIIIIIIIIIIIIIIIIIIIIIIIIIIIII
AAAAAAAAAAAAAAAAAAAAAAA11111111111IIIIIIIIIIIIIIIIIIIIIIIIIIIIII
AAAAAAAAAAAAAAAAAAAAAAAA11111111111IIIIIIIIIIIIIIIIIIIIIIIIIIIII
AAAAAAAAAAAAAAAAAAAAAAAAA11111111111IIIIIIIIIIIIIIIIIIIIIIIIIIII
AAAAAAAAAAAAAAAAAAAAAAAAAA11111111111IIIIIIIIIIIIIIIIIIIIIIIIIII
AAAAAAAAAAAAAAAAAAAAAAAAAAA11111111111IIIIIIIIIIIIIIIIIIIIIIIIII
AAAAAAAAAAAAAAAAAAAAAAAAAAAA11111111111IIIIIIIIIIIIIIIIIIIIIIIII
AAAAAAAAAAAAAAAAAAAAAAAAAAAAA11111111111IIIIIIIIIIIIIIIIIIIIIIII
AAAAAAAAAAAAAAAAAAAAAAAAAAAAAA11111111111IIIIIIIIIIIIIIIIIIIIIII
AAAAAAAAAAAAAAAAAAAAAAAAAAAAAAA11111111111IIIIIIIIIIIIIIIIIIIIII
AAAAAAAAAAAAAAAAAAAAAAAAAAAAAAAA11111111111IIIIIIIIIIIIIIIIIIIII
AAAAAAAAAAAAAAAAAAAAAAAAAAAAAAAAA11111111111IIIIIIIIIIIIIIIIIIII
AAAAAAAAAAAAAAAAAAAAAAAAAAAAAAAAAA11111111111IIIIIIIIIIIIIIIIIII
AAAAAAAAAAAAAAAAAAAAAAAAAAAAAAAAAAA11111111111IIIIIIIIIIIIIIIIII
AAAAAAAAAAAAAAAAAAAAAAAAAAAAAAAAAAAA11111111111IIIIIIIIIIIIIIIII
AAAAAAAAAAAAAAAAAAAAAAAAAAAAAAAAAAAAA11111111111IIIIIIIIIIIIIIII
AAAAAAAAAAAAAAAAAAAAAAAAAAAAAAAAAAAAAA11111111111IIIIIIIIIIIIIII
AAAAAAAAAAAAAAAAAAAAAAAAAAAAAAAAAAAAAAA11111111111IIIIIIIIIIIIII
AAAAAAAAAAAAAAAAAAAAAAAAAAAAAAAAAAAAAAAA11111111111IIIIIIIIIIIII
AAAAAAAAAAAAAAAAAAAAAAAAAAAAAAAAAAAAAAAAA11111111111IIIIIIIIIIII
AAAAAAAAAAAAAAAAAAAAAAAAAAAAAAAAAAAAAAAAAA11111111111IIIIIIIIIII
AAAAAAAAAAAAAAAAAAAAAAAAAAAAAAAAAAAAAAAAAAA11111111111IIIIIIIIII
AAAAAAAAAAAAAAAAAAAAAAAAAAAAAAAAAAAAAAAAAAAA11111111111IIIIIIIII
AAAAAAAAAAAAAAAAAAAAAAAAAAAAAAAAAAAAAAAAAAAAA11111111111IIIIIIII
AAAAAAAAAAAAAAAAAAAAAAAAAAAAAAAAAAAAAAAAAAAAAA11111111111IIIIIII
AAAAAAAAAAAAAAAAAAAAAAAAAAAAAAAAAAAAAAAAAAAAAAA11111111111IIIIII
AAAAAAAAAAAAAAAAAAAAAAAAAAAAAAAAAAAAAAAAAAAAAAAA11111111111IIIII
AAAAAAAAAAAAAAAAAAAAAAAAAAAAAAAAAAAAAAAAAAAAAAAAA11111111111IIII
AAAAAAAAAAAAAAAAAAAAAAAAAAAAAAAAAAAAAAAAAAAAAAAAAA11111111111III
AAAAAAAAAAAAAAAAAAAAAAAAAAAAAAAAAAAAAAAAAAAAAAAAAAA11111111111II
AAAAAAAAAAAAAAAAAAAAAAAAAAAAAAAAAAAAAAAAAAAAAAAAAAAA11111111111I
AAAAAAAAAAAAAAAAAAAAAAAAAAAAAAAAAAAAAAAAAAAAAAAAAAAAA11111111111
AAAAAAAAAAAAAAAAAAAAAAAAAAAAAAAAAAAAAAAAAAAAAAAAAAAAAA1111111111
AAAAAAAAAAAAAAAAAAAAAAAAAAAAAAAAAAAAAAAAAAAAAAAAAAAAAAA111111111
AAAAAAAAAAAAAAAAAAAAAAAAAAAAAAAAAAAAAAAAAAAAAAAAAAAAAAAA11111111
AAAAAAAAAAAAAAAAAAAAAAAAAAAAAAAAAAAAAAAAAAAAAAAAAAAAAAAAA1111111
AAAAAAAAAAAAAAAAAAAAAAAAAAAAAAAAAAAAAAAAAAAAAAAAAAAAAAAAAA111111
AAAAAAAAAAAAAAAAAAAAAAAAAAAAAAAAAAAAAAAAAAAAAAAAAAAAAAAAAAA11111
AAAAAAAAAAAAAAAAAAAAAAAAAAAAAAAAAAAAAAAAAAAAAAAAAAAAAAAAAAAA1111
AAAAAAAAAAAAAAAAAAAAAAAAAAAAAAAAAAAAAAAAAAAAAAAAAAAAAAAAAAAAA111
AAAAAAAAAAAAAAAAAAAAAAAAAAAAAAAAAAAAAAAAAAAAAAAAAAAAAAAAAAAAAA11
AAAAAAAAAAAAAAAAAAAAAAAAAAAAAAAAAAAAAAAAAAAAAAAAAAAAAAAAAAAAAAA1
AAAAAAAAAAAAAAAAAAAAAAAAAAAAAAAAAAAAAAAAAAAAAAAAAAAAAAAAAAAAAAAA
AI1II1111II11IIIIIIIIIIIIIIIIIIIIIIIIIIIIIIIIIIIIIIIIIIIIIIIIIII
AA11I1111II11IIIIIIIIIIIIIIIIIIIIIIIIIIIIIIIIIIIIIIIIIIIIIIIIIII
AAA1I1111II11IIIIIIIIIIIIIIIIIIIIIIIIIIIIIIIIIIIIIIIIIIIIIIIIIII
AAAAI1111II11IIIIIIIIIIIIIIIIIIIIIIIIIIIIIIIIIIIIIIIIIIIIIIIIIII
AAAA11111111111IIIIIIIIIIIIIIIIIIIIIIIIIIIIIIIIIIIIIIIIIIIIIIIII
AAAAA111111111111IIIIIIIIIIIIIIIIIIIIIIIIIIIIIIIIIIIIIIIIIIIIIII
AAAAAA111111111111IIIIIIIIIIIIIIIIIIIIIIIIIIIIIIIIIIIIIIIIIIIIII
AAAAAAA111111111111IIIIIIIIIIIIIIIIIIIIIIIIIIIIIIIIIIIIIIIIIIIII
AAAAAAAA111111111111IIIIIIIIIIIIIIIIIIIIIIIIIIIIIIIIIIIIIIIIIIII
AAAAAAAAA111111111111IIIIIIIIIIIIIIIIIIIIIIIIIIIIIIIIIIIIIIIIIII
AAAAAAAAAA111111111111IIIIIIIIIIIIIIIIIIIIIIIIIIIIIIIIIIIIIIIIII
AAAAAAAAAAA111111111111IIIIIIIIIIIIIIIIIIIIIIIIIIIIIIIIIIIIIIIII
AAAAAAAAAAAA111111111111IIIIIIIIIIIIIIIIIIIIIIIIIIIIIIIIIIIIIIII
AAAAAAAAAAAAA111111111111IIIIIIIIIIIIIIIIIIIIIIIIIIIIIIIIIIIIIII
AAAAAAAAAAAAAA111111111111IIIIIIIIIIIIIIIIIIIIIIIIIIIIIIIIIIIIII
AAAAAAAAAAAAAAA111111111111IIIIIIIIIIIIIIIIIIIIIIIIIIIIIIIIIIIII
AAAAAAAAAAAAAAAA111111111111IIIIIIIIIIIIIIIIIIIIIIIIIIIIIIIIIIII
AAAAAAAAAAAAAAAAA111111111111IIIIIIIIIIIIIIIIIIIIIIIIIIIIIIIIIII
AAAAAAAAAAAAAAAAAA111111111111IIIIIIIIIIIIIIIIIIIIIIIIIIIIIIIIII
AAAAAAAAAAAAAAAAAAA111111111111IIIIIIIIIIIIIIIIIIIIIIIIIIIIIIIII
AAAAAAAAAAAAAAAAAAAA111111111111IIIIIIIIIIIIIIIIIIIIIIIIIIIIIIII
AAAAAAAAAAAAAAAAAAAAA111111111111IIIIIIIIIIIIIIIIIIIIIIIIIIIIIII
AAAAAAAAAAAAAAAAAAAAAA111111111111IIIIIIIIIIIIIIIIIIIIIIIIIIIIII
AAAAAAAAAAAAAAAAAAAAAAA111111111111IIIIIIIIIIIIIIIIIIIIIIIIIIIII
AAAAAAAAAAAAAAAAAAAAAAAA111111111111IIIIIIIIIIIIIIIIIIIIIIIIIIII
AAAAAAAAAAAAAAAAAAAAAAAAA111111111111IIIIIIIIIIIIIIIIIIIIIIIIIII
AAAAAAAAAAAAAAAAAAAAAAAAAA111111111111IIIIIIIIIIIIIIIIIIIIIIIIII
AAAAAAAAAAAAAAAAAAAAAAAAAAA111111111111IIIIIIIIIIIIIIIIIIIIIIIII
AAAAAAAAAAAAAAAAAAAAAAAAAAAA111111111111IIIIIIIIIIIIIIIIIIIIIIII
AAAAAAAAAAAAAAAAAAAAAAAAAAAAA111111111111IIIIIIIIIIIIIIIIIIIIIII
AAAAAAAAAAAAAAAAAAAAAAAAAAAAAA111111111111IIIIIIIIIIIIIIIIIIIIII
AAAAAAAAAAAAAAAAAAAAAAAAAAAAAAA111111111111IIIIIIIIIIIIIIIIIIIII
AAAAAAAAAAAAAAAAAAAAAAAAAAAAAAAA111111111111IIIIIIIIIIIIIIIIIIII
AAAAAAAAAAAAAAAAAAAAAAAAAAAAAAAAA111111111111IIIIIIIIIIIIIIIIIII
AAAAAAAAAAAAAAAAAAAAAAAAAAAAAAAAAA111111111111IIIIIIIIIIIIIIIIII
AAAAAAAAAAAAAAAAAAAAAAAAAAAAAAAAAAA111111111111IIIIIIIIIIIIIIIII
AAAAAAAAAAAAAAAAAAAAAAAAAAAAAAAAAAAA111111111111IIIIIIIIIIIIIIII
AAAAAAAAAAAAAAAAAAAAAAAAAAAAAAAAAAAAA111111111111IIIIIIIIIIIIIII
AAAAAAAAAAAAAAAAAAAAAAAAAAAAAAAAAAAAAA111111111111IIIIIIIIIIIIII
AAAAAAAAAAAAAAAAAAAAAAAAAAAAAAAAAAAAAAA111111111111IIIIIIIIIIIII
AAAAAAAAAAAAAAAAAAAAAAAAAAAAAAAAAAAAAAAA111111111111IIIIIIIIIIII
AAAAAAAAAAAAAAAAAAAAAAAAAAAAAAAAAAAAAAAAA111111111111IIIIIIIIIII
AAAAAAAAAAAAAAAAAAAAAAAAAAAAAAAAAAAAAAAAAA111111111111IIIIIIIIII
AAAAAAAAAAAAAAAAAAAAAAAAAAAAAAAAAAAAAAAAAAA111111111111IIIIIIIII
AAAAAAAAAAAAAAAAAAAAAAAAAAAAAAAAAAAAAAAAAAAA111111111111IIIIIIII
AAAAAAAAAAAAAAAAAAAAAAAAAAAAAAAAAAAAAAAAAAAAA111111111111IIIIIII
AAAAAAAAAAAAAAAAAAAAAAAAAAAAAAAAAAAAAAAAAAAAAA111111111111IIIIII
AAAAAAAAAAAAAAAAAAAAAAAAAAAAAAAAAAAAAAAAAAAAAAA111111111111IIIII
AAAAAAAAAAAAAAAAAAAAAAAAAAAAAAAAAAAAAAAAAAAAAAAA111111111111IIII
AAAAAAAAAAAAAAAAAAAAAAAAAAAAAAAAAAAAAAAAAAAAAAAAA111111111111III
AAAAAAAAAAAAAAAAAAAAAAAAAAAAAAAAAAAAAAAAAAAAAAAAAA111111111111II
AAAAAAAAAAAAAAAAAAAAAAAAAAAAAAAAAAAAAAAAAAAAAAAAAAA111111111111I
AAAAAAAAAAAAAAAAAAAAAAAAAAAAAAAAAAAAAAAAAAAAAAAAAAAA111111111111
AAAAAAAAAAAAAAAAAAAAAAAAAAAAAAAAAAAAAAAAAAAAAAAAAAAAA11111111111
AAAAAAAAAAAAAAAAAAAAAAAAAAAAAAAAAAAAAAAAAAAAAAAAAAAAAA1111111111
AAAAAAAAAAAAAAAAAAAAAAAAAAAAAAAAAAAAAAAAAAAAAAAAAAAAAAA111111111
AAAAAAAAAAAAAAAAAAAAAAAAAAAAAAAAAAAAAAAAAAAAAAAAAAAAAAAA11111111
AAAAAAAAAAAAAAAAAAAAAAAAAAAAAAAAAAAAAAAAAAAAAAAAAAAAAAAAA1111111
AAAAAAAAAAAAAAAAAAAAAAAAAAAAAAAAAAAAAAAAAAAAAAAAAAAAAAAAAA111111
AAAAAAAAAAAAAAAAAAAAAAAAAAAAAAAAAAAAAAAAAAAAAAAAAAAAAAAAAAA11111
AAAAAAAAAAAAAAAAAAAAAAAAAAAAAAAAAAAAAAAAAAAAAAAAAAAAAAAAAAAA1111
AAAAAAAAAAAAAAAAAAAAAAAAAAAAAAAAAAAAAAAAAAAAAAAAAAAAAAAAAAAAA111
AAAAAAAAAAAAAAAAAAAAAAAAAAAAAAAAAAAAAAAAAAAAAAAAAAAAAAAAAAAAAA11
AAAAAAAAAAAAAAAAAAAAAAAAAAAAAAAAAAAAAAAAAAAAAAAAAAAAAAAAAAAAAAA1
AAAAAAAAAAAAAAAAAAAAAAAAAAAAAAAAAAAAAAAAAAAAAAAAAAAAAAAAAAAAAAAA
AI1II1111II1IIIIIIIIIIIIIIIIIIIIIIIIIIIIIIIIIIIIIIIIIIIIIIIIIIII
AA11I11111I1IIIIIIIIIIIIIIIIIIIIIIIIIIIIIIIIIIIIIIIIIIIIIIIIIIII
AAA1I11111I1IIIIIIIIIIIIIIIIIIIIIIIIIIIIIIIIIIIIIIIIIIIIIIIIIIII
AAAAI11111I1IIIIIIIIIIIIIIIIIIIIIIIIIIIIIIIIIIIIIIIIIIIIIIIIIIII
AAAA11111111I1IIIIIIIIIIIIIIIIIIIIIIIIIIIIIIIIIIIIIIIIIIIIIIIIII
AAAAA111111111I1IIIIIIIIIIIIIIIIIIIIIIIIIIIIIIIIIIIIIIIIIIIIIIII
AAAAAA11111111I11IIIIIIIIIIIIIIIIIIIIIIIIIIIIIIIIIIIIIIIIIIIIIII
AAAAAAA11111111111IIIIIIIIIIIIIIIIIIIIIIIIIIIIIIIIIIIIIIIIIIIIII
AAAAAAAA11111111111IIIIIIIIIIIIIIIIIIIIIIIIIIIIIIIIIIIIIIIIIIIII
AAAAAAAAA11111111111IIIIIIIIIIIIIIIIIIIIIIIIIIIIIIIIIIIIIIIIIIII
AAAAAAAAAA11111111111IIIIIIIIIIIIIIIIIIIIIIIIIIIIIIIIIIIIIIIIIII
AAAAAAAAAAA11111111111IIIIIIIIIIIIIIIIIIIIIIIIIIIIIIIIIIIIIIIIII
AAAAAAAAAAAA11111111111IIIIIIIIIIIIIIIIIIIIIIIIIIIIIIIIIIIIIIIII
AAAAAAAAAAAAA11111111111IIIIIIIIIIIIIIIIIIIIIIIIIIIIIIIIIIIIIIII
AAAAAAAAAAAAAA11111111111IIIIIIIIIIIIIIIIIIIIIIIIIIIIIIIIIIIIIII
AAAAAAAAAAAAAAA11111111111IIIIIIIIIIIIIIIIIIIIIIIIIIIIIIIIIIIIII
AAAAAAAAAAAAAAAA11111111111IIIIIIIIIIIIIIIIIIIIIIIIIIIIIIIIIIIII
AAAAAAAAAAAAAAAAA11111111111IIIIIIIIIIIIIIIIIIIIIIIIIIIIIIIIIIII
AAAAAAAAAAAAAAAAAA11111111111IIIIIIIIIIIIIIIIIIIIIIIIIIIIIIIIIII
AAAAAAAAAAAAAAAAAAA11111111111IIIIIIIIIIIIIIIIIIIIIIIIIIIIIIIIII
AAAAAAAAAAAAAAAAAAAA11111111111IIIIIIIIIIIIIIIIIIIIIIIIIIIIIIIII
AAAAAAAAAAAAAAAAAAAAA11111111111IIIIIIIIIIIIIIIIIIIIIIIIIIIIIIII
AAAAAAAAAAAAAAAAAAAAAA11111111111IIIIIIIIIIIIIIIIIIIIIIIIIIIIIII
AAAAAAAAAAAAAAAAAAAAAAA11111111111IIIIIIIIIIIIIIIIIIIIIIIIIIIIII
AAAAAAAAAAAAAAAAAAAAAAAA11111111111IIIIIIIIIIIIIIIIIIIIIIIIIIIII
AAAAAAAAAAAAAAAAAAAAAAAAA11111111111IIIIIIIIIIIIIIIIIIIIIIIIIIII
AAAAAAAAAAAAAAAAAAAAAAAAAA11111111111IIIIIIIIIIIIIIIIIIIIIIIIIII
AAAAAAAAAAAAAAAAAAAAAAAAAAA11111111111IIIIIIIIIIIIIIIIIIIIIIIIII
AAAAAAAAAAAAAAAAAAAAAAAAAAAA11111111111IIIIIIIIIIIIIIIIIIIIIIIII
AAAAAAAAAAAAAAAAAAAAAAAAAAAAA11111111111IIIIIIIIIIIIIIIIIIIIIIII
AAAAAAAAAAAAAAAAAAAAAAAAAAAAAA11111111111IIIIIIIIIIIIIIIIIIIIIII
AAAAAAAAAAAAAAAAAAAAAAAAAAAAAAA11111111111IIIIIIIIIIIIIIIIIIIIII
AAAAAAAAAAAAAAAAAAAAAAAAAAAAAAAA11111111111IIIIIIIIIIIIIIIIIIIII
AAAAAAAAAAAAAAAAAAAAAAAAAAAAAAAAA11111111111IIIIIIIIIIIIIIIIIIII
AAAAAAAAAAAAAAAAAAAAAAAAAAAAAAAAAA11111111111IIIIIIIIIIIIIIIIIII
AAAAAAAAAAAAAAAAAAAAAAAAAAAAAAAAAAA11111111111IIIIIIIIIIIIIIIIII
AAAAAAAAAAAAAAAAAAAAAAAAAAAAAAAAAAAA11111111111IIIIIIIIIIIIIIIII
AAAAAAAAAAAAAAAAAAAAAAAAAAAAAAAAAAAAA11111111111IIIIIIIIIIIIIIII
AAAAAAAAAAAAAAAAAAAAAAAAAAAAAAAAAAAAAA11111111111IIIIIIIIIIIIIII
AAAAAAAAAAAAAAAAAAAAAAAAAAAAAAAAAAAAAAA11111111111IIIIIIIIIIIIII
AAAAAAAAAAAAAAAAAAAAAAAAAAAAAAAAAAAAAAAA11111111111IIIIIIIIIIIII
AAAAAAAAAAAAAAAAAAAAAAAAAAAAAAAAAAAAAAAAA11111111111IIIIIIIIIIII
AAAAAAAAAAAAAAAAAAAAAAAAAAAAAAAAAAAAAAAAAA11111111111IIIIIIIIIII
AAAAAAAAAAAAAAAAAAAAAAAAAAAAAAAAAAAAAAAAAAA11111111111IIIIIIIIII
AAAAAAAAAAAAAAAAAAAAAAAAAAAAAAAAAAAAAAAAAAAA11111111111IIIIIIIII
AAAAAAAAAAAAAAAAAAAAAAAAAAAAAAAAAAAAAAAAAAAAA11111111111IIIIIIII
AAAAAAAAAAAAAAAAAAAAAAAAAAAAAAAAAAAAAAAAAAAAAA11111111111IIIIIII
AAAAAAAAAAAAAAAAAAAAAAAAAAAAAAAAAAAAAAAAAAAAAAA11111111111IIIIII
AAAAAAAAAAAAAAAAAAAAAAAAAAAAAAAAAAAAAAAAAAAAAAAA11111111111IIIII
AAAAAAAAAAAAAAAAAAAAAAAAAAAAAAAAAAAAAAAAAAAAAAAAA11111111111IIII
AAAAAAAAAAAAAAAAAAAAAAAAAAAAAAAAAAAAAAAAAAAAAAAAAA11111111111III
AAAAAAAAAAAAAAAAAAAAAAAAAAAAAAAAAAAAAAAAAAAAAAAAAAA11111111111II
AAAAAAAAAAAAAAAAAAAAAAAAAAAAAAAAAAAAAAAAAAAAAAAAAAAA11111111111I
AAAAAAAAAAAAAAAAAAAAAAAAAAAAAAAAAAAAAAAAAAAAAAAAAAAAA11111111111
AAAAAAAAAAAAAAAAAAAAAAAAAAAAAAAAAAAAAAAAAAAAAAAAAAAAAA1111111111
AAAAAAAAAAAAAAAAAAAAAAAAAAAAAAAAAAAAAAAAAAAAAAAAAAAAAAA111111111
AAAAAAAAAAAAAAAAAAAAAAAAAAAAAAAAAAAAAAAAAAAAAAAAAAAAAAAA11111111
AAAAAAAAAAAAAAAAAAAAAAAAAAAAAAAAAAAAAAAAAAAAAAAAAAAAAAAAA1111111
AAAAAAAAAAAAAAAAAAAAAAAAAAAAAAAAAAAAAAAAAAAAAAAAAAAAAAAAAA111111
AAAAAAAAAAAAAAAAAAAAAAAAAAAAAAAAAAAAAAAAAAAAAAAAAAAAAAAAAAA11111
AAAAAAAAAAAAAAAAAAAAAAAAAAAAAAAAAAAAAAAAAAAAAAAAAAAAAAAAAAAA1111
AAAAAAAAAAAAAAAAAAAAAAAAAAAAAAAAAAAAAAAAAAAAAAAAAAAAAAAAAAAAA111
AAAAAAAAAAAAAAAAAAAAAAAAAAAAAAAAAAAAAAAAAAAAAAAAAAAAAAAAAAAAAA11
AAAAAAAAAAAAAAAAAAAAAAAAAAAAAAAAAAAAAAAAAAAAAAAAAAAAAAAAAAAAAAA1
AAAAAAAAAAAAAAAAAAAAAAAAAAAAAAAAAAAAAAAAAAAAAAAAAAAAAAAAAAAAAAAA
AIIII11IIII1IIIIIIIIIIIIIIIIIIIIIIIIIIIIIIIIIIIIIIIIIIIIIIIIIIII
AAIII111III11IIIIIIIIIIIIIIIIIIIIIIIIIIIIIIIIIIIIIIIIIIIIIIIIIII
AAAII1111II111IIIIIIIIIIIIIIIIIIIIIIIIIIIIIIIIIIIIIIIIIIIIIIIIII
AAAAI11111I111IIIIIIIIIIIIIIIIIIIIIIIIIIIIIIIIIIIIIIIIIIIIIIIIII
AAAAA111111111I1IIIIIIIIIIIIIIIIIIIIIIIIIIIIIIIIIIIIIIIIIIIIIIII
AAAAAA11111111I11IIIIIIIIIIIIIIIIIIIIIIIIIIIIIIIIIIIIIIIIIIIIIII
AAAAAAA1111111I111IIIIIIIIIIIIIIIIIIIIIIIIIIIIIIIIIIIIIIIIIIIIII
AAAAAAAA111111I1111IIIIIIIIIIIIIIIIIIIIIIIIIIIIIIIIIIIIIIIIIIIII
AAAAAAAAA11111111111IIIIIIIIIIIIIIIIIIIIIIIIIIIIIIIIIIIIIIIIIIII
AAAAAAAAAA11111111111IIIIIIIIIIIIIIIIIIIIIIIIIIIIIIIIIIIIIIIIIII
AAAAAAAAAAA11111111111IIIIIIIIIIIIIIIIIIIIIIIIIIIIIIIIIIIIIIIIII
AAAAAAAAAAAA11111111111IIIIIIIIIIIIIIIIIIIIIIIIIIIIIIIIIIIIIIIII
AAAAAAAAAAAAA11111111111IIIIIIIIIIIIIIIIIIIIIIIIIIIIIIIIIIIIIIII
AAAAAAAAAAAAAA11111111111IIIIIIIIIIIIIIIIIIIIIIIIIIIIIIIIIIIIIII
AAAAAAAAAAAAAAA11111111111IIIIIIIIIIIIIIIIIIIIIIIIIIIIIIIIIIIIII
AAAAAAAAAAAAAAAA11111111111IIIIIIIIIIIIIIIIIIIIIIIIIIIIIIIIIIIII
AAAAAAAAAAAAAAAAA11111111111IIIIIIIIIIIIIIIIIIIIIIIIIIIIIIIIIIII
AAAAAAAAAAAAAAAAAA11111111111IIIIIIIIIIIIIIIIIIIIIIIIIIIIIIIIIII
AAAAAAAAAAAAAAAAAAA11111111111IIIIIIIIIIIIIIIIIIIIIIIIIIIIIIIIII
AAAAAAAAAAAAAAAAAAAA11111111111IIIIIIIIIIIIIIIIIIIIIIIIIIIIIIIII
AAAAAAAAAAAAAAAAAAAAA11111111111IIIIIIIIIIIIIIIIIIIIIIIIIIIIIIII
AAAAAAAAAAAAAAAAAAAAAA11111111111IIIIIIIIIIIIIIIIIIIIIIIIIIIIIII
AAAAAAAAAAAAAAAAAAAAAAA11111111111IIIIIIIIIIIIIIIIIIIIIIIIIIIIII
AAAAAAAAAAAAAAAAAAAAAAAA11111111111IIIIIIIIIIIIIIIIIIIIIIIIIIIII
AAAAAAAAAAAAAAAAAAAAAAAAA11111111111IIIIIIIIIIIIIIIIIIIIIIIIIIII
AAAAAAAAAAAAAAAAAAAAAAAAAA11111111111IIIIIIIIIIIIIIIIIIIIIIIIIII
AAAAAAAAAAAAAAAAAAAAAAAAAAA11111111111IIIIIIIIIIIIIIIIIIIIIIIIII
AAAAAAAAAAAAAAAAAAAAAAAAAAAA11111111111IIIIIIIIIIIIIIIIIIIIIIIII
AAAAAAAAAAAAAAAAAAAAAAAAAAAAA11111111111IIIIIIIIIIIIIIIIIIIIIIII
AAAAAAAAAAAAAAAAAAAAAAAAAAAAAA11111111111IIIIIIIIIIIIIIIIIIIIIII
AAAAAAAAAAAAAAAAAAAAAAAAAAAAAAA11111111111IIIIIIIIIIIIIIIIIIIIII
AAAAAAAAAAAAAAAAAAAAAAAAAAAAAAAA11111111111IIIIIIIIIIIIIIIIIIIII
AAAAAAAAAAAAAAAAAAAAAAAAAAAAAAAAA11111111111IIIIIIIIIIIIIIIIIIII
AAAAAAAAAAAAAAAAAAAAAAAAAAAAAAAAAA11111111111IIIIIIIIIIIIIIIIIII
AAAAAAAAAAAAAAAAAAAAAAAAAAAAAAAAAAA11111111111IIIIIIIIIIIIIIIIII
AAAAAAAAAAAAAAAAAAAAAAAAAAAAAAAAAAAA11111111111IIIIIIIIIIIIIIIII
AAAAAAAAAAAAAAAAAAAAAAAAAAAAAAAAAAAAA11111111111IIIIIIIIIIIIIIII
AAAAAAAAAAAAAAAAAAAAAAAAAAAAAAAAAAAAAA11111111111IIIIIIIIIIIIIII
AAAAAAAAAAAAAAAAAAAAAAAAAAAAAAAAAAAAAAA11111111111IIIIIIIIIIIIII
AAAAAAAAAAAAAAAAAAAAAAAAAAAAAAAAAAAAAAAA11111111111IIIIIIIIIIIII
AAAAAAAAAAAAAAAAAAAAAAAAAAAAAAAAAAAAAAAAA11111111111IIIIIIIIIIII
AAAAAAAAAAAAAAAAAAAAAAAAAAAAAAAAAAAAAAAAAA11111111111IIIIIIIIIII
AAAAAAAAAAAAAAAAAAAAAAAAAAAAAAAAAAAAAAAAAAA11111111111IIIIIIIIII
AAAAAAAAAAAAAAAAAAAAAAAAAAAAAAAAAAAAAAAAAAAA11111111111IIIIIIIII
AAAAAAAAAAAAAAAAAAAAAAAAAAAAAAAAAAAAAAAAAAAAA11111111111IIIIIIII
AAAAAAAAAAAAAAAAAAAAAAAAAAAAAAAAAAAAAAAAAAAAAA11111111111IIIIIII
AAAAAAAAAAAAAAAAAAAAAAAAAAAAAAAAAAAAAAAAAAAAAAA11111111111IIIIII
AAAAAAAAAAAAAAAAAAAAAAAAAAAAAAAAAAAAAAAAAAAAAAAA11111111111IIIII
AAAAAAAAAAAAAAAAAAAAAAAAAAAAAAAAAAAAAAAAAAAAAAAAA11111111111IIII
AAAAAAAAAAAAAAAAAAAAAAAAAAAAAAAAAAAAAAAAAAAAAAAAAA11111111111III
AAAAAAAAAAAAAAAAAAAAAAAAAAAAAAAAAAAAAAAAAAAAAAAAAAA11111111111II
AAAAAAAAAAAAAAAAAAAAAAAAAAAAAAAAAAAAAAAAAAAAAAAAAAAA11111111111I
AAAAAAAAAAAAAAAAAAAAAAAAAAAAAAAAAAAAAAAAAAAAAAAAAAAAA11111111111
AAAAAAAAAAAAAAAAAAAAAAAAAAAAAAAAAAAAAAAAAAAAAAAAAAAAAA1111111111
AAAAAAAAAAAAAAAAAAAAAAAAAAAAAAAAAAAAAAAAAAAAAAAAAAAAAAA111111111
AAAAAAAAAAAAAAAAAAAAAAAAAAAAAAAAAAAAAAAAAAAAAAAAAAAAAAAA11111111
AAAAAAAAAAAAAAAAAAAAAAAAAAAAAAAAAAAAAAAAAAAAAAAAAAAAAAAAA1111111
AAAAAAAAAAAAAAAAAAAAAAAAAAAAAAAAAAAAAAAAAAAAAAAAAAAAAAAAAA111111
AAAAAAAAAAAAAAAAAAAAAAAAAAAAAAAAAAAAAAAAAAAAAAAAAAAAAAAAAAA11111
AAAAAAAAAAAAAAAAAAAAAAAAAAAAAAAAAAAAAAAAAAAAAAAAAAAAAAAAAAAA1111
AAAAAAAAAAAAAAAAAAAAAAAAAAAAAAAAAAAAAAAAAAAAAAAAAAAAAAAAAAAAA111
AAAAAAAAAAAAAAAAAAAAAAAAAAAAAAAAAAAAAAAAAAAAAAAAAAAAAAAAAAAAAA11
AAAAAAAAAAAAAAAAAAAAAAAAAAAAAAAAAAAAAAAAAAAAAAAAAAAAAAAAAAAAAAA1
AAAAAAAAAAAAAAAAAAAAAAAAAAAAAAAAAAAAAAAAAAAAAAAAAAAAAAAAAAAAAAAA
AI1II1111II1IIIIIIIIIIIIIIIIIIIIIIIIIIIIIIIIIIIIIIIIIIIIIIIIIIII
AA11I11111I1IIIIIIIIIIIIIIIIIIIIIIIIIIIIIIIIIIIIIIIIIIIIIIIIIIII
AAA1I11111I1IIIIIIIIIIIIIIIIIIIIIIIIIIIIIIIIIIIIIIIIIIIIIIIIIIII
AAAAI11111I1IIIIIIIIIIIIIIIIIIIIIIIIIIIIIIIIIIIIIIIIIIIIIIIIIIII
AAAA11111111I1IIIIIIIIIIIIIIIIIIIIIIIIIIIIIIIIIIIIIIIIIIIIIIIIII
AAAAA111111111I1IIIIIIIIIIIIIIIIIIIIIIIIIIIIIIIIIIIIIIIIIIIIIIII
AAAAAA11111111I11IIIIIIIIIIIIIIIIIIIIIIIIIIIIIIIIIIIIIIIIIIIIIII
AAAAAAA11111111111IIIIIIIIIIIIIIIIIIIIIIIIIIIIIIIIIIIIIIIIIIIIII
AAAAAAAA11111111111IIIIIIIIIIIIIIIIIIIIIIIIIIIIIIIIIIIIIIIIIIIII
AAAAAAAAA11111111111IIIIIIIIIIIIIIIIIIIIIIIIIIIIIIIIIIIIIIIIIIII
AAAAAAAAAA11111111111IIIIIIIIIIIIIIIIIIIIIIIIIIIIIIIIIIIIIIIIIII
AAAAAAAAAAA11111111111IIIIIIIIIIIIIIIIIIIIIIIIIIIIIIIIIIIIIIIIII
AAAAAAAAAAAA11111111111IIIIIIIIIIIIIIIIIIIIIIIIIIIIIIIIIIIIIIIII
AAAAAAAAAAAAA11111111111IIIIIIIIIIIIIIIIIIIIIIIIIIIIIIIIIIIIIIII
AAAAAAAAAAAAAA11111111111IIIIIIIIIIIIIIIIIIIIIIIIIIIIIIIIIIIIIII
AAAAAAAAAAAAAAA11111111111IIIIIIIIIIIIIIIIIIIIIIIIIIIIIIIIIIIIII
AAAAAAAAAAAAAAAA11111111111IIIIIIIIIIIIIIIIIIIIIIIIIIIIIIIIIIIII
AAAAAAAAAAAAAAAAA11111111111IIIIIIIIIIIIIIIIIIIIIIIIIIIIIIIIIIII
AAAAAAAAAAAAAAAAAA11111111111IIIIIIIIIIIIIIIIIIIIIIIIIIIIIIIIIII
AAAAAAAAAAAAAAAAAAA11111111111IIIIIIIIIIIIIIIIIIIIIIIIIIIIIIIIII
AAAAAAAAAAAAAAAAAAAA11111111111IIIIIIIIIIIIIIIIIIIIIIIIIIIIIIIII
AAAAAAAAAAAAAAAAAAAAA11111111111IIIIIIIIIIIIIIIIIIIIIIIIIIIIIIII
AAAAAAAAAAAAAAAAAAAAAA11111111111IIIIIIIIIIIIIIIIIIIIIIIIIIIIIII
AAAAAAAAAAAAAAAAAAAAAAA11111111111IIIIIIIIIIIIIIIIIIIIIIIIIIIIII
AAAAAAAAAAAAAAAAAAAAAAAA11111111111IIIIIIIIIIIIIIIIIIIIIIIIIIIII
AAAAAAAAAAAAAAAAAAAAAAAAA11111111111IIIIIIIIIIIIIIIIIIIIIIIIIIII
AAAAAAAAAAAAAAAAAAAAAAAAAA11111111111IIIIIIIIIIIIIIIIIIIIIIIIIII
AAAAAAAAAAAAAAAAAAAAAAAAAAA11111111111IIIIIIIIIIIIIIIIIIIIIIIIII
AAAAAAAAAAAAAAAAAAAAAAAAAAAA11111111111IIIIIIIIIIIIIIIIIIIIIIIII
AAAAAAAAAAAAAAAAAAAAAAAAAAAAA11111111111IIIIIIIIIIIIIIIIIIIIIIII
AAAAAAAAAAAAAAAAAAAAAAAAAAAAAA11111111111IIIIIIIIIIIIIIIIIIIIIII
AAAAAAAAAAAAAAAAAAAAAAAAAAAAAAA11111111111IIIIIIIIIIIIIIIIIIIIII
AAAAAAAAAAAAAAAAAAAAAAAAAAAAAAAA11111111111IIIIIIIIIIIIIIIIIIIII
AAAAAAAAAAAAAAAAAAAAAAAAAAAAAAAAA11111111111IIIIIIIIIIIIIIIIIIII
AAAAAAAAAAAAAAAAAAAAAAAAAAAAAAAAAA11111111111IIIIIIIIIIIIIIIIIII
AAAAAAAAAAAAAAAAAAAAAAAAAAAAAAAAAAA11111111111IIIIIIIIIIIIIIIIII
AAAAAAAAAAAAAAAAAAAAAAAAAAAAAAAAAAAA11111111111IIIIIIIIIIIIIIIII
AAAAAAAAAAAAAAAAAAAAAAAAAAAAAAAAAAAAA11111111111IIIIIIIIIIIIIIII
AAAAAAAAAAAAAAAAAAAAAAAAAAAAAAAAAAAAAA11111111111IIIIIIIIIIIIIII
AAAAAAAAAAAAAAAAAAAAAAAAAAAAAAAAAAAAAAA11111111111IIIIIIIIIIIIII
AAAAAAAAAAAAAAAAAAAAAAAAAAAAAAAAAAAAAAAA11111111111IIIIIIIIIIIII
AAAAAAAAAAAAAAAAAAAAAAAAAAAAAAAAAAAAAAAAA11111111111IIIIIIIIIIII
AAAAAAAAAAAAAAAAAAAAAAAAAAAAAAAAAAAAAAAAAA11111111111IIIIIIIIIII
AAAAAAAAAAAAAAAAAAAAAAAAAAAAAAAAAAAAAAAAAAA11111111111IIIIIIIIII
AAAAAAAAAAAAAAAAAAAAAAAAAAAAAAAAAAAAAAAAAAAA11111111111IIIIIIIII
AAAAAAAAAAAAAAAAAAAAAAAAAAAAAAAAAAAAAAAAAAAAA11111111111IIIIIIII
AAAAAAAAAAAAAAAAAAAAAAAAAAAAAAAAAAAAAAAAAAAAAA11111111111IIIIIII
AAAAAAAAAAAAAAAAAAAAAAAAAAAAAAAAAAAAAAAAAAAAAAA11111111111IIIIII
AAAAAAAAAAAAAAAAAAAAAAAAAAAAAAAAAAAAAAAAAAAAAAAA11111111111IIIII
AAAAAAAAAAAAAAAAAAAAAAAAAAAAAAAAAAAAAAAAAAAAAAAAA11111111111IIII
AAAAAAAAAAAAAAAAAAAAAAAAAAAAAAAAAAAAAAAAAAAAAAAAAA11111111111III
AAAAAAAAAAAAAAAAAAAAAAAAAAAAAAAAAAAAAAAAAAAAAAAAAAA11111111111II
AAAAAAAAAAAAAAAAAAAAAAAAAAAAAAAAAAAAAAAAAAAAAAAAAAAA11111111111I
AAAAAAAAAAAAAAAAAAAAAAAAAAAAAAAAAAAAAAAAAAAAAAAAAAAAA11111111111
AAAAAAAAAAAAAAAAAAAAAAAAAAAAAAAAAAAAAAAAAAAAAAAAAAAAAA1111111111
AAAAAAAAAAAAAAAAAAAAAAAAAAAAAAAAAAAAAAAAAAAAAAAAAAAAAAA111111111
AAAAAAAAAAAAAAAAAAAAAAAAAAAAAAAAAAAAAAAAAAAAAAAAAAAAAAAA11111111
AAAAAAAAAAAAAAAAAAAAAAAAAAAAAAAAAAAAAAAAAAAAAAAAAAAAAAAAA1111111
AAAAAAAAAAAAAAAAAAAAAAAAAAAAAAAAAAAAAAAAAAAAAAAAAAAAAAAAAA111111
AAAAAAAAAAAAAAAAAAAAAAAAAAAAAAAAAAAAAAAAAAAAAAAAAAAAAAAAAAA11111
AAAAAAAAAAAAAAAAAAAAAAAAAAAAAAAAAAAAAAAAAAAAAAAAAAAAAAAAAAAA1111
AAAAAAAAAAAAAAAAAAAAAAAAAAAAAAAAAAAAAAAAAAAAAAAAAAAAAAAAAAAAA111
AAAAAAAAAAAAAAAAAAAAAAAAAAAAAAAAAAAAAAAAAAAAAAAAAAAAAAAAAAAAAA11
AAAAAAAAAAAAAAAAAAAAAAAAAAAAAAAAAAAAAAAAAAAAAAAAAAAAAAAAAAAAAAA1
AAAAAAAAAAAAAAAAAAAAAAAAAAAAAAAAAAAAAAAAAAAAAAAAAAAAAAAAAAAAAAAA
AIIII11IIII1IIIIIIIIIIIIIIIIIIIIIIIIIIIIIIIIIIIIIIIIIIIIIIIIIIII
AAIII111III11IIIIIIIIIIIIIIIIIIIIIIIIIIIIIIIIIIIIIIIIIIIIIIIIIII
AAAII1111II111IIIIIIIIIIIIIIIIIIIIIIIIIIIIIIIIIIIIIIIIIIIIIIIIII
AAAAI11111I111IIIIIIIIIIIIIIIIIIIIIIIIIIIIIIIIIIIIIIIIIIIIIIIIII
AAAAA111111111I1IIIIIIIIIIIIIIIIIIIIIIIIIIIIIIIIIIIIIIIIIIIIIIII
AAAAAA11111111I11IIIIIIIIIIIIIIIIIIIIIIIIIIIIIIIIIIIIIIIIIIIIIII
AAAAAAA1111111I111IIIIIIIIIIIIIIIIIIIIIIIIIIIIIIIIIIIIIIIIIIIIII
AAAAAAAA111111I1111IIIIIIIIIIIIIIIIIIIIIIIIIIIIIIIIIIIIIIIIIIIII
AAAAAAAAA11111111111IIIIIIIIIIIIIIIIIIIIIIIIIIIIIIIIIIIIIIIIIIII
AAAAAAAAAA11111111111IIIIIIIIIIIIIIIIIIIIIIIIIIIIIIIIIIIIIIIIIII
AAAAAAAAAAA11111111111IIIIIIIIIIIIIIIIIIIIIIIIIIIIIIIIIIIIIIIIII
AAAAAAAAAAAA11111111111IIIIIIIIIIIIIIIIIIIIIIIIIIIIIIIIIIIIIIIII
AAAAAAAAAAAAA11111111111IIIIIIIIIIIIIIIIIIIIIIIIIIIIIIIIIIIIIIII
AAAAAAAAAAAAAA11111111111IIIIIIIIIIIIIIIIIIIIIIIIIIIIIIIIIIIIIII
AAAAAAAAAAAAAAA11111111111IIIIIIIIIIIIIIIIIIIIIIIIIIIIIIIIIIIIII
AAAAAAAAAAAAAAAA11111111111IIIIIIIIIIIIIIIIIIIIIIIIIIIIIIIIIIIII
AAAAAAAAAAAAAAAAA11111111111IIIIIIIIIIIIIIIIIIIIIIIIIIIIIIIIIIII
AAAAAAAAAAAAAAAAAA11111111111IIIIIIIIIIIIIIIIIIIIIIIIIIIIIIIIIII
AAAAAAAAAAAAAAAAAAA11111111111IIIIIIIIIIIIIIIIIIIIIIIIIIIIIIIIII
AAAAAAAAAAAAAAAAAAAA11111111111IIIIIIIIIIIIIIIIIIIIIIIIIIIIIIIII
AAAAAAAAAAAAAAAAAAAAA11111111111IIIIIIIIIIIIIIIIIIIIIIIIIIIIIIII
AAAAAAAAAAAAAAAAAAAAAA11111111111IIIIIIIIIIIIIIIIIIIIIIIIIIIIIII
AAAAAAAAAAAAAAAAAAAAAAA11111111111IIIIIIIIIIIIIIIIIIIIIIIIIIIIII
AAAAAAAAAAAAAAAAAAAAAAAA11111111111IIIIIIIIIIIIIIIIIIIIIIIIIIIII
AAAAAAAAAAAAAAAAAAAAAAAAA11111111111IIIIIIIIIIIIIIIIIIIIIIIIIIII
AAAAAAAAAAAAAAAAAAAAAAAAAA11111111111IIIIIIIIIIIIIIIIIIIIIIIIIII
AAAAAAAAAAAAAAAAAAAAAAAAAAA11111111111IIIIIIIIIIIIIIIIIIIIIIIIII
AAAAAAAAAAAAAAAAAAAAAAAAAAAA11111111111IIIIIIIIIIIIIIIIIIIIIIIII
AAAAAAAAAAAAAAAAAAAAAAAAAAAAA11111111111IIIIIIIIIIIIIIIIIIIIIIII
AAAAAAAAAAAAAAAAAAAAAAAAAAAAAA11111111111IIIIIIIIIIIIIIIIIIIIIII
AAAAAAAAAAAAAAAAAAAAAAAAAAAAAAA11111111111IIIIIIIIIIIIIIIIIIIIII
AAAAAAAAAAAAAAAAAAAAAAAAAAAAAAAA11111111111IIIIIIIIIIIIIIIIIIIII
AAAAAAAAAAAAAAAAAAAAAAAAAAAAAAAAA11111111111IIIIIIIIIIIIIIIIIIII
AAAAAAAAAAAAAAAAAAAAAAAAAAAAAAAAAA11111111111IIIIIIIIIIIIIIIIIII
AAAAAAAAAAAAAAAAAAAAAAAAAAAAAAAAAAA11111111111IIIIIIIIIIIIIIIIII
AAAAAAAAAAAAAAAAAAAAAAAAAAAAAAAAAAAA11111111111IIIIIIIIIIIIIIIII
AAAAAAAAAAAAAAAAAAAAAAAAAAAAAAAAAAAAA11111111111IIIIIIIIIIIIIIII
AAAAAAAAAAAAAAAAAAAAAAAAAAAAAAAAAAAAAA11111111111IIIIIIIIIIIIIII
AAAAAAAAAAAAAAAAAAAAAAAAAAAAAAAAAAAAAAA11111111111IIIIIIIIIIIIII
AAAAAAAAAAAAAAAAAAAAAAAAAAAAAAAAAAAAAAAA11111111111IIIIIIIIIIIII
AAAAAAAAAAAAAAAAAAAAAAAAAAAAAAAAAAAAAAAAA11111111111IIIIIIIIIIII
AAAAAAAAAAAAAAAAAAAAAAAAAAAAAAAAAAAAAAAAAA11111111111IIIIIIIIIII
AAAAAAAAAAAAAAAAAAAAAAAAAAAAAAAAAAAAAAAAAAA11111111111IIIIIIIIII
AAAAAAAAAAAAAAAAAAAAAAAAAAAAAAAAAAAAAAAAAAAA11111111111IIIIIIIII
AAAAAAAAAAAAAAAAAAAAAAAAAAAAAAAAAAAAAAAAAAAAA11111111111IIIIIIII
AAAAAAAAAAAAAAAAAAAAAAAAAAAAAAAAAAAAAAAAAAAAAA11111111111IIIIIII
AAAAAAAAAAAAAAAAAAAAAAAAAAAAAAAAAAAAAAAAAAAAAAA11111111111IIIIII
AAAAAAAAAAAAAAAAAAAAAAAAAAAAAAAAAAAAAAAAAAAAAAAA11111111111IIIII
AAAAAAAAAAAAAAAAAAAAAAAAAAAAAAAAAAAAAAAAAAAAAAAAA11111111111IIII
AAAAAAAAAAAAAAAAAAAAAAAAAAAAAAAAAAAAAAAAAAAAAAAAAA11111111111III
AAAAAAAAAAAAAAAAAAAAAAAAAAAAAAAAAAAAAAAAAAAAAAAAAAA11111111111II
AAAAAAAAAAAAAAAAAAAAAAAAAAAAAAAAAAAAAAAAAAAAAAAAAAAA11111111111I
AAAAAAAAAAAAAAAAAAAAAAAAAAAAAAAAAAAAAAAAAAAAAAAAAAAAA11111111111
AAAAAAAAAAAAAAAAAAAAAAAAAAAAAAAAAAAAAAAAAAAAAAAAAAAAAA1111111111
AAAAAAAAAAAAAAAAAAAAAAAAAAAAAAAAAAAAAAAAAAAAAAAAAAAAAAA111111111
AAAAAAAAAAAAAAAAAAAAAAAAAAAAAAAAAAAAAAAAAAAAAAAAAAAAAAAA11111111
AAAAAAAAAAAAAAAAAAAAAAAAAAAAAAAAAAAAAAAAAAAAAAAAAAAAAAAAA1111111
AAAAAAAAAAAAAAAAAAAAAAAAAAAAAAAAAAAAAAAAAAAAAAAAAAAAAAAAAA111111
AAAAAAAAAAAAAAAAAAAAAAAAAAAAAAAAAAAAAAAAAAAAAAAAAAAAAAAAAAA11111
AAAAAAAAAAAAAAAAAAAAAAAAAAAAAAAAAAAAAAAAAAAAAAAAAAAAAAAAAAAA1111
AAAAAAAAAAAAAAAAAAAAAAAAAAAAAAAAAAAAAAAAAAAAAAAAAAAAAAAAAAAAA111
AAAAAAAAAAAAAAAAAAAAAAAAAAAAAAAAAAAAAAAAAAAAAAAAAAAAAAAAAAAAAA11
AAAAAAAAAAAAAAAAAAAAAAAAAAAAAAAAAAAAAAAAAAAAAAAAAAAAAAAAAAAAAAA1
AAAAAAAAAAAAAAAAAAAAAAAAAAAAAAAAAAAAAAAAAAAAAAAAAAAAAAAAAAAAAAAA
AI1II111III1IIIIIIIIIIIIIIIIIIIIIIIIIIIIIIIIIIIIIIIIIIIIIIIIIIII
AA11I1111II11IIIIIIIIIIIIIIIIIIIIIIIIIIIIIIIIIIIIIIIIIIIIIIIIIII
AAA1I1111II11IIIIIIIIIIIIIIIIIIIIIIIIIIIIIIIIIIIIIIIIIIIIIIIIIII
AAAAI1111II11IIIIIIIIIIIIIIIIIIIIIIIIIIIIIIIIIIIIIIIIIIIIIIIIIII
AAAA111111I111IIIIIIIIIIIIIIIIIIIIIIIIIIIIIIIIIIIIIIIIIIIIIIIIII
AAAAA111111111I1IIIIIIIIIIIIIIIIIIIIIIIIIIIIIIIIIIIIIIIIIIIIIIII
AAAAAA11111111I11IIIIIIIIIIIIIIIIIIIIIIIIIIIIIIIIIIIIIIIIIIIIIII
AAAAAAA1111111I111IIIIIIIIIIIIIIIIIIIIIIIIIIIIIIIIIIIIIIIIIIIIII
AAAAAAAA11111111111IIIIIIIIIIIIIIIIIIIIIIIIIIIIIIIIIIIIIIIIIIIII
AAAAAAAAA11111111111IIIIIIIIIIIIIIIIIIIIIIIIIIIIIIIIIIIIIIIIIIII
AAAAAAAAAA11111111111IIIIIIIIIIIIIIIIIIIIIIIIIIIIIIIIIIIIIIIIIII
AAAAAAAAAAA11111111111IIIIIIIIIIIIIIIIIIIIIIIIIIIIIIIIIIIIIIIIII
AAAAAAAAAAAA11111111111IIIIIIIIIIIIIIIIIIIIIIIIIIIIIIIIIIIIIIIII
AAAAAAAAAAAAA11111111111IIIIIIIIIIIIIIIIIIIIIIIIIIIIIIIIIIIIIIII
AAAAAAAAAAAAAA11111111111IIIIIIIIIIIIIIIIIIIIIIIIIIIIIIIIIIIIIII
AAAAAAAAAAAAAAA11111111111IIIIIIIIIIIIIIIIIIIIIIIIIIIIIIIIIIIIII
AAAAAAAAAAAAAAAA11111111111IIIIIIIIIIIIIIIIIIIIIIIIIIIIIIIIIIIII
AAAAAAAAAAAAAAAAA11111111111IIIIIIIIIIIIIIIIIIIIIIIIIIIIIIIIIIII
AAAAAAAAAAAAAAAAAA11111111111IIIIIIIIIIIIIIIIIIIIIIIIIIIIIIIIIII
AAAAAAAAAAAAAAAAAAA11111111111IIIIIIIIIIIIIIIIIIIIIIIIIIIIIIIIII
AAAAAAAAAAAAAAAAAAAA11111111111IIIIIIIIIIIIIIIIIIIIIIIIIIIIIIIII
AAAAAAAAAAAAAAAAAAAAA11111111111IIIIIIIIIIIIIIIIIIIIIIIIIIIIIIII
AAAAAAAAAAAAAAAAAAAAAA11111111111IIIIIIIIIIIIIIIIIIIIIIIIIIIIIII
AAAAAAAAAAAAAAAAAAAAAAA11111111111IIIIIIIIIIIIIIIIIIIIIIIIIIIIII
AAAAAAAAAAAAAAAAAAAAAAAA11111111111IIIIIIIIIIIIIIIIIIIIIIIIIIIII
AAAAAAAAAAAAAAAAAAAAAAAAA11111111111IIIIIIIIIIIIIIIIIIIIIIIIIIII
AAAAAAAAAAAAAAAAAAAAAAAAAA11111111111IIIIIIIIIIIIIIIIIIIIIIIIIII
AAAAAAAAAAAAAAAAAAAAAAAAAAA11111111111IIIIIIIIIIIIIIIIIIIIIIIIII
AAAAAAAAAAAAAAAAAAAAAAAAAAAA11111111111IIIIIIIIIIIIIIIIIIIIIIIII
AAAAAAAAAAAAAAAAAAAAAAAAAAAAA11111111111IIIIIIIIIIIIIIIIIIIIIIII
AAAAAAAAAAAAAAAAAAAAAAAAAAAAAA11111111111IIIIIIIIIIIIIIIIIIIIIII
AAAAAAAAAAAAAAAAAAAAAAAAAAAAAAA11111111111IIIIIIIIIIIIIIIIIIIIII
AAAAAAAAAAAAAAAAAAAAAAAAAAAAAAAA11111111111IIIIIIIIIIIIIIIIIIIII
AAAAAAAAAAAAAAAAAAAAAAAAAAAAAAAAA11111111111IIIIIIIIIIIIIIIIIIII
AAAAAAAAAAAAAAAAAAAAAAAAAAAAAAAAAA11111111111IIIIIIIIIIIIIIIIIII
AAAAAAAAAAAAAAAAAAAAAAAAAAAAAAAAAAA11111111111IIIIIIIIIIIIIIIIII
AAAAAAAAAAAAAAAAAAAAAAAAAAAAAAAAAAAA11111111111IIIIIIIIIIIIIIIII
AAAAAAAAAAAAAAAAAAAAAAAAAAAAAAAAAAAAA11111111111IIIIIIIIIIIIIIII
AAAAAAAAAAAAAAAAAAAAAAAAAAAAAAAAAAAAAA11111111111IIIIIIIIIIIIIII
AAAAAAAAAAAAAAAAAAAAAAAAAAAAAAAAAAAAAAA11111111111IIIIIIIIIIIIII
AAAAAAAAAAAAAAAAAAAAAAAAAAAAAAAAAAAAAAAA11111111111IIIIIIIIIIIII
AAAAAAAAAAAAAAAAAAAAAAAAAAAAAAAAAAAAAAAAA11111111111IIIIIIIIIIII
AAAAAAAAAAAAAAAAAAAAAAAAAAAAAAAAAAAAAAAAAA11111111111IIIIIIIIIII
AAAAAAAAAAAAAAAAAAAAAAAAAAAAAAAAAAAAAAAAAAA11111111111IIIIIIIIII
AAAAAAAAAAAAAAAAAAAAAAAAAAAAAAAAAAAAAAAAAAAA11111111111IIIIIIIII
AAAAAAAAAAAAAAAAAAAAAAAAAAAAAAAAAAAAAAAAAAAAA11111111111IIIIIIII
AAAAAAAAAAAAAAAAAAAAAAAAAAAAAAAAAAAAAAAAAAAAAA11111111111IIIIIII
AAAAAAAAAAAAAAAAAAAAAAAAAAAAAAAAAAAAAAAAAAAAAAA11111111111IIIIII
AAAAAAAAAAAAAAAAAAAAAAAAAAAAAAAAAAAAAAAAAAAAAAAA11111111111IIIII
AAAAAAAAAAAAAAAAAAAAAAAAAAAAAAAAAAAAAAAAAAAAAAAAA11111111111IIII
AAAAAAAAAAAAAAAAAAAAAAAAAAAAAAAAAAAAAAAAAAAAAAAAAA11111111111III
AAAAAAAAAAAAAAAAAAAAAAAAAAAAAAAAAAAAAAAAAAAAAAAAAAA11111111111II
AAAAAAAAAAAAAAAAAAAAAAAAAAAAAAAAAAAAAAAAAAAAAAAAAAAA11111111111I
AAAAAAAAAAAAAAAAAAAAAAAAAAAAAAAAAAAAAAAAAAAAAAAAAAAAA11111111111
AAAAAAAAAAAAAAAAAAAAAAAAAAAAAAAAAAAAAAAAAAAAAAAAAAAAAA1111111111
AAAAAAAAAAAAAAAAAAAAAAAAAAAAAAAAAAAAAAAAAAAAAAAAAAAAAAA111111111
AAAAAAAAAAAAAAAAAAAAAAAAAAAAAAAAAAAAAAAAAAAAAAAAAAAAAAAA11111111
AAAAAAAAAAAAAAAAAAAAAAAAAAAAAAAAAAAAAAAAAAAAAAAAAAAAAAAAA1111111
AAAAAAAAAAAAAAAAAAAAAAAAAAAAAAAAAAAAAAAAAAAAAAAAAAAAAAAAAA111111
AAAAAAAAAAAAAAAAAAAAAAAAAAAAAAAAAAAAAAAAAAAAAAAAAAAAAAAAAAA11111
AAAAAAAAAAAAAAAAAAAAAAAAAAAAAAAAAAAAAAAAAAAAAAAAAAAAAAAAAAAA1111
AAAAAAAAAAAAAAAAAAAAAAAAAAAAAAAAAAAAAAAAAAAAAAAAAAAAAAAAAAAAA111
AAAAAAAAAAAAAAAAAAAAAAAAAAAAAAAAAAAAAAAAAAAAAAAAAAAAAAAAAAAAAA11
AAAAAAAAAAAAAAAAAAAAAAAAAAAAAAAAAAAAAAAAAAAAAAAAAAAAAAAAAAAAAAA1
AAAAAAAAAAAAAAAAAAAAAAAAAAAAAAAAAAAAAAAAAAAAAAAAAAAAAAAAAAAAAAAA
AIIII111III1IIIIIIIIIIIIIIIIIIIIIIIIIIIIIIIIIIIIIIIIIIIIIIIIIIII
AAIII1111II11IIIIIIIIIIIIIIIIIIIIIIIIIIIIIIIIIIIIIIIIIIIIIIIIIII
AAAII11111I111IIIIIIIIIIIIIIIIIIIIIIIIIIIIIIIIIIIIIIIIIIIIIIIIII
AAAAI11111I111IIIIIIIIIIIIIIIIIIIIIIIIIIIIIIIIIIIIIIIIIIIIIIIIII
AAAAA111111111I1IIIIIIIIIIIIIIIIIIIIIIIIIIIIIIIIIIIIIIIIIIIIIIII
AAAAAA11111111I11IIIIIIIIIIIIIIIIIIIIIIIIIIIIIIIIIIIIIIIIIIIIIII
AAAAAAA1111111I111IIIIIIIIIIIIIIIIIIIIIIIIIIIIIIIIIIIIIIIIIIIIII
AAAAAAAA11111111111IIIIIIIIIIIIIIIIIIIIIIIIIIIIIIIIIIIIIIIIIIIII
AAAAAAAAA11111111111IIIIIIIIIIIIIIIIIIIIIIIIIIIIIIIIIIIIIIIIIIII
AAAAAAAAAA11111111111IIIIIIIIIIIIIIIIIIIIIIIIIIIIIIIIIIIIIIIIIII
AAAAAAAAAAA11111111111IIIIIIIIIIIIIIIIIIIIIIIIIIIIIIIIIIIIIIIIII
AAAAAAAAAAAA11111111111IIIIIIIIIIIIIIIIIIIIIIIIIIIIIIIIIIIIIIIII
AAAAAAAAAAAAA11111111111IIIIIIIIIIIIIIIIIIIIIIIIIIIIIIIIIIIIIIII
AAAAAAAAAAAAAA11111111111IIIIIIIIIIIIIIIIIIIIIIIIIIIIIIIIIIIIIII
AAAAAAAAAAAAAAA11111111111IIIIIIIIIIIIIIIIIIIIIIIIIIIIIIIIIIIIII
AAAAAAAAAAAAAAAA11111111111IIIIIIIIIIIIIIIIIIIIIIIIIIIIIIIIIIIII
AAAAAAAAAAAAAAAAA11111111111IIIIIIIIIIIIIIIIIIIIIIIIIIIIIIIIIIII
AAAAAAAAAAAAAAAAAA11111111111IIIIIIIIIIIIIIIIIIIIIIIIIIIIIIIIIII
AAAAAAAAAAAAAAAAAAA11111111111IIIIIIIIIIIIIIIIIIIIIIIIIIIIIIIIII
AAAAAAAAAAAAAAAAAAAA11111111111IIIIIIIIIIIIIIIIIIIIIIIIIIIIIIIII
AAAAAAAAAAAAAAAAAAAAA11111111111IIIIIIIIIIIIIIIIIIIIIIIIIIIIIIII
AAAAAAAAAAAAAAAAAAAAAA11111111111IIIIIIIIIIIIIIIIIIIIIIIIIIIIIII
AAAAAAAAAAAAAAAAAAAAAAA11111111111IIIIIIIIIIIIIIIIIIIIIIIIIIIIII
AAAAAAAAAAAAAAAAAAAAAAAA11111111111IIIIIIIIIIIIIIIIIIIIIIIIIIIII
AAAAAAAAAAAAAAAAAAAAAAAAA11111111111IIIIIIIIIIIIIIIIIIIIIIIIIIII
AAAAAAAAAAAAAAAAAAAAAAAAAA11111111111IIIIIIIIIIIIIIIIIIIIIIIIIII
AAAAAAAAAAAAAAAAAAAAAAAAAAA11111111111IIIIIIIIIIIIIIIIIIIIIIIIII
AAAAAAAAAAAAAAAAAAAAAAAAAAAA11111111111IIIIIIIIIIIIIIIIIIIIIIIII
AAAAAAAAAAAAAAAAAAAAAAAAAAAAA11111111111IIIIIIIIIIIIIIIIIIIIIIII
AAAAAAAAAAAAAAAAAAAAAAAAAAAAAA11111111111IIIIIIIIIIIIIIIIIIIIIII
AAAAAAAAAAAAAAAAAAAAAAAAAAAAAAA11111111111IIIIIIIIIIIIIIIIIIIIII
AAAAAAAAAAAAAAAAAAAAAAAAAAAAAAAA11111111111IIIIIIIIIIIIIIIIIIIII
AAAAAAAAAAAAAAAAAAAAAAAAAAAAAAAAA11111111111IIIIIIIIIIIIIIIIIIII
AAAAAAAAAAAAAAAAAAAAAAAAAAAAAAAAAA11111111111IIIIIIIIIIIIIIIIIII
AAAAAAAAAAAAAAAAAAAAAAAAAAAAAAAAAAA11111111111IIIIIIIIIIIIIIIIII
AAAAAAAAAAAAAAAAAAAAAAAAAAAAAAAAAAAA11111111111IIIIIIIIIIIIIIIII
AAAAAAAAAAAAAAAAAAAAAAAAAAAAAAAAAAAAA11111111111IIIIIIIIIIIIIIII
AAAAAAAAAAAAAAAAAAAAAAAAAAAAAAAAAAAAAA11111111111IIIIIIIIIIIIIII
AAAAAAAAAAAAAAAAAAAAAAAAAAAAAAAAAAAAAAA11111111111IIIIIIIIIIIIII
AAAAAAAAAAAAAAAAAAAAAAAAAAAAAAAAAAAAAAAA11111111111IIIIIIIIIIIII
AAAAAAAAAAAAAAAAAAAAAAAAAAAAAAAAAAAAAAAAA11111111111IIIIIIIIIIII
AAAAAAAAAAAAAAAAAAAAAAAAAAAAAAAAAAAAAAAAAA11111111111IIIIIIIIIII
AAAAAAAAAAAAAAAAAAAAAAAAAAAAAAAAAAAAAAAAAAA11111111111IIIIIIIIII
AAAAAAAAAAAAAAAAAAAAAAAAAAAAAAAAAAAAAAAAAAAA11111111111IIIIIIIII
AAAAAAAAAAAAAAAAAAAAAAAAAAAAAAAAAAAAAAAAAAAAA11111111111IIIIIIII
AAAAAAAAAAAAAAAAAAAAAAAAAAAAAAAAAAAAAAAAAAAAAA11111111111IIIIIII
AAAAAAAAAAAAAAAAAAAAAAAAAAAAAAAAAAAAAAAAAAAAAAA11111111111IIIIII
AAAAAAAAAAAAAAAAAAAAAAAAAAAAAAAAAAAAAAAAAAAAAAAA11111111111IIIII
AAAAAAAAAAAAAAAAAAAAAAAAAAAAAAAAAAAAAAAAAAAAAAAAA11111111111IIII
AAAAAAAAAAAAAAAAAAAAAAAAAAAAAAAAAAAAAAAAAAAAAAAAAA11111111111III
AAAAAAAAAAAAAAAAAAAAAAAAAAAAAAAAAAAAAAAAAAAAAAAAAAA11111111111II
AAAAAAAAAAAAAAAAAAAAAAAAAAAAAAAAAAAAAAAAAAAAAAAAAAAA11111111111I
AAAAAAAAAAAAAAAAAAAAAAAAAAAAAAAAAAAAAAAAAAAAAAAAAAAAA11111111111
AAAAAAAAAAAAAAAAAAAAAAAAAAAAAAAAAAAAAAAAAAAAAAAAAAAAAA1111111111
AAAAAAAAAAAAAAAAAAAAAAAAAAAAAAAAAAAAAAAAAAAAAAAAAAAAAAA111111111
AAAAAAAAAAAAAAAAAAAAAAAAAAAAAAAAAAAAAAAAAAAAAAAAAAAAAAAA11111111
AAAAAAAAAAAAAAAAAAAAAAAAAAAAAAAAAAAAAAAAAAAAAAAAAAAAAAAAA1111111
AAAAAAAAAAAAAAAAAAAAAAAAAAAAAAAAAAAAAAAAAAAAAAAAAAAAAAAAAA111111
AAAAAAAAAAAAAAAAAAAAAAAAAAAAAAAAAAAAAAAAAAAAAAAAAAAAAAAAAAA11111
AAAAAAAAAAAAAAAAAAAAAAAAAAAAAAAAAAAAAAAAAAAAAAAAAAAAAAAAAAAA1111
AAAAAAAAAAAAAAAAAAAAAAAAAAAAAAAAAAAAAAAAAAAAAAAAAAAAAAAAAAAAA111
AAAAAAAAAAAAAAAAAAAAAAAAAAAAAAAAAAAAAAAAAAAAAAAAAAAAAAAAAAAAAA11
AAAAAAAAAAAAAAAAAAAAAAAAAAAAAAAAAAAAAAAAAAAAAAAAAAAAAAAAAAAAAAA1
AAAAAAAAAAAAAAAAAAAAAAAAAAAAAAAAAAAAAAAAAAAAAAAAAAAAAAAAAAAAAAAA
AIIII11IIII1IIIIIIIIIIIIIIIIIIIIIIIIIIIIIIIIIIIIIIIIIIIIIIIIIIII
AAIII111III11IIIIIIIIIIIIIIIIIIIIIIIIIIIIIIIIIIIIIIIIIIIIIIIIIII
AAAII1111II111IIIIIIIIIIIIIIIIIIIIIIIIIIIIIIIIIIIIIIIIIIIIIIIIII
AAAAI11111I111IIIIIIIIIIIIIIIIIIIIIIIIIIIIIIIIIIIIIIIIIIIIIIIIII
AAAAA111111111I1IIIIIIIIIIIIIIIIIIIIIIIIIIIIIIIIIIIIIIIIIIIIIIII
AAAAAA11111111I11IIIIIIIIIIIIIIIIIIIIIIIIIIIIIIIIIIIIIIIIIIIIIII
AAAAAAA1111111I111IIIIIIIIIIIIIIIIIIIIIIIIIIIIIIIIIIIIIIIIIIIIII
AAAAAAAA111111I1111IIIIIIIIIIIIIIIIIIIIIIIIIIIIIIIIIIIIIIIIIIIII
AAAAAAAAA11111111111IIIIIIIIIIIIIIIIIIIIIIIIIIIIIIIIIIIIIIIIIIII
AAAAAAAAAA11111111111IIIIIIIIIIIIIIIIIIIIIIIIIIIIIIIIIIIIIIIIIII
AAAAAAAAAAA11111111111IIIIIIIIIIIIIIIIIIIIIIIIIIIIIIIIIIIIIIIIII
AAAAAAAAAAAA11111111111IIIIIIIIIIIIIIIIIIIIIIIIIIIIIIIIIIIIIIIII
AAAAAAAAAAAAA11111111111IIIIIIIIIIIIIIIIIIIIIIIIIIIIIIIIIIIIIIII
AAAAAAAAAAAAAA11111111111IIIIIIIIIIIIIIIIIIIIIIIIIIIIIIIIIIIIIII
AAAAAAAAAAAAAAA11111111111IIIIIIIIIIIIIIIIIIIIIIIIIIIIIIIIIIIIII
AAAAAAAAAAAAAAAA11111111111IIIIIIIIIIIIIIIIIIIIIIIIIIIIIIIIIIIII
AAAAAAAAAAAAAAAAA11111111111IIIIIIIIIIIIIIIIIIIIIIIIIIIIIIIIIIII
AAAAAAAAAAAAAAAAAA11111111111IIIIIIIIIIIIIIIIIIIIIIIIIIIIIIIIIII
AAAAAAAAAAAAAAAAAAA11111111111IIIIIIIIIIIIIIIIIIIIIIIIIIIIIIIIII
AAAAAAAAAAAAAAAAAAAA11111111111IIIIIIIIIIIIIIIIIIIIIIIIIIIIIIIII
AAAAAAAAAAAAAAAAAAAAA11111111111IIIIIIIIIIIIIIIIIIIIIIIIIIIIIIII
AAAAAAAAAAAAAAAAAAAAAA11111111111IIIIIIIIIIIIIIIIIIIIIIIIIIIIIII
AAAAAAAAAAAAAAAAAAAAAAA11111111111IIIIIIIIIIIIIIIIIIIIIIIIIIIIII
AAAAAAAAAAAAAAAAAAAAAAAA11111111111IIIIIIIIIIIIIIIIIIIIIIIIIIIII
AAAAAAAAAAAAAAAAAAAAAAAAA11111111111IIIIIIIIIIIIIIIIIIIIIIIIIIII
AAAAAAAAAAAAAAAAAAAAAAAAAA11111111111IIIIIIIIIIIIIIIIIIIIIIIIIII
AAAAAAAAAAAAAAAAAAAAAAAAAAA11111111111IIIIIIIIIIIIIIIIIIIIIIIIII
AAAAAAAAAAAAAAAAAAAAAAAAAAAA11111111111IIIIIIIIIIIIIIIIIIIIIIIII
AAAAAAAAAAAAAAAAAAAAAAAAAAAAA11111111111IIIIIIIIIIIIIIIIIIIIIIII
AAAAAAAAAAAAAAAAAAAAAAAAAAAAAA11111111111IIIIIIIIIIIIIIIIIIIIIII
AAAAAAAAAAAAAAAAAAAAAAAAAAAAAAA11111111111IIIIIIIIIIIIIIIIIIIIII
AAAAAAAAAAAAAAAAAAAAAAAAAAAAAAAA11111111111IIIIIIIIIIIIIIIIIIIII
AAAAAAAAAAAAAAAAAAAAAAAAAAAAAAAAA11111111111IIIIIIIIIIIIIIIIIIII
AAAAAAAAAAAAAAAAAAAAAAAAAAAAAAAAAA11111111111IIIIIIIIIIIIIIIIIII
AAAAAAAAAAAAAAAAAAAAAAAAAAAAAAAAAAA11111111111IIIIIIIIIIIIIIIIII
AAAAAAAAAAAAAAAAAAAAAAAAAAAAAAAAAAAA11111111111IIIIIIIIIIIIIIIII
AAAAAAAAAAAAAAAAAAAAAAAAAAAAAAAAAAAAA11111111111IIIIIIIIIIIIIIII
AAAAAAAAAAAAAAAAAAAAAAAAAAAAAAAAAAAAAA11111111111IIIIIIIIIIIIIII
AAAAAAAAAAAAAAAAAAAAAAAAAAAAAAAAAAAAAAA11111111111IIIIIIIIIIIIII
AAAAAAAAAAAAAAAAAAAAAAAAAAAAAAAAAAAAAAAA11111111111IIIIIIIIIIIII
AAAAAAAAAAAAAAAAAAAAAAAAAAAAAAAAAAAAAAAAA11111111111IIIIIIIIIIII
AAAAAAAAAAAAAAAAAAAAAAAAAAAAAAAAAAAAAAAAAA11111111111IIIIIIIIIII
AAAAAAAAAAAAAAAAAAAAAAAAAAAAAAAAAAAAAAAAAAA11111111111IIIIIIIIII
AAAAAAAAAAAAAAAAAAAAAAAAAAAAAAAAAAAAAAAAAAAA11111111111IIIIIIIII
AAAAAAAAAAAAAAAAAAAAAAAAAAAAAAAAAAAAAAAAAAAAA11111111111IIIIIIII
AAAAAAAAAAAAAAAAAAAAAAAAAAAAAAAAAAAAAAAAAAAAAA11111111111IIIIIII
AAAAAAAAAAAAAAAAAAAAAAAAAAAAAAAAAAAAAAAAAAAAAAA11111111111IIIIII
AAAAAAAAAAAAAAAAAAAAAAAAAAAAAAAAAAAAAAAAAAAAAAAA11111111111IIIII
AAAAAAAAAAAAAAAAAAAAAAAAAAAAAAAAAAAAAAAAAAAAAAAAA11111111111IIII
AAAAAAAAAAAAAAAAAAAAAAAAAAAAAAAAAAAAAAAAAAAAAAAAAA11111111111III
AAAAAAAAAAAAAAAAAAAAAAAAAAAAAAAAAAAAAAAAAAAAAAAAAAA11111111111II
AAAAAAAAAAAAAAAAAAAAAAAAAAAAAAAAAAAAAAAAAAAAAAAAAAAA11111111111I
AAAAAAAAAAAAAAAAAAAAAAAAAAAAAAAAAAAAAAAAAAAAAAAAAAAAA11111111111
AAAAAAAAAAAAAAAAAAAAAAAAAAAAAAAAAAAAAAAAAAAAAAAAAAAAAA1111111111
AAAAAAAAAAAAAAAAAAAAAAAAAAAAAAAAAAAAAAAAAAAAAAAAAAAAAAA111111111
AAAAAAAAAAAAAAAAAAAAAAAAAAAAAAAAAAAAAAAAAAAAAAAAAAAAAAAA11111111
AAAAAAAAAAAAAAAAAAAAAAAAAAAAAAAAAAAAAAAAAAAAAAAAAAAAAAAAA1111111
AAAAAAAAAAAAAAAAAAAAAAAAAAAAAAAAAAAAAAAAAAAAAAAAAAAAAAAAAA111111
AAAAAAAAAAAAAAAAAAAAAAAAAAAAAAAAAAAAAAAAAAAAAAAAAAAAAAAAAAA11111
AAAAAAAAAAAAAAAAAAAAAAAAAAAAAAAAAAAAAAAAAAAAAAAAAAAAAAAAAAAA1111
AAAAAAAAAAAAAAAAAAAAAAAAAAAAAAAAAAAAAAAAAAAAAAAAAAAAAAAAAAAAA111
AAAAAAAAAAAAAAAAAAAAAAAAAAAAAAAAAAAAAAAAAAAAAAAAAAAAAAAAAAAAAA11
AAAAAAAAAAAAAAAAAAAAAAAAAAAAAAAAAAAAAAAAAAAAAAAAAAAAAAAAAAAAAAA1
AAAAAAAAAAAAAAAAAAAAAAAAAAAAAAAAAAAAAAAAAAAAAAAAAAAAAAAAAAAAAAAA
AIIII11IIII1IIIIIIIIIIIIIIIIIIIIIIIIIIIIIIIIIIIIIIIIIIIIIIIIIIII
AAIII111III11IIIIIIIIIIIIIIIIIIIIIIIIIIIIIIIIIIIIIIIIIIIIIIIIIII
AAAII1111II111IIIIIIIIIIIIIIIIIIIIIIIIIIIIIIIIIIIIIIIIIIIIIIIIII
AAAAI11111I111IIIIIIIIIIIIIIIIIIIIIIIIIIIIIIIIIIIIIIIIIIIIIIIIII
AAAAA111111111I1IIIIIIIIIIIIIIIIIIIIIIIIIIIIIIIIIIIIIIIIIIIIIIII
AAAAAA11111111I11IIIIIIIIIIIIIIIIIIIIIIIIIIIIIIIIIIIIIIIIIIIIIII
AAAAAAA1111111I111IIIIIIIIIIIIIIIIIIIIIIIIIIIIIIIIIIIIIIIIIIIIII
AAAAAAAA111111I1111IIIIIIIIIIIIIIIIIIIIIIIIIIIIIIIIIIIIIIIIIIIII
AAAAAAAAA11111111111IIIIIIIIIIIIIIIIIIIIIIIIIIIIIIIIIIIIIIIIIIII
AAAAAAAAAA11111111111IIIIIIIIIIIIIIIIIIIIIIIIIIIIIIIIIIIIIIIIIII
AAAAAAAAAAA11111111111IIIIIIIIIIIIIIIIIIIIIIIIIIIIIIIIIIIIIIIIII
AAAAAAAAAAAA11111111111IIIIIIIIIIIIIIIIIIIIIIIIIIIIIIIIIIIIIIIII
AAAAAAAAAAAAA11111111111IIIIIIIIIIIIIIIIIIIIIIIIIIIIIIIIIIIIIIII
AAAAAAAAAAAAAA11111111111IIIIIIIIIIIIIIIIIIIIIIIIIIIIIIIIIIIIIII
AAAAAAAAAAAAAAA11111111111IIIIIIIIIIIIIIIIIIIIIIIIIIIIIIIIIIIIII
AAAAAAAAAAAAAAAA11111111111IIIIIIIIIIIIIIIIIIIIIIIIIIIIIIIIIIIII
AAAAAAAAAAAAAAAAA11111111111IIIIIIIIIIIIIIIIIIIIIIIIIIIIIIIIIIII
AAAAAAAAAAAAAAAAAA11111111111IIIIIIIIIIIIIIIIIIIIIIIIIIIIIIIIIII
AAAAAAAAAAAAAAAAAAA11111111111IIIIIIIIIIIIIIIIIIIIIIIIIIIIIIIIII
AAAAAAAAAAAAAAAAAAAA11111111111IIIIIIIIIIIIIIIIIIIIIIIIIIIIIIIII
AAAAAAAAAAAAAAAAAAAAA11111111111IIIIIIIIIIIIIIIIIIIIIIIIIIIIIIII
AAAAAAAAAAAAAAAAAAAAAA11111111111IIIIIIIIIIIIIIIIIIIIIIIIIIIIIII
AAAAAAAAAAAAAAAAAAAAAAA11111111111IIIIIIIIIIIIIIIIIIIIIIIIIIIIII
AAAAAAAAAAAAAAAAAAAAAAAA11111111111IIIIIIIIIIIIIIIIIIIIIIIIIIIII
AAAAAAAAAAAAAAAAAAAAAAAAA11111111111IIIIIIIIIIIIIIIIIIIIIIIIIIII
AAAAAAAAAAAAAAAAAAAAAAAAAA11111111111IIIIIIIIIIIIIIIIIIIIIIIIIII
AAAAAAAAAAAAAAAAAAAAAAAAAAA11111111111IIIIIIIIIIIIIIIIIIIIIIIIII
AAAAAAAAAAAAAAAAAAAAAAAAAAAA11111111111IIIIIIIIIIIIIIIIIIIIIIIII
AAAAAAAAAAAAAAAAAAAAAAAAAAAAA11111111111IIIIIIIIIIIIIIIIIIIIIIII
AAAAAAAAAAAAAAAAAAAAAAAAAAAAAA11111111111IIIIIIIIIIIIIIIIIIIIIII
AAAAAAAAAAAAAAAAAAAAAAAAAAAAAAA11111111111IIIIIIIIIIIIIIIIIIIIII
AAAAAAAAAAAAAAAAAAAAAAAAAAAAAAAA11111111111IIIIIIIIIIIIIIIIIIIII
AAAAAAAAAAAAAAAAAAAAAAAAAAAAAAAAA11111111111IIIIIIIIIIIIIIIIIIII
AAAAAAAAAAAAAAAAAAAAAAAAAAAAAAAAAA11111111111IIIIIIIIIIIIIIIIIII
AAAAAAAAAAAAAAAAAAAAAAAAAAAAAAAAAAA11111111111IIIIIIIIIIIIIIIIII
AAAAAAAAAAAAAAAAAAAAAAAAAAAAAAAAAAAA11111111111IIIIIIIIIIIIIIIII
AAAAAAAAAAAAAAAAAAAAAAAAAAAAAAAAAAAAA11111111111IIIIIIIIIIIIIIII
AAAAAAAAAAAAAAAAAAAAAAAAAAAAAAAAAAAAAA11111111111IIIIIIIIIIIIIII
AAAAAAAAAAAAAAAAAAAAAAAAAAAAAAAAAAAAAAA11111111111IIIIIIIIIIIIII
AAAAAAAAAAAAAAAAAAAAAAAAAAAAAAAAAAAAAAAA11111111111IIIIIIIIIIIII
AAAAAAAAAAAAAAAAAAAAAAAAAAAAAAAAAAAAAAAAA11111111111IIIIIIIIIIII
AAAAAAAAAAAAAAAAAAAAAAAAAAAAAAAAAAAAAAAAAA11111111111IIIIIIIIIII
AAAAAAAAAAAAAAAAAAAAAAAAAAAAAAAAAAAAAAAAAAA11111111111IIIIIIIIII
AAAAAAAAAAAAAAAAAAAAAAAAAAAAAAAAAAAAAAAAAAAA11111111111IIIIIIIII
AAAAAAAAAAAAAAAAAAAAAAAAAAAAAAAAAAAAAAAAAAAAA11111111111IIIIIIII
AAAAAAAAAAAAAAAAAAAAAAAAAAAAAAAAAAAAAAAAAAAAAA11111111111IIIIIII
AAAAAAAAAAAAAAAAAAAAAAAAAAAAAAAAAAAAAAAAAAAAAAA11111111111IIIIII
AAAAAAAAAAAAAAAAAAAAAAAAAAAAAAAAAAAAAAAAAAAAAAAA11111111111IIIII
AAAAAAAAAAAAAAAAAAAAAAAAAAAAAAAAAAAAAAAAAAAAAAAAA11111111111IIII
AAAAAAAAAAAAAAAAAAAAAAAAAAAAAAAAAAAAAAAAAAAAAAAAAA11111111111III
AAAAAAAAAAAAAAAAAAAAAAAAAAAAAAAAAAAAAAAAAAAAAAAAAAA11111111111II
AAAAAAAAAAAAAAAAAAAAAAAAAAAAAAAAAAAAAAAAAAAAAAAAAAAA11111111111I
AAAAAAAAAAAAAAAAAAAAAAAAAAAAAAAAAAAAAAAAAAAAAAAAAAAAA11111111111
AAAAAAAAAAAAAAAAAAAAAAAAAAAAAAAAAAAAAAAAAAAAAAAAAAAAAA1111111111
AAAAAAAAAAAAAAAAAAAAAAAAAAAAAAAAAAAAAAAAAAAAAAAAAAAAAAA111111111
AAAAAAAAAAAAAAAAAAAAAAAAAAAAAAAAAAAAAAAAAAAAAAAAAAAAAAAA11111111
AAAAAAAAAAAAAAAAAAAAAAAAAAAAAAAAAAAAAAAAAAAAAAAAAAAAAAAAA1111111
AAAAAAAAAAAAAAAAAAAAAAAAAAAAAAAAAAAAAAAAAAAAAAAAAAAAAAAAAA111111
AAAAAAAAAAAAAAAAAAAAAAAAAAAAAAAAAAAAAAAAAAAAAAAAAAAAAAAAAAA11111
AAAAAAAAAAAAAAAAAAAAAAAAAAAAAAAAAAAAAAAAAAAAAAAAAAAAAAAAAAAA1111
AAAAAAAAAAAAAAAAAAAAAAAAAAAAAAAAAAAAAAAAAAAAAAAAAAAAAAAAAAAAA111
AAAAAAAAAAAAAAAAAAAAAAAAAAAAAAAAAAAAAAAAAAAAAAAAAAAAAAAAAAAAAA11
AAAAAAAAAAAAAAAAAAAAAAAAAAAAAAAAAAAAAAAAAAAAAAAAAAAAAAAAAAAAAAA1
AAAAAAAAAAAAAAAAAAAAAAAAAAAAAAAAAAAAAAAAAAAAAAAAAAAAAAAAAAAAAAAA
AI1II1111II1IIIIIIIIIIIIIIIIIIIIIIIIIIIIIIIIIIIIIIIIIIIIIIIIIIII
AA11I11111I1IIIIIIIIIIIIIIIIIIIIIIIIIIIIIIIIIIIIIIIIIIIIIIIIIIII
AAA1I11111I1IIIIIIIIIIIIIIIIIIIIIIIIIIIIIIIIIIIIIIIIIIIIIIIIIIII
AAAAI11111I1IIIIIIIIIIIIIIIIIIIIIIIIIIIIIIIIIIIIIIIIIIIIIIIIIIII
AAAA11111111I1IIIIIIIIIIIIIIIIIIIIIIIIIIIIIIIIIIIIIIIIIIIIIIIIII
AAAAA111111111I1IIIIIIIIIIIIIIIIIIIIIIIIIIIIIIIIIIIIIIIIIIIIIIII
AAAAAA11111111I11IIIIIIIIIIIIIIIIIIIIIIIIIIIIIIIIIIIIIIIIIIIIIII
AAAAAAA11111111111IIIIIIIIIIIIIIIIIIIIIIIIIIIIIIIIIIIIIIIIIIIIII
AAAAAAAA11111111111IIIIIIIIIIIIIIIIIIIIIIIIIIIIIIIIIIIIIIIIIIIII
AAAAAAAAA11111111111IIIIIIIIIIIIIIIIIIIIIIIIIIIIIIIIIIIIIIIIIIII
AAAAAAAAAA11111111111IIIIIIIIIIIIIIIIIIIIIIIIIIIIIIIIIIIIIIIIIII
AAAAAAAAAAA11111111111IIIIIIIIIIIIIIIIIIIIIIIIIIIIIIIIIIIIIIIIII
AAAAAAAAAAAA11111111111IIIIIIIIIIIIIIIIIIIIIIIIIIIIIIIIIIIIIIIII
AAAAAAAAAAAAA11111111111IIIIIIIIIIIIIIIIIIIIIIIIIIIIIIIIIIIIIIII
AAAAAAAAAAAAAA11111111111IIIIIIIIIIIIIIIIIIIIIIIIIIIIIIIIIIIIIII
AAAAAAAAAAAAAAA11111111111IIIIIIIIIIIIIIIIIIIIIIIIIIIIIIIIIIIIII
AAAAAAAAAAAAAAAA11111111111IIIIIIIIIIIIIIIIIIIIIIIIIIIIIIIIIIIII
AAAAAAAAAAAAAAAAA11111111111IIIIIIIIIIIIIIIIIIIIIIIIIIIIIIIIIIII
AAAAAAAAAAAAAAAAAA11111111111IIIIIIIIIIIIIIIIIIIIIIIIIIIIIIIIIII
AAAAAAAAAAAAAAAAAAA11111111111IIIIIIIIIIIIIIIIIIIIIIIIIIIIIIIIII
AAAAAAAAAAAAAAAAAAAA11111111111IIIIIIIIIIIIIIIIIIIIIIIIIIIIIIIII
AAAAAAAAAAAAAAAAAAAAA11111111111IIIIIIIIIIIIIIIIIIIIIIIIIIIIIIII
AAAAAAAAAAAAAAAAAAAAAA11111111111IIIIIIIIIIIIIIIIIIIIIIIIIIIIIII
AAAAAAAAAAAAAAAAAAAAAAA11111111111IIIIIIIIIIIIIIIIIIIIIIIIIIIIII
AAAAAAAAAAAAAAAAAAAAAAAA11111111111IIIIIIIIIIIIIIIIIIIIIIIIIIIII
AAAAAAAAAAAAAAAAAAAAAAAAA11111111111IIIIIIIIIIIIIIIIIIIIIIIIIIII
AAAAAAAAAAAAAAAAAAAAAAAAAA11111111111IIIIIIIIIIIIIIIIIIIIIIIIIII
AAAAAAAAAAAAAAAAAAAAAAAAAAA11111111111IIIIIIIIIIIIIIIIIIIIIIIIII
AAAAAAAAAAAAAAAAAAAAAAAAAAAA11111111111IIIIIIIIIIIIIIIIIIIIIIIII
AAAAAAAAAAAAAAAAAAAAAAAAAAAAA11111111111IIIIIIIIIIIIIIIIIIIIIIII
AAAAAAAAAAAAAAAAAAAAAAAAAAAAAA11111111111IIIIIIIIIIIIIIIIIIIIIII
AAAAAAAAAAAAAAAAAAAAAAAAAAAAAAA11111111111IIIIIIIIIIIIIIIIIIIIII
AAAAAAAAAAAAAAAAAAAAAAAAAAAAAAAA11111111111IIIIIIIIIIIIIIIIIIIII
AAAAAAAAAAAAAAAAAAAAAAAAAAAAAAAAA11111111111IIIIIIIIIIIIIIIIIIII
AAAAAAAAAAAAAAAAAAAAAAAAAAAAAAAAAA11111111111IIIIIIIIIIIIIIIIIII
AAAAAAAAAAAAAAAAAAAAAAAAAAAAAAAAAAA11111111111IIIIIIIIIIIIIIIIII
AAAAAAAAAAAAAAAAAAAAAAAAAAAAAAAAAAAA11111111111IIIIIIIIIIIIIIIII
AAAAAAAAAAAAAAAAAAAAAAAAAAAAAAAAAAAAA11111111111IIIIIIIIIIIIIIII
AAAAAAAAAAAAAAAAAAAAAAAAAAAAAAAAAAAAAA11111111111IIIIIIIIIIIIIII
AAAAAAAAAAAAAAAAAAAAAAAAAAAAAAAAAAAAAAA11111111111IIIIIIIIIIIIII
AAAAAAAAAAAAAAAAAAAAAAAAAAAAAAAAAAAAAAAA11111111111IIIIIIIIIIIII
AAAAAAAAAAAAAAAAAAAAAAAAAAAAAAAAAAAAAAAAA11111111111IIIIIIIIIIII
AAAAAAAAAAAAAAAAAAAAAAAAAAAAAAAAAAAAAAAAAA11111111111IIIIIIIIIII
AAAAAAAAAAAAAAAAAAAAAAAAAAAAAAAAAAAAAAAAAAA11111111111IIIIIIIIII
AAAAAAAAAAAAAAAAAAAAAAAAAAAAAAAAAAAAAAAAAAAA11111111111IIIIIIIII
AAAAAAAAAAAAAAAAAAAAAAAAAAAAAAAAAAAAAAAAAAAAA11111111111IIIIIIII
AAAAAAAAAAAAAAAAAAAAAAAAAAAAAAAAAAAAAAAAAAAAAA11111111111IIIIIII
AAAAAAAAAAAAAAAAAAAAAAAAAAAAAAAAAAAAAAAAAAAAAAA11111111111IIIIII
AAAAAAAAAAAAAAAAAAAAAAAAAAAAAAAAAAAAAAAAAAAAAAAA11111111111IIIII
AAAAAAAAAAAAAAAAAAAAAAAAAAAAAAAAAAAAAAAAAAAAAAAAA11111111111IIII
AAAAAAAAAAAAAAAAAAAAAAAAAAAAAAAAAAAAAAAAAAAAAAAAAA11111111111III
AAAAAAAAAAAAAAAAAAAAAAAAAAAAAAAAAAAAAAAAAAAAAAAAAAA11111111111II
AAAAAAAAAAAAAAAAAAAAAAAAAAAAAAAAAAAAAAAAAAAAAAAAAAAA11111111111I
AAAAAAAAAAAAAAAAAAAAAAAAAAAAAAAAAAAAAAAAAAAAAAAAAAAAA11111111111
AAAAAAAAAAAAAAAAAAAAAAAAAAAAAAAAAAAAAAAAAAAAAAAAAAAAAA1111111111
AAAAAAAAAAAAAAAAAAAAAAAAAAAAAAAAAAAAAAAAAAAAAAAAAAAAAAA111111111
AAAAAAAAAAAAAAAAAAAAAAAAAAAAAAAAAAAAAAAAAAAAAAAAAAAAAAAA11111111
AAAAAAAAAAAAAAAAAAAAAAAAAAAAAAAAAAAAAAAAAAAAAAAAAAAAAAAAA1111111
AAAAAAAAAAAAAAAAAAAAAAAAAAAAAAAAAAAAAAAAAAAAAAAAAAAAAAAAAA111111
AAAAAAAAAAAAAAAAAAAAAAAAAAAAAAAAAAAAAAAAAAAAAAAAAAAAAAAAAAA11111
AAAAAAAAAAAAAAAAAAAAAAAAAAAAAAAAAAAAAAAAAAAAAAAAAAAAAAAAAAAA1111
AAAAAAAAAAAAAAAAAAAAAAAAAAAAAAAAAAAAAAAAAAAAAAAAAAAAAAAAAAAAA111
AAAAAAAAAAAAAAAAAAAAAAAAAAAAAAAAAAAAAAAAAAAAAAAAAAAAAAAAAAAAAA11
AAAAAAAAAAAAAAAAAAAAAAAAAAAAAAAAAAAAAAAAAAAAAAAAAAAAAAAAAAAAAAA1
AAAAAAAAAAAAAAAAAAAAAAAAAAAAAAAAAAAAAAAAAAAAAAAAAAAAAAAAAAAAAAAA
AIIII11IIII1IIIIIIIIIIIIIIIIIIIIIIIIIIIIIIIIIIIIIIIIIIIIIIIIIIII
AAIII111III11IIIIIIIIIIIIIIIIIIIIIIIIIIIIIIIIIIIIIIIIIIIIIIIIIII
AAAII1111II111IIIIIIIIIIIIIIIIIIIIIIIIIIIIIIIIIIIIIIIIIIIIIIIIII
AAAAI11111I111IIIIIIIIIIIIIIIIIIIIIIIIIIIIIIIIIIIIIIIIIIIIIIIIII
AAAAA111111111I1IIIIIIIIIIIIIIIIIIIIIIIIIIIIIIIIIIIIIIIIIIIIIIII
AAAAAA11111111I11IIIIIIIIIIIIIIIIIIIIIIIIIIIIIIIIIIIIIIIIIIIIIII
AAAAAAA1111111I111IIIIIIIIIIIIIIIIIIIIIIIIIIIIIIIIIIIIIIIIIIIIII
AAAAAAAA111111I1111IIIIIIIIIIIIIIIIIIIIIIIIIIIIIIIIIIIIIIIIIIIII
AAAAAAAAA11111111111IIIIIIIIIIIIIIIIIIIIIIIIIIIIIIIIIIIIIIIIIIII
AAAAAAAAAA11111111111IIIIIIIIIIIIIIIIIIIIIIIIIIIIIIIIIIIIIIIIIII
AAAAAAAAAAA11111111111IIIIIIIIIIIIIIIIIIIIIIIIIIIIIIIIIIIIIIIIII
AAAAAAAAAAAA11111111111IIIIIIIIIIIIIIIIIIIIIIIIIIIIIIIIIIIIIIIII
AAAAAAAAAAAAA11111111111IIIIIIIIIIIIIIIIIIIIIIIIIIIIIIIIIIIIIIII
AAAAAAAAAAAAAA11111111111IIIIIIIIIIIIIIIIIIIIIIIIIIIIIIIIIIIIIII
AAAAAAAAAAAAAAA11111111111IIIIIIIIIIIIIIIIIIIIIIIIIIIIIIIIIIIIII
AAAAAAAAAAAAAAAA11111111111IIIIIIIIIIIIIIIIIIIIIIIIIIIIIIIIIIIII
AAAAAAAAAAAAAAAAA11111111111IIIIIIIIIIIIIIIIIIIIIIIIIIIIIIIIIIII
AAAAAAAAAAAAAAAAAA11111111111IIIIIIIIIIIIIIIIIIIIIIIIIIIIIIIIIII
AAAAAAAAAAAAAAAAAAA11111111111IIIIIIIIIIIIIIIIIIIIIIIIIIIIIIIIII
AAAAAAAAAAAAAAAAAAAA11111111111IIIIIIIIIIIIIIIIIIIIIIIIIIIIIIIII
AAAAAAAAAAAAAAAAAAAAA11111111111IIIIIIIIIIIIIIIIIIIIIIIIIIIIIIII
AAAAAAAAAAAAAAAAAAAAAA11111111111IIIIIIIIIIIIIIIIIIIIIIIIIIIIIII
AAAAAAAAAAAAAAAAAAAAAAA11111111111IIIIIIIIIIIIIIIIIIIIIIIIIIIIII
AAAAAAAAAAAAAAAAAAAAAAAA11111111111IIIIIIIIIIIIIIIIIIIIIIIIIIIII
AAAAAAAAAAAAAAAAAAAAAAAAA11111111111IIIIIIIIIIIIIIIIIIIIIIIIIIII
AAAAAAAAAAAAAAAAAAAAAAAAAA11111111111IIIIIIIIIIIIIIIIIIIIIIIIIII
AAAAAAAAAAAAAAAAAAAAAAAAAAA11111111111IIIIIIIIIIIIIIIIIIIIIIIIII
AAAAAAAAAAAAAAAAAAAAAAAAAAAA11111111111IIIIIIIIIIIIIIIIIIIIIIIII
AAAAAAAAAAAAAAAAAAAAAAAAAAAAA11111111111IIIIIIIIIIIIIIIIIIIIIIII
AAAAAAAAAAAAAAAAAAAAAAAAAAAAAA11111111111IIIIIIIIIIIIIIIIIIIIIII
AAAAAAAAAAAAAAAAAAAAAAAAAAAAAAA11111111111IIIIIIIIIIIIIIIIIIIIII
AAAAAAAAAAAAAAAAAAAAAAAAAAAAAAAA11111111111IIIIIIIIIIIIIIIIIIIII
AAAAAAAAAAAAAAAAAAAAAAAAAAAAAAAAA11111111111IIIIIIIIIIIIIIIIIIII
AAAAAAAAAAAAAAAAAAAAAAAAAAAAAAAAAA11111111111IIIIIIIIIIIIIIIIIII
AAAAAAAAAAAAAAAAAAAAAAAAAAAAAAAAAAA11111111111IIIIIIIIIIIIIIIIII
AAAAAAAAAAAAAAAAAAAAAAAAAAAAAAAAAAAA11111111111IIIIIIIIIIIIIIIII
AAAAAAAAAAAAAAAAAAAAAAAAAAAAAAAAAAAAA11111111111IIIIIIIIIIIIIIII
AAAAAAAAAAAAAAAAAAAAAAAAAAAAAAAAAAAAAA11111111111IIIIIIIIIIIIIII
AAAAAAAAAAAAAAAAAAAAAAAAAAAAAAAAAAAAAAA11111111111IIIIIIIIIIIIII
AAAAAAAAAAAAAAAAAAAAAAAAAAAAAAAAAAAAAAAA11111111111IIIIIIIIIIIII
AAAAAAAAAAAAAAAAAAAAAAAAAAAAAAAAAAAAAAAAA11111111111IIIIIIIIIIII
AAAAAAAAAAAAAAAAAAAAAAAAAAAAAAAAAAAAAAAAAA11111111111IIIIIIIIIII
AAAAAAAAAAAAAAAAAAAAAAAAAAAAAAAAAAAAAAAAAAA11111111111IIIIIIIIII
AAAAAAAAAAAAAAAAAAAAAAAAAAAAAAAAAAAAAAAAAAAA11111111111IIIIIIIII
AAAAAAAAAAAAAAAAAAAAAAAAAAAAAAAAAAAAAAAAAAAAA11111111111IIIIIIII
AAAAAAAAAAAAAAAAAAAAAAAAAAAAAAAAAAAAAAAAAAAAAA11111111111IIIIIII
AAAAAAAAAAAAAAAAAAAAAAAAAAAAAAAAAAAAAAAAAAAAAAA11111111111IIIIII
AAAAAAAAAAAAAAAAAAAAAAAAAAAAAAAAAAAAAAAAAAAAAAAA11111111111IIIII
AAAAAAAAAAAAAAAAAAAAAAAAAAAAAAAAAAAAAAAAAAAAAAAAA11111111111IIII
AAAAAAAAAAAAAAAAAAAAAAAAAAAAAAAAAAAAAAAAAAAAAAAAAA11111111111III
AAAAAAAAAAAAAAAAAAAAAAAAAAAAAAAAAAAAAAAAAAAAAAAAAAA11111111111II
AAAAAAAAAAAAAAAAAAAAAAAAAAAAAAAAAAAAAAAAAAAAAAAAAAAA11111111111I
AAAAAAAAAAAAAAAAAAAAAAAAAAAAAAAAAAAAAAAAAAAAAAAAAAAAA11111111111
AAAAAAAAAAAAAAAAAAAAAAAAAAAAAAAAAAAAAAAAAAAAAAAAAAAAAA1111111111
AAAAAAAAAAAAAAAAAAAAAAAAAAAAAAAAAAAAAAAAAAAAAAAAAAAAAAA111111111
AAAAAAAAAAAAAAAAAAAAAAAAAAAAAAAAAAAAAAAAAAAAAAAAAAAAAAAA11111111
AAAAAAAAAAAAAAAAAAAAAAAAAAAAAAAAAAAAAAAAAAAAAAAAAAAAAAAAA1111111
AAAAAAAAAAAAAAAAAAAAAAAAAAAAAAAAAAAAAAAAAAAAAAAAAAAAAAAAAA111111
AAAAAAAAAAAAAAAAAAAAAAAAAAAAAAAAAAAAAAAAAAAAAAAAAAAAAAAAAAA11111
AAAAAAAAAAAAAAAAAAAAAAAAAAAAAAAAAAAAAAAAAAAAAAAAAAAAAAAAAAAA1111
AAAAAAAAAAAAAAAAAAAAAAAAAAAAAAAAAAAAAAAAAAAAAAAAAAAAAAAAAAAAA111
AAAAAAAAAAAAAAAAAAAAAAAAAAAAAAAAAAAAAAAAAAAAAAAAAAAAAAAAAAAAAA11
AAAAAAAAAAAAAAAAAAAAAAAAAAAAAAAAAAAAAAAAAAAAAAAAAAAAAAAAAAAAAAA1
AAAAAAAAAAAAAAAAAAAAAAAAAAAAAAAAAAAAAAAAAAAAAAAAAAAAAAAAAAAAAAAA
AI1II1111II11IIIIIIIIIIIIIIIIIIIIIIIIIIIIIIIIIIIIIIIIIIIIIIIIIII
AA11I1111II11IIIIIIIIIIIIIIIIIIIIIIIIIIIIIIIIIIIIIIIIIIIIIIIIIII
AAA1I1111II11IIIIIIIIIIIIIIIIIIIIIIIIIIIIIIIIIIIIIIIIIIIIIIIIIII
AAAAI1111II11IIIIIIIIIIIIIIIIIIIIIIIIIIIIIIIIIIIIIIIIIIIIIIIIIII
AAAA1111111111IIIIIIIIIIIIIIIIIIIIIIIIIIIIIIIIIIIIIIIIIIIIIIIIII
AAAAA111111111I11IIIIIIIIIIIIIIIIIIIIIIIIIIIIIIIIIIIIIIIIIIIIIII
AAAAAA11111111I111IIIIIIIIIIIIIIIIIIIIIIIIIIIIIIIIIIIIIIIIIIIIII
AAAAAAA111111111111IIIIIIIIIIIIIIIIIIIIIIIIIIIIIIIIIIIIIIIIIIIII
AAAAAAAA111111111111IIIIIIIIIIIIIIIIIIIIIIIIIIIIIIIIIIIIIIIIIIII
AAAAAAAAA111111111111IIIIIIIIIIIIIIIIIIIIIIIIIIIIIIIIIIIIIIIIIII
AAAAAAAAAA111111111111IIIIIIIIIIIIIIIIIIIIIIIIIIIIIIIIIIIIIIIIII
AAAAAAAAAAA111111111111IIIIIIIIIIIIIIIIIIIIIIIIIIIIIIIIIIIIIIIII
AAAAAAAAAAAA111111111111IIIIIIIIIIIIIIIIIIIIIIIIIIIIIIIIIIIIIIII
AAAAAAAAAAAAA111111111111IIIIIIIIIIIIIIIIIIIIIIIIIIIIIIIIIIIIIII
AAAAAAAAAAAAAA111111111111IIIIIIIIIIIIIIIIIIIIIIIIIIIIIIIIIIIIII
AAAAAAAAAAAAAAA111111111111IIIIIIIIIIIIIIIIIIIIIIIIIIIIIIIIIIIII
AAAAAAAAAAAAAAAA111111111111IIIIIIIIIIIIIIIIIIIIIIIIIIIIIIIIIIII
AAAAAAAAAAAAAAAAA111111111111IIIIIIIIIIIIIIIIIIIIIIIIIIIIIIIIIII
AAAAAAAAAAAAAAAAAA111111111111IIIIIIIIIIIIIIIIIIIIIIIIIIIIIIIIII
AAAAAAAAAAAAAAAAAAA111111111111IIIIIIIIIIIIIIIIIIIIIIIIIIIIIIIII
AAAAAAAAAAAAAAAAAAAA111111111111IIIIIIIIIIIIIIIIIIIIIIIIIIIIIIII
AAAAAAAAAAAAAAAAAAAAA111111111111IIIIIIIIIIIIIIIIIIIIIIIIIIIIIII
AAAAAAAAAAAAAAAAAAAAAA111111111111IIIIIIIIIIIIIIIIIIIIIIIIIIIIII
AAAAAAAAAAAAAAAAAAAAAAA111111111111IIIIIIIIIIIIIIIIIIIIIIIIIIIII
AAAAAAAAAAAAAAAAAAAAAAAA111111111111IIIIIIIIIIIIIIIIIIIIIIIIIIII
AAAAAAAAAAAAAAAAAAAAAAAAA111111111111IIIIIIIIIIIIIIIIIIIIIIIIIII
AAAAAAAAAAAAAAAAAAAAAAAAAA111111111111IIIIIIIIIIIIIIIIIIIIIIIIII
AAAAAAAAAAAAAAAAAAAAAAAAAAA111111111111IIIIIIIIIIIIIIIIIIIIIIIII
AAAAAAAAAAAAAAAAAAAAAAAAAAAA111111111111IIIIIIIIIIIIIIIIIIIIIIII
AAAAAAAAAAAAAAAAAAAAAAAAAAAAA111111111111IIIIIIIIIIIIIIIIIIIIIII
AAAAAAAAAAAAAAAAAAAAAAAAAAAAAA111111111111IIIIIIIIIIIIIIIIIIIIII
AAAAAAAAAAAAAAAAAAAAAAAAAAAAAAA111111111111IIIIIIIIIIIIIIIIIIIII
AAAAAAAAAAAAAAAAAAAAAAAAAAAAAAAA111111111111IIIIIIIIIIIIIIIIIIII
AAAAAAAAAAAAAAAAAAAAAAAAAAAAAAAAA111111111111IIIIIIIIIIIIIIIIIII
AAAAAAAAAAAAAAAAAAAAAAAAAAAAAAAAAA111111111111IIIIIIIIIIIIIIIIII
AAAAAAAAAAAAAAAAAAAAAAAAAAAAAAAAAAA111111111111IIIIIIIIIIIIIIIII
AAAAAAAAAAAAAAAAAAAAAAAAAAAAAAAAAAAA111111111111IIIIIIIIIIIIIIII
AAAAAAAAAAAAAAAAAAAAAAAAAAAAAAAAAAAAA111111111111IIIIIIIIIIIIIII
AAAAAAAAAAAAAAAAAAAAAAAAAAAAAAAAAAAAAA111111111111IIIIIIIIIIIIII
AAAAAAAAAAAAAAAAAAAAAAAAAAAAAAAAAAAAAAA111111111111IIIIIIIIIIIII
AAAAAAAAAAAAAAAAAAAAAAAAAAAAAAAAAAAAAAAA111111111111IIIIIIIIIIII
AAAAAAAAAAAAAAAAAAAAAAAAAAAAAAAAAAAAAAAAA111111111111IIIIIIIIIII
AAAAAAAAAAAAAAAAAAAAAAAAAAAAAAAAAAAAAAAAAA111111111111IIIIIIIIII
AAAAAAAAAAAAAAAAAAAAAAAAAAAAAAAAAAAAAAAAAAA111111111111IIIIIIIII
AAAAAAAAAAAAAAAAAAAAAAAAAAAAAAAAAAAAAAAAAAAA111111111111IIIIIIII
AAAAAAAAAAAAAAAAAAAAAAAAAAAAAAAAAAAAAAAAAAAAA111111111111IIIIIII
AAAAAAAAAAAAAAAAAAAAAAAAAAAAAAAAAAAAAAAAAAAAAA111111111111IIIIII
AAAAAAAAAAAAAAAAAAAAAAAAAAAAAAAAAAAAAAAAAAAAAAA111111111111IIIII
AAAAAAAAAAAAAAAAAAAAAAAAAAAAAAAAAAAAAAAAAAAAAAAA111111111111IIII
AAAAAAAAAAAAAAAAAAAAAAAAAAAAAAAAAAAAAAAAAAAAAAAAA111111111111III
AAAAAAAAAAAAAAAAAAAAAAAAAAAAAAAAAAAAAAAAAAAAAAAAAA111111111111II
AAAAAAAAAAAAAAAAAAAAAAAAAAAAAAAAAAAAAAAAAAAAAAAAAAA111111111111I
AAAAAAAAAAAAAAAAAAAAAAAAAAAAAAAAAAAAAAAAAAAAAAAAAAAA111111111111
AAAAAAAAAAAAAAAAAAAAAAAAAAAAAAAAAAAAAAAAAAAAAAAAAAAAA11111111111
AAAAAAAAAAAAAAAAAAAAAAAAAAAAAAAAAAAAAAAAAAAAAAAAAAAAAA1111111111
AAAAAAAAAAAAAAAAAAAAAAAAAAAAAAAAAAAAAAAAAAAAAAAAAAAAAAA111111111
AAAAAAAAAAAAAAAAAAAAAAAAAAAAAAAAAAAAAAAAAAAAAAAAAAAAAAAA11111111
AAAAAAAAAAAAAAAAAAAAAAAAAAAAAAAAAAAAAAAAAAAAAAAAAAAAAAAAA1111111
AAAAAAAAAAAAAAAAAAAAAAAAAAAAAAAAAAAAAAAAAAAAAAAAAAAAAAAAAA111111
AAAAAAAAAAAAAAAAAAAAAAAAAAAAAAAAAAAAAAAAAAAAAAAAAAAAAAAAAAA11111
AAAAAAAAAAAAAAAAAAAAAAAAAAAAAAAAAAAAAAAAAAAAAAAAAAAAAAAAAAAA1111
AAAAAAAAAAAAAAAAAAAAAAAAAAAAAAAAAAAAAAAAAAAAAAAAAAAAAAAAAAAAA111
AAAAAAAAAAAAAAAAAAAAAAAAAAAAAAAAAAAAAAAAAAAAAAAAAAAAAAAAAAAAAA11
AAAAAAAAAAAAAAAAAAAAAAAAAAAAAAAAAAAAAAAAAAAAAAAAAAAAAAAAAAAAAAA1
AAAAAAAAAAAAAAAAAAAAAAAAAAAAAAAAAAAAAAAAAAAAAAAAAAAAAAAAAAAAAAAA
AIIII11IIII1IIIIIIIIIIIIIIIIIIIIIIIIIIIIIIIIIIIIIIIIIIIIIIIIIIII
AAIII111III11IIIIIIIIIIIIIIIIIIIIIIIIIIIIIIIIIIIIIIIIIIIIIIIIIII
AAAII1111II111IIIIIIIIIIIIIIIIIIIIIIIIIIIIIIIIIIIIIIIIIIIIIIIIII
AAAAI11111I111IIIIIIIIIIIIIIIIIIIIIIIIIIIIIIIIIIIIIIIIIIIIIIIIII
AAAAA111111111I1IIIIIIIIIIIIIIIIIIIIIIIIIIIIIIIIIIIIIIIIIIIIIIII
AAAAAA11111111I11IIIIIIIIIIIIIIIIIIIIIIIIIIIIIIIIIIIIIIIIIIIIIII
AAAAAAA1111111I111IIIIIIIIIIIIIIIIIIIIIIIIIIIIIIIIIIIIIIIIIIIIII
AAAAAAAA111111I1111IIIIIIIIIIIIIIIIIIIIIIIIIIIIIIIIIIIIIIIIIIIII
AAAAAAAAA11111111111IIIIIIIIIIIIIIIIIIIIIIIIIIIIIIIIIIIIIIIIIIII
AAAAAAAAAA11111111111IIIIIIIIIIIIIIIIIIIIIIIIIIIIIIIIIIIIIIIIIII
AAAAAAAAAAA11111111111IIIIIIIIIIIIIIIIIIIIIIIIIIIIIIIIIIIIIIIIII
AAAAAAAAAAAA11111111111IIIIIIIIIIIIIIIIIIIIIIIIIIIIIIIIIIIIIIIII
AAAAAAAAAAAAA11111111111IIIIIIIIIIIIIIIIIIIIIIIIIIIIIIIIIIIIIIII
AAAAAAAAAAAAAA11111111111IIIIIIIIIIIIIIIIIIIIIIIIIIIIIIIIIIIIIII
AAAAAAAAAAAAAAA11111111111IIIIIIIIIIIIIIIIIIIIIIIIIIIIIIIIIIIIII
AAAAAAAAAAAAAAAA11111111111IIIIIIIIIIIIIIIIIIIIIIIIIIIIIIIIIIIII
AAAAAAAAAAAAAAAAA11111111111IIIIIIIIIIIIIIIIIIIIIIIIIIIIIIIIIIII
AAAAAAAAAAAAAAAAAA11111111111IIIIIIIIIIIIIIIIIIIIIIIIIIIIIIIIIII
AAAAAAAAAAAAAAAAAAA11111111111IIIIIIIIIIIIIIIIIIIIIIIIIIIIIIIIII
AAAAAAAAAAAAAAAAAAAA11111111111IIIIIIIIIIIIIIIIIIIIIIIIIIIIIIIII
AAAAAAAAAAAAAAAAAAAAA11111111111IIIIIIIIIIIIIIIIIIIIIIIIIIIIIIII
AAAAAAAAAAAAAAAAAAAAAA11111111111IIIIIIIIIIIIIIIIIIIIIIIIIIIIIII
AAAAAAAAAAAAAAAAAAAAAAA11111111111IIIIIIIIIIIIIIIIIIIIIIIIIIIIII
AAAAAAAAAAAAAAAAAAAAAAAA11111111111IIIIIIIIIIIIIIIIIIIIIIIIIIIII
AAAAAAAAAAAAAAAAAAAAAAAAA11111111111IIIIIIIIIIIIIIIIIIIIIIIIIIII
AAAAAAAAAAAAAAAAAAAAAAAAAA11111111111IIIIIIIIIIIIIIIIIIIIIIIIIII
AAAAAAAAAAAAAAAAAAAAAAAAAAA11111111111IIIIIIIIIIIIIIIIIIIIIIIIII
AAAAAAAAAAAAAAAAAAAAAAAAAAAA11111111111IIIIIIIIIIIIIIIIIIIIIIIII
AAAAAAAAAAAAAAAAAAAAAAAAAAAAA11111111111IIIIIIIIIIIIIIIIIIIIIIII
AAAAAAAAAAAAAAAAAAAAAAAAAAAAAA11111111111IIIIIIIIIIIIIIIIIIIIIII
AAAAAAAAAAAAAAAAAAAAAAAAAAAAAAA11111111111IIIIIIIIIIIIIIIIIIIIII
AAAAAAAAAAAAAAAAAAAAAAAAAAAAAAAA11111111111IIIIIIIIIIIIIIIIIIIII
AAAAAAAAAAAAAAAAAAAAAAAAAAAAAAAAA11111111111IIIIIIIIIIIIIIIIIIII
AAAAAAAAAAAAAAAAAAAAAAAAAAAAAAAAAA11111111111IIIIIIIIIIIIIIIIIII
AAAAAAAAAAAAAAAAAAAAAAAAAAAAAAAAAAA11111111111IIIIIIIIIIIIIIIIII
AAAAAAAAAAAAAAAAAAAAAAAAAAAAAAAAAAAA11111111111IIIIIIIIIIIIIIIII
AAAAAAAAAAAAAAAAAAAAAAAAAAAAAAAAAAAAA11111111111IIIIIIIIIIIIIIII
AAAAAAAAAAAAAAAAAAAAAAAAAAAAAAAAAAAAAA11111111111IIIIIIIIIIIIIII
AAAAAAAAAAAAAAAAAAAAAAAAAAAAAAAAAAAAAAA11111111111IIIIIIIIIIIIII
AAAAAAAAAAAAAAAAAAAAAAAAAAAAAAAAAAAAAAAA11111111111IIIIIIIIIIIII
AAAAAAAAAAAAAAAAAAAAAAAAAAAAAAAAAAAAAAAAA11111111111IIIIIIIIIIII
AAAAAAAAAAAAAAAAAAAAAAAAAAAAAAAAAAAAAAAAAA11111111111IIIIIIIIIII
AAAAAAAAAAAAAAAAAAAAAAAAAAAAAAAAAAAAAAAAAAA11111111111IIIIIIIIII
AAAAAAAAAAAAAAAAAAAAAAAAAAAAAAAAAAAAAAAAAAAA11111111111IIIIIIIII
AAAAAAAAAAAAAAAAAAAAAAAAAAAAAAAAAAAAAAAAAAAAA11111111111IIIIIIII
AAAAAAAAAAAAAAAAAAAAAAAAAAAAAAAAAAAAAAAAAAAAAA11111111111IIIIIII
AAAAAAAAAAAAAAAAAAAAAAAAAAAAAAAAAAAAAAAAAAAAAAA11111111111IIIIII
AAAAAAAAAAAAAAAAAAAAAAAAAAAAAAAAAAAAAAAAAAAAAAAA11111111111IIIII
AAAAAAAAAAAAAAAAAAAAAAAAAAAAAAAAAAAAAAAAAAAAAAAAA11111111111IIII
AAAAAAAAAAAAAAAAAAAAAAAAAAAAAAAAAAAAAAAAAAAAAAAAAA11111111111III
AAAAAAAAAAAAAAAAAAAAAAAAAAAAAAAAAAAAAAAAAAAAAAAAAAA11111111111II
AAAAAAAAAAAAAAAAAAAAAAAAAAAAAAAAAAAAAAAAAAAAAAAAAAAA11111111111I
AAAAAAAAAAAAAAAAAAAAAAAAAAAAAAAAAAAAAAAAAAAAAAAAAAAAA11111111111
AAAAAAAAAAAAAAAAAAAAAAAAAAAAAAAAAAAAAAAAAAAAAAAAAAAAAA1111111111
AAAAAAAAAAAAAAAAAAAAAAAAAAAAAAAAAAAAAAAAAAAAAAAAAAAAAAA111111111
AAAAAAAAAAAAAAAAAAAAAAAAAAAAAAAAAAAAAAAAAAAAAAAAAAAAAAAA11111111
AAAAAAAAAAAAAAAAAAAAAAAAAAAAAAAAAAAAAAAAAAAAAAAAAAAAAAAAA1111111
AAAAAAAAAAAAAAAAAAAAAAAAAAAAAAAAAAAAAAAAAAAAAAAAAAAAAAAAAA111111
AAAAAAAAAAAAAAAAAAAAAAAAAAAAAAAAAAAAAAAAAAAAAAAAAAAAAAAAAAA11111
AAAAAAAAAAAAAAAAAAAAAAAAAAAAAAAAAAAAAAAAAAAAAAAAAAAAAAAAAAAA1111
AAAAAAAAAAAAAAAAAAAAAAAAAAAAAAAAAAAAAAAAAAAAAAAAAAAAAAAAAAAAA111
AAAAAAAAAAAAAAAAAAAAAAAAAAAAAAAAAAAAAAAAAAAAAAAAAAAAAAAAAAAAAA11
AAAAAAAAAAAAAAAAAAAAAAAAAAAAAAAAAAAAAAAAAAAAAAAAAAAAAAAAAAAAAAA1
AAAAAAAAAAAAAAAAAAAAAAAAAAAAAAAAAAAAAAAAAAAAAAAAAAAAAAAAAAAAAAAA
AIIII11IIII1IIIIIIIIIIIIIIIIIIIIIIIIIIIIIIIIIIIIIIIIIIIIIIIIIIII
AAIII111III11IIIIIIIIIIIIIIIIIIIIIIIIIIIIIIIIIIIIIIIIIIIIIIIIIII
AAAII1111II111IIIIIIIIIIIIIIIIIIIIIIIIIIIIIIIIIIIIIIIIIIIIIIIIII
AAAAI11111I111IIIIIIIIIIIIIIIIIIIIIIIIIIIIIIIIIIIIIIIIIIIIIIIIII
AAAAA111111111I1IIIIIIIIIIIIIIIIIIIIIIIIIIIIIIIIIIIIIIIIIIIIIIII
AAAAAA11111111I11IIIIIIIIIIIIIIIIIIIIIIIIIIIIIIIIIIIIIIIIIIIIIII
AAAAAAA1111111I111IIIIIIIIIIIIIIIIIIIIIIIIIIIIIIIIIIIIIIIIIIIIII
AAAAAAAA111111I1111IIIIIIIIIIIIIIIIIIIIIIIIIIIIIIIIIIIIIIIIIIIII
AAAAAAAAA11111111111IIIIIIIIIIIIIIIIIIIIIIIIIIIIIIIIIIIIIIIIIIII
AAAAAAAAAA11111111111IIIIIIIIIIIIIIIIIIIIIIIIIIIIIIIIIIIIIIIIIII
AAAAAAAAAAA11111111111IIIIIIIIIIIIIIIIIIIIIIIIIIIIIIIIIIIIIIIIII
AAAAAAAAAAAA11111111111IIIIIIIIIIIIIIIIIIIIIIIIIIIIIIIIIIIIIIIII
AAAAAAAAAAAAA11111111111IIIIIIIIIIIIIIIIIIIIIIIIIIIIIIIIIIIIIIII
AAAAAAAAAAAAAA11111111111IIIIIIIIIIIIIIIIIIIIIIIIIIIIIIIIIIIIIII
AAAAAAAAAAAAAAA11111111111IIIIIIIIIIIIIIIIIIIIIIIIIIIIIIIIIIIIII
AAAAAAAAAAAAAAAA11111111111IIIIIIIIIIIIIIIIIIIIIIIIIIIIIIIIIIIII
AAAAAAAAAAAAAAAAA11111111111IIIIIIIIIIIIIIIIIIIIIIIIIIIIIIIIIIII
AAAAAAAAAAAAAAAAAA11111111111IIIIIIIIIIIIIIIIIIIIIIIIIIIIIIIIIII
AAAAAAAAAAAAAAAAAAA11111111111IIIIIIIIIIIIIIIIIIIIIIIIIIIIIIIIII
AAAAAAAAAAAAAAAAAAAA11111111111IIIIIIIIIIIIIIIIIIIIIIIIIIIIIIIII
AAAAAAAAAAAAAAAAAAAAA11111111111IIIIIIIIIIIIIIIIIIIIIIIIIIIIIIII
AAAAAAAAAAAAAAAAAAAAAA11111111111IIIIIIIIIIIIIIIIIIIIIIIIIIIIIII
AAAAAAAAAAAAAAAAAAAAAAA11111111111IIIIIIIIIIIIIIIIIIIIIIIIIIIIII
AAAAAAAAAAAAAAAAAAAAAAAA11111111111IIIIIIIIIIIIIIIIIIIIIIIIIIIII
AAAAAAAAAAAAAAAAAAAAAAAAA11111111111IIIIIIIIIIIIIIIIIIIIIIIIIIII
AAAAAAAAAAAAAAAAAAAAAAAAAA11111111111IIIIIIIIIIIIIIIIIIIIIIIIIII
AAAAAAAAAAAAAAAAAAAAAAAAAAA11111111111IIIIIIIIIIIIIIIIIIIIIIIIII
AAAAAAAAAAAAAAAAAAAAAAAAAAAA11111111111IIIIIIIIIIIIIIIIIIIIIIIII
AAAAAAAAAAAAAAAAAAAAAAAAAAAAA11111111111IIIIIIIIIIIIIIIIIIIIIIII
AAAAAAAAAAAAAAAAAAAAAAAAAAAAAA11111111111IIIIIIIIIIIIIIIIIIIIIII
AAAAAAAAAAAAAAAAAAAAAAAAAAAAAAA11111111111IIIIIIIIIIIIIIIIIIIIII
AAAAAAAAAAAAAAAAAAAAAAAAAAAAAAAA11111111111IIIIIIIIIIIIIIIIIIIII
AAAAAAAAAAAAAAAAAAAAAAAAAAAAAAAAA11111111111IIIIIIIIIIIIIIIIIIII
AAAAAAAAAAAAAAAAAAAAAAAAAAAAAAAAAA11111111111IIIIIIIIIIIIIIIIIII
AAAAAAAAAAAAAAAAAAAAAAAAAAAAAAAAAAA11111111111IIIIIIIIIIIIIIIIII
AAAAAAAAAAAAAAAAAAAAAAAAAAAAAAAAAAAA11111111111IIIIIIIIIIIIIIIII
AAAAAAAAAAAAAAAAAAAAAAAAAAAAAAAAAAAAA11111111111IIIIIIIIIIIIIIII
AAAAAAAAAAAAAAAAAAAAAAAAAAAAAAAAAAAAAA11111111111IIIIIIIIIIIIIII
AAAAAAAAAAAAAAAAAAAAAAAAAAAAAAAAAAAAAAA11111111111IIIIIIIIIIIIII
AAAAAAAAAAAAAAAAAAAAAAAAAAAAAAAAAAAAAAAA11111111111IIIIIIIIIIIII
AAAAAAAAAAAAAAAAAAAAAAAAAAAAAAAAAAAAAAAAA11111111111IIIIIIIIIIII
AAAAAAAAAAAAAAAAAAAAAAAAAAAAAAAAAAAAAAAAAA11111111111IIIIIIIIIII
AAAAAAAAAAAAAAAAAAAAAAAAAAAAAAAAAAAAAAAAAAA11111111111IIIIIIIIII
AAAAAAAAAAAAAAAAAAAAAAAAAAAAAAAAAAAAAAAAAAAA11111111111IIIIIIIII
AAAAAAAAAAAAAAAAAAAAAAAAAAAAAAAAAAAAAAAAAAAAA11111111111IIIIIIII
AAAAAAAAAAAAAAAAAAAAAAAAAAAAAAAAAAAAAAAAAAAAAA11111111111IIIIIII
AAAAAAAAAAAAAAAAAAAAAAAAAAAAAAAAAAAAAAAAAAAAAAA11111111111IIIIII
AAAAAAAAAAAAAAAAAAAAAAAAAAAAAAAAAAAAAAAAAAAAAAAA11111111111IIIII
AAAAAAAAAAAAAAAAAAAAAAAAAAAAAAAAAAAAAAAAAAAAAAAAA11111111111IIII
AAAAAAAAAAAAAAAAAAAAAAAAAAAAAAAAAAAAAAAAAAAAAAAAAA11111111111III
AAAAAAAAAAAAAAAAAAAAAAAAAAAAAAAAAAAAAAAAAAAAAAAAAAA11111111111II
AAAAAAAAAAAAAAAAAAAAAAAAAAAAAAAAAAAAAAAAAAAAAAAAAAAA11111111111I
AAAAAAAAAAAAAAAAAAAAAAAAAAAAAAAAAAAAAAAAAAAAAAAAAAAAA11111111111
AAAAAAAAAAAAAAAAAAAAAAAAAAAAAAAAAAAAAAAAAAAAAAAAAAAAAA1111111111
AAAAAAAAAAAAAAAAAAAAAAAAAAAAAAAAAAAAAAAAAAAAAAAAAAAAAAA111111111
AAAAAAAAAAAAAAAAAAAAAAAAAAAAAAAAAAAAAAAAAAAAAAAAAAAAAAAA11111111
AAAAAAAAAAAAAAAAAAAAAAAAAAAAAAAAAAAAAAAAAAAAAAAAAAAAAAAAA1111111
AAAAAAAAAAAAAAAAAAAAAAAAAAAAAAAAAAAAAAAAAAAAAAAAAAAAAAAAAA111111
AAAAAAAAAAAAAAAAAAAAAAAAAAAAAAAAAAAAAAAAAAAAAAAAAAAAAAAAAAA11111
AAAAAAAAAAAAAAAAAAAAAAAAAAAAAAAAAAAAAAAAAAAAAAAAAAAAAAAAAAAA1111
AAAAAAAAAAAAAAAAAAAAAAAAAAAAAAAAAAAAAAAAAAAAAAAAAAAAAAAAAAAAA111
AAAAAAAAAAAAAAAAAAAAAAAAAAAAAAAAAAAAAAAAAAAAAAAAAAAAAAAAAAAAAA11
AAAAAAAAAAAAAAAAAAAAAAAAAAAAAAAAAAAAAAAAAAAAAAAAAAAAAAAAAAAAAAA1
AAAAAAAAAAAAAAAAAAAAAAAAAAAAAAAAAAAAAAAAAAAAAAAAAAAAAAAAAAAAAAAA
AI11IIIIIIIIIIIIIIIIIIIIIIIIIIIIIIIIIIIIIIIIIIIIIIIIIIIIIIIIIIII
AA111IIIIIIIIIIIIIIIIIIIIIIIIIIIIIIIIIIIIIIIIIIIIIIIIIIIIIIIIIII
AAA111IIIIIIIIIIIIIIIIIIIIIIIIIIIIIIIIIIIIIIIIIIIIIIIIIIIIIIIIII
AAAA111IIIIIIIIIIIIIIIIIIIIIIIIIIIIIIIIIIIIIIIIIIIIIIIIIIIIIIIII
AAAAA111IIIIIIIIIIIIIIIIIIIIIIIIIIIIIIIIIIIIIIIIIIIIIIIIIIIIIIII
AAAAAA111IIIIIIIIIIIIIIIIIIIIIIIIIIIIIIIIIIIIIIIIIIIIIIIIIIIIIII
AAAAAAA111IIIIIIIIIIIIIIIIIIIIIIIIIIIIIIIIIIIIIIIIIIIIIIIIIIIIII
AAAAAAAA111IIIIIIIIIIIIIIIIIIIIIIIIIIIIIIIIIIIIIIIIIIIIIIIIIIIII
AAAAAAAAA111IIIIIIIIIIIIIIIIIIIIIIIIIIIIIIIIIIIIIIIIIIIIIIIIIIII
AAAAAAAAAA111IIIIIIIIIIIIIIIIIIIIIIIIIIIIIIIIIIIIIIIIIIIIIIIIIII
AAAAAAAAAAA111IIIIIIIIIIIIIIIIIIIIIIIIIIIIIIIIIIIIIIIIIIIIIIIIII
AAAAAAAAAAAA111IIIIIIIIIIIIIIIIIIIIIIIIIIIIIIIIIIIIIIIIIIIIIIIII
AAAAAAAAAAAAA111IIIIIIIIIIIIIIIIIIIIIIIIIIIIIIIIIIIIIIIIIIIIIIII
AAAAAAAAAAAAAA111IIIIIIIIIIIIIIIIIIIIIIIIIIIIIIIIIIIIIIIIIIIIIII
AAAAAAAAAAAAAAA111IIIIIIIIIIIIIIIIIIIIIIIIIIIIIIIIIIIIIIIIIIIIII
AAAAAAAAAAAAAAAA111IIIIIIIIIIIIIIIIIIIIIIIIIIIIIIIIIIIIIIIIIIIII
AAAAAAAAAAAAAAAAA111IIIIIIIIIIIIIIIIIIIIIIIIIIIIIIIIIIIIIIIIIIII
AAAAAAAAAAAAAAAAAA111IIIIIIIIIIIIIIIIIIIIIIIIIIIIIIIIIIIIIIIIIII
AAAAAAAAAAAAAAAAAAA111IIIIIIIIIIIIIIIIIIIIIIIIIIIIIIIIIIIIIIIIII
AAAAAAAAAAAAAAAAAAAA111IIIIIIIIIIIIIIIIIIIIIIIIIIIIIIIIIIIIIIIII
AAAAAAAAAAAAAAAAAAAAA111IIIIIIIIIIIIIIIIIIIIIIIIIIIIIIIIIIIIIIII
AAAAAAAAAAAAAAAAAAAAAA111IIIIIIIIIIIIIIIIIIIIIIIIIIIIIIIIIIIIIII
AAAAAAAAAAAAAAAAAAAAAAA111IIIIIIIIIIIIIIIIIIIIIIIIIIIIIIIIIIIIII
AAAAAAAAAAAAAAAAAAAAAAAA111IIIIIIIIIIIIIIIIIIIIIIIIIIIIIIIIIIIII
AAAAAAAAAAAAAAAAAAAAAAAAA111IIIIIIIIIIIIIIIIIIIIIIIIIIIIIIIIIIII
AAAAAAAAAAAAAAAAAAAAAAAAAA111IIIIIIIIIIIIIIIIIIIIIIIIIIIIIIIIIII
AAAAAAAAAAAAAAAAAAAAAAAAAAA111IIIIIIIIIIIIIIIIIIIIIIIIIIIIIIIIII
AAAAAAAAAAAAAAAAAAAAAAAAAAAA111IIIIIIIIIIIIIIIIIIIIIIIIIIIIIIIII
AAAAAAAAAAAAAAAAAAAAAAAAAAAAA111IIIIIIIIIIIIIIIIIIIIIIIIIIIIIIII
AAAAAAAAAAAAAAAAAAAAAAAAAAAAAA111IIIIIIIIIIIIIIIIIIIIIIIIIIIIIII
AAAAAAAAAAAAAAAAAAAAAAAAAAAAAAA111IIIIIIIIIIIIIIIIIIIIIIIIIIIIII
AAAAAAAAAAAAAAAAAAAAAAAAAAAAAAAA111IIIIIIIIIIIIIIIIIIIIIIIIIIIII
AAAAAAAAAAAAAAAAAAAAAAAAAAAAAAAAA111IIIIIIIIIIIIIIIIIIIIIIIIIIII
AAAAAAAAAAAAAAAAAAAAAAAAAAAAAAAAAA111IIIIIIIIIIIIIIIIIIIIIIIIIII
AAAAAAAAAAAAAAAAAAAAAAAAAAAAAAAAAAA111IIIIIIIIIIIIIIIIIIIIIIIIII
AAAAAAAAAAAAAAAAAAAAAAAAAAAAAAAAAAAA111IIIIIIIIIIIIIIIIIIIIIIIII
AAAAAAAAAAAAAAAAAAAAAAAAAAAAAAAAAAAAA111IIIIIIIIIIIIIIIIIIIIIIII
AAAAAAAAAAAAAAAAAAAAAAAAAAAAAAAAAAAAAA111IIIIIIIIIIIIIIIIIIIIIII
AAAAAAAAAAAAAAAAAAAAAAAAAAAAAAAAAAAAAAA111IIIIIIIIIIIIIIIIIIIIII
AAAAAAAAAAAAAAAAAAAAAAAAAAAAAAAAAAAAAAAA111IIIIIIIIIIIIIIIIIIIII
AAAAAAAAAAAAAAAAAAAAAAAAAAAAAAAAAAAAAAAAA111IIIIIIIIIIIIIIIIIIII
AAAAAAAAAAAAAAAAAAAAAAAAAAAAAAAAAAAAAAAAAA111IIIIIIIIIIIIIIIIIII
AAAAAAAAAAAAAAAAAAAAAAAAAAAAAAAAAAAAAAAAAAA111IIIIIIIIIIIIIIIIII
AAAAAAAAAAAAAAAAAAAAAAAAAAAAAAAAAAAAAAAAAAAA111IIIIIIIIIIIIIIIII
AAAAAAAAAAAAAAAAAAAAAAAAAAAAAAAAAAAAAAAAAAAAA111IIIIIIIIIIIIIIII
AAAAAAAAAAAAAAAAAAAAAAAAAAAAAAAAAAAAAAAAAAAAAA111IIIIIIIIIIIIIII
AAAAAAAAAAAAAAAAAAAAAAAAAAAAAAAAAAAAAAAAAAAAAAA111IIIIIIIIIIIIII
AAAAAAAAAAAAAAAAAAAAAAAAAAAAAAAAAAAAAAAAAAAAAAAA111IIIIIIIIIIIII
AAAAAAAAAAAAAAAAAAAAAAAAAAAAAAAAAAAAAAAAAAAAAAAAA111IIIIIIIIIIII
AAAAAAAAAAAAAAAAAAAAAAAAAAAAAAAAAAAAAAAAAAAAAAAAAA111IIIIIIIIIII
AAAAAAAAAAAAAAAAAAAAAAAAAAAAAAAAAAAAAAAAAAAAAAAAAAA111IIIIIIIIII
AAAAAAAAAAAAAAAAAAAAAAAAAAAAAAAAAAAAAAAAAAAAAAAAAAAA111IIIIIIIII
AAAAAAAAAAAAAAAAAAAAAAAAAAAAAAAAAAAAAAAAAAAAAAAAAAAAA111IIIIIIII
AAAAAAAAAAAAAAAAAAAAAAAAAAAAAAAAAAAAAAAAAAAAAAAAAAAAAA111IIIIIII
AAAAAAAAAAAAAAAAAAAAAAAAAAAAAAAAAAAAAAAAAAAAAAAAAAAAAAA111IIIIII
AAAAAAAAAAAAAAAAAAAAAAAAAAAAAAAAAAAAAAAAAAAAAAAAAAAAAAAA111IIIII
AAAAAAAAAAAAAAAAAAAAAAAAAAAAAAAAAAAAAAAAAAAAAAAAAAAAAAAAA111IIII
AAAAAAAAAAAAAAAAAAAAAAAAAAAAAAAAAAAAAAAAAAAAAAAAAAAAAAAAAA111III
AAAAAAAAAAAAAAAAAAAAAAAAAAAAAAAAAAAAAAAAAAAAAAAAAAAAAAAAAAA111II
AAAAAAAAAAAAAAAAAAAAAAAAAAAAAAAAAAAAAAAAAAAAAAAAAAAAAAAAAAAA111I
AAAAAAAAAAAAAAAAAAAAAAAAAAAAAAAAAAAAAAAAAAAAAAAAAAAAAAAAAAAAA111
AAAAAAAAAAAAAAAAAAAAAAAAAAAAAAAAAAAAAAAAAAAAAAAAAAAAAAAAAAAAAA11
AAAAAAAAAAAAAAAAAAAAAAAAAAAAAAAAAAAAAAAAAAAAAAAAAAAAAAAAAAAAAAA1
AAAAAAAAAAAAAAAAAAAAAAAAAAAAAAAAAAAAAAAAAAAAAAAAAAAAAAAAAAAAAAAA
AIIII11IIII1IIIIIIIIIIIIIIIIIIIIIIIIIIIIIIIIIIIIIIIIIIIIIIIIIIII
AAIII111III11IIIIIIIIIIIIIIIIIIIIIIIIIIIIIIIIIIIIIIIIIIIIIIIIIII
AAAII1111II111IIIIIIIIIIIIIIIIIIIIIIIIIIIIIIIIIIIIIIIIIIIIIIIIII
AAAAI11111I111IIIIIIIIIIIIIIIIIIIIIIIIIIIIIIIIIIIIIIIIIIIIIIIIII
AAAAA111111111I1IIIIIIIIIIIIIIIIIIIIIIIIIIIIIIIIIIIIIIIIIIIIIIII
AAAAAA11111111I11IIIIIIIIIIIIIIIIIIIIIIIIIIIIIIIIIIIIIIIIIIIIIII
AAAAAAA1111111I111IIIIIIIIIIIIIIIIIIIIIIIIIIIIIIIIIIIIIIIIIIIIII
AAAAAAAA111111I1111IIIIIIIIIIIIIIIIIIIIIIIIIIIIIIIIIIIIIIIIIIIII
AAAAAAAAA11111111111IIIIIIIIIIIIIIIIIIIIIIIIIIIIIIIIIIIIIIIIIIII
AAAAAAAAAA11111111111IIIIIIIIIIIIIIIIIIIIIIIIIIIIIIIIIIIIIIIIIII
AAAAAAAAAAA11111111111IIIIIIIIIIIIIIIIIIIIIIIIIIIIIIIIIIIIIIIIII
AAAAAAAAAAAA11111111111IIIIIIIIIIIIIIIIIIIIIIIIIIIIIIIIIIIIIIIII
AAAAAAAAAAAAA11111111111IIIIIIIIIIIIIIIIIIIIIIIIIIIIIIIIIIIIIIII
AAAAAAAAAAAAAA11111111111IIIIIIIIIIIIIIIIIIIIIIIIIIIIIIIIIIIIIII
AAAAAAAAAAAAAAA11111111111IIIIIIIIIIIIIIIIIIIIIIIIIIIIIIIIIIIIII
AAAAAAAAAAAAAAAA11111111111IIIIIIIIIIIIIIIIIIIIIIIIIIIIIIIIIIIII
AAAAAAAAAAAAAAAAA11111111111IIIIIIIIIIIIIIIIIIIIIIIIIIIIIIIIIIII
AAAAAAAAAAAAAAAAAA11111111111IIIIIIIIIIIIIIIIIIIIIIIIIIIIIIIIIII
AAAAAAAAAAAAAAAAAAA11111111111IIIIIIIIIIIIIIIIIIIIIIIIIIIIIIIIII
AAAAAAAAAAAAAAAAAAAA11111111111IIIIIIIIIIIIIIIIIIIIIIIIIIIIIIIII
AAAAAAAAAAAAAAAAAAAAA11111111111IIIIIIIIIIIIIIIIIIIIIIIIIIIIIIII
AAAAAAAAAAAAAAAAAAAAAA11111111111IIIIIIIIIIIIIIIIIIIIIIIIIIIIIII
AAAAAAAAAAAAAAAAAAAAAAA11111111111IIIIIIIIIIIIIIIIIIIIIIIIIIIIII
AAAAAAAAAAAAAAAAAAAAAAAA11111111111IIIIIIIIIIIIIIIIIIIIIIIIIIIII
AAAAAAAAAAAAAAAAAAAAAAAAA11111111111IIIIIIIIIIIIIIIIIIIIIIIIIIII
AAAAAAAAAAAAAAAAAAAAAAAAAA11111111111IIIIIIIIIIIIIIIIIIIIIIIIIII
AAAAAAAAAAAAAAAAAAAAAAAAAAA11111111111IIIIIIIIIIIIIIIIIIIIIIIIII
AAAAAAAAAAAAAAAAAAAAAAAAAAAA11111111111IIIIIIIIIIIIIIIIIIIIIIIII
AAAAAAAAAAAAAAAAAAAAAAAAAAAAA11111111111IIIIIIIIIIIIIIIIIIIIIIII
AAAAAAAAAAAAAAAAAAAAAAAAAAAAAA11111111111IIIIIIIIIIIIIIIIIIIIIII
AAAAAAAAAAAAAAAAAAAAAAAAAAAAAAA11111111111IIIIIIIIIIIIIIIIIIIIII
AAAAAAAAAAAAAAAAAAAAAAAAAAAAAAAA11111111111IIIIIIIIIIIIIIIIIIIII
AAAAAAAAAAAAAAAAAAAAAAAAAAAAAAAAA11111111111IIIIIIIIIIIIIIIIIIII
AAAAAAAAAAAAAAAAAAAAAAAAAAAAAAAAAA11111111111IIIIIIIIIIIIIIIIIII
AAAAAAAAAAAAAAAAAAAAAAAAAAAAAAAAAAA11111111111IIIIIIIIIIIIIIIIII
AAAAAAAAAAAAAAAAAAAAAAAAAAAAAAAAAAAA11111111111IIIIIIIIIIIIIIIII
AAAAAAAAAAAAAAAAAAAAAAAAAAAAAAAAAAAAA11111111111IIIIIIIIIIIIIIII
AAAAAAAAAAAAAAAAAAAAAAAAAAAAAAAAAAAAAA11111111111IIIIIIIIIIIIIII
AAAAAAAAAAAAAAAAAAAAAAAAAAAAAAAAAAAAAAA11111111111IIIIIIIIIIIIII
AAAAAAAAAAAAAAAAAAAAAAAAAAAAAAAAAAAAAAAA11111111111IIIIIIIIIIIII
AAAAAAAAAAAAAAAAAAAAAAAAAAAAAAAAAAAAAAAAA11111111111IIIIIIIIIIII
AAAAAAAAAAAAAAAAAAAAAAAAAAAAAAAAAAAAAAAAAA11111111111IIIIIIIIIII
AAAAAAAAAAAAAAAAAAAAAAAAAAAAAAAAAAAAAAAAAAA11111111111IIIIIIIIII
AAAAAAAAAAAAAAAAAAAAAAAAAAAAAAAAAAAAAAAAAAAA11111111111IIIIIIIII
AAAAAAAAAAAAAAAAAAAAAAAAAAAAAAAAAAAAAAAAAAAAA11111111111IIIIIIII
AAAAAAAAAAAAAAAAAAAAAAAAAAAAAAAAAAAAAAAAAAAAAA11111111111IIIIIII
AAAAAAAAAAAAAAAAAAAAAAAAAAAAAAAAAAAAAAAAAAAAAAA11111111111IIIIII
AAAAAAAAAAAAAAAAAAAAAAAAAAAAAAAAAAAAAAAAAAAAAAAA11111111111IIIII
AAAAAAAAAAAAAAAAAAAAAAAAAAAAAAAAAAAAAAAAAAAAAAAAA11111111111IIII
AAAAAAAAAAAAAAAAAAAAAAAAAAAAAAAAAAAAAAAAAAAAAAAAAA11111111111III
AAAAAAAAAAAAAAAAAAAAAAAAAAAAAAAAAAAAAAAAAAAAAAAAAAA11111111111II
AAAAAAAAAAAAAAAAAAAAAAAAAAAAAAAAAAAAAAAAAAAAAAAAAAAA11111111111I
AAAAAAAAAAAAAAAAAAAAAAAAAAAAAAAAAAAAAAAAAAAAAAAAAAAAA11111111111
AAAAAAAAAAAAAAAAAAAAAAAAAAAAAAAAAAAAAAAAAAAAAAAAAAAAAA1111111111
AAAAAAAAAAAAAAAAAAAAAAAAAAAAAAAAAAAAAAAAAAAAAAAAAAAAAAA111111111
AAAAAAAAAAAAAAAAAAAAAAAAAAAAAAAAAAAAAAAAAAAAAAAAAAAAAAAA11111111
AAAAAAAAAAAAAAAAAAAAAAAAAAAAAAAAAAAAAAAAAAAAAAAAAAAAAAAAA1111111
AAAAAAAAAAAAAAAAAAAAAAAAAAAAAAAAAAAAAAAAAAAAAAAAAAAAAAAAAA111111
AAAAAAAAAAAAAAAAAAAAAAAAAAAAAAAAAAAAAAAAAAAAAAAAAAAAAAAAAAA11111
AAAAAAAAAAAAAAAAAAAAAAAAAAAAAAAAAAAAAAAAAAAAAAAAAAAAAAAAAAAA1111
AAAAAAAAAAAAAAAAAAAAAAAAAAAAAAAAAAAAAAAAAAAAAAAAAAAAAAAAAAAAA111
AAAAAAAAAAAAAAAAAAAAAAAAAAAAAAAAAAAAAAAAAAAAAAAAAAAAAAAAAAAAAA11
AAAAAAAAAAAAAAAAAAAAAAAAAAAAAAAAAAAAAAAAAAAAAAAAAAAAAAAAAAAAAAA1
AAAAAAAAAAAAAAAAAAAAAAAAAAAAAAAAAAAAAAAAAAAAAAAAAAAAAAAAAAAAAAAA
AIIII11IIII1IIIIIIIIIIIIIIIIIIIIIIIIIIIIIIIIIIIIIIIIIIIIIIIIIIII
AAIII111III11IIIIIIIIIIIIIIIIIIIIIIIIIIIIIIIIIIIIIIIIIIIIIIIIIII
AAAII1111II111IIIIIIIIIIIIIIIIIIIIIIIIIIIIIIIIIIIIIIIIIIIIIIIIII
AAAAI11111I111IIIIIIIIIIIIIIIIIIIIIIIIIIIIIIIIIIIIIIIIIIIIIIIIII
AAAAA111111111I1IIIIIIIIIIIIIIIIIIIIIIIIIIIIIIIIIIIIIIIIIIIIIIII
AAAAAA11111111I11IIIIIIIIIIIIIIIIIIIIIIIIIIIIIIIIIIIIIIIIIIIIIII
AAAAAAA1111111I111IIIIIIIIIIIIIIIIIIIIIIIIIIIIIIIIIIIIIIIIIIIIII
AAAAAAAA111111I1111IIIIIIIIIIIIIIIIIIIIIIIIIIIIIIIIIIIIIIIIIIIII
AAAAAAAAA11111111111IIIIIIIIIIIIIIIIIIIIIIIIIIIIIIIIIIIIIIIIIIII
AAAAAAAAAA11111111111IIIIIIIIIIIIIIIIIIIIIIIIIIIIIIIIIIIIIIIIIII
AAAAAAAAAAA11111111111IIIIIIIIIIIIIIIIIIIIIIIIIIIIIIIIIIIIIIIIII
AAAAAAAAAAAA11111111111IIIIIIIIIIIIIIIIIIIIIIIIIIIIIIIIIIIIIIIII
AAAAAAAAAAAAA11111111111IIIIIIIIIIIIIIIIIIIIIIIIIIIIIIIIIIIIIIII
AAAAAAAAAAAAAA11111111111IIIIIIIIIIIIIIIIIIIIIIIIIIIIIIIIIIIIIII
AAAAAAAAAAAAAAA11111111111IIIIIIIIIIIIIIIIIIIIIIIIIIIIIIIIIIIIII
AAAAAAAAAAAAAAAA11111111111IIIIIIIIIIIIIIIIIIIIIIIIIIIIIIIIIIIII
AAAAAAAAAAAAAAAAA11111111111IIIIIIIIIIIIIIIIIIIIIIIIIIIIIIIIIIII
AAAAAAAAAAAAAAAAAA11111111111IIIIIIIIIIIIIIIIIIIIIIIIIIIIIIIIIII
AAAAAAAAAAAAAAAAAAA11111111111IIIIIIIIIIIIIIIIIIIIIIIIIIIIIIIIII
AAAAAAAAAAAAAAAAAAAA11111111111IIIIIIIIIIIIIIIIIIIIIIIIIIIIIIIII
AAAAAAAAAAAAAAAAAAAAA11111111111IIIIIIIIIIIIIIIIIIIIIIIIIIIIIIII
AAAAAAAAAAAAAAAAAAAAAA11111111111IIIIIIIIIIIIIIIIIIIIIIIIIIIIIII
AAAAAAAAAAAAAAAAAAAAAAA11111111111IIIIIIIIIIIIIIIIIIIIIIIIIIIIII
AAAAAAAAAAAAAAAAAAAAAAAA11111111111IIIIIIIIIIIIIIIIIIIIIIIIIIIII
AAAAAAAAAAAAAAAAAAAAAAAAA11111111111IIIIIIIIIIIIIIIIIIIIIIIIIIII
AAAAAAAAAAAAAAAAAAAAAAAAAA11111111111IIIIIIIIIIIIIIIIIIIIIIIIIII
AAAAAAAAAAAAAAAAAAAAAAAAAAA11111111111IIIIIIIIIIIIIIIIIIIIIIIIII
AAAAAAAAAAAAAAAAAAAAAAAAAAAA11111111111IIIIIIIIIIIIIIIIIIIIIIIII
AAAAAAAAAAAAAAAAAAAAAAAAAAAAA11111111111IIIIIIIIIIIIIIIIIIIIIIII
AAAAAAAAAAAAAAAAAAAAAAAAAAAAAA11111111111IIIIIIIIIIIIIIIIIIIIIII
AAAAAAAAAAAAAAAAAAAAAAAAAAAAAAA11111111111IIIIIIIIIIIIIIIIIIIIII
AAAAAAAAAAAAAAAAAAAAAAAAAAAAAAAA11111111111IIIIIIIIIIIIIIIIIIIII
AAAAAAAAAAAAAAAAAAAAAAAAAAAAAAAAA11111111111IIIIIIIIIIIIIIIIIIII
AAAAAAAAAAAAAAAAAAAAAAAAAAAAAAAAAA11111111111IIIIIIIIIIIIIIIIIII
AAAAAAAAAAAAAAAAAAAAAAAAAAAAAAAAAAA11111111111IIIIIIIIIIIIIIIIII
AAAAAAAAAAAAAAAAAAAAAAAAAAAAAAAAAAAA11111111111IIIIIIIIIIIIIIIII
AAAAAAAAAAAAAAAAAAAAAAAAAAAAAAAAAAAAA11111111111IIIIIIIIIIIIIIII
AAAAAAAAAAAAAAAAAAAAAAAAAAAAAAAAAAAAAA11111111111IIIIIIIIIIIIIII
AAAAAAAAAAAAAAAAAAAAAAAAAAAAAAAAAAAAAAA11111111111IIIIIIIIIIIIII
AAAAAAAAAAAAAAAAAAAAAAAAAAAAAAAAAAAAAAAA11111111111IIIIIIIIIIIII
AAAAAAAAAAAAAAAAAAAAAAAAAAAAAAAAAAAAAAAAA11111111111IIIIIIIIIIII
AAAAAAAAAAAAAAAAAAAAAAAAAAAAAAAAAAAAAAAAAA11111111111IIIIIIIIIII
AAAAAAAAAAAAAAAAAAAAAAAAAAAAAAAAAAAAAAAAAAA11111111111IIIIIIIIII
AAAAAAAAAAAAAAAAAAAAAAAAAAAAAAAAAAAAAAAAAAAA11111111111IIIIIIIII
AAAAAAAAAAAAAAAAAAAAAAAAAAAAAAAAAAAAAAAAAAAAA11111111111IIIIIIII
AAAAAAAAAAAAAAAAAAAAAAAAAAAAAAAAAAAAAAAAAAAAAA11111111111IIIIIII
AAAAAAAAAAAAAAAAAAAAAAAAAAAAAAAAAAAAAAAAAAAAAAA11111111111IIIIII
AAAAAAAAAAAAAAAAAAAAAAAAAAAAAAAAAAAAAAAAAAAAAAAA11111111111IIIII
AAAAAAAAAAAAAAAAAAAAAAAAAAAAAAAAAAAAAAAAAAAAAAAAA11111111111IIII
AAAAAAAAAAAAAAAAAAAAAAAAAAAAAAAAAAAAAAAAAAAAAAAAAA11111111111III
AAAAAAAAAAAAAAAAAAAAAAAAAAAAAAAAAAAAAAAAAAAAAAAAAAA11111111111II
AAAAAAAAAAAAAAAAAAAAAAAAAAAAAAAAAAAAAAAAAAAAAAAAAAAA11111111111I
AAAAAAAAAAAAAAAAAAAAAAAAAAAAAAAAAAAAAAAAAAAAAAAAAAAAA11111111111
AAAAAAAAAAAAAAAAAAAAAAAAAAAAAAAAAAAAAAAAAAAAAAAAAAAAAA1111111111
AAAAAAAAAAAAAAAAAAAAAAAAAAAAAAAAAAAAAAAAAAAAAAAAAAAAAAA111111111
AAAAAAAAAAAAAAAAAAAAAAAAAAAAAAAAAAAAAAAAAAAAAAAAAAAAAAAA11111111
AAAAAAAAAAAAAAAAAAAAAAAAAAAAAAAAAAAAAAAAAAAAAAAAAAAAAAAAA1111111
AAAAAAAAAAAAAAAAAAAAAAAAAAAAAAAAAAAAAAAAAAAAAAAAAAAAAAAAAA111111
AAAAAAAAAAAAAAAAAAAAAAAAAAAAAAAAAAAAAAAAAAAAAAAAAAAAAAAAAAA11111
AAAAAAAAAAAAAAAAAAAAAAAAAAAAAAAAAAAAAAAAAAAAAAAAAAAAAAAAAAAA1111
AAAAAAAAAAAAAAAAAAAAAAAAAAAAAAAAAAAAAAAAAAAAAAAAAAAAAAAAAAAAA111
AAAAAAAAAAAAAAAAAAAAAAAAAAAAAAAAAAAAAAAAAAAAAAAAAAAAAAAAAAAAAA11
AAAAAAAAAAAAAAAAAAAAAAAAAAAAAAAAAAAAAAAAAAAAAAAAAAAAAAAAAAAAAAA1
AAAAAAAAAAAAAAAAAAAAAAAAAAAAAAAAAAAAAAAAAAAAAAAAAAAAAAAAAAAAAAAA
AIIII11IIII1IIIIIIIIIIIIIIIIIIIIIIIIIIIIIIIIIIIIIIIIIIIIIIIIIIII
AAIII111III11IIIIIIIIIIIIIIIIIIIIIIIIIIIIIIIIIIIIIIIIIIIIIIIIIII
AAAII1111II111IIIIIIIIIIIIIIIIIIIIIIIIIIIIIIIIIIIIIIIIIIIIIIIIII
AAAAI11111I111IIIIIIIIIIIIIIIIIIIIIIIIIIIIIIIIIIIIIIIIIIIIIIIIII
AAAAA111111111I1IIIIIIIIIIIIIIIIIIIIIIIIIIIIIIIIIIIIIIIIIIIIIIII
AAAAAA11111111I11IIIIIIIIIIIIIIIIIIIIIIIIIIIIIIIIIIIIIIIIIIIIIII
AAAAAAA1111111I111IIIIIIIIIIIIIIIIIIIIIIIIIIIIIIIIIIIIIIIIIIIIII
AAAAAAAA111111I1111IIIIIIIIIIIIIIIIIIIIIIIIIIIIIIIIIIIIIIIIIIIII
AAAAAAAAA11111111111IIIIIIIIIIIIIIIIIIIIIIIIIIIIIIIIIIIIIIIIIIII
AAAAAAAAAA11111111111IIIIIIIIIIIIIIIIIIIIIIIIIIIIIIIIIIIIIIIIIII
AAAAAAAAAAA11111111111IIIIIIIIIIIIIIIIIIIIIIIIIIIIIIIIIIIIIIIIII
AAAAAAAAAAAA11111111111IIIIIIIIIIIIIIIIIIIIIIIIIIIIIIIIIIIIIIIII
AAAAAAAAAAAAA11111111111IIIIIIIIIIIIIIIIIIIIIIIIIIIIIIIIIIIIIIII
AAAAAAAAAAAAAA11111111111IIIIIIIIIIIIIIIIIIIIIIIIIIIIIIIIIIIIIII
AAAAAAAAAAAAAAA11111111111IIIIIIIIIIIIIIIIIIIIIIIIIIIIIIIIIIIIII
AAAAAAAAAAAAAAAA11111111111IIIIIIIIIIIIIIIIIIIIIIIIIIIIIIIIIIIII
AAAAAAAAAAAAAAAAA11111111111IIIIIIIIIIIIIIIIIIIIIIIIIIIIIIIIIIII
AAAAAAAAAAAAAAAAAA11111111111IIIIIIIIIIIIIIIIIIIIIIIIIIIIIIIIIII
AAAAAAAAAAAAAAAAAAA11111111111IIIIIIIIIIIIIIIIIIIIIIIIIIIIIIIIII
AAAAAAAAAAAAAAAAAAAA11111111111IIIIIIIIIIIIIIIIIIIIIIIIIIIIIIIII
AAAAAAAAAAAAAAAAAAAAA11111111111IIIIIIIIIIIIIIIIIIIIIIIIIIIIIIII
AAAAAAAAAAAAAAAAAAAAAA11111111111IIIIIIIIIIIIIIIIIIIIIIIIIIIIIII
AAAAAAAAAAAAAAAAAAAAAAA11111111111IIIIIIIIIIIIIIIIIIIIIIIIIIIIII
AAAAAAAAAAAAAAAAAAAAAAAA11111111111IIIIIIIIIIIIIIIIIIIIIIIIIIIII
AAAAAAAAAAAAAAAAAAAAAAAAA11111111111IIIIIIIIIIIIIIIIIIIIIIIIIIII
AAAAAAAAAAAAAAAAAAAAAAAAAA11111111111IIIIIIIIIIIIIIIIIIIIIIIIIII
AAAAAAAAAAAAAAAAAAAAAAAAAAA11111111111IIIIIIIIIIIIIIIIIIIIIIIIII
AAAAAAAAAAAAAAAAAAAAAAAAAAAA11111111111IIIIIIIIIIIIIIIIIIIIIIIII
AAAAAAAAAAAAAAAAAAAAAAAAAAAAA11111111111IIIIIIIIIIIIIIIIIIIIIIII
AAAAAAAAAAAAAAAAAAAAAAAAAAAAAA11111111111IIIIIIIIIIIIIIIIIIIIIII
AAAAAAAAAAAAAAAAAAAAAAAAAAAAAAA11111111111IIIIIIIIIIIIIIIIIIIIII
AAAAAAAAAAAAAAAAAAAAAAAAAAAAAAAA11111111111IIIIIIIIIIIIIIIIIIIII
AAAAAAAAAAAAAAAAAAAAAAAAAAAAAAAAA11111111111IIIIIIIIIIIIIIIIIIII
AAAAAAAAAAAAAAAAAAAAAAAAAAAAAAAAAA11111111111IIIIIIIIIIIIIIIIIII
AAAAAAAAAAAAAAAAAAAAAAAAAAAAAAAAAAA11111111111IIIIIIIIIIIIIIIIII
AAAAAAAAAAAAAAAAAAAAAAAAAAAAAAAAAAAA11111111111IIIIIIIIIIIIIIIII
AAAAAAAAAAAAAAAAAAAAAAAAAAAAAAAAAAAAA11111111111IIIIIIIIIIIIIIII
AAAAAAAAAAAAAAAAAAAAAAAAAAAAAAAAAAAAAA11111111111IIIIIIIIIIIIIII
AAAAAAAAAAAAAAAAAAAAAAAAAAAAAAAAAAAAAAA11111111111IIIIIIIIIIIIII
AAAAAAAAAAAAAAAAAAAAAAAAAAAAAAAAAAAAAAAA11111111111IIIIIIIIIIIII
AAAAAAAAAAAAAAAAAAAAAAAAAAAAAAAAAAAAAAAAA11111111111IIIIIIIIIIII
AAAAAAAAAAAAAAAAAAAAAAAAAAAAAAAAAAAAAAAAAA11111111111IIIIIIIIIII
AAAAAAAAAAAAAAAAAAAAAAAAAAAAAAAAAAAAAAAAAAA11111111111IIIIIIIIII
AAAAAAAAAAAAAAAAAAAAAAAAAAAAAAAAAAAAAAAAAAAA11111111111IIIIIIIII
AAAAAAAAAAAAAAAAAAAAAAAAAAAAAAAAAAAAAAAAAAAAA11111111111IIIIIIII
AAAAAAAAAAAAAAAAAAAAAAAAAAAAAAAAAAAAAAAAAAAAAA11111111111IIIIIII
AAAAAAAAAAAAAAAAAAAAAAAAAAAAAAAAAAAAAAAAAAAAAAA11111111111IIIIII
AAAAAAAAAAAAAAAAAAAAAAAAAAAAAAAAAAAAAAAAAAAAAAAA11111111111IIIII
AAAAAAAAAAAAAAAAAAAAAAAAAAAAAAAAAAAAAAAAAAAAAAAAA11111111111IIII
AAAAAAAAAAAAAAAAAAAAAAAAAAAAAAAAAAAAAAAAAAAAAAAAAA11111111111III
AAAAAAAAAAAAAAAAAAAAAAAAAAAAAAAAAAAAAAAAAAAAAAAAAAA11111111111II
AAAAAAAAAAAAAAAAAAAAAAAAAAAAAAAAAAAAAAAAAAAAAAAAAAAA11111111111I
AAAAAAAAAAAAAAAAAAAAAAAAAAAAAAAAAAAAAAAAAAAAAAAAAAAAA11111111111
AAAAAAAAAAAAAAAAAAAAAAAAAAAAAAAAAAAAAAAAAAAAAAAAAAAAAA1111111111
AAAAAAAAAAAAAAAAAAAAAAAAAAAAAAAAAAAAAAAAAAAAAAAAAAAAAAA111111111
AAAAAAAAAAAAAAAAAAAAAAAAAAAAAAAAAAAAAAAAAAAAAAAAAAAAAAAA11111111
AAAAAAAAAAAAAAAAAAAAAAAAAAAAAAAAAAAAAAAAAAAAAAAAAAAAAAAAA1111111
AAAAAAAAAAAAAAAAAAAAAAAAAAAAAAAAAAAAAAAAAAAAAAAAAAAAAAAAAA111111
AAAAAAAAAAAAAAAAAAAAAAAAAAAAAAAAAAAAAAAAAAAAAAAAAAAAAAAAAAA11111
AAAAAAAAAAAAAAAAAAAAAAAAAAAAAAAAAAAAAAAAAAAAAAAAAAAAAAAAAAAA1111
AAAAAAAAAAAAAAAAAAAAAAAAAAAAAAAAAAAAAAAAAAAAAAAAAAAAAAAAAAAAA111
AAAAAAAAAAAAAAAAAAAAAAAAAAAAAAAAAAAAAAAAAAAAAAAAAAAAAAAAAAAAAA11
AAAAAAAAAAAAAAAAAAAAAAAAAAAAAAAAAAAAAAAAAAAAAAAAAAAAAAAAAAAAAAA1
AAAAAAAAAAAAAAAAAAAAAAAAAAAAAAAAAAAAAAAAAAAAAAAAAAAAAAAAAAAAAAAA
AIIII11IIII1IIIIIIIIIIIIIIIIIIIIIIIIIIIIIIIIIIIIIIIIIIIIIIIIIIII
AAIII111III11IIIIIIIIIIIIIIIIIIIIIIIIIIIIIIIIIIIIIIIIIIIIIIIIIII
AAAII1111II111IIIIIIIIIIIIIIIIIIIIIIIIIIIIIIIIIIIIIIIIIIIIIIIIII
AAAAI11111I111IIIIIIIIIIIIIIIIIIIIIIIIIIIIIIIIIIIIIIIIIIIIIIIIII
AAAAA111111111I1IIIIIIIIIIIIIIIIIIIIIIIIIIIIIIIIIIIIIIIIIIIIIIII
AAAAAA11111111I11IIIIIIIIIIIIIIIIIIIIIIIIIIIIIIIIIIIIIIIIIIIIIII
AAAAAAA1111111I111IIIIIIIIIIIIIIIIIIIIIIIIIIIIIIIIIIIIIIIIIIIIII
AAAAAAAA111111I1111IIIIIIIIIIIIIIIIIIIIIIIIIIIIIIIIIIIIIIIIIIIII
AAAAAAAAA11111111111IIIIIIIIIIIIIIIIIIIIIIIIIIIIIIIIIIIIIIIIIIII
AAAAAAAAAA11111111111IIIIIIIIIIIIIIIIIIIIIIIIIIIIIIIIIIIIIIIIIII
AAAAAAAAAAA11111111111IIIIIIIIIIIIIIIIIIIIIIIIIIIIIIIIIIIIIIIIII
AAAAAAAAAAAA11111111111IIIIIIIIIIIIIIIIIIIIIIIIIIIIIIIIIIIIIIIII
AAAAAAAAAAAAA11111111111IIIIIIIIIIIIIIIIIIIIIIIIIIIIIIIIIIIIIIII
AAAAAAAAAAAAAA11111111111IIIIIIIIIIIIIIIIIIIIIIIIIIIIIIIIIIIIIII
AAAAAAAAAAAAAAA11111111111IIIIIIIIIIIIIIIIIIIIIIIIIIIIIIIIIIIIII
AAAAAAAAAAAAAAAA11111111111IIIIIIIIIIIIIIIIIIIIIIIIIIIIIIIIIIIII
AAAAAAAAAAAAAAAAA11111111111IIIIIIIIIIIIIIIIIIIIIIIIIIIIIIIIIIII
AAAAAAAAAAAAAAAAAA11111111111IIIIIIIIIIIIIIIIIIIIIIIIIIIIIIIIIII
AAAAAAAAAAAAAAAAAAA11111111111IIIIIIIIIIIIIIIIIIIIIIIIIIIIIIIIII
AAAAAAAAAAAAAAAAAAAA11111111111IIIIIIIIIIIIIIIIIIIIIIIIIIIIIIIII
AAAAAAAAAAAAAAAAAAAAA11111111111IIIIIIIIIIIIIIIIIIIIIIIIIIIIIIII
AAAAAAAAAAAAAAAAAAAAAA11111111111IIIIIIIIIIIIIIIIIIIIIIIIIIIIIII
AAAAAAAAAAAAAAAAAAAAAAA11111111111IIIIIIIIIIIIIIIIIIIIIIIIIIIIII
AAAAAAAAAAAAAAAAAAAAAAAA11111111111IIIIIIIIIIIIIIIIIIIIIIIIIIIII
AAAAAAAAAAAAAAAAAAAAAAAAA11111111111IIIIIIIIIIIIIIIIIIIIIIIIIIII
AAAAAAAAAAAAAAAAAAAAAAAAAA11111111111IIIIIIIIIIIIIIIIIIIIIIIIIII
AAAAAAAAAAAAAAAAAAAAAAAAAAA11111111111IIIIIIIIIIIIIIIIIIIIIIIIII
AAAAAAAAAAAAAAAAAAAAAAAAAAAA11111111111IIIIIIIIIIIIIIIIIIIIIIIII
AAAAAAAAAAAAAAAAAAAAAAAAAAAAA11111111111IIIIIIIIIIIIIIIIIIIIIIII
AAAAAAAAAAAAAAAAAAAAAAAAAAAAAA11111111111IIIIIIIIIIIIIIIIIIIIIII
AAAAAAAAAAAAAAAAAAAAAAAAAAAAAAA11111111111IIIIIIIIIIIIIIIIIIIIII
AAAAAAAAAAAAAAAAAAAAAAAAAAAAAAAA11111111111IIIIIIIIIIIIIIIIIIIII
AAAAAAAAAAAAAAAAAAAAAAAAAAAAAAAAA11111111111IIIIIIIIIIIIIIIIIIII
AAAAAAAAAAAAAAAAAAAAAAAAAAAAAAAAAA11111111111IIIIIIIIIIIIIIIIIII
AAAAAAAAAAAAAAAAAAAAAAAAAAAAAAAAAAA11111111111IIIIIIIIIIIIIIIIII
AAAAAAAAAAAAAAAAAAAAAAAAAAAAAAAAAAAA11111111111IIIIIIIIIIIIIIIII
AAAAAAAAAAAAAAAAAAAAAAAAAAAAAAAAAAAAA11111111111IIIIIIIIIIIIIIII
AAAAAAAAAAAAAAAAAAAAAAAAAAAAAAAAAAAAAA11111111111IIIIIIIIIIIIIII
AAAAAAAAAAAAAAAAAAAAAAAAAAAAAAAAAAAAAAA11111111111IIIIIIIIIIIIII
AAAAAAAAAAAAAAAAAAAAAAAAAAAAAAAAAAAAAAAA11111111111IIIIIIIIIIIII
AAAAAAAAAAAAAAAAAAAAAAAAAAAAAAAAAAAAAAAAA11111111111IIIIIIIIIIII
AAAAAAAAAAAAAAAAAAAAAAAAAAAAAAAAAAAAAAAAAA11111111111IIIIIIIIIII
AAAAAAAAAAAAAAAAAAAAAAAAAAAAAAAAAAAAAAAAAAA11111111111IIIIIIIIII
AAAAAAAAAAAAAAAAAAAAAAAAAAAAAAAAAAAAAAAAAAAA11111111111IIIIIIIII
AAAAAAAAAAAAAAAAAAAAAAAAAAAAAAAAAAAAAAAAAAAAA11111111111IIIIIIII
AAAAAAAAAAAAAAAAAAAAAAAAAAAAAAAAAAAAAAAAAAAAAA11111111111IIIIIII
AAAAAAAAAAAAAAAAAAAAAAAAAAAAAAAAAAAAAAAAAAAAAAA11111111111IIIIII
AAAAAAAAAAAAAAAAAAAAAAAAAAAAAAAAAAAAAAAAAAAAAAAA11111111111IIIII
AAAAAAAAAAAAAAAAAAAAAAAAAAAAAAAAAAAAAAAAAAAAAAAAA11111111111IIII
AAAAAAAAAAAAAAAAAAAAAAAAAAAAAAAAAAAAAAAAAAAAAAAAAA11111111111III
AAAAAAAAAAAAAAAAAAAAAAAAAAAAAAAAAAAAAAAAAAAAAAAAAAA11111111111II
AAAAAAAAAAAAAAAAAAAAAAAAAAAAAAAAAAAAAAAAAAAAAAAAAAAA11111111111I
AAAAAAAAAAAAAAAAAAAAAAAAAAAAAAAAAAAAAAAAAAAAAAAAAAAAA11111111111
AAAAAAAAAAAAAAAAAAAAAAAAAAAAAAAAAAAAAAAAAAAAAAAAAAAAAA1111111111
AAAAAAAAAAAAAAAAAAAAAAAAAAAAAAAAAAAAAAAAAAAAAAAAAAAAAAA111111111
AAAAAAAAAAAAAAAAAAAAAAAAAAAAAAAAAAAAAAAAAAAAAAAAAAAAAAAA11111111
AAAAAAAAAAAAAAAAAAAAAAAAAAAAAAAAAAAAAAAAAAAAAAAAAAAAAAAAA1111111
AAAAAAAAAAAAAAAAAAAAAAAAAAAAAAAAAAAAAAAAAAAAAAAAAAAAAAAAAA111111
AAAAAAAAAAAAAAAAAAAAAAAAAAAAAAAAAAAAAAAAAAAAAAAAAAAAAAAAAAA11111
AAAAAAAAAAAAAAAAAAAAAAAAAAAAAAAAAAAAAAAAAAAAAAAAAAAAAAAAAAAA1111
AAAAAAAAAAAAAAAAAAAAAAAAAAAAAAAAAAAAAAAAAAAAAAAAAAAAAAAAAAAAA111
AAAAAAAAAAAAAAAAAAAAAAAAAAAAAAAAAAAAAAAAAAAAAAAAAAAAAAAAAAAAAA11
AAAAAAAAAAAAAAAAAAAAAAAAAAAAAAAAAAAAAAAAAAAAAAAAAAAAAAAAAAAAAAA1
AAAAAAAAAAAAAAAAAAAAAAAAAAAAAAAAAAAAAAAAAAAAAAAAAAAAAAAAAAAAAAAA
AI11I11111IIIIIIIIIIIIIIIIIIIIIIIIIIIIIIIIIIIIIIIIIIIIIIIIIIIIII
AA11111111IIIIIIIIIIIIIIIIIIIIIIIIIIIIIIIIIIIIIIIIIIIIIIIIIIIIII
AAA1111111IIIIIIIIIIIIIIIIIIIIIIIIIIIIIIIIIIIIIIIIIIIIIIIIIIIIII
AAAA111111IIIIIIIIIIIIIIIIIIIIIIIIIIIIIIIIIIIIIIIIIIIIIIIIIIIIII
AAAA11111111IIIIIIIIIIIIIIIIIIIIIIIIIIIIIIIIIIIIIIIIIIIIIIIIIIII
AAAAA1111111IIIIIIIIIIIIIIIIIIIIIIIIIIIIIIIIIIIIIIIIIIIIIIIIIIII
AAAAAA111111IIIIIIIIIIIIIIIIIIIIIIIIIIIIIIIIIIIIIIIIIIIIIIIIIIII
AAAAAAA11111IIIIIIIIIIIIIIIIIIIIIIIIIIIIIIIIIIIIIIIIIIIIIIIIIIII
AAAAAAAA1111IIIIIIIIIIIIIIIIIIIIIIIIIIIIIIIIIIIIIIIIIIIIIIIIIIII
AAAAAAAAA111IIIIIIIIIIIIIIIIIIIIIIIIIIIIIIIIIIIIIIIIIIIIIIIIIIII
AAAAAAAAAA11IIIIIIIIIIIIIIIIIIIIIIIIIIIIIIIIIIIIIIIIIIIIIIIIIIII
AAAAAAAAAAA1IIIIIIIIIIIIIIIIIIIIIIIIIIIIIIIIIIIIIIIIIIIIIIIIIIII
AAAAAAAAAAAA1IIIIIIIIIIIIIIIIIIIIIIIIIIIIIIIIIIIIIIIIIIIIIIIIIII
AAAAAAAAAAAAA1IIIIIIIIIIIIIIIIIIIIIIIIIIIIIIIIIIIIIIIIIIIIIIIIII
AAAAAAAAAAAAAA1IIIIIIIIIIIIIIIIIIIIIIIIIIIIIIIIIIIIIIIIIIIIIIIII
AAAAAAAAAAAAAAA1IIIIIIIIIIIIIIIIIIIIIIIIIIIIIIIIIIIIIIIIIIIIIIII
AAAAAAAAAAAAAAAA1IIIIIIIIIIIIIIIIIIIIIIIIIIIIIIIIIIIIIIIIIIIIIII
AAAAAAAAAAAAAAAAA1IIIIIIIIIIIIIIIIIIIIIIIIIIIIIIIIIIIIIIIIIIIIII
AAAAAAAAAAAAAAAAAA1IIIIIIIIIIIIIIIIIIIIIIIIIIIIIIIIIIIIIIIIIIIII
AAAAAAAAAAAAAAAAAAA1IIIIIIIIIIIIIIIIIIIIIIIIIIIIIIIIIIIIIIIIIIII
AAAAAAAAAAAAAAAAAAAA1IIIIIIIIIIIIIIIIIIIIIIIIIIIIIIIIIIIIIIIIIII
AAAAAAAAAAAAAAAAAAAAA1IIIIIIIIIIIIIIIIIIIIIIIIIIIIIIIIIIIIIIIIII
AAAAAAAAAAAAAAAAAAAAAA1IIIIIIIIIIIIIIIIIIIIIIIIIIIIIIIIIIIIIIIII
AAAAAAAAAAAAAAAAAAAAAAA1IIIIIIIIIIIIIIIIIIIIIIIIIIIIIIIIIIIIIIII
AAAAAAAAAAAAAAAAAAAAAAAA1IIIIIIIIIIIIIIIIIIIIIIIIIIIIIIIIIIIIIII
AAAAAAAAAAAAAAAAAAAAAAAAA1IIIIIIIIIIIIIIIIIIIIIIIIIIIIIIIIIIIIII
AAAAAAAAAAAAAAAAAAAAAAAAAA1IIIIIIIIIIIIIIIIIIIIIIIIIIIIIIIIIIIII
AAAAAAAAAAAAAAAAAAAAAAAAAAA1IIIIIIIIIIIIIIIIIIIIIIIIIIIIIIIIIIII
AAAAAAAAAAAAAAAAAAAAAAAAAAAA1IIIIIIIIIIIIIIIIIIIIIIIIIIIIIIIIIII
AAAAAAAAAAAAAAAAAAAAAAAAAAAAA1IIIIIIIIIIIIIIIIIIIIIIIIIIIIIIIIII
AAAAAAAAAAAAAAAAAAAAAAAAAAAAAA1IIIIIIIIIIIIIIIIIIIIIIIIIIIIIIIII
AAAAAAAAAAAAAAAAAAAAAAAAAAAAAAA1IIIIIIIIIIIIIIIIIIIIIIIIIIIIIIII
AAAAAAAAAAAAAAAAAAAAAAAAAAAAAAAA1IIIIIIIIIIIIIIIIIIIIIIIIIIIIIII
AAAAAAAAAAAAAAAAAAAAAAAAAAAAAAAAA1IIIIIIIIIIIIIIIIIIIIIIIIIIIIII
AAAAAAAAAAAAAAAAAAAAAAAAAAAAAAAAAA1IIIIIIIIIIIIIIIIIIIIIIIIIIIII
AAAAAAAAAAAAAAAAAAAAAAAAAAAAAAAAAAA1IIIIIIIIIIIIIIIIIIIIIIIIIIII
AAAAAAAAAAAAAAAAAAAAAAAAAAAAAAAAAAAA1IIIIIIIIIIIIIIIIIIIIIIIIIII
AAAAAAAAAAAAAAAAAAAAAAAAAAAAAAAAAAAAA1IIIIIIIIIIIIIIIIIIIIIIIIII
AAAAAAAAAAAAAAAAAAAAAAAAAAAAAAAAAAAAAA1IIIIIIIIIIIIIIIIIIIIIIIII
AAAAAAAAAAAAAAAAAAAAAAAAAAAAAAAAAAAAAAA1IIIIIIIIIIIIIIIIIIIIIIII
AAAAAAAAAAAAAAAAAAAAAAAAAAAAAAAAAAAAAAAA1IIIIIIIIIIIIIIIIIIIIIII
AAAAAAAAAAAAAAAAAAAAAAAAAAAAAAAAAAAAAAAAA1IIIIIIIIIIIIIIIIIIIIII
AAAAAAAAAAAAAAAAAAAAAAAAAAAAAAAAAAAAAAAAAA1IIIIIIIIIIIIIIIIIIIII
AAAAAAAAAAAAAAAAAAAAAAAAAAAAAAAAAAAAAAAAAAA1IIIIIIIIIIIIIIIIIIII
AAAAAAAAAAAAAAAAAAAAAAAAAAAAAAAAAAAAAAAAAAAA1IIIIIIIIIIIIIIIIIII
AAAAAAAAAAAAAAAAAAAAAAAAAAAAAAAAAAAAAAAAAAAAA1IIIIIIIIIIIIIIIIII
AAAAAAAAAAAAAAAAAAAAAAAAAAAAAAAAAAAAAAAAAAAAAA1IIIIIIIIIIIIIIIII
AAAAAAAAAAAAAAAAAAAAAAAAAAAAAAAAAAAAAAAAAAAAAAA1IIIIIIIIIIIIIIII
AAAAAAAAAAAAAAAAAAAAAAAAAAAAAAAAAAAAAAAAAAAAAAAA1IIIIIIIIIIIIIII
AAAAAAAAAAAAAAAAAAAAAAAAAAAAAAAAAAAAAAAAAAAAAAAAA1IIIIIIIIIIIIII
AAAAAAAAAAAAAAAAAAAAAAAAAAAAAAAAAAAAAAAAAAAAAAAAAA1IIIIIIIIIIIII
AAAAAAAAAAAAAAAAAAAAAAAAAAAAAAAAAAAAAAAAAAAAAAAAAAA1IIIIIIIIIIII
AAAAAAAAAAAAAAAAAAAAAAAAAAAAAAAAAAAAAAAAAAAAAAAAAAAA1IIIIIIIIIII
AAAAAAAAAAAAAAAAAAAAAAAAAAAAAAAAAAAAAAAAAAAAAAAAAAAAA1IIIIIIIIII
AAAAAAAAAAAAAAAAAAAAAAAAAAAAAAAAAAAAAAAAAAAAAAAAAAAAAA1IIIIIIIII
AAAAAAAAAAAAAAAAAAAAAAAAAAAAAAAAAAAAAAAAAAAAAAAAAAAAAAA1IIIIIIII
AAAAAAAAAAAAAAAAAAAAAAAAAAAAAAAAAAAAAAAAAAAAAAAAAAAAAAAA1IIIIIII
AAAAAAAAAAAAAAAAAAAAAAAAAAAAAAAAAAAAAAAAAAAAAAAAAAAAAAAAA1IIIIII
AAAAAAAAAAAAAAAAAAAAAAAAAAAAAAAAAAAAAAAAAAAAAAAAAAAAAAAAAA1IIIII
AAAAAAAAAAAAAAAAAAAAAAAAAAAAAAAAAAAAAAAAAAAAAAAAAAAAAAAAAAA1IIII
AAAAAAAAAAAAAAAAAAAAAAAAAAAAAAAAAAAAAAAAAAAAAAAAAAAAAAAAAAAA1III
AAAAAAAAAAAAAAAAAAAAAAAAAAAAAAAAAAAAAAAAAAAAAAAAAAAAAAAAAAAAA1II
AAAAAAAAAAAAAAAAAAAAAAAAAAAAAAAAAAAAAAAAAAAAAAAAAAAAAAAAAAAAAA1I
AAAAAAAAAAAAAAAAAAAAAAAAAAAAAAAAAAAAAAAAAAAAAAAAAAAAAAAAAAAAAAA1
AAAAAAAAAAAAAAAAAAAAAAAAAAAAAAAAAAAAAAAAAAAAAAAAAAAAAAAAAAAAAAAA
AIIII11IIII1IIIIIIIIIIIIIIIIIIIIIIIIIIIIIIIIIIIIIIIIIIIIIIIIIIII
AAIII111III11IIIIIIIIIIIIIIIIIIIIIIIIIIIIIIIIIIIIIIIIIIIIIIIIIII
AAAII1111II111IIIIIIIIIIIIIIIIIIIIIIIIIIIIIIIIIIIIIIIIIIIIIIIIII
AAAAI11111I111IIIIIIIIIIIIIIIIIIIIIIIIIIIIIIIIIIIIIIIIIIIIIIIIII
AAAAA111111111I1IIIIIIIIIIIIIIIIIIIIIIIIIIIIIIIIIIIIIIIIIIIIIIII
AAAAAA11111111I11IIIIIIIIIIIIIIIIIIIIIIIIIIIIIIIIIIIIIIIIIIIIIII
AAAAAAA1111111I111IIIIIIIIIIIIIIIIIIIIIIIIIIIIIIIIIIIIIIIIIIIIII
AAAAAAAA111111I1111IIIIIIIIIIIIIIIIIIIIIIIIIIIIIIIIIIIIIIIIIIIII
AAAAAAAAA11111111111IIIIIIIIIIIIIIIIIIIIIIIIIIIIIIIIIIIIIIIIIIII
AAAAAAAAAA11111111111IIIIIIIIIIIIIIIIIIIIIIIIIIIIIIIIIIIIIIIIIII
AAAAAAAAAAA11111111111IIIIIIIIIIIIIIIIIIIIIIIIIIIIIIIIIIIIIIIIII
AAAAAAAAAAAA11111111111IIIIIIIIIIIIIIIIIIIIIIIIIIIIIIIIIIIIIIIII
AAAAAAAAAAAAA11111111111IIIIIIIIIIIIIIIIIIIIIIIIIIIIIIIIIIIIIIII
AAAAAAAAAAAAAA11111111111IIIIIIIIIIIIIIIIIIIIIIIIIIIIIIIIIIIIIII
AAAAAAAAAAAAAAA11111111111IIIIIIIIIIIIIIIIIIIIIIIIIIIIIIIIIIIIII
AAAAAAAAAAAAAAAA11111111111IIIIIIIIIIIIIIIIIIIIIIIIIIIIIIIIIIIII
AAAAAAAAAAAAAAAAA11111111111IIIIIIIIIIIIIIIIIIIIIIIIIIIIIIIIIIII
AAAAAAAAAAAAAAAAAA11111111111IIIIIIIIIIIIIIIIIIIIIIIIIIIIIIIIIII
AAAAAAAAAAAAAAAAAAA11111111111IIIIIIIIIIIIIIIIIIIIIIIIIIIIIIIIII
AAAAAAAAAAAAAAAAAAAA11111111111IIIIIIIIIIIIIIIIIIIIIIIIIIIIIIIII
AAAAAAAAAAAAAAAAAAAAA11111111111IIIIIIIIIIIIIIIIIIIIIIIIIIIIIIII
AAAAAAAAAAAAAAAAAAAAAA11111111111IIIIIIIIIIIIIIIIIIIIIIIIIIIIIII
AAAAAAAAAAAAAAAAAAAAAAA11111111111IIIIIIIIIIIIIIIIIIIIIIIIIIIIII
AAAAAAAAAAAAAAAAAAAAAAAA11111111111IIIIIIIIIIIIIIIIIIIIIIIIIIIII
AAAAAAAAAAAAAAAAAAAAAAAAA11111111111IIIIIIIIIIIIIIIIIIIIIIIIIIII
AAAAAAAAAAAAAAAAAAAAAAAAAA11111111111IIIIIIIIIIIIIIIIIIIIIIIIIII
AAAAAAAAAAAAAAAAAAAAAAAAAAA11111111111IIIIIIIIIIIIIIIIIIIIIIIIII
AAAAAAAAAAAAAAAAAAAAAAAAAAAA11111111111IIIIIIIIIIIIIIIIIIIIIIIII
AAAAAAAAAAAAAAAAAAAAAAAAAAAAA11111111111IIIIIIIIIIIIIIIIIIIIIIII
AAAAAAAAAAAAAAAAAAAAAAAAAAAAAA11111111111IIIIIIIIIIIIIIIIIIIIIII
AAAAAAAAAAAAAAAAAAAAAAAAAAAAAAA11111111111IIIIIIIIIIIIIIIIIIIIII
AAAAAAAAAAAAAAAAAAAAAAAAAAAAAAAA11111111111IIIIIIIIIIIIIIIIIIIII
AAAAAAAAAAAAAAAAAAAAAAAAAAAAAAAAA11111111111IIIIIIIIIIIIIIIIIIII
AAAAAAAAAAAAAAAAAAAAAAAAAAAAAAAAAA11111111111IIIIIIIIIIIIIIIIIII
AAAAAAAAAAAAAAAAAAAAAAAAAAAAAAAAAAA11111111111IIIIIIIIIIIIIIIIII
AAAAAAAAAAAAAAAAAAAAAAAAAAAAAAAAAAAA11111111111IIIIIIIIIIIIIIIII
AAAAAAAAAAAAAAAAAAAAAAAAAAAAAAAAAAAAA11111111111IIIIIIIIIIIIIIII
AAAAAAAAAAAAAAAAAAAAAAAAAAAAAAAAAAAAAA11111111111IIIIIIIIIIIIIII
AAAAAAAAAAAAAAAAAAAAAAAAAAAAAAAAAAAAAAA11111111111IIIIIIIIIIIIII
AAAAAAAAAAAAAAAAAAAAAAAAAAAAAAAAAAAAAAAA11111111111IIIIIIIIIIIII
AAAAAAAAAAAAAAAAAAAAAAAAAAAAAAAAAAAAAAAAA11111111111IIIIIIIIIIII
AAAAAAAAAAAAAAAAAAAAAAAAAAAAAAAAAAAAAAAAAA11111111111IIIIIIIIIII
AAAAAAAAAAAAAAAAAAAAAAAAAAAAAAAAAAAAAAAAAAA11111111111IIIIIIIIII
AAAAAAAAAAAAAAAAAAAAAAAAAAAAAAAAAAAAAAAAAAAA11111111111IIIIIIIII
AAAAAAAAAAAAAAAAAAAAAAAAAAAAAAAAAAAAAAAAAAAAA11111111111IIIIIIII
AAAAAAAAAAAAAAAAAAAAAAAAAAAAAAAAAAAAAAAAAAAAAA11111111111IIIIIII
AAAAAAAAAAAAAAAAAAAAAAAAAAAAAAAAAAAAAAAAAAAAAAA11111111111IIIIII
AAAAAAAAAAAAAAAAAAAAAAAAAAAAAAAAAAAAAAAAAAAAAAAA11111111111IIIII
AAAAAAAAAAAAAAAAAAAAAAAAAAAAAAAAAAAAAAAAAAAAAAAAA11111111111IIII
AAAAAAAAAAAAAAAAAAAAAAAAAAAAAAAAAAAAAAAAAAAAAAAAAA11111111111III
AAAAAAAAAAAAAAAAAAAAAAAAAAAAAAAAAAAAAAAAAAAAAAAAAAA11111111111II
AAAAAAAAAAAAAAAAAAAAAAAAAAAAAAAAAAAAAAAAAAAAAAAAAAAA11111111111I
AAAAAAAAAAAAAAAAAAAAAAAAAAAAAAAAAAAAAAAAAAAAAAAAAAAAA11111111111
AAAAAAAAAAAAAAAAAAAAAAAAAAAAAAAAAAAAAAAAAAAAAAAAAAAAAA1111111111
AAAAAAAAAAAAAAAAAAAAAAAAAAAAAAAAAAAAAAAAAAAAAAAAAAAAAAA111111111
AAAAAAAAAAAAAAAAAAAAAAAAAAAAAAAAAAAAAAAAAAAAAAAAAAAAAAAA11111111
AAAAAAAAAAAAAAAAAAAAAAAAAAAAAAAAAAAAAAAAAAAAAAAAAAAAAAAAA1111111
AAAAAAAAAAAAAAAAAAAAAAAAAAAAAAAAAAAAAAAAAAAAAAAAAAAAAAAAAA111111
AAAAAAAAAAAAAAAAAAAAAAAAAAAAAAAAAAAAAAAAAAAAAAAAAAAAAAAAAAA11111
AAAAAAAAAAAAAAAAAAAAAAAAAAAAAAAAAAAAAAAAAAAAAAAAAAAAAAAAAAAA1111
AAAAAAAAAAAAAAAAAAAAAAAAAAAAAAAAAAAAAAAAAAAAAAAAAAAAAAAAAAAAA111
AAAAAAAAAAAAAAAAAAAAAAAAAAAAAAAAAAAAAAAAAAAAAAAAAAAAAAAAAAAAAA11
AAAAAAAAAAAAAAAAAAAAAAAAAAAAAAAAAAAAAAAAAAAAAAAAAAAAAAAAAAAAAAA1
AAAAAAAAAAAAAAAAAAAAAAAAAAAAAAAAAAAAAAAAAAAAAAAAAAAAAAAAAAAAAAAA
AIIII11IIII1IIIIIIIIIIIIIIIIIIIIIIIIIIIIIIIIIIIIIIIIIIIIIIIIIIII
AAIII111III11IIIIIIIIIIIIIIIIIIIIIIIIIIIIIIIIIIIIIIIIIIIIIIIIIII
AAAII1111II111IIIIIIIIIIIIIIIIIIIIIIIIIIIIIIIIIIIIIIIIIIIIIIIIII
AAAAI11111I111IIIIIIIIIIIIIIIIIIIIIIIIIIIIIIIIIIIIIIIIIIIIIIIIII
AAAAA111111111I1IIIIIIIIIIIIIIIIIIIIIIIIIIIIIIIIIIIIIIIIIIIIIIII
AAAAAA11111111I11IIIIIIIIIIIIIIIIIIIIIIIIIIIIIIIIIIIIIIIIIIIIIII
AAAAAAA1111111I111IIIIIIIIIIIIIIIIIIIIIIIIIIIIIIIIIIIIIIIIIIIIII
AAAAAAAA111111I1111IIIIIIIIIIIIIIIIIIIIIIIIIIIIIIIIIIIIIIIIIIIII
AAAAAAAAA11111111111IIIIIIIIIIIIIIIIIIIIIIIIIIIIIIIIIIIIIIIIIIII
AAAAAAAAAA11111111111IIIIIIIIIIIIIIIIIIIIIIIIIIIIIIIIIIIIIIIIIII
AAAAAAAAAAA11111111111IIIIIIIIIIIIIIIIIIIIIIIIIIIIIIIIIIIIIIIIII
AAAAAAAAAAAA11111111111IIIIIIIIIIIIIIIIIIIIIIIIIIIIIIIIIIIIIIIII
AAAAAAAAAAAAA11111111111IIIIIIIIIIIIIIIIIIIIIIIIIIIIIIIIIIIIIIII
AAAAAAAAAAAAAA11111111111IIIIIIIIIIIIIIIIIIIIIIIIIIIIIIIIIIIIIII
AAAAAAAAAAAAAAA11111111111IIIIIIIIIIIIIIIIIIIIIIIIIIIIIIIIIIIIII
AAAAAAAAAAAAAAAA11111111111IIIIIIIIIIIIIIIIIIIIIIIIIIIIIIIIIIIII
AAAAAAAAAAAAAAAAA11111111111IIIIIIIIIIIIIIIIIIIIIIIIIIIIIIIIIIII
AAAAAAAAAAAAAAAAAA11111111111IIIIIIIIIIIIIIIIIIIIIIIIIIIIIIIIIII
AAAAAAAAAAAAAAAAAAA11111111111IIIIIIIIIIIIIIIIIIIIIIIIIIIIIIIIII
AAAAAAAAAAAAAAAAAAAA11111111111IIIIIIIIIIIIIIIIIIIIIIIIIIIIIIIII
AAAAAAAAAAAAAAAAAAAAA11111111111IIIIIIIIIIIIIIIIIIIIIIIIIIIIIIII
AAAAAAAAAAAAAAAAAAAAAA11111111111IIIIIIIIIIIIIIIIIIIIIIIIIIIIIII
AAAAAAAAAAAAAAAAAAAAAAA11111111111IIIIIIIIIIIIIIIIIIIIIIIIIIIIII
AAAAAAAAAAAAAAAAAAAAAAAA11111111111IIIIIIIIIIIIIIIIIIIIIIIIIIIII
AAAAAAAAAAAAAAAAAAAAAAAAA11111111111IIIIIIIIIIIIIIIIIIIIIIIIIIII
AAAAAAAAAAAAAAAAAAAAAAAAAA11111111111IIIIIIIIIIIIIIIIIIIIIIIIIII
AAAAAAAAAAAAAAAAAAAAAAAAAAA11111111111IIIIIIIIIIIIIIIIIIIIIIIIII
AAAAAAAAAAAAAAAAAAAAAAAAAAAA11111111111IIIIIIIIIIIIIIIIIIIIIIIII
AAAAAAAAAAAAAAAAAAAAAAAAAAAAA11111111111IIIIIIIIIIIIIIIIIIIIIIII
AAAAAAAAAAAAAAAAAAAAAAAAAAAAAA11111111111IIIIIIIIIIIIIIIIIIIIIII
AAAAAAAAAAAAAAAAAAAAAAAAAAAAAAA11111111111IIIIIIIIIIIIIIIIIIIIII
AAAAAAAAAAAAAAAAAAAAAAAAAAAAAAAA11111111111IIIIIIIIIIIIIIIIIIIII
AAAAAAAAAAAAAAAAAAAAAAAAAAAAAAAAA11111111111IIIIIIIIIIIIIIIIIIII
AAAAAAAAAAAAAAAAAAAAAAAAAAAAAAAAAA11111111111IIIIIIIIIIIIIIIIIII
AAAAAAAAAAAAAAAAAAAAAAAAAAAAAAAAAAA11111111111IIIIIIIIIIIIIIIIII
AAAAAAAAAAAAAAAAAAAAAAAAAAAAAAAAAAAA11111111111IIIIIIIIIIIIIIIII
AAAAAAAAAAAAAAAAAAAAAAAAAAAAAAAAAAAAA11111111111IIIIIIIIIIIIIIII
AAAAAAAAAAAAAAAAAAAAAAAAAAAAAAAAAAAAAA11111111111IIIIIIIIIIIIIII
AAAAAAAAAAAAAAAAAAAAAAAAAAAAAAAAAAAAAAA11111111111IIIIIIIIIIIIII
AAAAAAAAAAAAAAAAAAAAAAAAAAAAAAAAAAAAAAAA11111111111IIIIIIIIIIIII
AAAAAAAAAAAAAAAAAAAAAAAAAAAAAAAAAAAAAAAAA11111111111IIIIIIIIIIII
AAAAAAAAAAAAAAAAAAAAAAAAAAAAAAAAAAAAAAAAAA11111111111IIIIIIIIIII
AAAAAAAAAAAAAAAAAAAAAAAAAAAAAAAAAAAAAAAAAAA11111111111IIIIIIIIII
AAAAAAAAAAAAAAAAAAAAAAAAAAAAAAAAAAAAAAAAAAAA11111111111IIIIIIIII
AAAAAAAAAAAAAAAAAAAAAAAAAAAAAAAAAAAAAAAAAAAAA11111111111IIIIIIII
AAAAAAAAAAAAAAAAAAAAAAAAAAAAAAAAAAAAAAAAAAAAAA11111111111IIIIIII
AAAAAAAAAAAAAAAAAAAAAAAAAAAAAAAAAAAAAAAAAAAAAAA11111111111IIIIII
AAAAAAAAAAAAAAAAAAAAAAAAAAAAAAAAAAAAAAAAAAAAAAAA11111111111IIIII
AAAAAAAAAAAAAAAAAAAAAAAAAAAAAAAAAAAAAAAAAAAAAAAAA11111111111IIII
AAAAAAAAAAAAAAAAAAAAAAAAAAAAAAAAAAAAAAAAAAAAAAAAAA11111111111III
AAAAAAAAAAAAAAAAAAAAAAAAAAAAAAAAAAAAAAAAAAAAAAAAAAA11111111111II
AAAAAAAAAAAAAAAAAAAAAAAAAAAAAAAAAAAAAAAAAAAAAAAAAAAA11111111111I
AAAAAAAAAAAAAAAAAAAAAAAAAAAAAAAAAAAAAAAAAAAAAAAAAAAAA11111111111
AAAAAAAAAAAAAAAAAAAAAAAAAAAAAAAAAAAAAAAAAAAAAAAAAAAAAA1111111111
AAAAAAAAAAAAAAAAAAAAAAAAAAAAAAAAAAAAAAAAAAAAAAAAAAAAAAA111111111
AAAAAAAAAAAAAAAAAAAAAAAAAAAAAAAAAAAAAAAAAAAAAAAAAAAAAAAA11111111
AAAAAAAAAAAAAAAAAAAAAAAAAAAAAAAAAAAAAAAAAAAAAAAAAAAAAAAAA1111111
AAAAAAAAAAAAAAAAAAAAAAAAAAAAAAAAAAAAAAAAAAAAAAAAAAAAAAAAAA111111
AAAAAAAAAAAAAAAAAAAAAAAAAAAAAAAAAAAAAAAAAAAAAAAAAAAAAAAAAAA11111
AAAAAAAAAAAAAAAAAAAAAAAAAAAAAAAAAAAAAAAAAAAAAAAAAAAAAAAAAAAA1111
AAAAAAAAAAAAAAAAAAAAAAAAAAAAAAAAAAAAAAAAAAAAAAAAAAAAAAAAAAAAA111
AAAAAAAAAAAAAAAAAAAAAAAAAAAAAAAAAAAAAAAAAAAAAAAAAAAAAAAAAAAAAA11
AAAAAAAAAAAAAAAAAAAAAAAAAAAAAAAAAAAAAAAAAAAAAAAAAAAAAAAAAAAAAAA1
AAAAAAAAAAAAAAAAAAAAAAAAAAAAAAAAAAAAAAAAAAAAAAAAAAAAAAAAAAAAAAAA
A1IIIIIIIIIIIIIIIIIIIIIIIIIIIIIIIIIIIIIIIIIIIIIIIIIIIIIIIIIIIIII
AA1IIIIIIIIIIIIIIIIIIIIIIIIIIIIIIIIIIIIIIIIIIIIIIIIIIIIIIIIIIIII
AAA1IIIIIIIIIIIIIIIIIIIIIIIIIIIIIIIIIIIIIIIIIIIIIIIIIIIIIIIIIIII
AAAA1IIIIIIIIIIIIIIIIIIIIIIIIIIIIIIIIIIIIIIIIIIIIIIIIIIIIIIIIIII
AAAAA1IIIIIIIIIIIIIIIIIIIIIIIIIIIIIIIIIIIIIIIIIIIIIIIIIIIIIIIIII
AAAAAA1IIIIIIIIIIIIIIIIIIIIIIIIIIIIIIIIIIIIIIIIIIIIIIIIIIIIIIIII
AAAAAAA1IIIIIIIIIIIIIIIIIIIIIIIIIIIIIIIIIIIIIIIIIIIIIIIIIIIIIIII
AAAAAAAA1IIIIIIIIIIIIIIIIIIIIIIIIIIIIIIIIIIIIIIIIIIIIIIIIIIIIIII
AAAAAAAAA1IIIIIIIIIIIIIIIIIIIIIIIIIIIIIIIIIIIIIIIIIIIIIIIIIIIIII
AAAAAAAAAA1IIIIIIIIIIIIIIIIIIIIIIIIIIIIIIIIIIIIIIIIIIIIIIIIIIIII
AAAAAAAAAAA1IIIIIIIIIIIIIIIIIIIIIIIIIIIIIIIIIIIIIIIIIIIIIIIIIIII
AAAAAAAAAAAA1IIIIIIIIIIIIIIIIIIIIIIIIIIIIIIIIIIIIIIIIIIIIIIIIIII
AAAAAAAAAAAAA1IIIIIIIIIIIIIIIIIIIIIIIIIIIIIIIIIIIIIIIIIIIIIIIIII
AAAAAAAAAAAAAA1IIIIIIIIIIIIIIIIIIIIIIIIIIIIIIIIIIIIIIIIIIIIIIIII
AAAAAAAAAAAAAAA1IIIIIIIIIIIIIIIIIIIIIIIIIIIIIIIIIIIIIIIIIIIIIIII
AAAAAAAAAAAAAAAA1IIIIIIIIIIIIIIIIIIIIIIIIIIIIIIIIIIIIIIIIIIIIIII
AAAAAAAAAAAAAAAAA1IIIIIIIIIIIIIIIIIIIIIIIIIIIIIIIIIIIIIIIIIIIIII
AAAAAAAAAAAAAAAAAA1IIIIIIIIIIIIIIIIIIIIIIIIIIIIIIIIIIIIIIIIIIIII
AAAAAAAAAAAAAAAAAAA1IIIIIIIIIIIIIIIIIIIIIIIIIIIIIIIIIIIIIIIIIIII
AAAAAAAAAAAAAAAAAAAA1IIIIIIIIIIIIIIIIIIIIIIIIIIIIIIIIIIIIIIIIIII
AAAAAAAAAAAAAAAAAAAAA1IIIIIIIIIIIIIIIIIIIIIIIIIIIIIIIIIIIIIIIIII
AAAAAAAAAAAAAAAAAAAAAA1IIIIIIIIIIIIIIIIIIIIIIIIIIIIIIIIIIIIIIIII
AAAAAAAAAAAAAAAAAAAAAAA1IIIIIIIIIIIIIIIIIIIIIIIIIIIIIIIIIIIIIIII
AAAAAAAAAAAAAAAAAAAAAAAA1IIIIIIIIIIIIIIIIIIIIIIIIIIIIIIIIIIIIIII
AAAAAAAAAAAAAAAAAAAAAAAAA1IIIIIIIIIIIIIIIIIIIIIIIIIIIIIIIIIIIIII
AAAAAAAAAAAAAAAAAAAAAAAAAA1IIIIIIIIIIIIIIIIIIIIIIIIIIIIIIIIIIIII
AAAAAAAAAAAAAAAAAAAAAAAAAAA1IIIIIIIIIIIIIIIIIIIIIIIIIIIIIIIIIIII
AAAAAAAAAAAAAAAAAAAAAAAAAAAA1IIIIIIIIIIIIIIIIIIIIIIIIIIIIIIIIIII
AAAAAAAAAAAAAAAAAAAAAAAAAAAAA1IIIIIIIIIIIIIIIIIIIIIIIIIIIIIIIIII
AAAAAAAAAAAAAAAAAAAAAAAAAAAAAA1IIIIIIIIIIIIIIIIIIIIIIIIIIIIIIIII
AAAAAAAAAAAAAAAAAAAAAAAAAAAAAAA1IIIIIIIIIIIIIIIIIIIIIIIIIIIIIIII
AAAAAAAAAAAAAAAAAAAAAAAAAAAAAAAA1IIIIIIIIIIIIIIIIIIIIIIIIIIIIIII
AAAAAAAAAAAAAAAAAAAAAAAAAAAAAAAAA1IIIIIIIIIIIIIIIIIIIIIIIIIIIIII
AAAAAAAAAAAAAAAAAAAAAAAAAAAAAAAAAA1IIIIIIIIIIIIIIIIIIIIIIIIIIIII
AAAAAAAAAAAAAAAAAAAAAAAAAAAAAAAAAAA1IIIIIIIIIIIIIIIIIIIIIIIIIIII
AAAAAAAAAAAAAAAAAAAAAAAAAAAAAAAAAAAA1IIIIIIIIIIIIIIIIIIIIIIIIIII
AAAAAAAAAAAAAAAAAAAAAAAAAAAAAAAAAAAAA1IIIIIIIIIIIIIIIIIIIIIIIIII
AAAAAAAAAAAAAAAAAAAAAAAAAAAAAAAAAAAAAA1IIIIIIIIIIIIIIIIIIIIIIIII
AAAAAAAAAAAAAAAAAAAAAAAAAAAAAAAAAAAAAAA1IIIIIIIIIIIIIIIIIIIIIIII
AAAAAAAAAAAAAAAAAAAAAAAAAAAAAAAAAAAAAAAA1IIIIIIIIIIIIIIIIIIIIIII
AAAAAAAAAAAAAAAAAAAAAAAAAAAAAAAAAAAAAAAAA1IIIIIIIIIIIIIIIIIIIIII
AAAAAAAAAAAAAAAAAAAAAAAAAAAAAAAAAAAAAAAAAA1IIIIIIIIIIIIIIIIIIIII
AAAAAAAAAAAAAAAAAAAAAAAAAAAAAAAAAAAAAAAAAAA1IIIIIIIIIIIIIIIIIIII
AAAAAAAAAAAAAAAAAAAAAAAAAAAAAAAAAAAAAAAAAAAA1IIIIIIIIIIIIIIIIIII
AAAAAAAAAAAAAAAAAAAAAAAAAAAAAAAAAAAAAAAAAAAAA1IIIIIIIIIIIIIIIIII
AAAAAAAAAAAAAAAAAAAAAAAAAAAAAAAAAAAAAAAAAAAAAA1IIIIIIIIIIIIIIIII
AAAAAAAAAAAAAAAAAAAAAAAAAAAAAAAAAAAAAAAAAAAAAAA1IIIIIIIIIIIIIIII
AAAAAAAAAAAAAAAAAAAAAAAAAAAAAAAAAAAAAAAAAAAAAAAA1IIIIIIIIIIIIIII
AAAAAAAAAAAAAAAAAAAAAAAAAAAAAAAAAAAAAAAAAAAAAAAAA1IIIIIIIIIIIIII
AAAAAAAAAAAAAAAAAAAAAAAAAAAAAAAAAAAAAAAAAAAAAAAAAA1IIIIIIIIIIIII
AAAAAAAAAAAAAAAAAAAAAAAAAAAAAAAAAAAAAAAAAAAAAAAAAAA1IIIIIIIIIIII
AAAAAAAAAAAAAAAAAAAAAAAAAAAAAAAAAAAAAAAAAAAAAAAAAAAA1IIIIIIIIIII
AAAAAAAAAAAAAAAAAAAAAAAAAAAAAAAAAAAAAAAAAAAAAAAAAAAAA1IIIIIIIIII
AAAAAAAAAAAAAAAAAAAAAAAAAAAAAAAAAAAAAAAAAAAAAAAAAAAAAA1IIIIIIIII
AAAAAAAAAAAAAAAAAAAAAAAAAAAAAAAAAAAAAAAAAAAAAAAAAAAAAAA1IIIIIIII
AAAAAAAAAAAAAAAAAAAAAAAAAAAAAAAAAAAAAAAAAAAAAAAAAAAAAAAA1IIIIIII
AAAAAAAAAAAAAAAAAAAAAAAAAAAAAAAAAAAAAAAAAAAAAAAAAAAAAAAAA1IIIIII
AAAAAAAAAAAAAAAAAAAAAAAAAAAAAAAAAAAAAAAAAAAAAAAAAAAAAAAAAA1IIIII
AAAAAAAAAAAAAAAAAAAAAAAAAAAAAAAAAAAAAAAAAAAAAAAAAAAAAAAAAAA1IIII
AAAAAAAAAAAAAAAAAAAAAAAAAAAAAAAAAAAAAAAAAAAAAAAAAAAAAAAAAAAA1III
AAAAAAAAAAAAAAAAAAAAAAAAAAAAAAAAAAAAAAAAAAAAAAAAAAAAAAAAAAAAA1II
AAAAAAAAAAAAAAAAAAAAAAAAAAAAAAAAAAAAAAAAAAAAAAAAAAAAAAAAAAAAAA1I
AAAAAAAAAAAAAAAAAAAAAAAAAAAAAAAAAAAAAAAAAAAAAAAAAAAAAAAAAAAAAAA1
AAAAAAAAAAAAAAAAAAAAAAAAAAAAAAAAAAAAAAAAAAAAAAAAAAAAAAAAAAAAAAAA
AI1II1111II1IIIIIIIIIIIIIIIIIIIIIIIIIIIIIIIIIIIIIIIIIIIIIIIIIIII
AA11I11111I1IIIIIIIIIIIIIIIIIIIIIIIIIIIIIIIIIIIIIIIIIIIIIIIIIIII
AAA1I11111I1IIIIIIIIIIIIIIIIIIIIIIIIIIIIIIIIIIIIIIIIIIIIIIIIIIII
AAAAI11111I1IIIIIIIIIIIIIIIIIIIIIIIIIIIIIIIIIIIIIIIIIIIIIIIIIIII
AAAA11111111I1IIIIIIIIIIIIIIIIIIIIIIIIIIIIIIIIIIIIIIIIIIIIIIIIII
AAAAA111111111IIIIIIIIIIIIIIIIIIIIIIIIIIIIIIIIIIIIIIIIIIIIIIIIII
AAAAAA11111111II1IIIIIIIIIIIIIIIIIIIIIIIIIIIIIIIIIIIIIIIIIIIIIII
AAAAAAA11111111I11IIIIIIIIIIIIIIIIIIIIIIIIIIIIIIIIIIIIIIIIIIIIII
AAAAAAAA11111111111IIIIIIIIIIIIIIIIIIIIIIIIIIIIIIIIIIIIIIIIIIIII
AAAAAAAAA11111111111IIIIIIIIIIIIIIIIIIIIIIIIIIIIIIIIIIIIIIIIIIII
AAAAAAAAAA11111111111IIIIIIIIIIIIIIIIIIIIIIIIIIIIIIIIIIIIIIIIIII
AAAAAAAAAAA11111111111IIIIIIIIIIIIIIIIIIIIIIIIIIIIIIIIIIIIIIIIII
AAAAAAAAAAAA11111111111IIIIIIIIIIIIIIIIIIIIIIIIIIIIIIIIIIIIIIIII
AAAAAAAAAAAAA11111111111IIIIIIIIIIIIIIIIIIIIIIIIIIIIIIIIIIIIIIII
AAAAAAAAAAAAAA11111111111IIIIIIIIIIIIIIIIIIIIIIIIIIIIIIIIIIIIIII
AAAAAAAAAAAAAAA11111111111IIIIIIIIIIIIIIIIIIIIIIIIIIIIIIIIIIIIII
AAAAAAAAAAAAAAAA11111111111IIIIIIIIIIIIIIIIIIIIIIIIIIIIIIIIIIIII
AAAAAAAAAAAAAAAAA11111111111IIIIIIIIIIIIIIIIIIIIIIIIIIIIIIIIIIII
AAAAAAAAAAAAAAAAAA11111111111IIIIIIIIIIIIIIIIIIIIIIIIIIIIIIIIIII
AAAAAAAAAAAAAAAAAAA11111111111IIIIIIIIIIIIIIIIIIIIIIIIIIIIIIIIII
AAAAAAAAAAAAAAAAAAAA11111111111IIIIIIIIIIIIIIIIIIIIIIIIIIIIIIIII
AAAAAAAAAAAAAAAAAAAAA11111111111IIIIIIIIIIIIIIIIIIIIIIIIIIIIIIII
AAAAAAAAAAAAAAAAAAAAAA11111111111IIIIIIIIIIIIIIIIIIIIIIIIIIIIIII
AAAAAAAAAAAAAAAAAAAAAAA11111111111IIIIIIIIIIIIIIIIIIIIIIIIIIIIII
AAAAAAAAAAAAAAAAAAAAAAAA11111111111IIIIIIIIIIIIIIIIIIIIIIIIIIIII
AAAAAAAAAAAAAAAAAAAAAAAAA11111111111IIIIIIIIIIIIIIIIIIIIIIIIIIII
AAAAAAAAAAAAAAAAAAAAAAAAAA11111111111IIIIIIIIIIIIIIIIIIIIIIIIIII
AAAAAAAAAAAAAAAAAAAAAAAAAAA11111111111IIIIIIIIIIIIIIIIIIIIIIIIII
AAAAAAAAAAAAAAAAAAAAAAAAAAAA11111111111IIIIIIIIIIIIIIIIIIIIIIIII
AAAAAAAAAAAAAAAAAAAAAAAAAAAAA11111111111IIIIIIIIIIIIIIIIIIIIIIII
AAAAAAAAAAAAAAAAAAAAAAAAAAAAAA11111111111IIIIIIIIIIIIIIIIIIIIIII
AAAAAAAAAAAAAAAAAAAAAAAAAAAAAAA11111111111IIIIIIIIIIIIIIIIIIIIII
AAAAAAAAAAAAAAAAAAAAAAAAAAAAAAAA11111111111IIIIIIIIIIIIIIIIIIIII
AAAAAAAAAAAAAAAAAAAAAAAAAAAAAAAAA11111111111IIIIIIIIIIIIIIIIIIII
AAAAAAAAAAAAAAAAAAAAAAAAAAAAAAAAAA11111111111IIIIIIIIIIIIIIIIIII
AAAAAAAAAAAAAAAAAAAAAAAAAAAAAAAAAAA11111111111IIIIIIIIIIIIIIIIII
AAAAAAAAAAAAAAAAAAAAAAAAAAAAAAAAAAAA11111111111IIIIIIIIIIIIIIIII
AAAAAAAAAAAAAAAAAAAAAAAAAAAAAAAAAAAAA11111111111IIIIIIIIIIIIIIII
AAAAAAAAAAAAAAAAAAAAAAAAAAAAAAAAAAAAAA11111111111IIIIIIIIIIIIIII
AAAAAAAAAAAAAAAAAAAAAAAAAAAAAAAAAAAAAAA11111111111IIIIIIIIIIIIII
AAAAAAAAAAAAAAAAAAAAAAAAAAAAAAAAAAAAAAAA11111111111IIIIIIIIIIIII
AAAAAAAAAAAAAAAAAAAAAAAAAAAAAAAAAAAAAAAAA11111111111IIIIIIIIIIII
AAAAAAAAAAAAAAAAAAAAAAAAAAAAAAAAAAAAAAAAAA11111111111IIIIIIIIIII
AAAAAAAAAAAAAAAAAAAAAAAAAAAAAAAAAAAAAAAAAAA11111111111IIIIIIIIII
AAAAAAAAAAAAAAAAAAAAAAAAAAAAAAAAAAAAAAAAAAAA11111111111IIIIIIIII
AAAAAAAAAAAAAAAAAAAAAAAAAAAAAAAAAAAAAAAAAAAAA11111111111IIIIIIII
AAAAAAAAAAAAAAAAAAAAAAAAAAAAAAAAAAAAAAAAAAAAAA11111111111IIIIIII
AAAAAAAAAAAAAAAAAAAAAAAAAAAAAAAAAAAAAAAAAAAAAAA11111111111IIIIII
AAAAAAAAAAAAAAAAAAAAAAAAAAAAAAAAAAAAAAAAAAAAAAAA11111111111IIIII
AAAAAAAAAAAAAAAAAAAAAAAAAAAAAAAAAAAAAAAAAAAAAAAAA11111111111IIII
AAAAAAAAAAAAAAAAAAAAAAAAAAAAAAAAAAAAAAAAAAAAAAAAAA11111111111III
AAAAAAAAAAAAAAAAAAAAAAAAAAAAAAAAAAAAAAAAAAAAAAAAAAA11111111111II
AAAAAAAAAAAAAAAAAAAAAAAAAAAAAAAAAAAAAAAAAAAAAAAAAAAA11111111111I
AAAAAAAAAAAAAAAAAAAAAAAAAAAAAAAAAAAAAAAAAAAAAAAAAAAAA11111111111
AAAAAAAAAAAAAAAAAAAAAAAAAAAAAAAAAAAAAAAAAAAAAAAAAAAAAA1111111111
AAAAAAAAAAAAAAAAAAAAAAAAAAAAAAAAAAAAAAAAAAAAAAAAAAAAAAA111111111
AAAAAAAAAAAAAAAAAAAAAAAAAAAAAAAAAAAAAAAAAAAAAAAAAAAAAAAA11111111
AAAAAAAAAAAAAAAAAAAAAAAAAAAAAAAAAAAAAAAAAAAAAAAAAAAAAAAAA1111111
AAAAAAAAAAAAAAAAAAAAAAAAAAAAAAAAAAAAAAAAAAAAAAAAAAAAAAAAAA111111
AAAAAAAAAAAAAAAAAAAAAAAAAAAAAAAAAAAAAAAAAAAAAAAAAAAAAAAAAAA11111
AAAAAAAAAAAAAAAAAAAAAAAAAAAAAAAAAAAAAAAAAAAAAAAAAAAAAAAAAAAA1111
AAAAAAAAAAAAAAAAAAAAAAAAAAAAAAAAAAAAAAAAAAAAAAAAAAAAAAAAAAAAA111
AAAAAAAAAAAAAAAAAAAAAAAAAAAAAAAAAAAAAAAAAAAAAAAAAAAAAAAAAAAAAA11
AAAAAAAAAAAAAAAAAAAAAAAAAAAAAAAAAAAAAAAAAAAAAAAAAAAAAAAAAAAAAAA1
AAAAAAAAAAAAAAAAAAAAAAAAAAAAAAAAAAAAAAAAAAAAAAAAAAAAAAAAAAAAAAAA
AI1I11111I11IIIIIIIIIIIIIIIIIIIIIIIIIIIIIIIIIIIIIIIIIIIIIIIIIIII
AA1I11111I11IIIIIIIIIIIIIIIIIIIIIIIIIIIIIIIIIIIIIIIIIIIIIIIIIIII
AAAI11111I11IIIIIIIIIIIIIIIIIIIIIIIIIIIIIIIIIIIIIIIIIIIIIIIIIIII
AAAI11111111111IIIIIIIIIIIIIIIIIIIIIIIIIIIIIIIIIIIIIIIIIIIIIIIII
AAAA111111111111IIIIIIIIIIIIIIIIIIIIIIIIIIIIIIIIIIIIIIIIIIIIIIII
AAAAA111111111111IIIIIIIIIIIIIIIIIIIIIIIIIIIIIIIIIIIIIIIIIIIIIII
AAAAAA111111111111IIIIIIIIIIIIIIIIIIIIIIIIIIIIIIIIIIIIIIIIIIIIII
AAAAAAA111111111111IIIIIIIIIIIIIIIIIIIIIIIIIIIIIIIIIIIIIIIIIIIII
AAAAAAAA111111111111IIIIIIIIIIIIIIIIIIIIIIIIIIIIIIIIIIIIIIIIIIII
AAAAAAAAA111111111111IIIIIIIIIIIIIIIIIIIIIIIIIIIIIIIIIIIIIIIIIII
AAAAAAAAAA111111111111IIIIIIIIIIIIIIIIIIIIIIIIIIIIIIIIIIIIIIIIII
AAAAAAAAAAA111111111111IIIIIIIIIIIIIIIIIIIIIIIIIIIIIIIIIIIIIIIII
AAAAAAAAAAAA111111111111IIIIIIIIIIIIIIIIIIIIIIIIIIIIIIIIIIIIIIII
AAAAAAAAAAAAA111111111111IIIIIIIIIIIIIIIIIIIIIIIIIIIIIIIIIIIIIII
AAAAAAAAAAAAAA111111111111IIIIIIIIIIIIIIIIIIIIIIIIIIIIIIIIIIIIII
AAAAAAAAAAAAAAA111111111111IIIIIIIIIIIIIIIIIIIIIIIIIIIIIIIIIIIII
AAAAAAAAAAAAAAAA111111111111IIIIIIIIIIIIIIIIIIIIIIIIIIIIIIIIIIII
AAAAAAAAAAAAAAAAA111111111111IIIIIIIIIIIIIIIIIIIIIIIIIIIIIIIIIII
AAAAAAAAAAAAAAAAAA111111111111IIIIIIIIIIIIIIIIIIIIIIIIIIIIIIIIII
AAAAAAAAAAAAAAAAAAA111111111111IIIIIIIIIIIIIIIIIIIIIIIIIIIIIIIII
AAAAAAAAAAAAAAAAAAAA111111111111IIIIIIIIIIIIIIIIIIIIIIIIIIIIIIII
AAAAAAAAAAAAAAAAAAAAA111111111111IIIIIIIIIIIIIIIIIIIIIIIIIIIIIII
AAAAAAAAAAAAAAAAAAAAAA111111111111IIIIIIIIIIIIIIIIIIIIIIIIIIIIII
AAAAAAAAAAAAAAAAAAAAAAA111111111111IIIIIIIIIIIIIIIIIIIIIIIIIIIII
AAAAAAAAAAAAAAAAAAAAAAAA111111111111IIIIIIIIIIIIIIIIIIIIIIIIIIII
AAAAAAAAAAAAAAAAAAAAAAAAA111111111111IIIIIIIIIIIIIIIIIIIIIIIIIII
AAAAAAAAAAAAAAAAAAAAAAAAAA111111111111IIIIIIIIIIIIIIIIIIIIIIIIII
AAAAAAAAAAAAAAAAAAAAAAAAAAA111111111111IIIIIIIIIIIIIIIIIIIIIIIII
AAAAAAAAAAAAAAAAAAAAAAAAAAAA111111111111IIIIIIIIIIIIIIIIIIIIIIII
AAAAAAAAAAAAAAAAAAAAAAAAAAAAA111111111111IIIIIIIIIIIIIIIIIIIIIII
AAAAAAAAAAAAAAAAAAAAAAAAAAAAAA111111111111IIIIIIIIIIIIIIIIIIIIII
AAAAAAAAAAAAAAAAAAAAAAAAAAAAAAA111111111111IIIIIIIIIIIIIIIIIIIII
AAAAAAAAAAAAAAAAAAAAAAAAAAAAAAAA111111111111IIIIIIIIIIIIIIIIIIII
AAAAAAAAAAAAAAAAAAAAAAAAAAAAAAAAA111111111111IIIIIIIIIIIIIIIIIII
AAAAAAAAAAAAAAAAAAAAAAAAAAAAAAAAAA111111111111IIIIIIIIIIIIIIIIII
AAAAAAAAAAAAAAAAAAAAAAAAAAAAAAAAAAA111111111111IIIIIIIIIIIIIIIII
AAAAAAAAAAAAAAAAAAAAAAAAAAAAAAAAAAAA111111111111IIIIIIIIIIIIIIII
AAAAAAAAAAAAAAAAAAAAAAAAAAAAAAAAAAAAA111111111111IIIIIIIIIIIIIII
AAAAAAAAAAAAAAAAAAAAAAAAAAAAAAAAAAAAAA111111111111IIIIIIIIIIIIII
AAAAAAAAAAAAAAAAAAAAAAAAAAAAAAAAAAAAAAA111111111111IIIIIIIIIIIII
AAAAAAAAAAAAAAAAAAAAAAAAAAAAAAAAAAAAAAAA111111111111IIIIIIIIIIII
AAAAAAAAAAAAAAAAAAAAAAAAAAAAAAAAAAAAAAAAA111111111111IIIIIIIIIII
AAAAAAAAAAAAAAAAAAAAAAAAAAAAAAAAAAAAAAAAAA111111111111IIIIIIIIII
AAAAAAAAAAAAAAAAAAAAAAAAAAAAAAAAAAAAAAAAAAA111111111111IIIIIIIII
AAAAAAAAAAAAAAAAAAAAAAAAAAAAAAAAAAAAAAAAAAAA111111111111IIIIIIII
AAAAAAAAAAAAAAAAAAAAAAAAAAAAAAAAAAAAAAAAAAAAA111111111111IIIIIII
AAAAAAAAAAAAAAAAAAAAAAAAAAAAAAAAAAAAAAAAAAAAAA111111111111IIIIII
AAAAAAAAAAAAAAAAAAAAAAAAAAAAAAAAAAAAAAAAAAAAAAA111111111111IIIII
AAAAAAAAAAAAAAAAAAAAAAAAAAAAAAAAAAAAAAAAAAAAAAAA111111111111IIII
AAAAAAAAAAAAAAAAAAAAAAAAAAAAAAAAAAAAAAAAAAAAAAAAA111111111111III
AAAAAAAAAAAAAAAAAAAAAAAAAAAAAAAAAAAAAAAAAAAAAAAAAA111111111111II
AAAAAAAAAAAAAAAAAAAAAAAAAAAAAAAAAAAAAAAAAAAAAAAAAAA111111111111I
AAAAAAAAAAAAAAAAAAAAAAAAAAAAAAAAAAAAAAAAAAAAAAAAAAAA111111111111
AAAAAAAAAAAAAAAAAAAAAAAAAAAAAAAAAAAAAAAAAAAAAAAAAAAAA11111111111
AAAAAAAAAAAAAAAAAAAAAAAAAAAAAAAAAAAAAAAAAAAAAAAAAAAAAA1111111111
AAAAAAAAAAAAAAAAAAAAAAAAAAAAAAAAAAAAAAAAAAAAAAAAAAAAAAA111111111
AAAAAAAAAAAAAAAAAAAAAAAAAAAAAAAAAAAAAAAAAAAAAAAAAAAAAAAA11111111
AAAAAAAAAAAAAAAAAAAAAAAAAAAAAAAAAAAAAAAAAAAAAAAAAAAAAAAAA1111111
AAAAAAAAAAAAAAAAAAAAAAAAAAAAAAAAAAAAAAAAAAAAAAAAAAAAAAAAAA111111
AAAAAAAAAAAAAAAAAAAAAAAAAAAAAAAAAAAAAAAAAAAAAAAAAAAAAAAAAAA11111
AAAAAAAAAAAAAAAAAAAAAAAAAAAAAAAAAAAAAAAAAAAAAAAAAAAAAAAAAAAA1111
AAAAAAAAAAAAAAAAAAAAAAAAAAAAAAAAAAAAAAAAAAAAAAAAAAAAAAAAAAAAA111
AAAAAAAAAAAAAAAAAAAAAAAAAAAAAAAAAAAAAAAAAAAAAAAAAAAAAAAAAAAAAA11
AAAAAAAAAAAAAAAAAAAAAAAAAAAAAAAAAAAAAAAAAAAAAAAAAAAAAAAAAAAAAAA1
AAAAAAAAAAAAAAAAAAAAAAAAAAAAAAAAAAAAAAAAAAAAAAAAAAAAAAAAAAAAAAAA
AIIII11IIII1IIIIIIIIIIIIIIIIIIIIIIIIIIIIIIIIIIIIIIIIIIIIIIIIIIII
AAIII111III11IIIIIIIIIIIIIIIIIIIIIIIIIIIIIIIIIIIIIIIIIIIIIIIIIII
AAAII1111II111IIIIIIIIIIIIIIIIIIIIIIIIIIIIIIIIIIIIIIIIIIIIIIIIII
AAAAI11111I111IIIIIIIIIIIIIIIIIIIIIIIIIIIIIIIIIIIIIIIIIIIIIIIIII
AAAAA111111111I1IIIIIIIIIIIIIIIIIIIIIIIIIIIIIIIIIIIIIIIIIIIIIIII
AAAAAA11111111I11IIIIIIIIIIIIIIIIIIIIIIIIIIIIIIIIIIIIIIIIIIIIIII
AAAAAAA1111111I111IIIIIIIIIIIIIIIIIIIIIIIIIIIIIIIIIIIIIIIIIIIIII
AAAAAAAA111111I1111IIIIIIIIIIIIIIIIIIIIIIIIIIIIIIIIIIIIIIIIIIIII
AAAAAAAAA11111111111IIIIIIIIIIIIIIIIIIIIIIIIIIIIIIIIIIIIIIIIIIII
AAAAAAAAAA11111111111IIIIIIIIIIIIIIIIIIIIIIIIIIIIIIIIIIIIIIIIIII
AAAAAAAAAAA11111111111IIIIIIIIIIIIIIIIIIIIIIIIIIIIIIIIIIIIIIIIII
AAAAAAAAAAAA11111111111IIIIIIIIIIIIIIIIIIIIIIIIIIIIIIIIIIIIIIIII
AAAAAAAAAAAAA11111111111IIIIIIIIIIIIIIIIIIIIIIIIIIIIIIIIIIIIIIII
AAAAAAAAAAAAAA11111111111IIIIIIIIIIIIIIIIIIIIIIIIIIIIIIIIIIIIIII
AAAAAAAAAAAAAAA11111111111IIIIIIIIIIIIIIIIIIIIIIIIIIIIIIIIIIIIII
AAAAAAAAAAAAAAAA11111111111IIIIIIIIIIIIIIIIIIIIIIIIIIIIIIIIIIIII
AAAAAAAAAAAAAAAAA11111111111IIIIIIIIIIIIIIIIIIIIIIIIIIIIIIIIIIII
AAAAAAAAAAAAAAAAAA11111111111IIIIIIIIIIIIIIIIIIIIIIIIIIIIIIIIIII
AAAAAAAAAAAAAAAAAAA11111111111IIIIIIIIIIIIIIIIIIIIIIIIIIIIIIIIII
AAAAAAAAAAAAAAAAAAAA11111111111IIIIIIIIIIIIIIIIIIIIIIIIIIIIIIIII
AAAAAAAAAAAAAAAAAAAAA11111111111IIIIIIIIIIIIIIIIIIIIIIIIIIIIIIII
AAAAAAAAAAAAAAAAAAAAAA11111111111IIIIIIIIIIIIIIIIIIIIIIIIIIIIIII
AAAAAAAAAAAAAAAAAAAAAAA11111111111IIIIIIIIIIIIIIIIIIIIIIIIIIIIII
AAAAAAAAAAAAAAAAAAAAAAAA11111111111IIIIIIIIIIIIIIIIIIIIIIIIIIIII
AAAAAAAAAAAAAAAAAAAAAAAAA11111111111IIIIIIIIIIIIIIIIIIIIIIIIIIII
AAAAAAAAAAAAAAAAAAAAAAAAAA11111111111IIIIIIIIIIIIIIIIIIIIIIIIIII
AAAAAAAAAAAAAAAAAAAAAAAAAAA11111111111IIIIIIIIIIIIIIIIIIIIIIIIII
AAAAAAAAAAAAAAAAAAAAAAAAAAAA11111111111IIIIIIIIIIIIIIIIIIIIIIIII
AAAAAAAAAAAAAAAAAAAAAAAAAAAAA11111111111IIIIIIIIIIIIIIIIIIIIIIII
AAAAAAAAAAAAAAAAAAAAAAAAAAAAAA11111111111IIIIIIIIIIIIIIIIIIIIIII
AAAAAAAAAAAAAAAAAAAAAAAAAAAAAAA11111111111IIIIIIIIIIIIIIIIIIIIII
AAAAAAAAAAAAAAAAAAAAAAAAAAAAAAAA11111111111IIIIIIIIIIIIIIIIIIIII
AAAAAAAAAAAAAAAAAAAAAAAAAAAAAAAAA11111111111IIIIIIIIIIIIIIIIIIII
AAAAAAAAAAAAAAAAAAAAAAAAAAAAAAAAAA11111111111IIIIIIIIIIIIIIIIIII
AAAAAAAAAAAAAAAAAAAAAAAAAAAAAAAAAAA11111111111IIIIIIIIIIIIIIIIII
AAAAAAAAAAAAAAAAAAAAAAAAAAAAAAAAAAAA11111111111IIIIIIIIIIIIIIIII
AAAAAAAAAAAAAAAAAAAAAAAAAAAAAAAAAAAAA11111111111IIIIIIIIIIIIIIII
AAAAAAAAAAAAAAAAAAAAAAAAAAAAAAAAAAAAAA11111111111IIIIIIIIIIIIIII
AAAAAAAAAAAAAAAAAAAAAAAAAAAAAAAAAAAAAAA11111111111IIIIIIIIIIIIII
AAAAAAAAAAAAAAAAAAAAAAAAAAAAAAAAAAAAAAAA11111111111IIIIIIIIIIIII
AAAAAAAAAAAAAAAAAAAAAAAAAAAAAAAAAAAAAAAAA11111111111IIIIIIIIIIII
AAAAAAAAAAAAAAAAAAAAAAAAAAAAAAAAAAAAAAAAAA11111111111IIIIIIIIIII
AAAAAAAAAAAAAAAAAAAAAAAAAAAAAAAAAAAAAAAAAAA11111111111IIIIIIIIII
AAAAAAAAAAAAAAAAAAAAAAAAAAAAAAAAAAAAAAAAAAAA11111111111IIIIIIIII
AAAAAAAAAAAAAAAAAAAAAAAAAAAAAAAAAAAAAAAAAAAAA11111111111IIIIIIII
AAAAAAAAAAAAAAAAAAAAAAAAAAAAAAAAAAAAAAAAAAAAAA11111111111IIIIIII
AAAAAAAAAAAAAAAAAAAAAAAAAAAAAAAAAAAAAAAAAAAAAAA11111111111IIIIII
AAAAAAAAAAAAAAAAAAAAAAAAAAAAAAAAAAAAAAAAAAAAAAAA11111111111IIIII
AAAAAAAAAAAAAAAAAAAAAAAAAAAAAAAAAAAAAAAAAAAAAAAAA11111111111IIII
AAAAAAAAAAAAAAAAAAAAAAAAAAAAAAAAAAAAAAAAAAAAAAAAAA11111111111III
AAAAAAAAAAAAAAAAAAAAAAAAAAAAAAAAAAAAAAAAAAAAAAAAAAA11111111111II
AAAAAAAAAAAAAAAAAAAAAAAAAAAAAAAAAAAAAAAAAAAAAAAAAAAA11111111111I
AAAAAAAAAAAAAAAAAAAAAAAAAAAAAAAAAAAAAAAAAAAAAAAAAAAAA11111111111
AAAAAAAAAAAAAAAAAAAAAAAAAAAAAAAAAAAAAAAAAAAAAAAAAAAAAA1111111111
AAAAAAAAAAAAAAAAAAAAAAAAAAAAAAAAAAAAAAAAAAAAAAAAAAAAAAA111111111
AAAAAAAAAAAAAAAAAAAAAAAAAAAAAAAAAAAAAAAAAAAAAAAAAAAAAAAA11111111
AAAAAAAAAAAAAAAAAAAAAAAAAAAAAAAAAAAAAAAAAAAAAAAAAAAAAAAAA1111111
AAAAAAAAAAAAAAAAAAAAAAAAAAAAAAAAAAAAAAAAAAAAAAAAAAAAAAAAAA111111
AAAAAAAAAAAAAAAAAAAAAAAAAAAAAAAAAAAAAAAAAAAAAAAAAAAAAAAAAAA11111
AAAAAAAAAAAAAAAAAAAAAAAAAAAAAAAAAAAAAAAAAAAAAAAAAAAAAAAAAAAA1111
AAAAAAAAAAAAAAAAAAAAAAAAAAAAAAAAAAAAAAAAAAAAAAAAAAAAAAAAAAAAA111
AAAAAAAAAAAAAAAAAAAAAAAAAAAAAAAAAAAAAAAAAAAAAAAAAAAAAAAAAAAAAA11
AAAAAAAAAAAAAAAAAAAAAAAAAAAAAAAAAAAAAAAAAAAAAAAAAAAAAAAAAAAAAAA1
AAAAAAAAAAAAAAAAAAAAAAAAAAAAAAAAAAAAAAAAAAAAAAAAAAAAAAAAAAAAAAAA
AIIII11IIII1IIIIIIIIIIIIIIIIIIIIIIIIIIIIIIIIIIIIIIIIIIIIIIIIIIII
AAIII111III11IIIIIIIIIIIIIIIIIIIIIIIIIIIIIIIIIIIIIIIIIIIIIIIIIII
AAAII1111II111IIIIIIIIIIIIIIIIIIIIIIIIIIIIIIIIIIIIIIIIIIIIIIIIII
AAAAI11111I111IIIIIIIIIIIIIIIIIIIIIIIIIIIIIIIIIIIIIIIIIIIIIIIIII
AAAAA111111111I1IIIIIIIIIIIIIIIIIIIIIIIIIIIIIIIIIIIIIIIIIIIIIIII
AAAAAA11111111I11IIIIIIIIIIIIIIIIIIIIIIIIIIIIIIIIIIIIIIIIIIIIIII
AAAAAAA1111111I111IIIIIIIIIIIIIIIIIIIIIIIIIIIIIIIIIIIIIIIIIIIIII
AAAAAAAA111111I1111IIIIIIIIIIIIIIIIIIIIIIIIIIIIIIIIIIIIIIIIIIIII
AAAAAAAAA11111111111IIIIIIIIIIIIIIIIIIIIIIIIIIIIIIIIIIIIIIIIIIII
AAAAAAAAAA11111111111IIIIIIIIIIIIIIIIIIIIIIIIIIIIIIIIIIIIIIIIIII
AAAAAAAAAAA11111111111IIIIIIIIIIIIIIIIIIIIIIIIIIIIIIIIIIIIIIIIII
AAAAAAAAAAAA11111111111IIIIIIIIIIIIIIIIIIIIIIIIIIIIIIIIIIIIIIIII
AAAAAAAAAAAAA11111111111IIIIIIIIIIIIIIIIIIIIIIIIIIIIIIIIIIIIIIII
AAAAAAAAAAAAAA11111111111IIIIIIIIIIIIIIIIIIIIIIIIIIIIIIIIIIIIIII
AAAAAAAAAAAAAAA11111111111IIIIIIIIIIIIIIIIIIIIIIIIIIIIIIIIIIIIII
AAAAAAAAAAAAAAAA11111111111IIIIIIIIIIIIIIIIIIIIIIIIIIIIIIIIIIIII
AAAAAAAAAAAAAAAAA11111111111IIIIIIIIIIIIIIIIIIIIIIIIIIIIIIIIIIII
AAAAAAAAAAAAAAAAAA11111111111IIIIIIIIIIIIIIIIIIIIIIIIIIIIIIIIIII
AAAAAAAAAAAAAAAAAAA11111111111IIIIIIIIIIIIIIIIIIIIIIIIIIIIIIIIII
AAAAAAAAAAAAAAAAAAAA11111111111IIIIIIIIIIIIIIIIIIIIIIIIIIIIIIIII
AAAAAAAAAAAAAAAAAAAAA11111111111IIIIIIIIIIIIIIIIIIIIIIIIIIIIIIII
AAAAAAAAAAAAAAAAAAAAAA11111111111IIIIIIIIIIIIIIIIIIIIIIIIIIIIIII
AAAAAAAAAAAAAAAAAAAAAAA11111111111IIIIIIIIIIIIIIIIIIIIIIIIIIIIII
AAAAAAAAAAAAAAAAAAAAAAAA11111111111IIIIIIIIIIIIIIIIIIIIIIIIIIIII
AAAAAAAAAAAAAAAAAAAAAAAAA11111111111IIIIIIIIIIIIIIIIIIIIIIIIIIII
AAAAAAAAAAAAAAAAAAAAAAAAAA11111111111IIIIIIIIIIIIIIIIIIIIIIIIIII
AAAAAAAAAAAAAAAAAAAAAAAAAAA11111111111IIIIIIIIIIIIIIIIIIIIIIIIII
AAAAAAAAAAAAAAAAAAAAAAAAAAAA11111111111IIIIIIIIIIIIIIIIIIIIIIIII
AAAAAAAAAAAAAAAAAAAAAAAAAAAAA11111111111IIIIIIIIIIIIIIIIIIIIIIII
AAAAAAAAAAAAAAAAAAAAAAAAAAAAAA11111111111IIIIIIIIIIIIIIIIIIIIIII
AAAAAAAAAAAAAAAAAAAAAAAAAAAAAAA11111111111IIIIIIIIIIIIIIIIIIIIII
AAAAAAAAAAAAAAAAAAAAAAAAAAAAAAAA11111111111IIIIIIIIIIIIIIIIIIIII
AAAAAAAAAAAAAAAAAAAAAAAAAAAAAAAAA11111111111IIIIIIIIIIIIIIIIIIII
AAAAAAAAAAAAAAAAAAAAAAAAAAAAAAAAAA11111111111IIIIIIIIIIIIIIIIIII
AAAAAAAAAAAAAAAAAAAAAAAAAAAAAAAAAAA11111111111IIIIIIIIIIIIIIIIII
AAAAAAAAAAAAAAAAAAAAAAAAAAAAAAAAAAAA11111111111IIIIIIIIIIIIIIIII
AAAAAAAAAAAAAAAAAAAAAAAAAAAAAAAAAAAAA11111111111IIIIIIIIIIIIIIII
AAAAAAAAAAAAAAAAAAAAAAAAAAAAAAAAAAAAAA11111111111IIIIIIIIIIIIIII
AAAAAAAAAAAAAAAAAAAAAAAAAAAAAAAAAAAAAAA11111111111IIIIIIIIIIIIII
AAAAAAAAAAAAAAAAAAAAAAAAAAAAAAAAAAAAAAAA11111111111IIIIIIIIIIIII
AAAAAAAAAAAAAAAAAAAAAAAAAAAAAAAAAAAAAAAAA11111111111IIIIIIIIIIII
AAAAAAAAAAAAAAAAAAAAAAAAAAAAAAAAAAAAAAAAAA11111111111IIIIIIIIIII
AAAAAAAAAAAAAAAAAAAAAAAAAAAAAAAAAAAAAAAAAAA11111111111IIIIIIIIII
AAAAAAAAAAAAAAAAAAAAAAAAAAAAAAAAAAAAAAAAAAAA11111111111IIIIIIIII
AAAAAAAAAAAAAAAAAAAAAAAAAAAAAAAAAAAAAAAAAAAAA11111111111IIIIIIII
AAAAAAAAAAAAAAAAAAAAAAAAAAAAAAAAAAAAAAAAAAAAAA11111111111IIIIIII
AAAAAAAAAAAAAAAAAAAAAAAAAAAAAAAAAAAAAAAAAAAAAAA11111111111IIIIII
AAAAAAAAAAAAAAAAAAAAAAAAAAAAAAAAAAAAAAAAAAAAAAAA11111111111IIIII
AAAAAAAAAAAAAAAAAAAAAAAAAAAAAAAAAAAAAAAAAAAAAAAAA11111111111IIII
AAAAAAAAAAAAAAAAAAAAAAAAAAAAAAAAAAAAAAAAAAAAAAAAAA11111111111III
AAAAAAAAAAAAAAAAAAAAAAAAAAAAAAAAAAAAAAAAAAAAAAAAAAA11111111111II
AAAAAAAAAAAAAAAAAAAAAAAAAAAAAAAAAAAAAAAAAAAAAAAAAAAA11111111111I
AAAAAAAAAAAAAAAAAAAAAAAAAAAAAAAAAAAAAAAAAAAAAAAAAAAAA11111111111
AAAAAAAAAAAAAAAAAAAAAAAAAAAAAAAAAAAAAAAAAAAAAAAAAAAAAA1111111111
AAAAAAAAAAAAAAAAAAAAAAAAAAAAAAAAAAAAAAAAAAAAAAAAAAAAAAA111111111
AAAAAAAAAAAAAAAAAAAAAAAAAAAAAAAAAAAAAAAAAAAAAAAAAAAAAAAA11111111
AAAAAAAAAAAAAAAAAAAAAAAAAAAAAAAAAAAAAAAAAAAAAAAAAAAAAAAAA1111111
AAAAAAAAAAAAAAAAAAAAAAAAAAAAAAAAAAAAAAAAAAAAAAAAAAAAAAAAAA111111
AAAAAAAAAAAAAAAAAAAAAAAAAAAAAAAAAAAAAAAAAAAAAAAAAAAAAAAAAAA11111
AAAAAAAAAAAAAAAAAAAAAAAAAAAAAAAAAAAAAAAAAAAAAAAAAAAAAAAAAAAA1111
AAAAAAAAAAAAAAAAAAAAAAAAAAAAAAAAAAAAAAAAAAAAAAAAAAAAAAAAAAAAA111
AAAAAAAAAAAAAAAAAAAAAAAAAAAAAAAAAAAAAAAAAAAAAAAAAAAAAAAAAAAAAA11
AAAAAAAAAAAAAAAAAAAAAAAAAAAAAAAAAAAAAAAAAAAAAAAAAAAAAAAAAAAAAAA1
AAAAAAAAAAAAAAAAAAAAAAAAAAAAAAAAAAAAAAAAAAAAAAAAAAAAAAAAAAAAAAAA
AIIII11IIII1IIIIIIIIIIIIIIIIIIIIIIIIIIIIIIIIIIIIIIIIIIIIIIIIIIII
AAIII111III11IIIIIIIIIIIIIIIIIIIIIIIIIIIIIIIIIIIIIIIIIIIIIIIIIII
AAAII1111II111IIIIIIIIIIIIIIIIIIIIIIIIIIIIIIIIIIIIIIIIIIIIIIIIII
AAAAI11111I111IIIIIIIIIIIIIIIIIIIIIIIIIIIIIIIIIIIIIIIIIIIIIIIIII
AAAAA111111111I1IIIIIIIIIIIIIIIIIIIIIIIIIIIIIIIIIIIIIIIIIIIIIIII
AAAAAA11111111I11IIIIIIIIIIIIIIIIIIIIIIIIIIIIIIIIIIIIIIIIIIIIIII
AAAAAAA1111111I111IIIIIIIIIIIIIIIIIIIIIIIIIIIIIIIIIIIIIIIIIIIIII
AAAAAAAA111111I1111IIIIIIIIIIIIIIIIIIIIIIIIIIIIIIIIIIIIIIIIIIIII
AAAAAAAAA11111111111IIIIIIIIIIIIIIIIIIIIIIIIIIIIIIIIIIIIIIIIIIII
AAAAAAAAAA11111111111IIIIIIIIIIIIIIIIIIIIIIIIIIIIIIIIIIIIIIIIIII
AAAAAAAAAAA11111111111IIIIIIIIIIIIIIIIIIIIIIIIIIIIIIIIIIIIIIIIII
AAAAAAAAAAAA11111111111IIIIIIIIIIIIIIIIIIIIIIIIIIIIIIIIIIIIIIIII
AAAAAAAAAAAAA11111111111IIIIIIIIIIIIIIIIIIIIIIIIIIIIIIIIIIIIIIII
AAAAAAAAAAAAAA11111111111IIIIIIIIIIIIIIIIIIIIIIIIIIIIIIIIIIIIIII
AAAAAAAAAAAAAAA11111111111IIIIIIIIIIIIIIIIIIIIIIIIIIIIIIIIIIIIII
AAAAAAAAAAAAAAAA11111111111IIIIIIIIIIIIIIIIIIIIIIIIIIIIIIIIIIIII
AAAAAAAAAAAAAAAAA11111111111IIIIIIIIIIIIIIIIIIIIIIIIIIIIIIIIIIII
AAAAAAAAAAAAAAAAAA11111111111IIIIIIIIIIIIIIIIIIIIIIIIIIIIIIIIIII
AAAAAAAAAAAAAAAAAAA11111111111IIIIIIIIIIIIIIIIIIIIIIIIIIIIIIIIII
AAAAAAAAAAAAAAAAAAAA11111111111IIIIIIIIIIIIIIIIIIIIIIIIIIIIIIIII
AAAAAAAAAAAAAAAAAAAAA11111111111IIIIIIIIIIIIIIIIIIIIIIIIIIIIIIII
AAAAAAAAAAAAAAAAAAAAAA11111111111IIIIIIIIIIIIIIIIIIIIIIIIIIIIIII
AAAAAAAAAAAAAAAAAAAAAAA11111111111IIIIIIIIIIIIIIIIIIIIIIIIIIIIII
AAAAAAAAAAAAAAAAAAAAAAAA11111111111IIIIIIIIIIIIIIIIIIIIIIIIIIIII
AAAAAAAAAAAAAAAAAAAAAAAAA11111111111IIIIIIIIIIIIIIIIIIIIIIIIIIII
AAAAAAAAAAAAAAAAAAAAAAAAAA11111111111IIIIIIIIIIIIIIIIIIIIIIIIIII
AAAAAAAAAAAAAAAAAAAAAAAAAAA11111111111IIIIIIIIIIIIIIIIIIIIIIIIII
AAAAAAAAAAAAAAAAAAAAAAAAAAAA11111111111IIIIIIIIIIIIIIIIIIIIIIIII
AAAAAAAAAAAAAAAAAAAAAAAAAAAAA11111111111IIIIIIIIIIIIIIIIIIIIIIII
AAAAAAAAAAAAAAAAAAAAAAAAAAAAAA11111111111IIIIIIIIIIIIIIIIIIIIIII
AAAAAAAAAAAAAAAAAAAAAAAAAAAAAAA11111111111IIIIIIIIIIIIIIIIIIIIII
AAAAAAAAAAAAAAAAAAAAAAAAAAAAAAAA11111111111IIIIIIIIIIIIIIIIIIIII
AAAAAAAAAAAAAAAAAAAAAAAAAAAAAAAAA11111111111IIIIIIIIIIIIIIIIIIII
AAAAAAAAAAAAAAAAAAAAAAAAAAAAAAAAAA11111111111IIIIIIIIIIIIIIIIIII
AAAAAAAAAAAAAAAAAAAAAAAAAAAAAAAAAAA11111111111IIIIIIIIIIIIIIIIII
AAAAAAAAAAAAAAAAAAAAAAAAAAAAAAAAAAAA11111111111IIIIIIIIIIIIIIIII
AAAAAAAAAAAAAAAAAAAAAAAAAAAAAAAAAAAAA11111111111IIIIIIIIIIIIIIII
AAAAAAAAAAAAAAAAAAAAAAAAAAAAAAAAAAAAAA11111111111IIIIIIIIIIIIIII
AAAAAAAAAAAAAAAAAAAAAAAAAAAAAAAAAAAAAAA11111111111IIIIIIIIIIIIII
AAAAAAAAAAAAAAAAAAAAAAAAAAAAAAAAAAAAAAAA11111111111IIIIIIIIIIIII
AAAAAAAAAAAAAAAAAAAAAAAAAAAAAAAAAAAAAAAAA11111111111IIIIIIIIIIII
AAAAAAAAAAAAAAAAAAAAAAAAAAAAAAAAAAAAAAAAAA11111111111IIIIIIIIIII
AAAAAAAAAAAAAAAAAAAAAAAAAAAAAAAAAAAAAAAAAAA11111111111IIIIIIIIII
AAAAAAAAAAAAAAAAAAAAAAAAAAAAAAAAAAAAAAAAAAAA11111111111IIIIIIIII
AAAAAAAAAAAAAAAAAAAAAAAAAAAAAAAAAAAAAAAAAAAAA11111111111IIIIIIII
AAAAAAAAAAAAAAAAAAAAAAAAAAAAAAAAAAAAAAAAAAAAAA11111111111IIIIIII
AAAAAAAAAAAAAAAAAAAAAAAAAAAAAAAAAAAAAAAAAAAAAAA11111111111IIIIII
AAAAAAAAAAAAAAAAAAAAAAAAAAAAAAAAAAAAAAAAAAAAAAAA11111111111IIIII
AAAAAAAAAAAAAAAAAAAAAAAAAAAAAAAAAAAAAAAAAAAAAAAAA11111111111IIII
AAAAAAAAAAAAAAAAAAAAAAAAAAAAAAAAAAAAAAAAAAAAAAAAAA11111111111III
AAAAAAAAAAAAAAAAAAAAAAAAAAAAAAAAAAAAAAAAAAAAAAAAAAA11111111111II
AAAAAAAAAAAAAAAAAAAAAAAAAAAAAAAAAAAAAAAAAAAAAAAAAAAA11111111111I
AAAAAAAAAAAAAAAAAAAAAAAAAAAAAAAAAAAAAAAAAAAAAAAAAAAAA11111111111
AAAAAAAAAAAAAAAAAAAAAAAAAAAAAAAAAAAAAAAAAAAAAAAAAAAAAA1111111111
AAAAAAAAAAAAAAAAAAAAAAAAAAAAAAAAAAAAAAAAAAAAAAAAAAAAAAA111111111
AAAAAAAAAAAAAAAAAAAAAAAAAAAAAAAAAAAAAAAAAAAAAAAAAAAAAAAA11111111
AAAAAAAAAAAAAAAAAAAAAAAAAAAAAAAAAAAAAAAAAAAAAAAAAAAAAAAAA1111111
AAAAAAAAAAAAAAAAAAAAAAAAAAAAAAAAAAAAAAAAAAAAAAAAAAAAAAAAAA111111
AAAAAAAAAAAAAAAAAAAAAAAAAAAAAAAAAAAAAAAAAAAAAAAAAAAAAAAAAAA11111
AAAAAAAAAAAAAAAAAAAAAAAAAAAAAAAAAAAAAAAAAAAAAAAAAAAAAAAAAAAA1111
AAAAAAAAAAAAAAAAAAAAAAAAAAAAAAAAAAAAAAAAAAAAAAAAAAAAAAAAAAAAA111
AAAAAAAAAAAAAAAAAAAAAAAAAAAAAAAAAAAAAAAAAAAAAAAAAAAAAAAAAAAAAA11
AAAAAAAAAAAAAAAAAAAAAAAAAAAAAAAAAAAAAAAAAAAAAAAAAAAAAAAAAAAAAAA1
AAAAAAAAAAAAAAAAAAAAAAAAAAAAAAAAAAAAAAAAAAAAAAAAAAAAAAAAAAAAAAAA
AIIII11IIII1IIIIIIIIIIIIIIIIIIIIIIIIIIIIIIIIIIIIIIIIIIIIIIIIIIII
AAIII111III11IIIIIIIIIIIIIIIIIIIIIIIIIIIIIIIIIIIIIIIIIIIIIIIIIII
AAAII1111II111IIIIIIIIIIIIIIIIIIIIIIIIIIIIIIIIIIIIIIIIIIIIIIIIII
AAAAI11111I111IIIIIIIIIIIIIIIIIIIIIIIIIIIIIIIIIIIIIIIIIIIIIIIIII
AAAAA111111111I1IIIIIIIIIIIIIIIIIIIIIIIIIIIIIIIIIIIIIIIIIIIIIIII
AAAAAA11111111I11IIIIIIIIIIIIIIIIIIIIIIIIIIIIIIIIIIIIIIIIIIIIIII
AAAAAAA1111111I111IIIIIIIIIIIIIIIIIIIIIIIIIIIIIIIIIIIIIIIIIIIIII
AAAAAAAA111111I1111IIIIIIIIIIIIIIIIIIIIIIIIIIIIIIIIIIIIIIIIIIIII
AAAAAAAAA11111111111IIIIIIIIIIIIIIIIIIIIIIIIIIIIIIIIIIIIIIIIIIII
AAAAAAAAAA11111111111IIIIIIIIIIIIIIIIIIIIIIIIIIIIIIIIIIIIIIIIIII
AAAAAAAAAAA11111111111IIIIIIIIIIIIIIIIIIIIIIIIIIIIIIIIIIIIIIIIII
AAAAAAAAAAAA11111111111IIIIIIIIIIIIIIIIIIIIIIIIIIIIIIIIIIIIIIIII
AAAAAAAAAAAAA11111111111IIIIIIIIIIIIIIIIIIIIIIIIIIIIIIIIIIIIIIII
AAAAAAAAAAAAAA11111111111IIIIIIIIIIIIIIIIIIIIIIIIIIIIIIIIIIIIIII
AAAAAAAAAAAAAAA11111111111IIIIIIIIIIIIIIIIIIIIIIIIIIIIIIIIIIIIII
AAAAAAAAAAAAAAAA11111111111IIIIIIIIIIIIIIIIIIIIIIIIIIIIIIIIIIIII
AAAAAAAAAAAAAAAAA11111111111IIIIIIIIIIIIIIIIIIIIIIIIIIIIIIIIIIII
AAAAAAAAAAAAAAAAAA11111111111IIIIIIIIIIIIIIIIIIIIIIIIIIIIIIIIIII
AAAAAAAAAAAAAAAAAAA11111111111IIIIIIIIIIIIIIIIIIIIIIIIIIIIIIIIII
AAAAAAAAAAAAAAAAAAAA11111111111IIIIIIIIIIIIIIIIIIIIIIIIIIIIIIIII
AAAAAAAAAAAAAAAAAAAAA11111111111IIIIIIIIIIIIIIIIIIIIIIIIIIIIIIII
AAAAAAAAAAAAAAAAAAAAAA11111111111IIIIIIIIIIIIIIIIIIIIIIIIIIIIIII
AAAAAAAAAAAAAAAAAAAAAAA11111111111IIIIIIIIIIIIIIIIIIIIIIIIIIIIII
AAAAAAAAAAAAAAAAAAAAAAAA11111111111IIIIIIIIIIIIIIIIIIIIIIIIIIIII
AAAAAAAAAAAAAAAAAAAAAAAAA11111111111IIIIIIIIIIIIIIIIIIIIIIIIIIII
AAAAAAAAAAAAAAAAAAAAAAAAAA11111111111IIIIIIIIIIIIIIIIIIIIIIIIIII
AAAAAAAAAAAAAAAAAAAAAAAAAAA11111111111IIIIIIIIIIIIIIIIIIIIIIIIII
AAAAAAAAAAAAAAAAAAAAAAAAAAAA11111111111IIIIIIIIIIIIIIIIIIIIIIIII
AAAAAAAAAAAAAAAAAAAAAAAAAAAAA11111111111IIIIIIIIIIIIIIIIIIIIIIII
AAAAAAAAAAAAAAAAAAAAAAAAAAAAAA11111111111IIIIIIIIIIIIIIIIIIIIIII
AAAAAAAAAAAAAAAAAAAAAAAAAAAAAAA11111111111IIIIIIIIIIIIIIIIIIIIII
AAAAAAAAAAAAAAAAAAAAAAAAAAAAAAAA11111111111IIIIIIIIIIIIIIIIIIIII
AAAAAAAAAAAAAAAAAAAAAAAAAAAAAAAAA11111111111IIIIIIIIIIIIIIIIIIII
AAAAAAAAAAAAAAAAAAAAAAAAAAAAAAAAAA11111111111IIIIIIIIIIIIIIIIIII
AAAAAAAAAAAAAAAAAAAAAAAAAAAAAAAAAAA11111111111IIIIIIIIIIIIIIIIII
AAAAAAAAAAAAAAAAAAAAAAAAAAAAAAAAAAAA11111111111IIIIIIIIIIIIIIIII
AAAAAAAAAAAAAAAAAAAAAAAAAAAAAAAAAAAAA11111111111IIIIIIIIIIIIIIII
AAAAAAAAAAAAAAAAAAAAAAAAAAAAAAAAAAAAAA11111111111IIIIIIIIIIIIIII
AAAAAAAAAAAAAAAAAAAAAAAAAAAAAAAAAAAAAAA11111111111IIIIIIIIIIIIII
AAAAAAAAAAAAAAAAAAAAAAAAAAAAAAAAAAAAAAAA11111111111IIIIIIIIIIIII
AAAAAAAAAAAAAAAAAAAAAAAAAAAAAAAAAAAAAAAAA11111111111IIIIIIIIIIII
AAAAAAAAAAAAAAAAAAAAAAAAAAAAAAAAAAAAAAAAAA11111111111IIIIIIIIIII
AAAAAAAAAAAAAAAAAAAAAAAAAAAAAAAAAAAAAAAAAAA11111111111IIIIIIIIII
AAAAAAAAAAAAAAAAAAAAAAAAAAAAAAAAAAAAAAAAAAAA11111111111IIIIIIIII
AAAAAAAAAAAAAAAAAAAAAAAAAAAAAAAAAAAAAAAAAAAAA11111111111IIIIIIII
AAAAAAAAAAAAAAAAAAAAAAAAAAAAAAAAAAAAAAAAAAAAAA11111111111IIIIIII
AAAAAAAAAAAAAAAAAAAAAAAAAAAAAAAAAAAAAAAAAAAAAAA11111111111IIIIII
AAAAAAAAAAAAAAAAAAAAAAAAAAAAAAAAAAAAAAAAAAAAAAAA11111111111IIIII
AAAAAAAAAAAAAAAAAAAAAAAAAAAAAAAAAAAAAAAAAAAAAAAAA11111111111IIII
AAAAAAAAAAAAAAAAAAAAAAAAAAAAAAAAAAAAAAAAAAAAAAAAAA11111111111III
AAAAAAAAAAAAAAAAAAAAAAAAAAAAAAAAAAAAAAAAAAAAAAAAAAA11111111111II
AAAAAAAAAAAAAAAAAAAAAAAAAAAAAAAAAAAAAAAAAAAAAAAAAAAA11111111111I
AAAAAAAAAAAAAAAAAAAAAAAAAAAAAAAAAAAAAAAAAAAAAAAAAAAAA11111111111
AAAAAAAAAAAAAAAAAAAAAAAAAAAAAAAAAAAAAAAAAAAAAAAAAAAAAA1111111111
AAAAAAAAAAAAAAAAAAAAAAAAAAAAAAAAAAAAAAAAAAAAAAAAAAAAAAA111111111
AAAAAAAAAAAAAAAAAAAAAAAAAAAAAAAAAAAAAAAAAAAAAAAAAAAAAAAA11111111
AAAAAAAAAAAAAAAAAAAAAAAAAAAAAAAAAAAAAAAAAAAAAAAAAAAAAAAAA1111111
AAAAAAAAAAAAAAAAAAAAAAAAAAAAAAAAAAAAAAAAAAAAAAAAAAAAAAAAAA111111
AAAAAAAAAAAAAAAAAAAAAAAAAAAAAAAAAAAAAAAAAAAAAAAAAAAAAAAAAAA11111
AAAAAAAAAAAAAAAAAAAAAAAAAAAAAAAAAAAAAAAAAAAAAAAAAAAAAAAAAAAA1111
AAAAAAAAAAAAAAAAAAAAAAAAAAAAAAAAAAAAAAAAAAAAAAAAAAAAAAAAAAAAA111
AAAAAAAAAAAAAAAAAAAAAAAAAAAAAAAAAAAAAAAAAAAAAAAAAAAAAAAAAAAAAA11
AAAAAAAAAAAAAAAAAAAAAAAAAAAAAAAAAAAAAAAAAAAAAAAAAAAAAAAAAAAAAAA1
AAAAAAAAAAAAAAAAAAAAAAAAAAAAAAAAAAAAAAAAAAAAAAAAAAAAAAAAAAAAAAAA
AIIII11IIII1IIIIIIIIIIIIIIIIIIIIIIIIIIIIIIIIIIIIIIIIIIIIIIIIIIII
AAIII111III11IIIIIIIIIIIIIIIIIIIIIIIIIIIIIIIIIIIIIIIIIIIIIIIIIII
AAAII1111II111IIIIIIIIIIIIIIIIIIIIIIIIIIIIIIIIIIIIIIIIIIIIIIIIII
AAAAI11111I111IIIIIIIIIIIIIIIIIIIIIIIIIIIIIIIIIIIIIIIIIIIIIIIIII
AAAAA111111111I1IIIIIIIIIIIIIIIIIIIIIIIIIIIIIIIIIIIIIIIIIIIIIIII
AAAAAA11111111I11IIIIIIIIIIIIIIIIIIIIIIIIIIIIIIIIIIIIIIIIIIIIIII
AAAAAAA1111111I111IIIIIIIIIIIIIIIIIIIIIIIIIIIIIIIIIIIIIIIIIIIIII
AAAAAAAA111111I1111IIIIIIIIIIIIIIIIIIIIIIIIIIIIIIIIIIIIIIIIIIIII
AAAAAAAAA11111111111IIIIIIIIIIIIIIIIIIIIIIIIIIIIIIIIIIIIIIIIIIII
AAAAAAAAAA11111111111IIIIIIIIIIIIIIIIIIIIIIIIIIIIIIIIIIIIIIIIIII
AAAAAAAAAAA11111111111IIIIIIIIIIIIIIIIIIIIIIIIIIIIIIIIIIIIIIIIII
AAAAAAAAAAAA11111111111IIIIIIIIIIIIIIIIIIIIIIIIIIIIIIIIIIIIIIIII
AAAAAAAAAAAAA11111111111IIIIIIIIIIIIIIIIIIIIIIIIIIIIIIIIIIIIIIII
AAAAAAAAAAAAAA11111111111IIIIIIIIIIIIIIIIIIIIIIIIIIIIIIIIIIIIIII
AAAAAAAAAAAAAAA11111111111IIIIIIIIIIIIIIIIIIIIIIIIIIIIIIIIIIIIII
AAAAAAAAAAAAAAAA11111111111IIIIIIIIIIIIIIIIIIIIIIIIIIIIIIIIIIIII
AAAAAAAAAAAAAAAAA11111111111IIIIIIIIIIIIIIIIIIIIIIIIIIIIIIIIIIII
AAAAAAAAAAAAAAAAAA11111111111IIIIIIIIIIIIIIIIIIIIIIIIIIIIIIIIIII
AAAAAAAAAAAAAAAAAAA11111111111IIIIIIIIIIIIIIIIIIIIIIIIIIIIIIIIII
AAAAAAAAAAAAAAAAAAAA11111111111IIIIIIIIIIIIIIIIIIIIIIIIIIIIIIIII
AAAAAAAAAAAAAAAAAAAAA11111111111IIIIIIIIIIIIIIIIIIIIIIIIIIIIIIII
AAAAAAAAAAAAAAAAAAAAAA11111111111IIIIIIIIIIIIIIIIIIIIIIIIIIIIIII
AAAAAAAAAAAAAAAAAAAAAAA11111111111IIIIIIIIIIIIIIIIIIIIIIIIIIIIII
AAAAAAAAAAAAAAAAAAAAAAAA11111111111IIIIIIIIIIIIIIIIIIIIIIIIIIIII
AAAAAAAAAAAAAAAAAAAAAAAAA11111111111IIIIIIIIIIIIIIIIIIIIIIIIIIII
AAAAAAAAAAAAAAAAAAAAAAAAAA11111111111IIIIIIIIIIIIIIIIIIIIIIIIIII
AAAAAAAAAAAAAAAAAAAAAAAAAAA11111111111IIIIIIIIIIIIIIIIIIIIIIIIII
AAAAAAAAAAAAAAAAAAAAAAAAAAAA11111111111IIIIIIIIIIIIIIIIIIIIIIIII
AAAAAAAAAAAAAAAAAAAAAAAAAAAAA11111111111IIIIIIIIIIIIIIIIIIIIIIII
AAAAAAAAAAAAAAAAAAAAAAAAAAAAAA11111111111IIIIIIIIIIIIIIIIIIIIIII
AAAAAAAAAAAAAAAAAAAAAAAAAAAAAAA11111111111IIIIIIIIIIIIIIIIIIIIII
AAAAAAAAAAAAAAAAAAAAAAAAAAAAAAAA11111111111IIIIIIIIIIIIIIIIIIIII
AAAAAAAAAAAAAAAAAAAAAAAAAAAAAAAAA11111111111IIIIIIIIIIIIIIIIIIII
AAAAAAAAAAAAAAAAAAAAAAAAAAAAAAAAAA11111111111IIIIIIIIIIIIIIIIIII
AAAAAAAAAAAAAAAAAAAAAAAAAAAAAAAAAAA11111111111IIIIIIIIIIIIIIIIII
AAAAAAAAAAAAAAAAAAAAAAAAAAAAAAAAAAAA11111111111IIIIIIIIIIIIIIIII
AAAAAAAAAAAAAAAAAAAAAAAAAAAAAAAAAAAAA11111111111IIIIIIIIIIIIIIII
AAAAAAAAAAAAAAAAAAAAAAAAAAAAAAAAAAAAAA11111111111IIIIIIIIIIIIIII
AAAAAAAAAAAAAAAAAAAAAAAAAAAAAAAAAAAAAAA11111111111IIIIIIIIIIIIII
AAAAAAAAAAAAAAAAAAAAAAAAAAAAAAAAAAAAAAAA11111111111IIIIIIIIIIIII
AAAAAAAAAAAAAAAAAAAAAAAAAAAAAAAAAAAAAAAAA11111111111IIIIIIIIIIII
AAAAAAAAAAAAAAAAAAAAAAAAAAAAAAAAAAAAAAAAAA11111111111IIIIIIIIIII
AAAAAAAAAAAAAAAAAAAAAAAAAAAAAAAAAAAAAAAAAAA11111111111IIIIIIIIII
AAAAAAAAAAAAAAAAAAAAAAAAAAAAAAAAAAAAAAAAAAAA11111111111IIIIIIIII
AAAAAAAAAAAAAAAAAAAAAAAAAAAAAAAAAAAAAAAAAAAAA11111111111IIIIIIII
AAAAAAAAAAAAAAAAAAAAAAAAAAAAAAAAAAAAAAAAAAAAAA11111111111IIIIIII
AAAAAAAAAAAAAAAAAAAAAAAAAAAAAAAAAAAAAAAAAAAAAAA11111111111IIIIII
AAAAAAAAAAAAAAAAAAAAAAAAAAAAAAAAAAAAAAAAAAAAAAAA11111111111IIIII
AAAAAAAAAAAAAAAAAAAAAAAAAAAAAAAAAAAAAAAAAAAAAAAAA11111111111IIII
AAAAAAAAAAAAAAAAAAAAAAAAAAAAAAAAAAAAAAAAAAAAAAAAAA11111111111III
AAAAAAAAAAAAAAAAAAAAAAAAAAAAAAAAAAAAAAAAAAAAAAAAAAA11111111111II
AAAAAAAAAAAAAAAAAAAAAAAAAAAAAAAAAAAAAAAAAAAAAAAAAAAA11111111111I
AAAAAAAAAAAAAAAAAAAAAAAAAAAAAAAAAAAAAAAAAAAAAAAAAAAAA11111111111
AAAAAAAAAAAAAAAAAAAAAAAAAAAAAAAAAAAAAAAAAAAAAAAAAAAAAA1111111111
AAAAAAAAAAAAAAAAAAAAAAAAAAAAAAAAAAAAAAAAAAAAAAAAAAAAAAA111111111
AAAAAAAAAAAAAAAAAAAAAAAAAAAAAAAAAAAAAAAAAAAAAAAAAAAAAAAA11111111
AAAAAAAAAAAAAAAAAAAAAAAAAAAAAAAAAAAAAAAAAAAAAAAAAAAAAAAAA1111111
AAAAAAAAAAAAAAAAAAAAAAAAAAAAAAAAAAAAAAAAAAAAAAAAAAAAAAAAAA111111
AAAAAAAAAAAAAAAAAAAAAAAAAAAAAAAAAAAAAAAAAAAAAAAAAAAAAAAAAAA11111
AAAAAAAAAAAAAAAAAAAAAAAAAAAAAAAAAAAAAAAAAAAAAAAAAAAAAAAAAAAA1111
AAAAAAAAAAAAAAAAAAAAAAAAAAAAAAAAAAAAAAAAAAAAAAAAAAAAAAAAAAAAA111
AAAAAAAAAAAAAAAAAAAAAAAAAAAAAAAAAAAAAAAAAAAAAAAAAAAAAAAAAAAAAA11
AAAAAAAAAAAAAAAAAAAAAAAAAAAAAAAAAAAAAAAAAAAAAAAAAAAAAAAAAAAAAAA1
AAAAAAAAAAAAAAAAAAAAAAAAAAAAAAAAAAAAAAAAAAAAAAAAAAAAAAAAAAAAAAAA
AIIII11IIII1IIIIIIIIIIIIIIIIIIIIIIIIIIIIIIIIIIIIIIIIIIIIIIIIIIII
AAIII111III11IIIIIIIIIIIIIIIIIIIIIIIIIIIIIIIIIIIIIIIIIIIIIIIIIII
AAAII1111II111IIIIIIIIIIIIIIIIIIIIIIIIIIIIIIIIIIIIIIIIIIIIIIIIII
AAAAI11111I111IIIIIIIIIIIIIIIIIIIIIIIIIIIIIIIIIIIIIIIIIIIIIIIIII
AAAAA111111111I1IIIIIIIIIIIIIIIIIIIIIIIIIIIIIIIIIIIIIIIIIIIIIIII
AAAAAA11111111I11IIIIIIIIIIIIIIIIIIIIIIIIIIIIIIIIIIIIIIIIIIIIIII
AAAAAAA1111111I111IIIIIIIIIIIIIIIIIIIIIIIIIIIIIIIIIIIIIIIIIIIIII
AAAAAAAA111111I1111IIIIIIIIIIIIIIIIIIIIIIIIIIIIIIIIIIIIIIIIIIIII
AAAAAAAAA11111111111IIIIIIIIIIIIIIIIIIIIIIIIIIIIIIIIIIIIIIIIIIII
AAAAAAAAAA11111111111IIIIIIIIIIIIIIIIIIIIIIIIIIIIIIIIIIIIIIIIIII
AAAAAAAAAAA11111111111IIIIIIIIIIIIIIIIIIIIIIIIIIIIIIIIIIIIIIIIII
AAAAAAAAAAAA11111111111IIIIIIIIIIIIIIIIIIIIIIIIIIIIIIIIIIIIIIIII
AAAAAAAAAAAAA11111111111IIIIIIIIIIIIIIIIIIIIIIIIIIIIIIIIIIIIIIII
AAAAAAAAAAAAAA11111111111IIIIIIIIIIIIIIIIIIIIIIIIIIIIIIIIIIIIIII
AAAAAAAAAAAAAAA11111111111IIIIIIIIIIIIIIIIIIIIIIIIIIIIIIIIIIIIII
AAAAAAAAAAAAAAAA11111111111IIIIIIIIIIIIIIIIIIIIIIIIIIIIIIIIIIIII
AAAAAAAAAAAAAAAAA11111111111IIIIIIIIIIIIIIIIIIIIIIIIIIIIIIIIIIII
AAAAAAAAAAAAAAAAAA11111111111IIIIIIIIIIIIIIIIIIIIIIIIIIIIIIIIIII
AAAAAAAAAAAAAAAAAAA11111111111IIIIIIIIIIIIIIIIIIIIIIIIIIIIIIIIII
AAAAAAAAAAAAAAAAAAAA11111111111IIIIIIIIIIIIIIIIIIIIIIIIIIIIIIIII
AAAAAAAAAAAAAAAAAAAAA11111111111IIIIIIIIIIIIIIIIIIIIIIIIIIIIIIII
AAAAAAAAAAAAAAAAAAAAAA11111111111IIIIIIIIIIIIIIIIIIIIIIIIIIIIIII
AAAAAAAAAAAAAAAAAAAAAAA11111111111IIIIIIIIIIIIIIIIIIIIIIIIIIIIII
AAAAAAAAAAAAAAAAAAAAAAAA11111111111IIIIIIIIIIIIIIIIIIIIIIIIIIIII
AAAAAAAAAAAAAAAAAAAAAAAAA11111111111IIIIIIIIIIIIIIIIIIIIIIIIIIII
AAAAAAAAAAAAAAAAAAAAAAAAAA11111111111IIIIIIIIIIIIIIIIIIIIIIIIIII
AAAAAAAAAAAAAAAAAAAAAAAAAAA11111111111IIIIIIIIIIIIIIIIIIIIIIIIII
AAAAAAAAAAAAAAAAAAAAAAAAAAAA11111111111IIIIIIIIIIIIIIIIIIIIIIIII
AAAAAAAAAAAAAAAAAAAAAAAAAAAAA11111111111IIIIIIIIIIIIIIIIIIIIIIII
AAAAAAAAAAAAAAAAAAAAAAAAAAAAAA11111111111IIIIIIIIIIIIIIIIIIIIIII
AAAAAAAAAAAAAAAAAAAAAAAAAAAAAAA11111111111IIIIIIIIIIIIIIIIIIIIII
AAAAAAAAAAAAAAAAAAAAAAAAAAAAAAAA11111111111IIIIIIIIIIIIIIIIIIIII
AAAAAAAAAAAAAAAAAAAAAAAAAAAAAAAAA11111111111IIIIIIIIIIIIIIIIIIII
AAAAAAAAAAAAAAAAAAAAAAAAAAAAAAAAAA11111111111IIIIIIIIIIIIIIIIIII
AAAAAAAAAAAAAAAAAAAAAAAAAAAAAAAAAAA11111111111IIIIIIIIIIIIIIIIII
AAAAAAAAAAAAAAAAAAAAAAAAAAAAAAAAAAAA11111111111IIIIIIIIIIIIIIIII
AAAAAAAAAAAAAAAAAAAAAAAAAAAAAAAAAAAAA11111111111IIIIIIIIIIIIIIII
AAAAAAAAAAAAAAAAAAAAAAAAAAAAAAAAAAAAAA11111111111IIIIIIIIIIIIIII
AAAAAAAAAAAAAAAAAAAAAAAAAAAAAAAAAAAAAAA11111111111IIIIIIIIIIIIII
AAAAAAAAAAAAAAAAAAAAAAAAAAAAAAAAAAAAAAAA11111111111IIIIIIIIIIIII
AAAAAAAAAAAAAAAAAAAAAAAAAAAAAAAAAAAAAAAAA11111111111IIIIIIIIIIII
AAAAAAAAAAAAAAAAAAAAAAAAAAAAAAAAAAAAAAAAAA11111111111IIIIIIIIIII
AAAAAAAAAAAAAAAAAAAAAAAAAAAAAAAAAAAAAAAAAAA11111111111IIIIIIIIII
AAAAAAAAAAAAAAAAAAAAAAAAAAAAAAAAAAAAAAAAAAAA11111111111IIIIIIIII
AAAAAAAAAAAAAAAAAAAAAAAAAAAAAAAAAAAAAAAAAAAAA11111111111IIIIIIII
AAAAAAAAAAAAAAAAAAAAAAAAAAAAAAAAAAAAAAAAAAAAAA11111111111IIIIIII
AAAAAAAAAAAAAAAAAAAAAAAAAAAAAAAAAAAAAAAAAAAAAAA11111111111IIIIII
AAAAAAAAAAAAAAAAAAAAAAAAAAAAAAAAAAAAAAAAAAAAAAAA11111111111IIIII
AAAAAAAAAAAAAAAAAAAAAAAAAAAAAAAAAAAAAAAAAAAAAAAAA11111111111IIII
AAAAAAAAAAAAAAAAAAAAAAAAAAAAAAAAAAAAAAAAAAAAAAAAAA11111111111III
AAAAAAAAAAAAAAAAAAAAAAAAAAAAAAAAAAAAAAAAAAAAAAAAAAA11111111111II
AAAAAAAAAAAAAAAAAAAAAAAAAAAAAAAAAAAAAAAAAAAAAAAAAAAA11111111111I
AAAAAAAAAAAAAAAAAAAAAAAAAAAAAAAAAAAAAAAAAAAAAAAAAAAAA11111111111
AAAAAAAAAAAAAAAAAAAAAAAAAAAAAAAAAAAAAAAAAAAAAAAAAAAAAA1111111111
AAAAAAAAAAAAAAAAAAAAAAAAAAAAAAAAAAAAAAAAAAAAAAAAAAAAAAA111111111
AAAAAAAAAAAAAAAAAAAAAAAAAAAAAAAAAAAAAAAAAAAAAAAAAAAAAAAA11111111
AAAAAAAAAAAAAAAAAAAAAAAAAAAAAAAAAAAAAAAAAAAAAAAAAAAAAAAAA1111111
AAAAAAAAAAAAAAAAAAAAAAAAAAAAAAAAAAAAAAAAAAAAAAAAAAAAAAAAAA111111
AAAAAAAAAAAAAAAAAAAAAAAAAAAAAAAAAAAAAAAAAAAAAAAAAAAAAAAAAAA11111
AAAAAAAAAAAAAAAAAAAAAAAAAAAAAAAAAAAAAAAAAAAAAAAAAAAAAAAAAAAA1111
AAAAAAAAAAAAAAAAAAAAAAAAAAAAAAAAAAAAAAAAAAAAAAAAAAAAAAAAAAAAA111
AAAAAAAAAAAAAAAAAAAAAAAAAAAAAAAAAAAAAAAAAAAAAAAAAAAAAAAAAAAAAA11
AAAAAAAAAAAAAAAAAAAAAAAAAAAAAAAAAAAAAAAAAAAAAAAAAAAAAAAAAAAAAAA1
AAAAAAAAAAAAAAAAAAAAAAAAAAAAAAAAAAAAAAAAAAAAAAAAAAAAAAAAAAAAAAAA
AI1II1111II1IIIIIIIIIIIIIIIIIIIIIIIIIIIIIIIIIIIIIIIIIIIIIIIIIIII
AA11I11111I1IIIIIIIIIIIIIIIIIIIIIIIIIIIIIIIIIIIIIIIIIIIIIIIIIIII
AAA1I11111I1IIIIIIIIIIIIIIIIIIIIIIIIIIIIIIIIIIIIIIIIIIIIIIIIIIII
AAAAI11111I1IIIIIIIIIIIIIIIIIIIIIIIIIIIIIIIIIIIIIIIIIIIIIIIIIIII
AAAA11111111I1IIIIIIIIIIIIIIIIIIIIIIIIIIIIIIIIIIIIIIIIIIIIIIIIII
AAAAA111111111I1IIIIIIIIIIIIIIIIIIIIIIIIIIIIIIIIIIIIIIIIIIIIIIII
AAAAAA11111111I11IIIIIIIIIIIIIIIIIIIIIIIIIIIIIIIIIIIIIIIIIIIIIII
AAAAAAA11111111111IIIIIIIIIIIIIIIIIIIIIIIIIIIIIIIIIIIIIIIIIIIIII
AAAAAAAA11111111111IIIIIIIIIIIIIIIIIIIIIIIIIIIIIIIIIIIIIIIIIIIII
AAAAAAAAA11111111111IIIIIIIIIIIIIIIIIIIIIIIIIIIIIIIIIIIIIIIIIIII
AAAAAAAAAA11111111111IIIIIIIIIIIIIIIIIIIIIIIIIIIIIIIIIIIIIIIIIII
AAAAAAAAAAA11111111111IIIIIIIIIIIIIIIIIIIIIIIIIIIIIIIIIIIIIIIIII
AAAAAAAAAAAA11111111111IIIIIIIIIIIIIIIIIIIIIIIIIIIIIIIIIIIIIIIII
AAAAAAAAAAAAA11111111111IIIIIIIIIIIIIIIIIIIIIIIIIIIIIIIIIIIIIIII
AAAAAAAAAAAAAA11111111111IIIIIIIIIIIIIIIIIIIIIIIIIIIIIIIIIIIIIII
AAAAAAAAAAAAAAA11111111111IIIIIIIIIIIIIIIIIIIIIIIIIIIIIIIIIIIIII
AAAAAAAAAAAAAAAA11111111111IIIIIIIIIIIIIIIIIIIIIIIIIIIIIIIIIIIII
AAAAAAAAAAAAAAAAA11111111111IIIIIIIIIIIIIIIIIIIIIIIIIIIIIIIIIIII
AAAAAAAAAAAAAAAAAA11111111111IIIIIIIIIIIIIIIIIIIIIIIIIIIIIIIIIII
AAAAAAAAAAAAAAAAAAA11111111111IIIIIIIIIIIIIIIIIIIIIIIIIIIIIIIIII
AAAAAAAAAAAAAAAAAAAA11111111111IIIIIIIIIIIIIIIIIIIIIIIIIIIIIIIII
AAAAAAAAAAAAAAAAAAAAA11111111111IIIIIIIIIIIIIIIIIIIIIIIIIIIIIIII
AAAAAAAAAAAAAAAAAAAAAA11111111111IIIIIIIIIIIIIIIIIIIIIIIIIIIIIII
AAAAAAAAAAAAAAAAAAAAAAA11111111111IIIIIIIIIIIIIIIIIIIIIIIIIIIIII
AAAAAAAAAAAAAAAAAAAAAAAA11111111111IIIIIIIIIIIIIIIIIIIIIIIIIIIII
AAAAAAAAAAAAAAAAAAAAAAAAA11111111111IIIIIIIIIIIIIIIIIIIIIIIIIIII
AAAAAAAAAAAAAAAAAAAAAAAAAA11111111111IIIIIIIIIIIIIIIIIIIIIIIIIII
AAAAAAAAAAAAAAAAAAAAAAAAAAA11111111111IIIIIIIIIIIIIIIIIIIIIIIIII
AAAAAAAAAAAAAAAAAAAAAAAAAAAA11111111111IIIIIIIIIIIIIIIIIIIIIIIII
AAAAAAAAAAAAAAAAAAAAAAAAAAAAA11111111111IIIIIIIIIIIIIIIIIIIIIIII
AAAAAAAAAAAAAAAAAAAAAAAAAAAAAA11111111111IIIIIIIIIIIIIIIIIIIIIII
AAAAAAAAAAAAAAAAAAAAAAAAAAAAAAA11111111111IIIIIIIIIIIIIIIIIIIIII
AAAAAAAAAAAAAAAAAAAAAAAAAAAAAAAA11111111111IIIIIIIIIIIIIIIIIIIII
AAAAAAAAAAAAAAAAAAAAAAAAAAAAAAAAA11111111111IIIIIIIIIIIIIIIIIIII
AAAAAAAAAAAAAAAAAAAAAAAAAAAAAAAAAA11111111111IIIIIIIIIIIIIIIIIII
AAAAAAAAAAAAAAAAAAAAAAAAAAAAAAAAAAA11111111111IIIIIIIIIIIIIIIIII
AAAAAAAAAAAAAAAAAAAAAAAAAAAAAAAAAAAA11111111111IIIIIIIIIIIIIIIII
AAAAAAAAAAAAAAAAAAAAAAAAAAAAAAAAAAAAA11111111111IIIIIIIIIIIIIIII
AAAAAAAAAAAAAAAAAAAAAAAAAAAAAAAAAAAAAA11111111111IIIIIIIIIIIIIII
AAAAAAAAAAAAAAAAAAAAAAAAAAAAAAAAAAAAAAA11111111111IIIIIIIIIIIIII
AAAAAAAAAAAAAAAAAAAAAAAAAAAAAAAAAAAAAAAA11111111111IIIIIIIIIIIII
AAAAAAAAAAAAAAAAAAAAAAAAAAAAAAAAAAAAAAAAA11111111111IIIIIIIIIIII
AAAAAAAAAAAAAAAAAAAAAAAAAAAAAAAAAAAAAAAAAA11111111111IIIIIIIIIII
AAAAAAAAAAAAAAAAAAAAAAAAAAAAAAAAAAAAAAAAAAA11111111111IIIIIIIIII
AAAAAAAAAAAAAAAAAAAAAAAAAAAAAAAAAAAAAAAAAAAA11111111111IIIIIIIII
AAAAAAAAAAAAAAAAAAAAAAAAAAAAAAAAAAAAAAAAAAAAA11111111111IIIIIIII
AAAAAAAAAAAAAAAAAAAAAAAAAAAAAAAAAAAAAAAAAAAAAA11111111111IIIIIII
AAAAAAAAAAAAAAAAAAAAAAAAAAAAAAAAAAAAAAAAAAAAAAA11111111111IIIIII
AAAAAAAAAAAAAAAAAAAAAAAAAAAAAAAAAAAAAAAAAAAAAAAA11111111111IIIII
AAAAAAAAAAAAAAAAAAAAAAAAAAAAAAAAAAAAAAAAAAAAAAAAA11111111111IIII
AAAAAAAAAAAAAAAAAAAAAAAAAAAAAAAAAAAAAAAAAAAAAAAAAA11111111111III
AAAAAAAAAAAAAAAAAAAAAAAAAAAAAAAAAAAAAAAAAAAAAAAAAAA11111111111II
AAAAAAAAAAAAAAAAAAAAAAAAAAAAAAAAAAAAAAAAAAAAAAAAAAAA11111111111I
AAAAAAAAAAAAAAAAAAAAAAAAAAAAAAAAAAAAAAAAAAAAAAAAAAAAA11111111111
AAAAAAAAAAAAAAAAAAAAAAAAAAAAAAAAAAAAAAAAAAAAAAAAAAAAAA1111111111
AAAAAAAAAAAAAAAAAAAAAAAAAAAAAAAAAAAAAAAAAAAAAAAAAAAAAAA111111111
AAAAAAAAAAAAAAAAAAAAAAAAAAAAAAAAAAAAAAAAAAAAAAAAAAAAAAAA11111111
AAAAAAAAAAAAAAAAAAAAAAAAAAAAAAAAAAAAAAAAAAAAAAAAAAAAAAAAA1111111
AAAAAAAAAAAAAAAAAAAAAAAAAAAAAAAAAAAAAAAAAAAAAAAAAAAAAAAAAA111111
AAAAAAAAAAAAAAAAAAAAAAAAAAAAAAAAAAAAAAAAAAAAAAAAAAAAAAAAAAA11111
AAAAAAAAAAAAAAAAAAAAAAAAAAAAAAAAAAAAAAAAAAAAAAAAAAAAAAAAAAAA1111
AAAAAAAAAAAAAAAAAAAAAAAAAAAAAAAAAAAAAAAAAAAAAAAAAAAAAAAAAAAAA111
AAAAAAAAAAAAAAAAAAAAAAAAAAAAAAAAAAAAAAAAAAAAAAAAAAAAAAAAAAAAAA11
AAAAAAAAAAAAAAAAAAAAAAAAAAAAAAAAAAAAAAAAAAAAAAAAAAAAAAAAAAAAAAA1
AAAAAAAAAAAAAAAAAAAAAAAAAAAAAAAAAAAAAAAAAAAAAAAAAAAAAAAAAAAAAAAA
A1IIIIIIIIIIIIIIIIIIIIIIIIIIIIIIIIIIIIIIIIIIIIIIIIIIIIIIIIIIIIII
AA1IIIIIIIIIIIIIIIIIIIIIIIIIIIIIIIIIIIIIIIIIIIIIIIIIIIIIIIIIIIII
AAA1IIIIIIIIIIIIIIIIIIIIIIIIIIIIIIIIIIIIIIIIIIIIIIIIIIIIIIIIIIII
AAAA1IIIIIIIIIIIIIIIIIIIIIIIIIIIIIIIIIIIIIIIIIIIIIIIIIIIIIIIIIII
AAAAA1IIIIIIIIIIIIIIIIIIIIIIIIIIIIIIIIIIIIIIIIIIIIIIIIIIIIIIIIII
AAAAAA1IIIIIIIIIIIIIIIIIIIIIIIIIIIIIIIIIIIIIIIIIIIIIIIIIIIIIIIII
AAAAAAA1IIIIIIIIIIIIIIIIIIIIIIIIIIIIIIIIIIIIIIIIIIIIIIIIIIIIIIII
AAAAAAAA1IIIIIIIIIIIIIIIIIIIIIIIIIIIIIIIIIIIIIIIIIIIIIIIIIIIIIII
AAAAAAAAA1IIIIIIIIIIIIIIIIIIIIIIIIIIIIIIIIIIIIIIIIIIIIIIIIIIIIII
AAAAAAAAAA1IIIIIIIIIIIIIIIIIIIIIIIIIIIIIIIIIIIIIIIIIIIIIIIIIIIII
AAAAAAAAAAA1IIIIIIIIIIIIIIIIIIIIIIIIIIIIIIIIIIIIIIIIIIIIIIIIIIII
AAAAAAAAAAAA1IIIIIIIIIIIIIIIIIIIIIIIIIIIIIIIIIIIIIIIIIIIIIIIIIII
AAAAAAAAAAAAA1IIIIIIIIIIIIIIIIIIIIIIIIIIIIIIIIIIIIIIIIIIIIIIIIII
AAAAAAAAAAAAAA1IIIIIIIIIIIIIIIIIIIIIIIIIIIIIIIIIIIIIIIIIIIIIIIII
AAAAAAAAAAAAAAA1IIIIIIIIIIIIIIIIIIIIIIIIIIIIIIIIIIIIIIIIIIIIIIII
AAAAAAAAAAAAAAAA1IIIIIIIIIIIIIIIIIIIIIIIIIIIIIIIIIIIIIIIIIIIIIII
AAAAAAAAAAAAAAAAA1IIIIIIIIIIIIIIIIIIIIIIIIIIIIIIIIIIIIIIIIIIIIII
AAAAAAAAAAAAAAAAAA1IIIIIIIIIIIIIIIIIIIIIIIIIIIIIIIIIIIIIIIIIIIII
AAAAAAAAAAAAAAAAAAA1IIIIIIIIIIIIIIIIIIIIIIIIIIIIIIIIIIIIIIIIIIII
AAAAAAAAAAAAAAAAAAAA1IIIIIIIIIIIIIIIIIIIIIIIIIIIIIIIIIIIIIIIIIII
AAAAAAAAAAAAAAAAAAAAA1IIIIIIIIIIIIIIIIIIIIIIIIIIIIIIIIIIIIIIIIII
AAAAAAAAAAAAAAAAAAAAAA1IIIIIIIIIIIIIIIIIIIIIIIIIIIIIIIIIIIIIIIII
AAAAAAAAAAAAAAAAAAAAAAA1IIIIIIIIIIIIIIIIIIIIIIIIIIIIIIIIIIIIIIII
AAAAAAAAAAAAAAAAAAAAAAAA1IIIIIIIIIIIIIIIIIIIIIIIIIIIIIIIIIIIIIII
AAAAAAAAAAAAAAAAAAAAAAAAA1IIIIIIIIIIIIIIIIIIIIIIIIIIIIIIIIIIIIII
AAAAAAAAAAAAAAAAAAAAAAAAAA1IIIIIIIIIIIIIIIIIIIIIIIIIIIIIIIIIIIII
AAAAAAAAAAAAAAAAAAAAAAAAAAA1IIIIIIIIIIIIIIIIIIIIIIIIIIIIIIIIIIII
AAAAAAAAAAAAAAAAAAAAAAAAAAAA1IIIIIIIIIIIIIIIIIIIIIIIIIIIIIIIIIII
AAAAAAAAAAAAAAAAAAAAAAAAAAAAA1IIIIIIIIIIIIIIIIIIIIIIIIIIIIIIIIII
AAAAAAAAAAAAAAAAAAAAAAAAAAAAAA1IIIIIIIIIIIIIIIIIIIIIIIIIIIIIIIII
AAAAAAAAAAAAAAAAAAAAAAAAAAAAAAA1IIIIIIIIIIIIIIIIIIIIIIIIIIIIIIII
AAAAAAAAAAAAAAAAAAAAAAAAAAAAAAAA1IIIIIIIIIIIIIIIIIIIIIIIIIIIIIII
AAAAAAAAAAAAAAAAAAAAAAAAAAAAAAAAAIIII11IIII1IIIIIIIIIIIIIIIIIIII
AAAAAAAAAAAAAAAAAAAAAAAAAAAAAAAAAAIII111III11IIIIIIIIIIIIIIIIIII
AAAAAAAAAAAAAAAAAAAAAAAAAAAAAAAAAAAII1111II111IIIIIIIIIIIIIIIIII
AAAAAAAAAAAAAAAAAAAAAAAAAAAAAAAAAAAAI11111I1111IIIIIIIIIIIIIIIII
AAAAAAAAAAAAAAAAAAAAAAAAAAAAAAAAAAAAA11111111111IIIIIIIIIIIIIIII
AAAAAAAAAAAAAAAAAAAAAAAAAAAAAAAAAAAAAA11111111111IIIIIIIIIIIIIII
AAAAAAAAAAAAAAAAAAAAAAAAAAAAAAAAAAAAAAA11111111111IIIIIIIIIIIIII
AAAAAAAAAAAAAAAAAAAAAAAAAAAAAAAAAAAAAAAA11111111111IIIIIIIIIIIII
AAAAAAAAAAAAAAAAAAAAAAAAAAAAAAAAAAAAAAAAA11111111111IIIIIIIIIIII
AAAAAAAAAAAAAAAAAAAAAAAAAAAAAAAAAAAAAAAAAA11111111111IIIIIIIIIII
AAAAAAAAAAAAAAAAAAAAAAAAAAAAAAAAAAAAAAAAAAA11111111111IIIIIIIIII
AAAAAAAAAAAAAAAAAAAAAAAAAAAAAAAAAAAAAAAAAAAA11111111111IIIIIIIII
AAAAAAAAAAAAAAAAAAAAAAAAAAAAAAAAAAAAAAAAAAAAA11111111111IIIIIIII
AAAAAAAAAAAAAAAAAAAAAAAAAAAAAAAAAAAAAAAAAAAAAA11111111111IIIIIII
AAAAAAAAAAAAAAAAAAAAAAAAAAAAAAAAAAAAAAAAAAAAAAA11111111111IIIIII
AAAAAAAAAAAAAAAAAAAAAAAAAAAAAAAAAAAAAAAAAAAAAAAA11111111111IIIII
AAAAAAAAAAAAAAAAAAAAAAAAAAAAAAAAAAAAAAAAAAAAAAAAA11111111111IIII
AAAAAAAAAAAAAAAAAAAAAAAAAAAAAAAAAAAAAAAAAAAAAAAAAA11111111111III
AAAAAAAAAAAAAAAAAAAAAAAAAAAAAAAAAAAAAAAAAAAAAAAAAAA11111111111II
AAAAAAAAAAAAAAAAAAAAAAAAAAAAAAAAAAAAAAAAAAAAAAAAAAAA11111111111I
AAAAAAAAAAAAAAAAAAAAAAAAAAAAAAAAAAAAAAAAAAAAAAAAAAAAA11111111111
AAAAAAAAAAAAAAAAAAAAAAAAAAAAAAAAAAAAAAAAAAAAAAAAAAAAAA1111111111
AAAAAAAAAAAAAAAAAAAAAAAAAAAAAAAAAAAAAAAAAAAAAAAAAAAAAAA111111111
AAAAAAAAAAAAAAAAAAAAAAAAAAAAAAAAAAAAAAAAAAAAAAAAAAAAAAAA11111111
AAAAAAAAAAAAAAAAAAAAAAAAAAAAAAAAAAAAAAAAAAAAAAAAAAAAAAAAA1111111
AAAAAAAAAAAAAAAAAAAAAAAAAAAAAAAAAAAAAAAAAAAAAAAAAAAAAAAAAA111111
AAAAAAAAAAAAAAAAAAAAAAAAAAAAAAAAAAAAAAAAAAAAAAAAAAAAAAAAAAA11111
AAAAAAAAAAAAAAAAAAAAAAAAAAAAAAAAAAAAAAAAAAAAAAAAAAAAAAAAAAAA1111
AAAAAAAAAAAAAAAAAAAAAAAAAAAAAAAAAAAAAAAAAAAAAAAAAAAAAAAAAAAAA111
AAAAAAAAAAAAAAAAAAAAAAAAAAAAAAAAAAAAAAAAAAAAAAAAAAAAAAAAAAAAAA11
AAAAAAAAAAAAAAAAAAAAAAAAAAAAAAAAAAAAAAAAAAAAAAAAAAAAAAAAAAAAAAA1
AAAAAAAAAAAAAAAAAAAAAAAAAAAAAAAAAAAAAAAAAAAAAAAAAAAAAAAAAAAAAAAA
AI1II1111II11IIIIIIIIIIIIIIIIIIIIIIIIIIIIIIIIIIIIIIIIIIIIIIIIIII
AA11I1111II11IIIIIIIIIIIIIIIIIIIIIIIIIIIIIIIIIIIIIIIIIIIIIIIIIII
AAA1I1111II11IIIIIIIIIIIIIIIIIIIIIIIIIIIIIIIIIIIIIIIIIIIIIIIIIII
AAAAI1111II11IIIIIIIIIIIIIIIIIIIIIIIIIIIIIIIIIIIIIIIIIIIIIIIIIII
AAAA11111111111IIIIIIIIIIIIIIIIIIIIIIIIIIIIIIIIIIIIIIIIIIIIIIIII
AAAAA111111111111IIIIIIIIIIIIIIIIIIIIIIIIIIIIIIIIIIIIIIIIIIIIIII
AAAAAA111111111111IIIIIIIIIIIIIIIIIIIIIIIIIIIIIIIIIIIIIIIIIIIIII
AAAAAAA111111111111IIIIIIIIIIIIIIIIIIIIIIIIIIIIIIIIIIIIIIIIIIIII
AAAAAAAA111111111111IIIIIIIIIIIIIIIIIIIIIIIIIIIIIIIIIIIIIIIIIIII
AAAAAAAAA111111111111IIIIIIIIIIIIIIIIIIIIIIIIIIIIIIIIIIIIIIIIIII
AAAAAAAAAA111111111111IIIIIIIIIIIIIIIIIIIIIIIIIIIIIIIIIIIIIIIIII
AAAAAAAAAAA111111111111IIIIIIIIIIIIIIIIIIIIIIIIIIIIIIIIIIIIIIIII
AAAAAAAAAAAA111111111111IIIIIIIIIIIIIIIIIIIIIIIIIIIIIIIIIIIIIIII
AAAAAAAAAAAAA111111111111IIIIIIIIIIIIIIIIIIIIIIIIIIIIIIIIIIIIIII
AAAAAAAAAAAAAA111111111111IIIIIIIIIIIIIIIIIIIIIIIIIIIIIIIIIIIIII
AAAAAAAAAAAAAAA111111111111IIIIIIIIIIIIIIIIIIIIIIIIIIIIIIIIIIIII
AAAAAAAAAAAAAAAA111111111111IIIIIIIIIIIIIIIIIIIIIIIIIIIIIIIIIIII
AAAAAAAAAAAAAAAAA111111111111IIIIIIIIIIIIIIIIIIIIIIIIIIIIIIIIIII
AAAAAAAAAAAAAAAAAA111111111111IIIIIIIIIIIIIIIIIIIIIIIIIIIIIIIIII
AAAAAAAAAAAAAAAAAAA111111111111IIIIIIIIIIIIIIIIIIIIIIIIIIIIIIIII
AAAAAAAAAAAAAAAAAAAA111111111111IIIIIIIIIIIIIIIIIIIIIIIIIIIIIIII
AAAAAAAAAAAAAAAAAAAAA111111111111IIIIIIIIIIIIIIIIIIIIIIIIIIIIIII
AAAAAAAAAAAAAAAAAAAAAA111111111111IIIIIIIIIIIIIIIIIIIIIIIIIIIIII
AAAAAAAAAAAAAAAAAAAAAAA111111111111IIIIIIIIIIIIIIIIIIIIIIIIIIIII
AAAAAAAAAAAAAAAAAAAAAAAA111111111111IIIIIIIIIIIIIIIIIIIIIIIIIIII
AAAAAAAAAAAAAAAAAAAAAAAAA111111111111IIIIIIIIIIIIIIIIIIIIIIIIIII
AAAAAAAAAAAAAAAAAAAAAAAAAA111111111111IIIIIIIIIIIIIIIIIIIIIIIIII
AAAAAAAAAAAAAAAAAAAAAAAAAAA111111111111IIIIIIIIIIIIIIIIIIIIIIIII
AAAAAAAAAAAAAAAAAAAAAAAAAAAA111111111111IIIIIIIIIIIIIIIIIIIIIIII
AAAAAAAAAAAAAAAAAAAAAAAAAAAAA111111111111IIIIIIIIIIIIIIIIIIIIIII
AAAAAAAAAAAAAAAAAAAAAAAAAAAAAA111111111111IIIIIIIIIIIIIIIIIIIIII
AAAAAAAAAAAAAAAAAAAAAAAAAAAAAAA111111111111IIIIIIIIIIIIIIIIIIIII
AAAAAAAAAAAAAAAAAAAAAAAAAAAAAAAA111111111111IIIIIIIIIIIIIIIIIIII
AAAAAAAAAAAAAAAAAAAAAAAAAAAAAAAAA111111111111IIIIIIIIIIIIIIIIIII
AAAAAAAAAAAAAAAAAAAAAAAAAAAAAAAAAA111111111111IIIIIIIIIIIIIIIIII
AAAAAAAAAAAAAAAAAAAAAAAAAAAAAAAAAAA111111111111IIIIIIIIIIIIIIIII
AAAAAAAAAAAAAAAAAAAAAAAAAAAAAAAAAAAA111111111111IIIIIIIIIIIIIIII
AAAAAAAAAAAAAAAAAAAAAAAAAAAAAAAAAAAAA111111111111IIIIIIIIIIIIIII
AAAAAAAAAAAAAAAAAAAAAAAAAAAAAAAAAAAAAA111111111111IIIIIIIIIIIIII
AAAAAAAAAAAAAAAAAAAAAAAAAAAAAAAAAAAAAAA111111111111IIIIIIIIIIIII
AAAAAAAAAAAAAAAAAAAAAAAAAAAAAAAAAAAAAAAA111111111111IIIIIIIIIIII
AAAAAAAAAAAAAAAAAAAAAAAAAAAAAAAAAAAAAAAAA111111111111IIIIIIIIIII
AAAAAAAAAAAAAAAAAAAAAAAAAAAAAAAAAAAAAAAAAA111111111111IIIIIIIIII
AAAAAAAAAAAAAAAAAAAAAAAAAAAAAAAAAAAAAAAAAAA111111111111IIIIIIIII
AAAAAAAAAAAAAAAAAAAAAAAAAAAAAAAAAAAAAAAAAAAA111111111111IIIIIIII
AAAAAAAAAAAAAAAAAAAAAAAAAAAAAAAAAAAAAAAAAAAAA111111111111IIIIIII
AAAAAAAAAAAAAAAAAAAAAAAAAAAAAAAAAAAAAAAAAAAAAA111111111111IIIIII
AAAAAAAAAAAAAAAAAAAAAAAAAAAAAAAAAAAAAAAAAAAAAAA111111111111IIIII
AAAAAAAAAAAAAAAAAAAAAAAAAAAAAAAAAAAAAAAAAAAAAAAA111111111111IIII
AAAAAAAAAAAAAAAAAAAAAAAAAAAAAAAAAAAAAAAAAAAAAAAAA111111111111III
AAAAAAAAAAAAAAAAAAAAAAAAAAAAAAAAAAAAAAAAAAAAAAAAAA111111111111II
AAAAAAAAAAAAAAAAAAAAAAAAAAAAAAAAAAAAAAAAAAAAAAAAAAA111111111111I
AAAAAAAAAAAAAAAAAAAAAAAAAAAAAAAAAAAAAAAAAAAAAAAAAAAA111111111111
AAAAAAAAAAAAAAAAAAAAAAAAAAAAAAAAAAAAAAAAAAAAAAAAAAAAA11111111111
AAAAAAAAAAAAAAAAAAAAAAAAAAAAAAAAAAAAAAAAAAAAAAAAAAAAAA1111111111
AAAAAAAAAAAAAAAAAAAAAAAAAAAAAAAAAAAAAAAAAAAAAAAAAAAAAAA111111111
AAAAAAAAAAAAAAAAAAAAAAAAAAAAAAAAAAAAAAAAAAAAAAAAAAAAAAAA11111111
AAAAAAAAAAAAAAAAAAAAAAAAAAAAAAAAAAAAAAAAAAAAAAAAAAAAAAAAA1111111
AAAAAAAAAAAAAAAAAAAAAAAAAAAAAAAAAAAAAAAAAAAAAAAAAAAAAAAAAA111111
AAAAAAAAAAAAAAAAAAAAAAAAAAAAAAAAAAAAAAAAAAAAAAAAAAAAAAAAAAA11111
AAAAAAAAAAAAAAAAAAAAAAAAAAAAAAAAAAAAAAAAAAAAAAAAAAAAAAAAAAAA1111
AAAAAAAAAAAAAAAAAAAAAAAAAAAAAAAAAAAAAAAAAAAAAAAAAAAAAAAAAAAAA111
AAAAAAAAAAAAAAAAAAAAAAAAAAAAAAAAAAAAAAAAAAAAAAAAAAAAAAAAAAAAAA11
AAAAAAAAAAAAAAAAAAAAAAAAAAAAAAAAAAAAAAAAAAAAAAAAAAAAAAAAAAAAAAA1
AAAAAAAAAAAAAAAAAAAAAAAAAAAAAAAAAAAAAAAAAAAAAAAAAAAAAAAAAAAAAAAA
AIIII11IIII1IIIIIIIIIIIIIIIIIIIIIIIIIIIIIIIIIIIIIIIIIIIIIIIIIIII
AAIII111III11IIIIIIIIIIIIIIIIIIIIIIIIIIIIIIIIIIIIIIIIIIIIIIIIIII
AAAII1111II111IIIIIIIIIIIIIIIIIIIIIIIIIIIIIIIIIIIIIIIIIIIIIIIIII
AAAAI11111I111IIIIIIIIIIIIIIIIIIIIIIIIIIIIIIIIIIIIIIIIIIIIIIIIII
AAAAA111111111I1IIIIIIIIIIIIIIIIIIIIIIIIIIIIIIIIIIIIIIIIIIIIIIII
AAAAAA11111111I11IIIIIIIIIIIIIIIIIIIIIIIIIIIIIIIIIIIIIIIIIIIIIII
AAAAAAA1111111I111IIIIIIIIIIIIIIIIIIIIIIIIIIIIIIIIIIIIIIIIIIIIII
AAAAAAAA111111I1111IIIIIIIIIIIIIIIIIIIIIIIIIIIIIIIIIIIIIIIIIIIII
AAAAAAAAA11111111111IIIIIIIIIIIIIIIIIIIIIIIIIIIIIIIIIIIIIIIIIIII
AAAAAAAAAA11111111111IIIIIIIIIIIIIIIIIIIIIIIIIIIIIIIIIIIIIIIIIII
AAAAAAAAAAA11111111111IIIIIIIIIIIIIIIIIIIIIIIIIIIIIIIIIIIIIIIIII
AAAAAAAAAAAA11111111111IIIIIIIIIIIIIIIIIIIIIIIIIIIIIIIIIIIIIIIII
AAAAAAAAAAAAA11111111111IIIIIIIIIIIIIIIIIIIIIIIIIIIIIIIIIIIIIIII
AAAAAAAAAAAAAA11111111111IIIIIIIIIIIIIIIIIIIIIIIIIIIIIIIIIIIIIII
AAAAAAAAAAAAAAA11111111111IIIIIIIIIIIIIIIIIIIIIIIIIIIIIIIIIIIIII
AAAAAAAAAAAAAAAA11111111111IIIIIIIIIIIIIIIIIIIIIIIIIIIIIIIIIIIII
AAAAAAAAAAAAAAAAA11111111111IIIIIIIIIIIIIIIIIIIIIIIIIIIIIIIIIIII
AAAAAAAAAAAAAAAAAA11111111111IIIIIIIIIIIIIIIIIIIIIIIIIIIIIIIIIII
AAAAAAAAAAAAAAAAAAA11111111111IIIIIIIIIIIIIIIIIIIIIIIIIIIIIIIIII
AAAAAAAAAAAAAAAAAAAA11111111111IIIIIIIIIIIIIIIIIIIIIIIIIIIIIIIII
AAAAAAAAAAAAAAAAAAAAA11111111111IIIIIIIIIIIIIIIIIIIIIIIIIIIIIIII
AAAAAAAAAAAAAAAAAAAAAA11111111111IIIIIIIIIIIIIIIIIIIIIIIIIIIIIII
AAAAAAAAAAAAAAAAAAAAAAA11111111111IIIIIIIIIIIIIIIIIIIIIIIIIIIIII
AAAAAAAAAAAAAAAAAAAAAAAA11111111111IIIIIIIIIIIIIIIIIIIIIIIIIIIII
AAAAAAAAAAAAAAAAAAAAAAAAA11111111111IIIIIIIIIIIIIIIIIIIIIIIIIIII
AAAAAAAAAAAAAAAAAAAAAAAAAA11111111111IIIIIIIIIIIIIIIIIIIIIIIIIII
AAAAAAAAAAAAAAAAAAAAAAAAAAA11111111111IIIIIIIIIIIIIIIIIIIIIIIIII
AAAAAAAAAAAAAAAAAAAAAAAAAAAA11111111111IIIIIIIIIIIIIIIIIIIIIIIII
AAAAAAAAAAAAAAAAAAAAAAAAAAAAA11111111111IIIIIIIIIIIIIIIIIIIIIIII
AAAAAAAAAAAAAAAAAAAAAAAAAAAAAA11111111111IIIIIIIIIIIIIIIIIIIIIII
AAAAAAAAAAAAAAAAAAAAAAAAAAAAAAA11111111111IIIIIIIIIIIIIIIIIIIIII
AAAAAAAAAAAAAAAAAAAAAAAAAAAAAAAA11111111111IIIIIIIIIIIIIIIIIIIII
AAAAAAAAAAAAAAAAAAAAAAAAAAAAAAAAA11111111111IIIIIIIIIIIIIIIIIIII
AAAAAAAAAAAAAAAAAAAAAAAAAAAAAAAAAA11111111111IIIIIIIIIIIIIIIIIII
AAAAAAAAAAAAAAAAAAAAAAAAAAAAAAAAAAA11111111111IIIIIIIIIIIIIIIIII
AAAAAAAAAAAAAAAAAAAAAAAAAAAAAAAAAAAA11111111111IIIIIIIIIIIIIIIII
AAAAAAAAAAAAAAAAAAAAAAAAAAAAAAAAAAAAA11111111111IIIIIIIIIIIIIIII
AAAAAAAAAAAAAAAAAAAAAAAAAAAAAAAAAAAAAA11111111111IIIIIIIIIIIIIII
AAAAAAAAAAAAAAAAAAAAAAAAAAAAAAAAAAAAAAA11111111111IIIIIIIIIIIIII
AAAAAAAAAAAAAAAAAAAAAAAAAAAAAAAAAAAAAAAA11111111111IIIIIIIIIIIII
AAAAAAAAAAAAAAAAAAAAAAAAAAAAAAAAAAAAAAAAA11111111111IIIIIIIIIIII
AAAAAAAAAAAAAAAAAAAAAAAAAAAAAAAAAAAAAAAAAA11111111111IIIIIIIIIII
AAAAAAAAAAAAAAAAAAAAAAAAAAAAAAAAAAAAAAAAAAA11111111111IIIIIIIIII
AAAAAAAAAAAAAAAAAAAAAAAAAAAAAAAAAAAAAAAAAAAA11111111111IIIIIIIII
AAAAAAAAAAAAAAAAAAAAAAAAAAAAAAAAAAAAAAAAAAAAA11111111111IIIIIIII
AAAAAAAAAAAAAAAAAAAAAAAAAAAAAAAAAAAAAAAAAAAAAA11111111111IIIIIII
AAAAAAAAAAAAAAAAAAAAAAAAAAAAAAAAAAAAAAAAAAAAAAA11111111111IIIIII
AAAAAAAAAAAAAAAAAAAAAAAAAAAAAAAAAAAAAAAAAAAAAAAA11111111111IIIII
AAAAAAAAAAAAAAAAAAAAAAAAAAAAAAAAAAAAAAAAAAAAAAAAA11111111111IIII
AAAAAAAAAAAAAAAAAAAAAAAAAAAAAAAAAAAAAAAAAAAAAAAAAA11111111111III
AAAAAAAAAAAAAAAAAAAAAAAAAAAAAAAAAAAAAAAAAAAAAAAAAAA11111111111II
AAAAAAAAAAAAAAAAAAAAAAAAAAAAAAAAAAAAAAAAAAAAAAAAAAAA11111111111I
AAAAAAAAAAAAAAAAAAAAAAAAAAAAAAAAAAAAAAAAAAAAAAAAAAAAA11111111111
AAAAAAAAAAAAAAAAAAAAAAAAAAAAAAAAAAAAAAAAAAAAAAAAAAAAAA1111111111
AAAAAAAAAAAAAAAAAAAAAAAAAAAAAAAAAAAAAAAAAAAAAAAAAAAAAAA111111111
AAAAAAAAAAAAAAAAAAAAAAAAAAAAAAAAAAAAAAAAAAAAAAAAAAAAAAAA11111111
AAAAAAAAAAAAAAAAAAAAAAAAAAAAAAAAAAAAAAAAAAAAAAAAAAAAAAAAA1111111
AAAAAAAAAAAAAAAAAAAAAAAAAAAAAAAAAAAAAAAAAAAAAAAAAAAAAAAAAA111111
AAAAAAAAAAAAAAAAAAAAAAAAAAAAAAAAAAAAAAAAAAAAAAAAAAAAAAAAAAA11111
AAAAAAAAAAAAAAAAAAAAAAAAAAAAAAAAAAAAAAAAAAAAAAAAAAAAAAAAAAAA1111
AAAAAAAAAAAAAAAAAAAAAAAAAAAAAAAAAAAAAAAAAAAAAAAAAAAAAAAAAAAAA111
AAAAAAAAAAAAAAAAAAAAAAAAAAAAAAAAAAAAAAAAAAAAAAAAAAAAAAAAAAAAAA11
AAAAAAAAAAAAAAAAAAAAAAAAAAAAAAAAAAAAAAAAAAAAAAAAAAAAAAAAAAAAAAA1
AAAAAAAAAAAAAAAAAAAAAAAAAAAAAAAAAAAAAAAAAAAAAAAAAAAAAAAAAAAAAAAA
AIIII11IIII1IIIIIIIIIIIIIIIIIIIIIIIIIIIIIIIIIIIIIIIIIIIIIIIIIIII
AAIII111III11IIIIIIIIIIIIIIIIIIIIIIIIIIIIIIIIIIIIIIIIIIIIIIIIIII
AAAII1111II111IIIIIIIIIIIIIIIIIIIIIIIIIIIIIIIIIIIIIIIIIIIIIIIIII
AAAAI11111I111IIIIIIIIIIIIIIIIIIIIIIIIIIIIIIIIIIIIIIIIIIIIIIIIII
AAAAA111111111I1IIIIIIIIIIIIIIIIIIIIIIIIIIIIIIIIIIIIIIIIIIIIIIII
AAAAAA11111111I11IIIIIIIIIIIIIIIIIIIIIIIIIIIIIIIIIIIIIIIIIIIIIII
AAAAAAA1111111I111IIIIIIIIIIIIIIIIIIIIIIIIIIIIIIIIIIIIIIIIIIIIII
AAAAAAAA111111I1111IIIIIIIIIIIIIIIIIIIIIIIIIIIIIIIIIIIIIIIIIIIII
AAAAAAAAA11111111111IIIIIIIIIIIIIIIIIIIIIIIIIIIIIIIIIIIIIIIIIIII
AAAAAAAAAA11111111111IIIIIIIIIIIIIIIIIIIIIIIIIIIIIIIIIIIIIIIIIII
AAAAAAAAAAA11111111111IIIIIIIIIIIIIIIIIIIIIIIIIIIIIIIIIIIIIIIIII
AAAAAAAAAAAA11111111111IIIIIIIIIIIIIIIIIIIIIIIIIIIIIIIIIIIIIIIII
AAAAAAAAAAAAA11111111111IIIIIIIIIIIIIIIIIIIIIIIIIIIIIIIIIIIIIIII
AAAAAAAAAAAAAA11111111111IIIIIIIIIIIIIIIIIIIIIIIIIIIIIIIIIIIIIII
AAAAAAAAAAAAAAA11111111111IIIIIIIIIIIIIIIIIIIIIIIIIIIIIIIIIIIIII
AAAAAAAAAAAAAAAA11111111111IIIIIIIIIIIIIIIIIIIIIIIIIIIIIIIIIIIII
AAAAAAAAAAAAAAAAA11111111111IIIIIIIIIIIIIIIIIIIIIIIIIIIIIIIIIIII
AAAAAAAAAAAAAAAAAA11111111111IIIIIIIIIIIIIIIIIIIIIIIIIIIIIIIIIII
AAAAAAAAAAAAAAAAAAA11111111111IIIIIIIIIIIIIIIIIIIIIIIIIIIIIIIIII
AAAAAAAAAAAAAAAAAAAA11111111111IIIIIIIIIIIIIIIIIIIIIIIIIIIIIIIII
AAAAAAAAAAAAAAAAAAAAA11111111111IIIIIIIIIIIIIIIIIIIIIIIIIIIIIIII
AAAAAAAAAAAAAAAAAAAAAA11111111111IIIIIIIIIIIIIIIIIIIIIIIIIIIIIII
AAAAAAAAAAAAAAAAAAAAAAA11111111111IIIIIIIIIIIIIIIIIIIIIIIIIIIIII
AAAAAAAAAAAAAAAAAAAAAAAA11111111111IIIIIIIIIIIIIIIIIIIIIIIIIIIII
AAAAAAAAAAAAAAAAAAAAAAAAA11111111111IIIIIIIIIIIIIIIIIIIIIIIIIIII
AAAAAAAAAAAAAAAAAAAAAAAAAA11111111111IIIIIIIIIIIIIIIIIIIIIIIIIII
AAAAAAAAAAAAAAAAAAAAAAAAAAA11111111111IIIIIIIIIIIIIIIIIIIIIIIIII
AAAAAAAAAAAAAAAAAAAAAAAAAAAA11111111111IIIIIIIIIIIIIIIIIIIIIIIII
AAAAAAAAAAAAAAAAAAAAAAAAAAAAA11111111111IIIIIIIIIIIIIIIIIIIIIIII
AAAAAAAAAAAAAAAAAAAAAAAAAAAAAA11111111111IIIIIIIIIIIIIIIIIIIIIII
AAAAAAAAAAAAAAAAAAAAAAAAAAAAAAA11111111111IIIIIIIIIIIIIIIIIIIIII
AAAAAAAAAAAAAAAAAAAAAAAAAAAAAAAA11111111111IIIIIIIIIIIIIIIIIIIII
AAAAAAAAAAAAAAAAAAAAAAAAAAAAAAAAA11111111111IIIIIIIIIIIIIIIIIIII
AAAAAAAAAAAAAAAAAAAAAAAAAAAAAAAAAA11111111111IIIIIIIIIIIIIIIIIII
AAAAAAAAAAAAAAAAAAAAAAAAAAAAAAAAAAA11111111111IIIIIIIIIIIIIIIIII
AAAAAAAAAAAAAAAAAAAAAAAAAAAAAAAAAAAA11111111111IIIIIIIIIIIIIIIII
AAAAAAAAAAAAAAAAAAAAAAAAAAAAAAAAAAAAA11111111111IIIIIIIIIIIIIIII
AAAAAAAAAAAAAAAAAAAAAAAAAAAAAAAAAAAAAA11111111111IIIIIIIIIIIIIII
AAAAAAAAAAAAAAAAAAAAAAAAAAAAAAAAAAAAAAA11111111111IIIIIIIIIIIIII
AAAAAAAAAAAAAAAAAAAAAAAAAAAAAAAAAAAAAAAA11111111111IIIIIIIIIIIII
AAAAAAAAAAAAAAAAAAAAAAAAAAAAAAAAAAAAAAAAA11111111111IIIIIIIIIIII
AAAAAAAAAAAAAAAAAAAAAAAAAAAAAAAAAAAAAAAAAA11111111111IIIIIIIIIII
AAAAAAAAAAAAAAAAAAAAAAAAAAAAAAAAAAAAAAAAAAA11111111111IIIIIIIIII
AAAAAAAAAAAAAAAAAAAAAAAAAAAAAAAAAAAAAAAAAAAA11111111111IIIIIIIII
AAAAAAAAAAAAAAAAAAAAAAAAAAAAAAAAAAAAAAAAAAAAA11111111111IIIIIIII
AAAAAAAAAAAAAAAAAAAAAAAAAAAAAAAAAAAAAAAAAAAAAA11111111111IIIIIII
AAAAAAAAAAAAAAAAAAAAAAAAAAAAAAAAAAAAAAAAAAAAAAA11111111111IIIIII
AAAAAAAAAAAAAAAAAAAAAAAAAAAAAAAAAAAAAAAAAAAAAAAA11111111111IIIII
AAAAAAAAAAAAAAAAAAAAAAAAAAAAAAAAAAAAAAAAAAAAAAAAA11111111111IIII
AAAAAAAAAAAAAAAAAAAAAAAAAAAAAAAAAAAAAAAAAAAAAAAAAA11111111111III
AAAAAAAAAAAAAAAAAAAAAAAAAAAAAAAAAAAAAAAAAAAAAAAAAAA11111111111II
AAAAAAAAAAAAAAAAAAAAAAAAAAAAAAAAAAAAAAAAAAAAAAAAAAAA11111111111I
AAAAAAAAAAAAAAAAAAAAAAAAAAAAAAAAAAAAAAAAAAAAAAAAAAAAA11111111111
AAAAAAAAAAAAAAAAAAAAAAAAAAAAAAAAAAAAAAAAAAAAAAAAAAAAAA1111111111
AAAAAAAAAAAAAAAAAAAAAAAAAAAAAAAAAAAAAAAAAAAAAAAAAAAAAAA111111111
AAAAAAAAAAAAAAAAAAAAAAAAAAAAAAAAAAAAAAAAAAAAAAAAAAAAAAAA11111111
AAAAAAAAAAAAAAAAAAAAAAAAAAAAAAAAAAAAAAAAAAAAAAAAAAAAAAAAA1111111
AAAAAAAAAAAAAAAAAAAAAAAAAAAAAAAAAAAAAAAAAAAAAAAAAAAAAAAAAA111111
AAAAAAAAAAAAAAAAAAAAAAAAAAAAAAAAAAAAAAAAAAAAAAAAAAAAAAAAAAA11111
AAAAAAAAAAAAAAAAAAAAAAAAAAAAAAAAAAAAAAAAAAAAAAAAAAAAAAAAAAAA1111
AAAAAAAAAAAAAAAAAAAAAAAAAAAAAAAAAAAAAAAAAAAAAAAAAAAAAAAAAAAAA111
AAAAAAAAAAAAAAAAAAAAAAAAAAAAAAAAAAAAAAAAAAAAAAAAAAAAAAAAAAAAAA11
AAAAAAAAAAAAAAAAAAAAAAAAAAAAAAAAAAAAAAAAAAAAAAAAAAAAAAAAAAAAAAA1
AAAAAAAAAAAAAAAAAAAAAAAAAAAAAAAAAAAAAAAAAAAAAAAAAAAAAAAAAAAAAAAA
AIIII11IIII1IIIIIIIIIIIIIIIIIIIIIIIIIIIIIIIIIIIIIIIIIIIIIIIIIIII
AAIII111III11IIIIIIIIIIIIIIIIIIIIIIIIIIIIIIIIIIIIIIIIIIIIIIIIIII
AAAII1111II111IIIIIIIIIIIIIIIIIIIIIIIIIIIIIIIIIIIIIIIIIIIIIIIIII
AAAAI11111I111IIIIIIIIIIIIIIIIIIIIIIIIIIIIIIIIIIIIIIIIIIIIIIIIII
AAAAA111111111I1IIIIIIIIIIIIIIIIIIIIIIIIIIIIIIIIIIIIIIIIIIIIIIII
AAAAAA11111111I11IIIIIIIIIIIIIIIIIIIIIIIIIIIIIIIIIIIIIIIIIIIIIII
AAAAAAA1111111I111IIIIIIIIIIIIIIIIIIIIIIIIIIIIIIIIIIIIIIIIIIIIII
AAAAAAAA111111I1111IIIIIIIIIIIIIIIIIIIIIIIIIIIIIIIIIIIIIIIIIIIII
AAAAAAAAA11111111111IIIIIIIIIIIIIIIIIIIIIIIIIIIIIIIIIIIIIIIIIIII
AAAAAAAAAA11111111111IIIIIIIIIIIIIIIIIIIIIIIIIIIIIIIIIIIIIIIIIII
AAAAAAAAAAA11111111111IIIIIIIIIIIIIIIIIIIIIIIIIIIIIIIIIIIIIIIIII
AAAAAAAAAAAA11111111111IIIIIIIIIIIIIIIIIIIIIIIIIIIIIIIIIIIIIIIII
AAAAAAAAAAAAA11111111111IIIIIIIIIIIIIIIIIIIIIIIIIIIIIIIIIIIIIIII
AAAAAAAAAAAAAA11111111111IIIIIIIIIIIIIIIIIIIIIIIIIIIIIIIIIIIIIII
AAAAAAAAAAAAAAA11111111111IIIIIIIIIIIIIIIIIIIIIIIIIIIIIIIIIIIIII
AAAAAAAAAAAAAAAA11111111111IIIIIIIIIIIIIIIIIIIIIIIIIIIIIIIIIIIII
AAAAAAAAAAAAAAAAA11111111111IIIIIIIIIIIIIIIIIIIIIIIIIIIIIIIIIIII
AAAAAAAAAAAAAAAAAA11111111111IIIIIIIIIIIIIIIIIIIIIIIIIIIIIIIIIII
AAAAAAAAAAAAAAAAAAA11111111111IIIIIIIIIIIIIIIIIIIIIIIIIIIIIIIIII
AAAAAAAAAAAAAAAAAAAA11111111111IIIIIIIIIIIIIIIIIIIIIIIIIIIIIIIII
AAAAAAAAAAAAAAAAAAAAA11111111111IIIIIIIIIIIIIIIIIIIIIIIIIIIIIIII
AAAAAAAAAAAAAAAAAAAAAA11111111111IIIIIIIIIIIIIIIIIIIIIIIIIIIIIII
AAAAAAAAAAAAAAAAAAAAAAA11111111111IIIIIIIIIIIIIIIIIIIIIIIIIIIIII
AAAAAAAAAAAAAAAAAAAAAAAA11111111111IIIIIIIIIIIIIIIIIIIIIIIIIIIII
AAAAAAAAAAAAAAAAAAAAAAAAA11111111111IIIIIIIIIIIIIIIIIIIIIIIIIIII
AAAAAAAAAAAAAAAAAAAAAAAAAA11111111111IIIIIIIIIIIIIIIIIIIIIIIIIII
AAAAAAAAAAAAAAAAAAAAAAAAAAA11111111111IIIIIIIIIIIIIIIIIIIIIIIIII
AAAAAAAAAAAAAAAAAAAAAAAAAAAA11111111111IIIIIIIIIIIIIIIIIIIIIIIII
AAAAAAAAAAAAAAAAAAAAAAAAAAAAA11111111111IIIIIIIIIIIIIIIIIIIIIIII
AAAAAAAAAAAAAAAAAAAAAAAAAAAAAA11111111111IIIIIIIIIIIIIIIIIIIIIII
AAAAAAAAAAAAAAAAAAAAAAAAAAAAAAA11111111111IIIIIIIIIIIIIIIIIIIIII
AAAAAAAAAAAAAAAAAAAAAAAAAAAAAAAA11111111111IIIIIIIIIIIIIIIIIIIII
AAAAAAAAAAAAAAAAAAAAAAAAAAAAAAAAA11111111111IIIIIIIIIIIIIIIIIIII
AAAAAAAAAAAAAAAAAAAAAAAAAAAAAAAAAA11111111111IIIIIIIIIIIIIIIIIII
AAAAAAAAAAAAAAAAAAAAAAAAAAAAAAAAAAA11111111111IIIIIIIIIIIIIIIIII
AAAAAAAAAAAAAAAAAAAAAAAAAAAAAAAAAAAA11111111111IIIIIIIIIIIIIIIII
AAAAAAAAAAAAAAAAAAAAAAAAAAAAAAAAAAAAA11111111111IIIIIIIIIIIIIIII
AAAAAAAAAAAAAAAAAAAAAAAAAAAAAAAAAAAAAA11111111111IIIIIIIIIIIIIII
AAAAAAAAAAAAAAAAAAAAAAAAAAAAAAAAAAAAAAA11111111111IIIIIIIIIIIIII
AAAAAAAAAAAAAAAAAAAAAAAAAAAAAAAAAAAAAAAA11111111111IIIIIIIIIIIII
AAAAAAAAAAAAAAAAAAAAAAAAAAAAAAAAAAAAAAAAA11111111111IIIIIIIIIIII
AAAAAAAAAAAAAAAAAAAAAAAAAAAAAAAAAAAAAAAAAA11111111111IIIIIIIIIII
AAAAAAAAAAAAAAAAAAAAAAAAAAAAAAAAAAAAAAAAAAA11111111111IIIIIIIIII
AAAAAAAAAAAAAAAAAAAAAAAAAAAAAAAAAAAAAAAAAAAA11111111111IIIIIIIII
AAAAAAAAAAAAAAAAAAAAAAAAAAAAAAAAAAAAAAAAAAAAA11111111111IIIIIIII
AAAAAAAAAAAAAAAAAAAAAAAAAAAAAAAAAAAAAAAAAAAAAA11111111111IIIIIII
AAAAAAAAAAAAAAAAAAAAAAAAAAAAAAAAAAAAAAAAAAAAAAA11111111111IIIIII
AAAAAAAAAAAAAAAAAAAAAAAAAAAAAAAAAAAAAAAAAAAAAAAA11111111111IIIII
AAAAAAAAAAAAAAAAAAAAAAAAAAAAAAAAAAAAAAAAAAAAAAAAA11111111111IIII
AAAAAAAAAAAAAAAAAAAAAAAAAAAAAAAAAAAAAAAAAAAAAAAAAA11111111111III
AAAAAAAAAAAAAAAAAAAAAAAAAAAAAAAAAAAAAAAAAAAAAAAAAAA11111111111II
AAAAAAAAAAAAAAAAAAAAAAAAAAAAAAAAAAAAAAAAAAAAAAAAAAAA11111111111I
AAAAAAAAAAAAAAAAAAAAAAAAAAAAAAAAAAAAAAAAAAAAAAAAAAAAA11111111111
AAAAAAAAAAAAAAAAAAAAAAAAAAAAAAAAAAAAAAAAAAAAAAAAAAAAAA1111111111
AAAAAAAAAAAAAAAAAAAAAAAAAAAAAAAAAAAAAAAAAAAAAAAAAAAAAAA111111111
AAAAAAAAAAAAAAAAAAAAAAAAAAAAAAAAAAAAAAAAAAAAAAAAAAAAAAAA11111111
AAAAAAAAAAAAAAAAAAAAAAAAAAAAAAAAAAAAAAAAAAAAAAAAAAAAAAAAA1111111
AAAAAAAAAAAAAAAAAAAAAAAAAAAAAAAAAAAAAAAAAAAAAAAAAAAAAAAAAA111111
AAAAAAAAAAAAAAAAAAAAAAAAAAAAAAAAAAAAAAAAAAAAAAAAAAAAAAAAAAA11111
AAAAAAAAAAAAAAAAAAAAAAAAAAAAAAAAAAAAAAAAAAAAAAAAAAAAAAAAAAAA1111
AAAAAAAAAAAAAAAAAAAAAAAAAAAAAAAAAAAAAAAAAAAAAAAAAAAAAAAAAAAAA111
AAAAAAAAAAAAAAAAAAAAAAAAAAAAAAAAAAAAAAAAAAAAAAAAAAAAAAAAAAAAAA11
AAAAAAAAAAAAAAAAAAAAAAAAAAAAAAAAAAAAAAAAAAAAAAAAAAAAAAAAAAAAAAA1
AAAAAAAAAAAAAAAAAAAAAAAAAAAAAAAAAAAAAAAAAAAAAAAAAAAAAAAAAAAAAAAA
AIII111III11IIIIIIIIIIIIIIIIIIIIIIIIIIIIIIIIIIIIIIIIIIIIIIIIIIII
AAII1111II111IIIIIIIIIIIIIIIIIIIIIIIIIIIIIIIIIIIIIIIIIIIIIIIIIII
AAAI11111I111IIIIIIIIIIIIIIIIIIIIIIIIIIIIIIIIIIIIIIIIIIIIIIIIIII
AAAA11111I111IIIIIIIIIIIIIIIIIIIIIIIIIIIIIIIIIIIIIIIIIIIIIIIIIII
AAAA11111I1111IIIIIIIIIIIIIIIIIIIIIIIIIIIIIIIIIIIIIIIIIIIIIIIIII
AAAAA11111111111IIIIIIIIIIIIIIIIIIIIIIIIIIIIIIIIIIIIIIIIIIIIIIII
AAAAAA11111111111IIIIIIIIIIIIIIIIIIIIIIIIIIIIIIIIIIIIIIIIIIIIIII
AAAAAAA11111111111IIIIIIIIIIIIIIIIIIIIIIIIIIIIIIIIIIIIIIIIIIIIII
AAAAAAAA11111111111IIIIIIIIIIIIIIIIIIIIIIIIIIIIIIIIIIIIIIIIIIIII
AAAAAAAAA11111111111IIIIIIIIIIIIIIIIIIIIIIIIIIIIIIIIIIIIIIIIIIII
AAAAAAAAAA11111111111IIIIIIIIIIIIIIIIIIIIIIIIIIIIIIIIIIIIIIIIIII
AAAAAAAAAAA11111111111IIIIIIIIIIIIIIIIIIIIIIIIIIIIIIIIIIIIIIIIII
AAAAAAAAAAAA11111111111IIIIIIIIIIIIIIIIIIIIIIIIIIIIIIIIIIIIIIIII
AAAAAAAAAAAAA11111111111IIIIIIIIIIIIIIIIIIIIIIIIIIIIIIIIIIIIIIII
AAAAAAAAAAAAAA11111111111IIIIIIIIIIIIIIIIIIIIIIIIIIIIIIIIIIIIIII
AAAAAAAAAAAAAAA11111111111IIIIIIIIIIIIIIIIIIIIIIIIIIIIIIIIIIIIII
AAAAAAAAAAAAAAAA11111111111IIIIIIIIIIIIIIIIIIIIIIIIIIIIIIIIIIIII
AAAAAAAAAAAAAAAAA11111111111IIIIIIIIIIIIIIIIIIIIIIIIIIIIIIIIIIII
AAAAAAAAAAAAAAAAAA11111111111IIIIIIIIIIIIIIIIIIIIIIIIIIIIIIIIIII
AAAAAAAAAAAAAAAAAAA11111111111IIIIIIIIIIIIIIIIIIIIIIIIIIIIIIIIII
AAAAAAAAAAAAAAAAAAAA11111111111IIIIIIIIIIIIIIIIIIIIIIIIIIIIIIIII
AAAAAAAAAAAAAAAAAAAAA11111111111IIIIIIIIIIIIIIIIIIIIIIIIIIIIIIII
AAAAAAAAAAAAAAAAAAAAAA11111111111IIIIIIIIIIIIIIIIIIIIIIIIIIIIIII
AAAAAAAAAAAAAAAAAAAAAAA11111111111IIIIIIIIIIIIIIIIIIIIIIIIIIIIII
AAAAAAAAAAAAAAAAAAAAAAAA11111111111IIIIIIIIIIIIIIIIIIIIIIIIIIIII
AAAAAAAAAAAAAAAAAAAAAAAAA11111111111IIIIIIIIIIIIIIIIIIIIIIIIIIII
AAAAAAAAAAAAAAAAAAAAAAAAAA11111111111IIIIIIIIIIIIIIIIIIIIIIIIIII
AAAAAAAAAAAAAAAAAAAAAAAAAAA11111111111IIIIIIIIIIIIIIIIIIIIIIIIII
AAAAAAAAAAAAAAAAAAAAAAAAAAAA11111111111IIIIIIIIIIIIIIIIIIIIIIIII
AAAAAAAAAAAAAAAAAAAAAAAAAAAAA11111111111IIIIIIIIIIIIIIIIIIIIIIII
AAAAAAAAAAAAAAAAAAAAAAAAAAAAAA11111111111IIIIIIIIIIIIIIIIIIIIIII
AAAAAAAAAAAAAAAAAAAAAAAAAAAAAAA11111111111IIIIIIIIIIIIIIIIIIIIII
AAAAAAAAAAAAAAAAAAAAAAAAAAAAAAAA11111111111IIIIIIIIIIIIIIIIIIIII
AAAAAAAAAAAAAAAAAAAAAAAAAAAAAAAAA11111111111IIIIIIIIIIIIIIIIIIII
AAAAAAAAAAAAAAAAAAAAAAAAAAAAAAAAAA11111111111IIIIIIIIIIIIIIIIIII
AAAAAAAAAAAAAAAAAAAAAAAAAAAAAAAAAAA11111111111IIIIIIIIIIIIIIIIII
AAAAAAAAAAAAAAAAAAAAAAAAAAAAAAAAAAAA11111111111IIIIIIIIIIIIIIIII
AAAAAAAAAAAAAAAAAAAAAAAAAAAAAAAAAAAAA11111111111IIIIIIIIIIIIIIII
AAAAAAAAAAAAAAAAAAAAAAAAAAAAAAAAAAAAAA11111111111IIIIIIIIIIIIIII
AAAAAAAAAAAAAAAAAAAAAAAAAAAAAAAAAAAAAAA11111111111IIIIIIIIIIIIII
AAAAAAAAAAAAAAAAAAAAAAAAAAAAAAAAAAAAAAAA11111111111IIIIIIIIIIIII
AAAAAAAAAAAAAAAAAAAAAAAAAAAAAAAAAAAAAAAAA11111111111IIIIIIIIIIII
AAAAAAAAAAAAAAAAAAAAAAAAAAAAAAAAAAAAAAAAAA11111111111IIIIIIIIIII
AAAAAAAAAAAAAAAAAAAAAAAAAAAAAAAAAAAAAAAAAAA11111111111IIIIIIIIII
AAAAAAAAAAAAAAAAAAAAAAAAAAAAAAAAAAAAAAAAAAAA11111111111IIIIIIIII
AAAAAAAAAAAAAAAAAAAAAAAAAAAAAAAAAAAAAAAAAAAAA11111111111IIIIIIII
AAAAAAAAAAAAAAAAAAAAAAAAAAAAAAAAAAAAAAAAAAAAAA11111111111IIIIIII
AAAAAAAAAAAAAAAAAAAAAAAAAAAAAAAAAAAAAAAAAAAAAAA11111111111IIIIII
AAAAAAAAAAAAAAAAAAAAAAAAAAAAAAAAAAAAAAAAAAAAAAAA11111111111IIIII
AAAAAAAAAAAAAAAAAAAAAAAAAAAAAAAAAAAAAAAAAAAAAAAAA11111111111IIII
AAAAAAAAAAAAAAAAAAAAAAAAAAAAAAAAAAAAAAAAAAAAAAAAAA11111111111III
AAAAAAAAAAAAAAAAAAAAAAAAAAAAAAAAAAAAAAAAAAAAAAAAAAA11111111111II
AAAAAAAAAAAAAAAAAAAAAAAAAAAAAAAAAAAAAAAAAAAAAAAAAAAA11111111111I
AAAAAAAAAAAAAAAAAAAAAAAAAAAAAAAAAAAAAAAAAAAAAAAAAAAAA11111111111
AAAAAAAAAAAAAAAAAAAAAAAAAAAAAAAAAAAAAAAAAAAAAAAAAAAAAA1111111111
AAAAAAAAAAAAAAAAAAAAAAAAAAAAAAAAAAAAAAAAAAAAAAAAAAAAAAA111111111
AAAAAAAAAAAAAAAAAAAAAAAAAAAAAAAAAAAAAAAAAAAAAAAAAAAAAAAA11111111
AAAAAAAAAAAAAAAAAAAAAAAAAAAAAAAAAAAAAAAAAAAAAAAAAAAAAAAAA1111111
AAAAAAAAAAAAAAAAAAAAAAAAAAAAAAAAAAAAAAAAAAAAAAAAAAAAAAAAAA111111
AAAAAAAAAAAAAAAAAAAAAAAAAAAAAAAAAAAAAAAAAAAAAAAAAAAAAAAAAAA11111
AAAAAAAAAAAAAAAAAAAAAAAAAAAAAAAAAAAAAAAAAAAAAAAAAAAAAAAAAAAA1111
AAAAAAAAAAAAAAAAAAAAAAAAAAAAAAAAAAAAAAAAAAAAAAAAAAAAAAAAAAAAA111
AAAAAAAAAAAAAAAAAAAAAAAAAAAAAAAAAAAAAAAAAAAAAAAAAAAAAAAAAAAAAA11
AAAAAAAAAAAAAAAAAAAAAAAAAAAAAAAAAAAAAAAAAAAAAAAAAAAAAAAAAAAAAAA1
AAAAAAAAAAAAAAAAAAAAAAAAAAAAAAAAAAAAAAAAAAAAAAAAAAAAAAAAAAAAAAAA
AIIII111III1IIIIIIIIIIIIIIIIIIIIIIIIIIIIIIIIIIIIIIIIIIIIIIIIIIII
AAIII1111II11IIIIIIIIIIIIIIIIIIIIIIIIIIIIIIIIIIIIIIIIIIIIIIIIIII
AAAII11111I111IIIIIIIIIIIIIIIIIIIIIIIIIIIIIIIIIIIIIIIIIIIIIIIIII
AAAAI11111I111IIIIIIIIIIIIIIIIIIIIIIIIIIIIIIIIIIIIIIIIIIIIIIIIII
AAAAA111111111I1IIIIIIIIIIIIIIIIIIIIIIIIIIIIIIIIIIIIIIIIIIIIIIII
AAAAAA11111111I11IIIIIIIIIIIIIIIIIIIIIIIIIIIIIIIIIIIIIIIIIIIIIII
AAAAAAA1111111I111IIIIIIIIIIIIIIIIIIIIIIIIIIIIIIIIIIIIIIIIIIIIII
AAAAAAAA11111111111IIIIIIIIIIIIIIIIIIIIIIIIIIIIIIIIIIIIIIIIIIIII
AAAAAAAAA11111111111IIIIIIIIIIIIIIIIIIIIIIIIIIIIIIIIIIIIIIIIIIII
AAAAAAAAAA11111111111IIIIIIIIIIIIIIIIIIIIIIIIIIIIIIIIIIIIIIIIIII
AAAAAAAAAAA11111111111IIIIIIIIIIIIIIIIIIIIIIIIIIIIIIIIIIIIIIIIII
AAAAAAAAAAAA11111111111IIIIIIIIIIIIIIIIIIIIIIIIIIIIIIIIIIIIIIIII
AAAAAAAAAAAAA11111111111IIIIIIIIIIIIIIIIIIIIIIIIIIIIIIIIIIIIIIII
AAAAAAAAAAAAAA11111111111IIIIIIIIIIIIIIIIIIIIIIIIIIIIIIIIIIIIIII
AAAAAAAAAAAAAAA11111111111IIIIIIIIIIIIIIIIIIIIIIIIIIIIIIIIIIIIII
AAAAAAAAAAAAAAAA11111111111IIIIIIIIIIIIIIIIIIIIIIIIIIIIIIIIIIIII
AAAAAAAAAAAAAAAAA11111111111IIIIIIIIIIIIIIIIIIIIIIIIIIIIIIIIIIII
AAAAAAAAAAAAAAAAAA11111111111IIIIIIIIIIIIIIIIIIIIIIIIIIIIIIIIIII
AAAAAAAAAAAAAAAAAAA11111111111IIIIIIIIIIIIIIIIIIIIIIIIIIIIIIIIII
AAAAAAAAAAAAAAAAAAAA11111111111IIIIIIIIIIIIIIIIIIIIIIIIIIIIIIIII
AAAAAAAAAAAAAAAAAAAAA11111111111IIIIIIIIIIIIIIIIIIIIIIIIIIIIIIII
AAAAAAAAAAAAAAAAAAAAAA11111111111IIIIIIIIIIIIIIIIIIIIIIIIIIIIIII
AAAAAAAAAAAAAAAAAAAAAAA11111111111IIIIIIIIIIIIIIIIIIIIIIIIIIIIII
AAAAAAAAAAAAAAAAAAAAAAAA11111111111IIIIIIIIIIIIIIIIIIIIIIIIIIIII
AAAAAAAAAAAAAAAAAAAAAAAAA11111111111IIIIIIIIIIIIIIIIIIIIIIIIIIII
AAAAAAAAAAAAAAAAAAAAAAAAAA11111111111IIIIIIIIIIIIIIIIIIIIIIIIIII
AAAAAAAAAAAAAAAAAAAAAAAAAAA11111111111IIIIIIIIIIIIIIIIIIIIIIIIII
AAAAAAAAAAAAAAAAAAAAAAAAAAAA11111111111IIIIIIIIIIIIIIIIIIIIIIIII
AAAAAAAAAAAAAAAAAAAAAAAAAAAAA11111111111IIIIIIIIIIIIIIIIIIIIIIII
AAAAAAAAAAAAAAAAAAAAAAAAAAAAAA11111111111IIIIIIIIIIIIIIIIIIIIIII
AAAAAAAAAAAAAAAAAAAAAAAAAAAAAAA11111111111IIIIIIIIIIIIIIIIIIIIII
AAAAAAAAAAAAAAAAAAAAAAAAAAAAAAAA11111111111IIIIIIIIIIIIIIIIIIIII
AAAAAAAAAAAAAAAAAAAAAAAAAAAAAAAAA11111111111IIIIIIIIIIIIIIIIIIII
AAAAAAAAAAAAAAAAAAAAAAAAAAAAAAAAAA11111111111IIIIIIIIIIIIIIIIIII
AAAAAAAAAAAAAAAAAAAAAAAAAAAAAAAAAAA11111111111IIIIIIIIIIIIIIIIII
AAAAAAAAAAAAAAAAAAAAAAAAAAAAAAAAAAAA11111111111IIIIIIIIIIIIIIIII
AAAAAAAAAAAAAAAAAAAAAAAAAAAAAAAAAAAAA11111111111IIIIIIIIIIIIIIII
AAAAAAAAAAAAAAAAAAAAAAAAAAAAAAAAAAAAAA11111111111IIIIIIIIIIIIIII
AAAAAAAAAAAAAAAAAAAAAAAAAAAAAAAAAAAAAAA11111111111IIIIIIIIIIIIII
AAAAAAAAAAAAAAAAAAAAAAAAAAAAAAAAAAAAAAAA11111111111IIIIIIIIIIIII
AAAAAAAAAAAAAAAAAAAAAAAAAAAAAAAAAAAAAAAAA11111111111IIIIIIIIIIII
AAAAAAAAAAAAAAAAAAAAAAAAAAAAAAAAAAAAAAAAAA11111111111IIIIIIIIIII
AAAAAAAAAAAAAAAAAAAAAAAAAAAAAAAAAAAAAAAAAAA11111111111IIIIIIIIII
AAAAAAAAAAAAAAAAAAAAAAAAAAAAAAAAAAAAAAAAAAAA11111111111IIIIIIIII
AAAAAAAAAAAAAAAAAAAAAAAAAAAAAAAAAAAAAAAAAAAAA11111111111IIIIIIII
AAAAAAAAAAAAAAAAAAAAAAAAAAAAAAAAAAAAAAAAAAAAAA11111111111IIIIIII
AAAAAAAAAAAAAAAAAAAAAAAAAAAAAAAAAAAAAAAAAAAAAAA11111111111IIIIII
AAAAAAAAAAAAAAAAAAAAAAAAAAAAAAAAAAAAAAAAAAAAAAAA11111111111IIIII
AAAAAAAAAAAAAAAAAAAAAAAAAAAAAAAAAAAAAAAAAAAAAAAAA11111111111IIII
AAAAAAAAAAAAAAAAAAAAAAAAAAAAAAAAAAAAAAAAAAAAAAAAAA11111111111III
AAAAAAAAAAAAAAAAAAAAAAAAAAAAAAAAAAAAAAAAAAAAAAAAAAA11111111111II
AAAAAAAAAAAAAAAAAAAAAAAAAAAAAAAAAAAAAAAAAAAAAAAAAAAA11111111111I
AAAAAAAAAAAAAAAAAAAAAAAAAAAAAAAAAAAAAAAAAAAAAAAAAAAAA11111111111
AAAAAAAAAAAAAAAAAAAAAAAAAAAAAAAAAAAAAAAAAAAAAAAAAAAAAA1111111111
AAAAAAAAAAAAAAAAAAAAAAAAAAAAAAAAAAAAAAAAAAAAAAAAAAAAAAA111111111
AAAAAAAAAAAAAAAAAAAAAAAAAAAAAAAAAAAAAAAAAAAAAAAAAAAAAAAA11111111
AAAAAAAAAAAAAAAAAAAAAAAAAAAAAAAAAAAAAAAAAAAAAAAAAAAAAAAAA1111111
AAAAAAAAAAAAAAAAAAAAAAAAAAAAAAAAAAAAAAAAAAAAAAAAAAAAAAAAAA111111
AAAAAAAAAAAAAAAAAAAAAAAAAAAAAAAAAAAAAAAAAAAAAAAAAAAAAAAAAAA11111
AAAAAAAAAAAAAAAAAAAAAAAAAAAAAAAAAAAAAAAAAAAAAAAAAAAAAAAAAAAA1111
AAAAAAAAAAAAAAAAAAAAAAAAAAAAAAAAAAAAAAAAAAAAAAAAAAAAAAAAAAAAA111
AAAAAAAAAAAAAAAAAAAAAAAAAAAAAAAAAAAAAAAAAAAAAAAAAAAAAAAAAAAAAA11
AAAAAAAAAAAAAAAAAAAAAAAAAAAAAAAAAAAAAAAAAAAAAAAAAAAAAAAAAAAAAAA1
AAAAAAAAAAAAAAAAAAAAAAAAAAAAAAAAAAAAAAAAAAAAAAAAAAAAAAAAAAAAAAAA
AI1I11111I11IIIIIIIIIIIIIIIIIIIIIIIIIIIIIIIIIIIIIIIIIIIIIIIIIIII
AA1I11111I11IIIIIIIIIIIIIIIIIIIIIIIIIIIIIIIIIIIIIIIIIIIIIIIIIIII
AAAI11111I11IIIIIIIIIIIIIIIIIIIIIIIIIIIIIIIIIIIIIIIIIIIIIIIIIIII
AAAA11111I11IIIIIIIIIIIIIIIIIIIIIIIIIIIIIIIIIIIIIIIIIIIIIIIIIIII
AAAA11111111111IIIIIIIIIIIIIIIIIIIIIIIIIIIIIIIIIIIIIIIIIIIIIIIII
AAAAA111111111111IIIIIIIIIIIIIIIIIIIIIIIIIIIIIIIIIIIIIIIIIIIIIII
AAAAAA111111111111IIIIIIIIIIIIIIIIIIIIIIIIIIIIIIIIIIIIIIIIIIIIII
AAAAAAA111111111111IIIIIIIIIIIIIIIIIIIIIIIIIIIIIIIIIIIIIIIIIIIII
AAAAAAAA111111111111IIIIIIIIIIIIIIIIIIIIIIIIIIIIIIIIIIIIIIIIIIII
AAAAAAAAA111111111111IIIIIIIIIIIIIIIIIIIIIIIIIIIIIIIIIIIIIIIIIII
AAAAAAAAAA111111111111IIIIIIIIIIIIIIIIIIIIIIIIIIIIIIIIIIIIIIIIII
AAAAAAAAAAA111111111111IIIIIIIIIIIIIIIIIIIIIIIIIIIIIIIIIIIIIIIII
AAAAAAAAAAAA111111111111IIIIIIIIIIIIIIIIIIIIIIIIIIIIIIIIIIIIIIII
AAAAAAAAAAAAA111111111111IIIIIIIIIIIIIIIIIIIIIIIIIIIIIIIIIIIIIII
AAAAAAAAAAAAAA111111111111IIIIIIIIIIIIIIIIIIIIIIIIIIIIIIIIIIIIII
AAAAAAAAAAAAAAA111111111111IIIIIIIIIIIIIIIIIIIIIIIIIIIIIIIIIIIII
AAAAAAAAAAAAAAAA111111111111IIIIIIIIIIIIIIIIIIIIIIIIIIIIIIIIIIII
AAAAAAAAAAAAAAAAA111111111111IIIIIIIIIIIIIIIIIIIIIIIIIIIIIIIIIII
AAAAAAAAAAAAAAAAAA111111111111IIIIIIIIIIIIIIIIIIIIIIIIIIIIIIIIII
AAAAAAAAAAAAAAAAAAA111111111111IIIIIIIIIIIIIIIIIIIIIIIIIIIIIIIII
AAAAAAAAAAAAAAAAAAAA111111111111IIIIIIIIIIIIIIIIIIIIIIIIIIIIIIII
AAAAAAAAAAAAAAAAAAAAA111111111111IIIIIIIIIIIIIIIIIIIIIIIIIIIIIII
AAAAAAAAAAAAAAAAAAAAAA111111111111IIIIIIIIIIIIIIIIIIIIIIIIIIIIII
AAAAAAAAAAAAAAAAAAAAAAA111111111111IIIIIIIIIIIIIIIIIIIIIIIIIIIII
AAAAAAAAAAAAAAAAAAAAAAAA111111111111IIIIIIIIIIIIIIIIIIIIIIIIIIII
AAAAAAAAAAAAAAAAAAAAAAAAA111111111111IIIIIIIIIIIIIIIIIIIIIIIIIII
AAAAAAAAAAAAAAAAAAAAAAAAAA111111111111IIIIIIIIIIIIIIIIIIIIIIIIII
AAAAAAAAAAAAAAAAAAAAAAAAAAA111111111111IIIIIIIIIIIIIIIIIIIIIIIII
AAAAAAAAAAAAAAAAAAAAAAAAAAAA111111111111IIIIIIIIIIIIIIIIIIIIIIII
AAAAAAAAAAAAAAAAAAAAAAAAAAAAA111111111111IIIIIIIIIIIIIIIIIIIIIII
AAAAAAAAAAAAAAAAAAAAAAAAAAAAAA111111111111IIIIIIIIIIIIIIIIIIIIII
AAAAAAAAAAAAAAAAAAAAAAAAAAAAAAA111111111111IIIIIIIIIIIIIIIIIIIII
AAAAAAAAAAAAAAAAAAAAAAAAAAAAAAAA111111111111IIIIIIIIIIIIIIIIIIII
AAAAAAAAAAAAAAAAAAAAAAAAAAAAAAAAA111111111111IIIIIIIIIIIIIIIIIII
AAAAAAAAAAAAAAAAAAAAAAAAAAAAAAAAAA111111111111IIIIIIIIIIIIIIIIII
AAAAAAAAAAAAAAAAAAAAAAAAAAAAAAAAAAA111111111111IIIIIIIIIIIIIIIII
AAAAAAAAAAAAAAAAAAAAAAAAAAAAAAAAAAAA111111111111IIIIIIIIIIIIIIII
AAAAAAAAAAAAAAAAAAAAAAAAAAAAAAAAAAAAA111111111111IIIIIIIIIIIIIII
AAAAAAAAAAAAAAAAAAAAAAAAAAAAAAAAAAAAAA111111111111IIIIIIIIIIIIII
AAAAAAAAAAAAAAAAAAAAAAAAAAAAAAAAAAAAAAA111111111111IIIIIIIIIIIII
AAAAAAAAAAAAAAAAAAAAAAAAAAAAAAAAAAAAAAAA111111111111IIIIIIIIIIII
AAAAAAAAAAAAAAAAAAAAAAAAAAAAAAAAAAAAAAAAA111111111111IIIIIIIIIII
AAAAAAAAAAAAAAAAAAAAAAAAAAAAAAAAAAAAAAAAAA111111111111IIIIIIIIII
AAAAAAAAAAAAAAAAAAAAAAAAAAAAAAAAAAAAAAAAAAA111111111111IIIIIIIII
AAAAAAAAAAAAAAAAAAAAAAAAAAAAAAAAAAAAAAAAAAAA111111111111IIIIIIII
AAAAAAAAAAAAAAAAAAAAAAAAAAAAAAAAAAAAAAAAAAAAA111111111111IIIIIII
AAAAAAAAAAAAAAAAAAAAAAAAAAAAAAAAAAAAAAAAAAAAAA111111111111IIIIII
AAAAAAAAAAAAAAAAAAAAAAAAAAAAAAAAAAAAAAAAAAAAAAA111111111111IIIII
AAAAAAAAAAAAAAAAAAAAAAAAAAAAAAAAAAAAAAAAAAAAAAAA111111111111IIII
AAAAAAAAAAAAAAAAAAAAAAAAAAAAAAAAAAAAAAAAAAAAAAAAA111111111111III
AAAAAAAAAAAAAAAAAAAAAAAAAAAAAAAAAAAAAAAAAAAAAAAAAA111111111111II
AAAAAAAAAAAAAAAAAAAAAAAAAAAAAAAAAAAAAAAAAAAAAAAAAAA111111111111I
AAAAAAAAAAAAAAAAAAAAAAAAAAAAAAAAAAAAAAAAAAAAAAAAAAAA111111111111
AAAAAAAAAAAAAAAAAAAAAAAAAAAAAAAAAAAAAAAAAAAAAAAAAAAAA11111111111
AAAAAAAAAAAAAAAAAAAAAAAAAAAAAAAAAAAAAAAAAAAAAAAAAAAAAA1111111111
AAAAAAAAAAAAAAAAAAAAAAAAAAAAAAAAAAAAAAAAAAAAAAAAAAAAAAA111111111
AAAAAAAAAAAAAAAAAAAAAAAAAAAAAAAAAAAAAAAAAAAAAAAAAAAAAAAA11111111
AAAAAAAAAAAAAAAAAAAAAAAAAAAAAAAAAAAAAAAAAAAAAAAAAAAAAAAAA1111111
AAAAAAAAAAAAAAAAAAAAAAAAAAAAAAAAAAAAAAAAAAAAAAAAAAAAAAAAAA111111
AAAAAAAAAAAAAAAAAAAAAAAAAAAAAAAAAAAAAAAAAAAAAAAAAAAAAAAAAAA11111
AAAAAAAAAAAAAAAAAAAAAAAAAAAAAAAAAAAAAAAAAAAAAAAAAAAAAAAAAAAA1111
AAAAAAAAAAAAAAAAAAAAAAAAAAAAAAAAAAAAAAAAAAAAAAAAAAAAAAAAAAAAA111
AAAAAAAAAAAAAAAAAAAAAAAAAAAAAAAAAAAAAAAAAAAAAAAAAAAAAAAAAAAAAA11
AAAAAAAAAAAAAAAAAAAAAAAAAAAAAAAAAAAAAAAAAAAAAAAAAAAAAAAAAAAAAAA1
AAAAAAAAAAAAAAAAAAAAAAAAAAAAAAAAAAAAAAAAAAAAAAAAAAAAAAAAAAAAAAAA
AI12IIIIIIIIIIIIIIIIIIIIIIIIIIIIIIIIIIIIIIIIIIIIIIIIIIIIIIIIIIII
AA112IIIIIIIIIIIIIIIIIIIIIIIIIIIIIIIIIIIIIIIIIIIIIIIIIIIIIIIIIII
AAA112IIIIIIIIIIIIIIIIIIIIIIIIIIIIIIIIIIIIIIIIIIIIIIIIIIIIIIIIII
AAAA112IIIIIIIIIIIIIIIIIIIIIIIIIIIIIIIIIIIIIIIIIIIIIIIIIIIIIIIII
AAAAA112IIIIIIIIIIIIIIIIIIIIIIIIIIIIIIIIIIIIIIIIIIIIIIIIIIIIIIII
AAAAAA112IIIIIIIIIIIIIIIIIIIIIIIIIIIIIIIIIIIIIIIIIIIIIIIIIIIIIII
AAAAAAA112IIIIIIIIIIIIIIIIIIIIIIIIIIIIIIIIIIIIIIIIIIIIIIIIIIIIII
AAAAAAAA112IIIIIIIIIIIIIIIIIIIIIIIIIIIIIIIIIIIIIIIIIIIIIIIIIIIII
AAAAAAAAA112IIIIIIIIIIIIIIIIIIIIIIIIIIIIIIIIIIIIIIIIIIIIIIIIIIII
AAAAAAAAAA112IIIIIIIIIIIIIIIIIIIIIIIIIIIIIIIIIIIIIIIIIIIIIIIIIII
AAAAAAAAAAA112IIIIIIIIIIIIIIIIIIIIIIIIIIIIIIIIIIIIIIIIIIIIIIIIII
AAAAAAAAAAAA112IIIIIIIIIIIIIIIIIIIIIIIIIIIIIIIIIIIIIIIIIIIIIIIII
AAAAAAAAAAAAA112IIIIIIIIIIIIIIIIIIIIIIIIIIIIIIIIIIIIIIIIIIIIIIII
AAAAAAAAAAAAAA112IIIIIIIIIIIIIIIIIIIIIIIIIIIIIIIIIIIIIIIIIIIIIII
AAAAAAAAAAAAAAA112IIIIIIIIIIIIIIIIIIIIIIIIIIIIIIIIIIIIIIIIIIIIII
AAAAAAAAAAAAAAAA112IIIIIIIIIIIIIIIIIIIIIIIIIIIIIIIIIIIIIIIIIIIII
AAAAAAAAAAAAAAAAA112IIIIIIIIIIIIIIIIIIIIIIIIIIIIIIIIIIIIIIIIIIII
AAAAAAAAAAAAAAAAAA112IIIIIIIIIIIIIIIIIIIIIIIIIIIIIIIIIIIIIIIIIII
AAAAAAAAAAAAAAAAAAA112IIIIIIIIIIIIIIIIIIIIIIIIIIIIIIIIIIIIIIIIII
AAAAAAAAAAAAAAAAAAAA112IIIIIIIIIIIIIIIIIIIIIIIIIIIIIIIIIIIIIIIII
AAAAAAAAAAAAAAAAAAAAA112IIIIIIIIIIIIIIIIIIIIIIIIIIIIIIIIIIIIIIII
AAAAAAAAAAAAAAAAAAAAAA112IIIIIIIIIIIIIIIIIIIIIIIIIIIIIIIIIIIIIII
AAAAAAAAAAAAAAAAAAAAAAA112IIIIIIIIIIIIIIIIIIIIIIIIIIIIIIIIIIIIII
AAAAAAAAAAAAAAAAAAAAAAAA112IIIIIIIIIIIIIIIIIIIIIIIIIIIIIIIIIIIII
AAAAAAAAAAAAAAAAAAAAAAAAA112IIIIIIIIIIIIIIIIIIIIIIIIIIIIIIIIIIII
AAAAAAAAAAAAAAAAAAAAAAAAAA112IIIIIIIIIIIIIIIIIIIIIIIIIIIIIIIIIII
AAAAAAAAAAAAAAAAAAAAAAAAAAA112IIIIIIIIIIIIIIIIIIIIIIIIIIIIIIIIII
AAAAAAAAAAAAAAAAAAAAAAAAAAAA112IIIIIIIIIIIIIIIIIIIIIIIIIIIIIIIII
AAAAAAAAAAAAAAAAAAAAAAAAAAAAA112IIIIIIIIIIIIIIIIIIIIIIIIIIIIIIII
AAAAAAAAAAAAAAAAAAAAAAAAAAAAAA112IIIIIIIIIIIIIIIIIIIIIIIIIIIIIII
AAAAAAAAAAAAAAAAAAAAAAAAAAAAAAA112IIIIIIIIIIIIIIIIIIIIIIIIIIIIII
AAAAAAAAAAAAAAAAAAAAAAAAAAAAAAAA112IIIIIIIIIIIIIIIIIIIIIIIIIIIII
AAAAAAAAAAAAAAAAAAAAAAAAAAAAAAAAA112IIIIIIIIIIIIIIIIIIIIIIIIIIII
AAAAAAAAAAAAAAAAAAAAAAAAAAAAAAAAAA112IIIIIIIIIIIIIIIIIIIIIIIIIII
AAAAAAAAAAAAAAAAAAAAAAAAAAAAAAAAAAA112IIIIIIIIIIIIIIIIIIIIIIIIII
AAAAAAAAAAAAAAAAAAAAAAAAAAAAAAAAAAAA112IIIIIIIIIIIIIIIIIIIIIIIII
AAAAAAAAAAAAAAAAAAAAAAAAAAAAAAAAAAAAA112IIIIIIIIIIIIIIIIIIIIIIII
AAAAAAAAAAAAAAAAAAAAAAAAAAAAAAAAAAAAAA112IIIIIIIIIIIIIIIIIIIIIII
AAAAAAAAAAAAAAAAAAAAAAAAAAAAAAAAAAAAAAA112IIIIIIIIIIIIIIIIIIIIII
AAAAAAAAAAAAAAAAAAAAAAAAAAAAAAAAAAAAAAAA112IIIIIIIIIIIIIIIIIIIII
AAAAAAAAAAAAAAAAAAAAAAAAAAAAAAAAAAAAAAAAA112IIIIIIIIIIIIIIIIIIII
AAAAAAAAAAAAAAAAAAAAAAAAAAAAAAAAAAAAAAAAAA112IIIIIIIIIIIIIIIIIII
AAAAAAAAAAAAAAAAAAAAAAAAAAAAAAAAAAAAAAAAAAA112IIIIIIIIIIIIIIIIII
AAAAAAAAAAAAAAAAAAAAAAAAAAAAAAAAAAAAAAAAAAAA112IIIIIIIIIIIIIIIII
AAAAAAAAAAAAAAAAAAAAAAAAAAAAAAAAAAAAAAAAAAAAA112IIIIIIIIIIIIIIII
AAAAAAAAAAAAAAAAAAAAAAAAAAAAAAAAAAAAAAAAAAAAAA112IIIIIIIIIIIIIII
AAAAAAAAAAAAAAAAAAAAAAAAAAAAAAAAAAAAAAAAAAAAAAA112IIIIIIIIIIIIII
AAAAAAAAAAAAAAAAAAAAAAAAAAAAAAAAAAAAAAAAAAAAAAAA112IIIIIIIIIIIII
AAAAAAAAAAAAAAAAAAAAAAAAAAAAAAAAAAAAAAAAAAAAAAAAA112IIIIIIIIIIII
AAAAAAAAAAAAAAAAAAAAAAAAAAAAAAAAAAAAAAAAAAAAAAAAAA112IIIIIIIIIII
AAAAAAAAAAAAAAAAAAAAAAAAAAAAAAAAAAAAAAAAAAAAAAAAAAA112IIIIIIIIII
AAAAAAAAAAAAAAAAAAAAAAAAAAAAAAAAAAAAAAAAAAAAAAAAAAAA112IIIIIIIII
AAAAAAAAAAAAAAAAAAAAAAAAAAAAAAAAAAAAAAAAAAAAAAAAAAAAA112IIIIIIII
AAAAAAAAAAAAAAAAAAAAAAAAAAAAAAAAAAAAAAAAAAAAAAAAAAAAAA112IIIIIII
AAAAAAAAAAAAAAAAAAAAAAAAAAAAAAAAAAAAAAAAAAAAAAAAAAAAAAA112IIIIII
AAAAAAAAAAAAAAAAAAAAAAAAAAAAAAAAAAAAAAAAAAAAAAAAAAAAAAAA112IIIII
AAAAAAAAAAAAAAAAAAAAAAAAAAAAAAAAAAAAAAAAAAAAAAAAAAAAAAAAA112IIII
AAAAAAAAAAAAAAAAAAAAAAAAAAAAAAAAAAAAAAAAAAAAAAAAAAAAAAAAAA112III
AAAAAAAAAAAAAAAAAAAAAAAAAAAAAAAAAAAAAAAAAAAAAAAAAAAAAAAAAAA112II
AAAAAAAAAAAAAAAAAAAAAAAAAAAAAAAAAAAAAAAAAAAAAAAAAAAAAAAAAAAA112I
AAAAAAAAAAAAAAAAAAAAAAAAAAAAAAAAAAAAAAAAAAAAAAAAAAAAAAAAAAAAA112
AAAAAAAAAAAAAAAAAAAAAAAAAAAAAAAAAAAAAAAAAAAAAAAAAAAAAAAAAAAAAA11
AAAAAAAAAAAAAAAAAAAAAAAAAAAAAAAAAAAAAAAAAAAAAAAAAAAAAAAAAAAAAAA1
AAAAAAAAAAAAAAAAAAAAAAAAAAAAAAAAAAAAAAAAAAAAAAAAAAAAAAAAAAAAAAAA
AI1II1111II1IIIIIIIIIIIIIIIIIIIIIIIIIIIIIIIIIIIIIIIIIIIIIIIIIIII
AA11I11111I1IIIIIIIIIIIIIIIIIIIIIIIIIIIIIIIIIIIIIIIIIIIIIIIIIIII
AAA1I11111I1IIIIIIIIIIIIIIIIIIIIIIIIIIIIIIIIIIIIIIIIIIIIIIIIIIII
AAAAI11111I1IIIIIIIIIIIIIIIIIIIIIIIIIIIIIIIIIIIIIIIIIIIIIIIIIIII
AAAA11111111I1IIIIIIIIIIIIIIIIIIIIIIIIIIIIIIIIIIIIIIIIIIIIIIIIII
AAAAA111111111I1IIIIIIIIIIIIIIIIIIIIIIIIIIIIIIIIIIIIIIIIIIIIIIII
AAAAAA11111111I11IIIIIIIIIIIIIIIIIIIIIIIIIIIIIIIIIIIIIIIIIIIIIII
AAAAAAA11111111111IIIIIIIIIIIIIIIIIIIIIIIIIIIIIIIIIIIIIIIIIIIIII
AAAAAAAA11111111111IIIIIIIIIIIIIIIIIIIIIIIIIIIIIIIIIIIIIIIIIIIII
AAAAAAAAA11111111111IIIIIIIIIIIIIIIIIIIIIIIIIIIIIIIIIIIIIIIIIIII
AAAAAAAAAA11111111111IIIIIIIIIIIIIIIIIIIIIIIIIIIIIIIIIIIIIIIIIII
AAAAAAAAAAA11111111111IIIIIIIIIIIIIIIIIIIIIIIIIIIIIIIIIIIIIIIIII
AAAAAAAAAAAA11111111111IIIIIIIIIIIIIIIIIIIIIIIIIIIIIIIIIIIIIIIII
AAAAAAAAAAAAA11111111111IIIIIIIIIIIIIIIIIIIIIIIIIIIIIIIIIIIIIIII
AAAAAAAAAAAAAA11111111111IIIIIIIIIIIIIIIIIIIIIIIIIIIIIIIIIIIIIII
AAAAAAAAAAAAAAA11111111111IIIIIIIIIIIIIIIIIIIIIIIIIIIIIIIIIIIIII
AAAAAAAAAAAAAAAA11111111111IIIIIIIIIIIIIIIIIIIIIIIIIIIIIIIIIIIII
AAAAAAAAAAAAAAAAA11111111111IIIIIIIIIIIIIIIIIIIIIIIIIIIIIIIIIIII
AAAAAAAAAAAAAAAAAA11111111111IIIIIIIIIIIIIIIIIIIIIIIIIIIIIIIIIII
AAAAAAAAAAAAAAAAAAA11111111111IIIIIIIIIIIIIIIIIIIIIIIIIIIIIIIIII
AAAAAAAAAAAAAAAAAAAA11111111111IIIIIIIIIIIIIIIIIIIIIIIIIIIIIIIII
AAAAAAAAAAAAAAAAAAAAA11111111111IIIIIIIIIIIIIIIIIIIIIIIIIIIIIIII
AAAAAAAAAAAAAAAAAAAAAA11111111111IIIIIIIIIIIIIIIIIIIIIIIIIIIIIII
AAAAAAAAAAAAAAAAAAAAAAA11111111111IIIIIIIIIIIIIIIIIIIIIIIIIIIIII
AAAAAAAAAAAAAAAAAAAAAAAA11111111111IIIIIIIIIIIIIIIIIIIIIIIIIIIII
AAAAAAAAAAAAAAAAAAAAAAAAA11111111111IIIIIIIIIIIIIIIIIIIIIIIIIIII
AAAAAAAAAAAAAAAAAAAAAAAAAA11111111111IIIIIIIIIIIIIIIIIIIIIIIIIII
AAAAAAAAAAAAAAAAAAAAAAAAAAA11111111111IIIIIIIIIIIIIIIIIIIIIIIIII
AAAAAAAAAAAAAAAAAAAAAAAAAAAA11111111111IIIIIIIIIIIIIIIIIIIIIIIII
AAAAAAAAAAAAAAAAAAAAAAAAAAAAA11111111111IIIIIIIIIIIIIIIIIIIIIIII
AAAAAAAAAAAAAAAAAAAAAAAAAAAAAA11111111111IIIIIIIIIIIIIIIIIIIIIII
AAAAAAAAAAAAAAAAAAAAAAAAAAAAAAA11111111111IIIIIIIIIIIIIIIIIIIIII
AAAAAAAAAAAAAAAAAAAAAAAAAAAAAAAA11111111111IIIIIIIIIIIIIIIIIIIII
AAAAAAAAAAAAAAAAAAAAAAAAAAAAAAAAA11111111111IIIIIIIIIIIIIIIIIIII
AAAAAAAAAAAAAAAAAAAAAAAAAAAAAAAAAA11111111111IIIIIIIIIIIIIIIIIII
AAAAAAAAAAAAAAAAAAAAAAAAAAAAAAAAAAA11111111111IIIIIIIIIIIIIIIIII
AAAAAAAAAAAAAAAAAAAAAAAAAAAAAAAAAAAA11111111111IIIIIIIIIIIIIIIII
AAAAAAAAAAAAAAAAAAAAAAAAAAAAAAAAAAAAA11111111111IIIIIIIIIIIIIIII
AAAAAAAAAAAAAAAAAAAAAAAAAAAAAAAAAAAAAA11111111111IIIIIIIIIIIIIII
AAAAAAAAAAAAAAAAAAAAAAAAAAAAAAAAAAAAAAA11111111111IIIIIIIIIIIIII
AAAAAAAAAAAAAAAAAAAAAAAAAAAAAAAAAAAAAAAA11111111111IIIIIIIIIIIII
AAAAAAAAAAAAAAAAAAAAAAAAAAAAAAAAAAAAAAAAA11111111111IIIIIIIIIIII
AAAAAAAAAAAAAAAAAAAAAAAAAAAAAAAAAAAAAAAAAA11111111111IIIIIIIIIII
AAAAAAAAAAAAAAAAAAAAAAAAAAAAAAAAAAAAAAAAAAA11111111111IIIIIIIIII
AAAAAAAAAAAAAAAAAAAAAAAAAAAAAAAAAAAAAAAAAAAA11111111111IIIIIIIII
AAAAAAAAAAAAAAAAAAAAAAAAAAAAAAAAAAAAAAAAAAAAA11111111111IIIIIIII
AAAAAAAAAAAAAAAAAAAAAAAAAAAAAAAAAAAAAAAAAAAAAA11111111111IIIIIII
AAAAAAAAAAAAAAAAAAAAAAAAAAAAAAAAAAAAAAAAAAAAAAA11111111111IIIIII
AAAAAAAAAAAAAAAAAAAAAAAAAAAAAAAAAAAAAAAAAAAAAAAA11111111111IIIII
AAAAAAAAAAAAAAAAAAAAAAAAAAAAAAAAAAAAAAAAAAAAAAAAA11111111111IIII
AAAAAAAAAAAAAAAAAAAAAAAAAAAAAAAAAAAAAAAAAAAAAAAAAA11111111111III
AAAAAAAAAAAAAAAAAAAAAAAAAAAAAAAAAAAAAAAAAAAAAAAAAAA11111111111II
AAAAAAAAAAAAAAAAAAAAAAAAAAAAAAAAAAAAAAAAAAAAAAAAAAAA11111111111I
AAAAAAAAAAAAAAAAAAAAAAAAAAAAAAAAAAAAAAAAAAAAAAAAAAAAA11111111111
AAAAAAAAAAAAAAAAAAAAAAAAAAAAAAAAAAAAAAAAAAAAAAAAAAAAAA1111111111
AAAAAAAAAAAAAAAAAAAAAAAAAAAAAAAAAAAAAAAAAAAAAAAAAAAAAAA111111111
AAAAAAAAAAAAAAAAAAAAAAAAAAAAAAAAAAAAAAAAAAAAAAAAAAAAAAAA11111111
AAAAAAAAAAAAAAAAAAAAAAAAAAAAAAAAAAAAAAAAAAAAAAAAAAAAAAAAA1111111
AAAAAAAAAAAAAAAAAAAAAAAAAAAAAAAAAAAAAAAAAAAAAAAAAAAAAAAAAA111111
AAAAAAAAAAAAAAAAAAAAAAAAAAAAAAAAAAAAAAAAAAAAAAAAAAAAAAAAAAA11111
AAAAAAAAAAAAAAAAAAAAAAAAAAAAAAAAAAAAAAAAAAAAAAAAAAAAAAAAAAAA1111
AAAAAAAAAAAAAAAAAAAAAAAAAAAAAAAAAAAAAAAAAAAAAAAAAAAAAAAAAAAAA111
AAAAAAAAAAAAAAAAAAAAAAAAAAAAAAAAAAAAAAAAAAAAAAAAAAAAAAAAAAAAAA11
AAAAAAAAAAAAAAAAAAAAAAAAAAAAAAAAAAAAAAAAAAAAAAAAAAAAAAAAAAAAAAA1
AAAAAAAAAAAAAAAAAAAAAAAAAAAAAAAAAAAAAAAAAAAAAAAAAAAAAAAAAAAAAAAA
AIIII11IIII1IIIIIIIIIIIIIIIIIIIIIIIIIIIIIIIIIIIIIIIIIIIIIIIIIIII
AAIII111III11IIIIIIIIIIIIIIIIIIIIIIIIIIIIIIIIIIIIIIIIIIIIIIIIIII
AAAII1111II111IIIIIIIIIIIIIIIIIIIIIIIIIIIIIIIIIIIIIIIIIIIIIIIIII
AAAAI11111I111IIIIIIIIIIIIIIIIIIIIIIIIIIIIIIIIIIIIIIIIIIIIIIIIII
AAAAA111111111I1IIIIIIIIIIIIIIIIIIIIIIIIIIIIIIIIIIIIIIIIIIIIIIII
AAAAAA11111111I11IIIIIIIIIIIIIIIIIIIIIIIIIIIIIIIIIIIIIIIIIIIIIII
AAAAAAA1111111I111IIIIIIIIIIIIIIIIIIIIIIIIIIIIIIIIIIIIIIIIIIIIII
AAAAAAAA111111I1111IIIIIIIIIIIIIIIIIIIIIIIIIIIIIIIIIIIIIIIIIIIII
AAAAAAAAA11111111111IIIIIIIIIIIIIIIIIIIIIIIIIIIIIIIIIIIIIIIIIIII
AAAAAAAAAA11111111111IIIIIIIIIIIIIIIIIIIIIIIIIIIIIIIIIIIIIIIIIII
AAAAAAAAAAA11111111111IIIIIIIIIIIIIIIIIIIIIIIIIIIIIIIIIIIIIIIIII
AAAAAAAAAAAA11111111111IIIIIIIIIIIIIIIIIIIIIIIIIIIIIIIIIIIIIIIII
AAAAAAAAAAAAA11111111111IIIIIIIIIIIIIIIIIIIIIIIIIIIIIIIIIIIIIIII
AAAAAAAAAAAAAA11111111111IIIIIIIIIIIIIIIIIIIIIIIIIIIIIIIIIIIIIII
AAAAAAAAAAAAAAA11111111111IIIIIIIIIIIIIIIIIIIIIIIIIIIIIIIIIIIIII
AAAAAAAAAAAAAAAA11111111111IIIIIIIIIIIIIIIIIIIIIIIIIIIIIIIIIIIII
AAAAAAAAAAAAAAAAA11111111111IIIIIIIIIIIIIIIIIIIIIIIIIIIIIIIIIIII
AAAAAAAAAAAAAAAAAA11111111111IIIIIIIIIIIIIIIIIIIIIIIIIIIIIIIIIII
AAAAAAAAAAAAAAAAAAA11111111111IIIIIIIIIIIIIIIIIIIIIIIIIIIIIIIIII
AAAAAAAAAAAAAAAAAAAA11111111111IIIIIIIIIIIIIIIIIIIIIIIIIIIIIIIII
AAAAAAAAAAAAAAAAAAAAA11111111111IIIIIIIIIIIIIIIIIIIIIIIIIIIIIIII
AAAAAAAAAAAAAAAAAAAAAA11111111111IIIIIIIIIIIIIIIIIIIIIIIIIIIIIII
AAAAAAAAAAAAAAAAAAAAAAA11111111111IIIIIIIIIIIIIIIIIIIIIIIIIIIIII
AAAAAAAAAAAAAAAAAAAAAAAA11111111111IIIIIIIIIIIIIIIIIIIIIIIIIIIII
AAAAAAAAAAAAAAAAAAAAAAAAA11111111111IIIIIIIIIIIIIIIIIIIIIIIIIIII
AAAAAAAAAAAAAAAAAAAAAAAAAA11111111111IIIIIIIIIIIIIIIIIIIIIIIIIII
AAAAAAAAAAAAAAAAAAAAAAAAAAA11111111111IIIIIIIIIIIIIIIIIIIIIIIIII
AAAAAAAAAAAAAAAAAAAAAAAAAAAA11111111111IIIIIIIIIIIIIIIIIIIIIIIII
AAAAAAAAAAAAAAAAAAAAAAAAAAAAA11111111111IIIIIIIIIIIIIIIIIIIIIIII
AAAAAAAAAAAAAAAAAAAAAAAAAAAAAA11111111111IIIIIIIIIIIIIIIIIIIIIII
AAAAAAAAAAAAAAAAAAAAAAAAAAAAAAA11111111111IIIIIIIIIIIIIIIIIIIIII
AAAAAAAAAAAAAAAAAAAAAAAAAAAAAAAA11111111111IIIIIIIIIIIIIIIIIIIII
AAAAAAAAAAAAAAAAAAAAAAAAAAAAAAAAA11111111111IIIIIIIIIIIIIIIIIIII
AAAAAAAAAAAAAAAAAAAAAAAAAAAAAAAAAA11111111111IIIIIIIIIIIIIIIIIII
AAAAAAAAAAAAAAAAAAAAAAAAAAAAAAAAAAA11111111111IIIIIIIIIIIIIIIIII
AAAAAAAAAAAAAAAAAAAAAAAAAAAAAAAAAAAA11111111111IIIIIIIIIIIIIIIII
AAAAAAAAAAAAAAAAAAAAAAAAAAAAAAAAAAAAA11111111111IIIIIIIIIIIIIIII
AAAAAAAAAAAAAAAAAAAAAAAAAAAAAAAAAAAAAA11111111111IIIIIIIIIIIIIII
AAAAAAAAAAAAAAAAAAAAAAAAAAAAAAAAAAAAAAA11111111111IIIIIIIIIIIIII
AAAAAAAAAAAAAAAAAAAAAAAAAAAAAAAAAAAAAAAA11111111111IIIIIIIIIIIII
AAAAAAAAAAAAAAAAAAAAAAAAAAAAAAAAAAAAAAAAA11111111111IIIIIIIIIIII
AAAAAAAAAAAAAAAAAAAAAAAAAAAAAAAAAAAAAAAAAA11111111111IIIIIIIIIII
AAAAAAAAAAAAAAAAAAAAAAAAAAAAAAAAAAAAAAAAAAA11111111111IIIIIIIIII
AAAAAAAAAAAAAAAAAAAAAAAAAAAAAAAAAAAAAAAAAAAA11111111111IIIIIIIII
AAAAAAAAAAAAAAAAAAAAAAAAAAAAAAAAAAAAAAAAAAAAA11111111111IIIIIIII
AAAAAAAAAAAAAAAAAAAAAAAAAAAAAAAAAAAAAAAAAAAAAA11111111111IIIIIII
AAAAAAAAAAAAAAAAAAAAAAAAAAAAAAAAAAAAAAAAAAAAAAA11111111111IIIIII
AAAAAAAAAAAAAAAAAAAAAAAAAAAAAAAAAAAAAAAAAAAAAAAA11111111111IIIII
AAAAAAAAAAAAAAAAAAAAAAAAAAAAAAAAAAAAAAAAAAAAAAAAA11111111111IIII
AAAAAAAAAAAAAAAAAAAAAAAAAAAAAAAAAAAAAAAAAAAAAAAAAA11111111111III
AAAAAAAAAAAAAAAAAAAAAAAAAAAAAAAAAAAAAAAAAAAAAAAAAAA11111111111II
AAAAAAAAAAAAAAAAAAAAAAAAAAAAAAAAAAAAAAAAAAAAAAAAAAAA11111111111I
AAAAAAAAAAAAAAAAAAAAAAAAAAAAAAAAAAAAAAAAAAAAAAAAAAAAA11111111111
AAAAAAAAAAAAAAAAAAAAAAAAAAAAAAAAAAAAAAAAAAAAAAAAAAAAAA1111111111
AAAAAAAAAAAAAAAAAAAAAAAAAAAAAAAAAAAAAAAAAAAAAAAAAAAAAAA111111111
AAAAAAAAAAAAAAAAAAAAAAAAAAAAAAAAAAAAAAAAAAAAAAAAAAAAAAAA11111111
AAAAAAAAAAAAAAAAAAAAAAAAAAAAAAAAAAAAAAAAAAAAAAAAAAAAAAAAA1111111
AAAAAAAAAAAAAAAAAAAAAAAAAAAAAAAAAAAAAAAAAAAAAAAAAAAAAAAAAA111111
AAAAAAAAAAAAAAAAAAAAAAAAAAAAAAAAAAAAAAAAAAAAAAAAAAAAAAAAAAA11111
AAAAAAAAAAAAAAAAAAAAAAAAAAAAAAAAAAAAAAAAAAAAAAAAAAAAAAAAAAAA1111
AAAAAAAAAAAAAAAAAAAAAAAAAAAAAAAAAAAAAAAAAAAAAAAAAAAAAAAAAAAAA111
AAAAAAAAAAAAAAAAAAAAAAAAAAAAAAAAAAAAAAAAAAAAAAAAAAAAAAAAAAAAAA11
AAAAAAAAAAAAAAAAAAAAAAAAAAAAAAAAAAAAAAAAAAAAAAAAAAAAAAAAAAAAAAA1
AAAAAAAAAAAAAAAAAAAAAAAAAAAAAAAAAAAAAAAAAAAAAAAAAAAAAAAAAAAAAAAA
AIIII11IIII1IIIIIIIIIIIIIIIIIIIIIIIIIIIIIIIIIIIIIIIIIIIIIIIIIIII
AAIII111III11IIIIIIIIIIIIIIIIIIIIIIIIIIIIIIIIIIIIIIIIIIIIIIIIIII
AAAII1111II111IIIIIIIIIIIIIIIIIIIIIIIIIIIIIIIIIIIIIIIIIIIIIIIIII
AAAAI11111I111IIIIIIIIIIIIIIIIIIIIIIIIIIIIIIIIIIIIIIIIIIIIIIIIII
AAAAA111111111I1IIIIIIIIIIIIIIIIIIIIIIIIIIIIIIIIIIIIIIIIIIIIIIII
AAAAAA11111111I11IIIIIIIIIIIIIIIIIIIIIIIIIIIIIIIIIIIIIIIIIIIIIII
AAAAAAA1111111I111IIIIIIIIIIIIIIIIIIIIIIIIIIIIIIIIIIIIIIIIIIIIII
AAAAAAAA111111I1111IIIIIIIIIIIIIIIIIIIIIIIIIIIIIIIIIIIIIIIIIIIII
AAAAAAAAA11111111111IIIIIIIIIIIIIIIIIIIIIIIIIIIIIIIIIIIIIIIIIIII
AAAAAAAAAA11111111111IIIIIIIIIIIIIIIIIIIIIIIIIIIIIIIIIIIIIIIIIII
AAAAAAAAAAA11111111111IIIIIIIIIIIIIIIIIIIIIIIIIIIIIIIIIIIIIIIIII
AAAAAAAAAAAA11111111111IIIIIIIIIIIIIIIIIIIIIIIIIIIIIIIIIIIIIIIII
AAAAAAAAAAAAA11111111111IIIIIIIIIIIIIIIIIIIIIIIIIIIIIIIIIIIIIIII
AAAAAAAAAAAAAA11111111111IIIIIIIIIIIIIIIIIIIIIIIIIIIIIIIIIIIIIII
AAAAAAAAAAAAAAA11111111111IIIIIIIIIIIIIIIIIIIIIIIIIIIIIIIIIIIIII
AAAAAAAAAAAAAAAA11111111111IIIIIIIIIIIIIIIIIIIIIIIIIIIIIIIIIIIII
AAAAAAAAAAAAAAAAA11111111111IIIIIIIIIIIIIIIIIIIIIIIIIIIIIIIIIIII
AAAAAAAAAAAAAAAAAA11111111111IIIIIIIIIIIIIIIIIIIIIIIIIIIIIIIIIII
AAAAAAAAAAAAAAAAAAA11111111111IIIIIIIIIIIIIIIIIIIIIIIIIIIIIIIIII
AAAAAAAAAAAAAAAAAAAA11111111111IIIIIIIIIIIIIIIIIIIIIIIIIIIIIIIII
AAAAAAAAAAAAAAAAAAAAA11111111111IIIIIIIIIIIIIIIIIIIIIIIIIIIIIIII
AAAAAAAAAAAAAAAAAAAAAA11111111111IIIIIIIIIIIIIIIIIIIIIIIIIIIIIII
AAAAAAAAAAAAAAAAAAAAAAA11111111111IIIIIIIIIIIIIIIIIIIIIIIIIIIIII
AAAAAAAAAAAAAAAAAAAAAAAA11111111111IIIIIIIIIIIIIIIIIIIIIIIIIIIII
AAAAAAAAAAAAAAAAAAAAAAAAA11111111111IIIIIIIIIIIIIIIIIIIIIIIIIIII
AAAAAAAAAAAAAAAAAAAAAAAAAA11111111111IIIIIIIIIIIIIIIIIIIIIIIIIII
AAAAAAAAAAAAAAAAAAAAAAAAAAA11111111111IIIIIIIIIIIIIIIIIIIIIIIIII
AAAAAAAAAAAAAAAAAAAAAAAAAAAA11111111111IIIIIIIIIIIIIIIIIIIIIIIII
AAAAAAAAAAAAAAAAAAAAAAAAAAAAA11111111111IIIIIIIIIIIIIIIIIIIIIIII
AAAAAAAAAAAAAAAAAAAAAAAAAAAAAA11111111111IIIIIIIIIIIIIIIIIIIIIII
AAAAAAAAAAAAAAAAAAAAAAAAAAAAAAA11111111111IIIIIIIIIIIIIIIIIIIIII
AAAAAAAAAAAAAAAAAAAAAAAAAAAAAAAA11111111111IIIIIIIIIIIIIIIIIIIII
AAAAAAAAAAAAAAAAAAAAAAAAAAAAAAAAA11111111111IIIIIIIIIIIIIIIIIIII
AAAAAAAAAAAAAAAAAAAAAAAAAAAAAAAAAA11111111111IIIIIIIIIIIIIIIIIII
AAAAAAAAAAAAAAAAAAAAAAAAAAAAAAAAAAA11111111111IIIIIIIIIIIIIIIIII
AAAAAAAAAAAAAAAAAAAAAAAAAAAAAAAAAAAA11111111111IIIIIIIIIIIIIIIII
AAAAAAAAAAAAAAAAAAAAAAAAAAAAAAAAAAAAA11111111111IIIIIIIIIIIIIIII
AAAAAAAAAAAAAAAAAAAAAAAAAAAAAAAAAAAAAA11111111111IIIIIIIIIIIIIII
AAAAAAAAAAAAAAAAAAAAAAAAAAAAAAAAAAAAAAA11111111111IIIIIIIIIIIIII
AAAAAAAAAAAAAAAAAAAAAAAAAAAAAAAAAAAAAAAA11111111111IIIIIIIIIIIII
AAAAAAAAAAAAAAAAAAAAAAAAAAAAAAAAAAAAAAAAA11111111111IIIIIIIIIIII
AAAAAAAAAAAAAAAAAAAAAAAAAAAAAAAAAAAAAAAAAA11111111111IIIIIIIIIII
AAAAAAAAAAAAAAAAAAAAAAAAAAAAAAAAAAAAAAAAAAA11111111111IIIIIIIIII
AAAAAAAAAAAAAAAAAAAAAAAAAAAAAAAAAAAAAAAAAAAA11111111111IIIIIIIII
AAAAAAAAAAAAAAAAAAAAAAAAAAAAAAAAAAAAAAAAAAAAA11111111111IIIIIIII
AAAAAAAAAAAAAAAAAAAAAAAAAAAAAAAAAAAAAAAAAAAAAA11111111111IIIIIII
AAAAAAAAAAAAAAAAAAAAAAAAAAAAAAAAAAAAAAAAAAAAAAA11111111111IIIIII
AAAAAAAAAAAAAAAAAAAAAAAAAAAAAAAAAAAAAAAAAAAAAAAA11111111111IIIII
AAAAAAAAAAAAAAAAAAAAAAAAAAAAAAAAAAAAAAAAAAAAAAAAA11111111111IIII
AAAAAAAAAAAAAAAAAAAAAAAAAAAAAAAAAAAAAAAAAAAAAAAAAA11111111111III
AAAAAAAAAAAAAAAAAAAAAAAAAAAAAAAAAAAAAAAAAAAAAAAAAAA11111111111II
AAAAAAAAAAAAAAAAAAAAAAAAAAAAAAAAAAAAAAAAAAAAAAAAAAAA11111111111I
AAAAAAAAAAAAAAAAAAAAAAAAAAAAAAAAAAAAAAAAAAAAAAAAAAAAA11111111111
AAAAAAAAAAAAAAAAAAAAAAAAAAAAAAAAAAAAAAAAAAAAAAAAAAAAAA1111111111
AAAAAAAAAAAAAAAAAAAAAAAAAAAAAAAAAAAAAAAAAAAAAAAAAAAAAAA111111111
AAAAAAAAAAAAAAAAAAAAAAAAAAAAAAAAAAAAAAAAAAAAAAAAAAAAAAAA11111111
AAAAAAAAAAAAAAAAAAAAAAAAAAAAAAAAAAAAAAAAAAAAAAAAAAAAAAAAA1111111
AAAAAAAAAAAAAAAAAAAAAAAAAAAAAAAAAAAAAAAAAAAAAAAAAAAAAAAAAA111111
AAAAAAAAAAAAAAAAAAAAAAAAAAAAAAAAAAAAAAAAAAAAAAAAAAAAAAAAAAA11111
AAAAAAAAAAAAAAAAAAAAAAAAAAAAAAAAAAAAAAAAAAAAAAAAAAAAAAAAAAAA1111
AAAAAAAAAAAAAAAAAAAAAAAAAAAAAAAAAAAAAAAAAAAAAAAAAAAAAAAAAAAAA111
AAAAAAAAAAAAAAAAAAAAAAAAAAAAAAAAAAAAAAAAAAAAAAAAAAAAAAAAAAAAAA11
AAAAAAAAAAAAAAAAAAAAAAAAAAAAAAAAAAAAAAAAAAAAAAAAAAAAAAAAAAAAAAA1
AAAAAAAAAAAAAAAAAAAAAAAAAAAAAAAAAAAAAAAAAAAAAAAAAAAAAAAAAAAAAAAA
AIIII11IIII1IIIIIIIIIIIIIIIIIIIIIIIIIIIIIIIIIIIIIIIIIIIIIIIIIIII
AAIII111III11IIIIIIIIIIIIIIIIIIIIIIIIIIIIIIIIIIIIIIIIIIIIIIIIIII
AAAII1111II111IIIIIIIIIIIIIIIIIIIIIIIIIIIIIIIIIIIIIIIIIIIIIIIIII
AAAAI11111I111IIIIIIIIIIIIIIIIIIIIIIIIIIIIIIIIIIIIIIIIIIIIIIIIII
AAAAA111111111I1IIIIIIIIIIIIIIIIIIIIIIIIIIIIIIIIIIIIIIIIIIIIIIII
AAAAAA11111111I11IIIIIIIIIIIIIIIIIIIIIIIIIIIIIIIIIIIIIIIIIIIIIII
AAAAAAA1111111I111IIIIIIIIIIIIIIIIIIIIIIIIIIIIIIIIIIIIIIIIIIIIII
AAAAAAAA111111I1111IIIIIIIIIIIIIIIIIIIIIIIIIIIIIIIIIIIIIIIIIIIII
AAAAAAAAA11111111111IIIIIIIIIIIIIIIIIIIIIIIIIIIIIIIIIIIIIIIIIIII
AAAAAAAAAA11111111111IIIIIIIIIIIIIIIIIIIIIIIIIIIIIIIIIIIIIIIIIII
AAAAAAAAAAA11111111111IIIIIIIIIIIIIIIIIIIIIIIIIIIIIIIIIIIIIIIIII
AAAAAAAAAAAA11111111111IIIIIIIIIIIIIIIIIIIIIIIIIIIIIIIIIIIIIIIII
AAAAAAAAAAAAA11111111111IIIIIIIIIIIIIIIIIIIIIIIIIIIIIIIIIIIIIIII
AAAAAAAAAAAAAA11111111111IIIIIIIIIIIIIIIIIIIIIIIIIIIIIIIIIIIIIII
AAAAAAAAAAAAAAA11111111111IIIIIIIIIIIIIIIIIIIIIIIIIIIIIIIIIIIIII
AAAAAAAAAAAAAAAA11111111111IIIIIIIIIIIIIIIIIIIIIIIIIIIIIIIIIIIII
AAAAAAAAAAAAAAAAA11111111111IIIIIIIIIIIIIIIIIIIIIIIIIIIIIIIIIIII
AAAAAAAAAAAAAAAAAA11111111111IIIIIIIIIIIIIIIIIIIIIIIIIIIIIIIIIII
AAAAAAAAAAAAAAAAAAA11111111111IIIIIIIIIIIIIIIIIIIIIIIIIIIIIIIIII
AAAAAAAAAAAAAAAAAAAA11111111111IIIIIIIIIIIIIIIIIIIIIIIIIIIIIIIII
AAAAAAAAAAAAAAAAAAAAA11111111111IIIIIIIIIIIIIIIIIIIIIIIIIIIIIIII
AAAAAAAAAAAAAAAAAAAAAA11111111111IIIIIIIIIIIIIIIIIIIIIIIIIIIIIII
AAAAAAAAAAAAAAAAAAAAAAA11111111111IIIIIIIIIIIIIIIIIIIIIIIIIIIIII
AAAAAAAAAAAAAAAAAAAAAAAA11111111111IIIIIIIIIIIIIIIIIIIIIIIIIIIII
AAAAAAAAAAAAAAAAAAAAAAAAA11111111111IIIIIIIIIIIIIIIIIIIIIIIIIIII
AAAAAAAAAAAAAAAAAAAAAAAAAA11111111111IIIIIIIIIIIIIIIIIIIIIIIIIII
AAAAAAAAAAAAAAAAAAAAAAAAAAA11111111111IIIIIIIIIIIIIIIIIIIIIIIIII
AAAAAAAAAAAAAAAAAAAAAAAAAAAA11111111111IIIIIIIIIIIIIIIIIIIIIIIII
AAAAAAAAAAAAAAAAAAAAAAAAAAAAA11111111111IIIIIIIIIIIIIIIIIIIIIIII
AAAAAAAAAAAAAAAAAAAAAAAAAAAAAA11111111111IIIIIIIIIIIIIIIIIIIIIII
AAAAAAAAAAAAAAAAAAAAAAAAAAAAAAA11111111111IIIIIIIIIIIIIIIIIIIIII
AAAAAAAAAAAAAAAAAAAAAAAAAAAAAAAA11111111111IIIIIIIIIIIIIIIIIIIII
AAAAAAAAAAAAAAAAAAAAAAAAAAAAAAAAA11111111111IIIIIIIIIIIIIIIIIIII
AAAAAAAAAAAAAAAAAAAAAAAAAAAAAAAAAA11111111111IIIIIIIIIIIIIIIIIII
AAAAAAAAAAAAAAAAAAAAAAAAAAAAAAAAAAA11111111111IIIIIIIIIIIIIIIIII
AAAAAAAAAAAAAAAAAAAAAAAAAAAAAAAAAAAA11111111111IIIIIIIIIIIIIIIII
AAAAAAAAAAAAAAAAAAAAAAAAAAAAAAAAAAAAA11111111111IIIIIIIIIIIIIIII
AAAAAAAAAAAAAAAAAAAAAAAAAAAAAAAAAAAAAA11111111111IIIIIIIIIIIIIII
AAAAAAAAAAAAAAAAAAAAAAAAAAAAAAAAAAAAAAA11111111111IIIIIIIIIIIIII
AAAAAAAAAAAAAAAAAAAAAAAAAAAAAAAAAAAAAAAA11111111111IIIIIIIIIIIII
AAAAAAAAAAAAAAAAAAAAAAAAAAAAAAAAAAAAAAAAA11111111111IIIIIIIIIIII
AAAAAAAAAAAAAAAAAAAAAAAAAAAAAAAAAAAAAAAAAA11111111111IIIIIIIIIII
AAAAAAAAAAAAAAAAAAAAAAAAAAAAAAAAAAAAAAAAAAA11111111111IIIIIIIIII
AAAAAAAAAAAAAAAAAAAAAAAAAAAAAAAAAAAAAAAAAAAA11111111111IIIIIIIII
AAAAAAAAAAAAAAAAAAAAAAAAAAAAAAAAAAAAAAAAAAAAA11111111111IIIIIIII
AAAAAAAAAAAAAAAAAAAAAAAAAAAAAAAAAAAAAAAAAAAAAA11111111111IIIIIII
AAAAAAAAAAAAAAAAAAAAAAAAAAAAAAAAAAAAAAAAAAAAAAA11111111111IIIIII
AAAAAAAAAAAAAAAAAAAAAAAAAAAAAAAAAAAAAAAAAAAAAAAA11111111111IIIII
AAAAAAAAAAAAAAAAAAAAAAAAAAAAAAAAAAAAAAAAAAAAAAAAA11111111111IIII
AAAAAAAAAAAAAAAAAAAAAAAAAAAAAAAAAAAAAAAAAAAAAAAAAA11111111111III
AAAAAAAAAAAAAAAAAAAAAAAAAAAAAAAAAAAAAAAAAAAAAAAAAAA11111111111II
AAAAAAAAAAAAAAAAAAAAAAAAAAAAAAAAAAAAAAAAAAAAAAAAAAAA11111111111I
AAAAAAAAAAAAAAAAAAAAAAAAAAAAAAAAAAAAAAAAAAAAAAAAAAAAA11111111111
AAAAAAAAAAAAAAAAAAAAAAAAAAAAAAAAAAAAAAAAAAAAAAAAAAAAAA1111111111
AAAAAAAAAAAAAAAAAAAAAAAAAAAAAAAAAAAAAAAAAAAAAAAAAAAAAAA111111111
AAAAAAAAAAAAAAAAAAAAAAAAAAAAAAAAAAAAAAAAAAAAAAAAAAAAAAAA11111111
AAAAAAAAAAAAAAAAAAAAAAAAAAAAAAAAAAAAAAAAAAAAAAAAAAAAAAAAA1111111
AAAAAAAAAAAAAAAAAAAAAAAAAAAAAAAAAAAAAAAAAAAAAAAAAAAAAAAAAA111111
AAAAAAAAAAAAAAAAAAAAAAAAAAAAAAAAAAAAAAAAAAAAAAAAAAAAAAAAAAA11111
AAAAAAAAAAAAAAAAAAAAAAAAAAAAAAAAAAAAAAAAAAAAAAAAAAAAAAAAAAAA1111
AAAAAAAAAAAAAAAAAAAAAAAAAAAAAAAAAAAAAAAAAAAAAAAAAAAAAAAAAAAAA111
AAAAAAAAAAAAAAAAAAAAAAAAAAAAAAAAAAAAAAAAAAAAAAAAAAAAAAAAAAAAAA11
AAAAAAAAAAAAAAAAAAAAAAAAAAAAAAAAAAAAAAAAAAAAAAAAAAAAAAAAAAAAAAA1
AAAAAAAAAAAAAAAAAAAAAAAAAAAAAAAAAAAAAAAAAAAAAAAAAAAAAAAAAAAAAAAA
AIIII11IIII1IIIIIIIIIIIIIIIIIIIIIIIIIIIIIIIIIIIIIIIIIIIIIIIIIIII
AAIII111III11IIIIIIIIIIIIIIIIIIIIIIIIIIIIIIIIIIIIIIIIIIIIIIIIIII
AAAII1111II111IIIIIIIIIIIIIIIIIIIIIIIIIIIIIIIIIIIIIIIIIIIIIIIIII
AAAAI11111I1111IIIIIIIIIIIIIIIIIIIIIIIIIIIIIIIIIIIIIIIIIIIIIIIII
AAAAA11111111111IIIIIIIIIIIIIIIIIIIIIIIIIIIIIIIIIIIIIIIIIIIIIIII
AAAAAA11111111111IIIIIIIIIIIIIIIIIIIIIIIIIIIIIIIIIIIIIIIIIIIIIII
AAAAAAA11111111111IIIIIIIIIIIIIIIIIIIIIIIIIIIIIIIIIIIIIIIIIIIIII
AAAAAAAA11111111111IIIIIIIIIIIIIIIIIIIIIIIIIIIIIIIIIIIIIIIIIIIII
AAAAAAAAA11111111111IIIIIIIIIIIIIIIIIIIIIIIIIIIIIIIIIIIIIIIIIIII
AAAAAAAAAA11111111111IIIIIIIIIIIIIIIIIIIIIIIIIIIIIIIIIIIIIIIIIII
AAAAAAAAAAA11111111111IIIIIIIIIIIIIIIIIIIIIIIIIIIIIIIIIIIIIIIIII
AAAAAAAAAAAA11111111111IIIIIIIIIIIIIIIIIIIIIIIIIIIIIIIIIIIIIIIII
AAAAAAAAAAAAA11111111111IIIIIIIIIIIIIIIIIIIIIIIIIIIIIIIIIIIIIIII
AAAAAAAAAAAAAA11111111111IIIIIIIIIIIIIIIIIIIIIIIIIIIIIIIIIIIIIII
AAAAAAAAAAAAAAA11111111111IIIIIIIIIIIIIIIIIIIIIIIIIIIIIIIIIIIIII
AAAAAAAAAAAAAAAA11111111111IIIIIIIIIIIIIIIIIIIIIIIIIIIIIIIIIIIII
AAAAAAAAAAAAAAAAA11111111111IIIIIIIIIIIIIIIIIIIIIIIIIIIIIIIIIIII
AAAAAAAAAAAAAAAAAA11111111111IIIIIIIIIIIIIIIIIIIIIIIIIIIIIIIIIII
AAAAAAAAAAAAAAAAAAA11111111111IIIIIIIIIIIIIIIIIIIIIIIIIIIIIIIIII
AAAAAAAAAAAAAAAAAAAA11111111111IIIIIIIIIIIIIIIIIIIIIIIIIIIIIIIII
AAAAAAAAAAAAAAAAAAAAA11111111111IIIIIIIIIIIIIIIIIIIIIIIIIIIIIIII
AAAAAAAAAAAAAAAAAAAAAA11111111111IIIIIIIIIIIIIIIIIIIIIIIIIIIIIII
AAAAAAAAAAAAAAAAAAAAAAA11111111111IIIIIIIIIIIIIIIIIIIIIIIIIIIIII
AAAAAAAAAAAAAAAAAAAAAAAA11111111111IIIIIIIIIIIIIIIIIIIIIIIIIIIII
AAAAAAAAAAAAAAAAAAAAAAAAA11111111111IIIIIIIIIIIIIIIIIIIIIIIIIIII
AAAAAAAAAAAAAAAAAAAAAAAAAA11111111111IIIIIIIIIIIIIIIIIIIIIIIIIII
AAAAAAAAAAAAAAAAAAAAAAAAAAA11111111111IIIIIIIIIIIIIIIIIIIIIIIIII
AAAAAAAAAAAAAAAAAAAAAAAAAAAA11111111111IIIIIIIIIIIIIIIIIIIIIIIII
AAAAAAAAAAAAAAAAAAAAAAAAAAAAA11111111111IIIIIIIIIIIIIIIIIIIIIIII
AAAAAAAAAAAAAAAAAAAAAAAAAAAAAA11111111111IIIIIIIIIIIIIIIIIIIIIII
AAAAAAAAAAAAAAAAAAAAAAAAAAAAAAA11111111111IIIIIIIIIIIIIIIIIIIIII
AAAAAAAAAAAAAAAAAAAAAAAAAAAAAAAA11111111111IIIIIIIIIIIIIIIIIIIII
AAAAAAAAAAAAAAAAAAAAAAAAAAAAAAAAA11111111111IIIIIIIIIIIIIIIIIIII
AAAAAAAAAAAAAAAAAAAAAAAAAAAAAAAAAA11111111111IIIIIIIIIIIIIIIIIII
AAAAAAAAAAAAAAAAAAAAAAAAAAAAAAAAAAA11111111111IIIIIIIIIIIIIIIIII
AAAAAAAAAAAAAAAAAAAAAAAAAAAAAAAAAAAA11111111111IIIIIIIIIIIIIIIII
AAAAAAAAAAAAAAAAAAAAAAAAAAAAAAAAAAAAA11111111111IIIIIIIIIIIIIIII
AAAAAAAAAAAAAAAAAAAAAAAAAAAAAAAAAAAAAA11111111111IIIIIIIIIIIIIII
AAAAAAAAAAAAAAAAAAAAAAAAAAAAAAAAAAAAAAA11111111111IIIIIIIIIIIIII
AAAAAAAAAAAAAAAAAAAAAAAAAAAAAAAAAAAAAAAA11111111111IIIIIIIIIIIII
AAAAAAAAAAAAAAAAAAAAAAAAAAAAAAAAAAAAAAAAA11111111111IIIIIIIIIIII
AAAAAAAAAAAAAAAAAAAAAAAAAAAAAAAAAAAAAAAAAA11111111111IIIIIIIIIII
AAAAAAAAAAAAAAAAAAAAAAAAAAAAAAAAAAAAAAAAAAA11111111111IIIIIIIIII
AAAAAAAAAAAAAAAAAAAAAAAAAAAAAAAAAAAAAAAAAAAA11111111111IIIIIIIII
AAAAAAAAAAAAAAAAAAAAAAAAAAAAAAAAAAAAAAAAAAAAA11111111111IIIIIIII
AAAAAAAAAAAAAAAAAAAAAAAAAAAAAAAAAAAAAAAAAAAAAA11111111111IIIIIII
AAAAAAAAAAAAAAAAAAAAAAAAAAAAAAAAAAAAAAAAAAAAAAA11111111111IIIIII
AAAAAAAAAAAAAAAAAAAAAAAAAAAAAAAAAAAAAAAAAAAAAAAA11111111111IIIII
AAAAAAAAAAAAAAAAAAAAAAAAAAAAAAAAAAAAAAAAAAAAAAAAA11111111111IIII
AAAAAAAAAAAAAAAAAAAAAAAAAAAAAAAAAAAAAAAAAAAAAAAAAA11111111111III
AAAAAAAAAAAAAAAAAAAAAAAAAAAAAAAAAAAAAAAAAAAAAAAAAAA11111111111II
AAAAAAAAAAAAAAAAAAAAAAAAAAAAAAAAAAAAAAAAAAAAAAAAAAAA11111111111I
AAAAAAAAAAAAAAAAAAAAAAAAAAAAAAAAAAAAAAAAAAAAAAAAAAAAA11111111111
AAAAAAAAAAAAAAAAAAAAAAAAAAAAAAAAAAAAAAAAAAAAAAAAAAAAAA1111111111
AAAAAAAAAAAAAAAAAAAAAAAAAAAAAAAAAAAAAAAAAAAAAAAAAAAAAAA111111111
AAAAAAAAAAAAAAAAAAAAAAAAAAAAAAAAAAAAAAAAAAAAAAAAAAAAAAAA11111111
AAAAAAAAAAAAAAAAAAAAAAAAAAAAAAAAAAAAAAAAAAAAAAAAAAAAAAAAA1111111
AAAAAAAAAAAAAAAAAAAAAAAAAAAAAAAAAAAAAAAAAAAAAAAAAAAAAAAAAA111111
AAAAAAAAAAAAAAAAAAAAAAAAAAAAAAAAAAAAAAAAAAAAAAAAAAAAAAAAAAA11111
AAAAAAAAAAAAAAAAAAAAAAAAAAAAAAAAAAAAAAAAAAAAAAAAAAAAAAAAAAAA1111
AAAAAAAAAAAAAAAAAAAAAAAAAAAAAAAAAAAAAAAAAAAAAAAAAAAAAAAAAAAAA111
AAAAAAAAAAAAAAAAAAAAAAAAAAAAAAAAAAAAAAAAAAAAAAAAAAAAAAAAAAAAAA11
AAAAAAAAAAAAAAAAAAAAAAAAAAAAAAAAAAAAAAAAAAAAAAAAAAAAAAAAAAAAAAA1
AAAAAAAAAAAAAAAAAAAAAAAAAAAAAAAAAAAAAAAAAAAAAAAAAAAAAAAAAAAAAAAA
AI12IIIIIIIIIIIIIIIIIIIIIIIIIIIIIIIIIIIIIIIIIIIIIIIIIIIIIIIIIIII
AA112IIIIIIIIIIIIIIIIIIIIIIIIIIIIIIIIIIIIIIIIIIIIIIIIIIIIIIIIIII
AAA112IIIIIIIIIIIIIIIIIIIIIIIIIIIIIIIIIIIIIIIIIIIIIIIIIIIIIIIIII
AAAA112IIIIIIIIIIIIIIIIIIIIIIIIIIIIIIIIIIIIIIIIIIIIIIIIIIIIIIIII
AAAAA112IIIIIIIIIIIIIIIIIIIIIIIIIIIIIIIIIIIIIIIIIIIIIIIIIIIIIIII
AAAAAA112IIIIIIIIIIIIIIIIIIIIIIIIIIIIIIIIIIIIIIIIIIIIIIIIIIIIIII
AAAAAAA112IIIIIIIIIIIIIIIIIIIIIIIIIIIIIIIIIIIIIIIIIIIIIIIIIIIIII
AAAAAAAA112IIIIIIIIIIIIIIIIIIIIIIIIIIIIIIIIIIIIIIIIIIIIIIIIIIIII
AAAAAAAAA112IIIIIIIIIIIIIIIIIIIIIIIIIIIIIIIIIIIIIIIIIIIIIIIIIIII
AAAAAAAAAA112IIIIIIIIIIIIIIIIIIIIIIIIIIIIIIIIIIIIIIIIIIIIIIIIIII
AAAAAAAAAAA112IIIIIIIIIIIIIIIIIIIIIIIIIIIIIIIIIIIIIIIIIIIIIIIIII
AAAAAAAAAAAA112IIIIIIIIIIIIIIIIIIIIIIIIIIIIIIIIIIIIIIIIIIIIIIIII
AAAAAAAAAAAAA112IIIIIIIIIIIIIIIIIIIIIIIIIIIIIIIIIIIIIIIIIIIIIIII
AAAAAAAAAAAAAA112IIIIIIIIIIIIIIIIIIIIIIIIIIIIIIIIIIIIIIIIIIIIIII
AAAAAAAAAAAAAAA112IIIIIIIIIIIIIIIIIIIIIIIIIIIIIIIIIIIIIIIIIIIIII
AAAAAAAAAAAAAAAA112IIIIIIIIIIIIIIIIIIIIIIIIIIIIIIIIIIIIIIIIIIIII
AAAAAAAAAAAAAAAAA112IIIIIIIIIIIIIIIIIIIIIIIIIIIIIIIIIIIIIIIIIIII
AAAAAAAAAAAAAAAAAA112IIIIIIIIIIIIIIIIIIIIIIIIIIIIIIIIIIIIIIIIIII
AAAAAAAAAAAAAAAAAAA112IIIIIIIIIIIIIIIIIIIIIIIIIIIIIIIIIIIIIIIIII
AAAAAAAAAAAAAAAAAAAA112IIIIIIIIIIIIIIIIIIIIIIIIIIIIIIIIIIIIIIIII
AAAAAAAAAAAAAAAAAAAAA112IIIIIIIIIIIIIIIIIIIIIIIIIIIIIIIIIIIIIIII
AAAAAAAAAAAAAAAAAAAAAA112IIIIIIIIIIIIIIIIIIIIIIIIIIIIIIIIIIIIIII
AAAAAAAAAAAAAAAAAAAAAAA112IIIIIIIIIIIIIIIIIIIIIIIIIIIIIIIIIIIIII
AAAAAAAAAAAAAAAAAAAAAAAA112IIIIIIIIIIIIIIIIIIIIIIIIIIIIIIIIIIIII
AAAAAAAAAAAAAAAAAAAAAAAAA112IIIIIIIIIIIIIIIIIIIIIIIIIIIIIIIIIIII
AAAAAAAAAAAAAAAAAAAAAAAAAA112IIIIIIIIIIIIIIIIIIIIIIIIIIIIIIIIIII
AAAAAAAAAAAAAAAAAAAAAAAAAAA112IIIIIIIIIIIIIIIIIIIIIIIIIIIIIIIIII
AAAAAAAAAAAAAAAAAAAAAAAAAAAA112IIIIIIIIIIIIIIIIIIIIIIIIIIIIIIIII
AAAAAAAAAAAAAAAAAAAAAAAAAAAAA112IIIIIIIIIIIIIIIIIIIIIIIIIIIIIIII
AAAAAAAAAAAAAAAAAAAAAAAAAAAAAA112IIIIIIIIIIIIIIIIIIIIIIIIIIIIIII
AAAAAAAAAAAAAAAAAAAAAAAAAAAAAAA112IIIIIIIIIIIIIIIIIIIIIIIIIIIIII
AAAAAAAAAAAAAAAAAAAAAAAAAAAAAAAA112IIIIIIIIIIIIIIIIIIIIIIIIIIIII
AAAAAAAAAAAAAAAAAAAAAAAAAAAAAAAAA112IIIIIIIIIIIIIIIIIIIIIIIIIIII
AAAAAAAAAAAAAAAAAAAAAAAAAAAAAAAAAA112IIIIIIIIIIIIIIIIIIIIIIIIIII
AAAAAAAAAAAAAAAAAAAAAAAAAAAAAAAAAAA112IIIIIIIIIIIIIIIIIIIIIIIIII
AAAAAAAAAAAAAAAAAAAAAAAAAAAAAAAAAAAA112IIIIIIIIIIIIIIIIIIIIIIIII
AAAAAAAAAAAAAAAAAAAAAAAAAAAAAAAAAAAAA112IIIIIIIIIIIIIIIIIIIIIIII
AAAAAAAAAAAAAAAAAAAAAAAAAAAAAAAAAAAAAA112IIIIIIIIIIIIIIIIIIIIIII
AAAAAAAAAAAAAAAAAAAAAAAAAAAAAAAAAAAAAAA112IIIIIIIIIIIIIIIIIIIIII
AAAAAAAAAAAAAAAAAAAAAAAAAAAAAAAAAAAAAAAA112IIIIIIIIIIIIIIIIIIIII
AAAAAAAAAAAAAAAAAAAAAAAAAAAAAAAAAAAAAAAAA112IIIIIIIIIIIIIIIIIIII
AAAAAAAAAAAAAAAAAAAAAAAAAAAAAAAAAAAAAAAAAA112IIIIIIIIIIIIIIIIIII
AAAAAAAAAAAAAAAAAAAAAAAAAAAAAAAAAAAAAAAAAAA112IIIIIIIIIIIIIIIIII
AAAAAAAAAAAAAAAAAAAAAAAAAAAAAAAAAAAAAAAAAAAA112IIIIIIIIIIIIIIIII
AAAAAAAAAAAAAAAAAAAAAAAAAAAAAAAAAAAAAAAAAAAAA112IIIIIIIIIIIIIIII
AAAAAAAAAAAAAAAAAAAAAAAAAAAAAAAAAAAAAAAAAAAAAA112IIIIIIIIIIIIIII
AAAAAAAAAAAAAAAAAAAAAAAAAAAAAAAAAAAAAAAAAAAAAAA112IIIIIIIIIIIIII
AAAAAAAAAAAAAAAAAAAAAAAAAAAAAAAAAAAAAAAAAAAAAAAA112IIIIIIIIIIIII
AAAAAAAAAAAAAAAAAAAAAAAAAAAAAAAAAAAAAAAAAAAAAAAAA112IIIIIIIIIIII
AAAAAAAAAAAAAAAAAAAAAAAAAAAAAAAAAAAAAAAAAAAAAAAAAA112IIIIIIIIIII
AAAAAAAAAAAAAAAAAAAAAAAAAAAAAAAAAAAAAAAAAAAAAAAAAAA112IIIIIIIIII
AAAAAAAAAAAAAAAAAAAAAAAAAAAAAAAAAAAAAAAAAAAAAAAAAAAA112IIIIIIIII
AAAAAAAAAAAAAAAAAAAAAAAAAAAAAAAAAAAAAAAAAAAAAAAAAAAAA112IIIIIIII
AAAAAAAAAAAAAAAAAAAAAAAAAAAAAAAAAAAAAAAAAAAAAAAAAAAAAA112IIIIIII
AAAAAAAAAAAAAAAAAAAAAAAAAAAAAAAAAAAAAAAAAAAAAAAAAAAAAAA112IIIIII
AAAAAAAAAAAAAAAAAAAAAAAAAAAAAAAAAAAAAAAAAAAAAAAAAAAAAAAA112IIIII
AAAAAAAAAAAAAAAAAAAAAAAAAAAAAAAAAAAAAAAAAAAAAAAAAAAAAAAAA112IIII
AAAAAAAAAAAAAAAAAAAAAAAAAAAAAAAAAAAAAAAAAAAAAAAAAAAAAAAAAA112III
AAAAAAAAAAAAAAAAAAAAAAAAAAAAAAAAAAAAAAAAAAAAAAAAAAAAAAAAAAA112II
AAAAAAAAAAAAAAAAAAAAAAAAAAAAAAAAAAAAAAAAAAAAAAAAAAAAAAAAAAAA112I
AAAAAAAAAAAAAAAAAAAAAAAAAAAAAAAAAAAAAAAAAAAAAAAAAAAAAAAAAAAAA112
AAAAAAAAAAAAAAAAAAAAAAAAAAAAAAAAAAAAAAAAAAAAAAAAAAAAAAAAAAAAAA11
AAAAAAAAAAAAAAAAAAAAAAAAAAAAAAAAAAAAAAAAAAAAAAAAAAAAAAAAAAAAAAA1
AAAAAAAAAAAAAAAAAAAAAAAAAAAAAAAAAAAAAAAAAAAAAAAAAAAAAAAAAAAAAAAA
AIIII11IIII1IIIIIIIIIIIIIIIIIIIIIIIIIIIIIIIIIIIIIIIIIIIIIIIIIIII
AAIII111III11IIIIIIIIIIIIIIIIIIIIIIIIIIIIIIIIIIIIIIIIIIIIIIIIIII
AAAII1111II111IIIIIIIIIIIIIIIIIIIIIIIIIIIIIIIIIIIIIIIIIIIIIIIIII
AAAAI11111I111IIIIIIIIIIIIIIIIIIIIIIIIIIIIIIIIIIIIIIIIIIIIIIIIII
AAAAA111111111I1IIIIIIIIIIIIIIIIIIIIIIIIIIIIIIIIIIIIIIIIIIIIIIII
AAAAAA11111111I11IIIIIIIIIIIIIIIIIIIIIIIIIIIIIIIIIIIIIIIIIIIIIII
AAAAAAA1111111I111IIIIIIIIIIIIIIIIIIIIIIIIIIIIIIIIIIIIIIIIIIIIII
AAAAAAAA111111I1111IIIIIIIIIIIIIIIIIIIIIIIIIIIIIIIIIIIIIIIIIIIII
AAAAAAAAA11111111111IIIIIIIIIIIIIIIIIIIIIIIIIIIIIIIIIIIIIIIIIIII
AAAAAAAAAA11111111111IIIIIIIIIIIIIIIIIIIIIIIIIIIIIIIIIIIIIIIIIII
AAAAAAAAAAA11111111111IIIIIIIIIIIIIIIIIIIIIIIIIIIIIIIIIIIIIIIIII
AAAAAAAAAAAA11111111111IIIIIIIIIIIIIIIIIIIIIIIIIIIIIIIIIIIIIIIII
AAAAAAAAAAAAA11111111111IIIIIIIIIIIIIIIIIIIIIIIIIIIIIIIIIIIIIIII
AAAAAAAAAAAAAA11111111111IIIIIIIIIIIIIIIIIIIIIIIIIIIIIIIIIIIIIII
AAAAAAAAAAAAAAA11111111111IIIIIIIIIIIIIIIIIIIIIIIIIIIIIIIIIIIIII
AAAAAAAAAAAAAAAA11111111111IIIIIIIIIIIIIIIIIIIIIIIIIIIIIIIIIIIII
AAAAAAAAAAAAAAAAA11111111111IIIIIIIIIIIIIIIIIIIIIIIIIIIIIIIIIIII
AAAAAAAAAAAAAAAAAA11111111111IIIIIIIIIIIIIIIIIIIIIIIIIIIIIIIIIII
AAAAAAAAAAAAAAAAAAA11111111111IIIIIIIIIIIIIIIIIIIIIIIIIIIIIIIIII
AAAAAAAAAAAAAAAAAAAA11111111111IIIIIIIIIIIIIIIIIIIIIIIIIIIIIIIII
AAAAAAAAAAAAAAAAAAAAA11111111111IIIIIIIIIIIIIIIIIIIIIIIIIIIIIIII
AAAAAAAAAAAAAAAAAAAAAA11111111111IIIIIIIIIIIIIIIIIIIIIIIIIIIIIII
AAAAAAAAAAAAAAAAAAAAAAA11111111111IIIIIIIIIIIIIIIIIIIIIIIIIIIIII
AAAAAAAAAAAAAAAAAAAAAAAA11111111111IIIIIIIIIIIIIIIIIIIIIIIIIIIII
AAAAAAAAAAAAAAAAAAAAAAAAA11111111111IIIIIIIIIIIIIIIIIIIIIIIIIIII
AAAAAAAAAAAAAAAAAAAAAAAAAA11111111111IIIIIIIIIIIIIIIIIIIIIIIIIII
AAAAAAAAAAAAAAAAAAAAAAAAAAA11111111111IIIIIIIIIIIIIIIIIIIIIIIIII
AAAAAAAAAAAAAAAAAAAAAAAAAAAA11111111111IIIIIIIIIIIIIIIIIIIIIIIII
AAAAAAAAAAAAAAAAAAAAAAAAAAAAA11111111111IIIIIIIIIIIIIIIIIIIIIIII
AAAAAAAAAAAAAAAAAAAAAAAAAAAAAA11111111111IIIIIIIIIIIIIIIIIIIIIII
AAAAAAAAAAAAAAAAAAAAAAAAAAAAAAA11111111111IIIIIIIIIIIIIIIIIIIIII
AAAAAAAAAAAAAAAAAAAAAAAAAAAAAAAA11111111111IIIIIIIIIIIIIIIIIIIII
AAAAAAAAAAAAAAAAAAAAAAAAAAAAAAAAA11111111111IIIIIIIIIIIIIIIIIIII
AAAAAAAAAAAAAAAAAAAAAAAAAAAAAAAAAA11111111111IIIIIIIIIIIIIIIIIII
AAAAAAAAAAAAAAAAAAAAAAAAAAAAAAAAAAA11111111111IIIIIIIIIIIIIIIIII
AAAAAAAAAAAAAAAAAAAAAAAAAAAAAAAAAAAA11111111111IIIIIIIIIIIIIIIII
AAAAAAAAAAAAAAAAAAAAAAAAAAAAAAAAAAAAA11111111111IIIIIIIIIIIIIIII
AAAAAAAAAAAAAAAAAAAAAAAAAAAAAAAAAAAAAA11111111111IIIIIIIIIIIIIII
AAAAAAAAAAAAAAAAAAAAAAAAAAAAAAAAAAAAAAA11111111111IIIIIIIIIIIIII
AAAAAAAAAAAAAAAAAAAAAAAAAAAAAAAAAAAAAAAA11111111111IIIIIIIIIIIII
AAAAAAAAAAAAAAAAAAAAAAAAAAAAAAAAAAAAAAAAA11111111111IIIIIIIIIIII
AAAAAAAAAAAAAAAAAAAAAAAAAAAAAAAAAAAAAAAAAA11111111111IIIIIIIIIII
AAAAAAAAAAAAAAAAAAAAAAAAAAAAAAAAAAAAAAAAAAA11111111111IIIIIIIIII
AAAAAAAAAAAAAAAAAAAAAAAAAAAAAAAAAAAAAAAAAAAA11111111111IIIIIIIII
AAAAAAAAAAAAAAAAAAAAAAAAAAAAAAAAAAAAAAAAAAAAA11111111111IIIIIIII
AAAAAAAAAAAAAAAAAAAAAAAAAAAAAAAAAAAAAAAAAAAAAA11111111111IIIIIII
AAAAAAAAAAAAAAAAAAAAAAAAAAAAAAAAAAAAAAAAAAAAAAA11111111111IIIIII
AAAAAAAAAAAAAAAAAAAAAAAAAAAAAAAAAAAAAAAAAAAAAAAA11111111111IIIII
AAAAAAAAAAAAAAAAAAAAAAAAAAAAAAAAAAAAAAAAAAAAAAAAA11111111111IIII
AAAAAAAAAAAAAAAAAAAAAAAAAAAAAAAAAAAAAAAAAAAAAAAAAA11111111111III
AAAAAAAAAAAAAAAAAAAAAAAAAAAAAAAAAAAAAAAAAAAAAAAAAAA11111111111II
AAAAAAAAAAAAAAAAAAAAAAAAAAAAAAAAAAAAAAAAAAAAAAAAAAAA11111111111I
AAAAAAAAAAAAAAAAAAAAAAAAAAAAAAAAAAAAAAAAAAAAAAAAAAAAA11111111111
AAAAAAAAAAAAAAAAAAAAAAAAAAAAAAAAAAAAAAAAAAAAAAAAAAAAAA1111111111
AAAAAAAAAAAAAAAAAAAAAAAAAAAAAAAAAAAAAAAAAAAAAAAAAAAAAAA111111111
AAAAAAAAAAAAAAAAAAAAAAAAAAAAAAAAAAAAAAAAAAAAAAAAAAAAAAAA11111111
AAAAAAAAAAAAAAAAAAAAAAAAAAAAAAAAAAAAAAAAAAAAAAAAAAAAAAAAA1111111
AAAAAAAAAAAAAAAAAAAAAAAAAAAAAAAAAAAAAAAAAAAAAAAAAAAAAAAAAA111111
AAAAAAAAAAAAAAAAAAAAAAAAAAAAAAAAAAAAAAAAAAAAAAAAAAAAAAAAAAA11111
AAAAAAAAAAAAAAAAAAAAAAAAAAAAAAAAAAAAAAAAAAAAAAAAAAAAAAAAAAAA1111
AAAAAAAAAAAAAAAAAAAAAAAAAAAAAAAAAAAAAAAAAAAAAAAAAAAAAAAAAAAAA111
AAAAAAAAAAAAAAAAAAAAAAAAAAAAAAAAAAAAAAAAAAAAAAAAAAAAAAAAAAAAAA11
AAAAAAAAAAAAAAAAAAAAAAAAAAAAAAAAAAAAAAAAAAAAAAAAAAAAAAAAAAAAAAA1
AAAAAAAAAAAAAAAAAAAAAAAAAAAAAAAAAAAAAAAAAAAAAAAAAAAAAAAAAAAAAAAA
AIIII11IIII1IIIIIIIIIIIIIIIIIIIIIIIIIIIIIIIIIIIIIIIIIIIIIIIIIIII
AAIII111III11IIIIIIIIIIIIIIIIIIIIIIIIIIIIIIIIIIIIIIIIIIIIIIIIIII
AAAII1111II111IIIIIIIIIIIIIIIIIIIIIIIIIIIIIIIIIIIIIIIIIIIIIIIIII
AAAAI11111I111IIIIIIIIIIIIIIIIIIIIIIIIIIIIIIIIIIIIIIIIIIIIIIIIII
AAAAA111111111I1IIIIIIIIIIIIIIIIIIIIIIIIIIIIIIIIIIIIIIIIIIIIIIII
AAAAAA11111111I11IIIIIIIIIIIIIIIIIIIIIIIIIIIIIIIIIIIIIIIIIIIIIII
AAAAAAA1111111I111IIIIIIIIIIIIIIIIIIIIIIIIIIIIIIIIIIIIIIIIIIIIII
AAAAAAAA111111I1111IIIIIIIIIIIIIIIIIIIIIIIIIIIIIIIIIIIIIIIIIIIII
AAAAAAAAA11111111111IIIIIIIIIIIIIIIIIIIIIIIIIIIIIIIIIIIIIIIIIIII
AAAAAAAAAA11111111111IIIIIIIIIIIIIIIIIIIIIIIIIIIIIIIIIIIIIIIIIII
AAAAAAAAAAA11111111111IIIIIIIIIIIIIIIIIIIIIIIIIIIIIIIIIIIIIIIIII
AAAAAAAAAAAA11111111111IIIIIIIIIIIIIIIIIIIIIIIIIIIIIIIIIIIIIIIII
AAAAAAAAAAAAA11111111111IIIIIIIIIIIIIIIIIIIIIIIIIIIIIIIIIIIIIIII
AAAAAAAAAAAAAA11111111111IIIIIIIIIIIIIIIIIIIIIIIIIIIIIIIIIIIIIII
AAAAAAAAAAAAAAA11111111111IIIIIIIIIIIIIIIIIIIIIIIIIIIIIIIIIIIIII
AAAAAAAAAAAAAAAA11111111111IIIIIIIIIIIIIIIIIIIIIIIIIIIIIIIIIIIII
AAAAAAAAAAAAAAAAA11111111111IIIIIIIIIIIIIIIIIIIIIIIIIIIIIIIIIIII
AAAAAAAAAAAAAAAAAA11111111111IIIIIIIIIIIIIIIIIIIIIIIIIIIIIIIIIII
AAAAAAAAAAAAAAAAAAA11111111111IIIIIIIIIIIIIIIIIIIIIIIIIIIIIIIIII
AAAAAAAAAAAAAAAAAAAA11111111111IIIIIIIIIIIIIIIIIIIIIIIIIIIIIIIII
AAAAAAAAAAAAAAAAAAAAA11111111111IIIIIIIIIIIIIIIIIIIIIIIIIIIIIIII
AAAAAAAAAAAAAAAAAAAAAA11111111111IIIIIIIIIIIIIIIIIIIIIIIIIIIIIII
AAAAAAAAAAAAAAAAAAAAAAA11111111111IIIIIIIIIIIIIIIIIIIIIIIIIIIIII
AAAAAAAAAAAAAAAAAAAAAAAA11111111111IIIIIIIIIIIIIIIIIIIIIIIIIIIII
AAAAAAAAAAAAAAAAAAAAAAAAA11111111111IIIIIIIIIIIIIIIIIIIIIIIIIIII
AAAAAAAAAAAAAAAAAAAAAAAAAA11111111111IIIIIIIIIIIIIIIIIIIIIIIIIII
AAAAAAAAAAAAAAAAAAAAAAAAAAA11111111111IIIIIIIIIIIIIIIIIIIIIIIIII
AAAAAAAAAAAAAAAAAAAAAAAAAAAA11111111111IIIIIIIIIIIIIIIIIIIIIIIII
AAAAAAAAAAAAAAAAAAAAAAAAAAAAA11111111111IIIIIIIIIIIIIIIIIIIIIIII
AAAAAAAAAAAAAAAAAAAAAAAAAAAAAA11111111111IIIIIIIIIIIIIIIIIIIIIII
AAAAAAAAAAAAAAAAAAAAAAAAAAAAAAA11111111111IIIIIIIIIIIIIIIIIIIIII
AAAAAAAAAAAAAAAAAAAAAAAAAAAAAAAA11111111111IIIIIIIIIIIIIIIIIIIII
AAAAAAAAAAAAAAAAAAAAAAAAAAAAAAAAA11111111111IIIIIIIIIIIIIIIIIIII
AAAAAAAAAAAAAAAAAAAAAAAAAAAAAAAAAA11111111111IIIIIIIIIIIIIIIIIII
AAAAAAAAAAAAAAAAAAAAAAAAAAAAAAAAAAA11111111111IIIIIIIIIIIIIIIIII
AAAAAAAAAAAAAAAAAAAAAAAAAAAAAAAAAAAA11111111111IIIIIIIIIIIIIIIII
AAAAAAAAAAAAAAAAAAAAAAAAAAAAAAAAAAAAA11111111111IIIIIIIIIIIIIIII
AAAAAAAAAAAAAAAAAAAAAAAAAAAAAAAAAAAAAA11111111111IIIIIIIIIIIIIII
AAAAAAAAAAAAAAAAAAAAAAAAAAAAAAAAAAAAAAA11111111111IIIIIIIIIIIIII
AAAAAAAAAAAAAAAAAAAAAAAAAAAAAAAAAAAAAAAA11111111111IIIIIIIIIIIII
AAAAAAAAAAAAAAAAAAAAAAAAAAAAAAAAAAAAAAAAA11111111111IIIIIIIIIIII
AAAAAAAAAAAAAAAAAAAAAAAAAAAAAAAAAAAAAAAAAA11111111111IIIIIIIIIII
AAAAAAAAAAAAAAAAAAAAAAAAAAAAAAAAAAAAAAAAAAA11111111111IIIIIIIIII
AAAAAAAAAAAAAAAAAAAAAAAAAAAAAAAAAAAAAAAAAAAA11111111111IIIIIIIII
AAAAAAAAAAAAAAAAAAAAAAAAAAAAAAAAAAAAAAAAAAAAA11111111111IIIIIIII
AAAAAAAAAAAAAAAAAAAAAAAAAAAAAAAAAAAAAAAAAAAAAA11111111111IIIIIII
AAAAAAAAAAAAAAAAAAAAAAAAAAAAAAAAAAAAAAAAAAAAAAA11111111111IIIIII
AAAAAAAAAAAAAAAAAAAAAAAAAAAAAAAAAAAAAAAAAAAAAAAA11111111111IIIII
AAAAAAAAAAAAAAAAAAAAAAAAAAAAAAAAAAAAAAAAAAAAAAAAA11111111111IIII
AAAAAAAAAAAAAAAAAAAAAAAAAAAAAAAAAAAAAAAAAAAAAAAAAA11111111111III
AAAAAAAAAAAAAAAAAAAAAAAAAAAAAAAAAAAAAAAAAAAAAAAAAAA11111111111II
AAAAAAAAAAAAAAAAAAAAAAAAAAAAAAAAAAAAAAAAAAAAAAAAAAAA11111111111I
AAAAAAAAAAAAAAAAAAAAAAAAAAAAAAAAAAAAAAAAAAAAAAAAAAAAA11111111111
AAAAAAAAAAAAAAAAAAAAAAAAAAAAAAAAAAAAAAAAAAAAAAAAAAAAAA1111111111
AAAAAAAAAAAAAAAAAAAAAAAAAAAAAAAAAAAAAAAAAAAAAAAAAAAAAAA111111111
AAAAAAAAAAAAAAAAAAAAAAAAAAAAAAAAAAAAAAAAAAAAAAAAAAAAAAAA11111111
AAAAAAAAAAAAAAAAAAAAAAAAAAAAAAAAAAAAAAAAAAAAAAAAAAAAAAAAA1111111
AAAAAAAAAAAAAAAAAAAAAAAAAAAAAAAAAAAAAAAAAAAAAAAAAAAAAAAAAA111111
AAAAAAAAAAAAAAAAAAAAAAAAAAAAAAAAAAAAAAAAAAAAAAAAAAAAAAAAAAA11111
AAAAAAAAAAAAAAAAAAAAAAAAAAAAAAAAAAAAAAAAAAAAAAAAAAAAAAAAAAAA1111
AAAAAAAAAAAAAAAAAAAAAAAAAAAAAAAAAAAAAAAAAAAAAAAAAAAAAAAAAAAAA111
AAAAAAAAAAAAAAAAAAAAAAAAAAAAAAAAAAAAAAAAAAAAAAAAAAAAAAAAAAAAAA11
AAAAAAAAAAAAAAAAAAAAAAAAAAAAAAAAAAAAAAAAAAAAAAAAAAAAAAAAAAAAAAA1
AAAAAAAAAAAAAAAAAAAAAAAAAAAAAAAAAAAAAAAAAAAAAAAAAAAAAAAAAAAAAAAA
AI1II1111II11IIIIIIIIIIIIIIIIIIIIIIIIIIIIIIIIIIIIIIIIIIIIIIIIIII
AA11I1111II11IIIIIIIIIIIIIIIIIIIIIIIIIIIIIIIIIIIIIIIIIIIIIIIIIII
AAA1I1111II11IIIIIIIIIIIIIIIIIIIIIIIIIIIIIIIIIIIIIIIIIIIIIIIIIII
AAAAI1111II11IIIIIIIIIIIIIIIIIIIIIIIIIIIIIIIIIIIIIIIIIIIIIIIIIII
AAAA111111111IIIIIIIIIIIIIIIIIIIIIIIIIIIIIIIIIIIIIIIIIIIIIIIIIII
AAAAA11111111II11IIIIIIIIIIIIIIIIIIIIIIIIIIIIIIIIIIIIIIIIIIIIIII
AAAAAA11111111I111IIIIIIIIIIIIIIIIIIIIIIIIIIIIIIIIIIIIIIIIIIIIII
AAAAAAA111111111111IIIIIIIIIIIIIIIIIIIIIIIIIIIIIIIIIIIIIIIIIIIII
AAAAAAAA111111111111IIIIIIIIIIIIIIIIIIIIIIIIIIIIIIIIIIIIIIIIIIII
AAAAAAAAA111111111111IIIIIIIIIIIIIIIIIIIIIIIIIIIIIIIIIIIIIIIIIII
AAAAAAAAAA111111111111IIIIIIIIIIIIIIIIIIIIIIIIIIIIIIIIIIIIIIIIII
AAAAAAAAAAA111111111111IIIIIIIIIIIIIIIIIIIIIIIIIIIIIIIIIIIIIIIII
AAAAAAAAAAAA111111111111IIIIIIIIIIIIIIIIIIIIIIIIIIIIIIIIIIIIIIII
AAAAAAAAAAAAA111111111111IIIIIIIIIIIIIIIIIIIIIIIIIIIIIIIIIIIIIII
AAAAAAAAAAAAAA111111111111IIIIIIIIIIIIIIIIIIIIIIIIIIIIIIIIIIIIII
AAAAAAAAAAAAAAA111111111111IIIIIIIIIIIIIIIIIIIIIIIIIIIIIIIIIIIII
AAAAAAAAAAAAAAAA111111111111IIIIIIIIIIIIIIIIIIIIIIIIIIIIIIIIIIII
AAAAAAAAAAAAAAAAA111111111111IIIIIIIIIIIIIIIIIIIIIIIIIIIIIIIIIII
AAAAAAAAAAAAAAAAAA111111111111IIIIIIIIIIIIIIIIIIIIIIIIIIIIIIIIII
AAAAAAAAAAAAAAAAAAA111111111111IIIIIIIIIIIIIIIIIIIIIIIIIIIIIIIII
AAAAAAAAAAAAAAAAAAAA111111111111IIIIIIIIIIIIIIIIIIIIIIIIIIIIIIII
AAAAAAAAAAAAAAAAAAAAA111111111111IIIIIIIIIIIIIIIIIIIIIIIIIIIIIII
AAAAAAAAAAAAAAAAAAAAAA111111111111IIIIIIIIIIIIIIIIIIIIIIIIIIIIII
AAAAAAAAAAAAAAAAAAAAAAA111111111111IIIIIIIIIIIIIIIIIIIIIIIIIIIII
AAAAAAAAAAAAAAAAAAAAAAAA111111111111IIIIIIIIIIIIIIIIIIIIIIIIIIII
AAAAAAAAAAAAAAAAAAAAAAAAA111111111111IIIIIIIIIIIIIIIIIIIIIIIIIII
AAAAAAAAAAAAAAAAAAAAAAAAAA111111111111IIIIIIIIIIIIIIIIIIIIIIIIII
AAAAAAAAAAAAAAAAAAAAAAAAAAA111111111111IIIIIIIIIIIIIIIIIIIIIIIII
AAAAAAAAAAAAAAAAAAAAAAAAAAAA111111111111IIIIIIIIIIIIIIIIIIIIIIII
AAAAAAAAAAAAAAAAAAAAAAAAAAAAA111111111111IIIIIIIIIIIIIIIIIIIIIII
AAAAAAAAAAAAAAAAAAAAAAAAAAAAAA111111111111IIIIIIIIIIIIIIIIIIIIII
AAAAAAAAAAAAAAAAAAAAAAAAAAAAAAA111111111111IIIIIIIIIIIIIIIIIIIII
AAAAAAAAAAAAAAAAAAAAAAAAAAAAAAAA111111111111IIIIIIIIIIIIIIIIIIII
AAAAAAAAAAAAAAAAAAAAAAAAAAAAAAAAA111111111111IIIIIIIIIIIIIIIIIII
AAAAAAAAAAAAAAAAAAAAAAAAAAAAAAAAAA111111111111IIIIIIIIIIIIIIIIII
AAAAAAAAAAAAAAAAAAAAAAAAAAAAAAAAAAA111111111111IIIIIIIIIIIIIIIII
AAAAAAAAAAAAAAAAAAAAAAAAAAAAAAAAAAAA111111111111IIIIIIIIIIIIIIII
AAAAAAAAAAAAAAAAAAAAAAAAAAAAAAAAAAAAA111111111111IIIIIIIIIIIIIII
AAAAAAAAAAAAAAAAAAAAAAAAAAAAAAAAAAAAAA111111111111IIIIIIIIIIIIII
AAAAAAAAAAAAAAAAAAAAAAAAAAAAAAAAAAAAAAA111111111111IIIIIIIIIIIII
AAAAAAAAAAAAAAAAAAAAAAAAAAAAAAAAAAAAAAAA111111111111IIIIIIIIIIII
AAAAAAAAAAAAAAAAAAAAAAAAAAAAAAAAAAAAAAAAA111111111111IIIIIIIIIII
AAAAAAAAAAAAAAAAAAAAAAAAAAAAAAAAAAAAAAAAAA111111111111IIIIIIIIII
AAAAAAAAAAAAAAAAAAAAAAAAAAAAAAAAAAAAAAAAAAA111111111111IIIIIIIII
AAAAAAAAAAAAAAAAAAAAAAAAAAAAAAAAAAAAAAAAAAAA111111111111IIIIIIII
AAAAAAAAAAAAAAAAAAAAAAAAAAAAAAAAAAAAAAAAAAAAA111111111111IIIIIII
AAAAAAAAAAAAAAAAAAAAAAAAAAAAAAAAAAAAAAAAAAAAAA111111111111IIIIII
AAAAAAAAAAAAAAAAAAAAAAAAAAAAAAAAAAAAAAAAAAAAAAA111111111111IIIII
AAAAAAAAAAAAAAAAAAAAAAAAAAAAAAAAAAAAAAAAAAAAAAAA111111111111IIII
AAAAAAAAAAAAAAAAAAAAAAAAAAAAAAAAAAAAAAAAAAAAAAAAA111111111111III
AAAAAAAAAAAAAAAAAAAAAAAAAAAAAAAAAAAAAAAAAAAAAAAAAA111111111111II
AAAAAAAAAAAAAAAAAAAAAAAAAAAAAAAAAAAAAAAAAAAAAAAAAAA111111111111I
AAAAAAAAAAAAAAAAAAAAAAAAAAAAAAAAAAAAAAAAAAAAAAAAAAAA111111111111
AAAAAAAAAAAAAAAAAAAAAAAAAAAAAAAAAAAAAAAAAAAAAAAAAAAAA11111111111
AAAAAAAAAAAAAAAAAAAAAAAAAAAAAAAAAAAAAAAAAAAAAAAAAAAAAA1111111111
AAAAAAAAAAAAAAAAAAAAAAAAAAAAAAAAAAAAAAAAAAAAAAAAAAAAAAA111111111
AAAAAAAAAAAAAAAAAAAAAAAAAAAAAAAAAAAAAAAAAAAAAAAAAAAAAAAA11111111
AAAAAAAAAAAAAAAAAAAAAAAAAAAAAAAAAAAAAAAAAAAAAAAAAAAAAAAAA1111111
AAAAAAAAAAAAAAAAAAAAAAAAAAAAAAAAAAAAAAAAAAAAAAAAAAAAAAAAAA111111
AAAAAAAAAAAAAAAAAAAAAAAAAAAAAAAAAAAAAAAAAAAAAAAAAAAAAAAAAAA11111
AAAAAAAAAAAAAAAAAAAAAAAAAAAAAAAAAAAAAAAAAAAAAAAAAAAAAAAAAAAA1111
AAAAAAAAAAAAAAAAAAAAAAAAAAAAAAAAAAAAAAAAAAAAAAAAAAAAAAAAAAAAA111
AAAAAAAAAAAAAAAAAAAAAAAAAAAAAAAAAAAAAAAAAAAAAAAAAAAAAAAAAAAAAA11
AAAAAAAAAAAAAAAAAAAAAAAAAAAAAAAAAAAAAAAAAAAAAAAAAAAAAAAAAAAAAAA1
AAAAAAAAAAAAAAAAAAAAAAAAAAAAAAAAAAAAAAAAAAAAAAAAAAAAAAAAAAAAAAAA
AI12IIIIIIIIIIIIIIIIIIIIIIIIIIIIIIIIIIIIIIIIIIIIIIIIIIIIIIIIIIII
AA112IIIIIIIIIIIIIIIIIIIIIIIIIIIIIIIIIIIIIIIIIIIIIIIIIIIIIIIIIII
AAA112IIIIIIIIIIIIIIIIIIIIIIIIIIIIIIIIIIIIIIIIIIIIIIIIIIIIIIIIII
AAAA112IIIIIIIIIIIIIIIIIIIIIIIIIIIIIIIIIIIIIIIIIIIIIIIIIIIIIIIII
AAAAA112IIIIIIIIIIIIIIIIIIIIIIIIIIIIIIIIIIIIIIIIIIIIIIIIIIIIIIII
AAAAAA112IIIIIIIIIIIIIIIIIIIIIIIIIIIIIIIIIIIIIIIIIIIIIIIIIIIIIII
AAAAAAA112IIIIIIIIIIIIIIIIIIIIIIIIIIIIIIIIIIIIIIIIIIIIIIIIIIIIII
AAAAAAAA112IIIIIIIIIIIIIIIIIIIIIIIIIIIIIIIIIIIIIIIIIIIIIIIIIIIII
AAAAAAAAA112IIIIIIIIIIIIIIIIIIIIIIIIIIIIIIIIIIIIIIIIIIIIIIIIIIII
AAAAAAAAAA112IIIIIIIIIIIIIIIIIIIIIIIIIIIIIIIIIIIIIIIIIIIIIIIIIII
AAAAAAAAAAA112IIIIIIIIIIIIIIIIIIIIIIIIIIIIIIIIIIIIIIIIIIIIIIIIII
AAAAAAAAAAAA112IIIIIIIIIIIIIIIIIIIIIIIIIIIIIIIIIIIIIIIIIIIIIIIII
AAAAAAAAAAAAA112IIIIIIIIIIIIIIIIIIIIIIIIIIIIIIIIIIIIIIIIIIIIIIII
AAAAAAAAAAAAAA112IIIIIIIIIIIIIIIIIIIIIIIIIIIIIIIIIIIIIIIIIIIIIII
AAAAAAAAAAAAAAA112IIIIIIIIIIIIIIIIIIIIIIIIIIIIIIIIIIIIIIIIIIIIII
AAAAAAAAAAAAAAAA112IIIIIIIIIIIIIIIIIIIIIIIIIIIIIIIIIIIIIIIIIIIII
AAAAAAAAAAAAAAAAA112IIIIIIIIIIIIIIIIIIIIIIIIIIIIIIIIIIIIIIIIIIII
AAAAAAAAAAAAAAAAAA112IIIIIIIIIIIIIIIIIIIIIIIIIIIIIIIIIIIIIIIIIII
AAAAAAAAAAAAAAAAAAA112IIIIIIIIIIIIIIIIIIIIIIIIIIIIIIIIIIIIIIIIII
AAAAAAAAAAAAAAAAAAAA112IIIIIIIIIIIIIIIIIIIIIIIIIIIIIIIIIIIIIIIII
AAAAAAAAAAAAAAAAAAAAA112IIIIIIIIIIIIIIIIIIIIIIIIIIIIIIIIIIIIIIII
AAAAAAAAAAAAAAAAAAAAAA112IIIIIIIIIIIIIIIIIIIIIIIIIIIIIIIIIIIIIII
AAAAAAAAAAAAAAAAAAAAAAA112IIIIIIIIIIIIIIIIIIIIIIIIIIIIIIIIIIIIII
AAAAAAAAAAAAAAAAAAAAAAAA112IIIIIIIIIIIIIIIIIIIIIIIIIIIIIIIIIIIII
AAAAAAAAAAAAAAAAAAAAAAAAA112IIIIIIIIIIIIIIIIIIIIIIIIIIIIIIIIIIII
AAAAAAAAAAAAAAAAAAAAAAAAAA112IIIIIIIIIIIIIIIIIIIIIIIIIIIIIIIIIII
AAAAAAAAAAAAAAAAAAAAAAAAAAA112IIIIIIIIIIIIIIIIIIIIIIIIIIIIIIIIII
AAAAAAAAAAAAAAAAAAAAAAAAAAAA112IIIIIIIIIIIIIIIIIIIIIIIIIIIIIIIII
AAAAAAAAAAAAAAAAAAAAAAAAAAAAA112IIIIIIIIIIIIIIIIIIIIIIIIIIIIIIII
AAAAAAAAAAAAAAAAAAAAAAAAAAAAAA112IIIIIIIIIIIIIIIIIIIIIIIIIIIIIII
AAAAAAAAAAAAAAAAAAAAAAAAAAAAAAA112IIIIIIIIIIIIIIIIIIIIIIIIIIIIII
AAAAAAAAAAAAAAAAAAAAAAAAAAAAAAAA112IIIIIIIIIIIIIIIIIIIIIIIIIIIII
AAAAAAAAAAAAAAAAAAAAAAAAAAAAAAAAA112IIIIIIIIIIIIIIIIIIIIIIIIIIII
AAAAAAAAAAAAAAAAAAAAAAAAAAAAAAAAAA112IIIIIIIIIIIIIIIIIIIIIIIIIII
AAAAAAAAAAAAAAAAAAAAAAAAAAAAAAAAAAA112IIIIIIIIIIIIIIIIIIIIIIIIII
AAAAAAAAAAAAAAAAAAAAAAAAAAAAAAAAAAAA112IIIIIIIIIIIIIIIIIIIIIIIII
AAAAAAAAAAAAAAAAAAAAAAAAAAAAAAAAAAAAA112IIIIIIIIIIIIIIIIIIIIIIII
AAAAAAAAAAAAAAAAAAAAAAAAAAAAAAAAAAAAAA112IIIIIIIIIIIIIIIIIIIIIII
AAAAAAAAAAAAAAAAAAAAAAAAAAAAAAAAAAAAAAA112IIIIIIIIIIIIIIIIIIIIII
AAAAAAAAAAAAAAAAAAAAAAAAAAAAAAAAAAAAAAAA112IIIIIIIIIIIIIIIIIIIII
AAAAAAAAAAAAAAAAAAAAAAAAAAAAAAAAAAAAAAAAA112IIIIIIIIIIIIIIIIIIII
AAAAAAAAAAAAAAAAAAAAAAAAAAAAAAAAAAAAAAAAAA112IIIIIIIIIIIIIIIIIII
AAAAAAAAAAAAAAAAAAAAAAAAAAAAAAAAAAAAAAAAAAA112IIIIIIIIIIIIIIIIII
AAAAAAAAAAAAAAAAAAAAAAAAAAAAAAAAAAAAAAAAAAAA112IIIIIIIIIIIIIIIII
AAAAAAAAAAAAAAAAAAAAAAAAAAAAAAAAAAAAAAAAAAAAA112IIIIIIIIIIIIIIII
AAAAAAAAAAAAAAAAAAAAAAAAAAAAAAAAAAAAAAAAAAAAAA112IIIIIIIIIIIIIII
AAAAAAAAAAAAAAAAAAAAAAAAAAAAAAAAAAAAAAAAAAAAAAA112IIIIIIIIIIIIII
AAAAAAAAAAAAAAAAAAAAAAAAAAAAAAAAAAAAAAAAAAAAAAAA112IIIIIIIIIIIII
AAAAAAAAAAAAAAAAAAAAAAAAAAAAAAAAAAAAAAAAAAAAAAAAA112IIIIIIIIIIII
AAAAAAAAAAAAAAAAAAAAAAAAAAAAAAAAAAAAAAAAAAAAAAAAAA112IIIIIIIIIII
AAAAAAAAAAAAAAAAAAAAAAAAAAAAAAAAAAAAAAAAAAAAAAAAAAA112IIIIIIIIII
AAAAAAAAAAAAAAAAAAAAAAAAAAAAAAAAAAAAAAAAAAAAAAAAAAAA112IIIIIIIII
AAAAAAAAAAAAAAAAAAAAAAAAAAAAAAAAAAAAAAAAAAAAAAAAAAAAA112IIIIIIII
AAAAAAAAAAAAAAAAAAAAAAAAAAAAAAAAAAAAAAAAAAAAAAAAAAAAAA112IIIIIII
AAAAAAAAAAAAAAAAAAAAAAAAAAAAAAAAAAAAAAAAAAAAAAAAAAAAAAA112IIIIII
AAAAAAAAAAAAAAAAAAAAAAAAAAAAAAAAAAAAAAAAAAAAAAAAAAAAAAAA112IIIII
AAAAAAAAAAAAAAAAAAAAAAAAAAAAAAAAAAAAAAAAAAAAAAAAAAAAAAAAA112IIII
AAAAAAAAAAAAAAAAAAAAAAAAAAAAAAAAAAAAAAAAAAAAAAAAAAAAAAAAAA112III
AAAAAAAAAAAAAAAAAAAAAAAAAAAAAAAAAAAAAAAAAAAAAAAAAAAAAAAAAAA112II
AAAAAAAAAAAAAAAAAAAAAAAAAAAAAAAAAAAAAAAAAAAAAAAAAAAAAAAAAAAA112I
AAAAAAAAAAAAAAAAAAAAAAAAAAAAAAAAAAAAAAAAAAAAAAAAAAAAAAAAAAAAA112
AAAAAAAAAAAAAAAAAAAAAAAAAAAAAAAAAAAAAAAAAAAAAAAAAAAAAAAAAAAAAA11
AAAAAAAAAAAAAAAAAAAAAAAAAAAAAAAAAAAAAAAAAAAAAAAAAAAAAAAAAAAAAAA1
AAAAAAAAAAAAAAAAAAAAAAAAAAAAAAAAAAAAAAAAAAAAAAAAAAAAAAAAAAAAAAAA
AIIII11IIII1IIIIIIIIIIIIIIIIIIIIIIIIIIIIIIIIIIIIIIIIIIIIIIIIIIII
AAIII111III11IIIIIIIIIIIIIIIIIIIIIIIIIIIIIIIIIIIIIIIIIIIIIIIIIII
AAAII1111II111IIIIIIIIIIIIIIIIIIIIIIIIIIIIIIIIIIIIIIIIIIIIIIIIII
AAAAI11111I1111IIIIIIIIIIIIIIIIIIIIIIIIIIIIIIIIIIIIIIIIIIIIIIIII
AAAAA11111111111IIIIIIIIIIIIIIIIIIIIIIIIIIIIIIIIIIIIIIIIIIIIIIII
AAAAAA11111111111IIIIIIIIIIIIIIIIIIIIIIIIIIIIIIIIIIIIIIIIIIIIIII
AAAAAAA11111111111IIIIIIIIIIIIIIIIIIIIIIIIIIIIIIIIIIIIIIIIIIIIII
AAAAAAAA11111111111IIIIIIIIIIIIIIIIIIIIIIIIIIIIIIIIIIIIIIIIIIIII
AAAAAAAAA11111111111IIIIIIIIIIIIIIIIIIIIIIIIIIIIIIIIIIIIIIIIIIII
AAAAAAAAAA11111111111IIIIIIIIIIIIIIIIIIIIIIIIIIIIIIIIIIIIIIIIIII
AAAAAAAAAAA11111111111IIIIIIIIIIIIIIIIIIIIIIIIIIIIIIIIIIIIIIIIII
AAAAAAAAAAAA11111111111IIIIIIIIIIIIIIIIIIIIIIIIIIIIIIIIIIIIIIIII
AAAAAAAAAAAAA11111111111IIIIIIIIIIIIIIIIIIIIIIIIIIIIIIIIIIIIIIII
AAAAAAAAAAAAAA11111111111IIIIIIIIIIIIIIIIIIIIIIIIIIIIIIIIIIIIIII
AAAAAAAAAAAAAAA11111111111IIIIIIIIIIIIIIIIIIIIIIIIIIIIIIIIIIIIII
AAAAAAAAAAAAAAAA11111111111IIIIIIIIIIIIIIIIIIIIIIIIIIIIIIIIIIIII
AAAAAAAAAAAAAAAAA11111111111IIIIIIIIIIIIIIIIIIIIIIIIIIIIIIIIIIII
AAAAAAAAAAAAAAAAAA11111111111IIIIIIIIIIIIIIIIIIIIIIIIIIIIIIIIIII
AAAAAAAAAAAAAAAAAAA11111111111IIIIIIIIIIIIIIIIIIIIIIIIIIIIIIIIII
AAAAAAAAAAAAAAAAAAAA11111111111IIIIIIIIIIIIIIIIIIIIIIIIIIIIIIIII
AAAAAAAAAAAAAAAAAAAAA11111111111IIIIIIIIIIIIIIIIIIIIIIIIIIIIIIII
AAAAAAAAAAAAAAAAAAAAAA11111111111IIIIIIIIIIIIIIIIIIIIIIIIIIIIIII
AAAAAAAAAAAAAAAAAAAAAAA11111111111IIIIIIIIIIIIIIIIIIIIIIIIIIIIII
AAAAAAAAAAAAAAAAAAAAAAAA11111111111IIIIIIIIIIIIIIIIIIIIIIIIIIIII
AAAAAAAAAAAAAAAAAAAAAAAAA11111111111IIIIIIIIIIIIIIIIIIIIIIIIIIII
AAAAAAAAAAAAAAAAAAAAAAAAAA11111111111IIIIIIIIIIIIIIIIIIIIIIIIIII
AAAAAAAAAAAAAAAAAAAAAAAAAAA11111111111IIIIIIIIIIIIIIIIIIIIIIIIII
AAAAAAAAAAAAAAAAAAAAAAAAAAAA11111111111IIIIIIIIIIIIIIIIIIIIIIIII
AAAAAAAAAAAAAAAAAAAAAAAAAAAAA11111111111IIIIIIIIIIIIIIIIIIIIIIII
AAAAAAAAAAAAAAAAAAAAAAAAAAAAAA11111111111IIIIIIIIIIIIIIIIIIIIIII
AAAAAAAAAAAAAAAAAAAAAAAAAAAAAAA11111111111IIIIIIIIIIIIIIIIIIIIII
AAAAAAAAAAAAAAAAAAAAAAAAAAAAAAAA11111111111IIIIIIIIIIIIIIIIIIIII
AAAAAAAAAAAAAAAAAAAAAAAAAAAAAAAAA11111111111IIIIIIIIIIIIIIIIIIII
AAAAAAAAAAAAAAAAAAAAAAAAAAAAAAAAAA11111111111IIIIIIIIIIIIIIIIIII
AAAAAAAAAAAAAAAAAAAAAAAAAAAAAAAAAAA11111111111IIIIIIIIIIIIIIIIII
AAAAAAAAAAAAAAAAAAAAAAAAAAAAAAAAAAAA11111111111IIIIIIIIIIIIIIIII
AAAAAAAAAAAAAAAAAAAAAAAAAAAAAAAAAAAAA11111111111IIIIIIIIIIIIIIII
AAAAAAAAAAAAAAAAAAAAAAAAAAAAAAAAAAAAAA11111111111IIIIIIIIIIIIIII
AAAAAAAAAAAAAAAAAAAAAAAAAAAAAAAAAAAAAAA11111111111IIIIIIIIIIIIII
AAAAAAAAAAAAAAAAAAAAAAAAAAAAAAAAAAAAAAAA11111111111IIIIIIIIIIIII
AAAAAAAAAAAAAAAAAAAAAAAAAAAAAAAAAAAAAAAAA11111111111IIIIIIIIIIII
AAAAAAAAAAAAAAAAAAAAAAAAAAAAAAAAAAAAAAAAAA11111111111IIIIIIIIIII
AAAAAAAAAAAAAAAAAAAAAAAAAAAAAAAAAAAAAAAAAAA11111111111IIIIIIIIII
AAAAAAAAAAAAAAAAAAAAAAAAAAAAAAAAAAAAAAAAAAAA11111111111IIIIIIIII
AAAAAAAAAAAAAAAAAAAAAAAAAAAAAAAAAAAAAAAAAAAAA11111111111IIIIIIII
AAAAAAAAAAAAAAAAAAAAAAAAAAAAAAAAAAAAAAAAAAAAAA11111111111IIIIIII
AAAAAAAAAAAAAAAAAAAAAAAAAAAAAAAAAAAAAAAAAAAAAAA11111111111IIIIII
AAAAAAAAAAAAAAAAAAAAAAAAAAAAAAAAAAAAAAAAAAAAAAAA11111111111IIIII
AAAAAAAAAAAAAAAAAAAAAAAAAAAAAAAAAAAAAAAAAAAAAAAAA11111111111IIII
AAAAAAAAAAAAAAAAAAAAAAAAAAAAAAAAAAAAAAAAAAAAAAAAAA11111111111III
AAAAAAAAAAAAAAAAAAAAAAAAAAAAAAAAAAAAAAAAAAAAAAAAAAA11111111111II
AAAAAAAAAAAAAAAAAAAAAAAAAAAAAAAAAAAAAAAAAAAAAAAAAAAA11111111111I
AAAAAAAAAAAAAAAAAAAAAAAAAAAAAAAAAAAAAAAAAAAAAAAAAAAAA11111111111
AAAAAAAAAAAAAAAAAAAAAAAAAAAAAAAAAAAAAAAAAAAAAAAAAAAAAA1111111111
AAAAAAAAAAAAAAAAAAAAAAAAAAAAAAAAAAAAAAAAAAAAAAAAAAAAAAA111111111
AAAAAAAAAAAAAAAAAAAAAAAAAAAAAAAAAAAAAAAAAAAAAAAAAAAAAAAA11111111
AAAAAAAAAAAAAAAAAAAAAAAAAAAAAAAAAAAAAAAAAAAAAAAAAAAAAAAAA1111111
AAAAAAAAAAAAAAAAAAAAAAAAAAAAAAAAAAAAAAAAAAAAAAAAAAAAAAAAAA111111
AAAAAAAAAAAAAAAAAAAAAAAAAAAAAAAAAAAAAAAAAAAAAAAAAAAAAAAAAAA11111
AAAAAAAAAAAAAAAAAAAAAAAAAAAAAAAAAAAAAAAAAAAAAAAAAAAAAAAAAAAA1111
AAAAAAAAAAAAAAAAAAAAAAAAAAAAAAAAAAAAAAAAAAAAAAAAAAAAAAAAAAAAA111
AAAAAAAAAAAAAAAAAAAAAAAAAAAAAAAAAAAAAAAAAAAAAAAAAAAAAAAAAAAAAA11
AAAAAAAAAAAAAAAAAAAAAAAAAAAAAAAAAAAAAAAAAAAAAAAAAAAAAAAAAAAAAAA1
AAAAAAAAAAAAAAAAAAAAAAAAAAAAAAAAAAAAAAAAAAAAAAAAAAAAAAAAAAAAAAAA
AI12IIIIIIIIIIIIIIIIIIIIIIIIIIIIIIIIIIIIIIIIIIIIIIIIIIIIIIIIIIII
AA112IIIIIIIIIIIIIIIIIIIIIIIIIIIIIIIIIIIIIIIIIIIIIIIIIIIIIIIIIII
AAA112IIIIIIIIIIIIIIIIIIIIIIIIIIIIIIIIIIIIIIIIIIIIIIIIIIIIIIIIII
AAAA112IIIIIIIIIIIIIIIIIIIIIIIIIIIIIIIIIIIIIIIIIIIIIIIIIIIIIIIII
AAAAA112IIIIIIIIIIIIIIIIIIIIIIIIIIIIIIIIIIIIIIIIIIIIIIIIIIIIIIII
AAAAAA112IIIIIIIIIIIIIIIIIIIIIIIIIIIIIIIIIIIIIIIIIIIIIIIIIIIIIII
AAAAAAA112IIIIIIIIIIIIIIIIIIIIIIIIIIIIIIIIIIIIIIIIIIIIIIIIIIIIII
AAAAAAAA112IIIIIIIIIIIIIIIIIIIIIIIIIIIIIIIIIIIIIIIIIIIIIIIIIIIII
AAAAAAAAA112IIIIIIIIIIIIIIIIIIIIIIIIIIIIIIIIIIIIIIIIIIIIIIIIIIII
AAAAAAAAAA112IIIIIIIIIIIIIIIIIIIIIIIIIIIIIIIIIIIIIIIIIIIIIIIIIII
AAAAAAAAAAA112IIIIIIIIIIIIIIIIIIIIIIIIIIIIIIIIIIIIIIIIIIIIIIIIII
AAAAAAAAAAAA112IIIIIIIIIIIIIIIIIIIIIIIIIIIIIIIIIIIIIIIIIIIIIIIII
AAAAAAAAAAAAA112IIIIIIIIIIIIIIIIIIIIIIIIIIIIIIIIIIIIIIIIIIIIIIII
AAAAAAAAAAAAAA112IIIIIIIIIIIIIIIIIIIIIIIIIIIIIIIIIIIIIIIIIIIIIII
AAAAAAAAAAAAAAA112IIIIIIIIIIIIIIIIIIIIIIIIIIIIIIIIIIIIIIIIIIIIII
AAAAAAAAAAAAAAAA112IIIIIIIIIIIIIIIIIIIIIIIIIIIIIIIIIIIIIIIIIIIII
AAAAAAAAAAAAAAAAA112IIIIIIIIIIIIIIIIIIIIIIIIIIIIIIIIIIIIIIIIIIII
AAAAAAAAAAAAAAAAAA112IIIIIIIIIIIIIIIIIIIIIIIIIIIIIIIIIIIIIIIIIII
AAAAAAAAAAAAAAAAAAA112IIIIIIIIIIIIIIIIIIIIIIIIIIIIIIIIIIIIIIIIII
AAAAAAAAAAAAAAAAAAAA112IIIIIIIIIIIIIIIIIIIIIIIIIIIIIIIIIIIIIIIII
AAAAAAAAAAAAAAAAAAAAA112IIIIIIIIIIIIIIIIIIIIIIIIIIIIIIIIIIIIIIII
AAAAAAAAAAAAAAAAAAAAAA112IIIIIIIIIIIIIIIIIIIIIIIIIIIIIIIIIIIIIII
AAAAAAAAAAAAAAAAAAAAAAA112IIIIIIIIIIIIIIIIIIIIIIIIIIIIIIIIIIIIII
AAAAAAAAAAAAAAAAAAAAAAAA112IIIIIIIIIIIIIIIIIIIIIIIIIIIIIIIIIIIII
AAAAAAAAAAAAAAAAAAAAAAAAA112IIIIIIIIIIIIIIIIIIIIIIIIIIIIIIIIIIII
AAAAAAAAAAAAAAAAAAAAAAAAAA112IIIIIIIIIIIIIIIIIIIIIIIIIIIIIIIIIII
AAAAAAAAAAAAAAAAAAAAAAAAAAA112IIIIIIIIIIIIIIIIIIIIIIIIIIIIIIIIII
AAAAAAAAAAAAAAAAAAAAAAAAAAAA112IIIIIIIIIIIIIIIIIIIIIIIIIIIIIIIII
AAAAAAAAAAAAAAAAAAAAAAAAAAAAA112IIIIIIIIIIIIIIIIIIIIIIIIIIIIIIII
AAAAAAAAAAAAAAAAAAAAAAAAAAAAAA112IIIIIIIIIIIIIIIIIIIIIIIIIIIIIII
AAAAAAAAAAAAAAAAAAAAAAAAAAAAAAA112IIIIIIIIIIIIIIIIIIIIIIIIIIIIII
AAAAAAAAAAAAAAAAAAAAAAAAAAAAAAAA112IIIIIIIIIIIIIIIIIIIIIIIIIIIII
AAAAAAAAAAAAAAAAAAAAAAAAAAAAAAAAA112IIIIIIIIIIIIIIIIIIIIIIIIIIII
AAAAAAAAAAAAAAAAAAAAAAAAAAAAAAAAAA112IIIIIIIIIIIIIIIIIIIIIIIIIII
AAAAAAAAAAAAAAAAAAAAAAAAAAAAAAAAAAA112IIIIIIIIIIIIIIIIIIIIIIIIII
AAAAAAAAAAAAAAAAAAAAAAAAAAAAAAAAAAAA112IIIIIIIIIIIIIIIIIIIIIIIII
AAAAAAAAAAAAAAAAAAAAAAAAAAAAAAAAAAAAA112IIIIIIIIIIIIIIIIIIIIIIII
AAAAAAAAAAAAAAAAAAAAAAAAAAAAAAAAAAAAAA112IIIIIIIIIIIIIIIIIIIIIII
AAAAAAAAAAAAAAAAAAAAAAAAAAAAAAAAAAAAAAA112IIIIIIIIIIIIIIIIIIIIII
AAAAAAAAAAAAAAAAAAAAAAAAAAAAAAAAAAAAAAAA112IIIIIIIIIIIIIIIIIIIII
AAAAAAAAAAAAAAAAAAAAAAAAAAAAAAAAAAAAAAAAA112IIIIIIIIIIIIIIIIIIII
AAAAAAAAAAAAAAAAAAAAAAAAAAAAAAAAAAAAAAAAAA112IIIIIIIIIIIIIIIIIII
AAAAAAAAAAAAAAAAAAAAAAAAAAAAAAAAAAAAAAAAAAA112IIIIIIIIIIIIIIIIII
AAAAAAAAAAAAAAAAAAAAAAAAAAAAAAAAAAAAAAAAAAAA112IIIIIIIIIIIIIIIII
AAAAAAAAAAAAAAAAAAAAAAAAAAAAAAAAAAAAAAAAAAAAA112IIIIIIIIIIIIIIII
AAAAAAAAAAAAAAAAAAAAAAAAAAAAAAAAAAAAAAAAAAAAAA112IIIIIIIIIIIIIII
AAAAAAAAAAAAAAAAAAAAAAAAAAAAAAAAAAAAAAAAAAAAAAA112IIIIIIIIIIIIII
AAAAAAAAAAAAAAAAAAAAAAAAAAAAAAAAAAAAAAAAAAAAAAAA112IIIIIIIIIIIII
AAAAAAAAAAAAAAAAAAAAAAAAAAAAAAAAAAAAAAAAAAAAAAAAA112IIIIIIIIIIII
AAAAAAAAAAAAAAAAAAAAAAAAAAAAAAAAAAAAAAAAAAAAAAAAAA112IIIIIIIIIII
AAAAAAAAAAAAAAAAAAAAAAAAAAAAAAAAAAAAAAAAAAAAAAAAAAA112IIIIIIIIII
AAAAAAAAAAAAAAAAAAAAAAAAAAAAAAAAAAAAAAAAAAAAAAAAAAAA112IIIIIIIII
AAAAAAAAAAAAAAAAAAAAAAAAAAAAAAAAAAAAAAAAAAAAAAAAAAAAA112IIIIIIII
AAAAAAAAAAAAAAAAAAAAAAAAAAAAAAAAAAAAAAAAAAAAAAAAAAAAAA112IIIIIII
AAAAAAAAAAAAAAAAAAAAAAAAAAAAAAAAAAAAAAAAAAAAAAAAAAAAAAA112IIIIII
AAAAAAAAAAAAAAAAAAAAAAAAAAAAAAAAAAAAAAAAAAAAAAAAAAAAAAAA112IIIII
AAAAAAAAAAAAAAAAAAAAAAAAAAAAAAAAAAAAAAAAAAAAAAAAAAAAAAAAA112IIII
AAAAAAAAAAAAAAAAAAAAAAAAAAAAAAAAAAAAAAAAAAAAAAAAAAAAAAAAAA112III
AAAAAAAAAAAAAAAAAAAAAAAAAAAAAAAAAAAAAAAAAAAAAAAAAAAAAAAAAAA112II
AAAAAAAAAAAAAAAAAAAAAAAAAAAAAAAAAAAAAAAAAAAAAAAAAAAAAAAAAAAA112I
AAAAAAAAAAAAAAAAAAAAAAAAAAAAAAAAAAAAAAAAAAAAAAAAAAAAAAAAAAAAA112
AAAAAAAAAAAAAAAAAAAAAAAAAAAAAAAAAAAAAAAAAAAAAAAAAAAAAAAAAAAAAA11
AAAAAAAAAAAAAAAAAAAAAAAAAAAAAAAAAAAAAAAAAAAAAAAAAAAAAAAAAAAAAAA1
AAAAAAAAAAAAAAAAAAAAAAAAAAAAAAAAAAAAAAAAAAAAAAAAAAAAAAAAAAAAAAAA
AIIII11IIII1IIIIIIIIIIIIIIIIIIIIIIIIIIIIIIIIIIIIIIIIIIIIIIIIIIII
AAIII111III11IIIIIIIIIIIIIIIIIIIIIIIIIIIIIIIIIIIIIIIIIIIIIIIIIII
AAAII1111II111IIIIIIIIIIIIIIIIIIIIIIIIIIIIIIIIIIIIIIIIIIIIIIIIII
AAAAI11111I111IIIIIIIIIIIIIIIIIIIIIIIIIIIIIIIIIIIIIIIIIIIIIIIIII
AAAAA111111111I1IIIIIIIIIIIIIIIIIIIIIIIIIIIIIIIIIIIIIIIIIIIIIIII
AAAAAA11111111I11IIIIIIIIIIIIIIIIIIIIIIIIIIIIIIIIIIIIIIIIIIIIIII
AAAAAAA1111111I111IIIIIIIIIIIIIIIIIIIIIIIIIIIIIIIIIIIIIIIIIIIIII
AAAAAAAA111111I1111IIIIIIIIIIIIIIIIIIIIIIIIIIIIIIIIIIIIIIIIIIIII
AAAAAAAAA11111111111IIIIIIIIIIIIIIIIIIIIIIIIIIIIIIIIIIIIIIIIIIII
AAAAAAAAAA11111111111IIIIIIIIIIIIIIIIIIIIIIIIIIIIIIIIIIIIIIIIIII
AAAAAAAAAAA11111111111IIIIIIIIIIIIIIIIIIIIIIIIIIIIIIIIIIIIIIIIII
AAAAAAAAAAAA11111111111IIIIIIIIIIIIIIIIIIIIIIIIIIIIIIIIIIIIIIIII
AAAAAAAAAAAAA11111111111IIIIIIIIIIIIIIIIIIIIIIIIIIIIIIIIIIIIIIII
AAAAAAAAAAAAAA11111111111IIIIIIIIIIIIIIIIIIIIIIIIIIIIIIIIIIIIIII
AAAAAAAAAAAAAAA11111111111IIIIIIIIIIIIIIIIIIIIIIIIIIIIIIIIIIIIII
AAAAAAAAAAAAAAAA11111111111IIIIIIIIIIIIIIIIIIIIIIIIIIIIIIIIIIIII
AAAAAAAAAAAAAAAAA11111111111IIIIIIIIIIIIIIIIIIIIIIIIIIIIIIIIIIII
AAAAAAAAAAAAAAAAAA11111111111IIIIIIIIIIIIIIIIIIIIIIIIIIIIIIIIIII
AAAAAAAAAAAAAAAAAAA11111111111IIIIIIIIIIIIIIIIIIIIIIIIIIIIIIIIII
AAAAAAAAAAAAAAAAAAAA11111111111IIIIIIIIIIIIIIIIIIIIIIIIIIIIIIIII
AAAAAAAAAAAAAAAAAAAAA11111111111IIIIIIIIIIIIIIIIIIIIIIIIIIIIIIII
AAAAAAAAAAAAAAAAAAAAAA11111111111IIIIIIIIIIIIIIIIIIIIIIIIIIIIIII
AAAAAAAAAAAAAAAAAAAAAAA11111111111IIIIIIIIIIIIIIIIIIIIIIIIIIIIII
AAAAAAAAAAAAAAAAAAAAAAAA11111111111IIIIIIIIIIIIIIIIIIIIIIIIIIIII
AAAAAAAAAAAAAAAAAAAAAAAAA11111111111IIIIIIIIIIIIIIIIIIIIIIIIIIII
AAAAAAAAAAAAAAAAAAAAAAAAAA11111111111IIIIIIIIIIIIIIIIIIIIIIIIIII
AAAAAAAAAAAAAAAAAAAAAAAAAAA11111111111IIIIIIIIIIIIIIIIIIIIIIIIII
AAAAAAAAAAAAAAAAAAAAAAAAAAAA11111111111IIIIIIIIIIIIIIIIIIIIIIIII
AAAAAAAAAAAAAAAAAAAAAAAAAAAAA11111111111IIIIIIIIIIIIIIIIIIIIIIII
AAAAAAAAAAAAAAAAAAAAAAAAAAAAAA11111111111IIIIIIIIIIIIIIIIIIIIIII
AAAAAAAAAAAAAAAAAAAAAAAAAAAAAAA11111111111IIIIIIIIIIIIIIIIIIIIII
AAAAAAAAAAAAAAAAAAAAAAAAAAAAAAAA11111111111IIIIIIIIIIIIIIIIIIIII
AAAAAAAAAAAAAAAAAAAAAAAAAAAAAAAAA11111111111IIIIIIIIIIIIIIIIIIII
AAAAAAAAAAAAAAAAAAAAAAAAAAAAAAAAAA11111111111IIIIIIIIIIIIIIIIIII
AAAAAAAAAAAAAAAAAAAAAAAAAAAAAAAAAAA11111111111IIIIIIIIIIIIIIIIII
AAAAAAAAAAAAAAAAAAAAAAAAAAAAAAAAAAAA11111111111IIIIIIIIIIIIIIIII
AAAAAAAAAAAAAAAAAAAAAAAAAAAAAAAAAAAAA11111111111IIIIIIIIIIIIIIII
AAAAAAAAAAAAAAAAAAAAAAAAAAAAAAAAAAAAAA11111111111IIIIIIIIIIIIIII
AAAAAAAAAAAAAAAAAAAAAAAAAAAAAAAAAAAAAAA11111111111IIIIIIIIIIIIII
AAAAAAAAAAAAAAAAAAAAAAAAAAAAAAAAAAAAAAAA11111111111IIIIIIIIIIIII
AAAAAAAAAAAAAAAAAAAAAAAAAAAAAAAAAAAAAAAAA11111111111IIIIIIIIIIII
AAAAAAAAAAAAAAAAAAAAAAAAAAAAAAAAAAAAAAAAAA11111111111IIIIIIIIIII
AAAAAAAAAAAAAAAAAAAAAAAAAAAAAAAAAAAAAAAAAAA11111111111IIIIIIIIII
AAAAAAAAAAAAAAAAAAAAAAAAAAAAAAAAAAAAAAAAAAAA11111111111IIIIIIIII
AAAAAAAAAAAAAAAAAAAAAAAAAAAAAAAAAAAAAAAAAAAAA11111111111IIIIIIII
AAAAAAAAAAAAAAAAAAAAAAAAAAAAAAAAAAAAAAAAAAAAAA11111111111IIIIIII
AAAAAAAAAAAAAAAAAAAAAAAAAAAAAAAAAAAAAAAAAAAAAAA11111111111IIIIII
AAAAAAAAAAAAAAAAAAAAAAAAAAAAAAAAAAAAAAAAAAAAAAAA11111111111IIIII
AAAAAAAAAAAAAAAAAAAAAAAAAAAAAAAAAAAAAAAAAAAAAAAAA11111111111IIII
AAAAAAAAAAAAAAAAAAAAAAAAAAAAAAAAAAAAAAAAAAAAAAAAAA11111111111III
AAAAAAAAAAAAAAAAAAAAAAAAAAAAAAAAAAAAAAAAAAAAAAAAAAA11111111111II
AAAAAAAAAAAAAAAAAAAAAAAAAAAAAAAAAAAAAAAAAAAAAAAAAAAA11111111111I
AAAAAAAAAAAAAAAAAAAAAAAAAAAAAAAAAAAAAAAAAAAAAAAAAAAAA11111111111
AAAAAAAAAAAAAAAAAAAAAAAAAAAAAAAAAAAAAAAAAAAAAAAAAAAAAA1111111111
AAAAAAAAAAAAAAAAAAAAAAAAAAAAAAAAAAAAAAAAAAAAAAAAAAAAAAA111111111
AAAAAAAAAAAAAAAAAAAAAAAAAAAAAAAAAAAAAAAAAAAAAAAAAAAAAAAA11111111
AAAAAAAAAAAAAAAAAAAAAAAAAAAAAAAAAAAAAAAAAAAAAAAAAAAAAAAAA1111111
AAAAAAAAAAAAAAAAAAAAAAAAAAAAAAAAAAAAAAAAAAAAAAAAAAAAAAAAAA111111
AAAAAAAAAAAAAAAAAAAAAAAAAAAAAAAAAAAAAAAAAAAAAAAAAAAAAAAAAAA11111
AAAAAAAAAAAAAAAAAAAAAAAAAAAAAAAAAAAAAAAAAAAAAAAAAAAAAAAAAAAA1111
AAAAAAAAAAAAAAAAAAAAAAAAAAAAAAAAAAAAAAAAAAAAAAAAAAAAAAAAAAAAA111
AAAAAAAAAAAAAAAAAAAAAAAAAAAAAAAAAAAAAAAAAAAAAAAAAAAAAAAAAAAAAA11
AAAAAAAAAAAAAAAAAAAAAAAAAAAAAAAAAAAAAAAAAAAAAAAAAAAAAAAAAAAAAAA1
AAAAAAAAAAAAAAAAAAAAAAAAAAAAAAAAAAAAAAAAAAAAAAAAAAAAAAAAAAAAAAAA
AI12IIIIIIIIIIIIIIIIIIIIIIIIIIIIIIIIIIIIIIIIIIIIIIIIIIIIIIIIIIII
AA112IIIIIIIIIIIIIIIIIIIIIIIIIIIIIIIIIIIIIIIIIIIIIIIIIIIIIIIIIII
AAA112IIIIIIIIIIIIIIIIIIIIIIIIIIIIIIIIIIIIIIIIIIIIIIIIIIIIIIIIII
AAAA112IIIIIIIIIIIIIIIIIIIIIIIIIIIIIIIIIIIIIIIIIIIIIIIIIIIIIIIII
AAAAA112IIIIIIIIIIIIIIIIIIIIIIIIIIIIIIIIIIIIIIIIIIIIIIIIIIIIIIII
AAAAAA112IIIIIIIIIIIIIIIIIIIIIIIIIIIIIIIIIIIIIIIIIIIIIIIIIIIIIII
AAAAAAA112IIIIIIIIIIIIIIIIIIIIIIIIIIIIIIIIIIIIIIIIIIIIIIIIIIIIII
AAAAAAAA112IIIIIIIIIIIIIIIIIIIIIIIIIIIIIIIIIIIIIIIIIIIIIIIIIIIII
AAAAAAAAA112IIIIIIIIIIIIIIIIIIIIIIIIIIIIIIIIIIIIIIIIIIIIIIIIIIII
AAAAAAAAAA112IIIIIIIIIIIIIIIIIIIIIIIIIIIIIIIIIIIIIIIIIIIIIIIIIII
AAAAAAAAAAA112IIIIIIIIIIIIIIIIIIIIIIIIIIIIIIIIIIIIIIIIIIIIIIIIII
AAAAAAAAAAAA112IIIIIIIIIIIIIIIIIIIIIIIIIIIIIIIIIIIIIIIIIIIIIIIII
AAAAAAAAAAAAA112IIIIIIIIIIIIIIIIIIIIIIIIIIIIIIIIIIIIIIIIIIIIIIII
AAAAAAAAAAAAAA112IIIIIIIIIIIIIIIIIIIIIIIIIIIIIIIIIIIIIIIIIIIIIII
AAAAAAAAAAAAAAA112IIIIIIIIIIIIIIIIIIIIIIIIIIIIIIIIIIIIIIIIIIIIII
AAAAAAAAAAAAAAAA112IIIIIIIIIIIIIIIIIIIIIIIIIIIIIIIIIIIIIIIIIIIII
AAAAAAAAAAAAAAAAA112IIIIIIIIIIIIIIIIIIIIIIIIIIIIIIIIIIIIIIIIIIII
AAAAAAAAAAAAAAAAAA112IIIIIIIIIIIIIIIIIIIIIIIIIIIIIIIIIIIIIIIIIII
AAAAAAAAAAAAAAAAAAA112IIIIIIIIIIIIIIIIIIIIIIIIIIIIIIIIIIIIIIIIII
AAAAAAAAAAAAAAAAAAAA112IIIIIIIIIIIIIIIIIIIIIIIIIIIIIIIIIIIIIIIII
AAAAAAAAAAAAAAAAAAAAA112IIIIIIIIIIIIIIIIIIIIIIIIIIIIIIIIIIIIIIII
AAAAAAAAAAAAAAAAAAAAAA112IIIIIIIIIIIIIIIIIIIIIIIIIIIIIIIIIIIIIII
AAAAAAAAAAAAAAAAAAAAAAA112IIIIIIIIIIIIIIIIIIIIIIIIIIIIIIIIIIIIII
AAAAAAAAAAAAAAAAAAAAAAAA112IIIIIIIIIIIIIIIIIIIIIIIIIIIIIIIIIIIII
AAAAAAAAAAAAAAAAAAAAAAAAA112IIIIIIIIIIIIIIIIIIIIIIIIIIIIIIIIIIII
AAAAAAAAAAAAAAAAAAAAAAAAAA112IIIIIIIIIIIIIIIIIIIIIIIIIIIIIIIIIII
AAAAAAAAAAAAAAAAAAAAAAAAAAA112IIIIIIIIIIIIIIIIIIIIIIIIIIIIIIIIII
AAAAAAAAAAAAAAAAAAAAAAAAAAAA112IIIIIIIIIIIIIIIIIIIIIIIIIIIIIIIII
AAAAAAAAAAAAAAAAAAAAAAAAAAAAA112IIIIIIIIIIIIIIIIIIIIIIIIIIIIIIII
AAAAAAAAAAAAAAAAAAAAAAAAAAAAAA112IIIIIIIIIIIIIIIIIIIIIIIIIIIIIII
AAAAAAAAAAAAAAAAAAAAAAAAAAAAAAA112IIIIIIIIIIIIIIIIIIIIIIIIIIIIII
AAAAAAAAAAAAAAAAAAAAAAAAAAAAAAAA112IIIIIIIIIIIIIIIIIIIIIIIIIIIII
AAAAAAAAAAAAAAAAAAAAAAAAAAAAAAAAA112IIIIIIIIIIIIIIIIIIIIIIIIIIII
AAAAAAAAAAAAAAAAAAAAAAAAAAAAAAAAAA112IIIIIIIIIIIIIIIIIIIIIIIIIII
AAAAAAAAAAAAAAAAAAAAAAAAAAAAAAAAAAA112IIIIIIIIIIIIIIIIIIIIIIIIII
AAAAAAAAAAAAAAAAAAAAAAAAAAAAAAAAAAAA112IIIIIIIIIIIIIIIIIIIIIIIII
AAAAAAAAAAAAAAAAAAAAAAAAAAAAAAAAAAAAA112IIIIIIIIIIIIIIIIIIIIIIII
AAAAAAAAAAAAAAAAAAAAAAAAAAAAAAAAAAAAAA112IIIIIIIIIIIIIIIIIIIIIII
AAAAAAAAAAAAAAAAAAAAAAAAAAAAAAAAAAAAAAA112IIIIIIIIIIIIIIIIIIIIII
AAAAAAAAAAAAAAAAAAAAAAAAAAAAAAAAAAAAAAAA112IIIIIIIIIIIIIIIIIIIII
AAAAAAAAAAAAAAAAAAAAAAAAAAAAAAAAAAAAAAAAA112IIIIIIIIIIIIIIIIIIII
AAAAAAAAAAAAAAAAAAAAAAAAAAAAAAAAAAAAAAAAAA112IIIIIIIIIIIIIIIIIII
AAAAAAAAAAAAAAAAAAAAAAAAAAAAAAAAAAAAAAAAAAA112IIIIIIIIIIIIIIIIII
AAAAAAAAAAAAAAAAAAAAAAAAAAAAAAAAAAAAAAAAAAAA112IIIIIIIIIIIIIIIII
AAAAAAAAAAAAAAAAAAAAAAAAAAAAAAAAAAAAAAAAAAAAA112IIIIIIIIIIIIIIII
AAAAAAAAAAAAAAAAAAAAAAAAAAAAAAAAAAAAAAAAAAAAAA112IIIIIIIIIIIIIII
AAAAAAAAAAAAAAAAAAAAAAAAAAAAAAAAAAAAAAAAAAAAAAA112IIIIIIIIIIIIII
AAAAAAAAAAAAAAAAAAAAAAAAAAAAAAAAAAAAAAAAAAAAAAAA112IIIIIIIIIIIII
AAAAAAAAAAAAAAAAAAAAAAAAAAAAAAAAAAAAAAAAAAAAAAAAA112IIIIIIIIIIII
AAAAAAAAAAAAAAAAAAAAAAAAAAAAAAAAAAAAAAAAAAAAAAAAAA112IIIIIIIIIII
AAAAAAAAAAAAAAAAAAAAAAAAAAAAAAAAAAAAAAAAAAAAAAAAAAA112IIIIIIIIII
AAAAAAAAAAAAAAAAAAAAAAAAAAAAAAAAAAAAAAAAAAAAAAAAAAAA112IIIIIIIII
AAAAAAAAAAAAAAAAAAAAAAAAAAAAAAAAAAAAAAAAAAAAAAAAAAAAA112IIIIIIII
AAAAAAAAAAAAAAAAAAAAAAAAAAAAAAAAAAAAAAAAAAAAAAAAAAAAAA112IIIIIII
AAAAAAAAAAAAAAAAAAAAAAAAAAAAAAAAAAAAAAAAAAAAAAAAAAAAAAA112IIIIII
AAAAAAAAAAAAAAAAAAAAAAAAAAAAAAAAAAAAAAAAAAAAAAAAAAAAAAAA112IIIII
AAAAAAAAAAAAAAAAAAAAAAAAAAAAAAAAAAAAAAAAAAAAAAAAAAAAAAAAA112IIII
AAAAAAAAAAAAAAAAAAAAAAAAAAAAAAAAAAAAAAAAAAAAAAAAAAAAAAAAAA112III
AAAAAAAAAAAAAAAAAAAAAAAAAAAAAAAAAAAAAAAAAAAAAAAAAAAAAAAAAAA112II
AAAAAAAAAAAAAAAAAAAAAAAAAAAAAAAAAAAAAAAAAAAAAAAAAAAAAAAAAAAA112I
AAAAAAAAAAAAAAAAAAAAAAAAAAAAAAAAAAAAAAAAAAAAAAAAAAAAAAAAAAAAA112
AAAAAAAAAAAAAAAAAAAAAAAAAAAAAAAAAAAAAAAAAAAAAAAAAAAAAAAAAAAAAA11
AAAAAAAAAAAAAAAAAAAAAAAAAAAAAAAAAAAAAAAAAAAAAAAAAAAAAAAAAAAAAAA1
AAAAAAAAAAAAAAAAAAAAAAAAAAAAAAAAAAAAAAAAAAAAAAAAAAAAAAAAAAAAAAAA
AI1II1111II1IIIIIIIIIIIIIIIIIIIIIIIIIIIIIIIIIIIIIIIIIIIIIIIIIIII
AA11I11111I1IIIIIIIIIIIIIIIIIIIIIIIIIIIIIIIIIIIIIIIIIIIIIIIIIIII
AAA1I11111I1IIIIIIIIIIIIIIIIIIIIIIIIIIIIIIIIIIIIIIIIIIIIIIIIIIII
AAAAI11111I1IIIIIIIIIIIIIIIIIIIIIIIIIIIIIIIIIIIIIIIIIIIIIIIIIIII
AAAA11111111I1IIIIIIIIIIIIIIIIIIIIIIIIIIIIIIIIIIIIIIIIIIIIIIIIII
AAAAA111111111I1IIIIIIIIIIIIIIIIIIIIIIIIIIIIIIIIIIIIIIIIIIIIIIII
AAAAAA11111111I11IIIIIIIIIIIIIIIIIIIIIIIIIIIIIIIIIIIIIIIIIIIIIII
AAAAAAA11111111111IIIIIIIIIIIIIIIIIIIIIIIIIIIIIIIIIIIIIIIIIIIIII
AAAAAAAA11111111111IIIIIIIIIIIIIIIIIIIIIIIIIIIIIIIIIIIIIIIIIIIII
AAAAAAAAA11111111111IIIIIIIIIIIIIIIIIIIIIIIIIIIIIIIIIIIIIIIIIIII
AAAAAAAAAA11111111111IIIIIIIIIIIIIIIIIIIIIIIIIIIIIIIIIIIIIIIIIII
AAAAAAAAAAA11111111111IIIIIIIIIIIIIIIIIIIIIIIIIIIIIIIIIIIIIIIIII
AAAAAAAAAAAA11111111111IIIIIIIIIIIIIIIIIIIIIIIIIIIIIIIIIIIIIIIII
AAAAAAAAAAAAA11111111111IIIIIIIIIIIIIIIIIIIIIIIIIIIIIIIIIIIIIIII
AAAAAAAAAAAAAA11111111111IIIIIIIIIIIIIIIIIIIIIIIIIIIIIIIIIIIIIII
AAAAAAAAAAAAAAA11111111111IIIIIIIIIIIIIIIIIIIIIIIIIIIIIIIIIIIIII
AAAAAAAAAAAAAAAA11111111111IIIIIIIIIIIIIIIIIIIIIIIIIIIIIIIIIIIII
AAAAAAAAAAAAAAAAA11111111111IIIIIIIIIIIIIIIIIIIIIIIIIIIIIIIIIIII
AAAAAAAAAAAAAAAAAA11111111111IIIIIIIIIIIIIIIIIIIIIIIIIIIIIIIIIII
AAAAAAAAAAAAAAAAAAA11111111111IIIIIIIIIIIIIIIIIIIIIIIIIIIIIIIIII
AAAAAAAAAAAAAAAAAAAA11111111111IIIIIIIIIIIIIIIIIIIIIIIIIIIIIIIII
AAAAAAAAAAAAAAAAAAAAA11111111111IIIIIIIIIIIIIIIIIIIIIIIIIIIIIIII
AAAAAAAAAAAAAAAAAAAAAA11111111111IIIIIIIIIIIIIIIIIIIIIIIIIIIIIII
AAAAAAAAAAAAAAAAAAAAAAA11111111111IIIIIIIIIIIIIIIIIIIIIIIIIIIIII
AAAAAAAAAAAAAAAAAAAAAAAA11111111111IIIIIIIIIIIIIIIIIIIIIIIIIIIII
AAAAAAAAAAAAAAAAAAAAAAAAA11111111111IIIIIIIIIIIIIIIIIIIIIIIIIIII
AAAAAAAAAAAAAAAAAAAAAAAAAA11111111111IIIIIIIIIIIIIIIIIIIIIIIIIII
AAAAAAAAAAAAAAAAAAAAAAAAAAA11111111111IIIIIIIIIIIIIIIIIIIIIIIIII
AAAAAAAAAAAAAAAAAAAAAAAAAAAA11111111111IIIIIIIIIIIIIIIIIIIIIIIII
AAAAAAAAAAAAAAAAAAAAAAAAAAAAA11111111111IIIIIIIIIIIIIIIIIIIIIIII
AAAAAAAAAAAAAAAAAAAAAAAAAAAAAA11111111111IIIIIIIIIIIIIIIIIIIIIII
AAAAAAAAAAAAAAAAAAAAAAAAAAAAAAA11111111111IIIIIIIIIIIIIIIIIIIIII
AAAAAAAAAAAAAAAAAAAAAAAAAAAAAAAA11111111111IIIIIIIIIIIIIIIIIIIII
AAAAAAAAAAAAAAAAAAAAAAAAAAAAAAAAA11111111111IIIIIIIIIIIIIIIIIIII
AAAAAAAAAAAAAAAAAAAAAAAAAAAAAAAAAA11111111111IIIIIIIIIIIIIIIIIII
AAAAAAAAAAAAAAAAAAAAAAAAAAAAAAAAAAA11111111111IIIIIIIIIIIIIIIIII
AAAAAAAAAAAAAAAAAAAAAAAAAAAAAAAAAAAA11111111111IIIIIIIIIIIIIIIII
AAAAAAAAAAAAAAAAAAAAAAAAAAAAAAAAAAAAA11111111111IIIIIIIIIIIIIIII
AAAAAAAAAAAAAAAAAAAAAAAAAAAAAAAAAAAAAA11111111111IIIIIIIIIIIIIII
AAAAAAAAAAAAAAAAAAAAAAAAAAAAAAAAAAAAAAA11111111111IIIIIIIIIIIIII
AAAAAAAAAAAAAAAAAAAAAAAAAAAAAAAAAAAAAAAA11111111111IIIIIIIIIIIII
AAAAAAAAAAAAAAAAAAAAAAAAAAAAAAAAAAAAAAAAA11111111111IIIIIIIIIIII
AAAAAAAAAAAAAAAAAAAAAAAAAAAAAAAAAAAAAAAAAA11111111111IIIIIIIIIII
AAAAAAAAAAAAAAAAAAAAAAAAAAAAAAAAAAAAAAAAAAA11111111111IIIIIIIIII
AAAAAAAAAAAAAAAAAAAAAAAAAAAAAAAAAAAAAAAAAAAA11111111111IIIIIIIII
AAAAAAAAAAAAAAAAAAAAAAAAAAAAAAAAAAAAAAAAAAAAA11111111111IIIIIIII
AAAAAAAAAAAAAAAAAAAAAAAAAAAAAAAAAAAAAAAAAAAAAA11111111111IIIIIII
AAAAAAAAAAAAAAAAAAAAAAAAAAAAAAAAAAAAAAAAAAAAAAA11111111111IIIIII
AAAAAAAAAAAAAAAAAAAAAAAAAAAAAAAAAAAAAAAAAAAAAAAA11111111111IIIII
AAAAAAAAAAAAAAAAAAAAAAAAAAAAAAAAAAAAAAAAAAAAAAAAA11111111111IIII
AAAAAAAAAAAAAAAAAAAAAAAAAAAAAAAAAAAAAAAAAAAAAAAAAA11111111111III
AAAAAAAAAAAAAAAAAAAAAAAAAAAAAAAAAAAAAAAAAAAAAAAAAAA11111111111II
AAAAAAAAAAAAAAAAAAAAAAAAAAAAAAAAAAAAAAAAAAAAAAAAAAAA11111111111I
AAAAAAAAAAAAAAAAAAAAAAAAAAAAAAAAAAAAAAAAAAAAAAAAAAAAA11111111111
AAAAAAAAAAAAAAAAAAAAAAAAAAAAAAAAAAAAAAAAAAAAAAAAAAAAAA1111111111
AAAAAAAAAAAAAAAAAAAAAAAAAAAAAAAAAAAAAAAAAAAAAAAAAAAAAAA111111111
AAAAAAAAAAAAAAAAAAAAAAAAAAAAAAAAAAAAAAAAAAAAAAAAAAAAAAAA11111111
AAAAAAAAAAAAAAAAAAAAAAAAAAAAAAAAAAAAAAAAAAAAAAAAAAAAAAAAA1111111
AAAAAAAAAAAAAAAAAAAAAAAAAAAAAAAAAAAAAAAAAAAAAAAAAAAAAAAAAA111111
AAAAAAAAAAAAAAAAAAAAAAAAAAAAAAAAAAAAAAAAAAAAAAAAAAAAAAAAAAA11111
AAAAAAAAAAAAAAAAAAAAAAAAAAAAAAAAAAAAAAAAAAAAAAAAAAAAAAAAAAAA1111
AAAAAAAAAAAAAAAAAAAAAAAAAAAAAAAAAAAAAAAAAAAAAAAAAAAAAAAAAAAAA111
AAAAAAAAAAAAAAAAAAAAAAAAAAAAAAAAAAAAAAAAAAAAAAAAAAAAAAAAAAAAAA11
AAAAAAAAAAAAAAAAAAAAAAAAAAAAAAAAAAAAAAAAAAAAAAAAAAAAAAAAAAAAAAA1
AAAAAAAAAAAAAAAAAAAAAAAAAAAAAAAAAAAAAAAAAAAAAAAAAAAAAAAAAAAAAAAA
AIIII11IIII1IIIIIIIIIIIIIIIIIIIIIIIIIIIIIIIIIIIIIIIIIIIIIIIIIIII
AAIII111III11IIIIIIIIIIIIIIIIIIIIIIIIIIIIIIIIIIIIIIIIIIIIIIIIIII
AAAII1111II111IIIIIIIIIIIIIIIIIIIIIIIIIIIIIIIIIIIIIIIIIIIIIIIIII
AAAAI11111I111IIIIIIIIIIIIIIIIIIIIIIIIIIIIIIIIIIIIIIIIIIIIIIIIII
AAAAA111111111I1IIIIIIIIIIIIIIIIIIIIIIIIIIIIIIIIIIIIIIIIIIIIIIII
AAAAAA11111111I11IIIIIIIIIIIIIIIIIIIIIIIIIIIIIIIIIIIIIIIIIIIIIII
AAAAAAA1111111I111IIIIIIIIIIIIIIIIIIIIIIIIIIIIIIIIIIIIIIIIIIIIII
AAAAAAAA111111I1111IIIIIIIIIIIIIIIIIIIIIIIIIIIIIIIIIIIIIIIIIIIII
AAAAAAAAA11111111111IIIIIIIIIIIIIIIIIIIIIIIIIIIIIIIIIIIIIIIIIIII
AAAAAAAAAA11111111111IIIIIIIIIIIIIIIIIIIIIIIIIIIIIIIIIIIIIIIIIII
AAAAAAAAAAA11111111111IIIIIIIIIIIIIIIIIIIIIIIIIIIIIIIIIIIIIIIIII
AAAAAAAAAAAA11111111111IIIIIIIIIIIIIIIIIIIIIIIIIIIIIIIIIIIIIIIII
AAAAAAAAAAAAA11111111111IIIIIIIIIIIIIIIIIIIIIIIIIIIIIIIIIIIIIIII
AAAAAAAAAAAAAA11111111111IIIIIIIIIIIIIIIIIIIIIIIIIIIIIIIIIIIIIII
AAAAAAAAAAAAAAA11111111111IIIIIIIIIIIIIIIIIIIIIIIIIIIIIIIIIIIIII
AAAAAAAAAAAAAAAA11111111111IIIIIIIIIIIIIIIIIIIIIIIIIIIIIIIIIIIII
AAAAAAAAAAAAAAAAA11111111111IIIIIIIIIIIIIIIIIIIIIIIIIIIIIIIIIIII
AAAAAAAAAAAAAAAAAA11111111111IIIIIIIIIIIIIIIIIIIIIIIIIIIIIIIIIII
AAAAAAAAAAAAAAAAAAA11111111111IIIIIIIIIIIIIIIIIIIIIIIIIIIIIIIIII
AAAAAAAAAAAAAAAAAAAA11111111111IIIIIIIIIIIIIIIIIIIIIIIIIIIIIIIII
AAAAAAAAAAAAAAAAAAAAA11111111111IIIIIIIIIIIIIIIIIIIIIIIIIIIIIIII
AAAAAAAAAAAAAAAAAAAAAA11111111111IIIIIIIIIIIIIIIIIIIIIIIIIIIIIII
AAAAAAAAAAAAAAAAAAAAAAA11111111111IIIIIIIIIIIIIIIIIIIIIIIIIIIIII
AAAAAAAAAAAAAAAAAAAAAAAA11111111111IIIIIIIIIIIIIIIIIIIIIIIIIIIII
AAAAAAAAAAAAAAAAAAAAAAAAA11111111111IIIIIIIIIIIIIIIIIIIIIIIIIIII
AAAAAAAAAAAAAAAAAAAAAAAAAA11111111111IIIIIIIIIIIIIIIIIIIIIIIIIII
AAAAAAAAAAAAAAAAAAAAAAAAAAA11111111111IIIIIIIIIIIIIIIIIIIIIIIIII
AAAAAAAAAAAAAAAAAAAAAAAAAAAA11111111111IIIIIIIIIIIIIIIIIIIIIIIII
AAAAAAAAAAAAAAAAAAAAAAAAAAAAA11111111111IIIIIIIIIIIIIIIIIIIIIIII
AAAAAAAAAAAAAAAAAAAAAAAAAAAAAA11111111111IIIIIIIIIIIIIIIIIIIIIII
AAAAAAAAAAAAAAAAAAAAAAAAAAAAAAA11111111111IIIIIIIIIIIIIIIIIIIIII
AAAAAAAAAAAAAAAAAAAAAAAAAAAAAAAA11111111111IIIIIIIIIIIIIIIIIIIII
AAAAAAAAAAAAAAAAAAAAAAAAAAAAAAAAA11111111111IIIIIIIIIIIIIIIIIIII
AAAAAAAAAAAAAAAAAAAAAAAAAAAAAAAAAA11111111111IIIIIIIIIIIIIIIIIII
AAAAAAAAAAAAAAAAAAAAAAAAAAAAAAAAAAA11111111111IIIIIIIIIIIIIIIIII
AAAAAAAAAAAAAAAAAAAAAAAAAAAAAAAAAAAA11111111111IIIIIIIIIIIIIIIII
AAAAAAAAAAAAAAAAAAAAAAAAAAAAAAAAAAAAA11111111111IIIIIIIIIIIIIIII
AAAAAAAAAAAAAAAAAAAAAAAAAAAAAAAAAAAAAA11111111111IIIIIIIIIIIIIII
AAAAAAAAAAAAAAAAAAAAAAAAAAAAAAAAAAAAAAA11111111111IIIIIIIIIIIIII
AAAAAAAAAAAAAAAAAAAAAAAAAAAAAAAAAAAAAAAA11111111111IIIIIIIIIIIII
AAAAAAAAAAAAAAAAAAAAAAAAAAAAAAAAAAAAAAAAA11111111111IIIIIIIIIIII
AAAAAAAAAAAAAAAAAAAAAAAAAAAAAAAAAAAAAAAAAA11111111111IIIIIIIIIII
AAAAAAAAAAAAAAAAAAAAAAAAAAAAAAAAAAAAAAAAAAA11111111111IIIIIIIIII
AAAAAAAAAAAAAAAAAAAAAAAAAAAAAAAAAAAAAAAAAAAA11111111111IIIIIIIII
AAAAAAAAAAAAAAAAAAAAAAAAAAAAAAAAAAAAAAAAAAAAA11111111111IIIIIIII
AAAAAAAAAAAAAAAAAAAAAAAAAAAAAAAAAAAAAAAAAAAAAA11111111111IIIIIII
AAAAAAAAAAAAAAAAAAAAAAAAAAAAAAAAAAAAAAAAAAAAAAA11111111111IIIIII
AAAAAAAAAAAAAAAAAAAAAAAAAAAAAAAAAAAAAAAAAAAAAAAA11111111111IIIII
AAAAAAAAAAAAAAAAAAAAAAAAAAAAAAAAAAAAAAAAAAAAAAAAA11111111111IIII
AAAAAAAAAAAAAAAAAAAAAAAAAAAAAAAAAAAAAAAAAAAAAAAAAA11111111111III
AAAAAAAAAAAAAAAAAAAAAAAAAAAAAAAAAAAAAAAAAAAAAAAAAAA11111111111II
AAAAAAAAAAAAAAAAAAAAAAAAAAAAAAAAAAAAAAAAAAAAAAAAAAAA11111111111I
AAAAAAAAAAAAAAAAAAAAAAAAAAAAAAAAAAAAAAAAAAAAAAAAAAAAA11111111111
AAAAAAAAAAAAAAAAAAAAAAAAAAAAAAAAAAAAAAAAAAAAAAAAAAAAAA1111111111
AAAAAAAAAAAAAAAAAAAAAAAAAAAAAAAAAAAAAAAAAAAAAAAAAAAAAAA111111111
AAAAAAAAAAAAAAAAAAAAAAAAAAAAAAAAAAAAAAAAAAAAAAAAAAAAAAAA11111111
AAAAAAAAAAAAAAAAAAAAAAAAAAAAAAAAAAAAAAAAAAAAAAAAAAAAAAAAA1111111
AAAAAAAAAAAAAAAAAAAAAAAAAAAAAAAAAAAAAAAAAAAAAAAAAAAAAAAAAA111111
AAAAAAAAAAAAAAAAAAAAAAAAAAAAAAAAAAAAAAAAAAAAAAAAAAAAAAAAAAA11111
AAAAAAAAAAAAAAAAAAAAAAAAAAAAAAAAAAAAAAAAAAAAAAAAAAAAAAAAAAAA1111
AAAAAAAAAAAAAAAAAAAAAAAAAAAAAAAAAAAAAAAAAAAAAAAAAAAAAAAAAAAAA111
AAAAAAAAAAAAAAAAAAAAAAAAAAAAAAAAAAAAAAAAAAAAAAAAAAAAAAAAAAAAAA11
AAAAAAAAAAAAAAAAAAAAAAAAAAAAAAAAAAAAAAAAAAAAAAAAAAAAAAAAAAAAAAA1
AAAAAAAAAAAAAAAAAAAAAAAAAAAAAAAAAAAAAAAAAAAAAAAAAAAAAAAAAAAAAAAA
AIIII11IIII1IIIIIIIIIIIIIIIIIIIIIIIIIIIIIIIIIIIIIIIIIIIIIIIIIIII
AAIII111III11IIIIIIIIIIIIIIIIIIIIIIIIIIIIIIIIIIIIIIIIIIIIIIIIIII
AAAII1111II111IIIIIIIIIIIIIIIIIIIIIIIIIIIIIIIIIIIIIIIIIIIIIIIIII
AAAAI11111I111IIIIIIIIIIIIIIIIIIIIIIIIIIIIIIIIIIIIIIIIIIIIIIIIII
AAAAA111111111I1IIIIIIIIIIIIIIIIIIIIIIIIIIIIIIIIIIIIIIIIIIIIIIII
AAAAAA11111111I11IIIIIIIIIIIIIIIIIIIIIIIIIIIIIIIIIIIIIIIIIIIIIII
AAAAAAA1111111I111IIIIIIIIIIIIIIIIIIIIIIIIIIIIIIIIIIIIIIIIIIIIII
AAAAAAAA111111I1111IIIIIIIIIIIIIIIIIIIIIIIIIIIIIIIIIIIIIIIIIIIII
AAAAAAAAA11111111111IIIIIIIIIIIIIIIIIIIIIIIIIIIIIIIIIIIIIIIIIIII
AAAAAAAAAA11111111111IIIIIIIIIIIIIIIIIIIIIIIIIIIIIIIIIIIIIIIIIII
AAAAAAAAAAA11111111111IIIIIIIIIIIIIIIIIIIIIIIIIIIIIIIIIIIIIIIIII
AAAAAAAAAAAA11111111111IIIIIIIIIIIIIIIIIIIIIIIIIIIIIIIIIIIIIIIII
AAAAAAAAAAAAA11111111111IIIIIIIIIIIIIIIIIIIIIIIIIIIIIIIIIIIIIIII
AAAAAAAAAAAAAA11111111111IIIIIIIIIIIIIIIIIIIIIIIIIIIIIIIIIIIIIII
AAAAAAAAAAAAAAA11111111111IIIIIIIIIIIIIIIIIIIIIIIIIIIIIIIIIIIIII
AAAAAAAAAAAAAAAA11111111111IIIIIIIIIIIIIIIIIIIIIIIIIIIIIIIIIIIII
AAAAAAAAAAAAAAAAA11111111111IIIIIIIIIIIIIIIIIIIIIIIIIIIIIIIIIIII
AAAAAAAAAAAAAAAAAA11111111111IIIIIIIIIIIIIIIIIIIIIIIIIIIIIIIIIII
AAAAAAAAAAAAAAAAAAA11111111111IIIIIIIIIIIIIIIIIIIIIIIIIIIIIIIIII
AAAAAAAAAAAAAAAAAAAA11111111111IIIIIIIIIIIIIIIIIIIIIIIIIIIIIIIII
AAAAAAAAAAAAAAAAAAAAA11111111111IIIIIIIIIIIIIIIIIIIIIIIIIIIIIIII
AAAAAAAAAAAAAAAAAAAAAA11111111111IIIIIIIIIIIIIIIIIIIIIIIIIIIIIII
AAAAAAAAAAAAAAAAAAAAAAA11111111111IIIIIIIIIIIIIIIIIIIIIIIIIIIIII
AAAAAAAAAAAAAAAAAAAAAAAA11111111111IIIIIIIIIIIIIIIIIIIIIIIIIIIII
AAAAAAAAAAAAAAAAAAAAAAAAA11111111111IIIIIIIIIIIIIIIIIIIIIIIIIIII
AAAAAAAAAAAAAAAAAAAAAAAAAA11111111111IIIIIIIIIIIIIIIIIIIIIIIIIII
AAAAAAAAAAAAAAAAAAAAAAAAAAA11111111111IIIIIIIIIIIIIIIIIIIIIIIIII
AAAAAAAAAAAAAAAAAAAAAAAAAAAA11111111111IIIIIIIIIIIIIIIIIIIIIIIII
AAAAAAAAAAAAAAAAAAAAAAAAAAAAA11111111111IIIIIIIIIIIIIIIIIIIIIIII
AAAAAAAAAAAAAAAAAAAAAAAAAAAAAA11111111111IIIIIIIIIIIIIIIIIIIIIII
AAAAAAAAAAAAAAAAAAAAAAAAAAAAAAA11111111111IIIIIIIIIIIIIIIIIIIIII
AAAAAAAAAAAAAAAAAAAAAAAAAAAAAAAA11111111111IIIIIIIIIIIIIIIIIIIII
AAAAAAAAAAAAAAAAAAAAAAAAAAAAAAAAA11111111111IIIIIIIIIIIIIIIIIIII
AAAAAAAAAAAAAAAAAAAAAAAAAAAAAAAAAA11111111111IIIIIIIIIIIIIIIIIII
AAAAAAAAAAAAAAAAAAAAAAAAAAAAAAAAAAA11111111111IIIIIIIIIIIIIIIIII
AAAAAAAAAAAAAAAAAAAAAAAAAAAAAAAAAAAA11111111111IIIIIIIIIIIIIIIII
AAAAAAAAAAAAAAAAAAAAAAAAAAAAAAAAAAAAA11111111111IIIIIIIIIIIIIIII
AAAAAAAAAAAAAAAAAAAAAAAAAAAAAAAAAAAAAA11111111111IIIIIIIIIIIIIII
AAAAAAAAAAAAAAAAAAAAAAAAAAAAAAAAAAAAAAA11111111111IIIIIIIIIIIIII
AAAAAAAAAAAAAAAAAAAAAAAAAAAAAAAAAAAAAAAA11111111111IIIIIIIIIIIII
AAAAAAAAAAAAAAAAAAAAAAAAAAAAAAAAAAAAAAAAA11111111111IIIIIIIIIIII
AAAAAAAAAAAAAAAAAAAAAAAAAAAAAAAAAAAAAAAAAA11111111111IIIIIIIIIII
AAAAAAAAAAAAAAAAAAAAAAAAAAAAAAAAAAAAAAAAAAA11111111111IIIIIIIIII
AAAAAAAAAAAAAAAAAAAAAAAAAAAAAAAAAAAAAAAAAAAA11111111111IIIIIIIII
AAAAAAAAAAAAAAAAAAAAAAAAAAAAAAAAAAAAAAAAAAAAA11111111111IIIIIIII
AAAAAAAAAAAAAAAAAAAAAAAAAAAAAAAAAAAAAAAAAAAAAA11111111111IIIIIII
AAAAAAAAAAAAAAAAAAAAAAAAAAAAAAAAAAAAAAAAAAAAAAA11111111111IIIIII
AAAAAAAAAAAAAAAAAAAAAAAAAAAAAAAAAAAAAAAAAAAAAAAA11111111111IIIII
AAAAAAAAAAAAAAAAAAAAAAAAAAAAAAAAAAAAAAAAAAAAAAAAA11111111111IIII
AAAAAAAAAAAAAAAAAAAAAAAAAAAAAAAAAAAAAAAAAAAAAAAAAA11111111111III
AAAAAAAAAAAAAAAAAAAAAAAAAAAAAAAAAAAAAAAAAAAAAAAAAAA11111111111II
AAAAAAAAAAAAAAAAAAAAAAAAAAAAAAAAAAAAAAAAAAAAAAAAAAAA11111111111I
AAAAAAAAAAAAAAAAAAAAAAAAAAAAAAAAAAAAAAAAAAAAAAAAAAAAA11111111111
AAAAAAAAAAAAAAAAAAAAAAAAAAAAAAAAAAAAAAAAAAAAAAAAAAAAAA1111111111
AAAAAAAAAAAAAAAAAAAAAAAAAAAAAAAAAAAAAAAAAAAAAAAAAAAAAAA111111111
AAAAAAAAAAAAAAAAAAAAAAAAAAAAAAAAAAAAAAAAAAAAAAAAAAAAAAAA11111111
AAAAAAAAAAAAAAAAAAAAAAAAAAAAAAAAAAAAAAAAAAAAAAAAAAAAAAAAA1111111
AAAAAAAAAAAAAAAAAAAAAAAAAAAAAAAAAAAAAAAAAAAAAAAAAAAAAAAAAA111111
AAAAAAAAAAAAAAAAAAAAAAAAAAAAAAAAAAAAAAAAAAAAAAAAAAAAAAAAAAA11111
AAAAAAAAAAAAAAAAAAAAAAAAAAAAAAAAAAAAAAAAAAAAAAAAAAAAAAAAAAAA1111
AAAAAAAAAAAAAAAAAAAAAAAAAAAAAAAAAAAAAAAAAAAAAAAAAAAAAAAAAAAAA111
AAAAAAAAAAAAAAAAAAAAAAAAAAAAAAAAAAAAAAAAAAAAAAAAAAAAAAAAAAAAAA11
AAAAAAAAAAAAAAAAAAAAAAAAAAAAAAAAAAAAAAAAAAAAAAAAAAAAAAAAAAAAAAA1
AAAAAAAAAAAAAAAAAAAAAAAAAAAAAAAAAAAAAAAAAAAAAAAAAAAAAAAAAAAAAAAA
AIIII11IIII11III11IIIIIIIIIIIIIIIIIIIIIIIIIIIIIIIIIIIIIIIIIIIIII
AAIII111III111II11IIIIIIIIIIIIIIIIIIIIIIIIIIIIIIIIIIIIIIIIIIIIII
AAAII111III111II11IIIIIIIIIIIIIIIIIIIIIIIIIIIIIIIIIIIIIIIIIIIIII
AAAAI111III111II11IIIIIIIIIIIIIIIIIIIIIIIIIIIIIIIIIIIIIIIIIIIIII
AAAAA111I11111I111II11IIIIIIIIIIIIIIIIIIIIIIIIIIIIIIIIIIIIIIIIII
AAAAA11111111111111I11IIIIIIIIIIIIIIIIIIIIIIIIIIIIIIIIIIIIIIIIII
AAAAAA1111111111111I111IIIIIIIIIIIIIIIIIIIIIIIIIIIIIIIIIIIIIIIII
AAAAAA1A11111111111111111IIIIIIIIIIIIIIIIIIIIIIIIIIIIIIIIIIIIIII
AAAAAA1AA11111111111111111IIIIIIIIIIIIIIIIIIIIIIIIIIIIIIIIIIIIII
AAAAAA1AAA11111111111111111IIIIIIIIIIIIIIIIIIIIIIIIIIIIIIIIIIIII
AAAAAAAAAA11111111111111111IIIIIIIIIIIIIIIIIIIIIIIIIIIIIIIIIIIII
AAAAAAAAAAA11111111111111111IIIIIIIIIIIIIIIIIIIIIIIIIIIIIIIIIIII
AAAAAAAAAAAA11111111111111111IIIIIIIIIIIIIIIIIIIIIIIIIIIIIIIIIII
AAAAAAAAAAAA1A11111111111111111IIIIIIIIIIIIIIIIIIIIIIIIIIIIIIIII
AAAAAAAAAAAA1AA11111111111111111IIIIIIIIIIIIIIIIIIIIIIIIIIIIIIII
AAAAAAAAAAAA1AAA11111111111111111IIIIIIIIIIIIIIIIIIIIIIIIIIIIIII
AAAAAAAAAAAAAAAA11111111111111111IIIIIIIIIIIIIIIIIIIIIIIIIIIIIII
AAAAAAAAAAAAAAAAA11111111111111111IIIIIIIIIIIIIIIIIIIIIIIIIIIIII
AAAAAAAAAAAAAAAAAA11111111111111111IIIIIIIIIIIIIIIIIIIIIIIIIIIII
AAAAAAAAAAAAAAAAAA1A11111111111111111IIIIIIIIIIIIIIIIIIIIIIIIIII
AAAAAAAAAAAAAAAAAA1AA11111111111111111IIIIIIIIIIIIIIIIIIIIIIIIII
AAAAAAAAAAAAAAAAAA1AAA11111111111111111IIIIIIIIIIIIIIIIIIIIIIIII
AAAAAAAAAAAAAAAAAAAAAA11111111111111111IIIIIIIIIIIIIIIIIIIIIIIII
AAAAAAAAAAAAAAAAAAAAAAA11111111111111111IIIIIIIIIIIIIIIIIIIIIIII
AAAAAAAAAAAAAAAAAAAAAAAA11111111111111111IIIIIIIIIIIIIIIIIIIIIII
AAAAAAAAAAAAAAAAAAAAAAAA1A11111111111111111IIIIIIIIIIIIIIIIIIIII
AAAAAAAAAAAAAAAAAAAAAAAA1AA11111111111111111IIIIIIIIIIIIIIIIIIII
AAAAAAAAAAAAAAAAAAAAAAAA1AAA11111111111111111IIIIIIIIIIIIIIIIIII
AAAAAAAAAAAAAAAAAAAAAAAAAAAA11111111111111111IIIIIIIIIIIIIIIIIII
AAAAAAAAAAAAAAAAAAAAAAAAAAAAA11111111111111111IIIIIIIIIIIIIIIIII
AAAAAAAAAAAAAAAAAAAAAAAAAAAAAA11111111111111111IIIIIIIIIIIIIIIII
AAAAAAAAAAAAAAAAAAAAAAAAAAAAAA1A11111111111111111IIIIIIIIIIIIIII
AAAAAAAAAAAAAAAAAAAAAAAAAAAAAA1AA11111111111111111IIIIIIIIIIIIII
AAAAAAAAAAAAAAAAAAAAAAAAAAAAAA1AAA11111111111111111IIIIIIIIIIIII
AAAAAAAAAAAAAAAAAAAAAAAAAAAAAAAAAA11111111111111111IIIIIIIIIIIII
AAAAAAAAAAAAAAAAAAAAAAAAAAAAAAAAAAA11111111111111111IIIIIIIIIIII
AAAAAAAAAAAAAAAAAAAAAAAAAAAAAAAAAAAA11111111111111111IIIIIIIIIII
AAAAAAAAAAAAAAAAAAAAAAAAAAAAAAAAAAAA1A11111111111111111IIIIIIIII
AAAAAAAAAAAAAAAAAAAAAAAAAAAAAAAAAAAA1AA11111111111111111IIIIIIII
AAAAAAAAAAAAAAAAAAAAAAAAAAAAAAAAAAAA1AAA11111111111111111IIIIIII
AAAAAAAAAAAAAAAAAAAAAAAAAAAAAAAAAAAAAAAA11111111111111111IIIIIII
AAAAAAAAAAAAAAAAAAAAAAAAAAAAAAAAAAAAAAAAA11111111111111111IIIIII
AAAAAAAAAAAAAAAAAAAAAAAAAAAAAAAAAAAAAAAAAA11111111111111111IIIII
AAAAAAAAAAAAAAAAAAAAAAAAAAAAAAAAAAAAAAAAAA1A11111111111111111III
AAAAAAAAAAAAAAAAAAAAAAAAAAAAAAAAAAAAAAAAAA1AA11111111111111111II
AAAAAAAAAAAAAAAAAAAAAAAAAAAAAAAAAAAAAAAAAA1AAA11111111111111111I
AAAAAAAAAAAAAAAAAAAAAAAAAAAAAAAAAAAAAAAAAAAAAA11111111111111111I
AAAAAAAAAAAAAAAAAAAAAAAAAAAAAAAAAAAAAAAAAAAAAAA11111111111111111
AAAAAAAAAAAAAAAAAAAAAAAAAAAAAAAAAAAAAAAAAAAAAAAA1111111111111111
AAAAAAAAAAAAAAAAAAAAAAAAAAAAAAAAAAAAAAAAAAAAAAAA1A11111111111111
AAAAAAAAAAAAAAAAAAAAAAAAAAAAAAAAAAAAAAAAAAAAAAAA1AA1111111111111
AAAAAAAAAAAAAAAAAAAAAAAAAAAAAAAAAAAAAAAAAAAAAAAA1AAA111111111111
AAAAAAAAAAAAAAAAAAAAAAAAAAAAAAAAAAAAAAAAAAAAAAAAAAAA111111111111
AAAAAAAAAAAAAAAAAAAAAAAAAAAAAAAAAAAAAAAAAAAAAAAAAAAAA11111111111
AAAAAAAAAAAAAAAAAAAAAAAAAAAAAAAAAAAAAAAAAAAAAAAAAAAAAA1111111111
AAAAAAAAAAAAAAAAAAAAAAAAAAAAAAAAAAAAAAAAAAAAAAAAAAAAAA1A11111111
AAAAAAAAAAAAAAAAAAAAAAAAAAAAAAAAAAAAAAAAAAAAAAAAAAAAAA1AA1111111
AAAAAAAAAAAAAAAAAAAAAAAAAAAAAAAAAAAAAAAAAAAAAAAAAAAAAA1AAA111111
AAAAAAAAAAAAAAAAAAAAAAAAAAAAAAAAAAAAAAAAAAAAAAAAAAAAAAAAAA111111
AAAAAAAAAAAAAAAAAAAAAAAAAAAAAAAAAAAAAAAAAAAAAAAAAAAAAAAAAAA11111
AAAAAAAAAAAAAAAAAAAAAAAAAAAAAAAAAAAAAAAAAAAAAAAAAAAAAAAAAAAA1111
AAAAAAAAAAAAAAAAAAAAAAAAAAAAAAAAAAAAAAAAAAAAAAAAAAAAAAAAAAAA1A11
AAAAAAAAAAAAAAAAAAAAAAAAAAAAAAAAAAAAAAAAAAAAAAAAAAAAAAAAAAAA1AA1
AAAAAAAAAAAAAAAAAAAAAAAAAAAAAAAAAAAAAAAAAAAAAAAAAAAAAAAAAAAA1AAA
AAAAAAAAAAAAAAAAAAAAAAAAAAAAAAAAAAAAAAAAAAAAAAAAAAAAAAAAAAAAAAAA
AI212IIIIIIIIIIIIIIIIIIIIIIIIIIIIIIIIIIIIIIIIIIIIIIIIIIIIIIIIIII
AA2112IIIIIIIIIIIIIIIIIIIIIIIIIIIIIIIIIIIIIIIIIIIIIIIIIIIIIIIIII
AAA1112IIIIIIIIIIIIIIIIIIIIIIIIIIIIIIIIIIIIIIIIIIIIIIIIIIIIIIIII
AAAA1112IIIIIIIIIIIIIIIIIIIIIIIIIIIIIIIIIIIIIIIIIIIIIIIIIIIIIIII
AAAAA1112IIIIIIIIIIIIIIIIIIIIIIIIIIIIIIIIIIIIIIIIIIIIIIIIIIIIIII
AAAAAA1112IIIIIIIIIIIIIIIIIIIIIIIIIIIIIIIIIIIIIIIIIIIIIIIIIIIIII
AAAAAA1A1212IIIIIIIIIIIIIIIIIIIIIIIIIIIIIIIIIIIIIIIIIIIIIIIIIIII
AAAAAA1AA2112IIIIIIIIIIIIIIIIIIIIIIIIIIIIIIIIIIIIIIIIIIIIIIIIIII
AAAAAA1AAA1112IIIIIIIIIIIIIIIIIIIIIIIIIIIIIIIIIIIIIIIIIIIIIIIIII
AAAAAAAAAA1112IIIIIIIIIIIIIIIIIIIIIIIIIIIIIIIIIIIIIIIIIIIIIIIIII
AAAAAAAAAAA1112IIIIIIIIIIIIIIIIIIIIIIIIIIIIIIIIIIIIIIIIIIIIIIIII
AAAAAAAAAAAA1112IIIIIIIIIIIIIIIIIIIIIIIIIIIIIIIIIIIIIIIIIIIIIIII
AAAAAAAAAAAA1A1212IIIIIIIIIIIIIIIIIIIIIIIIIIIIIIIIIIIIIIIIIIIIII
AAAAAAAAAAAA1AA2112IIIIIIIIIIIIIIIIIIIIIIIIIIIIIIIIIIIIIIIIIIIII
AAAAAAAAAAAA1AAA1112IIIIIIIIIIIIIIIIIIIIIIIIIIIIIIIIIIIIIIIIIIII
AAAAAAAAAAAAAAAA1112IIIIIIIIIIIIIIIIIIIIIIIIIIIIIIIIIIIIIIIIIIII
AAAAAAAAAAAAAAAAA1112IIIIIIIIIIIIIIIIIIIIIIIIIIIIIIIIIIIIIIIIIII
AAAAAAAAAAAAAAAAAA1112IIIIIIIIIIIIIIIIIIIIIIIIIIIIIIIIIIIIIIIIII
AAAAAAAAAAAAAAAAAA1A1212IIIIIIIIIIIIIIIIIIIIIIIIIIIIIIIIIIIIIIII
AAAAAAAAAAAAAAAAAA1AA2112IIIIIIIIIIIIIIIIIIIIIIIIIIIIIIIIIIIIIII
AAAAAAAAAAAAAAAAAA1AAA1112IIIIIIIIIIIIIIIIIIIIIIIIIIIIIIIIIIIIII
AAAAAAAAAAAAAAAAAAAAAA1112IIIIIIIIIIIIIIIIIIIIIIIIIIIIIIIIIIIIII
AAAAAAAAAAAAAAAAAAAAAAA1112IIIIIIIIIIIIIIIIIIIIIIIIIIIIIIIIIIIII
AAAAAAAAAAAAAAAAAAAAAAAA1112IIIIIIIIIIIIIIIIIIIIIIIIIIIIIIIIIIII
AAAAAAAAAAAAAAAAAAAAAAAA1A1212IIIIIIIIIIIIIIIIIIIIIIIIIIIIIIIIII
AAAAAAAAAAAAAAAAAAAAAAAA1AA2112IIIIIIIIIIIIIIIIIIIIIIIIIIIIIIIII
AAAAAAAAAAAAAAAAAAAAAAAA1AAA1112IIIIIIIIIIIIIIIIIIIIIIIIIIIIIIII
AAAAAAAAAAAAAAAAAAAAAAAAAAAA1112IIIIIIIIIIIIIIIIIIIIIIIIIIIIIIII
AAAAAAAAAAAAAAAAAAAAAAAAAAAAA1112IIIIIIIIIIIIIIIIIIIIIIIIIIIIIII
AAAAAAAAAAAAAAAAAAAAAAAAAAAAAA1112IIIIIIIIIIIIIIIIIIIIIIIIIIIIII
AAAAAAAAAAAAAAAAAAAAAAAAAAAAAA1A1212IIIIIIIIIIIIIIIIIIIIIIIIIIII
AAAAAAAAAAAAAAAAAAAAAAAAAAAAAA1AA2112IIIIIIIIIIIIIIIIIIIIIIIIIII
AAAAAAAAAAAAAAAAAAAAAAAAAAAAAA1AAA1112IIIIIIIIIIIIIIIIIIIIIIIIII
AAAAAAAAAAAAAAAAAAAAAAAAAAAAAAAAAA1112IIIIIIIIIIIIIIIIIIIIIIIIII
AAAAAAAAAAAAAAAAAAAAAAAAAAAAAAAAAAA1112IIIIIIIIIIIIIIIIIIIIIIIII
AAAAAAAAAAAAAAAAAAAAAAAAAAAAAAAAAAAA1112IIIIIIIIIIIIIIIIIIIIIIII
AAAAAAAAAAAAAAAAAAAAAAAAAAAAAAAAAAAA1A1212IIIIIIIIIIIIIIIIIIIIII
AAAAAAAAAAAAAAAAAAAAAAAAAAAAAAAAAAAA1AA2112IIIIIIIIIIIIIIIIIIIII
AAAAAAAAAAAAAAAAAAAAAAAAAAAAAAAAAAAA1AAA1112IIIIIIIIIIIIIIIIIIII
AAAAAAAAAAAAAAAAAAAAAAAAAAAAAAAAAAAAAAAA1112IIIIIIIIIIIIIIIIIIII
AAAAAAAAAAAAAAAAAAAAAAAAAAAAAAAAAAAAAAAAA1112IIIIIIIIIIIIIIIIIII
AAAAAAAAAAAAAAAAAAAAAAAAAAAAAAAAAAAAAAAAAA1112IIIIIIIIIIIIIIIIII
AAAAAAAAAAAAAAAAAAAAAAAAAAAAAAAAAAAAAAAAAA1A1212IIIIIIIIIIIIIIII
AAAAAAAAAAAAAAAAAAAAAAAAAAAAAAAAAAAAAAAAAA1AA2112IIIIIIIIIIIIIII
AAAAAAAAAAAAAAAAAAAAAAAAAAAAAAAAAAAAAAAAAA1AAA1112IIIIIIIIIIIIII
AAAAAAAAAAAAAAAAAAAAAAAAAAAAAAAAAAAAAAAAAAAAAA1112IIIIIIIIIIIIII
AAAAAAAAAAAAAAAAAAAAAAAAAAAAAAAAAAAAAAAAAAAAAAA1112IIIIIIIIIIIII
AAAAAAAAAAAAAAAAAAAAAAAAAAAAAAAAAAAAAAAAAAAAAAAA1112IIIIIIIIIIII
AAAAAAAAAAAAAAAAAAAAAAAAAAAAAAAAAAAAAAAAAAAAAAAA1A1212IIIIIIIIII
AAAAAAAAAAAAAAAAAAAAAAAAAAAAAAAAAAAAAAAAAAAAAAAA1AA2112IIIIIIIII
AAAAAAAAAAAAAAAAAAAAAAAAAAAAAAAAAAAAAAAAAAAAAAAA1AAA1112IIIIIIII
AAAAAAAAAAAAAAAAAAAAAAAAAAAAAAAAAAAAAAAAAAAAAAAAAAAA1112IIIIIIII
AAAAAAAAAAAAAAAAAAAAAAAAAAAAAAAAAAAAAAAAAAAAAAAAAAAAA1112IIIIIII
AAAAAAAAAAAAAAAAAAAAAAAAAAAAAAAAAAAAAAAAAAAAAAAAAAAAAA1112IIIIII
AAAAAAAAAAAAAAAAAAAAAAAAAAAAAAAAAAAAAAAAAAAAAAAAAAAAAA1A1212IIII
AAAAAAAAAAAAAAAAAAAAAAAAAAAAAAAAAAAAAAAAAAAAAAAAAAAAAA1AA2112III
AAAAAAAAAAAAAAAAAAAAAAAAAAAAAAAAAAAAAAAAAAAAAAAAAAAAAA1AAA1112II
AAAAAAAAAAAAAAAAAAAAAAAAAAAAAAAAAAAAAAAAAAAAAAAAAAAAAAAAAA1112II
AAAAAAAAAAAAAAAAAAAAAAAAAAAAAAAAAAAAAAAAAAAAAAAAAAAAAAAAAAA1112I
AAAAAAAAAAAAAAAAAAAAAAAAAAAAAAAAAAAAAAAAAAAAAAAAAAAAAAAAAAAA1112
AAAAAAAAAAAAAAAAAAAAAAAAAAAAAAAAAAAAAAAAAAAAAAAAAAAAAAAAAAAA1A12
AAAAAAAAAAAAAAAAAAAAAAAAAAAAAAAAAAAAAAAAAAAAAAAAAAAAAAAAAAAA1AA2
AAAAAAAAAAAAAAAAAAAAAAAAAAAAAAAAAAAAAAAAAAAAAAAAAAAAAAAAAAAA1AAA
AAAAAAAAAAAAAAAAAAAAAAAAAAAAAAAAAAAAAAAAAAAAAAAAAAAAAAAAAAAAAAAA
AI1II11I1III1I1IIIIIIIIIIIIIIIIIIIIIIIIIIIIIIIIIIIIIIIIIIIIIIIII
AA11I1111III1I1IIIIIIIIIIIIIIIIIIIIIIIIIIIIIIIIIIIIIIIIIIIIIIIII
AAA1I1111III1I1IIIIIIIIIIIIIIIIIIIIIIIIIIIIIIIIIIIIIIIIIIIIIIIII
AAAAI1111III1I1IIIIIIIIIIIIIIIIIIIIIIIIIIIIIIIIIIIIIIIIIIIIIIIII
AAAAA111111I1I1I1I1IIIIIIIIIIIIIIIIIIIIIIIIIIIIIIIIIIIIIIIIIIIII
AAAAAA111111111I1111IIIIIIIIIIIIIIIIIIIIIIIIIIIIIIIIIIIIIIIIIIII
AAAAAA1A111111111111I1IIIIIIIIIIIIIIIIIIIIIIIIIIIIIIIIIIIIIIIIII
AAAAAA1AA11111111111111IIIIIIIIIIIIIIIIIIIIIIIIIIIIIIIIIIIIIIIII
AAAAAA1AAA11111111111111IIIIIIIIIIIIIIIIIIIIIIIIIIIIIIIIIIIIIIII
AAAAAAAAAA11111111111111IIIIIIIIIIIIIIIIIIIIIIIIIIIIIIIIIIIIIIII
AAAAAAAAAAA11111111111111IIIIIIIIIIIIIIIIIIIIIIIIIIIIIIIIIIIIIII
AAAAAAAAAAAA11111111111111IIIIIIIIIIIIIIIIIIIIIIIIIIIIIIIIIIIIII
AAAAAAAAAAAA1A111111111111I1IIIIIIIIIIIIIIIIIIIIIIIIIIIIIIIIIIII
AAAAAAAAAAAA1AA11111111111111IIIIIIIIIIIIIIIIIIIIIIIIIIIIIIIIIII
AAAAAAAAAAAA1AAA11111111111111IIIIIIIIIIIIIIIIIIIIIIIIIIIIIIIIII
AAAAAAAAAAAAAAAA11111111111111IIIIIIIIIIIIIIIIIIIIIIIIIIIIIIIIII
AAAAAAAAAAAAAAAAA11111111111111IIIIIIIIIIIIIIIIIIIIIIIIIIIIIIIII
AAAAAAAAAAAAAAAAAA11111111111111IIIIIIIIIIIIIIIIIIIIIIIIIIIIIIII
AAAAAAAAAAAAAAAAAA1A111111111111I1IIIIIIIIIIIIIIIIIIIIIIIIIIIIII
AAAAAAAAAAAAAAAAAA1AA11111111111111IIIIIIIIIIIIIIIIIIIIIIIIIIIII
AAAAAAAAAAAAAAAAAA1AAA11111111111111IIIIIIIIIIIIIIIIIIIIIIIIIIII
AAAAAAAAAAAAAAAAAAAAAA11111111111111IIIIIIIIIIIIIIIIIIIIIIIIIIII
AAAAAAAAAAAAAAAAAAAAAAA11111111111111IIIIIIIIIIIIIIIIIIIIIIIIIII
AAAAAAAAAAAAAAAAAAAAAAAA11111111111111IIIIIIIIIIIIIIIIIIIIIIIIII
AAAAAAAAAAAAAAAAAAAAAAAA1A111111111111I1IIIIIIIIIIIIIIIIIIIIIIII
AAAAAAAAAAAAAAAAAAAAAAAA1AA11111111111111IIIIIIIIIIIIIIIIIIIIIII
AAAAAAAAAAAAAAAAAAAAAAAA1AAA11111111111111IIIIIIIIIIIIIIIIIIIIII
AAAAAAAAAAAAAAAAAAAAAAAAAAAA11111111111111IIIIIIIIIIIIIIIIIIIIII
AAAAAAAAAAAAAAAAAAAAAAAAAAAAA11111111111111IIIIIIIIIIIIIIIIIIIII
AAAAAAAAAAAAAAAAAAAAAAAAAAAAAA11111111111111IIIIIIIIIIIIIIIIIIII
AAAAAAAAAAAAAAAAAAAAAAAAAAAAAA1A111111111111I1IIIIIIIIIIIIIIIIII
AAAAAAAAAAAAAAAAAAAAAAAAAAAAAA1AA11111111111111IIIIIIIIIIIIIIIII
AAAAAAAAAAAAAAAAAAAAAAAAAAAAAA1AAA11111111111111IIIIIIIIIIIIIIII
AAAAAAAAAAAAAAAAAAAAAAAAAAAAAAAAAA11111111111111IIIIIIIIIIIIIIII
AAAAAAAAAAAAAAAAAAAAAAAAAAAAAAAAAAA11111111111111IIIIIIIIIIIIIII
AAAAAAAAAAAAAAAAAAAAAAAAAAAAAAAAAAAA11111111111111IIIIIIIIIIIIII
AAAAAAAAAAAAAAAAAAAAAAAAAAAAAAAAAAAA1A111111111111I1IIIIIIIIIIII
AAAAAAAAAAAAAAAAAAAAAAAAAAAAAAAAAAAA1AA11111111111111IIIIIIIIIII
AAAAAAAAAAAAAAAAAAAAAAAAAAAAAAAAAAAA1AAA11111111111111IIIIIIIIII
AAAAAAAAAAAAAAAAAAAAAAAAAAAAAAAAAAAAAAAA11111111111111IIIIIIIIII
AAAAAAAAAAAAAAAAAAAAAAAAAAAAAAAAAAAAAAAAA11111111111111IIIIIIIII
AAAAAAAAAAAAAAAAAAAAAAAAAAAAAAAAAAAAAAAAAA11111111111111IIIIIIII
AAAAAAAAAAAAAAAAAAAAAAAAAAAAAAAAAAAAAAAAAA1A111111111111I1IIIIII
AAAAAAAAAAAAAAAAAAAAAAAAAAAAAAAAAAAAAAAAAA1AA11111111111111IIIII
AAAAAAAAAAAAAAAAAAAAAAAAAAAAAAAAAAAAAAAAAA1AAA11111111111111IIII
AAAAAAAAAAAAAAAAAAAAAAAAAAAAAAAAAAAAAAAAAAAAAA11111111111111IIII
AAAAAAAAAAAAAAAAAAAAAAAAAAAAAAAAAAAAAAAAAAAAAAA11111111111111III
AAAAAAAAAAAAAAAAAAAAAAAAAAAAAAAAAAAAAAAAAAAAAAAA11111111111111II
AAAAAAAAAAAAAAAAAAAAAAAAAAAAAAAAAAAAAAAAAAAAAAAA1A111111111111I1
AAAAAAAAAAAAAAAAAAAAAAAAAAAAAAAAAAAAAAAAAAAAAAAA1AA1111111111111
AAAAAAAAAAAAAAAAAAAAAAAAAAAAAAAAAAAAAAAAAAAAAAAA1AAA111111111111
AAAAAAAAAAAAAAAAAAAAAAAAAAAAAAAAAAAAAAAAAAAAAAAAAAAA111111111111
AAAAAAAAAAAAAAAAAAAAAAAAAAAAAAAAAAAAAAAAAAAAAAAAAAAAA11111111111
AAAAAAAAAAAAAAAAAAAAAAAAAAAAAAAAAAAAAAAAAAAAAAAAAAAAAA1111111111
AAAAAAAAAAAAAAAAAAAAAAAAAAAAAAAAAAAAAAAAAAAAAAAAAAAAAA1A11111111
AAAAAAAAAAAAAAAAAAAAAAAAAAAAAAAAAAAAAAAAAAAAAAAAAAAAAA1AA1111111
AAAAAAAAAAAAAAAAAAAAAAAAAAAAAAAAAAAAAAAAAAAAAAAAAAAAAA1AAA111111
AAAAAAAAAAAAAAAAAAAAAAAAAAAAAAAAAAAAAAAAAAAAAAAAAAAAAAAAAA111111
AAAAAAAAAAAAAAAAAAAAAAAAAAAAAAAAAAAAAAAAAAAAAAAAAAAAAAAAAAA11111
AAAAAAAAAAAAAAAAAAAAAAAAAAAAAAAAAAAAAAAAAAAAAAAAAAAAAAAAAAAA1111
AAAAAAAAAAAAAAAAAAAAAAAAAAAAAAAAAAAAAAAAAAAAAAAAAAAAAAAAAAAA1A11
AAAAAAAAAAAAAAAAAAAAAAAAAAAAAAAAAAAAAAAAAAAAAAAAAAAAAAAAAAAA1AA1
AAAAAAAAAAAAAAAAAAAAAAAAAAAAAAAAAAAAAAAAAAAAAAAAAAAAAAAAAAAA1AAA
AAAAAAAAAAAAAAAAAAAAAAAAAAAAAAAAAAAAAAAAAAAAAAAAAAAAAAAAAAAAAAAA
AIIII111III111III1IIIIIIIIIIIIIIIIIIIIIIIIIIIIIIIIIIIIIIIIIIIIII
AAIII1111II111III1IIIIIIIIIIIIIIIIIIIIIIIIIIIIIIIIIIIIIIIIIIIIII
AAAII1111II111III1IIIIIIIIIIIIIIIIIIIIIIIIIIIIIIIIIIIIIIIIIIIIII
AAAAI1111II111III1IIIIIIIIIIIIIIIIIIIIIIIIIIIIIIIIIIIIIIIIIIIIII
AAAAA111111111I111III1IIIIIIIIIIIIIIIIIIIIIIIIIIIIIIIIIIIIIIIIII
AAAAA1111111111111I1I1IIIIIIIIIIIIIIIIIIIIIIIIIIIIIIIIIIIIIIIIII
AAAAAA11111111111111I11IIIIIIIIIIIIIIIIIIIIIIIIIIIIIIIIIIIIIIIII
AAAAAA1A111111111111111I1IIIIIIIIIIIIIIIIIIIIIIIIIIIIIIIIIIIIIII
AAAAAA1AA11111111111111I11IIIIIIIIIIIIIIIIIIIIIIIIIIIIIIIIIIIIII
AAAAAA1AAA1111111111111I111IIIIIIIIIIIIIIIIIIIIIIIIIIIIIIIIIIIII
AAAAAAAAAA11111111111111111IIIIIIIIIIIIIIIIIIIIIIIIIIIIIIIIIIIII
AAAAAAAAAAA11111111111111111IIIIIIIIIIIIIIIIIIIIIIIIIIIIIIIIIIII
AAAAAAAAAAAA11111111111111111IIIIIIIIIIIIIIIIIIIIIIIIIIIIIIIIIII
AAAAAAAAAAAA1A111111111111111I1IIIIIIIIIIIIIIIIIIIIIIIIIIIIIIIII
AAAAAAAAAAAA1AA11111111111111I11IIIIIIIIIIIIIIIIIIIIIIIIIIIIIIII
AAAAAAAAAAAA1AAA1111111111111I111IIIIIIIIIIIIIIIIIIIIIIIIIIIIIII
AAAAAAAAAAAAAAAA11111111111111111IIIIIIIIIIIIIIIIIIIIIIIIIIIIIII
AAAAAAAAAAAAAAAAA11111111111111111IIIIIIIIIIIIIIIIIIIIIIIIIIIIII
AAAAAAAAAAAAAAAAAA11111111111111111IIIIIIIIIIIIIIIIIIIIIIIIIIIII
AAAAAAAAAAAAAAAAAA1A111111111111111I1IIIIIIIIIIIIIIIIIIIIIIIIIII
AAAAAAAAAAAAAAAAAA1AA11111111111111I11IIIIIIIIIIIIIIIIIIIIIIIIII
AAAAAAAAAAAAAAAAAA1AAA1111111111111I111IIIIIIIIIIIIIIIIIIIIIIIII
AAAAAAAAAAAAAAAAAAAAAA11111111111111111IIIIIIIIIIIIIIIIIIIIIIIII
AAAAAAAAAAAAAAAAAAAAAAA11111111111111111IIIIIIIIIIIIIIIIIIIIIIII
AAAAAAAAAAAAAAAAAAAAAAAA11111111111111111IIIIIIIIIIIIIIIIIIIIIII
AAAAAAAAAAAAAAAAAAAAAAAA1A111111111111111I1IIIIIIIIIIIIIIIIIIIII
AAAAAAAAAAAAAAAAAAAAAAAA1AA11111111111111I11IIIIIIIIIIIIIIIIIIII
AAAAAAAAAAAAAAAAAAAAAAAA1AAA1111111111111I111IIIIIIIIIIIIIIIIIII
AAAAAAAAAAAAAAAAAAAAAAAAAAAA11111111111111111IIIIIIIIIIIIIIIIIII
AAAAAAAAAAAAAAAAAAAAAAAAAAAAA11111111111111111IIIIIIIIIIIIIIIIII
AAAAAAAAAAAAAAAAAAAAAAAAAAAAAA11111111111111111IIIIIIIIIIIIIIIII
AAAAAAAAAAAAAAAAAAAAAAAAAAAAAA1A111111111111111I1IIIIIIIIIIIIIII
AAAAAAAAAAAAAAAAAAAAAAAAAAAAAA1AA11111111111111I11IIIIIIIIIIIIII
AAAAAAAAAAAAAAAAAAAAAAAAAAAAAA1AAA1111111111111I111IIIIIIIIIIIII
AAAAAAAAAAAAAAAAAAAAAAAAAAAAAAAAAA11111111111111111IIIIIIIIIIIII
AAAAAAAAAAAAAAAAAAAAAAAAAAAAAAAAAAA11111111111111111IIIIIIIIIIII
AAAAAAAAAAAAAAAAAAAAAAAAAAAAAAAAAAAA11111111111111111IIIIIIIIIII
AAAAAAAAAAAAAAAAAAAAAAAAAAAAAAAAAAAA1A111111111111111I1IIIIIIIII
AAAAAAAAAAAAAAAAAAAAAAAAAAAAAAAAAAAA1AA11111111111111I11IIIIIIII
AAAAAAAAAAAAAAAAAAAAAAAAAAAAAAAAAAAA1AAA1111111111111I111IIIIIII
AAAAAAAAAAAAAAAAAAAAAAAAAAAAAAAAAAAAAAAA11111111111111111IIIIIII
AAAAAAAAAAAAAAAAAAAAAAAAAAAAAAAAAAAAAAAAA11111111111111111IIIIII
AAAAAAAAAAAAAAAAAAAAAAAAAAAAAAAAAAAAAAAAAA11111111111111111IIIII
AAAAAAAAAAAAAAAAAAAAAAAAAAAAAAAAAAAAAAAAAA1A111111111111111I1III
AAAAAAAAAAAAAAAAAAAAAAAAAAAAAAAAAAAAAAAAAA1AA11111111111111I11II
AAAAAAAAAAAAAAAAAAAAAAAAAAAAAAAAAAAAAAAAAA1AAA1111111111111I111I
AAAAAAAAAAAAAAAAAAAAAAAAAAAAAAAAAAAAAAAAAAAAAA11111111111111111I
AAAAAAAAAAAAAAAAAAAAAAAAAAAAAAAAAAAAAAAAAAAAAAA11111111111111111
AAAAAAAAAAAAAAAAAAAAAAAAAAAAAAAAAAAAAAAAAAAAAAAA1111111111111111
AAAAAAAAAAAAAAAAAAAAAAAAAAAAAAAAAAAAAAAAAAAAAAAA1A11111111111111
AAAAAAAAAAAAAAAAAAAAAAAAAAAAAAAAAAAAAAAAAAAAAAAA1AA1111111111111
AAAAAAAAAAAAAAAAAAAAAAAAAAAAAAAAAAAAAAAAAAAAAAAA1AAA111111111111
AAAAAAAAAAAAAAAAAAAAAAAAAAAAAAAAAAAAAAAAAAAAAAAAAAAA111111111111
AAAAAAAAAAAAAAAAAAAAAAAAAAAAAAAAAAAAAAAAAAAAAAAAAAAAA11111111111
AAAAAAAAAAAAAAAAAAAAAAAAAAAAAAAAAAAAAAAAAAAAAAAAAAAAAA1111111111
AAAAAAAAAAAAAAAAAAAAAAAAAAAAAAAAAAAAAAAAAAAAAAAAAAAAAA1A11111111
AAAAAAAAAAAAAAAAAAAAAAAAAAAAAAAAAAAAAAAAAAAAAAAAAAAAAA1AA1111111
AAAAAAAAAAAAAAAAAAAAAAAAAAAAAAAAAAAAAAAAAAAAAAAAAAAAAA1AAA111111
AAAAAAAAAAAAAAAAAAAAAAAAAAAAAAAAAAAAAAAAAAAAAAAAAAAAAAAAAA111111
AAAAAAAAAAAAAAAAAAAAAAAAAAAAAAAAAAAAAAAAAAAAAAAAAAAAAAAAAAA11111
AAAAAAAAAAAAAAAAAAAAAAAAAAAAAAAAAAAAAAAAAAAAAAAAAAAAAAAAAAAA1111
AAAAAAAAAAAAAAAAAAAAAAAAAAAAAAAAAAAAAAAAAAAAAAAAAAAAAAAAAAAA1A11
AAAAAAAAAAAAAAAAAAAAAAAAAAAAAAAAAAAAAAAAAAAAAAAAAAAAAAAAAAAA1AA1
AAAAAAAAAAAAAAAAAAAAAAAAAAAAAAAAAAAAAAAAAAAAAAAAAAAAAAAAAAAA1AAA
AAAAAAAAAAAAAAAAAAAAAAAAAAAAAAAAAAAAAAAAAAAAAAAAAAAAAAAAAAAAAAAA
AIIII11III111III11IIIIIIIIIIIIIIIIIIIIIIIIIIIIIIIIIIIIIIIIIIIIII
AAIII111II111III11IIIIIIIIIIIIIIIIIIIIIIIIIIIIIIIIIIIIIIIIIIIIII
AAAII111II111III11IIIIIIIIIIIIIIIIIIIIIIIIIIIIIIIIIIIIIIIIIIIIII
AAAAI111II111III11IIIIIIIIIIIIIIIIIIIIIIIIIIIIIIIIIIIIIIIIIIIIII
AAAAA111I1111I1111II11IIIIIIIIIIIIIIIIIIIIIIIIIIIIIIIIIIIIIIIIII
AAAAA11111111111111I11IIIIIIIIIIIIIIIIIIIIIIIIIIIIIIIIIIIIIIIIII
AAAAAA1111111111111I111IIIIIIIIIIIIIIIIIIIIIIIIIIIIIIIIIIIIIIIII
AAAAAA1A11111111111111111IIIIIIIIIIIIIIIIIIIIIIIIIIIIIIIIIIIIIII
AAAAAA1AA11111111111111111IIIIIIIIIIIIIIIIIIIIIIIIIIIIIIIIIIIIII
AAAAAA1AAA11111111111111111IIIIIIIIIIIIIIIIIIIIIIIIIIIIIIIIIIIII
AAAAAAAAAA11111111111111111IIIIIIIIIIIIIIIIIIIIIIIIIIIIIIIIIIIII
AAAAAAAAAAA11111111111111111IIIIIIIIIIIIIIIIIIIIIIIIIIIIIIIIIIII
AAAAAAAAAAAA11111111111111111IIIIIIIIIIIIIIIIIIIIIIIIIIIIIIIIIII
AAAAAAAAAAAA1A11111111111111111IIIIIIIIIIIIIIIIIIIIIIIIIIIIIIIII
AAAAAAAAAAAA1AA11111111111111111IIIIIIIIIIIIIIIIIIIIIIIIIIIIIIII
AAAAAAAAAAAA1AAA11111111111111111IIIIIIIIIIIIIIIIIIIIIIIIIIIIIII
AAAAAAAAAAAAAAAA11111111111111111IIIIIIIIIIIIIIIIIIIIIIIIIIIIIII
AAAAAAAAAAAAAAAAA11111111111111111IIIIIIIIIIIIIIIIIIIIIIIIIIIIII
AAAAAAAAAAAAAAAAAA11111111111111111IIIIIIIIIIIIIIIIIIIIIIIIIIIII
AAAAAAAAAAAAAAAAAA1A11111111111111111IIIIIIIIIIIIIIIIIIIIIIIIIII
AAAAAAAAAAAAAAAAAA1AA11111111111111111IIIIIIIIIIIIIIIIIIIIIIIIII
AAAAAAAAAAAAAAAAAA1AAA11111111111111111IIIIIIIIIIIIIIIIIIIIIIIII
AAAAAAAAAAAAAAAAAAAAAA11111111111111111IIIIIIIIIIIIIIIIIIIIIIIII
AAAAAAAAAAAAAAAAAAAAAAA11111111111111111IIIIIIIIIIIIIIIIIIIIIIII
AAAAAAAAAAAAAAAAAAAAAAAA11111111111111111IIIIIIIIIIIIIIIIIIIIIII
AAAAAAAAAAAAAAAAAAAAAAAA1A11111111111111111IIIIIIIIIIIIIIIIIIIII
AAAAAAAAAAAAAAAAAAAAAAAA1AA11111111111111111IIIIIIIIIIIIIIIIIIII
AAAAAAAAAAAAAAAAAAAAAAAA1AAA11111111111111111IIIIIIIIIIIIIIIIIII
AAAAAAAAAAAAAAAAAAAAAAAAAAAA11111111111111111IIIIIIIIIIIIIIIIIII
AAAAAAAAAAAAAAAAAAAAAAAAAAAAA11111111111111111IIIIIIIIIIIIIIIIII
AAAAAAAAAAAAAAAAAAAAAAAAAAAAAA11111111111111111IIIIIIIIIIIIIIIII
AAAAAAAAAAAAAAAAAAAAAAAAAAAAAA1A11111111111111111IIIIIIIIIIIIIII
AAAAAAAAAAAAAAAAAAAAAAAAAAAAAA1AA11111111111111111IIIIIIIIIIIIII
AAAAAAAAAAAAAAAAAAAAAAAAAAAAAA1AAA11111111111111111IIIIIIIIIIIII
AAAAAAAAAAAAAAAAAAAAAAAAAAAAAAAAAA11111111111111111IIIIIIIIIIIII
AAAAAAAAAAAAAAAAAAAAAAAAAAAAAAAAAAA11111111111111111IIIIIIIIIIII
AAAAAAAAAAAAAAAAAAAAAAAAAAAAAAAAAAAA11111111111111111IIIIIIIIIII
AAAAAAAAAAAAAAAAAAAAAAAAAAAAAAAAAAAA1A11111111111111111IIIIIIIII
AAAAAAAAAAAAAAAAAAAAAAAAAAAAAAAAAAAA1AA11111111111111111IIIIIIII
AAAAAAAAAAAAAAAAAAAAAAAAAAAAAAAAAAAA1AAA11111111111111111IIIIIII
AAAAAAAAAAAAAAAAAAAAAAAAAAAAAAAAAAAAAAAA11111111111111111IIIIIII
AAAAAAAAAAAAAAAAAAAAAAAAAAAAAAAAAAAAAAAAA11111111111111111IIIIII
AAAAAAAAAAAAAAAAAAAAAAAAAAAAAAAAAAAAAAAAAA11111111111111111IIIII
AAAAAAAAAAAAAAAAAAAAAAAAAAAAAAAAAAAAAAAAAA1A11111111111111111III
AAAAAAAAAAAAAAAAAAAAAAAAAAAAAAAAAAAAAAAAAA1AA11111111111111111II
AAAAAAAAAAAAAAAAAAAAAAAAAAAAAAAAAAAAAAAAAA1AAA11111111111111111I
AAAAAAAAAAAAAAAAAAAAAAAAAAAAAAAAAAAAAAAAAAAAAA11111111111111111I
AAAAAAAAAAAAAAAAAAAAAAAAAAAAAAAAAAAAAAAAAAAAAAA11111111111111111
AAAAAAAAAAAAAAAAAAAAAAAAAAAAAAAAAAAAAAAAAAAAAAAA1111111111111111
AAAAAAAAAAAAAAAAAAAAAAAAAAAAAAAAAAAAAAAAAAAAAAAA1A11111111111111
AAAAAAAAAAAAAAAAAAAAAAAAAAAAAAAAAAAAAAAAAAAAAAAA1AA1111111111111
AAAAAAAAAAAAAAAAAAAAAAAAAAAAAAAAAAAAAAAAAAAAAAAA1AAA111111111111
AAAAAAAAAAAAAAAAAAAAAAAAAAAAAAAAAAAAAAAAAAAAAAAAAAAA111111111111
AAAAAAAAAAAAAAAAAAAAAAAAAAAAAAAAAAAAAAAAAAAAAAAAAAAAA11111111111
AAAAAAAAAAAAAAAAAAAAAAAAAAAAAAAAAAAAAAAAAAAAAAAAAAAAAA1111111111
AAAAAAAAAAAAAAAAAAAAAAAAAAAAAAAAAAAAAAAAAAAAAAAAAAAAAA1A11111111
AAAAAAAAAAAAAAAAAAAAAAAAAAAAAAAAAAAAAAAAAAAAAAAAAAAAAA1AA1111111
AAAAAAAAAAAAAAAAAAAAAAAAAAAAAAAAAAAAAAAAAAAAAAAAAAAAAA1AAA111111
AAAAAAAAAAAAAAAAAAAAAAAAAAAAAAAAAAAAAAAAAAAAAAAAAAAAAAAAAA111111
AAAAAAAAAAAAAAAAAAAAAAAAAAAAAAAAAAAAAAAAAAAAAAAAAAAAAAAAAAA11111
AAAAAAAAAAAAAAAAAAAAAAAAAAAAAAAAAAAAAAAAAAAAAAAAAAAAAAAAAAAA1111
AAAAAAAAAAAAAAAAAAAAAAAAAAAAAAAAAAAAAAAAAAAAAAAAAAAAAAAAAAAA1A11
AAAAAAAAAAAAAAAAAAAAAAAAAAAAAAAAAAAAAAAAAAAAAAAAAAAAAAAAAAAA1AA1
AAAAAAAAAAAAAAAAAAAAAAAAAAAAAAAAAAAAAAAAAAAAAAAAAAAAAAAAAAAA1AAA
AAAAAAAAAAAAAAAAAAAAAAAAAAAAAAAAAAAAAAAAAAAAAAAAAAAAAAAAAAAAAAAA
AI1II11I1I111I1IIIIIIIIIIIIIIIIIIIIIIIIIIIIIIIIIIIIIIIIIIIIIIIII
AA1II11I1I111I1IIIIIIIIIIIIIIIIIIIIIIIIIIIIIIIIIIIIIIIIIIIIIIIII
AAAII11I1I111I1IIIIIIIIIIIIIIIIIIIIIIIIIIIIIIIIIIIIIIIIIIIIIIIII
AAAAI11I1I111I1IIIIIIIIIIIIIIIIIIIIIIIIIIIIIIIIIIIIIIIIIIIIIIIII
AAAAA11I11111I111I1I111IIIIIIIIIIIIIIIIIIIIIIIIIIIIIIIIIIIIIIIII
AAAAA11111111I111I1I111IIIIIIIIIIIIIIIIIIIIIIIIIIIIIIIIIIIIIIIII
AAAAAA111111111111111111IIIIIIIIIIIIIIIIIIIIIIIIIIIIIIIIIIIIIIII
AAAAAA1A111111111111111111IIIIIIIIIIIIIIIIIIIIIIIIIIIIIIIIIIIIII
AAAAAA1AA111111111111111111IIIIIIIIIIIIIIIIIIIIIIIIIIIIIIIIIIIII
AAAAAA1AAA111111111111111111IIIIIIIIIIIIIIIIIIIIIIIIIIIIIIIIIIII
AAAAAAAAAA111111111111111111IIIIIIIIIIIIIIIIIIIIIIIIIIIIIIIIIIII
AAAAAAAAAAA111111111111111111IIIIIIIIIIIIIIIIIIIIIIIIIIIIIIIIIII
AAAAAAAAAAAA111111111111111111IIIIIIIIIIIIIIIIIIIIIIIIIIIIIIIIII
AAAAAAAAAAAA1A111111111111111111IIIIIIIIIIIIIIIIIIIIIIIIIIIIIIII
AAAAAAAAAAAA1AA111111111111111111IIIIIIIIIIIIIIIIIIIIIIIIIIIIIII
AAAAAAAAAAAA1AAA111111111111111111IIIIIIIIIIIIIIIIIIIIIIIIIIIIII
AAAAAAAAAAAAAAAA111111111111111111IIIIIIIIIIIIIIIIIIIIIIIIIIIIII
AAAAAAAAAAAAAAAAA111111111111111111IIIIIIIIIIIIIIIIIIIIIIIIIIIII
AAAAAAAAAAAAAAAAAA111111111111111111IIIIIIIIIIIIIIIIIIIIIIIIIIII
AAAAAAAAAAAAAAAAAA1A111111111111111111IIIIIIIIIIIIIIIIIIIIIIIIII
AAAAAAAAAAAAAAAAAA1AA111111111111111111IIIIIIIIIIIIIIIIIIIIIIIII
AAAAAAAAAAAAAAAAAA1AAA111111111111111111IIIIIIIIIIIIIIIIIIIIIIII
AAAAAAAAAAAAAAAAAAAAAA111111111111111111IIIIIIIIIIIIIIIIIIIIIIII
AAAAAAAAAAAAAAAAAAAAAAA111111111111111111IIIIIIIIIIIIIIIIIIIIIII
AAAAAAAAAAAAAAAAAAAAAAAA111111111111111111IIIIIIIIIIIIIIIIIIIIII
AAAAAAAAAAAAAAAAAAAAAAAA1A111111111111111111IIIIIIIIIIIIIIIIIIII
AAAAAAAAAAAAAAAAAAAAAAAA1AA111111111111111111IIIIIIIIIIIIIIIIIII
AAAAAAAAAAAAAAAAAAAAAAAA1AAA111111111111111111IIIIIIIIIIIIIIIIII
AAAAAAAAAAAAAAAAAAAAAAAAAAAA111111111111111111IIIIIIIIIIIIIIIIII
AAAAAAAAAAAAAAAAAAAAAAAAAAAAA111111111111111111IIIIIIIIIIIIIIIII
AAAAAAAAAAAAAAAAAAAAAAAAAAAAAA111111111111111111IIIIIIIIIIIIIIII
AAAAAAAAAAAAAAAAAAAAAAAAAAAAAA1A111111111111111111IIIIIIIIIIIIII
AAAAAAAAAAAAAAAAAAAAAAAAAAAAAA1AA111111111111111111IIIIIIIIIIIII
AAAAAAAAAAAAAAAAAAAAAAAAAAAAAA1AAA111111111111111111IIIIIIIIIIII
AAAAAAAAAAAAAAAAAAAAAAAAAAAAAAAAAA111111111111111111IIIIIIIIIIII
AAAAAAAAAAAAAAAAAAAAAAAAAAAAAAAAAAA111111111111111111IIIIIIIIIII
AAAAAAAAAAAAAAAAAAAAAAAAAAAAAAAAAAAA111111111111111111IIIIIIIIII
AAAAAAAAAAAAAAAAAAAAAAAAAAAAAAAAAAAA1A111111111111111111IIIIIIII
AAAAAAAAAAAAAAAAAAAAAAAAAAAAAAAAAAAA1AA111111111111111111IIIIIII
AAAAAAAAAAAAAAAAAAAAAAAAAAAAAAAAAAAA1AAA111111111111111111IIIIII
AAAAAAAAAAAAAAAAAAAAAAAAAAAAAAAAAAAAAAAA111111111111111111IIIIII
AAAAAAAAAAAAAAAAAAAAAAAAAAAAAAAAAAAAAAAAA111111111111111111IIIII
AAAAAAAAAAAAAAAAAAAAAAAAAAAAAAAAAAAAAAAAAA111111111111111111IIII
AAAAAAAAAAAAAAAAAAAAAAAAAAAAAAAAAAAAAAAAAA1A111111111111111111II
AAAAAAAAAAAAAAAAAAAAAAAAAAAAAAAAAAAAAAAAAA1AA111111111111111111I
AAAAAAAAAAAAAAAAAAAAAAAAAAAAAAAAAAAAAAAAAA1AAA111111111111111111
AAAAAAAAAAAAAAAAAAAAAAAAAAAAAAAAAAAAAAAAAAAAAA111111111111111111
AAAAAAAAAAAAAAAAAAAAAAAAAAAAAAAAAAAAAAAAAAAAAAA11111111111111111
AAAAAAAAAAAAAAAAAAAAAAAAAAAAAAAAAAAAAAAAAAAAAAAA1111111111111111
AAAAAAAAAAAAAAAAAAAAAAAAAAAAAAAAAAAAAAAAAAAAAAAA1A11111111111111
AAAAAAAAAAAAAAAAAAAAAAAAAAAAAAAAAAAAAAAAAAAAAAAA1AA1111111111111
AAAAAAAAAAAAAAAAAAAAAAAAAAAAAAAAAAAAAAAAAAAAAAAA1AAA111111111111
AAAAAAAAAAAAAAAAAAAAAAAAAAAAAAAAAAAAAAAAAAAAAAAAAAAA111111111111
AAAAAAAAAAAAAAAAAAAAAAAAAAAAAAAAAAAAAAAAAAAAAAAAAAAAA11111111111
AAAAAAAAAAAAAAAAAAAAAAAAAAAAAAAAAAAAAAAAAAAAAAAAAAAAAA1111111111
AAAAAAAAAAAAAAAAAAAAAAAAAAAAAAAAAAAAAAAAAAAAAAAAAAAAAAA111111111
AAAAAAAAAAAAAAAAAAAAAAAAAAAAAAAAAAAAAAAAAAAAAAAAAAAAAAA1A1111111
AAAAAAAAAAAAAAAAAAAAAAAAAAAAAAAAAAAAAAAAAAAAAAAAAAAAAAA1AA111111
AAAAAAAAAAAAAAAAAAAAAAAAAAAAAAAAAAAAAAAAAAAAAAAAAAAAAAAAAA111111
AAAAAAAAAAAAAAAAAAAAAAAAAAAAAAAAAAAAAAAAAAAAAAAAAAAAAAAAAAA11111
AAAAAAAAAAAAAAAAAAAAAAAAAAAAAAAAAAAAAAAAAAAAAAAAAAAAAAAAAAAA1111
AAAAAAAAAAAAAAAAAAAAAAAAAAAAAAAAAAAAAAAAAAAAAAAAAAAAAAAAAAAA1A11
AAAAAAAAAAAAAAAAAAAAAAAAAAAAAAAAAAAAAAAAAAAAAAAAAAAAAAAAAAAA1AA1
AAAAAAAAAAAAAAAAAAAAAAAAAAAAAAAAAAAAAAAAAAAAAAAAAAAAAAAAAAAA1AAA
AAAAAAAAAAAAAAAAAAAAAAAAAAAAAAAAAAAAAAAAAAAAAAAAAAAAAAAAAAAAAAAA
AIIII11IIII11IIII1IIIIIIIIIIIIIIIIIIIIIIIIIIIIIIIIIIIIIIIIIIIIII
AAIII111III111III11IIIIIIIIIIIIIIIIIIIIIIIIIIIIIIIIIIIIIIIIIIIII
AAAII111III111III11IIIIIIIIIIIIIIIIIIIIIIIIIIIIIIIIIIIIIIIIIIIII
AAAAI111III111III11IIIIIIIIIIIIIIIIIIIIIIIIIIIIIIIIIIIIIIIIIIIII
AAAAA111I11111I1111II1IIIIIIIIIIIIIIIIIIIIIIIIIIIIIIIIIIIIIIIIII
AAAAA111111111111111I1IIIIIIIIIIIIIIIIIIIIIIIIIIIIIIIIIIIIIIIIII
AAAAAA11111111111111I11IIIIIIIIIIIIIIIIIIIIIIIIIIIIIIIIIIIIIIIII
AAAAAA1A111111111111I11I1IIIIIIIIIIIIIIIIIIIIIIIIIIIIIIIIIIIIIII
AAAAAA1AA11111111111111I11IIIIIIIIIIIIIIIIIIIIIIIIIIIIIIIIIIIIII
AAAAAA1AAA1111111111111I111IIIIIIIIIIIIIIIIIIIIIIIIIIIIIIIIIIIII
AAAAAAAAAA11111111111111111IIIIIIIIIIIIIIIIIIIIIIIIIIIIIIIIIIIII
AAAAAAAAAAA11111111111111111IIIIIIIIIIIIIIIIIIIIIIIIIIIIIIIIIIII
AAAAAAAAAAAA11111111111111111IIIIIIIIIIIIIIIIIIIIIIIIIIIIIIIIIII
AAAAAAAAAAAA1A111111111111111I1IIIIIIIIIIIIIIIIIIIIIIIIIIIIIIIII
AAAAAAAAAAAA1AA11111111111111I11IIIIIIIIIIIIIIIIIIIIIIIIIIIIIIII
AAAAAAAAAAAA1AAA1111111111111I111IIIIIIIIIIIIIIIIIIIIIIIIIIIIIII
AAAAAAAAAAAAAAAA11111111111111111IIIIIIIIIIIIIIIIIIIIIIIIIIIIIII
AAAAAAAAAAAAAAAAA11111111111111111IIIIIIIIIIIIIIIIIIIIIIIIIIIIII
AAAAAAAAAAAAAAAAAA11111111111111111IIIIIIIIIIIIIIIIIIIIIIIIIIIII
AAAAAAAAAAAAAAAAAA1A111111111111111I1IIIIIIIIIIIIIIIIIIIIIIIIIII
AAAAAAAAAAAAAAAAAA1AA11111111111111I11IIIIIIIIIIIIIIIIIIIIIIIIII
AAAAAAAAAAAAAAAAAA1AAA1111111111111I111IIIIIIIIIIIIIIIIIIIIIIIII
AAAAAAAAAAAAAAAAAAAAAA11111111111111111IIIIIIIIIIIIIIIIIIIIIIIII
AAAAAAAAAAAAAAAAAAAAAAA11111111111111111IIIIIIIIIIIIIIIIIIIIIIII
AAAAAAAAAAAAAAAAAAAAAAAA11111111111111111IIIIIIIIIIIIIIIIIIIIIII
AAAAAAAAAAAAAAAAAAAAAAAA1A111111111111111I1IIIIIIIIIIIIIIIIIIIII
AAAAAAAAAAAAAAAAAAAAAAAA1AA11111111111111I11IIIIIIIIIIIIIIIIIIII
AAAAAAAAAAAAAAAAAAAAAAAA1AAA1111111111111I111IIIIIIIIIIIIIIIIIII
AAAAAAAAAAAAAAAAAAAAAAAAAAAA11111111111111111IIIIIIIIIIIIIIIIIII
AAAAAAAAAAAAAAAAAAAAAAAAAAAAA11111111111111111IIIIIIIIIIIIIIIIII
AAAAAAAAAAAAAAAAAAAAAAAAAAAAAA11111111111111111IIIIIIIIIIIIIIIII
AAAAAAAAAAAAAAAAAAAAAAAAAAAAAA1A111111111111111I1IIIIIIIIIIIIIII
AAAAAAAAAAAAAAAAAAAAAAAAAAAAAA1AA11111111111111I11IIIIIIIIIIIIII
AAAAAAAAAAAAAAAAAAAAAAAAAAAAAA1AAA1111111111111I111IIIIIIIIIIIII
AAAAAAAAAAAAAAAAAAAAAAAAAAAAAAAAAA11111111111111111IIIIIIIIIIIII
AAAAAAAAAAAAAAAAAAAAAAAAAAAAAAAAAAA11111111111111111IIIIIIIIIIII
AAAAAAAAAAAAAAAAAAAAAAAAAAAAAAAAAAAA11111111111111111IIIIIIIIIII
AAAAAAAAAAAAAAAAAAAAAAAAAAAAAAAAAAAA1A111111111111111I1IIIIIIIII
AAAAAAAAAAAAAAAAAAAAAAAAAAAAAAAAAAAA1AA11111111111111I11IIIIIIII
AAAAAAAAAAAAAAAAAAAAAAAAAAAAAAAAAAAA1AAA1111111111111I111IIIIIII
AAAAAAAAAAAAAAAAAAAAAAAAAAAAAAAAAAAAAAAA11111111111111111IIIIIII
AAAAAAAAAAAAAAAAAAAAAAAAAAAAAAAAAAAAAAAAA11111111111111111IIIIII
AAAAAAAAAAAAAAAAAAAAAAAAAAAAAAAAAAAAAAAAAA11111111111111111IIIII
AAAAAAAAAAAAAAAAAAAAAAAAAAAAAAAAAAAAAAAAAA1A111111111111111I1III
AAAAAAAAAAAAAAAAAAAAAAAAAAAAAAAAAAAAAAAAAA1AA11111111111111I11II
AAAAAAAAAAAAAAAAAAAAAAAAAAAAAAAAAAAAAAAAAA1AAA1111111111111I111I
AAAAAAAAAAAAAAAAAAAAAAAAAAAAAAAAAAAAAAAAAAAAAA11111111111111111I
AAAAAAAAAAAAAAAAAAAAAAAAAAAAAAAAAAAAAAAAAAAAAAA11111111111111111
AAAAAAAAAAAAAAAAAAAAAAAAAAAAAAAAAAAAAAAAAAAAAAAA1111111111111111
AAAAAAAAAAAAAAAAAAAAAAAAAAAAAAAAAAAAAAAAAAAAAAAA1A11111111111111
AAAAAAAAAAAAAAAAAAAAAAAAAAAAAAAAAAAAAAAAAAAAAAAA1AA1111111111111
AAAAAAAAAAAAAAAAAAAAAAAAAAAAAAAAAAAAAAAAAAAAAAAA1AAA111111111111
AAAAAAAAAAAAAAAAAAAAAAAAAAAAAAAAAAAAAAAAAAAAAAAAAAAA111111111111
AAAAAAAAAAAAAAAAAAAAAAAAAAAAAAAAAAAAAAAAAAAAAAAAAAAAA11111111111
AAAAAAAAAAAAAAAAAAAAAAAAAAAAAAAAAAAAAAAAAAAAAAAAAAAAAA1111111111
AAAAAAAAAAAAAAAAAAAAAAAAAAAAAAAAAAAAAAAAAAAAAAAAAAAAAA1A11111111
AAAAAAAAAAAAAAAAAAAAAAAAAAAAAAAAAAAAAAAAAAAAAAAAAAAAAA1AA1111111
AAAAAAAAAAAAAAAAAAAAAAAAAAAAAAAAAAAAAAAAAAAAAAAAAAAAAA1AAA111111
AAAAAAAAAAAAAAAAAAAAAAAAAAAAAAAAAAAAAAAAAAAAAAAAAAAAAAAAAA111111
AAAAAAAAAAAAAAAAAAAAAAAAAAAAAAAAAAAAAAAAAAAAAAAAAAAAAAAAAAA11111
AAAAAAAAAAAAAAAAAAAAAAAAAAAAAAAAAAAAAAAAAAAAAAAAAAAAAAAAAAAA1111
AAAAAAAAAAAAAAAAAAAAAAAAAAAAAAAAAAAAAAAAAAAAAAAAAAAAAAAAAAAA1A11
AAAAAAAAAAAAAAAAAAAAAAAAAAAAAAAAAAAAAAAAAAAAAAAAAAAAAAAAAAAA1AA1
AAAAAAAAAAAAAAAAAAAAAAAAAAAAAAAAAAAAAAAAAAAAAAAAAAAAAAAAAAAA1AAA
AAAAAAAAAAAAAAAAAAAAAAAAAAAAAAAAAAAAAAAAAAAAAAAAAAAAAAAAAAAAAAAA
AIII111III111III11IIIIIIIIIIIIIIIIIIIIIIIIIIIIIIIIIIIIIIIIIIIIII
AAII111III111III11IIIIIIIIIIIIIIIIIIIIIIIIIIIIIIIIIIIIIIIIIIIIII
AAAI111III111III11IIIIIIIIIIIIIIIIIIIIIIIIIIIIIIIIIIIIIIIIIIIIII
AAAA111III111III11IIIIIIIIIIIIIIIIIIIIIIIIIIIIIIIIIIIIIIIIIIIIII
AAAAA11I11111I1111II11IIIIIIIIIIIIIIIIIIIIIIIIIIIIIIIIIIIIIIIIII
AAAAA1111111111111II11IIIIIIIIIIIIIIIIIIIIIIIIIIIIIIIIIIIIIIIIII
AAAAAA111111111111II111IIIIIIIIIIIIIIIIIIIIIIIIIIIIIIIIIIIIIIIII
AAAAAA1A11111111111111111IIIIIIIIIIIIIIIIIIIIIIIIIIIIIIIIIIIIIII
AAAAAA1AA11111111111111111IIIIIIIIIIIIIIIIIIIIIIIIIIIIIIIIIIIIII
AAAAAA1AAA11111111111111111IIIIIIIIIIIIIIIIIIIIIIIIIIIIIIIIIIIII
AAAAAAAAAA11111111111111111IIIIIIIIIIIIIIIIIIIIIIIIIIIIIIIIIIIII
AAAAAAAAAAA11111111111111111IIIIIIIIIIIIIIIIIIIIIIIIIIIIIIIIIIII
AAAAAAAAAAAA11111111111111111IIIIIIIIIIIIIIIIIIIIIIIIIIIIIIIIIII
AAAAAAAAAAAA1A11111111111111111IIIIIIIIIIIIIIIIIIIIIIIIIIIIIIIII
AAAAAAAAAAAA1AA11111111111111111IIIIIIIIIIIIIIIIIIIIIIIIIIIIIIII
AAAAAAAAAAAA1AAA11111111111111111IIIIIIIIIIIIIIIIIIIIIIIIIIIIIII
AAAAAAAAAAAAAAAA11111111111111111IIIIIIIIIIIIIIIIIIIIIIIIIIIIIII
AAAAAAAAAAAAAAAAA11111111111111111IIIIIIIIIIIIIIIIIIIIIIIIIIIIII
AAAAAAAAAAAAAAAAAA11111111111111111IIIIIIIIIIIIIIIIIIIIIIIIIIIII
AAAAAAAAAAAAAAAAAA1A11111111111111111IIIIIIIIIIIIIIIIIIIIIIIIIII
AAAAAAAAAAAAAAAAAAAA11111111111111111IIIIIIIIIIIIIIIIIIIIIIIIIII
AAAAAAAAAAAAAAAAAAAAA11111111111111111IIIIIIIIIIIIIIIIIIIIIIIIII
AAAAAAAAAAAAAAAAAAAAAA11111111111111111IIIIIIIIIIIIIIIIIIIIIIIII
AAAAAAAAAAAAAAAAAAAAAAA11111111111111111IIIIIIIIIIIIIIIIIIIIIIII
AAAAAAAAAAAAAAAAAAAAAAAA11111111111111111IIIIIIIIIIIIIIIIIIIIIII
AAAAAAAAAAAAAAAAAAAAAAAA1A11111111111111111IIIIIIIIIIIIIIIIIIIII
AAAAAAAAAAAAAAAAAAAAAAAA1AA11111111111111111IIIIIIIIIIIIIIIIIIII
AAAAAAAAAAAAAAAAAAAAAAAA1AAA11111111111111111IIIIIIIIIIIIIIIIIII
AAAAAAAAAAAAAAAAAAAAAAAAAAAA11111111111111111IIIIIIIIIIIIIIIIIII
AAAAAAAAAAAAAAAAAAAAAAAAAAAAA11111111111111111IIIIIIIIIIIIIIIIII
AAAAAAAAAAAAAAAAAAAAAAAAAAAAAA11111111111111111IIIIIIIIIIIIIIIII
AAAAAAAAAAAAAAAAAAAAAAAAAAAAAA1A11111111111111111IIIIIIIIIIIIIII
AAAAAAAAAAAAAAAAAAAAAAAAAAAAAA1AA11111111111111111IIIIIIIIIIIIII
AAAAAAAAAAAAAAAAAAAAAAAAAAAAAA1AAA11111111111111111IIIIIIIIIIIII
AAAAAAAAAAAAAAAAAAAAAAAAAAAAAAAAAA11111111111111111IIIIIIIIIIIII
AAAAAAAAAAAAAAAAAAAAAAAAAAAAAAAAAAA11111111111111111IIIIIIIIIIII
AAAAAAAAAAAAAAAAAAAAAAAAAAAAAAAAAAAA11111111111111111IIIIIIIIIII
AAAAAAAAAAAAAAAAAAAAAAAAAAAAAAAAAAAA1A11111111111111111IIIIIIIII
AAAAAAAAAAAAAAAAAAAAAAAAAAAAAAAAAAAA1AA11111111111111111IIIIIIII
AAAAAAAAAAAAAAAAAAAAAAAAAAAAAAAAAAAA1AAA11111111111111111IIIIIII
AAAAAAAAAAAAAAAAAAAAAAAAAAAAAAAAAAAAAAAA11111111111111111IIIIIII
AAAAAAAAAAAAAAAAAAAAAAAAAAAAAAAAAAAAAAAAA11111111111111111IIIIII
AAAAAAAAAAAAAAAAAAAAAAAAAAAAAAAAAAAAAAAAAA11111111111111111IIIII
AAAAAAAAAAAAAAAAAAAAAAAAAAAAAAAAAAAAAAAAAA1A11111111111111111III
AAAAAAAAAAAAAAAAAAAAAAAAAAAAAAAAAAAAAAAAAA1AA11111111111111111II
AAAAAAAAAAAAAAAAAAAAAAAAAAAAAAAAAAAAAAAAAA1AAA11111111111111111I
AAAAAAAAAAAAAAAAAAAAAAAAAAAAAAAAAAAAAAAAAAAAAA11111111111111111I
AAAAAAAAAAAAAAAAAAAAAAAAAAAAAAAAAAAAAAAAAAAAAAA11111111111111111
AAAAAAAAAAAAAAAAAAAAAAAAAAAAAAAAAAAAAAAAAAAAAAAA1111111111111111
AAAAAAAAAAAAAAAAAAAAAAAAAAAAAAAAAAAAAAAAAAAAAAAA1A11111111111111
AAAAAAAAAAAAAAAAAAAAAAAAAAAAAAAAAAAAAAAAAAAAAAAA1AA1111111111111
AAAAAAAAAAAAAAAAAAAAAAAAAAAAAAAAAAAAAAAAAAAAAAAA1AAA111111111111
AAAAAAAAAAAAAAAAAAAAAAAAAAAAAAAAAAAAAAAAAAAAAAAAAAAA111111111111
AAAAAAAAAAAAAAAAAAAAAAAAAAAAAAAAAAAAAAAAAAAAAAAAAAAAA11111111111
AAAAAAAAAAAAAAAAAAAAAAAAAAAAAAAAAAAAAAAAAAAAAAAAAAAAAA1111111111
AAAAAAAAAAAAAAAAAAAAAAAAAAAAAAAAAAAAAAAAAAAAAAAAAAAAAA1A11111111
AAAAAAAAAAAAAAAAAAAAAAAAAAAAAAAAAAAAAAAAAAAAAAAAAAAAAA1AA1111111
AAAAAAAAAAAAAAAAAAAAAAAAAAAAAAAAAAAAAAAAAAAAAAAAAAAAAA1AAA111111
AAAAAAAAAAAAAAAAAAAAAAAAAAAAAAAAAAAAAAAAAAAAAAAAAAAAAAAAAA111111
AAAAAAAAAAAAAAAAAAAAAAAAAAAAAAAAAAAAAAAAAAAAAAAAAAAAAAAAAAA11111
AAAAAAAAAAAAAAAAAAAAAAAAAAAAAAAAAAAAAAAAAAAAAAAAAAAAAAAAAAAA1111
AAAAAAAAAAAAAAAAAAAAAAAAAAAAAAAAAAAAAAAAAAAAAAAAAAAAAAAAAAAA1A11
AAAAAAAAAAAAAAAAAAAAAAAAAAAAAAAAAAAAAAAAAAAAAAAAAAAAAAAAAAAA1AA1
AAAAAAAAAAAAAAAAAAAAAAAAAAAAAAAAAAAAAAAAAAAAAAAAAAAAAAAAAAAA1AAA
AAAAAAAAAAAAAAAAAAAAAAAAAAAAAAAAAAAAAAAAAAAAAAAAAAAAAAAAAAAAAAAA
AIII111III111III11IIIIIIIIIIIIIIIIIIIIIIIIIIIIIIIIIIIIIIIIIIIIII
AAII111III111III11IIIIIIIIIIIIIIIIIIIIIIIIIIIIIIIIIIIIIIIIIIIIII
AAAI111III111III11IIIIIIIIIIIIIIIIIIIIIIIIIIIIIIIIIIIIIIIIIIIIII
AAAA111III111III11IIIIIIIIIIIIIIIIIIIIIIIIIIIIIIIIIIIIIIIIIIIIII
AAAAA11I11111I1111II11IIIIIIIIIIIIIIIIIIIIIIIIIIIIIIIIIIIIIIIIII
AAAAA1111111111111II11IIIIIIIIIIIIIIIIIIIIIIIIIIIIIIIIIIIIIIIIII
AAAAAA111111111111II111IIIIIIIIIIIIIIIIIIIIIIIIIIIIIIIIIIIIIIIII
AAAAAA1A11111111111111111IIIIIIIIIIIIIIIIIIIIIIIIIIIIIIIIIIIIIII
AAAAAA1AA11111111111111111IIIIIIIIIIIIIIIIIIIIIIIIIIIIIIIIIIIIII
AAAAAA1AAA11111111111111111IIIIIIIIIIIIIIIIIIIIIIIIIIIIIIIIIIIII
AAAAAAAAAA11111111111111111IIIIIIIIIIIIIIIIIIIIIIIIIIIIIIIIIIIII
AAAAAAAAAAA11111111111111111IIIIIIIIIIIIIIIIIIIIIIIIIIIIIIIIIIII
AAAAAAAAAAAA11111111111111111IIIIIIIIIIIIIIIIIIIIIIIIIIIIIIIIIII
AAAAAAAAAAAA1A11111111111111111IIIIIIIIIIIIIIIIIIIIIIIIIIIIIIIII
AAAAAAAAAAAA1AA11111111111111111IIIIIIIIIIIIIIIIIIIIIIIIIIIIIIII
AAAAAAAAAAAA1AAA11111111111111111IIIIIIIIIIIIIIIIIIIIIIIIIIIIIII
AAAAAAAAAAAAAAAA11111111111111111IIIIIIIIIIIIIIIIIIIIIIIIIIIIIII
AAAAAAAAAAAAAAAAA11111111111111111IIIIIIIIIIIIIIIIIIIIIIIIIIIIII
AAAAAAAAAAAAAAAAAA11111111111111111IIIIIIIIIIIIIIIIIIIIIIIIIIIII
AAAAAAAAAAAAAAAAAA1A11111111111111111IIIIIIIIIIIIIIIIIIIIIIIIIII
AAAAAAAAAAAAAAAAAA1AA11111111111111111IIIIIIIIIIIIIIIIIIIIIIIIII
AAAAAAAAAAAAAAAAAA1AAA11111111111111111IIIIIIIIIIIIIIIIIIIIIIIII
AAAAAAAAAAAAAAAAAAAAAA11111111111111111IIIIIIIIIIIIIIIIIIIIIIIII
AAAAAAAAAAAAAAAAAAAAAAA11111111111111111IIIIIIIIIIIIIIIIIIIIIIII
AAAAAAAAAAAAAAAAAAAAAAAA11111111111111111IIIIIIIIIIIIIIIIIIIIIII
AAAAAAAAAAAAAAAAAAAAAAAA1A11111111111111111IIIIIIIIIIIIIIIIIIIII
AAAAAAAAAAAAAAAAAAAAAAAA1AA11111111111111111IIIIIIIIIIIIIIIIIIII
AAAAAAAAAAAAAAAAAAAAAAAA1AAA11111111111111111IIIIIIIIIIIIIIIIIII
AAAAAAAAAAAAAAAAAAAAAAAAAAAA11111111111111111IIIIIIIIIIIIIIIIIII
AAAAAAAAAAAAAAAAAAAAAAAAAAAAA11111111111111111IIIIIIIIIIIIIIIIII
AAAAAAAAAAAAAAAAAAAAAAAAAAAAAA11111111111111111IIIIIIIIIIIIIIIII
AAAAAAAAAAAAAAAAAAAAAAAAAAAAAA1A11111111111111111IIIIIIIIIIIIIII
AAAAAAAAAAAAAAAAAAAAAAAAAAAAAA1AA11111111111111111IIIIIIIIIIIIII
AAAAAAAAAAAAAAAAAAAAAAAAAAAAAA1AAA11111111111111111IIIIIIIIIIIII
AAAAAAAAAAAAAAAAAAAAAAAAAAAAAAAAAA11111111111111111IIIIIIIIIIIII
AAAAAAAAAAAAAAAAAAAAAAAAAAAAAAAAAAA11111111111111111IIIIIIIIIIII
AAAAAAAAAAAAAAAAAAAAAAAAAAAAAAAAAAAA11111111111111111IIIIIIIIIII
AAAAAAAAAAAAAAAAAAAAAAAAAAAAAAAAAAAA1A11111111111111111IIIIIIIII
AAAAAAAAAAAAAAAAAAAAAAAAAAAAAAAAAAAA1AA11111111111111111IIIIIIII
AAAAAAAAAAAAAAAAAAAAAAAAAAAAAAAAAAAA1AAA11111111111111111IIIIIII
AAAAAAAAAAAAAAAAAAAAAAAAAAAAAAAAAAAAAAAA11111111111111111IIIIIII
AAAAAAAAAAAAAAAAAAAAAAAAAAAAAAAAAAAAAAAAA11111111111111111IIIIII
AAAAAAAAAAAAAAAAAAAAAAAAAAAAAAAAAAAAAAAAAA11111111111111111IIIII
AAAAAAAAAAAAAAAAAAAAAAAAAAAAAAAAAAAAAAAAAA1A11111111111111111III
AAAAAAAAAAAAAAAAAAAAAAAAAAAAAAAAAAAAAAAAAA1AA11111111111111111II
AAAAAAAAAAAAAAAAAAAAAAAAAAAAAAAAAAAAAAAAAA1AAA11111111111111111I
AAAAAAAAAAAAAAAAAAAAAAAAAAAAAAAAAAAAAAAAAAAAAA11111111111111111I
AAAAAAAAAAAAAAAAAAAAAAAAAAAAAAAAAAAAAAAAAAAAAAA11111111111111111
AAAAAAAAAAAAAAAAAAAAAAAAAAAAAAAAAAAAAAAAAAAAAAAA1111111111111111
AAAAAAAAAAAAAAAAAAAAAAAAAAAAAAAAAAAAAAAAAAAAAAAA1A11111111111111
AAAAAAAAAAAAAAAAAAAAAAAAAAAAAAAAAAAAAAAAAAAAAAAA1AA1111111111111
AAAAAAAAAAAAAAAAAAAAAAAAAAAAAAAAAAAAAAAAAAAAAAAA1AAA111111111111
AAAAAAAAAAAAAAAAAAAAAAAAAAAAAAAAAAAAAAAAAAAAAAAAAAAA111111111111
AAAAAAAAAAAAAAAAAAAAAAAAAAAAAAAAAAAAAAAAAAAAAAAAAAAAA11111111111
AAAAAAAAAAAAAAAAAAAAAAAAAAAAAAAAAAAAAAAAAAAAAAAAAAAAAA1111111111
AAAAAAAAAAAAAAAAAAAAAAAAAAAAAAAAAAAAAAAAAAAAAAAAAAAAAA1A11111111
AAAAAAAAAAAAAAAAAAAAAAAAAAAAAAAAAAAAAAAAAAAAAAAAAAAAAA1AA1111111
AAAAAAAAAAAAAAAAAAAAAAAAAAAAAAAAAAAAAAAAAAAAAAAAAAAAAA1AAA111111
AAAAAAAAAAAAAAAAAAAAAAAAAAAAAAAAAAAAAAAAAAAAAAAAAAAAAAAAAA111111
AAAAAAAAAAAAAAAAAAAAAAAAAAAAAAAAAAAAAAAAAAAAAAAAAAAAAAAAAAA11111
AAAAAAAAAAAAAAAAAAAAAAAAAAAAAAAAAAAAAAAAAAAAAAAAAAAAAAAAAAAA1111
AAAAAAAAAAAAAAAAAAAAAAAAAAAAAAAAAAAAAAAAAAAAAAAAAAAAAAAAAAAA1A11
AAAAAAAAAAAAAAAAAAAAAAAAAAAAAAAAAAAAAAAAAAAAAAAAAAAAAAAAAAAA1AA1
AAAAAAAAAAAAAAAAAAAAAAAAAAAAAAAAAAAAAAAAAAAAAAAAAAAAAAAAAAAA1AAA
AAAAAAAAAAAAAAAAAAAAAAAAAAAAAAAAAAAAAAAAAAAAAAAAAAAAAAAAAAAAAAAA
AI1II11I1III1I1IIIIIIIIIIIIIIIIIIIIIIIIIIIIIIIIIIIIIIIIIIIIIIIII
AA11I1111III1I1IIIIIIIIIIIIIIIIIIIIIIIIIIIIIIIIIIIIIIIIIIIIIIIII
AAA1I1111III1I1IIIIIIIIIIIIIIIIIIIIIIIIIIIIIIIIIIIIIIIIIIIIIIIII
AAAAI1111III1I1IIIIIIIIIIIIIIIIIIIIIIIIIIIIIIIIIIIIIIIIIIIIIIIII
AAAAA111111I1I1I1I1IIIIIIIIIIIIIIIIIIIIIIIIIIIIIIIIIIIIIIIIIIIII
AAAAAA111111111I1111IIIIIIIIIIIIIIIIIIIIIIIIIIIIIIIIIIIIIIIIIIII
AAAAAA1A111111111111I1IIIIIIIIIIIIIIIIIIIIIIIIIIIIIIIIIIIIIIIIII
AAAAAA1AA11111111111111IIIIIIIIIIIIIIIIIIIIIIIIIIIIIIIIIIIIIIIII
AAAAAA1AAA11111111111111IIIIIIIIIIIIIIIIIIIIIIIIIIIIIIIIIIIIIIII
AAAAAAAAAA11111111111111IIIIIIIIIIIIIIIIIIIIIIIIIIIIIIIIIIIIIIII
AAAAAAAAAAA11111111111111IIIIIIIIIIIIIIIIIIIIIIIIIIIIIIIIIIIIIII
AAAAAAAAAAAA11111111111111IIIIIIIIIIIIIIIIIIIIIIIIIIIIIIIIIIIIII
AAAAAAAAAAAA1A111111111111I1IIIIIIIIIIIIIIIIIIIIIIIIIIIIIIIIIIII
AAAAAAAAAAAA1AA11111111111111IIIIIIIIIIIIIIIIIIIIIIIIIIIIIIIIIII
AAAAAAAAAAAA1AAA11111111111111IIIIIIIIIIIIIIIIIIIIIIIIIIIIIIIIII
AAAAAAAAAAAAAAAA11111111111111IIIIIIIIIIIIIIIIIIIIIIIIIIIIIIIIII
AAAAAAAAAAAAAAAAA11111111111111IIIIIIIIIIIIIIIIIIIIIIIIIIIIIIIII
AAAAAAAAAAAAAAAAAA11111111111111IIIIIIIIIIIIIIIIIIIIIIIIIIIIIIII
AAAAAAAAAAAAAAAAAA1A111111111111I1IIIIIIIIIIIIIIIIIIIIIIIIIIIIII
AAAAAAAAAAAAAAAAAA1AA11111111111111IIIIIIIIIIIIIIIIIIIIIIIIIIIII
AAAAAAAAAAAAAAAAAA1AAA11111111111111IIIIIIIIIIIIIIIIIIIIIIIIIIII
AAAAAAAAAAAAAAAAAAAAAA11111111111111IIIIIIIIIIIIIIIIIIIIIIIIIIII
AAAAAAAAAAAAAAAAAAAAAAA11111111111111IIIIIIIIIIIIIIIIIIIIIIIIIII
AAAAAAAAAAAAAAAAAAAAAAAA11111111111111IIIIIIIIIIIIIIIIIIIIIIIIII
AAAAAAAAAAAAAAAAAAAAAAAA1A111111111111I1IIIIIIIIIIIIIIIIIIIIIIII
AAAAAAAAAAAAAAAAAAAAAAAA1AA11111111111111IIIIIIIIIIIIIIIIIIIIIII
AAAAAAAAAAAAAAAAAAAAAAAA1AAA11111111111111IIIIIIIIIIIIIIIIIIIIII
AAAAAAAAAAAAAAAAAAAAAAAAAAAA11111111111111IIIIIIIIIIIIIIIIIIIIII
AAAAAAAAAAAAAAAAAAAAAAAAAAAAA11111111111111IIIIIIIIIIIIIIIIIIIII
AAAAAAAAAAAAAAAAAAAAAAAAAAAAAA11111111111111IIIIIIIIIIIIIIIIIIII
AAAAAAAAAAAAAAAAAAAAAAAAAAAAAA1A111111111111I1IIIIIIIIIIIIIIIIII
AAAAAAAAAAAAAAAAAAAAAAAAAAAAAA1AA11111111111111IIIIIIIIIIIIIIIII
AAAAAAAAAAAAAAAAAAAAAAAAAAAAAA1AAA11111111111111IIIIIIIIIIIIIIII
AAAAAAAAAAAAAAAAAAAAAAAAAAAAAAAAAA11111111111111IIIIIIIIIIIIIIII
AAAAAAAAAAAAAAAAAAAAAAAAAAAAAAAAAAA11111111111111IIIIIIIIIIIIIII
AAAAAAAAAAAAAAAAAAAAAAAAAAAAAAAAAAAA11111111111111IIIIIIIIIIIIII
AAAAAAAAAAAAAAAAAAAAAAAAAAAAAAAAAAAA1A111111111111I1IIIIIIIIIIII
AAAAAAAAAAAAAAAAAAAAAAAAAAAAAAAAAAAA1AA11111111111111IIIIIIIIIII
AAAAAAAAAAAAAAAAAAAAAAAAAAAAAAAAAAAA1AAA11111111111111IIIIIIIIII
AAAAAAAAAAAAAAAAAAAAAAAAAAAAAAAAAAAAAAAA11111111111111IIIIIIIIII
AAAAAAAAAAAAAAAAAAAAAAAAAAAAAAAAAAAAAAAAA11111111111111IIIIIIIII
AAAAAAAAAAAAAAAAAAAAAAAAAAAAAAAAAAAAAAAAAA11111111111111IIIIIIII
AAAAAAAAAAAAAAAAAAAAAAAAAAAAAAAAAAAAAAAAAA1A111111111111I1IIIIII
AAAAAAAAAAAAAAAAAAAAAAAAAAAAAAAAAAAAAAAAAA1AA11111111111111IIIII
AAAAAAAAAAAAAAAAAAAAAAAAAAAAAAAAAAAAAAAAAA1AAA11111111111111IIII
AAAAAAAAAAAAAAAAAAAAAAAAAAAAAAAAAAAAAAAAAAAAAA11111111111111IIII
AAAAAAAAAAAAAAAAAAAAAAAAAAAAAAAAAAAAAAAAAAAAAAA11111111111111III
AAAAAAAAAAAAAAAAAAAAAAAAAAAAAAAAAAAAAAAAAAAAAAAA11111111111111II
AAAAAAAAAAAAAAAAAAAAAAAAAAAAAAAAAAAAAAAAAAAAAAAA1A111111111111I1
AAAAAAAAAAAAAAAAAAAAAAAAAAAAAAAAAAAAAAAAAAAAAAAA1AA1111111111111
AAAAAAAAAAAAAAAAAAAAAAAAAAAAAAAAAAAAAAAAAAAAAAAA1AAA111111111111
AAAAAAAAAAAAAAAAAAAAAAAAAAAAAAAAAAAAAAAAAAAAAAAAAAAA111111111111
AAAAAAAAAAAAAAAAAAAAAAAAAAAAAAAAAAAAAAAAAAAAAAAAAAAAA11111111111
AAAAAAAAAAAAAAAAAAAAAAAAAAAAAAAAAAAAAAAAAAAAAAAAAAAAAA1111111111
AAAAAAAAAAAAAAAAAAAAAAAAAAAAAAAAAAAAAAAAAAAAAAAAAAAAAA1A11111111
AAAAAAAAAAAAAAAAAAAAAAAAAAAAAAAAAAAAAAAAAAAAAAAAAAAAAA1AA1111111
AAAAAAAAAAAAAAAAAAAAAAAAAAAAAAAAAAAAAAAAAAAAAAAAAAAAAA1AAA111111
AAAAAAAAAAAAAAAAAAAAAAAAAAAAAAAAAAAAAAAAAAAAAAAAAAAAAAAAAA111111
AAAAAAAAAAAAAAAAAAAAAAAAAAAAAAAAAAAAAAAAAAAAAAAAAAAAAAAAAAA11111
AAAAAAAAAAAAAAAAAAAAAAAAAAAAAAAAAAAAAAAAAAAAAAAAAAAAAAAAAAAA1111
AAAAAAAAAAAAAAAAAAAAAAAAAAAAAAAAAAAAAAAAAAAAAAAAAAAAAAAAAAAAA111
AAAAAAAAAAAAAAAAAAAAAAAAAAAAAAAAAAAAAAAAAAAAAAAAAAAAAAAAAAAAA1A1
AAAAAAAAAAAAAAAAAAAAAAAAAAAAAAAAAAAAAAAAAAAAAAAAAAAAAAAAAAAAA1AA
AAAAAAAAAAAAAAAAAAAAAAAAAAAAAAAAAAAAAAAAAAAAAAAAAAAAAAAAAAAAAAAA
AI1I111I1II11I1IIIIIIIIIIIIIIIIIIIIIIIIIIIIIIIIIIIIIIIIIIIIIIIII
AA1I111I1II11I1IIIIIIIIIIIIIIIIIIIIIIIIIIIIIIIIIIIIIIIIIIIIIIIII
AAAI111I1II11I1IIIIIIIIIIIIIIIIIIIIIIIIIIIIIIIIIIIIIIIIIIIIIIIII
AAAA111I1II11I1IIIIIIIIIIIIIIIIIIIIIIIIIIIIIIIIIIIIIIIIIIIIIIIII
AAAAA11I11111I111I1IIIIIIIIIIIIIIIIIIIIIIIIIIIIIIIIIIIIIIIIIIIII
AAAAA111111111111I1IIIIIIIIIIIIIIIIIIIIIIIIIIIIIIIIIIIIIIIIIIIII
AAAAAA11111111111111IIIIIIIIIIIIIIIIIIIIIIIIIIIIIIIIIIIIIIIIIIII
AAAAAA1A111111111111I1IIIIIIIIIIIIIIIIIIIIIIIIIIIIIIIIIIIIIIIIII
AAAAAA1AA11111111111111IIIIIIIIIIIIIIIIIIIIIIIIIIIIIIIIIIIIIIIII
AAAAAA1AAA11111111111111IIIIIIIIIIIIIIIIIIIIIIIIIIIIIIIIIIIIIIII
AAAAAAAAAA11111111111111IIIIIIIIIIIIIIIIIIIIIIIIIIIIIIIIIIIIIIII
AAAAAAAAAAA11111111111111IIIIIIIIIIIIIIIIIIIIIIIIIIIIIIIIIIIIIII
AAAAAAAAAAAA11111111111111IIIIIIIIIIIIIIIIIIIIIIIIIIIIIIIIIIIIII
AAAAAAAAAAAA1A111111111111I1IIIIIIIIIIIIIIIIIIIIIIIIIIIIIIIIIIII
AAAAAAAAAAAA1AA11111111111111IIIIIIIIIIIIIIIIIIIIIIIIIIIIIIIIIII
AAAAAAAAAAAA1AAA11111111111111IIIIIIIIIIIIIIIIIIIIIIIIIIIIIIIIII
AAAAAAAAAAAAAAAA11111111111111IIIIIIIIIIIIIIIIIIIIIIIIIIIIIIIIII
AAAAAAAAAAAAAAAAA11111111111111IIIIIIIIIIIIIIIIIIIIIIIIIIIIIIIII
AAAAAAAAAAAAAAAAAA11111111111111IIIIIIIIIIIIIIIIIIIIIIIIIIIIIIII
AAAAAAAAAAAAAAAAAA1A111111111111I1IIIIIIIIIIIIIIIIIIIIIIIIIIIIII
AAAAAAAAAAAAAAAAAA1AA11111111111111IIIIIIIIIIIIIIIIIIIIIIIIIIIII
AAAAAAAAAAAAAAAAAA1AAA11111111111111IIIIIIIIIIIIIIIIIIIIIIIIIIII
AAAAAAAAAAAAAAAAAAAAAA11111111111111IIIIIIIIIIIIIIIIIIIIIIIIIIII
AAAAAAAAAAAAAAAAAAAAAAA11111111111111IIIIIIIIIIIIIIIIIIIIIIIIIII
AAAAAAAAAAAAAAAAAAAAAAAA11111111111111IIIIIIIIIIIIIIIIIIIIIIIIII
AAAAAAAAAAAAAAAAAAAAAAAA1A111111111111I1IIIIIIIIIIIIIIIIIIIIIIII
AAAAAAAAAAAAAAAAAAAAAAAA1AA11111111111111IIIIIIIIIIIIIIIIIIIIIII
AAAAAAAAAAAAAAAAAAAAAAAA1AAA11111111111111IIIIIIIIIIIIIIIIIIIIII
AAAAAAAAAAAAAAAAAAAAAAAAAAAA11111111111111IIIIIIIIIIIIIIIIIIIIII
AAAAAAAAAAAAAAAAAAAAAAAAAAAAA11111111111111IIIIIIIIIIIIIIIIIIIII
AAAAAAAAAAAAAAAAAAAAAAAAAAAAAA11111111111111IIIIIIIIIIIIIIIIIIII
AAAAAAAAAAAAAAAAAAAAAAAAAAAAAA1A111111111111I1IIIIIIIIIIIIIIIIII
AAAAAAAAAAAAAAAAAAAAAAAAAAAAAA1AA11111111111111IIIIIIIIIIIIIIIII
AAAAAAAAAAAAAAAAAAAAAAAAAAAAAA1AAA11111111111111IIIIIIIIIIIIIIII
AAAAAAAAAAAAAAAAAAAAAAAAAAAAAAAAAA11111111111111IIIIIIIIIIIIIIII
AAAAAAAAAAAAAAAAAAAAAAAAAAAAAAAAAAA11111111111111IIIIIIIIIIIIIII
AAAAAAAAAAAAAAAAAAAAAAAAAAAAAAAAAAAA11111111111111IIIIIIIIIIIIII
AAAAAAAAAAAAAAAAAAAAAAAAAAAAAAAAAAAA1A111111111111I1IIIIIIIIIIII
AAAAAAAAAAAAAAAAAAAAAAAAAAAAAAAAAAAA1AA11111111111111IIIIIIIIIII
AAAAAAAAAAAAAAAAAAAAAAAAAAAAAAAAAAAAAAA11111111111111IIIIIIIIIII
AAAAAAAAAAAAAAAAAAAAAAAAAAAAAAAAAAAAAAAA11111111111111IIIIIIIIII
AAAAAAAAAAAAAAAAAAAAAAAAAAAAAAAAAAAAAAAAA11111111111111IIIIIIIII
AAAAAAAAAAAAAAAAAAAAAAAAAAAAAAAAAAAAAAAAAA11111111111111IIIIIIII
AAAAAAAAAAAAAAAAAAAAAAAAAAAAAAAAAAAAAAAAAA1A111111111111I1IIIIII
AAAAAAAAAAAAAAAAAAAAAAAAAAAAAAAAAAAAAAAAAA1AA11111111111111IIIII
AAAAAAAAAAAAAAAAAAAAAAAAAAAAAAAAAAAAAAAAAA1AAA11111111111111IIII
AAAAAAAAAAAAAAAAAAAAAAAAAAAAAAAAAAAAAAAAAAAAAA11111111111111IIII
AAAAAAAAAAAAAAAAAAAAAAAAAAAAAAAAAAAAAAAAAAAAAAA11111111111111III
AAAAAAAAAAAAAAAAAAAAAAAAAAAAAAAAAAAAAAAAAAAAAAAA11111111111111II
AAAAAAAAAAAAAAAAAAAAAAAAAAAAAAAAAAAAAAAAAAAAAAAA1A111111111111I1
AAAAAAAAAAAAAAAAAAAAAAAAAAAAAAAAAAAAAAAAAAAAAAAA1AA1111111111111
AAAAAAAAAAAAAAAAAAAAAAAAAAAAAAAAAAAAAAAAAAAAAAAA1AAA111111111111
AAAAAAAAAAAAAAAAAAAAAAAAAAAAAAAAAAAAAAAAAAAAAAAAAAAA111111111111
AAAAAAAAAAAAAAAAAAAAAAAAAAAAAAAAAAAAAAAAAAAAAAAAAAAAA11111111111
AAAAAAAAAAAAAAAAAAAAAAAAAAAAAAAAAAAAAAAAAAAAAAAAAAAAAA1111111111
AAAAAAAAAAAAAAAAAAAAAAAAAAAAAAAAAAAAAAAAAAAAAAAAAAAAAA1A11111111
AAAAAAAAAAAAAAAAAAAAAAAAAAAAAAAAAAAAAAAAAAAAAAAAAAAAAA1AA1111111
AAAAAAAAAAAAAAAAAAAAAAAAAAAAAAAAAAAAAAAAAAAAAAAAAAAAAA1AAA111111
AAAAAAAAAAAAAAAAAAAAAAAAAAAAAAAAAAAAAAAAAAAAAAAAAAAAAAAAAA111111
AAAAAAAAAAAAAAAAAAAAAAAAAAAAAAAAAAAAAAAAAAAAAAAAAAAAAAAAAAA11111
AAAAAAAAAAAAAAAAAAAAAAAAAAAAAAAAAAAAAAAAAAAAAAAAAAAAAAAAAAAA1111
AAAAAAAAAAAAAAAAAAAAAAAAAAAAAAAAAAAAAAAAAAAAAAAAAAAAAAAAAAAA1A11
AAAAAAAAAAAAAAAAAAAAAAAAAAAAAAAAAAAAAAAAAAAAAAAAAAAAAAAAAAAA1AA1
AAAAAAAAAAAAAAAAAAAAAAAAAAAAAAAAAAAAAAAAAAAAAAAAAAAAAAAAAAAA1AAA
AAAAAAAAAAAAAAAAAAAAAAAAAAAAAAAAAAAAAAAAAAAAAAAAAAAAAAAAAAAAAAAA
AI1I111I1I111IIIIIIIIIIIIIIIIIIIIIIIIIIIIIIIIIIIIIIIIIIIIIIIIIII
AA1I111I1I111IIIIIIIIIIIIIIIIIIIIIIIIIIIIIIIIIIIIIIIIIIIIIIIIIII
AAAI111I1I111IIIIIIIIIIIIIIIIIIIIIIIIIIIIIIIIIIIIIIIIIIIIIIIIIII
AAAA111I1I111IIIIIIIIIIIIIIIIIIIIIIIIIIIIIIIIIIIIIIIIIIIIIIIIIII
AAAAA11I11111I111I1I111IIIIIIIIIIIIIIIIIIIIIIIIIIIIIIIIIIIIIIIII
AAAAAA111111111111111111IIIIIIIIIIIIIIIIIIIIIIIIIIIIIIIIIIIIIIII
AAAAAA1A111111111111111111IIIIIIIIIIIIIIIIIIIIIIIIIIIIIIIIIIIIII
AAAAAA1AA111111111111111111IIIIIIIIIIIIIIIIIIIIIIIIIIIIIIIIIIIII
AAAAAA1AAA111111111111111111IIIIIIIIIIIIIIIIIIIIIIIIIIIIIIIIIIII
AAAAAAAAAA111111111111111111IIIIIIIIIIIIIIIIIIIIIIIIIIIIIIIIIIII
AAAAAAAAAAA111111111111111111IIIIIIIIIIIIIIIIIIIIIIIIIIIIIIIIIII
AAAAAAAAAAAA111111111111111111IIIIIIIIIIIIIIIIIIIIIIIIIIIIIIIIII
AAAAAAAAAAAA1A111111111111111111IIIIIIIIIIIIIIIIIIIIIIIIIIIIIIII
AAAAAAAAAAAA1AA111111111111111111IIIIIIIIIIIIIIIIIIIIIIIIIIIIIII
AAAAAAAAAAAA1AAA111111111111111111IIIIIIIIIIIIIIIIIIIIIIIIIIIIII
AAAAAAAAAAAAAAAA111111111111111111IIIIIIIIIIIIIIIIIIIIIIIIIIIIII
AAAAAAAAAAAAAAAAA111111111111111111IIIIIIIIIIIIIIIIIIIIIIIIIIIII
AAAAAAAAAAAAAAAAAA111111111111111111IIIIIIIIIIIIIIIIIIIIIIIIIIII
AAAAAAAAAAAAAAAAAA1A111111111111111111IIIIIIIIIIIIIIIIIIIIIIIIII
AAAAAAAAAAAAAAAAAA1AA111111111111111111IIIIIIIIIIIIIIIIIIIIIIIII
AAAAAAAAAAAAAAAAAA1AAA111111111111111111IIIIIIIIIIIIIIIIIIIIIIII
AAAAAAAAAAAAAAAAAAAAAA111111111111111111IIIIIIIIIIIIIIIIIIIIIIII
AAAAAAAAAAAAAAAAAAAAAAA111111111111111111IIIIIIIIIIIIIIIIIIIIIII
AAAAAAAAAAAAAAAAAAAAAAAA111111111111111111IIIIIIIIIIIIIIIIIIIIII
AAAAAAAAAAAAAAAAAAAAAAAA1A111111111111111111IIIIIIIIIIIIIIIIIIII
AAAAAAAAAAAAAAAAAAAAAAAA1AA111111111111111111IIIIIIIIIIIIIIIIIII
AAAAAAAAAAAAAAAAAAAAAAAA1AAA111111111111111111IIIIIIIIIIIIIIIIII
AAAAAAAAAAAAAAAAAAAAAAAAAAAA111111111111111111IIIIIIIIIIIIIIIIII
AAAAAAAAAAAAAAAAAAAAAAAAAAAAA111111111111111111IIIIIIIIIIIIIIIII
AAAAAAAAAAAAAAAAAAAAAAAAAAAAAA111111111111111111IIIIIIIIIIIIIIII
AAAAAAAAAAAAAAAAAAAAAAAAAAAAAA1A111111111111111111IIIIIIIIIIIIII
AAAAAAAAAAAAAAAAAAAAAAAAAAAAAA1AA111111111111111111IIIIIIIIIIIII
AAAAAAAAAAAAAAAAAAAAAAAAAAAAAA1AAA111111111111111111IIIIIIIIIIII
AAAAAAAAAAAAAAAAAAAAAAAAAAAAAAAAAA111111111111111111IIIIIIIIIIII
AAAAAAAAAAAAAAAAAAAAAAAAAAAAAAAAAAA111111111111111111IIIIIIIIIII
AAAAAAAAAAAAAAAAAAAAAAAAAAAAAAAAAAAA111111111111111111IIIIIIIIII
AAAAAAAAAAAAAAAAAAAAAAAAAAAAAAAAAAAA1A111111111111111111IIIIIIII
AAAAAAAAAAAAAAAAAAAAAAAAAAAAAAAAAAAA1AA111111111111111111IIIIIII
AAAAAAAAAAAAAAAAAAAAAAAAAAAAAAAAAAAA1AAA111111111111111111IIIIII
AAAAAAAAAAAAAAAAAAAAAAAAAAAAAAAAAAAAAAAA111111111111111111IIIIII
AAAAAAAAAAAAAAAAAAAAAAAAAAAAAAAAAAAAAAAAA111111111111111111IIIII
AAAAAAAAAAAAAAAAAAAAAAAAAAAAAAAAAAAAAAAAAA111111111111111111IIII
AAAAAAAAAAAAAAAAAAAAAAAAAAAAAAAAAAAAAAAAAA1A111111111111111111II
AAAAAAAAAAAAAAAAAAAAAAAAAAAAAAAAAAAAAAAAAA1AA111111111111111111I
AAAAAAAAAAAAAAAAAAAAAAAAAAAAAAAAAAAAAAAAAA1AAA111111111111111111
AAAAAAAAAAAAAAAAAAAAAAAAAAAAAAAAAAAAAAAAAAAAAA111111111111111111
AAAAAAAAAAAAAAAAAAAAAAAAAAAAAAAAAAAAAAAAAAAAAAA11111111111111111
AAAAAAAAAAAAAAAAAAAAAAAAAAAAAAAAAAAAAAAAAAAAAAAA1111111111111111
AAAAAAAAAAAAAAAAAAAAAAAAAAAAAAAAAAAAAAAAAAAAAAAA1A11111111111111
AAAAAAAAAAAAAAAAAAAAAAAAAAAAAAAAAAAAAAAAAAAAAAAA1AA1111111111111
AAAAAAAAAAAAAAAAAAAAAAAAAAAAAAAAAAAAAAAAAAAAAAAA1AAA111111111111
AAAAAAAAAAAAAAAAAAAAAAAAAAAAAAAAAAAAAAAAAAAAAAAAAAAA111111111111
AAAAAAAAAAAAAAAAAAAAAAAAAAAAAAAAAAAAAAAAAAAAAAAAAAAAA11111111111
AAAAAAAAAAAAAAAAAAAAAAAAAAAAAAAAAAAAAAAAAAAAAAAAAAAAAA1111111111
AAAAAAAAAAAAAAAAAAAAAAAAAAAAAAAAAAAAAAAAAAAAAAAAAAAAAA1A11111111
AAAAAAAAAAAAAAAAAAAAAAAAAAAAAAAAAAAAAAAAAAAAAAAAAAAAAA1AA1111111
AAAAAAAAAAAAAAAAAAAAAAAAAAAAAAAAAAAAAAAAAAAAAAAAAAAAAAAAA1111111
AAAAAAAAAAAAAAAAAAAAAAAAAAAAAAAAAAAAAAAAAAAAAAAAAAAAAAAAAA111111
AAAAAAAAAAAAAAAAAAAAAAAAAAAAAAAAAAAAAAAAAAAAAAAAAAAAAAAAAAA11111
AAAAAAAAAAAAAAAAAAAAAAAAAAAAAAAAAAAAAAAAAAAAAAAAAAAAAAAAAAAA1111
AAAAAAAAAAAAAAAAAAAAAAAAAAAAAAAAAAAAAAAAAAAAAAAAAAAAAAAAAAAA1A11
AAAAAAAAAAAAAAAAAAAAAAAAAAAAAAAAAAAAAAAAAAAAAAAAAAAAAAAAAAAA1AA1
AAAAAAAAAAAAAAAAAAAAAAAAAAAAAAAAAAAAAAAAAAAAAAAAAAAAAAAAAAAA1AAA
AAAAAAAAAAAAAAAAAAAAAAAAAAAAAAAAAAAAAAAAAAAAAAAAAAAAAAAAAAAAAAAA
AI1II11I1II11I1IIIIIIIIIIIIIIIIIIIIIIIIIIIIIIIIIIIIIIIIIIIIIIIII
AA11I11I1II11I1IIIIIIIIIIIIIIIIIIIIIIIIIIIIIIIIIIIIIIIIIIIIIIIII
AAA1I11I1II11I1IIIIIIIIIIIIIIIIIIIIIIIIIIIIIIIIIIIIIIIIIIIIIIIII
AAAAI11I1II11I1IIIIIIIIIIIIIIIIIIIIIIIIIIIIIIIIIIIIIIIIIIIIIIIII
AAAAA11I11111I111I1IIIIIIIIIIIIIIIIIIIIIIIIIIIIIIIIIIIIIIIIIIIII
AAAAA111111111111I1IIIIIIIIIIIIIIIIIIIIIIIIIIIIIIIIIIIIIIIIIIIII
AAAAAA11111111111111IIIIIIIIIIIIIIIIIIIIIIIIIIIIIIIIIIIIIIIIIIII
AAAAAA1A111111111111I1IIIIIIIIIIIIIIIIIIIIIIIIIIIIIIIIIIIIIIIIII
AAAAAA1AA11111111111111IIIIIIIIIIIIIIIIIIIIIIIIIIIIIIIIIIIIIIIII
AAAAAA1AAA11111111111111IIIIIIIIIIIIIIIIIIIIIIIIIIIIIIIIIIIIIIII
AAAAAAAAAA11111111111111IIIIIIIIIIIIIIIIIIIIIIIIIIIIIIIIIIIIIIII
AAAAAAAAAAA11111111111111IIIIIIIIIIIIIIIIIIIIIIIIIIIIIIIIIIIIIII
AAAAAAAAAAAA11111111111111IIIIIIIIIIIIIIIIIIIIIIIIIIIIIIIIIIIIII
AAAAAAAAAAAA1A111111111111I1IIIIIIIIIIIIIIIIIIIIIIIIIIIIIIIIIIII
AAAAAAAAAAAA1AA11111111111111IIIIIIIIIIIIIIIIIIIIIIIIIIIIIIIIIII
AAAAAAAAAAAA1AAA11111111111111IIIIIIIIIIIIIIIIIIIIIIIIIIIIIIIIII
AAAAAAAAAAAAAAAA11111111111111IIIIIIIIIIIIIIIIIIIIIIIIIIIIIIIIII
AAAAAAAAAAAAAAAAA11111111111111IIIIIIIIIIIIIIIIIIIIIIIIIIIIIIIII
AAAAAAAAAAAAAAAAAA11111111111111IIIIIIIIIIIIIIIIIIIIIIIIIIIIIIII
AAAAAAAAAAAAAAAAAA1A111111111111I1IIIIIIIIIIIIIIIIIIIIIIIIIIIIII
AAAAAAAAAAAAAAAAAA1AA11111111111111IIIIIIIIIIIIIIIIIIIIIIIIIIIII
AAAAAAAAAAAAAAAAAA1AAA11111111111111IIIIIIIIIIIIIIIIIIIIIIIIIIII
AAAAAAAAAAAAAAAAAAAAAA11111111111111IIIIIIIIIIIIIIIIIIIIIIIIIIII
AAAAAAAAAAAAAAAAAAAAAAA11111111111111IIIIIIIIIIIIIIIIIIIIIIIIIII
AAAAAAAAAAAAAAAAAAAAAAAA11111111111111IIIIIIIIIIIIIIIIIIIIIIIIII
AAAAAAAAAAAAAAAAAAAAAAAAA11111111111111IIIIIIIIIIIIIIIIIIIIIIIII
AAAAAAAAAAAAAAAAAAAAAAAAA1A111111111111I1IIIIIIIIIIIIIIIIIIIIIII
AAAAAAAAAAAAAAAAAAAAAAAAAAA11111111111111IIIIIIIIIIIIIIIIIIIIIII
AAAAAAAAAAAAAAAAAAAAAAAAAAAA11111111111111IIIIIIIIIIIIIIIIIIIIII
AAAAAAAAAAAAAAAAAAAAAAAAAAAAA11111111111111IIIIIIIIIIIIIIIIIIIII
AAAAAAAAAAAAAAAAAAAAAAAAAAAAAA11111111111111IIIIIIIIIIIIIIIIIIII
AAAAAAAAAAAAAAAAAAAAAAAAAAAAAA1A111111111111I1IIIIIIIIIIIIIIIIII
AAAAAAAAAAAAAAAAAAAAAAAAAAAAAA1AA11111111111111IIIIIIIIIIIIIIIII
AAAAAAAAAAAAAAAAAAAAAAAAAAAAAA1AAA11111111111111IIIIIIIIIIIIIIII
AAAAAAAAAAAAAAAAAAAAAAAAAAAAAAAAAA11111111111111IIIIIIIIIIIIIIII
AAAAAAAAAAAAAAAAAAAAAAAAAAAAAAAAAAA11111111111111IIIIIIIIIIIIIII
AAAAAAAAAAAAAAAAAAAAAAAAAAAAAAAAAAAA11111111111111IIIIIIIIIIIIII
AAAAAAAAAAAAAAAAAAAAAAAAAAAAAAAAAAAA1A111111111111I1IIIIIIIIIIII
AAAAAAAAAAAAAAAAAAAAAAAAAAAAAAAAAAAA1AA11111111111111IIIIIIIIIII
AAAAAAAAAAAAAAAAAAAAAAAAAAAAAAAAAAAA1AAA11111111111111IIIIIIIIII
AAAAAAAAAAAAAAAAAAAAAAAAAAAAAAAAAAAAAAAA11111111111111IIIIIIIIII
AAAAAAAAAAAAAAAAAAAAAAAAAAAAAAAAAAAAAAAAA11111111111111IIIIIIIII
AAAAAAAAAAAAAAAAAAAAAAAAAAAAAAAAAAAAAAAAAA11111111111111IIIIIIII
AAAAAAAAAAAAAAAAAAAAAAAAAAAAAAAAAAAAAAAAAA1A111111111111I1IIIIII
AAAAAAAAAAAAAAAAAAAAAAAAAAAAAAAAAAAAAAAAAA1AA11111111111111IIIII
AAAAAAAAAAAAAAAAAAAAAAAAAAAAAAAAAAAAAAAAAA1AAA11111111111111IIII
AAAAAAAAAAAAAAAAAAAAAAAAAAAAAAAAAAAAAAAAAAAAAA11111111111111IIII
AAAAAAAAAAAAAAAAAAAAAAAAAAAAAAAAAAAAAAAAAAAAAAA11111111111111III
AAAAAAAAAAAAAAAAAAAAAAAAAAAAAAAAAAAAAAAAAAAAAAAA11111111111111II
AAAAAAAAAAAAAAAAAAAAAAAAAAAAAAAAAAAAAAAAAAAAAAAA1A111111111111I1
AAAAAAAAAAAAAAAAAAAAAAAAAAAAAAAAAAAAAAAAAAAAAAAA1AA1111111111111
AAAAAAAAAAAAAAAAAAAAAAAAAAAAAAAAAAAAAAAAAAAAAAAA1AAA111111111111
AAAAAAAAAAAAAAAAAAAAAAAAAAAAAAAAAAAAAAAAAAAAAAAAAAAA111111111111
AAAAAAAAAAAAAAAAAAAAAAAAAAAAAAAAAAAAAAAAAAAAAAAAAAAAA11111111111
AAAAAAAAAAAAAAAAAAAAAAAAAAAAAAAAAAAAAAAAAAAAAAAAAAAAAA1111111111
AAAAAAAAAAAAAAAAAAAAAAAAAAAAAAAAAAAAAAAAAAAAAAAAAAAAAA1A11111111
AAAAAAAAAAAAAAAAAAAAAAAAAAAAAAAAAAAAAAAAAAAAAAAAAAAAAA1AA1111111
AAAAAAAAAAAAAAAAAAAAAAAAAAAAAAAAAAAAAAAAAAAAAAAAAAAAAA1AAA111111
AAAAAAAAAAAAAAAAAAAAAAAAAAAAAAAAAAAAAAAAAAAAAAAAAAAAAAAAAA111111
AAAAAAAAAAAAAAAAAAAAAAAAAAAAAAAAAAAAAAAAAAAAAAAAAAAAAAAAAAA11111
AAAAAAAAAAAAAAAAAAAAAAAAAAAAAAAAAAAAAAAAAAAAAAAAAAAAAAAAAAAA1111
AAAAAAAAAAAAAAAAAAAAAAAAAAAAAAAAAAAAAAAAAAAAAAAAAAAAAAAAAAAA1A11
AAAAAAAAAAAAAAAAAAAAAAAAAAAAAAAAAAAAAAAAAAAAAAAAAAAAAAAAAAAA1AA1
AAAAAAAAAAAAAAAAAAAAAAAAAAAAAAAAAAAAAAAAAAAAAAAAAAAAAAAAAAAA1AAA
AAAAAAAAAAAAAAAAAAAAAAAAAAAAAAAAAAAAAAAAAAAAAAAAAAAAAAAAAAAAAAAA
AI1II11I1II11I1IIIIIIIIIIIIIIIIIIIIIIIIIIIIIIIIIIIIIIIIIIIIIIIII
AA11I11I1II11I1IIIIIIIIIIIIIIIIIIIIIIIIIIIIIIIIIIIIIIIIIIIIIIIII
AAA1I11I1II11I1IIIIIIIIIIIIIIIIIIIIIIIIIIIIIIIIIIIIIIIIIIIIIIIII
AAAAI11I1II11I1IIIIIIIIIIIIIIIIIIIIIIIIIIIIIIIIIIIIIIIIIIIIIIIII
AAAAA11I11111I111I1IIIIIIIIIIIIIIIIIIIIIIIIIIIIIIIIIIIIIIIIIIIII
AAAAA111111111111I1IIIIIIIIIIIIIIIIIIIIIIIIIIIIIIIIIIIIIIIIIIIII
AAAAAA11111111111111IIIIIIIIIIIIIIIIIIIIIIIIIIIIIIIIIIIIIIIIIIII
AAAAAA1A111111111111I1IIIIIIIIIIIIIIIIIIIIIIIIIIIIIIIIIIIIIIIIII
AAAAAA1AA11111111111111IIIIIIIIIIIIIIIIIIIIIIIIIIIIIIIIIIIIIIIII
AAAAAA1AAA11111111111111IIIIIIIIIIIIIIIIIIIIIIIIIIIIIIIIIIIIIIII
AAAAAAAAAA11111111111111IIIIIIIIIIIIIIIIIIIIIIIIIIIIIIIIIIIIIIII
AAAAAAAAAAA11111111111111IIIIIIIIIIIIIIIIIIIIIIIIIIIIIIIIIIIIIII
AAAAAAAAAAAA11111111111111IIIIIIIIIIIIIIIIIIIIIIIIIIIIIIIIIIIIII
AAAAAAAAAAAA1A111111111111I1IIIIIIIIIIIIIIIIIIIIIIIIIIIIIIIIIIII
AAAAAAAAAAAA1AA11111111111111IIIIIIIIIIIIIIIIIIIIIIIIIIIIIIIIIII
AAAAAAAAAAAA1AAA11111111111111IIIIIIIIIIIIIIIIIIIIIIIIIIIIIIIIII
AAAAAAAAAAAAAAAA11111111111111IIIIIIIIIIIIIIIIIIIIIIIIIIIIIIIIII
AAAAAAAAAAAAAAAAA11111111111111IIIIIIIIIIIIIIIIIIIIIIIIIIIIIIIII
AAAAAAAAAAAAAAAAAA11111111111111IIIIIIIIIIIIIIIIIIIIIIIIIIIIIIII
AAAAAAAAAAAAAAAAAA1A111111111111I1IIIIIIIIIIIIIIIIIIIIIIIIIIIIII
AAAAAAAAAAAAAAAAAA1AA11111111111111IIIIIIIIIIIIIIIIIIIIIIIIIIIII
AAAAAAAAAAAAAAAAAA1AAA11111111111111IIIIIIIIIIIIIIIIIIIIIIIIIIII
AAAAAAAAAAAAAAAAAAAAAA11111111111111IIIIIIIIIIIIIIIIIIIIIIIIIIII
AAAAAAAAAAAAAAAAAAAAAAA11111111111111IIIIIIIIIIIIIIIIIIIIIIIIIII
AAAAAAAAAAAAAAAAAAAAAAAA11111111111111IIIIIIIIIIIIIIIIIIIIIIIIII
AAAAAAAAAAAAAAAAAAAAAAAA1A111111111111I1IIIIIIIIIIIIIIIIIIIIIIII
AAAAAAAAAAAAAAAAAAAAAAAA1AA11111111111111IIIIIIIIIIIIIIIIIIIIIII
AAAAAAAAAAAAAAAAAAAAAAAA1AAA11111111111111IIIIIIIIIIIIIIIIIIIIII
AAAAAAAAAAAAAAAAAAAAAAAAAAAA11111111111111IIIIIIIIIIIIIIIIIIIIII
AAAAAAAAAAAAAAAAAAAAAAAAAAAAA11111111111111IIIIIIIIIIIIIIIIIIIII
AAAAAAAAAAAAAAAAAAAAAAAAAAAAAA11111111111111IIIIIIIIIIIIIIIIIIII
AAAAAAAAAAAAAAAAAAAAAAAAAAAAAA1A111111111111I1IIIIIIIIIIIIIIIIII
AAAAAAAAAAAAAAAAAAAAAAAAAAAAAA1AA11111111111111IIIIIIIIIIIIIIIII
AAAAAAAAAAAAAAAAAAAAAAAAAAAAAA1AAA11111111111111IIIIIIIIIIIIIIII
AAAAAAAAAAAAAAAAAAAAAAAAAAAAAAAAAA11111111111111IIIIIIIIIIIIIIII
AAAAAAAAAAAAAAAAAAAAAAAAAAAAAAAAAAA11111111111111IIIIIIIIIIIIIII
AAAAAAAAAAAAAAAAAAAAAAAAAAAAAAAAAAAA11111111111111IIIIIIIIIIIIII
AAAAAAAAAAAAAAAAAAAAAAAAAAAAAAAAAAAA1A111111111111I1IIIIIIIIIIII
AAAAAAAAAAAAAAAAAAAAAAAAAAAAAAAAAAAA1AA11111111111111IIIIIIIIIII
AAAAAAAAAAAAAAAAAAAAAAAAAAAAAAAAAAAA1AAA11111111111111IIIIIIIIII
AAAAAAAAAAAAAAAAAAAAAAAAAAAAAAAAAAAAAAAA11111111111111IIIIIIIIII
AAAAAAAAAAAAAAAAAAAAAAAAAAAAAAAAAAAAAAAAA11111111111111IIIIIIIII
AAAAAAAAAAAAAAAAAAAAAAAAAAAAAAAAAAAAAAAAAA11111111111111IIIIIIII
AAAAAAAAAAAAAAAAAAAAAAAAAAAAAAAAAAAAAAAAAA1A111111111111I1IIIIII
AAAAAAAAAAAAAAAAAAAAAAAAAAAAAAAAAAAAAAAAAA1AA11111111111111IIIII
AAAAAAAAAAAAAAAAAAAAAAAAAAAAAAAAAAAAAAAAAA1AAA11111111111111IIII
AAAAAAAAAAAAAAAAAAAAAAAAAAAAAAAAAAAAAAAAAAAAAA11111111111111IIII
AAAAAAAAAAAAAAAAAAAAAAAAAAAAAAAAAAAAAAAAAAAAAAA11111111111111III
AAAAAAAAAAAAAAAAAAAAAAAAAAAAAAAAAAAAAAAAAAAAAAAA11111111111111II
AAAAAAAAAAAAAAAAAAAAAAAAAAAAAAAAAAAAAAAAAAAAAAAA1A111111111111I1
AAAAAAAAAAAAAAAAAAAAAAAAAAAAAAAAAAAAAAAAAAAAAAAA1AA1111111111111
AAAAAAAAAAAAAAAAAAAAAAAAAAAAAAAAAAAAAAAAAAAAAAAA1AAA111111111111
AAAAAAAAAAAAAAAAAAAAAAAAAAAAAAAAAAAAAAAAAAAAAAAAAAAA111111111111
AAAAAAAAAAAAAAAAAAAAAAAAAAAAAAAAAAAAAAAAAAAAAAAAAAAAA11111111111
AAAAAAAAAAAAAAAAAAAAAAAAAAAAAAAAAAAAAAAAAAAAAAAAAAAAAA1111111111
AAAAAAAAAAAAAAAAAAAAAAAAAAAAAAAAAAAAAAAAAAAAAAAAAAAAAA1A11111111
AAAAAAAAAAAAAAAAAAAAAAAAAAAAAAAAAAAAAAAAAAAAAAAAAAAAAA1AA1111111
AAAAAAAAAAAAAAAAAAAAAAAAAAAAAAAAAAAAAAAAAAAAAAAAAAAAAA1AAA111111
AAAAAAAAAAAAAAAAAAAAAAAAAAAAAAAAAAAAAAAAAAAAAAAAAAAAAAAAAA111111
AAAAAAAAAAAAAAAAAAAAAAAAAAAAAAAAAAAAAAAAAAAAAAAAAAAAAAAAAAA11111
AAAAAAAAAAAAAAAAAAAAAAAAAAAAAAAAAAAAAAAAAAAAAAAAAAAAAAAAAAAA1111
AAAAAAAAAAAAAAAAAAAAAAAAAAAAAAAAAAAAAAAAAAAAAAAAAAAAAAAAAAAA1A11
AAAAAAAAAAAAAAAAAAAAAAAAAAAAAAAAAAAAAAAAAAAAAAAAAAAAAAAAAAAA1AA1
AAAAAAAAAAAAAAAAAAAAAAAAAAAAAAAAAAAAAAAAAAAAAAAAAAAAAAAAAAAA1AAA
AAAAAAAAAAAAAAAAAAAAAAAAAAAAAAAAAAAAAAAAAAAAAAAAAAAAAAAAAAAAAAAA
AI1II11I1III1I1IIIIIIIIIIIIIIIIIIIIIIIIIIIIIIIIIIIIIIIIIIIIIIIII
AA11I1111III1I1IIIIIIIIIIIIIIIIIIIIIIIIIIIIIIIIIIIIIIIIIIIIIIIII
AAA1I1111III1I1IIIIIIIIIIIIIIIIIIIIIIIIIIIIIIIIIIIIIIIIIIIIIIIII
AAAAI1111III1I1IIIIIIIIIIIIIIIIIIIIIIIIIIIIIIIIIIIIIIIIIIIIIIIII
AAAAA111111I1I1I1I1IIIIIIIIIIIIIIIIIIIIIIIIIIIIIIIIIIIIIIIIIIIII
AAAAAA111111111I1111IIIIIIIIIIIIIIIIIIIIIIIIIIIIIIIIIIIIIIIIIIII
AAAAAA1A111111111111I1IIIIIIIIIIIIIIIIIIIIIIIIIIIIIIIIIIIIIIIIII
AAAAAA1AA11111111111111IIIIIIIIIIIIIIIIIIIIIIIIIIIIIIIIIIIIIIIII
AAAAAA1AAA11111111111111IIIIIIIIIIIIIIIIIIIIIIIIIIIIIIIIIIIIIIII
AAAAAAAAAA11111111111111IIIIIIIIIIIIIIIIIIIIIIIIIIIIIIIIIIIIIIII
AAAAAAAAAAA11111111111111IIIIIIIIIIIIIIIIIIIIIIIIIIIIIIIIIIIIIII
AAAAAAAAAAAA11111111111111IIIIIIIIIIIIIIIIIIIIIIIIIIIIIIIIIIIIII
AAAAAAAAAAAA1A111111111111I1IIIIIIIIIIIIIIIIIIIIIIIIIIIIIIIIIIII
AAAAAAAAAAAA1AA11111111111111IIIIIIIIIIIIIIIIIIIIIIIIIIIIIIIIIII
AAAAAAAAAAAA1AAA11111111111111IIIIIIIIIIIIIIIIIIIIIIIIIIIIIIIIII
AAAAAAAAAAAAAAAA11111111111111IIIIIIIIIIIIIIIIIIIIIIIIIIIIIIIIII
AAAAAAAAAAAAAAAAA11111111111111IIIIIIIIIIIIIIIIIIIIIIIIIIIIIIIII
AAAAAAAAAAAAAAAAAA11111111111111IIIIIIIIIIIIIIIIIIIIIIIIIIIIIIII
AAAAAAAAAAAAAAAAAA1A111111111111I1IIIIIIIIIIIIIIIIIIIIIIIIIIIIII
AAAAAAAAAAAAAAAAAA1AA11111111111111IIIIIIIIIIIIIIIIIIIIIIIIIIIII
AAAAAAAAAAAAAAAAAA1AAA11111111111111IIIIIIIIIIIIIIIIIIIIIIIIIIII
AAAAAAAAAAAAAAAAAAAAAA11111111111111IIIIIIIIIIIIIIIIIIIIIIIIIIII
AAAAAAAAAAAAAAAAAAAAAAA11111111111111IIIIIIIIIIIIIIIIIIIIIIIIIII
AAAAAAAAAAAAAAAAAAAAAAAA11111111111111IIIIIIIIIIIIIIIIIIIIIIIIII
AAAAAAAAAAAAAAAAAAAAAAAA1A111111111111I1IIIIIIIIIIIIIIIIIIIIIIII
AAAAAAAAAAAAAAAAAAAAAAAA1AA11111111111111IIIIIIIIIIIIIIIIIIIIIII
AAAAAAAAAAAAAAAAAAAAAAAA1AAA11111111111111IIIIIIIIIIIIIIIIIIIIII
AAAAAAAAAAAAAAAAAAAAAAAAAAAA11111111111111IIIIIIIIIIIIIIIIIIIIII
AAAAAAAAAAAAAAAAAAAAAAAAAAAAA11111111111111IIIIIIIIIIIIIIIIIIIII
AAAAAAAAAAAAAAAAAAAAAAAAAAAAAA11111111111111IIIIIIIIIIIIIIIIIIII
AAAAAAAAAAAAAAAAAAAAAAAAAAAAAA1A111111111111I1IIIIIIIIIIIIIIIIII
AAAAAAAAAAAAAAAAAAAAAAAAAAAAAA1AA11111111111111IIIIIIIIIIIIIIIII
AAAAAAAAAAAAAAAAAAAAAAAAAAAAAA1AAA11111111111111IIIIIIIIIIIIIIII
AAAAAAAAAAAAAAAAAAAAAAAAAAAAAAAAAA11111111111111IIIIIIIIIIIIIIII
AAAAAAAAAAAAAAAAAAAAAAAAAAAAAAAAAAA11111111111111IIIIIIIIIIIIIII
AAAAAAAAAAAAAAAAAAAAAAAAAAAAAAAAAAAA11111111111111IIIIIIIIIIIIII
AAAAAAAAAAAAAAAAAAAAAAAAAAAAAAAAAAAA1A111111111111I1IIIIIIIIIIII
AAAAAAAAAAAAAAAAAAAAAAAAAAAAAAAAAAAA1AA11111111111111IIIIIIIIIII
AAAAAAAAAAAAAAAAAAAAAAAAAAAAAAAAAAAA1AAA11111111111111IIIIIIIIII
AAAAAAAAAAAAAAAAAAAAAAAAAAAAAAAAAAAAAAAA11111111111111IIIIIIIIII
AAAAAAAAAAAAAAAAAAAAAAAAAAAAAAAAAAAAAAAAA11111111111111IIIIIIIII
AAAAAAAAAAAAAAAAAAAAAAAAAAAAAAAAAAAAAAAAAA11111111111111IIIIIIII
AAAAAAAAAAAAAAAAAAAAAAAAAAAAAAAAAAAAAAAAAA1A111111111111I1IIIIII
AAAAAAAAAAAAAAAAAAAAAAAAAAAAAAAAAAAAAAAAAA1AA11111111111111IIIII
AAAAAAAAAAAAAAAAAAAAAAAAAAAAAAAAAAAAAAAAAA1AAA11111111111111IIII
AAAAAAAAAAAAAAAAAAAAAAAAAAAAAAAAAAAAAAAAAAAAAA11111111111111IIII
AAAAAAAAAAAAAAAAAAAAAAAAAAAAAAAAAAAAAAAAAAAAAAA11111111111111III
AAAAAAAAAAAAAAAAAAAAAAAAAAAAAAAAAAAAAAAAAAAAAAAA11111111111111II
AAAAAAAAAAAAAAAAAAAAAAAAAAAAAAAAAAAAAAAAAAAAAAAA1A111111111111I1
AAAAAAAAAAAAAAAAAAAAAAAAAAAAAAAAAAAAAAAAAAAAAAAA1AA1111111111111
AAAAAAAAAAAAAAAAAAAAAAAAAAAAAAAAAAAAAAAAAAAAAAAA1AAA111111111111
AAAAAAAAAAAAAAAAAAAAAAAAAAAAAAAAAAAAAAAAAAAAAAAAAAAA111111111111
AAAAAAAAAAAAAAAAAAAAAAAAAAAAAAAAAAAAAAAAAAAAAAAAAAAAA11111111111
AAAAAAAAAAAAAAAAAAAAAAAAAAAAAAAAAAAAAAAAAAAAAAAAAAAAAA1111111111
AAAAAAAAAAAAAAAAAAAAAAAAAAAAAAAAAAAAAAAAAAAAAAAAAAAAAA1A11111111
AAAAAAAAAAAAAAAAAAAAAAAAAAAAAAAAAAAAAAAAAAAAAAAAAAAAAA1AA1111111
AAAAAAAAAAAAAAAAAAAAAAAAAAAAAAAAAAAAAAAAAAAAAAAAAAAAAA1AAA111111
AAAAAAAAAAAAAAAAAAAAAAAAAAAAAAAAAAAAAAAAAAAAAAAAAAAAAAAAAA111111
AAAAAAAAAAAAAAAAAAAAAAAAAAAAAAAAAAAAAAAAAAAAAAAAAAAAAAAAAAA11111
AAAAAAAAAAAAAAAAAAAAAAAAAAAAAAAAAAAAAAAAAAAAAAAAAAAAAAAAAAAA1111
AAAAAAAAAAAAAAAAAAAAAAAAAAAAAAAAAAAAAAAAAAAAAAAAAAAAAAAAAAAA1A11
AAAAAAAAAAAAAAAAAAAAAAAAAAAAAAAAAAAAAAAAAAAAAAAAAAAAAAAAAAAA1AA1
AAAAAAAAAAAAAAAAAAAAAAAAAAAAAAAAAAAAAAAAAAAAAAAAAAAAAAAAAAAA1AAA
AAAAAAAAAAAAAAAAAAAAAAAAAAAAAAAAAAAAAAAAAAAAAAAAAAAAAAAAAAAAAAAA
AIIII11III111III11IIIIIIIIIIIIIIIIIIIIIIIIIIIIIIIIIIIIIIIIIIIIII
AAIII111II111III11IIIIIIIIIIIIIIIIIIIIIIIIIIIIIIIIIIIIIIIIIIIIII
AAAII111II111III11IIIIIIIIIIIIIIIIIIIIIIIIIIIIIIIIIIIIIIIIIIIIII
AAAAI111II111III11IIIIIIIIIIIIIIIIIIIIIIIIIIIIIIIIIIIIIIIIIIIIII
AAAAA111I1111I1111II11IIIIIIIIIIIIIIIIIIIIIIIIIIIIIIIIIIIIIIIIII
AAAAA11111111111111I11IIIIIIIIIIIIIIIIIIIIIIIIIIIIIIIIIIIIIIIIII
AAAAAA1111111111111I111IIIIIIIIIIIIIIIIIIIIIIIIIIIIIIIIIIIIIIIII
AAAAAA1A11111111111111111IIIIIIIIIIIIIIIIIIIIIIIIIIIIIIIIIIIIIII
AAAAAA1AA11111111111111111IIIIIIIIIIIIIIIIIIIIIIIIIIIIIIIIIIIIII
AAAAAA1AAA11111111111111111IIIIIIIIIIIIIIIIIIIIIIIIIIIIIIIIIIIII
AAAAAAAAAA11111111111111111IIIIIIIIIIIIIIIIIIIIIIIIIIIIIIIIIIIII
AAAAAAAAAAA11111111111111111IIIIIIIIIIIIIIIIIIIIIIIIIIIIIIIIIIII
AAAAAAAAAAAA11111111111111111IIIIIIIIIIIIIIIIIIIIIIIIIIIIIIIIIII
AAAAAAAAAAAA1A11111111111111111IIIIIIIIIIIIIIIIIIIIIIIIIIIIIIIII
AAAAAAAAAAAA1AA11111111111111111IIIIIIIIIIIIIIIIIIIIIIIIIIIIIIII
AAAAAAAAAAAA1AAA11111111111111111IIIIIIIIIIIIIIIIIIIIIIIIIIIIIII
AAAAAAAAAAAAAAAA11111111111111111IIIIIIIIIIIIIIIIIIIIIIIIIIIIIII
AAAAAAAAAAAAAAAAA11111111111111111IIIIIIIIIIIIIIIIIIIIIIIIIIIIII
AAAAAAAAAAAAAAAAAA11111111111111111IIIIIIIIIIIIIIIIIIIIIIIIIIIII
AAAAAAAAAAAAAAAAAA1A11111111111111111IIIIIIIIIIIIIIIIIIIIIIIIIII
AAAAAAAAAAAAAAAAAA1AA11111111111111111IIIIIIIIIIIIIIIIIIIIIIIIII
AAAAAAAAAAAAAAAAAA1AAA11111111111111111IIIIIIIIIIIIIIIIIIIIIIIII
AAAAAAAAAAAAAAAAAAAAAA11111111111111111IIIIIIIIIIIIIIIIIIIIIIIII
AAAAAAAAAAAAAAAAAAAAAAA11111111111111111IIIIIIIIIIIIIIIIIIIIIIII
AAAAAAAAAAAAAAAAAAAAAAAA11111111111111111IIIIIIIIIIIIIIIIIIIIIII
AAAAAAAAAAAAAAAAAAAAAAAA1A11111111111111111IIIIIIIIIIIIIIIIIIIII
AAAAAAAAAAAAAAAAAAAAAAAA1AA11111111111111111IIIIIIIIIIIIIIIIIIII
AAAAAAAAAAAAAAAAAAAAAAAA1AAA11111111111111111IIIIIIIIIIIIIIIIIII
AAAAAAAAAAAAAAAAAAAAAAAAAAAA11111111111111111IIIIIIIIIIIIIIIIIII
AAAAAAAAAAAAAAAAAAAAAAAAAAAAA11111111111111111IIIIIIIIIIIIIIIIII
AAAAAAAAAAAAAAAAAAAAAAAAAAAAAA11111111111111111IIIIIIIIIIIIIIIII
AAAAAAAAAAAAAAAAAAAAAAAAAAAAAA1A11111111111111111IIIIIIIIIIIIIII
AAAAAAAAAAAAAAAAAAAAAAAAAAAAAA1AA11111111111111111IIIIIIIIIIIIII
AAAAAAAAAAAAAAAAAAAAAAAAAAAAAA1AAA11111111111111111IIIIIIIIIIIII
AAAAAAAAAAAAAAAAAAAAAAAAAAAAAAAAAA11111111111111111IIIIIIIIIIIII
AAAAAAAAAAAAAAAAAAAAAAAAAAAAAAAAAAA11111111111111111IIIIIIIIIIII
AAAAAAAAAAAAAAAAAAAAAAAAAAAAAAAAAAAA11111111111111111IIIIIIIIIII
AAAAAAAAAAAAAAAAAAAAAAAAAAAAAAAAAAAA1A11111111111111111IIIIIIIII
AAAAAAAAAAAAAAAAAAAAAAAAAAAAAAAAAAAA1AA11111111111111111IIIIIIII
AAAAAAAAAAAAAAAAAAAAAAAAAAAAAAAAAAAA1AAA11111111111111111IIIIIII
AAAAAAAAAAAAAAAAAAAAAAAAAAAAAAAAAAAAAAAA11111111111111111IIIIIII
AAAAAAAAAAAAAAAAAAAAAAAAAAAAAAAAAAAAAAAAA11111111111111111IIIIII
AAAAAAAAAAAAAAAAAAAAAAAAAAAAAAAAAAAAAAAAAA11111111111111111IIIII
AAAAAAAAAAAAAAAAAAAAAAAAAAAAAAAAAAAAAAAAAA1A11111111111111111III
AAAAAAAAAAAAAAAAAAAAAAAAAAAAAAAAAAAAAAAAAA1AA11111111111111111II
AAAAAAAAAAAAAAAAAAAAAAAAAAAAAAAAAAAAAAAAAA1AAA11111111111111111I
AAAAAAAAAAAAAAAAAAAAAAAAAAAAAAAAAAAAAAAAAAAAAA11111111111111111I
AAAAAAAAAAAAAAAAAAAAAAAAAAAAAAAAAAAAAAAAAAAAAAA11111111111111111
AAAAAAAAAAAAAAAAAAAAAAAAAAAAAAAAAAAAAAAAAAAAAAAA1111111111111111
AAAAAAAAAAAAAAAAAAAAAAAAAAAAAAAAAAAAAAAAAAAAAAAA1A11111111111111
AAAAAAAAAAAAAAAAAAAAAAAAAAAAAAAAAAAAAAAAAAAAAAAA1AA1111111111111
AAAAAAAAAAAAAAAAAAAAAAAAAAAAAAAAAAAAAAAAAAAAAAAA1AAA111111111111
AAAAAAAAAAAAAAAAAAAAAAAAAAAAAAAAAAAAAAAAAAAAAAAAAAAA111111111111
AAAAAAAAAAAAAAAAAAAAAAAAAAAAAAAAAAAAAAAAAAAAAAAAAAAAA11111111111
AAAAAAAAAAAAAAAAAAAAAAAAAAAAAAAAAAAAAAAAAAAAAAAAAAAAAA1111111111
AAAAAAAAAAAAAAAAAAAAAAAAAAAAAAAAAAAAAAAAAAAAAAAAAAAAAAA111111111
AAAAAAAAAAAAAAAAAAAAAAAAAAAAAAAAAAAAAAAAAAAAAAAAAAAAAAA1A1111111
AAAAAAAAAAAAAAAAAAAAAAAAAAAAAAAAAAAAAAAAAAAAAAAAAAAAAAA1AA111111
AAAAAAAAAAAAAAAAAAAAAAAAAAAAAAAAAAAAAAAAAAAAAAAAAAAAAAAAAA111111
AAAAAAAAAAAAAAAAAAAAAAAAAAAAAAAAAAAAAAAAAAAAAAAAAAAAAAAAAAA11111
AAAAAAAAAAAAAAAAAAAAAAAAAAAAAAAAAAAAAAAAAAAAAAAAAAAAAAAAAAAA1111
AAAAAAAAAAAAAAAAAAAAAAAAAAAAAAAAAAAAAAAAAAAAAAAAAAAAAAAAAAAA1A11
AAAAAAAAAAAAAAAAAAAAAAAAAAAAAAAAAAAAAAAAAAAAAAAAAAAAAAAAAAAA1AA1
AAAAAAAAAAAAAAAAAAAAAAAAAAAAAAAAAAAAAAAAAAAAAAAAAAAAAAAAAAAA1AAA
AAAAAAAAAAAAAAAAAAAAAAAAAAAAAAAAAAAAAAAAAAAAAAAAAAAAAAAAAAAAAAAA
AIII1111II1111IIIIIIIIIIIIIIIIIIIIIIIIIIIIIIIIIIIIIIIIIIIIIIIIII
AAII1111II1111IIIIIIIIIIIIIIIIIIIIIIIIIIIIIIIIIIIIIIIIIIIIIIIIII
AAAI1111II1111IIIIIIIIIIIIIIIIIIIIIIIIIIIIIIIIIIIIIIIIIIIIIIIIII
AAAA1111II1111IIIIIIIIIIIIIIIIIIIIIIIIIIIIIIIIIIIIIIIIIIIIIIIIII
AAAAA1111111111111II11IIIIIIIIIIIIIIIIIIIIIIIIIIIIIIIIIIIIIIIIII
AAAAAA1111111111111I111IIIIIIIIIIIIIIIIIIIIIIIIIIIIIIIIIIIIIIIII
AAAAAA1A11111111111111111IIIIIIIIIIIIIIIIIIIIIIIIIIIIIIIIIIIIIII
AAAAAA1AA11111111111111111IIIIIIIIIIIIIIIIIIIIIIIIIIIIIIIIIIIIII
AAAAAA1AAA11111111111111111IIIIIIIIIIIIIIIIIIIIIIIIIIIIIIIIIIIII
AAAAAAAAAA11111111111111111IIIIIIIIIIIIIIIIIIIIIIIIIIIIIIIIIIIII
AAAAAAAAAAA11111111111111111IIIIIIIIIIIIIIIIIIIIIIIIIIIIIIIIIIII
AAAAAAAAAAAA11111111111111111IIIIIIIIIIIIIIIIIIIIIIIIIIIIIIIIIII
AAAAAAAAAAAA1A11111111111111111IIIIIIIIIIIIIIIIIIIIIIIIIIIIIIIII
AAAAAAAAAAAA1AA11111111111111111IIIIIIIIIIIIIIIIIIIIIIIIIIIIIIII
AAAAAAAAAAAA1AAA11111111111111111IIIIIIIIIIIIIIIIIIIIIIIIIIIIIII
AAAAAAAAAAAAAAAA11111111111111111IIIIIIIIIIIIIIIIIIIIIIIIIIIIIII
AAAAAAAAAAAAAAAAA11111111111111111IIIIIIIIIIIIIIIIIIIIIIIIIIIIII
AAAAAAAAAAAAAAAAAA11111111111111111IIIIIIIIIIIIIIIIIIIIIIIIIIIII
AAAAAAAAAAAAAAAAAA1A11111111111111111IIIIIIIIIIIIIIIIIIIIIIIIIII
AAAAAAAAAAAAAAAAAA1AA11111111111111111IIIIIIIIIIIIIIIIIIIIIIIIII
AAAAAAAAAAAAAAAAAA1AAA11111111111111111IIIIIIIIIIIIIIIIIIIIIIIII
AAAAAAAAAAAAAAAAAAAAAA11111111111111111IIIIIIIIIIIIIIIIIIIIIIIII
AAAAAAAAAAAAAAAAAAAAAAA11111111111111111IIIIIIIIIIIIIIIIIIIIIIII
AAAAAAAAAAAAAAAAAAAAAAAA11111111111111111IIIIIIIIIIIIIIIIIIIIIII
AAAAAAAAAAAAAAAAAAAAAAAAA11111111111111111IIIIIIIIIIIIIIIIIIIIII
AAAAAAAAAAAAAAAAAAAAAAAAA1A11111111111111111IIIIIIIIIIIIIIIIIIII
AAAAAAAAAAAAAAAAAAAAAAAAA1AA11111111111111111IIIIIIIIIIIIIIIIIII
AAAAAAAAAAAAAAAAAAAAAAAAAAAA11111111111111111IIIIIIIIIIIIIIIIIII
AAAAAAAAAAAAAAAAAAAAAAAAAAAAA11111111111111111IIIIIIIIIIIIIIIIII
AAAAAAAAAAAAAAAAAAAAAAAAAAAAAA11111111111111111IIIIIIIIIIIIIIIII
AAAAAAAAAAAAAAAAAAAAAAAAAAAAAA1A11111111111111111IIIIIIIIIIIIIII
AAAAAAAAAAAAAAAAAAAAAAAAAAAAAA1AA11111111111111111IIIIIIIIIIIIII
AAAAAAAAAAAAAAAAAAAAAAAAAAAAAA1AAA11111111111111111IIIIIIIIIIIII
AAAAAAAAAAAAAAAAAAAAAAAAAAAAAAAAAA11111111111111111IIIIIIIIIIIII
AAAAAAAAAAAAAAAAAAAAAAAAAAAAAAAAAAA11111111111111111IIIIIIIIIIII
AAAAAAAAAAAAAAAAAAAAAAAAAAAAAAAAAAAA11111111111111111IIIIIIIIIII
AAAAAAAAAAAAAAAAAAAAAAAAAAAAAAAAAAAA1A11111111111111111IIIIIIIII
AAAAAAAAAAAAAAAAAAAAAAAAAAAAAAAAAAAA1AA11111111111111111IIIIIIII
AAAAAAAAAAAAAAAAAAAAAAAAAAAAAAAAAAAA1AAA11111111111111111IIIIIII
AAAAAAAAAAAAAAAAAAAAAAAAAAAAAAAAAAAAAAAA11111111111111111IIIIIII
AAAAAAAAAAAAAAAAAAAAAAAAAAAAAAAAAAAAAAAAA11111111111111111IIIIII
AAAAAAAAAAAAAAAAAAAAAAAAAAAAAAAAAAAAAAAAAA11111111111111111IIIII
AAAAAAAAAAAAAAAAAAAAAAAAAAAAAAAAAAAAAAAAAA1A11111111111111111III
AAAAAAAAAAAAAAAAAAAAAAAAAAAAAAAAAAAAAAAAAA1AA11111111111111111II
AAAAAAAAAAAAAAAAAAAAAAAAAAAAAAAAAAAAAAAAAA1AAA11111111111111111I
AAAAAAAAAAAAAAAAAAAAAAAAAAAAAAAAAAAAAAAAAAAAAA11111111111111111I
AAAAAAAAAAAAAAAAAAAAAAAAAAAAAAAAAAAAAAAAAAAAAAA11111111111111111
AAAAAAAAAAAAAAAAAAAAAAAAAAAAAAAAAAAAAAAAAAAAAAAA1111111111111111
AAAAAAAAAAAAAAAAAAAAAAAAAAAAAAAAAAAAAAAAAAAAAAAA1A11111111111111
AAAAAAAAAAAAAAAAAAAAAAAAAAAAAAAAAAAAAAAAAAAAAAAA1AA1111111111111
AAAAAAAAAAAAAAAAAAAAAAAAAAAAAAAAAAAAAAAAAAAAAAAA1AAA111111111111
AAAAAAAAAAAAAAAAAAAAAAAAAAAAAAAAAAAAAAAAAAAAAAAAAAAA111111111111
AAAAAAAAAAAAAAAAAAAAAAAAAAAAAAAAAAAAAAAAAAAAAAAAAAAAA11111111111
AAAAAAAAAAAAAAAAAAAAAAAAAAAAAAAAAAAAAAAAAAAAAAAAAAAAAA1111111111
AAAAAAAAAAAAAAAAAAAAAAAAAAAAAAAAAAAAAAAAAAAAAAAAAAAAAA1A11111111
AAAAAAAAAAAAAAAAAAAAAAAAAAAAAAAAAAAAAAAAAAAAAAAAAAAAAA1AA1111111
AAAAAAAAAAAAAAAAAAAAAAAAAAAAAAAAAAAAAAAAAAAAAAAAAAAAAA1AAA111111
AAAAAAAAAAAAAAAAAAAAAAAAAAAAAAAAAAAAAAAAAAAAAAAAAAAAAAAAAA111111
AAAAAAAAAAAAAAAAAAAAAAAAAAAAAAAAAAAAAAAAAAAAAAAAAAAAAAAAAAA11111
AAAAAAAAAAAAAAAAAAAAAAAAAAAAAAAAAAAAAAAAAAAAAAAAAAAAAAAAAAAA1111
AAAAAAAAAAAAAAAAAAAAAAAAAAAAAAAAAAAAAAAAAAAAAAAAAAAAAAAAAAAA1A11
AAAAAAAAAAAAAAAAAAAAAAAAAAAAAAAAAAAAAAAAAAAAAAAAAAAAAAAAAAAA1AA1
AAAAAAAAAAAAAAAAAAAAAAAAAAAAAAAAAAAAAAAAAAAAAAAAAAAAAAAAAAAA1AAA
AAAAAAAAAAAAAAAAAAAAAAAAAAAAAAAAAAAAAAAAAAAAAAAAAAAAAAAAAAAAAAAA
AI1II11I1II11I1IIIIIIIIIIIIIIIIIIIIIIIIIIIIIIIIIIIIIIIIIIIIIIIII
AA11I11I1II11I1IIIIIIIIIIIIIIIIIIIIIIIIIIIIIIIIIIIIIIIIIIIIIIIII
AAA1I11I1II11I1IIIIIIIIIIIIIIIIIIIIIIIIIIIIIIIIIIIIIIIIIIIIIIIII
AAAAI11I1II11I1IIIIIIIIIIIIIIIIIIIIIIIIIIIIIIIIIIIIIIIIIIIIIIIII
AAAAA11I11111I111I1IIIIIIIIIIIIIIIIIIIIIIIIIIIIIIIIIIIIIIIIIIIII
AAAAA111111111111I1IIIIIIIIIIIIIIIIIIIIIIIIIIIIIIIIIIIIIIIIIIIII
AAAAAA11111111111111IIIIIIIIIIIIIIIIIIIIIIIIIIIIIIIIIIIIIIIIIIII
AAAAAA1A111111111111I1IIIIIIIIIIIIIIIIIIIIIIIIIIIIIIIIIIIIIIIIII
AAAAAA1AA11111111111111IIIIIIIIIIIIIIIIIIIIIIIIIIIIIIIIIIIIIIIII
AAAAAA1AAA11111111111111IIIIIIIIIIIIIIIIIIIIIIIIIIIIIIIIIIIIIIII
AAAAAAAAAA11111111111111IIIIIIIIIIIIIIIIIIIIIIIIIIIIIIIIIIIIIIII
AAAAAAAAAAA11111111111111IIIIIIIIIIIIIIIIIIIIIIIIIIIIIIIIIIIIIII
AAAAAAAAAAAA11111111111111IIIIIIIIIIIIIIIIIIIIIIIIIIIIIIIIIIIIII
AAAAAAAAAAAA1A111111111111I1IIIIIIIIIIIIIIIIIIIIIIIIIIIIIIIIIIII
AAAAAAAAAAAA1AA11111111111111IIIIIIIIIIIIIIIIIIIIIIIIIIIIIIIIIII
AAAAAAAAAAAA1AAA11111111111111IIIIIIIIIIIIIIIIIIIIIIIIIIIIIIIIII
AAAAAAAAAAAAAAAA11111111111111IIIIIIIIIIIIIIIIIIIIIIIIIIIIIIIIII
AAAAAAAAAAAAAAAAA11111111111111IIIIIIIIIIIIIIIIIIIIIIIIIIIIIIIII
AAAAAAAAAAAAAAAAAA11111111111111IIIIIIIIIIIIIIIIIIIIIIIIIIIIIIII
AAAAAAAAAAAAAAAAAA1A111111111111I1IIIIIIIIIIIIIIIIIIIIIIIIIIIIII
AAAAAAAAAAAAAAAAAA1AA11111111111111IIIIIIIIIIIIIIIIIIIIIIIIIIIII
AAAAAAAAAAAAAAAAAA1AAA11111111111111IIIIIIIIIIIIIIIIIIIIIIIIIIII
AAAAAAAAAAAAAAAAAAAAAA11111111111111IIIIIIIIIIIIIIIIIIIIIIIIIIII
AAAAAAAAAAAAAAAAAAAAAAA11111111111111IIIIIIIIIIIIIIIIIIIIIIIIIII
AAAAAAAAAAAAAAAAAAAAAAAA11111111111111IIIIIIIIIIIIIIIIIIIIIIIIII
AAAAAAAAAAAAAAAAAAAAAAAA1A111111111111I1IIIIIIIIIIIIIIIIIIIIIIII
AAAAAAAAAAAAAAAAAAAAAAAA1AA11111111111111IIIIIIIIIIIIIIIIIIIIIII
AAAAAAAAAAAAAAAAAAAAAAAA1AAA11111111111111IIIIIIIIIIIIIIIIIIIIII
AAAAAAAAAAAAAAAAAAAAAAAAAAAA11111111111111IIIIIIIIIIIIIIIIIIIIII
AAAAAAAAAAAAAAAAAAAAAAAAAAAAA11111111111111IIIIIIIIIIIIIIIIIIIII
AAAAAAAAAAAAAAAAAAAAAAAAAAAAAA11111111111111IIIIIIIIIIIIIIIIIIII
AAAAAAAAAAAAAAAAAAAAAAAAAAAAAA1A111111111111I1IIIIIIIIIIIIIIIIII
AAAAAAAAAAAAAAAAAAAAAAAAAAAAAA1AA11111111111111IIIIIIIIIIIIIIIII
AAAAAAAAAAAAAAAAAAAAAAAAAAAAAA1AAA11111111111111IIIIIIIIIIIIIIII
AAAAAAAAAAAAAAAAAAAAAAAAAAAAAAAAAA11111111111111IIIIIIIIIIIIIIII
AAAAAAAAAAAAAAAAAAAAAAAAAAAAAAAAAAA11111111111111IIIIIIIIIIIIIII
AAAAAAAAAAAAAAAAAAAAAAAAAAAAAAAAAAAA11111111111111IIIIIIIIIIIIII
AAAAAAAAAAAAAAAAAAAAAAAAAAAAAAAAAAAA1A111111111111I1IIIIIIIIIIII
AAAAAAAAAAAAAAAAAAAAAAAAAAAAAAAAAAAA1AA11111111111111IIIIIIIIIII
AAAAAAAAAAAAAAAAAAAAAAAAAAAAAAAAAAAA1AAA11111111111111IIIIIIIIII
AAAAAAAAAAAAAAAAAAAAAAAAAAAAAAAAAAAAAAAA11111111111111IIIIIIIIII
AAAAAAAAAAAAAAAAAAAAAAAAAAAAAAAAAAAAAAAAA11111111111111IIIIIIIII
AAAAAAAAAAAAAAAAAAAAAAAAAAAAAAAAAAAAAAAAAA11111111111111IIIIIIII
AAAAAAAAAAAAAAAAAAAAAAAAAAAAAAAAAAAAAAAAAA1A111111111111I1IIIIII
AAAAAAAAAAAAAAAAAAAAAAAAAAAAAAAAAAAAAAAAAA1AA11111111111111IIIII
AAAAAAAAAAAAAAAAAAAAAAAAAAAAAAAAAAAAAAAAAA1AAA11111111111111IIII
AAAAAAAAAAAAAAAAAAAAAAAAAAAAAAAAAAAAAAAAAAAAAA11111111111111IIII
AAAAAAAAAAAAAAAAAAAAAAAAAAAAAAAAAAAAAAAAAAAAAAA11111111111111III
AAAAAAAAAAAAAAAAAAAAAAAAAAAAAAAAAAAAAAAAAAAAAAAA11111111111111II
AAAAAAAAAAAAAAAAAAAAAAAAAAAAAAAAAAAAAAAAAAAAAAAA1A111111111111I1
AAAAAAAAAAAAAAAAAAAAAAAAAAAAAAAAAAAAAAAAAAAAAAAA1AA1111111111111
AAAAAAAAAAAAAAAAAAAAAAAAAAAAAAAAAAAAAAAAAAAAAAAA1AAA111111111111
AAAAAAAAAAAAAAAAAAAAAAAAAAAAAAAAAAAAAAAAAAAAAAAAAAAA111111111111
AAAAAAAAAAAAAAAAAAAAAAAAAAAAAAAAAAAAAAAAAAAAAAAAAAAAA11111111111
AAAAAAAAAAAAAAAAAAAAAAAAAAAAAAAAAAAAAAAAAAAAAAAAAAAAAA1111111111
AAAAAAAAAAAAAAAAAAAAAAAAAAAAAAAAAAAAAAAAAAAAAAAAAAAAAA1A11111111
AAAAAAAAAAAAAAAAAAAAAAAAAAAAAAAAAAAAAAAAAAAAAAAAAAAAAA1AA1111111
AAAAAAAAAAAAAAAAAAAAAAAAAAAAAAAAAAAAAAAAAAAAAAAAAAAAAA1AAA111111
AAAAAAAAAAAAAAAAAAAAAAAAAAAAAAAAAAAAAAAAAAAAAAAAAAAAAAAAAA111111
AAAAAAAAAAAAAAAAAAAAAAAAAAAAAAAAAAAAAAAAAAAAAAAAAAAAAAAAAAA11111
AAAAAAAAAAAAAAAAAAAAAAAAAAAAAAAAAAAAAAAAAAAAAAAAAAAAAAAAAAAA1111
AAAAAAAAAAAAAAAAAAAAAAAAAAAAAAAAAAAAAAAAAAAAAAAAAAAAAAAAAAAA1A11
AAAAAAAAAAAAAAAAAAAAAAAAAAAAAAAAAAAAAAAAAAAAAAAAAAAAAAAAAAAA1AA1
AAAAAAAAAAAAAAAAAAAAAAAAAAAAAAAAAAAAAAAAAAAAAAAAAAAAAAAAAAAA1AAA
AAAAAAAAAAAAAAAAAAAAAAAAAAAAAAAAAAAAAAAAAAAAAAAAAAAAAAAAAAAAAAAA
AIII111III111III11IIIIIIIIIIIIIIIIIIIIIIIIIIIIIIIIIIIIIIIIIIIIII
AAII111III111III11IIIIIIIIIIIIIIIIIIIIIIIIIIIIIIIIIIIIIIIIIIIIII
AAAI111III111III11IIIIIIIIIIIIIIIIIIIIIIIIIIIIIIIIIIIIIIIIIIIIII
AAAA111III111III11IIIIIIIIIIIIIIIIIIIIIIIIIIIIIIIIIIIIIIIIIIIIII
AAAAA11I11111I1111II11IIIIIIIIIIIIIIIIIIIIIIIIIIIIIIIIIIIIIIIIII
AAAAA1111111111111II11IIIIIIIIIIIIIIIIIIIIIIIIIIIIIIIIIIIIIIIIII
AAAAAA111111111111II111IIIIIIIIIIIIIIIIIIIIIIIIIIIIIIIIIIIIIIIII
AAAAAA1A11111111111111111IIIIIIIIIIIIIIIIIIIIIIIIIIIIIIIIIIIIIII
AAAAAA1AA11111111111111111IIIIIIIIIIIIIIIIIIIIIIIIIIIIIIIIIIIIII
AAAAAA1AAA11111111111111111IIIIIIIIIIIIIIIIIIIIIIIIIIIIIIIIIIIII
AAAAAAAAAA11111111111111111IIIIIIIIIIIIIIIIIIIIIIIIIIIIIIIIIIIII
AAAAAAAAAAA11111111111111111IIIIIIIIIIIIIIIIIIIIIIIIIIIIIIIIIIII
AAAAAAAAAAAA11111111111111111IIIIIIIIIIIIIIIIIIIIIIIIIIIIIIIIIII
AAAAAAAAAAAA1A11111111111111111IIIIIIIIIIIIIIIIIIIIIIIIIIIIIIIII
AAAAAAAAAAAA1AA11111111111111111IIIIIIIIIIIIIIIIIIIIIIIIIIIIIIII
AAAAAAAAAAAA1AAA11111111111111111IIIIIIIIIIIIIIIIIIIIIIIIIIIIIII
AAAAAAAAAAAAAAAA11111111111111111IIIIIIIIIIIIIIIIIIIIIIIIIIIIIII
AAAAAAAAAAAAAAAAA11111111111111111IIIIIIIIIIIIIIIIIIIIIIIIIIIIII
AAAAAAAAAAAAAAAAAA11111111111111111IIIIIIIIIIIIIIIIIIIIIIIIIIIII
AAAAAAAAAAAAAAAAAA1A11111111111111111IIIIIIIIIIIIIIIIIIIIIIIIIII
AAAAAAAAAAAAAAAAAA1AA11111111111111111IIIIIIIIIIIIIIIIIIIIIIIIII
AAAAAAAAAAAAAAAAAA1AAA11111111111111111IIIIIIIIIIIIIIIIIIIIIIIII
AAAAAAAAAAAAAAAAAAAAAA11111111111111111IIIIIIIIIIIIIIIIIIIIIIIII
AAAAAAAAAAAAAAAAAAAAAAA11111111111111111IIIIIIIIIIIIIIIIIIIIIIII
AAAAAAAAAAAAAAAAAAAAAAAA11111111111111111IIIIIIIIIIIIIIIIIIIIIII
AAAAAAAAAAAAAAAAAAAAAAAA1A11111111111111111IIIIIIIIIIIIIIIIIIIII
AAAAAAAAAAAAAAAAAAAAAAAA1AA11111111111111111IIIIIIIIIIIIIIIIIIII
AAAAAAAAAAAAAAAAAAAAAAAA1AAA11111111111111111IIIIIIIIIIIIIIIIIII
AAAAAAAAAAAAAAAAAAAAAAAAAAAA11111111111111111IIIIIIIIIIIIIIIIIII
AAAAAAAAAAAAAAAAAAAAAAAAAAAAA11111111111111111IIIIIIIIIIIIIIIIII
AAAAAAAAAAAAAAAAAAAAAAAAAAAAAA11111111111111111IIIIIIIIIIIIIIIII
AAAAAAAAAAAAAAAAAAAAAAAAAAAAAA1A11111111111111111IIIIIIIIIIIIIII
AAAAAAAAAAAAAAAAAAAAAAAAAAAAAA1AA11111111111111111IIIIIIIIIIIIII
AAAAAAAAAAAAAAAAAAAAAAAAAAAAAA1AAA11111111111111111IIIIIIIIIIIII
AAAAAAAAAAAAAAAAAAAAAAAAAAAAAAAAAA11111111111111111IIIIIIIIIIIII
AAAAAAAAAAAAAAAAAAAAAAAAAAAAAAAAAAA11111111111111111IIIIIIIIIIII
AAAAAAAAAAAAAAAAAAAAAAAAAAAAAAAAAAAA11111111111111111IIIIIIIIIII
AAAAAAAAAAAAAAAAAAAAAAAAAAAAAAAAAAAA1A11111111111111111IIIIIIIII
AAAAAAAAAAAAAAAAAAAAAAAAAAAAAAAAAAAA1AA11111111111111111IIIIIIII
AAAAAAAAAAAAAAAAAAAAAAAAAAAAAAAAAAAA1AAA11111111111111111IIIIIII
AAAAAAAAAAAAAAAAAAAAAAAAAAAAAAAAAAAAAAAA11111111111111111IIIIIII
AAAAAAAAAAAAAAAAAAAAAAAAAAAAAAAAAAAAAAAAA11111111111111111IIIIII
AAAAAAAAAAAAAAAAAAAAAAAAAAAAAAAAAAAAAAAAAA11111111111111111IIIII
AAAAAAAAAAAAAAAAAAAAAAAAAAAAAAAAAAAAAAAAAA1A11111111111111111III
AAAAAAAAAAAAAAAAAAAAAAAAAAAAAAAAAAAAAAAAAA1AA11111111111111111II
AAAAAAAAAAAAAAAAAAAAAAAAAAAAAAAAAAAAAAAAAA1AAA11111111111111111I
AAAAAAAAAAAAAAAAAAAAAAAAAAAAAAAAAAAAAAAAAAAAAA11111111111111111I
AAAAAAAAAAAAAAAAAAAAAAAAAAAAAAAAAAAAAAAAAAAAAAA11111111111111111
AAAAAAAAAAAAAAAAAAAAAAAAAAAAAAAAAAAAAAAAAAAAAAAA1111111111111111
AAAAAAAAAAAAAAAAAAAAAAAAAAAAAAAAAAAAAAAAAAAAAAAA1A11111111111111
AAAAAAAAAAAAAAAAAAAAAAAAAAAAAAAAAAAAAAAAAAAAAAAA1AA1111111111111
AAAAAAAAAAAAAAAAAAAAAAAAAAAAAAAAAAAAAAAAAAAAAAAA1AAA111111111111
AAAAAAAAAAAAAAAAAAAAAAAAAAAAAAAAAAAAAAAAAAAAAAAAAAAA111111111111
AAAAAAAAAAAAAAAAAAAAAAAAAAAAAAAAAAAAAAAAAAAAAAAAAAAAA11111111111
AAAAAAAAAAAAAAAAAAAAAAAAAAAAAAAAAAAAAAAAAAAAAAAAAAAAAA1111111111
AAAAAAAAAAAAAAAAAAAAAAAAAAAAAAAAAAAAAAAAAAAAAAAAAAAAAA1A11111111
AAAAAAAAAAAAAAAAAAAAAAAAAAAAAAAAAAAAAAAAAAAAAAAAAAAAAA1AA1111111
AAAAAAAAAAAAAAAAAAAAAAAAAAAAAAAAAAAAAAAAAAAAAAAAAAAAAA1AAA111111
AAAAAAAAAAAAAAAAAAAAAAAAAAAAAAAAAAAAAAAAAAAAAAAAAAAAAAAAAA111111
AAAAAAAAAAAAAAAAAAAAAAAAAAAAAAAAAAAAAAAAAAAAAAAAAAAAAAAAAAA11111
AAAAAAAAAAAAAAAAAAAAAAAAAAAAAAAAAAAAAAAAAAAAAAAAAAAAAAAAAAAA1111
AAAAAAAAAAAAAAAAAAAAAAAAAAAAAAAAAAAAAAAAAAAAAAAAAAAAAAAAAAAA1A11
AAAAAAAAAAAAAAAAAAAAAAAAAAAAAAAAAAAAAAAAAAAAAAAAAAAAAAAAAAAA1AA1
AAAAAAAAAAAAAAAAAAAAAAAAAAAAAAAAAAAAAAAAAAAAAAAAAAAAAAAAAAAA1AAA
AAAAAAAAAAAAAAAAAAAAAAAAAAAAAAAAAAAAAAAAAAAAAAAAAAAAAAAAAAAAAAAA
AIII1111II1111IIIIIIIIIIIIIIIIIIIIIIIIIIIIIIIIIIIIIIIIIIIIIIIIII
AAII1111II1111IIIIIIIIIIIIIIIIIIIIIIIIIIIIIIIIIIIIIIIIIIIIIIIIII
AAAI1111II1111IIIIIIIIIIIIIIIIIIIIIIIIIIIIIIIIIIIIIIIIIIIIIIIIII
AAAA1111II1111IIIIIIIIIIIIIIIIIIIIIIIIIIIIIIIIIIIIIIIIIIIIIIIIII
AAAAA1111111111111II11IIIIIIIIIIIIIIIIIIIIIIIIIIIIIIIIIIIIIIIIII
AAAAAA1111111111111I111IIIIIIIIIIIIIIIIIIIIIIIIIIIIIIIIIIIIIIIII
AAAAAAA11111111111111111IIIIIIIIIIIIIIIIIIIIIIIIIIIIIIIIIIIIIIII
AAAAAAA1A11111111111111111IIIIIIIIIIIIIIIIIIIIIIIIIIIIIIIIIIIIII
AAAAAAA1AA11111111111111111IIIIIIIIIIIIIIIIIIIIIIIIIIIIIIIIIIIII
AAAAAAAAAA11111111111111111IIIIIIIIIIIIIIIIIIIIIIIIIIIIIIIIIIIII
AAAAAAAAAAA11111111111111111IIIIIIIIIIIIIIIIIIIIIIIIIIIIIIIIIIII
AAAAAAAAAAAA11111111111111111IIIIIIIIIIIIIIIIIIIIIIIIIIIIIIIIIII
AAAAAAAAAAAA1A11111111111111111IIIIIIIIIIIIIIIIIIIIIIIIIIIIIIIII
AAAAAAAAAAAA1AA11111111111111111IIIIIIIIIIIIIIIIIIIIIIIIIIIIIIII
AAAAAAAAAAAA1AAA11111111111111111IIIIIIIIIIIIIIIIIIIIIIIIIIIIIII
AAAAAAAAAAAAAAAA11111111111111111IIIIIIIIIIIIIIIIIIIIIIIIIIIIIII
AAAAAAAAAAAAAAAAA11111111111111111IIIIIIIIIIIIIIIIIIIIIIIIIIIIII
AAAAAAAAAAAAAAAAAA11111111111111111IIIIIIIIIIIIIIIIIIIIIIIIIIIII
AAAAAAAAAAAAAAAAAA1A11111111111111111IIIIIIIIIIIIIIIIIIIIIIIIIII
AAAAAAAAAAAAAAAAAA1AA11111111111111111IIIIIIIIIIIIIIIIIIIIIIIIII
AAAAAAAAAAAAAAAAAA1AAA11111111111111111IIIIIIIIIIIIIIIIIIIIIIIII
AAAAAAAAAAAAAAAAAAAAAA11111111111111111IIIIIIIIIIIIIIIIIIIIIIIII
AAAAAAAAAAAAAAAAAAAAAAA11111111111111111IIIIIIIIIIIIIIIIIIIIIIII
AAAAAAAAAAAAAAAAAAAAAAAA11111111111111111IIIIIIIIIIIIIIIIIIIIIII
AAAAAAAAAAAAAAAAAAAAAAAA1A11111111111111111IIIIIIIIIIIIIIIIIIIII
AAAAAAAAAAAAAAAAAAAAAAAA1AA11111111111111111IIIIIIIIIIIIIIIIIIII
AAAAAAAAAAAAAAAAAAAAAAAA1AAA11111111111111111IIIIIIIIIIIIIIIIIII
AAAAAAAAAAAAAAAAAAAAAAAAAAAA11111111111111111IIIIIIIIIIIIIIIIIII
AAAAAAAAAAAAAAAAAAAAAAAAAAAAA11111111111111111IIIIIIIIIIIIIIIIII
AAAAAAAAAAAAAAAAAAAAAAAAAAAAAA11111111111111111IIIIIIIIIIIIIIIII
AAAAAAAAAAAAAAAAAAAAAAAAAAAAAA1A11111111111111111IIIIIIIIIIIIIII
AAAAAAAAAAAAAAAAAAAAAAAAAAAAAA1AA11111111111111111IIIIIIIIIIIIII
AAAAAAAAAAAAAAAAAAAAAAAAAAAAAA1AAA11111111111111111IIIIIIIIIIIII
AAAAAAAAAAAAAAAAAAAAAAAAAAAAAAAAAA11111111111111111IIIIIIIIIIIII
AAAAAAAAAAAAAAAAAAAAAAAAAAAAAAAAAAA11111111111111111IIIIIIIIIIII
AAAAAAAAAAAAAAAAAAAAAAAAAAAAAAAAAAAA11111111111111111IIIIIIIIIII
AAAAAAAAAAAAAAAAAAAAAAAAAAAAAAAAAAAA1A11111111111111111IIIIIIIII
AAAAAAAAAAAAAAAAAAAAAAAAAAAAAAAAAAAA1AA11111111111111111IIIIIIII
AAAAAAAAAAAAAAAAAAAAAAAAAAAAAAAAAAAAAAA11111111111111111IIIIIIII
AAAAAAAAAAAAAAAAAAAAAAAAAAAAAAAAAAAAAAAA11111111111111111IIIIIII
AAAAAAAAAAAAAAAAAAAAAAAAAAAAAAAAAAAAAAAAA11111111111111111IIIIII
AAAAAAAAAAAAAAAAAAAAAAAAAAAAAAAAAAAAAAAAAA11111111111111111IIIII
AAAAAAAAAAAAAAAAAAAAAAAAAAAAAAAAAAAAAAAAAA1A11111111111111111III
AAAAAAAAAAAAAAAAAAAAAAAAAAAAAAAAAAAAAAAAAA1AA11111111111111111II
AAAAAAAAAAAAAAAAAAAAAAAAAAAAAAAAAAAAAAAAAA1AAA11111111111111111I
AAAAAAAAAAAAAAAAAAAAAAAAAAAAAAAAAAAAAAAAAAAAAA11111111111111111I
AAAAAAAAAAAAAAAAAAAAAAAAAAAAAAAAAAAAAAAAAAAAAAA11111111111111111
AAAAAAAAAAAAAAAAAAAAAAAAAAAAAAAAAAAAAAAAAAAAAAAA1111111111111111
AAAAAAAAAAAAAAAAAAAAAAAAAAAAAAAAAAAAAAAAAAAAAAAA1A11111111111111
AAAAAAAAAAAAAAAAAAAAAAAAAAAAAAAAAAAAAAAAAAAAAAAA1AA1111111111111
AAAAAAAAAAAAAAAAAAAAAAAAAAAAAAAAAAAAAAAAAAAAAAAA1AAA111111111111
AAAAAAAAAAAAAAAAAAAAAAAAAAAAAAAAAAAAAAAAAAAAAAAAAAAA111111111111
AAAAAAAAAAAAAAAAAAAAAAAAAAAAAAAAAAAAAAAAAAAAAAAAAAAAA11111111111
AAAAAAAAAAAAAAAAAAAAAAAAAAAAAAAAAAAAAAAAAAAAAAAAAAAAAA1111111111
AAAAAAAAAAAAAAAAAAAAAAAAAAAAAAAAAAAAAAAAAAAAAAAAAAAAAA1A11111111
AAAAAAAAAAAAAAAAAAAAAAAAAAAAAAAAAAAAAAAAAAAAAAAAAAAAAA1AA1111111
AAAAAAAAAAAAAAAAAAAAAAAAAAAAAAAAAAAAAAAAAAAAAAAAAAAAAA1AAA111111
AAAAAAAAAAAAAAAAAAAAAAAAAAAAAAAAAAAAAAAAAAAAAAAAAAAAAAAAAA111111
AAAAAAAAAAAAAAAAAAAAAAAAAAAAAAAAAAAAAAAAAAAAAAAAAAAAAAAAAAA11111
AAAAAAAAAAAAAAAAAAAAAAAAAAAAAAAAAAAAAAAAAAAAAAAAAAAAAAAAAAAA1111
AAAAAAAAAAAAAAAAAAAAAAAAAAAAAAAAAAAAAAAAAAAAAAAAAAAAAAAAAAAA1A11
AAAAAAAAAAAAAAAAAAAAAAAAAAAAAAAAAAAAAAAAAAAAAAAAAAAAAAAAAAAA1AA1
AAAAAAAAAAAAAAAAAAAAAAAAAAAAAAAAAAAAAAAAAAAAAAAAAAAAAAAAAAAA1AAA
AAAAAAAAAAAAAAAAAAAAAAAAAAAAAAAAAAAAAAAAAAAAAAAAAAAAAAAAAAAAAAAA
AIIIII1IIIII1IIIII1IIIIIIIIIIIIIIIIIIIIIIIIIIIIIIIIIIIIIIIIIIIII
AAIIII11IIII11IIII11IIIIIIIIIIIIIIIIIIIIIIIIIIIIIIIIIIIIIIIIIIII
AAAIII111III111III11IIIIIIIIIIIIIIIIIIIIIIIIIIIIIIIIIIIIIIIIIIII
AAAAII111III111III11IIIIIIIIIIIIIIIIIIIIIIIIIIIIIIIIIIIIIIIIIIII
AAAAAI111I1I111I1I11II1IIIIIIIIIIIIIIIIIIIIIIIIIIIIIIIIIIIIIIIII
AAAAAI111I1I111I1I111I1IIIIIIIIIIIIIIIIIIIIIIIIIIIIIIIIIIIIIIIII
AAAAAA111I11111I11111I11IIIIIIIIIIIIIIIIIIIIIIIIIIIIIIIIIIIIIIII
AAAAAA1A1I11111I11111I11I1IIIIIIIIIIIIIIIIIIIIIIIIIIIIIIIIIIIIII
AAAAAA1AAI11111I11111I11I11IIIIIIIIIIIIIIIIIIIIIIIIIIIIIIIIIIIII
AAAAAA1AAA11111111111111I111IIIIIIIIIIIIIIIIIIIIIIIIIIIIIIIIIIII
AAAAAAAAAA111111111111111111IIIIIIIIIIIIIIIIIIIIIIIIIIIIIIIIIIII
AAAAAAAAAAA111111111111111111IIIIIIIIIIIIIIIIIIIIIIIIIIIIIIIIIII
AAAAAAAAAAAA111111111111111111IIIIIIIIIIIIIIIIIIIIIIIIIIIIIIIIII
AAAAAAAAAAAA1A1111111111111111I1IIIIIIIIIIIIIIIIIIIIIIIIIIIIIIII
AAAAAAAAAAAA1AA111111111111111I11IIIIIIIIIIIIIIIIIIIIIIIIIIIIIII
AAAAAAAAAAAA1AAA11111111111111I111IIIIIIIIIIIIIIIIIIIIIIIIIIIIII
AAAAAAAAAAAAAAAA111111111111111111IIIIIIIIIIIIIIIIIIIIIIIIIIIIII
AAAAAAAAAAAAAAAAA111111111111111111IIIIIIIIIIIIIIIIIIIIIIIIIIIII
AAAAAAAAAAAAAAAAAA111111111111111111IIIIIIIIIIIIIIIIIIIIIIIIIIII
AAAAAAAAAAAAAAAAAA1A1111111111111111I1IIIIIIIIIIIIIIIIIIIIIIIIII
AAAAAAAAAAAAAAAAAA1AA111111111111111I11IIIIIIIIIIIIIIIIIIIIIIIII
AAAAAAAAAAAAAAAAAA1AAA11111111111111I111IIIIIIIIIIIIIIIIIIIIIIII
AAAAAAAAAAAAAAAAAAAAAA111111111111111111IIIIIIIIIIIIIIIIIIIIIIII
AAAAAAAAAAAAAAAAAAAAAAA111111111111111111IIIIIIIIIIIIIIIIIIIIIII
AAAAAAAAAAAAAAAAAAAAAAAA111111111111111111IIIIIIIIIIIIIIIIIIIIII
AAAAAAAAAAAAAAAAAAAAAAAAA111111111111111111IIIIIIIIIIIIIIIIIIIII
AAAAAAAAAAAAAAAAAAAAAAAAA1A1111111111111111I1IIIIIIIIIIIIIIIIIII
AAAAAAAAAAAAAAAAAAAAAAAAA1AA111111111111111I11IIIIIIIIIIIIIIIIII
AAAAAAAAAAAAAAAAAAAAAAAAAAAA111111111111111111IIIIIIIIIIIIIIIIII
AAAAAAAAAAAAAAAAAAAAAAAAAAAAA111111111111111111IIIIIIIIIIIIIIIII
AAAAAAAAAAAAAAAAAAAAAAAAAAAAAA111111111111111111IIIIIIIIIIIIIIII
AAAAAAAAAAAAAAAAAAAAAAAAAAAAAA1A1111111111111111I1IIIIIIIIIIIIII
AAAAAAAAAAAAAAAAAAAAAAAAAAAAAA1AA111111111111111I11IIIIIIIIIIIII
AAAAAAAAAAAAAAAAAAAAAAAAAAAAAA1AAA11111111111111I111IIIIIIIIIIII
AAAAAAAAAAAAAAAAAAAAAAAAAAAAAAAAAA111111111111111111IIIIIIIIIIII
AAAAAAAAAAAAAAAAAAAAAAAAAAAAAAAAAAA111111111111111111IIIIIIIIIII
AAAAAAAAAAAAAAAAAAAAAAAAAAAAAAAAAAAA111111111111111111IIIIIIIIII
AAAAAAAAAAAAAAAAAAAAAAAAAAAAAAAAAAAA1A1111111111111111I1IIIIIIII
AAAAAAAAAAAAAAAAAAAAAAAAAAAAAAAAAAAA1AA111111111111111I11IIIIIII
AAAAAAAAAAAAAAAAAAAAAAAAAAAAAAAAAAAA1AAA11111111111111I111IIIIII
AAAAAAAAAAAAAAAAAAAAAAAAAAAAAAAAAAAAAAAA111111111111111111IIIIII
AAAAAAAAAAAAAAAAAAAAAAAAAAAAAAAAAAAAAAAAA111111111111111111IIIII
AAAAAAAAAAAAAAAAAAAAAAAAAAAAAAAAAAAAAAAAAA111111111111111111IIII
AAAAAAAAAAAAAAAAAAAAAAAAAAAAAAAAAAAAAAAAAA1A1111111111111111I1II
AAAAAAAAAAAAAAAAAAAAAAAAAAAAAAAAAAAAAAAAAA1AA111111111111111I11I
AAAAAAAAAAAAAAAAAAAAAAAAAAAAAAAAAAAAAAAAAA1AAA11111111111111I111
AAAAAAAAAAAAAAAAAAAAAAAAAAAAAAAAAAAAAAAAAAAAAA111111111111111111
AAAAAAAAAAAAAAAAAAAAAAAAAAAAAAAAAAAAAAAAAAAAAAA11111111111111111
AAAAAAAAAAAAAAAAAAAAAAAAAAAAAAAAAAAAAAAAAAAAAAAA1111111111111111
AAAAAAAAAAAAAAAAAAAAAAAAAAAAAAAAAAAAAAAAAAAAAAAA1A11111111111111
AAAAAAAAAAAAAAAAAAAAAAAAAAAAAAAAAAAAAAAAAAAAAAAA1AA1111111111111
AAAAAAAAAAAAAAAAAAAAAAAAAAAAAAAAAAAAAAAAAAAAAAAA1AAA111111111111
AAAAAAAAAAAAAAAAAAAAAAAAAAAAAAAAAAAAAAAAAAAAAAAAAAAA111111111111
AAAAAAAAAAAAAAAAAAAAAAAAAAAAAAAAAAAAAAAAAAAAAAAAAAAAA11111111111
AAAAAAAAAAAAAAAAAAAAAAAAAAAAAAAAAAAAAAAAAAAAAAAAAAAAAA1111111111
AAAAAAAAAAAAAAAAAAAAAAAAAAAAAAAAAAAAAAAAAAAAAAAAAAAAAA1A11111111
AAAAAAAAAAAAAAAAAAAAAAAAAAAAAAAAAAAAAAAAAAAAAAAAAAAAAA1AA1111111
AAAAAAAAAAAAAAAAAAAAAAAAAAAAAAAAAAAAAAAAAAAAAAAAAAAAAA1AAA111111
AAAAAAAAAAAAAAAAAAAAAAAAAAAAAAAAAAAAAAAAAAAAAAAAAAAAAAAAAA111111
AAAAAAAAAAAAAAAAAAAAAAAAAAAAAAAAAAAAAAAAAAAAAAAAAAAAAAAAAAA11111
AAAAAAAAAAAAAAAAAAAAAAAAAAAAAAAAAAAAAAAAAAAAAAAAAAAAAAAAAAAA1111
AAAAAAAAAAAAAAAAAAAAAAAAAAAAAAAAAAAAAAAAAAAAAAAAAAAAAAAAAAAA1A11
AAAAAAAAAAAAAAAAAAAAAAAAAAAAAAAAAAAAAAAAAAAAAAAAAAAAAAAAAAAA1AA1
AAAAAAAAAAAAAAAAAAAAAAAAAAAAAAAAAAAAAAAAAAAAAAAAAAAAAAAAAAAA1AAA
AAAAAAAAAAAAAAAAAAAAAAAAAAAAAAAAAAAAAAAAAAAAAAAAAAAAAAAAAAAAAAAA
AI1II11I1II11I1IIIIIIIIIIIIIIIIIIIIIIIIIIIIIIIIIIIIIIIIIIIIIIIII
AA11I11I1II11I1IIIIIIIIIIIIIIIIIIIIIIIIIIIIIIIIIIIIIIIIIIIIIIIII
AAA1I11I1II11I1IIIIIIIIIIIIIIIIIIIIIIIIIIIIIIIIIIIIIIIIIIIIIIIII
AAAAI11I1II11I1IIIIIIIIIIIIIIIIIIIIIIIIIIIIIIIIIIIIIIIIIIIIIIIII
AAAAA11I11111I111I1IIIIIIIIIIIIIIIIIIIIIIIIIIIIIIIIIIIIIIIIIIIII
AAAAA111111111111I1IIIIIIIIIIIIIIIIIIIIIIIIIIIIIIIIIIIIIIIIIIIII
AAAAAA11111111111111IIIIIIIIIIIIIIIIIIIIIIIIIIIIIIIIIIIIIIIIIIII
AAAAAA1A111111111111I1IIIIIIIIIIIIIIIIIIIIIIIIIIIIIIIIIIIIIIIIII
AAAAAA1AA11111111111111IIIIIIIIIIIIIIIIIIIIIIIIIIIIIIIIIIIIIIIII
AAAAAA1AAA11111111111111IIIIIIIIIIIIIIIIIIIIIIIIIIIIIIIIIIIIIIII
AAAAAAAAAA11111111111111IIIIIIIIIIIIIIIIIIIIIIIIIIIIIIIIIIIIIIII
AAAAAAAAAAA11111111111111IIIIIIIIIIIIIIIIIIIIIIIIIIIIIIIIIIIIIII
AAAAAAAAAAAA11111111111111IIIIIIIIIIIIIIIIIIIIIIIIIIIIIIIIIIIIII
AAAAAAAAAAAA1A111111111111I1IIIIIIIIIIIIIIIIIIIIIIIIIIIIIIIIIIII
AAAAAAAAAAAA1AA11111111111111IIIIIIIIIIIIIIIIIIIIIIIIIIIIIIIIIII
AAAAAAAAAAAA1AAA11111111111111IIIIIIIIIIIIIIIIIIIIIIIIIIIIIIIIII
AAAAAAAAAAAAAAAA11111111111111IIIIIIIIIIIIIIIIIIIIIIIIIIIIIIIIII
AAAAAAAAAAAAAAAAA11111111111111IIIIIIIIIIIIIIIIIIIIIIIIIIIIIIIII
AAAAAAAAAAAAAAAAAA11111111111111IIIIIIIIIIIIIIIIIIIIIIIIIIIIIIII
AAAAAAAAAAAAAAAAAA1A111111111111I1IIIIIIIIIIIIIIIIIIIIIIIIIIIIII
AAAAAAAAAAAAAAAAAA1AA11111111111111IIIIIIIIIIIIIIIIIIIIIIIIIIIII
AAAAAAAAAAAAAAAAAA1AAA11111111111111IIIIIIIIIIIIIIIIIIIIIIIIIIII
AAAAAAAAAAAAAAAAAAAAAA11111111111111IIIIIIIIIIIIIIIIIIIIIIIIIIII
AAAAAAAAAAAAAAAAAAAAAAA11111111111111IIIIIIIIIIIIIIIIIIIIIIIIIII
AAAAAAAAAAAAAAAAAAAAAAAA11111111111111IIIIIIIIIIIIIIIIIIIIIIIIII
AAAAAAAAAAAAAAAAAAAAAAAA1A111111111111I1IIIIIIIIIIIIIIIIIIIIIIII
AAAAAAAAAAAAAAAAAAAAAAAA1AA11111111111111IIIIIIIIIIIIIIIIIIIIIII
AAAAAAAAAAAAAAAAAAAAAAAA1AAA11111111111111IIIIIIIIIIIIIIIIIIIIII
AAAAAAAAAAAAAAAAAAAAAAAAAAAA11111111111111IIIIIIIIIIIIIIIIIIIIII
AAAAAAAAAAAAAAAAAAAAAAAAAAAAA11111111111111IIIIIIIIIIIIIIIIIIIII
AAAAAAAAAAAAAAAAAAAAAAAAAAAAAA11111111111111IIIIIIIIIIIIIIIIIIII
AAAAAAAAAAAAAAAAAAAAAAAAAAAAAA1A111111111111I1IIIIIIIIIIIIIIIIII
AAAAAAAAAAAAAAAAAAAAAAAAAAAAAA1AA11111111111111IIIIIIIIIIIIIIIII
AAAAAAAAAAAAAAAAAAAAAAAAAAAAAA1AAA11111111111111IIIIIIIIIIIIIIII
AAAAAAAAAAAAAAAAAAAAAAAAAAAAAAAAAA11111111111111IIIIIIIIIIIIIIII
AAAAAAAAAAAAAAAAAAAAAAAAAAAAAAAAAAA11111111111111IIIIIIIIIIIIIII
AAAAAAAAAAAAAAAAAAAAAAAAAAAAAAAAAAAA11111111111111IIIIIIIIIIIIII
AAAAAAAAAAAAAAAAAAAAAAAAAAAAAAAAAAAA1A111111111111I1IIIIIIIIIIII
AAAAAAAAAAAAAAAAAAAAAAAAAAAAAAAAAAAA1AA11111111111111IIIIIIIIIII
AAAAAAAAAAAAAAAAAAAAAAAAAAAAAAAAAAAA1AAA11111111111111IIIIIIIIII
AAAAAAAAAAAAAAAAAAAAAAAAAAAAAAAAAAAAAAAA11111111111111IIIIIIIIII
AAAAAAAAAAAAAAAAAAAAAAAAAAAAAAAAAAAAAAAAA11111111111111IIIIIIIII
AAAAAAAAAAAAAAAAAAAAAAAAAAAAAAAAAAAAAAAAAA11111111111111IIIIIIII
AAAAAAAAAAAAAAAAAAAAAAAAAAAAAAAAAAAAAAAAAA1A111111111111I1IIIIII
AAAAAAAAAAAAAAAAAAAAAAAAAAAAAAAAAAAAAAAAAA1AA11111111111111IIIII
AAAAAAAAAAAAAAAAAAAAAAAAAAAAAAAAAAAAAAAAAA1AAA11111111111111IIII
AAAAAAAAAAAAAAAAAAAAAAAAAAAAAAAAAAAAAAAAAAAAAA11111111111111IIII
AAAAAAAAAAAAAAAAAAAAAAAAAAAAAAAAAAAAAAAAAAAAAAA11111111111111III
AAAAAAAAAAAAAAAAAAAAAAAAAAAAAAAAAAAAAAAAAAAAAAAA11111111111111II
AAAAAAAAAAAAAAAAAAAAAAAAAAAAAAAAAAAAAAAAAAAAAAAA1A111111111111I1
AAAAAAAAAAAAAAAAAAAAAAAAAAAAAAAAAAAAAAAAAAAAAAAA1AA1111111111111
AAAAAAAAAAAAAAAAAAAAAAAAAAAAAAAAAAAAAAAAAAAAAAAA1AAA111111111111
AAAAAAAAAAAAAAAAAAAAAAAAAAAAAAAAAAAAAAAAAAAAAAAAAAAA111111111111
AAAAAAAAAAAAAAAAAAAAAAAAAAAAAAAAAAAAAAAAAAAAAAAAAAAAA11111111111
AAAAAAAAAAAAAAAAAAAAAAAAAAAAAAAAAAAAAAAAAAAAAAAAAAAAAA1111111111
AAAAAAAAAAAAAAAAAAAAAAAAAAAAAAAAAAAAAAAAAAAAAAAAAAAAAA1A11111111
AAAAAAAAAAAAAAAAAAAAAAAAAAAAAAAAAAAAAAAAAAAAAAAAAAAAAA1AA1111111
AAAAAAAAAAAAAAAAAAAAAAAAAAAAAAAAAAAAAAAAAAAAAAAAAAAAAA1AAA111111
AAAAAAAAAAAAAAAAAAAAAAAAAAAAAAAAAAAAAAAAAAAAAAAAAAAAAAAAAA111111
AAAAAAAAAAAAAAAAAAAAAAAAAAAAAAAAAAAAAAAAAAAAAAAAAAAAAAAAAAA11111
AAAAAAAAAAAAAAAAAAAAAAAAAAAAAAAAAAAAAAAAAAAAAAAAAAAAAAAAAAAA1111
AAAAAAAAAAAAAAAAAAAAAAAAAAAAAAAAAAAAAAAAAAAAAAAAAAAAAAAAAAAA1A11
AAAAAAAAAAAAAAAAAAAAAAAAAAAAAAAAAAAAAAAAAAAAAAAAAAAAAAAAAAAA1AA1
AAAAAAAAAAAAAAAAAAAAAAAAAAAAAAAAAAAAAAAAAAAAAAAAAAAAAAAAAAAA1AAA
AAAAAAAAAAAAAAAAAAAAAAAAAAAAAAAAAAAAAAAAAAAAAAAAAAAAAAAAAAAAAAAA
AIII111III111III11IIIIIIIIIIIIIIIIIIIIIIIIIIIIIIIIIIIIIIIIIIIIII
AAII111III111III11IIIIIIIIIIIIIIIIIIIIIIIIIIIIIIIIIIIIIIIIIIIIII
AAAI111III111III11IIIIIIIIIIIIIIIIIIIIIIIIIIIIIIIIIIIIIIIIIIIIII
AAAA111III111III11IIIIIIIIIIIIIIIIIIIIIIIIIIIIIIIIIIIIIIIIIIIIII
AAAAA11I11111I1111II11IIIIIIIIIIIIIIIIIIIIIIIIIIIIIIIIIIIIIIIIII
AAAAA1111111111111II11IIIIIIIIIIIIIIIIIIIIIIIIIIIIIIIIIIIIIIIIII
AAAAAA111111111111II111IIIIIIIIIIIIIIIIIIIIIIIIIIIIIIIIIIIIIIIII
AAAAAA1A11111111111111111IIIIIIIIIIIIIIIIIIIIIIIIIIIIIIIIIIIIIII
AAAAAA1AA11111111111111111IIIIIIIIIIIIIIIIIIIIIIIIIIIIIIIIIIIIII
AAAAAA1AAA11111111111111111IIIIIIIIIIIIIIIIIIIIIIIIIIIIIIIIIIIII
AAAAAAAAAA11111111111111111IIIIIIIIIIIIIIIIIIIIIIIIIIIIIIIIIIIII
AAAAAAAAAAA11111111111111111IIIIIIIIIIIIIIIIIIIIIIIIIIIIIIIIIIII
AAAAAAAAAAAA11111111111111111IIIIIIIIIIIIIIIIIIIIIIIIIIIIIIIIIII
AAAAAAAAAAAA1A11111111111111111IIIIIIIIIIIIIIIIIIIIIIIIIIIIIIIII
AAAAAAAAAAAA1AA11111111111111111IIIIIIIIIIIIIIIIIIIIIIIIIIIIIIII
AAAAAAAAAAAA1AAA11111111111111111IIIIIIIIIIIIIIIIIIIIIIIIIIIIIII
AAAAAAAAAAAAAAAA11111111111111111IIIIIIIIIIIIIIIIIIIIIIIIIIIIIII
AAAAAAAAAAAAAAAAA11111111111111111IIIIIIIIIIIIIIIIIIIIIIIIIIIIII
AAAAAAAAAAAAAAAAAA11111111111111111IIIIIIIIIIIIIIIIIIIIIIIIIIIII
AAAAAAAAAAAAAAAAAA1A11111111111111111IIIIIIIIIIIIIIIIIIIIIIIIIII
AAAAAAAAAAAAAAAAAA1AA11111111111111111IIIIIIIIIIIIIIIIIIIIIIIIII
AAAAAAAAAAAAAAAAAA1AAA11111111111111111IIIIIIIIIIIIIIIIIIIIIIIII
AAAAAAAAAAAAAAAAAAAAAA11111111111111111IIIIIIIIIIIIIIIIIIIIIIIII
AAAAAAAAAAAAAAAAAAAAAAA11111111111111111IIIIIIIIIIIIIIIIIIIIIIII
AAAAAAAAAAAAAAAAAAAAAAAA11111111111111111IIIIIIIIIIIIIIIIIIIIIII
AAAAAAAAAAAAAAAAAAAAAAAA1A11111111111111111IIIIIIIIIIIIIIIIIIIII
AAAAAAAAAAAAAAAAAAAAAAAA1AA11111111111111111IIIIIIIIIIIIIIIIIIII
AAAAAAAAAAAAAAAAAAAAAAAA1AAA11111111111111111IIIIIIIIIIIIIIIIIII
AAAAAAAAAAAAAAAAAAAAAAAAAAAA11111111111111111IIIIIIIIIIIIIIIIIII
AAAAAAAAAAAAAAAAAAAAAAAAAAAAA11111111111111111IIIIIIIIIIIIIIIIII
AAAAAAAAAAAAAAAAAAAAAAAAAAAAAA11111111111111111IIIIIIIIIIIIIIIII
AAAAAAAAAAAAAAAAAAAAAAAAAAAAAA1A11111111111111111IIIIIIIIIIIIIII
AAAAAAAAAAAAAAAAAAAAAAAAAAAAAA1AA11111111111111111IIIIIIIIIIIIII
AAAAAAAAAAAAAAAAAAAAAAAAAAAAAA1AAA11111111111111111IIIIIIIIIIIII
AAAAAAAAAAAAAAAAAAAAAAAAAAAAAAAAAA11111111111111111IIIIIIIIIIIII
AAAAAAAAAAAAAAAAAAAAAAAAAAAAAAAAAAA11111111111111111IIIIIIIIIIII
AAAAAAAAAAAAAAAAAAAAAAAAAAAAAAAAAAAA11111111111111111IIIIIIIIIII
AAAAAAAAAAAAAAAAAAAAAAAAAAAAAAAAAAAA1A11111111111111111IIIIIIIII
AAAAAAAAAAAAAAAAAAAAAAAAAAAAAAAAAAAA1AA11111111111111111IIIIIIII
AAAAAAAAAAAAAAAAAAAAAAAAAAAAAAAAAAAA1AAA11111111111111111IIIIIII
AAAAAAAAAAAAAAAAAAAAAAAAAAAAAAAAAAAAAAAA11111111111111111IIIIIII
AAAAAAAAAAAAAAAAAAAAAAAAAAAAAAAAAAAAAAAAA11111111111111111IIIIII
AAAAAAAAAAAAAAAAAAAAAAAAAAAAAAAAAAAAAAAAAA11111111111111111IIIII
AAAAAAAAAAAAAAAAAAAAAAAAAAAAAAAAAAAAAAAAAA1A11111111111111111III
AAAAAAAAAAAAAAAAAAAAAAAAAAAAAAAAAAAAAAAAAA1AA11111111111111111II
AAAAAAAAAAAAAAAAAAAAAAAAAAAAAAAAAAAAAAAAAA1AAA11111111111111111I
AAAAAAAAAAAAAAAAAAAAAAAAAAAAAAAAAAAAAAAAAAAAAA11111111111111111I
AAAAAAAAAAAAAAAAAAAAAAAAAAAAAAAAAAAAAAAAAAAAAAA11111111111111111
AAAAAAAAAAAAAAAAAAAAAAAAAAAAAAAAAAAAAAAAAAAAAAAA1111111111111111
AAAAAAAAAAAAAAAAAAAAAAAAAAAAAAAAAAAAAAAAAAAAAAAA1A11111111111111
AAAAAAAAAAAAAAAAAAAAAAAAAAAAAAAAAAAAAAAAAAAAAAAA1AA1111111111111
AAAAAAAAAAAAAAAAAAAAAAAAAAAAAAAAAAAAAAAAAAAAAAAA1AAA111111111111
AAAAAAAAAAAAAAAAAAAAAAAAAAAAAAAAAAAAAAAAAAAAAAAAAAAA111111111111
AAAAAAAAAAAAAAAAAAAAAAAAAAAAAAAAAAAAAAAAAAAAAAAAAAAAA11111111111
AAAAAAAAAAAAAAAAAAAAAAAAAAAAAAAAAAAAAAAAAAAAAAAAAAAAAA1111111111
AAAAAAAAAAAAAAAAAAAAAAAAAAAAAAAAAAAAAAAAAAAAAAAAAAAAAA1A11111111
AAAAAAAAAAAAAAAAAAAAAAAAAAAAAAAAAAAAAAAAAAAAAAAAAAAAAA1AA1111111
AAAAAAAAAAAAAAAAAAAAAAAAAAAAAAAAAAAAAAAAAAAAAAAAAAAAAA1AAA111111
AAAAAAAAAAAAAAAAAAAAAAAAAAAAAAAAAAAAAAAAAAAAAAAAAAAAAAAAAA111111
AAAAAAAAAAAAAAAAAAAAAAAAAAAAAAAAAAAAAAAAAAAAAAAAAAAAAAAAAAA11111
AAAAAAAAAAAAAAAAAAAAAAAAAAAAAAAAAAAAAAAAAAAAAAAAAAAAAAAAAAAA1111
AAAAAAAAAAAAAAAAAAAAAAAAAAAAAAAAAAAAAAAAAAAAAAAAAAAAAAAAAAAA1A11
AAAAAAAAAAAAAAAAAAAAAAAAAAAAAAAAAAAAAAAAAAAAAAAAAAAAAAAAAAAA1AA1
AAAAAAAAAAAAAAAAAAAAAAAAAAAAAAAAAAAAAAAAAAAAAAAAAAAAAAAAAAAA1AAA
AAAAAAAAAAAAAAAAAAAAAAAAAAAAAAAAAAAAAAAAAAAAAAAAAAAAAAAAAAAAAAAA
AIII111III111III11IIIIIIIIIIIIIIIIIIIIIIIIIIIIIIIIIIIIIIIIIIIIII
AAII111III111III11IIIIIIIIIIIIIIIIIIIIIIIIIIIIIIIIIIIIIIIIIIIIII
AAAI111III111III11IIIIIIIIIIIIIIIIIIIIIIIIIIIIIIIIIIIIIIIIIIIIII
AAAA111III111III11IIIIIIIIIIIIIIIIIIIIIIIIIIIIIIIIIIIIIIIIIIIIII
AAAAA11I11111I1111II11IIIIIIIIIIIIIIIIIIIIIIIIIIIIIIIIIIIIIIIIII
AAAAA1111111111111II11IIIIIIIIIIIIIIIIIIIIIIIIIIIIIIIIIIIIIIIIII
AAAAAA111111111111II111IIIIIIIIIIIIIIIIIIIIIIIIIIIIIIIIIIIIIIIII
AAAAAA1A11111111111111111IIIIIIIIIIIIIIIIIIIIIIIIIIIIIIIIIIIIIII
AAAAAA1AA11111111111111111IIIIIIIIIIIIIIIIIIIIIIIIIIIIIIIIIIIIII
AAAAAA1AAA11111111111111111IIIIIIIIIIIIIIIIIIIIIIIIIIIIIIIIIIIII
AAAAAAAAAA11111111111111111IIIIIIIIIIIIIIIIIIIIIIIIIIIIIIIIIIIII
AAAAAAAAAAA11111111111111111IIIIIIIIIIIIIIIIIIIIIIIIIIIIIIIIIIII
AAAAAAAAAAAA11111111111111111IIIIIIIIIIIIIIIIIIIIIIIIIIIIIIIIIII
AAAAAAAAAAAA1A11111111111111111IIIIIIIIIIIIIIIIIIIIIIIIIIIIIIIII
AAAAAAAAAAAA1AA11111111111111111IIIIIIIIIIIIIIIIIIIIIIIIIIIIIIII
AAAAAAAAAAAA1AAA11111111111111111IIIIIIIIIIIIIIIIIIIIIIIIIIIIIII
AAAAAAAAAAAAAAAA11111111111111111IIIIIIIIIIIIIIIIIIIIIIIIIIIIIII
AAAAAAAAAAAAAAAAA11111111111111111IIIIIIIIIIIIIIIIIIIIIIIIIIIIII
AAAAAAAAAAAAAAAAAA11111111111111111IIIIIIIIIIIIIIIIIIIIIIIIIIIII
AAAAAAAAAAAAAAAAAA1A11111111111111111IIIIIIIIIIIIIIIIIIIIIIIIIII
AAAAAAAAAAAAAAAAAA1AA11111111111111111IIIIIIIIIIIIIIIIIIIIIIIIII
AAAAAAAAAAAAAAAAAA1AAA11111111111111111IIIIIIIIIIIIIIIIIIIIIIIII
AAAAAAAAAAAAAAAAAAAAAA11111111111111111IIIIIIIIIIIIIIIIIIIIIIIII
AAAAAAAAAAAAAAAAAAAAAAA11111111111111111IIIIIIIIIIIIIIIIIIIIIIII
AAAAAAAAAAAAAAAAAAAAAAAA11111111111111111IIIIIIIIIIIIIIIIIIIIIII
AAAAAAAAAAAAAAAAAAAAAAAA1A11111111111111111IIIIIIIIIIIIIIIIIIIII
AAAAAAAAAAAAAAAAAAAAAAAA1AA11111111111111111IIIIIIIIIIIIIIIIIIII
AAAAAAAAAAAAAAAAAAAAAAAA1AAA11111111111111111IIIIIIIIIIIIIIIIIII
AAAAAAAAAAAAAAAAAAAAAAAAAAAA11111111111111111IIIIIIIIIIIIIIIIIII
AAAAAAAAAAAAAAAAAAAAAAAAAAAAA11111111111111111IIIIIIIIIIIIIIIIII
AAAAAAAAAAAAAAAAAAAAAAAAAAAAAA11111111111111111IIIIIIIIIIIIIIIII
AAAAAAAAAAAAAAAAAAAAAAAAAAAAAA1A11111111111111111IIIIIIIIIIIIIII
AAAAAAAAAAAAAAAAAAAAAAAAAAAAAA1AA11111111111111111IIIIIIIIIIIIII
AAAAAAAAAAAAAAAAAAAAAAAAAAAAAA1AAA11111111111111111IIIIIIIIIIIII
AAAAAAAAAAAAAAAAAAAAAAAAAAAAAAAAAA11111111111111111IIIIIIIIIIIII
AAAAAAAAAAAAAAAAAAAAAAAAAAAAAAAAAAA11111111111111111IIIIIIIIIIII
AAAAAAAAAAAAAAAAAAAAAAAAAAAAAAAAAAAA11111111111111111IIIIIIIIIII
AAAAAAAAAAAAAAAAAAAAAAAAAAAAAAAAAAAA1A11111111111111111IIIIIIIII
AAAAAAAAAAAAAAAAAAAAAAAAAAAAAAAAAAAA1AA11111111111111111IIIIIIII
AAAAAAAAAAAAAAAAAAAAAAAAAAAAAAAAAAAA1AAA11111111111111111IIIIIII
AAAAAAAAAAAAAAAAAAAAAAAAAAAAAAAAAAAAAAAA11111111111111111IIIIIII
AAAAAAAAAAAAAAAAAAAAAAAAAAAAAAAAAAAAAAAAA11111111111111111IIIIII
AAAAAAAAAAAAAAAAAAAAAAAAAAAAAAAAAAAAAAAAAA11111111111111111IIIII
AAAAAAAAAAAAAAAAAAAAAAAAAAAAAAAAAAAAAAAAAA1A11111111111111111III
AAAAAAAAAAAAAAAAAAAAAAAAAAAAAAAAAAAAAAAAAA1AA11111111111111111II
AAAAAAAAAAAAAAAAAAAAAAAAAAAAAAAAAAAAAAAAAA1AAA11111111111111111I
AAAAAAAAAAAAAAAAAAAAAAAAAAAAAAAAAAAAAAAAAAAAAA11111111111111111I
AAAAAAAAAAAAAAAAAAAAAAAAAAAAAAAAAAAAAAAAAAAAAAA11111111111111111
AAAAAAAAAAAAAAAAAAAAAAAAAAAAAAAAAAAAAAAAAAAAAAAA1111111111111111
AAAAAAAAAAAAAAAAAAAAAAAAAAAAAAAAAAAAAAAAAAAAAAAA1A11111111111111
AAAAAAAAAAAAAAAAAAAAAAAAAAAAAAAAAAAAAAAAAAAAAAAA1AA1111111111111
AAAAAAAAAAAAAAAAAAAAAAAAAAAAAAAAAAAAAAAAAAAAAAAA1AAA111111111111
AAAAAAAAAAAAAAAAAAAAAAAAAAAAAAAAAAAAAAAAAAAAAAAAAAAA111111111111
AAAAAAAAAAAAAAAAAAAAAAAAAAAAAAAAAAAAAAAAAAAAAAAAAAAAA11111111111
AAAAAAAAAAAAAAAAAAAAAAAAAAAAAAAAAAAAAAAAAAAAAAAAAAAAAA1111111111
AAAAAAAAAAAAAAAAAAAAAAAAAAAAAAAAAAAAAAAAAAAAAAAAAAAAAA1A11111111
AAAAAAAAAAAAAAAAAAAAAAAAAAAAAAAAAAAAAAAAAAAAAAAAAAAAAA1AA1111111
AAAAAAAAAAAAAAAAAAAAAAAAAAAAAAAAAAAAAAAAAAAAAAAAAAAAAA1AAA111111
AAAAAAAAAAAAAAAAAAAAAAAAAAAAAAAAAAAAAAAAAAAAAAAAAAAAAAAAAA111111
AAAAAAAAAAAAAAAAAAAAAAAAAAAAAAAAAAAAAAAAAAAAAAAAAAAAAAAAAAA11111
AAAAAAAAAAAAAAAAAAAAAAAAAAAAAAAAAAAAAAAAAAAAAAAAAAAAAAAAAAAA1111
AAAAAAAAAAAAAAAAAAAAAAAAAAAAAAAAAAAAAAAAAAAAAAAAAAAAAAAAAAAA1A11
AAAAAAAAAAAAAAAAAAAAAAAAAAAAAAAAAAAAAAAAAAAAAAAAAAAAAAAAAAAA1AA1
AAAAAAAAAAAAAAAAAAAAAAAAAAAAAAAAAAAAAAAAAAAAAAAAAAAAAAAAAAAA1AAA
AAAAAAAAAAAAAAAAAAAAAAAAAAAAAAAAAAAAAAAAAAAAAAAAAAAAAAAAAAAAAAAA
AI1I1I1III1I1III1I1IIIIIIIIIIIIIIIIIIIIIIIIIIIIIIIIIIIIIIIIIIIII
AA111I1III1I1III1I1IIIIIIIIIIIIIIIIIIIIIIIIIIIIIIIIIIIIIIIIIIIII
AAA11I1III1I1III1I1IIIIIIIIIIIIIIIIIIIIIIIIIIIIIIIIIIIIIIIIIIIII
AAAA1I1III1I1III1I1IIIIIIIIIIIIIIIIIIIIIIIIIIIIIIIIIIIIIIIIIIIII
AAAAAI1I1I1I1I1I1I1I1I1IIIIIIIIIIIIIIIIIIIIIIIIIIIIIIIIIIIIIIIII
AAAAAA1111111I11111I1111IIIIIIIIIIIIIIIIIIIIIIIIIIIIIIIIIIIIIIII
AAAAAA1A1111111111111111I1IIIIIIIIIIIIIIIIIIIIIIIIIIIIIIIIIIIIII
AAAAAA1AA111111111111111111IIIIIIIIIIIIIIIIIIIIIIIIIIIIIIIIIIIII
AAAAAA1AAA111111111111111111IIIIIIIIIIIIIIIIIIIIIIIIIIIIIIIIIIII
AAAAAAAAAA111111111111111111IIIIIIIIIIIIIIIIIIIIIIIIIIIIIIIIIIII
AAAAAAAAAAA111111111111111111IIIIIIIIIIIIIIIIIIIIIIIIIIIIIIIIIII
AAAAAAAAAAAA111111111111111111IIIIIIIIIIIIIIIIIIIIIIIIIIIIIIIIII
AAAAAAAAAAAA1A1111111111111111I1IIIIIIIIIIIIIIIIIIIIIIIIIIIIIIII
AAAAAAAAAAAA1AA111111111111111111IIIIIIIIIIIIIIIIIIIIIIIIIIIIIII
AAAAAAAAAAAA1AAA111111111111111111IIIIIIIIIIIIIIIIIIIIIIIIIIIIII
AAAAAAAAAAAAAAAA111111111111111111IIIIIIIIIIIIIIIIIIIIIIIIIIIIII
AAAAAAAAAAAAAAAAA111111111111111111IIIIIIIIIIIIIIIIIIIIIIIIIIIII
AAAAAAAAAAAAAAAAAA111111111111111111IIIIIIIIIIIIIIIIIIIIIIIIIIII
AAAAAAAAAAAAAAAAAA1A1111111111111111I1IIIIIIIIIIIIIIIIIIIIIIIIII
AAAAAAAAAAAAAAAAAA1AA111111111111111111IIIIIIIIIIIIIIIIIIIIIIIII
AAAAAAAAAAAAAAAAAA1AAA111111111111111111IIIIIIIIIIIIIIIIIIIIIIII
AAAAAAAAAAAAAAAAAAAAAA111111111111111111IIIIIIIIIIIIIIIIIIIIIIII
AAAAAAAAAAAAAAAAAAAAAAA111111111111111111IIIIIIIIIIIIIIIIIIIIIII
AAAAAAAAAAAAAAAAAAAAAAAA111111111111111111IIIIIIIIIIIIIIIIIIIIII
AAAAAAAAAAAAAAAAAAAAAAAA1A1111111111111111I1IIIIIIIIIIIIIIIIIIII
AAAAAAAAAAAAAAAAAAAAAAAA1AA111111111111111111IIIIIIIIIIIIIIIIIII
AAAAAAAAAAAAAAAAAAAAAAAA1AAA111111111111111111IIIIIIIIIIIIIIIIII
AAAAAAAAAAAAAAAAAAAAAAAAAAAA111111111111111111IIIIIIIIIIIIIIIIII
AAAAAAAAAAAAAAAAAAAAAAAAAAAAA111111111111111111IIIIIIIIIIIIIIIII
AAAAAAAAAAAAAAAAAAAAAAAAAAAAAA111111111111111111IIIIIIIIIIIIIIII
AAAAAAAAAAAAAAAAAAAAAAAAAAAAAA1A1111111111111111I1IIIIIIIIIIIIII
AAAAAAAAAAAAAAAAAAAAAAAAAAAAAA1AA111111111111111111IIIIIIIIIIIII
AAAAAAAAAAAAAAAAAAAAAAAAAAAAAA1AAA111111111111111111IIIIIIIIIIII
AAAAAAAAAAAAAAAAAAAAAAAAAAAAAAAAAA111111111111111111IIIIIIIIIIII
AAAAAAAAAAAAAAAAAAAAAAAAAAAAAAAAAAA111111111111111111IIIIIIIIIII
AAAAAAAAAAAAAAAAAAAAAAAAAAAAAAAAAAAA111111111111111111IIIIIIIIII
AAAAAAAAAAAAAAAAAAAAAAAAAAAAAAAAAAAA1A1111111111111111I1IIIIIIII
AAAAAAAAAAAAAAAAAAAAAAAAAAAAAAAAAAAA1AA111111111111111111IIIIIII
AAAAAAAAAAAAAAAAAAAAAAAAAAAAAAAAAAAA1AAA111111111111111111IIIIII
AAAAAAAAAAAAAAAAAAAAAAAAAAAAAAAAAAAAAAAA111111111111111111IIIIII
AAAAAAAAAAAAAAAAAAAAAAAAAAAAAAAAAAAAAAAAA111111111111111111IIIII
AAAAAAAAAAAAAAAAAAAAAAAAAAAAAAAAAAAAAAAAAA111111111111111111IIII
AAAAAAAAAAAAAAAAAAAAAAAAAAAAAAAAAAAAAAAAAA1A1111111111111111I1II
AAAAAAAAAAAAAAAAAAAAAAAAAAAAAAAAAAAAAAAAAA1AA111111111111111111I
AAAAAAAAAAAAAAAAAAAAAAAAAAAAAAAAAAAAAAAAAA1AAA111111111111111111
AAAAAAAAAAAAAAAAAAAAAAAAAAAAAAAAAAAAAAAAAAAAAA111111111111111111
AAAAAAAAAAAAAAAAAAAAAAAAAAAAAAAAAAAAAAAAAAAAAAA11111111111111111
AAAAAAAAAAAAAAAAAAAAAAAAAAAAAAAAAAAAAAAAAAAAAAAA1111111111111111
AAAAAAAAAAAAAAAAAAAAAAAAAAAAAAAAAAAAAAAAAAAAAAAA1A11111111111111
AAAAAAAAAAAAAAAAAAAAAAAAAAAAAAAAAAAAAAAAAAAAAAAA1AA1111111111111
AAAAAAAAAAAAAAAAAAAAAAAAAAAAAAAAAAAAAAAAAAAAAAAA1AAA111111111111
AAAAAAAAAAAAAAAAAAAAAAAAAAAAAAAAAAAAAAAAAAAAAAAAAAAA111111111111
AAAAAAAAAAAAAAAAAAAAAAAAAAAAAAAAAAAAAAAAAAAAAAAAAAAAA11111111111
AAAAAAAAAAAAAAAAAAAAAAAAAAAAAAAAAAAAAAAAAAAAAAAAAAAAAA1111111111
AAAAAAAAAAAAAAAAAAAAAAAAAAAAAAAAAAAAAAAAAAAAAAAAAAAAAA1A11111111
AAAAAAAAAAAAAAAAAAAAAAAAAAAAAAAAAAAAAAAAAAAAAAAAAAAAAA1AA1111111
AAAAAAAAAAAAAAAAAAAAAAAAAAAAAAAAAAAAAAAAAAAAAAAAAAAAAA1AAA111111
AAAAAAAAAAAAAAAAAAAAAAAAAAAAAAAAAAAAAAAAAAAAAAAAAAAAAAAAAA111111
AAAAAAAAAAAAAAAAAAAAAAAAAAAAAAAAAAAAAAAAAAAAAAAAAAAAAAAAAAA11111
AAAAAAAAAAAAAAAAAAAAAAAAAAAAAAAAAAAAAAAAAAAAAAAAAAAAAAAAAAAA1111
AAAAAAAAAAAAAAAAAAAAAAAAAAAAAAAAAAAAAAAAAAAAAAAAAAAAAAAAAAAA1A11
AAAAAAAAAAAAAAAAAAAAAAAAAAAAAAAAAAAAAAAAAAAAAAAAAAAAAAAAAAAA1AA1
AAAAAAAAAAAAAAAAAAAAAAAAAAAAAAAAAAAAAAAAAAAAAAAAAAAAAAAAAAAA1AAA
AAAAAAAAAAAAAAAAAAAAAAAAAAAAAAAAAAAAAAAAAAAAAAAAAAAAAAAAAAAAAAAA
AIIIII1IIIII1IIIII1IIIIIIIIIIIIIIIIIIIIIIIIIIIIIIIIIIIIIIIIIIIII
AAIIII11IIII11IIII11IIIIIIIIIIIIIIIIIIIIIIIIIIIIIIIIIIIIIIIIIIII
AAAIII111III111III11IIIIIIIIIIIIIIIIIIIIIIIIIIIIIIIIIIIIIIIIIIII
AAAAII111III111III11IIIIIIIIIIIIIIIIIIIIIIIIIIIIIIIIIIIIIIIIIIII
AAAAAI111I1I111I1I11II1IIIIIIIIIIIIIIIIIIIIIIIIIIIIIIIIIIIIIIIII
AAAAAI111I1I111I1I111I1IIIIIIIIIIIIIIIIIIIIIIIIIIIIIIIIIIIIIIIII
AAAAAA111I11111I11111I11IIIIIIIIIIIIIIIIIIIIIIIIIIIIIIIIIIIIIIII
AAAAAA1A1I11111I11111I11I1IIIIIIIIIIIIIIIIIIIIIIIIIIIIIIIIIIIIII
AAAAAA1AAI11111I11111I11I11IIIIIIIIIIIIIIIIIIIIIIIIIIIIIIIIIIIII
AAAAAA1AAA11111111111111I111IIIIIIIIIIIIIIIIIIIIIIIIIIIIIIIIIIII
AAAAAAAAAA111111111111111111IIIIIIIIIIIIIIIIIIIIIIIIIIIIIIIIIIII
AAAAAAAAAAA111111111111111111IIIIIIIIIIIIIIIIIIIIIIIIIIIIIIIIIII
AAAAAAAAAAAA111111111111111111IIIIIIIIIIIIIIIIIIIIIIIIIIIIIIIIII
AAAAAAAAAAAA1A1111111111111111I1IIIIIIIIIIIIIIIIIIIIIIIIIIIIIIII
AAAAAAAAAAAA1AA111111111111111I11IIIIIIIIIIIIIIIIIIIIIIIIIIIIIII
AAAAAAAAAAAA1AAA11111111111111I111IIIIIIIIIIIIIIIIIIIIIIIIIIIIII
AAAAAAAAAAAAAAAA111111111111111111IIIIIIIIIIIIIIIIIIIIIIIIIIIIII
AAAAAAAAAAAAAAAAA111111111111111111IIIIIIIIIIIIIIIIIIIIIIIIIIIII
AAAAAAAAAAAAAAAAAA111111111111111111IIIIIIIIIIIIIIIIIIIIIIIIIIII
AAAAAAAAAAAAAAAAAA1A1111111111111111I1IIIIIIIIIIIIIIIIIIIIIIIIII
AAAAAAAAAAAAAAAAAA1AA111111111111111I11IIIIIIIIIIIIIIIIIIIIIIIII
AAAAAAAAAAAAAAAAAA1AAA11111111111111I111IIIIIIIIIIIIIIIIIIIIIIII
AAAAAAAAAAAAAAAAAAAAAA111111111111111111IIIIIIIIIIIIIIIIIIIIIIII
AAAAAAAAAAAAAAAAAAAAAAA111111111111111111IIIIIIIIIIIIIIIIIIIIIII
AAAAAAAAAAAAAAAAAAAAAAAA111111111111111111IIIIIIIIIIIIIIIIIIIIII
AAAAAAAAAAAAAAAAAAAAAAAA1A1111111111111111I1IIIIIIIIIIIIIIIIIIII
AAAAAAAAAAAAAAAAAAAAAAAA1AA111111111111111I11IIIIIIIIIIIIIIIIIII
AAAAAAAAAAAAAAAAAAAAAAAA1AAA11111111111111I111IIIIIIIIIIIIIIIIII
AAAAAAAAAAAAAAAAAAAAAAAAAAAA111111111111111111IIIIIIIIIIIIIIIIII
AAAAAAAAAAAAAAAAAAAAAAAAAAAAA111111111111111111IIIIIIIIIIIIIIIII
AAAAAAAAAAAAAAAAAAAAAAAAAAAAAA111111111111111111IIIIIIIIIIIIIIII
AAAAAAAAAAAAAAAAAAAAAAAAAAAAAA1A1111111111111111I1IIIIIIIIIIIIII
AAAAAAAAAAAAAAAAAAAAAAAAAAAAAA1AA111111111111111I11IIIIIIIIIIIII
AAAAAAAAAAAAAAAAAAAAAAAAAAAAAA1AAA11111111111111I111IIIIIIIIIIII
AAAAAAAAAAAAAAAAAAAAAAAAAAAAAAAAAA111111111111111111IIIIIIIIIIII
AAAAAAAAAAAAAAAAAAAAAAAAAAAAAAAAAAA111111111111111111IIIIIIIIIII
AAAAAAAAAAAAAAAAAAAAAAAAAAAAAAAAAAAA111111111111111111IIIIIIIIII
AAAAAAAAAAAAAAAAAAAAAAAAAAAAAAAAAAAA1A1111111111111111I1IIIIIIII
AAAAAAAAAAAAAAAAAAAAAAAAAAAAAAAAAAAA1AA111111111111111I11IIIIIII
AAAAAAAAAAAAAAAAAAAAAAAAAAAAAAAAAAAA1AAA11111111111111I111IIIIII
AAAAAAAAAAAAAAAAAAAAAAAAAAAAAAAAAAAAAAAA111111111111111111IIIIII
AAAAAAAAAAAAAAAAAAAAAAAAAAAAAAAAAAAAAAAAA111111111111111111IIIII
AAAAAAAAAAAAAAAAAAAAAAAAAAAAAAAAAAAAAAAAAA111111111111111111IIII
AAAAAAAAAAAAAAAAAAAAAAAAAAAAAAAAAAAAAAAAAA1A1111111111111111I1II
AAAAAAAAAAAAAAAAAAAAAAAAAAAAAAAAAAAAAAAAAA1AA111111111111111I11I
AAAAAAAAAAAAAAAAAAAAAAAAAAAAAAAAAAAAAAAAAA1AAA11111111111111I111
AAAAAAAAAAAAAAAAAAAAAAAAAAAAAAAAAAAAAAAAAAAAAA111111111111111111
AAAAAAAAAAAAAAAAAAAAAAAAAAAAAAAAAAAAAAAAAAAAAAA11111111111111111
AAAAAAAAAAAAAAAAAAAAAAAAAAAAAAAAAAAAAAAAAAAAAAAA1111111111111111
AAAAAAAAAAAAAAAAAAAAAAAAAAAAAAAAAAAAAAAAAAAAAAAA1A11111111111111
AAAAAAAAAAAAAAAAAAAAAAAAAAAAAAAAAAAAAAAAAAAAAAAA1AA1111111111111
AAAAAAAAAAAAAAAAAAAAAAAAAAAAAAAAAAAAAAAAAAAAAAAA1AAA111111111111
AAAAAAAAAAAAAAAAAAAAAAAAAAAAAAAAAAAAAAAAAAAAAAAAAAAA111111111111
AAAAAAAAAAAAAAAAAAAAAAAAAAAAAAAAAAAAAAAAAAAAAAAAAAAAA11111111111
AAAAAAAAAAAAAAAAAAAAAAAAAAAAAAAAAAAAAAAAAAAAAAAAAAAAAA1111111111
AAAAAAAAAAAAAAAAAAAAAAAAAAAAAAAAAAAAAAAAAAAAAAAAAAAAAA1A11111111
AAAAAAAAAAAAAAAAAAAAAAAAAAAAAAAAAAAAAAAAAAAAAAAAAAAAAA1AA1111111
AAAAAAAAAAAAAAAAAAAAAAAAAAAAAAAAAAAAAAAAAAAAAAAAAAAAAA1AAA111111
AAAAAAAAAAAAAAAAAAAAAAAAAAAAAAAAAAAAAAAAAAAAAAAAAAAAAAAAAA111111
AAAAAAAAAAAAAAAAAAAAAAAAAAAAAAAAAAAAAAAAAAAAAAAAAAAAAAAAAAA11111
AAAAAAAAAAAAAAAAAAAAAAAAAAAAAAAAAAAAAAAAAAAAAAAAAAAAAAAAAAAA1111
AAAAAAAAAAAAAAAAAAAAAAAAAAAAAAAAAAAAAAAAAAAAAAAAAAAAAAAAAAAA1A11
AAAAAAAAAAAAAAAAAAAAAAAAAAAAAAAAAAAAAAAAAAAAAAAAAAAAAAAAAAAA1AA1
AAAAAAAAAAAAAAAAAAAAAAAAAAAAAAAAAAAAAAAAAAAAAAAAAAAAAAAAAAAA1AAA
AAAAAAAAAAAAAAAAAAAAAAAAAAAAAAAAAAAAAAAAAAAAAAAAAAAAAAAAAAAAAAAA
AIII111III111III11IIIIIIIIIIIIIIIIIIIIIIIIIIIIIIIIIIIIIIIIIIIIII
AAII111III111III11IIIIIIIIIIIIIIIIIIIIIIIIIIIIIIIIIIIIIIIIIIIIII
AAAI111III111III11IIIIIIIIIIIIIIIIIIIIIIIIIIIIIIIIIIIIIIIIIIIIII
AAAA111III111III11IIIIIIIIIIIIIIIIIIIIIIIIIIIIIIIIIIIIIIIIIIIIII
AAAAA11I11111I1111II11IIIIIIIIIIIIIIIIIIIIIIIIIIIIIIIIIIIIIIIIII
AAAAA1111111111111II11IIIIIIIIIIIIIIIIIIIIIIIIIIIIIIIIIIIIIIIIII
AAAAAA111111111111II111IIIIIIIIIIIIIIIIIIIIIIIIIIIIIIIIIIIIIIIII
AAAAAA1A11111111111111111IIIIIIIIIIIIIIIIIIIIIIIIIIIIIIIIIIIIIII
AAAAAA1AA11111111111111111IIIIIIIIIIIIIIIIIIIIIIIIIIIIIIIIIIIIII
AAAAAA1AAA11111111111111111IIIIIIIIIIIIIIIIIIIIIIIIIIIIIIIIIIIII
AAAAAAAAAA11111111111111111IIIIIIIIIIIIIIIIIIIIIIIIIIIIIIIIIIIII
AAAAAAAAAAA11111111111111111IIIIIIIIIIIIIIIIIIIIIIIIIIIIIIIIIIII
AAAAAAAAAAAA11111111111111111IIIIIIIIIIIIIIIIIIIIIIIIIIIIIIIIIII
AAAAAAAAAAAA1A11111111111111111IIIIIIIIIIIIIIIIIIIIIIIIIIIIIIIII
AAAAAAAAAAAA1AA11111111111111111IIIIIIIIIIIIIIIIIIIIIIIIIIIIIIII
AAAAAAAAAAAA1AAA11111111111111111IIIIIIIIIIIIIIIIIIIIIIIIIIIIIII
AAAAAAAAAAAAAAAA11111111111111111IIIIIIIIIIIIIIIIIIIIIIIIIIIIIII
AAAAAAAAAAAAAAAAA11111111111111111IIIIIIIIIIIIIIIIIIIIIIIIIIIIII
AAAAAAAAAAAAAAAAAA11111111111111111IIIIIIIIIIIIIIIIIIIIIIIIIIIII
AAAAAAAAAAAAAAAAAA1A11111111111111111IIIIIIIIIIIIIIIIIIIIIIIIIII
AAAAAAAAAAAAAAAAAA1AA11111111111111111IIIIIIIIIIIIIIIIIIIIIIIIII
AAAAAAAAAAAAAAAAAA1AAA11111111111111111IIIIIIIIIIIIIIIIIIIIIIIII
AAAAAAAAAAAAAAAAAAAAAA11111111111111111IIIIIIIIIIIIIIIIIIIIIIIII
AAAAAAAAAAAAAAAAAAAAAAA11111111111111111IIIIIIIIIIIIIIIIIIIIIIII
AAAAAAAAAAAAAAAAAAAAAAAA11111111111111111IIIIIIIIIIIIIIIIIIIIIII
AAAAAAAAAAAAAAAAAAAAAAAA1A11111111111111111IIIIIIIIIIIIIIIIIIIII
AAAAAAAAAAAAAAAAAAAAAAAA1AA11111111111111111IIIIIIIIIIIIIIIIIIII
AAAAAAAAAAAAAAAAAAAAAAAA1AAA11111111111111111IIIIIIIIIIIIIIIIIII
AAAAAAAAAAAAAAAAAAAAAAAAAAAA11111111111111111IIIIIIIIIIIIIIIIIII
AAAAAAAAAAAAAAAAAAAAAAAAAAAAA11111111111111111IIIIIIIIIIIIIIIIII
AAAAAAAAAAAAAAAAAAAAAAAAAAAAAA11111111111111111IIIIIIIIIIIIIIIII
AAAAAAAAAAAAAAAAAAAAAAAAAAAAAA1A11111111111111111IIIIIIIIIIIIIII
AAAAAAAAAAAAAAAAAAAAAAAAAAAAAA1AA11111111111111111IIIIIIIIIIIIII
AAAAAAAAAAAAAAAAAAAAAAAAAAAAAA1AAA11111111111111111IIIIIIIIIIIII
AAAAAAAAAAAAAAAAAAAAAAAAAAAAAAAAAA11111111111111111IIIIIIIIIIIII
AAAAAAAAAAAAAAAAAAAAAAAAAAAAAAAAAAA11111111111111111IIIIIIIIIIII
AAAAAAAAAAAAAAAAAAAAAAAAAAAAAAAAAAAA11111111111111111IIIIIIIIIII
AAAAAAAAAAAAAAAAAAAAAAAAAAAAAAAAAAAA1A11111111111111111IIIIIIIII
AAAAAAAAAAAAAAAAAAAAAAAAAAAAAAAAAAAA1AA11111111111111111IIIIIIII
AAAAAAAAAAAAAAAAAAAAAAAAAAAAAAAAAAAA1AAA11111111111111111IIIIIII
AAAAAAAAAAAAAAAAAAAAAAAAAAAAAAAAAAAAAAAA11111111111111111IIIIIII
AAAAAAAAAAAAAAAAAAAAAAAAAAAAAAAAAAAAAAAAA11111111111111111IIIIII
AAAAAAAAAAAAAAAAAAAAAAAAAAAAAAAAAAAAAAAAAA11111111111111111IIIII
AAAAAAAAAAAAAAAAAAAAAAAAAAAAAAAAAAAAAAAAAA1A11111111111111111III
AAAAAAAAAAAAAAAAAAAAAAAAAAAAAAAAAAAAAAAAAA1AA11111111111111111II
AAAAAAAAAAAAAAAAAAAAAAAAAAAAAAAAAAAAAAAAAA1AAA11111111111111111I
AAAAAAAAAAAAAAAAAAAAAAAAAAAAAAAAAAAAAAAAAAAAAA11111111111111111I
AAAAAAAAAAAAAAAAAAAAAAAAAAAAAAAAAAAAAAAAAAAAAAA11111111111111111
AAAAAAAAAAAAAAAAAAAAAAAAAAAAAAAAAAAAAAAAAAAAAAAA1111111111111111
AAAAAAAAAAAAAAAAAAAAAAAAAAAAAAAAAAAAAAAAAAAAAAAA1A11111111111111
AAAAAAAAAAAAAAAAAAAAAAAAAAAAAAAAAAAAAAAAAAAAAAAA1AA1111111111111
AAAAAAAAAAAAAAAAAAAAAAAAAAAAAAAAAAAAAAAAAAAAAAAA1AAA111111111111
AAAAAAAAAAAAAAAAAAAAAAAAAAAAAAAAAAAAAAAAAAAAAAAAAAAA111111111111
AAAAAAAAAAAAAAAAAAAAAAAAAAAAAAAAAAAAAAAAAAAAAAAAAAAAA11111111111
AAAAAAAAAAAAAAAAAAAAAAAAAAAAAAAAAAAAAAAAAAAAAAAAAAAAAA1111111111
AAAAAAAAAAAAAAAAAAAAAAAAAAAAAAAAAAAAAAAAAAAAAAAAAAAAAA1A11111111
AAAAAAAAAAAAAAAAAAAAAAAAAAAAAAAAAAAAAAAAAAAAAAAAAAAAAA1AA1111111
AAAAAAAAAAAAAAAAAAAAAAAAAAAAAAAAAAAAAAAAAAAAAAAAAAAAAA1AAA111111
AAAAAAAAAAAAAAAAAAAAAAAAAAAAAAAAAAAAAAAAAAAAAAAAAAAAAAAAAA111111
AAAAAAAAAAAAAAAAAAAAAAAAAAAAAAAAAAAAAAAAAAAAAAAAAAAAAAAAAAA11111
AAAAAAAAAAAAAAAAAAAAAAAAAAAAAAAAAAAAAAAAAAAAAAAAAAAAAAAAAAAA1111
AAAAAAAAAAAAAAAAAAAAAAAAAAAAAAAAAAAAAAAAAAAAAAAAAAAAAAAAAAAA1A11
AAAAAAAAAAAAAAAAAAAAAAAAAAAAAAAAAAAAAAAAAAAAAAAAAAAAAAAAAAAA1AA1
AAAAAAAAAAAAAAAAAAAAAAAAAAAAAAAAAAAAAAAAAAAAAAAAAAAAAAAAAAAA1AAA
AAAAAAAAAAAAAAAAAAAAAAAAAAAAAAAAAAAAAAAAAAAAAAAAAAAAAAAAAAAAAAAA
AI1II11III111III11IIIIIIIIIIIIIIIIIIIIIIIIIIIIIIIIIIIIIIIIIIIIII
AA1II11III111III11IIIIIIIIIIIIIIIIIIIIIIIIIIIIIIIIIIIIIIIIIIIIII
AAAII11III111III11IIIIIIIIIIIIIIIIIIIIIIIIIIIIIIIIIIIIIIIIIIIIII
AAAAI11III111III11IIIIIIIIIIIIIIIIIIIIIIIIIIIIIIIIIIIIIIIIIIIIII
AAAAA11II1111I1111II111IIIIIIIIIIIIIIIIIIIIIIIIIIIIIIIIIIIIIIIII
AAAAA11111111I1111II111IIIIIIIIIIIIIIIIIIIIIIIIIIIIIIIIIIIIIIIII
AAAAAA1111111I1111II1111IIIIIIIIIIIIIIIIIIIIIIIIIIIIIIIIIIIIIIII
AAAAAA1A111111111111111111IIIIIIIIIIIIIIIIIIIIIIIIIIIIIIIIIIIIII
AAAAAA1AA111111111111111111IIIIIIIIIIIIIIIIIIIIIIIIIIIIIIIIIIIII
AAAAAA1AAA111111111111111111IIIIIIIIIIIIIIIIIIIIIIIIIIIIIIIIIIII
AAAAAAAAAA111111111111111111IIIIIIIIIIIIIIIIIIIIIIIIIIIIIIIIIIII
AAAAAAAAAAA111111111111111111IIIIIIIIIIIIIIIIIIIIIIIIIIIIIIIIIII
AAAAAAAAAAAA111111111111111111IIIIIIIIIIIIIIIIIIIIIIIIIIIIIIIIII
AAAAAAAAAAAA1A111111111111111111IIIIIIIIIIIIIIIIIIIIIIIIIIIIIIII
AAAAAAAAAAAA1AA111111111111111111IIIIIIIIIIIIIIIIIIIIIIIIIIIIIII
AAAAAAAAAAAA1AAA111111111111111111IIIIIIIIIIIIIIIIIIIIIIIIIIIIII
AAAAAAAAAAAAAAAA111111111111111111IIIIIIIIIIIIIIIIIIIIIIIIIIIIII
AAAAAAAAAAAAAAAAA111111111111111111IIIIIIIIIIIIIIIIIIIIIIIIIIIII
AAAAAAAAAAAAAAAAAA111111111111111111IIIIIIIIIIIIIIIIIIIIIIIIIIII
AAAAAAAAAAAAAAAAAA1A111111111111111111IIIIIIIIIIIIIIIIIIIIIIIIII
AAAAAAAAAAAAAAAAAA1AA111111111111111111IIIIIIIIIIIIIIIIIIIIIIIII
AAAAAAAAAAAAAAAAAA1AAA111111111111111111IIIIIIIIIIIIIIIIIIIIIIII
AAAAAAAAAAAAAAAAAAAAAA111111111111111111IIIIIIIIIIIIIIIIIIIIIIII
AAAAAAAAAAAAAAAAAAAAAAA111111111111111111IIIIIIIIIIIIIIIIIIIIIII
AAAAAAAAAAAAAAAAAAAAAAAA111111111111111111IIIIIIIIIIIIIIIIIIIIII
AAAAAAAAAAAAAAAAAAAAAAAA1A111111111111111111IIIIIIIIIIIIIIIIIIII
AAAAAAAAAAAAAAAAAAAAAAAA1AA111111111111111111IIIIIIIIIIIIIIIIIII
AAAAAAAAAAAAAAAAAAAAAAAA1AAA111111111111111111IIIIIIIIIIIIIIIIII
AAAAAAAAAAAAAAAAAAAAAAAAAAAA111111111111111111IIIIIIIIIIIIIIIIII
AAAAAAAAAAAAAAAAAAAAAAAAAAAAA111111111111111111IIIIIIIIIIIIIIIII
AAAAAAAAAAAAAAAAAAAAAAAAAAAAAA111111111111111111IIIIIIIIIIIIIIII
AAAAAAAAAAAAAAAAAAAAAAAAAAAAAA1A111111111111111111IIIIIIIIIIIIII
AAAAAAAAAAAAAAAAAAAAAAAAAAAAAA1AA111111111111111111IIIIIIIIIIIII
AAAAAAAAAAAAAAAAAAAAAAAAAAAAAA1AAA111111111111111111IIIIIIIIIIII
AAAAAAAAAAAAAAAAAAAAAAAAAAAAAAAAAA111111111111111111IIIIIIIIIIII
AAAAAAAAAAAAAAAAAAAAAAAAAAAAAAAAAAA111111111111111111IIIIIIIIIII
AAAAAAAAAAAAAAAAAAAAAAAAAAAAAAAAAAAA111111111111111111IIIIIIIIII
AAAAAAAAAAAAAAAAAAAAAAAAAAAAAAAAAAAAA111111111111111111IIIIIIIII
AAAAAAAAAAAAAAAAAAAAAAAAAAAAAAAAAAAAA1A111111111111111111IIIIIII
AAAAAAAAAAAAAAAAAAAAAAAAAAAAAAAAAAAAA1AA111111111111111111IIIIII
AAAAAAAAAAAAAAAAAAAAAAAAAAAAAAAAAAAAAAAA111111111111111111IIIIII
AAAAAAAAAAAAAAAAAAAAAAAAAAAAAAAAAAAAAAAAA111111111111111111IIIII
AAAAAAAAAAAAAAAAAAAAAAAAAAAAAAAAAAAAAAAAAA111111111111111111IIII
AAAAAAAAAAAAAAAAAAAAAAAAAAAAAAAAAAAAAAAAAA1A111111111111111111II
AAAAAAAAAAAAAAAAAAAAAAAAAAAAAAAAAAAAAAAAAA1AA111111111111111111I
AAAAAAAAAAAAAAAAAAAAAAAAAAAAAAAAAAAAAAAAAA1AAA111111111111111111
AAAAAAAAAAAAAAAAAAAAAAAAAAAAAAAAAAAAAAAAAAAAAA111111111111111111
AAAAAAAAAAAAAAAAAAAAAAAAAAAAAAAAAAAAAAAAAAAAAAA11111111111111111
AAAAAAAAAAAAAAAAAAAAAAAAAAAAAAAAAAAAAAAAAAAAAAAA1111111111111111
AAAAAAAAAAAAAAAAAAAAAAAAAAAAAAAAAAAAAAAAAAAAAAAA1A11111111111111
AAAAAAAAAAAAAAAAAAAAAAAAAAAAAAAAAAAAAAAAAAAAAAAA1AA1111111111111
AAAAAAAAAAAAAAAAAAAAAAAAAAAAAAAAAAAAAAAAAAAAAAAA1AAA111111111111
AAAAAAAAAAAAAAAAAAAAAAAAAAAAAAAAAAAAAAAAAAAAAAAAAAAA111111111111
AAAAAAAAAAAAAAAAAAAAAAAAAAAAAAAAAAAAAAAAAAAAAAAAAAAAA11111111111
AAAAAAAAAAAAAAAAAAAAAAAAAAAAAAAAAAAAAAAAAAAAAAAAAAAAAA1111111111
AAAAAAAAAAAAAAAAAAAAAAAAAAAAAAAAAAAAAAAAAAAAAAAAAAAAAA1A11111111
AAAAAAAAAAAAAAAAAAAAAAAAAAAAAAAAAAAAAAAAAAAAAAAAAAAAAA1AA1111111
AAAAAAAAAAAAAAAAAAAAAAAAAAAAAAAAAAAAAAAAAAAAAAAAAAAAAA1AAA111111
AAAAAAAAAAAAAAAAAAAAAAAAAAAAAAAAAAAAAAAAAAAAAAAAAAAAAAAAAA111111
AAAAAAAAAAAAAAAAAAAAAAAAAAAAAAAAAAAAAAAAAAAAAAAAAAAAAAAAAAA11111
AAAAAAAAAAAAAAAAAAAAAAAAAAAAAAAAAAAAAAAAAAAAAAAAAAAAAAAAAAAA1111
AAAAAAAAAAAAAAAAAAAAAAAAAAAAAAAAAAAAAAAAAAAAAAAAAAAAAAAAAAAA1A11
AAAAAAAAAAAAAAAAAAAAAAAAAAAAAAAAAAAAAAAAAAAAAAAAAAAAAAAAAAAA1AA1
AAAAAAAAAAAAAAAAAAAAAAAAAAAAAAAAAAAAAAAAAAAAAAAAAAAAAAAAAAAA1AAA
AAAAAAAAAAAAAAAAAAAAAAAAAAAAAAAAAAAAAAAAAAAAAAAAAAAAAAAAAAAAAAAA
AI122IIIIIIIIIIIIIIIIIIIIIIIIIIIIIIIIIIIIIIIIIIIIIIIIIIIIIIIIIII
AA1122IIIIIIIIIIIIIIIIIIIIIIIIIIIIIIIIIIIIIIIIIIIIIIIIIIIIIIIIII
AAA1122IIIIIIIIIIIIIIIIIIIIIIIIIIIIIIIIIIIIIIIIIIIIIIIIIIIIIIIII
AAAA1122IIIIIIIIIIIIIIIIIIIIIIIIIIIIIIIIIIIIIIIIIIIIIIIIIIIIIIII
AAAAA1122IIIIIIIIIIIIIIIIIIIIIIIIIIIIIIIIIIIIIIIIIIIIIIIIIIIIIII
AAAAAA1122IIIIIIIIIIIIIIIIIIIIIIIIIIIIIIIIIIIIIIIIIIIIIIIIIIIIII
AAAAAA1A2122IIIIIIIIIIIIIIIIIIIIIIIIIIIIIIIIIIIIIIIIIIIIIIIIIIII
AAAAAA1AA1122IIIIIIIIIIIIIIIIIIIIIIIIIIIIIIIIIIIIIIIIIIIIIIIIIII
AAAAAA1AAA1122IIIIIIIIIIIIIIIIIIIIIIIIIIIIIIIIIIIIIIIIIIIIIIIIII
AAAAAAAAAA1122IIIIIIIIIIIIIIIIIIIIIIIIIIIIIIIIIIIIIIIIIIIIIIIIII
AAAAAAAAAAA1122IIIIIIIIIIIIIIIIIIIIIIIIIIIIIIIIIIIIIIIIIIIIIIIII
AAAAAAAAAAAA1122IIIIIIIIIIIIIIIIIIIIIIIIIIIIIIIIIIIIIIIIIIIIIIII
AAAAAAAAAAAA1A2122IIIIIIIIIIIIIIIIIIIIIIIIIIIIIIIIIIIIIIIIIIIIII
AAAAAAAAAAAA1AA1122IIIIIIIIIIIIIIIIIIIIIIIIIIIIIIIIIIIIIIIIIIIII
AAAAAAAAAAAA1AAA1122IIIIIIIIIIIIIIIIIIIIIIIIIIIIIIIIIIIIIIIIIIII
AAAAAAAAAAAAAAAA1122IIIIIIIIIIIIIIIIIIIIIIIIIIIIIIIIIIIIIIIIIIII
AAAAAAAAAAAAAAAAA1122IIIIIIIIIIIIIIIIIIIIIIIIIIIIIIIIIIIIIIIIIII
AAAAAAAAAAAAAAAAAA1122IIIIIIIIIIIIIIIIIIIIIIIIIIIIIIIIIIIIIIIIII
AAAAAAAAAAAAAAAAAA1A2122IIIIIIIIIIIIIIIIIIIIIIIIIIIIIIIIIIIIIIII
AAAAAAAAAAAAAAAAAA1AA1122IIIIIIIIIIIIIIIIIIIIIIIIIIIIIIIIIIIIIII
AAAAAAAAAAAAAAAAAA1AAA1122IIIIIIIIIIIIIIIIIIIIIIIIIIIIIIIIIIIIII
AAAAAAAAAAAAAAAAAAAAAA1122IIIIIIIIIIIIIIIIIIIIIIIIIIIIIIIIIIIIII
AAAAAAAAAAAAAAAAAAAAAAA1122IIIIIIIIIIIIIIIIIIIIIIIIIIIIIIIIIIIII
AAAAAAAAAAAAAAAAAAAAAAAA1122IIIIIIIIIIIIIIIIIIIIIIIIIIIIIIIIIIII
AAAAAAAAAAAAAAAAAAAAAAAA1A2122IIIIIIIIIIIIIIIIIIIIIIIIIIIIIIIIII
AAAAAAAAAAAAAAAAAAAAAAAA1AA1122IIIIIIIIIIIIIIIIIIIIIIIIIIIIIIIII
AAAAAAAAAAAAAAAAAAAAAAAA1AAA1122IIIIIIIIIIIIIIIIIIIIIIIIIIIIIIII
AAAAAAAAAAAAAAAAAAAAAAAAAAAA1122IIIIIIIIIIIIIIIIIIIIIIIIIIIIIIII
AAAAAAAAAAAAAAAAAAAAAAAAAAAAA1122IIIIIIIIIIIIIIIIIIIIIIIIIIIIIII
AAAAAAAAAAAAAAAAAAAAAAAAAAAAAA1122IIIIIIIIIIIIIIIIIIIIIIIIIIIIII
AAAAAAAAAAAAAAAAAAAAAAAAAAAAAA1A2122IIIIIIIIIIIIIIIIIIIIIIIIIIII
AAAAAAAAAAAAAAAAAAAAAAAAAAAAAA1AA1122IIIIIIIIIIIIIIIIIIIIIIIIIII
AAAAAAAAAAAAAAAAAAAAAAAAAAAAAA1AAA1122IIIIIIIIIIIIIIIIIIIIIIIIII
AAAAAAAAAAAAAAAAAAAAAAAAAAAAAAAAAA1122IIIIIIIIIIIIIIIIIIIIIIIIII
AAAAAAAAAAAAAAAAAAAAAAAAAAAAAAAAAAA1122IIIIIIIIIIIIIIIIIIIIIIIII
AAAAAAAAAAAAAAAAAAAAAAAAAAAAAAAAAAAA1122IIIIIIIIIIIIIIIIIIIIIIII
AAAAAAAAAAAAAAAAAAAAAAAAAAAAAAAAAAAA1A2122IIIIIIIIIIIIIIIIIIIIII
AAAAAAAAAAAAAAAAAAAAAAAAAAAAAAAAAAAA1AA1122IIIIIIIIIIIIIIIIIIIII
AAAAAAAAAAAAAAAAAAAAAAAAAAAAAAAAAAAA1AAA1122IIIIIIIIIIIIIIIIIIII
AAAAAAAAAAAAAAAAAAAAAAAAAAAAAAAAAAAAAAAA1122IIIIIIIIIIIIIIIIIIII
AAAAAAAAAAAAAAAAAAAAAAAAAAAAAAAAAAAAAAAAA1122IIIIIIIIIIIIIIIIIII
AAAAAAAAAAAAAAAAAAAAAAAAAAAAAAAAAAAAAAAAAA1122IIIIIIIIIIIIIIIIII
AAAAAAAAAAAAAAAAAAAAAAAAAAAAAAAAAAAAAAAAAA1A2122IIIIIIIIIIIIIIII
AAAAAAAAAAAAAAAAAAAAAAAAAAAAAAAAAAAAAAAAAA1AA1122IIIIIIIIIIIIIII
AAAAAAAAAAAAAAAAAAAAAAAAAAAAAAAAAAAAAAAAAA1AAA1122IIIIIIIIIIIIII
AAAAAAAAAAAAAAAAAAAAAAAAAAAAAAAAAAAAAAAAAAAAAA1122IIIIIIIIIIIIII
AAAAAAAAAAAAAAAAAAAAAAAAAAAAAAAAAAAAAAAAAAAAAAA1122IIIIIIIIIIIII
AAAAAAAAAAAAAAAAAAAAAAAAAAAAAAAAAAAAAAAAAAAAAAAA1122IIIIIIIIIIII
AAAAAAAAAAAAAAAAAAAAAAAAAAAAAAAAAAAAAAAAAAAAAAAA1A2122IIIIIIIIII
AAAAAAAAAAAAAAAAAAAAAAAAAAAAAAAAAAAAAAAAAAAAAAAA1AA1122IIIIIIIII
AAAAAAAAAAAAAAAAAAAAAAAAAAAAAAAAAAAAAAAAAAAAAAAA1AAA1122IIIIIIII
AAAAAAAAAAAAAAAAAAAAAAAAAAAAAAAAAAAAAAAAAAAAAAAAAAAA1122IIIIIIII
AAAAAAAAAAAAAAAAAAAAAAAAAAAAAAAAAAAAAAAAAAAAAAAAAAAAA1122IIIIIII
AAAAAAAAAAAAAAAAAAAAAAAAAAAAAAAAAAAAAAAAAAAAAAAAAAAAAA1122IIIIII
AAAAAAAAAAAAAAAAAAAAAAAAAAAAAAAAAAAAAAAAAAAAAAAAAAAAAA1A2122IIII
AAAAAAAAAAAAAAAAAAAAAAAAAAAAAAAAAAAAAAAAAAAAAAAAAAAAAA1AA1122III
AAAAAAAAAAAAAAAAAAAAAAAAAAAAAAAAAAAAAAAAAAAAAAAAAAAAAA1AAA1122II
AAAAAAAAAAAAAAAAAAAAAAAAAAAAAAAAAAAAAAAAAAAAAAAAAAAAAAAAAA1122II
AAAAAAAAAAAAAAAAAAAAAAAAAAAAAAAAAAAAAAAAAAAAAAAAAAAAAAAAAAA1122I
AAAAAAAAAAAAAAAAAAAAAAAAAAAAAAAAAAAAAAAAAAAAAAAAAAAAAAAAAAAA1122
AAAAAAAAAAAAAAAAAAAAAAAAAAAAAAAAAAAAAAAAAAAAAAAAAAAAAAAAAAAA1A21
AAAAAAAAAAAAAAAAAAAAAAAAAAAAAAAAAAAAAAAAAAAAAAAAAAAAAAAAAAAA1AA1
AAAAAAAAAAAAAAAAAAAAAAAAAAAAAAAAAAAAAAAAAAAAAAAAAAAAAAAAAAAA1AAA
AAAAAAAAAAAAAAAAAAAAAAAAAAAAAAAAAAAAAAAAAAAAAAAAAAAAAAAAAAAAAAAA
AIII1111II1111IIIIIIIIIIIIIIIIIIIIIIIIIIIIIIIIIIIIIIIIIIIIIIIIII
AAII1111II1111IIIIIIIIIIIIIIIIIIIIIIIIIIIIIIIIIIIIIIIIIIIIIIIIII
AAAI1111II1111IIIIIIIIIIIIIIIIIIIIIIIIIIIIIIIIIIIIIIIIIIIIIIIIII
AAAA1111II1111IIIIIIIIIIIIIIIIIIIIIIIIIIIIIIIIIIIIIIIIIIIIIIIIII
AAAAA1111111111111II11IIIIIIIIIIIIIIIIIIIIIIIIIIIIIIIIIIIIIIIIII
AAAAAA1111111111111I111IIIIIIIIIIIIIIIIIIIIIIIIIIIIIIIIIIIIIIIII
AAAAAA1A11111111111111111IIIIIIIIIIIIIIIIIIIIIIIIIIIIIIIIIIIIIII
AAAAAA1AA11111111111111111IIIIIIIIIIIIIIIIIIIIIIIIIIIIIIIIIIIIII
AAAAAA1AAA11111111111111111IIIIIIIIIIIIIIIIIIIIIIIIIIIIIIIIIIIII
AAAAAAAAAA11111111111111111IIIIIIIIIIIIIIIIIIIIIIIIIIIIIIIIIIIII
AAAAAAAAAAA11111111111111111IIIIIIIIIIIIIIIIIIIIIIIIIIIIIIIIIIII
AAAAAAAAAAAA11111111111111111IIIIIIIIIIIIIIIIIIIIIIIIIIIIIIIIIII
AAAAAAAAAAAA1A11111111111111111IIIIIIIIIIIIIIIIIIIIIIIIIIIIIIIII
AAAAAAAAAAAA1AA11111111111111111IIIIIIIIIIIIIIIIIIIIIIIIIIIIIIII
AAAAAAAAAAAA1AAA11111111111111111IIIIIIIIIIIIIIIIIIIIIIIIIIIIIII
AAAAAAAAAAAAAAAA11111111111111111IIIIIIIIIIIIIIIIIIIIIIIIIIIIIII
AAAAAAAAAAAAAAAAA11111111111111111IIIIIIIIIIIIIIIIIIIIIIIIIIIIII
AAAAAAAAAAAAAAAAAA11111111111111111IIIIIIIIIIIIIIIIIIIIIIIIIIIII
AAAAAAAAAAAAAAAAAA1A11111111111111111IIIIIIIIIIIIIIIIIIIIIIIIIII
AAAAAAAAAAAAAAAAAA1AA11111111111111111IIIIIIIIIIIIIIIIIIIIIIIIII
AAAAAAAAAAAAAAAAAA1AAA11111111111111111IIIIIIIIIIIIIIIIIIIIIIIII
AAAAAAAAAAAAAAAAAAAAAA11111111111111111IIIIIIIIIIIIIIIIIIIIIIIII
AAAAAAAAAAAAAAAAAAAAAAA11111111111111111IIIIIIIIIIIIIIIIIIIIIIII
AAAAAAAAAAAAAAAAAAAAAAAA11111111111111111IIIIIIIIIIIIIIIIIIIIIII
AAAAAAAAAAAAAAAAAAAAAAAA1A11111111111111111IIIIIIIIIIIIIIIIIIIII
AAAAAAAAAAAAAAAAAAAAAAAA1AA11111111111111111IIIIIIIIIIIIIIIIIIII
AAAAAAAAAAAAAAAAAAAAAAAA1AAA11111111111111111IIIIIIIIIIIIIIIIIII
AAAAAAAAAAAAAAAAAAAAAAAAAAAA11111111111111111IIIIIIIIIIIIIIIIIII
AAAAAAAAAAAAAAAAAAAAAAAAAAAAA11111111111111111IIIIIIIIIIIIIIIIII
AAAAAAAAAAAAAAAAAAAAAAAAAAAAAA11111111111111111IIIIIIIIIIIIIIIII
AAAAAAAAAAAAAAAAAAAAAAAAAAAAAA1A11111111111111111IIIIIIIIIIIIIII
AAAAAAAAAAAAAAAAAAAAAAAAAAAAAA1AA11111111111111111IIIIIIIIIIIIII
AAAAAAAAAAAAAAAAAAAAAAAAAAAAAA1AAA11111111111111111IIIIIIIIIIIII
AAAAAAAAAAAAAAAAAAAAAAAAAAAAAAAAAA11111111111111111IIIIIIIIIIIII
AAAAAAAAAAAAAAAAAAAAAAAAAAAAAAAAAAA11111111111111111IIIIIIIIIIII
AAAAAAAAAAAAAAAAAAAAAAAAAAAAAAAAAAAA11111111111111111IIIIIIIIIII
AAAAAAAAAAAAAAAAAAAAAAAAAAAAAAAAAAAA1A11111111111111111IIIIIIIII
AAAAAAAAAAAAAAAAAAAAAAAAAAAAAAAAAAAA1AA11111111111111111IIIIIIII
AAAAAAAAAAAAAAAAAAAAAAAAAAAAAAAAAAAA1AAA11111111111111111IIIIIII
AAAAAAAAAAAAAAAAAAAAAAAAAAAAAAAAAAAAAAAA11111111111111111IIIIIII
AAAAAAAAAAAAAAAAAAAAAAAAAAAAAAAAAAAAAAAAA11111111111111111IIIIII
AAAAAAAAAAAAAAAAAAAAAAAAAAAAAAAAAAAAAAAAAA11111111111111111IIIII
AAAAAAAAAAAAAAAAAAAAAAAAAAAAAAAAAAAAAAAAAA1A11111111111111111III
AAAAAAAAAAAAAAAAAAAAAAAAAAAAAAAAAAAAAAAAAA1AA11111111111111111II
AAAAAAAAAAAAAAAAAAAAAAAAAAAAAAAAAAAAAAAAAA1AAA11111111111111111I
AAAAAAAAAAAAAAAAAAAAAAAAAAAAAAAAAAAAAAAAAAAAAA11111111111111111I
AAAAAAAAAAAAAAAAAAAAAAAAAAAAAAAAAAAAAAAAAAAAAAA11111111111111111
AAAAAAAAAAAAAAAAAAAAAAAAAAAAAAAAAAAAAAAAAAAAAAAA1111111111111111
AAAAAAAAAAAAAAAAAAAAAAAAAAAAAAAAAAAAAAAAAAAAAAAA1A11111111111111
AAAAAAAAAAAAAAAAAAAAAAAAAAAAAAAAAAAAAAAAAAAAAAAA1AA1111111111111
AAAAAAAAAAAAAAAAAAAAAAAAAAAAAAAAAAAAAAAAAAAAAAAA1AAA111111111111
AAAAAAAAAAAAAAAAAAAAAAAAAAAAAAAAAAAAAAAAAAAAAAAAAAAA111111111111
AAAAAAAAAAAAAAAAAAAAAAAAAAAAAAAAAAAAAAAAAAAAAAAAAAAAA11111111111
AAAAAAAAAAAAAAAAAAAAAAAAAAAAAAAAAAAAAAAAAAAAAAAAAAAAAA1111111111
AAAAAAAAAAAAAAAAAAAAAAAAAAAAAAAAAAAAAAAAAAAAAAAAAAAAAA1A11111111
AAAAAAAAAAAAAAAAAAAAAAAAAAAAAAAAAAAAAAAAAAAAAAAAAAAAAA1AA1111111
AAAAAAAAAAAAAAAAAAAAAAAAAAAAAAAAAAAAAAAAAAAAAAAAAAAAAA1AAA111111
AAAAAAAAAAAAAAAAAAAAAAAAAAAAAAAAAAAAAAAAAAAAAAAAAAAAAAAAAA111111
AAAAAAAAAAAAAAAAAAAAAAAAAAAAAAAAAAAAAAAAAAAAAAAAAAAAAAAAAAA11111
AAAAAAAAAAAAAAAAAAAAAAAAAAAAAAAAAAAAAAAAAAAAAAAAAAAAAAAAAAAA1111
AAAAAAAAAAAAAAAAAAAAAAAAAAAAAAAAAAAAAAAAAAAAAAAAAAAAAAAAAAAA1A11
AAAAAAAAAAAAAAAAAAAAAAAAAAAAAAAAAAAAAAAAAAAAAAAAAAAAAAAAAAAA1AA1
AAAAAAAAAAAAAAAAAAAAAAAAAAAAAAAAAAAAAAAAAAAAAAAAAAAAAAAAAAAA1AAA
AAAAAAAAAAAAAAAAAAAAAAAAAAAAAAAAAAAAAAAAAAAAAAAAAAAAAAAAAAAAAAAA
AI1II1111II111IIIIIIIIIIIIIIIIIIIIIIIIIIIIIIIIIIIIIIIIIIIIIIIIII
AA1II1111II111IIIIIIIIIIIIIIIIIIIIIIIIIIIIIIIIIIIIIIIIIIIIIIIIII
AAAII1111II111IIIIIIIIIIIIIIIIIIIIIIIIIIIIIIIIIIIIIIIIIIIIIIIIII
AAAAI1111II111IIIIIIIIIIIIIIIIIIIIIIIIIIIIIIIIIIIIIIIIIIIIIIIIII
AAAAA111111111I1111IIIIIIIIIIIIIIIIIIIIIIIIIIIIIIIIIIIIIIIIIIIII
AAAAA11111111111111IIIIIIIIIIIIIIIIIIIIIIIIIIIIIIIIIIIIIIIIIIIII
AAAAAA11111111111111IIIIIIIIIIIIIIIIIIIIIIIIIIIIIIIIIIIIIIIIIIII
AAAAAA1A11111111111111IIIIIIIIIIIIIIIIIIIIIIIIIIIIIIIIIIIIIIIIII
AAAAAA1AA11111111111111IIIIIIIIIIIIIIIIIIIIIIIIIIIIIIIIIIIIIIIII
AAAAAA1AAA11111111111111IIIIIIIIIIIIIIIIIIIIIIIIIIIIIIIIIIIIIIII
AAAAAAAAAA11111111111111IIIIIIIIIIIIIIIIIIIIIIIIIIIIIIIIIIIIIIII
AAAAAAAAAAA11111111111111IIIIIIIIIIIIIIIIIIIIIIIIIIIIIIIIIIIIIII
AAAAAAAAAAAA11111111111111IIIIIIIIIIIIIIIIIIIIIIIIIIIIIIIIIIIIII
AAAAAAAAAAAA1A11111111111111IIIIIIIIIIIIIIIIIIIIIIIIIIIIIIIIIIII
AAAAAAAAAAAA1AA11111111111111IIIIIIIIIIIIIIIIIIIIIIIIIIIIIIIIIII
AAAAAAAAAAAA1AAA11111111111111IIIIIIIIIIIIIIIIIIIIIIIIIIIIIIIIII
AAAAAAAAAAAAAAAA11111111111111IIIIIIIIIIIIIIIIIIIIIIIIIIIIIIIIII
AAAAAAAAAAAAAAAAA11111111111111IIIIIIIIIIIIIIIIIIIIIIIIIIIIIIIII
AAAAAAAAAAAAAAAAAA11111111111111IIIIIIIIIIIIIIIIIIIIIIIIIIIIIIII
AAAAAAAAAAAAAAAAAA1A11111111111111IIIIIIIIIIIIIIIIIIIIIIIIIIIIII
AAAAAAAAAAAAAAAAAA1AA11111111111111IIIIIIIIIIIIIIIIIIIIIIIIIIIII
AAAAAAAAAAAAAAAAAA1AAA11111111111111IIIIIIIIIIIIIIIIIIIIIIIIIIII
AAAAAAAAAAAAAAAAAAAAAA11111111111111IIIIIIIIIIIIIIIIIIIIIIIIIIII
AAAAAAAAAAAAAAAAAAAAAAA11111111111111IIIIIIIIIIIIIIIIIIIIIIIIIII
AAAAAAAAAAAAAAAAAAAAAAAA11111111111111IIIIIIIIIIIIIIIIIIIIIIIIII
AAAAAAAAAAAAAAAAAAAAAAAA1A11111111111111IIIIIIIIIIIIIIIIIIIIIIII
AAAAAAAAAAAAAAAAAAAAAAAA1AA11111111111111IIIIIIIIIIIIIIIIIIIIIII
AAAAAAAAAAAAAAAAAAAAAAAA1AAA11111111111111IIIIIIIIIIIIIIIIIIIIII
AAAAAAAAAAAAAAAAAAAAAAAAAAAA11111111111111IIIIIIIIIIIIIIIIIIIIII
AAAAAAAAAAAAAAAAAAAAAAAAAAAAA11111111111111IIIIIIIIIIIIIIIIIIIII
AAAAAAAAAAAAAAAAAAAAAAAAAAAAAA11111111111111IIIIIIIIIIIIIIIIIIII
AAAAAAAAAAAAAAAAAAAAAAAAAAAAAA1A11111111111111IIIIIIIIIIIIIIIIII
AAAAAAAAAAAAAAAAAAAAAAAAAAAAAA1AA11111111111111IIIIIIIIIIIIIIIII
AAAAAAAAAAAAAAAAAAAAAAAAAAAAAA1AAA11111111111111IIIIIIIIIIIIIIII
AAAAAAAAAAAAAAAAAAAAAAAAAAAAAAAAAA11111111111111IIIIIIIIIIIIIIII
AAAAAAAAAAAAAAAAAAAAAAAAAAAAAAAAAAA11111111111111IIIIIIIIIIIIIII
AAAAAAAAAAAAAAAAAAAAAAAAAAAAAAAAAAAA11111111111111IIIIIIIIIIIIII
AAAAAAAAAAAAAAAAAAAAAAAAAAAAAAAAAAAA1A11111111111111IIIIIIIIIIII
AAAAAAAAAAAAAAAAAAAAAAAAAAAAAAAAAAAA1AA11111111111111IIIIIIIIIII
AAAAAAAAAAAAAAAAAAAAAAAAAAAAAAAAAAAA1AAA11111111111111IIIIIIIIII
AAAAAAAAAAAAAAAAAAAAAAAAAAAAAAAAAAAAAAAA11111111111111IIIIIIIIII
AAAAAAAAAAAAAAAAAAAAAAAAAAAAAAAAAAAAAAAAA11111111111111IIIIIIIII
AAAAAAAAAAAAAAAAAAAAAAAAAAAAAAAAAAAAAAAAAA11111111111111IIIIIIII
AAAAAAAAAAAAAAAAAAAAAAAAAAAAAAAAAAAAAAAAAA1A11111111111111IIIIII
AAAAAAAAAAAAAAAAAAAAAAAAAAAAAAAAAAAAAAAAAA1AA11111111111111IIIII
AAAAAAAAAAAAAAAAAAAAAAAAAAAAAAAAAAAAAAAAAA1AAA11111111111111IIII
AAAAAAAAAAAAAAAAAAAAAAAAAAAAAAAAAAAAAAAAAAAAAA11111111111111IIII
AAAAAAAAAAAAAAAAAAAAAAAAAAAAAAAAAAAAAAAAAAAAAAA11111111111111III
AAAAAAAAAAAAAAAAAAAAAAAAAAAAAAAAAAAAAAAAAAAAAAAA11111111111111II
AAAAAAAAAAAAAAAAAAAAAAAAAAAAAAAAAAAAAAAAAAAAAAAA1A11111111111111
AAAAAAAAAAAAAAAAAAAAAAAAAAAAAAAAAAAAAAAAAAAAAAAA1AA1111111111111
AAAAAAAAAAAAAAAAAAAAAAAAAAAAAAAAAAAAAAAAAAAAAAAA1AAA111111111111
AAAAAAAAAAAAAAAAAAAAAAAAAAAAAAAAAAAAAAAAAAAAAAAAAAAA111111111111
AAAAAAAAAAAAAAAAAAAAAAAAAAAAAAAAAAAAAAAAAAAAAAAAAAAAA11111111111
AAAAAAAAAAAAAAAAAAAAAAAAAAAAAAAAAAAAAAAAAAAAAAAAAAAAAA1111111111
AAAAAAAAAAAAAAAAAAAAAAAAAAAAAAAAAAAAAAAAAAAAAAAAAAAAAA1A11111111
AAAAAAAAAAAAAAAAAAAAAAAAAAAAAAAAAAAAAAAAAAAAAAAAAAAAAA1AA1111111
AAAAAAAAAAAAAAAAAAAAAAAAAAAAAAAAAAAAAAAAAAAAAAAAAAAAAA1AAA111111
AAAAAAAAAAAAAAAAAAAAAAAAAAAAAAAAAAAAAAAAAAAAAAAAAAAAAAAAAA111111
AAAAAAAAAAAAAAAAAAAAAAAAAAAAAAAAAAAAAAAAAAAAAAAAAAAAAAAAAAA11111
AAAAAAAAAAAAAAAAAAAAAAAAAAAAAAAAAAAAAAAAAAAAAAAAAAAAAAAAAAAA1111
AAAAAAAAAAAAAAAAAAAAAAAAAAAAAAAAAAAAAAAAAAAAAAAAAAAAAAAAAAAA1A11
AAAAAAAAAAAAAAAAAAAAAAAAAAAAAAAAAAAAAAAAAAAAAAAAAAAAAAAAAAAA1AA1
AAAAAAAAAAAAAAAAAAAAAAAAAAAAAAAAAAAAAAAAAAAAAAAAAAAAAAAAAAAA1AAA
AAAAAAAAAAAAAAAAAAAAAAAAAAAAAAAAAAAAAAAAAAAAAAAAAAAAAAAAAAAAAAAA
AIII1111II1111IIIIIIIIIIIIIIIIIIIIIIIIIIIIIIIIIIIIIIIIIIIIIIIIII
AAII1111II1111IIIIIIIIIIIIIIIIIIIIIIIIIIIIIIIIIIIIIIIIIIIIIIIIII
AAAI1111II1111IIIIIIIIIIIIIIIIIIIIIIIIIIIIIIIIIIIIIIIIIIIIIIIIII
AAAA1111II1111IIIIIIIIIIIIIIIIIIIIIIIIIIIIIIIIIIIIIIIIIIIIIIIIII
AAAAA1111111111111II11IIIIIIIIIIIIIIIIIIIIIIIIIIIIIIIIIIIIIIIIII
AAAAAA1111111111111I1111IIIIIIIIIIIIIIIIIIIIIIIIIIIIIIIIIIIIIIII
AAAAAA1A111111111111111111IIIIIIIIIIIIIIIIIIIIIIIIIIIIIIIIIIIIII
AAAAAA1AA111111111111111111IIIIIIIIIIIIIIIIIIIIIIIIIIIIIIIIIIIII
AAAAAA1AAA111111111111111111IIIIIIIIIIIIIIIIIIIIIIIIIIIIIIIIIIII
AAAAAAAAAA111111111111111111IIIIIIIIIIIIIIIIIIIIIIIIIIIIIIIIIIII
AAAAAAAAAAA111111111111111111IIIIIIIIIIIIIIIIIIIIIIIIIIIIIIIIIII
AAAAAAAAAAAA111111111111111111IIIIIIIIIIIIIIIIIIIIIIIIIIIIIIIIII
AAAAAAAAAAAA1A111111111111111111IIIIIIIIIIIIIIIIIIIIIIIIIIIIIIII
AAAAAAAAAAAA1AA111111111111111111IIIIIIIIIIIIIIIIIIIIIIIIIIIIIII
AAAAAAAAAAAA1AAA111111111111111111IIIIIIIIIIIIIIIIIIIIIIIIIIIIII
AAAAAAAAAAAAAAAA111111111111111111IIIIIIIIIIIIIIIIIIIIIIIIIIIIII
AAAAAAAAAAAAAAAAA111111111111111111IIIIIIIIIIIIIIIIIIIIIIIIIIIII
AAAAAAAAAAAAAAAAAA111111111111111111IIIIIIIIIIIIIIIIIIIIIIIIIIII
AAAAAAAAAAAAAAAAAA1A111111111111111111IIIIIIIIIIIIIIIIIIIIIIIIII
AAAAAAAAAAAAAAAAAA1AA111111111111111111IIIIIIIIIIIIIIIIIIIIIIIII
AAAAAAAAAAAAAAAAAA1AAA111111111111111111IIIIIIIIIIIIIIIIIIIIIIII
AAAAAAAAAAAAAAAAAAAAAA111111111111111111IIIIIIIIIIIIIIIIIIIIIIII
AAAAAAAAAAAAAAAAAAAAAAA111111111111111111IIIIIIIIIIIIIIIIIIIIIII
AAAAAAAAAAAAAAAAAAAAAAAA111111111111111111IIIIIIIIIIIIIIIIIIIIII
AAAAAAAAAAAAAAAAAAAAAAAA1A111111111111111111IIIIIIIIIIIIIIIIIIII
AAAAAAAAAAAAAAAAAAAAAAAA1AA111111111111111111IIIIIIIIIIIIIIIIIII
AAAAAAAAAAAAAAAAAAAAAAAA1AAA111111111111111111IIIIIIIIIIIIIIIIII
AAAAAAAAAAAAAAAAAAAAAAAAAAAA111111111111111111IIIIIIIIIIIIIIIIII
AAAAAAAAAAAAAAAAAAAAAAAAAAAAA111111111111111111IIIIIIIIIIIIIIIII
AAAAAAAAAAAAAAAAAAAAAAAAAAAAAA111111111111111111IIIIIIIIIIIIIIII
AAAAAAAAAAAAAAAAAAAAAAAAAAAAAA1A111111111111111111IIIIIIIIIIIIII
AAAAAAAAAAAAAAAAAAAAAAAAAAAAAA1AA111111111111111111IIIIIIIIIIIII
AAAAAAAAAAAAAAAAAAAAAAAAAAAAAA1AAA111111111111111111IIIIIIIIIIII
AAAAAAAAAAAAAAAAAAAAAAAAAAAAAAAAAA111111111111111111IIIIIIIIIIII
AAAAAAAAAAAAAAAAAAAAAAAAAAAAAAAAAAA111111111111111111IIIIIIIIIII
AAAAAAAAAAAAAAAAAAAAAAAAAAAAAAAAAAAA111111111111111111IIIIIIIIII
AAAAAAAAAAAAAAAAAAAAAAAAAAAAAAAAAAAA1A111111111111111111IIIIIIII
AAAAAAAAAAAAAAAAAAAAAAAAAAAAAAAAAAAA1AA111111111111111111IIIIIII
AAAAAAAAAAAAAAAAAAAAAAAAAAAAAAAAAAAA1AAA111111111111111111IIIIII
AAAAAAAAAAAAAAAAAAAAAAAAAAAAAAAAAAAAAAAA111111111111111111IIIIII
AAAAAAAAAAAAAAAAAAAAAAAAAAAAAAAAAAAAAAAAA111111111111111111IIIII
AAAAAAAAAAAAAAAAAAAAAAAAAAAAAAAAAAAAAAAAAA111111111111111111IIII
AAAAAAAAAAAAAAAAAAAAAAAAAAAAAAAAAAAAAAAAAA1A111111111111111111II
AAAAAAAAAAAAAAAAAAAAAAAAAAAAAAAAAAAAAAAAAA1AA111111111111111111I
AAAAAAAAAAAAAAAAAAAAAAAAAAAAAAAAAAAAAAAAAA1AAA111111111111111111
AAAAAAAAAAAAAAAAAAAAAAAAAAAAAAAAAAAAAAAAAAAAAA111111111111111111
AAAAAAAAAAAAAAAAAAAAAAAAAAAAAAAAAAAAAAAAAAAAAAA11111111111111111
AAAAAAAAAAAAAAAAAAAAAAAAAAAAAAAAAAAAAAAAAAAAAAAA1111111111111111
AAAAAAAAAAAAAAAAAAAAAAAAAAAAAAAAAAAAAAAAAAAAAAAA1A11111111111111
AAAAAAAAAAAAAAAAAAAAAAAAAAAAAAAAAAAAAAAAAAAAAAAA1AA1111111111111
AAAAAAAAAAAAAAAAAAAAAAAAAAAAAAAAAAAAAAAAAAAAAAAA1AAA111111111111
AAAAAAAAAAAAAAAAAAAAAAAAAAAAAAAAAAAAAAAAAAAAAAAAAAAA111111111111
AAAAAAAAAAAAAAAAAAAAAAAAAAAAAAAAAAAAAAAAAAAAAAAAAAAAA11111111111
AAAAAAAAAAAAAAAAAAAAAAAAAAAAAAAAAAAAAAAAAAAAAAAAAAAAAA1111111111
AAAAAAAAAAAAAAAAAAAAAAAAAAAAAAAAAAAAAAAAAAAAAAAAAAAAAA1A11111111
AAAAAAAAAAAAAAAAAAAAAAAAAAAAAAAAAAAAAAAAAAAAAAAAAAAAAA1AA1111111
AAAAAAAAAAAAAAAAAAAAAAAAAAAAAAAAAAAAAAAAAAAAAAAAAAAAAA1AAA111111
AAAAAAAAAAAAAAAAAAAAAAAAAAAAAAAAAAAAAAAAAAAAAAAAAAAAAAAAAA111111
AAAAAAAAAAAAAAAAAAAAAAAAAAAAAAAAAAAAAAAAAAAAAAAAAAAAAAAAAAA11111
AAAAAAAAAAAAAAAAAAAAAAAAAAAAAAAAAAAAAAAAAAAAAAAAAAAAAAAAAAAA1111
AAAAAAAAAAAAAAAAAAAAAAAAAAAAAAAAAAAAAAAAAAAAAAAAAAAAAAAAAAAA1A11
AAAAAAAAAAAAAAAAAAAAAAAAAAAAAAAAAAAAAAAAAAAAAAAAAAAAAAAAAAAA1AA1
AAAAAAAAAAAAAAAAAAAAAAAAAAAAAAAAAAAAAAAAAAAAAAAAAAAAAAAAAAAA1AAA
AAAAAAAAAAAAAAAAAAAAAAAAAAAAAAAAAAAAAAAAAAAAAAAAAAAAAAAAAAAAAAAA
AI1I111I1I111IIIIIIIIIIIIIIIIIIIIIIIIIIIIIIIIIIIIIIIIIIIIIIIIIII
AA1I111I1I111IIIIIIIIIIIIIIIIIIIIIIIIIIIIIIIIIIIIIIIIIIIIIIIIIII
AAAI111I1I111IIIIIIIIIIIIIIIIIIIIIIIIIIIIIIIIIIIIIIIIIIIIIIIIIII
AAAA111I1I111IIIIIIIIIIIIIIIIIIIIIIIIIIIIIIIIIIIIIIIIIIIIIIIIIII
AAAAA11I11111I111I1I111IIIIIIIIIIIIIIIIIIIIIIIIIIIIIIIIIIIIIIIII
AAAAAA111111111111111111IIIIIIIIIIIIIIIIIIIIIIIIIIIIIIIIIIIIIIII
AAAAAA1A111111111111111111IIIIIIIIIIIIIIIIIIIIIIIIIIIIIIIIIIIIII
AAAAAA1AA111111111111111111IIIIIIIIIIIIIIIIIIIIIIIIIIIIIIIIIIIII
AAAAAA1AAA111111111111111111IIIIIIIIIIIIIIIIIIIIIIIIIIIIIIIIIIII
AAAAAAAAAA111111111111111111IIIIIIIIIIIIIIIIIIIIIIIIIIIIIIIIIIII
AAAAAAAAAAA111111111111111111IIIIIIIIIIIIIIIIIIIIIIIIIIIIIIIIIII
AAAAAAAAAAAA111111111111111111IIIIIIIIIIIIIIIIIIIIIIIIIIIIIIIIII
AAAAAAAAAAAA1A111111111111111111IIIIIIIIIIIIIIIIIIIIIIIIIIIIIIII
AAAAAAAAAAAA1AA111111111111111111IIIIIIIIIIIIIIIIIIIIIIIIIIIIIII
AAAAAAAAAAAA1AAA111111111111111111IIIIIIIIIIIIIIIIIIIIIIIIIIIIII
AAAAAAAAAAAAAAAA111111111111111111IIIIIIIIIIIIIIIIIIIIIIIIIIIIII
AAAAAAAAAAAAAAAAA111111111111111111IIIIIIIIIIIIIIIIIIIIIIIIIIIII
AAAAAAAAAAAAAAAAAA111111111111111111IIIIIIIIIIIIIIIIIIIIIIIIIIII
AAAAAAAAAAAAAAAAAA1A111111111111111111IIIIIIIIIIIIIIIIIIIIIIIIII
AAAAAAAAAAAAAAAAAA1AA111111111111111111IIIIIIIIIIIIIIIIIIIIIIIII
AAAAAAAAAAAAAAAAAA1AAA111111111111111111IIIIIIIIIIIIIIIIIIIIIIII
AAAAAAAAAAAAAAAAAAAAAA111111111111111111IIIIIIIIIIIIIIIIIIIIIIII
AAAAAAAAAAAAAAAAAAAAAAA111111111111111111IIIIIIIIIIIIIIIIIIIIIII
AAAAAAAAAAAAAAAAAAAAAAAA111111111111111111IIIIIIIIIIIIIIIIIIIIII
AAAAAAAAAAAAAAAAAAAAAAAA1A111111111111111111IIIIIIIIIIIIIIIIIIII
AAAAAAAAAAAAAAAAAAAAAAAA1AA111111111111111111IIIIIIIIIIIIIIIIIII
AAAAAAAAAAAAAAAAAAAAAAAA1AAA111111111111111111IIIIIIIIIIIIIIIIII
AAAAAAAAAAAAAAAAAAAAAAAAAAAA111111111111111111IIIIIIIIIIIIIIIIII
AAAAAAAAAAAAAAAAAAAAAAAAAAAAA111111111111111111IIIIIIIIIIIIIIIII
AAAAAAAAAAAAAAAAAAAAAAAAAAAAAA111111111111111111IIIIIIIIIIIIIIII
AAAAAAAAAAAAAAAAAAAAAAAAAAAAAA1A111111111111111111IIIIIIIIIIIIII
AAAAAAAAAAAAAAAAAAAAAAAAAAAAAA1AA111111111111111111IIIIIIIIIIIII
AAAAAAAAAAAAAAAAAAAAAAAAAAAAAA1AAA111111111111111111IIIIIIIIIIII
AAAAAAAAAAAAAAAAAAAAAAAAAAAAAAAAAA111111111111111111IIIIIIIIIIII
AAAAAAAAAAAAAAAAAAAAAAAAAAAAAAAAAAA111111111111111111IIIIIIIIIII
AAAAAAAAAAAAAAAAAAAAAAAAAAAAAAAAAAAA111111111111111111IIIIIIIIII
AAAAAAAAAAAAAAAAAAAAAAAAAAAAAAAAAAAAA111111111111111111IIIIIIIII
AAAAAAAAAAAAAAAAAAAAAAAAAAAAAAAAAAAAA1A111111111111111111IIIIIII
AAAAAAAAAAAAAAAAAAAAAAAAAAAAAAAAAAAAAAA111111111111111111IIIIIII
AAAAAAAAAAAAAAAAAAAAAAAAAAAAAAAAAAAAAAAA111111111111111111IIIIII
AAAAAAAAAAAAAAAAAAAAAAAAAAAAAAAAAAAAAAAAA111111111111111111IIIII
AAAAAAAAAAAAAAAAAAAAAAAAAAAAAAAAAAAAAAAAAA111111111111111111IIII
AAAAAAAAAAAAAAAAAAAAAAAAAAAAAAAAAAAAAAAAAA1A111111111111111111II
AAAAAAAAAAAAAAAAAAAAAAAAAAAAAAAAAAAAAAAAAA1AA111111111111111111I
AAAAAAAAAAAAAAAAAAAAAAAAAAAAAAAAAAAAAAAAAA1AAA111111111111111111
AAAAAAAAAAAAAAAAAAAAAAAAAAAAAAAAAAAAAAAAAAAAAA111111111111111111
AAAAAAAAAAAAAAAAAAAAAAAAAAAAAAAAAAAAAAAAAAAAAAA11111111111111111
AAAAAAAAAAAAAAAAAAAAAAAAAAAAAAAAAAAAAAAAAAAAAAAA1111111111111111
AAAAAAAAAAAAAAAAAAAAAAAAAAAAAAAAAAAAAAAAAAAAAAAA1A11111111111111
AAAAAAAAAAAAAAAAAAAAAAAAAAAAAAAAAAAAAAAAAAAAAAAA1AA1111111111111
AAAAAAAAAAAAAAAAAAAAAAAAAAAAAAAAAAAAAAAAAAAAAAAA1AAA111111111111
AAAAAAAAAAAAAAAAAAAAAAAAAAAAAAAAAAAAAAAAAAAAAAAAAAAA111111111111
AAAAAAAAAAAAAAAAAAAAAAAAAAAAAAAAAAAAAAAAAAAAAAAAAAAAA11111111111
AAAAAAAAAAAAAAAAAAAAAAAAAAAAAAAAAAAAAAAAAAAAAAAAAAAAAA1111111111
AAAAAAAAAAAAAAAAAAAAAAAAAAAAAAAAAAAAAAAAAAAAAAAAAAAAAA1A11111111
AAAAAAAAAAAAAAAAAAAAAAAAAAAAAAAAAAAAAAAAAAAAAAAAAAAAAA1AA1111111
AAAAAAAAAAAAAAAAAAAAAAAAAAAAAAAAAAAAAAAAAAAAAAAAAAAAAA1AAA111111
AAAAAAAAAAAAAAAAAAAAAAAAAAAAAAAAAAAAAAAAAAAAAAAAAAAAAAAAAA111111
AAAAAAAAAAAAAAAAAAAAAAAAAAAAAAAAAAAAAAAAAAAAAAAAAAAAAAAAAAA11111
AAAAAAAAAAAAAAAAAAAAAAAAAAAAAAAAAAAAAAAAAAAAAAAAAAAAAAAAAAAA1111
AAAAAAAAAAAAAAAAAAAAAAAAAAAAAAAAAAAAAAAAAAAAAAAAAAAAAAAAAAAA1A11
AAAAAAAAAAAAAAAAAAAAAAAAAAAAAAAAAAAAAAAAAAAAAAAAAAAAAAAAAAAA1AA1
AAAAAAAAAAAAAAAAAAAAAAAAAAAAAAAAAAAAAAAAAAAAAAAAAAAAAAAAAAAA1AAA
AAAAAAAAAAAAAAAAAAAAAAAAAAAAAAAAAAAAAAAAAAAAAAAAAAAAAAAAAAAAAAAA
AI1III1I1III1I1IIIIIIIIIIIIIIIIIIIIIIIIIIIIIIIIIIIIIIIIIIIIIIIII
AA11II1111II1I1IIIIIIIIIIIIIIIIIIIIIIIIIIIIIIIIIIIIIIIIIIIIIIIII
AAA1II1111II1I1IIIIIIIIIIIIIIIIIIIIIIIIIIIIIIIIIIIIIIIIIIIIIIIII
AAAAII1111II1I1IIIIIIIIIIIIIIIIIIIIIIIIIIIIIIIIIIIIIIIIIIIIIIIII
AAAAAI11111I1I1I1I1IIIIIIIIIIIIIIIIIIIIIIIIIIIIIIIIIIIIIIIIIIIII
AAAAAA111111111I1111IIIIIIIIIIIIIIIIIIIIIIIIIIIIIIIIIIIIIIIIIIII
AAAAAA1A111111111111I1IIIIIIIIIIIIIIIIIIIIIIIIIIIIIIIIIIIIIIIIII
AAAAAA1AA11111111111111IIIIIIIIIIIIIIIIIIIIIIIIIIIIIIIIIIIIIIIII
AAAAAA1AAA11111111111111IIIIIIIIIIIIIIIIIIIIIIIIIIIIIIIIIIIIIIII
AAAAAAAAAA11111111111111IIIIIIIIIIIIIIIIIIIIIIIIIIIIIIIIIIIIIIII
AAAAAAAAAAA11111111111111IIIIIIIIIIIIIIIIIIIIIIIIIIIIIIIIIIIIIII
AAAAAAAAAAAA11111111111111IIIIIIIIIIIIIIIIIIIIIIIIIIIIIIIIIIIIII
AAAAAAAAAAAA1A111111111111I1IIIIIIIIIIIIIIIIIIIIIIIIIIIIIIIIIIII
AAAAAAAAAAAA1AA11111111111111IIIIIIIIIIIIIIIIIIIIIIIIIIIIIIIIIII
AAAAAAAAAAAA1AAA11111111111111IIIIIIIIIIIIIIIIIIIIIIIIIIIIIIIIII
AAAAAAAAAAAAAAAA11111111111111IIIIIIIIIIIIIIIIIIIIIIIIIIIIIIIIII
AAAAAAAAAAAAAAAAA11111111111111IIIIIIIIIIIIIIIIIIIIIIIIIIIIIIIII
AAAAAAAAAAAAAAAAAA11111111111111IIIIIIIIIIIIIIIIIIIIIIIIIIIIIIII
AAAAAAAAAAAAAAAAAA1A111111111111I1IIIIIIIIIIIIIIIIIIIIIIIIIIIIII
AAAAAAAAAAAAAAAAAA1AA11111111111111IIIIIIIIIIIIIIIIIIIIIIIIIIIII
AAAAAAAAAAAAAAAAAA1AAA11111111111111IIIIIIIIIIIIIIIIIIIIIIIIIIII
AAAAAAAAAAAAAAAAAAAAAA11111111111111IIIIIIIIIIIIIIIIIIIIIIIIIIII
AAAAAAAAAAAAAAAAAAAAAAA11111111111111IIIIIIIIIIIIIIIIIIIIIIIIIII
AAAAAAAAAAAAAAAAAAAAAAAA11111111111111IIIIIIIIIIIIIIIIIIIIIIIIII
AAAAAAAAAAAAAAAAAAAAAAAA1A111111111111I1IIIIIIIIIIIIIIIIIIIIIIII
AAAAAAAAAAAAAAAAAAAAAAAA1AA11111111111111IIIIIIIIIIIIIIIIIIIIIII
AAAAAAAAAAAAAAAAAAAAAAAA1AAA11111111111111IIIIIIIIIIIIIIIIIIIIII
AAAAAAAAAAAAAAAAAAAAAAAAAAAA11111111111111IIIIIIIIIIIIIIIIIIIIII
AAAAAAAAAAAAAAAAAAAAAAAAAAAAA11111111111111IIIIIIIIIIIIIIIIIIIII
AAAAAAAAAAAAAAAAAAAAAAAAAAAAAA11111111111111IIIIIIIIIIIIIIIIIIII
AAAAAAAAAAAAAAAAAAAAAAAAAAAAAA1A111111111111I1IIIIIIIIIIIIIIIIII
AAAAAAAAAAAAAAAAAAAAAAAAAAAAAA1AA11111111111111IIIIIIIIIIIIIIIII
AAAAAAAAAAAAAAAAAAAAAAAAAAAAAA1AAA11111111111111IIIIIIIIIIIIIIII
AAAAAAAAAAAAAAAAAAAAAAAAAAAAAAAAAA11111111111111IIIIIIIIIIIIIIII
AAAAAAAAAAAAAAAAAAAAAAAAAAAAAAAAAAA11111111111111IIIIIIIIIIIIIII
AAAAAAAAAAAAAAAAAAAAAAAAAAAAAAAAAAAA11111111111111IIIIIIIIIIIIII
AAAAAAAAAAAAAAAAAAAAAAAAAAAAAAAAAAAA1A111111111111I1IIIIIIIIIIII
AAAAAAAAAAAAAAAAAAAAAAAAAAAAAAAAAAAA1AA11111111111111IIIIIIIIIII
AAAAAAAAAAAAAAAAAAAAAAAAAAAAAAAAAAAA1AAA11111111111111IIIIIIIIII
AAAAAAAAAAAAAAAAAAAAAAAAAAAAAAAAAAAAAAAA11111111111111IIIIIIIIII
AAAAAAAAAAAAAAAAAAAAAAAAAAAAAAAAAAAAAAAAA11111111111111IIIIIIIII
AAAAAAAAAAAAAAAAAAAAAAAAAAAAAAAAAAAAAAAAAA11111111111111IIIIIIII
AAAAAAAAAAAAAAAAAAAAAAAAAAAAAAAAAAAAAAAAAA1A111111111111I1IIIIII
AAAAAAAAAAAAAAAAAAAAAAAAAAAAAAAAAAAAAAAAAA1AA11111111111111IIIII
AAAAAAAAAAAAAAAAAAAAAAAAAAAAAAAAAAAAAAAAAA1AAA11111111111111IIII
AAAAAAAAAAAAAAAAAAAAAAAAAAAAAAAAAAAAAAAAAAAAAA11111111111111IIII
AAAAAAAAAAAAAAAAAAAAAAAAAAAAAAAAAAAAAAAAAAAAAAA11111111111111III
AAAAAAAAAAAAAAAAAAAAAAAAAAAAAAAAAAAAAAAAAAAAAAAA11111111111111II
AAAAAAAAAAAAAAAAAAAAAAAAAAAAAAAAAAAAAAAAAAAAAAAA1A111111111111I1
AAAAAAAAAAAAAAAAAAAAAAAAAAAAAAAAAAAAAAAAAAAAAAAA1AA1111111111111
AAAAAAAAAAAAAAAAAAAAAAAAAAAAAAAAAAAAAAAAAAAAAAAA1AAA111111111111
AAAAAAAAAAAAAAAAAAAAAAAAAAAAAAAAAAAAAAAAAAAAAAAAAAAA111111111111
AAAAAAAAAAAAAAAAAAAAAAAAAAAAAAAAAAAAAAAAAAAAAAAAAAAAA11111111111
AAAAAAAAAAAAAAAAAAAAAAAAAAAAAAAAAAAAAAAAAAAAAAAAAAAAAA1111111111
AAAAAAAAAAAAAAAAAAAAAAAAAAAAAAAAAAAAAAAAAAAAAAAAAAAAAA1A11111111
AAAAAAAAAAAAAAAAAAAAAAAAAAAAAAAAAAAAAAAAAAAAAAAAAAAAAA1AA1111111
AAAAAAAAAAAAAAAAAAAAAAAAAAAAAAAAAAAAAAAAAAAAAAAAAAAAAA1AAA111111
AAAAAAAAAAAAAAAAAAAAAAAAAAAAAAAAAAAAAAAAAAAAAAAAAAAAAAAAAA111111
AAAAAAAAAAAAAAAAAAAAAAAAAAAAAAAAAAAAAAAAAAAAAAAAAAAAAAAAAAA11111
AAAAAAAAAAAAAAAAAAAAAAAAAAAAAAAAAAAAAAAAAAAAAAAAAAAAAAAAAAAA1111
AAAAAAAAAAAAAAAAAAAAAAAAAAAAAAAAAAAAAAAAAAAAAAAAAAAAAAAAAAAA1A11
AAAAAAAAAAAAAAAAAAAAAAAAAAAAAAAAAAAAAAAAAAAAAAAAAAAAAAAAAAAA1AA1
AAAAAAAAAAAAAAAAAAAAAAAAAAAAAAAAAAAAAAAAAAAAAAAAAAAAAAAAAAAA1AAA
AAAAAAAAAAAAAAAAAAAAAAAAAAAAAAAAAAAAAAAAAAAAAAAAAAAAAAAAAAAAAAAA
AIII111III111III1I1IIIIIIIIIIIIIIIIIIIIIIIIIIIIIIIIIIIIIIIIIIIII
AAII111III111III1I1IIIIIIIIIIIIIIIIIIIIIIIIIIIIIIIIIIIIIIIIIIIII
AAAI111III111III1I1IIIIIIIIIIIIIIIIIIIIIIIIIIIIIIIIIIIIIIIIIIIII
AAAA111III111III1I1IIIIIIIIIIIIIIIIIIIIIIIIIIIIIIIIIIIIIIIIIIIII
AAAAA11I11111I111I1I1I1IIIIIIIIIIIIIIIIIIIIIIIIIIIIIIIIIIIIIIIII
AAAAA111111111111I1I1I1IIIIIIIIIIIIIIIIIIIIIIIIIIIIIIIIIIIIIIIII
AAAAAA1111111111111I1111IIIIIIIIIIIIIIIIIIIIIIIIIIIIIIIIIIIIIIII
AAAAAA1A1111111111111111I1IIIIIIIIIIIIIIIIIIIIIIIIIIIIIIIIIIIIII
AAAAAA1AA111111111111111111IIIIIIIIIIIIIIIIIIIIIIIIIIIIIIIIIIIII
AAAAAA1AAA111111111111111111IIIIIIIIIIIIIIIIIIIIIIIIIIIIIIIIIIII
AAAAAAAAAA111111111111111111IIIIIIIIIIIIIIIIIIIIIIIIIIIIIIIIIIII
AAAAAAAAAAA111111111111111111IIIIIIIIIIIIIIIIIIIIIIIIIIIIIIIIIII
AAAAAAAAAAAA111111111111111111IIIIIIIIIIIIIIIIIIIIIIIIIIIIIIIIII
AAAAAAAAAAAA1A1111111111111111I1IIIIIIIIIIIIIIIIIIIIIIIIIIIIIIII
AAAAAAAAAAAA1AA111111111111111111IIIIIIIIIIIIIIIIIIIIIIIIIIIIIII
AAAAAAAAAAAA1AAA111111111111111111IIIIIIIIIIIIIIIIIIIIIIIIIIIIII
AAAAAAAAAAAAAAAA111111111111111111IIIIIIIIIIIIIIIIIIIIIIIIIIIIII
AAAAAAAAAAAAAAAAA111111111111111111IIIIIIIIIIIIIIIIIIIIIIIIIIIII
AAAAAAAAAAAAAAAAAA111111111111111111IIIIIIIIIIIIIIIIIIIIIIIIIIII
AAAAAAAAAAAAAAAAAA1A1111111111111111I1IIIIIIIIIIIIIIIIIIIIIIIIII
AAAAAAAAAAAAAAAAAA1AA111111111111111111IIIIIIIIIIIIIIIIIIIIIIIII
AAAAAAAAAAAAAAAAAA1AAA111111111111111111IIIIIIIIIIIIIIIIIIIIIIII
AAAAAAAAAAAAAAAAAAAAAA111111111111111111IIIIIIIIIIIIIIIIIIIIIIII
AAAAAAAAAAAAAAAAAAAAAAA111111111111111111IIIIIIIIIIIIIIIIIIIIIII
AAAAAAAAAAAAAAAAAAAAAAAA111111111111111111IIIIIIIIIIIIIIIIIIIIII
AAAAAAAAAAAAAAAAAAAAAAAA1A1111111111111111I1IIIIIIIIIIIIIIIIIIII
AAAAAAAAAAAAAAAAAAAAAAAA1AA111111111111111111IIIIIIIIIIIIIIIIIII
AAAAAAAAAAAAAAAAAAAAAAAA1AAA111111111111111111IIIIIIIIIIIIIIIIII
AAAAAAAAAAAAAAAAAAAAAAAAAAAA111111111111111111IIIIIIIIIIIIIIIIII
AAAAAAAAAAAAAAAAAAAAAAAAAAAAA111111111111111111IIIIIIIIIIIIIIIII
AAAAAAAAAAAAAAAAAAAAAAAAAAAAAA111111111111111111IIIIIIIIIIIIIIII
AAAAAAAAAAAAAAAAAAAAAAAAAAAAAA1A1111111111111111I1IIIIIIIIIIIIII
AAAAAAAAAAAAAAAAAAAAAAAAAAAAAA1AA111111111111111111IIIIIIIIIIIII
AAAAAAAAAAAAAAAAAAAAAAAAAAAAAA1AAA111111111111111111IIIIIIIIIIII
AAAAAAAAAAAAAAAAAAAAAAAAAAAAAAAAAA111111111111111111IIIIIIIIIIII
AAAAAAAAAAAAAAAAAAAAAAAAAAAAAAAAAAA111111111111111111IIIIIIIIIII
AAAAAAAAAAAAAAAAAAAAAAAAAAAAAAAAAAAA111111111111111111IIIIIIIIII
AAAAAAAAAAAAAAAAAAAAAAAAAAAAAAAAAAAA1A1111111111111111I1IIIIIIII
AAAAAAAAAAAAAAAAAAAAAAAAAAAAAAAAAAAA1AA111111111111111111IIIIIII
AAAAAAAAAAAAAAAAAAAAAAAAAAAAAAAAAAAA1AAA111111111111111111IIIIII
AAAAAAAAAAAAAAAAAAAAAAAAAAAAAAAAAAAAAAAA111111111111111111IIIIII
AAAAAAAAAAAAAAAAAAAAAAAAAAAAAAAAAAAAAAAAA111111111111111111IIIII
AAAAAAAAAAAAAAAAAAAAAAAAAAAAAAAAAAAAAAAAAA111111111111111111IIII
AAAAAAAAAAAAAAAAAAAAAAAAAAAAAAAAAAAAAAAAAA1A1111111111111111I1II
AAAAAAAAAAAAAAAAAAAAAAAAAAAAAAAAAAAAAAAAAA1AA111111111111111111I
AAAAAAAAAAAAAAAAAAAAAAAAAAAAAAAAAAAAAAAAAA1AAA111111111111111111
AAAAAAAAAAAAAAAAAAAAAAAAAAAAAAAAAAAAAAAAAAAAAA111111111111111111
AAAAAAAAAAAAAAAAAAAAAAAAAAAAAAAAAAAAAAAAAAAAAAA11111111111111111
AAAAAAAAAAAAAAAAAAAAAAAAAAAAAAAAAAAAAAAAAAAAAAAA1111111111111111
AAAAAAAAAAAAAAAAAAAAAAAAAAAAAAAAAAAAAAAAAAAAAAAA1A11111111111111
AAAAAAAAAAAAAAAAAAAAAAAAAAAAAAAAAAAAAAAAAAAAAAAA1AA1111111111111
AAAAAAAAAAAAAAAAAAAAAAAAAAAAAAAAAAAAAAAAAAAAAAAA1AAA111111111111
AAAAAAAAAAAAAAAAAAAAAAAAAAAAAAAAAAAAAAAAAAAAAAAAAAAA111111111111
AAAAAAAAAAAAAAAAAAAAAAAAAAAAAAAAAAAAAAAAAAAAAAAAAAAAA11111111111
AAAAAAAAAAAAAAAAAAAAAAAAAAAAAAAAAAAAAAAAAAAAAAAAAAAAAA1111111111
AAAAAAAAAAAAAAAAAAAAAAAAAAAAAAAAAAAAAAAAAAAAAAAAAAAAAA1A11111111
AAAAAAAAAAAAAAAAAAAAAAAAAAAAAAAAAAAAAAAAAAAAAAAAAAAAAA1AA1111111
AAAAAAAAAAAAAAAAAAAAAAAAAAAAAAAAAAAAAAAAAAAAAAAAAAAAAA1AAA111111
AAAAAAAAAAAAAAAAAAAAAAAAAAAAAAAAAAAAAAAAAAAAAAAAAAAAAAAAAA111111
AAAAAAAAAAAAAAAAAAAAAAAAAAAAAAAAAAAAAAAAAAAAAAAAAAAAAAAAAAA11111
AAAAAAAAAAAAAAAAAAAAAAAAAAAAAAAAAAAAAAAAAAAAAAAAAAAAAAAAAAAA1111
AAAAAAAAAAAAAAAAAAAAAAAAAAAAAAAAAAAAAAAAAAAAAAAAAAAAAAAAAAAA1A11
AAAAAAAAAAAAAAAAAAAAAAAAAAAAAAAAAAAAAAAAAAAAAAAAAAAAAAAAAAAA1AA1
AAAAAAAAAAAAAAAAAAAAAAAAAAAAAAAAAAAAAAAAAAAAAAAAAAAAAAAAAAAA1AAA
AAAAAAAAAAAAAAAAAAAAAAAAAAAAAAAAAAAAAAAAAAAAAAAAAAAAAAAAAAAAAAAA
AI1I1I1I1I1I1I1I1IIIIIIIIIIIIIIIIIIIIIIIIIIIIIIIIIIIIIIIIIIIIIII
AA1I1I1I1I1I1I1I1IIIIIIIIIIIIIIIIIIIIIIIIIIIIIIIIIIIIIIIIIIIIIII
AAAI1I1I1I1I1I1I1IIIIIIIIIIIIIIIIIIIIIIIIIIIIIIIIIIIIIIIIIIIIIII
AAAA1I1I1I1I1I1I1IIIIIIIIIIIIIIIIIIIIIIIIIIIIIIIIIIIIIIIIIIIIIII
AAAAAI1I1I1I1I1I1I1I1I1IIIIIIIIIIIIIIIIIIIIIIIIIIIIIIIIIIIIIIIII
AAAAAA11111111111111111IIIIIIIIIIIIIIIIIIIIIIIIIIIIIIIIIIIIIIIII
AAAAAA111111111111111111IIIIIIIIIIIIIIIIIIIIIIIIIIIIIIIIIIIIIIII
AAAAAA1A1111111111111111I1IIIIIIIIIIIIIIIIIIIIIIIIIIIIIIIIIIIIII
AAAAAA1AA111111111111111111IIIIIIIIIIIIIIIIIIIIIIIIIIIIIIIIIIIII
AAAAAA1AAA111111111111111111IIIIIIIIIIIIIIIIIIIIIIIIIIIIIIIIIIII
AAAAAAAAAA111111111111111111IIIIIIIIIIIIIIIIIIIIIIIIIIIIIIIIIIII
AAAAAAAAAAA111111111111111111IIIIIIIIIIIIIIIIIIIIIIIIIIIIIIIIIII
AAAAAAAAAAAA111111111111111111IIIIIIIIIIIIIIIIIIIIIIIIIIIIIIIIII
AAAAAAAAAAAA1A1111111111111111I1IIIIIIIIIIIIIIIIIIIIIIIIIIIIIIII
AAAAAAAAAAAA1AA111111111111111111IIIIIIIIIIIIIIIIIIIIIIIIIIIIIII
AAAAAAAAAAAAAAA111111111111111111IIIIIIIIIIIIIIIIIIIIIIIIIIIIIII
AAAAAAAAAAAAAAAA111111111111111111IIIIIIIIIIIIIIIIIIIIIIIIIIIIII
AAAAAAAAAAAAAAAAA111111111111111111IIIIIIIIIIIIIIIIIIIIIIIIIIIII
AAAAAAAAAAAAAAAAAA111111111111111111IIIIIIIIIIIIIIIIIIIIIIIIIIII
AAAAAAAAAAAAAAAAAA1A1111111111111111I1IIIIIIIIIIIIIIIIIIIIIIIIII
AAAAAAAAAAAAAAAAAA1AA111111111111111111IIIIIIIIIIIIIIIIIIIIIIIII
AAAAAAAAAAAAAAAAAA1AAA111111111111111111IIIIIIIIIIIIIIIIIIIIIIII
AAAAAAAAAAAAAAAAAAAAAA111111111111111111IIIIIIIIIIIIIIIIIIIIIIII
AAAAAAAAAAAAAAAAAAAAAAA111111111111111111IIIIIIIIIIIIIIIIIIIIIII
AAAAAAAAAAAAAAAAAAAAAAAA111111111111111111IIIIIIIIIIIIIIIIIIIIII
AAAAAAAAAAAAAAAAAAAAAAAA1A1111111111111111I1IIIIIIIIIIIIIIIIIIII
AAAAAAAAAAAAAAAAAAAAAAAA1AA111111111111111111IIIIIIIIIIIIIIIIIII
AAAAAAAAAAAAAAAAAAAAAAAA1AAA111111111111111111IIIIIIIIIIIIIIIIII
AAAAAAAAAAAAAAAAAAAAAAAAAAAA111111111111111111IIIIIIIIIIIIIIIIII
AAAAAAAAAAAAAAAAAAAAAAAAAAAAA111111111111111111IIIIIIIIIIIIIIIII
AAAAAAAAAAAAAAAAAAAAAAAAAAAAAA111111111111111111IIIIIIIIIIIIIIII
AAAAAAAAAAAAAAAAAAAAAAAAAAAAAA1A1111111111111111I1IIIIIIIIIIIIII
AAAAAAAAAAAAAAAAAAAAAAAAAAAAAA1AA111111111111111111IIIIIIIIIIIII
AAAAAAAAAAAAAAAAAAAAAAAAAAAAAA1AAA111111111111111111IIIIIIIIIIII
AAAAAAAAAAAAAAAAAAAAAAAAAAAAAAAAAA111111111111111111IIIIIIIIIIII
AAAAAAAAAAAAAAAAAAAAAAAAAAAAAAAAAAA111111111111111111IIIIIIIIIII
AAAAAAAAAAAAAAAAAAAAAAAAAAAAAAAAAAAA111111111111111111IIIIIIIIII
AAAAAAAAAAAAAAAAAAAAAAAAAAAAAAAAAAAA1A1111111111111111I1IIIIIIII
AAAAAAAAAAAAAAAAAAAAAAAAAAAAAAAAAAAA1AA111111111111111111IIIIIII
AAAAAAAAAAAAAAAAAAAAAAAAAAAAAAAAAAAA1AAA111111111111111111IIIIII
AAAAAAAAAAAAAAAAAAAAAAAAAAAAAAAAAAAAAAAA111111111111111111IIIIII
AAAAAAAAAAAAAAAAAAAAAAAAAAAAAAAAAAAAAAAAA111111111111111111IIIII
AAAAAAAAAAAAAAAAAAAAAAAAAAAAAAAAAAAAAAAAAA111111111111111111IIII
AAAAAAAAAAAAAAAAAAAAAAAAAAAAAAAAAAAAAAAAAA1A1111111111111111I1II
AAAAAAAAAAAAAAAAAAAAAAAAAAAAAAAAAAAAAAAAAA1AA111111111111111111I
AAAAAAAAAAAAAAAAAAAAAAAAAAAAAAAAAAAAAAAAAA1AAA111111111111111111
AAAAAAAAAAAAAAAAAAAAAAAAAAAAAAAAAAAAAAAAAAAAAA111111111111111111
AAAAAAAAAAAAAAAAAAAAAAAAAAAAAAAAAAAAAAAAAAAAAAA11111111111111111
AAAAAAAAAAAAAAAAAAAAAAAAAAAAAAAAAAAAAAAAAAAAAAAA1111111111111111
AAAAAAAAAAAAAAAAAAAAAAAAAAAAAAAAAAAAAAAAAAAAAAAA1A11111111111111
AAAAAAAAAAAAAAAAAAAAAAAAAAAAAAAAAAAAAAAAAAAAAAAA1AA1111111111111
AAAAAAAAAAAAAAAAAAAAAAAAAAAAAAAAAAAAAAAAAAAAAAAA1AAA111111111111
AAAAAAAAAAAAAAAAAAAAAAAAAAAAAAAAAAAAAAAAAAAAAAAAAAAA111111111111
AAAAAAAAAAAAAAAAAAAAAAAAAAAAAAAAAAAAAAAAAAAAAAAAAAAAA11111111111
AAAAAAAAAAAAAAAAAAAAAAAAAAAAAAAAAAAAAAAAAAAAAAAAAAAAAA1111111111
AAAAAAAAAAAAAAAAAAAAAAAAAAAAAAAAAAAAAAAAAAAAAAAAAAAAAA1A11111111
AAAAAAAAAAAAAAAAAAAAAAAAAAAAAAAAAAAAAAAAAAAAAAAAAAAAAA1AA1111111
AAAAAAAAAAAAAAAAAAAAAAAAAAAAAAAAAAAAAAAAAAAAAAAAAAAAAA1AAA111111
AAAAAAAAAAAAAAAAAAAAAAAAAAAAAAAAAAAAAAAAAAAAAAAAAAAAAAAAAA111111
AAAAAAAAAAAAAAAAAAAAAAAAAAAAAAAAAAAAAAAAAAAAAAAAAAAAAAAAAAA11111
AAAAAAAAAAAAAAAAAAAAAAAAAAAAAAAAAAAAAAAAAAAAAAAAAAAAAAAAAAAA1111
AAAAAAAAAAAAAAAAAAAAAAAAAAAAAAAAAAAAAAAAAAAAAAAAAAAAAAAAAAAA1A11
AAAAAAAAAAAAAAAAAAAAAAAAAAAAAAAAAAAAAAAAAAAAAAAAAAAAAAAAAAAA1AA1
AAAAAAAAAAAAAAAAAAAAAAAAAAAAAAAAAAAAAAAAAAAAAAAAAAAAAAAAAAAA1AAA
AAAAAAAAAAAAAAAAAAAAAAAAAAAAAAAAAAAAAAAAAAAAAAAAAAAAAAAAAAAAAAAA
AIIII11IIII11IIII1IIIIIIIIIIIIIIIIIIIIIIIIIIIIIIIIIIIIIIIIIIIIII
AAIII111III111III11IIIIIIIIIIIIIIIIIIIIIIIIIIIIIIIIIIIIIIIIIIIII
AAAII111III111III11IIIIIIIIIIIIIIIIIIIIIIIIIIIIIIIIIIIIIIIIIIIII
AAAAI111III111III11IIIIIIIIIIIIIIIIIIIIIIIIIIIIIIIIIIIIIIIIIIIII
AAAAA111I11111I1111II1IIIIIIIIIIIIIIIIIIIIIIIIIIIIIIIIIIIIIIIIII
AAAAA111111111111111I1IIIIIIIIIIIIIIIIIIIIIIIIIIIIIIIIIIIIIIIIII
AAAAAA11111111111111I11IIIIIIIIIIIIIIIIIIIIIIIIIIIIIIIIIIIIIIIII
AAAAAA1A111111111111I11I1IIIIIIIIIIIIIIIIIIIIIIIIIIIIIIIIIIIIIII
AAAAAA1AA11111111111111I11IIIIIIIIIIIIIIIIIIIIIIIIIIIIIIIIIIIIII
AAAAAA1AAA1111111111111I111IIIIIIIIIIIIIIIIIIIIIIIIIIIIIIIIIIIII
AAAAAAAAAA11111111111111111IIIIIIIIIIIIIIIIIIIIIIIIIIIIIIIIIIIII
AAAAAAAAAAA11111111111111111IIIIIIIIIIIIIIIIIIIIIIIIIIIIIIIIIIII
AAAAAAAAAAAA11111111111111111IIIIIIIIIIIIIIIIIIIIIIIIIIIIIIIIIII
AAAAAAAAAAAA1A111111111111111I1IIIIIIIIIIIIIIIIIIIIIIIIIIIIIIIII
AAAAAAAAAAAA1AA11111111111111I11IIIIIIIIIIIIIIIIIIIIIIIIIIIIIIII
AAAAAAAAAAAA1AAA1111111111111I111IIIIIIIIIIIIIIIIIIIIIIIIIIIIIII
AAAAAAAAAAAAAAAA11111111111111111IIIIIIIIIIIIIIIIIIIIIIIIIIIIIII
AAAAAAAAAAAAAAAAA11111111111111111IIIIIIIIIIIIIIIIIIIIIIIIIIIIII
AAAAAAAAAAAAAAAAAA11111111111111111IIIIIIIIIIIIIIIIIIIIIIIIIIIII
AAAAAAAAAAAAAAAAAA1A111111111111111I1IIIIIIIIIIIIIIIIIIIIIIIIIII
AAAAAAAAAAAAAAAAAA1AA11111111111111I11IIIIIIIIIIIIIIIIIIIIIIIIII
AAAAAAAAAAAAAAAAAA1AAA1111111111111I111IIIIIIIIIIIIIIIIIIIIIIIII
AAAAAAAAAAAAAAAAAAAAAA11111111111111111IIIIIIIIIIIIIIIIIIIIIIIII
AAAAAAAAAAAAAAAAAAAAAAA11111111111111111IIIIIIIIIIIIIIIIIIIIIIII
AAAAAAAAAAAAAAAAAAAAAAAA11111111111111111IIIIIIIIIIIIIIIIIIIIIII
AAAAAAAAAAAAAAAAAAAAAAAA1A111111111111111I1IIIIIIIIIIIIIIIIIIIII
AAAAAAAAAAAAAAAAAAAAAAAA1AA11111111111111I11IIIIIIIIIIIIIIIIIIII
AAAAAAAAAAAAAAAAAAAAAAAA1AAA1111111111111I111IIIIIIIIIIIIIIIIIII
AAAAAAAAAAAAAAAAAAAAAAAAAAAA11111111111111111IIIIIIIIIIIIIIIIIII
AAAAAAAAAAAAAAAAAAAAAAAAAAAAA11111111111111111IIIIIIIIIIIIIIIIII
AAAAAAAAAAAAAAAAAAAAAAAAAAAAAA11111111111111111IIIIIIIIIIIIIIIII
AAAAAAAAAAAAAAAAAAAAAAAAAAAAAA1A111111111111111I1IIIIIIIIIIIIIII
AAAAAAAAAAAAAAAAAAAAAAAAAAAAAA1AA11111111111111I11IIIIIIIIIIIIII
AAAAAAAAAAAAAAAAAAAAAAAAAAAAAA1AAA1111111111111I111IIIIIIIIIIIII
AAAAAAAAAAAAAAAAAAAAAAAAAAAAAAAAAA11111111111111111IIIIIIIIIIIII
AAAAAAAAAAAAAAAAAAAAAAAAAAAAAAAAAAA11111111111111111IIIIIIIIIIII
AAAAAAAAAAAAAAAAAAAAAAAAAAAAAAAAAAAA11111111111111111IIIIIIIIIII
AAAAAAAAAAAAAAAAAAAAAAAAAAAAAAAAAAAA1A111111111111111I1IIIIIIIII
AAAAAAAAAAAAAAAAAAAAAAAAAAAAAAAAAAAA1AA11111111111111I11IIIIIIII
AAAAAAAAAAAAAAAAAAAAAAAAAAAAAAAAAAAA1AAA1111111111111I111IIIIIII
AAAAAAAAAAAAAAAAAAAAAAAAAAAAAAAAAAAAAAAA11111111111111111IIIIIII
AAAAAAAAAAAAAAAAAAAAAAAAAAAAAAAAAAAAAAAAA11111111111111111IIIIII
AAAAAAAAAAAAAAAAAAAAAAAAAAAAAAAAAAAAAAAAAA11111111111111111IIIII
AAAAAAAAAAAAAAAAAAAAAAAAAAAAAAAAAAAAAAAAAA1A111111111111111I1III
AAAAAAAAAAAAAAAAAAAAAAAAAAAAAAAAAAAAAAAAAA1AA11111111111111I11II
AAAAAAAAAAAAAAAAAAAAAAAAAAAAAAAAAAAAAAAAAA1AAA1111111111111I111I
AAAAAAAAAAAAAAAAAAAAAAAAAAAAAAAAAAAAAAAAAAAAAA11111111111111111I
AAAAAAAAAAAAAAAAAAAAAAAAAAAAAAAAAAAAAAAAAAAAAAA11111111111111111
AAAAAAAAAAAAAAAAAAAAAAAAAAAAAAAAAAAAAAAAAAAAAAAA1111111111111111
AAAAAAAAAAAAAAAAAAAAAAAAAAAAAAAAAAAAAAAAAAAAAAAA1A11111111111111
AAAAAAAAAAAAAAAAAAAAAAAAAAAAAAAAAAAAAAAAAAAAAAAA1AA1111111111111
AAAAAAAAAAAAAAAAAAAAAAAAAAAAAAAAAAAAAAAAAAAAAAAA1AAA111111111111
AAAAAAAAAAAAAAAAAAAAAAAAAAAAAAAAAAAAAAAAAAAAAAAAAAAA111111111111
AAAAAAAAAAAAAAAAAAAAAAAAAAAAAAAAAAAAAAAAAAAAAAAAAAAAA11111111111
AAAAAAAAAAAAAAAAAAAAAAAAAAAAAAAAAAAAAAAAAAAAAAAAAAAAAA1111111111
AAAAAAAAAAAAAAAAAAAAAAAAAAAAAAAAAAAAAAAAAAAAAAAAAAAAAA1A11111111
AAAAAAAAAAAAAAAAAAAAAAAAAAAAAAAAAAAAAAAAAAAAAAAAAAAAAA1AA1111111
AAAAAAAAAAAAAAAAAAAAAAAAAAAAAAAAAAAAAAAAAAAAAAAAAAAAAA1AAA111111
AAAAAAAAAAAAAAAAAAAAAAAAAAAAAAAAAAAAAAAAAAAAAAAAAAAAAAAAAA111111
AAAAAAAAAAAAAAAAAAAAAAAAAAAAAAAAAAAAAAAAAAAAAAAAAAAAAAAAAAA11111
AAAAAAAAAAAAAAAAAAAAAAAAAAAAAAAAAAAAAAAAAAAAAAAAAAAAAAAAAAAA1111
AAAAAAAAAAAAAAAAAAAAAAAAAAAAAAAAAAAAAAAAAAAAAAAAAAAAAAAAAAAAA111
AAAAAAAAAAAAAAAAAAAAAAAAAAAAAAAAAAAAAAAAAAAAAAAAAAAAAAAAAAAAA1A1
AAAAAAAAAAAAAAAAAAAAAAAAAAAAAAAAAAAAAAAAAAAAAAAAAAAAAAAAAAAAA1AA
AAAAAAAAAAAAAAAAAAAAAAAAAAAAAAAAAAAAAAAAAAAAAAAAAAAAAAAAAAAAAAAA
AI1II1111III111IIIIIIIIIIIIIIIIIIIIIIIIIIIIIIIIIIIIIIIIIIIIIIIII
AA1II1111III111IIIIIIIIIIIIIIIIIIIIIIIIIIIIIIIIIIIIIIIIIIIIIIIII
AAAII1111III111IIIIIIIIIIIIIIIIIIIIIIIIIIIIIIIIIIIIIIIIIIIIIIIII
AAAAI1111III111IIIIIIIIIIIIIIIIIIIIIIIIIIIIIIIIIIIIIIIIIIIIIIIII
AAAAA1111111111I111IIIIIIIIIIIIIIIIIIIIIIIIIIIIIIIIIIIIIIIIIIIII
AAAAA11111111111111IIIIIIIIIIIIIIIIIIIIIIIIIIIIIIIIIIIIIIIIIIIII
AAAAAA11111111111111IIIIIIIIIIIIIIIIIIIIIIIIIIIIIIIIIIIIIIIIIIII
AAAAAA1A11111111111111IIIIIIIIIIIIIIIIIIIIIIIIIIIIIIIIIIIIIIIIII
AAAAAA1AA11111111111111IIIIIIIIIIIIIIIIIIIIIIIIIIIIIIIIIIIIIIIII
AAAAAA1AAA11111111111111IIIIIIIIIIIIIIIIIIIIIIIIIIIIIIIIIIIIIIII
AAAAAAAAAA11111111111111IIIIIIIIIIIIIIIIIIIIIIIIIIIIIIIIIIIIIIII
AAAAAAAAAAA11111111111111IIIIIIIIIIIIIIIIIIIIIIIIIIIIIIIIIIIIIII
AAAAAAAAAAAA11111111111111IIIIIIIIIIIIIIIIIIIIIIIIIIIIIIIIIIIIII
AAAAAAAAAAAA1A11111111111111IIIIIIIIIIIIIIIIIIIIIIIIIIIIIIIIIIII
AAAAAAAAAAAA1AA11111111111111IIIIIIIIIIIIIIIIIIIIIIIIIIIIIIIIIII
AAAAAAAAAAAA1AAA11111111111111IIIIIIIIIIIIIIIIIIIIIIIIIIIIIIIIII
AAAAAAAAAAAAAAAA11111111111111IIIIIIIIIIIIIIIIIIIIIIIIIIIIIIIIII
AAAAAAAAAAAAAAAAA11111111111111IIIIIIIIIIIIIIIIIIIIIIIIIIIIIIIII
AAAAAAAAAAAAAAAAAA11111111111111IIIIIIIIIIIIIIIIIIIIIIIIIIIIIIII
AAAAAAAAAAAAAAAAAA1A11111111111111IIIIIIIIIIIIIIIIIIIIIIIIIIIIII
AAAAAAAAAAAAAAAAAA1AA11111111111111IIIIIIIIIIIIIIIIIIIIIIIIIIIII
AAAAAAAAAAAAAAAAAA1AAA11111111111111IIIIIIIIIIIIIIIIIIIIIIIIIIII
AAAAAAAAAAAAAAAAAAAAAA11111111111111IIIIIIIIIIIIIIIIIIIIIIIIIIII
AAAAAAAAAAAAAAAAAAAAAAA11111111111111IIIIIIIIIIIIIIIIIIIIIIIIIII
AAAAAAAAAAAAAAAAAAAAAAAA11111111111111IIIIIIIIIIIIIIIIIIIIIIIIII
AAAAAAAAAAAAAAAAAAAAAAAA1A11111111111111IIIIIIIIIIIIIIIIIIIIIIII
AAAAAAAAAAAAAAAAAAAAAAAA1AA11111111111111IIIIIIIIIIIIIIIIIIIIIII
AAAAAAAAAAAAAAAAAAAAAAAA1AAA11111111111111IIIIIIIIIIIIIIIIIIIIII
AAAAAAAAAAAAAAAAAAAAAAAAAAAA11111111111111IIIIIIIIIIIIIIIIIIIIII
AAAAAAAAAAAAAAAAAAAAAAAAAAAAA11111111111111IIIIIIIIIIIIIIIIIIIII
AAAAAAAAAAAAAAAAAAAAAAAAAAAAAA11111111111111IIIIIIIIIIIIIIIIIIII
AAAAAAAAAAAAAAAAAAAAAAAAAAAAAA1A11111111111111IIIIIIIIIIIIIIIIII
AAAAAAAAAAAAAAAAAAAAAAAAAAAAAA1AA11111111111111IIIIIIIIIIIIIIIII
AAAAAAAAAAAAAAAAAAAAAAAAAAAAAA1AAA11111111111111IIIIIIIIIIIIIIII
AAAAAAAAAAAAAAAAAAAAAAAAAAAAAAAAAA11111111111111IIIIIIIIIIIIIIII
AAAAAAAAAAAAAAAAAAAAAAAAAAAAAAAAAAA11111111111111IIIIIIIIIIIIIII
AAAAAAAAAAAAAAAAAAAAAAAAAAAAAAAAAAAA11111111111111IIIIIIIIIIIIII
AAAAAAAAAAAAAAAAAAAAAAAAAAAAAAAAAAAA1A11111111111111IIIIIIIIIIII
AAAAAAAAAAAAAAAAAAAAAAAAAAAAAAAAAAAA1AA11111111111111IIIIIIIIIII
AAAAAAAAAAAAAAAAAAAAAAAAAAAAAAAAAAAA1AAA11111111111111IIIIIIIIII
AAAAAAAAAAAAAAAAAAAAAAAAAAAAAAAAAAAAAAAA11111111111111IIIIIIIIII
AAAAAAAAAAAAAAAAAAAAAAAAAAAAAAAAAAAAAAAAA11111111111111IIIIIIIII
AAAAAAAAAAAAAAAAAAAAAAAAAAAAAAAAAAAAAAAAAA11111111111111IIIIIIII
AAAAAAAAAAAAAAAAAAAAAAAAAAAAAAAAAAAAAAAAAA1A11111111111111IIIIII
AAAAAAAAAAAAAAAAAAAAAAAAAAAAAAAAAAAAAAAAAA1AA11111111111111IIIII
AAAAAAAAAAAAAAAAAAAAAAAAAAAAAAAAAAAAAAAAAA1AAA11111111111111IIII
AAAAAAAAAAAAAAAAAAAAAAAAAAAAAAAAAAAAAAAAAAAAAA11111111111111IIII
AAAAAAAAAAAAAAAAAAAAAAAAAAAAAAAAAAAAAAAAAAAAAAA11111111111111III
AAAAAAAAAAAAAAAAAAAAAAAAAAAAAAAAAAAAAAAAAAAAAAAA11111111111111II
AAAAAAAAAAAAAAAAAAAAAAAAAAAAAAAAAAAAAAAAAAAAAAAAA11111111111111I
AAAAAAAAAAAAAAAAAAAAAAAAAAAAAAAAAAAAAAAAAAAAAAAAA1A1111111111111
AAAAAAAAAAAAAAAAAAAAAAAAAAAAAAAAAAAAAAAAAAAAAAAAA1AA111111111111
AAAAAAAAAAAAAAAAAAAAAAAAAAAAAAAAAAAAAAAAAAAAAAAAAAAA111111111111
AAAAAAAAAAAAAAAAAAAAAAAAAAAAAAAAAAAAAAAAAAAAAAAAAAAAA11111111111
AAAAAAAAAAAAAAAAAAAAAAAAAAAAAAAAAAAAAAAAAAAAAAAAAAAAAA1111111111
AAAAAAAAAAAAAAAAAAAAAAAAAAAAAAAAAAAAAAAAAAAAAAAAAAAAAA1A11111111
AAAAAAAAAAAAAAAAAAAAAAAAAAAAAAAAAAAAAAAAAAAAAAAAAAAAAA1AA1111111
AAAAAAAAAAAAAAAAAAAAAAAAAAAAAAAAAAAAAAAAAAAAAAAAAAAAAA1AAA111111
AAAAAAAAAAAAAAAAAAAAAAAAAAAAAAAAAAAAAAAAAAAAAAAAAAAAAAAAAA111111
AAAAAAAAAAAAAAAAAAAAAAAAAAAAAAAAAAAAAAAAAAAAAAAAAAAAAAAAAAA11111
AAAAAAAAAAAAAAAAAAAAAAAAAAAAAAAAAAAAAAAAAAAAAAAAAAAAAAAAAAAA1111
AAAAAAAAAAAAAAAAAAAAAAAAAAAAAAAAAAAAAAAAAAAAAAAAAAAAAAAAAAAA1A11
AAAAAAAAAAAAAAAAAAAAAAAAAAAAAAAAAAAAAAAAAAAAAAAAAAAAAAAAAAAA1AA1
AAAAAAAAAAAAAAAAAAAAAAAAAAAAAAAAAAAAAAAAAAAAAAAAAAAAAAAAAAAA1AAA
AAAAAAAAAAAAAAAAAAAAAAAAAAAAAAAAAAAAAAAAAAAAAAAAAAAAAAAAAAAAAAAA
AI1II11I1II1111IIIIIIIIIIIIIIIIIIIIIIIIIIIIIIIIIIIIIIIIIIIIIIIII
AA1II11I1II1111IIIIIIIIIIIIIIIIIIIIIIIIIIIIIIIIIIIIIIIIIIIIIIIII
AAAII11I1II1111IIIIIIIIIIIIIIIIIIIIIIIIIIIIIIIIIIIIIIIIIIIIIIIII
AAAAI11I1II1111IIIIIIIIIIIIIIIIIIIIIIIIIIIIIIIIIIIIIIIIIIIIIIIII
AAAAA11I11111111111IIIIIIIIIIIIIIIIIIIIIIIIIIIIIIIIIIIIIIIIIIIII
AAAAA11111111111111IIIIIIIIIIIIIIIIIIIIIIIIIIIIIIIIIIIIIIIIIIIII
AAAAAA11111111111111IIIIIIIIIIIIIIIIIIIIIIIIIIIIIIIIIIIIIIIIIIII
AAAAAA1A11111111111111IIIIIIIIIIIIIIIIIIIIIIIIIIIIIIIIIIIIIIIIII
AAAAAA1AA11111111111111IIIIIIIIIIIIIIIIIIIIIIIIIIIIIIIIIIIIIIIII
AAAAAA1AAA11111111111111IIIIIIIIIIIIIIIIIIIIIIIIIIIIIIIIIIIIIIII
AAAAAAAAAA11111111111111IIIIIIIIIIIIIIIIIIIIIIIIIIIIIIIIIIIIIIII
AAAAAAAAAAA11111111111111IIIIIIIIIIIIIIIIIIIIIIIIIIIIIIIIIIIIIII
AAAAAAAAAAAA11111111111111IIIIIIIIIIIIIIIIIIIIIIIIIIIIIIIIIIIIII
AAAAAAAAAAAA1A11111111111111IIIIIIIIIIIIIIIIIIIIIIIIIIIIIIIIIIII
AAAAAAAAAAAA1AA11111111111111IIIIIIIIIIIIIIIIIIIIIIIIIIIIIIIIIII
AAAAAAAAAAAA1AAA11111111111111IIIIIIIIIIIIIIIIIIIIIIIIIIIIIIIIII
AAAAAAAAAAAAAAAA11111111111111IIIIIIIIIIIIIIIIIIIIIIIIIIIIIIIIII
AAAAAAAAAAAAAAAAA11111111111111IIIIIIIIIIIIIIIIIIIIIIIIIIIIIIIII
AAAAAAAAAAAAAAAAAA11111111111111IIIIIIIIIIIIIIIIIIIIIIIIIIIIIIII
AAAAAAAAAAAAAAAAAA1A11111111111111IIIIIIIIIIIIIIIIIIIIIIIIIIIIII
AAAAAAAAAAAAAAAAAA1AA11111111111111IIIIIIIIIIIIIIIIIIIIIIIIIIIII
AAAAAAAAAAAAAAAAAA1AAA11111111111111IIIIIIIIIIIIIIIIIIIIIIIIIIII
AAAAAAAAAAAAAAAAAAAAAA11111111111111IIIIIIIIIIIIIIIIIIIIIIIIIIII
AAAAAAAAAAAAAAAAAAAAAAA11111111111111IIIIIIIIIIIIIIIIIIIIIIIIIII
AAAAAAAAAAAAAAAAAAAAAAAA11111111111111IIIIIIIIIIIIIIIIIIIIIIIIII
AAAAAAAAAAAAAAAAAAAAAAAA1A11111111111111IIIIIIIIIIIIIIIIIIIIIIII
AAAAAAAAAAAAAAAAAAAAAAAA1AA11111111111111IIIIIIIIIIIIIIIIIIIIIII
AAAAAAAAAAAAAAAAAAAAAAAA1AAA11111111111111IIIIIIIIIIIIIIIIIIIIII
AAAAAAAAAAAAAAAAAAAAAAAAAAAA11111111111111IIIIIIIIIIIIIIIIIIIIII
AAAAAAAAAAAAAAAAAAAAAAAAAAAAA11111111111111IIIIIIIIIIIIIIIIIIIII
AAAAAAAAAAAAAAAAAAAAAAAAAAAAAA11111111111111IIIIIIIIIIIIIIIIIIII
AAAAAAAAAAAAAAAAAAAAAAAAAAAAAA1A11111111111111IIIIIIIIIIIIIIIIII
AAAAAAAAAAAAAAAAAAAAAAAAAAAAAA1AA11111111111111IIIIIIIIIIIIIIIII
AAAAAAAAAAAAAAAAAAAAAAAAAAAAAA1AAA11111111111111IIIIIIIIIIIIIIII
AAAAAAAAAAAAAAAAAAAAAAAAAAAAAAAAAA11111111111111IIIIIIIIIIIIIIII
AAAAAAAAAAAAAAAAAAAAAAAAAAAAAAAAAAA11111111111111IIIIIIIIIIIIIII
AAAAAAAAAAAAAAAAAAAAAAAAAAAAAAAAAAAA11111111111111IIIIIIIIIIIIII
AAAAAAAAAAAAAAAAAAAAAAAAAAAAAAAAAAAA1A11111111111111IIIIIIIIIIII
AAAAAAAAAAAAAAAAAAAAAAAAAAAAAAAAAAAA1AA11111111111111IIIIIIIIIII
AAAAAAAAAAAAAAAAAAAAAAAAAAAAAAAAAAAA1AAA11111111111111IIIIIIIIII
AAAAAAAAAAAAAAAAAAAAAAAAAAAAAAAAAAAAAAAA11111111111111IIIIIIIIII
AAAAAAAAAAAAAAAAAAAAAAAAAAAAAAAAAAAAAAAAA11111111111111IIIIIIIII
AAAAAAAAAAAAAAAAAAAAAAAAAAAAAAAAAAAAAAAAAA11111111111111IIIIIIII
AAAAAAAAAAAAAAAAAAAAAAAAAAAAAAAAAAAAAAAAAA1A11111111111111IIIIII
AAAAAAAAAAAAAAAAAAAAAAAAAAAAAAAAAAAAAAAAAA1AA11111111111111IIIII
AAAAAAAAAAAAAAAAAAAAAAAAAAAAAAAAAAAAAAAAAA1AAA11111111111111IIII
AAAAAAAAAAAAAAAAAAAAAAAAAAAAAAAAAAAAAAAAAAAAAA11111111111111IIII
AAAAAAAAAAAAAAAAAAAAAAAAAAAAAAAAAAAAAAAAAAAAAAA11111111111111III
AAAAAAAAAAAAAAAAAAAAAAAAAAAAAAAAAAAAAAAAAAAAAAAA11111111111111II
AAAAAAAAAAAAAAAAAAAAAAAAAAAAAAAAAAAAAAAAAAAAAAAA1A11111111111111
AAAAAAAAAAAAAAAAAAAAAAAAAAAAAAAAAAAAAAAAAAAAAAAA1AA1111111111111
AAAAAAAAAAAAAAAAAAAAAAAAAAAAAAAAAAAAAAAAAAAAAAAA1AAA111111111111
AAAAAAAAAAAAAAAAAAAAAAAAAAAAAAAAAAAAAAAAAAAAAAAAAAAA111111111111
AAAAAAAAAAAAAAAAAAAAAAAAAAAAAAAAAAAAAAAAAAAAAAAAAAAAA11111111111
AAAAAAAAAAAAAAAAAAAAAAAAAAAAAAAAAAAAAAAAAAAAAAAAAAAAAA1111111111
AAAAAAAAAAAAAAAAAAAAAAAAAAAAAAAAAAAAAAAAAAAAAAAAAAAAAA1A11111111
AAAAAAAAAAAAAAAAAAAAAAAAAAAAAAAAAAAAAAAAAAAAAAAAAAAAAA1AA1111111
AAAAAAAAAAAAAAAAAAAAAAAAAAAAAAAAAAAAAAAAAAAAAAAAAAAAAA1AAA111111
AAAAAAAAAAAAAAAAAAAAAAAAAAAAAAAAAAAAAAAAAAAAAAAAAAAAAAAAAA111111
AAAAAAAAAAAAAAAAAAAAAAAAAAAAAAAAAAAAAAAAAAAAAAAAAAAAAAAAAAA11111
AAAAAAAAAAAAAAAAAAAAAAAAAAAAAAAAAAAAAAAAAAAAAAAAAAAAAAAAAAAA1111
AAAAAAAAAAAAAAAAAAAAAAAAAAAAAAAAAAAAAAAAAAAAAAAAAAAAAAAAAAAA1A11
AAAAAAAAAAAAAAAAAAAAAAAAAAAAAAAAAAAAAAAAAAAAAAAAAAAAAAAAAAAA1AA1
AAAAAAAAAAAAAAAAAAAAAAAAAAAAAAAAAAAAAAAAAAAAAAAAAAAAAAAAAAAA1AAA
AAAAAAAAAAAAAAAAAAAAAAAAAAAAAAAAAAAAAAAAAAAAAAAAAAAAAAAAAAAAAAAA
AI1II11I1III1I1IIIIIIIIIIIIIIIIIIIIIIIIIIIIIIIIIIIIIIIIIIIIIIIII
AA11I1111III1I1IIIIIIIIIIIIIIIIIIIIIIIIIIIIIIIIIIIIIIIIIIIIIIIII
AAA1I1111III1I1IIIIIIIIIIIIIIIIIIIIIIIIIIIIIIIIIIIIIIIIIIIIIIIII
AAAAI1111III1I1IIIIIIIIIIIIIIIIIIIIIIIIIIIIIIIIIIIIIIIIIIIIIIIII
AAAAA111111I1I1I1I1IIIIIIIIIIIIIIIIIIIIIIIIIIIIIIIIIIIIIIIIIIIII
AAAAAA111111111I1111IIIIIIIIIIIIIIIIIIIIIIIIIIIIIIIIIIIIIIIIIIII
AAAAAA1A111111111111I1IIIIIIIIIIIIIIIIIIIIIIIIIIIIIIIIIIIIIIIIII
AAAAAA1AA11111111111111IIIIIIIIIIIIIIIIIIIIIIIIIIIIIIIIIIIIIIIII
AAAAAA1AAA11111111111111IIIIIIIIIIIIIIIIIIIIIIIIIIIIIIIIIIIIIIII
AAAAAAAAAA11111111111111IIIIIIIIIIIIIIIIIIIIIIIIIIIIIIIIIIIIIIII
AAAAAAAAAAA11111111111111IIIIIIIIIIIIIIIIIIIIIIIIIIIIIIIIIIIIIII
AAAAAAAAAAAA11111111111111IIIIIIIIIIIIIIIIIIIIIIIIIIIIIIIIIIIIII
AAAAAAAAAAAA1A111111111111I1IIIIIIIIIIIIIIIIIIIIIIIIIIIIIIIIIIII
AAAAAAAAAAAA1AA11111111111111IIIIIIIIIIIIIIIIIIIIIIIIIIIIIIIIIII
AAAAAAAAAAAA1AAA11111111111111IIIIIIIIIIIIIIIIIIIIIIIIIIIIIIIIII
AAAAAAAAAAAAAAAA11111111111111IIIIIIIIIIIIIIIIIIIIIIIIIIIIIIIIII
AAAAAAAAAAAAAAAAA11111111111111IIIIIIIIIIIIIIIIIIIIIIIIIIIIIIIII
AAAAAAAAAAAAAAAAAA11111111111111IIIIIIIIIIIIIIIIIIIIIIIIIIIIIIII
AAAAAAAAAAAAAAAAAA1A111111111111I1IIIIIIIIIIIIIIIIIIIIIIIIIIIIII
AAAAAAAAAAAAAAAAAA1AA11111111111111IIIIIIIIIIIIIIIIIIIIIIIIIIIII
AAAAAAAAAAAAAAAAAA1AAA11111111111111IIIIIIIIIIIIIIIIIIIIIIIIIIII
AAAAAAAAAAAAAAAAAAAAAA11111111111111IIIIIIIIIIIIIIIIIIIIIIIIIIII
AAAAAAAAAAAAAAAAAAAAAAA11111111111111IIIIIIIIIIIIIIIIIIIIIIIIIII
AAAAAAAAAAAAAAAAAAAAAAAA11111111111111IIIIIIIIIIIIIIIIIIIIIIIIII
AAAAAAAAAAAAAAAAAAAAAAAA1A111111111111I1IIIIIIIIIIIIIIIIIIIIIIII
AAAAAAAAAAAAAAAAAAAAAAAA1AA11111111111111IIIIIIIIIIIIIIIIIIIIIII
AAAAAAAAAAAAAAAAAAAAAAAA1AAA11111111111111IIIIIIIIIIIIIIIIIIIIII
AAAAAAAAAAAAAAAAAAAAAAAAAAAA11111111111111IIIIIIIIIIIIIIIIIIIIII
AAAAAAAAAAAAAAAAAAAAAAAAAAAAA11111111111111IIIIIIIIIIIIIIIIIIIII
AAAAAAAAAAAAAAAAAAAAAAAAAAAAAA11111111111111IIIIIIIIIIIIIIIIIIII
AAAAAAAAAAAAAAAAAAAAAAAAAAAAAA1A111111111111I1IIIIIIIIIIIIIIIIII
AAAAAAAAAAAAAAAAAAAAAAAAAAAAAA1AA11111111111111IIIIIIIIIIIIIIIII
AAAAAAAAAAAAAAAAAAAAAAAAAAAAAA1AAA11111111111111IIIIIIIIIIIIIIII
AAAAAAAAAAAAAAAAAAAAAAAAAAAAAAAAAA11111111111111IIIIIIIIIIIIIIII
AAAAAAAAAAAAAAAAAAAAAAAAAAAAAAAAAAA11111111111111IIIIIIIIIIIIIII
AAAAAAAAAAAAAAAAAAAAAAAAAAAAAAAAAAAA11111111111111IIIIIIIIIIIIII
AAAAAAAAAAAAAAAAAAAAAAAAAAAAAAAAAAAA1A111111111111I1IIIIIIIIIIII
AAAAAAAAAAAAAAAAAAAAAAAAAAAAAAAAAAAA1AA11111111111111IIIIIIIIIII
AAAAAAAAAAAAAAAAAAAAAAAAAAAAAAAAAAAA1AAA11111111111111IIIIIIIIII
AAAAAAAAAAAAAAAAAAAAAAAAAAAAAAAAAAAAAAAA11111111111111IIIIIIIIII
AAAAAAAAAAAAAAAAAAAAAAAAAAAAAAAAAAAAAAAAA11111111111111IIIIIIIII
AAAAAAAAAAAAAAAAAAAAAAAAAAAAAAAAAAAAAAAAAA11111111111111IIIIIIII
AAAAAAAAAAAAAAAAAAAAAAAAAAAAAAAAAAAAAAAAAA1A111111111111I1IIIIII
AAAAAAAAAAAAAAAAAAAAAAAAAAAAAAAAAAAAAAAAAA1AA11111111111111IIIII
AAAAAAAAAAAAAAAAAAAAAAAAAAAAAAAAAAAAAAAAAA1AAA11111111111111IIII
AAAAAAAAAAAAAAAAAAAAAAAAAAAAAAAAAAAAAAAAAAAAAA11111111111111IIII
AAAAAAAAAAAAAAAAAAAAAAAAAAAAAAAAAAAAAAAAAAAAAAA11111111111111III
AAAAAAAAAAAAAAAAAAAAAAAAAAAAAAAAAAAAAAAAAAAAAAAA11111111111111II
AAAAAAAAAAAAAAAAAAAAAAAAAAAAAAAAAAAAAAAAAAAAAAAA1A111111111111I1
AAAAAAAAAAAAAAAAAAAAAAAAAAAAAAAAAAAAAAAAAAAAAAAA1AA1111111111111
AAAAAAAAAAAAAAAAAAAAAAAAAAAAAAAAAAAAAAAAAAAAAAAA1AAA111111111111
AAAAAAAAAAAAAAAAAAAAAAAAAAAAAAAAAAAAAAAAAAAAAAAAAAAA111111111111
AAAAAAAAAAAAAAAAAAAAAAAAAAAAAAAAAAAAAAAAAAAAAAAAAAAAA11111111111
AAAAAAAAAAAAAAAAAAAAAAAAAAAAAAAAAAAAAAAAAAAAAAAAAAAAAA1111111111
AAAAAAAAAAAAAAAAAAAAAAAAAAAAAAAAAAAAAAAAAAAAAAAAAAAAAA1A11111111
AAAAAAAAAAAAAAAAAAAAAAAAAAAAAAAAAAAAAAAAAAAAAAAAAAAAAA1AA1111111
AAAAAAAAAAAAAAAAAAAAAAAAAAAAAAAAAAAAAAAAAAAAAAAAAAAAAA1AAA111111
AAAAAAAAAAAAAAAAAAAAAAAAAAAAAAAAAAAAAAAAAAAAAAAAAAAAAAAAAA111111
AAAAAAAAAAAAAAAAAAAAAAAAAAAAAAAAAAAAAAAAAAAAAAAAAAAAAAAAAAA11111
AAAAAAAAAAAAAAAAAAAAAAAAAAAAAAAAAAAAAAAAAAAAAAAAAAAAAAAAAAAA1111
AAAAAAAAAAAAAAAAAAAAAAAAAAAAAAAAAAAAAAAAAAAAAAAAAAAAAAAAAAAA1A11
AAAAAAAAAAAAAAAAAAAAAAAAAAAAAAAAAAAAAAAAAAAAAAAAAAAAAAAAAAAA1AA1
AAAAAAAAAAAAAAAAAAAAAAAAAAAAAAAAAAAAAAAAAAAAAAAAAAAAAAAAAAAA1AAA
AAAAAAAAAAAAAAAAAAAAAAAAAAAAAAAAAAAAAAAAAAAAAAAAAAAAAAAAAAAAAAAA
AI1I111I1II11I1IIIIIIIIIIIIIIIIIIIIIIIIIIIIIIIIIIIIIIIIIIIIIIIII
AA1I111I1II11I1IIIIIIIIIIIIIIIIIIIIIIIIIIIIIIIIIIIIIIIIIIIIIIIII
AAAI111I1II11I1IIIIIIIIIIIIIIIIIIIIIIIIIIIIIIIIIIIIIIIIIIIIIIIII
AAAA111I1II11I1IIIIIIIIIIIIIIIIIIIIIIIIIIIIIIIIIIIIIIIIIIIIIIIII
AAAAA11I11111I111I1IIIIIIIIIIIIIIIIIIIIIIIIIIIIIIIIIIIIIIIIIIIII
AAAAA111111111111I1IIIIIIIIIIIIIIIIIIIIIIIIIIIIIIIIIIIIIIIIIIIII
AAAAAA11111111111111IIIIIIIIIIIIIIIIIIIIIIIIIIIIIIIIIIIIIIIIIIII
AAAAAA1A111111111111I1IIIIIIIIIIIIIIIIIIIIIIIIIIIIIIIIIIIIIIIIII
AAAAAA1AA11111111111111IIIIIIIIIIIIIIIIIIIIIIIIIIIIIIIIIIIIIIIII
AAAAAA1AAA11111111111111IIIIIIIIIIIIIIIIIIIIIIIIIIIIIIIIIIIIIIII
AAAAAAAAAA11111111111111IIIIIIIIIIIIIIIIIIIIIIIIIIIIIIIIIIIIIIII
AAAAAAAAAAA11111111111111IIIIIIIIIIIIIIIIIIIIIIIIIIIIIIIIIIIIIII
AAAAAAAAAAAA11111111111111IIIIIIIIIIIIIIIIIIIIIIIIIIIIIIIIIIIIII
AAAAAAAAAAAA1A111111111111I1IIIIIIIIIIIIIIIIIIIIIIIIIIIIIIIIIIII
AAAAAAAAAAAA1AA11111111111111IIIIIIIIIIIIIIIIIIIIIIIIIIIIIIIIIII
AAAAAAAAAAAA1AAA11111111111111IIIIIIIIIIIIIIIIIIIIIIIIIIIIIIIIII
AAAAAAAAAAAAAAAA11111111111111IIIIIIIIIIIIIIIIIIIIIIIIIIIIIIIIII
AAAAAAAAAAAAAAAAA11111111111111IIIIIIIIIIIIIIIIIIIIIIIIIIIIIIIII
AAAAAAAAAAAAAAAAAA11111111111111IIIIIIIIIIIIIIIIIIIIIIIIIIIIIIII
AAAAAAAAAAAAAAAAAA1A111111111111I1IIIIIIIIIIIIIIIIIIIIIIIIIIIIII
AAAAAAAAAAAAAAAAAA1AA11111111111111IIIIIIIIIIIIIIIIIIIIIIIIIIIII
AAAAAAAAAAAAAAAAAA1AAA11111111111111IIIIIIIIIIIIIIIIIIIIIIIIIIII
AAAAAAAAAAAAAAAAAAAAAA11111111111111IIIIIIIIIIIIIIIIIIIIIIIIIIII
AAAAAAAAAAAAAAAAAAAAAAA11111111111111IIIIIIIIIIIIIIIIIIIIIIIIIII
AAAAAAAAAAAAAAAAAAAAAAAA11111111111111IIIIIIIIIIIIIIIIIIIIIIIIII
AAAAAAAAAAAAAAAAAAAAAAAA1A111111111111I1IIIIIIIIIIIIIIIIIIIIIIII
AAAAAAAAAAAAAAAAAAAAAAAA1AA11111111111111IIIIIIIIIIIIIIIIIIIIIII
AAAAAAAAAAAAAAAAAAAAAAAA1AAA11111111111111IIIIIIIIIIIIIIIIIIIIII
AAAAAAAAAAAAAAAAAAAAAAAAAAAA11111111111111IIIIIIIIIIIIIIIIIIIIII
AAAAAAAAAAAAAAAAAAAAAAAAAAAAA11111111111111IIIIIIIIIIIIIIIIIIIII
AAAAAAAAAAAAAAAAAAAAAAAAAAAAAA11111111111111IIIIIIIIIIIIIIIIIIII
AAAAAAAAAAAAAAAAAAAAAAAAAAAAAA1A111111111111I1IIIIIIIIIIIIIIIIII
AAAAAAAAAAAAAAAAAAAAAAAAAAAAAA1AA11111111111111IIIIIIIIIIIIIIIII
AAAAAAAAAAAAAAAAAAAAAAAAAAAAAA1AAA11111111111111IIIIIIIIIIIIIIII
AAAAAAAAAAAAAAAAAAAAAAAAAAAAAAAAAA11111111111111IIIIIIIIIIIIIIII
AAAAAAAAAAAAAAAAAAAAAAAAAAAAAAAAAAA11111111111111IIIIIIIIIIIIIII
AAAAAAAAAAAAAAAAAAAAAAAAAAAAAAAAAAAA11111111111111IIIIIIIIIIIIII
AAAAAAAAAAAAAAAAAAAAAAAAAAAAAAAAAAAA1A111111111111I1IIIIIIIIIIII
AAAAAAAAAAAAAAAAAAAAAAAAAAAAAAAAAAAA1AA11111111111111IIIIIIIIIII
AAAAAAAAAAAAAAAAAAAAAAAAAAAAAAAAAAAA1AAA11111111111111IIIIIIIIII
AAAAAAAAAAAAAAAAAAAAAAAAAAAAAAAAAAAAAAAA11111111111111IIIIIIIIII
AAAAAAAAAAAAAAAAAAAAAAAAAAAAAAAAAAAAAAAAA11111111111111IIIIIIIII
AAAAAAAAAAAAAAAAAAAAAAAAAAAAAAAAAAAAAAAAAA11111111111111IIIIIIII
AAAAAAAAAAAAAAAAAAAAAAAAAAAAAAAAAAAAAAAAAA1A111111111111I1IIIIII
AAAAAAAAAAAAAAAAAAAAAAAAAAAAAAAAAAAAAAAAAA1AA11111111111111IIIII
AAAAAAAAAAAAAAAAAAAAAAAAAAAAAAAAAAAAAAAAAA1AAA11111111111111IIII
AAAAAAAAAAAAAAAAAAAAAAAAAAAAAAAAAAAAAAAAAAAAAA11111111111111IIII
AAAAAAAAAAAAAAAAAAAAAAAAAAAAAAAAAAAAAAAAAAAAAAA11111111111111III
AAAAAAAAAAAAAAAAAAAAAAAAAAAAAAAAAAAAAAAAAAAAAAAA11111111111111II
AAAAAAAAAAAAAAAAAAAAAAAAAAAAAAAAAAAAAAAAAAAAAAAA1A111111111111I1
AAAAAAAAAAAAAAAAAAAAAAAAAAAAAAAAAAAAAAAAAAAAAAAA1AA1111111111111
AAAAAAAAAAAAAAAAAAAAAAAAAAAAAAAAAAAAAAAAAAAAAAAA1AAA111111111111
AAAAAAAAAAAAAAAAAAAAAAAAAAAAAAAAAAAAAAAAAAAAAAAAAAAA111111111111
AAAAAAAAAAAAAAAAAAAAAAAAAAAAAAAAAAAAAAAAAAAAAAAAAAAAA11111111111
AAAAAAAAAAAAAAAAAAAAAAAAAAAAAAAAAAAAAAAAAAAAAAAAAAAAAA1111111111
AAAAAAAAAAAAAAAAAAAAAAAAAAAAAAAAAAAAAAAAAAAAAAAAAAAAAA1A11111111
AAAAAAAAAAAAAAAAAAAAAAAAAAAAAAAAAAAAAAAAAAAAAAAAAAAAAA1AA1111111
AAAAAAAAAAAAAAAAAAAAAAAAAAAAAAAAAAAAAAAAAAAAAAAAAAAAAA1AAA111111
AAAAAAAAAAAAAAAAAAAAAAAAAAAAAAAAAAAAAAAAAAAAAAAAAAAAAAAAAA111111
AAAAAAAAAAAAAAAAAAAAAAAAAAAAAAAAAAAAAAAAAAAAAAAAAAAAAAAAAAA11111
AAAAAAAAAAAAAAAAAAAAAAAAAAAAAAAAAAAAAAAAAAAAAAAAAAAAAAAAAAAA1111
AAAAAAAAAAAAAAAAAAAAAAAAAAAAAAAAAAAAAAAAAAAAAAAAAAAAAAAAAAAA1A11
AAAAAAAAAAAAAAAAAAAAAAAAAAAAAAAAAAAAAAAAAAAAAAAAAAAAAAAAAAAA1AA1
AAAAAAAAAAAAAAAAAAAAAAAAAAAAAAAAAAAAAAAAAAAAAAAAAAAAAAAAAAAA1AAA
AAAAAAAAAAAAAAAAAAAAAAAAAAAAAAAAAAAAAAAAAAAAAAAAAAAAAAAAAAAAAAAA
AIIII11IIII11IIII1IIIIIIIIIIIIIIIIIIIIIIIIIIIIIIIIIIIIIIIIIIIIII
AAIII111III111III11IIIIIIIIIIIIIIIIIIIIIIIIIIIIIIIIIIIIIIIIIIIII
AAAII111III111III11IIIIIIIIIIIIIIIIIIIIIIIIIIIIIIIIIIIIIIIIIIIII
AAAAI111III111III11IIIIIIIIIIIIIIIIIIIIIIIIIIIIIIIIIIIIIIIIIIIII
AAAAA111I11111I1111II1IIIIIIIIIIIIIIIIIIIIIIIIIIIIIIIIIIIIIIIIII
AAAAA111111111111111I1IIIIIIIIIIIIIIIIIIIIIIIIIIIIIIIIIIIIIIIIII
AAAAAA11111111111111I11IIIIIIIIIIIIIIIIIIIIIIIIIIIIIIIIIIIIIIIII
AAAAAA1A111111111111I11I1IIIIIIIIIIIIIIIIIIIIIIIIIIIIIIIIIIIIIII
AAAAAA1AA11111111111111I11IIIIIIIIIIIIIIIIIIIIIIIIIIIIIIIIIIIIII
AAAAAA1AAA1111111111111I111IIIIIIIIIIIIIIIIIIIIIIIIIIIIIIIIIIIII
AAAAAAAAAA11111111111111111IIIIIIIIIIIIIIIIIIIIIIIIIIIIIIIIIIIII
AAAAAAAAAAA11111111111111111IIIIIIIIIIIIIIIIIIIIIIIIIIIIIIIIIIII
AAAAAAAAAAAA11111111111111111IIIIIIIIIIIIIIIIIIIIIIIIIIIIIIIIIII
AAAAAAAAAAAA1A111111111111111I1IIIIIIIIIIIIIIIIIIIIIIIIIIIIIIIII
AAAAAAAAAAAA1AA11111111111111I11IIIIIIIIIIIIIIIIIIIIIIIIIIIIIIII
AAAAAAAAAAAA1AAA1111111111111I111IIIIIIIIIIIIIIIIIIIIIIIIIIIIIII
AAAAAAAAAAAAAAAA11111111111111111IIIIIIIIIIIIIIIIIIIIIIIIIIIIIII
AAAAAAAAAAAAAAAAA11111111111111111IIIIIIIIIIIIIIIIIIIIIIIIIIIIII
AAAAAAAAAAAAAAAAAA11111111111111111IIIIIIIIIIIIIIIIIIIIIIIIIIIII
AAAAAAAAAAAAAAAAAA1A111111111111111I1IIIIIIIIIIIIIIIIIIIIIIIIIII
AAAAAAAAAAAAAAAAAA1AA11111111111111I11IIIIIIIIIIIIIIIIIIIIIIIIII
AAAAAAAAAAAAAAAAAA1AAA1111111111111I111IIIIIIIIIIIIIIIIIIIIIIIII
AAAAAAAAAAAAAAAAAAAAAA11111111111111111IIIIIIIIIIIIIIIIIIIIIIIII
AAAAAAAAAAAAAAAAAAAAAAA11111111111111111IIIIIIIIIIIIIIIIIIIIIIII
AAAAAAAAAAAAAAAAAAAAAAAA11111111111111111IIIIIIIIIIIIIIIIIIIIIII
AAAAAAAAAAAAAAAAAAAAAAAA1A111111111111111I1IIIIIIIIIIIIIIIIIIIII
AAAAAAAAAAAAAAAAAAAAAAAA1AA11111111111111I11IIIIIIIIIIIIIIIIIIII
AAAAAAAAAAAAAAAAAAAAAAAA1AAA1111111111111I111IIIIIIIIIIIIIIIIIII
AAAAAAAAAAAAAAAAAAAAAAAAAAAA11111111111111111IIIIIIIIIIIIIIIIIII
AAAAAAAAAAAAAAAAAAAAAAAAAAAAA11111111111111111IIIIIIIIIIIIIIIIII
AAAAAAAAAAAAAAAAAAAAAAAAAAAAAA11111111111111111IIIIIIIIIIIIIIIII
AAAAAAAAAAAAAAAAAAAAAAAAAAAAAA1A111111111111111I1IIIIIIIIIIIIIII
AAAAAAAAAAAAAAAAAAAAAAAAAAAAAA1AA11111111111111I11IIIIIIIIIIIIII
AAAAAAAAAAAAAAAAAAAAAAAAAAAAAAAAA11111111111111111IIIIIIIIIIIIII
AAAAAAAAAAAAAAAAAAAAAAAAAAAAAAAAAA11111111111111111IIIIIIIIIIIII
AAAAAAAAAAAAAAAAAAAAAAAAAAAAAAAAAAA11111111111111111IIIIIIIIIIII
AAAAAAAAAAAAAAAAAAAAAAAAAAAAAAAAAAAA11111111111111111IIIIIIIIIII
AAAAAAAAAAAAAAAAAAAAAAAAAAAAAAAAAAAA1A111111111111111I1IIIIIIIII
AAAAAAAAAAAAAAAAAAAAAAAAAAAAAAAAAAAA1AA11111111111111I11IIIIIIII
AAAAAAAAAAAAAAAAAAAAAAAAAAAAAAAAAAAA1AAA1111111111111I111IIIIIII
AAAAAAAAAAAAAAAAAAAAAAAAAAAAAAAAAAAAAAAA11111111111111111IIIIIII
AAAAAAAAAAAAAAAAAAAAAAAAAAAAAAAAAAAAAAAAA11111111111111111IIIIII
AAAAAAAAAAAAAAAAAAAAAAAAAAAAAAAAAAAAAAAAAA11111111111111111IIIII
AAAAAAAAAAAAAAAAAAAAAAAAAAAAAAAAAAAAAAAAAA1A111111111111111I1III
AAAAAAAAAAAAAAAAAAAAAAAAAAAAAAAAAAAAAAAAAA1AA11111111111111I11II
AAAAAAAAAAAAAAAAAAAAAAAAAAAAAAAAAAAAAAAAAA1AAA1111111111111I111I
AAAAAAAAAAAAAAAAAAAAAAAAAAAAAAAAAAAAAAAAAAAAAA11111111111111111I
AAAAAAAAAAAAAAAAAAAAAAAAAAAAAAAAAAAAAAAAAAAAAAA11111111111111111
AAAAAAAAAAAAAAAAAAAAAAAAAAAAAAAAAAAAAAAAAAAAAAAA1111111111111111
AAAAAAAAAAAAAAAAAAAAAAAAAAAAAAAAAAAAAAAAAAAAAAAA1A11111111111111
AAAAAAAAAAAAAAAAAAAAAAAAAAAAAAAAAAAAAAAAAAAAAAAA1AA1111111111111
AAAAAAAAAAAAAAAAAAAAAAAAAAAAAAAAAAAAAAAAAAAAAAAA1AAA111111111111
AAAAAAAAAAAAAAAAAAAAAAAAAAAAAAAAAAAAAAAAAAAAAAAAAAAA111111111111
AAAAAAAAAAAAAAAAAAAAAAAAAAAAAAAAAAAAAAAAAAAAAAAAAAAAA11111111111
AAAAAAAAAAAAAAAAAAAAAAAAAAAAAAAAAAAAAAAAAAAAAAAAAAAAAA1111111111
AAAAAAAAAAAAAAAAAAAAAAAAAAAAAAAAAAAAAAAAAAAAAAAAAAAAAA1A11111111
AAAAAAAAAAAAAAAAAAAAAAAAAAAAAAAAAAAAAAAAAAAAAAAAAAAAAA1AA1111111
AAAAAAAAAAAAAAAAAAAAAAAAAAAAAAAAAAAAAAAAAAAAAAAAAAAAAA1AAA111111
AAAAAAAAAAAAAAAAAAAAAAAAAAAAAAAAAAAAAAAAAAAAAAAAAAAAAAAAAA111111
AAAAAAAAAAAAAAAAAAAAAAAAAAAAAAAAAAAAAAAAAAAAAAAAAAAAAAAAAAA11111
AAAAAAAAAAAAAAAAAAAAAAAAAAAAAAAAAAAAAAAAAAAAAAAAAAAAAAAAAAAA1111
AAAAAAAAAAAAAAAAAAAAAAAAAAAAAAAAAAAAAAAAAAAAAAAAAAAAAAAAAAAA1A11
AAAAAAAAAAAAAAAAAAAAAAAAAAAAAAAAAAAAAAAAAAAAAAAAAAAAAAAAAAAA1AA1
AAAAAAAAAAAAAAAAAAAAAAAAAAAAAAAAAAAAAAAAAAAAAAAAAAAAAAAAAAAA1AAA
AAAAAAAAAAAAAAAAAAAAAAAAAAAAAAAAAAAAAAAAAAAAAAAAAAAAAAAAAAAAAAAA
AIIIII1IIIII1IIIII1IIIIIIIIIIIIIIIIIIIIIIIIIIIIIIIIIIIIIIIIIIIII
AAIIII11IIII11IIII11IIIIIIIIIIIIIIIIIIIIIIIIIIIIIIIIIIIIIIIIIIII
AAAIII111III111III11IIIIIIIIIIIIIIIIIIIIIIIIIIIIIIIIIIIIIIIIIIII
AAAAII111III111III11IIIIIIIIIIIIIIIIIIIIIIIIIIIIIIIIIIIIIIIIIIII
AAAAAI111I1I111I1I11II1IIIIIIIIIIIIIIIIIIIIIIIIIIIIIIIIIIIIIIIII
AAAAAI111I1I111I1I111I1IIIIIIIIIIIIIIIIIIIIIIIIIIIIIIIIIIIIIIIII
AAAAAA111I11111I11111I11IIIIIIIIIIIIIIIIIIIIIIIIIIIIIIIIIIIIIIII
AAAAAA1A1I11111I11111I11I1IIIIIIIIIIIIIIIIIIIIIIIIIIIIIIIIIIIIII
AAAAAA1AAI11111I11111I11I11IIIIIIIIIIIIIIIIIIIIIIIIIIIIIIIIIIIII
AAAAAA1AAA11111111111111I111IIIIIIIIIIIIIIIIIIIIIIIIIIIIIIIIIIII
AAAAAAAAAA111111111111111111IIIIIIIIIIIIIIIIIIIIIIIIIIIIIIIIIIII
AAAAAAAAAAA111111111111111111IIIIIIIIIIIIIIIIIIIIIIIIIIIIIIIIIII
AAAAAAAAAAAA111111111111111111IIIIIIIIIIIIIIIIIIIIIIIIIIIIIIIIII
AAAAAAAAAAAA1A1111111111111111I1IIIIIIIIIIIIIIIIIIIIIIIIIIIIIIII
AAAAAAAAAAAA1AA111111111111111I11IIIIIIIIIIIIIIIIIIIIIIIIIIIIIII
AAAAAAAAAAAA1AAA11111111111111I111IIIIIIIIIIIIIIIIIIIIIIIIIIIIII
AAAAAAAAAAAAAAAA111111111111111111IIIIIIIIIIIIIIIIIIIIIIIIIIIIII
AAAAAAAAAAAAAAAAA111111111111111111IIIIIIIIIIIIIIIIIIIIIIIIIIIII
AAAAAAAAAAAAAAAAAA111111111111111111IIIIIIIIIIIIIIIIIIIIIIIIIIII
AAAAAAAAAAAAAAAAAA1A1111111111111111I1IIIIIIIIIIIIIIIIIIIIIIIIII
AAAAAAAAAAAAAAAAAA1AA111111111111111I11IIIIIIIIIIIIIIIIIIIIIIIII
AAAAAAAAAAAAAAAAAA1AAA11111111111111I111IIIIIIIIIIIIIIIIIIIIIIII
AAAAAAAAAAAAAAAAAAAAAA111111111111111111IIIIIIIIIIIIIIIIIIIIIIII
AAAAAAAAAAAAAAAAAAAAAAA111111111111111111IIIIIIIIIIIIIIIIIIIIIII
AAAAAAAAAAAAAAAAAAAAAAAA111111111111111111IIIIIIIIIIIIIIIIIIIIII
AAAAAAAAAAAAAAAAAAAAAAAA1A1111111111111111I1IIIIIIIIIIIIIIIIIIII
AAAAAAAAAAAAAAAAAAAAAAAA1AA111111111111111I11IIIIIIIIIIIIIIIIIII
AAAAAAAAAAAAAAAAAAAAAAAA1AAA11111111111111I111IIIIIIIIIIIIIIIIII
AAAAAAAAAAAAAAAAAAAAAAAAAAAA111111111111111111IIIIIIIIIIIIIIIIII
AAAAAAAAAAAAAAAAAAAAAAAAAAAAA111111111111111111IIIIIIIIIIIIIIIII
AAAAAAAAAAAAAAAAAAAAAAAAAAAAAA111111111111111111IIIIIIIIIIIIIIII
AAAAAAAAAAAAAAAAAAAAAAAAAAAAAA1A1111111111111111I1IIIIIIIIIIIIII
AAAAAAAAAAAAAAAAAAAAAAAAAAAAAA1AA111111111111111I11IIIIIIIIIIIII
AAAAAAAAAAAAAAAAAAAAAAAAAAAAAA1AAA11111111111111I111IIIIIIIIIIII
AAAAAAAAAAAAAAAAAAAAAAAAAAAAAAAAAA111111111111111111IIIIIIIIIIII
AAAAAAAAAAAAAAAAAAAAAAAAAAAAAAAAAAA111111111111111111IIIIIIIIIII
AAAAAAAAAAAAAAAAAAAAAAAAAAAAAAAAAAAA111111111111111111IIIIIIIIII
AAAAAAAAAAAAAAAAAAAAAAAAAAAAAAAAAAAA1A1111111111111111I1IIIIIIII
AAAAAAAAAAAAAAAAAAAAAAAAAAAAAAAAAAAA1AA111111111111111I11IIIIIII
AAAAAAAAAAAAAAAAAAAAAAAAAAAAAAAAAAAA1AAA11111111111111I111IIIIII
AAAAAAAAAAAAAAAAAAAAAAAAAAAAAAAAAAAAAAAA111111111111111111IIIIII
AAAAAAAAAAAAAAAAAAAAAAAAAAAAAAAAAAAAAAAAA111111111111111111IIIII
AAAAAAAAAAAAAAAAAAAAAAAAAAAAAAAAAAAAAAAAAA111111111111111111IIII
AAAAAAAAAAAAAAAAAAAAAAAAAAAAAAAAAAAAAAAAAA1A1111111111111111I1II
AAAAAAAAAAAAAAAAAAAAAAAAAAAAAAAAAAAAAAAAAA1AA111111111111111I11I
AAAAAAAAAAAAAAAAAAAAAAAAAAAAAAAAAAAAAAAAAA1AAA11111111111111I111
AAAAAAAAAAAAAAAAAAAAAAAAAAAAAAAAAAAAAAAAAAAAAA111111111111111111
AAAAAAAAAAAAAAAAAAAAAAAAAAAAAAAAAAAAAAAAAAAAAAA11111111111111111
AAAAAAAAAAAAAAAAAAAAAAAAAAAAAAAAAAAAAAAAAAAAAAAA1111111111111111
AAAAAAAAAAAAAAAAAAAAAAAAAAAAAAAAAAAAAAAAAAAAAAAA1A11111111111111
AAAAAAAAAAAAAAAAAAAAAAAAAAAAAAAAAAAAAAAAAAAAAAAA1AA1111111111111
AAAAAAAAAAAAAAAAAAAAAAAAAAAAAAAAAAAAAAAAAAAAAAAA1AAA111111111111
AAAAAAAAAAAAAAAAAAAAAAAAAAAAAAAAAAAAAAAAAAAAAAAAAAAA111111111111
AAAAAAAAAAAAAAAAAAAAAAAAAAAAAAAAAAAAAAAAAAAAAAAAAAAAA11111111111
AAAAAAAAAAAAAAAAAAAAAAAAAAAAAAAAAAAAAAAAAAAAAAAAAAAAAA1111111111
AAAAAAAAAAAAAAAAAAAAAAAAAAAAAAAAAAAAAAAAAAAAAAAAAAAAAA1A11111111
AAAAAAAAAAAAAAAAAAAAAAAAAAAAAAAAAAAAAAAAAAAAAAAAAAAAAA1AA1111111
AAAAAAAAAAAAAAAAAAAAAAAAAAAAAAAAAAAAAAAAAAAAAAAAAAAAAA1AAA111111
AAAAAAAAAAAAAAAAAAAAAAAAAAAAAAAAAAAAAAAAAAAAAAAAAAAAAAAAAA111111
AAAAAAAAAAAAAAAAAAAAAAAAAAAAAAAAAAAAAAAAAAAAAAAAAAAAAAAAAAA11111
AAAAAAAAAAAAAAAAAAAAAAAAAAAAAAAAAAAAAAAAAAAAAAAAAAAAAAAAAAAA1111
AAAAAAAAAAAAAAAAAAAAAAAAAAAAAAAAAAAAAAAAAAAAAAAAAAAAAAAAAAAA1A11
AAAAAAAAAAAAAAAAAAAAAAAAAAAAAAAAAAAAAAAAAAAAAAAAAAAAAAAAAAAA1AA1
AAAAAAAAAAAAAAAAAAAAAAAAAAAAAAAAAAAAAAAAAAAAAAAAAAAAAAAAAAAA1AAA
AAAAAAAAAAAAAAAAAAAAAAAAAAAAAAAAAAAAAAAAAAAAAAAAAAAAAAAAAAAAAAAA
AIIII11IIII11IIII1IIIIIIIIIIIIIIIIIIIIIIIIIIIIIIIIIIIIIIIIIIIIII
AAIII111III111III11IIIIIIIIIIIIIIIIIIIIIIIIIIIIIIIIIIIIIIIIIIIII
AAAII111III111III11IIIIIIIIIIIIIIIIIIIIIIIIIIIIIIIIIIIIIIIIIIIII
AAAAI111III111III11IIIIIIIIIIIIIIIIIIIIIIIIIIIIIIIIIIIIIIIIIIIII
AAAAA111I11111I1111II1IIIIIIIIIIIIIIIIIIIIIIIIIIIIIIIIIIIIIIIIII
AAAAA111111111111111I1IIIIIIIIIIIIIIIIIIIIIIIIIIIIIIIIIIIIIIIIII
AAAAAA11111111111111I11IIIIIIIIIIIIIIIIIIIIIIIIIIIIIIIIIIIIIIIII
AAAAAA1A111111111111I11I1IIIIIIIIIIIIIIIIIIIIIIIIIIIIIIIIIIIIIII
AAAAAA1AA11111111111111I11IIIIIIIIIIIIIIIIIIIIIIIIIIIIIIIIIIIIII
AAAAAA1AAA1111111111111I111IIIIIIIIIIIIIIIIIIIIIIIIIIIIIIIIIIIII
AAAAAAAAAA11111111111111111IIIIIIIIIIIIIIIIIIIIIIIIIIIIIIIIIIIII
AAAAAAAAAAA11111111111111111IIIIIIIIIIIIIIIIIIIIIIIIIIIIIIIIIIII
AAAAAAAAAAAA11111111111111111IIIIIIIIIIIIIIIIIIIIIIIIIIIIIIIIIII
AAAAAAAAAAAA1A111111111111111I1IIIIIIIIIIIIIIIIIIIIIIIIIIIIIIIII
AAAAAAAAAAAA1AA11111111111111I11IIIIIIIIIIIIIIIIIIIIIIIIIIIIIIII
AAAAAAAAAAAA1AAA1111111111111I111IIIIIIIIIIIIIIIIIIIIIIIIIIIIIII
AAAAAAAAAAAAAAAA11111111111111111IIIIIIIIIIIIIIIIIIIIIIIIIIIIIII
AAAAAAAAAAAAAAAAA11111111111111111IIIIIIIIIIIIIIIIIIIIIIIIIIIIII
AAAAAAAAAAAAAAAAAA11111111111111111IIIIIIIIIIIIIIIIIIIIIIIIIIIII
AAAAAAAAAAAAAAAAAA1A111111111111111I1IIIIIIIIIIIIIIIIIIIIIIIIIII
AAAAAAAAAAAAAAAAAA1AA11111111111111I11IIIIIIIIIIIIIIIIIIIIIIIIII
AAAAAAAAAAAAAAAAAA1AAA1111111111111I111IIIIIIIIIIIIIIIIIIIIIIIII
AAAAAAAAAAAAAAAAAAAAAA11111111111111111IIIIIIIIIIIIIIIIIIIIIIIII
AAAAAAAAAAAAAAAAAAAAAAA11111111111111111IIIIIIIIIIIIIIIIIIIIIIII
AAAAAAAAAAAAAAAAAAAAAAAA11111111111111111IIIIIIIIIIIIIIIIIIIIIII
AAAAAAAAAAAAAAAAAAAAAAAA1A111111111111111I1IIIIIIIIIIIIIIIIIIIII
AAAAAAAAAAAAAAAAAAAAAAAA1AA11111111111111I11IIIIIIIIIIIIIIIIIIII
AAAAAAAAAAAAAAAAAAAAAAAA1AAA1111111111111I111IIIIIIIIIIIIIIIIIII
AAAAAAAAAAAAAAAAAAAAAAAAAAAA11111111111111111IIIIIIIIIIIIIIIIIII
AAAAAAAAAAAAAAAAAAAAAAAAAAAAA11111111111111111IIIIIIIIIIIIIIIIII
AAAAAAAAAAAAAAAAAAAAAAAAAAAAAA11111111111111111IIIIIIIIIIIIIIIII
AAAAAAAAAAAAAAAAAAAAAAAAAAAAAA1A111111111111111I1IIIIIIIIIIIIIII
AAAAAAAAAAAAAAAAAAAAAAAAAAAAAA1AA11111111111111I11IIIIIIIIIIIIII
AAAAAAAAAAAAAAAAAAAAAAAAAAAAAA1AAA1111111111111I111IIIIIIIIIIIII
AAAAAAAAAAAAAAAAAAAAAAAAAAAAAAAAAA11111111111111111IIIIIIIIIIIII
AAAAAAAAAAAAAAAAAAAAAAAAAAAAAAAAAAA11111111111111111IIIIIIIIIIII
AAAAAAAAAAAAAAAAAAAAAAAAAAAAAAAAAAAA11111111111111111IIIIIIIIIII
AAAAAAAAAAAAAAAAAAAAAAAAAAAAAAAAAAAA1A111111111111111I1IIIIIIIII
AAAAAAAAAAAAAAAAAAAAAAAAAAAAAAAAAAAA1AA11111111111111I11IIIIIIII
AAAAAAAAAAAAAAAAAAAAAAAAAAAAAAAAAAAA1AAA1111111111111I111IIIIIII
AAAAAAAAAAAAAAAAAAAAAAAAAAAAAAAAAAAAAAAA11111111111111111IIIIIII
AAAAAAAAAAAAAAAAAAAAAAAAAAAAAAAAAAAAAAAAA11111111111111111IIIIII
AAAAAAAAAAAAAAAAAAAAAAAAAAAAAAAAAAAAAAAAAA11111111111111111IIIII
AAAAAAAAAAAAAAAAAAAAAAAAAAAAAAAAAAAAAAAAAA1A111111111111111I1III
AAAAAAAAAAAAAAAAAAAAAAAAAAAAAAAAAAAAAAAAAA1AA11111111111111I11II
AAAAAAAAAAAAAAAAAAAAAAAAAAAAAAAAAAAAAAAAAA1AAA1111111111111I111I
AAAAAAAAAAAAAAAAAAAAAAAAAAAAAAAAAAAAAAAAAAAAAA11111111111111111I
AAAAAAAAAAAAAAAAAAAAAAAAAAAAAAAAAAAAAAAAAAAAAAA11111111111111111
AAAAAAAAAAAAAAAAAAAAAAAAAAAAAAAAAAAAAAAAAAAAAAAA1111111111111111
AAAAAAAAAAAAAAAAAAAAAAAAAAAAAAAAAAAAAAAAAAAAAAAA1A11111111111111
AAAAAAAAAAAAAAAAAAAAAAAAAAAAAAAAAAAAAAAAAAAAAAAA1AA1111111111111
AAAAAAAAAAAAAAAAAAAAAAAAAAAAAAAAAAAAAAAAAAAAAAAA1AAA111111111111
AAAAAAAAAAAAAAAAAAAAAAAAAAAAAAAAAAAAAAAAAAAAAAAAAAAA111111111111
AAAAAAAAAAAAAAAAAAAAAAAAAAAAAAAAAAAAAAAAAAAAAAAAAAAAA11111111111
AAAAAAAAAAAAAAAAAAAAAAAAAAAAAAAAAAAAAAAAAAAAAAAAAAAAAA1111111111
AAAAAAAAAAAAAAAAAAAAAAAAAAAAAAAAAAAAAAAAAAAAAAAAAAAAAA1A11111111
AAAAAAAAAAAAAAAAAAAAAAAAAAAAAAAAAAAAAAAAAAAAAAAAAAAAAA1AA1111111
AAAAAAAAAAAAAAAAAAAAAAAAAAAAAAAAAAAAAAAAAAAAAAAAAAAAAA1AAA111111
AAAAAAAAAAAAAAAAAAAAAAAAAAAAAAAAAAAAAAAAAAAAAAAAAAAAAAAAAA111111
AAAAAAAAAAAAAAAAAAAAAAAAAAAAAAAAAAAAAAAAAAAAAAAAAAAAAAAAAAA11111
AAAAAAAAAAAAAAAAAAAAAAAAAAAAAAAAAAAAAAAAAAAAAAAAAAAAAAAAAAAA1111
AAAAAAAAAAAAAAAAAAAAAAAAAAAAAAAAAAAAAAAAAAAAAAAAAAAAAAAAAAAA1A11
AAAAAAAAAAAAAAAAAAAAAAAAAAAAAAAAAAAAAAAAAAAAAAAAAAAAAAAAAAAA1AA1
AAAAAAAAAAAAAAAAAAAAAAAAAAAAAAAAAAAAAAAAAAAAAAAAAAAAAAAAAAAA1AAA
AAAAAAAAAAAAAAAAAAAAAAAAAAAAAAAAAAAAAAAAAAAAAAAAAAAAAAAAAAAAAAAA
AIIII11IIII11IIII1IIIIIIIIIIIIIIIIIIIIIIIIIIIIIIIIIIIIIIIIIIIIII
AAIII111III111III11IIIIIIIIIIIIIIIIIIIIIIIIIIIIIIIIIIIIIIIIIIIII
AAAII111III111III11IIIIIIIIIIIIIIIIIIIIIIIIIIIIIIIIIIIIIIIIIIIII
AAAAI111III111III11IIIIIIIIIIIIIIIIIIIIIIIIIIIIIIIIIIIIIIIIIIIII
AAAAA111I11111I1111II1IIIIIIIIIIIIIIIIIIIIIIIIIIIIIIIIIIIIIIIIII
AAAAA111111111111111I1IIIIIIIIIIIIIIIIIIIIIIIIIIIIIIIIIIIIIIIIII
AAAAAA11111111111111I11IIIIIIIIIIIIIIIIIIIIIIIIIIIIIIIIIIIIIIIII
AAAAAA1A111111111111I11I1IIIIIIIIIIIIIIIIIIIIIIIIIIIIIIIIIIIIIII
AAAAAA1AA11111111111111I11IIIIIIIIIIIIIIIIIIIIIIIIIIIIIIIIIIIIII
AAAAAA1AAA1111111111111I111IIIIIIIIIIIIIIIIIIIIIIIIIIIIIIIIIIIII
AAAAAAAAAA11111111111111111IIIIIIIIIIIIIIIIIIIIIIIIIIIIIIIIIIIII
AAAAAAAAAAA11111111111111111IIIIIIIIIIIIIIIIIIIIIIIIIIIIIIIIIIII
AAAAAAAAAAAA11111111111111111IIIIIIIIIIIIIIIIIIIIIIIIIIIIIIIIIII
AAAAAAAAAAAA1A111111111111111I1IIIIIIIIIIIIIIIIIIIIIIIIIIIIIIIII
AAAAAAAAAAAA1AA11111111111111I11IIIIIIIIIIIIIIIIIIIIIIIIIIIIIIII
AAAAAAAAAAAA1AAA1111111111111I111IIIIIIIIIIIIIIIIIIIIIIIIIIIIIII
AAAAAAAAAAAAAAAA11111111111111111IIIIIIIIIIIIIIIIIIIIIIIIIIIIIII
AAAAAAAAAAAAAAAAA11111111111111111IIIIIIIIIIIIIIIIIIIIIIIIIIIIII
AAAAAAAAAAAAAAAAAA11111111111111111IIIIIIIIIIIIIIIIIIIIIIIIIIIII
AAAAAAAAAAAAAAAAAA1A111111111111111I1IIIIIIIIIIIIIIIIIIIIIIIIIII
AAAAAAAAAAAAAAAAAA1AA11111111111111I11IIIIIIIIIIIIIIIIIIIIIIIIII
AAAAAAAAAAAAAAAAAA1AAA1111111111111I111IIIIIIIIIIIIIIIIIIIIIIIII
AAAAAAAAAAAAAAAAAAAAAA11111111111111111IIIIIIIIIIIIIIIIIIIIIIIII
AAAAAAAAAAAAAAAAAAAAAAA11111111111111111IIIIIIIIIIIIIIIIIIIIIIII
AAAAAAAAAAAAAAAAAAAAAAAA11111111111111111IIIIIIIIIIIIIIIIIIIIIII
AAAAAAAAAAAAAAAAAAAAAAAA1A111111111111111I1IIIIIIIIIIIIIIIIIIIII
AAAAAAAAAAAAAAAAAAAAAAAA1AA11111111111111I11IIIIIIIIIIIIIIIIIIII
AAAAAAAAAAAAAAAAAAAAAAAA1AAA1111111111111I111IIIIIIIIIIIIIIIIIII
AAAAAAAAAAAAAAAAAAAAAAAAAAAA11111111111111111IIIIIIIIIIIIIIIIIII
AAAAAAAAAAAAAAAAAAAAAAAAAAAAA11111111111111111IIIIIIIIIIIIIIIIII
AAAAAAAAAAAAAAAAAAAAAAAAAAAAAA11111111111111111IIIIIIIIIIIIIIIII
AAAAAAAAAAAAAAAAAAAAAAAAAAAAAA1A111111111111111I1IIIIIIIIIIIIIII
AAAAAAAAAAAAAAAAAAAAAAAAAAAAAA1AA11111111111111I11IIIIIIIIIIIIII
AAAAAAAAAAAAAAAAAAAAAAAAAAAAAA1AAA1111111111111I111IIIIIIIIIIIII
AAAAAAAAAAAAAAAAAAAAAAAAAAAAAAAAAA11111111111111111IIIIIIIIIIIII
AAAAAAAAAAAAAAAAAAAAAAAAAAAAAAAAAAA11111111111111111IIIIIIIIIIII
AAAAAAAAAAAAAAAAAAAAAAAAAAAAAAAAAAAA11111111111111111IIIIIIIIIII
AAAAAAAAAAAAAAAAAAAAAAAAAAAAAAAAAAAA1A111111111111111I1IIIIIIIII
AAAAAAAAAAAAAAAAAAAAAAAAAAAAAAAAAAAA1AA11111111111111I11IIIIIIII
AAAAAAAAAAAAAAAAAAAAAAAAAAAAAAAAAAAA1AAA1111111111111I111IIIIIII
AAAAAAAAAAAAAAAAAAAAAAAAAAAAAAAAAAAAAAAA11111111111111111IIIIIII
AAAAAAAAAAAAAAAAAAAAAAAAAAAAAAAAAAAAAAAAA11111111111111111IIIIII
AAAAAAAAAAAAAAAAAAAAAAAAAAAAAAAAAAAAAAAAAA11111111111111111IIIII
AAAAAAAAAAAAAAAAAAAAAAAAAAAAAAAAAAAAAAAAAA1A111111111111111I1III
AAAAAAAAAAAAAAAAAAAAAAAAAAAAAAAAAAAAAAAAAA1AA11111111111111I11II
AAAAAAAAAAAAAAAAAAAAAAAAAAAAAAAAAAAAAAAAAA1AAA1111111111111I111I
AAAAAAAAAAAAAAAAAAAAAAAAAAAAAAAAAAAAAAAAAAAAAA11111111111111111I
AAAAAAAAAAAAAAAAAAAAAAAAAAAAAAAAAAAAAAAAAAAAAAA11111111111111111
AAAAAAAAAAAAAAAAAAAAAAAAAAAAAAAAAAAAAAAAAAAAAAAA1111111111111111
AAAAAAAAAAAAAAAAAAAAAAAAAAAAAAAAAAAAAAAAAAAAAAAA1A11111111111111
AAAAAAAAAAAAAAAAAAAAAAAAAAAAAAAAAAAAAAAAAAAAAAAA1AA1111111111111
AAAAAAAAAAAAAAAAAAAAAAAAAAAAAAAAAAAAAAAAAAAAAAAA1AAA111111111111
AAAAAAAAAAAAAAAAAAAAAAAAAAAAAAAAAAAAAAAAAAAAAAAAAAAA111111111111
AAAAAAAAAAAAAAAAAAAAAAAAAAAAAAAAAAAAAAAAAAAAAAAAAAAAA11111111111
AAAAAAAAAAAAAAAAAAAAAAAAAAAAAAAAAAAAAAAAAAAAAAAAAAAAAA1111111111
AAAAAAAAAAAAAAAAAAAAAAAAAAAAAAAAAAAAAAAAAAAAAAAAAAAAAA1A11111111
AAAAAAAAAAAAAAAAAAAAAAAAAAAAAAAAAAAAAAAAAAAAAAAAAAAAAA1AA1111111
AAAAAAAAAAAAAAAAAAAAAAAAAAAAAAAAAAAAAAAAAAAAAAAAAAAAAA1AAA111111
AAAAAAAAAAAAAAAAAAAAAAAAAAAAAAAAAAAAAAAAAAAAAAAAAAAAAAAAAA111111
AAAAAAAAAAAAAAAAAAAAAAAAAAAAAAAAAAAAAAAAAAAAAAAAAAAAAAAAAAA11111
AAAAAAAAAAAAAAAAAAAAAAAAAAAAAAAAAAAAAAAAAAAAAAAAAAAAAAAAAAAA1111
AAAAAAAAAAAAAAAAAAAAAAAAAAAAAAAAAAAAAAAAAAAAAAAAAAAAAAAAAAAAA111
AAAAAAAAAAAAAAAAAAAAAAAAAAAAAAAAAAAAAAAAAAAAAAAAAAAAAAAAAAAAA1A1
AAAAAAAAAAAAAAAAAAAAAAAAAAAAAAAAAAAAAAAAAAAAAAAAAAAAAAAAAAAAA1AA
AAAAAAAAAAAAAAAAAAAAAAAAAAAAAAAAAAAAAAAAAAAAAAAAAAAAAAAAAAAAAAAA
AIIII11IIII11IIII1IIIIIIIIIIIIIIIIIIIIIIIIIIIIIIIIIIIIIIIIIIIIII
AAIII111III111III11IIIIIIIIIIIIIIIIIIIIIIIIIIIIIIIIIIIIIIIIIIIII
AAAII111III111III11IIIIIIIIIIIIIIIIIIIIIIIIIIIIIIIIIIIIIIIIIIIII
AAAAI111III111III11IIIIIIIIIIIIIIIIIIIIIIIIIIIIIIIIIIIIIIIIIIIII
AAAAA111I11111I1111II1IIIIIIIIIIIIIIIIIIIIIIIIIIIIIIIIIIIIIIIIII
AAAAA111111111111111I1IIIIIIIIIIIIIIIIIIIIIIIIIIIIIIIIIIIIIIIIII
AAAAAA11111111111111I11IIIIIIIIIIIIIIIIIIIIIIIIIIIIIIIIIIIIIIIII
AAAAAA1A111111111111I11I1IIIIIIIIIIIIIIIIIIIIIIIIIIIIIIIIIIIIIII
AAAAAA1AA11111111111111I11IIIIIIIIIIIIIIIIIIIIIIIIIIIIIIIIIIIIII
AAAAAA1AAA1111111111111I111IIIIIIIIIIIIIIIIIIIIIIIIIIIIIIIIIIIII
AAAAAAAAAA11111111111111111IIIIIIIIIIIIIIIIIIIIIIIIIIIIIIIIIIIII
AAAAAAAAAAA11111111111111111IIIIIIIIIIIIIIIIIIIIIIIIIIIIIIIIIIII
AAAAAAAAAAAA11111111111111111IIIIIIIIIIIIIIIIIIIIIIIIIIIIIIIIIII
AAAAAAAAAAAA1A111111111111111I1IIIIIIIIIIIIIIIIIIIIIIIIIIIIIIIII
AAAAAAAAAAAA1AA11111111111111I11IIIIIIIIIIIIIIIIIIIIIIIIIIIIIIII
AAAAAAAAAAAA1AAA1111111111111I111IIIIIIIIIIIIIIIIIIIIIIIIIIIIIII
AAAAAAAAAAAAAAAA11111111111111111IIIIIIIIIIIIIIIIIIIIIIIIIIIIIII
AAAAAAAAAAAAAAAAA11111111111111111IIIIIIIIIIIIIIIIIIIIIIIIIIIIII
AAAAAAAAAAAAAAAAAA11111111111111111IIIIIIIIIIIIIIIIIIIIIIIIIIIII
AAAAAAAAAAAAAAAAAA1A111111111111111I1IIIIIIIIIIIIIIIIIIIIIIIIIII
AAAAAAAAAAAAAAAAAA1AA11111111111111I11IIIIIIIIIIIIIIIIIIIIIIIIII
AAAAAAAAAAAAAAAAAA1AAA1111111111111I111IIIIIIIIIIIIIIIIIIIIIIIII
AAAAAAAAAAAAAAAAAAAAAA11111111111111111IIIIIIIIIIIIIIIIIIIIIIIII
AAAAAAAAAAAAAAAAAAAAAAA11111111111111111IIIIIIIIIIIIIIIIIIIIIIII
AAAAAAAAAAAAAAAAAAAAAAAA11111111111111111IIIIIIIIIIIIIIIIIIIIIII
AAAAAAAAAAAAAAAAAAAAAAAA1A111111111111111I1IIIIIIIIIIIIIIIIIIIII
AAAAAAAAAAAAAAAAAAAAAAAA1AA11111111111111I11IIIIIIIIIIIIIIIIIIII
AAAAAAAAAAAAAAAAAAAAAAAA1AAA1111111111111I111IIIIIIIIIIIIIIIIIII
AAAAAAAAAAAAAAAAAAAAAAAAAAAA11111111111111111IIIIIIIIIIIIIIIIIII
AAAAAAAAAAAAAAAAAAAAAAAAAAAAA11111111111111111IIIIIIIIIIIIIIIIII
AAAAAAAAAAAAAAAAAAAAAAAAAAAAAA11111111111111111IIIIIIIIIIIIIIIII
AAAAAAAAAAAAAAAAAAAAAAAAAAAAAA1A111111111111111I1IIIIIIIIIIIIIII
AAAAAAAAAAAAAAAAAAAAAAAAAAAAAA1AA11111111111111I11IIIIIIIIIIIIII
AAAAAAAAAAAAAAAAAAAAAAAAAAAAAA1AAA1111111111111I111IIIIIIIIIIIII
AAAAAAAAAAAAAAAAAAAAAAAAAAAAAAAAAA11111111111111111IIIIIIIIIIIII
AAAAAAAAAAAAAAAAAAAAAAAAAAAAAAAAAAA11111111111111111IIIIIIIIIIII
AAAAAAAAAAAAAAAAAAAAAAAAAAAAAAAAAAAA11111111111111111IIIIIIIIIII
AAAAAAAAAAAAAAAAAAAAAAAAAAAAAAAAAAAA1A111111111111111I1IIIIIIIII
AAAAAAAAAAAAAAAAAAAAAAAAAAAAAAAAAAAA1AA11111111111111I11IIIIIIII
AAAAAAAAAAAAAAAAAAAAAAAAAAAAAAAAAAAA1AAA1111111111111I111IIIIIII
AAAAAAAAAAAAAAAAAAAAAAAAAAAAAAAAAAAAAAAA11111111111111111IIIIIII
AAAAAAAAAAAAAAAAAAAAAAAAAAAAAAAAAAAAAAAAA11111111111111111IIIIII
AAAAAAAAAAAAAAAAAAAAAAAAAAAAAAAAAAAAAAAAAA11111111111111111IIIII
AAAAAAAAAAAAAAAAAAAAAAAAAAAAAAAAAAAAAAAAAA1A111111111111111I1III
AAAAAAAAAAAAAAAAAAAAAAAAAAAAAAAAAAAAAAAAAA1AA11111111111111I11II
AAAAAAAAAAAAAAAAAAAAAAAAAAAAAAAAAAAAAAAAAA1AAA1111111111111I111I
AAAAAAAAAAAAAAAAAAAAAAAAAAAAAAAAAAAAAAAAAAAAAA11111111111111111I
AAAAAAAAAAAAAAAAAAAAAAAAAAAAAAAAAAAAAAAAAAAAAAA11111111111111111
AAAAAAAAAAAAAAAAAAAAAAAAAAAAAAAAAAAAAAAAAAAAAAAA1111111111111111
AAAAAAAAAAAAAAAAAAAAAAAAAAAAAAAAAAAAAAAAAAAAAAAA1A11111111111111
AAAAAAAAAAAAAAAAAAAAAAAAAAAAAAAAAAAAAAAAAAAAAAAA1AA1111111111111
AAAAAAAAAAAAAAAAAAAAAAAAAAAAAAAAAAAAAAAAAAAAAAAA1AAA111111111111
AAAAAAAAAAAAAAAAAAAAAAAAAAAAAAAAAAAAAAAAAAAAAAAAAAAA111111111111
AAAAAAAAAAAAAAAAAAAAAAAAAAAAAAAAAAAAAAAAAAAAAAAAAAAAA11111111111
AAAAAAAAAAAAAAAAAAAAAAAAAAAAAAAAAAAAAAAAAAAAAAAAAAAAAA1111111111
AAAAAAAAAAAAAAAAAAAAAAAAAAAAAAAAAAAAAAAAAAAAAAAAAAAAAA1A11111111
AAAAAAAAAAAAAAAAAAAAAAAAAAAAAAAAAAAAAAAAAAAAAAAAAAAAAA1AA1111111
AAAAAAAAAAAAAAAAAAAAAAAAAAAAAAAAAAAAAAAAAAAAAAAAAAAAAA1AAA111111
AAAAAAAAAAAAAAAAAAAAAAAAAAAAAAAAAAAAAAAAAAAAAAAAAAAAAAAAAA111111
AAAAAAAAAAAAAAAAAAAAAAAAAAAAAAAAAAAAAAAAAAAAAAAAAAAAAAAAAAA11111
AAAAAAAAAAAAAAAAAAAAAAAAAAAAAAAAAAAAAAAAAAAAAAAAAAAAAAAAAAAA1111
AAAAAAAAAAAAAAAAAAAAAAAAAAAAAAAAAAAAAAAAAAAAAAAAAAAAAAAAAAAA1A11
AAAAAAAAAAAAAAAAAAAAAAAAAAAAAAAAAAAAAAAAAAAAAAAAAAAAAAAAAAAA1AA1
AAAAAAAAAAAAAAAAAAAAAAAAAAAAAAAAAAAAAAAAAAAAAAAAAAAAAAAAAAAA1AAA
AAAAAAAAAAAAAAAAAAAAAAAAAAAAAAAAAAAAAAAAAAAAAAAAAAAAAAAAAAAAAAAA
AI1II11I1III1I1IIIIIIIIIIIIIIIIIIIIIIIIIIIIIIIIIIIIIIIIIIIIIIIII
AA11I1111III1I1IIIIIIIIIIIIIIIIIIIIIIIIIIIIIIIIIIIIIIIIIIIIIIIII
AAA1I1111III1I1IIIIIIIIIIIIIIIIIIIIIIIIIIIIIIIIIIIIIIIIIIIIIIIII
AAAAI1111III1I1IIIIIIIIIIIIIIIIIIIIIIIIIIIIIIIIIIIIIIIIIIIIIIIII
AAAAA111111I1I1I1I1IIIIIIIIIIIIIIIIIIIIIIIIIIIIIIIIIIIIIIIIIIIII
AAAAAA111111111I1111IIIIIIIIIIIIIIIIIIIIIIIIIIIIIIIIIIIIIIIIIIII
AAAAAA1A111111111111I1IIIIIIIIIIIIIIIIIIIIIIIIIIIIIIIIIIIIIIIIII
AAAAAA1AA11111111111111IIIIIIIIIIIIIIIIIIIIIIIIIIIIIIIIIIIIIIIII
AAAAAA1AAA11111111111111IIIIIIIIIIIIIIIIIIIIIIIIIIIIIIIIIIIIIIII
AAAAAAAAAA11111111111111IIIIIIIIIIIIIIIIIIIIIIIIIIIIIIIIIIIIIIII
AAAAAAAAAAA11111111111111IIIIIIIIIIIIIIIIIIIIIIIIIIIIIIIIIIIIIII
AAAAAAAAAAAA11111111111111IIIIIIIIIIIIIIIIIIIIIIIIIIIIIIIIIIIIII
AAAAAAAAAAAA1A111111111111I1IIIIIIIIIIIIIIIIIIIIIIIIIIIIIIIIIIII
AAAAAAAAAAAA1AA11111111111111IIIIIIIIIIIIIIIIIIIIIIIIIIIIIIIIIII
AAAAAAAAAAAA1AAA11111111111111IIIIIIIIIIIIIIIIIIIIIIIIIIIIIIIIII
AAAAAAAAAAAAAAAA11111111111111IIIIIIIIIIIIIIIIIIIIIIIIIIIIIIIIII
AAAAAAAAAAAAAAAAA11111111111111IIIIIIIIIIIIIIIIIIIIIIIIIIIIIIIII
AAAAAAAAAAAAAAAAAA11111111111111IIIIIIIIIIIIIIIIIIIIIIIIIIIIIIII
AAAAAAAAAAAAAAAAAA1A111111111111I1IIIIIIIIIIIIIIIIIIIIIIIIIIIIII
AAAAAAAAAAAAAAAAAA1AA11111111111111IIIIIIIIIIIIIIIIIIIIIIIIIIIII
AAAAAAAAAAAAAAAAAA1AAA11111111111111IIIIIIIIIIIIIIIIIIIIIIIIIIII
AAAAAAAAAAAAAAAAAAAAAA11111111111111IIIIIIIIIIIIIIIIIIIIIIIIIIII
AAAAAAAAAAAAAAAAAAAAAAA11111111111111IIIIIIIIIIIIIIIIIIIIIIIIIII
AAAAAAAAAAAAAAAAAAAAAAAA11111111111111IIIIIIIIIIIIIIIIIIIIIIIIII
AAAAAAAAAAAAAAAAAAAAAAAA1A111111111111I1IIIIIIIIIIIIIIIIIIIIIIII
AAAAAAAAAAAAAAAAAAAAAAAA1AA11111111111111IIIIIIIIIIIIIIIIIIIIIII
AAAAAAAAAAAAAAAAAAAAAAAA1AAA11111111111111IIIIIIIIIIIIIIIIIIIIII
AAAAAAAAAAAAAAAAAAAAAAAAAAAA11111111111111IIIIIIIIIIIIIIIIIIIIII
AAAAAAAAAAAAAAAAAAAAAAAAAAAAA11111111111111IIIIIIIIIIIIIIIIIIIII
AAAAAAAAAAAAAAAAAAAAAAAAAAAAAA11111111111111IIIIIIIIIIIIIIIIIIII
AAAAAAAAAAAAAAAAAAAAAAAAAAAAAA1A111111111111I1IIIIIIIIIIIIIIIIII
AAAAAAAAAAAAAAAAAAAAAAAAAAAAAA1AA11111111111111IIIIIIIIIIIIIIIII
AAAAAAAAAAAAAAAAAAAAAAAAAAAAAA1AAA11111111111111IIIIIIIIIIIIIIII
AAAAAAAAAAAAAAAAAAAAAAAAAAAAAAAAAA11111111111111IIIIIIIIIIIIIIII
AAAAAAAAAAAAAAAAAAAAAAAAAAAAAAAAAAA11111111111111IIIIIIIIIIIIIII
AAAAAAAAAAAAAAAAAAAAAAAAAAAAAAAAAAAA11111111111111IIIIIIIIIIIIII
AAAAAAAAAAAAAAAAAAAAAAAAAAAAAAAAAAAA1A111111111111I1IIIIIIIIIIII
AAAAAAAAAAAAAAAAAAAAAAAAAAAAAAAAAAAA1AA11111111111111IIIIIIIIIII
AAAAAAAAAAAAAAAAAAAAAAAAAAAAAAAAAAAA1AAA11111111111111IIIIIIIIII
AAAAAAAAAAAAAAAAAAAAAAAAAAAAAAAAAAAAAAAA11111111111111IIIIIIIIII
AAAAAAAAAAAAAAAAAAAAAAAAAAAAAAAAAAAAAAAAA11111111111111IIIIIIIII
AAAAAAAAAAAAAAAAAAAAAAAAAAAAAAAAAAAAAAAAAA11111111111111IIIIIIII
AAAAAAAAAAAAAAAAAAAAAAAAAAAAAAAAAAAAAAAAAA1A111111111111I1IIIIII
AAAAAAAAAAAAAAAAAAAAAAAAAAAAAAAAAAAAAAAAAA1AA11111111111111IIIII
AAAAAAAAAAAAAAAAAAAAAAAAAAAAAAAAAAAAAAAAAA1AAA11111111111111IIII
AAAAAAAAAAAAAAAAAAAAAAAAAAAAAAAAAAAAAAAAAAAAAA11111111111111IIII
AAAAAAAAAAAAAAAAAAAAAAAAAAAAAAAAAAAAAAAAAAAAAAA11111111111111III
AAAAAAAAAAAAAAAAAAAAAAAAAAAAAAAAAAAAAAAAAAAAAAAA11111111111111II
AAAAAAAAAAAAAAAAAAAAAAAAAAAAAAAAAAAAAAAAAAAAAAAA1A111111111111I1
AAAAAAAAAAAAAAAAAAAAAAAAAAAAAAAAAAAAAAAAAAAAAAAA1AA1111111111111
AAAAAAAAAAAAAAAAAAAAAAAAAAAAAAAAAAAAAAAAAAAAAAAA1AAA111111111111
AAAAAAAAAAAAAAAAAAAAAAAAAAAAAAAAAAAAAAAAAAAAAAAAAAAA111111111111
AAAAAAAAAAAAAAAAAAAAAAAAAAAAAAAAAAAAAAAAAAAAAAAAAAAAA11111111111
AAAAAAAAAAAAAAAAAAAAAAAAAAAAAAAAAAAAAAAAAAAAAAAAAAAAAA1111111111
AAAAAAAAAAAAAAAAAAAAAAAAAAAAAAAAAAAAAAAAAAAAAAAAAAAAAA1A11111111
AAAAAAAAAAAAAAAAAAAAAAAAAAAAAAAAAAAAAAAAAAAAAAAAAAAAAA1AA1111111
AAAAAAAAAAAAAAAAAAAAAAAAAAAAAAAAAAAAAAAAAAAAAAAAAAAAAA1AAA111111
AAAAAAAAAAAAAAAAAAAAAAAAAAAAAAAAAAAAAAAAAAAAAAAAAAAAAAAAAA111111
AAAAAAAAAAAAAAAAAAAAAAAAAAAAAAAAAAAAAAAAAAAAAAAAAAAAAAAAAAA11111
AAAAAAAAAAAAAAAAAAAAAAAAAAAAAAAAAAAAAAAAAAAAAAAAAAAAAAAAAAAA1111
AAAAAAAAAAAAAAAAAAAAAAAAAAAAAAAAAAAAAAAAAAAAAAAAAAAAAAAAAAAA1A11
AAAAAAAAAAAAAAAAAAAAAAAAAAAAAAAAAAAAAAAAAAAAAAAAAAAAAAAAAAAA1AA1
AAAAAAAAAAAAAAAAAAAAAAAAAAAAAAAAAAAAAAAAAAAAAAAAAAAAAAAAAAAA1AAA
AAAAAAAAAAAAAAAAAAAAAAAAAAAAAAAAAAAAAAAAAAAAAAAAAAAAAAAAAAAAAAAA
AI1II11I1II11I1IIIIIIIIIIIIIIIIIIIIIIIIIIIIIIIIIIIIIIIIIIIIIIIII
AA11I11I1II11I1IIIIIIIIIIIIIIIIIIIIIIIIIIIIIIIIIIIIIIIIIIIIIIIII
AAA1I11I1II11I1IIIIIIIIIIIIIIIIIIIIIIIIIIIIIIIIIIIIIIIIIIIIIIIII
AAAAI11I1II11I1IIIIIIIIIIIIIIIIIIIIIIIIIIIIIIIIIIIIIIIIIIIIIIIII
AAAAA11I11111I111I1IIIIIIIIIIIIIIIIIIIIIIIIIIIIIIIIIIIIIIIIIIIII
AAAAA111111111111I1IIIIIIIIIIIIIIIIIIIIIIIIIIIIIIIIIIIIIIIIIIIII
AAAAAA11111111111111IIIIIIIIIIIIIIIIIIIIIIIIIIIIIIIIIIIIIIIIIIII
AAAAAA1A111111111111I1IIIIIIIIIIIIIIIIIIIIIIIIIIIIIIIIIIIIIIIIII
AAAAAA1AA11111111111111IIIIIIIIIIIIIIIIIIIIIIIIIIIIIIIIIIIIIIIII
AAAAAA1AAA11111111111111IIIIIIIIIIIIIIIIIIIIIIIIIIIIIIIIIIIIIIII
AAAAAAAAAA11111111111111IIIIIIIIIIIIIIIIIIIIIIIIIIIIIIIIIIIIIIII
AAAAAAAAAAA11111111111111IIIIIIIIIIIIIIIIIIIIIIIIIIIIIIIIIIIIIII
AAAAAAAAAAAA11111111111111IIIIIIIIIIIIIIIIIIIIIIIIIIIIIIIIIIIIII
AAAAAAAAAAAA1A111111111111I1IIIIIIIIIIIIIIIIIIIIIIIIIIIIIIIIIIII
AAAAAAAAAAAA1AA11111111111111IIIIIIIIIIIIIIIIIIIIIIIIIIIIIIIIIII
AAAAAAAAAAAA1AAA11111111111111IIIIIIIIIIIIIIIIIIIIIIIIIIIIIIIIII
AAAAAAAAAAAAAAAA11111111111111IIIIIIIIIIIIIIIIIIIIIIIIIIIIIIIIII
AAAAAAAAAAAAAAAAA11111111111111IIIIIIIIIIIIIIIIIIIIIIIIIIIIIIIII
AAAAAAAAAAAAAAAAAA11111111111111IIIIIIIIIIIIIIIIIIIIIIIIIIIIIIII
AAAAAAAAAAAAAAAAAA1A111111111111I1IIIIIIIIIIIIIIIIIIIIIIIIIIIIII
AAAAAAAAAAAAAAAAAA1AA11111111111111IIIIIIIIIIIIIIIIIIIIIIIIIIIII
AAAAAAAAAAAAAAAAAA1AAA11111111111111IIIIIIIIIIIIIIIIIIIIIIIIIIII
AAAAAAAAAAAAAAAAAAAAAA11111111111111IIIIIIIIIIIIIIIIIIIIIIIIIIII
AAAAAAAAAAAAAAAAAAAAAAA11111111111111IIIIIIIIIIIIIIIIIIIIIIIIIII
AAAAAAAAAAAAAAAAAAAAAAAA11111111111111IIIIIIIIIIIIIIIIIIIIIIIIII
AAAAAAAAAAAAAAAAAAAAAAAA1A111111111111I1IIIIIIIIIIIIIIIIIIIIIIII
AAAAAAAAAAAAAAAAAAAAAAAA1AA11111111111111IIIIIIIIIIIIIIIIIIIIIII
AAAAAAAAAAAAAAAAAAAAAAAA1AAA11111111111111IIIIIIIIIIIIIIIIIIIIII
AAAAAAAAAAAAAAAAAAAAAAAAAAAA11111111111111IIIIIIIIIIIIIIIIIIIIII
AAAAAAAAAAAAAAAAAAAAAAAAAAAAA11111111111111IIIIIIIIIIIIIIIIIIIII
AAAAAAAAAAAAAAAAAAAAAAAAAAAAAA11111111111111IIIIIIIIIIIIIIIIIIII
AAAAAAAAAAAAAAAAAAAAAAAAAAAAAA1A111111111111I1IIIIIIIIIIIIIIIIII
AAAAAAAAAAAAAAAAAAAAAAAAAAAAAA1AA11111111111111IIIIIIIIIIIIIIIII
AAAAAAAAAAAAAAAAAAAAAAAAAAAAAA1AAA11111111111111IIIIIIIIIIIIIIII
AAAAAAAAAAAAAAAAAAAAAAAAAAAAAAAAAA11111111111111IIIIIIIIIIIIIIII
AAAAAAAAAAAAAAAAAAAAAAAAAAAAAAAAAAA11111111111111IIIIIIIIIIIIIII
AAAAAAAAAAAAAAAAAAAAAAAAAAAAAAAAAAAA11111111111111IIIIIIIIIIIIII
AAAAAAAAAAAAAAAAAAAAAAAAAAAAAAAAAAAAA11111111111111IIIIIIIIIIIII
AAAAAAAAAAAAAAAAAAAAAAAAAAAAAAAAAAAAA1A111111111111I1IIIIIIIIIII
AAAAAAAAAAAAAAAAAAAAAAAAAAAAAAAAAAAAA1AA11111111111111IIIIIIIIII
AAAAAAAAAAAAAAAAAAAAAAAAAAAAAAAAAAAAAAAA11111111111111IIIIIIIIII
AAAAAAAAAAAAAAAAAAAAAAAAAAAAAAAAAAAAAAAAA11111111111111IIIIIIIII
AAAAAAAAAAAAAAAAAAAAAAAAAAAAAAAAAAAAAAAAAA11111111111111IIIIIIII
AAAAAAAAAAAAAAAAAAAAAAAAAAAAAAAAAAAAAAAAAA1A111111111111I1IIIIII
AAAAAAAAAAAAAAAAAAAAAAAAAAAAAAAAAAAAAAAAAA1AA11111111111111IIIII
AAAAAAAAAAAAAAAAAAAAAAAAAAAAAAAAAAAAAAAAAA1AAA11111111111111IIII
AAAAAAAAAAAAAAAAAAAAAAAAAAAAAAAAAAAAAAAAAAAAAA11111111111111IIII
AAAAAAAAAAAAAAAAAAAAAAAAAAAAAAAAAAAAAAAAAAAAAAA11111111111111III
AAAAAAAAAAAAAAAAAAAAAAAAAAAAAAAAAAAAAAAAAAAAAAAA11111111111111II
AAAAAAAAAAAAAAAAAAAAAAAAAAAAAAAAAAAAAAAAAAAAAAAA1A111111111111I1
AAAAAAAAAAAAAAAAAAAAAAAAAAAAAAAAAAAAAAAAAAAAAAAA1AA1111111111111
AAAAAAAAAAAAAAAAAAAAAAAAAAAAAAAAAAAAAAAAAAAAAAAA1AAA111111111111
AAAAAAAAAAAAAAAAAAAAAAAAAAAAAAAAAAAAAAAAAAAAAAAAAAAA111111111111
AAAAAAAAAAAAAAAAAAAAAAAAAAAAAAAAAAAAAAAAAAAAAAAAAAAAA11111111111
AAAAAAAAAAAAAAAAAAAAAAAAAAAAAAAAAAAAAAAAAAAAAAAAAAAAAA1111111111
AAAAAAAAAAAAAAAAAAAAAAAAAAAAAAAAAAAAAAAAAAAAAAAAAAAAAA1A11111111
AAAAAAAAAAAAAAAAAAAAAAAAAAAAAAAAAAAAAAAAAAAAAAAAAAAAAA1AA1111111
AAAAAAAAAAAAAAAAAAAAAAAAAAAAAAAAAAAAAAAAAAAAAAAAAAAAAA1AAA111111
AAAAAAAAAAAAAAAAAAAAAAAAAAAAAAAAAAAAAAAAAAAAAAAAAAAAAAAAAA111111
AAAAAAAAAAAAAAAAAAAAAAAAAAAAAAAAAAAAAAAAAAAAAAAAAAAAAAAAAAA11111
AAAAAAAAAAAAAAAAAAAAAAAAAAAAAAAAAAAAAAAAAAAAAAAAAAAAAAAAAAAA1111
AAAAAAAAAAAAAAAAAAAAAAAAAAAAAAAAAAAAAAAAAAAAAAAAAAAAAAAAAAAA1A11
AAAAAAAAAAAAAAAAAAAAAAAAAAAAAAAAAAAAAAAAAAAAAAAAAAAAAAAAAAAA1AA1
AAAAAAAAAAAAAAAAAAAAAAAAAAAAAAAAAAAAAAAAAAAAAAAAAAAAAAAAAAAA1AAA
AAAAAAAAAAAAAAAAAAAAAAAAAAAAAAAAAAAAAAAAAAAAAAAAAAAAAAAAAAAAAAAA
AIII111III111III11IIIIIIIIIIIIIIIIIIIIIIIIIIIIIIIIIIIIIIIIIIIIII
AAII111III111III11IIIIIIIIIIIIIIIIIIIIIIIIIIIIIIIIIIIIIIIIIIIIII
AAAI111III111III11IIIIIIIIIIIIIIIIIIIIIIIIIIIIIIIIIIIIIIIIIIIIII
AAAA111III111III11IIIIIIIIIIIIIIIIIIIIIIIIIIIIIIIIIIIIIIIIIIIIII
AAAAA11I11111I1111II11IIIIIIIIIIIIIIIIIIIIIIIIIIIIIIIIIIIIIIIIII
AAAAA1111111111111II11IIIIIIIIIIIIIIIIIIIIIIIIIIIIIIIIIIIIIIIIII
AAAAAA111111111111II111IIIIIIIIIIIIIIIIIIIIIIIIIIIIIIIIIIIIIIIII
AAAAAA1A11111111111111111IIIIIIIIIIIIIIIIIIIIIIIIIIIIIIIIIIIIIII
AAAAAA1AA11111111111111111IIIIIIIIIIIIIIIIIIIIIIIIIIIIIIIIIIIIII
AAAAAA1AAA11111111111111111IIIIIIIIIIIIIIIIIIIIIIIIIIIIIIIIIIIII
AAAAAAAAAA11111111111111111IIIIIIIIIIIIIIIIIIIIIIIIIIIIIIIIIIIII
AAAAAAAAAAA11111111111111111IIIIIIIIIIIIIIIIIIIIIIIIIIIIIIIIIIII
AAAAAAAAAAAA11111111111111111IIIIIIIIIIIIIIIIIIIIIIIIIIIIIIIIIII
AAAAAAAAAAAA1A11111111111111111IIIIIIIIIIIIIIIIIIIIIIIIIIIIIIIII
AAAAAAAAAAAA1AA11111111111111111IIIIIIIIIIIIIIIIIIIIIIIIIIIIIIII
AAAAAAAAAAAA1AAA11111111111111111IIIIIIIIIIIIIIIIIIIIIIIIIIIIIII
AAAAAAAAAAAAAAAA11111111111111111IIIIIIIIIIIIIIIIIIIIIIIIIIIIIII
AAAAAAAAAAAAAAAAA11111111111111111IIIIIIIIIIIIIIIIIIIIIIIIIIIIII
AAAAAAAAAAAAAAAAAA11111111111111111IIIIIIIIIIIIIIIIIIIIIIIIIIIII
AAAAAAAAAAAAAAAAAA1A11111111111111111IIIIIIIIIIIIIIIIIIIIIIIIIII
AAAAAAAAAAAAAAAAAA1AA11111111111111111IIIIIIIIIIIIIIIIIIIIIIIIII
AAAAAAAAAAAAAAAAAA1AAA11111111111111111IIIIIIIIIIIIIIIIIIIIIIIII
AAAAAAAAAAAAAAAAAAAAAA11111111111111111IIIIIIIIIIIIIIIIIIIIIIIII
AAAAAAAAAAAAAAAAAAAAAAA11111111111111111IIIIIIIIIIIIIIIIIIIIIIII
AAAAAAAAAAAAAAAAAAAAAAAA11111111111111111IIIIIIIIIIIIIIIIIIIIIII
AAAAAAAAAAAAAAAAAAAAAAAA1A11111111111111111IIIIIIIIIIIIIIIIIIIII
AAAAAAAAAAAAAAAAAAAAAAAA1AA11111111111111111IIIIIIIIIIIIIIIIIIII
AAAAAAAAAAAAAAAAAAAAAAAA1AAA11111111111111111IIIIIIIIIIIIIIIIIII
AAAAAAAAAAAAAAAAAAAAAAAAAAAA11111111111111111IIIIIIIIIIIIIIIIIII
AAAAAAAAAAAAAAAAAAAAAAAAAAAAA11111111111111111IIIIIIIIIIIIIIIIII
AAAAAAAAAAAAAAAAAAAAAAAAAAAAAA11111111111111111IIIIIIIIIIIIIIIII
AAAAAAAAAAAAAAAAAAAAAAAAAAAAAA1A11111111111111111IIIIIIIIIIIIIII
AAAAAAAAAAAAAAAAAAAAAAAAAAAAAA1AA11111111111111111IIIIIIIIIIIIII
AAAAAAAAAAAAAAAAAAAAAAAAAAAAAA1AAA11111111111111111IIIIIIIIIIIII
AAAAAAAAAAAAAAAAAAAAAAAAAAAAAAAAAA11111111111111111IIIIIIIIIIIII
AAAAAAAAAAAAAAAAAAAAAAAAAAAAAAAAAAA11111111111111111IIIIIIIIIIII
AAAAAAAAAAAAAAAAAAAAAAAAAAAAAAAAAAAA11111111111111111IIIIIIIIIII
AAAAAAAAAAAAAAAAAAAAAAAAAAAAAAAAAAAA1A11111111111111111IIIIIIIII
AAAAAAAAAAAAAAAAAAAAAAAAAAAAAAAAAAAA1AA11111111111111111IIIIIIII
AAAAAAAAAAAAAAAAAAAAAAAAAAAAAAAAAAAA1AAA11111111111111111IIIIIII
AAAAAAAAAAAAAAAAAAAAAAAAAAAAAAAAAAAAAAAA11111111111111111IIIIIII
AAAAAAAAAAAAAAAAAAAAAAAAAAAAAAAAAAAAAAAAA11111111111111111IIIIII
AAAAAAAAAAAAAAAAAAAAAAAAAAAAAAAAAAAAAAAAAA11111111111111111IIIII
AI1II11I1II11I1IIIIIIIIIIIIIIIIIIIIIIIIIIIIIIIIIIIIIIIIIIIIIIIII
AA11I11I1II11I1IIIIIIIIIIIIIIIIIIIIIIIIIIIIIIIIIIIIIIIIIIIIIIIII
AAA1I11I1II11I1IIIIIIIIIIIIIIIIIIIIIIIIIIIIIIIIIIIIIIIIIIIIIIIII
AAAAI11I1II11I1IIIIIIIIIIIIIIIIIIIIIIIIIIIIIIIIIIIIIIIIIIIIIIIII
AAAAA11I11111I111I1IIIIIIIIIIIIIIIIIIIIIIIIIIIIIIIIIIIIIIIIIIIII
AAAAA111111111111I1IIIIIIIIIIIIIIIIIIIIIIIIIIIIIIIIIIIIIIIIIIIII
AAAAAA11111111111111IIIIIIIIIIIIIIIIIIIIIIIIIIIIIIIIIIIIIIIIIIII
AAAAAA1A111111111111I1IIIIIIIIIIIIIIIIIIIIIIIIIIIIIIIIIIIIIIIIII
AAAAAA1AA11111111111111IIIIIIIIIIIIIIIIIIIIIIIIIIIIIIIIIIIIIIIII
AAAAAA1AAA11111111111111IIIIIIIIIIIIIIIIIIIIIIIIIIIIIIIIIIIIIIII
AAAAAAAAAA11111111111111IIIIIIIIIIIIIIIIIIIIIIIIIIIIIIIIIIIIIIII
AAAAAAAAAAA11111111111111IIIIIIIIIIIIIIIIIIIIIIIIIIIIIIIIIIIIIII
AAAAAAAAAAAA11111111111111IIIIIIIIIIIIIIIIIIIIIIIIIIIIIIIIIIIIII
AAAAAAAAAAAA1A111111111111I1IIIIIIIIIIIIIIIIIIIIIIIIIIIIIIIIIIII
AAAAAAAAAAAA1AA11111111111111IIIIIIIIIIIIIIIIIIIIIIIIIIIIIIIIIII
AAAAAAAAAAAA1AAA11111111111111IIIIIIIIIIIIIIIIIIIIIIIIIIIIIIIIII
AAAAAAAAAAAAAAAA11111111111111IIIIIIIIIIIIIIIIIIIIIIIIIIIIIIIIII
AAAAAAAAAAAAAAAAA11111111111111IIIIIIIIIIIIIIIIIIIIIIIIIIIIIIIII
AAAAAAAAAAAAAAAAAA11111111111111IIIIIIIIIIIIIIIIIIIIIIIIIIIIIIII
AAAAAAAAAAAAAAAAAA1A111111111111I1IIIIIIIIIIIIIIIIIIIIIIIIIIIIII
AAAAAAAAAAAAAAAAAA1AA11111111111111IIIIIIIIIIIIIIIIIIIIIIIIIIIII
AAAAAAAAAAAAAAAAAA1AAA11111111111111IIIIIIIIIIIIIIIIIIIIIIIIIIII
AAAAAAAAAAAAAAAAAAAAAA11111111111111IIIIIIIIIIIIIIIIIIIIIIIIIIII
AAAAAAAAAAAAAAAAAAAAAAA11111111111111IIIIIIIIIIIIIIIIIIIIIIIIIII
AAAAAAAAAAAAAAAAAAAAAAAA11111111111111IIIIIIIIIIIIIIIIIIIIIIIIII
AAAAAAAAAAAAAAAAAAAAAAAA1A111111111111I1IIIIIIIIIIIIIIIIIIIIIIII
AAAAAAAAAAAAAAAAAAAAAAAA1AA11111111111111IIIIIIIIIIIIIIIIIIIIIII
AAAAAAAAAAAAAAAAAAAAAAAA1AAA11111111111111IIIIIIIIIIIIIIIIIIIIII
AAAAAAAAAAAAAAAAAAAAAAAAAAAA11111111111111IIIIIIIIIIIIIIIIIIIIII
AAAAAAAAAAAAAAAAAAAAAAAAAAAAA11111111111111IIIIIIIIIIIIIIIIIIIII
AAAAAAAAAAAAAAAAAAAAAAAAAAAAAA11111111111111IIIIIIIIIIIIIIIIIIII
AAAAAAAAAAAAAAAAAAAAAAAAAAAAAA1A111111111111I1IIIIIIIIIIIIIIIIII
AAAAAAAAAAAAAAAAAAAAAAAAAAAAAA1AA11111111111111IIIIIIIIIIIIIIIII
AAAAAAAAAAAAAAAAAAAAAAAAAAAAAA1AAA11111111111111IIIIIIIIIIIIIIII
AAAAAAAAAAAAAAAAAAAAAAAAAAAAAAAAAA11111111111111IIIIIIIIIIIIIIII
AAAAAAAAAAAAAAAAAAAAAAAAAAAAAAAAAAA11111111111111IIIIIIIIIIIIIII
AAAAAAAAAAAAAAAAAAAAAAAAAAAAAAAAAAAA11111111111111IIIIIIIIIIIIII
AAAAAAAAAAAAAAAAAAAAAAAAAAAAAAAAAAAA1A111111111111I1IIIIIIIIIIII
AAAAAAAAAAAAAAAAAAAAAAAAAAAAAAAAAAAA1AA11111111111111IIIIIIIIIII
AAAAAAAAAAAAAAAAAAAAAAAAAAAAAAAAAAAA1AAA11111111111111IIIIIIIIII
AAAAAAAAAAAAAAAAAAAAAAAAAAAAAAAAAAAAAAAA11111111111111IIIIIIIIII
AAAAAAAAAAAAAAAAAAAAAAAAAAAAAAAAAAAAAAAAA11111111111111IIIIIIIII
AAAAAAAAAAAAAAAAAAAAAAAAAAAAAAAAAAAAAAAAAA11111111111111IIIIIIII
AAAAAAAAAAAAAAAAAAAAAAAAAAAAAAAAAAAAAAAAAA1A111111111111I1IIIIII
AAAAAAAAAAAAAAAAAAAAAAAAAAAAAAAAAAAAAAAAAA1AA11111111111111IIIII
AAAAAAAAAAAAAAAAAAAAAAAAAAAAAAAAAAAAAAAAAA1AAA11111111111111IIII
AAAAAAAAAAAAAAAAAAAAAAAAAAAAAAAAAAAAAAAAAAAAAA11111111111111IIII
AAAAAAAAAAAAAAAAAAAAAAAAAAAAAAAAAAAAAAAAAAAAAAA11111111111111III
AAAAAAAAAAAAAAAAAAAAAAAAAAAAAAAAAAAAAAAAAAAAAAAA11111111111111II
AAAAAAAAAAAAAAAAAAAAAAAAAAAAAAAAAAAAAAAAAAAAAAAA1A111111111111I1
AAAAAAAAAAAAAAAAAAAAAAAAAAAAAAAAAAAAAAAAAAAAAAAA1AA1111111111111
AAAAAAAAAAAAAAAAAAAAAAAAAAAAAAAAAAAAAAAAAAAAAAAA1AAA111111111111
AAAAAAAAAAAAAAAAAAAAAAAAAAAAAAAAAAAAAAAAAAAAAAAAAAAA111111111111
AAAAAAAAAAAAAAAAAAAAAAAAAAAAAAAAAAAAAAAAAAAAAAAAAAAAA11111111111
AAAAAAAAAAAAAAAAAAAAAAAAAAAAAAAAAAAAAAAAAAAAAAAAAAAAAA1111111111
AAAAAAAAAAAAAAAAAAAAAAAAAAAAAAAAAAAAAAAAAAAAAAAAAAAAAA1A11111111
AAAAAAAAAAAAAAAAAAAAAAAAAAAAAAAAAAAAAAAAAAAAAAAAAAAAAA1AA1111111
AAAAAAAAAAAAAAAAAAAAAAAAAAAAAAAAAAAAAAAAAAAAAAAAAAAAAA1AAA111111
AAAAAAAAAAAAAAAAAAAAAAAAAAAAAAAAAAAAAAAAAAAAAAAAAAAAAAAAAA111111
AAAAAAAAAAAAAAAAAAAAAAAAAAAAAAAAAAAAAAAAAAAAAAAAAAAAAAAAAAA11111
AAAAAAAAAAAAAAAAAAAAAAAAAAAAAAAAAAAAAAAAAAAAAAAAAAAAAAAAAAAA1111
AAAAAAAAAAAAAAAAAAAAAAAAAAAAAAAAAAAAAAAAAAAAAAAAAAAAAAAAAAAA1A11
AAAAAAAAAAAAAAAAAAAAAAAAAAAAAAAAAAAAAAAAAAAAAAAAAAAAAAAAAAAA1AA1
AAAAAAAAAAAAAAAAAAAAAAAAAAAAAAAAAAAAAAAAAAAAAAAAAAAAAAAAAAAA1AAA
AAAAAAAAAAAAAAAAAAAAAAAAAAAAAAAAAAAAAAAAAAAAAAAAAAAAAAAAAAAAAAAA
AIIII11III111III11IIIIIIIIIIIIIIIIIIIIIIIIIIIIIIIIIIIIIIIIIIIIII
AAIII111II111III11IIIIIIIIIIIIIIIIIIIIIIIIIIIIIIIIIIIIIIIIIIIIII
AAAII111II111III11IIIIIIIIIIIIIIIIIIIIIIIIIIIIIIIIIIIIIIIIIIIIII
AAAAI111II111III11IIIIIIIIIIIIIIIIIIIIIIIIIIIIIIIIIIIIIIIIIIIIII
AAAAA111I1111I1111II11IIIIIIIIIIIIIIIIIIIIIIIIIIIIIIIIIIIIIIIIII
AAAAA11111111111111I11IIIIIIIIIIIIIIIIIIIIIIIIIIIIIIIIIIIIIIIIII
AAAAAA1111111111111I111IIIIIIIIIIIIIIIIIIIIIIIIIIIIIIIIIIIIIIIII
AAAAAA1A11111111111111111IIIIIIIIIIIIIIIIIIIIIIIIIIIIIIIIIIIIIII
AAAAAA1AA11111111111111111IIIIIIIIIIIIIIIIIIIIIIIIIIIIIIIIIIIIII
AAAAAA1AAA11111111111111111IIIIIIIIIIIIIIIIIIIIIIIIIIIIIIIIIIIII
AAAAAAAAAA11111111111111111IIIIIIIIIIIIIIIIIIIIIIIIIIIIIIIIIIIII
AAAAAAAAAAA11111111111111111IIIIIIIIIIIIIIIIIIIIIIIIIIIIIIIIIIII
AAAAAAAAAAAA11111111111111111IIIIIIIIIIIIIIIIIIIIIIIIIIIIIIIIIII
AAAAAAAAAAAA1A11111111111111111IIIIIIIIIIIIIIIIIIIIIIIIIIIIIIIII
AAAAAAAAAAAA1AA11111111111111111IIIIIIIIIIIIIIIIIIIIIIIIIIIIIIII
AAAAAAAAAAAA1AAA11111111111111111IIIIIIIIIIIIIIIIIIIIIIIIIIIIIII
AAAAAAAAAAAAAAAA11111111111111111IIIIIIIIIIIIIIIIIIIIIIIIIIIIIII
AAAAAAAAAAAAAAAAA11111111111111111IIIIIIIIIIIIIIIIIIIIIIIIIIIIII
AAAAAAAAAAAAAAAAAA11111111111111111IIIIIIIIIIIIIIIIIIIIIIIIIIIII
AAAAAAAAAAAAAAAAAA1A11111111111111111IIIIIIIIIIIIIIIIIIIIIIIIIII
AAAAAAAAAAAAAAAAAA1AA11111111111111111IIIIIIIIIIIIIIIIIIIIIIIIII
AAAAAAAAAAAAAAAAAA1AAA11111111111111111IIIIIIIIIIIIIIIIIIIIIIIII
AAAAAAAAAAAAAAAAAAAAAA11111111111111111IIIIIIIIIIIIIIIIIIIIIIIII
AAAAAAAAAAAAAAAAAAAAAAA11111111111111111IIIIIIIIIIIIIIIIIIIIIIII
AAAAAAAAAAAAAAAAAAAAAAAA11111111111111111IIIIIIIIIIIIIIIIIIIIIII
AAAAAAAAAAAAAAAAAAAAAAAA1A11111111111111111IIIIIIIIIIIIIIIIIIIII
AAAAAAAAAAAAAAAAAAAAAAAA1AA11111111111111111IIIIIIIIIIIIIIIIIIII
AAAAAAAAAAAAAAAAAAAAAAAA1AAA11111111111111111IIIIIIIIIIIIIIIIIII
AAAAAAAAAAAAAAAAAAAAAAAAAAAA11111111111111111IIIIIIIIIIIIIIIIIII
AAAAAAAAAAAAAAAAAAAAAAAAAAAAA11111111111111111IIIIIIIIIIIIIIIIII
AAAAAAAAAAAAAAAAAAAAAAAAAAAAAA11111111111111111IIIIIIIIIIIIIIIII
AAAAAAAAAAAAAAAAAAAAAAAAAAAAAA1A11111111111111111IIIIIIIIIIIIIII
AAAAAAAAAAAAAAAAAAAAAAAAAAAAAA1AA11111111111111111IIIIIIIIIIIIII
AAAAAAAAAAAAAAAAAAAAAAAAAAAAAA1AAA11111111111111111IIIIIIIIIIIII
AAAAAAAAAAAAAAAAAAAAAAAAAAAAAAAAAA11111111111111111IIIIIIIIIIIII
AAAAAAAAAAAAAAAAAAAAAAAAAAAAAAAAAAA11111111111111111IIIIIIIIIIII
AAAAAAAAAAAAAAAAAAAAAAAAAAAAAAAAAAAA11111111111111111IIIIIIIIIII
AAAAAAAAAAAAAAAAAAAAAAAAAAAAAAAAAAAA1A11111111111111111IIIIIIIII
AAAAAAAAAAAAAAAAAAAAAAAAAAAAAAAAAAAA1AA11111111111111111IIIIIIII
AAAAAAAAAAAAAAAAAAAAAAAAAAAAAAAAAAAA1AAA11111111111111111IIIIIII
AAAAAAAAAAAAAAAAAAAAAAAAAAAAAAAAAAAAAAAA11111111111111111IIIIIII
AAAAAAAAAAAAAAAAAAAAAAAAAAAAAAAAAAAAAAAAA11111111111111111IIIIII
AAAAAAAAAAAAAAAAAAAAAAAAAAAAAAAAAAAAAAAAAA11111111111111111IIIII
AAAAAAAAAAAAAAAAAAAAAAAAAAAAAAAAAAAAAAAAAA1A11111111111111111III
AAAAAAAAAAAAAAAAAAAAAAAAAAAAAAAAAAAAAAAAAA1AA11111111111111111II
AAAAAAAAAAAAAAAAAAAAAAAAAAAAAAAAAAAAAAAAAA1AAA11111111111111111I
AAAAAAAAAAAAAAAAAAAAAAAAAAAAAAAAAAAAAAAAAAAAAA11111111111111111I
AAAAAAAAAAAAAAAAAAAAAAAAAAAAAAAAAAAAAAAAAAAAAAA11111111111111111
AAAAAAAAAAAAAAAAAAAAAAAAAAAAAAAAAAAAAAAAAAAAAAAA1111111111111111
AAAAAAAAAAAAAAAAAAAAAAAAAAAAAAAAAAAAAAAAAAAAAAAA1A11111111111111
AAAAAAAAAAAAAAAAAAAAAAAAAAAAAAAAAAAAAAAAAAAAAAAA1AA1111111111111
AAAAAAAAAAAAAAAAAAAAAAAAAAAAAAAAAAAAAAAAAAAAAAAA1AAA111111111111
AAAAAAAAAAAAAAAAAAAAAAAAAAAAAAAAAAAAAAAAAAAAAAAAAAAA111111111111
AAAAAAAAAAAAAAAAAAAAAAAAAAAAAAAAAAAAAAAAAAAAAAAAAAAAA11111111111
AAAAAAAAAAAAAAAAAAAAAAAAAAAAAAAAAAAAAAAAAAAAAAAAAAAAAA1111111111
AAAAAAAAAAAAAAAAAAAAAAAAAAAAAAAAAAAAAAAAAAAAAAAAAAAAAA1A11111111
AAAAAAAAAAAAAAAAAAAAAAAAAAAAAAAAAAAAAAAAAAAAAAAAAAAAAA1AA1111111
AAAAAAAAAAAAAAAAAAAAAAAAAAAAAAAAAAAAAAAAAAAAAAAAAAAAAA1AAA111111
AAAAAAAAAAAAAAAAAAAAAAAAAAAAAAAAAAAAAAAAAAAAAAAAAAAAAAAAAA111111
AAAAAAAAAAAAAAAAAAAAAAAAAAAAAAAAAAAAAAAAAAAAAAAAAAAAAAAAAAA11111
AAAAAAAAAAAAAAAAAAAAAAAAAAAAAAAAAAAAAAAAAAAAAAAAAAAAAAAAAAAA1111
AAAAAAAAAAAAAAAAAAAAAAAAAAAAAAAAAAAAAAAAAAAAAAAAAAAAAAAAAAAA1A11
AAAAAAAAAAAAAAAAAAAAAAAAAAAAAAAAAAAAAAAAAAAAAAAAAAAAAAAAAAAA1AA1
AAAAAAAAAAAAAAAAAAAAAAAAAAAAAAAAAAAAAAAAAAAAAAAAAAAAAAAAAAAA1AAA
AAAAAAAAAAAAAAAAAAAAAAAAAAAAAAAAAAAAAAAAAAAAAAAAAAAAAAAAAAAAAAAA
AI1I111I1II11I1IIIIIIIIIIIIIIIIIIIIIIIIIIIIIIIIIIIIIIIIIIIIIIIII
AA1I111I1II11I1IIIIIIIIIIIIIIIIIIIIIIIIIIIIIIIIIIIIIIIIIIIIIIIII
AAAI111I1II11I1IIIIIIIIIIIIIIIIIIIIIIIIIIIIIIIIIIIIIIIIIIIIIIIII
AAAA111I1II11I1IIIIIIIIIIIIIIIIIIIIIIIIIIIIIIIIIIIIIIIIIIIIIIIII
AAAAA11I11111I111I1IIIIIIIIIIIIIIIIIIIIIIIIIIIIIIIIIIIIIIIIIIIII
AAAAA111111111111I1IIIIIIIIIIIIIIIIIIIIIIIIIIIIIIIIIIIIIIIIIIIII
AAAAAA11111111111111IIIIIIIIIIIIIIIIIIIIIIIIIIIIIIIIIIIIIIIIIIII
AAAAAA1A111111111111I1IIIIIIIIIIIIIIIIIIIIIIIIIIIIIIIIIIIIIIIIII
AAAAAA1AA11111111111111IIIIIIIIIIIIIIIIIIIIIIIIIIIIIIIIIIIIIIIII
AAAAAA1AAA11111111111111IIIIIIIIIIIIIIIIIIIIIIIIIIIIIIIIIIIIIIII
AAAAAAAAAA11111111111111IIIIIIIIIIIIIIIIIIIIIIIIIIIIIIIIIIIIIIII
AAAAAAAAAAA11111111111111IIIIIIIIIIIIIIIIIIIIIIIIIIIIIIIIIIIIIII
AAAAAAAAAAAA11111111111111IIIIIIIIIIIIIIIIIIIIIIIIIIIIIIIIIIIIII
AAAAAAAAAAAA1A111111111111I1IIIIIIIIIIIIIIIIIIIIIIIIIIIIIIIIIIII
AAAAAAAAAAAA1AA11111111111111IIIIIIIIIIIIIIIIIIIIIIIIIIIIIIIIIII
AAAAAAAAAAAA1AAA11111111111111IIIIIIIIIIIIIIIIIIIIIIIIIIIIIIIIII
AAAAAAAAAAAAAAAA11111111111111IIIIIIIIIIIIIIIIIIIIIIIIIIIIIIIIII
AAAAAAAAAAAAAAAAA11111111111111IIIIIIIIIIIIIIIIIIIIIIIIIIIIIIIII
AAAAAAAAAAAAAAAAAA11111111111111IIIIIIIIIIIIIIIIIIIIIIIIIIIIIIII
AAAAAAAAAAAAAAAAAA1A111111111111I1IIIIIIIIIIIIIIIIIIIIIIIIIIIIII
AAAAAAAAAAAAAAAAAA1AA11111111111111IIIIIIIIIIIIIIIIIIIIIIIIIIIII
AAAAAAAAAAAAAAAAAA1AAA11111111111111IIIIIIIIIIIIIIIIIIIIIIIIIIII
AAAAAAAAAAAAAAAAAAAAAA11111111111111IIIIIIIIIIIIIIIIIIIIIIIIIIII
AAAAAAAAAAAAAAAAAAAAAAA11111111111111IIIIIIIIIIIIIIIIIIIIIIIIIII
AAAAAAAAAAAAAAAAAAAAAAAA11111111111111IIIIIIIIIIIIIIIIIIIIIIIIII
AAAAAAAAAAAAAAAAAAAAAAAA1A111111111111I1IIIIIIIIIIIIIIIIIIIIIIII
AAAAAAAAAAAAAAAAAAAAAAAA1AA11111111111111IIIIIIIIIIIIIIIIIIIIIII
AAAAAAAAAAAAAAAAAAAAAAAA1AAA11111111111111IIIIIIIIIIIIIIIIIIIIII
AAAAAAAAAAAAAAAAAAAAAAAAAAAA11111111111111IIIIIIIIIIIIIIIIIIIIII
AAAAAAAAAAAAAAAAAAAAAAAAAAAAA11111111111111IIIIIIIIIIIIIIIIIIIII
AAAAAAAAAAAAAAAAAAAAAAAAAAAAAA11111111111111IIIIIIIIIIIIIIIIIIII
AAAAAAAAAAAAAAAAAAAAAAAAAAAAAA1A111111111111I1IIIIIIIIIIIIIIIIII
AAAAAAAAAAAAAAAAAAAAAAAAAAAAAA1AA11111111111111IIIIIIIIIIIIIIIII
AAAAAAAAAAAAAAAAAAAAAAAAAAAAAA1AAA11111111111111IIIIIIIIIIIIIIII
AAAAAAAAAAAAAAAAAAAAAAAAAAAAAAAAAA11111111111111IIIIIIIIIIIIIIII
AAAAAAAAAAAAAAAAAAAAAAAAAAAAAAAAAAA11111111111111IIIIIIIIIIIIIII
AAAAAAAAAAAAAAAAAAAAAAAAAAAAAAAAAAAA11111111111111IIIIIIIIIIIIII
AAAAAAAAAAAAAAAAAAAAAAAAAAAAAAAAAAAA1A111111111111I1IIIIIIIIIIII
AAAAAAAAAAAAAAAAAAAAAAAAAAAAAAAAAAAA1AA11111111111111IIIIIIIIIII
AAAAAAAAAAAAAAAAAAAAAAAAAAAAAAAAAAAA1AAA11111111111111IIIIIIIIII
AAAAAAAAAAAAAAAAAAAAAAAAAAAAAAAAAAAAAAAA11111111111111IIIIIIIIII
AAAAAAAAAAAAAAAAAAAAAAAAAAAAAAAAAAAAAAAAA11111111111111IIIIIIIII
AAAAAAAAAAAAAAAAAAAAAAAAAAAAAAAAAAAAAAAAAA11111111111111IIIIIIII
AAAAAAAAAAAAAAAAAAAAAAAAAAAAAAAAAAAAAAAAAA1A111111111111I1IIIIII
AAAAAAAAAAAAAAAAAAAAAAAAAAAAAAAAAAAAAAAAAA1AA11111111111111IIIII
AAAAAAAAAAAAAAAAAAAAAAAAAAAAAAAAAAAAAAAAAA1AAA11111111111111IIII
AAAAAAAAAAAAAAAAAAAAAAAAAAAAAAAAAAAAAAAAAAAAAA11111111111111IIII
AAAAAAAAAAAAAAAAAAAAAAAAAAAAAAAAAAAAAAAAAAAAAAA11111111111111III
AAAAAAAAAAAAAAAAAAAAAAAAAAAAAAAAAAAAAAAAAAAAAAAA11111111111111II
AAAAAAAAAAAAAAAAAAAAAAAAAAAAAAAAAAAAAAAAAAAAAAAA1A111111111111I1
AAAAAAAAAAAAAAAAAAAAAAAAAAAAAAAAAAAAAAAAAAAAAAAA1AA1111111111111
AAAAAAAAAAAAAAAAAAAAAAAAAAAAAAAAAAAAAAAAAAAAAAAA1AAA111111111111
AAAAAAAAAAAAAAAAAAAAAAAAAAAAAAAAAAAAAAAAAAAAAAAAAAAA111111111111
AAAAAAAAAAAAAAAAAAAAAAAAAAAAAAAAAAAAAAAAAAAAAAAAAAAAA11111111111
AAAAAAAAAAAAAAAAAAAAAAAAAAAAAAAAAAAAAAAAAAAAAAAAAAAAAA1111111111
AAAAAAAAAAAAAAAAAAAAAAAAAAAAAAAAAAAAAAAAAAAAAAAAAAAAAA1A11111111
AAAAAAAAAAAAAAAAAAAAAAAAAAAAAAAAAAAAAAAAAAAAAAAAAAAAAA1AA1111111
AAAAAAAAAAAAAAAAAAAAAAAAAAAAAAAAAAAAAAAAAAAAAAAAAAAAAA1AAA111111
AAAAAAAAAAAAAAAAAAAAAAAAAAAAAAAAAAAAAAAAAAAAAAAAAAAAAAAAAA111111
AAAAAAAAAAAAAAAAAAAAAAAAAAAAAAAAAAAAAAAAAAAAAAAAAAAAAAAAAAA11111
AAAAAAAAAAAAAAAAAAAAAAAAAAAAAAAAAAAAAAAAAAAAAAAAAAAAAAAAAAAA1111
AAAAAAAAAAAAAAAAAAAAAAAAAAAAAAAAAAAAAAAAAAAAAAAAAAAAAAAAAAAA1A11
AAAAAAAAAAAAAAAAAAAAAAAAAAAAAAAAAAAAAAAAAAAAAAAAAAAAAAAAAAAA1AA1
AAAAAAAAAAAAAAAAAAAAAAAAAAAAAAAAAAAAAAAAAAAAAAAAAAAAAAAAAAAA1AAA
AAAAAAAAAAAAAAAAAAAAAAAAAAAAAAAAAAAAAAAAAAAAAAAAAAAAAAAAAAAAAAAA
AIIII11IIII11IIII1IIIIIIIIIIIIIIIIIIIIIIIIIIIIIIIIIIIIIIIIIIIIII
AAIII111III111III11IIIIIIIIIIIIIIIIIIIIIIIIIIIIIIIIIIIIIIIIIIIII
AAAII111III111III11IIIIIIIIIIIIIIIIIIIIIIIIIIIIIIIIIIIIIIIIIIIII
AAAAI111III111III11IIIIIIIIIIIIIIIIIIIIIIIIIIIIIIIIIIIIIIIIIIIII
AAAAI1111II1111II111IIIIIIIIIIIIIIIIIIIIIIIIIIIIIIIIIIIIIIIIIIII
AAAAA111111111111111I1IIIIIIIIIIIIIIIIIIIIIIIIIIIIIIIIIIIIIIIIII
AAAAAA11111111111111I11IIIIIIIIIIIIIIIIIIIIIIIIIIIIIIIIIIIIIIIII
AAAAAA1A111111111111I11I1IIIIIIIIIIIIIIIIIIIIIIIIIIIIIIIIIIIIIII
AAAAAA1AA11111111111111I11IIIIIIIIIIIIIIIIIIIIIIIIIIIIIIIIIIIIII
AAAAAA1AAA1111111111111I111IIIIIIIIIIIIIIIIIIIIIIIIIIIIIIIIIIIII
AAAAAAAAAA11111111111111111IIIIIIIIIIIIIIIIIIIIIIIIIIIIIIIIIIIII
AAAAAAAAAAA11111111111111111IIIIIIIIIIIIIIIIIIIIIIIIIIIIIIIIIIII
AAAAAAAAAAAA11111111111111111IIIIIIIIIIIIIIIIIIIIIIIIIIIIIIIIIII
AAAAAAAAAAAA1A111111111111111I1IIIIIIIIIIIIIIIIIIIIIIIIIIIIIIIII
AAAAAAAAAAAA1AA11111111111111I11IIIIIIIIIIIIIIIIIIIIIIIIIIIIIIII
AAAAAAAAAAAA1AAA1111111111111I111IIIIIIIIIIIIIIIIIIIIIIIIIIIIIII
AAAAAAAAAAAAAAAA11111111111111111IIIIIIIIIIIIIIIIIIIIIIIIIIIIIII
AAAAAAAAAAAAAAAAA11111111111111111IIIIIIIIIIIIIIIIIIIIIIIIIIIIII
AAAAAAAAAAAAAAAAAA11111111111111111IIIIIIIIIIIIIIIIIIIIIIIIIIIII
AAAAAAAAAAAAAAAAAA1A111111111111111I1IIIIIIIIIIIIIIIIIIIIIIIIIII
AAAAAAAAAAAAAAAAAA1AA11111111111111I11IIIIIIIIIIIIIIIIIIIIIIIIII
AAAAAAAAAAAAAAAAAA1AAA1111111111111I111IIIIIIIIIIIIIIIIIIIIIIIII
AAAAAAAAAAAAAAAAAAAAAA11111111111111111IIIIIIIIIIIIIIIIIIIIIIIII
AAAAAAAAAAAAAAAAAAAAAAA11111111111111111IIIIIIIIIIIIIIIIIIIIIIII
AAAAAAAAAAAAAAAAAAAAAAAA11111111111111111IIIIIIIIIIIIIIIIIIIIIII
AAAAAAAAAAAAAAAAAAAAAAAA1A111111111111111I1IIIIIIIIIIIIIIIIIIIII
AAAAAAAAAAAAAAAAAAAAAAAA1AA11111111111111I11IIIIIIIIIIIIIIIIIIII
AAAAAAAAAAAAAAAAAAAAAAAA1AAA1111111111111I111IIIIIIIIIIIIIIIIIII
AAAAAAAAAAAAAAAAAAAAAAAAAAAA11111111111111111IIIIIIIIIIIIIIIIIII
AAAAAAAAAAAAAAAAAAAAAAAAAAAAA11111111111111111IIIIIIIIIIIIIIIIII
AAAAAAAAAAAAAAAAAAAAAAAAAAAAAA11111111111111111IIIIIIIIIIIIIIIII
AAAAAAAAAAAAAAAAAAAAAAAAAAAAAA1A111111111111111I1IIIIIIIIIIIIIII
AAAAAAAAAAAAAAAAAAAAAAAAAAAAAA1AA11111111111111I11IIIIIIIIIIIIII
AAAAAAAAAAAAAAAAAAAAAAAAAAAAAA1AAA1111111111111I111IIIIIIIIIIIII
AAAAAAAAAAAAAAAAAAAAAAAAAAAAAAAAAA11111111111111111IIIIIIIIIIIII
AAAAAAAAAAAAAAAAAAAAAAAAAAAAAAAAAAA11111111111111111IIIIIIIIIIII
AAAAAAAAAAAAAAAAAAAAAAAAAAAAAAAAAAAA11111111111111111IIIIIIIIIII
AAAAAAAAAAAAAAAAAAAAAAAAAAAAAAAAAAAA1A111111111111111I1IIIIIIIII
AAAAAAAAAAAAAAAAAAAAAAAAAAAAAAAAAAAA1AA11111111111111I11IIIIIIII
AAAAAAAAAAAAAAAAAAAAAAAAAAAAAAAAAAAA1AAA1111111111111I111IIIIIII
AAAAAAAAAAAAAAAAAAAAAAAAAAAAAAAAAAAAAAAA11111111111111111IIIIIII
AAAAAAAAAAAAAAAAAAAAAAAAAAAAAAAAAAAAAAAAA11111111111111111IIIIII
AAAAAAAAAAAAAAAAAAAAAAAAAAAAAAAAAAAAAAAAAA11111111111111111IIIII
AAAAAAAAAAAAAAAAAAAAAAAAAAAAAAAAAAAAAAAAAA1A111111111111111I1III
AAAAAAAAAAAAAAAAAAAAAAAAAAAAAAAAAAAAAAAAAA1AA11111111111111I11II
AAAAAAAAAAAAAAAAAAAAAAAAAAAAAAAAAAAAAAAAAA1AAA1111111111111I111I
AAAAAAAAAAAAAAAAAAAAAAAAAAAAAAAAAAAAAAAAAAAAAA11111111111111111I
AAAAAAAAAAAAAAAAAAAAAAAAAAAAAAAAAAAAAAAAAAAAAAA11111111111111111
AAAAAAAAAAAAAAAAAAAAAAAAAAAAAAAAAAAAAAAAAAAAAAAA1111111111111111
AAAAAAAAAAAAAAAAAAAAAAAAAAAAAAAAAAAAAAAAAAAAAAAA1A11111111111111
AAAAAAAAAAAAAAAAAAAAAAAAAAAAAAAAAAAAAAAAAAAAAAAA1AA1111111111111
AAAAAAAAAAAAAAAAAAAAAAAAAAAAAAAAAAAAAAAAAAAAAAAA1AAA111111111111
AAAAAAAAAAAAAAAAAAAAAAAAAAAAAAAAAAAAAAAAAAAAAAAAAAAA111111111111
AAAAAAAAAAAAAAAAAAAAAAAAAAAAAAAAAAAAAAAAAAAAAAAAAAAAA11111111111
AAAAAAAAAAAAAAAAAAAAAAAAAAAAAAAAAAAAAAAAAAAAAAAAAAAAAA1111111111
AAAAAAAAAAAAAAAAAAAAAAAAAAAAAAAAAAAAAAAAAAAAAAAAAAAAAA1A11111111
AAAAAAAAAAAAAAAAAAAAAAAAAAAAAAAAAAAAAAAAAAAAAAAAAAAAAA1AA1111111
AAAAAAAAAAAAAAAAAAAAAAAAAAAAAAAAAAAAAAAAAAAAAAAAAAAAAA1AAA111111
AAAAAAAAAAAAAAAAAAAAAAAAAAAAAAAAAAAAAAAAAAAAAAAAAAAAAAAAAA111111
AAAAAAAAAAAAAAAAAAAAAAAAAAAAAAAAAAAAAAAAAAAAAAAAAAAAAAAAAAA11111
AAAAAAAAAAAAAAAAAAAAAAAAAAAAAAAAAAAAAAAAAAAAAAAAAAAAAAAAAAAA1111
AAAAAAAAAAAAAAAAAAAAAAAAAAAAAAAAAAAAAAAAAAAAAAAAAAAAAAAAAAAAA111
AAAAAAAAAAAAAAAAAAAAAAAAAAAAAAAAAAAAAAAAAAAAAAAAAAAAAAAAAAAAA1A1
AAAAAAAAAAAAAAAAAAAAAAAAAAAAAAAAAAAAAAAAAAAAAAAAAAAAAAAAAAAAA1AA
AAAAAAAAAAAAAAAAAAAAAAAAAAAAAAAAAAAAAAAAAAAAAAAAAAAAAAAAAAAAAAAA
AIIII11IIII11IIII1IIIIIIIIIIIIIIIIIIIIIIIIIIIIIIIIIIIIIIIIIIIIII
AAIII111III111III11IIIIIIIIIIIIIIIIIIIIIIIIIIIIIIIIIIIIIIIIIIIII
AAAII111III111III11IIIIIIIIIIIIIIIIIIIIIIIIIIIIIIIIIIIIIIIIIIIII
AAAAI111III111III11IIIIIIIIIIIIIIIIIIIIIIIIIIIIIIIIIIIIIIIIIIIII
AAAAA111I11111I1111II1IIIIIIIIIIIIIIIIIIIIIIIIIIIIIIIIIIIIIIIIII
AAAAA111111111111111I1IIIIIIIIIIIIIIIIIIIIIIIIIIIIIIIIIIIIIIIIII
AAAAAA11111111111111I11IIIIIIIIIIIIIIIIIIIIIIIIIIIIIIIIIIIIIIIII
AAAAAA1A111111111111I11I1IIIIIIIIIIIIIIIIIIIIIIIIIIIIIIIIIIIIIII
AAAAAA1AA11111111111111I11IIIIIIIIIIIIIIIIIIIIIIIIIIIIIIIIIIIIII
AAAAAA1AAA1111111111111I111IIIIIIIIIIIIIIIIIIIIIIIIIIIIIIIIIIIII
AAAAAAAAAA11111111111111111IIIIIIIIIIIIIIIIIIIIIIIIIIIIIIIIIIIII
AAAAAAAAAAA11111111111111111IIIIIIIIIIIIIIIIIIIIIIIIIIIIIIIIIIII
AAAAAAAAAAAA11111111111111111IIIIIIIIIIIIIIIIIIIIIIIIIIIIIIIIIII
AAAAAAAAAAAA1A111111111111111I1IIIIIIIIIIIIIIIIIIIIIIIIIIIIIIIII
AAAAAAAAAAAA1AA11111111111111I11IIIIIIIIIIIIIIIIIIIIIIIIIIIIIIII
AAAAAAAAAAAA1AAA1111111111111I111IIIIIIIIIIIIIIIIIIIIIIIIIIIIIII
AAAAAAAAAAAAAAAA11111111111111111IIIIIIIIIIIIIIIIIIIIIIIIIIIIIII
AAAAAAAAAAAAAAAAA11111111111111111IIIIIIIIIIIIIIIIIIIIIIIIIIIIII
AAAAAAAAAAAAAAAAAA11111111111111111IIIIIIIIIIIIIIIIIIIIIIIIIIIII
AAAAAAAAAAAAAAAAAA1A111111111111111I1IIIIIIIIIIIIIIIIIIIIIIIIIII
AAAAAAAAAAAAAAAAAA1AA11111111111111I11IIIIIIIIIIIIIIIIIIIIIIIIII
AAAAAAAAAAAAAAAAAA1AAA1111111111111I111IIIIIIIIIIIIIIIIIIIIIIIII
AAAAAAAAAAAAAAAAAAAAAA11111111111111111IIIIIIIIIIIIIIIIIIIIIIIII
AAAAAAAAAAAAAAAAAAAAAAA11111111111111111IIIIIIIIIIIIIIIIIIIIIIII
AAAAAAAAAAAAAAAAAAAAAAAA11111111111111111IIIIIIIIIIIIIIIIIIIIIII
AAAAAAAAAAAAAAAAAAAAAAAA1A111111111111111I1IIIIIIIIIIIIIIIIIIIII
AAAAAAAAAAAAAAAAAAAAAAAA1AA11111111111111I11IIIIIIIIIIIIIIIIIIII
AAAAAAAAAAAAAAAAAAAAAAAA1AAA1111111111111I111IIIIIIIIIIIIIIIIIII
AAAAAAAAAAAAAAAAAAAAAAAAAAAA11111111111111111IIIIIIIIIIIIIIIIIII
AAAAAAAAAAAAAAAAAAAAAAAAAAAAA11111111111111111IIIIIIIIIIIIIIIIII
AAAAAAAAAAAAAAAAAAAAAAAAAAAAAA11111111111111111IIIIIIIIIIIIIIIII
AAAAAAAAAAAAAAAAAAAAAAAAAAAAAA1A111111111111111I1IIIIIIIIIIIIIII
AAAAAAAAAAAAAAAAAAAAAAAAAAAAAA1AA11111111111111I11IIIIIIIIIIIIII
AAAAAAAAAAAAAAAAAAAAAAAAAAAAAA1AAA1111111111111I111IIIIIIIIIIIII
AAAAAAAAAAAAAAAAAAAAAAAAAAAAAAAAAA11111111111111111IIIIIIIIIIIII
AAAAAAAAAAAAAAAAAAAAAAAAAAAAAAAAAAA11111111111111111IIIIIIIIIIII
AAAAAAAAAAAAAAAAAAAAAAAAAAAAAAAAAAAA11111111111111111IIIIIIIIIII
AAAAAAAAAAAAAAAAAAAAAAAAAAAAAAAAAAAA1A111111111111111I1IIIIIIIII
AAAAAAAAAAAAAAAAAAAAAAAAAAAAAAAAAAAA1AA11111111111111I11IIIIIIII
AAAAAAAAAAAAAAAAAAAAAAAAAAAAAAAAAAAA1AAA1111111111111I111IIIIIII
AAAAAAAAAAAAAAAAAAAAAAAAAAAAAAAAAAAAAAAA11111111111111111IIIIIII
AAAAAAAAAAAAAAAAAAAAAAAAAAAAAAAAAAAAAAAAA11111111111111111IIIIII
AAAAAAAAAAAAAAAAAAAAAAAAAAAAAAAAAAAAAAAAAA11111111111111111IIIII
AAAAAAAAAAAAAAAAAAAAAAAAAAAAAAAAAAAAAAAAAA1A111111111111111I1III
AAAAAAAAAAAAAAAAAAAAAAAAAAAAAAAAAAAAAAAAAA1AA11111111111111I11II
AAAAAAAAAAAAAAAAAAAAAAAAAAAAAAAAAAAAAAAAAA1AAA1111111111111I111I
AAAAAAAAAAAAAAAAAAAAAAAAAAAAAAAAAAAAAAAAAAAAAA11111111111111111I
AAAAAAAAAAAAAAAAAAAAAAAAAAAAAAAAAAAAAAAAAAAAAAA11111111111111111
AAAAAAAAAAAAAAAAAAAAAAAAAAAAAAAAAAAAAAAAAAAAAAAA1111111111111111
AAAAAAAAAAAAAAAAAAAAAAAAAAAAAAAAAAAAAAAAAAAAAAAA1A11111111111111
AAAAAAAAAAAAAAAAAAAAAAAAAAAAAAAAAAAAAAAAAAAAAAAA1AA1111111111111
AAAAAAAAAAAAAAAAAAAAAAAAAAAAAAAAAAAAAAAAAAAAAAAA1AAA111111111111
AAAAAAAAAAAAAAAAAAAAAAAAAAAAAAAAAAAAAAAAAAAAAAAAAAAA111111111111
AAAAAAAAAAAAAAAAAAAAAAAAAAAAAAAAAAAAAAAAAAAAAAAAAAAAA11111111111
AAAAAAAAAAAAAAAAAAAAAAAAAAAAAAAAAAAAAAAAAAAAAAAAAAAAAA1111111111
AAAAAAAAAAAAAAAAAAAAAAAAAAAAAAAAAAAAAAAAAAAAAAAAAAAAAA1A11111111
AAAAAAAAAAAAAAAAAAAAAAAAAAAAAAAAAAAAAAAAAAAAAAAAAAAAAA1AA1111111
AAAAAAAAAAAAAAAAAAAAAAAAAAAAAAAAAAAAAAAAAAAAAAAAAAAAAA1AAA111111
AAAAAAAAAAAAAAAAAAAAAAAAAAAAAAAAAAAAAAAAAAAAAAAAAAAAAAAAAA111111
AAAAAAAAAAAAAAAAAAAAAAAAAAAAAAAAAAAAAAAAAAAAAAAAAAAAAAAAAAA11111
AAAAAAAAAAAAAAAAAAAAAAAAAAAAAAAAAAAAAAAAAAAAAAAAAAAAAAAAAAAA1111
AAAAAAAAAAAAAAAAAAAAAAAAAAAAAAAAAAAAAAAAAAAAAAAAAAAAAAAAAAAA1A11
AAAAAAAAAAAAAAAAAAAAAAAAAAAAAAAAAAAAAAAAAAAAAAAAAAAAAAAAAAAA1AA1
AAAAAAAAAAAAAAAAAAAAAAAAAAAAAAAAAAAAAAAAAAAAAAAAAAAAAAAAAAAA1AAA
AAAAAAAAAAAAAAAAAAAAAAAAAAAAAAAAAAAAAAAAAAAAAAAAAAAAAAAAAAAAAAAA
AIIII11IIII11IIII1IIIIIIIIIIIIIIIIIIIIIIIIIIIIIIIIIIIIIIIIIIIIII
AAIII111III111III11IIIIIIIIIIIIIIIIIIIIIIIIIIIIIIIIIIIIIIIIIIIII
AAAII111III111III11IIIIIIIIIIIIIIIIIIIIIIIIIIIIIIIIIIIIIIIIIIIII
AAAII1111II1111II111IIIIIIIIIIIIIIIIIIIIIIIIIIIIIIIIIIIIIIIIIIII
AAAAI11111I11111I1111IIIIIIIIIIIIIIIIIIIIIIIIIIIIIIIIIIIIIIIIIII
AAAAA11111111111111111IIIIIIIIIIIIIIIIIIIIIIIIIIIIIIIIIIIIIIIIII
AAAAAA11111111111111111IIIIIIIIIIIIIIIIIIIIIIIIIIIIIIIIIIIIIIIII
AAAAAA1A111111111111111I1IIIIIIIIIIIIIIIIIIIIIIIIIIIIIIIIIIIIIII
AAAAAA1AA11111111111111I11IIIIIIIIIIIIIIIIIIIIIIIIIIIIIIIIIIIIII
AAAAAA1AAA1111111111111I111IIIIIIIIIIIIIIIIIIIIIIIIIIIIIIIIIIIII
AAAAAAAAAA11111111111111111IIIIIIIIIIIIIIIIIIIIIIIIIIIIIIIIIIIII
AAAAAAAAAAA11111111111111111IIIIIIIIIIIIIIIIIIIIIIIIIIIIIIIIIIII
AAAAAAAAAAAA11111111111111111IIIIIIIIIIIIIIIIIIIIIIIIIIIIIIIIIII
AAAAAAAAAAAA1A111111111111111I1IIIIIIIIIIIIIIIIIIIIIIIIIIIIIIIII
AAAAAAAAAAAA1AA11111111111111I11IIIIIIIIIIIIIIIIIIIIIIIIIIIIIIII
AAAAAAAAAAAA1AAA1111111111111I111IIIIIIIIIIIIIIIIIIIIIIIIIIIIIII
AAAAAAAAAAAAAAAA11111111111111111IIIIIIIIIIIIIIIIIIIIIIIIIIIIIII
AAAAAAAAAAAAAAAAA11111111111111111IIIIIIIIIIIIIIIIIIIIIIIIIIIIII
AAAAAAAAAAAAAAAAAA11111111111111111IIIIIIIIIIIIIIIIIIIIIIIIIIIII
AAAAAAAAAAAAAAAAAA1A111111111111111I1IIIIIIIIIIIIIIIIIIIIIIIIIII
AAAAAAAAAAAAAAAAAA1AA11111111111111I11IIIIIIIIIIIIIIIIIIIIIIIIII
AAAAAAAAAAAAAAAAAA1AAA1111111111111I111IIIIIIIIIIIIIIIIIIIIIIIII
AAAAAAAAAAAAAAAAAAAAAA11111111111111111IIIIIIIIIIIIIIIIIIIIIIIII
AAAAAAAAAAAAAAAAAAAAAAA11111111111111111IIIIIIIIIIIIIIIIIIIIIIII
AAAAAAAAAAAAAAAAAAAAAAAA11111111111111111IIIIIIIIIIIIIIIIIIIIIII
AAAAAAAAAAAAAAAAAAAAAAAA1A111111111111111I1IIIIIIIIIIIIIIIIIIIII
AAAAAAAAAAAAAAAAAAAAAAAA1AA11111111111111I11IIIIIIIIIIIIIIIIIIII
AAAAAAAAAAAAAAAAAAAAAAAA1AAA1111111111111I111IIIIIIIIIIIIIIIIIII
AAAAAAAAAAAAAAAAAAAAAAAAAAAA11111111111111111IIIIIIIIIIIIIIIIIII
AAAAAAAAAAAAAAAAAAAAAAAAAAAAA11111111111111111IIIIIIIIIIIIIIIIII
AAAAAAAAAAAAAAAAAAAAAAAAAAAAAA11111111111111111IIIIIIIIIIIIIIIII
AAAAAAAAAAAAAAAAAAAAAAAAAAAAAA1A111111111111111I1IIIIIIIIIIIIIII
AAAAAAAAAAAAAAAAAAAAAAAAAAAAAA1AA11111111111111I11IIIIIIIIIIIIII
AAAAAAAAAAAAAAAAAAAAAAAAAAAAAA1AAA1111111111111I111IIIIIIIIIIIII
AAAAAAAAAAAAAAAAAAAAAAAAAAAAAAAAAA11111111111111111IIIIIIIIIIIII
AAAAAAAAAAAAAAAAAAAAAAAAAAAAAAAAAAA11111111111111111IIIIIIIIIIII
AAAAAAAAAAAAAAAAAAAAAAAAAAAAAAAAAAAA11111111111111111IIIIIIIIIII
AAAAAAAAAAAAAAAAAAAAAAAAAAAAAAAAAAAA1A111111111111111I1IIIIIIIII
AAAAAAAAAAAAAAAAAAAAAAAAAAAAAAAAAAAA1AA11111111111111I11IIIIIIII
AAAAAAAAAAAAAAAAAAAAAAAAAAAAAAAAAAAA1AAA1111111111111I111IIIIIII
AAAAAAAAAAAAAAAAAAAAAAAAAAAAAAAAAAAAAAAA11111111111111111IIIIIII
AAAAAAAAAAAAAAAAAAAAAAAAAAAAAAAAAAAAAAAAA11111111111111111IIIIII
AAAAAAAAAAAAAAAAAAAAAAAAAAAAAAAAAAAAAAAAAA11111111111111111IIIII
AAAAAAAAAAAAAAAAAAAAAAAAAAAAAAAAAAAAAAAAAA1A111111111111111I1III
AAAAAAAAAAAAAAAAAAAAAAAAAAAAAAAAAAAAAAAAAA1AA11111111111111I11II
AAAAAAAAAAAAAAAAAAAAAAAAAAAAAAAAAAAAAAAAAA1AAA1111111111111I111I
AAAAAAAAAAAAAAAAAAAAAAAAAAAAAAAAAAAAAAAAAAAAAA11111111111111111I
AAAAAAAAAAAAAAAAAAAAAAAAAAAAAAAAAAAAAAAAAAAAAAA11111111111111111
AAAAAAAAAAAAAAAAAAAAAAAAAAAAAAAAAAAAAAAAAAAAAAAA1111111111111111
AAAAAAAAAAAAAAAAAAAAAAAAAAAAAAAAAAAAAAAAAAAAAAAA1A11111111111111
AAAAAAAAAAAAAAAAAAAAAAAAAAAAAAAAAAAAAAAAAAAAAAAA1AA1111111111111
AAAAAAAAAAAAAAAAAAAAAAAAAAAAAAAAAAAAAAAAAAAAAAAA1AAA111111111111
AAAAAAAAAAAAAAAAAAAAAAAAAAAAAAAAAAAAAAAAAAAAAAAAAAAA111111111111
AAAAAAAAAAAAAAAAAAAAAAAAAAAAAAAAAAAAAAAAAAAAAAAAAAAAA11111111111
AAAAAAAAAAAAAAAAAAAAAAAAAAAAAAAAAAAAAAAAAAAAAAAAAAAAAA1111111111
AAAAAAAAAAAAAAAAAAAAAAAAAAAAAAAAAAAAAAAAAAAAAAAAAAAAAA1A11111111
AAAAAAAAAAAAAAAAAAAAAAAAAAAAAAAAAAAAAAAAAAAAAAAAAAAAAA1AA1111111
AAAAAAAAAAAAAAAAAAAAAAAAAAAAAAAAAAAAAAAAAAAAAAAAAAAAAA1AAA111111
AAAAAAAAAAAAAAAAAAAAAAAAAAAAAAAAAAAAAAAAAAAAAAAAAAAAAAAAAA111111
AAAAAAAAAAAAAAAAAAAAAAAAAAAAAAAAAAAAAAAAAAAAAAAAAAAAAAAAAAA11111
AAAAAAAAAAAAAAAAAAAAAAAAAAAAAAAAAAAAAAAAAAAAAAAAAAAAAAAAAAAA1111
AAAAAAAAAAAAAAAAAAAAAAAAAAAAAAAAAAAAAAAAAAAAAAAAAAAAAAAAAAAA1A11
AAAAAAAAAAAAAAAAAAAAAAAAAAAAAAAAAAAAAAAAAAAAAAAAAAAAAAAAAAAA1AA1
AAAAAAAAAAAAAAAAAAAAAAAAAAAAAAAAAAAAAAAAAAAAAAAAAAAAAAAAAAAA1AAA
AAAAAAAAAAAAAAAAAAAAAAAAAAAAAAAAAAAAAAAAAAAAAAAAAAAAAAAAAAAAAAAA
AIII111I1I111I1IIIIIIIIIIIIIIIIIIIIIIIIIIIIIIIIIIIIIIIIIIIIIIIII
AAII111I1I111I1IIIIIIIIIIIIIIIIIIIIIIIIIIIIIIIIIIIIIIIIIIIIIIIII
AAAI111I1I111I1IIIIIIIIIIIIIIIIIIIIIIIIIIIIIIIIIIIIIIIIIIIIIIIII
AAAA111I1I111I1IIIIIIIIIIIIIIIIIIIIIIIIIIIIIIIIIIIIIIIIIIIIIIIII
AAAAA11I11111I111I1I11IIIIIIIIIIIIIIIIIIIIIIIIIIIIIIIIIIIIIIIIII
AAAAA111111111111I1I11IIIIIIIIIIIIIIIIIIIIIIIIIIIIIIIIIIIIIIIIII
AAAAAA11111111111111111IIIIIIIIIIIIIIIIIIIIIIIIIIIIIIIIIIIIIIIII
AAAAAA1A11111111111111111IIIIIIIIIIIIIIIIIIIIIIIIIIIIIIIIIIIIIII
AAAAAA1AA11111111111111111IIIIIIIIIIIIIIIIIIIIIIIIIIIIIIIIIIIIII
AAAAAA1AAA11111111111111111IIIIIIIIIIIIIIIIIIIIIIIIIIIIIIIIIIIII
AAAAAAAAAA11111111111111111IIIIIIIIIIIIIIIIIIIIIIIIIIIIIIIIIIIII
AAAAAAAAAAA11111111111111111IIIIIIIIIIIIIIIIIIIIIIIIIIIIIIIIIIII
AAAAAAAAAAAA11111111111111111IIIIIIIIIIIIIIIIIIIIIIIIIIIIIIIIIII
AAAAAAAAAAAA1A11111111111111111IIIIIIIIIIIIIIIIIIIIIIIIIIIIIIIII
AAAAAAAAAAAA1AA11111111111111111IIIIIIIIIIIIIIIIIIIIIIIIIIIIIIII
AAAAAAAAAAAA1AAA11111111111111111IIIIIIIIIIIIIIIIIIIIIIIIIIIIIII
AAAAAAAAAAAAAAAA11111111111111111IIIIIIIIIIIIIIIIIIIIIIIIIIIIIII
AAAAAAAAAAAAAAAAA11111111111111111IIIIIIIIIIIIIIIIIIIIIIIIIIIIII
AAAAAAAAAAAAAAAAAA11111111111111111IIIIIIIIIIIIIIIIIIIIIIIIIIIII
AAAAAAAAAAAAAAAAAA1A11111111111111111IIIIIIIIIIIIIIIIIIIIIIIIIII
AAAAAAAAAAAAAAAAAA1AA11111111111111111IIIIIIIIIIIIIIIIIIIIIIIIII
AAAAAAAAAAAAAAAAAA1AAA11111111111111111IIIIIIIIIIIIIIIIIIIIIIIII
AAAAAAAAAAAAAAAAAAAAAA11111111111111111IIIIIIIIIIIIIIIIIIIIIIIII
AAAAAAAAAAAAAAAAAAAAAAA11111111111111111IIIIIIIIIIIIIIIIIIIIIIII
AAAAAAAAAAAAAAAAAAAAAAAA11111111111111111IIIIIIIIIIIIIIIIIIIIIII
AAAAAAAAAAAAAAAAAAAAAAAA1A11111111111111111IIIIIIIIIIIIIIIIIIIII
AAAAAAAAAAAAAAAAAAAAAAAA1AA11111111111111111IIIIIIIIIIIIIIIIIIII
AAAAAAAAAAAAAAAAAAAAAAAA1AAA11111111111111111IIIIIIIIIIIIIIIIIII
AAAAAAAAAAAAAAAAAAAAAAAAAAAA11111111111111111IIIIIIIIIIIIIIIIIII
AAAAAAAAAAAAAAAAAAAAAAAAAAAAA11111111111111111IIIIIIIIIIIIIIIIII
AAAAAAAAAAAAAAAAAAAAAAAAAAAAAA11111111111111111IIIIIIIIIIIIIIIII
AAAAAAAAAAAAAAAAAAAAAAAAAAAAAA1A11111111111111111IIIIIIIIIIIIIII
AAAAAAAAAAAAAAAAAAAAAAAAAAAAAA1AA11111111111111111IIIIIIIIIIIIII
AAAAAAAAAAAAAAAAAAAAAAAAAAAAAA1AAA11111111111111111IIIIIIIIIIIII
AAAAAAAAAAAAAAAAAAAAAAAAAAAAAAAAAA11111111111111111IIIIIIIIIIIII
AAAAAAAAAAAAAAAAAAAAAAAAAAAAAAAAAAA11111111111111111IIIIIIIIIIII
AAAAAAAAAAAAAAAAAAAAAAAAAAAAAAAAAAAA11111111111111111IIIIIIIIIII
AAAAAAAAAAAAAAAAAAAAAAAAAAAAAAAAAAAA1A11111111111111111IIIIIIIII
AAAAAAAAAAAAAAAAAAAAAAAAAAAAAAAAAAAA1AA11111111111111111IIIIIIII
AAAAAAAAAAAAAAAAAAAAAAAAAAAAAAAAAAAA1AAA11111111111111111IIIIIII
AAAAAAAAAAAAAAAAAAAAAAAAAAAAAAAAAAAAAAAA11111111111111111IIIIIII
AAAAAAAAAAAAAAAAAAAAAAAAAAAAAAAAAAAAAAAAA11111111111111111IIIIII
AAAAAAAAAAAAAAAAAAAAAAAAAAAAAAAAAAAAAAAAAA11111111111111111IIIII
AAAAAAAAAAAAAAAAAAAAAAAAAAAAAAAAAAAAAAAAAA1A11111111111111111III
AAAAAAAAAAAAAAAAAAAAAAAAAAAAAAAAAAAAAAAAAA1AA11111111111111111II
AAAAAAAAAAAAAAAAAAAAAAAAAAAAAAAAAAAAAAAAAA1AAA11111111111111111I
AAAAAAAAAAAAAAAAAAAAAAAAAAAAAAAAAAAAAAAAAAAAAA11111111111111111I
AAAAAAAAAAAAAAAAAAAAAAAAAAAAAAAAAAAAAAAAAAAAAAA11111111111111111
AAAAAAAAAAAAAAAAAAAAAAAAAAAAAAAAAAAAAAAAAAAAAAAA1111111111111111
AAAAAAAAAAAAAAAAAAAAAAAAAAAAAAAAAAAAAAAAAAAAAAAA1A11111111111111
AAAAAAAAAAAAAAAAAAAAAAAAAAAAAAAAAAAAAAAAAAAAAAAA1AA1111111111111
AAAAAAAAAAAAAAAAAAAAAAAAAAAAAAAAAAAAAAAAAAAAAAAA1AAA111111111111
AAAAAAAAAAAAAAAAAAAAAAAAAAAAAAAAAAAAAAAAAAAAAAAAAAAA111111111111
AAAAAAAAAAAAAAAAAAAAAAAAAAAAAAAAAAAAAAAAAAAAAAAAAAAAA11111111111
AAAAAAAAAAAAAAAAAAAAAAAAAAAAAAAAAAAAAAAAAAAAAAAAAAAAAA1111111111
AAAAAAAAAAAAAAAAAAAAAAAAAAAAAAAAAAAAAAAAAAAAAAAAAAAAAA1A11111111
AAAAAAAAAAAAAAAAAAAAAAAAAAAAAAAAAAAAAAAAAAAAAAAAAAAAAA1AA1111111
AAAAAAAAAAAAAAAAAAAAAAAAAAAAAAAAAAAAAAAAAAAAAAAAAAAAAA1AAA111111
AAAAAAAAAAAAAAAAAAAAAAAAAAAAAAAAAAAAAAAAAAAAAAAAAAAAAAAAAA111111
AAAAAAAAAAAAAAAAAAAAAAAAAAAAAAAAAAAAAAAAAAAAAAAAAAAAAAAAAAA11111
AAAAAAAAAAAAAAAAAAAAAAAAAAAAAAAAAAAAAAAAAAAAAAAAAAAAAAAAAAAA1111
AAAAAAAAAAAAAAAAAAAAAAAAAAAAAAAAAAAAAAAAAAAAAAAAAAAAAAAAAAAA1A11
AAAAAAAAAAAAAAAAAAAAAAAAAAAAAAAAAAAAAAAAAAAAAAAAAAAAAAAAAAAA1AA1
AAAAAAAAAAAAAAAAAAAAAAAAAAAAAAAAAAAAAAAAAAAAAAAAAAAAAAAAAAAA1AAA
AAAAAAAAAAAAAAAAAAAAAAAAAAAAAAAAAAAAAAAAAAAAAAAAAAAAAAAAAAAAAAAA
AI1II11I1III1I1IIIIIIIIIIIIIIIIIIIIIIIIIIIIIIIIIIIIIIIIIIIIIIIII
AA11I1111III1I1IIIIIIIIIIIIIIIIIIIIIIIIIIIIIIIIIIIIIIIIIIIIIIIII
AAA1I1111III1I1IIIIIIIIIIIIIIIIIIIIIIIIIIIIIIIIIIIIIIIIIIIIIIIII
AAAAI1111III1I1IIIIIIIIIIIIIIIIIIIIIIIIIIIIIIIIIIIIIIIIIIIIIIIII
AAAAA111111I1I1I1I1IIIIIIIIIIIIIIIIIIIIIIIIIIIIIIIIIIIIIIIIIIIII
AAAAAA111111111I1111IIIIIIIIIIIIIIIIIIIIIIIIIIIIIIIIIIIIIIIIIIII
AAAAAA1A111111111111I1IIIIIIIIIIIIIIIIIIIIIIIIIIIIIIIIIIIIIIIIII
AAAAAA1AA11111111111111IIIIIIIIIIIIIIIIIIIIIIIIIIIIIIIIIIIIIIIII
AAAAAA1AAA11111111111111IIIIIIIIIIIIIIIIIIIIIIIIIIIIIIIIIIIIIIII
AAAAAAAAAA11111111111111IIIIIIIIIIIIIIIIIIIIIIIIIIIIIIIIIIIIIIII
AAAAAAAAAAA11111111111111IIIIIIIIIIIIIIIIIIIIIIIIIIIIIIIIIIIIIII
AAAAAAAAAAAA11111111111111IIIIIIIIIIIIIIIIIIIIIIIIIIIIIIIIIIIIII
AAAAAAAAAAAA1A111111111111I1IIIIIIIIIIIIIIIIIIIIIIIIIIIIIIIIIIII
AAAAAAAAAAAA1AA11111111111111IIIIIIIIIIIIIIIIIIIIIIIIIIIIIIIIIII
AAAAAAAAAAAA1AAA11111111111111IIIIIIIIIIIIIIIIIIIIIIIIIIIIIIIIII
AAAAAAAAAAAAAAAA11111111111111IIIIIIIIIIIIIIIIIIIIIIIIIIIIIIIIII
AAAAAAAAAAAAAAAAA11111111111111IIIIIIIIIIIIIIIIIIIIIIIIIIIIIIIII
AAAAAAAAAAAAAAAAAA11111111111111IIIIIIIIIIIIIIIIIIIIIIIIIIIIIIII
AAAAAAAAAAAAAAAAAA1A111111111111I1IIIIIIIIIIIIIIIIIIIIIIIIIIIIII
AAAAAAAAAAAAAAAAAA1AA11111111111111IIIIIIIIIIIIIIIIIIIIIIIIIIIII
AAAAAAAAAAAAAAAAAA1AAA11111111111111IIIIIIIIIIIIIIIIIIIIIIIIIIII
AAAAAAAAAAAAAAAAAAAAAA11111111111111IIIIIIIIIIIIIIIIIIIIIIIIIIII
AAAAAAAAAAAAAAAAAAAAAAA11111111111111IIIIIIIIIIIIIIIIIIIIIIIIIII
AAAAAAAAAAAAAAAAAAAAAAAA11111111111111IIIIIIIIIIIIIIIIIIIIIIIIII
AAAAAAAAAAAAAAAAAAAAAAAA1A111111111111I1IIIIIIIIIIIIIIIIIIIIIIII
AAAAAAAAAAAAAAAAAAAAAAAA1AA11111111111111IIIIIIIIIIIIIIIIIIIIIII
AAAAAAAAAAAAAAAAAAAAAAAA1AAA11111111111111IIIIIIIIIIIIIIIIIIIIII
AAAAAAAAAAAAAAAAAAAAAAAAAAAA11111111111111IIIIIIIIIIIIIIIIIIIIII
AAAAAAAAAAAAAAAAAAAAAAAAAAAAA11111111111111IIIIIIIIIIIIIIIIIIIII
AAAAAAAAAAAAAAAAAAAAAAAAAAAAAA11111111111111IIIIIIIIIIIIIIIIIIII
AAAAAAAAAAAAAAAAAAAAAAAAAAAAAA1A111111111111I1IIIIIIIIIIIIIIIIII
AAAAAAAAAAAAAAAAAAAAAAAAAAAAAA1AA11111111111111IIIIIIIIIIIIIIIII
AAAAAAAAAAAAAAAAAAAAAAAAAAAAAA1AAA11111111111111IIIIIIIIIIIIIIII
AAAAAAAAAAAAAAAAAAAAAAAAAAAAAAAAAA11111111111111IIIIIIIIIIIIIIII
AAAAAAAAAAAAAAAAAAAAAAAAAAAAAAAAAAA11111111111111IIIIIIIIIIIIIII
AAAAAAAAAAAAAAAAAAAAAAAAAAAAAAAAAAAA11111111111111IIIIIIIIIIIIII
AAAAAAAAAAAAAAAAAAAAAAAAAAAAAAAAAAAA1A111111111111I1IIIIIIIIIIII
AAAAAAAAAAAAAAAAAAAAAAAAAAAAAAAAAAAA1AA11111111111111IIIIIIIIIII
AAAAAAAAAAAAAAAAAAAAAAAAAAAAAAAAAAAA1AAA11111111111111IIIIIIIIII
AAAAAAAAAAAAAAAAAAAAAAAAAAAAAAAAAAAAAAAA11111111111111IIIIIIIIII
AAAAAAAAAAAAAAAAAAAAAAAAAAAAAAAAAAAAAAAAA11111111111111IIIIIIIII
AAAAAAAAAAAAAAAAAAAAAAAAAAAAAAAAAAAAAAAAAA11111111111111IIIIIIII
AAAAAAAAAAAAAAAAAAAAAAAAAAAAAAAAAAAAAAAAAA1A111111111111I1IIIIII
AAAAAAAAAAAAAAAAAAAAAAAAAAAAAAAAAAAAAAAAAA1AA11111111111111IIIII
AAAAAAAAAAAAAAAAAAAAAAAAAAAAAAAAAAAAAAAAAA1AAA11111111111111IIII
AAAAAAAAAAAAAAAAAAAAAAAAAAAAAAAAAAAAAAAAAAAAAA11111111111111IIII
AAAAAAAAAAAAAAAAAAAAAAAAAAAAAAAAAAAAAAAAAAAAAAA11111111111111III
AAAAAAAAAAAAAAAAAAAAAAAAAAAAAAAAAAAAAAAAAAAAAAAA11111111111111II
AAAAAAAAAAAAAAAAAAAAAAAAAAAAAAAAAAAAAAAAAAAAAAAA1A111111111111I1
AAAAAAAAAAAAAAAAAAAAAAAAAAAAAAAAAAAAAAAAAAAAAAAA1AA1111111111111
AAAAAAAAAAAAAAAAAAAAAAAAAAAAAAAAAAAAAAAAAAAAAAAA1AAA111111111111
AAAAAAAAAAAAAAAAAAAAAAAAAAAAAAAAAAAAAAAAAAAAAAAAAAAA111111111111
AAAAAAAAAAAAAAAAAAAAAAAAAAAAAAAAAAAAAAAAAAAAAAAAAAAAA11111111111
AAAAAAAAAAAAAAAAAAAAAAAAAAAAAAAAAAAAAAAAAAAAAAAAAAAAAA1111111111
AAAAAAAAAAAAAAAAAAAAAAAAAAAAAAAAAAAAAAAAAAAAAAAAAAAAAA1A11111111
AAAAAAAAAAAAAAAAAAAAAAAAAAAAAAAAAAAAAAAAAAAAAAAAAAAAAA1AA1111111
AAAAAAAAAAAAAAAAAAAAAAAAAAAAAAAAAAAAAAAAAAAAAAAAAAAAAA1AAA111111
AAAAAAAAAAAAAAAAAAAAAAAAAAAAAAAAAAAAAAAAAAAAAAAAAAAAAAAAAA111111
AAAAAAAAAAAAAAAAAAAAAAAAAAAAAAAAAAAAAAAAAAAAAAAAAAAAAAAAAAA11111
AAAAAAAAAAAAAAAAAAAAAAAAAAAAAAAAAAAAAAAAAAAAAAAAAAAAAAAAAAAA1111
AAAAAAAAAAAAAAAAAAAAAAAAAAAAAAAAAAAAAAAAAAAAAAAAAAAAAAAAAAAA1A11
AAAAAAAAAAAAAAAAAAAAAAAAAAAAAAAAAAAAAAAAAAAAAAAAAAAAAAAAAAAA1AA1
AAAAAAAAAAAAAAAAAAAAAAAAAAAAAAAAAAAAAAAAAAAAAAAAAAAAAAAAAAAA1AAA
AAAAAAAAAAAAAAAAAAAAAAAAAAAAAAAAAAAAAAAAAAAAAAAAAAAAAAAAAAAAAAAA
AI1II11I1II11I1IIIIIIIIIIIIIIIIIIIIIIIIIIIIIIIIIIIIIIIIIIIIIIIII
AA11I11I1II11I1IIIIIIIIIIIIIIIIIIIIIIIIIIIIIIIIIIIIIIIIIIIIIIIII
AAA1I11I1II11I1IIIIIIIIIIIIIIIIIIIIIIIIIIIIIIIIIIIIIIIIIIIIIIIII
AAAAI11I1II11I1IIIIIIIIIIIIIIIIIIIIIIIIIIIIIIIIIIIIIIIIIIIIIIIII
AAAAA11I11111I111I1IIIIIIIIIIIIIIIIIIIIIIIIIIIIIIIIIIIIIIIIIIIII
AAAAA111111111111I1IIIIIIIIIIIIIIIIIIIIIIIIIIIIIIIIIIIIIIIIIIIII
AAAAAA11111111111111IIIIIIIIIIIIIIIIIIIIIIIIIIIIIIIIIIIIIIIIIIII
AAAAAA1A111111111111I1IIIIIIIIIIIIIIIIIIIIIIIIIIIIIIIIIIIIIIIIII
AAAAAA1AA11111111111111IIIIIIIIIIIIIIIIIIIIIIIIIIIIIIIIIIIIIIIII
AAAAAA1AAA11111111111111IIIIIIIIIIIIIIIIIIIIIIIIIIIIIIIIIIIIIIII
AAAAAAAAAA11111111111111IIIIIIIIIIIIIIIIIIIIIIIIIIIIIIIIIIIIIIII
AAAAAAAAAAA11111111111111IIIIIIIIIIIIIIIIIIIIIIIIIIIIIIIIIIIIIII
AAAAAAAAAAAA11111111111111IIIIIIIIIIIIIIIIIIIIIIIIIIIIIIIIIIIIII
AAAAAAAAAAAA1A111111111111I1IIIIIIIIIIIIIIIIIIIIIIIIIIIIIIIIIIII
AAAAAAAAAAAA1AA11111111111111IIIIIIIIIIIIIIIIIIIIIIIIIIIIIIIIIII
AAAAAAAAAAAA1AAA11111111111111IIIIIIIIIIIIIIIIIIIIIIIIIIIIIIIIII
AAAAAAAAAAAAAAAA11111111111111IIIIIIIIIIIIIIIIIIIIIIIIIIIIIIIIII
AAAAAAAAAAAAAAAAA11111111111111IIIIIIIIIIIIIIIIIIIIIIIIIIIIIIIII
AAAAAAAAAAAAAAAAAA11111111111111IIIIIIIIIIIIIIIIIIIIIIIIIIIIIIII
AAAAAAAAAAAAAAAAAA1A111111111111I1IIIIIIIIIIIIIIIIIIIIIIIIIIIIII
AAAAAAAAAAAAAAAAAA1AA11111111111111IIIIIIIIIIIIIIIIIIIIIIIIIIIII
AAAAAAAAAAAAAAAAAA1AAA11111111111111IIIIIIIIIIIIIIIIIIIIIIIIIIII
AAAAAAAAAAAAAAAAAAAAAA11111111111111IIIIIIIIIIIIIIIIIIIIIIIIIIII
AAAAAAAAAAAAAAAAAAAAAAA11111111111111IIIIIIIIIIIIIIIIIIIIIIIIIII
AAAAAAAAAAAAAAAAAAAAAAAA11111111111111IIIIIIIIIIIIIIIIIIIIIIIIII
AAAAAAAAAAAAAAAAAAAAAAAA1A111111111111I1IIIIIIIIIIIIIIIIIIIIIIII
AAAAAAAAAAAAAAAAAAAAAAAA1AA11111111111111IIIIIIIIIIIIIIIIIIIIIII
AAAAAAAAAAAAAAAAAAAAAAAA1AAA11111111111111IIIIIIIIIIIIIIIIIIIIII
AAAAAAAAAAAAAAAAAAAAAAAAAAAA11111111111111IIIIIIIIIIIIIIIIIIIIII
AAAAAAAAAAAAAAAAAAAAAAAAAAAAA11111111111111IIIIIIIIIIIIIIIIIIIII
AAAAAAAAAAAAAAAAAAAAAAAAAAAAAA11111111111111IIIIIIIIIIIIIIIIIIII
AAAAAAAAAAAAAAAAAAAAAAAAAAAAAA1A111111111111I1IIIIIIIIIIIIIIIIII
AAAAAAAAAAAAAAAAAAAAAAAAAAAAAA1AA11111111111111IIIIIIIIIIIIIIIII
AAAAAAAAAAAAAAAAAAAAAAAAAAAAAA1AAA11111111111111IIIIIIIIIIIIIIII
AAAAAAAAAAAAAAAAAAAAAAAAAAAAAAAAAA11111111111111IIIIIIIIIIIIIIII
AAAAAAAAAAAAAAAAAAAAAAAAAAAAAAAAAAA11111111111111IIIIIIIIIIIIIII
AAAAAAAAAAAAAAAAAAAAAAAAAAAAAAAAAAAA11111111111111IIIIIIIIIIIIII
AAAAAAAAAAAAAAAAAAAAAAAAAAAAAAAAAAAAA11111111111111IIIIIIIIIIIII
AAAAAAAAAAAAAAAAAAAAAAAAAAAAAAAAAAAAA1A111111111111I1IIIIIIIIIII
AAAAAAAAAAAAAAAAAAAAAAAAAAAAAAAAAAAAA1AA11111111111111IIIIIIIIII
AAAAAAAAAAAAAAAAAAAAAAAAAAAAAAAAAAAAAAAA11111111111111IIIIIIIIII
AAAAAAAAAAAAAAAAAAAAAAAAAAAAAAAAAAAAAAAAA11111111111111IIIIIIIII
AAAAAAAAAAAAAAAAAAAAAAAAAAAAAAAAAAAAAAAAAA11111111111111IIIIIIII
AAAAAAAAAAAAAAAAAAAAAAAAAAAAAAAAAAAAAAAAAA1A111111111111I1IIIIII
AAAAAAAAAAAAAAAAAAAAAAAAAAAAAAAAAAAAAAAAAA1AA11111111111111IIIII
AAAAAAAAAAAAAAAAAAAAAAAAAAAAAAAAAAAAAAAAAA1AAA11111111111111IIII
AAAAAAAAAAAAAAAAAAAAAAAAAAAAAAAAAAAAAAAAAAAAAA11111111111111IIII
AAAAAAAAAAAAAAAAAAAAAAAAAAAAAAAAAAAAAAAAAAAAAAA11111111111111III
AAAAAAAAAAAAAAAAAAAAAAAAAAAAAAAAAAAAAAAAAAAAAAAA11111111111111II
AAAAAAAAAAAAAAAAAAAAAAAAAAAAAAAAAAAAAAAAAAAAAAAA1A111111111111I1
AAAAAAAAAAAAAAAAAAAAAAAAAAAAAAAAAAAAAAAAAAAAAAAA1AA1111111111111
AAAAAAAAAAAAAAAAAAAAAAAAAAAAAAAAAAAAAAAAAAAAAAAA1AAA111111111111
AAAAAAAAAAAAAAAAAAAAAAAAAAAAAAAAAAAAAAAAAAAAAAAAAAAA111111111111
AAAAAAAAAAAAAAAAAAAAAAAAAAAAAAAAAAAAAAAAAAAAAAAAAAAAA11111111111
AAAAAAAAAAAAAAAAAAAAAAAAAAAAAAAAAAAAAAAAAAAAAAAAAAAAAA1111111111
AAAAAAAAAAAAAAAAAAAAAAAAAAAAAAAAAAAAAAAAAAAAAAAAAAAAAA1A11111111
AAAAAAAAAAAAAAAAAAAAAAAAAAAAAAAAAAAAAAAAAAAAAAAAAAAAAA1AA1111111
AAAAAAAAAAAAAAAAAAAAAAAAAAAAAAAAAAAAAAAAAAAAAAAAAAAAAA1AAA111111
AAAAAAAAAAAAAAAAAAAAAAAAAAAAAAAAAAAAAAAAAAAAAAAAAAAAAAAAAA111111
AAAAAAAAAAAAAAAAAAAAAAAAAAAAAAAAAAAAAAAAAAAAAAAAAAAAAAAAAAA11111
AAAAAAAAAAAAAAAAAAAAAAAAAAAAAAAAAAAAAAAAAAAAAAAAAAAAAAAAAAAA1111
AAAAAAAAAAAAAAAAAAAAAAAAAAAAAAAAAAAAAAAAAAAAAAAAAAAAAAAAAAAA1A11
AAAAAAAAAAAAAAAAAAAAAAAAAAAAAAAAAAAAAAAAAAAAAAAAAAAAAAAAAAAA1AA1
AAAAAAAAAAAAAAAAAAAAAAAAAAAAAAAAAAAAAAAAAAAAAAAAAAAAAAAAAAAA1AAA
AAAAAAAAAAAAAAAAAAAAAAAAAAAAAAAAAAAAAAAAAAAAAAAAAAAAAAAAAAAAAAAA
AIII111III111III11IIIIIIIIIIIIIIIIIIIIIIIIIIIIIIIIIIIIIIIIIIIIII
AAII111III111III11IIIIIIIIIIIIIIIIIIIIIIIIIIIIIIIIIIIIIIIIIIIIII
AAAI111III111III11IIIIIIIIIIIIIIIIIIIIIIIIIIIIIIIIIIIIIIIIIIIIII
AAAA111III111III11IIIIIIIIIIIIIIIIIIIIIIIIIIIIIIIIIIIIIIIIIIIIII
AAAAA11I11111I1111II11IIIIIIIIIIIIIIIIIIIIIIIIIIIIIIIIIIIIIIIIII
AAAAA1111111111111II11IIIIIIIIIIIIIIIIIIIIIIIIIIIIIIIIIIIIIIIIII
AAAAAA111111111111II111IIIIIIIIIIIIIIIIIIIIIIIIIIIIIIIIIIIIIIIII
AAAAAA1A11111111111111111IIIIIIIIIIIIIIIIIIIIIIIIIIIIIIIIIIIIIII
AAAAAA1AA11111111111111111IIIIIIIIIIIIIIIIIIIIIIIIIIIIIIIIIIIIII
AAAAAA1AAA11111111111111111IIIIIIIIIIIIIIIIIIIIIIIIIIIIIIIIIIIII
AAAAAAAAAA11111111111111111IIIIIIIIIIIIIIIIIIIIIIIIIIIIIIIIIIIII
AAAAAAAAAAA11111111111111111IIIIIIIIIIIIIIIIIIIIIIIIIIIIIIIIIIII
AAAAAAAAAAAA11111111111111111IIIIIIIIIIIIIIIIIIIIIIIIIIIIIIIIIII
AAAAAAAAAAAA1A11111111111111111IIIIIIIIIIIIIIIIIIIIIIIIIIIIIIIII
AAAAAAAAAAAA1AA11111111111111111IIIIIIIIIIIIIIIIIIIIIIIIIIIIIIII
AAAAAAAAAAAA1AAA11111111111111111IIIIIIIIIIIIIIIIIIIIIIIIIIIIIII
AAAAAAAAAAAAAAAA11111111111111111IIIIIIIIIIIIIIIIIIIIIIIIIIIIIII
AAAAAAAAAAAAAAAAA11111111111111111IIIIIIIIIIIIIIIIIIIIIIIIIIIIII
AAAAAAAAAAAAAAAAAA11111111111111111IIIIIIIIIIIIIIIIIIIIIIIIIIIII
AAAAAAAAAAAAAAAAAA1A11111111111111111IIIIIIIIIIIIIIIIIIIIIIIIIII
AAAAAAAAAAAAAAAAAA1AA11111111111111111IIIIIIIIIIIIIIIIIIIIIIIIII
AAAAAAAAAAAAAAAAAA1AAA11111111111111111IIIIIIIIIIIIIIIIIIIIIIIII
AAAAAAAAAAAAAAAAAAAAAA11111111111111111IIIIIIIIIIIIIIIIIIIIIIIII
AAAAAAAAAAAAAAAAAAAAAAA11111111111111111IIIIIIIIIIIIIIIIIIIIIIII
AAAAAAAAAAAAAAAAAAAAAAAA11111111111111111IIIIIIIIIIIIIIIIIIIIIII
AAAAAAAAAAAAAAAAAAAAAAAA1A11111111111111111IIIIIIIIIIIIIIIIIIIII
AAAAAAAAAAAAAAAAAAAAAAAA1AA11111111111111111IIIIIIIIIIIIIIIIIIII
AAAAAAAAAAAAAAAAAAAAAAAA1AAA11111111111111111IIIIIIIIIIIIIIIIIII
AAAAAAAAAAAAAAAAAAAAAAAAAAAA11111111111111111IIIIIIIIIIIIIIIIIII
AAAAAAAAAAAAAAAAAAAAAAAAAAAAA11111111111111111IIIIIIIIIIIIIIIIII
AAAAAAAAAAAAAAAAAAAAAAAAAAAAAA11111111111111111IIIIIIIIIIIIIIIII
AAAAAAAAAAAAAAAAAAAAAAAAAAAAAA1A11111111111111111IIIIIIIIIIIIIII
AAAAAAAAAAAAAAAAAAAAAAAAAAAAAA1AA11111111111111111IIIIIIIIIIIIII
AAAAAAAAAAAAAAAAAAAAAAAAAAAAAA1AAA11111111111111111IIIIIIIIIIIII
AAAAAAAAAAAAAAAAAAAAAAAAAAAAAAAAAA11111111111111111IIIIIIIIIIIII
AAAAAAAAAAAAAAAAAAAAAAAAAAAAAAAAAAA11111111111111111IIIIIIIIIIII
AAAAAAAAAAAAAAAAAAAAAAAAAAAAAAAAAAAA11111111111111111IIIIIIIIIII
AAAAAAAAAAAAAAAAAAAAAAAAAAAAAAAAAAAA1A11111111111111111IIIIIIIII
AAAAAAAAAAAAAAAAAAAAAAAAAAAAAAAAAAAA1AA11111111111111111IIIIIIII
AAAAAAAAAAAAAAAAAAAAAAAAAAAAAAAAAAAA1AAA11111111111111111IIIIIII
AAAAAAAAAAAAAAAAAAAAAAAAAAAAAAAAAAAAAAAA11111111111111111IIIIIII
AAAAAAAAAAAAAAAAAAAAAAAAAAAAAAAAAAAAAAAAA11111111111111111IIIIII
AAAAAAAAAAAAAAAAAAAAAAAAAAAAAAAAAAAAAAAAAA11111111111111111IIIII
AAAAAAAAAAAAAAAAAAAAAAAAAAAAAAAAAAAAAAAAAA1A11111111111111111III
AAAAAAAAAAAAAAAAAAAAAAAAAAAAAAAAAAAAAAAAAA1AA11111111111111111II
AAAAAAAAAAAAAAAAAAAAAAAAAAAAAAAAAAAAAAAAAAAAA11111111111111111II
AAAAAAAAAAAAAAAAAAAAAAAAAAAAAAAAAAAAAAAAAAAAAA11111111111111111I
AAAAAAAAAAAAAAAAAAAAAAAAAAAAAAAAAAAAAAAAAAAAAAA11111111111111111
AAAAAAAAAAAAAAAAAAAAAAAAAAAAAAAAAAAAAAAAAAAAAAAA1111111111111111
AAAAAAAAAAAAAAAAAAAAAAAAAAAAAAAAAAAAAAAAAAAAAAAA1A11111111111111
AAAAAAAAAAAAAAAAAAAAAAAAAAAAAAAAAAAAAAAAAAAAAAAA1AA1111111111111
AAAAAAAAAAAAAAAAAAAAAAAAAAAAAAAAAAAAAAAAAAAAAAAA1AAA111111111111
AAAAAAAAAAAAAAAAAAAAAAAAAAAAAAAAAAAAAAAAAAAAAAAAAAAA111111111111
AAAAAAAAAAAAAAAAAAAAAAAAAAAAAAAAAAAAAAAAAAAAAAAAAAAAA11111111111
AAAAAAAAAAAAAAAAAAAAAAAAAAAAAAAAAAAAAAAAAAAAAAAAAAAAAA1111111111
AAAAAAAAAAAAAAAAAAAAAAAAAAAAAAAAAAAAAAAAAAAAAAAAAAAAAA1A11111111
AAAAAAAAAAAAAAAAAAAAAAAAAAAAAAAAAAAAAAAAAAAAAAAAAAAAAA1AA1111111
AAAAAAAAAAAAAAAAAAAAAAAAAAAAAAAAAAAAAAAAAAAAAAAAAAAAAA1AAA111111
AAAAAAAAAAAAAAAAAAAAAAAAAAAAAAAAAAAAAAAAAAAAAAAAAAAAAAAAAA111111
AAAAAAAAAAAAAAAAAAAAAAAAAAAAAAAAAAAAAAAAAAAAAAAAAAAAAAAAAAA11111
AAAAAAAAAAAAAAAAAAAAAAAAAAAAAAAAAAAAAAAAAAAAAAAAAAAAAAAAAAAA1111
AAAAAAAAAAAAAAAAAAAAAAAAAAAAAAAAAAAAAAAAAAAAAAAAAAAAAAAAAAAA1A11
AAAAAAAAAAAAAAAAAAAAAAAAAAAAAAAAAAAAAAAAAAAAAAAAAAAAAAAAAAAA1AA1
AAAAAAAAAAAAAAAAAAAAAAAAAAAAAAAAAAAAAAAAAAAAAAAAAAAAAAAAAAAA1AAA
AAAAAAAAAAAAAAAAAAAAAAAAAAAAAAAAAAAAAAAAAAAAAAAAAAAAAAAAAAAAAAAA
AIII111III111III11IIIIIIIIIIIIIIIIIIIIIIIIIIIIIIIIIIIIIIIIIIIIII
AAII111III111III11IIIIIIIIIIIIIIIIIIIIIIIIIIIIIIIIIIIIIIIIIIIIII
AAAI111III111III11IIIIIIIIIIIIIIIIIIIIIIIIIIIIIIIIIIIIIIIIIIIIII
AAAA111III111III11IIIIIIIIIIIIIIIIIIIIIIIIIIIIIIIIIIIIIIIIIIIIII
AAAAA11I11111I1111II11IIIIIIIIIIIIIIIIIIIIIIIIIIIIIIIIIIIIIIIIII
AAAAA1111111111111II11IIIIIIIIIIIIIIIIIIIIIIIIIIIIIIIIIIIIIIIIII
AAAAAA111111111111II111IIIIIIIIIIIIIIIIIIIIIIIIIIIIIIIIIIIIIIIII
AAAAAA1A11111111111111111IIIIIIIIIIIIIIIIIIIIIIIIIIIIIIIIIIIIIII
AAAAAA1AA11111111111111111IIIIIIIIIIIIIIIIIIIIIIIIIIIIIIIIIIIIII
AAAAAA1AAA11111111111111111IIIIIIIIIIIIIIIIIIIIIIIIIIIIIIIIIIIII
AAAAAAAAAA11111111111111111IIIIIIIIIIIIIIIIIIIIIIIIIIIIIIIIIIIII
AAAAAAAAAAA11111111111111111IIIIIIIIIIIIIIIIIIIIIIIIIIIIIIIIIIII
AAAAAAAAAAAA11111111111111111IIIIIIIIIIIIIIIIIIIIIIIIIIIIIIIIIII
AAAAAAAAAAAA1A11111111111111111IIIIIIIIIIIIIIIIIIIIIIIIIIIIIIIII
AAAAAAAAAAAA1AA11111111111111111IIIIIIIIIIIIIIIIIIIIIIIIIIIIIIII
AAAAAAAAAAAA1AAA11111111111111111IIIIIIIIIIIIIIIIIIIIIIIIIIIIIII
AAAAAAAAAAAAAAAA11111111111111111IIIIIIIIIIIIIIIIIIIIIIIIIIIIIII
AAAAAAAAAAAAAAAAA11111111111111111IIIIIIIIIIIIIIIIIIIIIIIIIIIIII
AAAAAAAAAAAAAAAAAA11111111111111111IIIIIIIIIIIIIIIIIIIIIIIIIIIII
AAAAAAAAAAAAAAAAAA1A11111111111111111IIIIIIIIIIIIIIIIIIIIIIIIIII
AAAAAAAAAAAAAAAAAA1AA11111111111111111IIIIIIIIIIIIIIIIIIIIIIIIII
AAAAAAAAAAAAAAAAAA1AAA11111111111111111IIIIIIIIIIIIIIIIIIIIIIIII
AAAAAAAAAAAAAAAAAAAAAA11111111111111111IIIIIIIIIIIIIIIIIIIIIIIII
AAAAAAAAAAAAAAAAAAAAAAA11111111111111111IIIIIIIIIIIIIIIIIIIIIIII
AAAAAAAAAAAAAAAAAAAAAAAA11111111111111111IIIIIIIIIIIIIIIIIIIIIII
AAAAAAAAAAAAAAAAAAAAAAAA1A11111111111111111IIIIIIIIIIIIIIIIIIIII
AAAAAAAAAAAAAAAAAAAAAAAA1AA11111111111111111IIIIIIIIIIIIIIIIIIII
AAAAAAAAAAAAAAAAAAAAAAAAAAA11111111111111111IIIIIIIIIIIIIIIIIIII
AAAAAAAAAAAAAAAAAAAAAAAAAAAA11111111111111111IIIIIIIIIIIIIIIIIII
AAAAAAAAAAAAAAAAAAAAAAAAAAAAA11111111111111111IIIIIIIIIIIIIIIIII
AAAAAAAAAAAAAAAAAAAAAAAAAAAAAA11111111111111111IIIIIIIIIIIIIIIII
AAAAAAAAAAAAAAAAAAAAAAAAAAAAAA1A11111111111111111IIIIIIIIIIIIIII
AAAAAAAAAAAAAAAAAAAAAAAAAAAAAA1AA11111111111111111IIIIIIIIIIIIII
AAAAAAAAAAAAAAAAAAAAAAAAAAAAAA1AAA11111111111111111IIIIIIIIIIIII
AAAAAAAAAAAAAAAAAAAAAAAAAAAAAAAAAA11111111111111111IIIIIIIIIIIII
AAAAAAAAAAAAAAAAAAAAAAAAAAAAAAAAAAA11111111111111111IIIIIIIIIIII
AAAAAAAAAAAAAAAAAAAAAAAAAAAAAAAAAAAA11111111111111111IIIIIIIIIII
AAAAAAAAAAAAAAAAAAAAAAAAAAAAAAAAAAAA1A11111111111111111IIIIIIIII
AAAAAAAAAAAAAAAAAAAAAAAAAAAAAAAAAAAA1AA11111111111111111IIIIIIII
AAAAAAAAAAAAAAAAAAAAAAAAAAAAAAAAAAAA1AAA11111111111111111IIIIIII
AAAAAAAAAAAAAAAAAAAAAAAAAAAAAAAAAAAAAAAA11111111111111111IIIIIII
AAAAAAAAAAAAAAAAAAAAAAAAAAAAAAAAAAAAAAAAA11111111111111111IIIIII
AAAAAAAAAAAAAAAAAAAAAAAAAAAAAAAAAAAAAAAAAA11111111111111111IIIII
AAAAAAAAAAAAAAAAAAAAAAAAAAAAAAAAAAAAAAAAAA1A11111111111111111III
AAAAAAAAAAAAAAAAAAAAAAAAAAAAAAAAAAAAAAAAAA1AA11111111111111111II
AAAAAAAAAAAAAAAAAAAAAAAAAAAAAAAAAAAAAAAAAA1AAA11111111111111111I
AAAAAAAAAAAAAAAAAAAAAAAAAAAAAAAAAAAAAAAAAAAAAA11111111111111111I
AAAAAAAAAAAAAAAAAAAAAAAAAAAAAAAAAAAAAAAAAAAAAAA11111111111111111
AAAAAAAAAAAAAAAAAAAAAAAAAAAAAAAAAAAAAAAAAAAAAAAA1111111111111111
AAAAAAAAAAAAAAAAAAAAAAAAAAAAAAAAAAAAAAAAAAAAAAAA1A11111111111111
AAAAAAAAAAAAAAAAAAAAAAAAAAAAAAAAAAAAAAAAAAAAAAAA1AA1111111111111
AAAAAAAAAAAAAAAAAAAAAAAAAAAAAAAAAAAAAAAAAAAAAAAA1AAA111111111111
AAAAAAAAAAAAAAAAAAAAAAAAAAAAAAAAAAAAAAAAAAAAAAAAAAAA111111111111
AAAAAAAAAAAAAAAAAAAAAAAAAAAAAAAAAAAAAAAAAAAAAAAAAAAAA11111111111
AAAAAAAAAAAAAAAAAAAAAAAAAAAAAAAAAAAAAAAAAAAAAAAAAAAAAA1111111111
AAAAAAAAAAAAAAAAAAAAAAAAAAAAAAAAAAAAAAAAAAAAAAAAAAAAAA1A11111111
AAAAAAAAAAAAAAAAAAAAAAAAAAAAAAAAAAAAAAAAAAAAAAAAAAAAAA1AA1111111
AAAAAAAAAAAAAAAAAAAAAAAAAAAAAAAAAAAAAAAAAAAAAAAAAAAAAA1AAA111111
AAAAAAAAAAAAAAAAAAAAAAAAAAAAAAAAAAAAAAAAAAAAAAAAAAAAAAAAAA111111
AAAAAAAAAAAAAAAAAAAAAAAAAAAAAAAAAAAAAAAAAAAAAAAAAAAAAAAAAAA11111
AAAAAAAAAAAAAAAAAAAAAAAAAAAAAAAAAAAAAAAAAAAAAAAAAAAAAAAAAAAA1111
AAAAAAAAAAAAAAAAAAAAAAAAAAAAAAAAAAAAAAAAAAAAAAAAAAAAAAAAAAAA1A11
AAAAAAAAAAAAAAAAAAAAAAAAAAAAAAAAAAAAAAAAAAAAAAAAAAAAAAAAAAAA1AA1
AAAAAAAAAAAAAAAAAAAAAAAAAAAAAAAAAAAAAAAAAAAAAAAAAAAAAAAAAAAA1AAA
AAAAAAAAAAAAAAAAAAAAAAAAAAAAAAAAAAAAAAAAAAAAAAAAAAAAAAAAAAAAAAAA
AIIIII1IIIII1IIIII1IIIIIIIIIIIIIIIIIIIIIIIIIIIIIIIIIIIIIIIIIIIII
AAIIII11IIII11IIII11IIIIIIIIIIIIIIIIIIIIIIIIIIIIIIIIIIIIIIIIIIII
AAAIII111III111III11IIIIIIIIIIIIIIIIIIIIIIIIIIIIIIIIIIIIIIIIIIII
AAAAII111III111III11IIIIIIIIIIIIIIIIIIIIIIIIIIIIIIIIIIIIIIIIIIII
AAAAAI111I1I111I1I11II1IIIIIIIIIIIIIIIIIIIIIIIIIIIIIIIIIIIIIIIII
AAAAAI111I1I111I1I111I1IIIIIIIIIIIIIIIIIIIIIIIIIIIIIIIIIIIIIIIII
AAAAAA111I11111I11111I11IIIIIIIIIIIIIIIIIIIIIIIIIIIIIIIIIIIIIIII
AAAAAA1A1I11111I11111I11I1IIIIIIIIIIIIIIIIIIIIIIIIIIIIIIIIIIIIII
AAAAAA1AAI11111I11111I11I11IIIIIIIIIIIIIIIIIIIIIIIIIIIIIIIIIIIII
AAAAAA1AAA11111111111111I111IIIIIIIIIIIIIIIIIIIIIIIIIIIIIIIIIIII
AAAAAAAAAA111111111111111111IIIIIIIIIIIIIIIIIIIIIIIIIIIIIIIIIIII
AAAAAAAAAAA111111111111111111IIIIIIIIIIIIIIIIIIIIIIIIIIIIIIIIIII
AAAAAAAAAAAA111111111111111111IIIIIIIIIIIIIIIIIIIIIIIIIIIIIIIIII
AAAAAAAAAAAA1A1111111111111111I1IIIIIIIIIIIIIIIIIIIIIIIIIIIIIIII
AAAAAAAAAAAA1AA111111111111111I11IIIIIIIIIIIIIIIIIIIIIIIIIIIIIII
AAAAAAAAAAAA1AAA11111111111111I111IIIIIIIIIIIIIIIIIIIIIIIIIIIIII
AAAAAAAAAAAAAAAA111111111111111111IIIIIIIIIIIIIIIIIIIIIIIIIIIIII
AAAAAAAAAAAAAAAAA111111111111111111IIIIIIIIIIIIIIIIIIIIIIIIIIIII
AAAAAAAAAAAAAAAAAA111111111111111111IIIIIIIIIIIIIIIIIIIIIIIIIIII
AAAAAAAAAAAAAAAAAA1A1111111111111111I1IIIIIIIIIIIIIIIIIIIIIIIIII
AAAAAAAAAAAAAAAAAA1AA111111111111111I11IIIIIIIIIIIIIIIIIIIIIIIII
AAAAAAAAAAAAAAAAAA1AAA11111111111111I111IIIIIIIIIIIIIIIIIIIIIIII
AAAAAAAAAAAAAAAAAAAAAA111111111111111111IIIIIIIIIIIIIIIIIIIIIIII
AAAAAAAAAAAAAAAAAAAAAAA111111111111111111IIIIIIIIIIIIIIIIIIIIIII
AAAAAAAAAAAAAAAAAAAAAAAA111111111111111111IIIIIIIIIIIIIIIIIIIIII
AAAAAAAAAAAAAAAAAAAAAAAA1A1111111111111111I1IIIIIIIIIIIIIIIIIIII
AAAAAAAAAAAAAAAAAAAAAAAA1AA111111111111111I11IIIIIIIIIIIIIIIIIII
AAAAAAAAAAAAAAAAAAAAAAAA1AAA11111111111111I111IIIIIIIIIIIIIIIIII
AAAAAAAAAAAAAAAAAAAAAAAAAAAA111111111111111111IIIIIIIIIIIIIIIIII
AAAAAAAAAAAAAAAAAAAAAAAAAAAAA111111111111111111IIIIIIIIIIIIIIIII
AAAAAAAAAAAAAAAAAAAAAAAAAAAAAA111111111111111111IIIIIIIIIIIIIIII
AAAAAAAAAAAAAAAAAAAAAAAAAAAAAA1A1111111111111111I1IIIIIIIIIIIIII
AAAAAAAAAAAAAAAAAAAAAAAAAAAAAA1AA111111111111111I11IIIIIIIIIIIII
AAAAAAAAAAAAAAAAAAAAAAAAAAAAAA1AAA11111111111111I111IIIIIIIIIIII
AAAAAAAAAAAAAAAAAAAAAAAAAAAAAAAAAA111111111111111111IIIIIIIIIIII
AAAAAAAAAAAAAAAAAAAAAAAAAAAAAAAAAAA111111111111111111IIIIIIIIIII
AAAAAAAAAAAAAAAAAAAAAAAAAAAAAAAAAAAA111111111111111111IIIIIIIIII
AAAAAAAAAAAAAAAAAAAAAAAAAAAAAAAAAAAA1A1111111111111111I1IIIIIIII
AAAAAAAAAAAAAAAAAAAAAAAAAAAAAAAAAAAA1AA111111111111111I11IIIIIII
AAAAAAAAAAAAAAAAAAAAAAAAAAAAAAAAAAAA1AAA11111111111111I111IIIIII
AAAAAAAAAAAAAAAAAAAAAAAAAAAAAAAAAAAAAAAA111111111111111111IIIIII
AAAAAAAAAAAAAAAAAAAAAAAAAAAAAAAAAAAAAAAAA111111111111111111IIIII
AAAAAAAAAAAAAAAAAAAAAAAAAAAAAAAAAAAAAAAAAA111111111111111111IIII
AAAAAAAAAAAAAAAAAAAAAAAAAAAAAAAAAAAAAAAAAA1A1111111111111111I1II
AAAAAAAAAAAAAAAAAAAAAAAAAAAAAAAAAAAAAAAAAA1AA111111111111111I11I
AAAAAAAAAAAAAAAAAAAAAAAAAAAAAAAAAAAAAAAAAA1AAA11111111111111I111
AAAAAAAAAAAAAAAAAAAAAAAAAAAAAAAAAAAAAAAAAAAAAA111111111111111111
AAAAAAAAAAAAAAAAAAAAAAAAAAAAAAAAAAAAAAAAAAAAAAA11111111111111111
AAAAAAAAAAAAAAAAAAAAAAAAAAAAAAAAAAAAAAAAAAAAAAAA1111111111111111
AAAAAAAAAAAAAAAAAAAAAAAAAAAAAAAAAAAAAAAAAAAAAAAA1A11111111111111
AAAAAAAAAAAAAAAAAAAAAAAAAAAAAAAAAAAAAAAAAAAAAAAA1AA1111111111111
AAAAAAAAAAAAAAAAAAAAAAAAAAAAAAAAAAAAAAAAAAAAAAAA1AAA111111111111
AAAAAAAAAAAAAAAAAAAAAAAAAAAAAAAAAAAAAAAAAAAAAAAAAAAA111111111111
AAAAAAAAAAAAAAAAAAAAAAAAAAAAAAAAAAAAAAAAAAAAAAAAAAAAA11111111111
AAAAAAAAAAAAAAAAAAAAAAAAAAAAAAAAAAAAAAAAAAAAAAAAAAAAAA1111111111
AAAAAAAAAAAAAAAAAAAAAAAAAAAAAAAAAAAAAAAAAAAAAAAAAAAAAA1A11111111
AAAAAAAAAAAAAAAAAAAAAAAAAAAAAAAAAAAAAAAAAAAAAAAAAAAAAA1AA1111111
AAAAAAAAAAAAAAAAAAAAAAAAAAAAAAAAAAAAAAAAAAAAAAAAAAAAAA1AAA111111
AAAAAAAAAAAAAAAAAAAAAAAAAAAAAAAAAAAAAAAAAAAAAAAAAAAAAAAAAA111111
AAAAAAAAAAAAAAAAAAAAAAAAAAAAAAAAAAAAAAAAAAAAAAAAAAAAAAAAAAA11111
AAAAAAAAAAAAAAAAAAAAAAAAAAAAAAAAAAAAAAAAAAAAAAAAAAAAAAAAAAAA1111
AAAAAAAAAAAAAAAAAAAAAAAAAAAAAAAAAAAAAAAAAAAAAAAAAAAAAAAAAAAA1A11
AAAAAAAAAAAAAAAAAAAAAAAAAAAAAAAAAAAAAAAAAAAAAAAAAAAAAAAAAAAA1AA1
AAAAAAAAAAAAAAAAAAAAAAAAAAAAAAAAAAAAAAAAAAAAAAAAAAAAAAAAAAAA1AAA
AAAAAAAAAAAAAAAAAAAAAAAAAAAAAAAAAAAAAAAAAAAAAAAAAAAAAAAAAAAAAAAA
AIII111I1I111III1IIIIIIIIIIIIIIIIIIIIIIIIIIIIIIIIIIIIIIIIIIIIIII
AAII111I1I111III1IIIIIIIIIIIIIIIIIIIIIIIIIIIIIIIIIIIIIIIIIIIIIII
AAAI111I1I111III1IIIIIIIIIIIIIIIIIIIIIIIIIIIIIIIIIIIIIIIIIIIIIII
AAAA111I1I111III1IIIIIIIIIIIIIIIIIIIIIIIIIIIIIIIIIIIIIIIIIIIIIII
AAAAA11I11111I111III11IIIIIIIIIIIIIIIIIIIIIIIIIIIIIIIIIIIIIIIIII
AAAAA111111111111I1I11IIIIIIIIIIIIIIIIIIIIIIIIIIIIIIIIIIIIIIIIII
AAAAAA1111111111111I111IIIIIIIIIIIIIIIIIIIIIIIIIIIIIIIIIIIIIIIII
AAAAAA1A11111111111111111IIIIIIIIIIIIIIIIIIIIIIIIIIIIIIIIIIIIIII
AAAAAA1AA11111111111111111IIIIIIIIIIIIIIIIIIIIIIIIIIIIIIIIIIIIII
AAAAAA1AAA11111111111111111IIIIIIIIIIIIIIIIIIIIIIIIIIIIIIIIIIIII
AAAAAAAAAA11111111111111111IIIIIIIIIIIIIIIIIIIIIIIIIIIIIIIIIIIII
AAAAAAAAAAA11111111111111111IIIIIIIIIIIIIIIIIIIIIIIIIIIIIIIIIIII
AAAAAAAAAAAA11111111111111111IIIIIIIIIIIIIIIIIIIIIIIIIIIIIIIIIII
AAAAAAAAAAAA1A11111111111111111IIIIIIIIIIIIIIIIIIIIIIIIIIIIIIIII
AAAAAAAAAAAA1AA11111111111111111IIIIIIIIIIIIIIIIIIIIIIIIIIIIIIII
AAAAAAAAAAAA1AAA11111111111111111IIIIIIIIIIIIIIIIIIIIIIIIIIIIIII
AAAAAAAAAAAAAAAA11111111111111111IIIIIIIIIIIIIIIIIIIIIIIIIIIIIII
AAAAAAAAAAAAAAAAA11111111111111111IIIIIIIIIIIIIIIIIIIIIIIIIIIIII
AAAAAAAAAAAAAAAAAA11111111111111111IIIIIIIIIIIIIIIIIIIIIIIIIIIII
AAAAAAAAAAAAAAAAAA1A11111111111111111IIIIIIIIIIIIIIIIIIIIIIIIIII
AAAAAAAAAAAAAAAAAA1AA11111111111111111IIIIIIIIIIIIIIIIIIIIIIIIII
AAAAAAAAAAAAAAAAAA1AAA11111111111111111IIIIIIIIIIIIIIIIIIIIIIIII
AAAAAAAAAAAAAAAAAAAAAA11111111111111111IIIIIIIIIIIIIIIIIIIIIIIII
AAAAAAAAAAAAAAAAAAAAAAA11111111111111111IIIIIIIIIIIIIIIIIIIIIIII
AAAAAAAAAAAAAAAAAAAAAAAA11111111111111111IIIIIIIIIIIIIIIIIIIIIII
AAAAAAAAAAAAAAAAAAAAAAAA1A11111111111111111IIIIIIIIIIIIIIIIIIIII
AAAAAAAAAAAAAAAAAAAAAAAA1AA11111111111111111IIIIIIIIIIIIIIIIIIII
AAAAAAAAAAAAAAAAAAAAAAAA1AAA11111111111111111IIIIIIIIIIIIIIIIIII
AAAAAAAAAAAAAAAAAAAAAAAAAAAA11111111111111111IIIIIIIIIIIIIIIIIII
AAAAAAAAAAAAAAAAAAAAAAAAAAAAA11111111111111111IIIIIIIIIIIIIIIIII
AAAAAAAAAAAAAAAAAAAAAAAAAAAAAA11111111111111111IIIIIIIIIIIIIIIII
AAAAAAAAAAAAAAAAAAAAAAAAAAAAAA1A11111111111111111IIIIIIIIIIIIIII
AAAAAAAAAAAAAAAAAAAAAAAAAAAAAA1AA11111111111111111IIIIIIIIIIIIII
AAAAAAAAAAAAAAAAAAAAAAAAAAAAAA1AAA11111111111111111IIIIIIIIIIIII
AAAAAAAAAAAAAAAAAAAAAAAAAAAAAAAAAA11111111111111111IIIIIIIIIIIII
AAAAAAAAAAAAAAAAAAAAAAAAAAAAAAAAAAA11111111111111111IIIIIIIIIIII
AAAAAAAAAAAAAAAAAAAAAAAAAAAAAAAAAAAA11111111111111111IIIIIIIIIII
AAAAAAAAAAAAAAAAAAAAAAAAAAAAAAAAAAAA1A11111111111111111IIIIIIIII
AAAAAAAAAAAAAAAAAAAAAAAAAAAAAAAAAAAA1AA11111111111111111IIIIIIII
AAAAAAAAAAAAAAAAAAAAAAAAAAAAAAAAAAAA1AAA11111111111111111IIIIIII
AAAAAAAAAAAAAAAAAAAAAAAAAAAAAAAAAAAAAAAA11111111111111111IIIIIII
AAAAAAAAAAAAAAAAAAAAAAAAAAAAAAAAAAAAAAAAA11111111111111111IIIIII
AAAAAAAAAAAAAAAAAAAAAAAAAAAAAAAAAAAAAAAAAA11111111111111111IIIII
AAAAAAAAAAAAAAAAAAAAAAAAAAAAAAAAAAAAAAAAAA1A11111111111111111III
AAAAAAAAAAAAAAAAAAAAAAAAAAAAAAAAAAAAAAAAAA1AA11111111111111111II
AAAAAAAAAAAAAAAAAAAAAAAAAAAAAAAAAAAAAAAAAA1AAA11111111111111111I
AAAAAAAAAAAAAAAAAAAAAAAAAAAAAAAAAAAAAAAAAAAAAA11111111111111111I
AAAAAAAAAAAAAAAAAAAAAAAAAAAAAAAAAAAAAAAAAAAAAAA11111111111111111
AAAAAAAAAAAAAAAAAAAAAAAAAAAAAAAAAAAAAAAAAAAAAAAA1111111111111111
AAAAAAAAAAAAAAAAAAAAAAAAAAAAAAAAAAAAAAAAAAAAAAAA1A11111111111111
AAAAAAAAAAAAAAAAAAAAAAAAAAAAAAAAAAAAAAAAAAAAAAAA1AA1111111111111
AAAAAAAAAAAAAAAAAAAAAAAAAAAAAAAAAAAAAAAAAAAAAAAA1AAA111111111111
AAAAAAAAAAAAAAAAAAAAAAAAAAAAAAAAAAAAAAAAAAAAAAAAAAAA111111111111
AAAAAAAAAAAAAAAAAAAAAAAAAAAAAAAAAAAAAAAAAAAAAAAAAAAAA11111111111
AAAAAAAAAAAAAAAAAAAAAAAAAAAAAAAAAAAAAAAAAAAAAAAAAAAAAA1111111111
AAAAAAAAAAAAAAAAAAAAAAAAAAAAAAAAAAAAAAAAAAAAAAAAAAAAAA1A11111111
AAAAAAAAAAAAAAAAAAAAAAAAAAAAAAAAAAAAAAAAAAAAAAAAAAAAAA1AA1111111
AAAAAAAAAAAAAAAAAAAAAAAAAAAAAAAAAAAAAAAAAAAAAAAAAAAAAA1AAA111111
AAAAAAAAAAAAAAAAAAAAAAAAAAAAAAAAAAAAAAAAAAAAAAAAAAAAAAAAAA111111
AAAAAAAAAAAAAAAAAAAAAAAAAAAAAAAAAAAAAAAAAAAAAAAAAAAAAAAAAAA11111
AAAAAAAAAAAAAAAAAAAAAAAAAAAAAAAAAAAAAAAAAAAAAAAAAAAAAAAAAAAA1111
AAAAAAAAAAAAAAAAAAAAAAAAAAAAAAAAAAAAAAAAAAAAAAAAAAAAAAAAAAAA1A11
AAAAAAAAAAAAAAAAAAAAAAAAAAAAAAAAAAAAAAAAAAAAAAAAAAAAAAAAAAAA1AA1
AAAAAAAAAAAAAAAAAAAAAAAAAAAAAAAAAAAAAAAAAAAAAAAAAAAAAAAAAAAAAAA1
AAAAAAAAAAAAAAAAAAAAAAAAAAAAAAAAAAAAAAAAAAAAAAAAAAAAAAAAAAAAAAAA
AIIII11IIII11IIII1IIIIIIIIIIIIIIIIIIIIIIIIIIIIIIIIIIIIIIIIIIIIII
AAIII111III111III11IIIIIIIIIIIIIIIIIIIIIIIIIIIIIIIIIIIIIIIIIIIII
AAAII111III111III11IIIIIIIIIIIIIIIIIIIIIIIIIIIIIIIIIIIIIIIIIIIII
AAAAI111III111III11IIIIIIIIIIIIIIIIIIIIIIIIIIIIIIIIIIIIIIIIIIIII
AAAAA111I11111I1111II1IIIIIIIIIIIIIIIIIIIIIIIIIIIIIIIIIIIIIIIIII
AAAAA111111111111111I1IIIIIIIIIIIIIIIIIIIIIIIIIIIIIIIIIIIIIIIIII
AAAAAA11111111111111I11IIIIIIIIIIIIIIIIIIIIIIIIIIIIIIIIIIIIIIIII
AAAAAAA1111111111111I111IIIIIIIIIIIIIIIIIIIIIIIIIIIIIIIIIIIIIIII
AAAAAAA1A111111111111111I1IIIIIIIIIIIIIIIIIIIIIIIIIIIIIIIIIIIIII
AAAAAAA1AA11111111111111I11IIIIIIIIIIIIIIIIIIIIIIIIIIIIIIIIIIIII
AAAAAAAAAA11111111111111111IIIIIIIIIIIIIIIIIIIIIIIIIIIIIIIIIIIII
AAAAAAAAAAA11111111111111111IIIIIIIIIIIIIIIIIIIIIIIIIIIIIIIIIIII
AAAAAAAAAAAA11111111111111111IIIIIIIIIIIIIIIIIIIIIIIIIIIIIIIIIII
AAAAAAAAAAAA1A111111111111111I1IIIIIIIIIIIIIIIIIIIIIIIIIIIIIIIII
AAAAAAAAAAAA1AA11111111111111I11IIIIIIIIIIIIIIIIIIIIIIIIIIIIIIII
AAAAAAAAAAAA1AAA1111111111111I111IIIIIIIIIIIIIIIIIIIIIIIIIIIIIII
AAAAAAAAAAAAAAAA11111111111111111IIIIIIIIIIIIIIIIIIIIIIIIIIIIIII
AAAAAAAAAAAAAAAAA11111111111111111IIIIIIIIIIIIIIIIIIIIIIIIIIIIII
AAAAAAAAAAAAAAAAAA11111111111111111IIIIIIIIIIIIIIIIIIIIIIIIIIIII
AAAAAAAAAAAAAAAAAA1A111111111111111I1IIIIIIIIIIIIIIIIIIIIIIIIIII
AAAAAAAAAAAAAAAAAA1AA11111111111111I11IIIIIIIIIIIIIIIIIIIIIIIIII
AAAAAAAAAAAAAAAAAA1AAA1111111111111I111IIIIIIIIIIIIIIIIIIIIIIIII
AAAAAAAAAAAAAAAAAAAAAA11111111111111111IIIIIIIIIIIIIIIIIIIIIIIII
AAAAAAAAAAAAAAAAAAAAAAA11111111111111111IIIIIIIIIIIIIIIIIIIIIIII
AAAAAAAAAAAAAAAAAAAAAAAA11111111111111111IIIIIIIIIIIIIIIIIIIIIII
AAAAAAAAAAAAAAAAAAAAAAAA1A111111111111111I1IIIIIIIIIIIIIIIIIIIII
AAAAAAAAAAAAAAAAAAAAAAAA1AA11111111111111I11IIIIIIIIIIIIIIIIIIII
AAAAAAAAAAAAAAAAAAAAAAAA1AAA1111111111111I111IIIIIIIIIIIIIIIIIII
AAAAAAAAAAAAAAAAAAAAAAAAAAAA11111111111111111IIIIIIIIIIIIIIIIIII
AAAAAAAAAAAAAAAAAAAAAAAAAAAAA11111111111111111IIIIIIIIIIIIIIIIII
AAAAAAAAAAAAAAAAAAAAAAAAAAAAAA11111111111111111IIIIIIIIIIIIIIIII
AAAAAAAAAAAAAAAAAAAAAAAAAAAAAA1A111111111111111I1IIIIIIIIIIIIIII
AAAAAAAAAAAAAAAAAAAAAAAAAAAAAA1AA11111111111111I11IIIIIIIIIIIIII
AAAAAAAAAAAAAAAAAAAAAAAAAAAAAA1AAA1111111111111I111IIIIIIIIIIIII
AAAAAAAAAAAAAAAAAAAAAAAAAAAAAAAAAA11111111111111111IIIIIIIIIIIII
AAAAAAAAAAAAAAAAAAAAAAAAAAAAAAAAAAA11111111111111111IIIIIIIIIIII
AAAAAAAAAAAAAAAAAAAAAAAAAAAAAAAAAAAA11111111111111111IIIIIIIIIII
AAAAAAAAAAAAAAAAAAAAAAAAAAAAAAAAAAAA1A111111111111111I1IIIIIIIII
AAAAAAAAAAAAAAAAAAAAAAAAAAAAAAAAAAAA1AA11111111111111I11IIIIIIII
AAAAAAAAAAAAAAAAAAAAAAAAAAAAAAAAAAAA1AAA1111111111111I111IIIIIII
AAAAAAAAAAAAAAAAAAAAAAAAAAAAAAAAAAAAAAAA11111111111111111IIIIIII
AAAAAAAAAAAAAAAAAAAAAAAAAAAAAAAAAAAAAAAAA11111111111111111IIIIII
AAAAAAAAAAAAAAAAAAAAAAAAAAAAAAAAAAAAAAAAAA11111111111111111IIIII
AAAAAAAAAAAAAAAAAAAAAAAAAAAAAAAAAAAAAAAAAA1A111111111111111I1III
AAAAAAAAAAAAAAAAAAAAAAAAAAAAAAAAAAAAAAAAAA1AA11111111111111I11II
AAAAAAAAAAAAAAAAAAAAAAAAAAAAAAAAAAAAAAAAAA1AAA1111111111111I111I
AAAAAAAAAAAAAAAAAAAAAAAAAAAAAAAAAAAAAAAAAAAAAA11111111111111111I
AAAAAAAAAAAAAAAAAAAAAAAAAAAAAAAAAAAAAAAAAAAAAAA11111111111111111
AAAAAAAAAAAAAAAAAAAAAAAAAAAAAAAAAAAAAAAAAAAAAAAA1111111111111111
AAAAAAAAAAAAAAAAAAAAAAAAAAAAAAAAAAAAAAAAAAAAAAAA1A11111111111111
AAAAAAAAAAAAAAAAAAAAAAAAAAAAAAAAAAAAAAAAAAAAAAAA1AA1111111111111
AAAAAAAAAAAAAAAAAAAAAAAAAAAAAAAAAAAAAAAAAAAAAAAA1AAA111111111111
AAAAAAAAAAAAAAAAAAAAAAAAAAAAAAAAAAAAAAAAAAAAAAAAAAAA111111111111
AAAAAAAAAAAAAAAAAAAAAAAAAAAAAAAAAAAAAAAAAAAAAAAAAAAAA11111111111
AAAAAAAAAAAAAAAAAAAAAAAAAAAAAAAAAAAAAAAAAAAAAAAAAAAAAA1111111111
AAAAAAAAAAAAAAAAAAAAAAAAAAAAAAAAAAAAAAAAAAAAAAAAAAAAAA1A11111111
AAAAAAAAAAAAAAAAAAAAAAAAAAAAAAAAAAAAAAAAAAAAAAAAAAAAAA1AA1111111
AAAAAAAAAAAAAAAAAAAAAAAAAAAAAAAAAAAAAAAAAAAAAAAAAAAAAA1AAA111111
AAAAAAAAAAAAAAAAAAAAAAAAAAAAAAAAAAAAAAAAAAAAAAAAAAAAAAAAAA111111
AAAAAAAAAAAAAAAAAAAAAAAAAAAAAAAAAAAAAAAAAAAAAAAAAAAAAAAAAAA11111
AAAAAAAAAAAAAAAAAAAAAAAAAAAAAAAAAAAAAAAAAAAAAAAAAAAAAAAAAAAA1111
AAAAAAAAAAAAAAAAAAAAAAAAAAAAAAAAAAAAAAAAAAAAAAAAAAAAAAAAAAAA1A11
AAAAAAAAAAAAAAAAAAAAAAAAAAAAAAAAAAAAAAAAAAAAAAAAAAAAAAAAAAAA1AA1
AAAAAAAAAAAAAAAAAAAAAAAAAAAAAAAAAAAAAAAAAAAAAAAAAAAAAAAAAAAA1AAA
AAAAAAAAAAAAAAAAAAAAAAAAAAAAAAAAAAAAAAAAAAAAAAAAAAAAAAAAAAAAAAAA
AI1II1111II111IIIIIIIIIIIIIIIIIIIIIIIIIIIIIIIIIIIIIIIIIIIIIIIIII
AA1II1111II111IIIIIIIIIIIIIIIIIIIIIIIIIIIIIIIIIIIIIIIIIIIIIIIIII
AAAII1111II111IIIIIIIIIIIIIIIIIIIIIIIIIIIIIIIIIIIIIIIIIIIIIIIIII
AAAAI1111II111IIIIIIIIIIIIIIIIIIIIIIIIIIIIIIIIIIIIIIIIIIIIIIIIII
AAAAA111111111I1111IIIIIIIIIIIIIIIIIIIIIIIIIIIIIIIIIIIIIIIIIIIII
AAAAA11111111111111IIIIIIIIIIIIIIIIIIIIIIIIIIIIIIIIIIIIIIIIIIIII
AAAAAA11111111111111IIIIIIIIIIIIIIIIIIIIIIIIIIIIIIIIIIIIIIIIIIII
AAAAAA1A11111111111111IIIIIIIIIIIIIIIIIIIIIIIIIIIIIIIIIIIIIIIIII
AAAAAA1AA11111111111111IIIIIIIIIIIIIIIIIIIIIIIIIIIIIIIIIIIIIIIII
AAAAAA1AAA11111111111111IIIIIIIIIIIIIIIIIIIIIIIIIIIIIIIIIIIIIIII
AAAAAAAAAA11111111111111IIIIIIIIIIIIIIIIIIIIIIIIIIIIIIIIIIIIIIII
AAAAAAAAAAA11111111111111IIIIIIIIIIIIIIIIIIIIIIIIIIIIIIIIIIIIIII
AAAAAAAAAAAA11111111111111IIIIIIIIIIIIIIIIIIIIIIIIIIIIIIIIIIIIII
AAAAAAAAAAAA1A11111111111111IIIIIIIIIIIIIIIIIIIIIIIIIIIIIIIIIIII
AAAAAAAAAAAA1AA11111111111111IIIIIIIIIIIIIIIIIIIIIIIIIIIIIIIIIII
AAAAAAAAAAAA1AAA11111111111111IIIIIIIIIIIIIIIIIIIIIIIIIIIIIIIIII
AAAAAAAAAAAAAAAA11111111111111IIIIIIIIIIIIIIIIIIIIIIIIIIIIIIIIII
AAAAAAAAAAAAAAAAA11111111111111IIIIIIIIIIIIIIIIIIIIIIIIIIIIIIIII
AAAAAAAAAAAAAAAAAA11111111111111IIIIIIIIIIIIIIIIIIIIIIIIIIIIIIII
AAAAAAAAAAAAAAAAAA1A11111111111111IIIIIIIIIIIIIIIIIIIIIIIIIIIIII
AAAAAAAAAAAAAAAAAA1AA11111111111111IIIIIIIIIIIIIIIIIIIIIIIIIIIII
AAAAAAAAAAAAAAAAAA1AAA11111111111111IIIIIIIIIIIIIIIIIIIIIIIIIIII
AAAAAAAAAAAAAAAAAAAAAA11111111111111IIIIIIIIIIIIIIIIIIIIIIIIIIII
AAAAAAAAAAAAAAAAAAAAAAA11111111111111IIIIIIIIIIIIIIIIIIIIIIIIIII
AAAAAAAAAAAAAAAAAAAAAAAA11111111111111IIIIIIIIIIIIIIIIIIIIIIIIII
AAAAAAAAAAAAAAAAAAAAAAAA1A11111111111111IIIIIIIIIIIIIIIIIIIIIIII
AAAAAAAAAAAAAAAAAAAAAAAA1AA11111111111111IIIIIIIIIIIIIIIIIIIIIII
AAAAAAAAAAAAAAAAAAAAAAAA1AAA11111111111111IIIIIIIIIIIIIIIIIIIIII
AAAAAAAAAAAAAAAAAAAAAAAAAAAA11111111111111IIIIIIIIIIIIIIIIIIIIII
AAAAAAAAAAAAAAAAAAAAAAAAAAAAA11111111111111IIIIIIIIIIIIIIIIIIIII
AAAAAAAAAAAAAAAAAAAAAAAAAAAAAA11111111111111IIIIIIIIIIIIIIIIIIII
AAAAAAAAAAAAAAAAAAAAAAAAAAAAAA1A11111111111111IIIIIIIIIIIIIIIIII
AAAAAAAAAAAAAAAAAAAAAAAAAAAAAA1AA11111111111111IIIIIIIIIIIIIIIII
AAAAAAAAAAAAAAAAAAAAAAAAAAAAAA1AAA11111111111111IIIIIIIIIIIIIIII
AAAAAAAAAAAAAAAAAAAAAAAAAAAAAAAAAA11111111111111IIIIIIIIIIIIIIII
AAAAAAAAAAAAAAAAAAAAAAAAAAAAAAAAAAA11111111111111IIIIIIIIIIIIIII
AAAAAAAAAAAAAAAAAAAAAAAAAAAAAAAAAAAA11111111111111IIIIIIIIIIIIII
AAAAAAAAAAAAAAAAAAAAAAAAAAAAAAAAAAAA1A11111111111111IIIIIIIIIIII
AAAAAAAAAAAAAAAAAAAAAAAAAAAAAAAAAAAA1AA11111111111111IIIIIIIIIII
AAAAAAAAAAAAAAAAAAAAAAAAAAAAAAAAAAAA1AAA11111111111111IIIIIIIIII
AAAAAAAAAAAAAAAAAAAAAAAAAAAAAAAAAAAAAAAA11111111111111IIIIIIIIII
AAAAAAAAAAAAAAAAAAAAAAAAAAAAAAAAAAAAAAAAA11111111111111IIIIIIIII
AAAAAAAAAAAAAAAAAAAAAAAAAAAAAAAAAAAAAAAAAA11111111111111IIIIIIII
AAAAAAAAAAAAAAAAAAAAAAAAAAAAAAAAAAAAAAAAAA1A11111111111111IIIIII
AAAAAAAAAAAAAAAAAAAAAAAAAAAAAAAAAAAAAAAAAA1AA11111111111111IIIII
AAAAAAAAAAAAAAAAAAAAAAAAAAAAAAAAAAAAAAAAAA1AAA11111111111111IIII
AAAAAAAAAAAAAAAAAAAAAAAAAAAAAAAAAAAAAAAAAAAAAA11111111111111IIII
AAAAAAAAAAAAAAAAAAAAAAAAAAAAAAAAAAAAAAAAAAAAAAA11111111111111III
AAAAAAAAAAAAAAAAAAAAAAAAAAAAAAAAAAAAAAAAAAAAAAAA11111111111111II
AAAAAAAAAAAAAAAAAAAAAAAAAAAAAAAAAAAAAAAAAAAAAAAA1A11111111111111
AAAAAAAAAAAAAAAAAAAAAAAAAAAAAAAAAAAAAAAAAAAAAAAAAA11111111111111
AAAAAAAAAAAAAAAAAAAAAAAAAAAAAAAAAAAAAAAAAAAAAAAAAAA1111111111111
AAAAAAAAAAAAAAAAAAAAAAAAAAAAAAAAAAAAAAAAAAAAAAAAAAAA111111111111
AAAAAAAAAAAAAAAAAAAAAAAAAAAAAAAAAAAAAAAAAAAAAAAAAAAAA11111111111
AAAAAAAAAAAAAAAAAAAAAAAAAAAAAAAAAAAAAAAAAAAAAAAAAAAAAA1111111111
AAAAAAAAAAAAAAAAAAAAAAAAAAAAAAAAAAAAAAAAAAAAAAAAAAAAAA1A11111111
AAAAAAAAAAAAAAAAAAAAAAAAAAAAAAAAAAAAAAAAAAAAAAAAAAAAAA1AA1111111
AAAAAAAAAAAAAAAAAAAAAAAAAAAAAAAAAAAAAAAAAAAAAAAAAAAAAA1AAA111111
AAAAAAAAAAAAAAAAAAAAAAAAAAAAAAAAAAAAAAAAAAAAAAAAAAAAAAAAAA111111
AAAAAAAAAAAAAAAAAAAAAAAAAAAAAAAAAAAAAAAAAAAAAAAAAAAAAAAAAAA11111
AAAAAAAAAAAAAAAAAAAAAAAAAAAAAAAAAAAAAAAAAAAAAAAAAAAAAAAAAAAA1111
AAAAAAAAAAAAAAAAAAAAAAAAAAAAAAAAAAAAAAAAAAAAAAAAAAAAAAAAAAAA1A11
AAAAAAAAAAAAAAAAAAAAAAAAAAAAAAAAAAAAAAAAAAAAAAAAAAAAAAAAAAAA1AA1
AAAAAAAAAAAAAAAAAAAAAAAAAAAAAAAAAAAAAAAAAAAAAAAAAAAAAAAAAAAA1AAA
AAAAAAAAAAAAAAAAAAAAAAAAAAAAAAAAAAAAAAAAAAAAAAAAAAAAAAAAAAAAAAAA
AI1II11I1III111IIIIIIIIIIIIIIIIIIIIIIIIIIIIIIIIIIIIIIIIIIIIIIIII
AA11I11I1III111IIIIIIIIIIIIIIIIIIIIIIIIIIIIIIIIIIIIIIIIIIIIIIIII
AAA1I11I1III111IIIIIIIIIIIIIIIIIIIIIIIIIIIIIIIIIIIIIIIIIIIIIIIII
AAAAI11I1III111IIIIIIIIIIIIIIIIIIIIIIIIIIIIIIIIIIIIIIIIIIIIIIIII
AAAAA11I111I111I111IIIIIIIIIIIIIIIIIIIIIIIIIIIIIIIIIIIIIIIIIIIII
AAAAA111111I1111111IIIIIIIIIIIIIIIIIIIIIIIIIIIIIIIIIIIIIIIIIIIII
AAAAAA11111111111111IIIIIIIIIIIIIIIIIIIIIIIIIIIIIIIIIIIIIIIIIIII
AAAAAA1A11111111111111IIIIIIIIIIIIIIIIIIIIIIIIIIIIIIIIIIIIIIIIII
AAAAAA1AA11111111111111IIIIIIIIIIIIIIIIIIIIIIIIIIIIIIIIIIIIIIIII
AAAAAA1AAA11111111111111IIIIIIIIIIIIIIIIIIIIIIIIIIIIIIIIIIIIIIII
AAAAAAAAAA11111111111111IIIIIIIIIIIIIIIIIIIIIIIIIIIIIIIIIIIIIIII
AAAAAAAAAAA11111111111111IIIIIIIIIIIIIIIIIIIIIIIIIIIIIIIIIIIIIII
AAAAAAAAAAAA11111111111111IIIIIIIIIIIIIIIIIIIIIIIIIIIIIIIIIIIIII
AAAAAAAAAAAA1A11111111111111IIIIIIIIIIIIIIIIIIIIIIIIIIIIIIIIIIII
AAAAAAAAAAAA1AA11111111111111IIIIIIIIIIIIIIIIIIIIIIIIIIIIIIIIIII
AAAAAAAAAAAA1AAA11111111111111IIIIIIIIIIIIIIIIIIIIIIIIIIIIIIIIII
AAAAAAAAAAAAAAAA11111111111111IIIIIIIIIIIIIIIIIIIIIIIIIIIIIIIIII
AAAAAAAAAAAAAAAAA11111111111111IIIIIIIIIIIIIIIIIIIIIIIIIIIIIIIII
AAAAAAAAAAAAAAAAAA11111111111111IIIIIIIIIIIIIIIIIIIIIIIIIIIIIIII
AAAAAAAAAAAAAAAAAA1A11111111111111IIIIIIIIIIIIIIIIIIIIIIIIIIIIII
AAAAAAAAAAAAAAAAAA1AA11111111111111IIIIIIIIIIIIIIIIIIIIIIIIIIIII
AAAAAAAAAAAAAAAAAA1AAA11111111111111IIIIIIIIIIIIIIIIIIIIIIIIIIII
AAAAAAAAAAAAAAAAAAAAAA11111111111111IIIIIIIIIIIIIIIIIIIIIIIIIIII
AAAAAAAAAAAAAAAAAAAAAAA11111111111111IIIIIIIIIIIIIIIIIIIIIIIIIII
AAAAAAAAAAAAAAAAAAAAAAAA11111111111111IIIIIIIIIIIIIIIIIIIIIIIIII
AAAAAAAAAAAAAAAAAAAAAAAA1A11111111111111IIIIIIIIIIIIIIIIIIIIIIII
AAAAAAAAAAAAAAAAAAAAAAAA1AA11111111111111IIIIIIIIIIIIIIIIIIIIIII
AAAAAAAAAAAAAAAAAAAAAAAA1AAA11111111111111IIIIIIIIIIIIIIIIIIIIII
AAAAAAAAAAAAAAAAAAAAAAAAAAAA11111111111111IIIIIIIIIIIIIIIIIIIIII
AAAAAAAAAAAAAAAAAAAAAAAAAAAAA11111111111111IIIIIIIIIIIIIIIIIIIII
AAAAAAAAAAAAAAAAAAAAAAAAAAAAAA11111111111111IIIIIIIIIIIIIIIIIIII
AAAAAAAAAAAAAAAAAAAAAAAAAAAAAA1A11111111111111IIIIIIIIIIIIIIIIII
AAAAAAAAAAAAAAAAAAAAAAAAAAAAAA1AA11111111111111IIIIIIIIIIIIIIIII
AAAAAAAAAAAAAAAAAAAAAAAAAAAAAA1AAA11111111111111IIIIIIIIIIIIIIII
AAAAAAAAAAAAAAAAAAAAAAAAAAAAAAAAAA11111111111111IIIIIIIIIIIIIIII
AAAAAAAAAAAAAAAAAAAAAAAAAAAAAAAAAAA11111111111111IIIIIIIIIIIIIII
AAAAAAAAAAAAAAAAAAAAAAAAAAAAAAAAAAAA11111111111111IIIIIIIIIIIIII
AAAAAAAAAAAAAAAAAAAAAAAAAAAAAAAAAAAA1A11111111111111IIIIIIIIIIII
AAAAAAAAAAAAAAAAAAAAAAAAAAAAAAAAAAAA1AA11111111111111IIIIIIIIIII
AAAAAAAAAAAAAAAAAAAAAAAAAAAAAAAAAAAA1AAA11111111111111IIIIIIIIII
AAAAAAAAAAAAAAAAAAAAAAAAAAAAAAAAAAAAAAAA11111111111111IIIIIIIIII
AAAAAAAAAAAAAAAAAAAAAAAAAAAAAAAAAAAAAAAAA11111111111111IIIIIIIII
AAAAAAAAAAAAAAAAAAAAAAAAAAAAAAAAAAAAAAAAAA11111111111111IIIIIIII
AAAAAAAAAAAAAAAAAAAAAAAAAAAAAAAAAAAAAAAAAA1A11111111111111IIIIII
AAAAAAAAAAAAAAAAAAAAAAAAAAAAAAAAAAAAAAAAAA1AA11111111111111IIIII
AAAAAAAAAAAAAAAAAAAAAAAAAAAAAAAAAAAAAAAAAA1AAA11111111111111IIII
AAAAAAAAAAAAAAAAAAAAAAAAAAAAAAAAAAAAAAAAAAAAAA11111111111111IIII
AAAAAAAAAAAAAAAAAAAAAAAAAAAAAAAAAAAAAAAAAAAAAAA11111111111111III
AAAAAAAAAAAAAAAAAAAAAAAAAAAAAAAAAAAAAAAAAAAAAAAA11111111111111II
AAAAAAAAAAAAAAAAAAAAAAAAAAAAAAAAAAAAAAAAAAAAAAAA1A11111111111111
AAAAAAAAAAAAAAAAAAAAAAAAAAAAAAAAAAAAAAAAAAAAAAAA1AA1111111111111
AAAAAAAAAAAAAAAAAAAAAAAAAAAAAAAAAAAAAAAAAAAAAAAA1AAA111111111111
AAAAAAAAAAAAAAAAAAAAAAAAAAAAAAAAAAAAAAAAAAAAAAAAAAAA111111111111
AAAAAAAAAAAAAAAAAAAAAAAAAAAAAAAAAAAAAAAAAAAAAAAAAAAAA11111111111
AAAAAAAAAAAAAAAAAAAAAAAAAAAAAAAAAAAAAAAAAAAAAAAAAAAAAA1111111111
AAAAAAAAAAAAAAAAAAAAAAAAAAAAAAAAAAAAAAAAAAAAAAAAAAAAAA1A11111111
AAAAAAAAAAAAAAAAAAAAAAAAAAAAAAAAAAAAAAAAAAAAAAAAAAAAAA1AA1111111
AAAAAAAAAAAAAAAAAAAAAAAAAAAAAAAAAAAAAAAAAAAAAAAAAAAAAA1AAA111111
AAAAAAAAAAAAAAAAAAAAAAAAAAAAAAAAAAAAAAAAAAAAAAAAAAAAAAAAAA111111
AAAAAAAAAAAAAAAAAAAAAAAAAAAAAAAAAAAAAAAAAAAAAAAAAAAAAAAAAAA11111
AAAAAAAAAAAAAAAAAAAAAAAAAAAAAAAAAAAAAAAAAAAAAAAAAAAAAAAAAAAA1111
AAAAAAAAAAAAAAAAAAAAAAAAAAAAAAAAAAAAAAAAAAAAAAAAAAAAAAAAAAAA1A11
AAAAAAAAAAAAAAAAAAAAAAAAAAAAAAAAAAAAAAAAAAAAAAAAAAAAAAAAAAAA1AA1
AAAAAAAAAAAAAAAAAAAAAAAAAAAAAAAAAAAAAAAAAAAAAAAAAAAAAAAAAAAA1AAA
AAAAAAAAAAAAAAAAAAAAAAAAAAAAAAAAAAAAAAAAAAAAAAAAAAAAAAAAAAAAAAAA
AIIIII1IIIII1IIIII1IIIIIIIIIIIIIIIIIIIIIIIIIIIIIIIIIIIIIIIIIIIII
AAIIII11IIII11IIII11IIIIIIIIIIIIIIIIIIIIIIIIIIIIIIIIIIIIIIIIIIII
AAAIII111III111III11IIIIIIIIIIIIIIIIIIIIIIIIIIIIIIIIIIIIIIIIIIII
AAAAII111III111III11IIIIIIIIIIIIIIIIIIIIIIIIIIIIIIIIIIIIIIIIIIII
AAAAAI111I1I111I1I11II1IIIIIIIIIIIIIIIIIIIIIIIIIIIIIIIIIIIIIIIII
AAAAAI111I1I111I1I111I1IIIIIIIIIIIIIIIIIIIIIIIIIIIIIIIIIIIIIIIII
AAAAAA111I11111I11111I11IIIIIIIIIIIIIIIIIIIIIIIIIIIIIIIIIIIIIIII
AAAAAA1A1I11111I11111I11I1IIIIIIIIIIIIIIIIIIIIIIIIIIIIIIIIIIIIII
AAAAAA1AAI11111I11111I11I11IIIIIIIIIIIIIIIIIIIIIIIIIIIIIIIIIIIII
AAAAAA1AAA11111111111111I111IIIIIIIIIIIIIIIIIIIIIIIIIIIIIIIIIIII
AAAAAAAAAA111111111111111111IIIIIIIIIIIIIIIIIIIIIIIIIIIIIIIIIIII
AAAAAAAAAAA111111111111111111IIIIIIIIIIIIIIIIIIIIIIIIIIIIIIIIIII
AAAAAAAAAAAA111111111111111111IIIIIIIIIIIIIIIIIIIIIIIIIIIIIIIIII
AAAAAAAAAAAA1A1111111111111111I1IIIIIIIIIIIIIIIIIIIIIIIIIIIIIIII
AAAAAAAAAAAA1AA111111111111111I11IIIIIIIIIIIIIIIIIIIIIIIIIIIIIII
AAAAAAAAAAAA1AAA11111111111111I111IIIIIIIIIIIIIIIIIIIIIIIIIIIIII
AAAAAAAAAAAAAAAA111111111111111111IIIIIIIIIIIIIIIIIIIIIIIIIIIIII
AAAAAAAAAAAAAAAAA111111111111111111IIIIIIIIIIIIIIIIIIIIIIIIIIIII
AAAAAAAAAAAAAAAAAA111111111111111111IIIIIIIIIIIIIIIIIIIIIIIIIIII
AAAAAAAAAAAAAAAAAA1A1111111111111111I1IIIIIIIIIIIIIIIIIIIIIIIIII
AAAAAAAAAAAAAAAAAA1AA111111111111111I11IIIIIIIIIIIIIIIIIIIIIIIII
AAAAAAAAAAAAAAAAAA1AAA11111111111111I111IIIIIIIIIIIIIIIIIIIIIIII
AAAAAAAAAAAAAAAAAAAAAA111111111111111111IIIIIIIIIIIIIIIIIIIIIIII
AAAAAAAAAAAAAAAAAAAAAAA111111111111111111IIIIIIIIIIIIIIIIIIIIIII
AAAAAAAAAAAAAAAAAAAAAAAA111111111111111111IIIIIIIIIIIIIIIIIIIIII
AAAAAAAAAAAAAAAAAAAAAAAA1A1111111111111111I1IIIIIIIIIIIIIIIIIIII
AAAAAAAAAAAAAAAAAAAAAAAA1AA111111111111111I11IIIIIIIIIIIIIIIIIII
AAAAAAAAAAAAAAAAAAAAAAAA1AAA11111111111111I111IIIIIIIIIIIIIIIIII
AAAAAAAAAAAAAAAAAAAAAAAAAAAA111111111111111111IIIIIIIIIIIIIIIIII
AAAAAAAAAAAAAAAAAAAAAAAAAAAAA111111111111111111IIIIIIIIIIIIIIIII
AAAAAAAAAAAAAAAAAAAAAAAAAAAAAA111111111111111111IIIIIIIIIIIIIIII
AAAAAAAAAAAAAAAAAAAAAAAAAAAAAA1A1111111111111111I1IIIIIIIIIIIIII
AAAAAAAAAAAAAAAAAAAAAAAAAAAAAA1AA111111111111111I11IIIIIIIIIIIII
AAAAAAAAAAAAAAAAAAAAAAAAAAAAAA1AAA11111111111111I111IIIIIIIIIIII
AAAAAAAAAAAAAAAAAAAAAAAAAAAAAAAAAA111111111111111111IIIIIIIIIIII
AAAAAAAAAAAAAAAAAAAAAAAAAAAAAAAAAAA111111111111111111IIIIIIIIIII
AAAAAAAAAAAAAAAAAAAAAAAAAAAAAAAAAAAA111111111111111111IIIIIIIIII
AAAAAAAAAAAAAAAAAAAAAAAAAAAAAAAAAAAA1A1111111111111111I1IIIIIIII
AAAAAAAAAAAAAAAAAAAAAAAAAAAAAAAAAAAA1AA111111111111111I11IIIIIII
AAAAAAAAAAAAAAAAAAAAAAAAAAAAAAAAAAAA1AAA11111111111111I111IIIIII
AAAAAAAAAAAAAAAAAAAAAAAAAAAAAAAAAAAAAAAA111111111111111111IIIIII
AAAAAAAAAAAAAAAAAAAAAAAAAAAAAAAAAAAAAAAAA111111111111111111IIIII
AAAAAAAAAAAAAAAAAAAAAAAAAAAAAAAAAAAAAAAAAA111111111111111111IIII
AAAAAAAAAAAAAAAAAAAAAAAAAAAAAAAAAAAAAAAAAA1A1111111111111111I1II
AAAAAAAAAAAAAAAAAAAAAAAAAAAAAAAAAAAAAAAAAA1AA111111111111111I11I
AAAAAAAAAAAAAAAAAAAAAAAAAAAAAAAAAAAAAAAAAA1AAA11111111111111I111
AAAAAAAAAAAAAAAAAAAAAAAAAAAAAAAAAAAAAAAAAAAAAA111111111111111111
AAAAAAAAAAAAAAAAAAAAAAAAAAAAAAAAAAAAAAAAAAAAAAA11111111111111111
AAAAAAAAAAAAAAAAAAAAAAAAAAAAAAAAAAAAAAAAAAAAAAAA1111111111111111
AAAAAAAAAAAAAAAAAAAAAAAAAAAAAAAAAAAAAAAAAAAAAAAA1A11111111111111
AAAAAAAAAAAAAAAAAAAAAAAAAAAAAAAAAAAAAAAAAAAAAAAA1AA1111111111111
AAAAAAAAAAAAAAAAAAAAAAAAAAAAAAAAAAAAAAAAAAAAAAAA1AAA111111111111
AAAAAAAAAAAAAAAAAAAAAAAAAAAAAAAAAAAAAAAAAAAAAAAAAAAA111111111111
AAAAAAAAAAAAAAAAAAAAAAAAAAAAAAAAAAAAAAAAAAAAAAAAAAAAA11111111111
AAAAAAAAAAAAAAAAAAAAAAAAAAAAAAAAAAAAAAAAAAAAAAAAAAAAAA1111111111
AAAAAAAAAAAAAAAAAAAAAAAAAAAAAAAAAAAAAAAAAAAAAAAAAAAAAA1A11111111
AAAAAAAAAAAAAAAAAAAAAAAAAAAAAAAAAAAAAAAAAAAAAAAAAAAAAA1AA1111111
AAAAAAAAAAAAAAAAAAAAAAAAAAAAAAAAAAAAAAAAAAAAAAAAAAAAAA1AAA111111
AAAAAAAAAAAAAAAAAAAAAAAAAAAAAAAAAAAAAAAAAAAAAAAAAAAAAAAAAA111111
AAAAAAAAAAAAAAAAAAAAAAAAAAAAAAAAAAAAAAAAAAAAAAAAAAAAAAAAAAA11111
AAAAAAAAAAAAAAAAAAAAAAAAAAAAAAAAAAAAAAAAAAAAAAAAAAAAAAAAAAAA1111
AAAAAAAAAAAAAAAAAAAAAAAAAAAAAAAAAAAAAAAAAAAAAAAAAAAAAAAAAAAA1A11
AAAAAAAAAAAAAAAAAAAAAAAAAAAAAAAAAAAAAAAAAAAAAAAAAAAAAAAAAAAA1AA1
AAAAAAAAAAAAAAAAAAAAAAAAAAAAAAAAAAAAAAAAAAAAAAAAAAAAAAAAAAAA1AAA
AAAAAAAAAAAAAAAAAAAAAAAAAAAAAAAAAAAAAAAAAAAAAAAAAAAAAAAAAAAAAAAA
AIII111III111III11IIIIIIIIIIIIIIIIIIIIIIIIIIIIIIIIIIIIIIIIIIIIII
AAII111III111III11IIIIIIIIIIIIIIIIIIIIIIIIIIIIIIIIIIIIIIIIIIIIII
AAAI111III111III11IIIIIIIIIIIIIIIIIIIIIIIIIIIIIIIIIIIIIIIIIIIIII
AAAA111III111III11IIIIIIIIIIIIIIIIIIIIIIIIIIIIIIIIIIIIIIIIIIIIII
AAAAA11I11111I1111II11IIIIIIIIIIIIIIIIIIIIIIIIIIIIIIIIIIIIIIIIII
AAAAA1111111111111II11IIIIIIIIIIIIIIIIIIIIIIIIIIIIIIIIIIIIIIIIII
AAAAAA111111111111II111IIIIIIIIIIIIIIIIIIIIIIIIIIIIIIIIIIIIIIIII
AAAAAA1A11111111111111111IIIIIIIIIIIIIIIIIIIIIIIIIIIIIIIIIIIIIII
AAAAAA1AA11111111111111111IIIIIIIIIIIIIIIIIIIIIIIIIIIIIIIIIIIIII
AAAAAA1AAA11111111111111111IIIIIIIIIIIIIIIIIIIIIIIIIIIIIIIIIIIII
AAAAAAAAAA11111111111111111IIIIIIIIIIIIIIIIIIIIIIIIIIIIIIIIIIIII
AAAAAAAAAAA11111111111111111IIIIIIIIIIIIIIIIIIIIIIIIIIIIIIIIIIII
AAAAAAAAAAAA11111111111111111IIIIIIIIIIIIIIIIIIIIIIIIIIIIIIIIIII
AAAAAAAAAAAA1A11111111111111111IIIIIIIIIIIIIIIIIIIIIIIIIIIIIIIII
AAAAAAAAAAAA1AA11111111111111111IIIIIIIIIIIIIIIIIIIIIIIIIIIIIIII
AAAAAAAAAAAA1AAA11111111111111111IIIIIIIIIIIIIIIIIIIIIIIIIIIIIII
AAAAAAAAAAAAAAAA11111111111111111IIIIIIIIIIIIIIIIIIIIIIIIIIIIIII
AAAAAAAAAAAAAAAAA11111111111111111IIIIIIIIIIIIIIIIIIIIIIIIIIIIII
AAAAAAAAAAAAAAAAAA11111111111111111IIIIIIIIIIIIIIIIIIIIIIIIIIIII
AAAAAAAAAAAAAAAAAA1A11111111111111111IIIIIIIIIIIIIIIIIIIIIIIIIII
AAAAAAAAAAAAAAAAAA1AA11111111111111111IIIIIIIIIIIIIIIIIIIIIIIIII
AAAAAAAAAAAAAAAAAA1AAA11111111111111111IIIIIIIIIIIIIIIIIIIIIIIII
AAAAAAAAAAAAAAAAAAAAAA11111111111111111IIIIIIIIIIIIIIIIIIIIIIIII
AAAAAAAAAAAAAAAAAAAAAAA11111111111111111IIIIIIIIIIIIIIIIIIIIIIII
AAAAAAAAAAAAAAAAAAAAAAAA11111111111111111IIIIIIIIIIIIIIIIIIIIIII
AAAAAAAAAAAAAAAAAAAAAAAA1A11111111111111111IIIIIIIIIIIIIIIIIIIII
AAAAAAAAAAAAAAAAAAAAAAAA1AA11111111111111111IIIIIIIIIIIIIIIIIIII
AAAAAAAAAAAAAAAAAAAAAAAA1AAA11111111111111111IIIIIIIIIIIIIIIIIII
AAAAAAAAAAAAAAAAAAAAAAAAAAAA11111111111111111IIIIIIIIIIIIIIIIIII
AAAAAAAAAAAAAAAAAAAAAAAAAAAAA11111111111111111IIIIIIIIIIIIIIIIII
AAAAAAAAAAAAAAAAAAAAAAAAAAAAAA11111111111111111IIIIIIIIIIIIIIIII
AAAAAAAAAAAAAAAAAAAAAAAAAAAAAA1A11111111111111111IIIIIIIIIIIIIII
AAAAAAAAAAAAAAAAAAAAAAAAAAAAAA1AA11111111111111111IIIIIIIIIIIIII
AAAAAAAAAAAAAAAAAAAAAAAAAAAAAA1AAA11111111111111111IIIIIIIIIIIII
AAAAAAAAAAAAAAAAAAAAAAAAAAAAAAAAAA11111111111111111IIIIIIIIIIIII
AAAAAAAAAAAAAAAAAAAAAAAAAAAAAAAAAAA11111111111111111IIIIIIIIIIII
AAAAAAAAAAAAAAAAAAAAAAAAAAAAAAAAAAAA11111111111111111IIIIIIIIIII
AAAAAAAAAAAAAAAAAAAAAAAAAAAAAAAAAAAA1A11111111111111111IIIIIIIII
AAAAAAAAAAAAAAAAAAAAAAAAAAAAAAAAAAAA1AA11111111111111111IIIIIIII
AAAAAAAAAAAAAAAAAAAAAAAAAAAAAAAAAAAA1AAA11111111111111111IIIIIII
AAAAAAAAAAAAAAAAAAAAAAAAAAAAAAAAAAAAAAAA11111111111111111IIIIIII
AAAAAAAAAAAAAAAAAAAAAAAAAAAAAAAAAAAAAAAAA11111111111111111IIIIII
AAAAAAAAAAAAAAAAAAAAAAAAAAAAAAAAAAAAAAAAAA11111111111111111IIIII
AAAAAAAAAAAAAAAAAAAAAAAAAAAAAAAAAAAAAAAAAA1A11111111111111111III
AAAAAAAAAAAAAAAAAAAAAAAAAAAAAAAAAAAAAAAAAA1AA11111111111111111II
AAAAAAAAAAAAAAAAAAAAAAAAAAAAAAAAAAAAAAAAAA1AAA11111111111111111I
AAAAAAAAAAAAAAAAAAAAAAAAAAAAAAAAAAAAAAAAAAAAAA11111111111111111I
AAAAAAAAAAAAAAAAAAAAAAAAAAAAAAAAAAAAAAAAAAAAAAA11111111111111111
AAAAAAAAAAAAAAAAAAAAAAAAAAAAAAAAAAAAAAAAAAAAAAAA1111111111111111
AAAAAAAAAAAAAAAAAAAAAAAAAAAAAAAAAAAAAAAAAAAAAAAA1A11111111111111
AAAAAAAAAAAAAAAAAAAAAAAAAAAAAAAAAAAAAAAAAAAAAAAA1AA1111111111111
AAAAAAAAAAAAAAAAAAAAAAAAAAAAAAAAAAAAAAAAAAAAAAAA1AAA111111111111
AAAAAAAAAAAAAAAAAAAAAAAAAAAAAAAAAAAAAAAAAAAAAAAAAAAA111111111111
AAAAAAAAAAAAAAAAAAAAAAAAAAAAAAAAAAAAAAAAAAAAAAAAAAAAA11111111111
AAAAAAAAAAAAAAAAAAAAAAAAAAAAAAAAAAAAAAAAAAAAAAAAAAAAAA1111111111
AAAAAAAAAAAAAAAAAAAAAAAAAAAAAAAAAAAAAAAAAAAAAAAAAAAAAA1A11111111
AAAAAAAAAAAAAAAAAAAAAAAAAAAAAAAAAAAAAAAAAAAAAAAAAAAAAA1AA1111111
AAAAAAAAAAAAAAAAAAAAAAAAAAAAAAAAAAAAAAAAAAAAAAAAAAAAAA1AAA111111
AAAAAAAAAAAAAAAAAAAAAAAAAAAAAAAAAAAAAAAAAAAAAAAAAAAAAAAAAA111111
AAAAAAAAAAAAAAAAAAAAAAAAAAAAAAAAAAAAAAAAAAAAAAAAAAAAAAAAAAA11111
AAAAAAAAAAAAAAAAAAAAAAAAAAAAAAAAAAAAAAAAAAAAAAAAAAAAAAAAAAAA1111
AAAAAAAAAAAAAAAAAAAAAAAAAAAAAAAAAAAAAAAAAAAAAAAAAAAAAAAAAAAA1A11
AAAAAAAAAAAAAAAAAAAAAAAAAAAAAAAAAAAAAAAAAAAAAAAAAAAAAAAAAAAA1AA1
AAAAAAAAAAAAAAAAAAAAAAAAAAAAAAAAAAAAAAAAAAAAAAAAAAAAAAAAAAAA1AAA
AAAAAAAAAAAAAAAAAAAAAAAAAAAAAAAAAAAAAAAAAAAAAAAAAAAAAAAAAAAAAAAA
A1I2IIIIIIIIIIIIIIIIIIIIIIIIIIIIIIIIIIIIIIIIIIIIIIIIIIIIIIIIIIII
AA122IIIIIIIIIIIIIIIIIIIIIIIIIIIIIIIIIIIIIIIIIIIIIIIIIIIIIIIIIII
AAA122IIIIIIIIIIIIIIIIIIIIIIIIIIIIIIIIIIIIIIIIIIIIIIIIIIIIIIIIII
AAAA122IIIIIIIIIIIIIIIIIIIIIIIIIIIIIIIIIIIIIIIIIIIIIIIIIIIIIIIII
AAAAA122IIIIIIIIIIIIIIIIIIIIIIIIIIIIIIIIIIIIIIIIIIIIIIIIIIIIIIII
AAAAAA122IIIIIIIIIIIIIIIIIIIIIIIIIIIIIIIIIIIIIIIIIIIIIIIIIIIIIII
AAAAAA1A1I2IIIIIIIIIIIIIIIIIIIIIIIIIIIIIIIIIIIIIIIIIIIIIIIIIIIII
AAAAAA1AA122IIIIIIIIIIIIIIIIIIIIIIIIIIIIIIIIIIIIIIIIIIIIIIIIIIII
AAAAAA1AAA122IIIIIIIIIIIIIIIIIIIIIIIIIIIIIIIIIIIIIIIIIIIIIIIIIII
AAAAAAAAAA122IIIIIIIIIIIIIIIIIIIIIIIIIIIIIIIIIIIIIIIIIIIIIIIIIII
AAAAAAAAAAA122IIIIIIIIIIIIIIIIIIIIIIIIIIIIIIIIIIIIIIIIIIIIIIIIII
AAAAAAAAAAAA122IIIIIIIIIIIIIIIIIIIIIIIIIIIIIIIIIIIIIIIIIIIIIIIII
AAAAAAAAAAAA1A1I2IIIIIIIIIIIIIIIIIIIIIIIIIIIIIIIIIIIIIIIIIIIIIII
AAAAAAAAAAAA1AA122IIIIIIIIIIIIIIIIIIIIIIIIIIIIIIIIIIIIIIIIIIIIII
AAAAAAAAAAAA1AAA122IIIIIIIIIIIIIIIIIIIIIIIIIIIIIIIIIIIIIIIIIIIII
AAAAAAAAAAAAAAAA122IIIIIIIIIIIIIIIIIIIIIIIIIIIIIIIIIIIIIIIIIIIII
AAAAAAAAAAAAAAAAA122IIIIIIIIIIIIIIIIIIIIIIIIIIIIIIIIIIIIIIIIIIII
AAAAAAAAAAAAAAAAAA122IIIIIIIIIIIIIIIIIIIIIIIIIIIIIIIIIIIIIIIIIII
AAAAAAAAAAAAAAAAAA1A1I2IIIIIIIIIIIIIIIIIIIIIIIIIIIIIIIIIIIIIIIII
AAAAAAAAAAAAAAAAAA1AA122IIIIIIIIIIIIIIIIIIIIIIIIIIIIIIIIIIIIIIII
AAAAAAAAAAAAAAAAAA1AAA122IIIIIIIIIIIIIIIIIIIIIIIIIIIIIIIIIIIIIII
AAAAAAAAAAAAAAAAAAAAAA122IIIIIIIIIIIIIIIIIIIIIIIIIIIIIIIIIIIIIII
AAAAAAAAAAAAAAAAAAAAAAA122IIIIIIIIIIIIIIIIIIIIIIIIIIIIIIIIIIIIII
AAAAAAAAAAAAAAAAAAAAAAAA122IIIIIIIIIIIIIIIIIIIIIIIIIIIIIIIIIIIII
AAAAAAAAAAAAAAAAAAAAAAAA1A1I2IIIIIIIIIIIIIIIIIIIIIIIIIIIIIIIIIII
AAAAAAAAAAAAAAAAAAAAAAAA1AA122IIIIIIIIIIIIIIIIIIIIIIIIIIIIIIIIII
AAAAAAAAAAAAAAAAAAAAAAAA1AAA122IIIIIIIIIIIIIIIIIIIIIIIIIIIIIIIII
AAAAAAAAAAAAAAAAAAAAAAAAAAAA122IIIIIIIIIIIIIIIIIIIIIIIIIIIIIIIII
AAAAAAAAAAAAAAAAAAAAAAAAAAAAA122IIIIIIIIIIIIIIIIIIIIIIIIIIIIIIII
AAAAAAAAAAAAAAAAAAAAAAAAAAAAAA122IIIIIIIIIIIIIIIIIIIIIIIIIIIIIII
AAAAAAAAAAAAAAAAAAAAAAAAAAAAAA1A1I2IIIIIIIIIIIIIIIIIIIIIIIIIIIII
AAAAAAAAAAAAAAAAAAAAAAAAAAAAAA1AA122IIIIIIIIIIIIIIIIIIIIIIIIIIII
AAAAAAAAAAAAAAAAAAAAAAAAAAAAAA1AAA122IIIIIIIIIIIIIIIIIIIIIIIIIII
AAAAAAAAAAAAAAAAAAAAAAAAAAAAAAAAAA122IIIIIIIIIIIIIIIIIIIIIIIIIII
AAAAAAAAAAAAAAAAAAAAAAAAAAAAAAAAAAA122IIIIIIIIIIIIIIIIIIIIIIIIII
AAAAAAAAAAAAAAAAAAAAAAAAAAAAAAAAAAAA122IIIIIIIIIIIIIIIIIIIIIIIII
AAAAAAAAAAAAAAAAAAAAAAAAAAAAAAAAAAAA1A1I2IIIIIIIIIIIIIIIIIIIIIII
AAAAAAAAAAAAAAAAAAAAAAAAAAAAAAAAAAAA1AA122IIIIIIIIIIIIIIIIIIIIII
AAAAAAAAAAAAAAAAAAAAAAAAAAAAAAAAAAAA1AAA122IIIIIIIIIIIIIIIIIIIII
AAAAAAAAAAAAAAAAAAAAAAAAAAAAAAAAAAAAAAAA122IIIIIIIIIIIIIIIIIIIII
AAAAAAAAAAAAAAAAAAAAAAAAAAAAAAAAAAAAAAAAA122IIIIIIIIIIIIIIIIIIII
AAAAAAAAAAAAAAAAAAAAAAAAAAAAAAAAAAAAAAAAAA122IIIIIIIIIIIIIIIIIII
AAAAAAAAAAAAAAAAAAAAAAAAAAAAAAAAAAAAAAAAAA1A1I2IIIIIIIIIIIIIIIII
AAAAAAAAAAAAAAAAAAAAAAAAAAAAAAAAAAAAAAAAAA1AA122IIIIIIIIIIIIIIII
AAAAAAAAAAAAAAAAAAAAAAAAAAAAAAAAAAAAAAAAAA1AAA122IIIIIIIIIIIIIII
AAAAAAAAAAAAAAAAAAAAAAAAAAAAAAAAAAAAAAAAAAAAAA122IIIIIIIIIIIIIII
AAAAAAAAAAAAAAAAAAAAAAAAAAAAAAAAAAAAAAAAAAAAAAA122IIIIIIIIIIIIII
AAAAAAAAAAAAAAAAAAAAAAAAAAAAAAAAAAAAAAAAAAAAAAAA122IIIIIIIIIIIII
AAAAAAAAAAAAAAAAAAAAAAAAAAAAAAAAAAAAAAAAAAAAAAAA1A1I2IIIIIIIIIII
AAAAAAAAAAAAAAAAAAAAAAAAAAAAAAAAAAAAAAAAAAAAAAAA1AA122IIIIIIIIII
AAAAAAAAAAAAAAAAAAAAAAAAAAAAAAAAAAAAAAAAAAAAAAAA1AAA122IIIIIIIII
AAAAAAAAAAAAAAAAAAAAAAAAAAAAAAAAAAAAAAAAAAAAAAAAAAAA122IIIIIIIII
AAAAAAAAAAAAAAAAAAAAAAAAAAAAAAAAAAAAAAAAAAAAAAAAAAAAA122IIIIIIII
AAAAAAAAAAAAAAAAAAAAAAAAAAAAAAAAAAAAAAAAAAAAAAAAAAAAAA122IIIIIII
AAAAAAAAAAAAAAAAAAAAAAAAAAAAAAAAAAAAAAAAAAAAAAAAAAAAAA1A1I2IIIII
AAAAAAAAAAAAAAAAAAAAAAAAAAAAAAAAAAAAAAAAAAAAAAAAAAAAAA1AA122IIII
AAAAAAAAAAAAAAAAAAAAAAAAAAAAAAAAAAAAAAAAAAAAAAAAAAAAAA1AAA122III
AAAAAAAAAAAAAAAAAAAAAAAAAAAAAAAAAAAAAAAAAAAAAAAAAAAAAAAAAA122III
AAAAAAAAAAAAAAAAAAAAAAAAAAAAAAAAAAAAAAAAAAAAAAAAAAAAAAAAAAA122II
AAAAAAAAAAAAAAAAAAAAAAAAAAAAAAAAAAAAAAAAAAAAAAAAAAAAAAAAAAAA122I
AAAAAAAAAAAAAAAAAAAAAAAAAAAAAAAAAAAAAAAAAAAAAAAAAAAAAAAAAAAA1A1I
AAAAAAAAAAAAAAAAAAAAAAAAAAAAAAAAAAAAAAAAAAAAAAAAAAAAAAAAAAAA1AA1
AAAAAAAAAAAAAAAAAAAAAAAAAAAAAAAAAAAAAAAAAAAAAAAAAAAAAAAAAAAA1AAA
AAAAAAAAAAAAAAAAAAAAAAAAAAAAAAAAAAAAAAAAAAAAAAAAAAAAAAAAAAAAAAAA
AI1II11I1III1I1IIIIIIIIIIIIIIIIIIIIIIIIIIIIIIIIIIIIIIIIIIIIIIIII
AA11I1111III1I1IIIIIIIIIIIIIIIIIIIIIIIIIIIIIIIIIIIIIIIIIIIIIIIII
AAA1I1111III1I1IIIIIIIIIIIIIIIIIIIIIIIIIIIIIIIIIIIIIIIIIIIIIIIII
AAAAI1111III1I1IIIIIIIIIIIIIIIIIIIIIIIIIIIIIIIIIIIIIIIIIIIIIIIII
AAAAA111111I1I1I1I1IIIIIIIIIIIIIIIIIIIIIIIIIIIIIIIIIIIIIIIIIIIII
AAAAAA111111111I1111IIIIIIIIIIIIIIIIIIIIIIIIIIIIIIIIIIIIIIIIIIII
AAAAAA1A111111111111I1IIIIIIIIIIIIIIIIIIIIIIIIIIIIIIIIIIIIIIIIII
AAAAAA1AA11111111111111IIIIIIIIIIIIIIIIIIIIIIIIIIIIIIIIIIIIIIIII
AAAAAA1AAA11111111111111IIIIIIIIIIIIIIIIIIIIIIIIIIIIIIIIIIIIIIII
AAAAAAAAAA11111111111111IIIIIIIIIIIIIIIIIIIIIIIIIIIIIIIIIIIIIIII
AAAAAAAAAAA11111111111111IIIIIIIIIIIIIIIIIIIIIIIIIIIIIIIIIIIIIII
AAAAAAAAAAAA11111111111111IIIIIIIIIIIIIIIIIIIIIIIIIIIIIIIIIIIIII
AAAAAAAAAAAA1A111111111111I1IIIIIIIIIIIIIIIIIIIIIIIIIIIIIIIIIIII
AAAAAAAAAAAA1AA11111111111111IIIIIIIIIIIIIIIIIIIIIIIIIIIIIIIIIII
AAAAAAAAAAAA1AAA11111111111111IIIIIIIIIIIIIIIIIIIIIIIIIIIIIIIIII
AAAAAAAAAAAAAAAA11111111111111IIIIIIIIIIIIIIIIIIIIIIIIIIIIIIIIII
AAAAAAAAAAAAAAAAA11111111111111IIIIIIIIIIIIIIIIIIIIIIIIIIIIIIIII
AAAAAAAAAAAAAAAAAA11111111111111IIIIIIIIIIIIIIIIIIIIIIIIIIIIIIII
AAAAAAAAAAAAAAAAAA1A111111111111I1IIIIIIIIIIIIIIIIIIIIIIIIIIIIII
AAAAAAAAAAAAAAAAAA1AA11111111111111IIIIIIIIIIIIIIIIIIIIIIIIIIIII
AAAAAAAAAAAAAAAAAA1AAA11111111111111IIIIIIIIIIIIIIIIIIIIIIIIIIII
AAAAAAAAAAAAAAAAAAAAAA11111111111111IIIIIIIIIIIIIIIIIIIIIIIIIIII
AAAAAAAAAAAAAAAAAAAAAAA11111111111111IIIIIIIIIIIIIIIIIIIIIIIIIII
AAAAAAAAAAAAAAAAAAAAAAAA11111111111111IIIIIIIIIIIIIIIIIIIIIIIIII
AAAAAAAAAAAAAAAAAAAAAAAA1A111111111111I1IIIIIIIIIIIIIIIIIIIIIIII
AAAAAAAAAAAAAAAAAAAAAAAA1AA11111111111111IIIIIIIIIIIIIIIIIIIIIII
AAAAAAAAAAAAAAAAAAAAAAAA1AAA11111111111111IIIIIIIIIIIIIIIIIIIIII
AAAAAAAAAAAAAAAAAAAAAAAAAAAA11111111111111IIIIIIIIIIIIIIIIIIIIII
AAAAAAAAAAAAAAAAAAAAAAAAAAAAA11111111111111IIIIIIIIIIIIIIIIIIIII
AAAAAAAAAAAAAAAAAAAAAAAAAAAAAA11111111111111IIIIIIIIIIIIIIIIIIII
AAAAAAAAAAAAAAAAAAAAAAAAAAAAAAA11111111111111IIIIIIIIIIIIIIIIIII
AAAAAAAAAAAAAAAAAAAAAAAAAAAAAAA1A111111111111I1IIIIIIIIIIIIIIIII
AAAAAAAAAAAAAAAAAAAAAAAAAAAAAAAAA11111111111111IIIIIIIIIIIIIIIII
AAAAAAAAAAAAAAAAAAAAAAAAAAAAAAAAAA11111111111111IIIIIIIIIIIIIIII
AAAAAAAAAAAAAAAAAAAAAAAAAAAAAAAAAAA11111111111111IIIIIIIIIIIIIII
AAAAAAAAAAAAAAAAAAAAAAAAAAAAAAAAAAAA11111111111111IIIIIIIIIIIIII
AAAAAAAAAAAAAAAAAAAAAAAAAAAAAAAAAAAA1A111111111111I1IIIIIIIIIIII
AAAAAAAAAAAAAAAAAAAAAAAAAAAAAAAAAAAA1AA11111111111111IIIIIIIIIII
AAAAAAAAAAAAAAAAAAAAAAAAAAAAAAAAAAAA1AAA11111111111111IIIIIIIIII
AAAAAAAAAAAAAAAAAAAAAAAAAAAAAAAAAAAAAAAA11111111111111IIIIIIIIII
AAAAAAAAAAAAAAAAAAAAAAAAAAAAAAAAAAAAAAAAA11111111111111IIIIIIIII
AAAAAAAAAAAAAAAAAAAAAAAAAAAAAAAAAAAAAAAAAA11111111111111IIIIIIII
AAAAAAAAAAAAAAAAAAAAAAAAAAAAAAAAAAAAAAAAAA1A111111111111I1IIIIII
AAAAAAAAAAAAAAAAAAAAAAAAAAAAAAAAAAAAAAAAAA1AA11111111111111IIIII
AAAAAAAAAAAAAAAAAAAAAAAAAAAAAAAAAAAAAAAAAA1AAA11111111111111IIII
AAAAAAAAAAAAAAAAAAAAAAAAAAAAAAAAAAAAAAAAAAAAAA11111111111111IIII
AAAAAAAAAAAAAAAAAAAAAAAAAAAAAAAAAAAAAAAAAAAAAAA11111111111111III
AAAAAAAAAAAAAAAAAAAAAAAAAAAAAAAAAAAAAAAAAAAAAAAA11111111111111II
AAAAAAAAAAAAAAAAAAAAAAAAAAAAAAAAAAAAAAAAAAAAAAAA1A111111111111I1
AAAAAAAAAAAAAAAAAAAAAAAAAAAAAAAAAAAAAAAAAAAAAAAA1AA1111111111111
AAAAAAAAAAAAAAAAAAAAAAAAAAAAAAAAAAAAAAAAAAAAAAAA1AAA111111111111
AAAAAAAAAAAAAAAAAAAAAAAAAAAAAAAAAAAAAAAAAAAAAAAAAAAA111111111111
AAAAAAAAAAAAAAAAAAAAAAAAAAAAAAAAAAAAAAAAAAAAAAAAAAAAA11111111111
AAAAAAAAAAAAAAAAAAAAAAAAAAAAAAAAAAAAAAAAAAAAAAAAAAAAAA1111111111
AAAAAAAAAAAAAAAAAAAAAAAAAAAAAAAAAAAAAAAAAAAAAAAAAAAAAA1A11111111
AAAAAAAAAAAAAAAAAAAAAAAAAAAAAAAAAAAAAAAAAAAAAAAAAAAAAA1AA1111111
AAAAAAAAAAAAAAAAAAAAAAAAAAAAAAAAAAAAAAAAAAAAAAAAAAAAAA1AAA111111
AAAAAAAAAAAAAAAAAAAAAAAAAAAAAAAAAAAAAAAAAAAAAAAAAAAAAAAAAA111111
AAAAAAAAAAAAAAAAAAAAAAAAAAAAAAAAAAAAAAAAAAAAAAAAAAAAAAAAAAA11111
AAAAAAAAAAAAAAAAAAAAAAAAAAAAAAAAAAAAAAAAAAAAAAAAAAAAAAAAAAAA1111
AAAAAAAAAAAAAAAAAAAAAAAAAAAAAAAAAAAAAAAAAAAAAAAAAAAAAAAAAAAA1A11
AAAAAAAAAAAAAAAAAAAAAAAAAAAAAAAAAAAAAAAAAAAAAAAAAAAAAAAAAAAA1AA1
AAAAAAAAAAAAAAAAAAAAAAAAAAAAAAAAAAAAAAAAAAAAAAAAAAAAAAAAAAAA1AAA
AAAAAAAAAAAAAAAAAAAAAAAAAAAAAAAAAAAAAAAAAAAAAAAAAAAAAAAAAAAAAAAA
AI112IIIIIIIIIIIIIIIIIIIIIIIIIIIIIIIIIIIIIIIIIIIIIIIIIIIIIIIIIII
AA1112IIIIIIIIIIIIIIIIIIIIIIIIIIIIIIIIIIIIIIIIIIIIIIIIIIIIIIIIII
AAA1112IIIIIIIIIIIIIIIIIIIIIIIIIIIIIIIIIIIIIIIIIIIIIIIIIIIIIIIII
AAAA1112IIIIIIIIIIIIIIIIIIIIIIIIIIIIIIIIIIIIIIIIIIIIIIIIIIIIIIII
AAAAA1112IIIIIIIIIIIIIIIIIIIIIIIIIIIIIIIIIIIIIIIIIIIIIIIIIIIIIII
AAAAAA1112IIIIIIIIIIIIIIIIIIIIIIIIIIIIIIIIIIIIIIIIIIIIIIIIIIIIII
AAAAAA1A1112IIIIIIIIIIIIIIIIIIIIIIIIIIIIIIIIIIIIIIIIIIIIIIIIIIII
AAAAAA1AA1112IIIIIIIIIIIIIIIIIIIIIIIIIIIIIIIIIIIIIIIIIIIIIIIIIII
AAAAAA1AAA1112IIIIIIIIIIIIIIIIIIIIIIIIIIIIIIIIIIIIIIIIIIIIIIIIII
AAAAAAAAAA1112IIIIIIIIIIIIIIIIIIIIIIIIIIIIIIIIIIIIIIIIIIIIIIIIII
AAAAAAAAAAA1112IIIIIIIIIIIIIIIIIIIIIIIIIIIIIIIIIIIIIIIIIIIIIIIII
AAAAAAAAAAAA1112IIIIIIIIIIIIIIIIIIIIIIIIIIIIIIIIIIIIIIIIIIIIIIII
AAAAAAAAAAAA1A1112IIIIIIIIIIIIIIIIIIIIIIIIIIIIIIIIIIIIIIIIIIIIII
AAAAAAAAAAAA1AA1112IIIIIIIIIIIIIIIIIIIIIIIIIIIIIIIIIIIIIIIIIIIII
AAAAAAAAAAAA1AAA1112IIIIIIIIIIIIIIIIIIIIIIIIIIIIIIIIIIIIIIIIIIII
AAAAAAAAAAAAAAAA1112IIIIIIIIIIIIIIIIIIIIIIIIIIIIIIIIIIIIIIIIIIII
AAAAAAAAAAAAAAAAA1112IIIIIIIIIIIIIIIIIIIIIIIIIIIIIIIIIIIIIIIIIII
AAAAAAAAAAAAAAAAAA1112IIIIIIIIIIIIIIIIIIIIIIIIIIIIIIIIIIIIIIIIII
AAAAAAAAAAAAAAAAAA1A1112IIIIIIIIIIIIIIIIIIIIIIIIIIIIIIIIIIIIIIII
AAAAAAAAAAAAAAAAAA1AA1112IIIIIIIIIIIIIIIIIIIIIIIIIIIIIIIIIIIIIII
AAAAAAAAAAAAAAAAAA1AAA1112IIIIIIIIIIIIIIIIIIIIIIIIIIIIIIIIIIIIII
AAAAAAAAAAAAAAAAAAAAAA1112IIIIIIIIIIIIIIIIIIIIIIIIIIIIIIIIIIIIII
AAAAAAAAAAAAAAAAAAAAAAA1112IIIIIIIIIIIIIIIIIIIIIIIIIIIIIIIIIIIII
AAAAAAAAAAAAAAAAAAAAAAAA1112IIIIIIIIIIIIIIIIIIIIIIIIIIIIIIIIIIII
AAAAAAAAAAAAAAAAAAAAAAAA1A1112IIIIIIIIIIIIIIIIIIIIIIIIIIIIIIIIII
AAAAAAAAAAAAAAAAAAAAAAAA1AA1112IIIIIIIIIIIIIIIIIIIIIIIIIIIIIIIII
AAAAAAAAAAAAAAAAAAAAAAAA1AAA1112IIIIIIIIIIIIIIIIIIIIIIIIIIIIIIII
AAAAAAAAAAAAAAAAAAAAAAAAAAAA1112IIIIIIIIIIIIIIIIIIIIIIIIIIIIIIII
AAAAAAAAAAAAAAAAAAAAAAAAAAAAA1112IIIIIIIIIIIIIIIIIIIIIIIIIIIIIII
AAAAAAAAAAAAAAAAAAAAAAAAAAAAAA1112IIIIIIIIIIIIIIIIIIIIIIIIIIIIII
AAAAAAAAAAAAAAAAAAAAAAAAAAAAAA1A1112IIIIIIIIIIIIIIIIIIIIIIIIIIII
AAAAAAAAAAAAAAAAAAAAAAAAAAAAAA1AA1112IIIIIIIIIIIIIIIIIIIIIIIIIII
AAAAAAAAAAAAAAAAAAAAAAAAAAAAAA1AAA1112IIIIIIIIIIIIIIIIIIIIIIIIII
AAAAAAAAAAAAAAAAAAAAAAAAAAAAAAAAAA1112IIIIIIIIIIIIIIIIIIIIIIIIII
AAAAAAAAAAAAAAAAAAAAAAAAAAAAAAAAAAA1112IIIIIIIIIIIIIIIIIIIIIIIII
AAAAAAAAAAAAAAAAAAAAAAAAAAAAAAAAAAAA1112IIIIIIIIIIIIIIIIIIIIIIII
AAAAAAAAAAAAAAAAAAAAAAAAAAAAAAAAAAAA1A1112IIIIIIIIIIIIIIIIIIIIII
AAAAAAAAAAAAAAAAAAAAAAAAAAAAAAAAAAAA1AA1112IIIIIIIIIIIIIIIIIIIII
AAAAAAAAAAAAAAAAAAAAAAAAAAAAAAAAAAAA1AAA1112IIIIIIIIIIIIIIIIIIII
AAAAAAAAAAAAAAAAAAAAAAAAAAAAAAAAAAAAAAAA1112IIIIIIIIIIIIIIIIIIII
AAAAAAAAAAAAAAAAAAAAAAAAAAAAAAAAAAAAAAAAA1112IIIIIIIIIIIIIIIIIII
AAAAAAAAAAAAAAAAAAAAAAAAAAAAAAAAAAAAAAAAAA1112IIIIIIIIIIIIIIIIII
AAAAAAAAAAAAAAAAAAAAAAAAAAAAAAAAAAAAAAAAAA1A1112IIIIIIIIIIIIIIII
AAAAAAAAAAAAAAAAAAAAAAAAAAAAAAAAAAAAAAAAAA1AA1112IIIIIIIIIIIIIII
AAAAAAAAAAAAAAAAAAAAAAAAAAAAAAAAAAAAAAAAAA1AAA1112IIIIIIIIIIIIII
AAAAAAAAAAAAAAAAAAAAAAAAAAAAAAAAAAAAAAAAAAAAAA1112IIIIIIIIIIIIII
AAAAAAAAAAAAAAAAAAAAAAAAAAAAAAAAAAAAAAAAAAAAAAA1112IIIIIIIIIIIII
AAAAAAAAAAAAAAAAAAAAAAAAAAAAAAAAAAAAAAAAAAAAAAAA1112IIIIIIIIIIII
AAAAAAAAAAAAAAAAAAAAAAAAAAAAAAAAAAAAAAAAAAAAAAAA1A1112IIIIIIIIII
AAAAAAAAAAAAAAAAAAAAAAAAAAAAAAAAAAAAAAAAAAAAAAAA1AA1112IIIIIIIII
AAAAAAAAAAAAAAAAAAAAAAAAAAAAAAAAAAAAAAAAAAAAAAAA1AAA1112IIIIIIII
AAAAAAAAAAAAAAAAAAAAAAAAAAAAAAAAAAAAAAAAAAAAAAAAAAAA1112IIIIIIII
AAAAAAAAAAAAAAAAAAAAAAAAAAAAAAAAAAAAAAAAAAAAAAAAAAAAA1112IIIIIII
AAAAAAAAAAAAAAAAAAAAAAAAAAAAAAAAAAAAAAAAAAAAAAAAAAAAAA1112IIIIII
AAAAAAAAAAAAAAAAAAAAAAAAAAAAAAAAAAAAAAAAAAAAAAAAAAAAAA1A1112IIII
AAAAAAAAAAAAAAAAAAAAAAAAAAAAAAAAAAAAAAAAAAAAAAAAAAAAAA1AA1112III
AAAAAAAAAAAAAAAAAAAAAAAAAAAAAAAAAAAAAAAAAAAAAAAAAAAAAA1AAA1112II
AAAAAAAAAAAAAAAAAAAAAAAAAAAAAAAAAAAAAAAAAAAAAAAAAAAAAAAAAA1112II
AAAAAAAAAAAAAAAAAAAAAAAAAAAAAAAAAAAAAAAAAAAAAAAAAAAAAAAAAAA1112I
AAAAAAAAAAAAAAAAAAAAAAAAAAAAAAAAAAAAAAAAAAAAAAAAAAAAAAAAAAAA1112
AAAAAAAAAAAAAAAAAAAAAAAAAAAAAAAAAAAAAAAAAAAAAAAAAAAAAAAAAAAA1A11
AAAAAAAAAAAAAAAAAAAAAAAAAAAAAAAAAAAAAAAAAAAAAAAAAAAAAAAAAAAA1AA1
AAAAAAAAAAAAAAAAAAAAAAAAAAAAAAAAAAAAAAAAAAAAAAAAAAAAAAAAAAAA1AAA
AAAAAAAAAAAAAAAAAAAAAAAAAAAAAAAAAAAAAAAAAAAAAAAAAAAAAAAAAAAAAAAA
AIIII11IIII11IIII1IIIIIIIIIIIIIIIIIIIIIIIIIIIIIIIIIIIIIIIIIIIIII
AAIII111III111III11IIIIIIIIIIIIIIIIIIIIIIIIIIIIIIIIIIIIIIIIIIIII
AAAII111III111III11IIIIIIIIIIIIIIIIIIIIIIIIIIIIIIIIIIIIIIIIIIIII
AAAAI111III111III11IIIIIIIIIIIIIIIIIIIIIIIIIIIIIIIIIIIIIIIIIIIII
AAAAA111I11111I1111II1IIIIIIIIIIIIIIIIIIIIIIIIIIIIIIIIIIIIIIIIII
AAAAA111111111111111I1IIIIIIIIIIIIIIIIIIIIIIIIIIIIIIIIIIIIIIIIII
AAAAAA11111111111111I11IIIIIIIIIIIIIIIIIIIIIIIIIIIIIIIIIIIIIIIII
AAAAAA1A111111111111I11I1IIIIIIIIIIIIIIIIIIIIIIIIIIIIIIIIIIIIIII
AAAAAA1AA11111111111111I11IIIIIIIIIIIIIIIIIIIIIIIIIIIIIIIIIIIIII
AAAAAA1AAA1111111111111I111IIIIIIIIIIIIIIIIIIIIIIIIIIIIIIIIIIIII
AAAAAAAAAA11111111111111111IIIIIIIIIIIIIIIIIIIIIIIIIIIIIIIIIIIII
AAAAAAAAAAA11111111111111111IIIIIIIIIIIIIIIIIIIIIIIIIIIIIIIIIIII
AAAAAAAAAAAA11111111111111111IIIIIIIIIIIIIIIIIIIIIIIIIIIIIIIIIII
AAAAAAAAAAAA1A111111111111111I1IIIIIIIIIIIIIIIIIIIIIIIIIIIIIIIII
AAAAAAAAAAAA1AA11111111111111I11IIIIIIIIIIIIIIIIIIIIIIIIIIIIIIII
AAAAAAAAAAAA1AAA1111111111111I111IIIIIIIIIIIIIIIIIIIIIIIIIIIIIII
AAAAAAAAAAAAAAAA11111111111111111IIIIIIIIIIIIIIIIIIIIIIIIIIIIIII
AAAAAAAAAAAAAAAAA11111111111111111IIIIIIIIIIIIIIIIIIIIIIIIIIIIII
AAAAAAAAAAAAAAAAAA11111111111111111IIIIIIIIIIIIIIIIIIIIIIIIIIIII
AAAAAAAAAAAAAAAAAA1A111111111111111I1IIIIIIIIIIIIIIIIIIIIIIIIIII
AAAAAAAAAAAAAAAAAA1AA11111111111111I11IIIIIIIIIIIIIIIIIIIIIIIIII
AAAAAAAAAAAAAAAAAA1AAA1111111111111I111IIIIIIIIIIIIIIIIIIIIIIIII
AAAAAAAAAAAAAAAAAAAAAA11111111111111111IIIIIIIIIIIIIIIIIIIIIIIII
AAAAAAAAAAAAAAAAAAAAAAA11111111111111111IIIIIIIIIIIIIIIIIIIIIIII
AAAAAAAAAAAAAAAAAAAAAAAA11111111111111111IIIIIIIIIIIIIIIIIIIIIII
AAAAAAAAAAAAAAAAAAAAAAAA1A111111111111111I1IIIIIIIIIIIIIIIIIIIII
AAAAAAAAAAAAAAAAAAAAAAAA1AA11111111111111I11IIIIIIIIIIIIIIIIIIII
AAAAAAAAAAAAAAAAAAAAAAAA1AAA1111111111111I111IIIIIIIIIIIIIIIIIII
AAAAAAAAAAAAAAAAAAAAAAAAAAAA11111111111111111IIIIIIIIIIIIIIIIIII
AAAAAAAAAAAAAAAAAAAAAAAAAAAAA11111111111111111IIIIIIIIIIIIIIIIII
AAAAAAAAAAAAAAAAAAAAAAAAAAAAAA11111111111111111IIIIIIIIIIIIIIIII
AAAAAAAAAAAAAAAAAAAAAAAAAAAAAA1A111111111111111I1IIIIIIIIIIIIIII
AAAAAAAAAAAAAAAAAAAAAAAAAAAAAA1AA11111111111111I11IIIIIIIIIIIIII
AAAAAAAAAAAAAAAAAAAAAAAAAAAAAA1AAA1111111111111I111IIIIIIIIIIIII
AAAAAAAAAAAAAAAAAAAAAAAAAAAAAAAAAA11111111111111111IIIIIIIIIIIII
AAAAAAAAAAAAAAAAAAAAAAAAAAAAAAAAAAA11111111111111111IIIIIIIIIIII
AAAAAAAAAAAAAAAAAAAAAAAAAAAAAAAAAAAA11111111111111111IIIIIIIIIII
AAAAAAAAAAAAAAAAAAAAAAAAAAAAAAAAAAAA1A111111111111111I1IIIIIIIII
AAAAAAAAAAAAAAAAAAAAAAAAAAAAAAAAAAAA1AA11111111111111I11IIIIIIII
AAAAAAAAAAAAAAAAAAAAAAAAAAAAAAAAAAAA1AAA1111111111111I111IIIIIII
AAAAAAAAAAAAAAAAAAAAAAAAAAAAAAAAAAAAAAAA11111111111111111IIIIIII
AAAAAAAAAAAAAAAAAAAAAAAAAAAAAAAAAAAAAAAAA11111111111111111IIIIII
AAAAAAAAAAAAAAAAAAAAAAAAAAAAAAAAAAAAAAAAAA11111111111111111IIIII
AAAAAAAAAAAAAAAAAAAAAAAAAAAAAAAAAAAAAAAAAA1A111111111111111I1III
AAAAAAAAAAAAAAAAAAAAAAAAAAAAAAAAAAAAAAAAAA1AA11111111111111I11II
AAAAAAAAAAAAAAAAAAAAAAAAAAAAAAAAAAAAAAAAAA1AAA1111111111111I111I
AAAAAAAAAAAAAAAAAAAAAAAAAAAAAAAAAAAAAAAAAAAAAA11111111111111111I
AAAAAAAAAAAAAAAAAAAAAAAAAAAAAAAAAAAAAAAAAAAAAAA11111111111111111
AAAAAAAAAAAAAAAAAAAAAAAAAAAAAAAAAAAAAAAAAAAAAAAA1111111111111111
AAAAAAAAAAAAAAAAAAAAAAAAAAAAAAAAAAAAAAAAAAAAAAAA1A11111111111111
AAAAAAAAAAAAAAAAAAAAAAAAAAAAAAAAAAAAAAAAAAAAAAAA1AA1111111111111
AAAAAAAAAAAAAAAAAAAAAAAAAAAAAAAAAAAAAAAAAAAAAAAA1AAA111111111111
AAAAAAAAAAAAAAAAAAAAAAAAAAAAAAAAAAAAAAAAAAAAAAAAAAAA111111111111
AAAAAAAAAAAAAAAAAAAAAAAAAAAAAAAAAAAAAAAAAAAAAAAAAAAAA11111111111
AAAAAAAAAAAAAAAAAAAAAAAAAAAAAAAAAAAAAAAAAAAAAAAAAAAAAA1111111111
AAAAAAAAAAAAAAAAAAAAAAAAAAAAAAAAAAAAAAAAAAAAAAAAAAAAAA1A11111111
AAAAAAAAAAAAAAAAAAAAAAAAAAAAAAAAAAAAAAAAAAAAAAAAAAAAAA1AA1111111
AAAAAAAAAAAAAAAAAAAAAAAAAAAAAAAAAAAAAAAAAAAAAAAAAAAAAA1AAA111111
AAAAAAAAAAAAAAAAAAAAAAAAAAAAAAAAAAAAAAAAAAAAAAAAAAAAAAAAAA111111
AAAAAAAAAAAAAAAAAAAAAAAAAAAAAAAAAAAAAAAAAAAAAAAAAAAAAAAAAAA11111
AAAAAAAAAAAAAAAAAAAAAAAAAAAAAAAAAAAAAAAAAAAAAAAAAAAAAAAAAAAA1111
AAAAAAAAAAAAAAAAAAAAAAAAAAAAAAAAAAAAAAAAAAAAAAAAAAAAAAAAAAAA1A11
AAAAAAAAAAAAAAAAAAAAAAAAAAAAAAAAAAAAAAAAAAAAAAAAAAAAAAAAAAAA1AA1
AAAAAAAAAAAAAAAAAAAAAAAAAAAAAAAAAAAAAAAAAAAAAAAAAAAAAAAAAAAA1AAA
AAAAAAAAAAAAAAAAAAAAAAAAAAAAAAAAAAAAAAAAAAAAAAAAAAAAAAAAAAAAAAAA
A1I2IIIIIIIIIIIIIIIIIIIIIIIIIIIIIIIIIIIIIIIIIIIIIIIIIIIIIIIIIIII
AA122IIIIIIIIIIIIIIIIIIIIIIIIIIIIIIIIIIIIIIIIIIIIIIIIIIIIIIIIIII
AAA122IIIIIIIIIIIIIIIIIIIIIIIIIIIIIIIIIIIIIIIIIIIIIIIIIIIIIIIIII
AAAA122IIIIIIIIIIIIIIIIIIIIIIIIIIIIIIIIIIIIIIIIIIIIIIIIIIIIIIIII
AAAAA122IIIIIIIIIIIIIIIIIIIIIIIIIIIIIIIIIIIIIIIIIIIIIIIIIIIIIIII
AAAAAA122IIIIIIIIIIIIIIIIIIIIIIIIIIIIIIIIIIIIIIIIIIIIIIIIIIIIIII
AAAAAA1A1I2IIIIIIIIIIIIIIIIIIIIIIIIIIIIIIIIIIIIIIIIIIIIIIIIIIIII
AAAAAA1AA122IIIIIIIIIIIIIIIIIIIIIIIIIIIIIIIIIIIIIIIIIIIIIIIIIIII
AAAAAA1AAA122IIIIIIIIIIIIIIIIIIIIIIIIIIIIIIIIIIIIIIIIIIIIIIIIIII
AAAAAAAAAA122IIIIIIIIIIIIIIIIIIIIIIIIIIIIIIIIIIIIIIIIIIIIIIIIIII
AAAAAAAAAAA122IIIIIIIIIIIIIIIIIIIIIIIIIIIIIIIIIIIIIIIIIIIIIIIIII
AAAAAAAAAAAA122IIIIIIIIIIIIIIIIIIIIIIIIIIIIIIIIIIIIIIIIIIIIIIIII
AAAAAAAAAAAA1A1I2IIIIIIIIIIIIIIIIIIIIIIIIIIIIIIIIIIIIIIIIIIIIIII
AAAAAAAAAAAA1AA122IIIIIIIIIIIIIIIIIIIIIIIIIIIIIIIIIIIIIIIIIIIIII
AAAAAAAAAAAA1AAA122IIIIIIIIIIIIIIIIIIIIIIIIIIIIIIIIIIIIIIIIIIIII
AAAAAAAAAAAAAAAA122IIIIIIIIIIIIIIIIIIIIIIIIIIIIIIIIIIIIIIIIIIIII
AAAAAAAAAAAAAAAAA122IIIIIIIIIIIIIIIIIIIIIIIIIIIIIIIIIIIIIIIIIIII
AAAAAAAAAAAAAAAAAA122IIIIIIIIIIIIIIIIIIIIIIIIIIIIIIIIIIIIIIIIIII
AAAAAAAAAAAAAAAAAA1A1I2IIIIIIIIIIIIIIIIIIIIIIIIIIIIIIIIIIIIIIIII
AAAAAAAAAAAAAAAAAA1AA122IIIIIIIIIIIIIIIIIIIIIIIIIIIIIIIIIIIIIIII
AAAAAAAAAAAAAAAAAA1AAA122IIIIIIIIIIIIIIIIIIIIIIIIIIIIIIIIIIIIIII
AAAAAAAAAAAAAAAAAAAAAA122IIIIIIIIIIIIIIIIIIIIIIIIIIIIIIIIIIIIIII
AAAAAAAAAAAAAAAAAAAAAAA122IIIIIIIIIIIIIIIIIIIIIIIIIIIIIIIIIIIIII
AAAAAAAAAAAAAAAAAAAAAAAA122IIIIIIIIIIIIIIIIIIIIIIIIIIIIIIIIIIIII
AAAAAAAAAAAAAAAAAAAAAAAA1A1I2IIIIIIIIIIIIIIIIIIIIIIIIIIIIIIIIIII
AAAAAAAAAAAAAAAAAAAAAAAA1AA122IIIIIIIIIIIIIIIIIIIIIIIIIIIIIIIIII
AAAAAAAAAAAAAAAAAAAAAAAA1AAA122IIIIIIIIIIIIIIIIIIIIIIIIIIIIIIIII
AAAAAAAAAAAAAAAAAAAAAAAAAAAA122IIIIIIIIIIIIIIIIIIIIIIIIIIIIIIIII
AAAAAAAAAAAAAAAAAAAAAAAAAAAAA122IIIIIIIIIIIIIIIIIIIIIIIIIIIIIIII
AAAAAAAAAAAAAAAAAAAAAAAAAAAAAA122IIIIIIIIIIIIIIIIIIIIIIIIIIIIIII
AAAAAAAAAAAAAAAAAAAAAAAAAAAAAA1A1I2IIIIIIIIIIIIIIIIIIIIIIIIIIIII
AAAAAAAAAAAAAAAAAAAAAAAAAAAAAA1AA122IIIIIIIIIIIIIIIIIIIIIIIIIIII
AAAAAAAAAAAAAAAAAAAAAAAAAAAAAA1AAA122IIIIIIIIIIIIIIIIIIIIIIIIIII
AAAAAAAAAAAAAAAAAAAAAAAAAAAAAAAAAA122IIIIIIIIIIIIIIIIIIIIIIIIIII
AAAAAAAAAAAAAAAAAAAAAAAAAAAAAAAAAAA122IIIIIIIIIIIIIIIIIIIIIIIIII
AAAAAAAAAAAAAAAAAAAAAAAAAAAAAAAAAAAA122IIIIIIIIIIIIIIIIIIIIIIIII
AAAAAAAAAAAAAAAAAAAAAAAAAAAAAAAAAAAA1A1I2IIIIIIIIIIIIIIIIIIIIIII
AAAAAAAAAAAAAAAAAAAAAAAAAAAAAAAAAAAA1AA122IIIIIIIIIIIIIIIIIIIIII
AAAAAAAAAAAAAAAAAAAAAAAAAAAAAAAAAAAA1AAA122IIIIIIIIIIIIIIIIIIIII
AAAAAAAAAAAAAAAAAAAAAAAAAAAAAAAAAAAAAAAA122IIIIIIIIIIIIIIIIIIIII
AAAAAAAAAAAAAAAAAAAAAAAAAAAAAAAAAAAAAAAAA122IIIIIIIIIIIIIIIIIIII
AAAAAAAAAAAAAAAAAAAAAAAAAAAAAAAAAAAAAAAAAA122IIIIIIIIIIIIIIIIIII
AAAAAAAAAAAAAAAAAAAAAAAAAAAAAAAAAAAAAAAAAA1A1I2IIIIIIIIIIIIIIIII
AAAAAAAAAAAAAAAAAAAAAAAAAAAAAAAAAAAAAAAAAA1AA122IIIIIIIIIIIIIIII
AAAAAAAAAAAAAAAAAAAAAAAAAAAAAAAAAAAAAAAAAA1AAA122IIIIIIIIIIIIIII
AAAAAAAAAAAAAAAAAAAAAAAAAAAAAAAAAAAAAAAAAAAAAA122IIIIIIIIIIIIIII
AAAAAAAAAAAAAAAAAAAAAAAAAAAAAAAAAAAAAAAAAAAAAAA122IIIIIIIIIIIIII
AAAAAAAAAAAAAAAAAAAAAAAAAAAAAAAAAAAAAAAAAAAAAAAA122IIIIIIIIIIIII
AAAAAAAAAAAAAAAAAAAAAAAAAAAAAAAAAAAAAAAAAAAAAAAA1A1I2IIIIIIIIIII
AAAAAAAAAAAAAAAAAAAAAAAAAAAAAAAAAAAAAAAAAAAAAAAA1AA122IIIIIIIIII
AAAAAAAAAAAAAAAAAAAAAAAAAAAAAAAAAAAAAAAAAAAAAAAA1AAA122IIIIIIIII
AAAAAAAAAAAAAAAAAAAAAAAAAAAAAAAAAAAAAAAAAAAAAAAAAAAA122IIIIIIIII
AAAAAAAAAAAAAAAAAAAAAAAAAAAAAAAAAAAAAAAAAAAAAAAAAAAAA122IIIIIIII
AAAAAAAAAAAAAAAAAAAAAAAAAAAAAAAAAAAAAAAAAAAAAAAAAAAAAA122IIIIIII
AAAAAAAAAAAAAAAAAAAAAAAAAAAAAAAAAAAAAAAAAAAAAAAAAAAAAAA122IIIIII
AAAAAAAAAAAAAAAAAAAAAAAAAAAAAAAAAAAAAAAAAAAAAAAAAAAAAAA1A1I2IIII
AAAAAAAAAAAAAAAAAAAAAAAAAAAAAAAAAAAAAAAAAAAAAAAAAAAAAAA1AA122III
AAAAAAAAAAAAAAAAAAAAAAAAAAAAAAAAAAAAAAAAAAAAAAAAAAAAAAAAAA122III
AAAAAAAAAAAAAAAAAAAAAAAAAAAAAAAAAAAAAAAAAAAAAAAAAAAAAAAAAAA122II
AAAAAAAAAAAAAAAAAAAAAAAAAAAAAAAAAAAAAAAAAAAAAAAAAAAAAAAAAAAA122I
AAAAAAAAAAAAAAAAAAAAAAAAAAAAAAAAAAAAAAAAAAAAAAAAAAAAAAAAAAAA1A1I
AAAAAAAAAAAAAAAAAAAAAAAAAAAAAAAAAAAAAAAAAAAAAAAAAAAAAAAAAAAA1AA1
AAAAAAAAAAAAAAAAAAAAAAAAAAAAAAAAAAAAAAAAAAAAAAAAAAAAAAAAAAAA1AAA
AAAAAAAAAAAAAAAAAAAAAAAAAAAAAAAAAAAAAAAAAAAAAAAAAAAAAAAAAAAAAAAA
AI1I111I1I111IIIIIIIIIIIIIIIIIIIIIIIIIIIIIIIIIIIIIIIIIIIIIIIIIII
AA1I111I1I111IIIIIIIIIIIIIIIIIIIIIIIIIIIIIIIIIIIIIIIIIIIIIIIIIII
AAAI111I1I111IIIIIIIIIIIIIIIIIIIIIIIIIIIIIIIIIIIIIIIIIIIIIIIIIII
AAAA111I1I111IIIIIIIIIIIIIIIIIIIIIIIIIIIIIIIIIIIIIIIIIIIIIIIIIII
AAAAA11I11111I111III11IIIIIIIIIIIIIIIIIIIIIIIIIIIIIIIIIIIIIIIIII
AAAAA111111111111III11IIIIIIIIIIIIIIIIIIIIIIIIIIIIIIIIIIIIIIIIII
AAAAAA111111111111II111IIIIIIIIIIIIIIIIIIIIIIIIIIIIIIIIIIIIIIIII
AAAAAAA111111111111I1111IIIIIIIIIIIIIIIIIIIIIIIIIIIIIIIIIIIIIIII
AAAAAAA1A11111111111111111IIIIIIIIIIIIIIIIIIIIIIIIIIIIIIIIIIIIII
AAAAAAA1AA11111111111111111IIIIIIIIIIIIIIIIIIIIIIIIIIIIIIIIIIIII
AAAAAAAAAA11111111111111111IIIIIIIIIIIIIIIIIIIIIIIIIIIIIIIIIIIII
AAAAAAAAAAA11111111111111111IIIIIIIIIIIIIIIIIIIIIIIIIIIIIIIIIIII
AAAAAAAAAAAA11111111111111111IIIIIIIIIIIIIIIIIIIIIIIIIIIIIIIIIII
AAAAAAAAAAAA1A11111111111111111IIIIIIIIIIIIIIIIIIIIIIIIIIIIIIIII
AAAAAAAAAAAA1AA11111111111111111IIIIIIIIIIIIIIIIIIIIIIIIIIIIIIII
AAAAAAAAAAAA1AAA11111111111111111IIIIIIIIIIIIIIIIIIIIIIIIIIIIIII
AAAAAAAAAAAAAAAA11111111111111111IIIIIIIIIIIIIIIIIIIIIIIIIIIIIII
AAAAAAAAAAAAAAAAA11111111111111111IIIIIIIIIIIIIIIIIIIIIIIIIIIIII
AAAAAAAAAAAAAAAAAA11111111111111111IIIIIIIIIIIIIIIIIIIIIIIIIIIII
AAAAAAAAAAAAAAAAAA1A11111111111111111IIIIIIIIIIIIIIIIIIIIIIIIIII
AAAAAAAAAAAAAAAAAA1AA11111111111111111IIIIIIIIIIIIIIIIIIIIIIIIII
AAAAAAAAAAAAAAAAAA1AAA11111111111111111IIIIIIIIIIIIIIIIIIIIIIIII
AAAAAAAAAAAAAAAAAAAAAA11111111111111111IIIIIIIIIIIIIIIIIIIIIIIII
AAAAAAAAAAAAAAAAAAAAAAA11111111111111111IIIIIIIIIIIIIIIIIIIIIIII
AAAAAAAAAAAAAAAAAAAAAAAA11111111111111111IIIIIIIIIIIIIIIIIIIIIII
AAAAAAAAAAAAAAAAAAAAAAAA1A11111111111111111IIIIIIIIIIIIIIIIIIIII
AAAAAAAAAAAAAAAAAAAAAAAA1AA11111111111111111IIIIIIIIIIIIIIIIIIII
AAAAAAAAAAAAAAAAAAAAAAAA1AAA11111111111111111IIIIIIIIIIIIIIIIIII
AAAAAAAAAAAAAAAAAAAAAAAAAAAA11111111111111111IIIIIIIIIIIIIIIIIII
AAAAAAAAAAAAAAAAAAAAAAAAAAAAA11111111111111111IIIIIIIIIIIIIIIIII
AAAAAAAAAAAAAAAAAAAAAAAAAAAAAA11111111111111111IIIIIIIIIIIIIIIII
AAAAAAAAAAAAAAAAAAAAAAAAAAAAAA1A11111111111111111IIIIIIIIIIIIIII
AAAAAAAAAAAAAAAAAAAAAAAAAAAAAA1AA11111111111111111IIIIIIIIIIIIII
AAAAAAAAAAAAAAAAAAAAAAAAAAAAAA1AAA11111111111111111IIIIIIIIIIIII
AAAAAAAAAAAAAAAAAAAAAAAAAAAAAAAAAA11111111111111111IIIIIIIIIIIII
AAAAAAAAAAAAAAAAAAAAAAAAAAAAAAAAAAA11111111111111111IIIIIIIIIIII
AAAAAAAAAAAAAAAAAAAAAAAAAAAAAAAAAAAA11111111111111111IIIIIIIIIII
AAAAAAAAAAAAAAAAAAAAAAAAAAAAAAAAAAAA1A11111111111111111IIIIIIIII
AAAAAAAAAAAAAAAAAAAAAAAAAAAAAAAAAAAA1AA11111111111111111IIIIIIII
AAAAAAAAAAAAAAAAAAAAAAAAAAAAAAAAAAAAAAA11111111111111111IIIIIIII
AAAAAAAAAAAAAAAAAAAAAAAAAAAAAAAAAAAAAAAA11111111111111111IIIIIII
AAAAAAAAAAAAAAAAAAAAAAAAAAAAAAAAAAAAAAAAA11111111111111111IIIIII
AAAAAAAAAAAAAAAAAAAAAAAAAAAAAAAAAAAAAAAAAA11111111111111111IIIII
AAAAAAAAAAAAAAAAAAAAAAAAAAAAAAAAAAAAAAAAAA1A11111111111111111III
AAAAAAAAAAAAAAAAAAAAAAAAAAAAAAAAAAAAAAAAAA1AA11111111111111111II
AAAAAAAAAAAAAAAAAAAAAAAAAAAAAAAAAAAAAAAAAA1AAA11111111111111111I
AAAAAAAAAAAAAAAAAAAAAAAAAAAAAAAAAAAAAAAAAAAAAA11111111111111111I
AAAAAAAAAAAAAAAAAAAAAAAAAAAAAAAAAAAAAAAAAAAAAAA11111111111111111
AAAAAAAAAAAAAAAAAAAAAAAAAAAAAAAAAAAAAAAAAAAAAAAA1111111111111111
AAAAAAAAAAAAAAAAAAAAAAAAAAAAAAAAAAAAAAAAAAAAAAAA1A11111111111111
AAAAAAAAAAAAAAAAAAAAAAAAAAAAAAAAAAAAAAAAAAAAAAAA1AA1111111111111
AAAAAAAAAAAAAAAAAAAAAAAAAAAAAAAAAAAAAAAAAAAAAAAA1AAA111111111111
AAAAAAAAAAAAAAAAAAAAAAAAAAAAAAAAAAAAAAAAAAAAAAAAAAAA111111111111
AAAAAAAAAAAAAAAAAAAAAAAAAAAAAAAAAAAAAAAAAAAAAAAAAAAAA11111111111
AAAAAAAAAAAAAAAAAAAAAAAAAAAAAAAAAAAAAAAAAAAAAAAAAAAAAA1111111111
AAAAAAAAAAAAAAAAAAAAAAAAAAAAAAAAAAAAAAAAAAAAAAAAAAAAAA1A11111111
AAAAAAAAAAAAAAAAAAAAAAAAAAAAAAAAAAAAAAAAAAAAAAAAAAAAAA1AA1111111
AAAAAAAAAAAAAAAAAAAAAAAAAAAAAAAAAAAAAAAAAAAAAAAAAAAAAA1AAA111111
AAAAAAAAAAAAAAAAAAAAAAAAAAAAAAAAAAAAAAAAAAAAAAAAAAAAAAAAAA111111
AAAAAAAAAAAAAAAAAAAAAAAAAAAAAAAAAAAAAAAAAAAAAAAAAAAAAAAAAAA11111
AAAAAAAAAAAAAAAAAAAAAAAAAAAAAAAAAAAAAAAAAAAAAAAAAAAAAAAAAAAA1111
AAAAAAAAAAAAAAAAAAAAAAAAAAAAAAAAAAAAAAAAAAAAAAAAAAAAAAAAAAAA1A11
AAAAAAAAAAAAAAAAAAAAAAAAAAAAAAAAAAAAAAAAAAAAAAAAAAAAAAAAAAAA1AA1
AAAAAAAAAAAAAAAAAAAAAAAAAAAAAAAAAAAAAAAAAAAAAAAAAAAAAAAAAAAA1AAA
AAAAAAAAAAAAAAAAAAAAAAAAAAAAAAAAAAAAAAAAAAAAAAAAAAAAAAAAAAAAAAAA
AIIII11IIII11IIII1IIIIIIIIIIIIIIIIIIIIIIIIIIIIIIIIIIIIIIIIIIIIII
AAIII111III111III11IIIIIIIIIIIIIIIIIIIIIIIIIIIIIIIIIIIIIIIIIIIII
AAAII111III111III11IIIIIIIIIIIIIIIIIIIIIIIIIIIIIIIIIIIIIIIIIIIII
AAAAI111III111III11IIIIIIIIIIIIIIIIIIIIIIIIIIIIIIIIIIIIIIIIIIIII
AAAAA111I11111I1111II1IIIIIIIIIIIIIIIIIIIIIIIIIIIIIIIIIIIIIIIIII
AAAAA111111111111111I1IIIIIIIIIIIIIIIIIIIIIIIIIIIIIIIIIIIIIIIIII
AAAAAA11111111111111I11IIIIIIIIIIIIIIIIIIIIIIIIIIIIIIIIIIIIIIIII
AAAAAA1A111111111111I11I1IIIIIIIIIIIIIIIIIIIIIIIIIIIIIIIIIIIIIII
AAAAAA1AA11111111111111I11IIIIIIIIIIIIIIIIIIIIIIIIIIIIIIIIIIIIII
AAAAAA1AAA1111111111111I111IIIIIIIIIIIIIIIIIIIIIIIIIIIIIIIIIIIII
AAAAAAAAAA11111111111111111IIIIIIIIIIIIIIIIIIIIIIIIIIIIIIIIIIIII
AAAAAAAAAAA11111111111111111IIIIIIIIIIIIIIIIIIIIIIIIIIIIIIIIIIII
AAAAAAAAAAAA11111111111111111IIIIIIIIIIIIIIIIIIIIIIIIIIIIIIIIIII
AAAAAAAAAAAA1A111111111111111I1IIIIIIIIIIIIIIIIIIIIIIIIIIIIIIIII
AAAAAAAAAAAA1AA11111111111111I11IIIIIIIIIIIIIIIIIIIIIIIIIIIIIIII
AAAAAAAAAAAA1AAA1111111111111I111IIIIIIIIIIIIIIIIIIIIIIIIIIIIIII
AAAAAAAAAAAAAAAA11111111111111111IIIIIIIIIIIIIIIIIIIIIIIIIIIIIII
AAAAAAAAAAAAAAAAA11111111111111111IIIIIIIIIIIIIIIIIIIIIIIIIIIIII
AAAAAAAAAAAAAAAAAA11111111111111111IIIIIIIIIIIIIIIIIIIIIIIIIIIII
AAAAAAAAAAAAAAAAAAA11111111111111111IIIIIIIIIIIIIIIIIIIIIIIIIIII
AAAAAAAAAAAAAAAAAAA1A111111111111111I1IIIIIIIIIIIIIIIIIIIIIIIIII
AAAAAAAAAAAAAAAAAAAAA11111111111111111IIIIIIIIIIIIIIIIIIIIIIIIII
AAAAAAAAAAAAAAAAAAAAAA11111111111111111IIIIIIIIIIIIIIIIIIIIIIIII
AAAAAAAAAAAAAAAAAAAAAAA11111111111111111IIIIIIIIIIIIIIIIIIIIIIII
AAAAAAAAAAAAAAAAAAAAAAAA11111111111111111IIIIIIIIIIIIIIIIIIIIIII
AAAAAAAAAAAAAAAAAAAAAAAA1A111111111111111I1IIIIIIIIIIIIIIIIIIIII
AAAAAAAAAAAAAAAAAAAAAAAA1AA11111111111111I11IIIIIIIIIIIIIIIIIIII
AAAAAAAAAAAAAAAAAAAAAAAA1AAA1111111111111I111IIIIIIIIIIIIIIIIIII
AAAAAAAAAAAAAAAAAAAAAAAAAAAA11111111111111111IIIIIIIIIIIIIIIIIII
AAAAAAAAAAAAAAAAAAAAAAAAAAAAA11111111111111111IIIIIIIIIIIIIIIIII
AAAAAAAAAAAAAAAAAAAAAAAAAAAAAA11111111111111111IIIIIIIIIIIIIIIII
AAAAAAAAAAAAAAAAAAAAAAAAAAAAAA1A111111111111111I1IIIIIIIIIIIIIII
AAAAAAAAAAAAAAAAAAAAAAAAAAAAAA1AA11111111111111I11IIIIIIIIIIIIII
AAAAAAAAAAAAAAAAAAAAAAAAAAAAAA1AAA1111111111111I111IIIIIIIIIIIII
AAAAAAAAAAAAAAAAAAAAAAAAAAAAAAAAAA11111111111111111IIIIIIIIIIIII
AAAAAAAAAAAAAAAAAAAAAAAAAAAAAAAAAAA11111111111111111IIIIIIIIIIII
AAAAAAAAAAAAAAAAAAAAAAAAAAAAAAAAAAAA11111111111111111IIIIIIIIIII
AAAAAAAAAAAAAAAAAAAAAAAAAAAAAAAAAAAA1A111111111111111I1IIIIIIIII
AAAAAAAAAAAAAAAAAAAAAAAAAAAAAAAAAAAA1AA11111111111111I11IIIIIIII
AAAAAAAAAAAAAAAAAAAAAAAAAAAAAAAAAAAA1AAA1111111111111I111IIIIIII
AAAAAAAAAAAAAAAAAAAAAAAAAAAAAAAAAAAAAAAA11111111111111111IIIIIII
AAAAAAAAAAAAAAAAAAAAAAAAAAAAAAAAAAAAAAAAA11111111111111111IIIIII
AAAAAAAAAAAAAAAAAAAAAAAAAAAAAAAAAAAAAAAAAA11111111111111111IIIII
AAAAAAAAAAAAAAAAAAAAAAAAAAAAAAAAAAAAAAAAAA1A111111111111111I1III
AAAAAAAAAAAAAAAAAAAAAAAAAAAAAAAAAAAAAAAAAA1AA11111111111111I11II
AAAAAAAAAAAAAAAAAAAAAAAAAAAAAAAAAAAAAAAAAA1AAA1111111111111I111I
AAAAAAAAAAAAAAAAAAAAAAAAAAAAAAAAAAAAAAAAAAAAAA11111111111111111I
AAAAAAAAAAAAAAAAAAAAAAAAAAAAAAAAAAAAAAAAAAAAAAA11111111111111111
AAAAAAAAAAAAAAAAAAAAAAAAAAAAAAAAAAAAAAAAAAAAAAAA1111111111111111
AAAAAAAAAAAAAAAAAAAAAAAAAAAAAAAAAAAAAAAAAAAAAAAA1A11111111111111
AAAAAAAAAAAAAAAAAAAAAAAAAAAAAAAAAAAAAAAAAAAAAAAA1AA1111111111111
AAAAAAAAAAAAAAAAAAAAAAAAAAAAAAAAAAAAAAAAAAAAAAAA1AAA111111111111
AAAAAAAAAAAAAAAAAAAAAAAAAAAAAAAAAAAAAAAAAAAAAAAAAAAA111111111111
AAAAAAAAAAAAAAAAAAAAAAAAAAAAAAAAAAAAAAAAAAAAAAAAAAAAA11111111111
AAAAAAAAAAAAAAAAAAAAAAAAAAAAAAAAAAAAAAAAAAAAAAAAAAAAAA1111111111
AAAAAAAAAAAAAAAAAAAAAAAAAAAAAAAAAAAAAAAAAAAAAAAAAAAAAA1A11111111
AAAAAAAAAAAAAAAAAAAAAAAAAAAAAAAAAAAAAAAAAAAAAAAAAAAAAA1AA1111111
AAAAAAAAAAAAAAAAAAAAAAAAAAAAAAAAAAAAAAAAAAAAAAAAAAAAAA1AAA111111
AAAAAAAAAAAAAAAAAAAAAAAAAAAAAAAAAAAAAAAAAAAAAAAAAAAAAAAAAA111111
AAAAAAAAAAAAAAAAAAAAAAAAAAAAAAAAAAAAAAAAAAAAAAAAAAAAAAAAAAA11111
AAAAAAAAAAAAAAAAAAAAAAAAAAAAAAAAAAAAAAAAAAAAAAAAAAAAAAAAAAAA1111
AAAAAAAAAAAAAAAAAAAAAAAAAAAAAAAAAAAAAAAAAAAAAAAAAAAAAAAAAAAA1A11
AAAAAAAAAAAAAAAAAAAAAAAAAAAAAAAAAAAAAAAAAAAAAAAAAAAAAAAAAAAA1AA1
AAAAAAAAAAAAAAAAAAAAAAAAAAAAAAAAAAAAAAAAAAAAAAAAAAAAAAAAAAAA1AAA
AAAAAAAAAAAAAAAAAAAAAAAAAAAAAAAAAAAAAAAAAAAAAAAAAAAAAAAAAAAAAAAA
A1I12II2II2222IIIIIIIIIIIIIIIIIIIIIIIIIIIIIIIIIIIIIIIIIIIIIIIIII
AAI12II2II2222IIIIIIIIIIIIIIIIIIIIIIIIIIIIIIIIIIIIIIIIIIIIIIIIII
AAA12II2II2222IIIIIIIIIIIIIIIIIIIIIIIIIIIIIIIIIIIIIIIIIIIIIIIIII
AAAA2II2II2222IIIIIIIIIIIIIIIIIIIIIIIIIIIIIIIIIIIIIIIIIIIIIIIIII
AAAAA1I12I22222222I2IIIIIIIIIIIIIIIIIIIIIIIIIIIIIIIIIIIIIIIIIIII
AAAAAA11122222222222222IIIIIIIIIIIIIIIIIIIIIIIIIIIIIIIIIIIIIIIII
AAAAAA1A12122222222222222IIIIIIIIIIIIIIIIIIIIIIIIIIIIIIIIIIIIIII
AAAAAA1AA11122222222222222IIIIIIIIIIIIIIIIIIIIIIIIIIIIIIIIIIIIII
AAAAAA1AAA11122222222222222IIIIIIIIIIIIIIIIIIIIIIIIIIIIIIIIIIIII
AAAAAAAAAA11122222222222222IIIIIIIIIIIIIIIIIIIIIIIIIIIIIIIIIIIII
AAAAAAAAAAA11122222222222222IIIIIIIIIIIIIIIIIIIIIIIIIIIIIIIIIIII
AAAAAAAAAAAA11122222222222222IIIIIIIIIIIIIIIIIIIIIIIIIIIIIIIIIII
AAAAAAAAAAAA1A12122222222222222IIIIIIIIIIIIIIIIIIIIIIIIIIIIIIIII
AAAAAAAAAAAA1AA11122222222222222IIIIIIIIIIIIIIIIIIIIIIIIIIIIIIII
AAAAAAAAAAAA1AAA11122222222222222IIIIIIIIIIIIIIIIIIIIIIIIIIIIIII
AAAAAAAAAAAAAAAA11122222222222222IIIIIIIIIIIIIIIIIIIIIIIIIIIIIII
AAAAAAAAAAAAAAAAA11122222222222222IIIIIIIIIIIIIIIIIIIIIIIIIIIIII
AAAAAAAAAAAAAAAAAA11122222222222222IIIIIIIIIIIIIIIIIIIIIIIIIIIII
AAAAAAAAAAAAAAAAAA1A12122222222222222IIIIIIIIIIIIIIIIIIIIIIIIIII
AAAAAAAAAAAAAAAAAA1AA11122222222222222IIIIIIIIIIIIIIIIIIIIIIIIII
AAAAAAAAAAAAAAAAAA1AAA11122222222222222IIIIIIIIIIIIIIIIIIIIIIIII
AAAAAAAAAAAAAAAAAAAAAA11122222222222222IIIIIIIIIIIIIIIIIIIIIIIII
AAAAAAAAAAAAAAAAAAAAAAA11122222222222222IIIIIIIIIIIIIIIIIIIIIIII
AAAAAAAAAAAAAAAAAAAAAAAA11122222222222222IIIIIIIIIIIIIIIIIIIIIII
AAAAAAAAAAAAAAAAAAAAAAAA1A12122222222222222IIIIIIIIIIIIIIIIIIIII
AAAAAAAAAAAAAAAAAAAAAAAA1AA11122222222222222IIIIIIIIIIIIIIIIIIII
AAAAAAAAAAAAAAAAAAAAAAAA1AAA11122222222222222IIIIIIIIIIIIIIIIIII
AAAAAAAAAAAAAAAAAAAAAAAAAAAA11122222222222222IIIIIIIIIIIIIIIIIII
AAAAAAAAAAAAAAAAAAAAAAAAAAAAA11122222222222222IIIIIIIIIIIIIIIIII
AAAAAAAAAAAAAAAAAAAAAAAAAAAAAA11122222222222222IIIIIIIIIIIIIIIII
AAAAAAAAAAAAAAAAAAAAAAAAAAAAAA1A12122222222222222IIIIIIIIIIIIIII
AAAAAAAAAAAAAAAAAAAAAAAAAAAAAA1AA11122222222222222IIIIIIIIIIIIII
AAAAAAAAAAAAAAAAAAAAAAAAAAAAAA1AAA11122222222222222IIIIIIIIIIIII
AAAAAAAAAAAAAAAAAAAAAAAAAAAAAAAAAA11122222222222222IIIIIIIIIIIII
AAAAAAAAAAAAAAAAAAAAAAAAAAAAAAAAAAA11122222222222222IIIIIIIIIIII
AAAAAAAAAAAAAAAAAAAAAAAAAAAAAAAAAAAA11122222222222222IIIIIIIIIII
AAAAAAAAAAAAAAAAAAAAAAAAAAAAAAAAAAAA1A12122222222222222IIIIIIIII
AAAAAAAAAAAAAAAAAAAAAAAAAAAAAAAAAAAA1AA11122222222222222IIIIIIII
AAAAAAAAAAAAAAAAAAAAAAAAAAAAAAAAAAAA1AAA11122222222222222IIIIIII
AAAAAAAAAAAAAAAAAAAAAAAAAAAAAAAAAAAAAAAA11122222222222222IIIIIII
AAAAAAAAAAAAAAAAAAAAAAAAAAAAAAAAAAAAAAAAA11122222222222222IIIIII
AAAAAAAAAAAAAAAAAAAAAAAAAAAAAAAAAAAAAAAAAA11122222222222222IIIII
AAAAAAAAAAAAAAAAAAAAAAAAAAAAAAAAAAAAAAAAAA1A12122222222222222III
AAAAAAAAAAAAAAAAAAAAAAAAAAAAAAAAAAAAAAAAAA1AA11122222222222222II
AAAAAAAAAAAAAAAAAAAAAAAAAAAAAAAAAAAAAAAAAA1AAA11122222222222222I
AAAAAAAAAAAAAAAAAAAAAAAAAAAAAAAAAAAAAAAAAAAAAA11122222222222222I
AAAAAAAAAAAAAAAAAAAAAAAAAAAAAAAAAAAAAAAAAAAAAAA11122222222222222
AAAAAAAAAAAAAAAAAAAAAAAAAAAAAAAAAAAAAAAAAAAAAAAA1112222222222222
AAAAAAAAAAAAAAAAAAAAAAAAAAAAAAAAAAAAAAAAAAAAAAAA1A12122222222222
AAAAAAAAAAAAAAAAAAAAAAAAAAAAAAAAAAAAAAAAAAAAAAAA1AA1112222222222
AAAAAAAAAAAAAAAAAAAAAAAAAAAAAAAAAAAAAAAAAAAAAAAA1AAA112211212211
AAAAAAAAAAAAAAAAAAAAAAAAAAAAAAAAAAAAAAAAAAAAAAAAAAAA112211212211
AAAAAAAAAAAAAAAAAAAAAAAAAAAAAAAAAAAAAAAAAAAAAAAAAAAA112111112111
AAAAAAAAAAAAAAAAAAAAAAAAAAAAAAAAAAAAAAAAAAAAAAAAAAAAA11111111111
AAAAAAAAAAAAAAAAAAAAAAAAAAAAAAAAAAAAAAAAAAAAAAAAAAAAAA1111111111
AAAAAAAAAAAAAAAAAAAAAAAAAAAAAAAAAAAAAAAAAAAAAAAAAAAAAA1A11111111
AAAAAAAAAAAAAAAAAAAAAAAAAAAAAAAAAAAAAAAAAAAAAAAAAAAAAA1AA1111111
AAAAAAAAAAAAAAAAAAAAAAAAAAAAAAAAAAAAAAAAAAAAAAAAAAAAAA1AAA111111
AAAAAAAAAAAAAAAAAAAAAAAAAAAAAAAAAAAAAAAAAAAAAAAAAAAAAAAAAA111111
AAAAAAAAAAAAAAAAAAAAAAAAAAAAAAAAAAAAAAAAAAAAAAAAAAAAAAAAAAA11111
AAAAAAAAAAAAAAAAAAAAAAAAAAAAAAAAAAAAAAAAAAAAAAAAAAAAAAAAAAAA1111
AAAAAAAAAAAAAAAAAAAAAAAAAAAAAAAAAAAAAAAAAAAAAAAAAAAAAAAAAAAA1A11
AAAAAAAAAAAAAAAAAAAAAAAAAAAAAAAAAAAAAAAAAAAAAAAAAAAAAAAAAAAA1AA1
AAAAAAAAAAAAAAAAAAAAAAAAAAAAAAAAAAAAAAAAAAAAAAAAAAAAAAAAAAAA1AAA
AAAAAAAAAAAAAAAAAAAAAAAAAAAAAAAAAAAAAAAAAAAAAAAAAAAAAAAAAAAAAAAA
[MLOP] Prefetch Degree Mean: 4.65774
[MLOP] Prefetch Degree SD: 3.04062
[MLOP] Max Score Left Mean (%): 44.2393
[MLOP] Max Score Left SD (%): 36.3741
[MLOP] Max Score Right Mean (%): 85.6596
[MLOP] Max Score Right SD (%): 11.6786
================ Mockingjay (LLC) Pollution Stats ================
Total pollution count in LLC: 25217
==================================================================

DRAM Statistics
 CHANNEL 0
 RQ ROW_BUFFER_HIT:     728869  ROW_BUFFER_MISS:      69043
 DBUS_CONGESTED:          1
 WQ ROW_BUFFER_HIT:          0  ROW_BUFFER_MISS:          5  FULL:          0

 AVG_CONGESTED_CYCLE: 8
 All warmup complete: 2
Channel 0 Bank busy for read cycles: 0
Channel 0 Bank busy for write cycles: 0
Channel 0
Rank 0
0banks busy for read cycles: 170357983
0banks busy for write cycles: 5
1banks busy for read cycles: 15808220
1banks busy for write cycles: 1798
2banks busy for read cycles: 4838661
2banks busy for write cycles: 0
3banks busy for read cycles: 2345931
3banks busy for write cycles: 0
4banks busy for read cycles: 1424743
4banks busy for write cycles: 0
5banks busy for read cycles: 1072773
5banks busy for write cycles: 0
6banks busy for read cycles: 316354
6banks busy for write cycles: 0
7banks busy for read cycles: 136746
7banks busy for write cycles: 0
8banks busy for read cycles: 44828
8banks busy for write cycles: 0

CPU 0 Branch Prediction Accuracy: 99.9952% MPKI: 0.013405 Average ROB Occupancy at Mispredict: 479.042
Branch types
NOT_BRANCH: 144645004 72.3225%
BRANCH_DIRECT_JUMP: 143 7.15e-05%
BRANCH_INDIRECT: 0 0%
BRANCH_CONDITIONAL: 51815628 25.9078%
BRANCH_DIRECT_CALL: 884878 0.442439%
BRANCH_INDIRECT_CALL: 884735 0.442368%
BRANCH_RETURN: 1769613 0.884807%
BRANCH_OTHER: 0 0%

===================== LRU L1D STATS =====================
Total pollution count in L1D: 1216026
=========================================================
================ SRRIP (L2C) Pollution Stats ================
Total pollution count in L2c: 464082
==================================================================
DRAM PAGES: 1048576
Allocated PAGES: 1615
