{
    "../results/pref_l1/ipcp_isca2020/exp12_srrip_ship/600.perlbench_s-570B": 1760711450.5567114,
    "../results/pref_l1/ipcp_isca2020/exp12_srrip_ship/602.gcc_s-1850B": 1760711450.5567114,
    "../results/pref_l1/ipcp_isca2020/exp12_srrip_ship/602.gcc_s-2226B": 1760711450.5567114,
    "../results/pref_l1/ipcp_isca2020/exp12_srrip_ship/602.gcc_s-734B": 1760711450.5567114,
    "../results/pref_l1/ipcp_isca2020/exp12_srrip_ship/603.bwaves_s-1740B": 1760711450.5567114,
    "../results/pref_l1/ipcp_isca2020/exp12_srrip_ship/603.bwaves_s-2609B": 1760711450.5567114,
    "../results/pref_l1/ipcp_isca2020/exp12_srrip_ship/603.bwaves_s-2931B": 1760711450.5577114,
    "../results/pref_l1/ipcp_isca2020/exp12_srrip_ship/603.bwaves_s-891B": 1760711450.5577114,
    "../results/pref_l1/ipcp_isca2020/exp12_srrip_ship/605.mcf_s-1152B": 1760711450.5577114,
    "../results/pref_l1/ipcp_isca2020/exp12_srrip_ship/605.mcf_s-1536B": 1760711450.5577114,
    "../results/pref_l1/ipcp_isca2020/exp12_srrip_ship/605.mcf_s-1554B": 1760711450.5577114,
    "../results/pref_l1/ipcp_isca2020/exp12_srrip_ship/605.mcf_s-1644B": 1760711450.5577114,
    "../results/pref_l1/ipcp_isca2020/exp12_srrip_ship/605.mcf_s-472B": 1760711450.5577114,
    "../results/pref_l1/ipcp_isca2020/exp12_srrip_ship/605.mcf_s-484B": 1760711450.5577114,
    "../results/pref_l1/ipcp_isca2020/exp12_srrip_ship/605.mcf_s-665B": 1760711450.5577114,
    "../results/pref_l1/ipcp_isca2020/exp12_srrip_ship/605.mcf_s-782B": 1760711450.5577114,
    "../results/pref_l1/ipcp_isca2020/exp12_srrip_ship/605.mcf_s-994B": 1760711450.5577114,
    "../results/pref_l1/ipcp_isca2020/exp12_srrip_ship/607.cactuBSSN_s-2421B": 1760711450.5577114,
    "../results/pref_l1/ipcp_isca2020/exp12_srrip_ship/607.cactuBSSN_s-3477B": 1760711450.5577114,
    "../results/pref_l1/ipcp_isca2020/exp12_srrip_ship/607.cactuBSSN_s-4004B": 1760711450.5577114,
    "../results/pref_l1/ipcp_isca2020/exp12_srrip_ship/619.lbm_s-2676B": 1760711450.5577114,
    "../results/pref_l1/ipcp_isca2020/exp12_srrip_ship/619.lbm_s-2677B": 1760711450.5577114,
    "../results/pref_l1/ipcp_isca2020/exp12_srrip_ship/619.lbm_s-3766B": 1760711450.5577114,
    "../results/pref_l1/ipcp_isca2020/exp12_srrip_ship/619.lbm_s-4268B": 1760711450.5577114,
    "../results/pref_l1/ipcp_isca2020/exp12_srrip_ship/620.omnetpp_s-141B": 1760711450.5577114,
    "../results/pref_l1/ipcp_isca2020/exp12_srrip_ship/620.omnetpp_s-874B": 1760711450.5577114,
    "../results/pref_l1/ipcp_isca2020/exp12_srrip_ship/621.wrf_s-6673B": 1760711450.5577114,
    "../results/pref_l1/ipcp_isca2020/exp12_srrip_ship/621.wrf_s-8065B": 1760711450.5577114,
    "../results/pref_l1/ipcp_isca2020/exp12_srrip_ship/623.xalancbmk_s-10B": 1760711450.5577114,
    "../results/pref_l1/ipcp_isca2020/exp12_srrip_ship/623.xalancbmk_s-165B": 1760711450.5577114,
    "../results/pref_l1/ipcp_isca2020/exp12_srrip_ship/623.xalancbmk_s-202B": 1760711450.5577114,
    "../results/pref_l1/ipcp_isca2020/exp12_srrip_ship/625.x264_s-20B": 1760711450.5577114,
    "../results/pref_l1/ipcp_isca2020/exp12_srrip_ship/627.cam4_s-490B": 1760711450.5577114,
    "../results/pref_l1/ipcp_isca2020/exp12_srrip_ship/628.pop2_s-17B": 1760711450.5577114,
    "../results/pref_l1/ipcp_isca2020/exp12_srrip_ship/649.fotonik3d_s-10881B": 1760711450.5577114,
    "../results/pref_l1/ipcp_isca2020/exp12_srrip_ship/649.fotonik3d_s-1176B": 1760711450.5577114,
    "../results/pref_l1/ipcp_isca2020/exp12_srrip_ship/649.fotonik3d_s-7084B": 1760711450.5577114,
    "../results/pref_l1/ipcp_isca2020/exp12_srrip_ship/649.fotonik3d_s-8225B": 1760711450.5577114,
    "../results/pref_l1/ipcp_isca2020/exp12_srrip_ship/654.roms_s-1007B": 1760711450.5577114,
    "../results/pref_l1/ipcp_isca2020/exp12_srrip_ship/654.roms_s-1070B": 1760711450.5577114,
    "../results/pref_l1/ipcp_isca2020/exp12_srrip_ship/654.roms_s-1390B": 1760711450.5587115,
    "../results/pref_l1/ipcp_isca2020/exp12_srrip_ship/654.roms_s-293B": 1760711450.5587115,
    "../results/pref_l1/ipcp_isca2020/exp12_srrip_ship/654.roms_s-294B": 1760711450.5587115,
    "../results/pref_l1/ipcp_isca2020/exp12_srrip_ship/654.roms_s-523B": 1760711450.5587115,
    "../results/pref_l1/ipcp_isca2020/exp12_srrip_ship/657.xz_s-2302B": 1760711450.5587115,
    "../results/pref_l1/ipcp_isca2020/exp1_lru_lru/600.perlbench_s-570B": 1760711450.5607114,
    "../results/pref_l1/ipcp_isca2020/exp1_lru_lru/602.gcc_s-1850B": 1760711450.5607114,
    "../results/pref_l1/ipcp_isca2020/exp1_lru_lru/602.gcc_s-2226B": 1760711450.5607114,
    "../results/pref_l1/ipcp_isca2020/exp1_lru_lru/602.gcc_s-734B": 1760711450.5617115,
    "../results/pref_l1/ipcp_isca2020/exp1_lru_lru/603.bwaves_s-1740B": 1760711450.5617115,
    "../results/pref_l1/ipcp_isca2020/exp1_lru_lru/603.bwaves_s-2609B": 1760711450.5617115,
    "../results/pref_l1/ipcp_isca2020/exp1_lru_lru/603.bwaves_s-2931B": 1760711450.5617115,
    "../results/pref_l1/ipcp_isca2020/exp1_lru_lru/603.bwaves_s-891B": 1760711450.5617115,
    "../results/pref_l1/ipcp_isca2020/exp1_lru_lru/605.mcf_s-1152B": 1760711450.5617115,
    "../results/pref_l1/ipcp_isca2020/exp1_lru_lru/605.mcf_s-1536B": 1760711450.5617115,
    "../results/pref_l1/ipcp_isca2020/exp1_lru_lru/605.mcf_s-1554B": 1760711450.5617115,
    "../results/pref_l1/ipcp_isca2020/exp1_lru_lru/605.mcf_s-1644B": 1760711450.5617115,
    "../results/pref_l1/ipcp_isca2020/exp1_lru_lru/605.mcf_s-472B": 1760711450.5617115,
    "../results/pref_l1/ipcp_isca2020/exp1_lru_lru/605.mcf_s-484B": 1760711450.5617115,
    "../results/pref_l1/ipcp_isca2020/exp1_lru_lru/605.mcf_s-665B": 1760711450.5617115,
    "../results/pref_l1/ipcp_isca2020/exp1_lru_lru/605.mcf_s-782B": 1760711450.5617115,
    "../results/pref_l1/ipcp_isca2020/exp1_lru_lru/605.mcf_s-994B": 1760711450.5617115,
    "../results/pref_l1/ipcp_isca2020/exp1_lru_lru/607.cactuBSSN_s-2421B": 1760711450.5617115,
    "../results/pref_l1/ipcp_isca2020/exp1_lru_lru/607.cactuBSSN_s-3477B": 1760711450.5617115,
    "../results/pref_l1/ipcp_isca2020/exp1_lru_lru/607.cactuBSSN_s-4004B": 1760711450.5617115,
    "../results/pref_l1/ipcp_isca2020/exp1_lru_lru/619.lbm_s-2676B": 1760711450.5617115,
    "../results/pref_l1/ipcp_isca2020/exp1_lru_lru/619.lbm_s-2677B": 1760711450.5617115,
    "../results/pref_l1/ipcp_isca2020/exp1_lru_lru/619.lbm_s-3766B": 1760711450.5617115,
    "../results/pref_l1/ipcp_isca2020/exp1_lru_lru/619.lbm_s-4268B": 1760711450.5617115,
    "../results/pref_l1/ipcp_isca2020/exp1_lru_lru/620.omnetpp_s-141B": 1760711450.5617115,
    "../results/pref_l1/ipcp_isca2020/exp1_lru_lru/620.omnetpp_s-874B": 1760711450.5617115,
    "../results/pref_l1/ipcp_isca2020/exp1_lru_lru/621.wrf_s-6673B": 1760711450.5617115,
    "../results/pref_l1/ipcp_isca2020/exp1_lru_lru/621.wrf_s-8065B": 1760711450.5617115,
    "../results/pref_l1/ipcp_isca2020/exp1_lru_lru/623.xalancbmk_s-10B": 1760711450.5617115,
    "../results/pref_l1/ipcp_isca2020/exp1_lru_lru/623.xalancbmk_s-165B": 1760711450.5617115,
    "../results/pref_l1/ipcp_isca2020/exp1_lru_lru/623.xalancbmk_s-202B": 1760711450.5617115,
    "../results/pref_l1/ipcp_isca2020/exp1_lru_lru/625.x264_s-20B": 1760711450.5617115,
    "../results/pref_l1/ipcp_isca2020/exp1_lru_lru/627.cam4_s-490B": 1760711450.5617115,
    "../results/pref_l1/ipcp_isca2020/exp1_lru_lru/628.pop2_s-17B": 1760711450.5617115,
    "../results/pref_l1/ipcp_isca2020/exp1_lru_lru/649.fotonik3d_s-10881B": 1760711450.5617115,
    "../results/pref_l1/ipcp_isca2020/exp1_lru_lru/649.fotonik3d_s-1176B": 1760711450.5617115,
    "../results/pref_l1/ipcp_isca2020/exp1_lru_lru/649.fotonik3d_s-7084B": 1760711450.5617115,
    "../results/pref_l1/ipcp_isca2020/exp1_lru_lru/649.fotonik3d_s-8225B": 1760711450.5617115,
    "../results/pref_l1/ipcp_isca2020/exp1_lru_lru/654.roms_s-1007B": 1760711450.5617115,
    "../results/pref_l1/ipcp_isca2020/exp1_lru_lru/654.roms_s-1070B": 1760711450.5617115,
    "../results/pref_l1/ipcp_isca2020/exp1_lru_lru/654.roms_s-1390B": 1760711450.5617115,
    "../results/pref_l1/ipcp_isca2020/exp1_lru_lru/654.roms_s-293B": 1760711450.5617115,
    "../results/pref_l1/ipcp_isca2020/exp1_lru_lru/654.roms_s-294B": 1760711450.5617115,
    "../results/pref_l1/ipcp_isca2020/exp1_lru_lru/654.roms_s-523B": 1760711450.5617115,
    "../results/pref_l1/ipcp_isca2020/exp1_lru_lru/657.xz_s-2302B": 1760711450.5617115,
    "../results/pref_l1/ipcp_isca2020/exp14_srrip_mockingjay/600.perlbench_s-570B": 1760711450.5597115,
    "../results/pref_l1/ipcp_isca2020/exp14_srrip_mockingjay/602.gcc_s-1850B": 1760711450.5597115,
    "../results/pref_l1/ipcp_isca2020/exp14_srrip_mockingjay/602.gcc_s-2226B": 1760711450.5597115,
    "../results/pref_l1/ipcp_isca2020/exp14_srrip_mockingjay/602.gcc_s-734B": 1760711450.5597115,
    "../results/pref_l1/ipcp_isca2020/exp14_srrip_mockingjay/603.bwaves_s-1740B": 1760711450.5597115,
    "../results/pref_l1/ipcp_isca2020/exp14_srrip_mockingjay/603.bwaves_s-2609B": 1760711450.5597115,
    "../results/pref_l1/ipcp_isca2020/exp14_srrip_mockingjay/603.bwaves_s-2931B": 1760711450.5597115,
    "../results/pref_l1/ipcp_isca2020/exp14_srrip_mockingjay/603.bwaves_s-891B": 1760711450.5597115,
    "../results/pref_l1/ipcp_isca2020/exp14_srrip_mockingjay/605.mcf_s-1152B": 1760711450.5597115,
    "../results/pref_l1/ipcp_isca2020/exp14_srrip_mockingjay/605.mcf_s-1536B": 1760711450.5597115,
    "../results/pref_l1/ipcp_isca2020/exp14_srrip_mockingjay/605.mcf_s-1554B": 1760711450.5597115,
    "../results/pref_l1/ipcp_isca2020/exp14_srrip_mockingjay/605.mcf_s-1644B": 1760711450.5597115,
    "../results/pref_l1/ipcp_isca2020/exp14_srrip_mockingjay/605.mcf_s-472B": 1760711450.5597115,
    "../results/pref_l1/ipcp_isca2020/exp14_srrip_mockingjay/605.mcf_s-484B": 1760711450.5597115,
    "../results/pref_l1/ipcp_isca2020/exp14_srrip_mockingjay/605.mcf_s-665B": 1760711450.5607114,
    "../results/pref_l1/ipcp_isca2020/exp14_srrip_mockingjay/605.mcf_s-782B": 1760711450.5607114,
    "../results/pref_l1/ipcp_isca2020/exp14_srrip_mockingjay/605.mcf_s-994B": 1760711450.5607114,
    "../results/pref_l1/ipcp_isca2020/exp14_srrip_mockingjay/607.cactuBSSN_s-2421B": 1760711450.5607114,
    "../results/pref_l1/ipcp_isca2020/exp14_srrip_mockingjay/607.cactuBSSN_s-3477B": 1760711450.5607114,
    "../results/pref_l1/ipcp_isca2020/exp14_srrip_mockingjay/607.cactuBSSN_s-4004B": 1760711450.5607114,
    "../results/pref_l1/ipcp_isca2020/exp14_srrip_mockingjay/619.lbm_s-2676B": 1760711450.5607114,
    "../results/pref_l1/ipcp_isca2020/exp14_srrip_mockingjay/619.lbm_s-2677B": 1760711450.5607114,
    "../results/pref_l1/ipcp_isca2020/exp14_srrip_mockingjay/619.lbm_s-3766B": 1760711450.5607114,
    "../results/pref_l1/ipcp_isca2020/exp14_srrip_mockingjay/619.lbm_s-4268B": 1760711450.5607114,
    "../results/pref_l1/ipcp_isca2020/exp14_srrip_mockingjay/620.omnetpp_s-141B": 1760711450.5607114,
    "../results/pref_l1/ipcp_isca2020/exp14_srrip_mockingjay/620.omnetpp_s-874B": 1760711450.5607114,
    "../results/pref_l1/ipcp_isca2020/exp14_srrip_mockingjay/621.wrf_s-6673B": 1760711450.5607114,
    "../results/pref_l1/ipcp_isca2020/exp14_srrip_mockingjay/621.wrf_s-8065B": 1760711450.5607114,
    "../results/pref_l1/ipcp_isca2020/exp14_srrip_mockingjay/623.xalancbmk_s-10B": 1760711450.5607114,
    "../results/pref_l1/ipcp_isca2020/exp14_srrip_mockingjay/623.xalancbmk_s-165B": 1760711450.5607114,
    "../results/pref_l1/ipcp_isca2020/exp14_srrip_mockingjay/623.xalancbmk_s-202B": 1760711450.5607114,
    "../results/pref_l1/ipcp_isca2020/exp14_srrip_mockingjay/625.x264_s-20B": 1760711450.5607114,
    "../results/pref_l1/ipcp_isca2020/exp14_srrip_mockingjay/627.cam4_s-490B": 1760711450.5607114,
    "../results/pref_l1/ipcp_isca2020/exp14_srrip_mockingjay/628.pop2_s-17B": 1760711450.5607114,
    "../results/pref_l1/ipcp_isca2020/exp14_srrip_mockingjay/649.fotonik3d_s-10881B": 1760711450.5607114,
    "../results/pref_l1/ipcp_isca2020/exp14_srrip_mockingjay/649.fotonik3d_s-1176B": 1760711450.5607114,
    "../results/pref_l1/ipcp_isca2020/exp14_srrip_mockingjay/649.fotonik3d_s-7084B": 1760711450.5607114,
    "../results/pref_l1/ipcp_isca2020/exp14_srrip_mockingjay/649.fotonik3d_s-8225B": 1760711450.5607114,
    "../results/pref_l1/ipcp_isca2020/exp14_srrip_mockingjay/654.roms_s-1007B": 1760711450.5607114,
    "../results/pref_l1/ipcp_isca2020/exp14_srrip_mockingjay/654.roms_s-1070B": 1760711450.5607114,
    "../results/pref_l1/ipcp_isca2020/exp14_srrip_mockingjay/654.roms_s-1390B": 1760711450.5607114,
    "../results/pref_l1/ipcp_isca2020/exp14_srrip_mockingjay/654.roms_s-293B": 1760711450.5607114,
    "../results/pref_l1/ipcp_isca2020/exp14_srrip_mockingjay/654.roms_s-294B": 1760711450.5607114,
    "../results/pref_l1/ipcp_isca2020/exp14_srrip_mockingjay/654.roms_s-523B": 1760711450.5607114,
    "../results/pref_l1/ipcp_isca2020/exp14_srrip_mockingjay/657.xz_s-2302B": 1760711450.5607114,
    "../results/pref_l1/ipcp_isca2020/exp11_srrip_hawkeye/600.perlbench_s-570B": 1760711450.5557115,
    "../results/pref_l1/ipcp_isca2020/exp11_srrip_hawkeye/602.gcc_s-1850B": 1760711450.5557115,
    "../results/pref_l1/ipcp_isca2020/exp11_srrip_hawkeye/602.gcc_s-2226B": 1760711450.5557115,
    "../results/pref_l1/ipcp_isca2020/exp11_srrip_hawkeye/602.gcc_s-734B": 1760711450.5557115,
    "../results/pref_l1/ipcp_isca2020/exp11_srrip_hawkeye/603.bwaves_s-1740B": 1760711450.5557115,
    "../results/pref_l1/ipcp_isca2020/exp11_srrip_hawkeye/603.bwaves_s-2609B": 1760711450.5557115,
    "../results/pref_l1/ipcp_isca2020/exp11_srrip_hawkeye/603.bwaves_s-2931B": 1760711450.5557115,
    "../results/pref_l1/ipcp_isca2020/exp11_srrip_hawkeye/603.bwaves_s-891B": 1760711450.5557115,
    "../results/pref_l1/ipcp_isca2020/exp11_srrip_hawkeye/605.mcf_s-1152B": 1760711450.5557115,
    "../results/pref_l1/ipcp_isca2020/exp11_srrip_hawkeye/605.mcf_s-1536B": 1760711450.5557115,
    "../results/pref_l1/ipcp_isca2020/exp11_srrip_hawkeye/605.mcf_s-1554B": 1760711450.5557115,
    "../results/pref_l1/ipcp_isca2020/exp11_srrip_hawkeye/605.mcf_s-1644B": 1760711450.5557115,
    "../results/pref_l1/ipcp_isca2020/exp11_srrip_hawkeye/605.mcf_s-472B": 1760711450.5557115,
    "../results/pref_l1/ipcp_isca2020/exp11_srrip_hawkeye/605.mcf_s-484B": 1760711450.5567114,
    "../results/pref_l1/ipcp_isca2020/exp11_srrip_hawkeye/605.mcf_s-665B": 1760711450.5567114,
    "../results/pref_l1/ipcp_isca2020/exp11_srrip_hawkeye/605.mcf_s-782B": 1760711450.5567114,
    "../results/pref_l1/ipcp_isca2020/exp11_srrip_hawkeye/605.mcf_s-994B": 1760711450.5567114,
    "../results/pref_l1/ipcp_isca2020/exp11_srrip_hawkeye/607.cactuBSSN_s-2421B": 1760711450.5567114,
    "../results/pref_l1/ipcp_isca2020/exp11_srrip_hawkeye/607.cactuBSSN_s-3477B": 1760711450.5567114,
    "../results/pref_l1/ipcp_isca2020/exp11_srrip_hawkeye/607.cactuBSSN_s-4004B": 1760711450.5567114,
    "../results/pref_l1/ipcp_isca2020/exp11_srrip_hawkeye/619.lbm_s-2676B": 1760711450.5567114,
    "../results/pref_l1/ipcp_isca2020/exp11_srrip_hawkeye/619.lbm_s-2677B": 1760711450.5567114,
    "../results/pref_l1/ipcp_isca2020/exp11_srrip_hawkeye/619.lbm_s-3766B": 1760711450.5567114,
    "../results/pref_l1/ipcp_isca2020/exp11_srrip_hawkeye/619.lbm_s-4268B": 1760711450.5567114,
    "../results/pref_l1/ipcp_isca2020/exp11_srrip_hawkeye/620.omnetpp_s-141B": 1760711450.5567114,
    "../results/pref_l1/ipcp_isca2020/exp11_srrip_hawkeye/620.omnetpp_s-874B": 1760711450.5567114,
    "../results/pref_l1/ipcp_isca2020/exp11_srrip_hawkeye/621.wrf_s-6673B": 1760711450.5567114,
    "../results/pref_l1/ipcp_isca2020/exp11_srrip_hawkeye/621.wrf_s-8065B": 1760711450.5567114,
    "../results/pref_l1/ipcp_isca2020/exp11_srrip_hawkeye/623.xalancbmk_s-10B": 1760711450.5567114,
    "../results/pref_l1/ipcp_isca2020/exp11_srrip_hawkeye/623.xalancbmk_s-165B": 1760711450.5567114,
    "../results/pref_l1/ipcp_isca2020/exp11_srrip_hawkeye/623.xalancbmk_s-202B": 1760711450.5567114,
    "../results/pref_l1/ipcp_isca2020/exp11_srrip_hawkeye/625.x264_s-20B": 1760711450.5567114,
    "../results/pref_l1/ipcp_isca2020/exp11_srrip_hawkeye/627.cam4_s-490B": 1760711450.5567114,
    "../results/pref_l1/ipcp_isca2020/exp11_srrip_hawkeye/628.pop2_s-17B": 1760711450.5567114,
    "../results/pref_l1/ipcp_isca2020/exp11_srrip_hawkeye/649.fotonik3d_s-10881B": 1760711450.5567114,
    "../results/pref_l1/ipcp_isca2020/exp11_srrip_hawkeye/649.fotonik3d_s-1176B": 1760711450.5567114,
    "../results/pref_l1/ipcp_isca2020/exp11_srrip_hawkeye/649.fotonik3d_s-7084B": 1760711450.5567114,
    "../results/pref_l1/ipcp_isca2020/exp11_srrip_hawkeye/649.fotonik3d_s-8225B": 1760711450.5567114,
    "../results/pref_l1/ipcp_isca2020/exp11_srrip_hawkeye/654.roms_s-1007B": 1760711450.5567114,
    "../results/pref_l1/ipcp_isca2020/exp11_srrip_hawkeye/654.roms_s-1070B": 1760711450.5567114,
    "../results/pref_l1/ipcp_isca2020/exp11_srrip_hawkeye/654.roms_s-1390B": 1760711450.5567114,
    "../results/pref_l1/ipcp_isca2020/exp11_srrip_hawkeye/654.roms_s-293B": 1760711450.5567114,
    "../results/pref_l1/ipcp_isca2020/exp11_srrip_hawkeye/654.roms_s-294B": 1760711450.5567114,
    "../results/pref_l1/ipcp_isca2020/exp11_srrip_hawkeye/654.roms_s-523B": 1760711450.5567114,
    "../results/pref_l1/ipcp_isca2020/exp11_srrip_hawkeye/657.xz_s-2302B": 1760711450.5567114,
    "../results/pref_l1/ipcp_isca2020/exp10_srrip_srrip/649.fotonik3d_s-8225B": 1760711450.5557115,
    "../results/pref_l1/ipcp_isca2020/exp10_srrip_srrip/654.roms_s-1007B": 1760711450.5557115,
    "../results/pref_l1/ipcp_isca2020/exp13_srrip_ship++/600.perlbench_s-570B": 1760711450.5587115,
    "../results/pref_l1/ipcp_isca2020/exp13_srrip_ship++/602.gcc_s-1850B": 1760711450.5587115,
    "../results/pref_l1/ipcp_isca2020/exp13_srrip_ship++/602.gcc_s-2226B": 1760711450.5587115,
    "../results/pref_l1/ipcp_isca2020/exp13_srrip_ship++/602.gcc_s-734B": 1760711450.5587115,
    "../results/pref_l1/ipcp_isca2020/exp13_srrip_ship++/603.bwaves_s-1740B": 1760711450.5587115,
    "../results/pref_l1/ipcp_isca2020/exp13_srrip_ship++/603.bwaves_s-2609B": 1760711450.5587115,
    "../results/pref_l1/ipcp_isca2020/exp13_srrip_ship++/603.bwaves_s-2931B": 1760711450.5587115,
    "../results/pref_l1/ipcp_isca2020/exp13_srrip_ship++/603.bwaves_s-891B": 1760711450.5587115,
    "../results/pref_l1/ipcp_isca2020/exp13_srrip_ship++/605.mcf_s-1152B": 1760711450.5587115,
    "../results/pref_l1/ipcp_isca2020/exp13_srrip_ship++/605.mcf_s-1536B": 1760711450.5587115,
    "../results/pref_l1/ipcp_isca2020/exp13_srrip_ship++/605.mcf_s-1554B": 1760711450.5587115,
    "../results/pref_l1/ipcp_isca2020/exp13_srrip_ship++/605.mcf_s-1644B": 1760711450.5587115,
    "../results/pref_l1/ipcp_isca2020/exp13_srrip_ship++/605.mcf_s-472B": 1760711450.5587115,
    "../results/pref_l1/ipcp_isca2020/exp13_srrip_ship++/605.mcf_s-484B": 1760711450.5587115,
    "../results/pref_l1/ipcp_isca2020/exp13_srrip_ship++/605.mcf_s-665B": 1760711450.5587115,
    "../results/pref_l1/ipcp_isca2020/exp13_srrip_ship++/605.mcf_s-782B": 1760711450.5587115,
    "../results/pref_l1/ipcp_isca2020/exp13_srrip_ship++/605.mcf_s-994B": 1760711450.5587115,
    "../results/pref_l1/ipcp_isca2020/exp13_srrip_ship++/607.cactuBSSN_s-2421B": 1760711450.5587115,
    "../results/pref_l1/ipcp_isca2020/exp13_srrip_ship++/607.cactuBSSN_s-3477B": 1760711450.5587115,
    "../results/pref_l1/ipcp_isca2020/exp13_srrip_ship++/607.cactuBSSN_s-4004B": 1760711450.5587115,
    "../results/pref_l1/ipcp_isca2020/exp13_srrip_ship++/619.lbm_s-2676B": 1760711450.5587115,
    "../results/pref_l1/ipcp_isca2020/exp13_srrip_ship++/619.lbm_s-2677B": 1760711450.5587115,
    "../results/pref_l1/ipcp_isca2020/exp13_srrip_ship++/619.lbm_s-3766B": 1760711450.5587115,
    "../results/pref_l1/ipcp_isca2020/exp13_srrip_ship++/619.lbm_s-4268B": 1760711450.5587115,
    "../results/pref_l1/ipcp_isca2020/exp13_srrip_ship++/620.omnetpp_s-141B": 1760711450.5597115,
    "../results/pref_l1/ipcp_isca2020/exp13_srrip_ship++/620.omnetpp_s-874B": 1760711450.5597115,
    "../results/pref_l1/ipcp_isca2020/exp13_srrip_ship++/621.wrf_s-6673B": 1760711450.5597115,
    "../results/pref_l1/ipcp_isca2020/exp13_srrip_ship++/621.wrf_s-8065B": 1760711450.5597115,
    "../results/pref_l1/ipcp_isca2020/exp13_srrip_ship++/623.xalancbmk_s-10B": 1760711450.5597115,
    "../results/pref_l1/ipcp_isca2020/exp13_srrip_ship++/623.xalancbmk_s-165B": 1760711450.5597115,
    "../results/pref_l1/ipcp_isca2020/exp13_srrip_ship++/623.xalancbmk_s-202B": 1760711450.5597115,
    "../results/pref_l1/ipcp_isca2020/exp13_srrip_ship++/625.x264_s-20B": 1760711450.5597115,
    "../results/pref_l1/ipcp_isca2020/exp13_srrip_ship++/627.cam4_s-490B": 1760711450.5597115,
    "../results/pref_l1/ipcp_isca2020/exp13_srrip_ship++/628.pop2_s-17B": 1760711450.5597115,
    "../results/pref_l1/ipcp_isca2020/exp13_srrip_ship++/649.fotonik3d_s-10881B": 1760711450.5597115,
    "../results/pref_l1/ipcp_isca2020/exp13_srrip_ship++/649.fotonik3d_s-1176B": 1760711450.5597115,
    "../results/pref_l1/ipcp_isca2020/exp13_srrip_ship++/649.fotonik3d_s-7084B": 1760711450.5597115,
    "../results/pref_l1/ipcp_isca2020/exp13_srrip_ship++/649.fotonik3d_s-8225B": 1760711450.5597115,
    "../results/pref_l1/ipcp_isca2020/exp13_srrip_ship++/654.roms_s-1007B": 1760711450.5597115,
    "../results/pref_l1/ipcp_isca2020/exp13_srrip_ship++/654.roms_s-1070B": 1760711450.5597115,
    "../results/pref_l1/ipcp_isca2020/exp13_srrip_ship++/654.roms_s-1390B": 1760711450.5597115,
    "../results/pref_l1/ipcp_isca2020/exp13_srrip_ship++/654.roms_s-293B": 1760711450.5597115,
    "../results/pref_l1/ipcp_isca2020/exp13_srrip_ship++/654.roms_s-294B": 1760711450.5597115,
    "../results/pref_l1/ipcp_isca2020/exp13_srrip_ship++/654.roms_s-523B": 1760711450.5597115,
    "../results/pref_l1/ipcp_isca2020/exp13_srrip_ship++/657.xz_s-2302B": 1760711450.5597115,
    "../results/pref_l1/ipcp_isca2020/exp13_srrip_ship/649.fotonik3d_s-8225B": 1760711450.5587115,
    "../results/pref_l1/ipcp_isca2020/exp3_lru_drrip/600.perlbench_s-570B": 1760711450.5637116,
    "../results/pref_l1/ipcp_isca2020/exp3_lru_drrip/602.gcc_s-1850B": 1760711450.5637116,
    "../results/pref_l1/ipcp_isca2020/exp3_lru_drrip/602.gcc_s-2226B": 1760711450.5637116,
    "../results/pref_l1/ipcp_isca2020/exp3_lru_drrip/602.gcc_s-734B": 1760711450.5637116,
    "../results/pref_l1/ipcp_isca2020/exp3_lru_drrip/603.bwaves_s-1740B": 1760711450.5637116,
    "../results/pref_l1/ipcp_isca2020/exp3_lru_drrip/603.bwaves_s-2609B": 1760711450.5637116,
    "../results/pref_l1/ipcp_isca2020/exp3_lru_drrip/603.bwaves_s-2931B": 1760711450.5637116,
    "../results/pref_l1/ipcp_isca2020/exp3_lru_drrip/603.bwaves_s-891B": 1760711450.5637116,
    "../results/pref_l1/ipcp_isca2020/exp3_lru_drrip/605.mcf_s-1152B": 1760711450.5637116,
    "../results/pref_l1/ipcp_isca2020/exp3_lru_drrip/605.mcf_s-1536B": 1760711450.5637116,
    "../results/pref_l1/ipcp_isca2020/exp3_lru_drrip/605.mcf_s-1554B": 1760711450.5637116,
    "../results/pref_l1/ipcp_isca2020/exp3_lru_drrip/605.mcf_s-1644B": 1760711450.5637116,
    "../results/pref_l1/ipcp_isca2020/exp3_lru_drrip/605.mcf_s-472B": 1760711450.5637116,
    "../results/pref_l1/ipcp_isca2020/exp3_lru_drrip/605.mcf_s-484B": 1760711450.5637116,
    "../results/pref_l1/ipcp_isca2020/exp3_lru_drrip/605.mcf_s-665B": 1760711450.5637116,
    "../results/pref_l1/ipcp_isca2020/exp3_lru_drrip/605.mcf_s-782B": 1760711450.5637116,
    "../results/pref_l1/ipcp_isca2020/exp3_lru_drrip/605.mcf_s-994B": 1760711450.5637116,
    "../results/pref_l1/ipcp_isca2020/exp3_lru_drrip/607.cactuBSSN_s-2421B": 1760711450.5637116,
    "../results/pref_l1/ipcp_isca2020/exp3_lru_drrip/607.cactuBSSN_s-3477B": 1760711450.5637116,
    "../results/pref_l1/ipcp_isca2020/exp3_lru_drrip/607.cactuBSSN_s-4004B": 1760711450.5637116,
    "../results/pref_l1/ipcp_isca2020/exp3_lru_drrip/619.lbm_s-2676B": 1760711450.5637116,
    "../results/pref_l1/ipcp_isca2020/exp3_lru_drrip/619.lbm_s-2677B": 1760711450.5637116,
    "../results/pref_l1/ipcp_isca2020/exp3_lru_drrip/619.lbm_s-3766B": 1760711450.5637116,
    "../results/pref_l1/ipcp_isca2020/exp3_lru_drrip/619.lbm_s-4268B": 1760711450.5637116,
    "../results/pref_l1/ipcp_isca2020/exp3_lru_drrip/620.omnetpp_s-141B": 1760711450.5637116,
    "../results/pref_l1/ipcp_isca2020/exp3_lru_drrip/620.omnetpp_s-874B": 1760711450.5637116,
    "../results/pref_l1/ipcp_isca2020/exp3_lru_drrip/621.wrf_s-6673B": 1760711450.5637116,
    "../results/pref_l1/ipcp_isca2020/exp3_lru_drrip/621.wrf_s-8065B": 1760711450.5637116,
    "../results/pref_l1/ipcp_isca2020/exp3_lru_drrip/623.xalancbmk_s-10B": 1760711450.5637116,
    "../results/pref_l1/ipcp_isca2020/exp3_lru_drrip/623.xalancbmk_s-165B": 1760711450.5637116,
    "../results/pref_l1/ipcp_isca2020/exp3_lru_drrip/623.xalancbmk_s-202B": 1760711450.5637116,
    "../results/pref_l1/ipcp_isca2020/exp3_lru_drrip/625.x264_s-20B": 1760711450.5637116,
    "../results/pref_l1/ipcp_isca2020/exp3_lru_drrip/627.cam4_s-490B": 1760711450.5637116,
    "../results/pref_l1/ipcp_isca2020/exp3_lru_drrip/628.pop2_s-17B": 1760711450.5637116,
    "../results/pref_l1/ipcp_isca2020/exp3_lru_drrip/649.fotonik3d_s-10881B": 1760711450.5637116,
    "../results/pref_l1/ipcp_isca2020/exp3_lru_drrip/649.fotonik3d_s-1176B": 1760711450.5637116,
    "../results/pref_l1/ipcp_isca2020/exp3_lru_drrip/649.fotonik3d_s-7084B": 1760711450.5637116,
    "../results/pref_l1/ipcp_isca2020/exp3_lru_drrip/649.fotonik3d_s-8225B": 1760711450.5637116,
    "../results/pref_l1/ipcp_isca2020/exp3_lru_drrip/654.roms_s-1007B": 1760711450.5647116,
    "../results/pref_l1/ipcp_isca2020/exp3_lru_drrip/654.roms_s-1070B": 1760711450.5647116,
    "../results/pref_l1/ipcp_isca2020/exp3_lru_drrip/654.roms_s-1390B": 1760711450.5647116,
    "../results/pref_l1/ipcp_isca2020/exp3_lru_drrip/654.roms_s-293B": 1760711450.5647116,
    "../results/pref_l1/ipcp_isca2020/exp3_lru_drrip/654.roms_s-294B": 1760711450.5647116,
    "../results/pref_l1/ipcp_isca2020/exp3_lru_drrip/654.roms_s-523B": 1760711450.5647116,
    "../results/pref_l1/ipcp_isca2020/exp3_lru_drrip/657.xz_s-2302B": 1760711450.5647116,
    "../results/pref_l1/ipcp_isca2020/exp4_lru_hawkeye/600.perlbench_s-570B": 1760711450.5647116,
    "../results/pref_l1/ipcp_isca2020/exp4_lru_hawkeye/602.gcc_s-1850B": 1760711450.5647116,
    "../results/pref_l1/ipcp_isca2020/exp4_lru_hawkeye/602.gcc_s-2226B": 1760711450.5647116,
    "../results/pref_l1/ipcp_isca2020/exp4_lru_hawkeye/602.gcc_s-734B": 1760711450.5647116,
    "../results/pref_l1/ipcp_isca2020/exp4_lru_hawkeye/603.bwaves_s-1740B": 1760711450.5647116,
    "../results/pref_l1/ipcp_isca2020/exp4_lru_hawkeye/603.bwaves_s-2609B": 1760711450.5647116,
    "../results/pref_l1/ipcp_isca2020/exp4_lru_hawkeye/603.bwaves_s-2931B": 1760711450.5647116,
    "../results/pref_l1/ipcp_isca2020/exp4_lru_hawkeye/603.bwaves_s-891B": 1760711450.5647116,
    "../results/pref_l1/ipcp_isca2020/exp4_lru_hawkeye/605.mcf_s-1152B": 1760711450.5647116,
    "../results/pref_l1/ipcp_isca2020/exp4_lru_hawkeye/605.mcf_s-1536B": 1760711450.5647116,
    "../results/pref_l1/ipcp_isca2020/exp4_lru_hawkeye/605.mcf_s-1554B": 1760711450.5647116,
    "../results/pref_l1/ipcp_isca2020/exp4_lru_hawkeye/605.mcf_s-1644B": 1760711450.5647116,
    "../results/pref_l1/ipcp_isca2020/exp4_lru_hawkeye/605.mcf_s-472B": 1760711450.5647116,
    "../results/pref_l1/ipcp_isca2020/exp4_lru_hawkeye/605.mcf_s-484B": 1760711450.5647116,
    "../results/pref_l1/ipcp_isca2020/exp4_lru_hawkeye/605.mcf_s-665B": 1760711450.5647116,
    "../results/pref_l1/ipcp_isca2020/exp4_lru_hawkeye/605.mcf_s-782B": 1760711450.5647116,
    "../results/pref_l1/ipcp_isca2020/exp4_lru_hawkeye/605.mcf_s-994B": 1760711450.5647116,
    "../results/pref_l1/ipcp_isca2020/exp4_lru_hawkeye/607.cactuBSSN_s-2421B": 1760711450.5647116,
    "../results/pref_l1/ipcp_isca2020/exp4_lru_hawkeye/607.cactuBSSN_s-3477B": 1760711450.5647116,
    "../results/pref_l1/ipcp_isca2020/exp4_lru_hawkeye/607.cactuBSSN_s-4004B": 1760711450.5647116,
    "../results/pref_l1/ipcp_isca2020/exp4_lru_hawkeye/619.lbm_s-2676B": 1760711450.5647116,
    "../results/pref_l1/ipcp_isca2020/exp4_lru_hawkeye/619.lbm_s-2677B": 1760711450.5647116,
    "../results/pref_l1/ipcp_isca2020/exp4_lru_hawkeye/619.lbm_s-3766B": 1760711450.5647116,
    "../results/pref_l1/ipcp_isca2020/exp4_lru_hawkeye/619.lbm_s-4268B": 1760711450.5647116,
    "../results/pref_l1/ipcp_isca2020/exp4_lru_hawkeye/620.omnetpp_s-141B": 1760711450.5647116,
    "../results/pref_l1/ipcp_isca2020/exp4_lru_hawkeye/620.omnetpp_s-874B": 1760711450.5647116,
    "../results/pref_l1/ipcp_isca2020/exp4_lru_hawkeye/621.wrf_s-6673B": 1760711450.5647116,
    "../results/pref_l1/ipcp_isca2020/exp4_lru_hawkeye/621.wrf_s-8065B": 1760711450.5647116,
    "../results/pref_l1/ipcp_isca2020/exp4_lru_hawkeye/623.xalancbmk_s-10B": 1760711450.5647116,
    "../results/pref_l1/ipcp_isca2020/exp4_lru_hawkeye/623.xalancbmk_s-165B": 1760711450.5647116,
    "../results/pref_l1/ipcp_isca2020/exp4_lru_hawkeye/623.xalancbmk_s-202B": 1760711450.5647116,
    "../results/pref_l1/ipcp_isca2020/exp4_lru_hawkeye/625.x264_s-20B": 1760711450.5647116,
    "../results/pref_l1/ipcp_isca2020/exp4_lru_hawkeye/627.cam4_s-490B": 1760711450.5647116,
    "../results/pref_l1/ipcp_isca2020/exp4_lru_hawkeye/628.pop2_s-17B": 1760711450.5647116,
    "../results/pref_l1/ipcp_isca2020/exp4_lru_hawkeye/649.fotonik3d_s-10881B": 1760711450.5647116,
    "../results/pref_l1/ipcp_isca2020/exp4_lru_hawkeye/649.fotonik3d_s-1176B": 1760711450.5657115,
    "../results/pref_l1/ipcp_isca2020/exp4_lru_hawkeye/649.fotonik3d_s-7084B": 1760711450.5657115,
    "../results/pref_l1/ipcp_isca2020/exp4_lru_hawkeye/649.fotonik3d_s-8225B": 1760711450.5657115,
    "../results/pref_l1/ipcp_isca2020/exp4_lru_hawkeye/654.roms_s-1007B": 1760711450.5657115,
    "../results/pref_l1/ipcp_isca2020/exp4_lru_hawkeye/654.roms_s-1070B": 1760711450.5657115,
    "../results/pref_l1/ipcp_isca2020/exp4_lru_hawkeye/654.roms_s-1390B": 1760711450.5657115,
    "../results/pref_l1/ipcp_isca2020/exp4_lru_hawkeye/654.roms_s-293B": 1760711450.5657115,
    "../results/pref_l1/ipcp_isca2020/exp4_lru_hawkeye/654.roms_s-294B": 1760711450.5657115,
    "../results/pref_l1/ipcp_isca2020/exp4_lru_hawkeye/654.roms_s-523B": 1760711450.5657115,
    "../results/pref_l1/ipcp_isca2020/exp4_lru_hawkeye/657.xz_s-2302B": 1760711450.5657115,
    "../results/pref_l1/ipcp_isca2020/exp2_lru_srrip/600.perlbench_s-570B": 1760711450.5627115,
    "../results/pref_l1/ipcp_isca2020/exp2_lru_srrip/602.gcc_s-1850B": 1760711450.5627115,
    "../results/pref_l1/ipcp_isca2020/exp2_lru_srrip/602.gcc_s-2226B": 1760711450.5627115,
    "../results/pref_l1/ipcp_isca2020/exp2_lru_srrip/602.gcc_s-734B": 1760711450.5627115,
    "../results/pref_l1/ipcp_isca2020/exp2_lru_srrip/603.bwaves_s-1740B": 1760711450.5627115,
    "../results/pref_l1/ipcp_isca2020/exp2_lru_srrip/603.bwaves_s-2609B": 1760711450.5627115,
    "../results/pref_l1/ipcp_isca2020/exp2_lru_srrip/603.bwaves_s-2931B": 1760711450.5627115,
    "../results/pref_l1/ipcp_isca2020/exp2_lru_srrip/603.bwaves_s-891B": 1760711450.5627115,
    "../results/pref_l1/ipcp_isca2020/exp2_lru_srrip/605.mcf_s-1152B": 1760711450.5627115,
    "../results/pref_l1/ipcp_isca2020/exp2_lru_srrip/605.mcf_s-1536B": 1760711450.5627115,
    "../results/pref_l1/ipcp_isca2020/exp2_lru_srrip/605.mcf_s-1554B": 1760711450.5627115,
    "../results/pref_l1/ipcp_isca2020/exp2_lru_srrip/605.mcf_s-1644B": 1760711450.5627115,
    "../results/pref_l1/ipcp_isca2020/exp2_lru_srrip/605.mcf_s-472B": 1760711450.5627115,
    "../results/pref_l1/ipcp_isca2020/exp2_lru_srrip/605.mcf_s-484B": 1760711450.5627115,
    "../results/pref_l1/ipcp_isca2020/exp2_lru_srrip/605.mcf_s-665B": 1760711450.5627115,
    "../results/pref_l1/ipcp_isca2020/exp2_lru_srrip/605.mcf_s-782B": 1760711450.5627115,
    "../results/pref_l1/ipcp_isca2020/exp2_lru_srrip/605.mcf_s-994B": 1760711450.5627115,
    "../results/pref_l1/ipcp_isca2020/exp2_lru_srrip/607.cactuBSSN_s-2421B": 1760711450.5627115,
    "../results/pref_l1/ipcp_isca2020/exp2_lru_srrip/607.cactuBSSN_s-3477B": 1760711450.5627115,
    "../results/pref_l1/ipcp_isca2020/exp2_lru_srrip/607.cactuBSSN_s-4004B": 1760711450.5627115,
    "../results/pref_l1/ipcp_isca2020/exp2_lru_srrip/619.lbm_s-2676B": 1760711450.5627115,
    "../results/pref_l1/ipcp_isca2020/exp2_lru_srrip/619.lbm_s-2677B": 1760711450.5627115,
    "../results/pref_l1/ipcp_isca2020/exp2_lru_srrip/619.lbm_s-3766B": 1760711450.5627115,
    "../results/pref_l1/ipcp_isca2020/exp2_lru_srrip/619.lbm_s-4268B": 1760711450.5627115,
    "../results/pref_l1/ipcp_isca2020/exp2_lru_srrip/620.omnetpp_s-141B": 1760711450.5627115,
    "../results/pref_l1/ipcp_isca2020/exp2_lru_srrip/620.omnetpp_s-874B": 1760711450.5627115,
    "../results/pref_l1/ipcp_isca2020/exp2_lru_srrip/621.wrf_s-6673B": 1760711450.5627115,
    "../results/pref_l1/ipcp_isca2020/exp2_lru_srrip/621.wrf_s-8065B": 1760711450.5627115,
    "../results/pref_l1/ipcp_isca2020/exp2_lru_srrip/623.xalancbmk_s-10B": 1760711450.5627115,
    "../results/pref_l1/ipcp_isca2020/exp2_lru_srrip/623.xalancbmk_s-165B": 1760711450.5627115,
    "../results/pref_l1/ipcp_isca2020/exp2_lru_srrip/623.xalancbmk_s-202B": 1760711450.5627115,
    "../results/pref_l1/ipcp_isca2020/exp2_lru_srrip/625.x264_s-20B": 1760711450.5627115,
    "../results/pref_l1/ipcp_isca2020/exp2_lru_srrip/627.cam4_s-490B": 1760711450.5627115,
    "../results/pref_l1/ipcp_isca2020/exp2_lru_srrip/628.pop2_s-17B": 1760711450.5627115,
    "../results/pref_l1/ipcp_isca2020/exp2_lru_srrip/649.fotonik3d_s-10881B": 1760711450.5627115,
    "../results/pref_l1/ipcp_isca2020/exp2_lru_srrip/649.fotonik3d_s-1176B": 1760711450.5627115,
    "../results/pref_l1/ipcp_isca2020/exp2_lru_srrip/649.fotonik3d_s-7084B": 1760711450.5627115,
    "../results/pref_l1/ipcp_isca2020/exp2_lru_srrip/649.fotonik3d_s-8225B": 1760711450.5627115,
    "../results/pref_l1/ipcp_isca2020/exp2_lru_srrip/654.roms_s-1007B": 1760711450.5627115,
    "../results/pref_l1/ipcp_isca2020/exp2_lru_srrip/654.roms_s-1070B": 1760711450.5627115,
    "../results/pref_l1/ipcp_isca2020/exp2_lru_srrip/654.roms_s-1390B": 1760711450.5627115,
    "../results/pref_l1/ipcp_isca2020/exp2_lru_srrip/654.roms_s-293B": 1760711450.5627115,
    "../results/pref_l1/ipcp_isca2020/exp2_lru_srrip/654.roms_s-294B": 1760711450.5627115,
    "../results/pref_l1/ipcp_isca2020/exp2_lru_srrip/654.roms_s-523B": 1760711450.5637116,
    "../results/pref_l1/ipcp_isca2020/exp2_lru_srrip/657.xz_s-2302B": 1760711450.5637116,
    "../results/pref_l1/ipcp_isca2020/exp5_lru_ship/600.perlbench_s-570B": 1760711450.5657115,
    "../results/pref_l1/ipcp_isca2020/exp5_lru_ship/602.gcc_s-1850B": 1760711450.5657115,
    "../results/pref_l1/ipcp_isca2020/exp5_lru_ship/602.gcc_s-2226B": 1760711450.5657115,
    "../results/pref_l1/ipcp_isca2020/exp5_lru_ship/602.gcc_s-734B": 1760711450.5657115,
    "../results/pref_l1/ipcp_isca2020/exp5_lru_ship/603.bwaves_s-1740B": 1760711450.5657115,
    "../results/pref_l1/ipcp_isca2020/exp5_lru_ship/603.bwaves_s-2609B": 1760711450.5657115,
    "../results/pref_l1/ipcp_isca2020/exp5_lru_ship/603.bwaves_s-2931B": 1760711450.5657115,
    "../results/pref_l1/ipcp_isca2020/exp5_lru_ship/603.bwaves_s-891B": 1760711450.5657115,
    "../results/pref_l1/ipcp_isca2020/exp5_lru_ship/605.mcf_s-1152B": 1760711450.5657115,
    "../results/pref_l1/ipcp_isca2020/exp5_lru_ship/605.mcf_s-1536B": 1760711450.5657115,
    "../results/pref_l1/ipcp_isca2020/exp5_lru_ship/605.mcf_s-1554B": 1760711450.5657115,
    "../results/pref_l1/ipcp_isca2020/exp5_lru_ship/605.mcf_s-1644B": 1760711450.5657115,
    "../results/pref_l1/ipcp_isca2020/exp5_lru_ship/605.mcf_s-472B": 1760711450.5657115,
    "../results/pref_l1/ipcp_isca2020/exp5_lru_ship/605.mcf_s-484B": 1760711450.5657115,
    "../results/pref_l1/ipcp_isca2020/exp5_lru_ship/605.mcf_s-665B": 1760711450.5657115,
    "../results/pref_l1/ipcp_isca2020/exp5_lru_ship/605.mcf_s-782B": 1760711450.5657115,
    "../results/pref_l1/ipcp_isca2020/exp5_lru_ship/605.mcf_s-994B": 1760711450.5657115,
    "../results/pref_l1/ipcp_isca2020/exp5_lru_ship/607.cactuBSSN_s-2421B": 1760711450.5657115,
    "../results/pref_l1/ipcp_isca2020/exp5_lru_ship/607.cactuBSSN_s-3477B": 1760711450.5657115,
    "../results/pref_l1/ipcp_isca2020/exp5_lru_ship/607.cactuBSSN_s-4004B": 1760711450.5657115,
    "../results/pref_l1/ipcp_isca2020/exp5_lru_ship/619.lbm_s-2676B": 1760711450.5657115,
    "../results/pref_l1/ipcp_isca2020/exp5_lru_ship/619.lbm_s-2677B": 1760711450.5657115,
    "../results/pref_l1/ipcp_isca2020/exp5_lru_ship/619.lbm_s-3766B": 1760711450.5657115,
    "../results/pref_l1/ipcp_isca2020/exp5_lru_ship/619.lbm_s-4268B": 1760711450.5667117,
    "../results/pref_l1/ipcp_isca2020/exp5_lru_ship/620.omnetpp_s-141B": 1760711450.5667117,
    "../results/pref_l1/ipcp_isca2020/exp5_lru_ship/620.omnetpp_s-874B": 1760711450.5667117,
    "../results/pref_l1/ipcp_isca2020/exp5_lru_ship/621.wrf_s-6673B": 1760711450.5667117,
    "../results/pref_l1/ipcp_isca2020/exp5_lru_ship/621.wrf_s-8065B": 1760711450.5667117,
    "../results/pref_l1/ipcp_isca2020/exp5_lru_ship/623.xalancbmk_s-10B": 1760711450.5667117,
    "../results/pref_l1/ipcp_isca2020/exp5_lru_ship/623.xalancbmk_s-165B": 1760711450.5667117,
    "../results/pref_l1/ipcp_isca2020/exp5_lru_ship/623.xalancbmk_s-202B": 1760711450.5667117,
    "../results/pref_l1/ipcp_isca2020/exp5_lru_ship/625.x264_s-20B": 1760711450.5667117,
    "../results/pref_l1/ipcp_isca2020/exp5_lru_ship/627.cam4_s-490B": 1760711450.5667117,
    "../results/pref_l1/ipcp_isca2020/exp5_lru_ship/628.pop2_s-17B": 1760711450.5667117,
    "../results/pref_l1/ipcp_isca2020/exp5_lru_ship/649.fotonik3d_s-10881B": 1760711450.5667117,
    "../results/pref_l1/ipcp_isca2020/exp5_lru_ship/649.fotonik3d_s-1176B": 1760711450.5667117,
    "../results/pref_l1/ipcp_isca2020/exp5_lru_ship/649.fotonik3d_s-7084B": 1760711450.5667117,
    "../results/pref_l1/ipcp_isca2020/exp5_lru_ship/649.fotonik3d_s-8225B": 1760711450.5667117,
    "../results/pref_l1/ipcp_isca2020/exp5_lru_ship/654.roms_s-1007B": 1760711450.5667117,
    "../results/pref_l1/ipcp_isca2020/exp5_lru_ship/654.roms_s-1070B": 1760711450.5667117,
    "../results/pref_l1/ipcp_isca2020/exp5_lru_ship/654.roms_s-1390B": 1760711450.5667117,
    "../results/pref_l1/ipcp_isca2020/exp5_lru_ship/654.roms_s-293B": 1760711450.5667117,
    "../results/pref_l1/ipcp_isca2020/exp5_lru_ship/654.roms_s-294B": 1760711450.5667117,
    "../results/pref_l1/ipcp_isca2020/exp5_lru_ship/654.roms_s-523B": 1760711450.5667117,
    "../results/pref_l1/ipcp_isca2020/exp5_lru_ship/657.xz_s-2302B": 1760711450.5667117,
    "../results/pref_l1/ipcp_isca2020/exp9_srrip_srrip/600.perlbench_s-570B": 1760711450.5707116,
    "../results/pref_l1/ipcp_isca2020/exp9_srrip_srrip/602.gcc_s-1850B": 1760711450.5707116,
    "../results/pref_l1/ipcp_isca2020/exp9_srrip_srrip/602.gcc_s-2226B": 1760711450.5707116,
    "../results/pref_l1/ipcp_isca2020/exp9_srrip_srrip/602.gcc_s-734B": 1760711450.5707116,
    "../results/pref_l1/ipcp_isca2020/exp9_srrip_srrip/603.bwaves_s-1740B": 1760711450.5707116,
    "../results/pref_l1/ipcp_isca2020/exp9_srrip_srrip/603.bwaves_s-2609B": 1760711450.5707116,
    "../results/pref_l1/ipcp_isca2020/exp9_srrip_srrip/603.bwaves_s-2931B": 1760711450.5707116,
    "../results/pref_l1/ipcp_isca2020/exp9_srrip_srrip/603.bwaves_s-891B": 1760711450.5707116,
    "../results/pref_l1/ipcp_isca2020/exp9_srrip_srrip/605.mcf_s-1152B": 1760711450.5707116,
    "../results/pref_l1/ipcp_isca2020/exp9_srrip_srrip/605.mcf_s-1536B": 1760711450.5707116,
    "../results/pref_l1/ipcp_isca2020/exp9_srrip_srrip/605.mcf_s-1554B": 1760711450.5707116,
    "../results/pref_l1/ipcp_isca2020/exp9_srrip_srrip/605.mcf_s-1644B": 1760711450.5707116,
    "../results/pref_l1/ipcp_isca2020/exp9_srrip_srrip/605.mcf_s-472B": 1760711450.5707116,
    "../results/pref_l1/ipcp_isca2020/exp9_srrip_srrip/605.mcf_s-484B": 1760711450.5707116,
    "../results/pref_l1/ipcp_isca2020/exp9_srrip_srrip/605.mcf_s-665B": 1760711450.5707116,
    "../results/pref_l1/ipcp_isca2020/exp9_srrip_srrip/605.mcf_s-782B": 1760711450.5707116,
    "../results/pref_l1/ipcp_isca2020/exp9_srrip_srrip/605.mcf_s-994B": 1760711450.5707116,
    "../results/pref_l1/ipcp_isca2020/exp9_srrip_srrip/607.cactuBSSN_s-2421B": 1760711450.5707116,
    "../results/pref_l1/ipcp_isca2020/exp9_srrip_srrip/607.cactuBSSN_s-3477B": 1760711450.5707116,
    "../results/pref_l1/ipcp_isca2020/exp9_srrip_srrip/607.cactuBSSN_s-4004B": 1760711450.5707116,
    "../results/pref_l1/ipcp_isca2020/exp9_srrip_srrip/619.lbm_s-2676B": 1760711450.5707116,
    "../results/pref_l1/ipcp_isca2020/exp9_srrip_srrip/619.lbm_s-2677B": 1760711450.5707116,
    "../results/pref_l1/ipcp_isca2020/exp9_srrip_srrip/619.lbm_s-3766B": 1760711450.5707116,
    "../results/pref_l1/ipcp_isca2020/exp9_srrip_srrip/619.lbm_s-4268B": 1760711450.5707116,
    "../results/pref_l1/ipcp_isca2020/exp9_srrip_srrip/620.omnetpp_s-141B": 1760711450.5707116,
    "../results/pref_l1/ipcp_isca2020/exp9_srrip_srrip/620.omnetpp_s-874B": 1760711450.5707116,
    "../results/pref_l1/ipcp_isca2020/exp9_srrip_srrip/621.wrf_s-6673B": 1760711450.5707116,
    "../results/pref_l1/ipcp_isca2020/exp9_srrip_srrip/621.wrf_s-8065B": 1760711450.5707116,
    "../results/pref_l1/ipcp_isca2020/exp9_srrip_srrip/623.xalancbmk_s-10B": 1760711450.5707116,
    "../results/pref_l1/ipcp_isca2020/exp9_srrip_srrip/623.xalancbmk_s-165B": 1760711450.5707116,
    "../results/pref_l1/ipcp_isca2020/exp9_srrip_srrip/623.xalancbmk_s-202B": 1760711450.5707116,
    "../results/pref_l1/ipcp_isca2020/exp9_srrip_srrip/625.x264_s-20B": 1760711450.5707116,
    "../results/pref_l1/ipcp_isca2020/exp9_srrip_srrip/627.cam4_s-490B": 1760711450.5707116,
    "../results/pref_l1/ipcp_isca2020/exp9_srrip_srrip/628.pop2_s-17B": 1760711450.5707116,
    "../results/pref_l1/ipcp_isca2020/exp9_srrip_srrip/649.fotonik3d_s-10881B": 1760711450.5707116,
    "../results/pref_l1/ipcp_isca2020/exp9_srrip_srrip/649.fotonik3d_s-1176B": 1760711450.5707116,
    "../results/pref_l1/ipcp_isca2020/exp9_srrip_srrip/649.fotonik3d_s-7084B": 1760711450.5707116,
    "../results/pref_l1/ipcp_isca2020/exp9_srrip_srrip/649.fotonik3d_s-8225B": 1760711450.5717115,
    "../results/pref_l1/ipcp_isca2020/exp9_srrip_srrip/654.roms_s-1007B": 1760711450.5717115,
    "../results/pref_l1/ipcp_isca2020/exp9_srrip_srrip/654.roms_s-1070B": 1760711450.5717115,
    "../results/pref_l1/ipcp_isca2020/exp9_srrip_srrip/654.roms_s-1390B": 1760711450.5717115,
    "../results/pref_l1/ipcp_isca2020/exp9_srrip_srrip/654.roms_s-293B": 1760711450.5717115,
    "../results/pref_l1/ipcp_isca2020/exp9_srrip_srrip/654.roms_s-294B": 1760711450.5717115,
    "../results/pref_l1/ipcp_isca2020/exp9_srrip_srrip/654.roms_s-523B": 1760711450.5717115,
    "../results/pref_l1/ipcp_isca2020/exp9_srrip_srrip/657.xz_s-2302B": 1760711450.5717115,
    "../results/pref_l1/ipcp_isca2020/exp8_srrip_lru/600.perlbench_s-570B": 1760711450.5697117,
    "../results/pref_l1/ipcp_isca2020/exp8_srrip_lru/602.gcc_s-1850B": 1760711450.5697117,
    "../results/pref_l1/ipcp_isca2020/exp8_srrip_lru/602.gcc_s-2226B": 1760711450.5697117,
    "../results/pref_l1/ipcp_isca2020/exp8_srrip_lru/602.gcc_s-734B": 1760711450.5697117,
    "../results/pref_l1/ipcp_isca2020/exp8_srrip_lru/603.bwaves_s-1740B": 1760711450.5697117,
    "../results/pref_l1/ipcp_isca2020/exp8_srrip_lru/603.bwaves_s-2609B": 1760711450.5697117,
    "../results/pref_l1/ipcp_isca2020/exp8_srrip_lru/603.bwaves_s-2931B": 1760711450.5697117,
    "../results/pref_l1/ipcp_isca2020/exp8_srrip_lru/603.bwaves_s-891B": 1760711450.5697117,
    "../results/pref_l1/ipcp_isca2020/exp8_srrip_lru/605.mcf_s-1152B": 1760711450.5697117,
    "../results/pref_l1/ipcp_isca2020/exp8_srrip_lru/605.mcf_s-1536B": 1760711450.5697117,
    "../results/pref_l1/ipcp_isca2020/exp8_srrip_lru/605.mcf_s-1554B": 1760711450.5697117,
    "../results/pref_l1/ipcp_isca2020/exp8_srrip_lru/605.mcf_s-1644B": 1760711450.5697117,
    "../results/pref_l1/ipcp_isca2020/exp8_srrip_lru/605.mcf_s-472B": 1760711450.5697117,
    "../results/pref_l1/ipcp_isca2020/exp8_srrip_lru/605.mcf_s-484B": 1760711450.5697117,
    "../results/pref_l1/ipcp_isca2020/exp8_srrip_lru/605.mcf_s-665B": 1760711450.5697117,
    "../results/pref_l1/ipcp_isca2020/exp8_srrip_lru/605.mcf_s-782B": 1760711450.5697117,
    "../results/pref_l1/ipcp_isca2020/exp8_srrip_lru/605.mcf_s-994B": 1760711450.5697117,
    "../results/pref_l1/ipcp_isca2020/exp8_srrip_lru/607.cactuBSSN_s-2421B": 1760711450.5697117,
    "../results/pref_l1/ipcp_isca2020/exp8_srrip_lru/607.cactuBSSN_s-3477B": 1760711450.5697117,
    "../results/pref_l1/ipcp_isca2020/exp8_srrip_lru/607.cactuBSSN_s-4004B": 1760711450.5697117,
    "../results/pref_l1/ipcp_isca2020/exp8_srrip_lru/619.lbm_s-2676B": 1760711450.5697117,
    "../results/pref_l1/ipcp_isca2020/exp8_srrip_lru/619.lbm_s-2677B": 1760711450.5697117,
    "../results/pref_l1/ipcp_isca2020/exp8_srrip_lru/619.lbm_s-3766B": 1760711450.5697117,
    "../results/pref_l1/ipcp_isca2020/exp8_srrip_lru/619.lbm_s-4268B": 1760711450.5697117,
    "../results/pref_l1/ipcp_isca2020/exp8_srrip_lru/620.omnetpp_s-141B": 1760711450.5697117,
    "../results/pref_l1/ipcp_isca2020/exp8_srrip_lru/620.omnetpp_s-874B": 1760711450.5697117,
    "../results/pref_l1/ipcp_isca2020/exp8_srrip_lru/621.wrf_s-6673B": 1760711450.5697117,
    "../results/pref_l1/ipcp_isca2020/exp8_srrip_lru/621.wrf_s-8065B": 1760711450.5697117,
    "../results/pref_l1/ipcp_isca2020/exp8_srrip_lru/623.xalancbmk_s-10B": 1760711450.5697117,
    "../results/pref_l1/ipcp_isca2020/exp8_srrip_lru/623.xalancbmk_s-165B": 1760711450.5697117,
    "../results/pref_l1/ipcp_isca2020/exp8_srrip_lru/623.xalancbmk_s-202B": 1760711450.5697117,
    "../results/pref_l1/ipcp_isca2020/exp8_srrip_lru/625.x264_s-20B": 1760711450.5697117,
    "../results/pref_l1/ipcp_isca2020/exp8_srrip_lru/627.cam4_s-490B": 1760711450.5697117,
    "../results/pref_l1/ipcp_isca2020/exp8_srrip_lru/628.pop2_s-17B": 1760711450.5697117,
    "../results/pref_l1/ipcp_isca2020/exp8_srrip_lru/649.fotonik3d_s-10881B": 1760711450.5697117,
    "../results/pref_l1/ipcp_isca2020/exp8_srrip_lru/649.fotonik3d_s-1176B": 1760711450.5697117,
    "../results/pref_l1/ipcp_isca2020/exp8_srrip_lru/649.fotonik3d_s-7084B": 1760711450.5697117,
    "../results/pref_l1/ipcp_isca2020/exp8_srrip_lru/649.fotonik3d_s-8225B": 1760711450.5697117,
    "../results/pref_l1/ipcp_isca2020/exp8_srrip_lru/654.roms_s-1007B": 1760711450.5697117,
    "../results/pref_l1/ipcp_isca2020/exp8_srrip_lru/654.roms_s-1070B": 1760711450.5707116,
    "../results/pref_l1/ipcp_isca2020/exp8_srrip_lru/654.roms_s-1390B": 1760711450.5707116,
    "../results/pref_l1/ipcp_isca2020/exp8_srrip_lru/654.roms_s-293B": 1760711450.5707116,
    "../results/pref_l1/ipcp_isca2020/exp8_srrip_lru/654.roms_s-294B": 1760711450.5707116,
    "../results/pref_l1/ipcp_isca2020/exp8_srrip_lru/654.roms_s-523B": 1760711450.5707116,
    "../results/pref_l1/ipcp_isca2020/exp8_srrip_lru/657.xz_s-2302B": 1760711450.5707116,
    "../results/pref_l1/ipcp_isca2020/exp6_lru_ship++/600.perlbench_s-570B": 1760711450.5667117,
    "../results/pref_l1/ipcp_isca2020/exp6_lru_ship++/602.gcc_s-1850B": 1760711450.5667117,
    "../results/pref_l1/ipcp_isca2020/exp6_lru_ship++/602.gcc_s-2226B": 1760711450.5667117,
    "../results/pref_l1/ipcp_isca2020/exp6_lru_ship++/602.gcc_s-734B": 1760711450.5667117,
    "../results/pref_l1/ipcp_isca2020/exp6_lru_ship++/603.bwaves_s-1740B": 1760711450.5667117,
    "../results/pref_l1/ipcp_isca2020/exp6_lru_ship++/603.bwaves_s-2609B": 1760711450.5667117,
    "../results/pref_l1/ipcp_isca2020/exp6_lru_ship++/603.bwaves_s-2931B": 1760711450.5667117,
    "../results/pref_l1/ipcp_isca2020/exp6_lru_ship++/603.bwaves_s-891B": 1760711450.5667117,
    "../results/pref_l1/ipcp_isca2020/exp6_lru_ship++/605.mcf_s-1152B": 1760711450.5667117,
    "../results/pref_l1/ipcp_isca2020/exp6_lru_ship++/605.mcf_s-1536B": 1760711450.5667117,
    "../results/pref_l1/ipcp_isca2020/exp6_lru_ship++/605.mcf_s-1554B": 1760711450.5667117,
    "../results/pref_l1/ipcp_isca2020/exp6_lru_ship++/605.mcf_s-1644B": 1760711450.5667117,
    "../results/pref_l1/ipcp_isca2020/exp6_lru_ship++/605.mcf_s-472B": 1760711450.5677116,
    "../results/pref_l1/ipcp_isca2020/exp6_lru_ship++/605.mcf_s-484B": 1760711450.5677116,
    "../results/pref_l1/ipcp_isca2020/exp6_lru_ship++/605.mcf_s-665B": 1760711450.5677116,
    "../results/pref_l1/ipcp_isca2020/exp6_lru_ship++/605.mcf_s-782B": 1760711450.5677116,
    "../results/pref_l1/ipcp_isca2020/exp6_lru_ship++/605.mcf_s-994B": 1760711450.5677116,
    "../results/pref_l1/ipcp_isca2020/exp6_lru_ship++/607.cactuBSSN_s-2421B": 1760711450.5677116,
    "../results/pref_l1/ipcp_isca2020/exp6_lru_ship++/607.cactuBSSN_s-3477B": 1760711450.5677116,
    "../results/pref_l1/ipcp_isca2020/exp6_lru_ship++/607.cactuBSSN_s-4004B": 1760711450.5677116,
    "../results/pref_l1/ipcp_isca2020/exp6_lru_ship++/619.lbm_s-2676B": 1760711450.5677116,
    "../results/pref_l1/ipcp_isca2020/exp6_lru_ship++/619.lbm_s-2677B": 1760711450.5677116,
    "../results/pref_l1/ipcp_isca2020/exp6_lru_ship++/619.lbm_s-3766B": 1760711450.5677116,
    "../results/pref_l1/ipcp_isca2020/exp6_lru_ship++/619.lbm_s-4268B": 1760711450.5677116,
    "../results/pref_l1/ipcp_isca2020/exp6_lru_ship++/620.omnetpp_s-141B": 1760711450.5677116,
    "../results/pref_l1/ipcp_isca2020/exp6_lru_ship++/620.omnetpp_s-874B": 1760711450.5677116,
    "../results/pref_l1/ipcp_isca2020/exp6_lru_ship++/621.wrf_s-6673B": 1760711450.5677116,
    "../results/pref_l1/ipcp_isca2020/exp6_lru_ship++/621.wrf_s-8065B": 1760711450.5677116,
    "../results/pref_l1/ipcp_isca2020/exp6_lru_ship++/623.xalancbmk_s-10B": 1760711450.5677116,
    "../results/pref_l1/ipcp_isca2020/exp6_lru_ship++/623.xalancbmk_s-165B": 1760711450.5677116,
    "../results/pref_l1/ipcp_isca2020/exp6_lru_ship++/623.xalancbmk_s-202B": 1760711450.5677116,
    "../results/pref_l1/ipcp_isca2020/exp6_lru_ship++/625.x264_s-20B": 1760711450.5677116,
    "../results/pref_l1/ipcp_isca2020/exp6_lru_ship++/627.cam4_s-490B": 1760711450.5677116,
    "../results/pref_l1/ipcp_isca2020/exp6_lru_ship++/628.pop2_s-17B": 1760711450.5677116,
    "../results/pref_l1/ipcp_isca2020/exp6_lru_ship++/649.fotonik3d_s-10881B": 1760711450.5677116,
    "../results/pref_l1/ipcp_isca2020/exp6_lru_ship++/649.fotonik3d_s-1176B": 1760711450.5677116,
    "../results/pref_l1/ipcp_isca2020/exp6_lru_ship++/649.fotonik3d_s-7084B": 1760711450.5677116,
    "../results/pref_l1/ipcp_isca2020/exp6_lru_ship++/649.fotonik3d_s-8225B": 1760711450.5677116,
    "../results/pref_l1/ipcp_isca2020/exp6_lru_ship++/654.roms_s-1007B": 1760711450.5677116,
    "../results/pref_l1/ipcp_isca2020/exp6_lru_ship++/654.roms_s-1070B": 1760711450.5677116,
    "../results/pref_l1/ipcp_isca2020/exp6_lru_ship++/654.roms_s-1390B": 1760711450.5677116,
    "../results/pref_l1/ipcp_isca2020/exp6_lru_ship++/654.roms_s-293B": 1760711450.5677116,
    "../results/pref_l1/ipcp_isca2020/exp6_lru_ship++/654.roms_s-294B": 1760711450.5677116,
    "../results/pref_l1/ipcp_isca2020/exp6_lru_ship++/654.roms_s-523B": 1760711450.5677116,
    "../results/pref_l1/ipcp_isca2020/exp6_lru_ship++/657.xz_s-2302B": 1760711450.5677116,
    "../results/pref_l1/ipcp_isca2020/exp7_lru_mockingjay/600.perlbench_s-570B": 1760711450.5677116,
    "../results/pref_l1/ipcp_isca2020/exp7_lru_mockingjay/602.gcc_s-1850B": 1760711450.5677116,
    "../results/pref_l1/ipcp_isca2020/exp7_lru_mockingjay/602.gcc_s-2226B": 1760711450.5677116,
    "../results/pref_l1/ipcp_isca2020/exp7_lru_mockingjay/602.gcc_s-734B": 1760711450.5677116,
    "../results/pref_l1/ipcp_isca2020/exp7_lru_mockingjay/603.bwaves_s-1740B": 1760711450.5677116,
    "../results/pref_l1/ipcp_isca2020/exp7_lru_mockingjay/603.bwaves_s-2609B": 1760711450.5677116,
    "../results/pref_l1/ipcp_isca2020/exp7_lru_mockingjay/603.bwaves_s-2931B": 1760711450.5677116,
    "../results/pref_l1/ipcp_isca2020/exp7_lru_mockingjay/603.bwaves_s-891B": 1760711450.5677116,
    "../results/pref_l1/ipcp_isca2020/exp7_lru_mockingjay/605.mcf_s-1152B": 1760711450.5677116,
    "../results/pref_l1/ipcp_isca2020/exp7_lru_mockingjay/605.mcf_s-1536B": 1760711450.5687115,
    "../results/pref_l1/ipcp_isca2020/exp7_lru_mockingjay/605.mcf_s-1554B": 1760711450.5687115,
    "../results/pref_l1/ipcp_isca2020/exp7_lru_mockingjay/605.mcf_s-1644B": 1760711450.5687115,
    "../results/pref_l1/ipcp_isca2020/exp7_lru_mockingjay/605.mcf_s-472B": 1760711450.5687115,
    "../results/pref_l1/ipcp_isca2020/exp7_lru_mockingjay/605.mcf_s-484B": 1760711450.5687115,
    "../results/pref_l1/ipcp_isca2020/exp7_lru_mockingjay/605.mcf_s-665B": 1760711450.5687115,
    "../results/pref_l1/ipcp_isca2020/exp7_lru_mockingjay/605.mcf_s-782B": 1760711450.5687115,
    "../results/pref_l1/ipcp_isca2020/exp7_lru_mockingjay/605.mcf_s-994B": 1760711450.5687115,
    "../results/pref_l1/ipcp_isca2020/exp7_lru_mockingjay/607.cactuBSSN_s-2421B": 1760711450.5687115,
    "../results/pref_l1/ipcp_isca2020/exp7_lru_mockingjay/607.cactuBSSN_s-3477B": 1760711450.5687115,
    "../results/pref_l1/ipcp_isca2020/exp7_lru_mockingjay/607.cactuBSSN_s-4004B": 1760711450.5687115,
    "../results/pref_l1/ipcp_isca2020/exp7_lru_mockingjay/619.lbm_s-2676B": 1760711450.5687115,
    "../results/pref_l1/ipcp_isca2020/exp7_lru_mockingjay/619.lbm_s-2677B": 1760711450.5687115,
    "../results/pref_l1/ipcp_isca2020/exp7_lru_mockingjay/619.lbm_s-3766B": 1760711450.5687115,
    "../results/pref_l1/ipcp_isca2020/exp7_lru_mockingjay/619.lbm_s-4268B": 1760711450.5687115,
    "../results/pref_l1/ipcp_isca2020/exp7_lru_mockingjay/620.omnetpp_s-141B": 1760711450.5687115,
    "../results/pref_l1/ipcp_isca2020/exp7_lru_mockingjay/620.omnetpp_s-874B": 1760711450.5687115,
    "../results/pref_l1/ipcp_isca2020/exp7_lru_mockingjay/621.wrf_s-6673B": 1760711450.5687115,
    "../results/pref_l1/ipcp_isca2020/exp7_lru_mockingjay/621.wrf_s-8065B": 1760711450.5687115,
    "../results/pref_l1/ipcp_isca2020/exp7_lru_mockingjay/623.xalancbmk_s-10B": 1760711450.5687115,
    "../results/pref_l1/ipcp_isca2020/exp7_lru_mockingjay/623.xalancbmk_s-165B": 1760711450.5687115,
    "../results/pref_l1/ipcp_isca2020/exp7_lru_mockingjay/623.xalancbmk_s-202B": 1760711450.5687115,
    "../results/pref_l1/ipcp_isca2020/exp7_lru_mockingjay/625.x264_s-20B": 1760711450.5687115,
    "../results/pref_l1/ipcp_isca2020/exp7_lru_mockingjay/627.cam4_s-490B": 1760711450.5687115,
    "../results/pref_l1/ipcp_isca2020/exp7_lru_mockingjay/628.pop2_s-17B": 1760711450.5687115,
    "../results/pref_l1/ipcp_isca2020/exp7_lru_mockingjay/649.fotonik3d_s-10881B": 1760711450.5687115,
    "../results/pref_l1/ipcp_isca2020/exp7_lru_mockingjay/649.fotonik3d_s-1176B": 1760711450.5687115,
    "../results/pref_l1/ipcp_isca2020/exp7_lru_mockingjay/649.fotonik3d_s-7084B": 1760711450.5687115,
    "../results/pref_l1/ipcp_isca2020/exp7_lru_mockingjay/649.fotonik3d_s-8225B": 1760711450.5687115,
    "../results/pref_l1/ipcp_isca2020/exp7_lru_mockingjay/654.roms_s-1007B": 1760711450.5687115,
    "../results/pref_l1/ipcp_isca2020/exp7_lru_mockingjay/654.roms_s-1070B": 1760711450.5687115,
    "../results/pref_l1/ipcp_isca2020/exp7_lru_mockingjay/654.roms_s-1390B": 1760711450.5687115,
    "../results/pref_l1/ipcp_isca2020/exp7_lru_mockingjay/654.roms_s-293B": 1760711450.5687115,
    "../results/pref_l1/ipcp_isca2020/exp7_lru_mockingjay/654.roms_s-294B": 1760711450.5687115,
    "../results/pref_l1/ipcp_isca2020/exp7_lru_mockingjay/654.roms_s-523B": 1760711450.5687115,
    "../results/pref_l1/ipcp_isca2020/exp7_lru_mockingjay/657.xz_s-2302B": 1760711450.5697117,
    "../results/pref_l1/ipcp_isca2020/exp10_srrip_drrip/600.perlbench_s-570B": 1760711450.5547113,
    "../results/pref_l1/ipcp_isca2020/exp10_srrip_drrip/602.gcc_s-1850B": 1760711450.5547113,
    "../results/pref_l1/ipcp_isca2020/exp10_srrip_drrip/602.gcc_s-2226B": 1760711450.5547113,
    "../results/pref_l1/ipcp_isca2020/exp10_srrip_drrip/602.gcc_s-734B": 1760711450.5547113,
    "../results/pref_l1/ipcp_isca2020/exp10_srrip_drrip/603.bwaves_s-1740B": 1760711450.5547113,
    "../results/pref_l1/ipcp_isca2020/exp10_srrip_drrip/603.bwaves_s-2609B": 1760711450.5547113,
    "../results/pref_l1/ipcp_isca2020/exp10_srrip_drrip/603.bwaves_s-2931B": 1760711450.5547113,
    "../results/pref_l1/ipcp_isca2020/exp10_srrip_drrip/603.bwaves_s-891B": 1760711450.5547113,
    "../results/pref_l1/ipcp_isca2020/exp10_srrip_drrip/605.mcf_s-1152B": 1760711450.5547113,
    "../results/pref_l1/ipcp_isca2020/exp10_srrip_drrip/605.mcf_s-1536B": 1760711450.5547113,
    "../results/pref_l1/ipcp_isca2020/exp10_srrip_drrip/605.mcf_s-1554B": 1760711450.5547113,
    "../results/pref_l1/ipcp_isca2020/exp10_srrip_drrip/605.mcf_s-1644B": 1760711450.5547113,
    "../results/pref_l1/ipcp_isca2020/exp10_srrip_drrip/605.mcf_s-472B": 1760711450.5547113,
    "../results/pref_l1/ipcp_isca2020/exp10_srrip_drrip/605.mcf_s-484B": 1760711450.5547113,
    "../results/pref_l1/ipcp_isca2020/exp10_srrip_drrip/605.mcf_s-665B": 1760711450.5547113,
    "../results/pref_l1/ipcp_isca2020/exp10_srrip_drrip/605.mcf_s-782B": 1760711450.5547113,
    "../results/pref_l1/ipcp_isca2020/exp10_srrip_drrip/605.mcf_s-994B": 1760711450.5547113,
    "../results/pref_l1/ipcp_isca2020/exp10_srrip_drrip/607.cactuBSSN_s-2421B": 1760711450.5547113,
    "../results/pref_l1/ipcp_isca2020/exp10_srrip_drrip/607.cactuBSSN_s-3477B": 1760711450.5547113,
    "../results/pref_l1/ipcp_isca2020/exp10_srrip_drrip/607.cactuBSSN_s-4004B": 1760711450.5557115,
    "../results/pref_l1/ipcp_isca2020/exp10_srrip_drrip/619.lbm_s-2676B": 1760711450.5557115,
    "../results/pref_l1/ipcp_isca2020/exp10_srrip_drrip/619.lbm_s-2677B": 1760711450.5557115,
    "../results/pref_l1/ipcp_isca2020/exp10_srrip_drrip/619.lbm_s-3766B": 1760711450.5557115,
    "../results/pref_l1/ipcp_isca2020/exp10_srrip_drrip/619.lbm_s-4268B": 1760711450.5557115,
    "../results/pref_l1/ipcp_isca2020/exp10_srrip_drrip/620.omnetpp_s-141B": 1760711450.5557115,
    "../results/pref_l1/ipcp_isca2020/exp10_srrip_drrip/620.omnetpp_s-874B": 1760711450.5557115,
    "../results/pref_l1/ipcp_isca2020/exp10_srrip_drrip/621.wrf_s-6673B": 1760711450.5557115,
    "../results/pref_l1/ipcp_isca2020/exp10_srrip_drrip/621.wrf_s-8065B": 1760711450.5557115,
    "../results/pref_l1/ipcp_isca2020/exp10_srrip_drrip/623.xalancbmk_s-10B": 1760711450.5557115,
    "../results/pref_l1/ipcp_isca2020/exp10_srrip_drrip/623.xalancbmk_s-165B": 1760711450.5557115,
    "../results/pref_l1/ipcp_isca2020/exp10_srrip_drrip/623.xalancbmk_s-202B": 1760711450.5557115,
    "../results/pref_l1/ipcp_isca2020/exp10_srrip_drrip/625.x264_s-20B": 1760711450.5557115,
    "../results/pref_l1/ipcp_isca2020/exp10_srrip_drrip/627.cam4_s-490B": 1760711450.5557115,
    "../results/pref_l1/ipcp_isca2020/exp10_srrip_drrip/628.pop2_s-17B": 1760711450.5557115,
    "../results/pref_l1/ipcp_isca2020/exp10_srrip_drrip/649.fotonik3d_s-10881B": 1760711450.5557115,
    "../results/pref_l1/ipcp_isca2020/exp10_srrip_drrip/649.fotonik3d_s-1176B": 1760711450.5557115,
    "../results/pref_l1/ipcp_isca2020/exp10_srrip_drrip/649.fotonik3d_s-7084B": 1760711450.5557115,
    "../results/pref_l1/ipcp_isca2020/exp10_srrip_drrip/649.fotonik3d_s-8225B": 1760711450.5557115,
    "../results/pref_l1/ipcp_isca2020/exp10_srrip_drrip/654.roms_s-1007B": 1760711450.5557115,
    "../results/pref_l1/ipcp_isca2020/exp10_srrip_drrip/654.roms_s-1070B": 1760711450.5557115,
    "../results/pref_l1/ipcp_isca2020/exp10_srrip_drrip/654.roms_s-1390B": 1760711450.5557115,
    "../results/pref_l1/ipcp_isca2020/exp10_srrip_drrip/654.roms_s-293B": 1760711450.5557115,
    "../results/pref_l1/ipcp_isca2020/exp10_srrip_drrip/654.roms_s-294B": 1760711450.5557115,
    "../results/pref_l1/ipcp_isca2020/exp10_srrip_drrip/654.roms_s-523B": 1760711450.5557115,
    "../results/pref_l1/ipcp_isca2020/exp10_srrip_drrip/657.xz_s-2302B": 1760711450.5557115,
    "../results/pref_l1/mlop/exp12_srrip_ship/600.perlbench_s-570B": 1760711450.614712,
    "../results/pref_l1/mlop/exp12_srrip_ship/602.gcc_s-1850B": 1760711450.614712,
    "../results/pref_l1/mlop/exp12_srrip_ship/602.gcc_s-2226B": 1760711450.614712,
    "../results/pref_l1/mlop/exp12_srrip_ship/602.gcc_s-734B": 1760711450.614712,
    "../results/pref_l1/mlop/exp12_srrip_ship/603.bwaves_s-1740B": 1760711450.614712,
    "../results/pref_l1/mlop/exp12_srrip_ship/603.bwaves_s-2609B": 1760711450.614712,
    "../results/pref_l1/mlop/exp12_srrip_ship/603.bwaves_s-2931B": 1760711450.614712,
    "../results/pref_l1/mlop/exp12_srrip_ship/603.bwaves_s-891B": 1760711450.614712,
    "../results/pref_l1/mlop/exp12_srrip_ship/605.mcf_s-1152B": 1760711450.614712,
    "../results/pref_l1/mlop/exp12_srrip_ship/605.mcf_s-1536B": 1760711450.614712,
    "../results/pref_l1/mlop/exp12_srrip_ship/605.mcf_s-1554B": 1760711450.6157122,
    "../results/pref_l1/mlop/exp12_srrip_ship/605.mcf_s-1644B": 1760711450.6157122,
    "../results/pref_l1/mlop/exp12_srrip_ship/605.mcf_s-472B": 1760711450.6157122,
    "../results/pref_l1/mlop/exp12_srrip_ship/605.mcf_s-484B": 1760711450.6157122,
    "../results/pref_l1/mlop/exp12_srrip_ship/605.mcf_s-665B": 1760711450.6157122,
    "../results/pref_l1/mlop/exp12_srrip_ship/605.mcf_s-782B": 1760711450.6157122,
    "../results/pref_l1/mlop/exp12_srrip_ship/605.mcf_s-994B": 1760711450.616712,
    "../results/pref_l1/mlop/exp12_srrip_ship/607.cactuBSSN_s-2421B": 1760711450.616712,
    "../results/pref_l1/mlop/exp12_srrip_ship/607.cactuBSSN_s-3477B": 1760711450.616712,
    "../results/pref_l1/mlop/exp12_srrip_ship/607.cactuBSSN_s-4004B": 1760711450.616712,
    "../results/pref_l1/mlop/exp12_srrip_ship/619.lbm_s-2676B": 1760711450.616712,
    "../results/pref_l1/mlop/exp12_srrip_ship/619.lbm_s-2677B": 1760711450.616712,
    "../results/pref_l1/mlop/exp12_srrip_ship/619.lbm_s-3766B": 1760711450.616712,
    "../results/pref_l1/mlop/exp12_srrip_ship/619.lbm_s-4268B": 1760711450.616712,
    "../results/pref_l1/mlop/exp12_srrip_ship/620.omnetpp_s-141B": 1760711450.616712,
    "../results/pref_l1/mlop/exp12_srrip_ship/620.omnetpp_s-874B": 1760711450.616712,
    "../results/pref_l1/mlop/exp12_srrip_ship/621.wrf_s-6673B": 1760711450.616712,
    "../results/pref_l1/mlop/exp12_srrip_ship/621.wrf_s-8065B": 1760711450.616712,
    "../results/pref_l1/mlop/exp12_srrip_ship/623.xalancbmk_s-10B": 1760711450.616712,
    "../results/pref_l1/mlop/exp12_srrip_ship/623.xalancbmk_s-165B": 1760711450.616712,
    "../results/pref_l1/mlop/exp12_srrip_ship/623.xalancbmk_s-202B": 1760711450.616712,
    "../results/pref_l1/mlop/exp12_srrip_ship/625.x264_s-20B": 1760711450.616712,
    "../results/pref_l1/mlop/exp12_srrip_ship/627.cam4_s-490B": 1760711450.616712,
    "../results/pref_l1/mlop/exp12_srrip_ship/628.pop2_s-17B": 1760711450.616712,
    "../results/pref_l1/mlop/exp12_srrip_ship/649.fotonik3d_s-10881B": 1760711450.616712,
    "../results/pref_l1/mlop/exp12_srrip_ship/649.fotonik3d_s-1176B": 1760711450.616712,
    "../results/pref_l1/mlop/exp12_srrip_ship/649.fotonik3d_s-7084B": 1760711450.616712,
    "../results/pref_l1/mlop/exp12_srrip_ship/649.fotonik3d_s-8225B": 1760711450.617712,
    "../results/pref_l1/mlop/exp12_srrip_ship/654.roms_s-1007B": 1760711450.617712,
    "../results/pref_l1/mlop/exp12_srrip_ship/654.roms_s-1070B": 1760711450.617712,
    "../results/pref_l1/mlop/exp12_srrip_ship/654.roms_s-1390B": 1760711450.617712,
    "../results/pref_l1/mlop/exp12_srrip_ship/654.roms_s-293B": 1760711450.617712,
    "../results/pref_l1/mlop/exp12_srrip_ship/654.roms_s-294B": 1760711450.617712,
    "../results/pref_l1/mlop/exp12_srrip_ship/654.roms_s-523B": 1760711450.617712,
    "../results/pref_l1/mlop/exp12_srrip_ship/657.xz_s-2302B": 1760711450.617712,
    "../results/pref_l1/mlop/exp1_lru_lru/600.perlbench_s-570B": 1760711450.589712,
    "../results/pref_l1/mlop/exp1_lru_lru/602.gcc_s-1850B": 1760711450.589712,
    "../results/pref_l1/mlop/exp1_lru_lru/602.gcc_s-2226B": 1760711450.589712,
    "../results/pref_l1/mlop/exp1_lru_lru/602.gcc_s-734B": 1760711450.589712,
    "../results/pref_l1/mlop/exp1_lru_lru/603.bwaves_s-1740B": 1760711450.589712,
    "../results/pref_l1/mlop/exp1_lru_lru/603.bwaves_s-2609B": 1760711450.589712,
    "../results/pref_l1/mlop/exp1_lru_lru/603.bwaves_s-2931B": 1760711450.589712,
    "../results/pref_l1/mlop/exp1_lru_lru/603.bwaves_s-891B": 1760711450.589712,
    "../results/pref_l1/mlop/exp1_lru_lru/605.mcf_s-1152B": 1760711450.589712,
    "../results/pref_l1/mlop/exp1_lru_lru/605.mcf_s-1536B": 1760711450.589712,
    "../results/pref_l1/mlop/exp1_lru_lru/605.mcf_s-1554B": 1760711450.5907118,
    "../results/pref_l1/mlop/exp1_lru_lru/605.mcf_s-1644B": 1760711450.5907118,
    "../results/pref_l1/mlop/exp1_lru_lru/605.mcf_s-472B": 1760711450.5907118,
    "../results/pref_l1/mlop/exp1_lru_lru/605.mcf_s-484B": 1760711450.5907118,
    "../results/pref_l1/mlop/exp1_lru_lru/605.mcf_s-665B": 1760711450.5907118,
    "../results/pref_l1/mlop/exp1_lru_lru/605.mcf_s-782B": 1760711450.5917118,
    "../results/pref_l1/mlop/exp1_lru_lru/605.mcf_s-994B": 1760711450.5917118,
    "../results/pref_l1/mlop/exp1_lru_lru/607.cactuBSSN_s-2421B": 1760711450.5917118,
    "../results/pref_l1/mlop/exp1_lru_lru/607.cactuBSSN_s-3477B": 1760711450.5917118,
    "../results/pref_l1/mlop/exp1_lru_lru/607.cactuBSSN_s-4004B": 1760711450.5917118,
    "../results/pref_l1/mlop/exp1_lru_lru/619.lbm_s-2676B": 1760711450.5917118,
    "../results/pref_l1/mlop/exp1_lru_lru/619.lbm_s-2677B": 1760711450.5917118,
    "../results/pref_l1/mlop/exp1_lru_lru/619.lbm_s-3766B": 1760711450.5917118,
    "../results/pref_l1/mlop/exp1_lru_lru/619.lbm_s-4268B": 1760711450.5917118,
    "../results/pref_l1/mlop/exp1_lru_lru/620.omnetpp_s-141B": 1760711450.5917118,
    "../results/pref_l1/mlop/exp1_lru_lru/620.omnetpp_s-874B": 1760711450.5917118,
    "../results/pref_l1/mlop/exp1_lru_lru/621.wrf_s-6673B": 1760711450.5917118,
    "../results/pref_l1/mlop/exp1_lru_lru/621.wrf_s-8065B": 1760711450.5917118,
    "../results/pref_l1/mlop/exp1_lru_lru/623.xalancbmk_s-10B": 1760711450.5917118,
    "../results/pref_l1/mlop/exp1_lru_lru/623.xalancbmk_s-165B": 1760711450.5917118,
    "../results/pref_l1/mlop/exp1_lru_lru/623.xalancbmk_s-202B": 1760711450.5917118,
    "../results/pref_l1/mlop/exp1_lru_lru/625.x264_s-20B": 1760711450.5917118,
    "../results/pref_l1/mlop/exp1_lru_lru/627.cam4_s-490B": 1760711450.5917118,
    "../results/pref_l1/mlop/exp1_lru_lru/628.pop2_s-17B": 1760711450.5917118,
    "../results/pref_l1/mlop/exp1_lru_lru/649.fotonik3d_s-10881B": 1760711450.5917118,
    "../results/pref_l1/mlop/exp1_lru_lru/649.fotonik3d_s-1176B": 1760711450.5917118,
    "../results/pref_l1/mlop/exp1_lru_lru/649.fotonik3d_s-7084B": 1760711450.5917118,
    "../results/pref_l1/mlop/exp1_lru_lru/649.fotonik3d_s-8225B": 1760711450.5917118,
    "../results/pref_l1/mlop/exp1_lru_lru/654.roms_s-1007B": 1760711450.5917118,
    "../results/pref_l1/mlop/exp1_lru_lru/654.roms_s-1070B": 1760711450.5917118,
    "../results/pref_l1/mlop/exp1_lru_lru/654.roms_s-1390B": 1760711450.5917118,
    "../results/pref_l1/mlop/exp1_lru_lru/654.roms_s-293B": 1760711450.5917118,
    "../results/pref_l1/mlop/exp1_lru_lru/654.roms_s-294B": 1760711450.5917118,
    "../results/pref_l1/mlop/exp1_lru_lru/654.roms_s-523B": 1760711450.5917118,
    "../results/pref_l1/mlop/exp1_lru_lru/657.xz_s-2302B": 1760711450.5917118,
    "../results/pref_l1/mlop/exp14_srrip_mockingjay/600.perlbench_s-570B": 1760711450.619712,
    "../results/pref_l1/mlop/exp14_srrip_mockingjay/602.gcc_s-1850B": 1760711450.619712,
    "../results/pref_l1/mlop/exp14_srrip_mockingjay/602.gcc_s-2226B": 1760711450.619712,
    "../results/pref_l1/mlop/exp14_srrip_mockingjay/602.gcc_s-734B": 1760711450.619712,
    "../results/pref_l1/mlop/exp14_srrip_mockingjay/603.bwaves_s-1740B": 1760711450.619712,
    "../results/pref_l1/mlop/exp14_srrip_mockingjay/603.bwaves_s-2609B": 1760711450.619712,
    "../results/pref_l1/mlop/exp14_srrip_mockingjay/603.bwaves_s-2931B": 1760711450.619712,
    "../results/pref_l1/mlop/exp14_srrip_mockingjay/603.bwaves_s-891B": 1760711450.6207123,
    "../results/pref_l1/mlop/exp14_srrip_mockingjay/605.mcf_s-1152B": 1760711450.6207123,
    "../results/pref_l1/mlop/exp14_srrip_mockingjay/605.mcf_s-1536B": 1760711450.6207123,
    "../results/pref_l1/mlop/exp14_srrip_mockingjay/605.mcf_s-1554B": 1760711450.6207123,
    "../results/pref_l1/mlop/exp14_srrip_mockingjay/605.mcf_s-1644B": 1760711450.6207123,
    "../results/pref_l1/mlop/exp14_srrip_mockingjay/605.mcf_s-472B": 1760711450.6207123,
    "../results/pref_l1/mlop/exp14_srrip_mockingjay/605.mcf_s-484B": 1760711450.6207123,
    "../results/pref_l1/mlop/exp14_srrip_mockingjay/605.mcf_s-665B": 1760711450.6207123,
    "../results/pref_l1/mlop/exp14_srrip_mockingjay/605.mcf_s-782B": 1760711450.6217122,
    "../results/pref_l1/mlop/exp14_srrip_mockingjay/605.mcf_s-994B": 1760711450.6217122,
    "../results/pref_l1/mlop/exp14_srrip_mockingjay/607.cactuBSSN_s-2421B": 1760711450.6217122,
    "../results/pref_l1/mlop/exp14_srrip_mockingjay/607.cactuBSSN_s-3477B": 1760711450.6217122,
    "../results/pref_l1/mlop/exp14_srrip_mockingjay/607.cactuBSSN_s-4004B": 1760711450.6217122,
    "../results/pref_l1/mlop/exp14_srrip_mockingjay/619.lbm_s-2676B": 1760711450.6217122,
    "../results/pref_l1/mlop/exp14_srrip_mockingjay/619.lbm_s-2677B": 1760711450.6217122,
    "../results/pref_l1/mlop/exp14_srrip_mockingjay/619.lbm_s-3766B": 1760711450.6217122,
    "../results/pref_l1/mlop/exp14_srrip_mockingjay/619.lbm_s-4268B": 1760711450.6217122,
    "../results/pref_l1/mlop/exp14_srrip_mockingjay/620.omnetpp_s-141B": 1760711450.6217122,
    "../results/pref_l1/mlop/exp14_srrip_mockingjay/620.omnetpp_s-874B": 1760711450.6217122,
    "../results/pref_l1/mlop/exp14_srrip_mockingjay/621.wrf_s-6673B": 1760711450.6217122,
    "../results/pref_l1/mlop/exp14_srrip_mockingjay/621.wrf_s-8065B": 1760711450.6217122,
    "../results/pref_l1/mlop/exp14_srrip_mockingjay/623.xalancbmk_s-10B": 1760711450.6217122,
    "../results/pref_l1/mlop/exp14_srrip_mockingjay/623.xalancbmk_s-165B": 1760711450.6217122,
    "../results/pref_l1/mlop/exp14_srrip_mockingjay/623.xalancbmk_s-202B": 1760711450.6217122,
    "../results/pref_l1/mlop/exp14_srrip_mockingjay/625.x264_s-20B": 1760711450.6217122,
    "../results/pref_l1/mlop/exp14_srrip_mockingjay/627.cam4_s-490B": 1760711450.6217122,
    "../results/pref_l1/mlop/exp14_srrip_mockingjay/628.pop2_s-17B": 1760711450.6217122,
    "../results/pref_l1/mlop/exp14_srrip_mockingjay/649.fotonik3d_s-10881B": 1760711450.6217122,
    "../results/pref_l1/mlop/exp14_srrip_mockingjay/649.fotonik3d_s-1176B": 1760711450.6217122,
    "../results/pref_l1/mlop/exp14_srrip_mockingjay/649.fotonik3d_s-7084B": 1760711450.6227121,
    "../results/pref_l1/mlop/exp14_srrip_mockingjay/649.fotonik3d_s-8225B": 1760711450.6227121,
    "../results/pref_l1/mlop/exp14_srrip_mockingjay/654.roms_s-1007B": 1760711450.6227121,
    "../results/pref_l1/mlop/exp14_srrip_mockingjay/654.roms_s-1070B": 1760711450.6227121,
    "../results/pref_l1/mlop/exp14_srrip_mockingjay/654.roms_s-1390B": 1760711450.6227121,
    "../results/pref_l1/mlop/exp14_srrip_mockingjay/654.roms_s-293B": 1760711450.6227121,
    "../results/pref_l1/mlop/exp14_srrip_mockingjay/654.roms_s-294B": 1760711450.6227121,
    "../results/pref_l1/mlop/exp14_srrip_mockingjay/654.roms_s-523B": 1760711450.6227121,
    "../results/pref_l1/mlop/exp14_srrip_mockingjay/657.xz_s-2302B": 1760711450.6227121,
    "../results/pref_l1/mlop/exp11_srrip_hawkeye/600.perlbench_s-570B": 1760711450.613712,
    "../results/pref_l1/mlop/exp11_srrip_hawkeye/602.gcc_s-1850B": 1760711450.613712,
    "../results/pref_l1/mlop/exp11_srrip_hawkeye/602.gcc_s-2226B": 1760711450.613712,
    "../results/pref_l1/mlop/exp11_srrip_hawkeye/602.gcc_s-734B": 1760711450.613712,
    "../results/pref_l1/mlop/exp11_srrip_hawkeye/603.bwaves_s-1740B": 1760711450.613712,
    "../results/pref_l1/mlop/exp11_srrip_hawkeye/603.bwaves_s-2609B": 1760711450.613712,
    "../results/pref_l1/mlop/exp11_srrip_hawkeye/603.bwaves_s-2931B": 1760711450.613712,
    "../results/pref_l1/mlop/exp11_srrip_hawkeye/603.bwaves_s-891B": 1760711450.613712,
    "../results/pref_l1/mlop/exp11_srrip_hawkeye/605.mcf_s-1152B": 1760711450.613712,
    "../results/pref_l1/mlop/exp11_srrip_hawkeye/605.mcf_s-1536B": 1760711450.613712,
    "../results/pref_l1/mlop/exp11_srrip_hawkeye/605.mcf_s-1554B": 1760711450.613712,
    "../results/pref_l1/mlop/exp11_srrip_hawkeye/605.mcf_s-1644B": 1760711450.613712,
    "../results/pref_l1/mlop/exp11_srrip_hawkeye/605.mcf_s-472B": 1760711450.613712,
    "../results/pref_l1/mlop/exp11_srrip_hawkeye/605.mcf_s-484B": 1760711450.613712,
    "../results/pref_l1/mlop/exp11_srrip_hawkeye/605.mcf_s-665B": 1760711450.613712,
    "../results/pref_l1/mlop/exp11_srrip_hawkeye/605.mcf_s-782B": 1760711450.613712,
    "../results/pref_l1/mlop/exp11_srrip_hawkeye/605.mcf_s-994B": 1760711450.613712,
    "../results/pref_l1/mlop/exp11_srrip_hawkeye/607.cactuBSSN_s-2421B": 1760711450.613712,
    "../results/pref_l1/mlop/exp11_srrip_hawkeye/607.cactuBSSN_s-3477B": 1760711450.613712,
    "../results/pref_l1/mlop/exp11_srrip_hawkeye/607.cactuBSSN_s-4004B": 1760711450.613712,
    "../results/pref_l1/mlop/exp11_srrip_hawkeye/619.lbm_s-2676B": 1760711450.613712,
    "../results/pref_l1/mlop/exp11_srrip_hawkeye/619.lbm_s-2677B": 1760711450.613712,
    "../results/pref_l1/mlop/exp11_srrip_hawkeye/619.lbm_s-3766B": 1760711450.613712,
    "../results/pref_l1/mlop/exp11_srrip_hawkeye/619.lbm_s-4268B": 1760711450.613712,
    "../results/pref_l1/mlop/exp11_srrip_hawkeye/620.omnetpp_s-141B": 1760711450.613712,
    "../results/pref_l1/mlop/exp11_srrip_hawkeye/620.omnetpp_s-874B": 1760711450.613712,
    "../results/pref_l1/mlop/exp11_srrip_hawkeye/621.wrf_s-6673B": 1760711450.613712,
    "../results/pref_l1/mlop/exp11_srrip_hawkeye/621.wrf_s-8065B": 1760711450.613712,
    "../results/pref_l1/mlop/exp11_srrip_hawkeye/623.xalancbmk_s-10B": 1760711450.613712,
    "../results/pref_l1/mlop/exp11_srrip_hawkeye/623.xalancbmk_s-165B": 1760711450.613712,
    "../results/pref_l1/mlop/exp11_srrip_hawkeye/623.xalancbmk_s-202B": 1760711450.613712,
    "../results/pref_l1/mlop/exp11_srrip_hawkeye/625.x264_s-20B": 1760711450.613712,
    "../results/pref_l1/mlop/exp11_srrip_hawkeye/627.cam4_s-490B": 1760711450.613712,
    "../results/pref_l1/mlop/exp11_srrip_hawkeye/628.pop2_s-17B": 1760711450.613712,
    "../results/pref_l1/mlop/exp11_srrip_hawkeye/649.fotonik3d_s-10881B": 1760711450.613712,
    "../results/pref_l1/mlop/exp11_srrip_hawkeye/649.fotonik3d_s-1176B": 1760711450.614712,
    "../results/pref_l1/mlop/exp11_srrip_hawkeye/649.fotonik3d_s-7084B": 1760711450.614712,
    "../results/pref_l1/mlop/exp11_srrip_hawkeye/649.fotonik3d_s-8225B": 1760711450.614712,
    "../results/pref_l1/mlop/exp11_srrip_hawkeye/654.roms_s-1007B": 1760711450.614712,
    "../results/pref_l1/mlop/exp11_srrip_hawkeye/654.roms_s-1070B": 1760711450.614712,
    "../results/pref_l1/mlop/exp11_srrip_hawkeye/654.roms_s-1390B": 1760711450.614712,
    "../results/pref_l1/mlop/exp11_srrip_hawkeye/654.roms_s-293B": 1760711450.614712,
    "../results/pref_l1/mlop/exp11_srrip_hawkeye/654.roms_s-294B": 1760711450.614712,
    "../results/pref_l1/mlop/exp11_srrip_hawkeye/654.roms_s-523B": 1760711450.614712,
    "../results/pref_l1/mlop/exp11_srrip_hawkeye/657.xz_s-2302B": 1760711450.614712,
    "../results/pref_l1/mlop/exp13_srrip_ship++/600.perlbench_s-570B": 1760711450.617712,
    "../results/pref_l1/mlop/exp13_srrip_ship++/602.gcc_s-1850B": 1760711450.617712,
    "../results/pref_l1/mlop/exp13_srrip_ship++/602.gcc_s-2226B": 1760711450.617712,
    "../results/pref_l1/mlop/exp13_srrip_ship++/602.gcc_s-734B": 1760711450.617712,
    "../results/pref_l1/mlop/exp13_srrip_ship++/603.bwaves_s-1740B": 1760711450.617712,
    "../results/pref_l1/mlop/exp13_srrip_ship++/603.bwaves_s-2609B": 1760711450.617712,
    "../results/pref_l1/mlop/exp13_srrip_ship++/603.bwaves_s-2931B": 1760711450.617712,
    "../results/pref_l1/mlop/exp13_srrip_ship++/603.bwaves_s-891B": 1760711450.617712,
    "../results/pref_l1/mlop/exp13_srrip_ship++/605.mcf_s-1152B": 1760711450.617712,
    "../results/pref_l1/mlop/exp13_srrip_ship++/605.mcf_s-1536B": 1760711450.617712,
    "../results/pref_l1/mlop/exp13_srrip_ship++/605.mcf_s-1554B": 1760711450.6187122,
    "../results/pref_l1/mlop/exp13_srrip_ship++/605.mcf_s-1644B": 1760711450.6187122,
    "../results/pref_l1/mlop/exp13_srrip_ship++/605.mcf_s-472B": 1760711450.6187122,
    "../results/pref_l1/mlop/exp13_srrip_ship++/605.mcf_s-484B": 1760711450.6187122,
    "../results/pref_l1/mlop/exp13_srrip_ship++/605.mcf_s-665B": 1760711450.6187122,
    "../results/pref_l1/mlop/exp13_srrip_ship++/605.mcf_s-782B": 1760711450.6187122,
    "../results/pref_l1/mlop/exp13_srrip_ship++/605.mcf_s-994B": 1760711450.6187122,
    "../results/pref_l1/mlop/exp13_srrip_ship++/607.cactuBSSN_s-2421B": 1760711450.6187122,
    "../results/pref_l1/mlop/exp13_srrip_ship++/607.cactuBSSN_s-3477B": 1760711450.619712,
    "../results/pref_l1/mlop/exp13_srrip_ship++/607.cactuBSSN_s-4004B": 1760711450.619712,
    "../results/pref_l1/mlop/exp13_srrip_ship++/619.lbm_s-2676B": 1760711450.619712,
    "../results/pref_l1/mlop/exp13_srrip_ship++/619.lbm_s-2677B": 1760711450.619712,
    "../results/pref_l1/mlop/exp13_srrip_ship++/619.lbm_s-3766B": 1760711450.619712,
    "../results/pref_l1/mlop/exp13_srrip_ship++/619.lbm_s-4268B": 1760711450.619712,
    "../results/pref_l1/mlop/exp13_srrip_ship++/620.omnetpp_s-141B": 1760711450.619712,
    "../results/pref_l1/mlop/exp13_srrip_ship++/620.omnetpp_s-874B": 1760711450.619712,
    "../results/pref_l1/mlop/exp13_srrip_ship++/621.wrf_s-6673B": 1760711450.619712,
    "../results/pref_l1/mlop/exp13_srrip_ship++/621.wrf_s-8065B": 1760711450.619712,
    "../results/pref_l1/mlop/exp13_srrip_ship++/623.xalancbmk_s-10B": 1760711450.619712,
    "../results/pref_l1/mlop/exp13_srrip_ship++/623.xalancbmk_s-165B": 1760711450.619712,
    "../results/pref_l1/mlop/exp13_srrip_ship++/623.xalancbmk_s-202B": 1760711450.619712,
    "../results/pref_l1/mlop/exp13_srrip_ship++/625.x264_s-20B": 1760711450.619712,
    "../results/pref_l1/mlop/exp13_srrip_ship++/627.cam4_s-490B": 1760711450.619712,
    "../results/pref_l1/mlop/exp13_srrip_ship++/628.pop2_s-17B": 1760711450.619712,
    "../results/pref_l1/mlop/exp13_srrip_ship++/649.fotonik3d_s-10881B": 1760711450.619712,
    "../results/pref_l1/mlop/exp13_srrip_ship++/649.fotonik3d_s-1176B": 1760711450.619712,
    "../results/pref_l1/mlop/exp13_srrip_ship++/649.fotonik3d_s-7084B": 1760711450.619712,
    "../results/pref_l1/mlop/exp13_srrip_ship++/649.fotonik3d_s-8225B": 1760711450.619712,
    "../results/pref_l1/mlop/exp13_srrip_ship++/654.roms_s-1007B": 1760711450.619712,
    "../results/pref_l1/mlop/exp13_srrip_ship++/654.roms_s-1070B": 1760711450.619712,
    "../results/pref_l1/mlop/exp13_srrip_ship++/654.roms_s-1390B": 1760711450.619712,
    "../results/pref_l1/mlop/exp13_srrip_ship++/654.roms_s-293B": 1760711450.619712,
    "../results/pref_l1/mlop/exp13_srrip_ship++/654.roms_s-294B": 1760711450.619712,
    "../results/pref_l1/mlop/exp13_srrip_ship++/654.roms_s-523B": 1760711450.619712,
    "../results/pref_l1/mlop/exp13_srrip_ship++/657.xz_s-2302B": 1760711450.619712,
    "../results/pref_l1/mlop/exp3_lru_drrip/600.perlbench_s-570B": 1760711450.586712,
    "../results/pref_l1/mlop/exp3_lru_drrip/602.gcc_s-1850B": 1760711450.586712,
    "../results/pref_l1/mlop/exp3_lru_drrip/602.gcc_s-2226B": 1760711450.586712,
    "../results/pref_l1/mlop/exp3_lru_drrip/602.gcc_s-734B": 1760711450.586712,
    "../results/pref_l1/mlop/exp3_lru_drrip/603.bwaves_s-1740B": 1760711450.586712,
    "../results/pref_l1/mlop/exp3_lru_drrip/603.bwaves_s-2609B": 1760711450.586712,
    "../results/pref_l1/mlop/exp3_lru_drrip/603.bwaves_s-2931B": 1760711450.586712,
    "../results/pref_l1/mlop/exp3_lru_drrip/603.bwaves_s-891B": 1760711450.586712,
    "../results/pref_l1/mlop/exp3_lru_drrip/605.mcf_s-1152B": 1760711450.586712,
    "../results/pref_l1/mlop/exp3_lru_drrip/605.mcf_s-1536B": 1760711450.586712,
    "../results/pref_l1/mlop/exp3_lru_drrip/605.mcf_s-1554B": 1760711450.5877118,
    "../results/pref_l1/mlop/exp3_lru_drrip/605.mcf_s-1644B": 1760711450.5877118,
    "../results/pref_l1/mlop/exp3_lru_drrip/605.mcf_s-472B": 1760711450.5877118,
    "../results/pref_l1/mlop/exp3_lru_drrip/605.mcf_s-484B": 1760711450.5877118,
    "../results/pref_l1/mlop/exp3_lru_drrip/605.mcf_s-665B": 1760711450.5877118,
    "../results/pref_l1/mlop/exp3_lru_drrip/605.mcf_s-782B": 1760711450.5887117,
    "../results/pref_l1/mlop/exp3_lru_drrip/605.mcf_s-994B": 1760711450.5887117,
    "../results/pref_l1/mlop/exp3_lru_drrip/607.cactuBSSN_s-2421B": 1760711450.5887117,
    "../results/pref_l1/mlop/exp3_lru_drrip/607.cactuBSSN_s-3477B": 1760711450.5887117,
    "../results/pref_l1/mlop/exp3_lru_drrip/607.cactuBSSN_s-4004B": 1760711450.5887117,
    "../results/pref_l1/mlop/exp3_lru_drrip/619.lbm_s-2676B": 1760711450.5887117,
    "../results/pref_l1/mlop/exp3_lru_drrip/619.lbm_s-2677B": 1760711450.5887117,
    "../results/pref_l1/mlop/exp3_lru_drrip/619.lbm_s-3766B": 1760711450.5887117,
    "../results/pref_l1/mlop/exp3_lru_drrip/619.lbm_s-4268B": 1760711450.5887117,
    "../results/pref_l1/mlop/exp3_lru_drrip/620.omnetpp_s-141B": 1760711450.5887117,
    "../results/pref_l1/mlop/exp3_lru_drrip/620.omnetpp_s-874B": 1760711450.5887117,
    "../results/pref_l1/mlop/exp3_lru_drrip/621.wrf_s-6673B": 1760711450.5887117,
    "../results/pref_l1/mlop/exp3_lru_drrip/621.wrf_s-8065B": 1760711450.5887117,
    "../results/pref_l1/mlop/exp3_lru_drrip/623.xalancbmk_s-10B": 1760711450.5887117,
    "../results/pref_l1/mlop/exp3_lru_drrip/623.xalancbmk_s-165B": 1760711450.5887117,
    "../results/pref_l1/mlop/exp3_lru_drrip/623.xalancbmk_s-202B": 1760711450.5887117,
    "../results/pref_l1/mlop/exp3_lru_drrip/625.x264_s-20B": 1760711450.589712,
    "../results/pref_l1/mlop/exp3_lru_drrip/627.cam4_s-490B": 1760711450.589712,
    "../results/pref_l1/mlop/exp3_lru_drrip/628.pop2_s-17B": 1760711450.589712,
    "../results/pref_l1/mlop/exp3_lru_drrip/649.fotonik3d_s-10881B": 1760711450.589712,
    "../results/pref_l1/mlop/exp3_lru_drrip/649.fotonik3d_s-1176B": 1760711450.589712,
    "../results/pref_l1/mlop/exp3_lru_drrip/649.fotonik3d_s-7084B": 1760711450.589712,
    "../results/pref_l1/mlop/exp3_lru_drrip/649.fotonik3d_s-8225B": 1760711450.589712,
    "../results/pref_l1/mlop/exp3_lru_drrip/654.roms_s-1007B": 1760711450.589712,
    "../results/pref_l1/mlop/exp3_lru_drrip/654.roms_s-1070B": 1760711450.589712,
    "../results/pref_l1/mlop/exp3_lru_drrip/654.roms_s-1390B": 1760711450.589712,
    "../results/pref_l1/mlop/exp3_lru_drrip/654.roms_s-293B": 1760711450.589712,
    "../results/pref_l1/mlop/exp3_lru_drrip/654.roms_s-294B": 1760711450.589712,
    "../results/pref_l1/mlop/exp3_lru_drrip/654.roms_s-523B": 1760711450.589712,
    "../results/pref_l1/mlop/exp3_lru_drrip/657.xz_s-2302B": 1760711450.589712,
    "../results/pref_l1/mlop/exp4_lru_hawkeye/600.perlbench_s-570B": 1760711450.5947118,
    "../results/pref_l1/mlop/exp4_lru_hawkeye/602.gcc_s-1850B": 1760711450.5947118,
    "../results/pref_l1/mlop/exp4_lru_hawkeye/602.gcc_s-2226B": 1760711450.5947118,
    "../results/pref_l1/mlop/exp4_lru_hawkeye/602.gcc_s-734B": 1760711450.5947118,
    "../results/pref_l1/mlop/exp4_lru_hawkeye/603.bwaves_s-1740B": 1760711450.5947118,
    "../results/pref_l1/mlop/exp4_lru_hawkeye/603.bwaves_s-2609B": 1760711450.5947118,
    "../results/pref_l1/mlop/exp4_lru_hawkeye/603.bwaves_s-2931B": 1760711450.5947118,
    "../results/pref_l1/mlop/exp4_lru_hawkeye/603.bwaves_s-891B": 1760711450.595712,
    "../results/pref_l1/mlop/exp4_lru_hawkeye/605.mcf_s-1152B": 1760711450.595712,
    "../results/pref_l1/mlop/exp4_lru_hawkeye/605.mcf_s-1536B": 1760711450.595712,
    "../results/pref_l1/mlop/exp4_lru_hawkeye/605.mcf_s-1554B": 1760711450.595712,
    "../results/pref_l1/mlop/exp4_lru_hawkeye/605.mcf_s-1644B": 1760711450.595712,
    "../results/pref_l1/mlop/exp4_lru_hawkeye/605.mcf_s-472B": 1760711450.5967119,
    "../results/pref_l1/mlop/exp4_lru_hawkeye/605.mcf_s-484B": 1760711450.5967119,
    "../results/pref_l1/mlop/exp4_lru_hawkeye/605.mcf_s-665B": 1760711450.5967119,
    "../results/pref_l1/mlop/exp4_lru_hawkeye/605.mcf_s-782B": 1760711450.5967119,
    "../results/pref_l1/mlop/exp4_lru_hawkeye/605.mcf_s-994B": 1760711450.5967119,
    "../results/pref_l1/mlop/exp4_lru_hawkeye/607.cactuBSSN_s-2421B": 1760711450.5967119,
    "../results/pref_l1/mlop/exp4_lru_hawkeye/607.cactuBSSN_s-3477B": 1760711450.5967119,
    "../results/pref_l1/mlop/exp4_lru_hawkeye/607.cactuBSSN_s-4004B": 1760711450.5967119,
    "../results/pref_l1/mlop/exp4_lru_hawkeye/619.lbm_s-2676B": 1760711450.5967119,
    "../results/pref_l1/mlop/exp4_lru_hawkeye/619.lbm_s-2677B": 1760711450.5967119,
    "../results/pref_l1/mlop/exp4_lru_hawkeye/619.lbm_s-3766B": 1760711450.5967119,
    "../results/pref_l1/mlop/exp4_lru_hawkeye/619.lbm_s-4268B": 1760711450.5967119,
    "../results/pref_l1/mlop/exp4_lru_hawkeye/620.omnetpp_s-141B": 1760711450.5967119,
    "../results/pref_l1/mlop/exp4_lru_hawkeye/620.omnetpp_s-874B": 1760711450.5967119,
    "../results/pref_l1/mlop/exp4_lru_hawkeye/621.wrf_s-6673B": 1760711450.5967119,
    "../results/pref_l1/mlop/exp4_lru_hawkeye/621.wrf_s-8065B": 1760711450.5967119,
    "../results/pref_l1/mlop/exp4_lru_hawkeye/623.xalancbmk_s-10B": 1760711450.5967119,
    "../results/pref_l1/mlop/exp4_lru_hawkeye/623.xalancbmk_s-165B": 1760711450.5967119,
    "../results/pref_l1/mlop/exp4_lru_hawkeye/623.xalancbmk_s-202B": 1760711450.5967119,
    "../results/pref_l1/mlop/exp4_lru_hawkeye/625.x264_s-20B": 1760711450.5977118,
    "../results/pref_l1/mlop/exp4_lru_hawkeye/627.cam4_s-490B": 1760711450.5977118,
    "../results/pref_l1/mlop/exp4_lru_hawkeye/628.pop2_s-17B": 1760711450.5977118,
    "../results/pref_l1/mlop/exp4_lru_hawkeye/649.fotonik3d_s-10881B": 1760711450.5977118,
    "../results/pref_l1/mlop/exp4_lru_hawkeye/649.fotonik3d_s-1176B": 1760711450.5977118,
    "../results/pref_l1/mlop/exp4_lru_hawkeye/649.fotonik3d_s-7084B": 1760711450.5977118,
    "../results/pref_l1/mlop/exp4_lru_hawkeye/649.fotonik3d_s-8225B": 1760711450.5977118,
    "../results/pref_l1/mlop/exp4_lru_hawkeye/654.roms_s-1007B": 1760711450.5977118,
    "../results/pref_l1/mlop/exp4_lru_hawkeye/654.roms_s-1070B": 1760711450.5977118,
    "../results/pref_l1/mlop/exp4_lru_hawkeye/654.roms_s-1390B": 1760711450.5977118,
    "../results/pref_l1/mlop/exp4_lru_hawkeye/654.roms_s-293B": 1760711450.5977118,
    "../results/pref_l1/mlop/exp4_lru_hawkeye/654.roms_s-294B": 1760711450.5977118,
    "../results/pref_l1/mlop/exp4_lru_hawkeye/654.roms_s-523B": 1760711450.5977118,
    "../results/pref_l1/mlop/exp4_lru_hawkeye/657.xz_s-2302B": 1760711450.5977118,
    "../results/pref_l1/mlop/exp2_lru_srrip/600.perlbench_s-570B": 1760711450.5917118,
    "../results/pref_l1/mlop/exp2_lru_srrip/602.gcc_s-1850B": 1760711450.592712,
    "../results/pref_l1/mlop/exp2_lru_srrip/602.gcc_s-2226B": 1760711450.592712,
    "../results/pref_l1/mlop/exp2_lru_srrip/602.gcc_s-734B": 1760711450.592712,
    "../results/pref_l1/mlop/exp2_lru_srrip/603.bwaves_s-1740B": 1760711450.592712,
    "../results/pref_l1/mlop/exp2_lru_srrip/603.bwaves_s-2609B": 1760711450.592712,
    "../results/pref_l1/mlop/exp2_lru_srrip/603.bwaves_s-2931B": 1760711450.592712,
    "../results/pref_l1/mlop/exp2_lru_srrip/603.bwaves_s-891B": 1760711450.592712,
    "../results/pref_l1/mlop/exp2_lru_srrip/605.mcf_s-1152B": 1760711450.592712,
    "../results/pref_l1/mlop/exp2_lru_srrip/605.mcf_s-1536B": 1760711450.5937119,
    "../results/pref_l1/mlop/exp2_lru_srrip/605.mcf_s-1554B": 1760711450.5937119,
    "../results/pref_l1/mlop/exp2_lru_srrip/605.mcf_s-1644B": 1760711450.5937119,
    "../results/pref_l1/mlop/exp2_lru_srrip/605.mcf_s-472B": 1760711450.5937119,
    "../results/pref_l1/mlop/exp2_lru_srrip/605.mcf_s-484B": 1760711450.5937119,
    "../results/pref_l1/mlop/exp2_lru_srrip/605.mcf_s-665B": 1760711450.5937119,
    "../results/pref_l1/mlop/exp2_lru_srrip/605.mcf_s-782B": 1760711450.5937119,
    "../results/pref_l1/mlop/exp2_lru_srrip/605.mcf_s-994B": 1760711450.5937119,
    "../results/pref_l1/mlop/exp2_lru_srrip/607.cactuBSSN_s-2421B": 1760711450.5937119,
    "../results/pref_l1/mlop/exp2_lru_srrip/607.cactuBSSN_s-3477B": 1760711450.5937119,
    "../results/pref_l1/mlop/exp2_lru_srrip/607.cactuBSSN_s-4004B": 1760711450.5937119,
    "../results/pref_l1/mlop/exp2_lru_srrip/619.lbm_s-2676B": 1760711450.5937119,
    "../results/pref_l1/mlop/exp2_lru_srrip/619.lbm_s-2677B": 1760711450.5937119,
    "../results/pref_l1/mlop/exp2_lru_srrip/619.lbm_s-3766B": 1760711450.5937119,
    "../results/pref_l1/mlop/exp2_lru_srrip/619.lbm_s-4268B": 1760711450.5937119,
    "../results/pref_l1/mlop/exp2_lru_srrip/620.omnetpp_s-141B": 1760711450.5937119,
    "../results/pref_l1/mlop/exp2_lru_srrip/620.omnetpp_s-874B": 1760711450.5937119,
    "../results/pref_l1/mlop/exp2_lru_srrip/621.wrf_s-6673B": 1760711450.5937119,
    "../results/pref_l1/mlop/exp2_lru_srrip/621.wrf_s-8065B": 1760711450.5947118,
    "../results/pref_l1/mlop/exp2_lru_srrip/623.xalancbmk_s-10B": 1760711450.5947118,
    "../results/pref_l1/mlop/exp2_lru_srrip/623.xalancbmk_s-165B": 1760711450.5947118,
    "../results/pref_l1/mlop/exp2_lru_srrip/623.xalancbmk_s-202B": 1760711450.5947118,
    "../results/pref_l1/mlop/exp2_lru_srrip/625.x264_s-20B": 1760711450.5947118,
    "../results/pref_l1/mlop/exp2_lru_srrip/627.cam4_s-490B": 1760711450.5947118,
    "../results/pref_l1/mlop/exp2_lru_srrip/628.pop2_s-17B": 1760711450.5947118,
    "../results/pref_l1/mlop/exp2_lru_srrip/649.fotonik3d_s-10881B": 1760711450.5947118,
    "../results/pref_l1/mlop/exp2_lru_srrip/649.fotonik3d_s-1176B": 1760711450.5947118,
    "../results/pref_l1/mlop/exp2_lru_srrip/649.fotonik3d_s-7084B": 1760711450.5947118,
    "../results/pref_l1/mlop/exp2_lru_srrip/649.fotonik3d_s-8225B": 1760711450.5947118,
    "../results/pref_l1/mlop/exp2_lru_srrip/654.roms_s-1007B": 1760711450.5947118,
    "../results/pref_l1/mlop/exp2_lru_srrip/654.roms_s-1070B": 1760711450.5947118,
    "../results/pref_l1/mlop/exp2_lru_srrip/654.roms_s-1390B": 1760711450.5947118,
    "../results/pref_l1/mlop/exp2_lru_srrip/654.roms_s-293B": 1760711450.5947118,
    "../results/pref_l1/mlop/exp2_lru_srrip/654.roms_s-294B": 1760711450.5947118,
    "../results/pref_l1/mlop/exp2_lru_srrip/654.roms_s-523B": 1760711450.5947118,
    "../results/pref_l1/mlop/exp2_lru_srrip/657.xz_s-2302B": 1760711450.5947118,
    "../results/pref_l1/mlop/exp5_lru_ship/600.perlbench_s-570B": 1760711450.5977118,
    "../results/pref_l1/mlop/exp5_lru_ship/602.gcc_s-1850B": 1760711450.5977118,
    "../results/pref_l1/mlop/exp5_lru_ship/602.gcc_s-2226B": 1760711450.5977118,
    "../results/pref_l1/mlop/exp5_lru_ship/602.gcc_s-734B": 1760711450.5977118,
    "../results/pref_l1/mlop/exp5_lru_ship/603.bwaves_s-1740B": 1760711450.5977118,
    "../results/pref_l1/mlop/exp5_lru_ship/603.bwaves_s-2609B": 1760711450.5977118,
    "../results/pref_l1/mlop/exp5_lru_ship/603.bwaves_s-2931B": 1760711450.5977118,
    "../results/pref_l1/mlop/exp5_lru_ship/603.bwaves_s-891B": 1760711450.5977118,
    "../results/pref_l1/mlop/exp5_lru_ship/605.mcf_s-1152B": 1760711450.5977118,
    "../results/pref_l1/mlop/exp5_lru_ship/605.mcf_s-1536B": 1760711450.5977118,
    "../results/pref_l1/mlop/exp5_lru_ship/605.mcf_s-1554B": 1760711450.598712,
    "../results/pref_l1/mlop/exp5_lru_ship/605.mcf_s-1644B": 1760711450.598712,
    "../results/pref_l1/mlop/exp5_lru_ship/605.mcf_s-472B": 1760711450.598712,
    "../results/pref_l1/mlop/exp5_lru_ship/605.mcf_s-484B": 1760711450.598712,
    "../results/pref_l1/mlop/exp5_lru_ship/605.mcf_s-665B": 1760711450.598712,
    "../results/pref_l1/mlop/exp5_lru_ship/605.mcf_s-782B": 1760711450.599712,
    "../results/pref_l1/mlop/exp5_lru_ship/605.mcf_s-994B": 1760711450.598712,
    "../results/pref_l1/mlop/exp5_lru_ship/607.cactuBSSN_s-2421B": 1760711450.599712,
    "../results/pref_l1/mlop/exp5_lru_ship/607.cactuBSSN_s-3477B": 1760711450.599712,
    "../results/pref_l1/mlop/exp5_lru_ship/607.cactuBSSN_s-4004B": 1760711450.599712,
    "../results/pref_l1/mlop/exp5_lru_ship/619.lbm_s-2676B": 1760711450.599712,
    "../results/pref_l1/mlop/exp5_lru_ship/619.lbm_s-2677B": 1760711450.599712,
    "../results/pref_l1/mlop/exp5_lru_ship/619.lbm_s-3766B": 1760711450.599712,
    "../results/pref_l1/mlop/exp5_lru_ship/619.lbm_s-4268B": 1760711450.599712,
    "../results/pref_l1/mlop/exp5_lru_ship/620.omnetpp_s-141B": 1760711450.599712,
    "../results/pref_l1/mlop/exp5_lru_ship/620.omnetpp_s-874B": 1760711450.599712,
    "../results/pref_l1/mlop/exp5_lru_ship/621.wrf_s-6673B": 1760711450.599712,
    "../results/pref_l1/mlop/exp5_lru_ship/621.wrf_s-8065B": 1760711450.599712,
    "../results/pref_l1/mlop/exp5_lru_ship/623.xalancbmk_s-10B": 1760711450.599712,
    "../results/pref_l1/mlop/exp5_lru_ship/623.xalancbmk_s-165B": 1760711450.599712,
    "../results/pref_l1/mlop/exp5_lru_ship/623.xalancbmk_s-202B": 1760711450.599712,
    "../results/pref_l1/mlop/exp5_lru_ship/625.x264_s-20B": 1760711450.6007118,
    "../results/pref_l1/mlop/exp5_lru_ship/627.cam4_s-490B": 1760711450.599712,
    "../results/pref_l1/mlop/exp5_lru_ship/628.pop2_s-17B": 1760711450.6007118,
    "../results/pref_l1/mlop/exp5_lru_ship/649.fotonik3d_s-10881B": 1760711450.6007118,
    "../results/pref_l1/mlop/exp5_lru_ship/649.fotonik3d_s-1176B": 1760711450.6007118,
    "../results/pref_l1/mlop/exp5_lru_ship/649.fotonik3d_s-7084B": 1760711450.6007118,
    "../results/pref_l1/mlop/exp5_lru_ship/649.fotonik3d_s-8225B": 1760711450.6007118,
    "../results/pref_l1/mlop/exp5_lru_ship/654.roms_s-1007B": 1760711450.6007118,
    "../results/pref_l1/mlop/exp5_lru_ship/654.roms_s-1070B": 1760711450.6007118,
    "../results/pref_l1/mlop/exp5_lru_ship/654.roms_s-1390B": 1760711450.6007118,
    "../results/pref_l1/mlop/exp5_lru_ship/654.roms_s-293B": 1760711450.6007118,
    "../results/pref_l1/mlop/exp5_lru_ship/654.roms_s-294B": 1760711450.6007118,
    "../results/pref_l1/mlop/exp5_lru_ship/654.roms_s-523B": 1760711450.6007118,
    "../results/pref_l1/mlop/exp5_lru_ship/657.xz_s-2302B": 1760711450.6007118,
    "../results/pref_l1/mlop/exp9_srrip_srrip/600.perlbench_s-570B": 1760711450.608712,
    "../results/pref_l1/mlop/exp9_srrip_srrip/602.gcc_s-1850B": 1760711450.608712,
    "../results/pref_l1/mlop/exp9_srrip_srrip/602.gcc_s-2226B": 1760711450.608712,
    "../results/pref_l1/mlop/exp9_srrip_srrip/602.gcc_s-734B": 1760711450.608712,
    "../results/pref_l1/mlop/exp9_srrip_srrip/603.bwaves_s-1740B": 1760711450.608712,
    "../results/pref_l1/mlop/exp9_srrip_srrip/603.bwaves_s-2609B": 1760711450.608712,
    "../results/pref_l1/mlop/exp9_srrip_srrip/603.bwaves_s-2931B": 1760711450.608712,
    "../results/pref_l1/mlop/exp9_srrip_srrip/603.bwaves_s-891B": 1760711450.608712,
    "../results/pref_l1/mlop/exp9_srrip_srrip/605.mcf_s-1152B": 1760711450.608712,
    "../results/pref_l1/mlop/exp9_srrip_srrip/605.mcf_s-1536B": 1760711450.608712,
    "../results/pref_l1/mlop/exp9_srrip_srrip/605.mcf_s-1554B": 1760711450.6097121,
    "../results/pref_l1/mlop/exp9_srrip_srrip/605.mcf_s-1644B": 1760711450.6097121,
    "../results/pref_l1/mlop/exp9_srrip_srrip/605.mcf_s-472B": 1760711450.6097121,
    "../results/pref_l1/mlop/exp9_srrip_srrip/605.mcf_s-484B": 1760711450.6097121,
    "../results/pref_l1/mlop/exp9_srrip_srrip/605.mcf_s-665B": 1760711450.6097121,
    "../results/pref_l1/mlop/exp9_srrip_srrip/605.mcf_s-782B": 1760711450.6097121,
    "../results/pref_l1/mlop/exp9_srrip_srrip/605.mcf_s-994B": 1760711450.6097121,
    "../results/pref_l1/mlop/exp9_srrip_srrip/607.cactuBSSN_s-2421B": 1760711450.6097121,
    "../results/pref_l1/mlop/exp9_srrip_srrip/607.cactuBSSN_s-3477B": 1760711450.610712,
    "../results/pref_l1/mlop/exp9_srrip_srrip/607.cactuBSSN_s-4004B": 1760711450.6097121,
    "../results/pref_l1/mlop/exp9_srrip_srrip/619.lbm_s-2676B": 1760711450.610712,
    "../results/pref_l1/mlop/exp9_srrip_srrip/619.lbm_s-2677B": 1760711450.610712,
    "../results/pref_l1/mlop/exp9_srrip_srrip/619.lbm_s-3766B": 1760711450.610712,
    "../results/pref_l1/mlop/exp9_srrip_srrip/619.lbm_s-4268B": 1760711450.610712,
    "../results/pref_l1/mlop/exp9_srrip_srrip/620.omnetpp_s-141B": 1760711450.610712,
    "../results/pref_l1/mlop/exp9_srrip_srrip/620.omnetpp_s-874B": 1760711450.610712,
    "../results/pref_l1/mlop/exp9_srrip_srrip/621.wrf_s-6673B": 1760711450.610712,
    "../results/pref_l1/mlop/exp9_srrip_srrip/621.wrf_s-8065B": 1760711450.610712,
    "../results/pref_l1/mlop/exp9_srrip_srrip/623.xalancbmk_s-10B": 1760711450.610712,
    "../results/pref_l1/mlop/exp9_srrip_srrip/623.xalancbmk_s-165B": 1760711450.610712,
    "../results/pref_l1/mlop/exp9_srrip_srrip/623.xalancbmk_s-202B": 1760711450.610712,
    "../results/pref_l1/mlop/exp9_srrip_srrip/625.x264_s-20B": 1760711450.610712,
    "../results/pref_l1/mlop/exp9_srrip_srrip/627.cam4_s-490B": 1760711450.610712,
    "../results/pref_l1/mlop/exp9_srrip_srrip/628.pop2_s-17B": 1760711450.610712,
    "../results/pref_l1/mlop/exp9_srrip_srrip/649.fotonik3d_s-10881B": 1760711450.610712,
    "../results/pref_l1/mlop/exp9_srrip_srrip/649.fotonik3d_s-1176B": 1760711450.610712,
    "../results/pref_l1/mlop/exp9_srrip_srrip/649.fotonik3d_s-7084B": 1760711450.610712,
    "../results/pref_l1/mlop/exp9_srrip_srrip/649.fotonik3d_s-8225B": 1760711450.610712,
    "../results/pref_l1/mlop/exp9_srrip_srrip/654.roms_s-1007B": 1760711450.610712,
    "../results/pref_l1/mlop/exp9_srrip_srrip/654.roms_s-1070B": 1760711450.610712,
    "../results/pref_l1/mlop/exp9_srrip_srrip/654.roms_s-1390B": 1760711450.610712,
    "../results/pref_l1/mlop/exp9_srrip_srrip/654.roms_s-293B": 1760711450.610712,
    "../results/pref_l1/mlop/exp9_srrip_srrip/654.roms_s-294B": 1760711450.610712,
    "../results/pref_l1/mlop/exp9_srrip_srrip/654.roms_s-523B": 1760711450.610712,
    "../results/pref_l1/mlop/exp9_srrip_srrip/657.xz_s-2302B": 1760711450.610712,
    "../results/pref_l1/mlop/exp8_srrip_lru/600.perlbench_s-570B": 1760711450.605712,
    "../results/pref_l1/mlop/exp8_srrip_lru/602.gcc_s-1850B": 1760711450.605712,
    "../results/pref_l1/mlop/exp8_srrip_lru/602.gcc_s-2226B": 1760711450.605712,
    "../results/pref_l1/mlop/exp8_srrip_lru/602.gcc_s-734B": 1760711450.605712,
    "../results/pref_l1/mlop/exp8_srrip_lru/603.bwaves_s-1740B": 1760711450.605712,
    "../results/pref_l1/mlop/exp8_srrip_lru/603.bwaves_s-2609B": 1760711450.605712,
    "../results/pref_l1/mlop/exp8_srrip_lru/603.bwaves_s-2931B": 1760711450.605712,
    "../results/pref_l1/mlop/exp8_srrip_lru/603.bwaves_s-891B": 1760711450.605712,
    "../results/pref_l1/mlop/exp8_srrip_lru/605.mcf_s-1152B": 1760711450.605712,
    "../results/pref_l1/mlop/exp8_srrip_lru/605.mcf_s-1536B": 1760711450.605712,
    "../results/pref_l1/mlop/exp8_srrip_lru/605.mcf_s-1554B": 1760711450.606712,
    "../results/pref_l1/mlop/exp8_srrip_lru/605.mcf_s-1644B": 1760711450.606712,
    "../results/pref_l1/mlop/exp8_srrip_lru/605.mcf_s-472B": 1760711450.606712,
    "../results/pref_l1/mlop/exp8_srrip_lru/605.mcf_s-484B": 1760711450.606712,
    "../results/pref_l1/mlop/exp8_srrip_lru/605.mcf_s-665B": 1760711450.606712,
    "../results/pref_l1/mlop/exp8_srrip_lru/605.mcf_s-782B": 1760711450.607712,
    "../results/pref_l1/mlop/exp8_srrip_lru/605.mcf_s-994B": 1760711450.607712,
    "../results/pref_l1/mlop/exp8_srrip_lru/607.cactuBSSN_s-2421B": 1760711450.607712,
    "../results/pref_l1/mlop/exp8_srrip_lru/607.cactuBSSN_s-3477B": 1760711450.607712,
    "../results/pref_l1/mlop/exp8_srrip_lru/607.cactuBSSN_s-4004B": 1760711450.607712,
    "../results/pref_l1/mlop/exp8_srrip_lru/619.lbm_s-2676B": 1760711450.607712,
    "../results/pref_l1/mlop/exp8_srrip_lru/619.lbm_s-2677B": 1760711450.607712,
    "../results/pref_l1/mlop/exp8_srrip_lru/619.lbm_s-3766B": 1760711450.607712,
    "../results/pref_l1/mlop/exp8_srrip_lru/619.lbm_s-4268B": 1760711450.607712,
    "../results/pref_l1/mlop/exp8_srrip_lru/620.omnetpp_s-141B": 1760711450.607712,
    "../results/pref_l1/mlop/exp8_srrip_lru/620.omnetpp_s-874B": 1760711450.607712,
    "../results/pref_l1/mlop/exp8_srrip_lru/621.wrf_s-6673B": 1760711450.607712,
    "../results/pref_l1/mlop/exp8_srrip_lru/621.wrf_s-8065B": 1760711450.607712,
    "../results/pref_l1/mlop/exp8_srrip_lru/623.xalancbmk_s-10B": 1760711450.607712,
    "../results/pref_l1/mlop/exp8_srrip_lru/623.xalancbmk_s-165B": 1760711450.607712,
    "../results/pref_l1/mlop/exp8_srrip_lru/623.xalancbmk_s-202B": 1760711450.607712,
    "../results/pref_l1/mlop/exp8_srrip_lru/625.x264_s-20B": 1760711450.607712,
    "../results/pref_l1/mlop/exp8_srrip_lru/627.cam4_s-490B": 1760711450.607712,
    "../results/pref_l1/mlop/exp8_srrip_lru/628.pop2_s-17B": 1760711450.607712,
    "../results/pref_l1/mlop/exp8_srrip_lru/649.fotonik3d_s-10881B": 1760711450.607712,
    "../results/pref_l1/mlop/exp8_srrip_lru/649.fotonik3d_s-1176B": 1760711450.607712,
    "../results/pref_l1/mlop/exp8_srrip_lru/649.fotonik3d_s-7084B": 1760711450.608712,
    "../results/pref_l1/mlop/exp8_srrip_lru/649.fotonik3d_s-8225B": 1760711450.608712,
    "../results/pref_l1/mlop/exp8_srrip_lru/654.roms_s-1007B": 1760711450.608712,
    "../results/pref_l1/mlop/exp8_srrip_lru/654.roms_s-1070B": 1760711450.608712,
    "../results/pref_l1/mlop/exp8_srrip_lru/654.roms_s-1390B": 1760711450.608712,
    "../results/pref_l1/mlop/exp8_srrip_lru/654.roms_s-293B": 1760711450.608712,
    "../results/pref_l1/mlop/exp8_srrip_lru/654.roms_s-294B": 1760711450.608712,
    "../results/pref_l1/mlop/exp8_srrip_lru/654.roms_s-523B": 1760711450.608712,
    "../results/pref_l1/mlop/exp8_srrip_lru/657.xz_s-2302B": 1760711450.608712,
    "../results/pref_l1/mlop/exp6_lru_ship++/600.perlbench_s-570B": 1760711450.6007118,
    "../results/pref_l1/mlop/exp6_lru_ship++/602.gcc_s-1850B": 1760711450.6007118,
    "../results/pref_l1/mlop/exp6_lru_ship++/602.gcc_s-2226B": 1760711450.6007118,
    "../results/pref_l1/mlop/exp6_lru_ship++/602.gcc_s-734B": 1760711450.6007118,
    "../results/pref_l1/mlop/exp6_lru_ship++/603.bwaves_s-1740B": 1760711450.6007118,
    "../results/pref_l1/mlop/exp6_lru_ship++/603.bwaves_s-2609B": 1760711450.6007118,
    "../results/pref_l1/mlop/exp6_lru_ship++/603.bwaves_s-2931B": 1760711450.6007118,
    "../results/pref_l1/mlop/exp6_lru_ship++/603.bwaves_s-891B": 1760711450.6007118,
    "../results/pref_l1/mlop/exp6_lru_ship++/605.mcf_s-1152B": 1760711450.6007118,
    "../results/pref_l1/mlop/exp6_lru_ship++/605.mcf_s-1536B": 1760711450.6007118,
    "../results/pref_l1/mlop/exp6_lru_ship++/605.mcf_s-1554B": 1760711450.601712,
    "../results/pref_l1/mlop/exp6_lru_ship++/605.mcf_s-1644B": 1760711450.6007118,
    "../results/pref_l1/mlop/exp6_lru_ship++/605.mcf_s-472B": 1760711450.601712,
    "../results/pref_l1/mlop/exp6_lru_ship++/605.mcf_s-484B": 1760711450.601712,
    "../results/pref_l1/mlop/exp6_lru_ship++/605.mcf_s-665B": 1760711450.602712,
    "../results/pref_l1/mlop/exp6_lru_ship++/605.mcf_s-782B": 1760711450.602712,
    "../results/pref_l1/mlop/exp6_lru_ship++/605.mcf_s-994B": 1760711450.602712,
    "../results/pref_l1/mlop/exp6_lru_ship++/607.cactuBSSN_s-2421B": 1760711450.602712,
    "../results/pref_l1/mlop/exp6_lru_ship++/607.cactuBSSN_s-3477B": 1760711450.602712,
    "../results/pref_l1/mlop/exp6_lru_ship++/607.cactuBSSN_s-4004B": 1760711450.602712,
    "../results/pref_l1/mlop/exp6_lru_ship++/619.lbm_s-2676B": 1760711450.602712,
    "../results/pref_l1/mlop/exp6_lru_ship++/619.lbm_s-2677B": 1760711450.602712,
    "../results/pref_l1/mlop/exp6_lru_ship++/619.lbm_s-3766B": 1760711450.602712,
    "../results/pref_l1/mlop/exp6_lru_ship++/619.lbm_s-4268B": 1760711450.602712,
    "../results/pref_l1/mlop/exp6_lru_ship++/620.omnetpp_s-141B": 1760711450.602712,
    "../results/pref_l1/mlop/exp6_lru_ship++/620.omnetpp_s-874B": 1760711450.602712,
    "../results/pref_l1/mlop/exp6_lru_ship++/621.wrf_s-6673B": 1760711450.602712,
    "../results/pref_l1/mlop/exp6_lru_ship++/621.wrf_s-8065B": 1760711450.602712,
    "../results/pref_l1/mlop/exp6_lru_ship++/623.xalancbmk_s-10B": 1760711450.602712,
    "../results/pref_l1/mlop/exp6_lru_ship++/623.xalancbmk_s-165B": 1760711450.602712,
    "../results/pref_l1/mlop/exp6_lru_ship++/623.xalancbmk_s-202B": 1760711450.602712,
    "../results/pref_l1/mlop/exp6_lru_ship++/625.x264_s-20B": 1760711450.602712,
    "../results/pref_l1/mlop/exp6_lru_ship++/627.cam4_s-490B": 1760711450.602712,
    "../results/pref_l1/mlop/exp6_lru_ship++/628.pop2_s-17B": 1760711450.602712,
    "../results/pref_l1/mlop/exp6_lru_ship++/649.fotonik3d_s-10881B": 1760711450.602712,
    "../results/pref_l1/mlop/exp6_lru_ship++/649.fotonik3d_s-1176B": 1760711450.602712,
    "../results/pref_l1/mlop/exp6_lru_ship++/649.fotonik3d_s-7084B": 1760711450.602712,
    "../results/pref_l1/mlop/exp6_lru_ship++/649.fotonik3d_s-8225B": 1760711450.602712,
    "../results/pref_l1/mlop/exp6_lru_ship++/654.roms_s-1007B": 1760711450.602712,
    "../results/pref_l1/mlop/exp6_lru_ship++/654.roms_s-1070B": 1760711450.602712,
    "../results/pref_l1/mlop/exp6_lru_ship++/654.roms_s-1390B": 1760711450.602712,
    "../results/pref_l1/mlop/exp6_lru_ship++/654.roms_s-293B": 1760711450.602712,
    "../results/pref_l1/mlop/exp6_lru_ship++/654.roms_s-294B": 1760711450.602712,
    "../results/pref_l1/mlop/exp6_lru_ship++/654.roms_s-523B": 1760711450.602712,
    "../results/pref_l1/mlop/exp6_lru_ship++/657.xz_s-2302B": 1760711450.602712,
    "../results/pref_l1/mlop/exp7_lru_mockingjay/600.perlbench_s-570B": 1760711450.603712,
    "../results/pref_l1/mlop/exp7_lru_mockingjay/602.gcc_s-1850B": 1760711450.603712,
    "../results/pref_l1/mlop/exp7_lru_mockingjay/602.gcc_s-2226B": 1760711450.603712,
    "../results/pref_l1/mlop/exp7_lru_mockingjay/602.gcc_s-734B": 1760711450.603712,
    "../results/pref_l1/mlop/exp7_lru_mockingjay/603.bwaves_s-1740B": 1760711450.603712,
    "../results/pref_l1/mlop/exp7_lru_mockingjay/603.bwaves_s-2609B": 1760711450.603712,
    "../results/pref_l1/mlop/exp7_lru_mockingjay/603.bwaves_s-2931B": 1760711450.603712,
    "../results/pref_l1/mlop/exp7_lru_mockingjay/603.bwaves_s-891B": 1760711450.603712,
    "../results/pref_l1/mlop/exp7_lru_mockingjay/605.mcf_s-1152B": 1760711450.603712,
    "../results/pref_l1/mlop/exp7_lru_mockingjay/605.mcf_s-1536B": 1760711450.603712,
    "../results/pref_l1/mlop/exp7_lru_mockingjay/605.mcf_s-1554B": 1760711450.604712,
    "../results/pref_l1/mlop/exp7_lru_mockingjay/605.mcf_s-1644B": 1760711450.604712,
    "../results/pref_l1/mlop/exp7_lru_mockingjay/605.mcf_s-472B": 1760711450.604712,
    "../results/pref_l1/mlop/exp7_lru_mockingjay/605.mcf_s-484B": 1760711450.604712,
    "../results/pref_l1/mlop/exp7_lru_mockingjay/605.mcf_s-665B": 1760711450.604712,
    "../results/pref_l1/mlop/exp7_lru_mockingjay/605.mcf_s-782B": 1760711450.604712,
    "../results/pref_l1/mlop/exp7_lru_mockingjay/605.mcf_s-994B": 1760711450.604712,
    "../results/pref_l1/mlop/exp7_lru_mockingjay/607.cactuBSSN_s-2421B": 1760711450.604712,
    "../results/pref_l1/mlop/exp7_lru_mockingjay/607.cactuBSSN_s-3477B": 1760711450.604712,
    "../results/pref_l1/mlop/exp7_lru_mockingjay/607.cactuBSSN_s-4004B": 1760711450.604712,
    "../results/pref_l1/mlop/exp7_lru_mockingjay/619.lbm_s-2676B": 1760711450.604712,
    "../results/pref_l1/mlop/exp7_lru_mockingjay/619.lbm_s-2677B": 1760711450.604712,
    "../results/pref_l1/mlop/exp7_lru_mockingjay/619.lbm_s-3766B": 1760711450.604712,
    "../results/pref_l1/mlop/exp7_lru_mockingjay/619.lbm_s-4268B": 1760711450.604712,
    "../results/pref_l1/mlop/exp7_lru_mockingjay/620.omnetpp_s-141B": 1760711450.604712,
    "../results/pref_l1/mlop/exp7_lru_mockingjay/620.omnetpp_s-874B": 1760711450.604712,
    "../results/pref_l1/mlop/exp7_lru_mockingjay/621.wrf_s-6673B": 1760711450.604712,
    "../results/pref_l1/mlop/exp7_lru_mockingjay/621.wrf_s-8065B": 1760711450.605712,
    "../results/pref_l1/mlop/exp7_lru_mockingjay/623.xalancbmk_s-10B": 1760711450.604712,
    "../results/pref_l1/mlop/exp7_lru_mockingjay/623.xalancbmk_s-165B": 1760711450.605712,
    "../results/pref_l1/mlop/exp7_lru_mockingjay/623.xalancbmk_s-202B": 1760711450.605712,
    "../results/pref_l1/mlop/exp7_lru_mockingjay/625.x264_s-20B": 1760711450.605712,
    "../results/pref_l1/mlop/exp7_lru_mockingjay/627.cam4_s-490B": 1760711450.605712,
    "../results/pref_l1/mlop/exp7_lru_mockingjay/628.pop2_s-17B": 1760711450.605712,
    "../results/pref_l1/mlop/exp7_lru_mockingjay/649.fotonik3d_s-10881B": 1760711450.605712,
    "../results/pref_l1/mlop/exp7_lru_mockingjay/649.fotonik3d_s-1176B": 1760711450.605712,
    "../results/pref_l1/mlop/exp7_lru_mockingjay/649.fotonik3d_s-7084B": 1760711450.605712,
    "../results/pref_l1/mlop/exp7_lru_mockingjay/649.fotonik3d_s-8225B": 1760711450.605712,
    "../results/pref_l1/mlop/exp7_lru_mockingjay/654.roms_s-1007B": 1760711450.605712,
    "../results/pref_l1/mlop/exp7_lru_mockingjay/654.roms_s-1070B": 1760711450.605712,
    "../results/pref_l1/mlop/exp7_lru_mockingjay/654.roms_s-1390B": 1760711450.605712,
    "../results/pref_l1/mlop/exp7_lru_mockingjay/654.roms_s-293B": 1760711450.605712,
    "../results/pref_l1/mlop/exp7_lru_mockingjay/654.roms_s-294B": 1760711450.605712,
    "../results/pref_l1/mlop/exp7_lru_mockingjay/654.roms_s-523B": 1760711450.605712,
    "../results/pref_l1/mlop/exp7_lru_mockingjay/657.xz_s-2302B": 1760711450.605712,
    "../results/pref_l1/mlop/exp10_srrip_drrip/600.perlbench_s-570B": 1760711450.610712,
    "../results/pref_l1/mlop/exp10_srrip_drrip/602.gcc_s-1850B": 1760711450.610712,
    "../results/pref_l1/mlop/exp10_srrip_drrip/602.gcc_s-2226B": 1760711450.610712,
    "../results/pref_l1/mlop/exp10_srrip_drrip/602.gcc_s-734B": 1760711450.610712,
    "../results/pref_l1/mlop/exp10_srrip_drrip/603.bwaves_s-1740B": 1760711450.6127121,
    "../results/pref_l1/mlop/exp10_srrip_drrip/603.bwaves_s-2609B": 1760711450.6127121,
    "../results/pref_l1/mlop/exp10_srrip_drrip/603.bwaves_s-2931B": 1760711450.6127121,
    "../results/pref_l1/mlop/exp10_srrip_drrip/603.bwaves_s-891B": 1760711450.6127121,
    "../results/pref_l1/mlop/exp10_srrip_drrip/605.mcf_s-1152B": 1760711450.6127121,
    "../results/pref_l1/mlop/exp10_srrip_drrip/605.mcf_s-1536B": 1760711450.6127121,
    "../results/pref_l1/mlop/exp10_srrip_drrip/605.mcf_s-1554B": 1760711450.6127121,
    "../results/pref_l1/mlop/exp10_srrip_drrip/605.mcf_s-1644B": 1760711450.6127121,
    "../results/pref_l1/mlop/exp10_srrip_drrip/605.mcf_s-472B": 1760711450.6127121,
    "../results/pref_l1/mlop/exp10_srrip_drrip/605.mcf_s-484B": 1760711450.6127121,
    "../results/pref_l1/mlop/exp10_srrip_drrip/605.mcf_s-665B": 1760711450.6127121,
    "../results/pref_l1/mlop/exp10_srrip_drrip/605.mcf_s-782B": 1760711450.6127121,
    "../results/pref_l1/mlop/exp10_srrip_drrip/605.mcf_s-994B": 1760711450.6127121,
    "../results/pref_l1/mlop/exp10_srrip_drrip/607.cactuBSSN_s-2421B": 1760711450.6127121,
    "../results/pref_l1/mlop/exp10_srrip_drrip/607.cactuBSSN_s-3477B": 1760711450.6127121,
    "../results/pref_l1/mlop/exp10_srrip_drrip/607.cactuBSSN_s-4004B": 1760711450.6127121,
    "../results/pref_l1/mlop/exp10_srrip_drrip/619.lbm_s-2676B": 1760711450.6127121,
    "../results/pref_l1/mlop/exp10_srrip_drrip/619.lbm_s-2677B": 1760711450.6127121,
    "../results/pref_l1/mlop/exp10_srrip_drrip/619.lbm_s-3766B": 1760711450.6127121,
    "../results/pref_l1/mlop/exp10_srrip_drrip/619.lbm_s-4268B": 1760711450.6127121,
    "../results/pref_l1/mlop/exp10_srrip_drrip/620.omnetpp_s-141B": 1760711450.6127121,
    "../results/pref_l1/mlop/exp10_srrip_drrip/620.omnetpp_s-874B": 1760711450.6127121,
    "../results/pref_l1/mlop/exp10_srrip_drrip/621.wrf_s-6673B": 1760711450.6127121,
    "../results/pref_l1/mlop/exp10_srrip_drrip/621.wrf_s-8065B": 1760711450.6127121,
    "../results/pref_l1/mlop/exp10_srrip_drrip/623.xalancbmk_s-10B": 1760711450.6127121,
    "../results/pref_l1/mlop/exp10_srrip_drrip/623.xalancbmk_s-165B": 1760711450.6127121,
    "../results/pref_l1/mlop/exp10_srrip_drrip/623.xalancbmk_s-202B": 1760711450.613712,
    "../results/pref_l1/mlop/exp10_srrip_drrip/625.x264_s-20B": 1760711450.613712,
    "../results/pref_l1/mlop/exp10_srrip_drrip/627.cam4_s-490B": 1760711450.613712,
    "../results/pref_l1/mlop/exp10_srrip_drrip/628.pop2_s-17B": 1760711450.613712,
    "../results/pref_l1/mlop/exp10_srrip_drrip/649.fotonik3d_s-10881B": 1760711450.613712,
    "../results/pref_l1/mlop/exp10_srrip_drrip/649.fotonik3d_s-1176B": 1760711450.613712,
    "../results/pref_l1/mlop/exp10_srrip_drrip/649.fotonik3d_s-7084B": 1760711450.613712,
    "../results/pref_l1/mlop/exp10_srrip_drrip/649.fotonik3d_s-8225B": 1760711450.613712,
    "../results/pref_l1/mlop/exp10_srrip_drrip/654.roms_s-1007B": 1760711450.613712,
    "../results/pref_l1/mlop/exp10_srrip_drrip/654.roms_s-1070B": 1760711450.613712,
    "../results/pref_l1/mlop/exp10_srrip_drrip/654.roms_s-1390B": 1760711450.613712,
    "../results/pref_l1/mlop/exp10_srrip_drrip/654.roms_s-293B": 1760711450.613712,
    "../results/pref_l1/mlop/exp10_srrip_drrip/654.roms_s-294B": 1760711450.613712,
    "../results/pref_l1/mlop/exp10_srrip_drrip/654.roms_s-523B": 1760711450.613712,
    "../results/pref_l1/mlop/exp10_srrip_drrip/657.xz_s-2302B": 1760711450.613712,
    "../results/pref_l1/next_line/exp12_srrip_ship/600.perlbench_s-570B": 1760711450.5737116,
    "../results/pref_l1/next_line/exp12_srrip_ship/602.gcc_s-1850B": 1760711450.5737116,
    "../results/pref_l1/next_line/exp12_srrip_ship/602.gcc_s-2226B": 1760711450.5737116,
    "../results/pref_l1/next_line/exp12_srrip_ship/602.gcc_s-734B": 1760711450.5737116,
    "../results/pref_l1/next_line/exp12_srrip_ship/603.bwaves_s-1740B": 1760711450.5737116,
    "../results/pref_l1/next_line/exp12_srrip_ship/603.bwaves_s-2609B": 1760711450.5737116,
    "../results/pref_l1/next_line/exp12_srrip_ship/603.bwaves_s-2931B": 1760711450.5737116,
    "../results/pref_l1/next_line/exp12_srrip_ship/603.bwaves_s-891B": 1760711450.5737116,
    "../results/pref_l1/next_line/exp12_srrip_ship/605.mcf_s-1152B": 1760711450.5737116,
    "../results/pref_l1/next_line/exp12_srrip_ship/605.mcf_s-1536B": 1760711450.5737116,
    "../results/pref_l1/next_line/exp12_srrip_ship/605.mcf_s-1554B": 1760711450.5737116,
    "../results/pref_l1/next_line/exp12_srrip_ship/605.mcf_s-1644B": 1760711450.5737116,
    "../results/pref_l1/next_line/exp12_srrip_ship/605.mcf_s-472B": 1760711450.5737116,
    "../results/pref_l1/next_line/exp12_srrip_ship/605.mcf_s-484B": 1760711450.5737116,
    "../results/pref_l1/next_line/exp12_srrip_ship/605.mcf_s-665B": 1760711450.5737116,
    "../results/pref_l1/next_line/exp12_srrip_ship/605.mcf_s-782B": 1760711450.5737116,
    "../results/pref_l1/next_line/exp12_srrip_ship/605.mcf_s-994B": 1760711450.5737116,
    "../results/pref_l1/next_line/exp12_srrip_ship/607.cactuBSSN_s-2421B": 1760711450.5737116,
    "../results/pref_l1/next_line/exp12_srrip_ship/607.cactuBSSN_s-3477B": 1760711450.5737116,
    "../results/pref_l1/next_line/exp12_srrip_ship/607.cactuBSSN_s-4004B": 1760711450.5737116,
    "../results/pref_l1/next_line/exp12_srrip_ship/619.lbm_s-2676B": 1760711450.5737116,
    "../results/pref_l1/next_line/exp12_srrip_ship/619.lbm_s-2677B": 1760711450.5737116,
    "../results/pref_l1/next_line/exp12_srrip_ship/619.lbm_s-3766B": 1760711450.5737116,
    "../results/pref_l1/next_line/exp12_srrip_ship/619.lbm_s-4268B": 1760711450.5737116,
    "../results/pref_l1/next_line/exp12_srrip_ship/620.omnetpp_s-141B": 1760711450.5737116,
    "../results/pref_l1/next_line/exp12_srrip_ship/620.omnetpp_s-874B": 1760711450.5737116,
    "../results/pref_l1/next_line/exp12_srrip_ship/621.wrf_s-6673B": 1760711450.5737116,
    "../results/pref_l1/next_line/exp12_srrip_ship/621.wrf_s-8065B": 1760711450.5737116,
    "../results/pref_l1/next_line/exp12_srrip_ship/623.xalancbmk_s-10B": 1760711450.5747116,
    "../results/pref_l1/next_line/exp12_srrip_ship/623.xalancbmk_s-165B": 1760711450.5747116,
    "../results/pref_l1/next_line/exp12_srrip_ship/623.xalancbmk_s-202B": 1760711450.5747116,
    "../results/pref_l1/next_line/exp12_srrip_ship/625.x264_s-20B": 1760711450.5747116,
    "../results/pref_l1/next_line/exp12_srrip_ship/627.cam4_s-490B": 1760711450.5747116,
    "../results/pref_l1/next_line/exp12_srrip_ship/628.pop2_s-17B": 1760711450.5747116,
    "../results/pref_l1/next_line/exp12_srrip_ship/649.fotonik3d_s-10881B": 1760711450.5747116,
    "../results/pref_l1/next_line/exp12_srrip_ship/649.fotonik3d_s-1176B": 1760711450.5747116,
    "../results/pref_l1/next_line/exp12_srrip_ship/649.fotonik3d_s-7084B": 1760711450.5747116,
    "../results/pref_l1/next_line/exp12_srrip_ship/649.fotonik3d_s-8225B": 1760711450.5747116,
    "../results/pref_l1/next_line/exp12_srrip_ship/654.roms_s-1007B": 1760711450.5747116,
    "../results/pref_l1/next_line/exp12_srrip_ship/654.roms_s-1070B": 1760711450.5747116,
    "../results/pref_l1/next_line/exp12_srrip_ship/654.roms_s-1390B": 1760711450.5747116,
    "../results/pref_l1/next_line/exp12_srrip_ship/654.roms_s-293B": 1760711450.5747116,
    "../results/pref_l1/next_line/exp12_srrip_ship/654.roms_s-294B": 1760711450.5747116,
    "../results/pref_l1/next_line/exp12_srrip_ship/654.roms_s-523B": 1760711450.5747116,
    "../results/pref_l1/next_line/exp12_srrip_ship/657.xz_s-2302B": 1760711450.5747116,
    "../results/pref_l1/next_line/exp1_lru_lru/600.perlbench_s-570B": 1760711450.5767117,
    "../results/pref_l1/next_line/exp1_lru_lru/602.gcc_s-1850B": 1760711450.5767117,
    "../results/pref_l1/next_line/exp1_lru_lru/602.gcc_s-2226B": 1760711450.5767117,
    "../results/pref_l1/next_line/exp1_lru_lru/602.gcc_s-734B": 1760711450.5767117,
    "../results/pref_l1/next_line/exp1_lru_lru/603.bwaves_s-1740B": 1760711450.5767117,
    "../results/pref_l1/next_line/exp1_lru_lru/603.bwaves_s-2609B": 1760711450.5767117,
    "../results/pref_l1/next_line/exp1_lru_lru/603.bwaves_s-2931B": 1760711450.5767117,
    "../results/pref_l1/next_line/exp1_lru_lru/603.bwaves_s-891B": 1760711450.5767117,
    "../results/pref_l1/next_line/exp1_lru_lru/605.mcf_s-1152B": 1760711450.5767117,
    "../results/pref_l1/next_line/exp1_lru_lru/605.mcf_s-1536B": 1760711450.5767117,
    "../results/pref_l1/next_line/exp1_lru_lru/605.mcf_s-1554B": 1760711450.5767117,
    "../results/pref_l1/next_line/exp1_lru_lru/605.mcf_s-1644B": 1760711450.5767117,
    "../results/pref_l1/next_line/exp1_lru_lru/605.mcf_s-472B": 1760711450.5767117,
    "../results/pref_l1/next_line/exp1_lru_lru/605.mcf_s-484B": 1760711450.5767117,
    "../results/pref_l1/next_line/exp1_lru_lru/605.mcf_s-665B": 1760711450.5767117,
    "../results/pref_l1/next_line/exp1_lru_lru/605.mcf_s-782B": 1760711450.5767117,
    "../results/pref_l1/next_line/exp1_lru_lru/605.mcf_s-994B": 1760711450.5767117,
    "../results/pref_l1/next_line/exp1_lru_lru/607.cactuBSSN_s-2421B": 1760711450.5767117,
    "../results/pref_l1/next_line/exp1_lru_lru/607.cactuBSSN_s-3477B": 1760711450.5767117,
    "../results/pref_l1/next_line/exp1_lru_lru/607.cactuBSSN_s-4004B": 1760711450.5767117,
    "../results/pref_l1/next_line/exp1_lru_lru/619.lbm_s-2676B": 1760711450.5767117,
    "../results/pref_l1/next_line/exp1_lru_lru/619.lbm_s-2677B": 1760711450.5767117,
    "../results/pref_l1/next_line/exp1_lru_lru/619.lbm_s-3766B": 1760711450.5767117,
    "../results/pref_l1/next_line/exp1_lru_lru/619.lbm_s-4268B": 1760711450.5767117,
    "../results/pref_l1/next_line/exp1_lru_lru/620.omnetpp_s-141B": 1760711450.5767117,
    "../results/pref_l1/next_line/exp1_lru_lru/620.omnetpp_s-874B": 1760711450.5777116,
    "../results/pref_l1/next_line/exp1_lru_lru/621.wrf_s-6673B": 1760711450.5777116,
    "../results/pref_l1/next_line/exp1_lru_lru/621.wrf_s-8065B": 1760711450.5777116,
    "../results/pref_l1/next_line/exp1_lru_lru/623.xalancbmk_s-10B": 1760711450.5777116,
    "../results/pref_l1/next_line/exp1_lru_lru/623.xalancbmk_s-165B": 1760711450.5777116,
    "../results/pref_l1/next_line/exp1_lru_lru/623.xalancbmk_s-202B": 1760711450.5777116,
    "../results/pref_l1/next_line/exp1_lru_lru/625.x264_s-20B": 1760711450.5777116,
    "../results/pref_l1/next_line/exp1_lru_lru/627.cam4_s-490B": 1760711450.5777116,
    "../results/pref_l1/next_line/exp1_lru_lru/628.pop2_s-17B": 1760711450.5777116,
    "../results/pref_l1/next_line/exp1_lru_lru/649.fotonik3d_s-10881B": 1760711450.5777116,
    "../results/pref_l1/next_line/exp1_lru_lru/649.fotonik3d_s-1176B": 1760711450.5777116,
    "../results/pref_l1/next_line/exp1_lru_lru/649.fotonik3d_s-7084B": 1760711450.5777116,
    "../results/pref_l1/next_line/exp1_lru_lru/649.fotonik3d_s-8225B": 1760711450.5777116,
    "../results/pref_l1/next_line/exp1_lru_lru/654.roms_s-1007B": 1760711450.5777116,
    "../results/pref_l1/next_line/exp1_lru_lru/654.roms_s-1070B": 1760711450.5777116,
    "../results/pref_l1/next_line/exp1_lru_lru/654.roms_s-1390B": 1760711450.5777116,
    "../results/pref_l1/next_line/exp1_lru_lru/654.roms_s-293B": 1760711450.5777116,
    "../results/pref_l1/next_line/exp1_lru_lru/654.roms_s-294B": 1760711450.5777116,
    "../results/pref_l1/next_line/exp1_lru_lru/654.roms_s-523B": 1760711450.5777116,
    "../results/pref_l1/next_line/exp1_lru_lru/657.xz_s-2302B": 1760711450.5777116,
    "../results/pref_l1/next_line/exp14_srrip_mockingjay/600.perlbench_s-570B": 1760711450.5757117,
    "../results/pref_l1/next_line/exp14_srrip_mockingjay/602.gcc_s-1850B": 1760711450.5757117,
    "../results/pref_l1/next_line/exp14_srrip_mockingjay/602.gcc_s-2226B": 1760711450.5757117,
    "../results/pref_l1/next_line/exp14_srrip_mockingjay/602.gcc_s-734B": 1760711450.5757117,
    "../results/pref_l1/next_line/exp14_srrip_mockingjay/603.bwaves_s-1740B": 1760711450.5757117,
    "../results/pref_l1/next_line/exp14_srrip_mockingjay/603.bwaves_s-2609B": 1760711450.5757117,
    "../results/pref_l1/next_line/exp14_srrip_mockingjay/603.bwaves_s-2931B": 1760711450.5757117,
    "../results/pref_l1/next_line/exp14_srrip_mockingjay/603.bwaves_s-891B": 1760711450.5757117,
    "../results/pref_l1/next_line/exp14_srrip_mockingjay/605.mcf_s-1152B": 1760711450.5757117,
    "../results/pref_l1/next_line/exp14_srrip_mockingjay/605.mcf_s-1536B": 1760711450.5757117,
    "../results/pref_l1/next_line/exp14_srrip_mockingjay/605.mcf_s-1554B": 1760711450.5757117,
    "../results/pref_l1/next_line/exp14_srrip_mockingjay/605.mcf_s-1644B": 1760711450.5757117,
    "../results/pref_l1/next_line/exp14_srrip_mockingjay/605.mcf_s-472B": 1760711450.5757117,
    "../results/pref_l1/next_line/exp14_srrip_mockingjay/605.mcf_s-484B": 1760711450.5757117,
    "../results/pref_l1/next_line/exp14_srrip_mockingjay/605.mcf_s-665B": 1760711450.5757117,
    "../results/pref_l1/next_line/exp14_srrip_mockingjay/605.mcf_s-782B": 1760711450.5757117,
    "../results/pref_l1/next_line/exp14_srrip_mockingjay/605.mcf_s-994B": 1760711450.5757117,
    "../results/pref_l1/next_line/exp14_srrip_mockingjay/607.cactuBSSN_s-2421B": 1760711450.5757117,
    "../results/pref_l1/next_line/exp14_srrip_mockingjay/607.cactuBSSN_s-3477B": 1760711450.5757117,
    "../results/pref_l1/next_line/exp14_srrip_mockingjay/607.cactuBSSN_s-4004B": 1760711450.5757117,
    "../results/pref_l1/next_line/exp14_srrip_mockingjay/619.lbm_s-2676B": 1760711450.5757117,
    "../results/pref_l1/next_line/exp14_srrip_mockingjay/619.lbm_s-2677B": 1760711450.5757117,
    "../results/pref_l1/next_line/exp14_srrip_mockingjay/619.lbm_s-3766B": 1760711450.5757117,
    "../results/pref_l1/next_line/exp14_srrip_mockingjay/619.lbm_s-4268B": 1760711450.5757117,
    "../results/pref_l1/next_line/exp14_srrip_mockingjay/620.omnetpp_s-141B": 1760711450.5757117,
    "../results/pref_l1/next_line/exp14_srrip_mockingjay/620.omnetpp_s-874B": 1760711450.5757117,
    "../results/pref_l1/next_line/exp14_srrip_mockingjay/621.wrf_s-6673B": 1760711450.5757117,
    "../results/pref_l1/next_line/exp14_srrip_mockingjay/621.wrf_s-8065B": 1760711450.5767117,
    "../results/pref_l1/next_line/exp14_srrip_mockingjay/623.xalancbmk_s-10B": 1760711450.5767117,
    "../results/pref_l1/next_line/exp14_srrip_mockingjay/623.xalancbmk_s-165B": 1760711450.5767117,
    "../results/pref_l1/next_line/exp14_srrip_mockingjay/623.xalancbmk_s-202B": 1760711450.5767117,
    "../results/pref_l1/next_line/exp14_srrip_mockingjay/625.x264_s-20B": 1760711450.5767117,
    "../results/pref_l1/next_line/exp14_srrip_mockingjay/627.cam4_s-490B": 1760711450.5767117,
    "../results/pref_l1/next_line/exp14_srrip_mockingjay/628.pop2_s-17B": 1760711450.5767117,
    "../results/pref_l1/next_line/exp14_srrip_mockingjay/649.fotonik3d_s-10881B": 1760711450.5767117,
    "../results/pref_l1/next_line/exp14_srrip_mockingjay/649.fotonik3d_s-1176B": 1760711450.5767117,
    "../results/pref_l1/next_line/exp14_srrip_mockingjay/649.fotonik3d_s-7084B": 1760711450.5767117,
    "../results/pref_l1/next_line/exp14_srrip_mockingjay/649.fotonik3d_s-8225B": 1760711450.5767117,
    "../results/pref_l1/next_line/exp14_srrip_mockingjay/654.roms_s-1007B": 1760711450.5767117,
    "../results/pref_l1/next_line/exp14_srrip_mockingjay/654.roms_s-1070B": 1760711450.5767117,
    "../results/pref_l1/next_line/exp14_srrip_mockingjay/654.roms_s-1390B": 1760711450.5767117,
    "../results/pref_l1/next_line/exp14_srrip_mockingjay/654.roms_s-293B": 1760711450.5767117,
    "../results/pref_l1/next_line/exp14_srrip_mockingjay/654.roms_s-294B": 1760711450.5767117,
    "../results/pref_l1/next_line/exp14_srrip_mockingjay/654.roms_s-523B": 1760711450.5767117,
    "../results/pref_l1/next_line/exp14_srrip_mockingjay/657.xz_s-2302B": 1760711450.5767117,
    "../results/pref_l1/next_line/exp11_srrip_hawkeye/600.perlbench_s-570B": 1760711450.5727117,
    "../results/pref_l1/next_line/exp11_srrip_hawkeye/602.gcc_s-1850B": 1760711450.5727117,
    "../results/pref_l1/next_line/exp11_srrip_hawkeye/602.gcc_s-2226B": 1760711450.5727117,
    "../results/pref_l1/next_line/exp11_srrip_hawkeye/602.gcc_s-734B": 1760711450.5727117,
    "../results/pref_l1/next_line/exp11_srrip_hawkeye/603.bwaves_s-1740B": 1760711450.5727117,
    "../results/pref_l1/next_line/exp11_srrip_hawkeye/603.bwaves_s-2609B": 1760711450.5727117,
    "../results/pref_l1/next_line/exp11_srrip_hawkeye/603.bwaves_s-2931B": 1760711450.5727117,
    "../results/pref_l1/next_line/exp11_srrip_hawkeye/603.bwaves_s-891B": 1760711450.5727117,
    "../results/pref_l1/next_line/exp11_srrip_hawkeye/605.mcf_s-1152B": 1760711450.5727117,
    "../results/pref_l1/next_line/exp11_srrip_hawkeye/605.mcf_s-1536B": 1760711450.5727117,
    "../results/pref_l1/next_line/exp11_srrip_hawkeye/605.mcf_s-1554B": 1760711450.5727117,
    "../results/pref_l1/next_line/exp11_srrip_hawkeye/605.mcf_s-1644B": 1760711450.5727117,
    "../results/pref_l1/next_line/exp11_srrip_hawkeye/605.mcf_s-472B": 1760711450.5727117,
    "../results/pref_l1/next_line/exp11_srrip_hawkeye/605.mcf_s-484B": 1760711450.5727117,
    "../results/pref_l1/next_line/exp11_srrip_hawkeye/605.mcf_s-665B": 1760711450.5727117,
    "../results/pref_l1/next_line/exp11_srrip_hawkeye/605.mcf_s-782B": 1760711450.5727117,
    "../results/pref_l1/next_line/exp11_srrip_hawkeye/605.mcf_s-994B": 1760711450.5727117,
    "../results/pref_l1/next_line/exp11_srrip_hawkeye/607.cactuBSSN_s-2421B": 1760711450.5727117,
    "../results/pref_l1/next_line/exp11_srrip_hawkeye/607.cactuBSSN_s-3477B": 1760711450.5727117,
    "../results/pref_l1/next_line/exp11_srrip_hawkeye/607.cactuBSSN_s-4004B": 1760711450.5727117,
    "../results/pref_l1/next_line/exp11_srrip_hawkeye/619.lbm_s-2676B": 1760711450.5727117,
    "../results/pref_l1/next_line/exp11_srrip_hawkeye/619.lbm_s-2677B": 1760711450.5727117,
    "../results/pref_l1/next_line/exp11_srrip_hawkeye/619.lbm_s-3766B": 1760711450.5727117,
    "../results/pref_l1/next_line/exp11_srrip_hawkeye/619.lbm_s-4268B": 1760711450.5727117,
    "../results/pref_l1/next_line/exp11_srrip_hawkeye/620.omnetpp_s-141B": 1760711450.5727117,
    "../results/pref_l1/next_line/exp11_srrip_hawkeye/620.omnetpp_s-874B": 1760711450.5727117,
    "../results/pref_l1/next_line/exp11_srrip_hawkeye/621.wrf_s-6673B": 1760711450.5727117,
    "../results/pref_l1/next_line/exp11_srrip_hawkeye/621.wrf_s-8065B": 1760711450.5727117,
    "../results/pref_l1/next_line/exp11_srrip_hawkeye/623.xalancbmk_s-10B": 1760711450.5727117,
    "../results/pref_l1/next_line/exp11_srrip_hawkeye/623.xalancbmk_s-165B": 1760711450.5727117,
    "../results/pref_l1/next_line/exp11_srrip_hawkeye/623.xalancbmk_s-202B": 1760711450.5727117,
    "../results/pref_l1/next_line/exp11_srrip_hawkeye/625.x264_s-20B": 1760711450.5737116,
    "../results/pref_l1/next_line/exp11_srrip_hawkeye/627.cam4_s-490B": 1760711450.5737116,
    "../results/pref_l1/next_line/exp11_srrip_hawkeye/628.pop2_s-17B": 1760711450.5737116,
    "../results/pref_l1/next_line/exp11_srrip_hawkeye/649.fotonik3d_s-10881B": 1760711450.5737116,
    "../results/pref_l1/next_line/exp11_srrip_hawkeye/649.fotonik3d_s-1176B": 1760711450.5737116,
    "../results/pref_l1/next_line/exp11_srrip_hawkeye/649.fotonik3d_s-7084B": 1760711450.5737116,
    "../results/pref_l1/next_line/exp11_srrip_hawkeye/649.fotonik3d_s-8225B": 1760711450.5737116,
    "../results/pref_l1/next_line/exp11_srrip_hawkeye/654.roms_s-1007B": 1760711450.5737116,
    "../results/pref_l1/next_line/exp11_srrip_hawkeye/654.roms_s-1070B": 1760711450.5737116,
    "../results/pref_l1/next_line/exp11_srrip_hawkeye/654.roms_s-1390B": 1760711450.5737116,
    "../results/pref_l1/next_line/exp11_srrip_hawkeye/654.roms_s-293B": 1760711450.5737116,
    "../results/pref_l1/next_line/exp11_srrip_hawkeye/654.roms_s-294B": 1760711450.5737116,
    "../results/pref_l1/next_line/exp11_srrip_hawkeye/654.roms_s-523B": 1760711450.5737116,
    "../results/pref_l1/next_line/exp11_srrip_hawkeye/657.xz_s-2302B": 1760711450.5737116,
    "../results/pref_l1/next_line/exp13_srrip_ship++/600.perlbench_s-570B": 1760711450.5747116,
    "../results/pref_l1/next_line/exp13_srrip_ship++/602.gcc_s-1850B": 1760711450.5747116,
    "../results/pref_l1/next_line/exp13_srrip_ship++/602.gcc_s-2226B": 1760711450.5747116,
    "../results/pref_l1/next_line/exp13_srrip_ship++/602.gcc_s-734B": 1760711450.5747116,
    "../results/pref_l1/next_line/exp13_srrip_ship++/603.bwaves_s-1740B": 1760711450.5747116,
    "../results/pref_l1/next_line/exp13_srrip_ship++/603.bwaves_s-2609B": 1760711450.5747116,
    "../results/pref_l1/next_line/exp13_srrip_ship++/603.bwaves_s-2931B": 1760711450.5747116,
    "../results/pref_l1/next_line/exp13_srrip_ship++/603.bwaves_s-891B": 1760711450.5747116,
    "../results/pref_l1/next_line/exp13_srrip_ship++/605.mcf_s-1152B": 1760711450.5747116,
    "../results/pref_l1/next_line/exp13_srrip_ship++/605.mcf_s-1536B": 1760711450.5747116,
    "../results/pref_l1/next_line/exp13_srrip_ship++/605.mcf_s-1554B": 1760711450.5747116,
    "../results/pref_l1/next_line/exp13_srrip_ship++/605.mcf_s-1644B": 1760711450.5747116,
    "../results/pref_l1/next_line/exp13_srrip_ship++/605.mcf_s-472B": 1760711450.5747116,
    "../results/pref_l1/next_line/exp13_srrip_ship++/605.mcf_s-484B": 1760711450.5747116,
    "../results/pref_l1/next_line/exp13_srrip_ship++/605.mcf_s-665B": 1760711450.5747116,
    "../results/pref_l1/next_line/exp13_srrip_ship++/605.mcf_s-782B": 1760711450.5747116,
    "../results/pref_l1/next_line/exp13_srrip_ship++/605.mcf_s-994B": 1760711450.5747116,
    "../results/pref_l1/next_line/exp13_srrip_ship++/607.cactuBSSN_s-2421B": 1760711450.5747116,
    "../results/pref_l1/next_line/exp13_srrip_ship++/607.cactuBSSN_s-3477B": 1760711450.5747116,
    "../results/pref_l1/next_line/exp13_srrip_ship++/607.cactuBSSN_s-4004B": 1760711450.5747116,
    "../results/pref_l1/next_line/exp13_srrip_ship++/619.lbm_s-2676B": 1760711450.5747116,
    "../results/pref_l1/next_line/exp13_srrip_ship++/619.lbm_s-2677B": 1760711450.5747116,
    "../results/pref_l1/next_line/exp13_srrip_ship++/619.lbm_s-3766B": 1760711450.5747116,
    "../results/pref_l1/next_line/exp13_srrip_ship++/619.lbm_s-4268B": 1760711450.5747116,
    "../results/pref_l1/next_line/exp13_srrip_ship++/620.omnetpp_s-141B": 1760711450.5747116,
    "../results/pref_l1/next_line/exp13_srrip_ship++/620.omnetpp_s-874B": 1760711450.5747116,
    "../results/pref_l1/next_line/exp13_srrip_ship++/621.wrf_s-6673B": 1760711450.5747116,
    "../results/pref_l1/next_line/exp13_srrip_ship++/621.wrf_s-8065B": 1760711450.5757117,
    "../results/pref_l1/next_line/exp13_srrip_ship++/623.xalancbmk_s-10B": 1760711450.5757117,
    "../results/pref_l1/next_line/exp13_srrip_ship++/623.xalancbmk_s-165B": 1760711450.5757117,
    "../results/pref_l1/next_line/exp13_srrip_ship++/623.xalancbmk_s-202B": 1760711450.5757117,
    "../results/pref_l1/next_line/exp13_srrip_ship++/625.x264_s-20B": 1760711450.5757117,
    "../results/pref_l1/next_line/exp13_srrip_ship++/627.cam4_s-490B": 1760711450.5757117,
    "../results/pref_l1/next_line/exp13_srrip_ship++/628.pop2_s-17B": 1760711450.5757117,
    "../results/pref_l1/next_line/exp13_srrip_ship++/649.fotonik3d_s-10881B": 1760711450.5757117,
    "../results/pref_l1/next_line/exp13_srrip_ship++/649.fotonik3d_s-1176B": 1760711450.5757117,
    "../results/pref_l1/next_line/exp13_srrip_ship++/649.fotonik3d_s-7084B": 1760711450.5757117,
    "../results/pref_l1/next_line/exp13_srrip_ship++/649.fotonik3d_s-8225B": 1760711450.5757117,
    "../results/pref_l1/next_line/exp13_srrip_ship++/654.roms_s-1007B": 1760711450.5757117,
    "../results/pref_l1/next_line/exp13_srrip_ship++/654.roms_s-1070B": 1760711450.5757117,
    "../results/pref_l1/next_line/exp13_srrip_ship++/654.roms_s-1390B": 1760711450.5757117,
    "../results/pref_l1/next_line/exp13_srrip_ship++/654.roms_s-293B": 1760711450.5757117,
    "../results/pref_l1/next_line/exp13_srrip_ship++/654.roms_s-294B": 1760711450.5757117,
    "../results/pref_l1/next_line/exp13_srrip_ship++/654.roms_s-523B": 1760711450.5757117,
    "../results/pref_l1/next_line/exp13_srrip_ship++/657.xz_s-2302B": 1760711450.5757117,
    "../results/pref_l1/next_line/exp3_lru_drrip/600.perlbench_s-570B": 1760711450.5787117,
    "../results/pref_l1/next_line/exp3_lru_drrip/602.gcc_s-1850B": 1760711450.5787117,
    "../results/pref_l1/next_line/exp3_lru_drrip/602.gcc_s-2226B": 1760711450.5787117,
    "../results/pref_l1/next_line/exp3_lru_drrip/602.gcc_s-734B": 1760711450.5787117,
    "../results/pref_l1/next_line/exp3_lru_drrip/603.bwaves_s-1740B": 1760711450.5787117,
    "../results/pref_l1/next_line/exp3_lru_drrip/603.bwaves_s-2609B": 1760711450.5787117,
    "../results/pref_l1/next_line/exp3_lru_drrip/603.bwaves_s-2931B": 1760711450.5787117,
    "../results/pref_l1/next_line/exp3_lru_drrip/603.bwaves_s-891B": 1760711450.5787117,
    "../results/pref_l1/next_line/exp3_lru_drrip/605.mcf_s-1152B": 1760711450.5787117,
    "../results/pref_l1/next_line/exp3_lru_drrip/605.mcf_s-1536B": 1760711450.5787117,
    "../results/pref_l1/next_line/exp3_lru_drrip/605.mcf_s-1554B": 1760711450.5787117,
    "../results/pref_l1/next_line/exp3_lru_drrip/605.mcf_s-1644B": 1760711450.5787117,
    "../results/pref_l1/next_line/exp3_lru_drrip/605.mcf_s-472B": 1760711450.5787117,
    "../results/pref_l1/next_line/exp3_lru_drrip/605.mcf_s-484B": 1760711450.5787117,
    "../results/pref_l1/next_line/exp3_lru_drrip/605.mcf_s-665B": 1760711450.5787117,
    "../results/pref_l1/next_line/exp3_lru_drrip/605.mcf_s-782B": 1760711450.5787117,
    "../results/pref_l1/next_line/exp3_lru_drrip/605.mcf_s-994B": 1760711450.5787117,
    "../results/pref_l1/next_line/exp3_lru_drrip/607.cactuBSSN_s-2421B": 1760711450.5787117,
    "../results/pref_l1/next_line/exp3_lru_drrip/607.cactuBSSN_s-3477B": 1760711450.5787117,
    "../results/pref_l1/next_line/exp3_lru_drrip/607.cactuBSSN_s-4004B": 1760711450.5787117,
    "../results/pref_l1/next_line/exp3_lru_drrip/619.lbm_s-2676B": 1760711450.5787117,
    "../results/pref_l1/next_line/exp3_lru_drrip/619.lbm_s-2677B": 1760711450.5787117,
    "../results/pref_l1/next_line/exp3_lru_drrip/619.lbm_s-3766B": 1760711450.5797117,
    "../results/pref_l1/next_line/exp3_lru_drrip/619.lbm_s-4268B": 1760711450.5797117,
    "../results/pref_l1/next_line/exp3_lru_drrip/620.omnetpp_s-141B": 1760711450.5797117,
    "../results/pref_l1/next_line/exp3_lru_drrip/620.omnetpp_s-874B": 1760711450.5797117,
    "../results/pref_l1/next_line/exp3_lru_drrip/621.wrf_s-6673B": 1760711450.5797117,
    "../results/pref_l1/next_line/exp3_lru_drrip/621.wrf_s-8065B": 1760711450.5797117,
    "../results/pref_l1/next_line/exp3_lru_drrip/623.xalancbmk_s-10B": 1760711450.5797117,
    "../results/pref_l1/next_line/exp3_lru_drrip/623.xalancbmk_s-165B": 1760711450.5797117,
    "../results/pref_l1/next_line/exp3_lru_drrip/623.xalancbmk_s-202B": 1760711450.5797117,
    "../results/pref_l1/next_line/exp3_lru_drrip/625.x264_s-20B": 1760711450.5797117,
    "../results/pref_l1/next_line/exp3_lru_drrip/627.cam4_s-490B": 1760711450.5797117,
    "../results/pref_l1/next_line/exp3_lru_drrip/628.pop2_s-17B": 1760711450.5797117,
    "../results/pref_l1/next_line/exp3_lru_drrip/649.fotonik3d_s-10881B": 1760711450.5797117,
    "../results/pref_l1/next_line/exp3_lru_drrip/649.fotonik3d_s-1176B": 1760711450.5797117,
    "../results/pref_l1/next_line/exp3_lru_drrip/649.fotonik3d_s-7084B": 1760711450.5797117,
    "../results/pref_l1/next_line/exp3_lru_drrip/649.fotonik3d_s-8225B": 1760711450.5797117,
    "../results/pref_l1/next_line/exp3_lru_drrip/654.roms_s-1007B": 1760711450.5797117,
    "../results/pref_l1/next_line/exp3_lru_drrip/654.roms_s-1070B": 1760711450.5797117,
    "../results/pref_l1/next_line/exp3_lru_drrip/654.roms_s-1390B": 1760711450.5797117,
    "../results/pref_l1/next_line/exp3_lru_drrip/654.roms_s-293B": 1760711450.5797117,
    "../results/pref_l1/next_line/exp3_lru_drrip/654.roms_s-294B": 1760711450.5797117,
    "../results/pref_l1/next_line/exp3_lru_drrip/654.roms_s-523B": 1760711450.5797117,
    "../results/pref_l1/next_line/exp3_lru_drrip/657.xz_s-2302B": 1760711450.5797117,
    "../results/pref_l1/next_line/exp4_lru_hawkeye/600.perlbench_s-570B": 1760711450.5797117,
    "../results/pref_l1/next_line/exp4_lru_hawkeye/602.gcc_s-1850B": 1760711450.5797117,
    "../results/pref_l1/next_line/exp4_lru_hawkeye/602.gcc_s-2226B": 1760711450.5797117,
    "../results/pref_l1/next_line/exp4_lru_hawkeye/602.gcc_s-734B": 1760711450.5797117,
    "../results/pref_l1/next_line/exp4_lru_hawkeye/603.bwaves_s-1740B": 1760711450.5797117,
    "../results/pref_l1/next_line/exp4_lru_hawkeye/603.bwaves_s-2609B": 1760711450.5797117,
    "../results/pref_l1/next_line/exp4_lru_hawkeye/603.bwaves_s-2931B": 1760711450.5797117,
    "../results/pref_l1/next_line/exp4_lru_hawkeye/603.bwaves_s-891B": 1760711450.5797117,
    "../results/pref_l1/next_line/exp4_lru_hawkeye/605.mcf_s-1152B": 1760711450.5797117,
    "../results/pref_l1/next_line/exp4_lru_hawkeye/605.mcf_s-1536B": 1760711450.5797117,
    "../results/pref_l1/next_line/exp4_lru_hawkeye/605.mcf_s-1554B": 1760711450.5797117,
    "../results/pref_l1/next_line/exp4_lru_hawkeye/605.mcf_s-1644B": 1760711450.5797117,
    "../results/pref_l1/next_line/exp4_lru_hawkeye/605.mcf_s-472B": 1760711450.5797117,
    "../results/pref_l1/next_line/exp4_lru_hawkeye/605.mcf_s-484B": 1760711450.5797117,
    "../results/pref_l1/next_line/exp4_lru_hawkeye/605.mcf_s-665B": 1760711450.5797117,
    "../results/pref_l1/next_line/exp4_lru_hawkeye/605.mcf_s-782B": 1760711450.5797117,
    "../results/pref_l1/next_line/exp4_lru_hawkeye/605.mcf_s-994B": 1760711450.5807116,
    "../results/pref_l1/next_line/exp4_lru_hawkeye/607.cactuBSSN_s-2421B": 1760711450.5807116,
    "../results/pref_l1/next_line/exp4_lru_hawkeye/607.cactuBSSN_s-3477B": 1760711450.5807116,
    "../results/pref_l1/next_line/exp4_lru_hawkeye/607.cactuBSSN_s-4004B": 1760711450.5807116,
    "../results/pref_l1/next_line/exp4_lru_hawkeye/619.lbm_s-2676B": 1760711450.5807116,
    "../results/pref_l1/next_line/exp4_lru_hawkeye/619.lbm_s-2677B": 1760711450.5807116,
    "../results/pref_l1/next_line/exp4_lru_hawkeye/619.lbm_s-3766B": 1760711450.5807116,
    "../results/pref_l1/next_line/exp4_lru_hawkeye/619.lbm_s-4268B": 1760711450.5807116,
    "../results/pref_l1/next_line/exp4_lru_hawkeye/620.omnetpp_s-141B": 1760711450.5807116,
    "../results/pref_l1/next_line/exp4_lru_hawkeye/620.omnetpp_s-874B": 1760711450.5807116,
    "../results/pref_l1/next_line/exp4_lru_hawkeye/621.wrf_s-6673B": 1760711450.5807116,
    "../results/pref_l1/next_line/exp4_lru_hawkeye/621.wrf_s-8065B": 1760711450.5807116,
    "../results/pref_l1/next_line/exp4_lru_hawkeye/623.xalancbmk_s-10B": 1760711450.5807116,
    "../results/pref_l1/next_line/exp4_lru_hawkeye/623.xalancbmk_s-165B": 1760711450.5807116,
    "../results/pref_l1/next_line/exp4_lru_hawkeye/623.xalancbmk_s-202B": 1760711450.5807116,
    "../results/pref_l1/next_line/exp4_lru_hawkeye/625.x264_s-20B": 1760711450.5807116,
    "../results/pref_l1/next_line/exp4_lru_hawkeye/627.cam4_s-490B": 1760711450.5807116,
    "../results/pref_l1/next_line/exp4_lru_hawkeye/628.pop2_s-17B": 1760711450.5807116,
    "../results/pref_l1/next_line/exp4_lru_hawkeye/649.fotonik3d_s-10881B": 1760711450.5807116,
    "../results/pref_l1/next_line/exp4_lru_hawkeye/649.fotonik3d_s-1176B": 1760711450.5807116,
    "../results/pref_l1/next_line/exp4_lru_hawkeye/649.fotonik3d_s-7084B": 1760711450.5807116,
    "../results/pref_l1/next_line/exp4_lru_hawkeye/649.fotonik3d_s-8225B": 1760711450.5807116,
    "../results/pref_l1/next_line/exp4_lru_hawkeye/654.roms_s-1007B": 1760711450.5807116,
    "../results/pref_l1/next_line/exp4_lru_hawkeye/654.roms_s-1070B": 1760711450.5807116,
    "../results/pref_l1/next_line/exp4_lru_hawkeye/654.roms_s-1390B": 1760711450.5807116,
    "../results/pref_l1/next_line/exp4_lru_hawkeye/654.roms_s-293B": 1760711450.5807116,
    "../results/pref_l1/next_line/exp4_lru_hawkeye/654.roms_s-294B": 1760711450.5807116,
    "../results/pref_l1/next_line/exp4_lru_hawkeye/654.roms_s-523B": 1760711450.5817118,
    "../results/pref_l1/next_line/exp4_lru_hawkeye/657.xz_s-2302B": 1760711450.5817118,
    "../results/pref_l1/next_line/exp2_lru_srrip/600.perlbench_s-570B": 1760711450.5777116,
    "../results/pref_l1/next_line/exp2_lru_srrip/602.gcc_s-1850B": 1760711450.5777116,
    "../results/pref_l1/next_line/exp2_lru_srrip/602.gcc_s-2226B": 1760711450.5777116,
    "../results/pref_l1/next_line/exp2_lru_srrip/602.gcc_s-734B": 1760711450.5777116,
    "../results/pref_l1/next_line/exp2_lru_srrip/603.bwaves_s-1740B": 1760711450.5777116,
    "../results/pref_l1/next_line/exp2_lru_srrip/603.bwaves_s-2609B": 1760711450.5777116,
    "../results/pref_l1/next_line/exp2_lru_srrip/603.bwaves_s-2931B": 1760711450.5777116,
    "../results/pref_l1/next_line/exp2_lru_srrip/603.bwaves_s-891B": 1760711450.5777116,
    "../results/pref_l1/next_line/exp2_lru_srrip/605.mcf_s-1152B": 1760711450.5777116,
    "../results/pref_l1/next_line/exp2_lru_srrip/605.mcf_s-1536B": 1760711450.5777116,
    "../results/pref_l1/next_line/exp2_lru_srrip/605.mcf_s-1554B": 1760711450.5777116,
    "../results/pref_l1/next_line/exp2_lru_srrip/605.mcf_s-1644B": 1760711450.5777116,
    "../results/pref_l1/next_line/exp2_lru_srrip/605.mcf_s-472B": 1760711450.5777116,
    "../results/pref_l1/next_line/exp2_lru_srrip/605.mcf_s-484B": 1760711450.5777116,
    "../results/pref_l1/next_line/exp2_lru_srrip/605.mcf_s-665B": 1760711450.5777116,
    "../results/pref_l1/next_line/exp2_lru_srrip/605.mcf_s-782B": 1760711450.5777116,
    "../results/pref_l1/next_line/exp2_lru_srrip/605.mcf_s-994B": 1760711450.5777116,
    "../results/pref_l1/next_line/exp2_lru_srrip/607.cactuBSSN_s-2421B": 1760711450.5777116,
    "../results/pref_l1/next_line/exp2_lru_srrip/607.cactuBSSN_s-3477B": 1760711450.5777116,
    "../results/pref_l1/next_line/exp2_lru_srrip/607.cactuBSSN_s-4004B": 1760711450.5777116,
    "../results/pref_l1/next_line/exp2_lru_srrip/619.lbm_s-2676B": 1760711450.5777116,
    "../results/pref_l1/next_line/exp2_lru_srrip/619.lbm_s-2677B": 1760711450.5777116,
    "../results/pref_l1/next_line/exp2_lru_srrip/619.lbm_s-3766B": 1760711450.5777116,
    "../results/pref_l1/next_line/exp2_lru_srrip/619.lbm_s-4268B": 1760711450.5787117,
    "../results/pref_l1/next_line/exp2_lru_srrip/620.omnetpp_s-141B": 1760711450.5787117,
    "../results/pref_l1/next_line/exp2_lru_srrip/620.omnetpp_s-874B": 1760711450.5787117,
    "../results/pref_l1/next_line/exp2_lru_srrip/621.wrf_s-6673B": 1760711450.5787117,
    "../results/pref_l1/next_line/exp2_lru_srrip/621.wrf_s-8065B": 1760711450.5787117,
    "../results/pref_l1/next_line/exp2_lru_srrip/623.xalancbmk_s-10B": 1760711450.5787117,
    "../results/pref_l1/next_line/exp2_lru_srrip/623.xalancbmk_s-165B": 1760711450.5787117,
    "../results/pref_l1/next_line/exp2_lru_srrip/623.xalancbmk_s-202B": 1760711450.5787117,
    "../results/pref_l1/next_line/exp2_lru_srrip/625.x264_s-20B": 1760711450.5787117,
    "../results/pref_l1/next_line/exp2_lru_srrip/627.cam4_s-490B": 1760711450.5787117,
    "../results/pref_l1/next_line/exp2_lru_srrip/628.pop2_s-17B": 1760711450.5787117,
    "../results/pref_l1/next_line/exp2_lru_srrip/649.fotonik3d_s-10881B": 1760711450.5787117,
    "../results/pref_l1/next_line/exp2_lru_srrip/649.fotonik3d_s-1176B": 1760711450.5787117,
    "../results/pref_l1/next_line/exp2_lru_srrip/649.fotonik3d_s-7084B": 1760711450.5787117,
    "../results/pref_l1/next_line/exp2_lru_srrip/649.fotonik3d_s-8225B": 1760711450.5787117,
    "../results/pref_l1/next_line/exp2_lru_srrip/654.roms_s-1007B": 1760711450.5787117,
    "../results/pref_l1/next_line/exp2_lru_srrip/654.roms_s-1070B": 1760711450.5787117,
    "../results/pref_l1/next_line/exp2_lru_srrip/654.roms_s-1390B": 1760711450.5787117,
    "../results/pref_l1/next_line/exp2_lru_srrip/654.roms_s-293B": 1760711450.5787117,
    "../results/pref_l1/next_line/exp2_lru_srrip/654.roms_s-294B": 1760711450.5787117,
    "../results/pref_l1/next_line/exp2_lru_srrip/654.roms_s-523B": 1760711450.5787117,
    "../results/pref_l1/next_line/exp2_lru_srrip/657.xz_s-2302B": 1760711450.5787117,
    "../results/pref_l1/next_line/exp5_lru_ship/600.perlbench_s-570B": 1760711450.5817118,
    "../results/pref_l1/next_line/exp5_lru_ship/602.gcc_s-1850B": 1760711450.5817118,
    "../results/pref_l1/next_line/exp5_lru_ship/602.gcc_s-2226B": 1760711450.5817118,
    "../results/pref_l1/next_line/exp5_lru_ship/602.gcc_s-734B": 1760711450.5817118,
    "../results/pref_l1/next_line/exp5_lru_ship/603.bwaves_s-1740B": 1760711450.5817118,
    "../results/pref_l1/next_line/exp5_lru_ship/603.bwaves_s-2609B": 1760711450.5817118,
    "../results/pref_l1/next_line/exp5_lru_ship/603.bwaves_s-2931B": 1760711450.5817118,
    "../results/pref_l1/next_line/exp5_lru_ship/603.bwaves_s-891B": 1760711450.5817118,
    "../results/pref_l1/next_line/exp5_lru_ship/605.mcf_s-1152B": 1760711450.5817118,
    "../results/pref_l1/next_line/exp5_lru_ship/605.mcf_s-1536B": 1760711450.5817118,
    "../results/pref_l1/next_line/exp5_lru_ship/605.mcf_s-1554B": 1760711450.5817118,
    "../results/pref_l1/next_line/exp5_lru_ship/605.mcf_s-1644B": 1760711450.5817118,
    "../results/pref_l1/next_line/exp5_lru_ship/605.mcf_s-472B": 1760711450.5817118,
    "../results/pref_l1/next_line/exp5_lru_ship/605.mcf_s-484B": 1760711450.5817118,
    "../results/pref_l1/next_line/exp5_lru_ship/605.mcf_s-665B": 1760711450.5817118,
    "../results/pref_l1/next_line/exp5_lru_ship/605.mcf_s-782B": 1760711450.5817118,
    "../results/pref_l1/next_line/exp5_lru_ship/605.mcf_s-994B": 1760711450.5817118,
    "../results/pref_l1/next_line/exp5_lru_ship/607.cactuBSSN_s-2421B": 1760711450.5817118,
    "../results/pref_l1/next_line/exp5_lru_ship/607.cactuBSSN_s-3477B": 1760711450.5817118,
    "../results/pref_l1/next_line/exp5_lru_ship/607.cactuBSSN_s-4004B": 1760711450.5817118,
    "../results/pref_l1/next_line/exp5_lru_ship/619.lbm_s-2676B": 1760711450.5817118,
    "../results/pref_l1/next_line/exp5_lru_ship/619.lbm_s-2677B": 1760711450.5817118,
    "../results/pref_l1/next_line/exp5_lru_ship/619.lbm_s-3766B": 1760711450.5817118,
    "../results/pref_l1/next_line/exp5_lru_ship/619.lbm_s-4268B": 1760711450.5817118,
    "../results/pref_l1/next_line/exp5_lru_ship/620.omnetpp_s-141B": 1760711450.5817118,
    "../results/pref_l1/next_line/exp5_lru_ship/620.omnetpp_s-874B": 1760711450.5817118,
    "../results/pref_l1/next_line/exp5_lru_ship/621.wrf_s-6673B": 1760711450.5817118,
    "../results/pref_l1/next_line/exp5_lru_ship/621.wrf_s-8065B": 1760711450.5817118,
    "../results/pref_l1/next_line/exp5_lru_ship/623.xalancbmk_s-10B": 1760711450.5817118,
    "../results/pref_l1/next_line/exp5_lru_ship/623.xalancbmk_s-165B": 1760711450.5817118,
    "../results/pref_l1/next_line/exp5_lru_ship/623.xalancbmk_s-202B": 1760711450.5827117,
    "../results/pref_l1/next_line/exp5_lru_ship/625.x264_s-20B": 1760711450.5827117,
    "../results/pref_l1/next_line/exp5_lru_ship/627.cam4_s-490B": 1760711450.5827117,
    "../results/pref_l1/next_line/exp5_lru_ship/628.pop2_s-17B": 1760711450.5827117,
    "../results/pref_l1/next_line/exp5_lru_ship/649.fotonik3d_s-10881B": 1760711450.5827117,
    "../results/pref_l1/next_line/exp5_lru_ship/649.fotonik3d_s-1176B": 1760711450.5827117,
    "../results/pref_l1/next_line/exp5_lru_ship/649.fotonik3d_s-7084B": 1760711450.5827117,
    "../results/pref_l1/next_line/exp5_lru_ship/649.fotonik3d_s-8225B": 1760711450.5827117,
    "../results/pref_l1/next_line/exp5_lru_ship/654.roms_s-1007B": 1760711450.5827117,
    "../results/pref_l1/next_line/exp5_lru_ship/654.roms_s-1070B": 1760711450.5827117,
    "../results/pref_l1/next_line/exp5_lru_ship/654.roms_s-1390B": 1760711450.5827117,
    "../results/pref_l1/next_line/exp5_lru_ship/654.roms_s-293B": 1760711450.5827117,
    "../results/pref_l1/next_line/exp5_lru_ship/654.roms_s-294B": 1760711450.5827117,
    "../results/pref_l1/next_line/exp5_lru_ship/654.roms_s-523B": 1760711450.5827117,
    "../results/pref_l1/next_line/exp5_lru_ship/657.xz_s-2302B": 1760711450.5827117,
    "../results/pref_l1/next_line/exp9_srrip_srrip/600.perlbench_s-570B": 1760711450.5857117,
    "../results/pref_l1/next_line/exp9_srrip_srrip/602.gcc_s-1850B": 1760711450.5857117,
    "../results/pref_l1/next_line/exp9_srrip_srrip/602.gcc_s-2226B": 1760711450.5857117,
    "../results/pref_l1/next_line/exp9_srrip_srrip/602.gcc_s-734B": 1760711450.5857117,
    "../results/pref_l1/next_line/exp9_srrip_srrip/603.bwaves_s-1740B": 1760711450.5857117,
    "../results/pref_l1/next_line/exp9_srrip_srrip/603.bwaves_s-2609B": 1760711450.5857117,
    "../results/pref_l1/next_line/exp9_srrip_srrip/603.bwaves_s-2931B": 1760711450.5857117,
    "../results/pref_l1/next_line/exp9_srrip_srrip/603.bwaves_s-891B": 1760711450.5857117,
    "../results/pref_l1/next_line/exp9_srrip_srrip/605.mcf_s-1152B": 1760711450.5857117,
    "../results/pref_l1/next_line/exp9_srrip_srrip/605.mcf_s-1536B": 1760711450.5857117,
    "../results/pref_l1/next_line/exp9_srrip_srrip/605.mcf_s-1554B": 1760711450.5857117,
    "../results/pref_l1/next_line/exp9_srrip_srrip/605.mcf_s-1644B": 1760711450.5857117,
    "../results/pref_l1/next_line/exp9_srrip_srrip/605.mcf_s-472B": 1760711450.5857117,
    "../results/pref_l1/next_line/exp9_srrip_srrip/605.mcf_s-484B": 1760711450.5857117,
    "../results/pref_l1/next_line/exp9_srrip_srrip/605.mcf_s-665B": 1760711450.5857117,
    "../results/pref_l1/next_line/exp9_srrip_srrip/605.mcf_s-782B": 1760711450.5857117,
    "../results/pref_l1/next_line/exp9_srrip_srrip/605.mcf_s-994B": 1760711450.5857117,
    "../results/pref_l1/next_line/exp9_srrip_srrip/607.cactuBSSN_s-2421B": 1760711450.5857117,
    "../results/pref_l1/next_line/exp9_srrip_srrip/607.cactuBSSN_s-3477B": 1760711450.586712,
    "../results/pref_l1/next_line/exp9_srrip_srrip/607.cactuBSSN_s-4004B": 1760711450.586712,
    "../results/pref_l1/next_line/exp9_srrip_srrip/619.lbm_s-2676B": 1760711450.586712,
    "../results/pref_l1/next_line/exp9_srrip_srrip/619.lbm_s-2677B": 1760711450.586712,
    "../results/pref_l1/next_line/exp9_srrip_srrip/619.lbm_s-3766B": 1760711450.586712,
    "../results/pref_l1/next_line/exp9_srrip_srrip/619.lbm_s-4268B": 1760711450.586712,
    "../results/pref_l1/next_line/exp9_srrip_srrip/620.omnetpp_s-141B": 1760711450.586712,
    "../results/pref_l1/next_line/exp9_srrip_srrip/620.omnetpp_s-874B": 1760711450.586712,
    "../results/pref_l1/next_line/exp9_srrip_srrip/621.wrf_s-6673B": 1760711450.586712,
    "../results/pref_l1/next_line/exp9_srrip_srrip/621.wrf_s-8065B": 1760711450.586712,
    "../results/pref_l1/next_line/exp9_srrip_srrip/623.xalancbmk_s-10B": 1760711450.586712,
    "../results/pref_l1/next_line/exp9_srrip_srrip/623.xalancbmk_s-165B": 1760711450.586712,
    "../results/pref_l1/next_line/exp9_srrip_srrip/623.xalancbmk_s-202B": 1760711450.586712,
    "../results/pref_l1/next_line/exp9_srrip_srrip/625.x264_s-20B": 1760711450.586712,
    "../results/pref_l1/next_line/exp9_srrip_srrip/627.cam4_s-490B": 1760711450.586712,
    "../results/pref_l1/next_line/exp9_srrip_srrip/628.pop2_s-17B": 1760711450.586712,
    "../results/pref_l1/next_line/exp9_srrip_srrip/649.fotonik3d_s-10881B": 1760711450.586712,
    "../results/pref_l1/next_line/exp9_srrip_srrip/649.fotonik3d_s-1176B": 1760711450.586712,
    "../results/pref_l1/next_line/exp9_srrip_srrip/649.fotonik3d_s-7084B": 1760711450.586712,
    "../results/pref_l1/next_line/exp9_srrip_srrip/649.fotonik3d_s-8225B": 1760711450.586712,
    "../results/pref_l1/next_line/exp9_srrip_srrip/654.roms_s-1007B": 1760711450.586712,
    "../results/pref_l1/next_line/exp9_srrip_srrip/654.roms_s-1070B": 1760711450.586712,
    "../results/pref_l1/next_line/exp9_srrip_srrip/654.roms_s-1390B": 1760711450.586712,
    "../results/pref_l1/next_line/exp9_srrip_srrip/654.roms_s-293B": 1760711450.586712,
    "../results/pref_l1/next_line/exp9_srrip_srrip/654.roms_s-294B": 1760711450.586712,
    "../results/pref_l1/next_line/exp9_srrip_srrip/654.roms_s-523B": 1760711450.586712,
    "../results/pref_l1/next_line/exp9_srrip_srrip/657.xz_s-2302B": 1760711450.586712,
    "../results/pref_l1/next_line/exp8_srrip_lru/600.perlbench_s-570B": 1760711450.5847118,
    "../results/pref_l1/next_line/exp8_srrip_lru/602.gcc_s-1850B": 1760711450.5847118,
    "../results/pref_l1/next_line/exp8_srrip_lru/602.gcc_s-2226B": 1760711450.5847118,
    "../results/pref_l1/next_line/exp8_srrip_lru/602.gcc_s-734B": 1760711450.5847118,
    "../results/pref_l1/next_line/exp8_srrip_lru/603.bwaves_s-1740B": 1760711450.5847118,
    "../results/pref_l1/next_line/exp8_srrip_lru/603.bwaves_s-2609B": 1760711450.5847118,
    "../results/pref_l1/next_line/exp8_srrip_lru/603.bwaves_s-2931B": 1760711450.5847118,
    "../results/pref_l1/next_line/exp8_srrip_lru/603.bwaves_s-891B": 1760711450.5847118,
    "../results/pref_l1/next_line/exp8_srrip_lru/605.mcf_s-1152B": 1760711450.5847118,
    "../results/pref_l1/next_line/exp8_srrip_lru/605.mcf_s-1536B": 1760711450.5847118,
    "../results/pref_l1/next_line/exp8_srrip_lru/605.mcf_s-1554B": 1760711450.5847118,
    "../results/pref_l1/next_line/exp8_srrip_lru/605.mcf_s-1644B": 1760711450.5847118,
    "../results/pref_l1/next_line/exp8_srrip_lru/605.mcf_s-472B": 1760711450.5847118,
    "../results/pref_l1/next_line/exp8_srrip_lru/605.mcf_s-484B": 1760711450.5847118,
    "../results/pref_l1/next_line/exp8_srrip_lru/605.mcf_s-665B": 1760711450.5847118,
    "../results/pref_l1/next_line/exp8_srrip_lru/605.mcf_s-782B": 1760711450.5847118,
    "../results/pref_l1/next_line/exp8_srrip_lru/605.mcf_s-994B": 1760711450.5847118,
    "../results/pref_l1/next_line/exp8_srrip_lru/607.cactuBSSN_s-2421B": 1760711450.5847118,
    "../results/pref_l1/next_line/exp8_srrip_lru/607.cactuBSSN_s-3477B": 1760711450.5847118,
    "../results/pref_l1/next_line/exp8_srrip_lru/607.cactuBSSN_s-4004B": 1760711450.5857117,
    "../results/pref_l1/next_line/exp8_srrip_lru/619.lbm_s-2676B": 1760711450.5857117,
    "../results/pref_l1/next_line/exp8_srrip_lru/619.lbm_s-2677B": 1760711450.5857117,
    "../results/pref_l1/next_line/exp8_srrip_lru/619.lbm_s-3766B": 1760711450.5857117,
    "../results/pref_l1/next_line/exp8_srrip_lru/619.lbm_s-4268B": 1760711450.5857117,
    "../results/pref_l1/next_line/exp8_srrip_lru/620.omnetpp_s-141B": 1760711450.5857117,
    "../results/pref_l1/next_line/exp8_srrip_lru/620.omnetpp_s-874B": 1760711450.5857117,
    "../results/pref_l1/next_line/exp8_srrip_lru/621.wrf_s-6673B": 1760711450.5857117,
    "../results/pref_l1/next_line/exp8_srrip_lru/621.wrf_s-8065B": 1760711450.5857117,
    "../results/pref_l1/next_line/exp8_srrip_lru/623.xalancbmk_s-10B": 1760711450.5857117,
    "../results/pref_l1/next_line/exp8_srrip_lru/623.xalancbmk_s-165B": 1760711450.5857117,
    "../results/pref_l1/next_line/exp8_srrip_lru/623.xalancbmk_s-202B": 1760711450.5857117,
    "../results/pref_l1/next_line/exp8_srrip_lru/625.x264_s-20B": 1760711450.5857117,
    "../results/pref_l1/next_line/exp8_srrip_lru/627.cam4_s-490B": 1760711450.5857117,
    "../results/pref_l1/next_line/exp8_srrip_lru/628.pop2_s-17B": 1760711450.5857117,
    "../results/pref_l1/next_line/exp8_srrip_lru/649.fotonik3d_s-10881B": 1760711450.5857117,
    "../results/pref_l1/next_line/exp8_srrip_lru/649.fotonik3d_s-1176B": 1760711450.5857117,
    "../results/pref_l1/next_line/exp8_srrip_lru/649.fotonik3d_s-7084B": 1760711450.5857117,
    "../results/pref_l1/next_line/exp8_srrip_lru/649.fotonik3d_s-8225B": 1760711450.5857117,
    "../results/pref_l1/next_line/exp8_srrip_lru/654.roms_s-1007B": 1760711450.5857117,
    "../results/pref_l1/next_line/exp8_srrip_lru/654.roms_s-1070B": 1760711450.5857117,
    "../results/pref_l1/next_line/exp8_srrip_lru/654.roms_s-1390B": 1760711450.5857117,
    "../results/pref_l1/next_line/exp8_srrip_lru/654.roms_s-293B": 1760711450.5857117,
    "../results/pref_l1/next_line/exp8_srrip_lru/654.roms_s-294B": 1760711450.5857117,
    "../results/pref_l1/next_line/exp8_srrip_lru/654.roms_s-523B": 1760711450.5857117,
    "../results/pref_l1/next_line/exp8_srrip_lru/657.xz_s-2302B": 1760711450.5857117,
    "../results/pref_l1/next_line/exp6_lru_ship++/600.perlbench_s-570B": 1760711450.5827117,
    "../results/pref_l1/next_line/exp6_lru_ship++/602.gcc_s-1850B": 1760711450.5827117,
    "../results/pref_l1/next_line/exp6_lru_ship++/602.gcc_s-2226B": 1760711450.5827117,
    "../results/pref_l1/next_line/exp6_lru_ship++/602.gcc_s-734B": 1760711450.5827117,
    "../results/pref_l1/next_line/exp6_lru_ship++/603.bwaves_s-1740B": 1760711450.5827117,
    "../results/pref_l1/next_line/exp6_lru_ship++/603.bwaves_s-2609B": 1760711450.5827117,
    "../results/pref_l1/next_line/exp6_lru_ship++/603.bwaves_s-2931B": 1760711450.5827117,
    "../results/pref_l1/next_line/exp6_lru_ship++/603.bwaves_s-891B": 1760711450.5827117,
    "../results/pref_l1/next_line/exp6_lru_ship++/605.mcf_s-1152B": 1760711450.5827117,
    "../results/pref_l1/next_line/exp6_lru_ship++/605.mcf_s-1536B": 1760711450.5827117,
    "../results/pref_l1/next_line/exp6_lru_ship++/605.mcf_s-1554B": 1760711450.5827117,
    "../results/pref_l1/next_line/exp6_lru_ship++/605.mcf_s-1644B": 1760711450.5827117,
    "../results/pref_l1/next_line/exp6_lru_ship++/605.mcf_s-472B": 1760711450.5827117,
    "../results/pref_l1/next_line/exp6_lru_ship++/605.mcf_s-484B": 1760711450.5827117,
    "../results/pref_l1/next_line/exp6_lru_ship++/605.mcf_s-665B": 1760711450.5827117,
    "../results/pref_l1/next_line/exp6_lru_ship++/605.mcf_s-782B": 1760711450.5827117,
    "../results/pref_l1/next_line/exp6_lru_ship++/605.mcf_s-994B": 1760711450.5827117,
    "../results/pref_l1/next_line/exp6_lru_ship++/607.cactuBSSN_s-2421B": 1760711450.5827117,
    "../results/pref_l1/next_line/exp6_lru_ship++/607.cactuBSSN_s-3477B": 1760711450.5827117,
    "../results/pref_l1/next_line/exp6_lru_ship++/607.cactuBSSN_s-4004B": 1760711450.5827117,
    "../results/pref_l1/next_line/exp6_lru_ship++/619.lbm_s-2676B": 1760711450.5827117,
    "../results/pref_l1/next_line/exp6_lru_ship++/619.lbm_s-2677B": 1760711450.5827117,
    "../results/pref_l1/next_line/exp6_lru_ship++/619.lbm_s-3766B": 1760711450.5827117,
    "../results/pref_l1/next_line/exp6_lru_ship++/619.lbm_s-4268B": 1760711450.5837119,
    "../results/pref_l1/next_line/exp6_lru_ship++/620.omnetpp_s-141B": 1760711450.5837119,
    "../results/pref_l1/next_line/exp6_lru_ship++/620.omnetpp_s-874B": 1760711450.5837119,
    "../results/pref_l1/next_line/exp6_lru_ship++/621.wrf_s-6673B": 1760711450.5837119,
    "../results/pref_l1/next_line/exp6_lru_ship++/621.wrf_s-8065B": 1760711450.5837119,
    "../results/pref_l1/next_line/exp6_lru_ship++/623.xalancbmk_s-10B": 1760711450.5837119,
    "../results/pref_l1/next_line/exp6_lru_ship++/623.xalancbmk_s-165B": 1760711450.5837119,
    "../results/pref_l1/next_line/exp6_lru_ship++/623.xalancbmk_s-202B": 1760711450.5837119,
    "../results/pref_l1/next_line/exp6_lru_ship++/625.x264_s-20B": 1760711450.5837119,
    "../results/pref_l1/next_line/exp6_lru_ship++/627.cam4_s-490B": 1760711450.5837119,
    "../results/pref_l1/next_line/exp6_lru_ship++/628.pop2_s-17B": 1760711450.5837119,
    "../results/pref_l1/next_line/exp6_lru_ship++/649.fotonik3d_s-10881B": 1760711450.5837119,
    "../results/pref_l1/next_line/exp6_lru_ship++/649.fotonik3d_s-1176B": 1760711450.5837119,
    "../results/pref_l1/next_line/exp6_lru_ship++/649.fotonik3d_s-7084B": 1760711450.5837119,
    "../results/pref_l1/next_line/exp6_lru_ship++/649.fotonik3d_s-8225B": 1760711450.5837119,
    "../results/pref_l1/next_line/exp6_lru_ship++/654.roms_s-1007B": 1760711450.5837119,
    "../results/pref_l1/next_line/exp6_lru_ship++/654.roms_s-1070B": 1760711450.5837119,
    "../results/pref_l1/next_line/exp6_lru_ship++/654.roms_s-1390B": 1760711450.5837119,
    "../results/pref_l1/next_line/exp6_lru_ship++/654.roms_s-293B": 1760711450.5837119,
    "../results/pref_l1/next_line/exp6_lru_ship++/654.roms_s-294B": 1760711450.5837119,
    "../results/pref_l1/next_line/exp6_lru_ship++/654.roms_s-523B": 1760711450.5837119,
    "../results/pref_l1/next_line/exp6_lru_ship++/657.xz_s-2302B": 1760711450.5837119,
    "../results/pref_l1/next_line/exp7_lru_mockingjay/600.perlbench_s-570B": 1760711450.5837119,
    "../results/pref_l1/next_line/exp7_lru_mockingjay/602.gcc_s-1850B": 1760711450.5837119,
    "../results/pref_l1/next_line/exp7_lru_mockingjay/602.gcc_s-2226B": 1760711450.5837119,
    "../results/pref_l1/next_line/exp7_lru_mockingjay/602.gcc_s-734B": 1760711450.5837119,
    "../results/pref_l1/next_line/exp7_lru_mockingjay/603.bwaves_s-1740B": 1760711450.5837119,
    "../results/pref_l1/next_line/exp7_lru_mockingjay/603.bwaves_s-2609B": 1760711450.5837119,
    "../results/pref_l1/next_line/exp7_lru_mockingjay/603.bwaves_s-2931B": 1760711450.5837119,
    "../results/pref_l1/next_line/exp7_lru_mockingjay/603.bwaves_s-891B": 1760711450.5837119,
    "../results/pref_l1/next_line/exp7_lru_mockingjay/605.mcf_s-1152B": 1760711450.5837119,
    "../results/pref_l1/next_line/exp7_lru_mockingjay/605.mcf_s-1536B": 1760711450.5837119,
    "../results/pref_l1/next_line/exp7_lru_mockingjay/605.mcf_s-1554B": 1760711450.5837119,
    "../results/pref_l1/next_line/exp7_lru_mockingjay/605.mcf_s-1644B": 1760711450.5837119,
    "../results/pref_l1/next_line/exp7_lru_mockingjay/605.mcf_s-472B": 1760711450.5837119,
    "../results/pref_l1/next_line/exp7_lru_mockingjay/605.mcf_s-484B": 1760711450.5837119,
    "../results/pref_l1/next_line/exp7_lru_mockingjay/605.mcf_s-665B": 1760711450.5837119,
    "../results/pref_l1/next_line/exp7_lru_mockingjay/605.mcf_s-782B": 1760711450.5837119,
    "../results/pref_l1/next_line/exp7_lru_mockingjay/605.mcf_s-994B": 1760711450.5837119,
    "../results/pref_l1/next_line/exp7_lru_mockingjay/607.cactuBSSN_s-2421B": 1760711450.5837119,
    "../results/pref_l1/next_line/exp7_lru_mockingjay/607.cactuBSSN_s-3477B": 1760711450.5837119,
    "../results/pref_l1/next_line/exp7_lru_mockingjay/607.cactuBSSN_s-4004B": 1760711450.5837119,
    "../results/pref_l1/next_line/exp7_lru_mockingjay/619.lbm_s-2676B": 1760711450.5837119,
    "../results/pref_l1/next_line/exp7_lru_mockingjay/619.lbm_s-2677B": 1760711450.5837119,
    "../results/pref_l1/next_line/exp7_lru_mockingjay/619.lbm_s-3766B": 1760711450.5847118,
    "../results/pref_l1/next_line/exp7_lru_mockingjay/619.lbm_s-4268B": 1760711450.5847118,
    "../results/pref_l1/next_line/exp7_lru_mockingjay/620.omnetpp_s-141B": 1760711450.5847118,
    "../results/pref_l1/next_line/exp7_lru_mockingjay/620.omnetpp_s-874B": 1760711450.5847118,
    "../results/pref_l1/next_line/exp7_lru_mockingjay/621.wrf_s-6673B": 1760711450.5847118,
    "../results/pref_l1/next_line/exp7_lru_mockingjay/621.wrf_s-8065B": 1760711450.5847118,
    "../results/pref_l1/next_line/exp7_lru_mockingjay/623.xalancbmk_s-10B": 1760711450.5847118,
    "../results/pref_l1/next_line/exp7_lru_mockingjay/623.xalancbmk_s-165B": 1760711450.5847118,
    "../results/pref_l1/next_line/exp7_lru_mockingjay/623.xalancbmk_s-202B": 1760711450.5847118,
    "../results/pref_l1/next_line/exp7_lru_mockingjay/625.x264_s-20B": 1760711450.5847118,
    "../results/pref_l1/next_line/exp7_lru_mockingjay/627.cam4_s-490B": 1760711450.5847118,
    "../results/pref_l1/next_line/exp7_lru_mockingjay/628.pop2_s-17B": 1760711450.5847118,
    "../results/pref_l1/next_line/exp7_lru_mockingjay/649.fotonik3d_s-10881B": 1760711450.5847118,
    "../results/pref_l1/next_line/exp7_lru_mockingjay/649.fotonik3d_s-1176B": 1760711450.5847118,
    "../results/pref_l1/next_line/exp7_lru_mockingjay/649.fotonik3d_s-7084B": 1760711450.5847118,
    "../results/pref_l1/next_line/exp7_lru_mockingjay/649.fotonik3d_s-8225B": 1760711450.5847118,
    "../results/pref_l1/next_line/exp7_lru_mockingjay/654.roms_s-1007B": 1760711450.5847118,
    "../results/pref_l1/next_line/exp7_lru_mockingjay/654.roms_s-1070B": 1760711450.5847118,
    "../results/pref_l1/next_line/exp7_lru_mockingjay/654.roms_s-1390B": 1760711450.5847118,
    "../results/pref_l1/next_line/exp7_lru_mockingjay/654.roms_s-293B": 1760711450.5847118,
    "../results/pref_l1/next_line/exp7_lru_mockingjay/654.roms_s-294B": 1760711450.5847118,
    "../results/pref_l1/next_line/exp7_lru_mockingjay/654.roms_s-523B": 1760711450.5847118,
    "../results/pref_l1/next_line/exp7_lru_mockingjay/657.xz_s-2302B": 1760711450.5847118,
    "../results/pref_l1/next_line/exp10_srrip_drrip/600.perlbench_s-570B": 1760711450.5717115,
    "../results/pref_l1/next_line/exp10_srrip_drrip/602.gcc_s-1850B": 1760711450.5717115,
    "../results/pref_l1/next_line/exp10_srrip_drrip/602.gcc_s-2226B": 1760711450.5717115,
    "../results/pref_l1/next_line/exp10_srrip_drrip/602.gcc_s-734B": 1760711450.5717115,
    "../results/pref_l1/next_line/exp10_srrip_drrip/603.bwaves_s-1740B": 1760711450.5717115,
    "../results/pref_l1/next_line/exp10_srrip_drrip/603.bwaves_s-2609B": 1760711450.5717115,
    "../results/pref_l1/next_line/exp10_srrip_drrip/603.bwaves_s-2931B": 1760711450.5717115,
    "../results/pref_l1/next_line/exp10_srrip_drrip/603.bwaves_s-891B": 1760711450.5717115,
    "../results/pref_l1/next_line/exp10_srrip_drrip/605.mcf_s-1152B": 1760711450.5717115,
    "../results/pref_l1/next_line/exp10_srrip_drrip/605.mcf_s-1536B": 1760711450.5717115,
    "../results/pref_l1/next_line/exp10_srrip_drrip/605.mcf_s-1554B": 1760711450.5717115,
    "../results/pref_l1/next_line/exp10_srrip_drrip/605.mcf_s-1644B": 1760711450.5717115,
    "../results/pref_l1/next_line/exp10_srrip_drrip/605.mcf_s-472B": 1760711450.5717115,
    "../results/pref_l1/next_line/exp10_srrip_drrip/605.mcf_s-484B": 1760711450.5717115,
    "../results/pref_l1/next_line/exp10_srrip_drrip/605.mcf_s-665B": 1760711450.5717115,
    "../results/pref_l1/next_line/exp10_srrip_drrip/605.mcf_s-782B": 1760711450.5717115,
    "../results/pref_l1/next_line/exp10_srrip_drrip/605.mcf_s-994B": 1760711450.5717115,
    "../results/pref_l1/next_line/exp10_srrip_drrip/607.cactuBSSN_s-2421B": 1760711450.5717115,
    "../results/pref_l1/next_line/exp10_srrip_drrip/607.cactuBSSN_s-3477B": 1760711450.5717115,
    "../results/pref_l1/next_line/exp10_srrip_drrip/607.cactuBSSN_s-4004B": 1760711450.5717115,
    "../results/pref_l1/next_line/exp10_srrip_drrip/619.lbm_s-2676B": 1760711450.5717115,
    "../results/pref_l1/next_line/exp10_srrip_drrip/619.lbm_s-2677B": 1760711450.5717115,
    "../results/pref_l1/next_line/exp10_srrip_drrip/619.lbm_s-3766B": 1760711450.5717115,
    "../results/pref_l1/next_line/exp10_srrip_drrip/619.lbm_s-4268B": 1760711450.5717115,
    "../results/pref_l1/next_line/exp10_srrip_drrip/620.omnetpp_s-141B": 1760711450.5717115,
    "../results/pref_l1/next_line/exp10_srrip_drrip/620.omnetpp_s-874B": 1760711450.5717115,
    "../results/pref_l1/next_line/exp10_srrip_drrip/621.wrf_s-6673B": 1760711450.5717115,
    "../results/pref_l1/next_line/exp10_srrip_drrip/621.wrf_s-8065B": 1760711450.5717115,
    "../results/pref_l1/next_line/exp10_srrip_drrip/623.xalancbmk_s-10B": 1760711450.5717115,
    "../results/pref_l1/next_line/exp10_srrip_drrip/623.xalancbmk_s-165B": 1760711450.5717115,
    "../results/pref_l1/next_line/exp10_srrip_drrip/623.xalancbmk_s-202B": 1760711450.5717115,
    "../results/pref_l1/next_line/exp10_srrip_drrip/625.x264_s-20B": 1760711450.5717115,
    "../results/pref_l1/next_line/exp10_srrip_drrip/627.cam4_s-490B": 1760711450.5717115,
    "../results/pref_l1/next_line/exp10_srrip_drrip/628.pop2_s-17B": 1760711450.5717115,
    "../results/pref_l1/next_line/exp10_srrip_drrip/649.fotonik3d_s-10881B": 1760711450.5717115,
    "../results/pref_l1/next_line/exp10_srrip_drrip/649.fotonik3d_s-1176B": 1760711450.5727117,
    "../results/pref_l1/next_line/exp10_srrip_drrip/649.fotonik3d_s-7084B": 1760711450.5727117,
    "../results/pref_l1/next_line/exp10_srrip_drrip/649.fotonik3d_s-8225B": 1760711450.5727117,
    "../results/pref_l1/next_line/exp10_srrip_drrip/654.roms_s-1007B": 1760711450.5727117,
    "../results/pref_l1/next_line/exp10_srrip_drrip/654.roms_s-1070B": 1760711450.5727117,
    "../results/pref_l1/next_line/exp10_srrip_drrip/654.roms_s-1390B": 1760711450.5727117,
    "../results/pref_l1/next_line/exp10_srrip_drrip/654.roms_s-293B": 1760711450.5727117,
    "../results/pref_l1/next_line/exp10_srrip_drrip/654.roms_s-294B": 1760711450.5727117,
    "../results/pref_l1/next_line/exp10_srrip_drrip/654.roms_s-523B": 1760711450.5727117,
    "../results/pref_l1/next_line/exp10_srrip_drrip/657.xz_s-2302B": 1760711450.5727117,
    "../results/pref_l1/ip_stride/exp12_srrip_ship/600.perlbench_s-570B": 1760711450.5407112,
    "../results/pref_l1/ip_stride/exp12_srrip_ship/602.gcc_s-1850B": 1760711450.5407112,
    "../results/pref_l1/ip_stride/exp12_srrip_ship/602.gcc_s-2226B": 1760711450.5407112,
    "../results/pref_l1/ip_stride/exp12_srrip_ship/602.gcc_s-734B": 1760711450.5407112,
    "../results/pref_l1/ip_stride/exp12_srrip_ship/603.bwaves_s-1740B": 1760711450.5407112,
    "../results/pref_l1/ip_stride/exp12_srrip_ship/603.bwaves_s-2609B": 1760711450.5407112,
    "../results/pref_l1/ip_stride/exp12_srrip_ship/603.bwaves_s-2931B": 1760711450.5407112,
    "../results/pref_l1/ip_stride/exp12_srrip_ship/603.bwaves_s-891B": 1760711450.5407112,
    "../results/pref_l1/ip_stride/exp12_srrip_ship/605.mcf_s-1152B": 1760711450.5407112,
    "../results/pref_l1/ip_stride/exp12_srrip_ship/605.mcf_s-1536B": 1760711450.5417113,
    "../results/pref_l1/ip_stride/exp12_srrip_ship/605.mcf_s-1554B": 1760711450.5417113,
    "../results/pref_l1/ip_stride/exp12_srrip_ship/605.mcf_s-1644B": 1760711450.5417113,
    "../results/pref_l1/ip_stride/exp12_srrip_ship/605.mcf_s-472B": 1760711450.5417113,
    "../results/pref_l1/ip_stride/exp12_srrip_ship/605.mcf_s-484B": 1760711450.5417113,
    "../results/pref_l1/ip_stride/exp12_srrip_ship/605.mcf_s-665B": 1760711450.5417113,
    "../results/pref_l1/ip_stride/exp12_srrip_ship/605.mcf_s-782B": 1760711450.5417113,
    "../results/pref_l1/ip_stride/exp12_srrip_ship/605.mcf_s-994B": 1760711450.5417113,
    "../results/pref_l1/ip_stride/exp12_srrip_ship/607.cactuBSSN_s-2421B": 1760711450.5417113,
    "../results/pref_l1/ip_stride/exp12_srrip_ship/607.cactuBSSN_s-3477B": 1760711450.5417113,
    "../results/pref_l1/ip_stride/exp12_srrip_ship/607.cactuBSSN_s-4004B": 1760711450.5417113,
    "../results/pref_l1/ip_stride/exp12_srrip_ship/619.lbm_s-2676B": 1760711450.5417113,
    "../results/pref_l1/ip_stride/exp12_srrip_ship/619.lbm_s-2677B": 1760711450.5417113,
    "../results/pref_l1/ip_stride/exp12_srrip_ship/619.lbm_s-3766B": 1760711450.5417113,
    "../results/pref_l1/ip_stride/exp12_srrip_ship/619.lbm_s-4268B": 1760711450.5417113,
    "../results/pref_l1/ip_stride/exp12_srrip_ship/620.omnetpp_s-141B": 1760711450.5417113,
    "../results/pref_l1/ip_stride/exp12_srrip_ship/620.omnetpp_s-874B": 1760711450.5417113,
    "../results/pref_l1/ip_stride/exp12_srrip_ship/621.wrf_s-6673B": 1760711450.5417113,
    "../results/pref_l1/ip_stride/exp12_srrip_ship/621.wrf_s-8065B": 1760711450.5417113,
    "../results/pref_l1/ip_stride/exp12_srrip_ship/623.xalancbmk_s-10B": 1760711450.5417113,
    "../results/pref_l1/ip_stride/exp12_srrip_ship/623.xalancbmk_s-165B": 1760711450.5417113,
    "../results/pref_l1/ip_stride/exp12_srrip_ship/623.xalancbmk_s-202B": 1760711450.5417113,
    "../results/pref_l1/ip_stride/exp12_srrip_ship/625.x264_s-20B": 1760711450.5417113,
    "../results/pref_l1/ip_stride/exp12_srrip_ship/627.cam4_s-490B": 1760711450.5417113,
    "../results/pref_l1/ip_stride/exp12_srrip_ship/628.pop2_s-17B": 1760711450.5417113,
    "../results/pref_l1/ip_stride/exp12_srrip_ship/649.fotonik3d_s-10881B": 1760711450.5417113,
    "../results/pref_l1/ip_stride/exp12_srrip_ship/649.fotonik3d_s-1176B": 1760711450.5417113,
    "../results/pref_l1/ip_stride/exp12_srrip_ship/649.fotonik3d_s-7084B": 1760711450.5417113,
    "../results/pref_l1/ip_stride/exp12_srrip_ship/649.fotonik3d_s-8225B": 1760711450.5417113,
    "../results/pref_l1/ip_stride/exp12_srrip_ship/654.roms_s-1007B": 1760711450.5417113,
    "../results/pref_l1/ip_stride/exp12_srrip_ship/654.roms_s-1070B": 1760711450.5417113,
    "../results/pref_l1/ip_stride/exp12_srrip_ship/654.roms_s-1390B": 1760711450.5427113,
    "../results/pref_l1/ip_stride/exp12_srrip_ship/654.roms_s-293B": 1760711450.5427113,
    "../results/pref_l1/ip_stride/exp12_srrip_ship/654.roms_s-294B": 1760711450.5427113,
    "../results/pref_l1/ip_stride/exp12_srrip_ship/654.roms_s-523B": 1760711450.5427113,
    "../results/pref_l1/ip_stride/exp12_srrip_ship/657.xz_s-2302B": 1760711450.5427113,
    "../results/pref_l1/ip_stride/exp1_lru_lru/600.perlbench_s-570B": 1760711450.5447114,
    "../results/pref_l1/ip_stride/exp1_lru_lru/602.gcc_s-1850B": 1760711450.5447114,
    "../results/pref_l1/ip_stride/exp1_lru_lru/602.gcc_s-2226B": 1760711450.5447114,
    "../results/pref_l1/ip_stride/exp1_lru_lru/602.gcc_s-734B": 1760711450.5447114,
    "../results/pref_l1/ip_stride/exp1_lru_lru/603.bwaves_s-1740B": 1760711450.5447114,
    "../results/pref_l1/ip_stride/exp1_lru_lru/603.bwaves_s-2609B": 1760711450.5447114,
    "../results/pref_l1/ip_stride/exp1_lru_lru/603.bwaves_s-2931B": 1760711450.5447114,
    "../results/pref_l1/ip_stride/exp1_lru_lru/603.bwaves_s-891B": 1760711450.5447114,
    "../results/pref_l1/ip_stride/exp1_lru_lru/605.mcf_s-1152B": 1760711450.5447114,
    "../results/pref_l1/ip_stride/exp1_lru_lru/605.mcf_s-1536B": 1760711450.5447114,
    "../results/pref_l1/ip_stride/exp1_lru_lru/605.mcf_s-1554B": 1760711450.5447114,
    "../results/pref_l1/ip_stride/exp1_lru_lru/605.mcf_s-1644B": 1760711450.5447114,
    "../results/pref_l1/ip_stride/exp1_lru_lru/605.mcf_s-472B": 1760711450.5447114,
    "../results/pref_l1/ip_stride/exp1_lru_lru/605.mcf_s-484B": 1760711450.5447114,
    "../results/pref_l1/ip_stride/exp1_lru_lru/605.mcf_s-665B": 1760711450.5447114,
    "../results/pref_l1/ip_stride/exp1_lru_lru/605.mcf_s-782B": 1760711450.5447114,
    "../results/pref_l1/ip_stride/exp1_lru_lru/605.mcf_s-994B": 1760711450.5447114,
    "../results/pref_l1/ip_stride/exp1_lru_lru/607.cactuBSSN_s-2421B": 1760711450.5447114,
    "../results/pref_l1/ip_stride/exp1_lru_lru/607.cactuBSSN_s-3477B": 1760711450.5447114,
    "../results/pref_l1/ip_stride/exp1_lru_lru/607.cactuBSSN_s-4004B": 1760711450.5447114,
    "../results/pref_l1/ip_stride/exp1_lru_lru/619.lbm_s-2676B": 1760711450.5447114,
    "../results/pref_l1/ip_stride/exp1_lru_lru/619.lbm_s-2677B": 1760711450.5447114,
    "../results/pref_l1/ip_stride/exp1_lru_lru/619.lbm_s-3766B": 1760711450.5447114,
    "../results/pref_l1/ip_stride/exp1_lru_lru/619.lbm_s-4268B": 1760711450.5447114,
    "../results/pref_l1/ip_stride/exp1_lru_lru/620.omnetpp_s-141B": 1760711450.5447114,
    "../results/pref_l1/ip_stride/exp1_lru_lru/620.omnetpp_s-874B": 1760711450.5447114,
    "../results/pref_l1/ip_stride/exp1_lru_lru/621.wrf_s-6673B": 1760711450.5447114,
    "../results/pref_l1/ip_stride/exp1_lru_lru/621.wrf_s-8065B": 1760711450.5447114,
    "../results/pref_l1/ip_stride/exp1_lru_lru/623.xalancbmk_s-10B": 1760711450.5457113,
    "../results/pref_l1/ip_stride/exp1_lru_lru/623.xalancbmk_s-165B": 1760711450.5457113,
    "../results/pref_l1/ip_stride/exp1_lru_lru/623.xalancbmk_s-202B": 1760711450.5457113,
    "../results/pref_l1/ip_stride/exp1_lru_lru/625.x264_s-20B": 1760711450.5457113,
    "../results/pref_l1/ip_stride/exp1_lru_lru/627.cam4_s-490B": 1760711450.5457113,
    "../results/pref_l1/ip_stride/exp1_lru_lru/628.pop2_s-17B": 1760711450.5457113,
    "../results/pref_l1/ip_stride/exp1_lru_lru/649.fotonik3d_s-10881B": 1760711450.5457113,
    "../results/pref_l1/ip_stride/exp1_lru_lru/649.fotonik3d_s-1176B": 1760711450.5457113,
    "../results/pref_l1/ip_stride/exp1_lru_lru/649.fotonik3d_s-7084B": 1760711450.5457113,
    "../results/pref_l1/ip_stride/exp1_lru_lru/649.fotonik3d_s-8225B": 1760711450.5457113,
    "../results/pref_l1/ip_stride/exp1_lru_lru/654.roms_s-1007B": 1760711450.5457113,
    "../results/pref_l1/ip_stride/exp1_lru_lru/654.roms_s-1070B": 1760711450.5457113,
    "../results/pref_l1/ip_stride/exp1_lru_lru/654.roms_s-1390B": 1760711450.5457113,
    "../results/pref_l1/ip_stride/exp1_lru_lru/654.roms_s-293B": 1760711450.5457113,
    "../results/pref_l1/ip_stride/exp1_lru_lru/654.roms_s-294B": 1760711450.5457113,
    "../results/pref_l1/ip_stride/exp1_lru_lru/654.roms_s-523B": 1760711450.5457113,
    "../results/pref_l1/ip_stride/exp1_lru_lru/657.xz_s-2302B": 1760711450.5457113,
    "../results/pref_l1/ip_stride/exp14_srrip_mockingjay/600.perlbench_s-570B": 1760711450.5437112,
    "../results/pref_l1/ip_stride/exp14_srrip_mockingjay/602.gcc_s-1850B": 1760711450.5437112,
    "../results/pref_l1/ip_stride/exp14_srrip_mockingjay/602.gcc_s-2226B": 1760711450.5437112,
    "../results/pref_l1/ip_stride/exp14_srrip_mockingjay/602.gcc_s-734B": 1760711450.5437112,
    "../results/pref_l1/ip_stride/exp14_srrip_mockingjay/603.bwaves_s-1740B": 1760711450.5437112,
    "../results/pref_l1/ip_stride/exp14_srrip_mockingjay/603.bwaves_s-2609B": 1760711450.5437112,
    "../results/pref_l1/ip_stride/exp14_srrip_mockingjay/603.bwaves_s-2931B": 1760711450.5437112,
    "../results/pref_l1/ip_stride/exp14_srrip_mockingjay/603.bwaves_s-891B": 1760711450.5437112,
    "../results/pref_l1/ip_stride/exp14_srrip_mockingjay/605.mcf_s-1152B": 1760711450.5437112,
    "../results/pref_l1/ip_stride/exp14_srrip_mockingjay/605.mcf_s-1536B": 1760711450.5437112,
    "../results/pref_l1/ip_stride/exp14_srrip_mockingjay/605.mcf_s-1554B": 1760711450.5437112,
    "../results/pref_l1/ip_stride/exp14_srrip_mockingjay/605.mcf_s-1644B": 1760711450.5437112,
    "../results/pref_l1/ip_stride/exp14_srrip_mockingjay/605.mcf_s-472B": 1760711450.5437112,
    "../results/pref_l1/ip_stride/exp14_srrip_mockingjay/605.mcf_s-484B": 1760711450.5437112,
    "../results/pref_l1/ip_stride/exp14_srrip_mockingjay/605.mcf_s-665B": 1760711450.5437112,
    "../results/pref_l1/ip_stride/exp14_srrip_mockingjay/605.mcf_s-782B": 1760711450.5437112,
    "../results/pref_l1/ip_stride/exp14_srrip_mockingjay/605.mcf_s-994B": 1760711450.5437112,
    "../results/pref_l1/ip_stride/exp14_srrip_mockingjay/607.cactuBSSN_s-2421B": 1760711450.5437112,
    "../results/pref_l1/ip_stride/exp14_srrip_mockingjay/607.cactuBSSN_s-3477B": 1760711450.5437112,
    "../results/pref_l1/ip_stride/exp14_srrip_mockingjay/607.cactuBSSN_s-4004B": 1760711450.5437112,
    "../results/pref_l1/ip_stride/exp14_srrip_mockingjay/619.lbm_s-2676B": 1760711450.5437112,
    "../results/pref_l1/ip_stride/exp14_srrip_mockingjay/619.lbm_s-2677B": 1760711450.5437112,
    "../results/pref_l1/ip_stride/exp14_srrip_mockingjay/619.lbm_s-3766B": 1760711450.5437112,
    "../results/pref_l1/ip_stride/exp14_srrip_mockingjay/619.lbm_s-4268B": 1760711450.5437112,
    "../results/pref_l1/ip_stride/exp14_srrip_mockingjay/620.omnetpp_s-141B": 1760711450.5437112,
    "../results/pref_l1/ip_stride/exp14_srrip_mockingjay/620.omnetpp_s-874B": 1760711450.5437112,
    "../results/pref_l1/ip_stride/exp14_srrip_mockingjay/621.wrf_s-6673B": 1760711450.5437112,
    "../results/pref_l1/ip_stride/exp14_srrip_mockingjay/621.wrf_s-8065B": 1760711450.5437112,
    "../results/pref_l1/ip_stride/exp14_srrip_mockingjay/623.xalancbmk_s-10B": 1760711450.5437112,
    "../results/pref_l1/ip_stride/exp14_srrip_mockingjay/623.xalancbmk_s-165B": 1760711450.5437112,
    "../results/pref_l1/ip_stride/exp14_srrip_mockingjay/623.xalancbmk_s-202B": 1760711450.5437112,
    "../results/pref_l1/ip_stride/exp14_srrip_mockingjay/625.x264_s-20B": 1760711450.5437112,
    "../results/pref_l1/ip_stride/exp14_srrip_mockingjay/627.cam4_s-490B": 1760711450.5447114,
    "../results/pref_l1/ip_stride/exp14_srrip_mockingjay/628.pop2_s-17B": 1760711450.5447114,
    "../results/pref_l1/ip_stride/exp14_srrip_mockingjay/649.fotonik3d_s-10881B": 1760711450.5447114,
    "../results/pref_l1/ip_stride/exp14_srrip_mockingjay/649.fotonik3d_s-1176B": 1760711450.5447114,
    "../results/pref_l1/ip_stride/exp14_srrip_mockingjay/649.fotonik3d_s-7084B": 1760711450.5447114,
    "../results/pref_l1/ip_stride/exp14_srrip_mockingjay/649.fotonik3d_s-8225B": 1760711450.5447114,
    "../results/pref_l1/ip_stride/exp14_srrip_mockingjay/654.roms_s-1007B": 1760711450.5447114,
    "../results/pref_l1/ip_stride/exp14_srrip_mockingjay/654.roms_s-1070B": 1760711450.5447114,
    "../results/pref_l1/ip_stride/exp14_srrip_mockingjay/654.roms_s-1390B": 1760711450.5447114,
    "../results/pref_l1/ip_stride/exp14_srrip_mockingjay/654.roms_s-293B": 1760711450.5447114,
    "../results/pref_l1/ip_stride/exp14_srrip_mockingjay/654.roms_s-294B": 1760711450.5447114,
    "../results/pref_l1/ip_stride/exp14_srrip_mockingjay/654.roms_s-523B": 1760711450.5447114,
    "../results/pref_l1/ip_stride/exp14_srrip_mockingjay/657.xz_s-2302B": 1760711450.5447114,
    "../results/pref_l1/ip_stride/exp11_srrip_hawkeye/600.perlbench_s-570B": 1760711450.5397112,
    "../results/pref_l1/ip_stride/exp11_srrip_hawkeye/602.gcc_s-1850B": 1760711450.5397112,
    "../results/pref_l1/ip_stride/exp11_srrip_hawkeye/602.gcc_s-2226B": 1760711450.5397112,
    "../results/pref_l1/ip_stride/exp11_srrip_hawkeye/602.gcc_s-734B": 1760711450.5397112,
    "../results/pref_l1/ip_stride/exp11_srrip_hawkeye/603.bwaves_s-1740B": 1760711450.5397112,
    "../results/pref_l1/ip_stride/exp11_srrip_hawkeye/603.bwaves_s-2609B": 1760711450.5397112,
    "../results/pref_l1/ip_stride/exp11_srrip_hawkeye/603.bwaves_s-2931B": 1760711450.5397112,
    "../results/pref_l1/ip_stride/exp11_srrip_hawkeye/603.bwaves_s-891B": 1760711450.5397112,
    "../results/pref_l1/ip_stride/exp11_srrip_hawkeye/605.mcf_s-1152B": 1760711450.5397112,
    "../results/pref_l1/ip_stride/exp11_srrip_hawkeye/605.mcf_s-1536B": 1760711450.5397112,
    "../results/pref_l1/ip_stride/exp11_srrip_hawkeye/605.mcf_s-1554B": 1760711450.5397112,
    "../results/pref_l1/ip_stride/exp11_srrip_hawkeye/605.mcf_s-1644B": 1760711450.5397112,
    "../results/pref_l1/ip_stride/exp11_srrip_hawkeye/605.mcf_s-472B": 1760711450.5397112,
    "../results/pref_l1/ip_stride/exp11_srrip_hawkeye/605.mcf_s-484B": 1760711450.5397112,
    "../results/pref_l1/ip_stride/exp11_srrip_hawkeye/605.mcf_s-665B": 1760711450.5407112,
    "../results/pref_l1/ip_stride/exp11_srrip_hawkeye/605.mcf_s-782B": 1760711450.5407112,
    "../results/pref_l1/ip_stride/exp11_srrip_hawkeye/605.mcf_s-994B": 1760711450.5407112,
    "../results/pref_l1/ip_stride/exp11_srrip_hawkeye/607.cactuBSSN_s-2421B": 1760711450.5407112,
    "../results/pref_l1/ip_stride/exp11_srrip_hawkeye/607.cactuBSSN_s-3477B": 1760711450.5407112,
    "../results/pref_l1/ip_stride/exp11_srrip_hawkeye/607.cactuBSSN_s-4004B": 1760711450.5407112,
    "../results/pref_l1/ip_stride/exp11_srrip_hawkeye/619.lbm_s-2676B": 1760711450.5407112,
    "../results/pref_l1/ip_stride/exp11_srrip_hawkeye/619.lbm_s-2677B": 1760711450.5407112,
    "../results/pref_l1/ip_stride/exp11_srrip_hawkeye/619.lbm_s-3766B": 1760711450.5407112,
    "../results/pref_l1/ip_stride/exp11_srrip_hawkeye/619.lbm_s-4268B": 1760711450.5407112,
    "../results/pref_l1/ip_stride/exp11_srrip_hawkeye/620.omnetpp_s-141B": 1760711450.5407112,
    "../results/pref_l1/ip_stride/exp11_srrip_hawkeye/620.omnetpp_s-874B": 1760711450.5407112,
    "../results/pref_l1/ip_stride/exp11_srrip_hawkeye/621.wrf_s-6673B": 1760711450.5407112,
    "../results/pref_l1/ip_stride/exp11_srrip_hawkeye/621.wrf_s-8065B": 1760711450.5407112,
    "../results/pref_l1/ip_stride/exp11_srrip_hawkeye/623.xalancbmk_s-10B": 1760711450.5407112,
    "../results/pref_l1/ip_stride/exp11_srrip_hawkeye/623.xalancbmk_s-165B": 1760711450.5407112,
    "../results/pref_l1/ip_stride/exp11_srrip_hawkeye/623.xalancbmk_s-202B": 1760711450.5407112,
    "../results/pref_l1/ip_stride/exp11_srrip_hawkeye/625.x264_s-20B": 1760711450.5407112,
    "../results/pref_l1/ip_stride/exp11_srrip_hawkeye/627.cam4_s-490B": 1760711450.5407112,
    "../results/pref_l1/ip_stride/exp11_srrip_hawkeye/628.pop2_s-17B": 1760711450.5407112,
    "../results/pref_l1/ip_stride/exp11_srrip_hawkeye/649.fotonik3d_s-10881B": 1760711450.5407112,
    "../results/pref_l1/ip_stride/exp11_srrip_hawkeye/649.fotonik3d_s-1176B": 1760711450.5407112,
    "../results/pref_l1/ip_stride/exp11_srrip_hawkeye/649.fotonik3d_s-7084B": 1760711450.5407112,
    "../results/pref_l1/ip_stride/exp11_srrip_hawkeye/649.fotonik3d_s-8225B": 1760711450.5407112,
    "../results/pref_l1/ip_stride/exp11_srrip_hawkeye/654.roms_s-1007B": 1760711450.5407112,
    "../results/pref_l1/ip_stride/exp11_srrip_hawkeye/654.roms_s-1070B": 1760711450.5407112,
    "../results/pref_l1/ip_stride/exp11_srrip_hawkeye/654.roms_s-1390B": 1760711450.5407112,
    "../results/pref_l1/ip_stride/exp11_srrip_hawkeye/654.roms_s-293B": 1760711450.5407112,
    "../results/pref_l1/ip_stride/exp11_srrip_hawkeye/654.roms_s-294B": 1760711450.5407112,
    "../results/pref_l1/ip_stride/exp11_srrip_hawkeye/654.roms_s-523B": 1760711450.5407112,
    "../results/pref_l1/ip_stride/exp11_srrip_hawkeye/657.xz_s-2302B": 1760711450.5407112,
    "../results/pref_l1/ip_stride/exp13_srrip_ship++/600.perlbench_s-570B": 1760711450.5427113,
    "../results/pref_l1/ip_stride/exp13_srrip_ship++/602.gcc_s-1850B": 1760711450.5427113,
    "../results/pref_l1/ip_stride/exp13_srrip_ship++/602.gcc_s-2226B": 1760711450.5427113,
    "../results/pref_l1/ip_stride/exp13_srrip_ship++/602.gcc_s-734B": 1760711450.5427113,
    "../results/pref_l1/ip_stride/exp13_srrip_ship++/603.bwaves_s-1740B": 1760711450.5427113,
    "../results/pref_l1/ip_stride/exp13_srrip_ship++/603.bwaves_s-2609B": 1760711450.5427113,
    "../results/pref_l1/ip_stride/exp13_srrip_ship++/603.bwaves_s-2931B": 1760711450.5427113,
    "../results/pref_l1/ip_stride/exp13_srrip_ship++/603.bwaves_s-891B": 1760711450.5427113,
    "../results/pref_l1/ip_stride/exp13_srrip_ship++/605.mcf_s-1152B": 1760711450.5427113,
    "../results/pref_l1/ip_stride/exp13_srrip_ship++/605.mcf_s-1536B": 1760711450.5427113,
    "../results/pref_l1/ip_stride/exp13_srrip_ship++/605.mcf_s-1554B": 1760711450.5427113,
    "../results/pref_l1/ip_stride/exp13_srrip_ship++/605.mcf_s-1644B": 1760711450.5427113,
    "../results/pref_l1/ip_stride/exp13_srrip_ship++/605.mcf_s-472B": 1760711450.5427113,
    "../results/pref_l1/ip_stride/exp13_srrip_ship++/605.mcf_s-484B": 1760711450.5427113,
    "../results/pref_l1/ip_stride/exp13_srrip_ship++/605.mcf_s-665B": 1760711450.5427113,
    "../results/pref_l1/ip_stride/exp13_srrip_ship++/605.mcf_s-782B": 1760711450.5427113,
    "../results/pref_l1/ip_stride/exp13_srrip_ship++/605.mcf_s-994B": 1760711450.5427113,
    "../results/pref_l1/ip_stride/exp13_srrip_ship++/607.cactuBSSN_s-2421B": 1760711450.5427113,
    "../results/pref_l1/ip_stride/exp13_srrip_ship++/607.cactuBSSN_s-3477B": 1760711450.5427113,
    "../results/pref_l1/ip_stride/exp13_srrip_ship++/607.cactuBSSN_s-4004B": 1760711450.5427113,
    "../results/pref_l1/ip_stride/exp13_srrip_ship++/619.lbm_s-2676B": 1760711450.5427113,
    "../results/pref_l1/ip_stride/exp13_srrip_ship++/619.lbm_s-2677B": 1760711450.5427113,
    "../results/pref_l1/ip_stride/exp13_srrip_ship++/619.lbm_s-3766B": 1760711450.5427113,
    "../results/pref_l1/ip_stride/exp13_srrip_ship++/619.lbm_s-4268B": 1760711450.5427113,
    "../results/pref_l1/ip_stride/exp13_srrip_ship++/620.omnetpp_s-141B": 1760711450.5427113,
    "../results/pref_l1/ip_stride/exp13_srrip_ship++/620.omnetpp_s-874B": 1760711450.5427113,
    "../results/pref_l1/ip_stride/exp13_srrip_ship++/621.wrf_s-6673B": 1760711450.5427113,
    "../results/pref_l1/ip_stride/exp13_srrip_ship++/621.wrf_s-8065B": 1760711450.5427113,
    "../results/pref_l1/ip_stride/exp13_srrip_ship++/623.xalancbmk_s-10B": 1760711450.5427113,
    "../results/pref_l1/ip_stride/exp13_srrip_ship++/623.xalancbmk_s-165B": 1760711450.5427113,
    "../results/pref_l1/ip_stride/exp13_srrip_ship++/623.xalancbmk_s-202B": 1760711450.5427113,
    "../results/pref_l1/ip_stride/exp13_srrip_ship++/625.x264_s-20B": 1760711450.5427113,
    "../results/pref_l1/ip_stride/exp13_srrip_ship++/627.cam4_s-490B": 1760711450.5427113,
    "../results/pref_l1/ip_stride/exp13_srrip_ship++/628.pop2_s-17B": 1760711450.5427113,
    "../results/pref_l1/ip_stride/exp13_srrip_ship++/649.fotonik3d_s-10881B": 1760711450.5427113,
    "../results/pref_l1/ip_stride/exp13_srrip_ship++/649.fotonik3d_s-1176B": 1760711450.5437112,
    "../results/pref_l1/ip_stride/exp13_srrip_ship++/649.fotonik3d_s-7084B": 1760711450.5437112,
    "../results/pref_l1/ip_stride/exp13_srrip_ship++/649.fotonik3d_s-8225B": 1760711450.5437112,
    "../results/pref_l1/ip_stride/exp13_srrip_ship++/654.roms_s-1007B": 1760711450.5437112,
    "../results/pref_l1/ip_stride/exp13_srrip_ship++/654.roms_s-1070B": 1760711450.5437112,
    "../results/pref_l1/ip_stride/exp13_srrip_ship++/654.roms_s-1390B": 1760711450.5437112,
    "../results/pref_l1/ip_stride/exp13_srrip_ship++/654.roms_s-293B": 1760711450.5437112,
    "../results/pref_l1/ip_stride/exp13_srrip_ship++/654.roms_s-294B": 1760711450.5437112,
    "../results/pref_l1/ip_stride/exp13_srrip_ship++/654.roms_s-523B": 1760711450.5437112,
    "../results/pref_l1/ip_stride/exp13_srrip_ship++/657.xz_s-2302B": 1760711450.5437112,
    "../results/pref_l1/ip_stride/exp2-lru_srrip/600.perlbench_s-570B": 1760711450.5457113,
    "../results/pref_l1/ip_stride/exp2-lru_srrip/602.gcc_s-1850B": 1760711450.5457113,
    "../results/pref_l1/ip_stride/exp2-lru_srrip/602.gcc_s-2226B": 1760711450.5457113,
    "../results/pref_l1/ip_stride/exp2-lru_srrip/602.gcc_s-734B": 1760711450.5457113,
    "../results/pref_l1/ip_stride/exp2-lru_srrip/603.bwaves_s-1740B": 1760711450.5457113,
    "../results/pref_l1/ip_stride/exp2-lru_srrip/603.bwaves_s-2609B": 1760711450.5457113,
    "../results/pref_l1/ip_stride/exp2-lru_srrip/603.bwaves_s-2931B": 1760711450.5457113,
    "../results/pref_l1/ip_stride/exp2-lru_srrip/603.bwaves_s-891B": 1760711450.5457113,
    "../results/pref_l1/ip_stride/exp2-lru_srrip/605.mcf_s-1152B": 1760711450.5457113,
    "../results/pref_l1/ip_stride/exp2-lru_srrip/605.mcf_s-1536B": 1760711450.5457113,
    "../results/pref_l1/ip_stride/exp2-lru_srrip/605.mcf_s-1554B": 1760711450.5457113,
    "../results/pref_l1/ip_stride/exp2-lru_srrip/605.mcf_s-1644B": 1760711450.5457113,
    "../results/pref_l1/ip_stride/exp2-lru_srrip/605.mcf_s-472B": 1760711450.5457113,
    "../results/pref_l1/ip_stride/exp2-lru_srrip/605.mcf_s-484B": 1760711450.5457113,
    "../results/pref_l1/ip_stride/exp2-lru_srrip/605.mcf_s-665B": 1760711450.5457113,
    "../results/pref_l1/ip_stride/exp2-lru_srrip/605.mcf_s-782B": 1760711450.5457113,
    "../results/pref_l1/ip_stride/exp2-lru_srrip/605.mcf_s-994B": 1760711450.5457113,
    "../results/pref_l1/ip_stride/exp2-lru_srrip/607.cactuBSSN_s-2421B": 1760711450.5457113,
    "../results/pref_l1/ip_stride/exp2-lru_srrip/607.cactuBSSN_s-3477B": 1760711450.5457113,
    "../results/pref_l1/ip_stride/exp2-lru_srrip/607.cactuBSSN_s-4004B": 1760711450.5457113,
    "../results/pref_l1/ip_stride/exp2-lru_srrip/619.lbm_s-2676B": 1760711450.5457113,
    "../results/pref_l1/ip_stride/exp2-lru_srrip/619.lbm_s-2677B": 1760711450.5457113,
    "../results/pref_l1/ip_stride/exp2-lru_srrip/619.lbm_s-3766B": 1760711450.5457113,
    "../results/pref_l1/ip_stride/exp2-lru_srrip/619.lbm_s-4268B": 1760711450.5457113,
    "../results/pref_l1/ip_stride/exp2-lru_srrip/620.omnetpp_s-141B": 1760711450.5467114,
    "../results/pref_l1/ip_stride/exp2-lru_srrip/620.omnetpp_s-874B": 1760711450.5467114,
    "../results/pref_l1/ip_stride/exp2-lru_srrip/621.wrf_s-6673B": 1760711450.5467114,
    "../results/pref_l1/ip_stride/exp2-lru_srrip/621.wrf_s-8065B": 1760711450.5467114,
    "../results/pref_l1/ip_stride/exp2-lru_srrip/623.xalancbmk_s-10B": 1760711450.5467114,
    "../results/pref_l1/ip_stride/exp2-lru_srrip/623.xalancbmk_s-165B": 1760711450.5467114,
    "../results/pref_l1/ip_stride/exp2-lru_srrip/623.xalancbmk_s-202B": 1760711450.5467114,
    "../results/pref_l1/ip_stride/exp2-lru_srrip/625.x264_s-20B": 1760711450.5467114,
    "../results/pref_l1/ip_stride/exp2-lru_srrip/627.cam4_s-490B": 1760711450.5467114,
    "../results/pref_l1/ip_stride/exp2-lru_srrip/628.pop2_s-17B": 1760711450.5467114,
    "../results/pref_l1/ip_stride/exp2-lru_srrip/649.fotonik3d_s-10881B": 1760711450.5467114,
    "../results/pref_l1/ip_stride/exp2-lru_srrip/649.fotonik3d_s-1176B": 1760711450.5467114,
    "../results/pref_l1/ip_stride/exp2-lru_srrip/649.fotonik3d_s-7084B": 1760711450.5467114,
    "../results/pref_l1/ip_stride/exp2-lru_srrip/649.fotonik3d_s-8225B": 1760711450.5467114,
    "../results/pref_l1/ip_stride/exp2-lru_srrip/654.roms_s-1007B": 1760711450.5467114,
    "../results/pref_l1/ip_stride/exp2-lru_srrip/654.roms_s-1070B": 1760711450.5467114,
    "../results/pref_l1/ip_stride/exp2-lru_srrip/654.roms_s-1390B": 1760711450.5467114,
    "../results/pref_l1/ip_stride/exp2-lru_srrip/654.roms_s-293B": 1760711450.5467114,
    "../results/pref_l1/ip_stride/exp2-lru_srrip/654.roms_s-294B": 1760711450.5467114,
    "../results/pref_l1/ip_stride/exp2-lru_srrip/654.roms_s-523B": 1760711450.5467114,
    "../results/pref_l1/ip_stride/exp2-lru_srrip/657.xz_s-2302B": 1760711450.5467114,
    "../results/pref_l1/ip_stride/exp3_lru_drrip/600.perlbench_s-570B": 1760711450.5467114,
    "../results/pref_l1/ip_stride/exp3_lru_drrip/602.gcc_s-1850B": 1760711450.5467114,
    "../results/pref_l1/ip_stride/exp3_lru_drrip/602.gcc_s-2226B": 1760711450.5467114,
    "../results/pref_l1/ip_stride/exp3_lru_drrip/602.gcc_s-734B": 1760711450.5467114,
    "../results/pref_l1/ip_stride/exp3_lru_drrip/603.bwaves_s-1740B": 1760711450.5467114,
    "../results/pref_l1/ip_stride/exp3_lru_drrip/603.bwaves_s-2609B": 1760711450.5467114,
    "../results/pref_l1/ip_stride/exp3_lru_drrip/603.bwaves_s-2931B": 1760711450.5467114,
    "../results/pref_l1/ip_stride/exp3_lru_drrip/603.bwaves_s-891B": 1760711450.5467114,
    "../results/pref_l1/ip_stride/exp3_lru_drrip/605.mcf_s-1152B": 1760711450.5467114,
    "../results/pref_l1/ip_stride/exp3_lru_drrip/605.mcf_s-1536B": 1760711450.5467114,
    "../results/pref_l1/ip_stride/exp3_lru_drrip/605.mcf_s-1554B": 1760711450.5467114,
    "../results/pref_l1/ip_stride/exp3_lru_drrip/605.mcf_s-1644B": 1760711450.5467114,
    "../results/pref_l1/ip_stride/exp3_lru_drrip/605.mcf_s-472B": 1760711450.5467114,
    "../results/pref_l1/ip_stride/exp3_lru_drrip/605.mcf_s-484B": 1760711450.5467114,
    "../results/pref_l1/ip_stride/exp3_lru_drrip/605.mcf_s-665B": 1760711450.5467114,
    "../results/pref_l1/ip_stride/exp3_lru_drrip/605.mcf_s-782B": 1760711450.5467114,
    "../results/pref_l1/ip_stride/exp3_lru_drrip/605.mcf_s-994B": 1760711450.5467114,
    "../results/pref_l1/ip_stride/exp3_lru_drrip/607.cactuBSSN_s-2421B": 1760711450.5467114,
    "../results/pref_l1/ip_stride/exp3_lru_drrip/607.cactuBSSN_s-3477B": 1760711450.5467114,
    "../results/pref_l1/ip_stride/exp3_lru_drrip/607.cactuBSSN_s-4004B": 1760711450.5467114,
    "../results/pref_l1/ip_stride/exp3_lru_drrip/619.lbm_s-2676B": 1760711450.5467114,
    "../results/pref_l1/ip_stride/exp3_lru_drrip/619.lbm_s-2677B": 1760711450.5467114,
    "../results/pref_l1/ip_stride/exp3_lru_drrip/619.lbm_s-3766B": 1760711450.5477114,
    "../results/pref_l1/ip_stride/exp3_lru_drrip/619.lbm_s-4268B": 1760711450.5477114,
    "../results/pref_l1/ip_stride/exp3_lru_drrip/620.omnetpp_s-141B": 1760711450.5477114,
    "../results/pref_l1/ip_stride/exp3_lru_drrip/620.omnetpp_s-874B": 1760711450.5477114,
    "../results/pref_l1/ip_stride/exp3_lru_drrip/621.wrf_s-6673B": 1760711450.5477114,
    "../results/pref_l1/ip_stride/exp3_lru_drrip/621.wrf_s-8065B": 1760711450.5477114,
    "../results/pref_l1/ip_stride/exp3_lru_drrip/623.xalancbmk_s-10B": 1760711450.5477114,
    "../results/pref_l1/ip_stride/exp3_lru_drrip/623.xalancbmk_s-165B": 1760711450.5477114,
    "../results/pref_l1/ip_stride/exp3_lru_drrip/623.xalancbmk_s-202B": 1760711450.5477114,
    "../results/pref_l1/ip_stride/exp3_lru_drrip/625.x264_s-20B": 1760711450.5477114,
    "../results/pref_l1/ip_stride/exp3_lru_drrip/627.cam4_s-490B": 1760711450.5477114,
    "../results/pref_l1/ip_stride/exp3_lru_drrip/628.pop2_s-17B": 1760711450.5477114,
    "../results/pref_l1/ip_stride/exp3_lru_drrip/649.fotonik3d_s-10881B": 1760711450.5477114,
    "../results/pref_l1/ip_stride/exp3_lru_drrip/649.fotonik3d_s-1176B": 1760711450.5477114,
    "../results/pref_l1/ip_stride/exp3_lru_drrip/649.fotonik3d_s-7084B": 1760711450.5477114,
    "../results/pref_l1/ip_stride/exp3_lru_drrip/649.fotonik3d_s-8225B": 1760711450.5477114,
    "../results/pref_l1/ip_stride/exp3_lru_drrip/654.roms_s-1007B": 1760711450.5477114,
    "../results/pref_l1/ip_stride/exp3_lru_drrip/654.roms_s-1070B": 1760711450.5477114,
    "../results/pref_l1/ip_stride/exp3_lru_drrip/654.roms_s-1390B": 1760711450.5477114,
    "../results/pref_l1/ip_stride/exp3_lru_drrip/654.roms_s-293B": 1760711450.5477114,
    "../results/pref_l1/ip_stride/exp3_lru_drrip/654.roms_s-294B": 1760711450.5477114,
    "../results/pref_l1/ip_stride/exp3_lru_drrip/654.roms_s-523B": 1760711450.5477114,
    "../results/pref_l1/ip_stride/exp3_lru_drrip/657.xz_s-2302B": 1760711450.5477114,
    "../results/pref_l1/ip_stride/exp4_lru_hawkeye/600.perlbench_s-570B": 1760711450.5477114,
    "../results/pref_l1/ip_stride/exp4_lru_hawkeye/602.gcc_s-1850B": 1760711450.5477114,
    "../results/pref_l1/ip_stride/exp4_lru_hawkeye/602.gcc_s-2226B": 1760711450.5477114,
    "../results/pref_l1/ip_stride/exp4_lru_hawkeye/602.gcc_s-734B": 1760711450.5477114,
    "../results/pref_l1/ip_stride/exp4_lru_hawkeye/603.bwaves_s-1740B": 1760711450.5477114,
    "../results/pref_l1/ip_stride/exp4_lru_hawkeye/603.bwaves_s-2609B": 1760711450.5477114,
    "../results/pref_l1/ip_stride/exp4_lru_hawkeye/603.bwaves_s-2931B": 1760711450.5477114,
    "../results/pref_l1/ip_stride/exp4_lru_hawkeye/603.bwaves_s-891B": 1760711450.5477114,
    "../results/pref_l1/ip_stride/exp4_lru_hawkeye/605.mcf_s-1152B": 1760711450.5477114,
    "../results/pref_l1/ip_stride/exp4_lru_hawkeye/605.mcf_s-1536B": 1760711450.5477114,
    "../results/pref_l1/ip_stride/exp4_lru_hawkeye/605.mcf_s-1554B": 1760711450.5477114,
    "../results/pref_l1/ip_stride/exp4_lru_hawkeye/605.mcf_s-1644B": 1760711450.5487113,
    "../results/pref_l1/ip_stride/exp4_lru_hawkeye/605.mcf_s-472B": 1760711450.5487113,
    "../results/pref_l1/ip_stride/exp4_lru_hawkeye/605.mcf_s-484B": 1760711450.5487113,
    "../results/pref_l1/ip_stride/exp4_lru_hawkeye/605.mcf_s-665B": 1760711450.5487113,
    "../results/pref_l1/ip_stride/exp4_lru_hawkeye/605.mcf_s-782B": 1760711450.5487113,
    "../results/pref_l1/ip_stride/exp4_lru_hawkeye/605.mcf_s-994B": 1760711450.5487113,
    "../results/pref_l1/ip_stride/exp4_lru_hawkeye/607.cactuBSSN_s-2421B": 1760711450.5487113,
    "../results/pref_l1/ip_stride/exp4_lru_hawkeye/607.cactuBSSN_s-3477B": 1760711450.5487113,
    "../results/pref_l1/ip_stride/exp4_lru_hawkeye/607.cactuBSSN_s-4004B": 1760711450.5487113,
    "../results/pref_l1/ip_stride/exp4_lru_hawkeye/619.lbm_s-2676B": 1760711450.5487113,
    "../results/pref_l1/ip_stride/exp4_lru_hawkeye/619.lbm_s-2677B": 1760711450.5487113,
    "../results/pref_l1/ip_stride/exp4_lru_hawkeye/619.lbm_s-3766B": 1760711450.5487113,
    "../results/pref_l1/ip_stride/exp4_lru_hawkeye/619.lbm_s-4268B": 1760711450.5487113,
    "../results/pref_l1/ip_stride/exp4_lru_hawkeye/620.omnetpp_s-141B": 1760711450.5487113,
    "../results/pref_l1/ip_stride/exp4_lru_hawkeye/620.omnetpp_s-874B": 1760711450.5487113,
    "../results/pref_l1/ip_stride/exp4_lru_hawkeye/621.wrf_s-6673B": 1760711450.5487113,
    "../results/pref_l1/ip_stride/exp4_lru_hawkeye/621.wrf_s-8065B": 1760711450.5487113,
    "../results/pref_l1/ip_stride/exp4_lru_hawkeye/623.xalancbmk_s-10B": 1760711450.5487113,
    "../results/pref_l1/ip_stride/exp4_lru_hawkeye/623.xalancbmk_s-165B": 1760711450.5487113,
    "../results/pref_l1/ip_stride/exp4_lru_hawkeye/623.xalancbmk_s-202B": 1760711450.5487113,
    "../results/pref_l1/ip_stride/exp4_lru_hawkeye/625.x264_s-20B": 1760711450.5487113,
    "../results/pref_l1/ip_stride/exp4_lru_hawkeye/627.cam4_s-490B": 1760711450.5487113,
    "../results/pref_l1/ip_stride/exp4_lru_hawkeye/628.pop2_s-17B": 1760711450.5487113,
    "../results/pref_l1/ip_stride/exp4_lru_hawkeye/649.fotonik3d_s-10881B": 1760711450.5487113,
    "../results/pref_l1/ip_stride/exp4_lru_hawkeye/649.fotonik3d_s-1176B": 1760711450.5487113,
    "../results/pref_l1/ip_stride/exp4_lru_hawkeye/649.fotonik3d_s-7084B": 1760711450.5487113,
    "../results/pref_l1/ip_stride/exp4_lru_hawkeye/649.fotonik3d_s-8225B": 1760711450.5487113,
    "../results/pref_l1/ip_stride/exp4_lru_hawkeye/654.roms_s-1007B": 1760711450.5487113,
    "../results/pref_l1/ip_stride/exp4_lru_hawkeye/654.roms_s-1070B": 1760711450.5487113,
    "../results/pref_l1/ip_stride/exp4_lru_hawkeye/654.roms_s-1390B": 1760711450.5487113,
    "../results/pref_l1/ip_stride/exp4_lru_hawkeye/654.roms_s-293B": 1760711450.5487113,
    "../results/pref_l1/ip_stride/exp4_lru_hawkeye/654.roms_s-294B": 1760711450.5487113,
    "../results/pref_l1/ip_stride/exp4_lru_hawkeye/654.roms_s-523B": 1760711450.5487113,
    "../results/pref_l1/ip_stride/exp4_lru_hawkeye/657.xz_s-2302B": 1760711450.5487113,
    "../results/pref_l1/ip_stride/exp5_lru_ship/600.perlbench_s-570B": 1760711450.5487113,
    "../results/pref_l1/ip_stride/exp5_lru_ship/602.gcc_s-1850B": 1760711450.5487113,
    "../results/pref_l1/ip_stride/exp5_lru_ship/602.gcc_s-2226B": 1760711450.5487113,
    "../results/pref_l1/ip_stride/exp5_lru_ship/602.gcc_s-734B": 1760711450.5487113,
    "../results/pref_l1/ip_stride/exp5_lru_ship/603.bwaves_s-1740B": 1760711450.5487113,
    "../results/pref_l1/ip_stride/exp5_lru_ship/603.bwaves_s-2609B": 1760711450.5487113,
    "../results/pref_l1/ip_stride/exp5_lru_ship/603.bwaves_s-2931B": 1760711450.5497115,
    "../results/pref_l1/ip_stride/exp5_lru_ship/603.bwaves_s-891B": 1760711450.5497115,
    "../results/pref_l1/ip_stride/exp5_lru_ship/605.mcf_s-1152B": 1760711450.5497115,
    "../results/pref_l1/ip_stride/exp5_lru_ship/605.mcf_s-1536B": 1760711450.5497115,
    "../results/pref_l1/ip_stride/exp5_lru_ship/605.mcf_s-1554B": 1760711450.5497115,
    "../results/pref_l1/ip_stride/exp5_lru_ship/605.mcf_s-1644B": 1760711450.5497115,
    "../results/pref_l1/ip_stride/exp5_lru_ship/605.mcf_s-472B": 1760711450.5497115,
    "../results/pref_l1/ip_stride/exp5_lru_ship/605.mcf_s-484B": 1760711450.5497115,
    "../results/pref_l1/ip_stride/exp5_lru_ship/605.mcf_s-665B": 1760711450.5497115,
    "../results/pref_l1/ip_stride/exp5_lru_ship/605.mcf_s-782B": 1760711450.5497115,
    "../results/pref_l1/ip_stride/exp5_lru_ship/605.mcf_s-994B": 1760711450.5497115,
    "../results/pref_l1/ip_stride/exp5_lru_ship/607.cactuBSSN_s-2421B": 1760711450.5497115,
    "../results/pref_l1/ip_stride/exp5_lru_ship/607.cactuBSSN_s-3477B": 1760711450.5497115,
    "../results/pref_l1/ip_stride/exp5_lru_ship/607.cactuBSSN_s-4004B": 1760711450.5497115,
    "../results/pref_l1/ip_stride/exp5_lru_ship/619.lbm_s-2676B": 1760711450.5497115,
    "../results/pref_l1/ip_stride/exp5_lru_ship/619.lbm_s-2677B": 1760711450.5497115,
    "../results/pref_l1/ip_stride/exp5_lru_ship/619.lbm_s-3766B": 1760711450.5497115,
    "../results/pref_l1/ip_stride/exp5_lru_ship/619.lbm_s-4268B": 1760711450.5497115,
    "../results/pref_l1/ip_stride/exp5_lru_ship/620.omnetpp_s-141B": 1760711450.5497115,
    "../results/pref_l1/ip_stride/exp5_lru_ship/620.omnetpp_s-874B": 1760711450.5497115,
    "../results/pref_l1/ip_stride/exp5_lru_ship/621.wrf_s-6673B": 1760711450.5497115,
    "../results/pref_l1/ip_stride/exp5_lru_ship/621.wrf_s-8065B": 1760711450.5497115,
    "../results/pref_l1/ip_stride/exp5_lru_ship/623.xalancbmk_s-10B": 1760711450.5497115,
    "../results/pref_l1/ip_stride/exp5_lru_ship/623.xalancbmk_s-165B": 1760711450.5497115,
    "../results/pref_l1/ip_stride/exp5_lru_ship/623.xalancbmk_s-202B": 1760711450.5497115,
    "../results/pref_l1/ip_stride/exp5_lru_ship/625.x264_s-20B": 1760711450.5497115,
    "../results/pref_l1/ip_stride/exp5_lru_ship/627.cam4_s-490B": 1760711450.5497115,
    "../results/pref_l1/ip_stride/exp5_lru_ship/628.pop2_s-17B": 1760711450.5497115,
    "../results/pref_l1/ip_stride/exp5_lru_ship/649.fotonik3d_s-10881B": 1760711450.5497115,
    "../results/pref_l1/ip_stride/exp5_lru_ship/649.fotonik3d_s-1176B": 1760711450.5497115,
    "../results/pref_l1/ip_stride/exp5_lru_ship/649.fotonik3d_s-7084B": 1760711450.5497115,
    "../results/pref_l1/ip_stride/exp5_lru_ship/649.fotonik3d_s-8225B": 1760711450.5497115,
    "../results/pref_l1/ip_stride/exp5_lru_ship/654.roms_s-1007B": 1760711450.5497115,
    "../results/pref_l1/ip_stride/exp5_lru_ship/654.roms_s-1070B": 1760711450.5507114,
    "../results/pref_l1/ip_stride/exp5_lru_ship/654.roms_s-1390B": 1760711450.5507114,
    "../results/pref_l1/ip_stride/exp5_lru_ship/654.roms_s-293B": 1760711450.5507114,
    "../results/pref_l1/ip_stride/exp5_lru_ship/654.roms_s-294B": 1760711450.5507114,
    "../results/pref_l1/ip_stride/exp5_lru_ship/654.roms_s-523B": 1760711450.5507114,
    "../results/pref_l1/ip_stride/exp5_lru_ship/657.xz_s-2302B": 1760711450.5507114,
    "../results/pref_l1/ip_stride/exp9_srrip_srrip/600.perlbench_s-570B": 1760711450.5537114,
    "../results/pref_l1/ip_stride/exp9_srrip_srrip/602.gcc_s-1850B": 1760711450.5537114,
    "../results/pref_l1/ip_stride/exp9_srrip_srrip/602.gcc_s-2226B": 1760711450.5537114,
    "../results/pref_l1/ip_stride/exp9_srrip_srrip/602.gcc_s-734B": 1760711450.5537114,
    "../results/pref_l1/ip_stride/exp9_srrip_srrip/603.bwaves_s-1740B": 1760711450.5537114,
    "../results/pref_l1/ip_stride/exp9_srrip_srrip/603.bwaves_s-2609B": 1760711450.5537114,
    "../results/pref_l1/ip_stride/exp9_srrip_srrip/603.bwaves_s-2931B": 1760711450.5537114,
    "../results/pref_l1/ip_stride/exp9_srrip_srrip/603.bwaves_s-891B": 1760711450.5537114,
    "../results/pref_l1/ip_stride/exp9_srrip_srrip/605.mcf_s-1152B": 1760711450.5537114,
    "../results/pref_l1/ip_stride/exp9_srrip_srrip/605.mcf_s-1536B": 1760711450.5537114,
    "../results/pref_l1/ip_stride/exp9_srrip_srrip/605.mcf_s-1554B": 1760711450.5537114,
    "../results/pref_l1/ip_stride/exp9_srrip_srrip/605.mcf_s-1644B": 1760711450.5537114,
    "../results/pref_l1/ip_stride/exp9_srrip_srrip/605.mcf_s-472B": 1760711450.5537114,
    "../results/pref_l1/ip_stride/exp9_srrip_srrip/605.mcf_s-484B": 1760711450.5537114,
    "../results/pref_l1/ip_stride/exp9_srrip_srrip/605.mcf_s-665B": 1760711450.5537114,
    "../results/pref_l1/ip_stride/exp9_srrip_srrip/605.mcf_s-782B": 1760711450.5537114,
    "../results/pref_l1/ip_stride/exp9_srrip_srrip/605.mcf_s-994B": 1760711450.5537114,
    "../results/pref_l1/ip_stride/exp9_srrip_srrip/607.cactuBSSN_s-2421B": 1760711450.5537114,
    "../results/pref_l1/ip_stride/exp9_srrip_srrip/607.cactuBSSN_s-3477B": 1760711450.5537114,
    "../results/pref_l1/ip_stride/exp9_srrip_srrip/607.cactuBSSN_s-4004B": 1760711450.5537114,
    "../results/pref_l1/ip_stride/exp9_srrip_srrip/619.lbm_s-2676B": 1760711450.5537114,
    "../results/pref_l1/ip_stride/exp9_srrip_srrip/619.lbm_s-2677B": 1760711450.5537114,
    "../results/pref_l1/ip_stride/exp9_srrip_srrip/619.lbm_s-3766B": 1760711450.5537114,
    "../results/pref_l1/ip_stride/exp9_srrip_srrip/619.lbm_s-4268B": 1760711450.5537114,
    "../results/pref_l1/ip_stride/exp9_srrip_srrip/620.omnetpp_s-141B": 1760711450.5547113,
    "../results/pref_l1/ip_stride/exp9_srrip_srrip/620.omnetpp_s-874B": 1760711450.5547113,
    "../results/pref_l1/ip_stride/exp9_srrip_srrip/621.wrf_s-6673B": 1760711450.5547113,
    "../results/pref_l1/ip_stride/exp9_srrip_srrip/621.wrf_s-8065B": 1760711450.5547113,
    "../results/pref_l1/ip_stride/exp9_srrip_srrip/623.xalancbmk_s-10B": 1760711450.5547113,
    "../results/pref_l1/ip_stride/exp9_srrip_srrip/623.xalancbmk_s-165B": 1760711450.5547113,
    "../results/pref_l1/ip_stride/exp9_srrip_srrip/623.xalancbmk_s-202B": 1760711450.5547113,
    "../results/pref_l1/ip_stride/exp9_srrip_srrip/625.x264_s-20B": 1760711450.5547113,
    "../results/pref_l1/ip_stride/exp9_srrip_srrip/627.cam4_s-490B": 1760711450.5547113,
    "../results/pref_l1/ip_stride/exp9_srrip_srrip/628.pop2_s-17B": 1760711450.5547113,
    "../results/pref_l1/ip_stride/exp9_srrip_srrip/649.fotonik3d_s-10881B": 1760711450.5547113,
    "../results/pref_l1/ip_stride/exp9_srrip_srrip/649.fotonik3d_s-1176B": 1760711450.5547113,
    "../results/pref_l1/ip_stride/exp9_srrip_srrip/649.fotonik3d_s-7084B": 1760711450.5547113,
    "../results/pref_l1/ip_stride/exp9_srrip_srrip/649.fotonik3d_s-8225B": 1760711450.5547113,
    "../results/pref_l1/ip_stride/exp9_srrip_srrip/654.roms_s-1007B": 1760711450.5547113,
    "../results/pref_l1/ip_stride/exp9_srrip_srrip/654.roms_s-1070B": 1760711450.5547113,
    "../results/pref_l1/ip_stride/exp9_srrip_srrip/654.roms_s-1390B": 1760711450.5547113,
    "../results/pref_l1/ip_stride/exp9_srrip_srrip/654.roms_s-293B": 1760711450.5547113,
    "../results/pref_l1/ip_stride/exp9_srrip_srrip/654.roms_s-294B": 1760711450.5547113,
    "../results/pref_l1/ip_stride/exp9_srrip_srrip/654.roms_s-523B": 1760711450.5547113,
    "../results/pref_l1/ip_stride/exp9_srrip_srrip/657.xz_s-2302B": 1760711450.5547113,
    "../results/pref_l1/ip_stride/exp8_srrip_lru/600.perlbench_s-570B": 1760711450.5527115,
    "../results/pref_l1/ip_stride/exp8_srrip_lru/602.gcc_s-1850B": 1760711450.5527115,
    "../results/pref_l1/ip_stride/exp8_srrip_lru/602.gcc_s-2226B": 1760711450.5527115,
    "../results/pref_l1/ip_stride/exp8_srrip_lru/602.gcc_s-734B": 1760711450.5527115,
    "../results/pref_l1/ip_stride/exp8_srrip_lru/603.bwaves_s-1740B": 1760711450.5527115,
    "../results/pref_l1/ip_stride/exp8_srrip_lru/603.bwaves_s-2609B": 1760711450.5527115,
    "../results/pref_l1/ip_stride/exp8_srrip_lru/603.bwaves_s-2931B": 1760711450.5527115,
    "../results/pref_l1/ip_stride/exp8_srrip_lru/603.bwaves_s-891B": 1760711450.5527115,
    "../results/pref_l1/ip_stride/exp8_srrip_lru/605.mcf_s-1152B": 1760711450.5527115,
    "../results/pref_l1/ip_stride/exp8_srrip_lru/605.mcf_s-1536B": 1760711450.5527115,
    "../results/pref_l1/ip_stride/exp8_srrip_lru/605.mcf_s-1554B": 1760711450.5527115,
    "../results/pref_l1/ip_stride/exp8_srrip_lru/605.mcf_s-1644B": 1760711450.5527115,
    "../results/pref_l1/ip_stride/exp8_srrip_lru/605.mcf_s-472B": 1760711450.5527115,
    "../results/pref_l1/ip_stride/exp8_srrip_lru/605.mcf_s-484B": 1760711450.5527115,
    "../results/pref_l1/ip_stride/exp8_srrip_lru/605.mcf_s-665B": 1760711450.5527115,
    "../results/pref_l1/ip_stride/exp8_srrip_lru/605.mcf_s-782B": 1760711450.5527115,
    "../results/pref_l1/ip_stride/exp8_srrip_lru/605.mcf_s-994B": 1760711450.5527115,
    "../results/pref_l1/ip_stride/exp8_srrip_lru/607.cactuBSSN_s-2421B": 1760711450.5527115,
    "../results/pref_l1/ip_stride/exp8_srrip_lru/607.cactuBSSN_s-3477B": 1760711450.5527115,
    "../results/pref_l1/ip_stride/exp8_srrip_lru/607.cactuBSSN_s-4004B": 1760711450.5527115,
    "../results/pref_l1/ip_stride/exp8_srrip_lru/619.lbm_s-2676B": 1760711450.5527115,
    "../results/pref_l1/ip_stride/exp8_srrip_lru/619.lbm_s-2677B": 1760711450.5527115,
    "../results/pref_l1/ip_stride/exp8_srrip_lru/619.lbm_s-3766B": 1760711450.5527115,
    "../results/pref_l1/ip_stride/exp8_srrip_lru/619.lbm_s-4268B": 1760711450.5527115,
    "../results/pref_l1/ip_stride/exp8_srrip_lru/620.omnetpp_s-141B": 1760711450.5527115,
    "../results/pref_l1/ip_stride/exp8_srrip_lru/620.omnetpp_s-874B": 1760711450.5527115,
    "../results/pref_l1/ip_stride/exp8_srrip_lru/621.wrf_s-6673B": 1760711450.5527115,
    "../results/pref_l1/ip_stride/exp8_srrip_lru/621.wrf_s-8065B": 1760711450.5537114,
    "../results/pref_l1/ip_stride/exp8_srrip_lru/623.xalancbmk_s-10B": 1760711450.5537114,
    "../results/pref_l1/ip_stride/exp8_srrip_lru/623.xalancbmk_s-165B": 1760711450.5537114,
    "../results/pref_l1/ip_stride/exp8_srrip_lru/623.xalancbmk_s-202B": 1760711450.5537114,
    "../results/pref_l1/ip_stride/exp8_srrip_lru/625.x264_s-20B": 1760711450.5537114,
    "../results/pref_l1/ip_stride/exp8_srrip_lru/627.cam4_s-490B": 1760711450.5537114,
    "../results/pref_l1/ip_stride/exp8_srrip_lru/628.pop2_s-17B": 1760711450.5537114,
    "../results/pref_l1/ip_stride/exp8_srrip_lru/649.fotonik3d_s-10881B": 1760711450.5537114,
    "../results/pref_l1/ip_stride/exp8_srrip_lru/649.fotonik3d_s-1176B": 1760711450.5537114,
    "../results/pref_l1/ip_stride/exp8_srrip_lru/649.fotonik3d_s-7084B": 1760711450.5537114,
    "../results/pref_l1/ip_stride/exp8_srrip_lru/649.fotonik3d_s-8225B": 1760711450.5537114,
    "../results/pref_l1/ip_stride/exp8_srrip_lru/654.roms_s-1007B": 1760711450.5537114,
    "../results/pref_l1/ip_stride/exp8_srrip_lru/654.roms_s-1070B": 1760711450.5537114,
    "../results/pref_l1/ip_stride/exp8_srrip_lru/654.roms_s-1390B": 1760711450.5537114,
    "../results/pref_l1/ip_stride/exp8_srrip_lru/654.roms_s-293B": 1760711450.5537114,
    "../results/pref_l1/ip_stride/exp8_srrip_lru/654.roms_s-294B": 1760711450.5537114,
    "../results/pref_l1/ip_stride/exp8_srrip_lru/654.roms_s-523B": 1760711450.5537114,
    "../results/pref_l1/ip_stride/exp8_srrip_lru/657.xz_s-2302B": 1760711450.5537114,
    "../results/pref_l1/ip_stride/exp6_lru_ship++/600.perlbench_s-570B": 1760711450.5507114,
    "../results/pref_l1/ip_stride/exp6_lru_ship++/602.gcc_s-1850B": 1760711450.5507114,
    "../results/pref_l1/ip_stride/exp6_lru_ship++/602.gcc_s-2226B": 1760711450.5507114,
    "../results/pref_l1/ip_stride/exp6_lru_ship++/602.gcc_s-734B": 1760711450.5507114,
    "../results/pref_l1/ip_stride/exp6_lru_ship++/603.bwaves_s-1740B": 1760711450.5507114,
    "../results/pref_l1/ip_stride/exp6_lru_ship++/603.bwaves_s-2609B": 1760711450.5507114,
    "../results/pref_l1/ip_stride/exp6_lru_ship++/603.bwaves_s-2931B": 1760711450.5507114,
    "../results/pref_l1/ip_stride/exp6_lru_ship++/603.bwaves_s-891B": 1760711450.5507114,
    "../results/pref_l1/ip_stride/exp6_lru_ship++/605.mcf_s-1152B": 1760711450.5507114,
    "../results/pref_l1/ip_stride/exp6_lru_ship++/605.mcf_s-1536B": 1760711450.5507114,
    "../results/pref_l1/ip_stride/exp6_lru_ship++/605.mcf_s-1554B": 1760711450.5507114,
    "../results/pref_l1/ip_stride/exp6_lru_ship++/605.mcf_s-1644B": 1760711450.5507114,
    "../results/pref_l1/ip_stride/exp6_lru_ship++/605.mcf_s-472B": 1760711450.5507114,
    "../results/pref_l1/ip_stride/exp6_lru_ship++/605.mcf_s-484B": 1760711450.5507114,
    "../results/pref_l1/ip_stride/exp6_lru_ship++/605.mcf_s-665B": 1760711450.5507114,
    "../results/pref_l1/ip_stride/exp6_lru_ship++/605.mcf_s-782B": 1760711450.5507114,
    "../results/pref_l1/ip_stride/exp6_lru_ship++/605.mcf_s-994B": 1760711450.5507114,
    "../results/pref_l1/ip_stride/exp6_lru_ship++/607.cactuBSSN_s-2421B": 1760711450.5507114,
    "../results/pref_l1/ip_stride/exp6_lru_ship++/607.cactuBSSN_s-3477B": 1760711450.5507114,
    "../results/pref_l1/ip_stride/exp6_lru_ship++/607.cactuBSSN_s-4004B": 1760711450.5507114,
    "../results/pref_l1/ip_stride/exp6_lru_ship++/619.lbm_s-2676B": 1760711450.5507114,
    "../results/pref_l1/ip_stride/exp6_lru_ship++/619.lbm_s-2677B": 1760711450.5507114,
    "../results/pref_l1/ip_stride/exp6_lru_ship++/619.lbm_s-3766B": 1760711450.5507114,
    "../results/pref_l1/ip_stride/exp6_lru_ship++/619.lbm_s-4268B": 1760711450.5507114,
    "../results/pref_l1/ip_stride/exp6_lru_ship++/620.omnetpp_s-141B": 1760711450.5507114,
    "../results/pref_l1/ip_stride/exp6_lru_ship++/620.omnetpp_s-874B": 1760711450.5507114,
    "../results/pref_l1/ip_stride/exp6_lru_ship++/621.wrf_s-6673B": 1760711450.5507114,
    "../results/pref_l1/ip_stride/exp6_lru_ship++/621.wrf_s-8065B": 1760711450.5507114,
    "../results/pref_l1/ip_stride/exp6_lru_ship++/623.xalancbmk_s-10B": 1760711450.5507114,
    "../results/pref_l1/ip_stride/exp6_lru_ship++/623.xalancbmk_s-165B": 1760711450.5507114,
    "../results/pref_l1/ip_stride/exp6_lru_ship++/623.xalancbmk_s-202B": 1760711450.5507114,
    "../results/pref_l1/ip_stride/exp6_lru_ship++/625.x264_s-20B": 1760711450.5507114,
    "../results/pref_l1/ip_stride/exp6_lru_ship++/627.cam4_s-490B": 1760711450.5507114,
    "../results/pref_l1/ip_stride/exp6_lru_ship++/628.pop2_s-17B": 1760711450.5507114,
    "../results/pref_l1/ip_stride/exp6_lru_ship++/649.fotonik3d_s-10881B": 1760711450.5517113,
    "../results/pref_l1/ip_stride/exp6_lru_ship++/649.fotonik3d_s-1176B": 1760711450.5517113,
    "../results/pref_l1/ip_stride/exp6_lru_ship++/649.fotonik3d_s-7084B": 1760711450.5517113,
    "../results/pref_l1/ip_stride/exp6_lru_ship++/649.fotonik3d_s-8225B": 1760711450.5517113,
    "../results/pref_l1/ip_stride/exp6_lru_ship++/654.roms_s-1007B": 1760711450.5517113,
    "../results/pref_l1/ip_stride/exp6_lru_ship++/654.roms_s-1070B": 1760711450.5517113,
    "../results/pref_l1/ip_stride/exp6_lru_ship++/654.roms_s-1390B": 1760711450.5517113,
    "../results/pref_l1/ip_stride/exp6_lru_ship++/654.roms_s-293B": 1760711450.5517113,
    "../results/pref_l1/ip_stride/exp6_lru_ship++/654.roms_s-294B": 1760711450.5517113,
    "../results/pref_l1/ip_stride/exp6_lru_ship++/654.roms_s-523B": 1760711450.5517113,
    "../results/pref_l1/ip_stride/exp6_lru_ship++/657.xz_s-2302B": 1760711450.5517113,
    "../results/pref_l1/ip_stride/exp7_lru_mockingjay/600.perlbench_s-570B": 1760711450.5517113,
    "../results/pref_l1/ip_stride/exp7_lru_mockingjay/602.gcc_s-1850B": 1760711450.5517113,
    "../results/pref_l1/ip_stride/exp7_lru_mockingjay/602.gcc_s-2226B": 1760711450.5517113,
    "../results/pref_l1/ip_stride/exp7_lru_mockingjay/602.gcc_s-734B": 1760711450.5517113,
    "../results/pref_l1/ip_stride/exp7_lru_mockingjay/603.bwaves_s-1740B": 1760711450.5517113,
    "../results/pref_l1/ip_stride/exp7_lru_mockingjay/603.bwaves_s-2609B": 1760711450.5517113,
    "../results/pref_l1/ip_stride/exp7_lru_mockingjay/603.bwaves_s-2931B": 1760711450.5517113,
    "../results/pref_l1/ip_stride/exp7_lru_mockingjay/603.bwaves_s-891B": 1760711450.5517113,
    "../results/pref_l1/ip_stride/exp7_lru_mockingjay/605.mcf_s-1152B": 1760711450.5517113,
    "../results/pref_l1/ip_stride/exp7_lru_mockingjay/605.mcf_s-1536B": 1760711450.5517113,
    "../results/pref_l1/ip_stride/exp7_lru_mockingjay/605.mcf_s-1554B": 1760711450.5517113,
    "../results/pref_l1/ip_stride/exp7_lru_mockingjay/605.mcf_s-1644B": 1760711450.5517113,
    "../results/pref_l1/ip_stride/exp7_lru_mockingjay/605.mcf_s-472B": 1760711450.5517113,
    "../results/pref_l1/ip_stride/exp7_lru_mockingjay/605.mcf_s-484B": 1760711450.5517113,
    "../results/pref_l1/ip_stride/exp7_lru_mockingjay/605.mcf_s-665B": 1760711450.5517113,
    "../results/pref_l1/ip_stride/exp7_lru_mockingjay/605.mcf_s-782B": 1760711450.5517113,
    "../results/pref_l1/ip_stride/exp7_lru_mockingjay/605.mcf_s-994B": 1760711450.5517113,
    "../results/pref_l1/ip_stride/exp7_lru_mockingjay/607.cactuBSSN_s-2421B": 1760711450.5517113,
    "../results/pref_l1/ip_stride/exp7_lru_mockingjay/607.cactuBSSN_s-3477B": 1760711450.5517113,
    "../results/pref_l1/ip_stride/exp7_lru_mockingjay/607.cactuBSSN_s-4004B": 1760711450.5517113,
    "../results/pref_l1/ip_stride/exp7_lru_mockingjay/619.lbm_s-2676B": 1760711450.5517113,
    "../results/pref_l1/ip_stride/exp7_lru_mockingjay/619.lbm_s-2677B": 1760711450.5517113,
    "../results/pref_l1/ip_stride/exp7_lru_mockingjay/619.lbm_s-3766B": 1760711450.5517113,
    "../results/pref_l1/ip_stride/exp7_lru_mockingjay/619.lbm_s-4268B": 1760711450.5517113,
    "../results/pref_l1/ip_stride/exp7_lru_mockingjay/620.omnetpp_s-141B": 1760711450.5517113,
    "../results/pref_l1/ip_stride/exp7_lru_mockingjay/620.omnetpp_s-874B": 1760711450.5517113,
    "../results/pref_l1/ip_stride/exp7_lru_mockingjay/621.wrf_s-6673B": 1760711450.5517113,
    "../results/pref_l1/ip_stride/exp7_lru_mockingjay/621.wrf_s-8065B": 1760711450.5517113,
    "../results/pref_l1/ip_stride/exp7_lru_mockingjay/623.xalancbmk_s-10B": 1760711450.5517113,
    "../results/pref_l1/ip_stride/exp7_lru_mockingjay/623.xalancbmk_s-165B": 1760711450.5517113,
    "../results/pref_l1/ip_stride/exp7_lru_mockingjay/623.xalancbmk_s-202B": 1760711450.5517113,
    "../results/pref_l1/ip_stride/exp7_lru_mockingjay/625.x264_s-20B": 1760711450.5527115,
    "../results/pref_l1/ip_stride/exp7_lru_mockingjay/627.cam4_s-490B": 1760711450.5527115,
    "../results/pref_l1/ip_stride/exp7_lru_mockingjay/628.pop2_s-17B": 1760711450.5527115,
    "../results/pref_l1/ip_stride/exp7_lru_mockingjay/649.fotonik3d_s-10881B": 1760711450.5527115,
    "../results/pref_l1/ip_stride/exp7_lru_mockingjay/649.fotonik3d_s-1176B": 1760711450.5527115,
    "../results/pref_l1/ip_stride/exp7_lru_mockingjay/649.fotonik3d_s-7084B": 1760711450.5527115,
    "../results/pref_l1/ip_stride/exp7_lru_mockingjay/649.fotonik3d_s-8225B": 1760711450.5527115,
    "../results/pref_l1/ip_stride/exp7_lru_mockingjay/654.roms_s-1007B": 1760711450.5527115,
    "../results/pref_l1/ip_stride/exp7_lru_mockingjay/654.roms_s-1070B": 1760711450.5527115,
    "../results/pref_l1/ip_stride/exp7_lru_mockingjay/654.roms_s-1390B": 1760711450.5527115,
    "../results/pref_l1/ip_stride/exp7_lru_mockingjay/654.roms_s-293B": 1760711450.5527115,
    "../results/pref_l1/ip_stride/exp7_lru_mockingjay/654.roms_s-294B": 1760711450.5527115,
    "../results/pref_l1/ip_stride/exp7_lru_mockingjay/654.roms_s-523B": 1760711450.5527115,
    "../results/pref_l1/ip_stride/exp7_lru_mockingjay/657.xz_s-2302B": 1760711450.5527115,
    "../results/pref_l1/ip_stride/exp10_srrip_drrip/600.perlbench_s-570B": 1760711450.5387113,
    "../results/pref_l1/ip_stride/exp10_srrip_drrip/602.gcc_s-1850B": 1760711450.5387113,
    "../results/pref_l1/ip_stride/exp10_srrip_drrip/602.gcc_s-2226B": 1760711450.5387113,
    "../results/pref_l1/ip_stride/exp10_srrip_drrip/602.gcc_s-734B": 1760711450.5387113,
    "../results/pref_l1/ip_stride/exp10_srrip_drrip/603.bwaves_s-1740B": 1760711450.5387113,
    "../results/pref_l1/ip_stride/exp10_srrip_drrip/603.bwaves_s-2609B": 1760711450.5387113,
    "../results/pref_l1/ip_stride/exp10_srrip_drrip/603.bwaves_s-2931B": 1760711450.5387113,
    "../results/pref_l1/ip_stride/exp10_srrip_drrip/603.bwaves_s-891B": 1760711450.5387113,
    "../results/pref_l1/ip_stride/exp10_srrip_drrip/605.mcf_s-1152B": 1760711450.5387113,
    "../results/pref_l1/ip_stride/exp10_srrip_drrip/605.mcf_s-1536B": 1760711450.5387113,
    "../results/pref_l1/ip_stride/exp10_srrip_drrip/605.mcf_s-1554B": 1760711450.5387113,
    "../results/pref_l1/ip_stride/exp10_srrip_drrip/605.mcf_s-1644B": 1760711450.5387113,
    "../results/pref_l1/ip_stride/exp10_srrip_drrip/605.mcf_s-472B": 1760711450.5387113,
    "../results/pref_l1/ip_stride/exp10_srrip_drrip/605.mcf_s-484B": 1760711450.5387113,
    "../results/pref_l1/ip_stride/exp10_srrip_drrip/605.mcf_s-665B": 1760711450.5387113,
    "../results/pref_l1/ip_stride/exp10_srrip_drrip/605.mcf_s-782B": 1760711450.5387113,
    "../results/pref_l1/ip_stride/exp10_srrip_drrip/605.mcf_s-994B": 1760711450.5387113,
    "../results/pref_l1/ip_stride/exp10_srrip_drrip/607.cactuBSSN_s-2421B": 1760711450.5397112,
    "../results/pref_l1/ip_stride/exp10_srrip_drrip/607.cactuBSSN_s-3477B": 1760711450.5397112,
    "../results/pref_l1/ip_stride/exp10_srrip_drrip/607.cactuBSSN_s-4004B": 1760711450.5397112,
    "../results/pref_l1/ip_stride/exp10_srrip_drrip/619.lbm_s-2676B": 1760711450.5397112,
    "../results/pref_l1/ip_stride/exp10_srrip_drrip/619.lbm_s-2677B": 1760711450.5397112,
    "../results/pref_l1/ip_stride/exp10_srrip_drrip/619.lbm_s-3766B": 1760711450.5397112,
    "../results/pref_l1/ip_stride/exp10_srrip_drrip/619.lbm_s-4268B": 1760711450.5397112,
    "../results/pref_l1/ip_stride/exp10_srrip_drrip/620.omnetpp_s-141B": 1760711450.5397112,
    "../results/pref_l1/ip_stride/exp10_srrip_drrip/620.omnetpp_s-874B": 1760711450.5397112,
    "../results/pref_l1/ip_stride/exp10_srrip_drrip/621.wrf_s-6673B": 1760711450.5397112,
    "../results/pref_l1/ip_stride/exp10_srrip_drrip/621.wrf_s-8065B": 1760711450.5397112,
    "../results/pref_l1/ip_stride/exp10_srrip_drrip/623.xalancbmk_s-10B": 1760711450.5397112,
    "../results/pref_l1/ip_stride/exp10_srrip_drrip/623.xalancbmk_s-165B": 1760711450.5397112,
    "../results/pref_l1/ip_stride/exp10_srrip_drrip/623.xalancbmk_s-202B": 1760711450.5397112,
    "../results/pref_l1/ip_stride/exp10_srrip_drrip/625.x264_s-20B": 1760711450.5397112,
    "../results/pref_l1/ip_stride/exp10_srrip_drrip/627.cam4_s-490B": 1760711450.5397112,
    "../results/pref_l1/ip_stride/exp10_srrip_drrip/628.pop2_s-17B": 1760711450.5397112,
    "../results/pref_l1/ip_stride/exp10_srrip_drrip/649.fotonik3d_s-10881B": 1760711450.5397112,
    "../results/pref_l1/ip_stride/exp10_srrip_drrip/649.fotonik3d_s-1176B": 1760711450.5397112,
    "../results/pref_l1/ip_stride/exp10_srrip_drrip/649.fotonik3d_s-7084B": 1760711450.5397112,
    "../results/pref_l1/ip_stride/exp10_srrip_drrip/649.fotonik3d_s-8225B": 1760711450.5397112,
    "../results/pref_l1/ip_stride/exp10_srrip_drrip/654.roms_s-1007B": 1760711450.5397112,
    "../results/pref_l1/ip_stride/exp10_srrip_drrip/654.roms_s-1070B": 1760711450.5397112,
    "../results/pref_l1/ip_stride/exp10_srrip_drrip/654.roms_s-1390B": 1760711450.5397112,
    "../results/pref_l1/ip_stride/exp10_srrip_drrip/654.roms_s-293B": 1760711450.5397112,
    "../results/pref_l1/ip_stride/exp10_srrip_drrip/654.roms_s-294B": 1760711450.5397112,
    "../results/pref_l1/ip_stride/exp10_srrip_drrip/654.roms_s-523B": 1760711450.5397112,
    "../results/pref_l1/ip_stride/exp10_srrip_drrip/657.xz_s-2302B": 1760711450.5397112,
    "../results/pref_l1/bingo_dpc3/exp12_srrip_ship/600.perlbench_s-570B": 1760711450.5247111,
    "../results/pref_l1/bingo_dpc3/exp12_srrip_ship/602.gcc_s-1850B": 1760711450.5247111,
    "../results/pref_l1/bingo_dpc3/exp12_srrip_ship/602.gcc_s-2226B": 1760711450.5247111,
    "../results/pref_l1/bingo_dpc3/exp12_srrip_ship/602.gcc_s-734B": 1760711450.5247111,
    "../results/pref_l1/bingo_dpc3/exp12_srrip_ship/603.bwaves_s-1740B": 1760711450.5247111,
    "../results/pref_l1/bingo_dpc3/exp12_srrip_ship/603.bwaves_s-2609B": 1760711450.5247111,
    "../results/pref_l1/bingo_dpc3/exp12_srrip_ship/603.bwaves_s-2931B": 1760711450.5247111,
    "../results/pref_l1/bingo_dpc3/exp12_srrip_ship/603.bwaves_s-891B": 1760711450.5247111,
    "../results/pref_l1/bingo_dpc3/exp12_srrip_ship/605.mcf_s-1152B": 1760711450.5247111,
    "../results/pref_l1/bingo_dpc3/exp12_srrip_ship/605.mcf_s-1536B": 1760711450.5247111,
    "../results/pref_l1/bingo_dpc3/exp12_srrip_ship/605.mcf_s-1554B": 1760711450.5247111,
    "../results/pref_l1/bingo_dpc3/exp12_srrip_ship/605.mcf_s-1644B": 1760711450.5247111,
    "../results/pref_l1/bingo_dpc3/exp12_srrip_ship/605.mcf_s-472B": 1760711450.5247111,
    "../results/pref_l1/bingo_dpc3/exp12_srrip_ship/605.mcf_s-484B": 1760711450.5247111,
    "../results/pref_l1/bingo_dpc3/exp12_srrip_ship/605.mcf_s-665B": 1760711450.5247111,
    "../results/pref_l1/bingo_dpc3/exp12_srrip_ship/605.mcf_s-782B": 1760711450.5247111,
    "../results/pref_l1/bingo_dpc3/exp12_srrip_ship/605.mcf_s-994B": 1760711450.5247111,
    "../results/pref_l1/bingo_dpc3/exp12_srrip_ship/607.cactuBSSN_s-2421B": 1760711450.5247111,
    "../results/pref_l1/bingo_dpc3/exp12_srrip_ship/607.cactuBSSN_s-3477B": 1760711450.5247111,
    "../results/pref_l1/bingo_dpc3/exp12_srrip_ship/607.cactuBSSN_s-4004B": 1760711450.525711,
    "../results/pref_l1/bingo_dpc3/exp12_srrip_ship/619.lbm_s-2676B": 1760711450.525711,
    "../results/pref_l1/bingo_dpc3/exp12_srrip_ship/619.lbm_s-2677B": 1760711450.525711,
    "../results/pref_l1/bingo_dpc3/exp12_srrip_ship/619.lbm_s-3766B": 1760711450.525711,
    "../results/pref_l1/bingo_dpc3/exp12_srrip_ship/619.lbm_s-4268B": 1760711450.525711,
    "../results/pref_l1/bingo_dpc3/exp12_srrip_ship/620.omnetpp_s-141B": 1760711450.525711,
    "../results/pref_l1/bingo_dpc3/exp12_srrip_ship/620.omnetpp_s-874B": 1760711450.525711,
    "../results/pref_l1/bingo_dpc3/exp12_srrip_ship/621.wrf_s-6673B": 1760711450.525711,
    "../results/pref_l1/bingo_dpc3/exp12_srrip_ship/621.wrf_s-8065B": 1760711450.525711,
    "../results/pref_l1/bingo_dpc3/exp12_srrip_ship/623.xalancbmk_s-10B": 1760711450.525711,
    "../results/pref_l1/bingo_dpc3/exp12_srrip_ship/623.xalancbmk_s-165B": 1760711450.525711,
    "../results/pref_l1/bingo_dpc3/exp12_srrip_ship/623.xalancbmk_s-202B": 1760711450.525711,
    "../results/pref_l1/bingo_dpc3/exp12_srrip_ship/625.x264_s-20B": 1760711450.525711,
    "../results/pref_l1/bingo_dpc3/exp12_srrip_ship/627.cam4_s-490B": 1760711450.525711,
    "../results/pref_l1/bingo_dpc3/exp12_srrip_ship/628.pop2_s-17B": 1760711450.525711,
    "../results/pref_l1/bingo_dpc3/exp12_srrip_ship/649.fotonik3d_s-10881B": 1760711450.525711,
    "../results/pref_l1/bingo_dpc3/exp12_srrip_ship/649.fotonik3d_s-1176B": 1760711450.525711,
    "../results/pref_l1/bingo_dpc3/exp12_srrip_ship/649.fotonik3d_s-7084B": 1760711450.525711,
    "../results/pref_l1/bingo_dpc3/exp12_srrip_ship/649.fotonik3d_s-8225B": 1760711450.525711,
    "../results/pref_l1/bingo_dpc3/exp12_srrip_ship/654.roms_s-1007B": 1760711450.525711,
    "../results/pref_l1/bingo_dpc3/exp12_srrip_ship/654.roms_s-1070B": 1760711450.525711,
    "../results/pref_l1/bingo_dpc3/exp12_srrip_ship/654.roms_s-1390B": 1760711450.525711,
    "../results/pref_l1/bingo_dpc3/exp12_srrip_ship/654.roms_s-293B": 1760711450.525711,
    "../results/pref_l1/bingo_dpc3/exp12_srrip_ship/654.roms_s-294B": 1760711450.525711,
    "../results/pref_l1/bingo_dpc3/exp12_srrip_ship/654.roms_s-523B": 1760711450.525711,
    "../results/pref_l1/bingo_dpc3/exp12_srrip_ship/657.xz_s-2302B": 1760711450.525711,
    "../results/pref_l1/bingo_dpc3/exp1_lru_lru/600.perlbench_s-570B": 1760711450.528711,
    "../results/pref_l1/bingo_dpc3/exp1_lru_lru/602.gcc_s-1850B": 1760711450.528711,
    "../results/pref_l1/bingo_dpc3/exp1_lru_lru/602.gcc_s-2226B": 1760711450.528711,
    "../results/pref_l1/bingo_dpc3/exp1_lru_lru/602.gcc_s-734B": 1760711450.528711,
    "../results/pref_l1/bingo_dpc3/exp1_lru_lru/603.bwaves_s-1740B": 1760711450.528711,
    "../results/pref_l1/bingo_dpc3/exp1_lru_lru/603.bwaves_s-2609B": 1760711450.528711,
    "../results/pref_l1/bingo_dpc3/exp1_lru_lru/603.bwaves_s-2931B": 1760711450.528711,
    "../results/pref_l1/bingo_dpc3/exp1_lru_lru/603.bwaves_s-891B": 1760711450.528711,
    "../results/pref_l1/bingo_dpc3/exp1_lru_lru/605.mcf_s-1152B": 1760711450.528711,
    "../results/pref_l1/bingo_dpc3/exp1_lru_lru/605.mcf_s-1536B": 1760711450.528711,
    "../results/pref_l1/bingo_dpc3/exp1_lru_lru/605.mcf_s-1554B": 1760711450.528711,
    "../results/pref_l1/bingo_dpc3/exp1_lru_lru/605.mcf_s-1644B": 1760711450.528711,
    "../results/pref_l1/bingo_dpc3/exp1_lru_lru/605.mcf_s-472B": 1760711450.528711,
    "../results/pref_l1/bingo_dpc3/exp1_lru_lru/605.mcf_s-484B": 1760711450.528711,
    "../results/pref_l1/bingo_dpc3/exp1_lru_lru/605.mcf_s-665B": 1760711450.528711,
    "../results/pref_l1/bingo_dpc3/exp1_lru_lru/605.mcf_s-782B": 1760711450.528711,
    "../results/pref_l1/bingo_dpc3/exp1_lru_lru/605.mcf_s-994B": 1760711450.528711,
    "../results/pref_l1/bingo_dpc3/exp1_lru_lru/607.cactuBSSN_s-2421B": 1760711450.528711,
    "../results/pref_l1/bingo_dpc3/exp1_lru_lru/607.cactuBSSN_s-3477B": 1760711450.528711,
    "../results/pref_l1/bingo_dpc3/exp1_lru_lru/607.cactuBSSN_s-4004B": 1760711450.528711,
    "../results/pref_l1/bingo_dpc3/exp1_lru_lru/619.lbm_s-2676B": 1760711450.528711,
    "../results/pref_l1/bingo_dpc3/exp1_lru_lru/619.lbm_s-2677B": 1760711450.528711,
    "../results/pref_l1/bingo_dpc3/exp1_lru_lru/619.lbm_s-3766B": 1760711450.528711,
    "../results/pref_l1/bingo_dpc3/exp1_lru_lru/619.lbm_s-4268B": 1760711450.528711,
    "../results/pref_l1/bingo_dpc3/exp1_lru_lru/620.omnetpp_s-141B": 1760711450.528711,
    "../results/pref_l1/bingo_dpc3/exp1_lru_lru/620.omnetpp_s-874B": 1760711450.528711,
    "../results/pref_l1/bingo_dpc3/exp1_lru_lru/621.wrf_s-6673B": 1760711450.528711,
    "../results/pref_l1/bingo_dpc3/exp1_lru_lru/621.wrf_s-8065B": 1760711450.528711,
    "../results/pref_l1/bingo_dpc3/exp1_lru_lru/623.xalancbmk_s-10B": 1760711450.528711,
    "../results/pref_l1/bingo_dpc3/exp1_lru_lru/623.xalancbmk_s-165B": 1760711450.528711,
    "../results/pref_l1/bingo_dpc3/exp1_lru_lru/623.xalancbmk_s-202B": 1760711450.528711,
    "../results/pref_l1/bingo_dpc3/exp1_lru_lru/625.x264_s-20B": 1760711450.528711,
    "../results/pref_l1/bingo_dpc3/exp1_lru_lru/627.cam4_s-490B": 1760711450.528711,
    "../results/pref_l1/bingo_dpc3/exp1_lru_lru/628.pop2_s-17B": 1760711450.528711,
    "../results/pref_l1/bingo_dpc3/exp1_lru_lru/649.fotonik3d_s-10881B": 1760711450.528711,
    "../results/pref_l1/bingo_dpc3/exp1_lru_lru/649.fotonik3d_s-1176B": 1760711450.528711,
    "../results/pref_l1/bingo_dpc3/exp1_lru_lru/649.fotonik3d_s-7084B": 1760711450.528711,
    "../results/pref_l1/bingo_dpc3/exp1_lru_lru/649.fotonik3d_s-8225B": 1760711450.528711,
    "../results/pref_l1/bingo_dpc3/exp1_lru_lru/654.roms_s-1007B": 1760711450.528711,
    "../results/pref_l1/bingo_dpc3/exp1_lru_lru/654.roms_s-1070B": 1760711450.528711,
    "../results/pref_l1/bingo_dpc3/exp1_lru_lru/654.roms_s-1390B": 1760711450.528711,
    "../results/pref_l1/bingo_dpc3/exp1_lru_lru/654.roms_s-293B": 1760711450.528711,
    "../results/pref_l1/bingo_dpc3/exp1_lru_lru/654.roms_s-294B": 1760711450.5297112,
    "../results/pref_l1/bingo_dpc3/exp1_lru_lru/654.roms_s-523B": 1760711450.5297112,
    "../results/pref_l1/bingo_dpc3/exp1_lru_lru/657.xz_s-2302B": 1760711450.5297112,
    "../results/pref_l1/bingo_dpc3/exp14_srrip_mockingjay/600.perlbench_s-570B": 1760711450.5267112,
    "../results/pref_l1/bingo_dpc3/exp14_srrip_mockingjay/602.gcc_s-1850B": 1760711450.5267112,
    "../results/pref_l1/bingo_dpc3/exp14_srrip_mockingjay/602.gcc_s-2226B": 1760711450.5277112,
    "../results/pref_l1/bingo_dpc3/exp14_srrip_mockingjay/602.gcc_s-734B": 1760711450.5277112,
    "../results/pref_l1/bingo_dpc3/exp14_srrip_mockingjay/603.bwaves_s-1740B": 1760711450.5277112,
    "../results/pref_l1/bingo_dpc3/exp14_srrip_mockingjay/603.bwaves_s-2609B": 1760711450.5277112,
    "../results/pref_l1/bingo_dpc3/exp14_srrip_mockingjay/603.bwaves_s-2931B": 1760711450.5277112,
    "../results/pref_l1/bingo_dpc3/exp14_srrip_mockingjay/603.bwaves_s-891B": 1760711450.5277112,
    "../results/pref_l1/bingo_dpc3/exp14_srrip_mockingjay/605.mcf_s-1152B": 1760711450.5277112,
    "../results/pref_l1/bingo_dpc3/exp14_srrip_mockingjay/605.mcf_s-1536B": 1760711450.5277112,
    "../results/pref_l1/bingo_dpc3/exp14_srrip_mockingjay/605.mcf_s-1554B": 1760711450.5277112,
    "../results/pref_l1/bingo_dpc3/exp14_srrip_mockingjay/605.mcf_s-1644B": 1760711450.5277112,
    "../results/pref_l1/bingo_dpc3/exp14_srrip_mockingjay/605.mcf_s-472B": 1760711450.5277112,
    "../results/pref_l1/bingo_dpc3/exp14_srrip_mockingjay/605.mcf_s-484B": 1760711450.5277112,
    "../results/pref_l1/bingo_dpc3/exp14_srrip_mockingjay/605.mcf_s-665B": 1760711450.5277112,
    "../results/pref_l1/bingo_dpc3/exp14_srrip_mockingjay/605.mcf_s-782B": 1760711450.5277112,
    "../results/pref_l1/bingo_dpc3/exp14_srrip_mockingjay/605.mcf_s-994B": 1760711450.5277112,
    "../results/pref_l1/bingo_dpc3/exp14_srrip_mockingjay/607.cactuBSSN_s-2421B": 1760711450.5277112,
    "../results/pref_l1/bingo_dpc3/exp14_srrip_mockingjay/607.cactuBSSN_s-3477B": 1760711450.5277112,
    "../results/pref_l1/bingo_dpc3/exp14_srrip_mockingjay/607.cactuBSSN_s-4004B": 1760711450.5277112,
    "../results/pref_l1/bingo_dpc3/exp14_srrip_mockingjay/619.lbm_s-2676B": 1760711450.5277112,
    "../results/pref_l1/bingo_dpc3/exp14_srrip_mockingjay/619.lbm_s-2677B": 1760711450.5277112,
    "../results/pref_l1/bingo_dpc3/exp14_srrip_mockingjay/619.lbm_s-3766B": 1760711450.5277112,
    "../results/pref_l1/bingo_dpc3/exp14_srrip_mockingjay/619.lbm_s-4268B": 1760711450.5277112,
    "../results/pref_l1/bingo_dpc3/exp14_srrip_mockingjay/620.omnetpp_s-141B": 1760711450.5277112,
    "../results/pref_l1/bingo_dpc3/exp14_srrip_mockingjay/620.omnetpp_s-874B": 1760711450.5277112,
    "../results/pref_l1/bingo_dpc3/exp14_srrip_mockingjay/621.wrf_s-6673B": 1760711450.5277112,
    "../results/pref_l1/bingo_dpc3/exp14_srrip_mockingjay/621.wrf_s-8065B": 1760711450.5277112,
    "../results/pref_l1/bingo_dpc3/exp14_srrip_mockingjay/623.xalancbmk_s-10B": 1760711450.5277112,
    "../results/pref_l1/bingo_dpc3/exp14_srrip_mockingjay/623.xalancbmk_s-165B": 1760711450.5277112,
    "../results/pref_l1/bingo_dpc3/exp14_srrip_mockingjay/623.xalancbmk_s-202B": 1760711450.5277112,
    "../results/pref_l1/bingo_dpc3/exp14_srrip_mockingjay/625.x264_s-20B": 1760711450.5277112,
    "../results/pref_l1/bingo_dpc3/exp14_srrip_mockingjay/627.cam4_s-490B": 1760711450.5277112,
    "../results/pref_l1/bingo_dpc3/exp14_srrip_mockingjay/628.pop2_s-17B": 1760711450.5277112,
    "../results/pref_l1/bingo_dpc3/exp14_srrip_mockingjay/649.fotonik3d_s-10881B": 1760711450.5277112,
    "../results/pref_l1/bingo_dpc3/exp14_srrip_mockingjay/649.fotonik3d_s-1176B": 1760711450.5277112,
    "../results/pref_l1/bingo_dpc3/exp14_srrip_mockingjay/649.fotonik3d_s-7084B": 1760711450.5277112,
    "../results/pref_l1/bingo_dpc3/exp14_srrip_mockingjay/649.fotonik3d_s-8225B": 1760711450.5277112,
    "../results/pref_l1/bingo_dpc3/exp14_srrip_mockingjay/654.roms_s-1007B": 1760711450.5277112,
    "../results/pref_l1/bingo_dpc3/exp14_srrip_mockingjay/654.roms_s-1070B": 1760711450.5277112,
    "../results/pref_l1/bingo_dpc3/exp14_srrip_mockingjay/654.roms_s-1390B": 1760711450.5277112,
    "../results/pref_l1/bingo_dpc3/exp14_srrip_mockingjay/654.roms_s-293B": 1760711450.5277112,
    "../results/pref_l1/bingo_dpc3/exp14_srrip_mockingjay/654.roms_s-294B": 1760711450.5277112,
    "../results/pref_l1/bingo_dpc3/exp14_srrip_mockingjay/654.roms_s-523B": 1760711450.5277112,
    "../results/pref_l1/bingo_dpc3/exp14_srrip_mockingjay/657.xz_s-2302B": 1760711450.5277112,
    "../results/pref_l1/bingo_dpc3/exp11_srrip_hawkeye/600.perlbench_s-570B": 1760711450.523711,
    "../results/pref_l1/bingo_dpc3/exp11_srrip_hawkeye/602.gcc_s-1850B": 1760711450.523711,
    "../results/pref_l1/bingo_dpc3/exp11_srrip_hawkeye/602.gcc_s-2226B": 1760711450.523711,
    "../results/pref_l1/bingo_dpc3/exp11_srrip_hawkeye/602.gcc_s-734B": 1760711450.523711,
    "../results/pref_l1/bingo_dpc3/exp11_srrip_hawkeye/603.bwaves_s-1740B": 1760711450.523711,
    "../results/pref_l1/bingo_dpc3/exp11_srrip_hawkeye/603.bwaves_s-2609B": 1760711450.523711,
    "../results/pref_l1/bingo_dpc3/exp11_srrip_hawkeye/603.bwaves_s-2931B": 1760711450.523711,
    "../results/pref_l1/bingo_dpc3/exp11_srrip_hawkeye/603.bwaves_s-891B": 1760711450.523711,
    "../results/pref_l1/bingo_dpc3/exp11_srrip_hawkeye/605.mcf_s-1152B": 1760711450.523711,
    "../results/pref_l1/bingo_dpc3/exp11_srrip_hawkeye/605.mcf_s-1536B": 1760711450.523711,
    "../results/pref_l1/bingo_dpc3/exp11_srrip_hawkeye/605.mcf_s-1554B": 1760711450.523711,
    "../results/pref_l1/bingo_dpc3/exp11_srrip_hawkeye/605.mcf_s-1644B": 1760711450.523711,
    "../results/pref_l1/bingo_dpc3/exp11_srrip_hawkeye/605.mcf_s-472B": 1760711450.523711,
    "../results/pref_l1/bingo_dpc3/exp11_srrip_hawkeye/605.mcf_s-484B": 1760711450.523711,
    "../results/pref_l1/bingo_dpc3/exp11_srrip_hawkeye/605.mcf_s-665B": 1760711450.523711,
    "../results/pref_l1/bingo_dpc3/exp11_srrip_hawkeye/605.mcf_s-782B": 1760711450.523711,
    "../results/pref_l1/bingo_dpc3/exp11_srrip_hawkeye/605.mcf_s-994B": 1760711450.523711,
    "../results/pref_l1/bingo_dpc3/exp11_srrip_hawkeye/607.cactuBSSN_s-2421B": 1760711450.523711,
    "../results/pref_l1/bingo_dpc3/exp11_srrip_hawkeye/607.cactuBSSN_s-3477B": 1760711450.523711,
    "../results/pref_l1/bingo_dpc3/exp11_srrip_hawkeye/607.cactuBSSN_s-4004B": 1760711450.523711,
    "../results/pref_l1/bingo_dpc3/exp11_srrip_hawkeye/619.lbm_s-2676B": 1760711450.523711,
    "../results/pref_l1/bingo_dpc3/exp11_srrip_hawkeye/619.lbm_s-2677B": 1760711450.523711,
    "../results/pref_l1/bingo_dpc3/exp11_srrip_hawkeye/619.lbm_s-3766B": 1760711450.523711,
    "../results/pref_l1/bingo_dpc3/exp11_srrip_hawkeye/619.lbm_s-4268B": 1760711450.523711,
    "../results/pref_l1/bingo_dpc3/exp11_srrip_hawkeye/620.omnetpp_s-141B": 1760711450.5247111,
    "../results/pref_l1/bingo_dpc3/exp11_srrip_hawkeye/620.omnetpp_s-874B": 1760711450.5247111,
    "../results/pref_l1/bingo_dpc3/exp11_srrip_hawkeye/621.wrf_s-6673B": 1760711450.5247111,
    "../results/pref_l1/bingo_dpc3/exp11_srrip_hawkeye/621.wrf_s-8065B": 1760711450.5247111,
    "../results/pref_l1/bingo_dpc3/exp11_srrip_hawkeye/623.xalancbmk_s-10B": 1760711450.5247111,
    "../results/pref_l1/bingo_dpc3/exp11_srrip_hawkeye/623.xalancbmk_s-165B": 1760711450.5247111,
    "../results/pref_l1/bingo_dpc3/exp11_srrip_hawkeye/623.xalancbmk_s-202B": 1760711450.5247111,
    "../results/pref_l1/bingo_dpc3/exp11_srrip_hawkeye/625.x264_s-20B": 1760711450.5247111,
    "../results/pref_l1/bingo_dpc3/exp11_srrip_hawkeye/627.cam4_s-490B": 1760711450.5247111,
    "../results/pref_l1/bingo_dpc3/exp11_srrip_hawkeye/628.pop2_s-17B": 1760711450.5247111,
    "../results/pref_l1/bingo_dpc3/exp11_srrip_hawkeye/649.fotonik3d_s-10881B": 1760711450.5247111,
    "../results/pref_l1/bingo_dpc3/exp11_srrip_hawkeye/649.fotonik3d_s-1176B": 1760711450.5247111,
    "../results/pref_l1/bingo_dpc3/exp11_srrip_hawkeye/649.fotonik3d_s-7084B": 1760711450.5247111,
    "../results/pref_l1/bingo_dpc3/exp11_srrip_hawkeye/649.fotonik3d_s-8225B": 1760711450.5247111,
    "../results/pref_l1/bingo_dpc3/exp11_srrip_hawkeye/654.roms_s-1007B": 1760711450.5247111,
    "../results/pref_l1/bingo_dpc3/exp11_srrip_hawkeye/654.roms_s-1070B": 1760711450.5247111,
    "../results/pref_l1/bingo_dpc3/exp11_srrip_hawkeye/654.roms_s-1390B": 1760711450.5247111,
    "../results/pref_l1/bingo_dpc3/exp11_srrip_hawkeye/654.roms_s-293B": 1760711450.5247111,
    "../results/pref_l1/bingo_dpc3/exp11_srrip_hawkeye/654.roms_s-294B": 1760711450.5247111,
    "../results/pref_l1/bingo_dpc3/exp11_srrip_hawkeye/654.roms_s-523B": 1760711450.5247111,
    "../results/pref_l1/bingo_dpc3/exp11_srrip_hawkeye/657.xz_s-2302B": 1760711450.5247111,
    "../results/pref_l1/bingo_dpc3/exp13_srrip_ship++/600.perlbench_s-570B": 1760711450.525711,
    "../results/pref_l1/bingo_dpc3/exp13_srrip_ship++/602.gcc_s-1850B": 1760711450.525711,
    "../results/pref_l1/bingo_dpc3/exp13_srrip_ship++/602.gcc_s-2226B": 1760711450.525711,
    "../results/pref_l1/bingo_dpc3/exp13_srrip_ship++/602.gcc_s-734B": 1760711450.525711,
    "../results/pref_l1/bingo_dpc3/exp13_srrip_ship++/603.bwaves_s-1740B": 1760711450.5267112,
    "../results/pref_l1/bingo_dpc3/exp13_srrip_ship++/603.bwaves_s-2609B": 1760711450.5267112,
    "../results/pref_l1/bingo_dpc3/exp13_srrip_ship++/603.bwaves_s-2931B": 1760711450.5267112,
    "../results/pref_l1/bingo_dpc3/exp13_srrip_ship++/603.bwaves_s-891B": 1760711450.5267112,
    "../results/pref_l1/bingo_dpc3/exp13_srrip_ship++/605.mcf_s-1152B": 1760711450.5267112,
    "../results/pref_l1/bingo_dpc3/exp13_srrip_ship++/605.mcf_s-1536B": 1760711450.5267112,
    "../results/pref_l1/bingo_dpc3/exp13_srrip_ship++/605.mcf_s-1554B": 1760711450.5267112,
    "../results/pref_l1/bingo_dpc3/exp13_srrip_ship++/605.mcf_s-1644B": 1760711450.5267112,
    "../results/pref_l1/bingo_dpc3/exp13_srrip_ship++/605.mcf_s-472B": 1760711450.5267112,
    "../results/pref_l1/bingo_dpc3/exp13_srrip_ship++/605.mcf_s-484B": 1760711450.5267112,
    "../results/pref_l1/bingo_dpc3/exp13_srrip_ship++/605.mcf_s-665B": 1760711450.5267112,
    "../results/pref_l1/bingo_dpc3/exp13_srrip_ship++/605.mcf_s-782B": 1760711450.5267112,
    "../results/pref_l1/bingo_dpc3/exp13_srrip_ship++/605.mcf_s-994B": 1760711450.5267112,
    "../results/pref_l1/bingo_dpc3/exp13_srrip_ship++/607.cactuBSSN_s-2421B": 1760711450.5267112,
    "../results/pref_l1/bingo_dpc3/exp13_srrip_ship++/607.cactuBSSN_s-3477B": 1760711450.5267112,
    "../results/pref_l1/bingo_dpc3/exp13_srrip_ship++/607.cactuBSSN_s-4004B": 1760711450.5267112,
    "../results/pref_l1/bingo_dpc3/exp13_srrip_ship++/619.lbm_s-2676B": 1760711450.5267112,
    "../results/pref_l1/bingo_dpc3/exp13_srrip_ship++/619.lbm_s-2677B": 1760711450.5267112,
    "../results/pref_l1/bingo_dpc3/exp13_srrip_ship++/619.lbm_s-3766B": 1760711450.5267112,
    "../results/pref_l1/bingo_dpc3/exp13_srrip_ship++/619.lbm_s-4268B": 1760711450.5267112,
    "../results/pref_l1/bingo_dpc3/exp13_srrip_ship++/620.omnetpp_s-141B": 1760711450.5267112,
    "../results/pref_l1/bingo_dpc3/exp13_srrip_ship++/620.omnetpp_s-874B": 1760711450.5267112,
    "../results/pref_l1/bingo_dpc3/exp13_srrip_ship++/621.wrf_s-6673B": 1760711450.5267112,
    "../results/pref_l1/bingo_dpc3/exp13_srrip_ship++/621.wrf_s-8065B": 1760711450.5267112,
    "../results/pref_l1/bingo_dpc3/exp13_srrip_ship++/623.xalancbmk_s-10B": 1760711450.5267112,
    "../results/pref_l1/bingo_dpc3/exp13_srrip_ship++/623.xalancbmk_s-165B": 1760711450.5267112,
    "../results/pref_l1/bingo_dpc3/exp13_srrip_ship++/623.xalancbmk_s-202B": 1760711450.5267112,
    "../results/pref_l1/bingo_dpc3/exp13_srrip_ship++/625.x264_s-20B": 1760711450.5267112,
    "../results/pref_l1/bingo_dpc3/exp13_srrip_ship++/627.cam4_s-490B": 1760711450.5267112,
    "../results/pref_l1/bingo_dpc3/exp13_srrip_ship++/628.pop2_s-17B": 1760711450.5267112,
    "../results/pref_l1/bingo_dpc3/exp13_srrip_ship++/649.fotonik3d_s-10881B": 1760711450.5267112,
    "../results/pref_l1/bingo_dpc3/exp13_srrip_ship++/649.fotonik3d_s-1176B": 1760711450.5267112,
    "../results/pref_l1/bingo_dpc3/exp13_srrip_ship++/649.fotonik3d_s-7084B": 1760711450.5267112,
    "../results/pref_l1/bingo_dpc3/exp13_srrip_ship++/649.fotonik3d_s-8225B": 1760711450.5267112,
    "../results/pref_l1/bingo_dpc3/exp13_srrip_ship++/654.roms_s-1007B": 1760711450.5267112,
    "../results/pref_l1/bingo_dpc3/exp13_srrip_ship++/654.roms_s-1070B": 1760711450.5267112,
    "../results/pref_l1/bingo_dpc3/exp13_srrip_ship++/654.roms_s-1390B": 1760711450.5267112,
    "../results/pref_l1/bingo_dpc3/exp13_srrip_ship++/654.roms_s-293B": 1760711450.5267112,
    "../results/pref_l1/bingo_dpc3/exp13_srrip_ship++/654.roms_s-294B": 1760711450.5267112,
    "../results/pref_l1/bingo_dpc3/exp13_srrip_ship++/654.roms_s-523B": 1760711450.5267112,
    "../results/pref_l1/bingo_dpc3/exp13_srrip_ship++/657.xz_s-2302B": 1760711450.5267112,
    "../results/pref_l1/bingo_dpc3/exp3_lru_drrip/600.perlbench_s-570B": 1760711450.5307112,
    "../results/pref_l1/bingo_dpc3/exp3_lru_drrip/602.gcc_s-1850B": 1760711450.5307112,
    "../results/pref_l1/bingo_dpc3/exp3_lru_drrip/602.gcc_s-2226B": 1760711450.5307112,
    "../results/pref_l1/bingo_dpc3/exp3_lru_drrip/602.gcc_s-734B": 1760711450.5307112,
    "../results/pref_l1/bingo_dpc3/exp3_lru_drrip/603.bwaves_s-1740B": 1760711450.5307112,
    "../results/pref_l1/bingo_dpc3/exp3_lru_drrip/603.bwaves_s-2609B": 1760711450.5307112,
    "../results/pref_l1/bingo_dpc3/exp3_lru_drrip/603.bwaves_s-2931B": 1760711450.5307112,
    "../results/pref_l1/bingo_dpc3/exp3_lru_drrip/603.bwaves_s-891B": 1760711450.5307112,
    "../results/pref_l1/bingo_dpc3/exp3_lru_drrip/605.mcf_s-1152B": 1760711450.5307112,
    "../results/pref_l1/bingo_dpc3/exp3_lru_drrip/605.mcf_s-1536B": 1760711450.5307112,
    "../results/pref_l1/bingo_dpc3/exp3_lru_drrip/605.mcf_s-1554B": 1760711450.5307112,
    "../results/pref_l1/bingo_dpc3/exp3_lru_drrip/605.mcf_s-1644B": 1760711450.5307112,
    "../results/pref_l1/bingo_dpc3/exp3_lru_drrip/605.mcf_s-472B": 1760711450.5307112,
    "../results/pref_l1/bingo_dpc3/exp3_lru_drrip/605.mcf_s-484B": 1760711450.5307112,
    "../results/pref_l1/bingo_dpc3/exp3_lru_drrip/605.mcf_s-665B": 1760711450.5307112,
    "../results/pref_l1/bingo_dpc3/exp3_lru_drrip/605.mcf_s-782B": 1760711450.5307112,
    "../results/pref_l1/bingo_dpc3/exp3_lru_drrip/605.mcf_s-994B": 1760711450.5307112,
    "../results/pref_l1/bingo_dpc3/exp3_lru_drrip/607.cactuBSSN_s-2421B": 1760711450.5307112,
    "../results/pref_l1/bingo_dpc3/exp3_lru_drrip/607.cactuBSSN_s-3477B": 1760711450.5307112,
    "../results/pref_l1/bingo_dpc3/exp3_lru_drrip/607.cactuBSSN_s-4004B": 1760711450.5307112,
    "../results/pref_l1/bingo_dpc3/exp3_lru_drrip/619.lbm_s-2676B": 1760711450.5307112,
    "../results/pref_l1/bingo_dpc3/exp3_lru_drrip/619.lbm_s-2677B": 1760711450.5307112,
    "../results/pref_l1/bingo_dpc3/exp3_lru_drrip/619.lbm_s-3766B": 1760711450.5307112,
    "../results/pref_l1/bingo_dpc3/exp3_lru_drrip/619.lbm_s-4268B": 1760711450.5307112,
    "../results/pref_l1/bingo_dpc3/exp3_lru_drrip/620.omnetpp_s-141B": 1760711450.5307112,
    "../results/pref_l1/bingo_dpc3/exp3_lru_drrip/620.omnetpp_s-874B": 1760711450.5307112,
    "../results/pref_l1/bingo_dpc3/exp3_lru_drrip/621.wrf_s-6673B": 1760711450.5307112,
    "../results/pref_l1/bingo_dpc3/exp3_lru_drrip/621.wrf_s-8065B": 1760711450.5307112,
    "../results/pref_l1/bingo_dpc3/exp3_lru_drrip/623.xalancbmk_s-10B": 1760711450.5307112,
    "../results/pref_l1/bingo_dpc3/exp3_lru_drrip/623.xalancbmk_s-165B": 1760711450.5307112,
    "../results/pref_l1/bingo_dpc3/exp3_lru_drrip/623.xalancbmk_s-202B": 1760711450.5307112,
    "../results/pref_l1/bingo_dpc3/exp3_lru_drrip/625.x264_s-20B": 1760711450.5307112,
    "../results/pref_l1/bingo_dpc3/exp3_lru_drrip/627.cam4_s-490B": 1760711450.5307112,
    "../results/pref_l1/bingo_dpc3/exp3_lru_drrip/628.pop2_s-17B": 1760711450.5307112,
    "../results/pref_l1/bingo_dpc3/exp3_lru_drrip/649.fotonik3d_s-10881B": 1760711450.5307112,
    "../results/pref_l1/bingo_dpc3/exp3_lru_drrip/649.fotonik3d_s-1176B": 1760711450.5307112,
    "../results/pref_l1/bingo_dpc3/exp3_lru_drrip/649.fotonik3d_s-7084B": 1760711450.5307112,
    "../results/pref_l1/bingo_dpc3/exp3_lru_drrip/649.fotonik3d_s-8225B": 1760711450.531711,
    "../results/pref_l1/bingo_dpc3/exp3_lru_drrip/654.roms_s-1007B": 1760711450.531711,
    "../results/pref_l1/bingo_dpc3/exp3_lru_drrip/654.roms_s-1070B": 1760711450.531711,
    "../results/pref_l1/bingo_dpc3/exp3_lru_drrip/654.roms_s-1390B": 1760711450.531711,
    "../results/pref_l1/bingo_dpc3/exp3_lru_drrip/654.roms_s-293B": 1760711450.531711,
    "../results/pref_l1/bingo_dpc3/exp3_lru_drrip/654.roms_s-294B": 1760711450.531711,
    "../results/pref_l1/bingo_dpc3/exp3_lru_drrip/654.roms_s-523B": 1760711450.531711,
    "../results/pref_l1/bingo_dpc3/exp3_lru_drrip/657.xz_s-2302B": 1760711450.531711,
    "../results/pref_l1/bingo_dpc3/exp4_lru_hawkeye/600.perlbench_s-570B": 1760711450.531711,
    "../results/pref_l1/bingo_dpc3/exp4_lru_hawkeye/602.gcc_s-1850B": 1760711450.531711,
    "../results/pref_l1/bingo_dpc3/exp4_lru_hawkeye/602.gcc_s-2226B": 1760711450.531711,
    "../results/pref_l1/bingo_dpc3/exp4_lru_hawkeye/602.gcc_s-734B": 1760711450.531711,
    "../results/pref_l1/bingo_dpc3/exp4_lru_hawkeye/603.bwaves_s-1740B": 1760711450.531711,
    "../results/pref_l1/bingo_dpc3/exp4_lru_hawkeye/603.bwaves_s-2609B": 1760711450.531711,
    "../results/pref_l1/bingo_dpc3/exp4_lru_hawkeye/603.bwaves_s-2931B": 1760711450.531711,
    "../results/pref_l1/bingo_dpc3/exp4_lru_hawkeye/603.bwaves_s-891B": 1760711450.531711,
    "../results/pref_l1/bingo_dpc3/exp4_lru_hawkeye/605.mcf_s-1152B": 1760711450.531711,
    "../results/pref_l1/bingo_dpc3/exp4_lru_hawkeye/605.mcf_s-1536B": 1760711450.531711,
    "../results/pref_l1/bingo_dpc3/exp4_lru_hawkeye/605.mcf_s-1554B": 1760711450.531711,
    "../results/pref_l1/bingo_dpc3/exp4_lru_hawkeye/605.mcf_s-1644B": 1760711450.531711,
    "../results/pref_l1/bingo_dpc3/exp4_lru_hawkeye/605.mcf_s-472B": 1760711450.531711,
    "../results/pref_l1/bingo_dpc3/exp4_lru_hawkeye/605.mcf_s-484B": 1760711450.531711,
    "../results/pref_l1/bingo_dpc3/exp4_lru_hawkeye/605.mcf_s-665B": 1760711450.531711,
    "../results/pref_l1/bingo_dpc3/exp4_lru_hawkeye/605.mcf_s-782B": 1760711450.531711,
    "../results/pref_l1/bingo_dpc3/exp4_lru_hawkeye/605.mcf_s-994B": 1760711450.531711,
    "../results/pref_l1/bingo_dpc3/exp4_lru_hawkeye/607.cactuBSSN_s-2421B": 1760711450.531711,
    "../results/pref_l1/bingo_dpc3/exp4_lru_hawkeye/607.cactuBSSN_s-3477B": 1760711450.531711,
    "../results/pref_l1/bingo_dpc3/exp4_lru_hawkeye/607.cactuBSSN_s-4004B": 1760711450.531711,
    "../results/pref_l1/bingo_dpc3/exp4_lru_hawkeye/619.lbm_s-2676B": 1760711450.531711,
    "../results/pref_l1/bingo_dpc3/exp4_lru_hawkeye/619.lbm_s-2677B": 1760711450.531711,
    "../results/pref_l1/bingo_dpc3/exp4_lru_hawkeye/619.lbm_s-3766B": 1760711450.531711,
    "../results/pref_l1/bingo_dpc3/exp4_lru_hawkeye/619.lbm_s-4268B": 1760711450.531711,
    "../results/pref_l1/bingo_dpc3/exp4_lru_hawkeye/620.omnetpp_s-141B": 1760711450.531711,
    "../results/pref_l1/bingo_dpc3/exp4_lru_hawkeye/620.omnetpp_s-874B": 1760711450.531711,
    "../results/pref_l1/bingo_dpc3/exp4_lru_hawkeye/621.wrf_s-6673B": 1760711450.531711,
    "../results/pref_l1/bingo_dpc3/exp4_lru_hawkeye/621.wrf_s-8065B": 1760711450.531711,
    "../results/pref_l1/bingo_dpc3/exp4_lru_hawkeye/623.xalancbmk_s-10B": 1760711450.531711,
    "../results/pref_l1/bingo_dpc3/exp4_lru_hawkeye/623.xalancbmk_s-165B": 1760711450.531711,
    "../results/pref_l1/bingo_dpc3/exp4_lru_hawkeye/623.xalancbmk_s-202B": 1760711450.531711,
    "../results/pref_l1/bingo_dpc3/exp4_lru_hawkeye/625.x264_s-20B": 1760711450.531711,
    "../results/pref_l1/bingo_dpc3/exp4_lru_hawkeye/627.cam4_s-490B": 1760711450.531711,
    "../results/pref_l1/bingo_dpc3/exp4_lru_hawkeye/628.pop2_s-17B": 1760711450.531711,
    "../results/pref_l1/bingo_dpc3/exp4_lru_hawkeye/649.fotonik3d_s-10881B": 1760711450.531711,
    "../results/pref_l1/bingo_dpc3/exp4_lru_hawkeye/649.fotonik3d_s-1176B": 1760711450.5327113,
    "../results/pref_l1/bingo_dpc3/exp4_lru_hawkeye/649.fotonik3d_s-7084B": 1760711450.5327113,
    "../results/pref_l1/bingo_dpc3/exp4_lru_hawkeye/649.fotonik3d_s-8225B": 1760711450.5327113,
    "../results/pref_l1/bingo_dpc3/exp4_lru_hawkeye/654.roms_s-1007B": 1760711450.5327113,
    "../results/pref_l1/bingo_dpc3/exp4_lru_hawkeye/654.roms_s-1070B": 1760711450.5327113,
    "../results/pref_l1/bingo_dpc3/exp4_lru_hawkeye/654.roms_s-1390B": 1760711450.5327113,
    "../results/pref_l1/bingo_dpc3/exp4_lru_hawkeye/654.roms_s-293B": 1760711450.5327113,
    "../results/pref_l1/bingo_dpc3/exp4_lru_hawkeye/654.roms_s-294B": 1760711450.5327113,
    "../results/pref_l1/bingo_dpc3/exp4_lru_hawkeye/654.roms_s-523B": 1760711450.5327113,
    "../results/pref_l1/bingo_dpc3/exp4_lru_hawkeye/657.xz_s-2302B": 1760711450.5327113,
    "../results/pref_l1/bingo_dpc3/exp2_lru_srrip/600.perlbench_s-570B": 1760711450.5297112,
    "../results/pref_l1/bingo_dpc3/exp2_lru_srrip/602.gcc_s-1850B": 1760711450.5297112,
    "../results/pref_l1/bingo_dpc3/exp2_lru_srrip/602.gcc_s-2226B": 1760711450.5297112,
    "../results/pref_l1/bingo_dpc3/exp2_lru_srrip/602.gcc_s-734B": 1760711450.5297112,
    "../results/pref_l1/bingo_dpc3/exp2_lru_srrip/603.bwaves_s-1740B": 1760711450.5297112,
    "../results/pref_l1/bingo_dpc3/exp2_lru_srrip/603.bwaves_s-2609B": 1760711450.5297112,
    "../results/pref_l1/bingo_dpc3/exp2_lru_srrip/603.bwaves_s-2931B": 1760711450.5297112,
    "../results/pref_l1/bingo_dpc3/exp2_lru_srrip/603.bwaves_s-891B": 1760711450.5297112,
    "../results/pref_l1/bingo_dpc3/exp2_lru_srrip/605.mcf_s-1152B": 1760711450.5297112,
    "../results/pref_l1/bingo_dpc3/exp2_lru_srrip/605.mcf_s-1536B": 1760711450.5297112,
    "../results/pref_l1/bingo_dpc3/exp2_lru_srrip/605.mcf_s-1554B": 1760711450.5297112,
    "../results/pref_l1/bingo_dpc3/exp2_lru_srrip/605.mcf_s-1644B": 1760711450.5297112,
    "../results/pref_l1/bingo_dpc3/exp2_lru_srrip/605.mcf_s-472B": 1760711450.5297112,
    "../results/pref_l1/bingo_dpc3/exp2_lru_srrip/605.mcf_s-484B": 1760711450.5297112,
    "../results/pref_l1/bingo_dpc3/exp2_lru_srrip/605.mcf_s-665B": 1760711450.5297112,
    "../results/pref_l1/bingo_dpc3/exp2_lru_srrip/605.mcf_s-782B": 1760711450.5297112,
    "../results/pref_l1/bingo_dpc3/exp2_lru_srrip/605.mcf_s-994B": 1760711450.5297112,
    "../results/pref_l1/bingo_dpc3/exp2_lru_srrip/607.cactuBSSN_s-2421B": 1760711450.5297112,
    "../results/pref_l1/bingo_dpc3/exp2_lru_srrip/607.cactuBSSN_s-3477B": 1760711450.5297112,
    "../results/pref_l1/bingo_dpc3/exp2_lru_srrip/607.cactuBSSN_s-4004B": 1760711450.5297112,
    "../results/pref_l1/bingo_dpc3/exp2_lru_srrip/619.lbm_s-2676B": 1760711450.5297112,
    "../results/pref_l1/bingo_dpc3/exp2_lru_srrip/619.lbm_s-2677B": 1760711450.5297112,
    "../results/pref_l1/bingo_dpc3/exp2_lru_srrip/619.lbm_s-3766B": 1760711450.5297112,
    "../results/pref_l1/bingo_dpc3/exp2_lru_srrip/619.lbm_s-4268B": 1760711450.5297112,
    "../results/pref_l1/bingo_dpc3/exp2_lru_srrip/620.omnetpp_s-141B": 1760711450.5297112,
    "../results/pref_l1/bingo_dpc3/exp2_lru_srrip/620.omnetpp_s-874B": 1760711450.5297112,
    "../results/pref_l1/bingo_dpc3/exp2_lru_srrip/621.wrf_s-6673B": 1760711450.5297112,
    "../results/pref_l1/bingo_dpc3/exp2_lru_srrip/621.wrf_s-8065B": 1760711450.5297112,
    "../results/pref_l1/bingo_dpc3/exp2_lru_srrip/623.xalancbmk_s-10B": 1760711450.5297112,
    "../results/pref_l1/bingo_dpc3/exp2_lru_srrip/623.xalancbmk_s-165B": 1760711450.5297112,
    "../results/pref_l1/bingo_dpc3/exp2_lru_srrip/623.xalancbmk_s-202B": 1760711450.5297112,
    "../results/pref_l1/bingo_dpc3/exp2_lru_srrip/625.x264_s-20B": 1760711450.5297112,
    "../results/pref_l1/bingo_dpc3/exp2_lru_srrip/627.cam4_s-490B": 1760711450.5297112,
    "../results/pref_l1/bingo_dpc3/exp2_lru_srrip/628.pop2_s-17B": 1760711450.5297112,
    "../results/pref_l1/bingo_dpc3/exp2_lru_srrip/649.fotonik3d_s-10881B": 1760711450.5297112,
    "../results/pref_l1/bingo_dpc3/exp2_lru_srrip/649.fotonik3d_s-1176B": 1760711450.5297112,
    "../results/pref_l1/bingo_dpc3/exp2_lru_srrip/649.fotonik3d_s-7084B": 1760711450.5297112,
    "../results/pref_l1/bingo_dpc3/exp2_lru_srrip/649.fotonik3d_s-8225B": 1760711450.5297112,
    "../results/pref_l1/bingo_dpc3/exp2_lru_srrip/654.roms_s-1007B": 1760711450.5297112,
    "../results/pref_l1/bingo_dpc3/exp2_lru_srrip/654.roms_s-1070B": 1760711450.5297112,
    "../results/pref_l1/bingo_dpc3/exp2_lru_srrip/654.roms_s-1390B": 1760711450.5307112,
    "../results/pref_l1/bingo_dpc3/exp2_lru_srrip/654.roms_s-293B": 1760711450.5307112,
    "../results/pref_l1/bingo_dpc3/exp2_lru_srrip/654.roms_s-294B": 1760711450.5307112,
    "../results/pref_l1/bingo_dpc3/exp2_lru_srrip/654.roms_s-523B": 1760711450.5307112,
    "../results/pref_l1/bingo_dpc3/exp2_lru_srrip/657.xz_s-2302B": 1760711450.5307112,
    "../results/pref_l1/bingo_dpc3/exp5_lru_ship/600.perlbench_s-570B": 1760711450.5327113,
    "../results/pref_l1/bingo_dpc3/exp5_lru_ship/602.gcc_s-1850B": 1760711450.5327113,
    "../results/pref_l1/bingo_dpc3/exp5_lru_ship/602.gcc_s-2226B": 1760711450.5327113,
    "../results/pref_l1/bingo_dpc3/exp5_lru_ship/602.gcc_s-734B": 1760711450.5327113,
    "../results/pref_l1/bingo_dpc3/exp5_lru_ship/603.bwaves_s-1740B": 1760711450.5327113,
    "../results/pref_l1/bingo_dpc3/exp5_lru_ship/603.bwaves_s-2609B": 1760711450.5327113,
    "../results/pref_l1/bingo_dpc3/exp5_lru_ship/603.bwaves_s-2931B": 1760711450.5327113,
    "../results/pref_l1/bingo_dpc3/exp5_lru_ship/603.bwaves_s-891B": 1760711450.5327113,
    "../results/pref_l1/bingo_dpc3/exp5_lru_ship/605.mcf_s-1152B": 1760711450.5327113,
    "../results/pref_l1/bingo_dpc3/exp5_lru_ship/605.mcf_s-1536B": 1760711450.5327113,
    "../results/pref_l1/bingo_dpc3/exp5_lru_ship/605.mcf_s-1554B": 1760711450.5327113,
    "../results/pref_l1/bingo_dpc3/exp5_lru_ship/605.mcf_s-1644B": 1760711450.5327113,
    "../results/pref_l1/bingo_dpc3/exp5_lru_ship/605.mcf_s-472B": 1760711450.5327113,
    "../results/pref_l1/bingo_dpc3/exp5_lru_ship/605.mcf_s-484B": 1760711450.5327113,
    "../results/pref_l1/bingo_dpc3/exp5_lru_ship/605.mcf_s-665B": 1760711450.5327113,
    "../results/pref_l1/bingo_dpc3/exp5_lru_ship/605.mcf_s-782B": 1760711450.5327113,
    "../results/pref_l1/bingo_dpc3/exp5_lru_ship/605.mcf_s-994B": 1760711450.5327113,
    "../results/pref_l1/bingo_dpc3/exp5_lru_ship/607.cactuBSSN_s-2421B": 1760711450.5327113,
    "../results/pref_l1/bingo_dpc3/exp5_lru_ship/607.cactuBSSN_s-3477B": 1760711450.5327113,
    "../results/pref_l1/bingo_dpc3/exp5_lru_ship/607.cactuBSSN_s-4004B": 1760711450.5327113,
    "../results/pref_l1/bingo_dpc3/exp5_lru_ship/619.lbm_s-2676B": 1760711450.5327113,
    "../results/pref_l1/bingo_dpc3/exp5_lru_ship/619.lbm_s-2677B": 1760711450.5327113,
    "../results/pref_l1/bingo_dpc3/exp5_lru_ship/619.lbm_s-3766B": 1760711450.5327113,
    "../results/pref_l1/bingo_dpc3/exp5_lru_ship/619.lbm_s-4268B": 1760711450.5337112,
    "../results/pref_l1/bingo_dpc3/exp5_lru_ship/620.omnetpp_s-141B": 1760711450.5337112,
    "../results/pref_l1/bingo_dpc3/exp5_lru_ship/620.omnetpp_s-874B": 1760711450.5337112,
    "../results/pref_l1/bingo_dpc3/exp5_lru_ship/621.wrf_s-6673B": 1760711450.5337112,
    "../results/pref_l1/bingo_dpc3/exp5_lru_ship/621.wrf_s-8065B": 1760711450.5337112,
    "../results/pref_l1/bingo_dpc3/exp5_lru_ship/623.xalancbmk_s-10B": 1760711450.5337112,
    "../results/pref_l1/bingo_dpc3/exp5_lru_ship/623.xalancbmk_s-165B": 1760711450.5337112,
    "../results/pref_l1/bingo_dpc3/exp5_lru_ship/623.xalancbmk_s-202B": 1760711450.5337112,
    "../results/pref_l1/bingo_dpc3/exp5_lru_ship/625.x264_s-20B": 1760711450.5337112,
    "../results/pref_l1/bingo_dpc3/exp5_lru_ship/627.cam4_s-490B": 1760711450.5337112,
    "../results/pref_l1/bingo_dpc3/exp5_lru_ship/628.pop2_s-17B": 1760711450.5337112,
    "../results/pref_l1/bingo_dpc3/exp5_lru_ship/649.fotonik3d_s-10881B": 1760711450.5337112,
    "../results/pref_l1/bingo_dpc3/exp5_lru_ship/649.fotonik3d_s-1176B": 1760711450.5337112,
    "../results/pref_l1/bingo_dpc3/exp5_lru_ship/649.fotonik3d_s-7084B": 1760711450.5337112,
    "../results/pref_l1/bingo_dpc3/exp5_lru_ship/649.fotonik3d_s-8225B": 1760711450.5337112,
    "../results/pref_l1/bingo_dpc3/exp5_lru_ship/654.roms_s-1007B": 1760711450.5337112,
    "../results/pref_l1/bingo_dpc3/exp5_lru_ship/654.roms_s-1070B": 1760711450.5337112,
    "../results/pref_l1/bingo_dpc3/exp5_lru_ship/654.roms_s-1390B": 1760711450.5337112,
    "../results/pref_l1/bingo_dpc3/exp5_lru_ship/654.roms_s-293B": 1760711450.5337112,
    "../results/pref_l1/bingo_dpc3/exp5_lru_ship/654.roms_s-294B": 1760711450.5337112,
    "../results/pref_l1/bingo_dpc3/exp5_lru_ship/654.roms_s-523B": 1760711450.5337112,
    "../results/pref_l1/bingo_dpc3/exp5_lru_ship/657.xz_s-2302B": 1760711450.5337112,
    "../results/pref_l1/bingo_dpc3/exp9_srrip_srrip/600.perlbench_s-570B": 1760711450.5377111,
    "../results/pref_l1/bingo_dpc3/exp9_srrip_srrip/602.gcc_s-1850B": 1760711450.5377111,
    "../results/pref_l1/bingo_dpc3/exp9_srrip_srrip/602.gcc_s-2226B": 1760711450.5377111,
    "../results/pref_l1/bingo_dpc3/exp9_srrip_srrip/602.gcc_s-734B": 1760711450.5377111,
    "../results/pref_l1/bingo_dpc3/exp9_srrip_srrip/603.bwaves_s-1740B": 1760711450.5377111,
    "../results/pref_l1/bingo_dpc3/exp9_srrip_srrip/603.bwaves_s-2609B": 1760711450.5377111,
    "../results/pref_l1/bingo_dpc3/exp9_srrip_srrip/603.bwaves_s-2931B": 1760711450.5377111,
    "../results/pref_l1/bingo_dpc3/exp9_srrip_srrip/603.bwaves_s-891B": 1760711450.5377111,
    "../results/pref_l1/bingo_dpc3/exp9_srrip_srrip/605.mcf_s-1152B": 1760711450.5377111,
    "../results/pref_l1/bingo_dpc3/exp9_srrip_srrip/605.mcf_s-1536B": 1760711450.5377111,
    "../results/pref_l1/bingo_dpc3/exp9_srrip_srrip/605.mcf_s-1554B": 1760711450.5377111,
    "../results/pref_l1/bingo_dpc3/exp9_srrip_srrip/605.mcf_s-1644B": 1760711450.5377111,
    "../results/pref_l1/bingo_dpc3/exp9_srrip_srrip/605.mcf_s-472B": 1760711450.5377111,
    "../results/pref_l1/bingo_dpc3/exp9_srrip_srrip/605.mcf_s-484B": 1760711450.5377111,
    "../results/pref_l1/bingo_dpc3/exp9_srrip_srrip/605.mcf_s-665B": 1760711450.5377111,
    "../results/pref_l1/bingo_dpc3/exp9_srrip_srrip/605.mcf_s-782B": 1760711450.5377111,
    "../results/pref_l1/bingo_dpc3/exp9_srrip_srrip/605.mcf_s-994B": 1760711450.5377111,
    "../results/pref_l1/bingo_dpc3/exp9_srrip_srrip/607.cactuBSSN_s-2421B": 1760711450.5377111,
    "../results/pref_l1/bingo_dpc3/exp9_srrip_srrip/607.cactuBSSN_s-3477B": 1760711450.5377111,
    "../results/pref_l1/bingo_dpc3/exp9_srrip_srrip/607.cactuBSSN_s-4004B": 1760711450.5377111,
    "../results/pref_l1/bingo_dpc3/exp9_srrip_srrip/619.lbm_s-2676B": 1760711450.5377111,
    "../results/pref_l1/bingo_dpc3/exp9_srrip_srrip/619.lbm_s-2677B": 1760711450.5377111,
    "../results/pref_l1/bingo_dpc3/exp9_srrip_srrip/619.lbm_s-3766B": 1760711450.5377111,
    "../results/pref_l1/bingo_dpc3/exp9_srrip_srrip/619.lbm_s-4268B": 1760711450.5377111,
    "../results/pref_l1/bingo_dpc3/exp9_srrip_srrip/620.omnetpp_s-141B": 1760711450.5387113,
    "../results/pref_l1/bingo_dpc3/exp9_srrip_srrip/620.omnetpp_s-874B": 1760711450.5387113,
    "../results/pref_l1/bingo_dpc3/exp9_srrip_srrip/621.wrf_s-6673B": 1760711450.5387113,
    "../results/pref_l1/bingo_dpc3/exp9_srrip_srrip/621.wrf_s-8065B": 1760711450.5387113,
    "../results/pref_l1/bingo_dpc3/exp9_srrip_srrip/623.xalancbmk_s-10B": 1760711450.5387113,
    "../results/pref_l1/bingo_dpc3/exp9_srrip_srrip/623.xalancbmk_s-165B": 1760711450.5387113,
    "../results/pref_l1/bingo_dpc3/exp9_srrip_srrip/623.xalancbmk_s-202B": 1760711450.5387113,
    "../results/pref_l1/bingo_dpc3/exp9_srrip_srrip/625.x264_s-20B": 1760711450.5387113,
    "../results/pref_l1/bingo_dpc3/exp9_srrip_srrip/627.cam4_s-490B": 1760711450.5387113,
    "../results/pref_l1/bingo_dpc3/exp9_srrip_srrip/628.pop2_s-17B": 1760711450.5387113,
    "../results/pref_l1/bingo_dpc3/exp9_srrip_srrip/649.fotonik3d_s-10881B": 1760711450.5387113,
    "../results/pref_l1/bingo_dpc3/exp9_srrip_srrip/649.fotonik3d_s-1176B": 1760711450.5387113,
    "../results/pref_l1/bingo_dpc3/exp9_srrip_srrip/649.fotonik3d_s-7084B": 1760711450.5387113,
    "../results/pref_l1/bingo_dpc3/exp9_srrip_srrip/649.fotonik3d_s-8225B": 1760711450.5387113,
    "../results/pref_l1/bingo_dpc3/exp9_srrip_srrip/654.roms_s-1007B": 1760711450.5387113,
    "../results/pref_l1/bingo_dpc3/exp9_srrip_srrip/654.roms_s-1070B": 1760711450.5387113,
    "../results/pref_l1/bingo_dpc3/exp9_srrip_srrip/654.roms_s-1390B": 1760711450.5387113,
    "../results/pref_l1/bingo_dpc3/exp9_srrip_srrip/654.roms_s-293B": 1760711450.5387113,
    "../results/pref_l1/bingo_dpc3/exp9_srrip_srrip/654.roms_s-294B": 1760711450.5387113,
    "../results/pref_l1/bingo_dpc3/exp9_srrip_srrip/654.roms_s-523B": 1760711450.5387113,
    "../results/pref_l1/bingo_dpc3/exp9_srrip_srrip/657.xz_s-2302B": 1760711450.5387113,
    "../results/pref_l1/bingo_dpc3/exp8_srrip_lru/600.perlbench_s-570B": 1760711450.5367112,
    "../results/pref_l1/bingo_dpc3/exp8_srrip_lru/602.gcc_s-1850B": 1760711450.5367112,
    "../results/pref_l1/bingo_dpc3/exp8_srrip_lru/602.gcc_s-2226B": 1760711450.5367112,
    "../results/pref_l1/bingo_dpc3/exp8_srrip_lru/602.gcc_s-734B": 1760711450.5367112,
    "../results/pref_l1/bingo_dpc3/exp8_srrip_lru/603.bwaves_s-1740B": 1760711450.5367112,
    "../results/pref_l1/bingo_dpc3/exp8_srrip_lru/603.bwaves_s-2609B": 1760711450.5367112,
    "../results/pref_l1/bingo_dpc3/exp8_srrip_lru/603.bwaves_s-2931B": 1760711450.5367112,
    "../results/pref_l1/bingo_dpc3/exp8_srrip_lru/603.bwaves_s-891B": 1760711450.5367112,
    "../results/pref_l1/bingo_dpc3/exp8_srrip_lru/605.mcf_s-1152B": 1760711450.5367112,
    "../results/pref_l1/bingo_dpc3/exp8_srrip_lru/605.mcf_s-1536B": 1760711450.5367112,
    "../results/pref_l1/bingo_dpc3/exp8_srrip_lru/605.mcf_s-1554B": 1760711450.5367112,
    "../results/pref_l1/bingo_dpc3/exp8_srrip_lru/605.mcf_s-1644B": 1760711450.5367112,
    "../results/pref_l1/bingo_dpc3/exp8_srrip_lru/605.mcf_s-472B": 1760711450.5367112,
    "../results/pref_l1/bingo_dpc3/exp8_srrip_lru/605.mcf_s-484B": 1760711450.5367112,
    "../results/pref_l1/bingo_dpc3/exp8_srrip_lru/605.mcf_s-665B": 1760711450.5367112,
    "../results/pref_l1/bingo_dpc3/exp8_srrip_lru/605.mcf_s-782B": 1760711450.5367112,
    "../results/pref_l1/bingo_dpc3/exp8_srrip_lru/605.mcf_s-994B": 1760711450.5367112,
    "../results/pref_l1/bingo_dpc3/exp8_srrip_lru/607.cactuBSSN_s-2421B": 1760711450.5367112,
    "../results/pref_l1/bingo_dpc3/exp8_srrip_lru/607.cactuBSSN_s-3477B": 1760711450.5367112,
    "../results/pref_l1/bingo_dpc3/exp8_srrip_lru/607.cactuBSSN_s-4004B": 1760711450.5367112,
    "../results/pref_l1/bingo_dpc3/exp8_srrip_lru/619.lbm_s-2676B": 1760711450.5367112,
    "../results/pref_l1/bingo_dpc3/exp8_srrip_lru/619.lbm_s-2677B": 1760711450.5367112,
    "../results/pref_l1/bingo_dpc3/exp8_srrip_lru/619.lbm_s-3766B": 1760711450.5367112,
    "../results/pref_l1/bingo_dpc3/exp8_srrip_lru/619.lbm_s-4268B": 1760711450.5367112,
    "../results/pref_l1/bingo_dpc3/exp8_srrip_lru/620.omnetpp_s-141B": 1760711450.5367112,
    "../results/pref_l1/bingo_dpc3/exp8_srrip_lru/620.omnetpp_s-874B": 1760711450.5367112,
    "../results/pref_l1/bingo_dpc3/exp8_srrip_lru/621.wrf_s-6673B": 1760711450.5367112,
    "../results/pref_l1/bingo_dpc3/exp8_srrip_lru/621.wrf_s-8065B": 1760711450.5367112,
    "../results/pref_l1/bingo_dpc3/exp8_srrip_lru/623.xalancbmk_s-10B": 1760711450.5367112,
    "../results/pref_l1/bingo_dpc3/exp8_srrip_lru/623.xalancbmk_s-165B": 1760711450.5367112,
    "../results/pref_l1/bingo_dpc3/exp8_srrip_lru/623.xalancbmk_s-202B": 1760711450.5377111,
    "../results/pref_l1/bingo_dpc3/exp8_srrip_lru/625.x264_s-20B": 1760711450.5377111,
    "../results/pref_l1/bingo_dpc3/exp8_srrip_lru/627.cam4_s-490B": 1760711450.5377111,
    "../results/pref_l1/bingo_dpc3/exp8_srrip_lru/628.pop2_s-17B": 1760711450.5377111,
    "../results/pref_l1/bingo_dpc3/exp8_srrip_lru/649.fotonik3d_s-10881B": 1760711450.5377111,
    "../results/pref_l1/bingo_dpc3/exp8_srrip_lru/649.fotonik3d_s-1176B": 1760711450.5377111,
    "../results/pref_l1/bingo_dpc3/exp8_srrip_lru/649.fotonik3d_s-7084B": 1760711450.5377111,
    "../results/pref_l1/bingo_dpc3/exp8_srrip_lru/649.fotonik3d_s-8225B": 1760711450.5377111,
    "../results/pref_l1/bingo_dpc3/exp8_srrip_lru/654.roms_s-1007B": 1760711450.5377111,
    "../results/pref_l1/bingo_dpc3/exp8_srrip_lru/654.roms_s-1070B": 1760711450.5377111,
    "../results/pref_l1/bingo_dpc3/exp8_srrip_lru/654.roms_s-1390B": 1760711450.5377111,
    "../results/pref_l1/bingo_dpc3/exp8_srrip_lru/654.roms_s-293B": 1760711450.5377111,
    "../results/pref_l1/bingo_dpc3/exp8_srrip_lru/654.roms_s-294B": 1760711450.5377111,
    "../results/pref_l1/bingo_dpc3/exp8_srrip_lru/654.roms_s-523B": 1760711450.5377111,
    "../results/pref_l1/bingo_dpc3/exp8_srrip_lru/657.xz_s-2302B": 1760711450.5377111,
    "../results/pref_l1/bingo_dpc3/exp6_lru_ship++/600.perlbench_s-570B": 1760711450.5337112,
    "../results/pref_l1/bingo_dpc3/exp6_lru_ship++/602.gcc_s-1850B": 1760711450.5337112,
    "../results/pref_l1/bingo_dpc3/exp6_lru_ship++/602.gcc_s-2226B": 1760711450.5337112,
    "../results/pref_l1/bingo_dpc3/exp6_lru_ship++/602.gcc_s-734B": 1760711450.5337112,
    "../results/pref_l1/bingo_dpc3/exp6_lru_ship++/603.bwaves_s-1740B": 1760711450.5337112,
    "../results/pref_l1/bingo_dpc3/exp6_lru_ship++/603.bwaves_s-2609B": 1760711450.5337112,
    "../results/pref_l1/bingo_dpc3/exp6_lru_ship++/603.bwaves_s-2931B": 1760711450.5347111,
    "../results/pref_l1/bingo_dpc3/exp6_lru_ship++/603.bwaves_s-891B": 1760711450.5347111,
    "../results/pref_l1/bingo_dpc3/exp6_lru_ship++/605.mcf_s-1152B": 1760711450.5347111,
    "../results/pref_l1/bingo_dpc3/exp6_lru_ship++/605.mcf_s-1536B": 1760711450.5347111,
    "../results/pref_l1/bingo_dpc3/exp6_lru_ship++/605.mcf_s-1554B": 1760711450.5347111,
    "../results/pref_l1/bingo_dpc3/exp6_lru_ship++/605.mcf_s-1644B": 1760711450.5347111,
    "../results/pref_l1/bingo_dpc3/exp6_lru_ship++/605.mcf_s-472B": 1760711450.5347111,
    "../results/pref_l1/bingo_dpc3/exp6_lru_ship++/605.mcf_s-484B": 1760711450.5347111,
    "../results/pref_l1/bingo_dpc3/exp6_lru_ship++/605.mcf_s-665B": 1760711450.5347111,
    "../results/pref_l1/bingo_dpc3/exp6_lru_ship++/605.mcf_s-782B": 1760711450.5347111,
    "../results/pref_l1/bingo_dpc3/exp6_lru_ship++/605.mcf_s-994B": 1760711450.5347111,
    "../results/pref_l1/bingo_dpc3/exp6_lru_ship++/607.cactuBSSN_s-2421B": 1760711450.5347111,
    "../results/pref_l1/bingo_dpc3/exp6_lru_ship++/607.cactuBSSN_s-3477B": 1760711450.5347111,
    "../results/pref_l1/bingo_dpc3/exp6_lru_ship++/607.cactuBSSN_s-4004B": 1760711450.5347111,
    "../results/pref_l1/bingo_dpc3/exp6_lru_ship++/619.lbm_s-2676B": 1760711450.5347111,
    "../results/pref_l1/bingo_dpc3/exp6_lru_ship++/619.lbm_s-2677B": 1760711450.5347111,
    "../results/pref_l1/bingo_dpc3/exp6_lru_ship++/619.lbm_s-3766B": 1760711450.5347111,
    "../results/pref_l1/bingo_dpc3/exp6_lru_ship++/619.lbm_s-4268B": 1760711450.5347111,
    "../results/pref_l1/bingo_dpc3/exp6_lru_ship++/620.omnetpp_s-141B": 1760711450.5347111,
    "../results/pref_l1/bingo_dpc3/exp6_lru_ship++/620.omnetpp_s-874B": 1760711450.5347111,
    "../results/pref_l1/bingo_dpc3/exp6_lru_ship++/621.wrf_s-6673B": 1760711450.5347111,
    "../results/pref_l1/bingo_dpc3/exp6_lru_ship++/621.wrf_s-8065B": 1760711450.5347111,
    "../results/pref_l1/bingo_dpc3/exp6_lru_ship++/623.xalancbmk_s-10B": 1760711450.5347111,
    "../results/pref_l1/bingo_dpc3/exp6_lru_ship++/623.xalancbmk_s-165B": 1760711450.5347111,
    "../results/pref_l1/bingo_dpc3/exp6_lru_ship++/623.xalancbmk_s-202B": 1760711450.5347111,
    "../results/pref_l1/bingo_dpc3/exp6_lru_ship++/625.x264_s-20B": 1760711450.5347111,
    "../results/pref_l1/bingo_dpc3/exp6_lru_ship++/627.cam4_s-490B": 1760711450.5347111,
    "../results/pref_l1/bingo_dpc3/exp6_lru_ship++/628.pop2_s-17B": 1760711450.5347111,
    "../results/pref_l1/bingo_dpc3/exp6_lru_ship++/649.fotonik3d_s-10881B": 1760711450.5347111,
    "../results/pref_l1/bingo_dpc3/exp6_lru_ship++/649.fotonik3d_s-1176B": 1760711450.5347111,
    "../results/pref_l1/bingo_dpc3/exp6_lru_ship++/649.fotonik3d_s-7084B": 1760711450.5347111,
    "../results/pref_l1/bingo_dpc3/exp6_lru_ship++/649.fotonik3d_s-8225B": 1760711450.5347111,
    "../results/pref_l1/bingo_dpc3/exp6_lru_ship++/654.roms_s-1007B": 1760711450.5347111,
    "../results/pref_l1/bingo_dpc3/exp6_lru_ship++/654.roms_s-1070B": 1760711450.5347111,
    "../results/pref_l1/bingo_dpc3/exp6_lru_ship++/654.roms_s-1390B": 1760711450.5347111,
    "../results/pref_l1/bingo_dpc3/exp6_lru_ship++/654.roms_s-293B": 1760711450.5347111,
    "../results/pref_l1/bingo_dpc3/exp6_lru_ship++/654.roms_s-294B": 1760711450.5347111,
    "../results/pref_l1/bingo_dpc3/exp6_lru_ship++/654.roms_s-523B": 1760711450.5347111,
    "../results/pref_l1/bingo_dpc3/exp6_lru_ship++/657.xz_s-2302B": 1760711450.5347111,
    "../results/pref_l1/bingo_dpc3/exp7_lru_mockingjay/600.perlbench_s-570B": 1760711450.5347111,
    "../results/pref_l1/bingo_dpc3/exp7_lru_mockingjay/602.gcc_s-1850B": 1760711450.5357113,
    "../results/pref_l1/bingo_dpc3/exp7_lru_mockingjay/602.gcc_s-2226B": 1760711450.5357113,
    "../results/pref_l1/bingo_dpc3/exp7_lru_mockingjay/602.gcc_s-734B": 1760711450.5357113,
    "../results/pref_l1/bingo_dpc3/exp7_lru_mockingjay/603.bwaves_s-1740B": 1760711450.5357113,
    "../results/pref_l1/bingo_dpc3/exp7_lru_mockingjay/603.bwaves_s-2609B": 1760711450.5357113,
    "../results/pref_l1/bingo_dpc3/exp7_lru_mockingjay/603.bwaves_s-2931B": 1760711450.5357113,
    "../results/pref_l1/bingo_dpc3/exp7_lru_mockingjay/603.bwaves_s-891B": 1760711450.5357113,
    "../results/pref_l1/bingo_dpc3/exp7_lru_mockingjay/605.mcf_s-1152B": 1760711450.5357113,
    "../results/pref_l1/bingo_dpc3/exp7_lru_mockingjay/605.mcf_s-1536B": 1760711450.5357113,
    "../results/pref_l1/bingo_dpc3/exp7_lru_mockingjay/605.mcf_s-1554B": 1760711450.5357113,
    "../results/pref_l1/bingo_dpc3/exp7_lru_mockingjay/605.mcf_s-1644B": 1760711450.5357113,
    "../results/pref_l1/bingo_dpc3/exp7_lru_mockingjay/605.mcf_s-472B": 1760711450.5357113,
    "../results/pref_l1/bingo_dpc3/exp7_lru_mockingjay/605.mcf_s-484B": 1760711450.5357113,
    "../results/pref_l1/bingo_dpc3/exp7_lru_mockingjay/605.mcf_s-665B": 1760711450.5357113,
    "../results/pref_l1/bingo_dpc3/exp7_lru_mockingjay/605.mcf_s-782B": 1760711450.5357113,
    "../results/pref_l1/bingo_dpc3/exp7_lru_mockingjay/605.mcf_s-994B": 1760711450.5357113,
    "../results/pref_l1/bingo_dpc3/exp7_lru_mockingjay/607.cactuBSSN_s-2421B": 1760711450.5357113,
    "../results/pref_l1/bingo_dpc3/exp7_lru_mockingjay/607.cactuBSSN_s-3477B": 1760711450.5357113,
    "../results/pref_l1/bingo_dpc3/exp7_lru_mockingjay/607.cactuBSSN_s-4004B": 1760711450.5357113,
    "../results/pref_l1/bingo_dpc3/exp7_lru_mockingjay/619.lbm_s-2676B": 1760711450.5357113,
    "../results/pref_l1/bingo_dpc3/exp7_lru_mockingjay/619.lbm_s-2677B": 1760711450.5357113,
    "../results/pref_l1/bingo_dpc3/exp7_lru_mockingjay/619.lbm_s-3766B": 1760711450.5357113,
    "../results/pref_l1/bingo_dpc3/exp7_lru_mockingjay/619.lbm_s-4268B": 1760711450.5357113,
    "../results/pref_l1/bingo_dpc3/exp7_lru_mockingjay/620.omnetpp_s-141B": 1760711450.5357113,
    "../results/pref_l1/bingo_dpc3/exp7_lru_mockingjay/620.omnetpp_s-874B": 1760711450.5357113,
    "../results/pref_l1/bingo_dpc3/exp7_lru_mockingjay/621.wrf_s-6673B": 1760711450.5357113,
    "../results/pref_l1/bingo_dpc3/exp7_lru_mockingjay/621.wrf_s-8065B": 1760711450.5357113,
    "../results/pref_l1/bingo_dpc3/exp7_lru_mockingjay/623.xalancbmk_s-10B": 1760711450.5357113,
    "../results/pref_l1/bingo_dpc3/exp7_lru_mockingjay/623.xalancbmk_s-165B": 1760711450.5357113,
    "../results/pref_l1/bingo_dpc3/exp7_lru_mockingjay/623.xalancbmk_s-202B": 1760711450.5357113,
    "../results/pref_l1/bingo_dpc3/exp7_lru_mockingjay/625.x264_s-20B": 1760711450.5357113,
    "../results/pref_l1/bingo_dpc3/exp7_lru_mockingjay/627.cam4_s-490B": 1760711450.5357113,
    "../results/pref_l1/bingo_dpc3/exp7_lru_mockingjay/628.pop2_s-17B": 1760711450.5357113,
    "../results/pref_l1/bingo_dpc3/exp7_lru_mockingjay/649.fotonik3d_s-10881B": 1760711450.5357113,
    "../results/pref_l1/bingo_dpc3/exp7_lru_mockingjay/649.fotonik3d_s-1176B": 1760711450.5357113,
    "../results/pref_l1/bingo_dpc3/exp7_lru_mockingjay/649.fotonik3d_s-7084B": 1760711450.5357113,
    "../results/pref_l1/bingo_dpc3/exp7_lru_mockingjay/649.fotonik3d_s-8225B": 1760711450.5357113,
    "../results/pref_l1/bingo_dpc3/exp7_lru_mockingjay/654.roms_s-1007B": 1760711450.5357113,
    "../results/pref_l1/bingo_dpc3/exp7_lru_mockingjay/654.roms_s-1070B": 1760711450.5357113,
    "../results/pref_l1/bingo_dpc3/exp7_lru_mockingjay/654.roms_s-1390B": 1760711450.5357113,
    "../results/pref_l1/bingo_dpc3/exp7_lru_mockingjay/654.roms_s-293B": 1760711450.5357113,
    "../results/pref_l1/bingo_dpc3/exp7_lru_mockingjay/654.roms_s-294B": 1760711450.5357113,
    "../results/pref_l1/bingo_dpc3/exp7_lru_mockingjay/654.roms_s-523B": 1760711450.5357113,
    "../results/pref_l1/bingo_dpc3/exp7_lru_mockingjay/657.xz_s-2302B": 1760711450.5357113,
    "../results/pref_l1/bingo_dpc3/exp10_srrip_drrip/600.perlbench_s-570B": 1760711450.522711,
    "../results/pref_l1/bingo_dpc3/exp10_srrip_drrip/602.gcc_s-1850B": 1760711450.522711,
    "../results/pref_l1/bingo_dpc3/exp10_srrip_drrip/602.gcc_s-2226B": 1760711450.522711,
    "../results/pref_l1/bingo_dpc3/exp10_srrip_drrip/602.gcc_s-734B": 1760711450.522711,
    "../results/pref_l1/bingo_dpc3/exp10_srrip_drrip/603.bwaves_s-1740B": 1760711450.522711,
    "../results/pref_l1/bingo_dpc3/exp10_srrip_drrip/603.bwaves_s-2609B": 1760711450.522711,
    "../results/pref_l1/bingo_dpc3/exp10_srrip_drrip/603.bwaves_s-2931B": 1760711450.522711,
    "../results/pref_l1/bingo_dpc3/exp10_srrip_drrip/603.bwaves_s-891B": 1760711450.522711,
    "../results/pref_l1/bingo_dpc3/exp10_srrip_drrip/605.mcf_s-1152B": 1760711450.522711,
    "../results/pref_l1/bingo_dpc3/exp10_srrip_drrip/605.mcf_s-1536B": 1760711450.522711,
    "../results/pref_l1/bingo_dpc3/exp10_srrip_drrip/605.mcf_s-1554B": 1760711450.522711,
    "../results/pref_l1/bingo_dpc3/exp10_srrip_drrip/605.mcf_s-1644B": 1760711450.522711,
    "../results/pref_l1/bingo_dpc3/exp10_srrip_drrip/605.mcf_s-472B": 1760711450.522711,
    "../results/pref_l1/bingo_dpc3/exp10_srrip_drrip/605.mcf_s-484B": 1760711450.522711,
    "../results/pref_l1/bingo_dpc3/exp10_srrip_drrip/605.mcf_s-665B": 1760711450.522711,
    "../results/pref_l1/bingo_dpc3/exp10_srrip_drrip/605.mcf_s-782B": 1760711450.522711,
    "../results/pref_l1/bingo_dpc3/exp10_srrip_drrip/605.mcf_s-994B": 1760711450.522711,
    "../results/pref_l1/bingo_dpc3/exp10_srrip_drrip/607.cactuBSSN_s-2421B": 1760711450.522711,
    "../results/pref_l1/bingo_dpc3/exp10_srrip_drrip/607.cactuBSSN_s-3477B": 1760711450.522711,
    "../results/pref_l1/bingo_dpc3/exp10_srrip_drrip/607.cactuBSSN_s-4004B": 1760711450.522711,
    "../results/pref_l1/bingo_dpc3/exp10_srrip_drrip/619.lbm_s-2676B": 1760711450.522711,
    "../results/pref_l1/bingo_dpc3/exp10_srrip_drrip/619.lbm_s-2677B": 1760711450.522711,
    "../results/pref_l1/bingo_dpc3/exp10_srrip_drrip/619.lbm_s-3766B": 1760711450.522711,
    "../results/pref_l1/bingo_dpc3/exp10_srrip_drrip/619.lbm_s-4268B": 1760711450.522711,
    "../results/pref_l1/bingo_dpc3/exp10_srrip_drrip/620.omnetpp_s-141B": 1760711450.522711,
    "../results/pref_l1/bingo_dpc3/exp10_srrip_drrip/620.omnetpp_s-874B": 1760711450.522711,
    "../results/pref_l1/bingo_dpc3/exp10_srrip_drrip/621.wrf_s-6673B": 1760711450.522711,
    "../results/pref_l1/bingo_dpc3/exp10_srrip_drrip/621.wrf_s-8065B": 1760711450.522711,
    "../results/pref_l1/bingo_dpc3/exp10_srrip_drrip/623.xalancbmk_s-10B": 1760711450.522711,
    "../results/pref_l1/bingo_dpc3/exp10_srrip_drrip/623.xalancbmk_s-165B": 1760711450.523711,
    "../results/pref_l1/bingo_dpc3/exp10_srrip_drrip/623.xalancbmk_s-202B": 1760711450.523711,
    "../results/pref_l1/bingo_dpc3/exp10_srrip_drrip/625.x264_s-20B": 1760711450.523711,
    "../results/pref_l1/bingo_dpc3/exp10_srrip_drrip/627.cam4_s-490B": 1760711450.523711,
    "../results/pref_l1/bingo_dpc3/exp10_srrip_drrip/628.pop2_s-17B": 1760711450.523711,
    "../results/pref_l1/bingo_dpc3/exp10_srrip_drrip/649.fotonik3d_s-10881B": 1760711450.523711,
    "../results/pref_l1/bingo_dpc3/exp10_srrip_drrip/649.fotonik3d_s-1176B": 1760711450.523711,
    "../results/pref_l1/bingo_dpc3/exp10_srrip_drrip/649.fotonik3d_s-7084B": 1760711450.523711,
    "../results/pref_l1/bingo_dpc3/exp10_srrip_drrip/649.fotonik3d_s-8225B": 1760711450.523711,
    "../results/pref_l1/bingo_dpc3/exp10_srrip_drrip/654.roms_s-1007B": 1760711450.523711,
    "../results/pref_l1/bingo_dpc3/exp10_srrip_drrip/654.roms_s-1070B": 1760711450.523711,
    "../results/pref_l1/bingo_dpc3/exp10_srrip_drrip/654.roms_s-1390B": 1760711450.523711,
    "../results/pref_l1/bingo_dpc3/exp10_srrip_drrip/654.roms_s-293B": 1760711450.523711,
    "../results/pref_l1/bingo_dpc3/exp10_srrip_drrip/654.roms_s-294B": 1760711450.523711,
    "../results/pref_l1/bingo_dpc3/exp10_srrip_drrip/654.roms_s-523B": 1760711450.523711,
    "../results/pref_l1/bingo_dpc3/exp10_srrip_drrip/657.xz_s-2302B": 1760711450.523711,
    "../results/pref_l1/berti/exp1_lru_lru/600.perlbench_s-570B": 1760711450.5037107,
    "../results/pref_l1/berti/exp1_lru_lru/602.gcc_s-1850B": 1760711450.5037107,
    "../results/pref_l1/berti/exp1_lru_lru/602.gcc_s-2226B": 1760711450.5037107,
    "../results/pref_l1/berti/exp1_lru_lru/602.gcc_s-734B": 1760711450.5037107,
    "../results/pref_l1/berti/exp1_lru_lru/603.bwaves_s-1740B": 1760711450.5037107,
    "../results/pref_l1/berti/exp1_lru_lru/603.bwaves_s-2609B": 1760711450.5037107,
    "../results/pref_l1/berti/exp1_lru_lru/603.bwaves_s-2931B": 1760711450.5037107,
    "../results/pref_l1/berti/exp1_lru_lru/603.bwaves_s-891B": 1760711450.5037107,
    "../results/pref_l1/berti/exp1_lru_lru/605.mcf_s-1152B": 1760711450.5037107,
    "../results/pref_l1/berti/exp1_lru_lru/605.mcf_s-1536B": 1760711450.5037107,
    "../results/pref_l1/berti/exp1_lru_lru/605.mcf_s-1554B": 1760711450.5037107,
    "../results/pref_l1/berti/exp1_lru_lru/605.mcf_s-1644B": 1760711450.5037107,
    "../results/pref_l1/berti/exp1_lru_lru/605.mcf_s-472B": 1760711450.5037107,
    "../results/pref_l1/berti/exp1_lru_lru/605.mcf_s-484B": 1760711450.5037107,
    "../results/pref_l1/berti/exp1_lru_lru/605.mcf_s-665B": 1760711450.5037107,
    "../results/pref_l1/berti/exp1_lru_lru/605.mcf_s-782B": 1760711450.5037107,
    "../results/pref_l1/berti/exp1_lru_lru/605.mcf_s-994B": 1760711450.5037107,
    "../results/pref_l1/berti/exp1_lru_lru/607.cactuBSSN_s-2421B": 1760711450.504711,
    "../results/pref_l1/berti/exp1_lru_lru/607.cactuBSSN_s-3477B": 1760711450.504711,
    "../results/pref_l1/berti/exp1_lru_lru/607.cactuBSSN_s-4004B": 1760711450.504711,
    "../results/pref_l1/berti/exp1_lru_lru/619.lbm_s-2676B": 1760711450.504711,
    "../results/pref_l1/berti/exp1_lru_lru/619.lbm_s-2677B": 1760711450.504711,
    "../results/pref_l1/berti/exp1_lru_lru/619.lbm_s-3766B": 1760711450.504711,
    "../results/pref_l1/berti/exp1_lru_lru/619.lbm_s-4268B": 1760711450.504711,
    "../results/pref_l1/berti/exp1_lru_lru/620.omnetpp_s-141B": 1760711450.504711,
    "../results/pref_l1/berti/exp1_lru_lru/620.omnetpp_s-874B": 1760711450.504711,
    "../results/pref_l1/berti/exp1_lru_lru/621.wrf_s-6673B": 1760711450.504711,
    "../results/pref_l1/berti/exp1_lru_lru/621.wrf_s-8065B": 1760711450.504711,
    "../results/pref_l1/berti/exp1_lru_lru/623.xalancbmk_s-10B": 1760711450.504711,
    "../results/pref_l1/berti/exp1_lru_lru/623.xalancbmk_s-165B": 1760711450.504711,
    "../results/pref_l1/berti/exp1_lru_lru/623.xalancbmk_s-202B": 1760711450.504711,
    "../results/pref_l1/berti/exp1_lru_lru/625.x264_s-20B": 1760711450.5057108,
    "../results/pref_l1/berti/exp1_lru_lru/627.cam4_s-490B": 1760711450.5057108,
    "../results/pref_l1/berti/exp1_lru_lru/628.pop2_s-17B": 1760711450.5057108,
    "../results/pref_l1/berti/exp1_lru_lru/649.fotonik3d_s-10881B": 1760711450.5057108,
    "../results/pref_l1/berti/exp1_lru_lru/649.fotonik3d_s-1176B": 1760711450.5057108,
    "../results/pref_l1/berti/exp1_lru_lru/649.fotonik3d_s-7084B": 1760711450.5057108,
    "../results/pref_l1/berti/exp1_lru_lru/649.fotonik3d_s-8225B": 1760711450.5057108,
    "../results/pref_l1/berti/exp1_lru_lru/654.roms_s-1007B": 1760711450.5057108,
    "../results/pref_l1/berti/exp1_lru_lru/654.roms_s-1070B": 1760711450.5057108,
    "../results/pref_l1/berti/exp1_lru_lru/654.roms_s-1390B": 1760711450.5057108,
    "../results/pref_l1/berti/exp1_lru_lru/654.roms_s-293B": 1760711450.5057108,
    "../results/pref_l1/berti/exp1_lru_lru/654.roms_s-294B": 1760711450.5057108,
    "../results/pref_l1/berti/exp1_lru_lru/654.roms_s-523B": 1760711450.5057108,
    "../results/pref_l1/berti/exp1_lru_lru/657.xz_s-2302B": 1760711450.5057108,
    "../results/pref_l1/berti/exp8_srrip_srrip/600.perlbench_s-570B": 1760711450.518711,
    "../results/pref_l1/berti/exp8_srrip_srrip/602.gcc_s-1850B": 1760711450.518711,
    "../results/pref_l1/berti/exp8_srrip_srrip/602.gcc_s-2226B": 1760711450.518711,
    "../results/pref_l1/berti/exp8_srrip_srrip/602.gcc_s-734B": 1760711450.518711,
    "../results/pref_l1/berti/exp8_srrip_srrip/603.bwaves_s-1740B": 1760711450.518711,
    "../results/pref_l1/berti/exp8_srrip_srrip/603.bwaves_s-2609B": 1760711450.518711,
    "../results/pref_l1/berti/exp8_srrip_srrip/603.bwaves_s-2931B": 1760711450.518711,
    "../results/pref_l1/berti/exp8_srrip_srrip/603.bwaves_s-891B": 1760711450.518711,
    "../results/pref_l1/berti/exp8_srrip_srrip/605.mcf_s-1152B": 1760711450.518711,
    "../results/pref_l1/berti/exp8_srrip_srrip/605.mcf_s-1536B": 1760711450.518711,
    "../results/pref_l1/berti/exp8_srrip_srrip/605.mcf_s-1554B": 1760711450.518711,
    "../results/pref_l1/berti/exp8_srrip_srrip/605.mcf_s-1644B": 1760711450.518711,
    "../results/pref_l1/berti/exp8_srrip_srrip/605.mcf_s-472B": 1760711450.518711,
    "../results/pref_l1/berti/exp8_srrip_srrip/605.mcf_s-484B": 1760711450.518711,
    "../results/pref_l1/berti/exp8_srrip_srrip/605.mcf_s-665B": 1760711450.518711,
    "../results/pref_l1/berti/exp8_srrip_srrip/605.mcf_s-782B": 1760711450.518711,
    "../results/pref_l1/berti/exp8_srrip_srrip/605.mcf_s-994B": 1760711450.518711,
    "../results/pref_l1/berti/exp8_srrip_srrip/607.cactuBSSN_s-2421B": 1760711450.519711,
    "../results/pref_l1/berti/exp8_srrip_srrip/607.cactuBSSN_s-3477B": 1760711450.519711,
    "../results/pref_l1/berti/exp8_srrip_srrip/607.cactuBSSN_s-4004B": 1760711450.519711,
    "../results/pref_l1/berti/exp8_srrip_srrip/619.lbm_s-2676B": 1760711450.519711,
    "../results/pref_l1/berti/exp8_srrip_srrip/619.lbm_s-2677B": 1760711450.519711,
    "../results/pref_l1/berti/exp8_srrip_srrip/619.lbm_s-3766B": 1760711450.519711,
    "../results/pref_l1/berti/exp8_srrip_srrip/619.lbm_s-4268B": 1760711450.519711,
    "../results/pref_l1/berti/exp8_srrip_srrip/620.omnetpp_s-141B.": 1760711450.519711,
    "../results/pref_l1/berti/exp8_srrip_srrip/620.omnetpp_s-874B.": 1760711450.519711,
    "../results/pref_l1/berti/exp8_srrip_srrip/621.wrf_s-6673B": 1760711450.519711,
    "../results/pref_l1/berti/exp8_srrip_srrip/621.wrf_s-8065B": 1760711450.519711,
    "../results/pref_l1/berti/exp8_srrip_srrip/623.xalancbmk_s-10B": 1760711450.519711,
    "../results/pref_l1/berti/exp8_srrip_srrip/623.xalancbmk_s-165B": 1760711450.519711,
    "../results/pref_l1/berti/exp8_srrip_srrip/623.xalancbmk_s-202B": 1760711450.519711,
    "../results/pref_l1/berti/exp8_srrip_srrip/625.x264_s-20B": 1760711450.519711,
    "../results/pref_l1/berti/exp8_srrip_srrip/627.cam4_s-490B": 1760711450.519711,
    "../results/pref_l1/berti/exp8_srrip_srrip/628.pop2_s-17B": 1760711450.519711,
    "../results/pref_l1/berti/exp8_srrip_srrip/649.fotonik3d_s-10881B": 1760711450.519711,
    "../results/pref_l1/berti/exp8_srrip_srrip/649.fotonik3d_s-1176B": 1760711450.520711,
    "../results/pref_l1/berti/exp8_srrip_srrip/649.fotonik3d_s-7084B": 1760711450.520711,
    "../results/pref_l1/berti/exp8_srrip_srrip/649.fotonik3d_s-8225B": 1760711450.520711,
    "../results/pref_l1/berti/exp8_srrip_srrip/654.roms_s-1007B": 1760711450.520711,
    "../results/pref_l1/berti/exp8_srrip_srrip/654.roms_s-1070B": 1760711450.520711,
    "../results/pref_l1/berti/exp8_srrip_srrip/654.roms_s-1390B": 1760711450.520711,
    "../results/pref_l1/berti/exp8_srrip_srrip/654.roms_s-293B": 1760711450.520711,
    "../results/pref_l1/berti/exp8_srrip_srrip/654.roms_s-294B": 1760711450.520711,
    "../results/pref_l1/berti/exp8_srrip_srrip/654.roms_s-523B": 1760711450.520711,
    "../results/pref_l1/berti/exp8_srrip_srrip/657.xz_s-2302B": 1760711450.520711,
    "../results/pref_l1/berti/exp14_srrip_mockingjay/600.perlbench_s-570B": 1760711450.501711,
    "../results/pref_l1/berti/exp14_srrip_mockingjay/602.gcc_s-1850B": 1760711450.501711,
    "../results/pref_l1/berti/exp14_srrip_mockingjay/602.gcc_s-2226B": 1760711450.501711,
    "../results/pref_l1/berti/exp14_srrip_mockingjay/602.gcc_s-734B": 1760711450.501711,
    "../results/pref_l1/berti/exp14_srrip_mockingjay/603.bwaves_s-1740B": 1760711450.501711,
    "../results/pref_l1/berti/exp14_srrip_mockingjay/603.bwaves_s-2609B": 1760711450.501711,
    "../results/pref_l1/berti/exp14_srrip_mockingjay/603.bwaves_s-2931B": 1760711450.501711,
    "../results/pref_l1/berti/exp14_srrip_mockingjay/603.bwaves_s-891B": 1760711450.501711,
    "../results/pref_l1/berti/exp14_srrip_mockingjay/605.mcf_s-1152B": 1760711450.501711,
    "../results/pref_l1/berti/exp14_srrip_mockingjay/605.mcf_s-1536B": 1760711450.501711,
    "../results/pref_l1/berti/exp14_srrip_mockingjay/605.mcf_s-1554B": 1760711450.501711,
    "../results/pref_l1/berti/exp14_srrip_mockingjay/605.mcf_s-1644B": 1760711450.501711,
    "../results/pref_l1/berti/exp14_srrip_mockingjay/605.mcf_s-472B": 1760711450.501711,
    "../results/pref_l1/berti/exp14_srrip_mockingjay/605.mcf_s-484B": 1760711450.501711,
    "../results/pref_l1/berti/exp14_srrip_mockingjay/605.mcf_s-665B": 1760711450.501711,
    "../results/pref_l1/berti/exp14_srrip_mockingjay/605.mcf_s-782B": 1760711450.501711,
    "../results/pref_l1/berti/exp14_srrip_mockingjay/605.mcf_s-994B": 1760711450.501711,
    "../results/pref_l1/berti/exp14_srrip_mockingjay/607.cactuBSSN_s-2421B": 1760711450.501711,
    "../results/pref_l1/berti/exp14_srrip_mockingjay/607.cactuBSSN_s-3477B": 1760711450.501711,
    "../results/pref_l1/berti/exp14_srrip_mockingjay/607.cactuBSSN_s-4004B": 1760711450.5027108,
    "../results/pref_l1/berti/exp14_srrip_mockingjay/619.lbm_s-2676B": 1760711450.5027108,
    "../results/pref_l1/berti/exp14_srrip_mockingjay/619.lbm_s-2677B": 1760711450.5027108,
    "../results/pref_l1/berti/exp14_srrip_mockingjay/619.lbm_s-3766B": 1760711450.5027108,
    "../results/pref_l1/berti/exp14_srrip_mockingjay/619.lbm_s-4268B": 1760711450.5027108,
    "../results/pref_l1/berti/exp14_srrip_mockingjay/620.omnetpp_s-141B": 1760711450.5027108,
    "../results/pref_l1/berti/exp14_srrip_mockingjay/620.omnetpp_s-874B": 1760711450.5027108,
    "../results/pref_l1/berti/exp14_srrip_mockingjay/621.wrf_s-6673B": 1760711450.5027108,
    "../results/pref_l1/berti/exp14_srrip_mockingjay/621.wrf_s-8065B": 1760711450.5027108,
    "../results/pref_l1/berti/exp14_srrip_mockingjay/623.xalancbmk_s-10B": 1760711450.5027108,
    "../results/pref_l1/berti/exp14_srrip_mockingjay/623.xalancbmk_s-165B": 1760711450.5027108,
    "../results/pref_l1/berti/exp14_srrip_mockingjay/623.xalancbmk_s-202B": 1760711450.5027108,
    "../results/pref_l1/berti/exp14_srrip_mockingjay/625.x264_s-20B": 1760711450.5027108,
    "../results/pref_l1/berti/exp14_srrip_mockingjay/627.cam4_s-490B": 1760711450.5027108,
    "../results/pref_l1/berti/exp14_srrip_mockingjay/628.pop2_s-17B": 1760711450.5027108,
    "../results/pref_l1/berti/exp14_srrip_mockingjay/649.fotonik3d_s-10881B": 1760711450.5027108,
    "../results/pref_l1/berti/exp14_srrip_mockingjay/649.fotonik3d_s-1176B": 1760711450.5027108,
    "../results/pref_l1/berti/exp14_srrip_mockingjay/649.fotonik3d_s-7084B": 1760711450.5037107,
    "../results/pref_l1/berti/exp14_srrip_mockingjay/649.fotonik3d_s-8225B": 1760711450.5037107,
    "../results/pref_l1/berti/exp14_srrip_mockingjay/654.roms_s-1007B": 1760711450.5037107,
    "../results/pref_l1/berti/exp14_srrip_mockingjay/654.roms_s-1070B": 1760711450.5037107,
    "../results/pref_l1/berti/exp14_srrip_mockingjay/654.roms_s-1390B": 1760711450.5037107,
    "../results/pref_l1/berti/exp14_srrip_mockingjay/654.roms_s-293B": 1760711450.5037107,
    "../results/pref_l1/berti/exp14_srrip_mockingjay/654.roms_s-294B": 1760711450.5037107,
    "../results/pref_l1/berti/exp14_srrip_mockingjay/654.roms_s-523B": 1760711450.5037107,
    "../results/pref_l1/berti/exp14_srrip_mockingjay/657.xz_s-2302B": 1760711450.5037107,
    "../results/pref_l1/berti/exp13_lru_mockingjay/600.perlbench_s-570B": 1760711450.4997108,
    "../results/pref_l1/berti/exp13_lru_mockingjay/602.gcc_s-1850B": 1760711450.4997108,
    "../results/pref_l1/berti/exp13_lru_mockingjay/602.gcc_s-2226B": 1760711450.4997108,
    "../results/pref_l1/berti/exp13_lru_mockingjay/602.gcc_s-734B": 1760711450.4997108,
    "../results/pref_l1/berti/exp13_lru_mockingjay/603.bwaves_s-1740B": 1760711450.4997108,
    "../results/pref_l1/berti/exp13_lru_mockingjay/603.bwaves_s-2609B": 1760711450.4997108,
    "../results/pref_l1/berti/exp13_lru_mockingjay/603.bwaves_s-2931B": 1760711450.4997108,
    "../results/pref_l1/berti/exp13_lru_mockingjay/603.bwaves_s-891B": 1760711450.4997108,
    "../results/pref_l1/berti/exp13_lru_mockingjay/605.mcf_s-1152B": 1760711450.4997108,
    "../results/pref_l1/berti/exp13_lru_mockingjay/605.mcf_s-1536B": 1760711450.4997108,
    "../results/pref_l1/berti/exp13_lru_mockingjay/605.mcf_s-1554B": 1760711450.4997108,
    "../results/pref_l1/berti/exp13_lru_mockingjay/605.mcf_s-1644B": 1760711450.4997108,
    "../results/pref_l1/berti/exp13_lru_mockingjay/605.mcf_s-472B": 1760711450.4997108,
    "../results/pref_l1/berti/exp13_lru_mockingjay/605.mcf_s-484B": 1760711450.4997108,
    "../results/pref_l1/berti/exp13_lru_mockingjay/605.mcf_s-665B": 1760711450.4997108,
    "../results/pref_l1/berti/exp13_lru_mockingjay/605.mcf_s-782B": 1760711450.4997108,
    "../results/pref_l1/berti/exp13_lru_mockingjay/605.mcf_s-994B": 1760711450.4997108,
    "../results/pref_l1/berti/exp13_lru_mockingjay/607.cactuBSSN_s-2421B": 1760711450.4997108,
    "../results/pref_l1/berti/exp13_lru_mockingjay/607.cactuBSSN_s-3477B": 1760711450.4997108,
    "../results/pref_l1/berti/exp13_lru_mockingjay/607.cactuBSSN_s-4004B": 1760711450.4997108,
    "../results/pref_l1/berti/exp13_lru_mockingjay/619.lbm_s-2676B": 1760711450.4997108,
    "../results/pref_l1/berti/exp13_lru_mockingjay/619.lbm_s-2677B": 1760711450.5007107,
    "../results/pref_l1/berti/exp13_lru_mockingjay/619.lbm_s-3766B": 1760711450.5007107,
    "../results/pref_l1/berti/exp13_lru_mockingjay/619.lbm_s-4268B": 1760711450.5007107,
    "../results/pref_l1/berti/exp13_lru_mockingjay/620.omnetpp_s-141B": 1760711450.5007107,
    "../results/pref_l1/berti/exp13_lru_mockingjay/620.omnetpp_s-874B": 1760711450.5007107,
    "../results/pref_l1/berti/exp13_lru_mockingjay/621.wrf_s-6673B": 1760711450.5007107,
    "../results/pref_l1/berti/exp13_lru_mockingjay/621.wrf_s-8065B": 1760711450.5007107,
    "../results/pref_l1/berti/exp13_lru_mockingjay/623.xalancbmk_s-10B": 1760711450.5007107,
    "../results/pref_l1/berti/exp13_lru_mockingjay/623.xalancbmk_s-165B": 1760711450.5007107,
    "../results/pref_l1/berti/exp13_lru_mockingjay/623.xalancbmk_s-202B": 1760711450.5007107,
    "../results/pref_l1/berti/exp13_lru_mockingjay/625.x264_s-20B": 1760711450.5007107,
    "../results/pref_l1/berti/exp13_lru_mockingjay/627.cam4_s-490B": 1760711450.5007107,
    "../results/pref_l1/berti/exp13_lru_mockingjay/628.pop2_s-17B": 1760711450.5007107,
    "../results/pref_l1/berti/exp13_lru_mockingjay/649.fotonik3d_s-10881B": 1760711450.5007107,
    "../results/pref_l1/berti/exp13_lru_mockingjay/649.fotonik3d_s-1176B": 1760711450.5007107,
    "../results/pref_l1/berti/exp13_lru_mockingjay/649.fotonik3d_s-7084B": 1760711450.5007107,
    "../results/pref_l1/berti/exp13_lru_mockingjay/649.fotonik3d_s-8225B": 1760711450.5007107,
    "../results/pref_l1/berti/exp13_lru_mockingjay/654.roms_s-1007B": 1760711450.5007107,
    "../results/pref_l1/berti/exp13_lru_mockingjay/654.roms_s-1070B": 1760711450.501711,
    "../results/pref_l1/berti/exp13_lru_mockingjay/654.roms_s-1390B": 1760711450.501711,
    "../results/pref_l1/berti/exp13_lru_mockingjay/654.roms_s-293B": 1760711450.501711,
    "../results/pref_l1/berti/exp13_lru_mockingjay/654.roms_s-294B": 1760711450.501711,
    "../results/pref_l1/berti/exp13_lru_mockingjay/654.roms_s-523B": 1760711450.501711,
    "../results/pref_l1/berti/exp13_lru_mockingjay/657.xz_s-2302B": 1760711450.501711,
    "../results/pref_l1/berti/exp9_srrip_drrip/600.perlbench_s-570B": 1760711450.520711,
    "../results/pref_l1/berti/exp9_srrip_drrip/602.gcc_s-1850B": 1760711450.520711,
    "../results/pref_l1/berti/exp9_srrip_drrip/602.gcc_s-2226B": 1760711450.520711,
    "../results/pref_l1/berti/exp9_srrip_drrip/602.gcc_s-734B": 1760711450.520711,
    "../results/pref_l1/berti/exp9_srrip_drrip/603.bwaves_s-1740B": 1760711450.520711,
    "../results/pref_l1/berti/exp9_srrip_drrip/603.bwaves_s-2609B": 1760711450.520711,
    "../results/pref_l1/berti/exp9_srrip_drrip/603.bwaves_s-2931B": 1760711450.520711,
    "../results/pref_l1/berti/exp9_srrip_drrip/603.bwaves_s-891B": 1760711450.520711,
    "../results/pref_l1/berti/exp9_srrip_drrip/605.mcf_s-1152B": 1760711450.520711,
    "../results/pref_l1/berti/exp9_srrip_drrip/605.mcf_s-1536B": 1760711450.520711,
    "../results/pref_l1/berti/exp9_srrip_drrip/605.mcf_s-1554B": 1760711450.520711,
    "../results/pref_l1/berti/exp9_srrip_drrip/605.mcf_s-1644B": 1760711450.520711,
    "../results/pref_l1/berti/exp9_srrip_drrip/605.mcf_s-472B": 1760711450.520711,
    "../results/pref_l1/berti/exp9_srrip_drrip/605.mcf_s-484B": 1760711450.520711,
    "../results/pref_l1/berti/exp9_srrip_drrip/605.mcf_s-665B": 1760711450.520711,
    "../results/pref_l1/berti/exp9_srrip_drrip/605.mcf_s-782B": 1760711450.520711,
    "../results/pref_l1/berti/exp9_srrip_drrip/605.mcf_s-994B": 1760711450.520711,
    "../results/pref_l1/berti/exp9_srrip_drrip/607.cactuBSSN_s-2421B": 1760711450.520711,
    "../results/pref_l1/berti/exp9_srrip_drrip/607.cactuBSSN_s-3477B": 1760711450.521711,
    "../results/pref_l1/berti/exp9_srrip_drrip/607.cactuBSSN_s-4004B": 1760711450.521711,
    "../results/pref_l1/berti/exp9_srrip_drrip/619.lbm_s-2676B": 1760711450.521711,
    "../results/pref_l1/berti/exp9_srrip_drrip/619.lbm_s-2677B": 1760711450.521711,
    "../results/pref_l1/berti/exp9_srrip_drrip/619.lbm_s-3766B": 1760711450.521711,
    "../results/pref_l1/berti/exp9_srrip_drrip/619.lbm_s-4268B": 1760711450.521711,
    "../results/pref_l1/berti/exp9_srrip_drrip/620.omnetpp_s-141B": 1760711450.521711,
    "../results/pref_l1/berti/exp9_srrip_drrip/620.omnetpp_s-874B": 1760711450.521711,
    "../results/pref_l1/berti/exp9_srrip_drrip/621.wrf_s-6673B": 1760711450.521711,
    "../results/pref_l1/berti/exp9_srrip_drrip/621.wrf_s-8065B": 1760711450.521711,
    "../results/pref_l1/berti/exp9_srrip_drrip/623.xalancbmk_s-10B": 1760711450.521711,
    "../results/pref_l1/berti/exp9_srrip_drrip/623.xalancbmk_s-165B": 1760711450.521711,
    "../results/pref_l1/berti/exp9_srrip_drrip/623.xalancbmk_s-202B": 1760711450.521711,
    "../results/pref_l1/berti/exp9_srrip_drrip/625.x264_s-20B": 1760711450.521711,
    "../results/pref_l1/berti/exp9_srrip_drrip/627.cam4_s-490B": 1760711450.521711,
    "../results/pref_l1/berti/exp9_srrip_drrip/628.pop2_s-17B": 1760711450.521711,
    "../results/pref_l1/berti/exp9_srrip_drrip/649.fotonik3d_s-10881B": 1760711450.521711,
    "../results/pref_l1/berti/exp9_srrip_drrip/649.fotonik3d_s-1176B": 1760711450.521711,
    "../results/pref_l1/berti/exp9_srrip_drrip/649.fotonik3d_s-7084B": 1760711450.521711,
    "../results/pref_l1/berti/exp9_srrip_drrip/649.fotonik3d_s-8225B": 1760711450.521711,
    "../results/pref_l1/berti/exp9_srrip_drrip/654.roms_s-1007B": 1760711450.522711,
    "../results/pref_l1/berti/exp9_srrip_drrip/654.roms_s-1070B": 1760711450.522711,
    "../results/pref_l1/berti/exp9_srrip_drrip/654.roms_s-1390B": 1760711450.522711,
    "../results/pref_l1/berti/exp9_srrip_drrip/654.roms_s-293B": 1760711450.522711,
    "../results/pref_l1/berti/exp9_srrip_drrip/654.roms_s-294B": 1760711450.522711,
    "../results/pref_l1/berti/exp9_srrip_drrip/654.roms_s-523B": 1760711450.522711,
    "../results/pref_l1/berti/exp9_srrip_drrip/657.xz_s-2302B": 1760711450.522711,
    "../results/pref_l1/berti/exp3_lru_drrip/600.perlbench_s-570B": 1760711450.507711,
    "../results/pref_l1/berti/exp3_lru_drrip/602.gcc_s-1850B": 1760711450.507711,
    "../results/pref_l1/berti/exp3_lru_drrip/602.gcc_s-2226B": 1760711450.507711,
    "../results/pref_l1/berti/exp3_lru_drrip/602.gcc_s-734B": 1760711450.507711,
    "../results/pref_l1/berti/exp3_lru_drrip/603.bwaves_s-1740B": 1760711450.507711,
    "../results/pref_l1/berti/exp3_lru_drrip/603.bwaves_s-2609B": 1760711450.507711,
    "../results/pref_l1/berti/exp3_lru_drrip/603.bwaves_s-2931B": 1760711450.5087109,
    "../results/pref_l1/berti/exp3_lru_drrip/603.bwaves_s-891B": 1760711450.5087109,
    "../results/pref_l1/berti/exp3_lru_drrip/605.mcf_s-1152B": 1760711450.5087109,
    "../results/pref_l1/berti/exp3_lru_drrip/605.mcf_s-1536B": 1760711450.5087109,
    "../results/pref_l1/berti/exp3_lru_drrip/605.mcf_s-1554B": 1760711450.5087109,
    "../results/pref_l1/berti/exp3_lru_drrip/605.mcf_s-1644B": 1760711450.5087109,
    "../results/pref_l1/berti/exp3_lru_drrip/605.mcf_s-472B": 1760711450.5087109,
    "../results/pref_l1/berti/exp3_lru_drrip/605.mcf_s-484B": 1760711450.5087109,
    "../results/pref_l1/berti/exp3_lru_drrip/605.mcf_s-665B": 1760711450.5087109,
    "../results/pref_l1/berti/exp3_lru_drrip/605.mcf_s-782B": 1760711450.5087109,
    "../results/pref_l1/berti/exp3_lru_drrip/605.mcf_s-994B": 1760711450.5087109,
    "../results/pref_l1/berti/exp3_lru_drrip/607.cactuBSSN_s-2421B": 1760711450.5087109,
    "../results/pref_l1/berti/exp3_lru_drrip/607.cactuBSSN_s-3477B": 1760711450.5087109,
    "../results/pref_l1/berti/exp3_lru_drrip/607.cactuBSSN_s-4004B": 1760711450.5087109,
    "../results/pref_l1/berti/exp3_lru_drrip/619.lbm_s-2676B": 1760711450.5087109,
    "../results/pref_l1/berti/exp3_lru_drrip/619.lbm_s-2677B": 1760711450.5087109,
    "../results/pref_l1/berti/exp3_lru_drrip/619.lbm_s-3766B": 1760711450.5087109,
    "../results/pref_l1/berti/exp3_lru_drrip/619.lbm_s-4268B": 1760711450.5087109,
    "../results/pref_l1/berti/exp3_lru_drrip/620.omnetpp_s-141B": 1760711450.5087109,
    "../results/pref_l1/berti/exp3_lru_drrip/620.omnetpp_s-874B": 1760711450.5087109,
    "../results/pref_l1/berti/exp3_lru_drrip/621.wrf_s-6673B": 1760711450.5087109,
    "../results/pref_l1/berti/exp3_lru_drrip/621.wrf_s-8065B": 1760711450.5087109,
    "../results/pref_l1/berti/exp3_lru_drrip/623.xalancbmk_s-10B": 1760711450.5087109,
    "../results/pref_l1/berti/exp3_lru_drrip/623.xalancbmk_s-165B": 1760711450.509711,
    "../results/pref_l1/berti/exp3_lru_drrip/623.xalancbmk_s-202B": 1760711450.509711,
    "../results/pref_l1/berti/exp3_lru_drrip/625.x264_s-20B": 1760711450.509711,
    "../results/pref_l1/berti/exp3_lru_drrip/627.cam4_s-490B": 1760711450.509711,
    "../results/pref_l1/berti/exp3_lru_drrip/628.pop2_s-17B": 1760711450.509711,
    "../results/pref_l1/berti/exp3_lru_drrip/649.fotonik3d_s-10881B": 1760711450.509711,
    "../results/pref_l1/berti/exp3_lru_drrip/649.fotonik3d_s-1176B": 1760711450.509711,
    "../results/pref_l1/berti/exp3_lru_drrip/649.fotonik3d_s-7084B": 1760711450.509711,
    "../results/pref_l1/berti/exp3_lru_drrip/649.fotonik3d_s-8225B": 1760711450.509711,
    "../results/pref_l1/berti/exp3_lru_drrip/654.roms_s-1007B": 1760711450.509711,
    "../results/pref_l1/berti/exp3_lru_drrip/654.roms_s-1070B": 1760711450.509711,
    "../results/pref_l1/berti/exp3_lru_drrip/654.roms_s-1390B": 1760711450.509711,
    "../results/pref_l1/berti/exp3_lru_drrip/654.roms_s-293B": 1760711450.509711,
    "../results/pref_l1/berti/exp3_lru_drrip/654.roms_s-294B": 1760711450.509711,
    "../results/pref_l1/berti/exp3_lru_drrip/654.roms_s-523B": 1760711450.509711,
    "../results/pref_l1/berti/exp3_lru_drrip/657.xz_s-2302B": 1760711450.509711,
    "../results/pref_l1/berti/exp4_lru_hawkeye/600.perlbench_s-570B": 1760711450.509711,
    "../results/pref_l1/berti/exp4_lru_hawkeye/602.gcc_s-1850B": 1760711450.509711,
    "../results/pref_l1/berti/exp4_lru_hawkeye/602.gcc_s-2226B": 1760711450.509711,
    "../results/pref_l1/berti/exp4_lru_hawkeye/602.gcc_s-734B": 1760711450.509711,
    "../results/pref_l1/berti/exp4_lru_hawkeye/603.bwaves_s-1740B": 1760711450.509711,
    "../results/pref_l1/berti/exp4_lru_hawkeye/603.bwaves_s-2609B": 1760711450.509711,
    "../results/pref_l1/berti/exp4_lru_hawkeye/603.bwaves_s-2931B": 1760711450.509711,
    "../results/pref_l1/berti/exp4_lru_hawkeye/603.bwaves_s-891B": 1760711450.510711,
    "../results/pref_l1/berti/exp4_lru_hawkeye/605.mcf_s-1152B": 1760711450.510711,
    "../results/pref_l1/berti/exp4_lru_hawkeye/605.mcf_s-1536B": 1760711450.510711,
    "../results/pref_l1/berti/exp4_lru_hawkeye/605.mcf_s-1554B": 1760711450.510711,
    "../results/pref_l1/berti/exp4_lru_hawkeye/605.mcf_s-1644B": 1760711450.510711,
    "../results/pref_l1/berti/exp4_lru_hawkeye/605.mcf_s-472B": 1760711450.510711,
    "../results/pref_l1/berti/exp4_lru_hawkeye/605.mcf_s-484B": 1760711450.510711,
    "../results/pref_l1/berti/exp4_lru_hawkeye/605.mcf_s-665B": 1760711450.510711,
    "../results/pref_l1/berti/exp4_lru_hawkeye/605.mcf_s-782B": 1760711450.510711,
    "../results/pref_l1/berti/exp4_lru_hawkeye/605.mcf_s-994B": 1760711450.510711,
    "../results/pref_l1/berti/exp4_lru_hawkeye/607.cactuBSSN_s-2421B": 1760711450.510711,
    "../results/pref_l1/berti/exp4_lru_hawkeye/607.cactuBSSN_s-3477B": 1760711450.510711,
    "../results/pref_l1/berti/exp4_lru_hawkeye/607.cactuBSSN_s-4004B": 1760711450.510711,
    "../results/pref_l1/berti/exp4_lru_hawkeye/619.lbm_s-2676B": 1760711450.510711,
    "../results/pref_l1/berti/exp4_lru_hawkeye/619.lbm_s-2677B": 1760711450.510711,
    "../results/pref_l1/berti/exp4_lru_hawkeye/619.lbm_s-3766B": 1760711450.510711,
    "../results/pref_l1/berti/exp4_lru_hawkeye/619.lbm_s-4268B": 1760711450.510711,
    "../results/pref_l1/berti/exp4_lru_hawkeye/620.omnetpp_s-141B": 1760711450.510711,
    "../results/pref_l1/berti/exp4_lru_hawkeye/620.omnetpp_s-874B": 1760711450.510711,
    "../results/pref_l1/berti/exp4_lru_hawkeye/621.wrf_s-6673B": 1760711450.510711,
    "../results/pref_l1/berti/exp4_lru_hawkeye/621.wrf_s-8065B": 1760711450.510711,
    "../results/pref_l1/berti/exp4_lru_hawkeye/623.xalancbmk_s-10B": 1760711450.511711,
    "../results/pref_l1/berti/exp4_lru_hawkeye/623.xalancbmk_s-165B": 1760711450.511711,
    "../results/pref_l1/berti/exp4_lru_hawkeye/623.xalancbmk_s-202B": 1760711450.511711,
    "../results/pref_l1/berti/exp4_lru_hawkeye/625.x264_s-20B": 1760711450.511711,
    "../results/pref_l1/berti/exp4_lru_hawkeye/627.cam4_s-490B": 1760711450.511711,
    "../results/pref_l1/berti/exp4_lru_hawkeye/628.pop2_s-17B": 1760711450.511711,
    "../results/pref_l1/berti/exp4_lru_hawkeye/649.fotonik3d_s-10881B": 1760711450.511711,
    "../results/pref_l1/berti/exp4_lru_hawkeye/649.fotonik3d_s-1176B": 1760711450.511711,
    "../results/pref_l1/berti/exp4_lru_hawkeye/649.fotonik3d_s-7084B": 1760711450.511711,
    "../results/pref_l1/berti/exp4_lru_hawkeye/649.fotonik3d_s-8225B": 1760711450.511711,
    "../results/pref_l1/berti/exp4_lru_hawkeye/654.roms_s-1007B": 1760711450.511711,
    "../results/pref_l1/berti/exp4_lru_hawkeye/654.roms_s-1070B": 1760711450.511711,
    "../results/pref_l1/berti/exp4_lru_hawkeye/654.roms_s-1390B": 1760711450.511711,
    "../results/pref_l1/berti/exp4_lru_hawkeye/654.roms_s-293B": 1760711450.511711,
    "../results/pref_l1/berti/exp4_lru_hawkeye/654.roms_s-294B": 1760711450.512711,
    "../results/pref_l1/berti/exp4_lru_hawkeye/654.roms_s-523B": 1760711450.512711,
    "../results/pref_l1/berti/exp4_lru_hawkeye/657.xz_s-2302B": 1760711450.512711,
    "../results/pref_l1/berti/exp11_srrip_ship/600.perlbench_s-570B": 1760711450.4947107,
    "../results/pref_l1/berti/exp11_srrip_ship/602.gcc_s-1850B": 1760711450.4947107,
    "../results/pref_l1/berti/exp11_srrip_ship/602.gcc_s-2226B": 1760711450.4947107,
    "../results/pref_l1/berti/exp11_srrip_ship/602.gcc_s-734B": 1760711450.4947107,
    "../results/pref_l1/berti/exp11_srrip_ship/603.bwaves_s-1740B": 1760711450.4947107,
    "../results/pref_l1/berti/exp11_srrip_ship/603.bwaves_s-2609B": 1760711450.4947107,
    "../results/pref_l1/berti/exp11_srrip_ship/603.bwaves_s-2931B": 1760711450.4947107,
    "../results/pref_l1/berti/exp11_srrip_ship/603.bwaves_s-891B": 1760711450.4947107,
    "../results/pref_l1/berti/exp11_srrip_ship/605.mcf_s-1152B": 1760711450.4947107,
    "../results/pref_l1/berti/exp11_srrip_ship/605.mcf_s-1536B": 1760711450.4947107,
    "../results/pref_l1/berti/exp11_srrip_ship/605.mcf_s-1554B": 1760711450.4947107,
    "../results/pref_l1/berti/exp11_srrip_ship/605.mcf_s-1644B": 1760711450.4947107,
    "../results/pref_l1/berti/exp11_srrip_ship/605.mcf_s-472B": 1760711450.4947107,
    "../results/pref_l1/berti/exp11_srrip_ship/605.mcf_s-484B": 1760711450.4947107,
    "../results/pref_l1/berti/exp11_srrip_ship/605.mcf_s-665B": 1760711450.4947107,
    "../results/pref_l1/berti/exp11_srrip_ship/605.mcf_s-782B": 1760711450.4957108,
    "../results/pref_l1/berti/exp11_srrip_ship/605.mcf_s-994B": 1760711450.4957108,
    "../results/pref_l1/berti/exp11_srrip_ship/607.cactuBSSN_s-2421B": 1760711450.4957108,
    "../results/pref_l1/berti/exp11_srrip_ship/607.cactuBSSN_s-3477B": 1760711450.4957108,
    "../results/pref_l1/berti/exp11_srrip_ship/607.cactuBSSN_s-4004B": 1760711450.4957108,
    "../results/pref_l1/berti/exp11_srrip_ship/619.lbm_s-2676B": 1760711450.4957108,
    "../results/pref_l1/berti/exp11_srrip_ship/619.lbm_s-2677B": 1760711450.4957108,
    "../results/pref_l1/berti/exp11_srrip_ship/619.lbm_s-3766B": 1760711450.4957108,
    "../results/pref_l1/berti/exp11_srrip_ship/619.lbm_s-4268B": 1760711450.4957108,
    "../results/pref_l1/berti/exp11_srrip_ship/620.omnetpp_s-141B": 1760711450.4957108,
    "../results/pref_l1/berti/exp11_srrip_ship/620.omnetpp_s-874B": 1760711450.4957108,
    "../results/pref_l1/berti/exp11_srrip_ship/621.wrf_s-6673B": 1760711450.4957108,
    "../results/pref_l1/berti/exp11_srrip_ship/621.wrf_s-8065B": 1760711450.4957108,
    "../results/pref_l1/berti/exp11_srrip_ship/623.xalancbmk_s-10B": 1760711450.4957108,
    "../results/pref_l1/berti/exp11_srrip_ship/623.xalancbmk_s-165B": 1760711450.4957108,
    "../results/pref_l1/berti/exp11_srrip_ship/623.xalancbmk_s-202B": 1760711450.4967108,
    "../results/pref_l1/berti/exp11_srrip_ship/625.x264_s-20B": 1760711450.4967108,
    "../results/pref_l1/berti/exp11_srrip_ship/627.cam4_s-490B": 1760711450.4967108,
    "../results/pref_l1/berti/exp11_srrip_ship/628.pop2_s-17B": 1760711450.4967108,
    "../results/pref_l1/berti/exp11_srrip_ship/649.fotonik3d_s-10881B": 1760711450.4967108,
    "../results/pref_l1/berti/exp11_srrip_ship/649.fotonik3d_s-1176B": 1760711450.4967108,
    "../results/pref_l1/berti/exp11_srrip_ship/649.fotonik3d_s-7084B": 1760711450.4967108,
    "../results/pref_l1/berti/exp11_srrip_ship/649.fotonik3d_s-8225B": 1760711450.4967108,
    "../results/pref_l1/berti/exp11_srrip_ship/654.roms_s-1007B": 1760711450.4967108,
    "../results/pref_l1/berti/exp11_srrip_ship/654.roms_s-1070B": 1760711450.4967108,
    "../results/pref_l1/berti/exp11_srrip_ship/654.roms_s-1390B": 1760711450.4967108,
    "../results/pref_l1/berti/exp11_srrip_ship/654.roms_s-293B": 1760711450.4967108,
    "../results/pref_l1/berti/exp11_srrip_ship/654.roms_s-294B": 1760711450.4967108,
    "../results/pref_l1/berti/exp11_srrip_ship/654.roms_s-523B": 1760711450.4967108,
    "../results/pref_l1/berti/exp11_srrip_ship/657.xz_s-2302B": 1760711450.4967108,
    "../results/pref_l1/berti/exp2_lru_srrip/600.perlbench_s-570B": 1760711450.5057108,
    "../results/pref_l1/berti/exp2_lru_srrip/602.gcc_s-1850B": 1760711450.5057108,
    "../results/pref_l1/berti/exp2_lru_srrip/602.gcc_s-2226B": 1760711450.5057108,
    "../results/pref_l1/berti/exp2_lru_srrip/602.gcc_s-734B": 1760711450.5057108,
    "../results/pref_l1/berti/exp2_lru_srrip/603.bwaves_s-1740B": 1760711450.5057108,
    "../results/pref_l1/berti/exp2_lru_srrip/603.bwaves_s-2609B": 1760711450.5057108,
    "../results/pref_l1/berti/exp2_lru_srrip/603.bwaves_s-2931B": 1760711450.5057108,
    "../results/pref_l1/berti/exp2_lru_srrip/603.bwaves_s-891B": 1760711450.5057108,
    "../results/pref_l1/berti/exp2_lru_srrip/605.mcf_s-1152B": 1760711450.506711,
    "../results/pref_l1/berti/exp2_lru_srrip/605.mcf_s-1536B": 1760711450.506711,
    "../results/pref_l1/berti/exp2_lru_srrip/605.mcf_s-1554B": 1760711450.506711,
    "../results/pref_l1/berti/exp2_lru_srrip/605.mcf_s-1644B": 1760711450.506711,
    "../results/pref_l1/berti/exp2_lru_srrip/605.mcf_s-472B": 1760711450.506711,
    "../results/pref_l1/berti/exp2_lru_srrip/605.mcf_s-484B": 1760711450.506711,
    "../results/pref_l1/berti/exp2_lru_srrip/605.mcf_s-665B": 1760711450.506711,
    "../results/pref_l1/berti/exp2_lru_srrip/605.mcf_s-782B": 1760711450.506711,
    "../results/pref_l1/berti/exp2_lru_srrip/605.mcf_s-994B": 1760711450.506711,
    "../results/pref_l1/berti/exp2_lru_srrip/607.cactuBSSN_s-2421B": 1760711450.506711,
    "../results/pref_l1/berti/exp2_lru_srrip/607.cactuBSSN_s-3477B": 1760711450.506711,
    "../results/pref_l1/berti/exp2_lru_srrip/607.cactuBSSN_s-4004B": 1760711450.506711,
    "../results/pref_l1/berti/exp2_lru_srrip/619.lbm_s-2676B": 1760711450.506711,
    "../results/pref_l1/berti/exp2_lru_srrip/619.lbm_s-2677B": 1760711450.506711,
    "../results/pref_l1/berti/exp2_lru_srrip/619.lbm_s-3766B": 1760711450.506711,
    "../results/pref_l1/berti/exp2_lru_srrip/619.lbm_s-4268B": 1760711450.506711,
    "../results/pref_l1/berti/exp2_lru_srrip/620.omnetpp_s-141B": 1760711450.506711,
    "../results/pref_l1/berti/exp2_lru_srrip/620.omnetpp_s-874B": 1760711450.506711,
    "../results/pref_l1/berti/exp2_lru_srrip/621.wrf_s-6673B": 1760711450.506711,
    "../results/pref_l1/berti/exp2_lru_srrip/621.wrf_s-8065B": 1760711450.506711,
    "../results/pref_l1/berti/exp2_lru_srrip/623.xalancbmk_s-10B": 1760711450.506711,
    "../results/pref_l1/berti/exp2_lru_srrip/623.xalancbmk_s-165B": 1760711450.507711,
    "../results/pref_l1/berti/exp2_lru_srrip/623.xalancbmk_s-202B": 1760711450.507711,
    "../results/pref_l1/berti/exp2_lru_srrip/625.x264_s-20B": 1760711450.507711,
    "../results/pref_l1/berti/exp2_lru_srrip/627.cam4_s-490B": 1760711450.507711,
    "../results/pref_l1/berti/exp2_lru_srrip/628.pop2_s-17B": 1760711450.507711,
    "../results/pref_l1/berti/exp2_lru_srrip/649.fotonik3d_s-10881B": 1760711450.507711,
    "../results/pref_l1/berti/exp2_lru_srrip/649.fotonik3d_s-1176B": 1760711450.507711,
    "../results/pref_l1/berti/exp2_lru_srrip/649.fotonik3d_s-7084B": 1760711450.507711,
    "../results/pref_l1/berti/exp2_lru_srrip/649.fotonik3d_s-8225B": 1760711450.507711,
    "../results/pref_l1/berti/exp2_lru_srrip/654.roms_s-1007B": 1760711450.507711,
    "../results/pref_l1/berti/exp2_lru_srrip/654.roms_s-1070B": 1760711450.507711,
    "../results/pref_l1/berti/exp2_lru_srrip/654.roms_s-1390B": 1760711450.507711,
    "../results/pref_l1/berti/exp2_lru_srrip/654.roms_s-293B": 1760711450.507711,
    "../results/pref_l1/berti/exp2_lru_srrip/654.roms_s-294B": 1760711450.507711,
    "../results/pref_l1/berti/exp2_lru_srrip/654.roms_s-523B": 1760711450.507711,
    "../results/pref_l1/berti/exp2_lru_srrip/657.xz_s-2302B": 1760711450.507711,
    "../results/pref_l1/berti/exp5_lru_ship/600.perlbench_s-570B": 1760711450.512711,
    "../results/pref_l1/berti/exp5_lru_ship/602.gcc_s-1850B": 1760711450.512711,
    "../results/pref_l1/berti/exp5_lru_ship/602.gcc_s-2226B": 1760711450.512711,
    "../results/pref_l1/berti/exp5_lru_ship/602.gcc_s-734B": 1760711450.512711,
    "../results/pref_l1/berti/exp5_lru_ship/603.bwaves_s-1740B": 1760711450.512711,
    "../results/pref_l1/berti/exp5_lru_ship/603.bwaves_s-2609B": 1760711450.512711,
    "../results/pref_l1/berti/exp5_lru_ship/603.bwaves_s-2931B": 1760711450.512711,
    "../results/pref_l1/berti/exp5_lru_ship/603.bwaves_s-891B": 1760711450.512711,
    "../results/pref_l1/berti/exp5_lru_ship/605.mcf_s-1152B": 1760711450.512711,
    "../results/pref_l1/berti/exp5_lru_ship/605.mcf_s-1536B": 1760711450.512711,
    "../results/pref_l1/berti/exp5_lru_ship/605.mcf_s-1554B": 1760711450.512711,
    "../results/pref_l1/berti/exp5_lru_ship/605.mcf_s-1644B": 1760711450.512711,
    "../results/pref_l1/berti/exp5_lru_ship/605.mcf_s-472B": 1760711450.512711,
    "../results/pref_l1/berti/exp5_lru_ship/605.mcf_s-484B": 1760711450.512711,
    "../results/pref_l1/berti/exp5_lru_ship/605.mcf_s-665B": 1760711450.512711,
    "../results/pref_l1/berti/exp5_lru_ship/605.mcf_s-782B": 1760711450.512711,
    "../results/pref_l1/berti/exp5_lru_ship/605.mcf_s-994B": 1760711450.512711,
    "../results/pref_l1/berti/exp5_lru_ship/607.cactuBSSN_s-2421B": 1760711450.512711,
    "../results/pref_l1/berti/exp5_lru_ship/607.cactuBSSN_s-3477B": 1760711450.512711,
    "../results/pref_l1/berti/exp5_lru_ship/607.cactuBSSN_s-4004B": 1760711450.513711,
    "../results/pref_l1/berti/exp5_lru_ship/619.lbm_s-2676B": 1760711450.513711,
    "../results/pref_l1/berti/exp5_lru_ship/619.lbm_s-2677B": 1760711450.513711,
    "../results/pref_l1/berti/exp5_lru_ship/619.lbm_s-3766B": 1760711450.513711,
    "../results/pref_l1/berti/exp5_lru_ship/619.lbm_s-4268B": 1760711450.513711,
    "../results/pref_l1/berti/exp5_lru_ship/620.omnetpp_s-141B": 1760711450.513711,
    "../results/pref_l1/berti/exp5_lru_ship/620.omnetpp_s-874B": 1760711450.513711,
    "../results/pref_l1/berti/exp5_lru_ship/621.wrf_s-6673B": 1760711450.513711,
    "../results/pref_l1/berti/exp5_lru_ship/621.wrf_s-8065B": 1760711450.513711,
    "../results/pref_l1/berti/exp5_lru_ship/623.xalancbmk_s-10B": 1760711450.513711,
    "../results/pref_l1/berti/exp5_lru_ship/623.xalancbmk_s-165B": 1760711450.513711,
    "../results/pref_l1/berti/exp5_lru_ship/623.xalancbmk_s-202B": 1760711450.513711,
    "../results/pref_l1/berti/exp5_lru_ship/625.x264_s-20B": 1760711450.513711,
    "../results/pref_l1/berti/exp5_lru_ship/627.cam4_s-490B": 1760711450.513711,
    "../results/pref_l1/berti/exp5_lru_ship/628.pop2_s-17B": 1760711450.513711,
    "../results/pref_l1/berti/exp5_lru_ship/649.fotonik3d_s-10881B": 1760711450.514711,
    "../results/pref_l1/berti/exp5_lru_ship/649.fotonik3d_s-1176B": 1760711450.514711,
    "../results/pref_l1/berti/exp5_lru_ship/649.fotonik3d_s-7084B": 1760711450.514711,
    "../results/pref_l1/berti/exp5_lru_ship/649.fotonik3d_s-8225B": 1760711450.514711,
    "../results/pref_l1/berti/exp5_lru_ship/654.roms_s-1007B": 1760711450.514711,
    "../results/pref_l1/berti/exp5_lru_ship/654.roms_s-1070B": 1760711450.514711,
    "../results/pref_l1/berti/exp5_lru_ship/654.roms_s-1390B": 1760711450.514711,
    "../results/pref_l1/berti/exp5_lru_ship/654.roms_s-293B": 1760711450.514711,
    "../results/pref_l1/berti/exp5_lru_ship/654.roms_s-294B": 1760711450.514711,
    "../results/pref_l1/berti/exp5_lru_ship/654.roms_s-523B": 1760711450.514711,
    "../results/pref_l1/berti/exp5_lru_ship/657.xz_s-2302B": 1760711450.514711,
    "../results/pref_l1/berti/exp7_srrip_lru/600.perlbench_s-570B": 1760711450.516711,
    "../results/pref_l1/berti/exp7_srrip_lru/602.gcc_s-1850B": 1760711450.516711,
    "../results/pref_l1/berti/exp7_srrip_lru/602.gcc_s-2226B": 1760711450.516711,
    "../results/pref_l1/berti/exp7_srrip_lru/602.gcc_s-734B": 1760711450.516711,
    "../results/pref_l1/berti/exp7_srrip_lru/603.bwaves_s-1740B": 1760711450.516711,
    "../results/pref_l1/berti/exp7_srrip_lru/603.bwaves_s-2609B": 1760711450.516711,
    "../results/pref_l1/berti/exp7_srrip_lru/603.bwaves_s-2931B": 1760711450.516711,
    "../results/pref_l1/berti/exp7_srrip_lru/603.bwaves_s-472B": 1760711450.516711,
    "../results/pref_l1/berti/exp7_srrip_lru/603.bwaves_s-891B": 1760711450.516711,
    "../results/pref_l1/berti/exp7_srrip_lru/605.mcf_s-1152B": 1760711450.516711,
    "../results/pref_l1/berti/exp7_srrip_lru/605.mcf_s-1536B": 1760711450.516711,
    "../results/pref_l1/berti/exp7_srrip_lru/605.mcf_s-1554B": 1760711450.516711,
    "../results/pref_l1/berti/exp7_srrip_lru/605.mcf_s-1644B": 1760711450.516711,
    "../results/pref_l1/berti/exp7_srrip_lru/605.mcf_s-472B": 1760711450.516711,
    "../results/pref_l1/berti/exp7_srrip_lru/605.mcf_s-484B": 1760711450.516711,
    "../results/pref_l1/berti/exp7_srrip_lru/605.mcf_s-665B": 1760711450.516711,
    "../results/pref_l1/berti/exp7_srrip_lru/605.mcf_s-782B": 1760711450.516711,
    "../results/pref_l1/berti/exp7_srrip_lru/605.mcf_s-994B": 1760711450.516711,
    "../results/pref_l1/berti/exp7_srrip_lru/607.cactuBSSN_s-2421B": 1760711450.516711,
    "../results/pref_l1/berti/exp7_srrip_lru/607.cactuBSSN_s-3477B": 1760711450.516711,
    "../results/pref_l1/berti/exp7_srrip_lru/607.cactuBSSN_s-4004B": 1760711450.516711,
    "../results/pref_l1/berti/exp7_srrip_lru/607.cactuBSSN_s-4268B": 1760711450.517711,
    "../results/pref_l1/berti/exp7_srrip_lru/619.lbm_s-2676B": 1760711450.517711,
    "../results/pref_l1/berti/exp7_srrip_lru/619.lbm_s-2677B": 1760711450.517711,
    "../results/pref_l1/berti/exp7_srrip_lru/619.lbm_s-3766B": 1760711450.517711,
    "../results/pref_l1/berti/exp7_srrip_lru/619.lbm_s-4268B": 1760711450.517711,
    "../results/pref_l1/berti/exp7_srrip_lru/620.omnetpp_s-141B": 1760711450.517711,
    "../results/pref_l1/berti/exp7_srrip_lru/620.omnetpp_s-874B": 1760711450.517711,
    "../results/pref_l1/berti/exp7_srrip_lru/621.wrf_s-6673B": 1760711450.517711,
    "../results/pref_l1/berti/exp7_srrip_lru/621.wrf_s-8065B": 1760711450.517711,
    "../results/pref_l1/berti/exp7_srrip_lru/623.xalancbmk_s-10B": 1760711450.517711,
    "../results/pref_l1/berti/exp7_srrip_lru/623.xalancbmk_s-165B": 1760711450.517711,
    "../results/pref_l1/berti/exp7_srrip_lru/623.xalancbmk_s-202B": 1760711450.517711,
    "../results/pref_l1/berti/exp7_srrip_lru/625.x264_s-20B": 1760711450.517711,
    "../results/pref_l1/berti/exp7_srrip_lru/627.cam4_s-490B": 1760711450.517711,
    "../results/pref_l1/berti/exp7_srrip_lru/628.pop2_s-17B": 1760711450.518711,
    "../results/pref_l1/berti/exp7_srrip_lru/649.fotonik3d_s-10881B": 1760711450.518711,
    "../results/pref_l1/berti/exp7_srrip_lru/649.fotonik3d_s-1176B": 1760711450.518711,
    "../results/pref_l1/berti/exp7_srrip_lru/649.fotonik3d_s-7084B": 1760711450.518711,
    "../results/pref_l1/berti/exp7_srrip_lru/649.fotonik3d_s-8225B": 1760711450.518711,
    "../results/pref_l1/berti/exp7_srrip_lru/654.roms_s-1007B": 1760711450.518711,
    "../results/pref_l1/berti/exp7_srrip_lru/654.roms_s-1070B": 1760711450.518711,
    "../results/pref_l1/berti/exp7_srrip_lru/654.roms_s-1390B": 1760711450.518711,
    "../results/pref_l1/berti/exp7_srrip_lru/654.roms_s-293B": 1760711450.518711,
    "../results/pref_l1/berti/exp7_srrip_lru/654.roms_s-294B": 1760711450.518711,
    "../results/pref_l1/berti/exp7_srrip_lru/654.roms_s-523B": 1760711450.518711,
    "../results/pref_l1/berti/exp7_srrip_lru/657.xz_s-2302B": 1760711450.518711,
    "../results/pref_l1/berti/exp10_srrip_hawkeye/600.perlbench_s-570B": 1760711450.4927108,
    "../results/pref_l1/berti/exp10_srrip_hawkeye/602.gcc_s-1850B": 1760711450.4927108,
    "../results/pref_l1/berti/exp10_srrip_hawkeye/602.gcc_s-2226B": 1760711450.4927108,
    "../results/pref_l1/berti/exp10_srrip_hawkeye/602.gcc_s-734B": 1760711450.4927108,
    "../results/pref_l1/berti/exp10_srrip_hawkeye/603.bwaves_s-1740B": 1760711450.4927108,
    "../results/pref_l1/berti/exp10_srrip_hawkeye/603.bwaves_s-2609B": 1760711450.4927108,
    "../results/pref_l1/berti/exp10_srrip_hawkeye/603.bwaves_s-2931B": 1760711450.4927108,
    "../results/pref_l1/berti/exp10_srrip_hawkeye/603.bwaves_s-891B": 1760711450.4927108,
    "../results/pref_l1/berti/exp10_srrip_hawkeye/605.mcf_s-1152B": 1760711450.4927108,
    "../results/pref_l1/berti/exp10_srrip_hawkeye/605.mcf_s-1536B": 1760711450.4927108,
    "../results/pref_l1/berti/exp10_srrip_hawkeye/605.mcf_s-1554B": 1760711450.4927108,
    "../results/pref_l1/berti/exp10_srrip_hawkeye/605.mcf_s-1644B": 1760711450.4927108,
    "../results/pref_l1/berti/exp10_srrip_hawkeye/605.mcf_s-472B": 1760711450.4927108,
    "../results/pref_l1/berti/exp10_srrip_hawkeye/605.mcf_s-484B": 1760711450.4927108,
    "../results/pref_l1/berti/exp10_srrip_hawkeye/605.mcf_s-665B": 1760711450.4927108,
    "../results/pref_l1/berti/exp10_srrip_hawkeye/605.mcf_s-782B": 1760711450.4927108,
    "../results/pref_l1/berti/exp10_srrip_hawkeye/605.mcf_s-994B": 1760711450.4927108,
    "../results/pref_l1/berti/exp10_srrip_hawkeye/607.cactuBSSN_s-2421B": 1760711450.4927108,
    "../results/pref_l1/berti/exp10_srrip_hawkeye/607.cactuBSSN_s-3477B": 1760711450.4927108,
    "../results/pref_l1/berti/exp10_srrip_hawkeye/607.cactuBSSN_s-4004B": 1760711450.4927108,
    "../results/pref_l1/berti/exp10_srrip_hawkeye/619.lbm_s-2676B": 1760711450.4937108,
    "../results/pref_l1/berti/exp10_srrip_hawkeye/619.lbm_s-2677B": 1760711450.4937108,
    "../results/pref_l1/berti/exp10_srrip_hawkeye/619.lbm_s-3766B": 1760711450.4937108,
    "../results/pref_l1/berti/exp10_srrip_hawkeye/619.lbm_s-4268B": 1760711450.4937108,
    "../results/pref_l1/berti/exp10_srrip_hawkeye/620.omnetpp_s-141B": 1760711450.4937108,
    "../results/pref_l1/berti/exp10_srrip_hawkeye/620.omnetpp_s-874B": 1760711450.4937108,
    "../results/pref_l1/berti/exp10_srrip_hawkeye/621.wrf_s-6673B": 1760711450.4937108,
    "../results/pref_l1/berti/exp10_srrip_hawkeye/621.wrf_s-8065B": 1760711450.4937108,
    "../results/pref_l1/berti/exp10_srrip_hawkeye/623.xalancbmk_s-10B": 1760711450.4937108,
    "../results/pref_l1/berti/exp10_srrip_hawkeye/623.xalancbmk_s-165B": 1760711450.4937108,
    "../results/pref_l1/berti/exp10_srrip_hawkeye/623.xalancbmk_s-202B": 1760711450.4937108,
    "../results/pref_l1/berti/exp10_srrip_hawkeye/625.x264_s-20B": 1760711450.4937108,
    "../results/pref_l1/berti/exp10_srrip_hawkeye/627.cam4_s-490B": 1760711450.4937108,
    "../results/pref_l1/berti/exp10_srrip_hawkeye/628.pop2_s-17B": 1760711450.4937108,
    "../results/pref_l1/berti/exp10_srrip_hawkeye/649.fotonik3d_s-10881B": 1760711450.4937108,
    "../results/pref_l1/berti/exp10_srrip_hawkeye/649.fotonik3d_s-1176B": 1760711450.4937108,
    "../results/pref_l1/berti/exp10_srrip_hawkeye/649.fotonik3d_s-7084B": 1760711450.4937108,
    "../results/pref_l1/berti/exp10_srrip_hawkeye/649.fotonik3d_s-8225B": 1760711450.4947107,
    "../results/pref_l1/berti/exp10_srrip_hawkeye/654.roms_s-1007B": 1760711450.4947107,
    "../results/pref_l1/berti/exp10_srrip_hawkeye/654.roms_s-1070B": 1760711450.4947107,
    "../results/pref_l1/berti/exp10_srrip_hawkeye/654.roms_s-1390B": 1760711450.4947107,
    "../results/pref_l1/berti/exp10_srrip_hawkeye/654.roms_s-293B": 1760711450.4947107,
    "../results/pref_l1/berti/exp10_srrip_hawkeye/654.roms_s-294B": 1760711450.4947107,
    "../results/pref_l1/berti/exp10_srrip_hawkeye/654.roms_s-523B": 1760711450.4947107,
    "../results/pref_l1/berti/exp10_srrip_hawkeye/657.xz_s-2302B": 1760711450.4947107,
    "../results/pref_l1/berti/exp12_srrip_ship++/602.gcc_s-1850B": 1760711450.4967108,
    "../results/pref_l1/berti/exp12_srrip_ship++/602.gcc_s-2226B": 1760711450.4967108,
    "../results/pref_l1/berti/exp12_srrip_ship++/602.gcc_s-734B": 1760711450.4967108,
    "../results/pref_l1/berti/exp12_srrip_ship++/603.bwaves_s-1740B": 1760711450.4967108,
    "../results/pref_l1/berti/exp12_srrip_ship++/603.bwaves_s-2609B": 1760711450.4977107,
    "../results/pref_l1/berti/exp12_srrip_ship++/603.bwaves_s-2931B": 1760711450.4977107,
    "../results/pref_l1/berti/exp12_srrip_ship++/603.bwaves_s-891B": 1760711450.4977107,
    "../results/pref_l1/berti/exp12_srrip_ship++/605.mcf_s-1152B": 1760711450.4977107,
    "../results/pref_l1/berti/exp12_srrip_ship++/605.mcf_s-1536B": 1760711450.4977107,
    "../results/pref_l1/berti/exp12_srrip_ship++/605.mcf_s-1554B": 1760711450.4977107,
    "../results/pref_l1/berti/exp12_srrip_ship++/605.mcf_s-1644B": 1760711450.4977107,
    "../results/pref_l1/berti/exp12_srrip_ship++/605.mcf_s-472B": 1760711450.4977107,
    "../results/pref_l1/berti/exp12_srrip_ship++/605.mcf_s-484B": 1760711450.4977107,
    "../results/pref_l1/berti/exp12_srrip_ship++/605.mcf_s-665B": 1760711450.4977107,
    "../results/pref_l1/berti/exp12_srrip_ship++/605.mcf_s-782B": 1760711450.4977107,
    "../results/pref_l1/berti/exp12_srrip_ship++/605.mcf_s-994B": 1760711450.4977107,
    "../results/pref_l1/berti/exp12_srrip_ship++/607.cactuBSSN_s-2421B": 1760711450.4977107,
    "../results/pref_l1/berti/exp12_srrip_ship++/607.cactuBSSN_s-3477B": 1760711450.4977107,
    "../results/pref_l1/berti/exp12_srrip_ship++/607.cactuBSSN_s-4004B": 1760711450.4977107,
    "../results/pref_l1/berti/exp12_srrip_ship++/619.lbm_s-2676B": 1760711450.4977107,
    "../results/pref_l1/berti/exp12_srrip_ship++/619.lbm_s-2677B": 1760711450.4977107,
    "../results/pref_l1/berti/exp12_srrip_ship++/619.lbm_s-3766B": 1760711450.4977107,
    "../results/pref_l1/berti/exp12_srrip_ship++/619.lbm_s-4268B": 1760711450.4977107,
    "../results/pref_l1/berti/exp12_srrip_ship++/620.omnetpp_s-141B": 1760711450.4977107,
    "../results/pref_l1/berti/exp12_srrip_ship++/620.omnetpp_s-874B": 1760711450.4987109,
    "../results/pref_l1/berti/exp12_srrip_ship++/621.wrf_s-6673B": 1760711450.4987109,
    "../results/pref_l1/berti/exp12_srrip_ship++/621.wrf_s-8065B": 1760711450.4987109,
    "../results/pref_l1/berti/exp12_srrip_ship++/623.xalancbmk_s-10B": 1760711450.4987109,
    "../results/pref_l1/berti/exp12_srrip_ship++/623.xalancbmk_s-165B": 1760711450.4987109,
    "../results/pref_l1/berti/exp12_srrip_ship++/623.xalancbmk_s-202B": 1760711450.4987109,
    "../results/pref_l1/berti/exp12_srrip_ship++/625.x264_s-20B": 1760711450.4987109,
    "../results/pref_l1/berti/exp12_srrip_ship++/627.cam4_s-490B": 1760711450.4987109,
    "../results/pref_l1/berti/exp12_srrip_ship++/628.pop2_s-17B": 1760711450.4987109,
    "../results/pref_l1/berti/exp12_srrip_ship++/649.fotonik3d_s-10881B": 1760711450.4987109,
    "../results/pref_l1/berti/exp12_srrip_ship++/649.fotonik3d_s-1176B": 1760711450.4987109,
    "../results/pref_l1/berti/exp12_srrip_ship++/649.fotonik3d_s-7084B": 1760711450.4987109,
    "../results/pref_l1/berti/exp12_srrip_ship++/649.fotonik3d_s-8225B": 1760711450.4987109,
    "../results/pref_l1/berti/exp12_srrip_ship++/654.roms_s-1007B": 1760711450.4987109,
    "../results/pref_l1/berti/exp12_srrip_ship++/654.roms_s-1070B": 1760711450.4987109,
    "../results/pref_l1/berti/exp12_srrip_ship++/654.roms_s-1390B": 1760711450.4987109,
    "../results/pref_l1/berti/exp12_srrip_ship++/654.roms_s-293B": 1760711450.4987109,
    "../results/pref_l1/berti/exp12_srrip_ship++/654.roms_s-294B": 1760711450.4987109,
    "../results/pref_l1/berti/exp12_srrip_ship++/654.roms_s-523B": 1760711450.4997108,
    "../results/pref_l1/berti/exp12_srrip_ship++/657.xz_s-2302B": 1760711450.4997108,
    "../results/pref_l1/berti/exp6_lru_ship++/600.perlbench_s-570B": 1760711450.514711,
    "../results/pref_l1/berti/exp6_lru_ship++/602.gcc_s-1850B": 1760711450.514711,
    "../results/pref_l1/berti/exp6_lru_ship++/602.gcc_s-2226B": 1760711450.514711,
    "../results/pref_l1/berti/exp6_lru_ship++/602.gcc_s-734B": 1760711450.514711,
    "../results/pref_l1/berti/exp6_lru_ship++/603.bwaves_s-1740B": 1760711450.514711,
    "../results/pref_l1/berti/exp6_lru_ship++/603.bwaves_s-260B": 1760711450.514711,
    "../results/pref_l1/berti/exp6_lru_ship++/603.bwaves_s-2931B": 1760711450.514711,
    "../results/pref_l1/berti/exp6_lru_ship++/603.bwaves_s-891B": 1760711450.514711,
    "../results/pref_l1/berti/exp6_lru_ship++/605.mcf_s-1152B": 1760711450.514711,
    "../results/pref_l1/berti/exp6_lru_ship++/605.mcf_s-1536B": 1760711450.514711,
    "../results/pref_l1/berti/exp6_lru_ship++/605.mcf_s-1554B": 1760711450.514711,
    "../results/pref_l1/berti/exp6_lru_ship++/605.mcf_s-1644": 1760711450.514711,
    "../results/pref_l1/berti/exp6_lru_ship++/605.mcf_s-1644B": 1760711450.514711,
    "../results/pref_l1/berti/exp6_lru_ship++/605.mcf_s-472B": 1760711450.514711,
    "../results/pref_l1/berti/exp6_lru_ship++/605.mcf_s-484B": 1760711450.514711,
    "../results/pref_l1/berti/exp6_lru_ship++/605.mcf_s-665B": 1760711450.514711,
    "../results/pref_l1/berti/exp6_lru_ship++/605.mcf_s-782B": 1760711450.514711,
    "../results/pref_l1/berti/exp6_lru_ship++/605.mcf_s-994B": 1760711450.514711,
    "../results/pref_l1/berti/exp6_lru_ship++/607.cactuBSSN_s-2421B": 1760711450.515711,
    "../results/pref_l1/berti/exp6_lru_ship++/607.cactuBSSN_s-4004B": 1760711450.515711,
    "../results/pref_l1/berti/exp6_lru_ship++/619.lbm_s-2676B": 1760711450.515711,
    "../results/pref_l1/berti/exp6_lru_ship++/619.lbm_s-2677B": 1760711450.515711,
    "../results/pref_l1/berti/exp6_lru_ship++/619.lbm_s-3766B": 1760711450.515711,
    "../results/pref_l1/berti/exp6_lru_ship++/619.lbm_s-4268B": 1760711450.515711,
    "../results/pref_l1/berti/exp6_lru_ship++/620.omnetpp_s-141B": 1760711450.515711,
    "../results/pref_l1/berti/exp6_lru_ship++/620.omnetpp_s-874B": 1760711450.515711,
    "../results/pref_l1/berti/exp6_lru_ship++/621.wrf_s-6673B": 1760711450.515711,
    "../results/pref_l1/berti/exp6_lru_ship++/621.wrf_s-8065B": 1760711450.515711,
    "../results/pref_l1/berti/exp6_lru_ship++/623.xalancbmk_s-10B": 1760711450.515711,
    "../results/pref_l1/berti/exp6_lru_ship++/623.xalancbmk_s-165B": 1760711450.515711,
    "../results/pref_l1/berti/exp6_lru_ship++/623.xalancbmk_s-202B": 1760711450.515711,
    "../results/pref_l1/berti/exp6_lru_ship++/625.x264_s-20B": 1760711450.515711,
    "../results/pref_l1/berti/exp6_lru_ship++/627.cam4_s-490B": 1760711450.515711,
    "../results/pref_l1/berti/exp6_lru_ship++/628.pop2_s-17B": 1760711450.515711,
    "../results/pref_l1/berti/exp6_lru_ship++/649.fotonik3d_s-10881B": 1760711450.515711,
    "../results/pref_l1/berti/exp6_lru_ship++/649.fotonik3d_s-1176B": 1760711450.515711,
    "../results/pref_l1/berti/exp6_lru_ship++/649.fotonik3d_s-7084B": 1760711450.515711,
    "../results/pref_l1/berti/exp6_lru_ship++/649.fotonik3d_s-8225B": 1760711450.515711,
    "../results/pref_l1/berti/exp6_lru_ship++/654.roms_s-1007B": 1760711450.515711,
    "../results/pref_l1/berti/exp6_lru_ship++/654.roms_s-1070B": 1760711450.516711,
    "../results/pref_l1/berti/exp6_lru_ship++/654.roms_s-1390B": 1760711450.516711,
    "../results/pref_l1/berti/exp6_lru_ship++/654.roms_s-293B": 1760711450.516711,
    "../results/pref_l1/berti/exp6_lru_ship++/654.roms_s-294B": 1760711450.516711,
    "../results/pref_l1/berti/exp6_lru_ship++/654.roms_s-523B": 1760711450.516711,
    "../results/pref_l1/berti/exp6_lru_ship++/657.xz_s-2302B": 1760711450.516711,
    "../results/no_pref/exp_3_lru_drrip/600.perlbench_s-570B": 1760711450.4807105,
    "../results/no_pref/exp_3_lru_drrip/602.gcc_s-1850B": 1760711450.4807105,
    "../results/no_pref/exp_3_lru_drrip/602.gcc_s-2226B": 1760711450.4807105,
    "../results/no_pref/exp_3_lru_drrip/602.gcc_s-734B": 1760711450.4807105,
    "../results/no_pref/exp_3_lru_drrip/603.bwaves_s-1740B": 1760711450.4807105,
    "../results/no_pref/exp_3_lru_drrip/603.bwaves_s-2609B": 1760711450.4807105,
    "../results/no_pref/exp_3_lru_drrip/603.bwaves_s-2931B": 1760711450.4807105,
    "../results/no_pref/exp_3_lru_drrip/603.bwaves_s-891B": 1760711450.4807105,
    "../results/no_pref/exp_3_lru_drrip/605.mcf_s-1152B": 1760711450.4807105,
    "../results/no_pref/exp_3_lru_drrip/605.mcf_s-1536B": 1760711450.4807105,
    "../results/no_pref/exp_3_lru_drrip/605.mcf_s-1554B": 1760711450.4807105,
    "../results/no_pref/exp_3_lru_drrip/605.mcf_s-16448B": 1760711450.4807105,
    "../results/no_pref/exp_3_lru_drrip/605.mcf_s-1644B": 1760711450.4807105,
    "../results/no_pref/exp_3_lru_drrip/605.mcf_s-472B": 1760711450.4807105,
    "../results/no_pref/exp_3_lru_drrip/605.mcf_s-484B": 1760711450.4807105,
    "../results/no_pref/exp_3_lru_drrip/605.mcf_s-665B": 1760711450.4817107,
    "../results/no_pref/exp_3_lru_drrip/605.mcf_s-782B": 1760711450.4817107,
    "../results/no_pref/exp_3_lru_drrip/605.mcf_s-994B": 1760711450.4817107,
    "../results/no_pref/exp_3_lru_drrip/607.cactuBSSN_s-2421B": 1760711450.4817107,
    "../results/no_pref/exp_3_lru_drrip/607.cactuBSSN_s-3477B": 1760711450.4817107,
    "../results/no_pref/exp_3_lru_drrip/607.cactuBSSN_s-4004B": 1760711450.4817107,
    "../results/no_pref/exp_3_lru_drrip/619.lbm_s-2676B": 1760711450.4817107,
    "../results/no_pref/exp_3_lru_drrip/619.lbm_s-2677B": 1760711450.4817107,
    "../results/no_pref/exp_3_lru_drrip/619.lbm_s-3766B": 1760711450.4817107,
    "../results/no_pref/exp_3_lru_drrip/619.lbm_s-4268B": 1760711450.4817107,
    "../results/no_pref/exp_3_lru_drrip/620.omnetpp_s-141B": 1760711450.4817107,
    "../results/no_pref/exp_3_lru_drrip/620.omnetpp_s-874B": 1760711450.4817107,
    "../results/no_pref/exp_3_lru_drrip/621.wrf_s-6673B": 1760711450.4817107,
    "../results/no_pref/exp_3_lru_drrip/621.wrf_s-8065B": 1760711450.4817107,
    "../results/no_pref/exp_3_lru_drrip/623.xalancbmk_s-10B": 1760711450.4817107,
    "../results/no_pref/exp_3_lru_drrip/623.xalancbmk_s-165B": 1760711450.4817107,
    "../results/no_pref/exp_3_lru_drrip/623.xalancbmk_s-202B": 1760711450.4817107,
    "../results/no_pref/exp_3_lru_drrip/625.x264_s-20B": 1760711450.4817107,
    "../results/no_pref/exp_3_lru_drrip/627.cam4_s-490B": 1760711450.4817107,
    "../results/no_pref/exp_3_lru_drrip/628.pop2_s-17B": 1760711450.4817107,
    "../results/no_pref/exp_3_lru_drrip/649.fotonik3d_s-10881B": 1760711450.4817107,
    "../results/no_pref/exp_3_lru_drrip/649.fotonik3d_s-1176B": 1760711450.4817107,
    "../results/no_pref/exp_3_lru_drrip/649.fotonik3d_s-7084B": 1760711450.4817107,
    "../results/no_pref/exp_3_lru_drrip/649.fotonik3d_s-8225B": 1760711450.4817107,
    "../results/no_pref/exp_3_lru_drrip/654.roms_s-1007B": 1760711450.4817107,
    "../results/no_pref/exp_3_lru_drrip/654.roms_s-1070B": 1760711450.4817107,
    "../results/no_pref/exp_3_lru_drrip/654.roms_s-1390B": 1760711450.4817107,
    "../results/no_pref/exp_3_lru_drrip/654.roms_s-293B": 1760711450.4817107,
    "../results/no_pref/exp_3_lru_drrip/654.roms_s-294B": 1760711450.4827106,
    "../results/no_pref/exp_3_lru_drrip/654.roms_s-523B": 1760711450.4827106,
    "../results/no_pref/exp_3_lru_drrip/657.xz_s-2302B": 1760711450.4827106,
    "../results/no_pref/exp_12_srrip_ship++/600.perlbench_s-570B": 1760711450.4687104,
    "../results/no_pref/exp_12_srrip_ship++/602.gcc_s-1850B": 1760711450.4687104,
    "../results/no_pref/exp_12_srrip_ship++/602.gcc_s-2226B": 1760711450.4687104,
    "../results/no_pref/exp_12_srrip_ship++/602.gcc_s-734B": 1760711450.4687104,
    "../results/no_pref/exp_12_srrip_ship++/603.bwaves_s-1740B": 1760711450.4687104,
    "../results/no_pref/exp_12_srrip_ship++/603.bwaves_s-2609B": 1760711450.4687104,
    "../results/no_pref/exp_12_srrip_ship++/603.bwaves_s-2931B": 1760711450.4697106,
    "../results/no_pref/exp_12_srrip_ship++/603.bwaves_s-891B": 1760711450.4697106,
    "../results/no_pref/exp_12_srrip_ship++/605.mcf_s-1152B": 1760711450.4697106,
    "../results/no_pref/exp_12_srrip_ship++/605.mcf_s-1536B": 1760711450.4697106,
    "../results/no_pref/exp_12_srrip_ship++/605.mcf_s-1554B": 1760711450.4697106,
    "../results/no_pref/exp_12_srrip_ship++/605.mcf_s-1644B": 1760711450.4697106,
    "../results/no_pref/exp_12_srrip_ship++/605.mcf_s-472B": 1760711450.4697106,
    "../results/no_pref/exp_12_srrip_ship++/605.mcf_s-484B": 1760711450.4697106,
    "../results/no_pref/exp_12_srrip_ship++/605.mcf_s-665B": 1760711450.4697106,
    "../results/no_pref/exp_12_srrip_ship++/605.mcf_s-782B": 1760711450.4697106,
    "../results/no_pref/exp_12_srrip_ship++/605.mcf_s-994B": 1760711450.4697106,
    "../results/no_pref/exp_12_srrip_ship++/607.cactuBSSN_s-2421B": 1760711450.4697106,
    "../results/no_pref/exp_12_srrip_ship++/607.cactuBSSN_s-3477B": 1760711450.4697106,
    "../results/no_pref/exp_12_srrip_ship++/607.cactuBSSN_s-4004B": 1760711450.4697106,
    "../results/no_pref/exp_12_srrip_ship++/619.lbm_s-2676B": 1760711450.4707105,
    "../results/no_pref/exp_12_srrip_ship++/619.lbm_s-2677B": 1760711450.4707105,
    "../results/no_pref/exp_12_srrip_ship++/619.lbm_s-3766B": 1760711450.4707105,
    "../results/no_pref/exp_12_srrip_ship++/619.lbm_s-4268B": 1760711450.4707105,
    "../results/no_pref/exp_12_srrip_ship++/620.omnetpp_s-141B": 1760711450.4707105,
    "../results/no_pref/exp_12_srrip_ship++/620.omnetpp_s-874B": 1760711450.4707105,
    "../results/no_pref/exp_12_srrip_ship++/621.wrf_s-6673B": 1760711450.4707105,
    "../results/no_pref/exp_12_srrip_ship++/621.wrf_s-8065B": 1760711450.4707105,
    "../results/no_pref/exp_12_srrip_ship++/623.xalancbmk_s-10B": 1760711450.4707105,
    "../results/no_pref/exp_12_srrip_ship++/623.xalancbmk_s-165B": 1760711450.4707105,
    "../results/no_pref/exp_12_srrip_ship++/623.xalancbmk_s-202B": 1760711450.4707105,
    "../results/no_pref/exp_12_srrip_ship++/625.x264_s-20B": 1760711450.4707105,
    "../results/no_pref/exp_12_srrip_ship++/627.cam4_s-490B": 1760711450.4707105,
    "../results/no_pref/exp_12_srrip_ship++/628.pop2_s-17B": 1760711450.4707105,
    "../results/no_pref/exp_12_srrip_ship++/649.fotonik3d_s-10881B": 1760711450.4707105,
    "../results/no_pref/exp_12_srrip_ship++/649.fotonik3d_s-1176B": 1760711450.4707105,
    "../results/no_pref/exp_12_srrip_ship++/649.fotonik3d_s-7084B": 1760711450.4707105,
    "../results/no_pref/exp_12_srrip_ship++/649.fotonik3d_s-8225B": 1760711450.4707105,
    "../results/no_pref/exp_12_srrip_ship++/654.roms_s-1007B": 1760711450.4707105,
    "../results/no_pref/exp_12_srrip_ship++/654.roms_s-1070B": 1760711450.4717104,
    "../results/no_pref/exp_12_srrip_ship++/654.roms_s-1390B": 1760711450.4717104,
    "../results/no_pref/exp_12_srrip_ship++/654.roms_s-293B": 1760711450.4717104,
    "../results/no_pref/exp_12_srrip_ship++/654.roms_s-294B": 1760711450.4717104,
    "../results/no_pref/exp_12_srrip_ship++/654.roms_s-523B": 1760711450.4717104,
    "../results/no_pref/exp_12_srrip_ship++/657.xz_s-2302B": 1760711450.4717104,
    "../results/no_pref/exp_8_srrip_srrip/600.perlbench_s-570B-id1": 1760711450.4897108,
    "../results/no_pref/exp_8_srrip_srrip/602.gcc_s-1850B-id1": 1760711450.4897108,
    "../results/no_pref/exp_8_srrip_srrip/602.gcc_s-2226B-id1": 1760711450.4897108,
    "../results/no_pref/exp_8_srrip_srrip/602.gcc_s-734B-id1": 1760711450.4897108,
    "../results/no_pref/exp_8_srrip_srrip/603.bwaves_s-1740B": 1760711450.4897108,
    "../results/no_pref/exp_8_srrip_srrip/603.bwaves_s-2609B": 1760711450.4897108,
    "../results/no_pref/exp_8_srrip_srrip/603.bwaves_s-2931B": 1760711450.4897108,
    "../results/no_pref/exp_8_srrip_srrip/603.bwaves_s-891B": 1760711450.4897108,
    "../results/no_pref/exp_8_srrip_srrip/605.mcf_s-1152B": 1760711450.4897108,
    "../results/no_pref/exp_8_srrip_srrip/605.mcf_s-1536B": 1760711450.4897108,
    "../results/no_pref/exp_8_srrip_srrip/605.mcf_s-1554B": 1760711450.4897108,
    "../results/no_pref/exp_8_srrip_srrip/605.mcf_s-1644B": 1760711450.4897108,
    "../results/no_pref/exp_8_srrip_srrip/605.mcf_s-472B": 1760711450.4897108,
    "../results/no_pref/exp_8_srrip_srrip/605.mcf_s-484B": 1760711450.4897108,
    "../results/no_pref/exp_8_srrip_srrip/605.mcf_s-665B": 1760711450.4897108,
    "../results/no_pref/exp_8_srrip_srrip/605.mcf_s-782B": 1760711450.4897108,
    "../results/no_pref/exp_8_srrip_srrip/605.mcf_s-994B": 1760711450.4897108,
    "../results/no_pref/exp_8_srrip_srrip/607.cactuBSSN_s-2421B": 1760711450.4897108,
    "../results/no_pref/exp_8_srrip_srrip/607.cactuBSSN_s-3477B": 1760711450.4897108,
    "../results/no_pref/exp_8_srrip_srrip/607.cactuBSSN_s-4004B": 1760711450.4897108,
    "../results/no_pref/exp_8_srrip_srrip/619.lbm_s-2676B": 1760711450.4897108,
    "../results/no_pref/exp_8_srrip_srrip/619.lbm_s-2677B": 1760711450.4907107,
    "../results/no_pref/exp_8_srrip_srrip/619.lbm_s-3766B": 1760711450.4907107,
    "../results/no_pref/exp_8_srrip_srrip/619.lbm_s-4268B": 1760711450.4907107,
    "../results/no_pref/exp_8_srrip_srrip/620.omnetpp_s-141B": 1760711450.4907107,
    "../results/no_pref/exp_8_srrip_srrip/620.omnetpp_s-874B": 1760711450.4907107,
    "../results/no_pref/exp_8_srrip_srrip/621.wrf_s-6673B": 1760711450.4907107,
    "../results/no_pref/exp_8_srrip_srrip/621.wrf_s-8065B": 1760711450.4907107,
    "../results/no_pref/exp_8_srrip_srrip/623.xalancbmk_s-10B": 1760711450.4907107,
    "../results/no_pref/exp_8_srrip_srrip/623.xalancbmk_s-165B": 1760711450.4907107,
    "../results/no_pref/exp_8_srrip_srrip/623.xalancbmk_s-202B": 1760711450.4907107,
    "../results/no_pref/exp_8_srrip_srrip/625.x264_s-20B": 1760711450.4907107,
    "../results/no_pref/exp_8_srrip_srrip/627.cam4_s-490B": 1760711450.4907107,
    "../results/no_pref/exp_8_srrip_srrip/628.pop2_s-17B": 1760711450.4907107,
    "../results/no_pref/exp_8_srrip_srrip/649.fotonik3d_s-10881B": 1760711450.4907107,
    "../results/no_pref/exp_8_srrip_srrip/649.fotonik3d_s-1176B": 1760711450.4907107,
    "../results/no_pref/exp_8_srrip_srrip/649.fotonik3d_s-7084B": 1760711450.4907107,
    "../results/no_pref/exp_8_srrip_srrip/649.fotonik3d_s-8225B": 1760711450.4907107,
    "../results/no_pref/exp_8_srrip_srrip/654.roms_s-1007B": 1760711450.4907107,
    "../results/no_pref/exp_8_srrip_srrip/654.roms_s-1070B": 1760711450.4907107,
    "../results/no_pref/exp_8_srrip_srrip/654.roms_s-1390B": 1760711450.4907107,
    "../results/no_pref/exp_8_srrip_srrip/654.roms_s-293B": 1760711450.4907107,
    "../results/no_pref/exp_8_srrip_srrip/654.roms_s-294B": 1760711450.4907107,
    "../results/no_pref/exp_8_srrip_srrip/654.roms_s-523B": 1760711450.4907107,
    "../results/no_pref/exp_8_srrip_srrip/657.xz_s-2302B": 1760711450.4907107,
    "../results/no_pref/exp_5_lru_ship/600.perlbench_s-570B": 1760711450.4837105,
    "../results/no_pref/exp_5_lru_ship/602.gcc_s-1850B": 1760711450.4837105,
    "../results/no_pref/exp_5_lru_ship/602.gcc_s-2226B": 1760711450.4837105,
    "../results/no_pref/exp_5_lru_ship/602.gcc_s-734B": 1760711450.4837105,
    "../results/no_pref/exp_5_lru_ship/603.bwaves_s-1740B": 1760711450.4837105,
    "../results/no_pref/exp_5_lru_ship/603.bwaves_s-2609B": 1760711450.4847107,
    "../results/no_pref/exp_5_lru_ship/603.bwaves_s-2931B": 1760711450.4847107,
    "../results/no_pref/exp_5_lru_ship/603.bwaves_s-891B": 1760711450.4847107,
    "../results/no_pref/exp_5_lru_ship/605.mcf_s-1152B": 1760711450.4847107,
    "../results/no_pref/exp_5_lru_ship/605.mcf_s-1536B": 1760711450.4847107,
    "../results/no_pref/exp_5_lru_ship/605.mcf_s-1554B": 1760711450.4847107,
    "../results/no_pref/exp_5_lru_ship/605.mcf_s-1644B": 1760711450.4847107,
    "../results/no_pref/exp_5_lru_ship/605.mcf_s-472B": 1760711450.4847107,
    "../results/no_pref/exp_5_lru_ship/605.mcf_s-484B": 1760711450.4847107,
    "../results/no_pref/exp_5_lru_ship/605.mcf_s-665B": 1760711450.4847107,
    "../results/no_pref/exp_5_lru_ship/605.mcf_s-782B": 1760711450.4847107,
    "../results/no_pref/exp_5_lru_ship/605.mcf_s-994B": 1760711450.4847107,
    "../results/no_pref/exp_5_lru_ship/607.cactuBSSN_s-2421B": 1760711450.4847107,
    "../results/no_pref/exp_5_lru_ship/607.cactuBSSN_s-3477B": 1760711450.4847107,
    "../results/no_pref/exp_5_lru_ship/607.cactuBSSN_s-4004B": 1760711450.4847107,
    "../results/no_pref/exp_5_lru_ship/619.lbm_s-2676B": 1760711450.4847107,
    "../results/no_pref/exp_5_lru_ship/619.lbm_s-2677B": 1760711450.4847107,
    "../results/no_pref/exp_5_lru_ship/619.lbm_s-3766B": 1760711450.4847107,
    "../results/no_pref/exp_5_lru_ship/619.lbm_s-4268B": 1760711450.4847107,
    "../results/no_pref/exp_5_lru_ship/620.omnetpp_s-141B": 1760711450.4847107,
    "../results/no_pref/exp_5_lru_ship/620.omnetpp_s-874B": 1760711450.4847107,
    "../results/no_pref/exp_5_lru_ship/621.wrf_s-6673B": 1760711450.4847107,
    "../results/no_pref/exp_5_lru_ship/621.wrf_s-8065B": 1760711450.4847107,
    "../results/no_pref/exp_5_lru_ship/623.xalancbmk_s-10B": 1760711450.4857106,
    "../results/no_pref/exp_5_lru_ship/623.xalancbmk_s-165B": 1760711450.4857106,
    "../results/no_pref/exp_5_lru_ship/623.xalancbmk_s-202B": 1760711450.4857106,
    "../results/no_pref/exp_5_lru_ship/625.x264_s-20B": 1760711450.4857106,
    "../results/no_pref/exp_5_lru_ship/627.cam4_s-490B": 1760711450.4857106,
    "../results/no_pref/exp_5_lru_ship/628.pop2_s-17B": 1760711450.4857106,
    "../results/no_pref/exp_5_lru_ship/649.fotonik3d_s-10881B": 1760711450.4857106,
    "../results/no_pref/exp_5_lru_ship/649.fotonik3d_s-1176B": 1760711450.4857106,
    "../results/no_pref/exp_5_lru_ship/649.fotonik3d_s-7084B": 1760711450.4857106,
    "../results/no_pref/exp_5_lru_ship/649.fotonik3d_s-8225B": 1760711450.4857106,
    "../results/no_pref/exp_5_lru_ship/654.roms_s-1007B": 1760711450.4857106,
    "../results/no_pref/exp_5_lru_ship/654.roms_s-1070B": 1760711450.4857106,
    "../results/no_pref/exp_5_lru_ship/654.roms_s-1390B": 1760711450.4857106,
    "../results/no_pref/exp_5_lru_ship/654.roms_s-293B": 1760711450.4857106,
    "../results/no_pref/exp_5_lru_ship/654.roms_s-294B": 1760711450.4857106,
    "../results/no_pref/exp_5_lru_ship/654.roms_s-523B": 1760711450.4857106,
    "../results/no_pref/exp_5_lru_ship/657.xz_s-2302B": 1760711450.4857106,
    "../results/no_pref/exp_2_lru_srrip/600.perlbench_s-570B": 1760711450.4787107,
    "../results/no_pref/exp_2_lru_srrip/602.gcc_s-1850B": 1760711450.4787107,
    "../results/no_pref/exp_2_lru_srrip/602.gcc_s-2226B": 1760711450.4787107,
    "../results/no_pref/exp_2_lru_srrip/602.gcc_s-734B": 1760711450.4787107,
    "../results/no_pref/exp_2_lru_srrip/603.bwaves_s-1740B": 1760711450.4787107,
    "../results/no_pref/exp_2_lru_srrip/603.bwaves_s-2609B": 1760711450.4787107,
    "../results/no_pref/exp_2_lru_srrip/603.bwaves_s-2931B": 1760711450.4787107,
    "../results/no_pref/exp_2_lru_srrip/603.bwaves_s-891B": 1760711450.4787107,
    "../results/no_pref/exp_2_lru_srrip/605.mcf_s-1152B": 1760711450.4787107,
    "../results/no_pref/exp_2_lru_srrip/605.mcf_s-1536B": 1760711450.4787107,
    "../results/no_pref/exp_2_lru_srrip/605.mcf_s-1554B": 1760711450.4787107,
    "../results/no_pref/exp_2_lru_srrip/605.mcf_s-1644B": 1760711450.4787107,
    "../results/no_pref/exp_2_lru_srrip/605.mcf_s-472B": 1760711450.4787107,
    "../results/no_pref/exp_2_lru_srrip/605.mcf_s-484B": 1760711450.4787107,
    "../results/no_pref/exp_2_lru_srrip/605.mcf_s-665B": 1760711450.4787107,
    "../results/no_pref/exp_2_lru_srrip/605.mcf_s-782B": 1760711450.4787107,
    "../results/no_pref/exp_2_lru_srrip/605.mcf_s-994B": 1760711450.4787107,
    "../results/no_pref/exp_2_lru_srrip/607.cactuBSSN_s-2421B": 1760711450.4787107,
    "../results/no_pref/exp_2_lru_srrip/607.cactuBSSN_s-3477B": 1760711450.4797106,
    "../results/no_pref/exp_2_lru_srrip/607.cactuBSSN_s-4004B": 1760711450.4797106,
    "../results/no_pref/exp_2_lru_srrip/619.lbm_s-2676B": 1760711450.4797106,
    "../results/no_pref/exp_2_lru_srrip/619.lbm_s-2677B": 1760711450.4797106,
    "../results/no_pref/exp_2_lru_srrip/619.lbm_s-3766B": 1760711450.4797106,
    "../results/no_pref/exp_2_lru_srrip/619.lbm_s-4268B": 1760711450.4797106,
    "../results/no_pref/exp_2_lru_srrip/620.omnetpp_s-141B": 1760711450.4797106,
    "../results/no_pref/exp_2_lru_srrip/620.omnetpp_s-874B": 1760711450.4797106,
    "../results/no_pref/exp_2_lru_srrip/621.wrf_s-6673B": 1760711450.4797106,
    "../results/no_pref/exp_2_lru_srrip/621.wrf_s-8065B": 1760711450.4797106,
    "../results/no_pref/exp_2_lru_srrip/623.xalancbmk_s-10B": 1760711450.4797106,
    "../results/no_pref/exp_2_lru_srrip/623.xalancbmk_s-165B": 1760711450.4797106,
    "../results/no_pref/exp_2_lru_srrip/623.xalancbmk_s-202B": 1760711450.4797106,
    "../results/no_pref/exp_2_lru_srrip/625.x264_s-20B": 1760711450.4797106,
    "../results/no_pref/exp_2_lru_srrip/627.cam4_s-490B": 1760711450.4797106,
    "../results/no_pref/exp_2_lru_srrip/628.pop2_s-17B": 1760711450.4797106,
    "../results/no_pref/exp_2_lru_srrip/649.fotonik3d_s-10881B": 1760711450.4797106,
    "../results/no_pref/exp_2_lru_srrip/649.fotonik3d_s-1176B": 1760711450.4797106,
    "../results/no_pref/exp_2_lru_srrip/649.fotonik3d_s-7084B": 1760711450.4807105,
    "../results/no_pref/exp_2_lru_srrip/649.fotonik3d_s-8225B": 1760711450.4807105,
    "../results/no_pref/exp_2_lru_srrip/654.roms_s-1007B": 1760711450.4807105,
    "../results/no_pref/exp_2_lru_srrip/654.roms_s-1070B": 1760711450.4807105,
    "../results/no_pref/exp_2_lru_srrip/654.roms_s-1390B": 1760711450.4807105,
    "../results/no_pref/exp_2_lru_srrip/654.roms_s-293B": 1760711450.4807105,
    "../results/no_pref/exp_2_lru_srrip/654.roms_s-294B": 1760711450.4807105,
    "../results/no_pref/exp_2_lru_srrip/654.roms_s-523B": 1760711450.4807105,
    "../results/no_pref/exp_2_lru_srrip/657.xz_s-2302B": 1760711450.4807105,
    "../results/no_pref/exp_10_srrip_hawkeye/600.perlbench_s-570B": 1760711450.4617105,
    "../results/no_pref/exp_10_srrip_hawkeye/602.gcc_s-1850B": 1760711450.4617105,
    "../results/no_pref/exp_10_srrip_hawkeye/602.gcc_s-2226B": 1760711450.4617105,
    "../results/no_pref/exp_10_srrip_hawkeye/602.gcc_s-734B": 1760711450.4617105,
    "../results/no_pref/exp_10_srrip_hawkeye/603.bwaves_s-1740B": 1760711450.4617105,
    "../results/no_pref/exp_10_srrip_hawkeye/603.bwaves_s-2609B": 1760711450.4617105,
    "../results/no_pref/exp_10_srrip_hawkeye/603.bwaves_s-2931B": 1760711450.4617105,
    "../results/no_pref/exp_10_srrip_hawkeye/603.bwaves_s-891B": 1760711450.4617105,
    "../results/no_pref/exp_10_srrip_hawkeye/605.mcf_s-1152B": 1760711450.4617105,
    "../results/no_pref/exp_10_srrip_hawkeye/605.mcf_s-1536B": 1760711450.4617105,
    "../results/no_pref/exp_10_srrip_hawkeye/605.mcf_s-1554B": 1760711450.4617105,
    "../results/no_pref/exp_10_srrip_hawkeye/605.mcf_s-1644B": 1760711450.4617105,
    "../results/no_pref/exp_10_srrip_hawkeye/605.mcf_s-472B": 1760711450.4617105,
    "../results/no_pref/exp_10_srrip_hawkeye/605.mcf_s-484B": 1760711450.4617105,
    "../results/no_pref/exp_10_srrip_hawkeye/605.mcf_s-665B": 1760711450.4627104,
    "../results/no_pref/exp_10_srrip_hawkeye/605.mcf_s-782B": 1760711450.4627104,
    "../results/no_pref/exp_10_srrip_hawkeye/605.mcf_s-994B": 1760711450.4627104,
    "../results/no_pref/exp_10_srrip_hawkeye/607.cactuBSSN_s-2421B": 1760711450.4627104,
    "../results/no_pref/exp_10_srrip_hawkeye/607.cactuBSSN_s-3477B": 1760711450.4627104,
    "../results/no_pref/exp_10_srrip_hawkeye/607.cactuBSSN_s-4004B": 1760711450.4627104,
    "../results/no_pref/exp_10_srrip_hawkeye/619.lbm_s-2676B": 1760711450.4627104,
    "../results/no_pref/exp_10_srrip_hawkeye/619.lbm_s-2677B": 1760711450.4627104,
    "../results/no_pref/exp_10_srrip_hawkeye/619.lbm_s-3766B": 1760711450.4627104,
    "../results/no_pref/exp_10_srrip_hawkeye/619.lbm_s-4268B": 1760711450.4627104,
    "../results/no_pref/exp_10_srrip_hawkeye/620.omnetpp_s-141B": 1760711450.4627104,
    "../results/no_pref/exp_10_srrip_hawkeye/620.omnetpp_s-874B": 1760711450.4627104,
    "../results/no_pref/exp_10_srrip_hawkeye/621.wrf_s-6673B": 1760711450.4627104,
    "../results/no_pref/exp_10_srrip_hawkeye/621.wrf_s-8065B": 1760711450.4627104,
    "../results/no_pref/exp_10_srrip_hawkeye/623.xalancbmk_s-10B": 1760711450.4637103,
    "../results/no_pref/exp_10_srrip_hawkeye/623.xalancbmk_s-165B": 1760711450.4637103,
    "../results/no_pref/exp_10_srrip_hawkeye/623.xalancbmk_s-202B": 1760711450.4637103,
    "../results/no_pref/exp_10_srrip_hawkeye/625.x264_s-20B": 1760711450.4637103,
    "../results/no_pref/exp_10_srrip_hawkeye/627.cam4_s-490B": 1760711450.4637103,
    "../results/no_pref/exp_10_srrip_hawkeye/628.pop2_s-17B": 1760711450.4637103,
    "../results/no_pref/exp_10_srrip_hawkeye/649.fotonik3d_s-10881B": 1760711450.4637103,
    "../results/no_pref/exp_10_srrip_hawkeye/649.fotonik3d_s-1176B": 1760711450.4637103,
    "../results/no_pref/exp_10_srrip_hawkeye/649.fotonik3d_s-7084B": 1760711450.4637103,
    "../results/no_pref/exp_10_srrip_hawkeye/649.fotonik3d_s-8225B": 1760711450.4637103,
    "../results/no_pref/exp_10_srrip_hawkeye/654.roms_s-1007B": 1760711450.4637103,
    "../results/no_pref/exp_10_srrip_hawkeye/654.roms_s-1070B": 1760711450.4637103,
    "../results/no_pref/exp_10_srrip_hawkeye/654.roms_s-1390B": 1760711450.4637103,
    "../results/no_pref/exp_10_srrip_hawkeye/654.roms_s-293B": 1760711450.4637103,
    "../results/no_pref/exp_10_srrip_hawkeye/654.roms_s-294B": 1760711450.4647105,
    "../results/no_pref/exp_10_srrip_hawkeye/654.roms_s-523B": 1760711450.4647105,
    "../results/no_pref/exp_10_srrip_hawkeye/657.xz_s-2302B": 1760711450.4647105,
    "../results/no_pref/exp_15_srrip_mockingjay/600.perlbench_s-570B": 1760711450.4737105,
    "../results/no_pref/exp_15_srrip_mockingjay/602.gcc_s-1850B": 1760711450.4737105,
    "../results/no_pref/exp_15_srrip_mockingjay/602.gcc_s-2226B": 1760711450.4737105,
    "../results/no_pref/exp_15_srrip_mockingjay/602.gcc_s-734B": 1760711450.4737105,
    "../results/no_pref/exp_15_srrip_mockingjay/603.bwaves_s-1740B": 1760711450.4737105,
    "../results/no_pref/exp_15_srrip_mockingjay/603.bwaves_s-2609B": 1760711450.4737105,
    "../results/no_pref/exp_15_srrip_mockingjay/603.bwaves_s-2931B": 1760711450.4747105,
    "../results/no_pref/exp_15_srrip_mockingjay/603.bwaves_s-891B": 1760711450.4747105,
    "../results/no_pref/exp_15_srrip_mockingjay/605.mcf_s-1152B": 1760711450.4747105,
    "../results/no_pref/exp_15_srrip_mockingjay/605.mcf_s-1536B": 1760711450.4747105,
    "../results/no_pref/exp_15_srrip_mockingjay/605.mcf_s-1554B": 1760711450.4747105,
    "../results/no_pref/exp_15_srrip_mockingjay/605.mcf_s-1644B": 1760711450.4747105,
    "../results/no_pref/exp_15_srrip_mockingjay/605.mcf_s-472B": 1760711450.4747105,
    "../results/no_pref/exp_15_srrip_mockingjay/605.mcf_s-484B": 1760711450.4747105,
    "../results/no_pref/exp_15_srrip_mockingjay/605.mcf_s-665B": 1760711450.4747105,
    "../results/no_pref/exp_15_srrip_mockingjay/605.mcf_s-782B": 1760711450.4747105,
    "../results/no_pref/exp_15_srrip_mockingjay/605.mcf_s-994B": 1760711450.4747105,
    "../results/no_pref/exp_15_srrip_mockingjay/607.cactuBSSN_s-2421B": 1760711450.4747105,
    "../results/no_pref/exp_15_srrip_mockingjay/607.cactuBSSN_s-3477B": 1760711450.4747105,
    "../results/no_pref/exp_15_srrip_mockingjay/607.cactuBSSN_s-4004B": 1760711450.4747105,
    "../results/no_pref/exp_15_srrip_mockingjay/619.lbm_s-2676B": 1760711450.4747105,
    "../results/no_pref/exp_15_srrip_mockingjay/619.lbm_s-2677B": 1760711450.4747105,
    "../results/no_pref/exp_15_srrip_mockingjay/619.lbm_s-3766B": 1760711450.4747105,
    "../results/no_pref/exp_15_srrip_mockingjay/619.lbm_s-4268B": 1760711450.4747105,
    "../results/no_pref/exp_15_srrip_mockingjay/620.omnetpp_s-141B": 1760711450.4747105,
    "../results/no_pref/exp_15_srrip_mockingjay/620.omnetpp_s-874B": 1760711450.4747105,
    "../results/no_pref/exp_15_srrip_mockingjay/621.wrf_s-6673B": 1760711450.4747105,
    "../results/no_pref/exp_15_srrip_mockingjay/621.wrf_s-8065B": 1760711450.4757106,
    "../results/no_pref/exp_15_srrip_mockingjay/623.xalancbmk_s-10B": 1760711450.4757106,
    "../results/no_pref/exp_15_srrip_mockingjay/623.xalancbmk_s-165B": 1760711450.4757106,
    "../results/no_pref/exp_15_srrip_mockingjay/623.xalancbmk_s-202B": 1760711450.4757106,
    "../results/no_pref/exp_15_srrip_mockingjay/625.x264_s-20B": 1760711450.4757106,
    "../results/no_pref/exp_15_srrip_mockingjay/627.cam4_s-490B": 1760711450.4757106,
    "../results/no_pref/exp_15_srrip_mockingjay/628.pop2_s-17B": 1760711450.4757106,
    "../results/no_pref/exp_15_srrip_mockingjay/649.fotonik3d_s-10881B": 1760711450.4757106,
    "../results/no_pref/exp_15_srrip_mockingjay/649.fotonik3d_s-1176B": 1760711450.4757106,
    "../results/no_pref/exp_15_srrip_mockingjay/649.fotonik3d_s-7084B": 1760711450.4757106,
    "../results/no_pref/exp_15_srrip_mockingjay/649.fotonik3d_s-8225B": 1760711450.4757106,
    "../results/no_pref/exp_15_srrip_mockingjay/654.roms_s-1007B": 1760711450.4757106,
    "../results/no_pref/exp_15_srrip_mockingjay/654.roms_s-1070B": 1760711450.4757106,
    "../results/no_pref/exp_15_srrip_mockingjay/654.roms_s-1390B": 1760711450.4757106,
    "../results/no_pref/exp_15_srrip_mockingjay/654.roms_s-293B": 1760711450.4757106,
    "../results/no_pref/exp_15_srrip_mockingjay/654.roms_s-294B": 1760711450.4757106,
    "../results/no_pref/exp_15_srrip_mockingjay/654.roms_s-523B": 1760711450.4757106,
    "../results/no_pref/exp_15_srrip_mockingjay/657.xz_s-2302B": 1760711450.4757106,
    "../results/no_pref/exp_9_srrip_drrip/600.perlbench_s-570B": 1760711450.4907107,
    "../results/no_pref/exp_9_srrip_drrip/602.gcc_s-1850B": 1760711450.4907107,
    "../results/no_pref/exp_9_srrip_drrip/602.gcc_s-2226B": 1760711450.4907107,
    "../results/no_pref/exp_9_srrip_drrip/602.gcc_s-734B": 1760711450.4907107,
    "../results/no_pref/exp_9_srrip_drrip/603.bwaves_s-1740B": 1760711450.4917107,
    "../results/no_pref/exp_9_srrip_drrip/603.bwaves_s-2609B": 1760711450.4917107,
    "../results/no_pref/exp_9_srrip_drrip/603.bwaves_s-2931B": 1760711450.4917107,
    "../results/no_pref/exp_9_srrip_drrip/603.bwaves_s-891B": 1760711450.4917107,
    "../results/no_pref/exp_9_srrip_drrip/605.mcf_s-1152B": 1760711450.4917107,
    "../results/no_pref/exp_9_srrip_drrip/605.mcf_s-1536B": 1760711450.4917107,
    "../results/no_pref/exp_9_srrip_drrip/605.mcf_s-1554B": 1760711450.4917107,
    "../results/no_pref/exp_9_srrip_drrip/605.mcf_s-1644B": 1760711450.4917107,
    "../results/no_pref/exp_9_srrip_drrip/605.mcf_s-472B": 1760711450.4917107,
    "../results/no_pref/exp_9_srrip_drrip/605.mcf_s-484B": 1760711450.4917107,
    "../results/no_pref/exp_9_srrip_drrip/605.mcf_s-665B": 1760711450.4917107,
    "../results/no_pref/exp_9_srrip_drrip/605.mcf_s-782B": 1760711450.4917107,
    "../results/no_pref/exp_9_srrip_drrip/605.mcf_s-994B": 1760711450.4917107,
    "../results/no_pref/exp_9_srrip_drrip/607.cactuBSSN_s-2421B": 1760711450.4917107,
    "../results/no_pref/exp_9_srrip_drrip/607.cactuBSSN_s-3477B": 1760711450.4917107,
    "../results/no_pref/exp_9_srrip_drrip/607.cactuBSSN_s-4004B": 1760711450.4917107,
    "../results/no_pref/exp_9_srrip_drrip/619.lbm_s-2676B": 1760711450.4917107,
    "../results/no_pref/exp_9_srrip_drrip/619.lbm_s-2677B": 1760711450.4917107,
    "../results/no_pref/exp_9_srrip_drrip/619.lbm_s-3766B": 1760711450.4917107,
    "../results/no_pref/exp_9_srrip_drrip/619.lbm_s-4268B": 1760711450.4917107,
    "../results/no_pref/exp_9_srrip_drrip/620.omnetpp_s-141B": 1760711450.4917107,
    "../results/no_pref/exp_9_srrip_drrip/620.omnetpp_s-874B": 1760711450.4917107,
    "../results/no_pref/exp_9_srrip_drrip/621.wrf_s-6673B": 1760711450.4917107,
    "../results/no_pref/exp_9_srrip_drrip/621.wrf_s-8065B": 1760711450.4917107,
    "../results/no_pref/exp_9_srrip_drrip/623.xalancbmk_s-10B": 1760711450.4917107,
    "../results/no_pref/exp_9_srrip_drrip/623.xalancbmk_s-165B": 1760711450.4917107,
    "../results/no_pref/exp_9_srrip_drrip/623.xalancbmk_s-202B": 1760711450.4917107,
    "../results/no_pref/exp_9_srrip_drrip/625.x264_s-20B": 1760711450.4917107,
    "../results/no_pref/exp_9_srrip_drrip/627.cam4_s-490B": 1760711450.4917107,
    "../results/no_pref/exp_9_srrip_drrip/628.pop2_s-17B": 1760711450.4917107,
    "../results/no_pref/exp_9_srrip_drrip/649.fotonik3d_s-10881B": 1760711450.4917107,
    "../results/no_pref/exp_9_srrip_drrip/649.fotonik3d_s-1176B": 1760711450.4917107,
    "../results/no_pref/exp_9_srrip_drrip/649.fotonik3d_s-7084B": 1760711450.4917107,
    "../results/no_pref/exp_9_srrip_drrip/649.fotonik3d_s-8225B": 1760711450.4917107,
    "../results/no_pref/exp_9_srrip_drrip/654.roms_s-1007B": 1760711450.4917107,
    "../results/no_pref/exp_9_srrip_drrip/654.roms_s-1070B": 1760711450.4917107,
    "../results/no_pref/exp_9_srrip_drrip/654.roms_s-1390B": 1760711450.4917107,
    "../results/no_pref/exp_9_srrip_drrip/654.roms_s-293B": 1760711450.4917107,
    "../results/no_pref/exp_9_srrip_drrip/654.roms_s-294B": 1760711450.4917107,
    "../results/no_pref/exp_9_srrip_drrip/654.roms_s-523B": 1760711450.4917107,
    "../results/no_pref/exp_9_srrip_drrip/657.xz_s-2302B": 1760711450.4917107,
    "../results/no_pref/exp_6_lru_ship++/600.perlbench_s-570B": 1760711450.4857106,
    "../results/no_pref/exp_6_lru_ship++/602.gcc_s-1850B": 1760711450.4857106,
    "../results/no_pref/exp_6_lru_ship++/602.gcc_s-2226B": 1760711450.4857106,
    "../results/no_pref/exp_6_lru_ship++/602.gcc_s-734B": 1760711450.4867105,
    "../results/no_pref/exp_6_lru_ship++/603.bwaves_s-1740B": 1760711450.4867105,
    "../results/no_pref/exp_6_lru_ship++/603.bwaves_s-2609B": 1760711450.4867105,
    "../results/no_pref/exp_6_lru_ship++/603.bwaves_s-2931B": 1760711450.4867105,
    "../results/no_pref/exp_6_lru_ship++/603.bwaves_s-891B": 1760711450.4867105,
    "../results/no_pref/exp_6_lru_ship++/605.mcf_s-1152B": 1760711450.4867105,
    "../results/no_pref/exp_6_lru_ship++/605.mcf_s-1536B": 1760711450.4867105,
    "../results/no_pref/exp_6_lru_ship++/605.mcf_s-1554B": 1760711450.4867105,
    "../results/no_pref/exp_6_lru_ship++/605.mcf_s-1644B": 1760711450.4867105,
    "../results/no_pref/exp_6_lru_ship++/605.mcf_s-472B": 1760711450.4867105,
    "../results/no_pref/exp_6_lru_ship++/605.mcf_s-484B": 1760711450.4867105,
    "../results/no_pref/exp_6_lru_ship++/605.mcf_s-665B": 1760711450.4867105,
    "../results/no_pref/exp_6_lru_ship++/605.mcf_s-782B": 1760711450.4867105,
    "../results/no_pref/exp_6_lru_ship++/605.mcf_s-994B": 1760711450.4867105,
    "../results/no_pref/exp_6_lru_ship++/607.cactuBSSN_s-2421B": 1760711450.4867105,
    "../results/no_pref/exp_6_lru_ship++/607.cactuBSSN_s-3477B": 1760711450.4867105,
    "../results/no_pref/exp_6_lru_ship++/607.cactuBSSN_s-4004B": 1760711450.4867105,
    "../results/no_pref/exp_6_lru_ship++/619.lbm_s-2676B": 1760711450.4867105,
    "../results/no_pref/exp_6_lru_ship++/619.lbm_s-2677B": 1760711450.4867105,
    "../results/no_pref/exp_6_lru_ship++/619.lbm_s-3766B": 1760711450.4867105,
    "../results/no_pref/exp_6_lru_ship++/619.lbm_s-4268B": 1760711450.4867105,
    "../results/no_pref/exp_6_lru_ship++/620.omnetpp_s-141B": 1760711450.4867105,
    "../results/no_pref/exp_6_lru_ship++/620.omnetpp_s-874B": 1760711450.4867105,
    "../results/no_pref/exp_6_lru_ship++/621.wrf_s-6673B": 1760711450.4867105,
    "../results/no_pref/exp_6_lru_ship++/621.wrf_s-8065B": 1760711450.4867105,
    "../results/no_pref/exp_6_lru_ship++/623.xalancbmk_s-10B": 1760711450.4867105,
    "../results/no_pref/exp_6_lru_ship++/623.xalancbmk_s-165B": 1760711450.4867105,
    "../results/no_pref/exp_6_lru_ship++/623.xalancbmk_s-202B": 1760711450.4867105,
    "../results/no_pref/exp_6_lru_ship++/625.x264_s-20B": 1760711450.4867105,
    "../results/no_pref/exp_6_lru_ship++/627.cam4_s-490B": 1760711450.4867105,
    "../results/no_pref/exp_6_lru_ship++/628.pop2_s-17B": 1760711450.4867105,
    "../results/no_pref/exp_6_lru_ship++/649.fotonik3d_s-10881B": 1760711450.4877107,
    "../results/no_pref/exp_6_lru_ship++/649.fotonik3d_s-1176B": 1760711450.4877107,
    "../results/no_pref/exp_6_lru_ship++/649.fotonik3d_s-7084B": 1760711450.4877107,
    "../results/no_pref/exp_6_lru_ship++/649.fotonik3d_s-8225B": 1760711450.4877107,
    "../results/no_pref/exp_6_lru_ship++/654.roms_s-1007B": 1760711450.4877107,
    "../results/no_pref/exp_6_lru_ship++/654.roms_s-1070B": 1760711450.4877107,
    "../results/no_pref/exp_6_lru_ship++/654.roms_s-1390B": 1760711450.4877107,
    "../results/no_pref/exp_6_lru_ship++/654.roms_s-293B": 1760711450.4877107,
    "../results/no_pref/exp_6_lru_ship++/654.roms_s-294B": 1760711450.4877107,
    "../results/no_pref/exp_6_lru_ship++/654.roms_s-523B": 1760711450.4877107,
    "../results/no_pref/exp_6_lru_ship++/657.xz_s-2302B": 1760711450.4877107,
    "../results/no_pref/exp_11_srrip_ship/600.perlbench_s-570B": 1760711450.4647105,
    "../results/no_pref/exp_11_srrip_ship/602.gcc_s-1850B": 1760711450.4647105,
    "../results/no_pref/exp_11_srrip_ship/602.gcc_s-2226B": 1760711450.4647105,
    "../results/no_pref/exp_11_srrip_ship/602.gcc_s-734B": 1760711450.4647105,
    "../results/no_pref/exp_11_srrip_ship/603.bwaves_s-1740B": 1760711450.4647105,
    "../results/no_pref/exp_11_srrip_ship/603.bwaves_s-2609B": 1760711450.4647105,
    "../results/no_pref/exp_11_srrip_ship/603.bwaves_s-2931B": 1760711450.4667103,
    "../results/no_pref/exp_11_srrip_ship/603.bwaves_s-891B": 1760711450.4667103,
    "../results/no_pref/exp_11_srrip_ship/605.mcf_s-1152B": 1760711450.4667103,
    "../results/no_pref/exp_11_srrip_ship/605.mcf_s-1536B": 1760711450.4667103,
    "../results/no_pref/exp_11_srrip_ship/605.mcf_s-1554B": 1760711450.4667103,
    "../results/no_pref/exp_11_srrip_ship/605.mcf_s-1644B": 1760711450.4667103,
    "../results/no_pref/exp_11_srrip_ship/605.mcf_s-472B": 1760711450.4667103,
    "../results/no_pref/exp_11_srrip_ship/605.mcf_s-484B": 1760711450.4667103,
    "../results/no_pref/exp_11_srrip_ship/605.mcf_s-665B": 1760711450.4667103,
    "../results/no_pref/exp_11_srrip_ship/605.mcf_s-782B": 1760711450.4667103,
    "../results/no_pref/exp_11_srrip_ship/605.mcf_s-994B": 1760711450.4667103,
    "../results/no_pref/exp_11_srrip_ship/607.cactuBSSN_s-2421B": 1760711450.4667103,
    "../results/no_pref/exp_11_srrip_ship/607.cactuBSSN_s-3477B": 1760711450.4667103,
    "../results/no_pref/exp_11_srrip_ship/607.cactuBSSN_s-4004B": 1760711450.4667103,
    "../results/no_pref/exp_11_srrip_ship/619.lbm_s-2676B": 1760711450.4667103,
    "../results/no_pref/exp_11_srrip_ship/619.lbm_s-2677B": 1760711450.4667103,
    "../results/no_pref/exp_11_srrip_ship/619.lbm_s-3766B": 1760711450.4667103,
    "../results/no_pref/exp_11_srrip_ship/619.lbm_s-4268B": 1760711450.4667103,
    "../results/no_pref/exp_11_srrip_ship/620.omnetpp_s-141B": 1760711450.4667103,
    "../results/no_pref/exp_11_srrip_ship/620.omnetpp_s-874B": 1760711450.4667103,
    "../results/no_pref/exp_11_srrip_ship/621.wrf_s-6673B": 1760711450.4667103,
    "../results/no_pref/exp_11_srrip_ship/621.wrf_s-8065B": 1760711450.4667103,
    "../results/no_pref/exp_11_srrip_ship/623.xalancbmk_s-10B": 1760711450.4667103,
    "../results/no_pref/exp_11_srrip_ship/623.xalancbmk_s-165B": 1760711450.4677105,
    "../results/no_pref/exp_11_srrip_ship/623.xalancbmk_s-202B": 1760711450.4677105,
    "../results/no_pref/exp_11_srrip_ship/625.x264_s-20B": 1760711450.4677105,
    "../results/no_pref/exp_11_srrip_ship/627.cam4_s-490B": 1760711450.4677105,
    "../results/no_pref/exp_11_srrip_ship/628.pop2_s-17B": 1760711450.4677105,
    "../results/no_pref/exp_11_srrip_ship/649.fotonik3d_s-10881B": 1760711450.4677105,
    "../results/no_pref/exp_11_srrip_ship/649.fotonik3d_s-1176B": 1760711450.4677105,
    "../results/no_pref/exp_11_srrip_ship/649.fotonik3d_s-7084B": 1760711450.4677105,
    "../results/no_pref/exp_11_srrip_ship/649.fotonik3d_s-8225B": 1760711450.4677105,
    "../results/no_pref/exp_11_srrip_ship/654.roms_s-1007B": 1760711450.4677105,
    "../results/no_pref/exp_11_srrip_ship/654.roms_s-1070B": 1760711450.4677105,
    "../results/no_pref/exp_11_srrip_ship/654.roms_s-1390B": 1760711450.4687104,
    "../results/no_pref/exp_11_srrip_ship/654.roms_s-293B": 1760711450.4687104,
    "../results/no_pref/exp_11_srrip_ship/654.roms_s-294B": 1760711450.4687104,
    "../results/no_pref/exp_11_srrip_ship/654.roms_s-523B": 1760711450.4687104,
    "../results/no_pref/exp_11_srrip_ship/657.xz_s-2302B": 1760711450.4687104,
    "../results/no_pref/exp_13_lru_mockingjay/600.perlbench_s-570B": 1760711450.4717104,
    "../results/no_pref/exp_13_lru_mockingjay/602.gcc_s-1850B": 1760711450.4717104,
    "../results/no_pref/exp_13_lru_mockingjay/602.gcc_s-2226B": 1760711450.4717104,
    "../results/no_pref/exp_13_lru_mockingjay/602.gcc_s-734B": 1760711450.4717104,
    "../results/no_pref/exp_13_lru_mockingjay/603.bwaves_s-1740B": 1760711450.4717104,
    "../results/no_pref/exp_13_lru_mockingjay/603.bwaves_s-2609B": 1760711450.4717104,
    "../results/no_pref/exp_13_lru_mockingjay/603.bwaves_s-2931B": 1760711450.4717104,
    "../results/no_pref/exp_13_lru_mockingjay/603.bwaves_s-891B": 1760711450.4717104,
    "../results/no_pref/exp_13_lru_mockingjay/605.mcf_s-1152B": 1760711450.4717104,
    "../results/no_pref/exp_13_lru_mockingjay/605.mcf_s-1536B": 1760711450.4717104,
    "../results/no_pref/exp_13_lru_mockingjay/605.mcf_s-1554B": 1760711450.4717104,
    "../results/no_pref/exp_13_lru_mockingjay/605.mcf_s-1644B": 1760711450.4717104,
    "../results/no_pref/exp_13_lru_mockingjay/605.mcf_s-472B": 1760711450.4717104,
    "../results/no_pref/exp_13_lru_mockingjay/605.mcf_s-484B": 1760711450.4727106,
    "../results/no_pref/exp_13_lru_mockingjay/605.mcf_s-665B": 1760711450.4727106,
    "../results/no_pref/exp_13_lru_mockingjay/605.mcf_s-782B": 1760711450.4727106,
    "../results/no_pref/exp_13_lru_mockingjay/605.mcf_s-994B": 1760711450.4727106,
    "../results/no_pref/exp_13_lru_mockingjay/607.cactuBSSN_s-2421B": 1760711450.4727106,
    "../results/no_pref/exp_13_lru_mockingjay/607.cactuBSSN_s-3477B": 1760711450.4727106,
    "../results/no_pref/exp_13_lru_mockingjay/607.cactuBSSN_s-4004B": 1760711450.4727106,
    "../results/no_pref/exp_13_lru_mockingjay/619.lbm_s-2676B": 1760711450.4727106,
    "../results/no_pref/exp_13_lru_mockingjay/619.lbm_s-2677B": 1760711450.4727106,
    "../results/no_pref/exp_13_lru_mockingjay/619.lbm_s-3766B": 1760711450.4727106,
    "../results/no_pref/exp_13_lru_mockingjay/619.lbm_s-4268B": 1760711450.4727106,
    "../results/no_pref/exp_13_lru_mockingjay/620.omnetpp_s-141B": 1760711450.4727106,
    "../results/no_pref/exp_13_lru_mockingjay/620.omnetpp_s-874B": 1760711450.4727106,
    "../results/no_pref/exp_13_lru_mockingjay/621.wrf_s-6673B": 1760711450.4727106,
    "../results/no_pref/exp_13_lru_mockingjay/621.wrf_s-8065B": 1760711450.4727106,
    "../results/no_pref/exp_13_lru_mockingjay/623.xalancbmk_s-10B": 1760711450.4727106,
    "../results/no_pref/exp_13_lru_mockingjay/623.xalancbmk_s-165B": 1760711450.4727106,
    "../results/no_pref/exp_13_lru_mockingjay/623.xalancbmk_s-202B": 1760711450.4727106,
    "../results/no_pref/exp_13_lru_mockingjay/625.x264_s-20B": 1760711450.4727106,
    "../results/no_pref/exp_13_lru_mockingjay/627.cam4_s-490B": 1760711450.4737105,
    "../results/no_pref/exp_13_lru_mockingjay/628.pop2_s-17B": 1760711450.4737105,
    "../results/no_pref/exp_13_lru_mockingjay/649.fotonik3d_s-10881B": 1760711450.4737105,
    "../results/no_pref/exp_13_lru_mockingjay/649.fotonik3d_s-1176B": 1760711450.4737105,
    "../results/no_pref/exp_13_lru_mockingjay/649.fotonik3d_s-7084B": 1760711450.4737105,
    "../results/no_pref/exp_13_lru_mockingjay/649.fotonik3d_s-8225B": 1760711450.4737105,
    "../results/no_pref/exp_13_lru_mockingjay/654.roms_s-1007B": 1760711450.4737105,
    "../results/no_pref/exp_13_lru_mockingjay/654.roms_s-1070B": 1760711450.4737105,
    "../results/no_pref/exp_13_lru_mockingjay/654.roms_s-1390B": 1760711450.4737105,
    "../results/no_pref/exp_13_lru_mockingjay/654.roms_s-293B": 1760711450.4737105,
    "../results/no_pref/exp_13_lru_mockingjay/654.roms_s-294B": 1760711450.4737105,
    "../results/no_pref/exp_13_lru_mockingjay/654.roms_s-523B": 1760711450.4737105,
    "../results/no_pref/exp_13_lru_mockingjay/657.xz_s-2302B": 1760711450.4737105,
    "../results/no_pref/exp_7_srrip_lru/600.perlbench_s-570B": 1760711450.4877107,
    "../results/no_pref/exp_7_srrip_lru/602.gcc_s-1850B": 1760711450.4877107,
    "../results/no_pref/exp_7_srrip_lru/602.gcc_s-2226B": 1760711450.4877107,
    "../results/no_pref/exp_7_srrip_lru/602.gcc_s-734B": 1760711450.4877107,
    "../results/no_pref/exp_7_srrip_lru/603.bwaves_s-1740B": 1760711450.4877107,
    "../results/no_pref/exp_7_srrip_lru/603.bwaves_s-2609B": 1760711450.4877107,
    "../results/no_pref/exp_7_srrip_lru/603.bwaves_s-2931B": 1760711450.4877107,
    "../results/no_pref/exp_7_srrip_lru/603.bwaves_s-891B": 1760711450.4877107,
    "../results/no_pref/exp_7_srrip_lru/605.mcf_s-1152B": 1760711450.4887106,
    "../results/no_pref/exp_7_srrip_lru/605.mcf_s-1536B": 1760711450.4887106,
    "../results/no_pref/exp_7_srrip_lru/605.mcf_s-1554B": 1760711450.4887106,
    "../results/no_pref/exp_7_srrip_lru/605.mcf_s-1644B": 1760711450.4887106,
    "../results/no_pref/exp_7_srrip_lru/605.mcf_s-472B": 1760711450.4887106,
    "../results/no_pref/exp_7_srrip_lru/605.mcf_s-484B": 1760711450.4887106,
    "../results/no_pref/exp_7_srrip_lru/605.mcf_s-665B": 1760711450.4887106,
    "../results/no_pref/exp_7_srrip_lru/605.mcf_s-782B": 1760711450.4887106,
    "../results/no_pref/exp_7_srrip_lru/605.mcf_s-994B": 1760711450.4887106,
    "../results/no_pref/exp_7_srrip_lru/607.cactuBSSN_s-2421B": 1760711450.4887106,
    "../results/no_pref/exp_7_srrip_lru/607.cactuBSSN_s-3477B": 1760711450.4887106,
    "../results/no_pref/exp_7_srrip_lru/607.cactuBSSN_s-4004B": 1760711450.4887106,
    "../results/no_pref/exp_7_srrip_lru/619.lbm_s-2676B": 1760711450.4887106,
    "../results/no_pref/exp_7_srrip_lru/619.lbm_s-2677B": 1760711450.4887106,
    "../results/no_pref/exp_7_srrip_lru/619.lbm_s-3766B": 1760711450.4887106,
    "../results/no_pref/exp_7_srrip_lru/619.lbm_s-4268B": 1760711450.4887106,
    "../results/no_pref/exp_7_srrip_lru/620.omnetpp_s-141B": 1760711450.4887106,
    "../results/no_pref/exp_7_srrip_lru/620.omnetpp_s-874B": 1760711450.4887106,
    "../results/no_pref/exp_7_srrip_lru/621.wrf_s-6673B": 1760711450.4887106,
    "../results/no_pref/exp_7_srrip_lru/621.wrf_s-8065B": 1760711450.4887106,
    "../results/no_pref/exp_7_srrip_lru/623.xalancbmk_s-10B": 1760711450.4887106,
    "../results/no_pref/exp_7_srrip_lru/623.xalancbmk_s-165B": 1760711450.4887106,
    "../results/no_pref/exp_7_srrip_lru/623.xalancbmk_s-202B": 1760711450.4887106,
    "../results/no_pref/exp_7_srrip_lru/625.x264_s-20B": 1760711450.4887106,
    "../results/no_pref/exp_7_srrip_lru/627.cam4_s-490B": 1760711450.4887106,
    "../results/no_pref/exp_7_srrip_lru/628.pop2_s-17B": 1760711450.4887106,
    "../results/no_pref/exp_7_srrip_lru/649.fotonik3d_s-10881B": 1760711450.4887106,
    "../results/no_pref/exp_7_srrip_lru/649.fotonik3d_s-1176B": 1760711450.4887106,
    "../results/no_pref/exp_7_srrip_lru/649.fotonik3d_s-7084B": 1760711450.4887106,
    "../results/no_pref/exp_7_srrip_lru/649.fotonik3d_s-8225B": 1760711450.4887106,
    "../results/no_pref/exp_7_srrip_lru/654.roms_s-1007B": 1760711450.4897108,
    "../results/no_pref/exp_7_srrip_lru/654.roms_s-1070B": 1760711450.4897108,
    "../results/no_pref/exp_7_srrip_lru/654.roms_s-1390B": 1760711450.4897108,
    "../results/no_pref/exp_7_srrip_lru/654.roms_s-293B": 1760711450.4897108,
    "../results/no_pref/exp_7_srrip_lru/654.roms_s-294B": 1760711450.4897108,
    "../results/no_pref/exp_7_srrip_lru/654.roms_s-523B": 1760711450.4897108,
    "../results/no_pref/exp_7_srrip_lru/657.xz_s-2302B": 1760711450.4897108,
    "../results/no_pref/exp_1_lru_lru/600.perlbench_s-570B": 1760711450.4757106,
    "../results/no_pref/exp_1_lru_lru/602.gcc_s-1850B": 1760711450.4767106,
    "../results/no_pref/exp_1_lru_lru/602.gcc_s-2226B": 1760711450.4767106,
    "../results/no_pref/exp_1_lru_lru/602.gcc_s-734B": 1760711450.4767106,
    "../results/no_pref/exp_1_lru_lru/603.bwaves_s-1740B": 1760711450.4767106,
    "../results/no_pref/exp_1_lru_lru/603.bwaves_s-2609B": 1760711450.4767106,
    "../results/no_pref/exp_1_lru_lru/603.bwaves_s-2931B": 1760711450.4767106,
    "../results/no_pref/exp_1_lru_lru/603.bwaves_s-891B": 1760711450.4767106,
    "../results/no_pref/exp_1_lru_lru/605.mcf_s-1152B": 1760711450.4767106,
    "../results/no_pref/exp_1_lru_lru/605.mcf_s-1536B": 1760711450.4767106,
    "../results/no_pref/exp_1_lru_lru/605.mcf_s-1554B": 1760711450.4767106,
    "../results/no_pref/exp_1_lru_lru/605.mcf_s-1644B": 1760711450.4767106,
    "../results/no_pref/exp_1_lru_lru/605.mcf_s-472B": 1760711450.4767106,
    "../results/no_pref/exp_1_lru_lru/605.mcf_s-484": 1760711450.4767106,
    "../results/no_pref/exp_1_lru_lru/605.mcf_s-665B": 1760711450.4767106,
    "../results/no_pref/exp_1_lru_lru/605.mcf_s-782B": 1760711450.4767106,
    "../results/no_pref/exp_1_lru_lru/605.mcf_s-994B": 1760711450.4767106,
    "../results/no_pref/exp_1_lru_lru/607.cactuBSSN_s-2421B": 1760711450.4767106,
    "../results/no_pref/exp_1_lru_lru/607.cactuBSSN_s-3477B": 1760711450.4767106,
    "../results/no_pref/exp_1_lru_lru/607.cactuBSSN_s-4004B": 1760711450.4767106,
    "../results/no_pref/exp_1_lru_lru/619.lbm_s-2676B": 1760711450.4767106,
    "../results/no_pref/exp_1_lru_lru/619.lbm_s-2677B": 1760711450.4767106,
    "../results/no_pref/exp_1_lru_lru/619.lbm_s-3766B": 1760711450.4767106,
    "../results/no_pref/exp_1_lru_lru/619.lbm_s-4268B": 1760711450.4777105,
    "../results/no_pref/exp_1_lru_lru/620.omnetpp_s-141B": 1760711450.4777105,
    "../results/no_pref/exp_1_lru_lru/620.omnetpp_s-874B": 1760711450.4777105,
    "../results/no_pref/exp_1_lru_lru/621.wrf_s-6673B": 1760711450.4777105,
    "../results/no_pref/exp_1_lru_lru/621.wrf_s-8065B": 1760711450.4777105,
    "../results/no_pref/exp_1_lru_lru/623.xalancbmk_s-10B": 1760711450.4777105,
    "../results/no_pref/exp_1_lru_lru/623.xalancbmk_s-165B": 1760711450.4777105,
    "../results/no_pref/exp_1_lru_lru/623.xalancbmk_s-202B": 1760711450.4777105,
    "../results/no_pref/exp_1_lru_lru/625.x264_s-20B": 1760711450.4777105,
    "../results/no_pref/exp_1_lru_lru/627.cam4_s-490B": 1760711450.4777105,
    "../results/no_pref/exp_1_lru_lru/628.pop2_s-17B": 1760711450.4777105,
    "../results/no_pref/exp_1_lru_lru/649.fotonik3d_s-10881B": 1760711450.4777105,
    "../results/no_pref/exp_1_lru_lru/649.fotonik3d_s-1176B": 1760711450.4777105,
    "../results/no_pref/exp_1_lru_lru/649.fotonik3d_s-7084B": 1760711450.4777105,
    "../results/no_pref/exp_1_lru_lru/649.fotonik3d_s-8225B": 1760711450.4777105,
    "../results/no_pref/exp_1_lru_lru/654.roms_s-1007B": 1760711450.4777105,
    "../results/no_pref/exp_1_lru_lru/654.roms_s-1070B": 1760711450.4777105,
    "../results/no_pref/exp_1_lru_lru/654.roms_s-1390B": 1760711450.4777105,
    "../results/no_pref/exp_1_lru_lru/654.roms_s-293B": 1760711450.4777105,
    "../results/no_pref/exp_1_lru_lru/654.roms_s-294B": 1760711450.4777105,
    "../results/no_pref/exp_1_lru_lru/654.roms_s-523B": 1760711450.4777105,
    "../results/no_pref/exp_1_lru_lru/657.xz_s-2302B": 1760711450.4787107,
    "../results/no_pref/exp_4_lru_hawkeye/600.perlbench_s-570B": 1760711450.4827106,
    "../results/no_pref/exp_4_lru_hawkeye/602.gcc_s-1850B": 1760711450.4827106,
    "../results/no_pref/exp_4_lru_hawkeye/602.gcc_s-2226B": 1760711450.4827106,
    "../results/no_pref/exp_4_lru_hawkeye/602.gcc_s-734B": 1760711450.4827106,
    "../results/no_pref/exp_4_lru_hawkeye/603.bwaves_s-1740B": 1760711450.4827106,
    "../results/no_pref/exp_4_lru_hawkeye/603.bwaves_s-2609B": 1760711450.4827106,
    "../results/no_pref/exp_4_lru_hawkeye/603.bwaves_s-2931B": 1760711450.4827106,
    "../results/no_pref/exp_4_lru_hawkeye/603.bwaves_s-891B": 1760711450.4827106,
    "../results/no_pref/exp_4_lru_hawkeye/605.mcf_s-1152B": 1760711450.4827106,
    "../results/no_pref/exp_4_lru_hawkeye/605.mcf_s-1536B": 1760711450.4827106,
    "../results/no_pref/exp_4_lru_hawkeye/605.mcf_s-1554B": 1760711450.4827106,
    "../results/no_pref/exp_4_lru_hawkeye/605.mcf_s-1644B": 1760711450.4827106,
    "../results/no_pref/exp_4_lru_hawkeye/605.mcf_s-472B": 1760711450.4827106,
    "../results/no_pref/exp_4_lru_hawkeye/605.mcf_s-484B": 1760711450.4827106,
    "../results/no_pref/exp_4_lru_hawkeye/605.mcf_s-665B": 1760711450.4827106,
    "../results/no_pref/exp_4_lru_hawkeye/605.mcf_s-782B": 1760711450.4827106,
    "../results/no_pref/exp_4_lru_hawkeye/605.mcf_s-994B": 1760711450.4827106,
    "../results/no_pref/exp_4_lru_hawkeye/607.cactuBSSN_s-2421B": 1760711450.4827106,
    "../results/no_pref/exp_4_lru_hawkeye/607.cactuBSSN_s-3477B": 1760711450.4827106,
    "../results/no_pref/exp_4_lru_hawkeye/607.cactuBSSN_s-4004B": 1760711450.4827106,
    "../results/no_pref/exp_4_lru_hawkeye/619.lbm_s-2676B": 1760711450.4827106,
    "../results/no_pref/exp_4_lru_hawkeye/619.lbm_s-2677B": 1760711450.4827106,
    "../results/no_pref/exp_4_lru_hawkeye/619.lbm_s-3766B": 1760711450.4827106,
    "../results/no_pref/exp_4_lru_hawkeye/619.lbm_s-4268B": 1760711450.4827106,
    "../results/no_pref/exp_4_lru_hawkeye/620.omnetpp_s-141B": 1760711450.4827106,
    "../results/no_pref/exp_4_lru_hawkeye/620.omnetpp_s-874B": 1760711450.4837105,
    "../results/no_pref/exp_4_lru_hawkeye/621.wrf_s-6673B": 1760711450.4837105,
    "../results/no_pref/exp_4_lru_hawkeye/621.wrf_s-8065B": 1760711450.4837105,
    "../results/no_pref/exp_4_lru_hawkeye/623.xalancbmk_s-10B": 1760711450.4837105,
    "../results/no_pref/exp_4_lru_hawkeye/623.xalancbmk_s-165B": 1760711450.4837105,
    "../results/no_pref/exp_4_lru_hawkeye/623.xalancbmk_s-202B": 1760711450.4837105,
    "../results/no_pref/exp_4_lru_hawkeye/625.x264_s-20B": 1760711450.4837105,
    "../results/no_pref/exp_4_lru_hawkeye/627.cam4_s-490B": 1760711450.4837105,
    "../results/no_pref/exp_4_lru_hawkeye/628.pop2_s-17B": 1760711450.4837105,
    "../results/no_pref/exp_4_lru_hawkeye/649.fotonik3d_s-10881B": 1760711450.4837105,
    "../results/no_pref/exp_4_lru_hawkeye/649.fotonik3d_s-1176B": 1760711450.4837105,
    "../results/no_pref/exp_4_lru_hawkeye/649.fotonik3d_s-7084B": 1760711450.4837105,
    "../results/no_pref/exp_4_lru_hawkeye/649.fotonik3d_s-8225B": 1760711450.4837105,
    "../results/no_pref/exp_4_lru_hawkeye/654.roms_s-1007B": 1760711450.4837105,
    "../results/no_pref/exp_4_lru_hawkeye/654.roms_s-1070B": 1760711450.4837105,
    "../results/no_pref/exp_4_lru_hawkeye/654.roms_s-1390B": 1760711450.4837105,
    "../results/no_pref/exp_4_lru_hawkeye/654.roms_s-293B": 1760711450.4837105,
    "../results/no_pref/exp_4_lru_hawkeye/654.roms_s-294B": 1760711450.4837105,
    "../results/no_pref/exp_4_lru_hawkeye/654.roms_s-523B": 1760711450.4837105,
    "../results/no_pref/exp_4_lru_hawkeye/657.xz_s-2302B": 1760711450.4837105,
    "../results/pref_l2/ip_stride/exp12_srrip_ship/600.perlbench_s-570B": 1760711450.6397123,
    "../results/pref_l2/ip_stride/exp12_srrip_ship/602.gcc_s-1850B": 1760711450.6397123,
    "../results/pref_l2/ip_stride/exp12_srrip_ship/602.gcc_s-2226B": 1760711450.6397123,
    "../results/pref_l2/ip_stride/exp12_srrip_ship/602.gcc_s-734B": 1760711450.6397123,
    "../results/pref_l2/ip_stride/exp12_srrip_ship/603.bwaves_s-1740B": 1760711450.6397123,
    "../results/pref_l2/ip_stride/exp12_srrip_ship/603.bwaves_s-2609B": 1760711450.6397123,
    "../results/pref_l2/ip_stride/exp12_srrip_ship/603.bwaves_s-2931B": 1760711450.6397123,
    "../results/pref_l2/ip_stride/exp12_srrip_ship/603.bwaves_s-891B": 1760711450.6397123,
    "../results/pref_l2/ip_stride/exp12_srrip_ship/605.mcf_s-1152B": 1760711450.6397123,
    "../results/pref_l2/ip_stride/exp12_srrip_ship/605.mcf_s-1536B": 1760711450.6397123,
    "../results/pref_l2/ip_stride/exp12_srrip_ship/605.mcf_s-1554B": 1760711450.6397123,
    "../results/pref_l2/ip_stride/exp12_srrip_ship/605.mcf_s-1644B": 1760711450.6397123,
    "../results/pref_l2/ip_stride/exp12_srrip_ship/605.mcf_s-472B": 1760711450.6397123,
    "../results/pref_l2/ip_stride/exp12_srrip_ship/605.mcf_s-484B": 1760711450.6397123,
    "../results/pref_l2/ip_stride/exp12_srrip_ship/605.mcf_s-665B": 1760711450.6397123,
    "../results/pref_l2/ip_stride/exp12_srrip_ship/605.mcf_s-782B": 1760711450.6397123,
    "../results/pref_l2/ip_stride/exp12_srrip_ship/605.mcf_s-994B": 1760711450.6397123,
    "../results/pref_l2/ip_stride/exp12_srrip_ship/607.cactuBSSN_s-2421B": 1760711450.6397123,
    "../results/pref_l2/ip_stride/exp12_srrip_ship/607.cactuBSSN_s-3477B": 1760711450.6397123,
    "../results/pref_l2/ip_stride/exp12_srrip_ship/607.cactuBSSN_s-4004B": 1760711450.6397123,
    "../results/pref_l2/ip_stride/exp12_srrip_ship/619.lbm_s-2676B": 1760711450.6397123,
    "../results/pref_l2/ip_stride/exp12_srrip_ship/619.lbm_s-2677B": 1760711450.6407125,
    "../results/pref_l2/ip_stride/exp12_srrip_ship/619.lbm_s-3766B": 1760711450.6407125,
    "../results/pref_l2/ip_stride/exp12_srrip_ship/619.lbm_s-4268B": 1760711450.6407125,
    "../results/pref_l2/ip_stride/exp12_srrip_ship/620.omnetpp_s-141B": 1760711450.6407125,
    "../results/pref_l2/ip_stride/exp12_srrip_ship/620.omnetpp_s-874B": 1760711450.6407125,
    "../results/pref_l2/ip_stride/exp12_srrip_ship/621.wrf_s-6673B": 1760711450.6407125,
    "../results/pref_l2/ip_stride/exp12_srrip_ship/621.wrf_s-8065B": 1760711450.6407125,
    "../results/pref_l2/ip_stride/exp12_srrip_ship/623.xalancbmk_s-10B": 1760711450.6407125,
    "../results/pref_l2/ip_stride/exp12_srrip_ship/623.xalancbmk_s-165B": 1760711450.6407125,
    "../results/pref_l2/ip_stride/exp12_srrip_ship/623.xalancbmk_s-202B": 1760711450.6407125,
    "../results/pref_l2/ip_stride/exp12_srrip_ship/625.x264_s-20B": 1760711450.6407125,
    "../results/pref_l2/ip_stride/exp12_srrip_ship/627.cam4_s-490B": 1760711450.6407125,
    "../results/pref_l2/ip_stride/exp12_srrip_ship/628.pop2_s-17B": 1760711450.6407125,
    "../results/pref_l2/ip_stride/exp12_srrip_ship/649.fotonik3d_s-10881B": 1760711450.6407125,
    "../results/pref_l2/ip_stride/exp12_srrip_ship/649.fotonik3d_s-1176B": 1760711450.6407125,
    "../results/pref_l2/ip_stride/exp12_srrip_ship/649.fotonik3d_s-7084B": 1760711450.6407125,
    "../results/pref_l2/ip_stride/exp12_srrip_ship/649.fotonik3d_s-8225B": 1760711450.6407125,
    "../results/pref_l2/ip_stride/exp12_srrip_ship/654.roms_s-1007B": 1760711450.6407125,
    "../results/pref_l2/ip_stride/exp12_srrip_ship/654.roms_s-1070B": 1760711450.6407125,
    "../results/pref_l2/ip_stride/exp12_srrip_ship/654.roms_s-1390B": 1760711450.6407125,
    "../results/pref_l2/ip_stride/exp12_srrip_ship/654.roms_s-293B": 1760711450.6407125,
    "../results/pref_l2/ip_stride/exp12_srrip_ship/654.roms_s-294B": 1760711450.6407125,
    "../results/pref_l2/ip_stride/exp12_srrip_ship/654.roms_s-523B": 1760711450.6407125,
    "../results/pref_l2/ip_stride/exp12_srrip_ship/657.xz_s-2302B": 1760711450.6407125,
    "../results/pref_l2/ip_stride/exp1_lru_lru/600.perlbench_s-570B": 1760711450.6427124,
    "../results/pref_l2/ip_stride/exp1_lru_lru/602.gcc_s-1850B": 1760711450.6427124,
    "../results/pref_l2/ip_stride/exp1_lru_lru/602.gcc_s-2226B": 1760711450.6427124,
    "../results/pref_l2/ip_stride/exp1_lru_lru/602.gcc_s-734B": 1760711450.6427124,
    "../results/pref_l2/ip_stride/exp1_lru_lru/603.bwaves_s-1740B": 1760711450.6427124,
    "../results/pref_l2/ip_stride/exp1_lru_lru/603.bwaves_s-2609B": 1760711450.6427124,
    "../results/pref_l2/ip_stride/exp1_lru_lru/603.bwaves_s-2931B": 1760711450.6427124,
    "../results/pref_l2/ip_stride/exp1_lru_lru/603.bwaves_s-891B": 1760711450.6427124,
    "../results/pref_l2/ip_stride/exp1_lru_lru/605.mcf_s-1152B": 1760711450.6427124,
    "../results/pref_l2/ip_stride/exp1_lru_lru/605.mcf_s-1536B": 1760711450.6427124,
    "../results/pref_l2/ip_stride/exp1_lru_lru/605.mcf_s-1554B": 1760711450.6427124,
    "../results/pref_l2/ip_stride/exp1_lru_lru/605.mcf_s-1644B": 1760711450.6427124,
    "../results/pref_l2/ip_stride/exp1_lru_lru/605.mcf_s-472B": 1760711450.6427124,
    "../results/pref_l2/ip_stride/exp1_lru_lru/605.mcf_s-484B": 1760711450.6427124,
    "../results/pref_l2/ip_stride/exp1_lru_lru/605.mcf_s-665B": 1760711450.6427124,
    "../results/pref_l2/ip_stride/exp1_lru_lru/605.mcf_s-782B": 1760711450.6427124,
    "../results/pref_l2/ip_stride/exp1_lru_lru/605.mcf_s-994B": 1760711450.6437125,
    "../results/pref_l2/ip_stride/exp1_lru_lru/607.cactuBSSN_s-2421B": 1760711450.6437125,
    "../results/pref_l2/ip_stride/exp1_lru_lru/607.cactuBSSN_s-3477B": 1760711450.6437125,
    "../results/pref_l2/ip_stride/exp1_lru_lru/607.cactuBSSN_s-4004B": 1760711450.6437125,
    "../results/pref_l2/ip_stride/exp1_lru_lru/619.lbm_s-2676B": 1760711450.6437125,
    "../results/pref_l2/ip_stride/exp1_lru_lru/619.lbm_s-2677B": 1760711450.6437125,
    "../results/pref_l2/ip_stride/exp1_lru_lru/619.lbm_s-3766B": 1760711450.6437125,
    "../results/pref_l2/ip_stride/exp1_lru_lru/619.lbm_s-4268B": 1760711450.6437125,
    "../results/pref_l2/ip_stride/exp1_lru_lru/620.omnetpp_s-141B": 1760711450.6437125,
    "../results/pref_l2/ip_stride/exp1_lru_lru/620.omnetpp_s-874B": 1760711450.6437125,
    "../results/pref_l2/ip_stride/exp1_lru_lru/621.wrf_s-6673B": 1760711450.6437125,
    "../results/pref_l2/ip_stride/exp1_lru_lru/621.wrf_s-8065B": 1760711450.6437125,
    "../results/pref_l2/ip_stride/exp1_lru_lru/623.xalancbmk_s-10B": 1760711450.6437125,
    "../results/pref_l2/ip_stride/exp1_lru_lru/623.xalancbmk_s-165B": 1760711450.6437125,
    "../results/pref_l2/ip_stride/exp1_lru_lru/623.xalancbmk_s-202B": 1760711450.6437125,
    "../results/pref_l2/ip_stride/exp1_lru_lru/625.x264_s-20B": 1760711450.6437125,
    "../results/pref_l2/ip_stride/exp1_lru_lru/627.cam4_s-490B": 1760711450.6437125,
    "../results/pref_l2/ip_stride/exp1_lru_lru/628.pop2_s-17B": 1760711450.6437125,
    "../results/pref_l2/ip_stride/exp1_lru_lru/649.fotonik3d_s-10881B": 1760711450.6437125,
    "../results/pref_l2/ip_stride/exp1_lru_lru/649.fotonik3d_s-1176B": 1760711450.6437125,
    "../results/pref_l2/ip_stride/exp1_lru_lru/649.fotonik3d_s-7084B": 1760711450.6437125,
    "../results/pref_l2/ip_stride/exp1_lru_lru/649.fotonik3d_s-8225B": 1760711450.6437125,
    "../results/pref_l2/ip_stride/exp1_lru_lru/654.roms_s-1007B": 1760711450.6437125,
    "../results/pref_l2/ip_stride/exp1_lru_lru/654.roms_s-1070B": 1760711450.6437125,
    "../results/pref_l2/ip_stride/exp1_lru_lru/654.roms_s-1390B": 1760711450.6437125,
    "../results/pref_l2/ip_stride/exp1_lru_lru/654.roms_s-293B": 1760711450.6437125,
    "../results/pref_l2/ip_stride/exp1_lru_lru/654.roms_s-294B": 1760711450.6437125,
    "../results/pref_l2/ip_stride/exp1_lru_lru/654.roms_s-523B": 1760711450.6437125,
    "../results/pref_l2/ip_stride/exp1_lru_lru/657.xz_s-2302B": 1760711450.6437125,
    "../results/pref_l2/ip_stride/exp14_srrip_mockingjay/600.perlbench_s-570B": 1760711450.6417124,
    "../results/pref_l2/ip_stride/exp14_srrip_mockingjay/602.gcc_s-1850B": 1760711450.6417124,
    "../results/pref_l2/ip_stride/exp14_srrip_mockingjay/602.gcc_s-2226B": 1760711450.6417124,
    "../results/pref_l2/ip_stride/exp14_srrip_mockingjay/602.gcc_s-734B": 1760711450.6417124,
    "../results/pref_l2/ip_stride/exp14_srrip_mockingjay/603.bwaves_s-1740B": 1760711450.6417124,
    "../results/pref_l2/ip_stride/exp14_srrip_mockingjay/603.bwaves_s-2609B": 1760711450.6417124,
    "../results/pref_l2/ip_stride/exp14_srrip_mockingjay/603.bwaves_s-2931B": 1760711450.6417124,
    "../results/pref_l2/ip_stride/exp14_srrip_mockingjay/603.bwaves_s-891B": 1760711450.6417124,
    "../results/pref_l2/ip_stride/exp14_srrip_mockingjay/605.mcf_s-1152B": 1760711450.6417124,
    "../results/pref_l2/ip_stride/exp14_srrip_mockingjay/605.mcf_s-1536B": 1760711450.6417124,
    "../results/pref_l2/ip_stride/exp14_srrip_mockingjay/605.mcf_s-1554B": 1760711450.6417124,
    "../results/pref_l2/ip_stride/exp14_srrip_mockingjay/605.mcf_s-1644B": 1760711450.6417124,
    "../results/pref_l2/ip_stride/exp14_srrip_mockingjay/605.mcf_s-472B": 1760711450.6417124,
    "../results/pref_l2/ip_stride/exp14_srrip_mockingjay/605.mcf_s-484B": 1760711450.6417124,
    "../results/pref_l2/ip_stride/exp14_srrip_mockingjay/605.mcf_s-665B": 1760711450.6427124,
    "../results/pref_l2/ip_stride/exp14_srrip_mockingjay/605.mcf_s-782B": 1760711450.6427124,
    "../results/pref_l2/ip_stride/exp14_srrip_mockingjay/605.mcf_s-994B": 1760711450.6427124,
    "../results/pref_l2/ip_stride/exp14_srrip_mockingjay/607.cactuBSSN_s-2421B": 1760711450.6427124,
    "../results/pref_l2/ip_stride/exp14_srrip_mockingjay/607.cactuBSSN_s-3477B": 1760711450.6427124,
    "../results/pref_l2/ip_stride/exp14_srrip_mockingjay/607.cactuBSSN_s-4004B": 1760711450.6427124,
    "../results/pref_l2/ip_stride/exp14_srrip_mockingjay/619.lbm_s-2676B": 1760711450.6427124,
    "../results/pref_l2/ip_stride/exp14_srrip_mockingjay/619.lbm_s-2677B": 1760711450.6427124,
    "../results/pref_l2/ip_stride/exp14_srrip_mockingjay/619.lbm_s-3766B": 1760711450.6427124,
    "../results/pref_l2/ip_stride/exp14_srrip_mockingjay/619.lbm_s-4268B": 1760711450.6427124,
    "../results/pref_l2/ip_stride/exp14_srrip_mockingjay/620.omnetpp_s-141B": 1760711450.6427124,
    "../results/pref_l2/ip_stride/exp14_srrip_mockingjay/620.omnetpp_s-874B": 1760711450.6427124,
    "../results/pref_l2/ip_stride/exp14_srrip_mockingjay/621.wrf_s-6673B": 1760711450.6427124,
    "../results/pref_l2/ip_stride/exp14_srrip_mockingjay/621.wrf_s-8065B": 1760711450.6427124,
    "../results/pref_l2/ip_stride/exp14_srrip_mockingjay/623.xalancbmk_s-10B": 1760711450.6427124,
    "../results/pref_l2/ip_stride/exp14_srrip_mockingjay/623.xalancbmk_s-165B": 1760711450.6427124,
    "../results/pref_l2/ip_stride/exp14_srrip_mockingjay/623.xalancbmk_s-202B": 1760711450.6427124,
    "../results/pref_l2/ip_stride/exp14_srrip_mockingjay/625.x264_s-20B": 1760711450.6427124,
    "../results/pref_l2/ip_stride/exp14_srrip_mockingjay/627.cam4_s-490B": 1760711450.6427124,
    "../results/pref_l2/ip_stride/exp14_srrip_mockingjay/628.pop2_s-17B": 1760711450.6427124,
    "../results/pref_l2/ip_stride/exp14_srrip_mockingjay/649.fotonik3d_s-10881B": 1760711450.6427124,
    "../results/pref_l2/ip_stride/exp14_srrip_mockingjay/649.fotonik3d_s-1176B": 1760711450.6427124,
    "../results/pref_l2/ip_stride/exp14_srrip_mockingjay/649.fotonik3d_s-7084B": 1760711450.6427124,
    "../results/pref_l2/ip_stride/exp14_srrip_mockingjay/649.fotonik3d_s-8225B": 1760711450.6427124,
    "../results/pref_l2/ip_stride/exp14_srrip_mockingjay/654.roms_s-1007B": 1760711450.6427124,
    "../results/pref_l2/ip_stride/exp14_srrip_mockingjay/654.roms_s-1070B": 1760711450.6427124,
    "../results/pref_l2/ip_stride/exp14_srrip_mockingjay/654.roms_s-1390B": 1760711450.6427124,
    "../results/pref_l2/ip_stride/exp14_srrip_mockingjay/654.roms_s-293B": 1760711450.6427124,
    "../results/pref_l2/ip_stride/exp14_srrip_mockingjay/654.roms_s-294B": 1760711450.6427124,
    "../results/pref_l2/ip_stride/exp14_srrip_mockingjay/654.roms_s-523B": 1760711450.6427124,
    "../results/pref_l2/ip_stride/exp14_srrip_mockingjay/657.xz_s-2302B": 1760711450.6427124,
    "../results/pref_l2/ip_stride/exp11_srrip_hawkeye/600.perlbench_s-570B": 1760711450.6387124,
    "../results/pref_l2/ip_stride/exp11_srrip_hawkeye/602.gcc_s-1850B": 1760711450.6387124,
    "../results/pref_l2/ip_stride/exp11_srrip_hawkeye/602.gcc_s-2226B": 1760711450.6387124,
    "../results/pref_l2/ip_stride/exp11_srrip_hawkeye/602.gcc_s-734B": 1760711450.6387124,
    "../results/pref_l2/ip_stride/exp11_srrip_hawkeye/603.bwaves_s-1740B": 1760711450.6387124,
    "../results/pref_l2/ip_stride/exp11_srrip_hawkeye/603.bwaves_s-2609B": 1760711450.6387124,
    "../results/pref_l2/ip_stride/exp11_srrip_hawkeye/603.bwaves_s-2931B": 1760711450.6387124,
    "../results/pref_l2/ip_stride/exp11_srrip_hawkeye/603.bwaves_s-891B": 1760711450.6387124,
    "../results/pref_l2/ip_stride/exp11_srrip_hawkeye/605.mcf_s-1152B": 1760711450.6387124,
    "../results/pref_l2/ip_stride/exp11_srrip_hawkeye/605.mcf_s-1536B": 1760711450.6387124,
    "../results/pref_l2/ip_stride/exp11_srrip_hawkeye/605.mcf_s-1554B": 1760711450.6387124,
    "../results/pref_l2/ip_stride/exp11_srrip_hawkeye/605.mcf_s-1644B": 1760711450.6387124,
    "../results/pref_l2/ip_stride/exp11_srrip_hawkeye/605.mcf_s-472B": 1760711450.6387124,
    "../results/pref_l2/ip_stride/exp11_srrip_hawkeye/605.mcf_s-484B": 1760711450.6387124,
    "../results/pref_l2/ip_stride/exp11_srrip_hawkeye/605.mcf_s-665B": 1760711450.6387124,
    "../results/pref_l2/ip_stride/exp11_srrip_hawkeye/605.mcf_s-782B": 1760711450.6387124,
    "../results/pref_l2/ip_stride/exp11_srrip_hawkeye/605.mcf_s-994B": 1760711450.6387124,
    "../results/pref_l2/ip_stride/exp11_srrip_hawkeye/607.cactuBSSN_s-2421B": 1760711450.6387124,
    "../results/pref_l2/ip_stride/exp11_srrip_hawkeye/607.cactuBSSN_s-3477B": 1760711450.6387124,
    "../results/pref_l2/ip_stride/exp11_srrip_hawkeye/607.cactuBSSN_s-4004B": 1760711450.6387124,
    "../results/pref_l2/ip_stride/exp11_srrip_hawkeye/619.lbm_s-2676B": 1760711450.6387124,
    "../results/pref_l2/ip_stride/exp11_srrip_hawkeye/619.lbm_s-2677B": 1760711450.6387124,
    "../results/pref_l2/ip_stride/exp11_srrip_hawkeye/619.lbm_s-3766B": 1760711450.6387124,
    "../results/pref_l2/ip_stride/exp11_srrip_hawkeye/619.lbm_s-4268B": 1760711450.6387124,
    "../results/pref_l2/ip_stride/exp11_srrip_hawkeye/620.omnetpp_s-141B": 1760711450.6387124,
    "../results/pref_l2/ip_stride/exp11_srrip_hawkeye/620.omnetpp_s-874B": 1760711450.6387124,
    "../results/pref_l2/ip_stride/exp11_srrip_hawkeye/621.wrf_s-6673B": 1760711450.6387124,
    "../results/pref_l2/ip_stride/exp11_srrip_hawkeye/621.wrf_s-8065B": 1760711450.6387124,
    "../results/pref_l2/ip_stride/exp11_srrip_hawkeye/623.xalancbmk_s-10B": 1760711450.6397123,
    "../results/pref_l2/ip_stride/exp11_srrip_hawkeye/623.xalancbmk_s-165B": 1760711450.6397123,
    "../results/pref_l2/ip_stride/exp11_srrip_hawkeye/623.xalancbmk_s-202B": 1760711450.6397123,
    "../results/pref_l2/ip_stride/exp11_srrip_hawkeye/625.x264_s-20B": 1760711450.6397123,
    "../results/pref_l2/ip_stride/exp11_srrip_hawkeye/627.cam4_s-490B": 1760711450.6397123,
    "../results/pref_l2/ip_stride/exp11_srrip_hawkeye/628.pop2_s-17B": 1760711450.6397123,
    "../results/pref_l2/ip_stride/exp11_srrip_hawkeye/649.fotonik3d_s-10881B": 1760711450.6397123,
    "../results/pref_l2/ip_stride/exp11_srrip_hawkeye/649.fotonik3d_s-1176B": 1760711450.6397123,
    "../results/pref_l2/ip_stride/exp11_srrip_hawkeye/649.fotonik3d_s-7084B": 1760711450.6397123,
    "../results/pref_l2/ip_stride/exp11_srrip_hawkeye/649.fotonik3d_s-8225B": 1760711450.6397123,
    "../results/pref_l2/ip_stride/exp11_srrip_hawkeye/654.roms_s-1007B": 1760711450.6397123,
    "../results/pref_l2/ip_stride/exp11_srrip_hawkeye/654.roms_s-1070B": 1760711450.6397123,
    "../results/pref_l2/ip_stride/exp11_srrip_hawkeye/654.roms_s-1390B": 1760711450.6397123,
    "../results/pref_l2/ip_stride/exp11_srrip_hawkeye/654.roms_s-293B": 1760711450.6397123,
    "../results/pref_l2/ip_stride/exp11_srrip_hawkeye/654.roms_s-294B": 1760711450.6397123,
    "../results/pref_l2/ip_stride/exp11_srrip_hawkeye/654.roms_s-523B": 1760711450.6397123,
    "../results/pref_l2/ip_stride/exp11_srrip_hawkeye/657.xz_s-2302B": 1760711450.6397123,
    "../results/pref_l2/ip_stride/exp13_srrip_ship++/600.perlbench_s-570B": 1760711450.6407125,
    "../results/pref_l2/ip_stride/exp13_srrip_ship++/602.gcc_s-1850B": 1760711450.6407125,
    "../results/pref_l2/ip_stride/exp13_srrip_ship++/602.gcc_s-2226B": 1760711450.6407125,
    "../results/pref_l2/ip_stride/exp13_srrip_ship++/602.gcc_s-734B": 1760711450.6407125,
    "../results/pref_l2/ip_stride/exp13_srrip_ship++/603.bwaves_s-1740B": 1760711450.6407125,
    "../results/pref_l2/ip_stride/exp13_srrip_ship++/603.bwaves_s-2609B": 1760711450.6407125,
    "../results/pref_l2/ip_stride/exp13_srrip_ship++/603.bwaves_s-2931B": 1760711450.6407125,
    "../results/pref_l2/ip_stride/exp13_srrip_ship++/603.bwaves_s-891B": 1760711450.6407125,
    "../results/pref_l2/ip_stride/exp13_srrip_ship++/605.mcf_s-1152B": 1760711450.6407125,
    "../results/pref_l2/ip_stride/exp13_srrip_ship++/605.mcf_s-1536B": 1760711450.6407125,
    "../results/pref_l2/ip_stride/exp13_srrip_ship++/605.mcf_s-1554B": 1760711450.6407125,
    "../results/pref_l2/ip_stride/exp13_srrip_ship++/605.mcf_s-1644B": 1760711450.6407125,
    "../results/pref_l2/ip_stride/exp13_srrip_ship++/605.mcf_s-472B": 1760711450.6417124,
    "../results/pref_l2/ip_stride/exp13_srrip_ship++/605.mcf_s-484B": 1760711450.6417124,
    "../results/pref_l2/ip_stride/exp13_srrip_ship++/605.mcf_s-665B": 1760711450.6417124,
    "../results/pref_l2/ip_stride/exp13_srrip_ship++/605.mcf_s-782B": 1760711450.6417124,
    "../results/pref_l2/ip_stride/exp13_srrip_ship++/605.mcf_s-994B": 1760711450.6417124,
    "../results/pref_l2/ip_stride/exp13_srrip_ship++/607.cactuBSSN_s-2421B": 1760711450.6417124,
    "../results/pref_l2/ip_stride/exp13_srrip_ship++/607.cactuBSSN_s-3477B": 1760711450.6417124,
    "../results/pref_l2/ip_stride/exp13_srrip_ship++/607.cactuBSSN_s-4004B": 1760711450.6417124,
    "../results/pref_l2/ip_stride/exp13_srrip_ship++/619.lbm_s-2676B": 1760711450.6417124,
    "../results/pref_l2/ip_stride/exp13_srrip_ship++/619.lbm_s-2677B": 1760711450.6417124,
    "../results/pref_l2/ip_stride/exp13_srrip_ship++/619.lbm_s-3766B": 1760711450.6417124,
    "../results/pref_l2/ip_stride/exp13_srrip_ship++/619.lbm_s-4268B": 1760711450.6417124,
    "../results/pref_l2/ip_stride/exp13_srrip_ship++/620.omnetpp_s-141B": 1760711450.6417124,
    "../results/pref_l2/ip_stride/exp13_srrip_ship++/620.omnetpp_s-874B": 1760711450.6417124,
    "../results/pref_l2/ip_stride/exp13_srrip_ship++/621.wrf_s-6673B": 1760711450.6417124,
    "../results/pref_l2/ip_stride/exp13_srrip_ship++/621.wrf_s-8065B": 1760711450.6417124,
    "../results/pref_l2/ip_stride/exp13_srrip_ship++/623.xalancbmk_s-10B": 1760711450.6417124,
    "../results/pref_l2/ip_stride/exp13_srrip_ship++/623.xalancbmk_s-165B": 1760711450.6417124,
    "../results/pref_l2/ip_stride/exp13_srrip_ship++/623.xalancbmk_s-202B": 1760711450.6417124,
    "../results/pref_l2/ip_stride/exp13_srrip_ship++/625.x264_s-20B": 1760711450.6417124,
    "../results/pref_l2/ip_stride/exp13_srrip_ship++/627.cam4_s-490B": 1760711450.6417124,
    "../results/pref_l2/ip_stride/exp13_srrip_ship++/628.pop2_s-17B": 1760711450.6417124,
    "../results/pref_l2/ip_stride/exp13_srrip_ship++/649.fotonik3d_s-10881B": 1760711450.6417124,
    "../results/pref_l2/ip_stride/exp13_srrip_ship++/649.fotonik3d_s-1176B": 1760711450.6417124,
    "../results/pref_l2/ip_stride/exp13_srrip_ship++/649.fotonik3d_s-7084B": 1760711450.6417124,
    "../results/pref_l2/ip_stride/exp13_srrip_ship++/649.fotonik3d_s-8225B": 1760711450.6417124,
    "../results/pref_l2/ip_stride/exp13_srrip_ship++/654.roms_s-1007B": 1760711450.6417124,
    "../results/pref_l2/ip_stride/exp13_srrip_ship++/654.roms_s-1070B": 1760711450.6417124,
    "../results/pref_l2/ip_stride/exp13_srrip_ship++/654.roms_s-1390B": 1760711450.6417124,
    "../results/pref_l2/ip_stride/exp13_srrip_ship++/654.roms_s-293B": 1760711450.6417124,
    "../results/pref_l2/ip_stride/exp13_srrip_ship++/654.roms_s-294B": 1760711450.6417124,
    "../results/pref_l2/ip_stride/exp13_srrip_ship++/654.roms_s-523B": 1760711450.6417124,
    "../results/pref_l2/ip_stride/exp13_srrip_ship++/657.xz_s-2302B": 1760711450.6417124,
    "../results/pref_l2/ip_stride/exp3_lru_drrip/600.perlbench_s-570B": 1760711450.6447124,
    "../results/pref_l2/ip_stride/exp3_lru_drrip/602.gcc_s-1850B": 1760711450.6447124,
    "../results/pref_l2/ip_stride/exp3_lru_drrip/602.gcc_s-2226B": 1760711450.6447124,
    "../results/pref_l2/ip_stride/exp3_lru_drrip/602.gcc_s-734B": 1760711450.6447124,
    "../results/pref_l2/ip_stride/exp3_lru_drrip/603.bwaves_s-1740B": 1760711450.6457124,
    "../results/pref_l2/ip_stride/exp3_lru_drrip/603.bwaves_s-2609B": 1760711450.6457124,
    "../results/pref_l2/ip_stride/exp3_lru_drrip/603.bwaves_s-2931B": 1760711450.6457124,
    "../results/pref_l2/ip_stride/exp3_lru_drrip/603.bwaves_s-891B": 1760711450.6457124,
    "../results/pref_l2/ip_stride/exp3_lru_drrip/605.mcf_s-1152B": 1760711450.6457124,
    "../results/pref_l2/ip_stride/exp3_lru_drrip/605.mcf_s-1536B": 1760711450.6457124,
    "../results/pref_l2/ip_stride/exp3_lru_drrip/605.mcf_s-1554B": 1760711450.6457124,
    "../results/pref_l2/ip_stride/exp3_lru_drrip/605.mcf_s-1644B": 1760711450.6457124,
    "../results/pref_l2/ip_stride/exp3_lru_drrip/605.mcf_s-472B": 1760711450.6457124,
    "../results/pref_l2/ip_stride/exp3_lru_drrip/605.mcf_s-484B": 1760711450.6457124,
    "../results/pref_l2/ip_stride/exp3_lru_drrip/605.mcf_s-665B": 1760711450.6457124,
    "../results/pref_l2/ip_stride/exp3_lru_drrip/605.mcf_s-782B": 1760711450.6457124,
    "../results/pref_l2/ip_stride/exp3_lru_drrip/605.mcf_s-994B": 1760711450.6457124,
    "../results/pref_l2/ip_stride/exp3_lru_drrip/607.cactuBSSN_s-2421B": 1760711450.6457124,
    "../results/pref_l2/ip_stride/exp3_lru_drrip/607.cactuBSSN_s-3477B": 1760711450.6457124,
    "../results/pref_l2/ip_stride/exp3_lru_drrip/607.cactuBSSN_s-4004B": 1760711450.6457124,
    "../results/pref_l2/ip_stride/exp3_lru_drrip/619.lbm_s-2676B": 1760711450.6457124,
    "../results/pref_l2/ip_stride/exp3_lru_drrip/619.lbm_s-2677B": 1760711450.6457124,
    "../results/pref_l2/ip_stride/exp3_lru_drrip/619.lbm_s-3766B": 1760711450.6457124,
    "../results/pref_l2/ip_stride/exp3_lru_drrip/619.lbm_s-4268B": 1760711450.6457124,
    "../results/pref_l2/ip_stride/exp3_lru_drrip/620.omnetpp_s-141B": 1760711450.6457124,
    "../results/pref_l2/ip_stride/exp3_lru_drrip/620.omnetpp_s-874B": 1760711450.6457124,
    "../results/pref_l2/ip_stride/exp3_lru_drrip/621.wrf_s-6673B": 1760711450.6457124,
    "../results/pref_l2/ip_stride/exp3_lru_drrip/621.wrf_s-8065B": 1760711450.6457124,
    "../results/pref_l2/ip_stride/exp3_lru_drrip/623.xalancbmk_s-10B": 1760711450.6457124,
    "../results/pref_l2/ip_stride/exp3_lru_drrip/623.xalancbmk_s-165B": 1760711450.6457124,
    "../results/pref_l2/ip_stride/exp3_lru_drrip/623.xalancbmk_s-202B": 1760711450.6457124,
    "../results/pref_l2/ip_stride/exp3_lru_drrip/625.x264_s-20B": 1760711450.6457124,
    "../results/pref_l2/ip_stride/exp3_lru_drrip/627.cam4_s-490B": 1760711450.6457124,
    "../results/pref_l2/ip_stride/exp3_lru_drrip/628.pop2_s-17B": 1760711450.6457124,
    "../results/pref_l2/ip_stride/exp3_lru_drrip/649.fotonik3d_s-10881B": 1760711450.6457124,
    "../results/pref_l2/ip_stride/exp3_lru_drrip/649.fotonik3d_s-1176B": 1760711450.6457124,
    "../results/pref_l2/ip_stride/exp3_lru_drrip/649.fotonik3d_s-7084B": 1760711450.6457124,
    "../results/pref_l2/ip_stride/exp3_lru_drrip/649.fotonik3d_s-8225B": 1760711450.6457124,
    "../results/pref_l2/ip_stride/exp3_lru_drrip/654.roms_s-1007B": 1760711450.6457124,
    "../results/pref_l2/ip_stride/exp3_lru_drrip/654.roms_s-1070B": 1760711450.6457124,
    "../results/pref_l2/ip_stride/exp3_lru_drrip/654.roms_s-1390B": 1760711450.6457124,
    "../results/pref_l2/ip_stride/exp3_lru_drrip/654.roms_s-293B": 1760711450.6457124,
    "../results/pref_l2/ip_stride/exp3_lru_drrip/654.roms_s-294B": 1760711450.6457124,
    "../results/pref_l2/ip_stride/exp3_lru_drrip/654.roms_s-523B": 1760711450.6457124,
    "../results/pref_l2/ip_stride/exp3_lru_drrip/657.xz_s-2302B": 1760711450.6457124,
    "../results/pref_l2/ip_stride/exp4_lru_hawkeye/600.perlbench_s-570B": 1760711450.6457124,
    "../results/pref_l2/ip_stride/exp4_lru_hawkeye/602.gcc_s-1850B": 1760711450.6457124,
    "../results/pref_l2/ip_stride/exp4_lru_hawkeye/602.gcc_s-2226B": 1760711450.6457124,
    "../results/pref_l2/ip_stride/exp4_lru_hawkeye/602.gcc_s-734B": 1760711450.6457124,
    "../results/pref_l2/ip_stride/exp4_lru_hawkeye/603.bwaves_s-1740B": 1760711450.6457124,
    "../results/pref_l2/ip_stride/exp4_lru_hawkeye/603.bwaves_s-2609B": 1760711450.6467125,
    "../results/pref_l2/ip_stride/exp4_lru_hawkeye/603.bwaves_s-2931B": 1760711450.6467125,
    "../results/pref_l2/ip_stride/exp4_lru_hawkeye/603.bwaves_s-891B": 1760711450.6467125,
    "../results/pref_l2/ip_stride/exp4_lru_hawkeye/605.mcf_s-1152B": 1760711450.6467125,
    "../results/pref_l2/ip_stride/exp4_lru_hawkeye/605.mcf_s-1536B": 1760711450.6467125,
    "../results/pref_l2/ip_stride/exp4_lru_hawkeye/605.mcf_s-1554B": 1760711450.6467125,
    "../results/pref_l2/ip_stride/exp4_lru_hawkeye/605.mcf_s-1644B": 1760711450.6467125,
    "../results/pref_l2/ip_stride/exp4_lru_hawkeye/605.mcf_s-472B": 1760711450.6467125,
    "../results/pref_l2/ip_stride/exp4_lru_hawkeye/605.mcf_s-484B": 1760711450.6467125,
    "../results/pref_l2/ip_stride/exp4_lru_hawkeye/605.mcf_s-665B": 1760711450.6467125,
    "../results/pref_l2/ip_stride/exp4_lru_hawkeye/605.mcf_s-782B": 1760711450.6467125,
    "../results/pref_l2/ip_stride/exp4_lru_hawkeye/605.mcf_s-994B": 1760711450.6467125,
    "../results/pref_l2/ip_stride/exp4_lru_hawkeye/607.cactuBSSN_s-2421B": 1760711450.6467125,
    "../results/pref_l2/ip_stride/exp4_lru_hawkeye/607.cactuBSSN_s-3477B": 1760711450.6467125,
    "../results/pref_l2/ip_stride/exp4_lru_hawkeye/607.cactuBSSN_s-4004B": 1760711450.6467125,
    "../results/pref_l2/ip_stride/exp4_lru_hawkeye/619.lbm_s-2676B": 1760711450.6467125,
    "../results/pref_l2/ip_stride/exp4_lru_hawkeye/619.lbm_s-2677B": 1760711450.6467125,
    "../results/pref_l2/ip_stride/exp4_lru_hawkeye/619.lbm_s-3766B": 1760711450.6467125,
    "../results/pref_l2/ip_stride/exp4_lru_hawkeye/619.lbm_s-4268B": 1760711450.6467125,
    "../results/pref_l2/ip_stride/exp4_lru_hawkeye/620.omnetpp_s-141B": 1760711450.6467125,
    "../results/pref_l2/ip_stride/exp4_lru_hawkeye/620.omnetpp_s-874B": 1760711450.6467125,
    "../results/pref_l2/ip_stride/exp4_lru_hawkeye/621.wrf_s-6673B": 1760711450.6467125,
    "../results/pref_l2/ip_stride/exp4_lru_hawkeye/621.wrf_s-8065B": 1760711450.6467125,
    "../results/pref_l2/ip_stride/exp4_lru_hawkeye/623.xalancbmk_s-10B": 1760711450.6467125,
    "../results/pref_l2/ip_stride/exp4_lru_hawkeye/623.xalancbmk_s-165B": 1760711450.6467125,
    "../results/pref_l2/ip_stride/exp4_lru_hawkeye/623.xalancbmk_s-202B": 1760711450.6467125,
    "../results/pref_l2/ip_stride/exp4_lru_hawkeye/625.x264_s-20B": 1760711450.6467125,
    "../results/pref_l2/ip_stride/exp4_lru_hawkeye/627.cam4_s-490B": 1760711450.6467125,
    "../results/pref_l2/ip_stride/exp4_lru_hawkeye/628.pop2_s-17B": 1760711450.6467125,
    "../results/pref_l2/ip_stride/exp4_lru_hawkeye/649.fotonik3d_s-10881B": 1760711450.6467125,
    "../results/pref_l2/ip_stride/exp4_lru_hawkeye/649.fotonik3d_s-1176B": 1760711450.6467125,
    "../results/pref_l2/ip_stride/exp4_lru_hawkeye/649.fotonik3d_s-7084B": 1760711450.6467125,
    "../results/pref_l2/ip_stride/exp4_lru_hawkeye/649.fotonik3d_s-8225B": 1760711450.6467125,
    "../results/pref_l2/ip_stride/exp4_lru_hawkeye/654.roms_s-1007B": 1760711450.6467125,
    "../results/pref_l2/ip_stride/exp4_lru_hawkeye/654.roms_s-1070B": 1760711450.6467125,
    "../results/pref_l2/ip_stride/exp4_lru_hawkeye/654.roms_s-1390B": 1760711450.6467125,
    "../results/pref_l2/ip_stride/exp4_lru_hawkeye/654.roms_s-293B": 1760711450.6467125,
    "../results/pref_l2/ip_stride/exp4_lru_hawkeye/654.roms_s-294B": 1760711450.6467125,
    "../results/pref_l2/ip_stride/exp4_lru_hawkeye/654.roms_s-523B": 1760711450.6467125,
    "../results/pref_l2/ip_stride/exp4_lru_hawkeye/657.xz_s-2302B": 1760711450.6467125,
    "../results/pref_l2/ip_stride/exp2_lru_srrip/600.perlbench_s-570B": 1760711450.6437125,
    "../results/pref_l2/ip_stride/exp2_lru_srrip/602.gcc_s-1850B": 1760711450.6437125,
    "../results/pref_l2/ip_stride/exp2_lru_srrip/602.gcc_s-2226B": 1760711450.6437125,
    "../results/pref_l2/ip_stride/exp2_lru_srrip/602.gcc_s-734B": 1760711450.6437125,
    "../results/pref_l2/ip_stride/exp2_lru_srrip/603.bwaves_s-1740B": 1760711450.6447124,
    "../results/pref_l2/ip_stride/exp2_lru_srrip/603.bwaves_s-2609B": 1760711450.6447124,
    "../results/pref_l2/ip_stride/exp2_lru_srrip/603.bwaves_s-2931B": 1760711450.6447124,
    "../results/pref_l2/ip_stride/exp2_lru_srrip/603.bwaves_s-891B": 1760711450.6447124,
    "../results/pref_l2/ip_stride/exp2_lru_srrip/605.mcf_s-1152B": 1760711450.6447124,
    "../results/pref_l2/ip_stride/exp2_lru_srrip/605.mcf_s-1536B": 1760711450.6447124,
    "../results/pref_l2/ip_stride/exp2_lru_srrip/605.mcf_s-1554B": 1760711450.6447124,
    "../results/pref_l2/ip_stride/exp2_lru_srrip/605.mcf_s-1644B": 1760711450.6447124,
    "../results/pref_l2/ip_stride/exp2_lru_srrip/605.mcf_s-472B": 1760711450.6447124,
    "../results/pref_l2/ip_stride/exp2_lru_srrip/605.mcf_s-484B": 1760711450.6447124,
    "../results/pref_l2/ip_stride/exp2_lru_srrip/605.mcf_s-665B": 1760711450.6447124,
    "../results/pref_l2/ip_stride/exp2_lru_srrip/605.mcf_s-782B": 1760711450.6447124,
    "../results/pref_l2/ip_stride/exp2_lru_srrip/605.mcf_s-994B": 1760711450.6447124,
    "../results/pref_l2/ip_stride/exp2_lru_srrip/607.cactuBSSN_s-2421B": 1760711450.6447124,
    "../results/pref_l2/ip_stride/exp2_lru_srrip/607.cactuBSSN_s-3477B": 1760711450.6447124,
    "../results/pref_l2/ip_stride/exp2_lru_srrip/607.cactuBSSN_s-4004B": 1760711450.6447124,
    "../results/pref_l2/ip_stride/exp2_lru_srrip/619.lbm_s-2676B": 1760711450.6447124,
    "../results/pref_l2/ip_stride/exp2_lru_srrip/619.lbm_s-2677B": 1760711450.6447124,
    "../results/pref_l2/ip_stride/exp2_lru_srrip/619.lbm_s-3766B": 1760711450.6447124,
    "../results/pref_l2/ip_stride/exp2_lru_srrip/619.lbm_s-4268B": 1760711450.6447124,
    "../results/pref_l2/ip_stride/exp2_lru_srrip/620.omnetpp_s-141B": 1760711450.6447124,
    "../results/pref_l2/ip_stride/exp2_lru_srrip/620.omnetpp_s-874B": 1760711450.6447124,
    "../results/pref_l2/ip_stride/exp2_lru_srrip/621.wrf_s-6673B": 1760711450.6447124,
    "../results/pref_l2/ip_stride/exp2_lru_srrip/621.wrf_s-8065B": 1760711450.6447124,
    "../results/pref_l2/ip_stride/exp2_lru_srrip/623.xalancbmk_s-10B": 1760711450.6447124,
    "../results/pref_l2/ip_stride/exp2_lru_srrip/623.xalancbmk_s-165B": 1760711450.6447124,
    "../results/pref_l2/ip_stride/exp2_lru_srrip/623.xalancbmk_s-202B": 1760711450.6447124,
    "../results/pref_l2/ip_stride/exp2_lru_srrip/625.x264_s-20B": 1760711450.6447124,
    "../results/pref_l2/ip_stride/exp2_lru_srrip/627.cam4_s-490B": 1760711450.6447124,
    "../results/pref_l2/ip_stride/exp2_lru_srrip/628.pop2_s-17B": 1760711450.6447124,
    "../results/pref_l2/ip_stride/exp2_lru_srrip/649.fotonik3d_s-10881B": 1760711450.6447124,
    "../results/pref_l2/ip_stride/exp2_lru_srrip/649.fotonik3d_s-1176B": 1760711450.6447124,
    "../results/pref_l2/ip_stride/exp2_lru_srrip/649.fotonik3d_s-7084B": 1760711450.6447124,
    "../results/pref_l2/ip_stride/exp2_lru_srrip/649.fotonik3d_s-8225B": 1760711450.6447124,
    "../results/pref_l2/ip_stride/exp2_lru_srrip/654.roms_s-1007B": 1760711450.6447124,
    "../results/pref_l2/ip_stride/exp2_lru_srrip/654.roms_s-1070B": 1760711450.6447124,
    "../results/pref_l2/ip_stride/exp2_lru_srrip/654.roms_s-1390B": 1760711450.6447124,
    "../results/pref_l2/ip_stride/exp2_lru_srrip/654.roms_s-293B": 1760711450.6447124,
    "../results/pref_l2/ip_stride/exp2_lru_srrip/654.roms_s-294B": 1760711450.6447124,
    "../results/pref_l2/ip_stride/exp2_lru_srrip/654.roms_s-523B": 1760711450.6447124,
    "../results/pref_l2/ip_stride/exp2_lru_srrip/657.xz_s-2302B": 1760711450.6447124,
    "../results/pref_l2/ip_stride/exp5_lru_ship/600.perlbench_s-570B": 1760711450.6467125,
    "../results/pref_l2/ip_stride/exp5_lru_ship/602.gcc_s-1850B": 1760711450.6467125,
    "../results/pref_l2/ip_stride/exp5_lru_ship/602.gcc_s-2226B": 1760711450.6467125,
    "../results/pref_l2/ip_stride/exp5_lru_ship/602.gcc_s-734B": 1760711450.6477125,
    "../results/pref_l2/ip_stride/exp5_lru_ship/603.bwaves_s-1740B": 1760711450.6477125,
    "../results/pref_l2/ip_stride/exp5_lru_ship/603.bwaves_s-2609B": 1760711450.6477125,
    "../results/pref_l2/ip_stride/exp5_lru_ship/603.bwaves_s-2931B": 1760711450.6477125,
    "../results/pref_l2/ip_stride/exp5_lru_ship/603.bwaves_s-891B": 1760711450.6477125,
    "../results/pref_l2/ip_stride/exp5_lru_ship/605.mcf_s-1152B": 1760711450.6477125,
    "../results/pref_l2/ip_stride/exp5_lru_ship/605.mcf_s-1536B": 1760711450.6477125,
    "../results/pref_l2/ip_stride/exp5_lru_ship/605.mcf_s-1554B": 1760711450.6477125,
    "../results/pref_l2/ip_stride/exp5_lru_ship/605.mcf_s-1644B": 1760711450.6477125,
    "../results/pref_l2/ip_stride/exp5_lru_ship/605.mcf_s-472B": 1760711450.6477125,
    "../results/pref_l2/ip_stride/exp5_lru_ship/605.mcf_s-484B": 1760711450.6477125,
    "../results/pref_l2/ip_stride/exp5_lru_ship/605.mcf_s-665B": 1760711450.6477125,
    "../results/pref_l2/ip_stride/exp5_lru_ship/605.mcf_s-782B": 1760711450.6477125,
    "../results/pref_l2/ip_stride/exp5_lru_ship/605.mcf_s-994B": 1760711450.6477125,
    "../results/pref_l2/ip_stride/exp5_lru_ship/607.cactuBSSN_s-2421B": 1760711450.6477125,
    "../results/pref_l2/ip_stride/exp5_lru_ship/607.cactuBSSN_s-3477B": 1760711450.6477125,
    "../results/pref_l2/ip_stride/exp5_lru_ship/607.cactuBSSN_s-4004B": 1760711450.6477125,
    "../results/pref_l2/ip_stride/exp5_lru_ship/619.lbm_s-2676B": 1760711450.6477125,
    "../results/pref_l2/ip_stride/exp5_lru_ship/619.lbm_s-2677B": 1760711450.6477125,
    "../results/pref_l2/ip_stride/exp5_lru_ship/619.lbm_s-3766B": 1760711450.6477125,
    "../results/pref_l2/ip_stride/exp5_lru_ship/619.lbm_s-4268B": 1760711450.6477125,
    "../results/pref_l2/ip_stride/exp5_lru_ship/620.omnetpp_s-141B": 1760711450.6477125,
    "../results/pref_l2/ip_stride/exp5_lru_ship/620.omnetpp_s-874B": 1760711450.6477125,
    "../results/pref_l2/ip_stride/exp5_lru_ship/621.wrf_s-6673B": 1760711450.6477125,
    "../results/pref_l2/ip_stride/exp5_lru_ship/621.wrf_s-8065B": 1760711450.6477125,
    "../results/pref_l2/ip_stride/exp5_lru_ship/623.xalancbmk_s-10B": 1760711450.6477125,
    "../results/pref_l2/ip_stride/exp5_lru_ship/623.xalancbmk_s-165B": 1760711450.6477125,
    "../results/pref_l2/ip_stride/exp5_lru_ship/623.xalancbmk_s-202B": 1760711450.6477125,
    "../results/pref_l2/ip_stride/exp5_lru_ship/625.x264_s-20B": 1760711450.6477125,
    "../results/pref_l2/ip_stride/exp5_lru_ship/627.cam4_s-490B": 1760711450.6477125,
    "../results/pref_l2/ip_stride/exp5_lru_ship/628.pop2_s-17B": 1760711450.6477125,
    "../results/pref_l2/ip_stride/exp5_lru_ship/649.fotonik3d_s-10881B": 1760711450.6477125,
    "../results/pref_l2/ip_stride/exp5_lru_ship/649.fotonik3d_s-1176B": 1760711450.6477125,
    "../results/pref_l2/ip_stride/exp5_lru_ship/649.fotonik3d_s-7084B": 1760711450.6477125,
    "../results/pref_l2/ip_stride/exp5_lru_ship/649.fotonik3d_s-8225B": 1760711450.6477125,
    "../results/pref_l2/ip_stride/exp5_lru_ship/654.roms_s-1007B": 1760711450.6487124,
    "../results/pref_l2/ip_stride/exp5_lru_ship/654.roms_s-1070B": 1760711450.6487124,
    "../results/pref_l2/ip_stride/exp5_lru_ship/654.roms_s-1390B": 1760711450.6487124,
    "../results/pref_l2/ip_stride/exp5_lru_ship/654.roms_s-293B": 1760711450.6487124,
    "../results/pref_l2/ip_stride/exp5_lru_ship/654.roms_s-294B": 1760711450.6487124,
    "../results/pref_l2/ip_stride/exp5_lru_ship/654.roms_s-523B": 1760711450.6487124,
    "../results/pref_l2/ip_stride/exp5_lru_ship/657.xz_s-2302B": 1760711450.6487124,
    "../results/pref_l2/ip_stride/exp9_srrip_srrip/600.perlbench_s-570B": 1760711450.6517124,
    "../results/pref_l2/ip_stride/exp9_srrip_srrip/602.gcc_s-1850B": 1760711450.6517124,
    "../results/pref_l2/ip_stride/exp9_srrip_srrip/602.gcc_s-2226B": 1760711450.6517124,
    "../results/pref_l2/ip_stride/exp9_srrip_srrip/602.gcc_s-734B": 1760711450.6517124,
    "../results/pref_l2/ip_stride/exp9_srrip_srrip/603.bwaves_s-1740B": 1760711450.6517124,
    "../results/pref_l2/ip_stride/exp9_srrip_srrip/603.bwaves_s-2609B": 1760711450.6517124,
    "../results/pref_l2/ip_stride/exp9_srrip_srrip/603.bwaves_s-2931B": 1760711450.6517124,
    "../results/pref_l2/ip_stride/exp9_srrip_srrip/603.bwaves_s-891B": 1760711450.6517124,
    "../results/pref_l2/ip_stride/exp9_srrip_srrip/605.mcf_s-1152B": 1760711450.6517124,
    "../results/pref_l2/ip_stride/exp9_srrip_srrip/605.mcf_s-1536B": 1760711450.6517124,
    "../results/pref_l2/ip_stride/exp9_srrip_srrip/605.mcf_s-1554B": 1760711450.6517124,
    "../results/pref_l2/ip_stride/exp9_srrip_srrip/605.mcf_s-1644B": 1760711450.6517124,
    "../results/pref_l2/ip_stride/exp9_srrip_srrip/605.mcf_s-472B": 1760711450.6517124,
    "../results/pref_l2/ip_stride/exp9_srrip_srrip/605.mcf_s-484B": 1760711450.6517124,
    "../results/pref_l2/ip_stride/exp9_srrip_srrip/605.mcf_s-665B": 1760711450.6517124,
    "../results/pref_l2/ip_stride/exp9_srrip_srrip/605.mcf_s-782B": 1760711450.6517124,
    "../results/pref_l2/ip_stride/exp9_srrip_srrip/605.mcf_s-994B": 1760711450.6517124,
    "../results/pref_l2/ip_stride/exp9_srrip_srrip/607.cactuBSSN_s-2421B": 1760711450.6517124,
    "../results/pref_l2/ip_stride/exp9_srrip_srrip/607.cactuBSSN_s-3477B": 1760711450.6517124,
    "../results/pref_l2/ip_stride/exp9_srrip_srrip/607.cactuBSSN_s-4004B": 1760711450.6517124,
    "../results/pref_l2/ip_stride/exp9_srrip_srrip/619.lbm_s-2676B": 1760711450.6517124,
    "../results/pref_l2/ip_stride/exp9_srrip_srrip/619.lbm_s-2677B": 1760711450.6517124,
    "../results/pref_l2/ip_stride/exp9_srrip_srrip/619.lbm_s-3766B": 1760711450.6517124,
    "../results/pref_l2/ip_stride/exp9_srrip_srrip/619.lbm_s-4268B": 1760711450.6517124,
    "../results/pref_l2/ip_stride/exp9_srrip_srrip/620.omnetpp_s-141B": 1760711450.6517124,
    "../results/pref_l2/ip_stride/exp9_srrip_srrip/620.omnetpp_s-874B": 1760711450.6517124,
    "../results/pref_l2/ip_stride/exp9_srrip_srrip/621.wrf_s-6673B": 1760711450.6517124,
    "../results/pref_l2/ip_stride/exp9_srrip_srrip/621.wrf_s-8065B": 1760711450.6517124,
    "../results/pref_l2/ip_stride/exp9_srrip_srrip/623.xalancbmk_s-10B": 1760711450.6517124,
    "../results/pref_l2/ip_stride/exp9_srrip_srrip/623.xalancbmk_s-165B": 1760711450.6517124,
    "../results/pref_l2/ip_stride/exp9_srrip_srrip/623.xalancbmk_s-202B": 1760711450.6517124,
    "../results/pref_l2/ip_stride/exp9_srrip_srrip/625.x264_s-20B": 1760711450.6517124,
    "../results/pref_l2/ip_stride/exp9_srrip_srrip/627.cam4_s-490B": 1760711450.6517124,
    "../results/pref_l2/ip_stride/exp9_srrip_srrip/628.pop2_s-17B": 1760711450.6527126,
    "../results/pref_l2/ip_stride/exp9_srrip_srrip/649.fotonik3d_s-10881B": 1760711450.6527126,
    "../results/pref_l2/ip_stride/exp9_srrip_srrip/649.fotonik3d_s-1176B": 1760711450.6527126,
    "../results/pref_l2/ip_stride/exp9_srrip_srrip/649.fotonik3d_s-7084B": 1760711450.6527126,
    "../results/pref_l2/ip_stride/exp9_srrip_srrip/649.fotonik3d_s-8225B": 1760711450.6527126,
    "../results/pref_l2/ip_stride/exp9_srrip_srrip/654.roms_s-1007B": 1760711450.6527126,
    "../results/pref_l2/ip_stride/exp9_srrip_srrip/654.roms_s-1070B": 1760711450.6527126,
    "../results/pref_l2/ip_stride/exp9_srrip_srrip/654.roms_s-1390B": 1760711450.6527126,
    "../results/pref_l2/ip_stride/exp9_srrip_srrip/654.roms_s-293B": 1760711450.6527126,
    "../results/pref_l2/ip_stride/exp9_srrip_srrip/654.roms_s-294B": 1760711450.6527126,
    "../results/pref_l2/ip_stride/exp9_srrip_srrip/654.roms_s-523B": 1760711450.6527126,
    "../results/pref_l2/ip_stride/exp9_srrip_srrip/657.xz_s-2302B": 1760711450.6527126,
    "../results/pref_l2/ip_stride/exp8_srrip_lru/600.perlbench_s-570B": 1760711450.6507125,
    "../results/pref_l2/ip_stride/exp8_srrip_lru/602.gcc_s-1850B": 1760711450.6507125,
    "../results/pref_l2/ip_stride/exp8_srrip_lru/602.gcc_s-2226B": 1760711450.6507125,
    "../results/pref_l2/ip_stride/exp8_srrip_lru/602.gcc_s-734B": 1760711450.6507125,
    "../results/pref_l2/ip_stride/exp8_srrip_lru/603.bwaves_s-1740B": 1760711450.6507125,
    "../results/pref_l2/ip_stride/exp8_srrip_lru/603.bwaves_s-2609B": 1760711450.6507125,
    "../results/pref_l2/ip_stride/exp8_srrip_lru/603.bwaves_s-2931B": 1760711450.6507125,
    "../results/pref_l2/ip_stride/exp8_srrip_lru/603.bwaves_s-891B": 1760711450.6507125,
    "../results/pref_l2/ip_stride/exp8_srrip_lru/605.mcf_s-1152B": 1760711450.6507125,
    "../results/pref_l2/ip_stride/exp8_srrip_lru/605.mcf_s-1536B": 1760711450.6507125,
    "../results/pref_l2/ip_stride/exp8_srrip_lru/605.mcf_s-1554B": 1760711450.6507125,
    "../results/pref_l2/ip_stride/exp8_srrip_lru/605.mcf_s-1644B": 1760711450.6507125,
    "../results/pref_l2/ip_stride/exp8_srrip_lru/605.mcf_s-472B": 1760711450.6507125,
    "../results/pref_l2/ip_stride/exp8_srrip_lru/605.mcf_s-484B": 1760711450.6507125,
    "../results/pref_l2/ip_stride/exp8_srrip_lru/605.mcf_s-665B": 1760711450.6507125,
    "../results/pref_l2/ip_stride/exp8_srrip_lru/605.mcf_s-782B": 1760711450.6507125,
    "../results/pref_l2/ip_stride/exp8_srrip_lru/605.mcf_s-994B": 1760711450.6507125,
    "../results/pref_l2/ip_stride/exp8_srrip_lru/607.cactuBSSN_s-2421B": 1760711450.6507125,
    "../results/pref_l2/ip_stride/exp8_srrip_lru/607.cactuBSSN_s-3477B": 1760711450.6507125,
    "../results/pref_l2/ip_stride/exp8_srrip_lru/607.cactuBSSN_s-4004B": 1760711450.6507125,
    "../results/pref_l2/ip_stride/exp8_srrip_lru/619.lbm_s-2676B": 1760711450.6507125,
    "../results/pref_l2/ip_stride/exp8_srrip_lru/619.lbm_s-2677B": 1760711450.6507125,
    "../results/pref_l2/ip_stride/exp8_srrip_lru/619.lbm_s-3766B": 1760711450.6507125,
    "../results/pref_l2/ip_stride/exp8_srrip_lru/619.lbm_s-4268B": 1760711450.6507125,
    "../results/pref_l2/ip_stride/exp8_srrip_lru/620.omnetpp_s-141B": 1760711450.6507125,
    "../results/pref_l2/ip_stride/exp8_srrip_lru/620.omnetpp_s-874B": 1760711450.6507125,
    "../results/pref_l2/ip_stride/exp8_srrip_lru/621.wrf_s-6673B": 1760711450.6507125,
    "../results/pref_l2/ip_stride/exp8_srrip_lru/621.wrf_s-8065B": 1760711450.6507125,
    "../results/pref_l2/ip_stride/exp8_srrip_lru/623.xalancbmk_s-10B": 1760711450.6507125,
    "../results/pref_l2/ip_stride/exp8_srrip_lru/623.xalancbmk_s-165B": 1760711450.6507125,
    "../results/pref_l2/ip_stride/exp8_srrip_lru/623.xalancbmk_s-202B": 1760711450.6507125,
    "../results/pref_l2/ip_stride/exp8_srrip_lru/625.x264_s-20B": 1760711450.6507125,
    "../results/pref_l2/ip_stride/exp8_srrip_lru/627.cam4_s-490B": 1760711450.6507125,
    "../results/pref_l2/ip_stride/exp8_srrip_lru/628.pop2_s-17B": 1760711450.6507125,
    "../results/pref_l2/ip_stride/exp8_srrip_lru/649.fotonik3d_s-10881B": 1760711450.6507125,
    "../results/pref_l2/ip_stride/exp8_srrip_lru/649.fotonik3d_s-1176B": 1760711450.6517124,
    "../results/pref_l2/ip_stride/exp8_srrip_lru/649.fotonik3d_s-7084B": 1760711450.6517124,
    "../results/pref_l2/ip_stride/exp8_srrip_lru/649.fotonik3d_s-8225B": 1760711450.6517124,
    "../results/pref_l2/ip_stride/exp8_srrip_lru/654.roms_s-1007B": 1760711450.6517124,
    "../results/pref_l2/ip_stride/exp8_srrip_lru/654.roms_s-1070B": 1760711450.6517124,
    "../results/pref_l2/ip_stride/exp8_srrip_lru/654.roms_s-1390B": 1760711450.6517124,
    "../results/pref_l2/ip_stride/exp8_srrip_lru/654.roms_s-293B": 1760711450.6517124,
    "../results/pref_l2/ip_stride/exp8_srrip_lru/654.roms_s-294B": 1760711450.6517124,
    "../results/pref_l2/ip_stride/exp8_srrip_lru/654.roms_s-523B": 1760711450.6517124,
    "../results/pref_l2/ip_stride/exp8_srrip_lru/657.xz_s-2302B": 1760711450.6517124,
    "../results/pref_l2/ip_stride/exp6_lru_ship++/600.perlbench_s-570B": 1760711450.6487124,
    "../results/pref_l2/ip_stride/exp6_lru_ship++/602.gcc_s-1850B": 1760711450.6487124,
    "../results/pref_l2/ip_stride/exp6_lru_ship++/602.gcc_s-2226B": 1760711450.6487124,
    "../results/pref_l2/ip_stride/exp6_lru_ship++/602.gcc_s-734B": 1760711450.6487124,
    "../results/pref_l2/ip_stride/exp6_lru_ship++/603.bwaves_s-1740B": 1760711450.6487124,
    "../results/pref_l2/ip_stride/exp6_lru_ship++/603.bwaves_s-2609B": 1760711450.6487124,
    "../results/pref_l2/ip_stride/exp6_lru_ship++/603.bwaves_s-2931B": 1760711450.6487124,
    "../results/pref_l2/ip_stride/exp6_lru_ship++/603.bwaves_s-891B": 1760711450.6487124,
    "../results/pref_l2/ip_stride/exp6_lru_ship++/605.mcf_s-1152B": 1760711450.6487124,
    "../results/pref_l2/ip_stride/exp6_lru_ship++/605.mcf_s-1536B": 1760711450.6487124,
    "../results/pref_l2/ip_stride/exp6_lru_ship++/605.mcf_s-1554B": 1760711450.6487124,
    "../results/pref_l2/ip_stride/exp6_lru_ship++/605.mcf_s-1644B": 1760711450.6487124,
    "../results/pref_l2/ip_stride/exp6_lru_ship++/605.mcf_s-472B": 1760711450.6487124,
    "../results/pref_l2/ip_stride/exp6_lru_ship++/605.mcf_s-484B": 1760711450.6487124,
    "../results/pref_l2/ip_stride/exp6_lru_ship++/605.mcf_s-665B": 1760711450.6487124,
    "../results/pref_l2/ip_stride/exp6_lru_ship++/605.mcf_s-782B": 1760711450.6487124,
    "../results/pref_l2/ip_stride/exp6_lru_ship++/605.mcf_s-994B": 1760711450.6487124,
    "../results/pref_l2/ip_stride/exp6_lru_ship++/607.cactuBSSN_s-2421B": 1760711450.6487124,
    "../results/pref_l2/ip_stride/exp6_lru_ship++/607.cactuBSSN_s-3477B": 1760711450.6487124,
    "../results/pref_l2/ip_stride/exp6_lru_ship++/607.cactuBSSN_s-4004B": 1760711450.6487124,
    "../results/pref_l2/ip_stride/exp6_lru_ship++/619.lbm_s-2676B": 1760711450.6487124,
    "../results/pref_l2/ip_stride/exp6_lru_ship++/619.lbm_s-2677B": 1760711450.6487124,
    "../results/pref_l2/ip_stride/exp6_lru_ship++/619.lbm_s-3766B": 1760711450.6487124,
    "../results/pref_l2/ip_stride/exp6_lru_ship++/619.lbm_s-4268B": 1760711450.6487124,
    "../results/pref_l2/ip_stride/exp6_lru_ship++/620.omnetpp_s-141B": 1760711450.6487124,
    "../results/pref_l2/ip_stride/exp6_lru_ship++/620.omnetpp_s-874B": 1760711450.6487124,
    "../results/pref_l2/ip_stride/exp6_lru_ship++/621.wrf_s-6673B": 1760711450.6487124,
    "../results/pref_l2/ip_stride/exp6_lru_ship++/621.wrf_s-8065B": 1760711450.6487124,
    "../results/pref_l2/ip_stride/exp6_lru_ship++/623.xalancbmk_s-10B": 1760711450.6487124,
    "../results/pref_l2/ip_stride/exp6_lru_ship++/623.xalancbmk_s-165B": 1760711450.6487124,
    "../results/pref_l2/ip_stride/exp6_lru_ship++/623.xalancbmk_s-202B": 1760711450.6487124,
    "../results/pref_l2/ip_stride/exp6_lru_ship++/625.x264_s-20B": 1760711450.6487124,
    "../results/pref_l2/ip_stride/exp6_lru_ship++/627.cam4_s-490B": 1760711450.6487124,
    "../results/pref_l2/ip_stride/exp6_lru_ship++/628.pop2_s-17B": 1760711450.6487124,
    "../results/pref_l2/ip_stride/exp6_lru_ship++/649.fotonik3d_s-10881B": 1760711450.6487124,
    "../results/pref_l2/ip_stride/exp6_lru_ship++/649.fotonik3d_s-1176B": 1760711450.6497126,
    "../results/pref_l2/ip_stride/exp6_lru_ship++/649.fotonik3d_s-7084B": 1760711450.6497126,
    "../results/pref_l2/ip_stride/exp6_lru_ship++/649.fotonik3d_s-8225B": 1760711450.6497126,
    "../results/pref_l2/ip_stride/exp6_lru_ship++/654.roms_s-1007B": 1760711450.6497126,
    "../results/pref_l2/ip_stride/exp6_lru_ship++/654.roms_s-1070B": 1760711450.6497126,
    "../results/pref_l2/ip_stride/exp6_lru_ship++/654.roms_s-1390B": 1760711450.6497126,
    "../results/pref_l2/ip_stride/exp6_lru_ship++/654.roms_s-293B": 1760711450.6497126,
    "../results/pref_l2/ip_stride/exp6_lru_ship++/654.roms_s-294B": 1760711450.6497126,
    "../results/pref_l2/ip_stride/exp6_lru_ship++/654.roms_s-523B": 1760711450.6497126,
    "../results/pref_l2/ip_stride/exp6_lru_ship++/657.xz_s-2302B": 1760711450.6497126,
    "../results/pref_l2/ip_stride/exp7_lru_mockingjay/600.perlbench_s-570B": 1760711450.6497126,
    "../results/pref_l2/ip_stride/exp7_lru_mockingjay/602.gcc_s-1850B": 1760711450.6497126,
    "../results/pref_l2/ip_stride/exp7_lru_mockingjay/602.gcc_s-2226B": 1760711450.6497126,
    "../results/pref_l2/ip_stride/exp7_lru_mockingjay/602.gcc_s-734B": 1760711450.6497126,
    "../results/pref_l2/ip_stride/exp7_lru_mockingjay/603.bwaves_s-1740B": 1760711450.6497126,
    "../results/pref_l2/ip_stride/exp7_lru_mockingjay/603.bwaves_s-2609B": 1760711450.6497126,
    "../results/pref_l2/ip_stride/exp7_lru_mockingjay/603.bwaves_s-2931B": 1760711450.6497126,
    "../results/pref_l2/ip_stride/exp7_lru_mockingjay/603.bwaves_s-891B": 1760711450.6497126,
    "../results/pref_l2/ip_stride/exp7_lru_mockingjay/605.mcf_s-1152B": 1760711450.6497126,
    "../results/pref_l2/ip_stride/exp7_lru_mockingjay/605.mcf_s-1536B": 1760711450.6497126,
    "../results/pref_l2/ip_stride/exp7_lru_mockingjay/605.mcf_s-1554B": 1760711450.6497126,
    "../results/pref_l2/ip_stride/exp7_lru_mockingjay/605.mcf_s-1644B": 1760711450.6497126,
    "../results/pref_l2/ip_stride/exp7_lru_mockingjay/605.mcf_s-472B": 1760711450.6497126,
    "../results/pref_l2/ip_stride/exp7_lru_mockingjay/605.mcf_s-484B": 1760711450.6497126,
    "../results/pref_l2/ip_stride/exp7_lru_mockingjay/605.mcf_s-665B": 1760711450.6497126,
    "../results/pref_l2/ip_stride/exp7_lru_mockingjay/605.mcf_s-782B": 1760711450.6497126,
    "../results/pref_l2/ip_stride/exp7_lru_mockingjay/605.mcf_s-994B": 1760711450.6497126,
    "../results/pref_l2/ip_stride/exp7_lru_mockingjay/607.cactuBSSN_s-2421B": 1760711450.6497126,
    "../results/pref_l2/ip_stride/exp7_lru_mockingjay/607.cactuBSSN_s-3477B": 1760711450.6497126,
    "../results/pref_l2/ip_stride/exp7_lru_mockingjay/607.cactuBSSN_s-4004B": 1760711450.6497126,
    "../results/pref_l2/ip_stride/exp7_lru_mockingjay/619.lbm_s-2676B": 1760711450.6497126,
    "../results/pref_l2/ip_stride/exp7_lru_mockingjay/619.lbm_s-2677B": 1760711450.6497126,
    "../results/pref_l2/ip_stride/exp7_lru_mockingjay/619.lbm_s-3766B": 1760711450.6497126,
    "../results/pref_l2/ip_stride/exp7_lru_mockingjay/619.lbm_s-4268B": 1760711450.6497126,
    "../results/pref_l2/ip_stride/exp7_lru_mockingjay/620.omnetpp_s-141B": 1760711450.6497126,
    "../results/pref_l2/ip_stride/exp7_lru_mockingjay/620.omnetpp_s-874B": 1760711450.6497126,
    "../results/pref_l2/ip_stride/exp7_lru_mockingjay/621.wrf_s-6673B": 1760711450.6497126,
    "../results/pref_l2/ip_stride/exp7_lru_mockingjay/621.wrf_s-8065B": 1760711450.6497126,
    "../results/pref_l2/ip_stride/exp7_lru_mockingjay/623.xalancbmk_s-10B": 1760711450.6497126,
    "../results/pref_l2/ip_stride/exp7_lru_mockingjay/623.xalancbmk_s-165B": 1760711450.6497126,
    "../results/pref_l2/ip_stride/exp7_lru_mockingjay/623.xalancbmk_s-202B": 1760711450.6497126,
    "../results/pref_l2/ip_stride/exp7_lru_mockingjay/625.x264_s-20B": 1760711450.6497126,
    "../results/pref_l2/ip_stride/exp7_lru_mockingjay/627.cam4_s-490B": 1760711450.6497126,
    "../results/pref_l2/ip_stride/exp7_lru_mockingjay/628.pop2_s-17B": 1760711450.6497126,
    "../results/pref_l2/ip_stride/exp7_lru_mockingjay/649.fotonik3d_s-10881B": 1760711450.6507125,
    "../results/pref_l2/ip_stride/exp7_lru_mockingjay/649.fotonik3d_s-1176B": 1760711450.6507125,
    "../results/pref_l2/ip_stride/exp7_lru_mockingjay/649.fotonik3d_s-7084B": 1760711450.6507125,
    "../results/pref_l2/ip_stride/exp7_lru_mockingjay/649.fotonik3d_s-8225B": 1760711450.6507125,
    "../results/pref_l2/ip_stride/exp7_lru_mockingjay/654.roms_s-1007B": 1760711450.6507125,
    "../results/pref_l2/ip_stride/exp7_lru_mockingjay/654.roms_s-1070B": 1760711450.6507125,
    "../results/pref_l2/ip_stride/exp7_lru_mockingjay/654.roms_s-1390B": 1760711450.6507125,
    "../results/pref_l2/ip_stride/exp7_lru_mockingjay/654.roms_s-293B": 1760711450.6507125,
    "../results/pref_l2/ip_stride/exp7_lru_mockingjay/654.roms_s-294B": 1760711450.6507125,
    "../results/pref_l2/ip_stride/exp7_lru_mockingjay/654.roms_s-523B": 1760711450.6507125,
    "../results/pref_l2/ip_stride/exp7_lru_mockingjay/657.xz_s-2302B": 1760711450.6507125,
    "../results/pref_l2/ip_stride/exp10_srrip_drrip/600.perlbench_s-570B": 1760711450.6377122,
    "../results/pref_l2/ip_stride/exp10_srrip_drrip/602.gcc_s-1850B": 1760711450.6377122,
    "../results/pref_l2/ip_stride/exp10_srrip_drrip/602.gcc_s-2226B": 1760711450.6377122,
    "../results/pref_l2/ip_stride/exp10_srrip_drrip/602.gcc_s-734B": 1760711450.6377122,
    "../results/pref_l2/ip_stride/exp10_srrip_drrip/603.bwaves_s-1740B": 1760711450.6377122,
    "../results/pref_l2/ip_stride/exp10_srrip_drrip/603.bwaves_s-2609B": 1760711450.6377122,
    "../results/pref_l2/ip_stride/exp10_srrip_drrip/603.bwaves_s-2931B": 1760711450.6377122,
    "../results/pref_l2/ip_stride/exp10_srrip_drrip/603.bwaves_s-891B": 1760711450.6377122,
    "../results/pref_l2/ip_stride/exp10_srrip_drrip/605.mcf_s-1152B": 1760711450.6377122,
    "../results/pref_l2/ip_stride/exp10_srrip_drrip/605.mcf_s-1536B": 1760711450.6377122,
    "../results/pref_l2/ip_stride/exp10_srrip_drrip/605.mcf_s-1554B": 1760711450.6377122,
    "../results/pref_l2/ip_stride/exp10_srrip_drrip/605.mcf_s-1644B": 1760711450.6377122,
    "../results/pref_l2/ip_stride/exp10_srrip_drrip/605.mcf_s-472B": 1760711450.6377122,
    "../results/pref_l2/ip_stride/exp10_srrip_drrip/605.mcf_s-484B": 1760711450.6377122,
    "../results/pref_l2/ip_stride/exp10_srrip_drrip/605.mcf_s-665B": 1760711450.6377122,
    "../results/pref_l2/ip_stride/exp10_srrip_drrip/605.mcf_s-782B": 1760711450.6377122,
    "../results/pref_l2/ip_stride/exp10_srrip_drrip/605.mcf_s-994B": 1760711450.6377122,
    "../results/pref_l2/ip_stride/exp10_srrip_drrip/607.cactuBSSN_s-2421B": 1760711450.6377122,
    "../results/pref_l2/ip_stride/exp10_srrip_drrip/607.cactuBSSN_s-3477B": 1760711450.6377122,
    "../results/pref_l2/ip_stride/exp10_srrip_drrip/607.cactuBSSN_s-4004B": 1760711450.6377122,
    "../results/pref_l2/ip_stride/exp10_srrip_drrip/619.lbm_s-2676B": 1760711450.6377122,
    "../results/pref_l2/ip_stride/exp10_srrip_drrip/619.lbm_s-2677B": 1760711450.6377122,
    "../results/pref_l2/ip_stride/exp10_srrip_drrip/619.lbm_s-3766B": 1760711450.6377122,
    "../results/pref_l2/ip_stride/exp10_srrip_drrip/619.lbm_s-4268B": 1760711450.6377122,
    "../results/pref_l2/ip_stride/exp10_srrip_drrip/620.omnetpp_s-141B": 1760711450.6377122,
    "../results/pref_l2/ip_stride/exp10_srrip_drrip/620.omnetpp_s-874B": 1760711450.6377122,
    "../results/pref_l2/ip_stride/exp10_srrip_drrip/621.wrf_s-6673B": 1760711450.6377122,
    "../results/pref_l2/ip_stride/exp10_srrip_drrip/621.wrf_s-8065B": 1760711450.6377122,
    "../results/pref_l2/ip_stride/exp10_srrip_drrip/623.xalancbmk_s-10B": 1760711450.6377122,
    "../results/pref_l2/ip_stride/exp10_srrip_drrip/623.xalancbmk_s-165B": 1760711450.6387124,
    "../results/pref_l2/ip_stride/exp10_srrip_drrip/623.xalancbmk_s-202B": 1760711450.6387124,
    "../results/pref_l2/ip_stride/exp10_srrip_drrip/625.x264_s-20B": 1760711450.6387124,
    "../results/pref_l2/ip_stride/exp10_srrip_drrip/627.cam4_s-490B": 1760711450.6387124,
    "../results/pref_l2/ip_stride/exp10_srrip_drrip/628.pop2_s-17B": 1760711450.6387124,
    "../results/pref_l2/ip_stride/exp10_srrip_drrip/649.fotonik3d_s-10881B": 1760711450.6387124,
    "../results/pref_l2/ip_stride/exp10_srrip_drrip/649.fotonik3d_s-1176B": 1760711450.6387124,
    "../results/pref_l2/ip_stride/exp10_srrip_drrip/649.fotonik3d_s-7084B": 1760711450.6387124,
    "../results/pref_l2/ip_stride/exp10_srrip_drrip/649.fotonik3d_s-8225B": 1760711450.6387124,
    "../results/pref_l2/ip_stride/exp10_srrip_drrip/654.roms_s-1007B": 1760711450.6387124,
    "../results/pref_l2/ip_stride/exp10_srrip_drrip/654.roms_s-1070B": 1760711450.6387124,
    "../results/pref_l2/ip_stride/exp10_srrip_drrip/654.roms_s-1390B": 1760711450.6387124,
    "../results/pref_l2/ip_stride/exp10_srrip_drrip/654.roms_s-293B": 1760711450.6387124,
    "../results/pref_l2/ip_stride/exp10_srrip_drrip/654.roms_s-294B": 1760711450.6387124,
    "../results/pref_l2/ip_stride/exp10_srrip_drrip/654.roms_s-523B": 1760711450.6387124,
    "../results/pref_l2/ip_stride/exp10_srrip_drrip/657.xz_s-2302B": 1760711450.6387124,
    "../results/pref_l2/ipcp_isca/exp12_srrip_ship/600.perlbench_s-570B": 1760711450.6547124,
    "../results/pref_l2/ipcp_isca/exp12_srrip_ship/602.gcc_s-1850B": 1760711450.6547124,
    "../results/pref_l2/ipcp_isca/exp12_srrip_ship/602.gcc_s-2226B": 1760711450.6547124,
    "../results/pref_l2/ipcp_isca/exp12_srrip_ship/602.gcc_s-734B": 1760711450.6547124,
    "../results/pref_l2/ipcp_isca/exp12_srrip_ship/603.bwaves_s-1740B": 1760711450.6547124,
    "../results/pref_l2/ipcp_isca/exp12_srrip_ship/603.bwaves_s-2609B": 1760711450.6547124,
    "../results/pref_l2/ipcp_isca/exp12_srrip_ship/603.bwaves_s-2931B": 1760711450.6547124,
    "../results/pref_l2/ipcp_isca/exp12_srrip_ship/603.bwaves_s-891B": 1760711450.6547124,
    "../results/pref_l2/ipcp_isca/exp12_srrip_ship/605.mcf_s-1152B": 1760711450.6547124,
    "../results/pref_l2/ipcp_isca/exp12_srrip_ship/605.mcf_s-1536B": 1760711450.6547124,
    "../results/pref_l2/ipcp_isca/exp12_srrip_ship/605.mcf_s-1554B": 1760711450.6547124,
    "../results/pref_l2/ipcp_isca/exp12_srrip_ship/605.mcf_s-1644B": 1760711450.6547124,
    "../results/pref_l2/ipcp_isca/exp12_srrip_ship/605.mcf_s-472B": 1760711450.6547124,
    "../results/pref_l2/ipcp_isca/exp12_srrip_ship/605.mcf_s-484B": 1760711450.6547124,
    "../results/pref_l2/ipcp_isca/exp12_srrip_ship/605.mcf_s-665B": 1760711450.6547124,
    "../results/pref_l2/ipcp_isca/exp12_srrip_ship/605.mcf_s-782B": 1760711450.6547124,
    "../results/pref_l2/ipcp_isca/exp12_srrip_ship/605.mcf_s-994B": 1760711450.6547124,
    "../results/pref_l2/ipcp_isca/exp12_srrip_ship/607.cactuBSSN_s-2421B": 1760711450.6547124,
    "../results/pref_l2/ipcp_isca/exp12_srrip_ship/607.cactuBSSN_s-3477B": 1760711450.6557126,
    "../results/pref_l2/ipcp_isca/exp12_srrip_ship/607.cactuBSSN_s-4004B": 1760711450.6557126,
    "../results/pref_l2/ipcp_isca/exp12_srrip_ship/619.lbm_s-2676B": 1760711450.6557126,
    "../results/pref_l2/ipcp_isca/exp12_srrip_ship/619.lbm_s-2677B": 1760711450.6557126,
    "../results/pref_l2/ipcp_isca/exp12_srrip_ship/619.lbm_s-3766B": 1760711450.6557126,
    "../results/pref_l2/ipcp_isca/exp12_srrip_ship/619.lbm_s-4268B": 1760711450.6557126,
    "../results/pref_l2/ipcp_isca/exp12_srrip_ship/620.omnetpp_s-141B": 1760711450.6557126,
    "../results/pref_l2/ipcp_isca/exp12_srrip_ship/620.omnetpp_s-874B": 1760711450.6557126,
    "../results/pref_l2/ipcp_isca/exp12_srrip_ship/621.wrf_s-6673B": 1760711450.6557126,
    "../results/pref_l2/ipcp_isca/exp12_srrip_ship/621.wrf_s-8065B": 1760711450.6557126,
    "../results/pref_l2/ipcp_isca/exp12_srrip_ship/623.xalancbmk_s-10B": 1760711450.6557126,
    "../results/pref_l2/ipcp_isca/exp12_srrip_ship/623.xalancbmk_s-165B": 1760711450.6557126,
    "../results/pref_l2/ipcp_isca/exp12_srrip_ship/623.xalancbmk_s-202B": 1760711450.6557126,
    "../results/pref_l2/ipcp_isca/exp12_srrip_ship/625.x264_s-20B": 1760711450.6557126,
    "../results/pref_l2/ipcp_isca/exp12_srrip_ship/627.cam4_s-490B": 1760711450.6557126,
    "../results/pref_l2/ipcp_isca/exp12_srrip_ship/628.pop2_s-17B": 1760711450.6557126,
    "../results/pref_l2/ipcp_isca/exp12_srrip_ship/649.fotonik3d_s-10881B": 1760711450.6557126,
    "../results/pref_l2/ipcp_isca/exp12_srrip_ship/649.fotonik3d_s-1176B": 1760711450.6557126,
    "../results/pref_l2/ipcp_isca/exp12_srrip_ship/649.fotonik3d_s-7084B": 1760711450.6557126,
    "../results/pref_l2/ipcp_isca/exp12_srrip_ship/649.fotonik3d_s-8225B": 1760711450.6557126,
    "../results/pref_l2/ipcp_isca/exp12_srrip_ship/654.roms_s-1007B": 1760711450.6557126,
    "../results/pref_l2/ipcp_isca/exp12_srrip_ship/654.roms_s-1070B": 1760711450.6557126,
    "../results/pref_l2/ipcp_isca/exp12_srrip_ship/654.roms_s-1390B": 1760711450.6557126,
    "../results/pref_l2/ipcp_isca/exp12_srrip_ship/654.roms_s-293B": 1760711450.6557126,
    "../results/pref_l2/ipcp_isca/exp12_srrip_ship/654.roms_s-294B": 1760711450.6557126,
    "../results/pref_l2/ipcp_isca/exp12_srrip_ship/654.roms_s-523B": 1760711450.6557126,
    "../results/pref_l2/ipcp_isca/exp12_srrip_ship/657.xz_s-2302B": 1760711450.6557126,
    "../results/pref_l2/ipcp_isca/exp1_lru_lru/600.perlbench_s-570B": 1760711450.6577125,
    "../results/pref_l2/ipcp_isca/exp1_lru_lru/602.gcc_s-1850B": 1760711450.6577125,
    "../results/pref_l2/ipcp_isca/exp1_lru_lru/602.gcc_s-2226B": 1760711450.6577125,
    "../results/pref_l2/ipcp_isca/exp1_lru_lru/602.gcc_s-734B": 1760711450.6577125,
    "../results/pref_l2/ipcp_isca/exp1_lru_lru/603.bwaves_s-1740B": 1760711450.6577125,
    "../results/pref_l2/ipcp_isca/exp1_lru_lru/603.bwaves_s-2609B": 1760711450.6577125,
    "../results/pref_l2/ipcp_isca/exp1_lru_lru/603.bwaves_s-2931B": 1760711450.6577125,
    "../results/pref_l2/ipcp_isca/exp1_lru_lru/603.bwaves_s-891B": 1760711450.6587126,
    "../results/pref_l2/ipcp_isca/exp1_lru_lru/605.mcf_s-1152B": 1760711450.6587126,
    "../results/pref_l2/ipcp_isca/exp1_lru_lru/605.mcf_s-1536B": 1760711450.6587126,
    "../results/pref_l2/ipcp_isca/exp1_lru_lru/605.mcf_s-1554B": 1760711450.6587126,
    "../results/pref_l2/ipcp_isca/exp1_lru_lru/605.mcf_s-1644B": 1760711450.6587126,
    "../results/pref_l2/ipcp_isca/exp1_lru_lru/605.mcf_s-472B": 1760711450.6587126,
    "../results/pref_l2/ipcp_isca/exp1_lru_lru/605.mcf_s-484B": 1760711450.6587126,
    "../results/pref_l2/ipcp_isca/exp1_lru_lru/605.mcf_s-665B": 1760711450.6587126,
    "../results/pref_l2/ipcp_isca/exp1_lru_lru/605.mcf_s-782B": 1760711450.6587126,
    "../results/pref_l2/ipcp_isca/exp1_lru_lru/605.mcf_s-994B": 1760711450.6587126,
    "../results/pref_l2/ipcp_isca/exp1_lru_lru/607.cactuBSSN_s-2421B": 1760711450.6587126,
    "../results/pref_l2/ipcp_isca/exp1_lru_lru/607.cactuBSSN_s-3477B": 1760711450.6587126,
    "../results/pref_l2/ipcp_isca/exp1_lru_lru/607.cactuBSSN_s-4004B": 1760711450.6587126,
    "../results/pref_l2/ipcp_isca/exp1_lru_lru/619.lbm_s-2676B": 1760711450.6587126,
    "../results/pref_l2/ipcp_isca/exp1_lru_lru/619.lbm_s-2677B": 1760711450.6587126,
    "../results/pref_l2/ipcp_isca/exp1_lru_lru/619.lbm_s-3766B": 1760711450.6587126,
    "../results/pref_l2/ipcp_isca/exp1_lru_lru/619.lbm_s-4268B": 1760711450.6587126,
    "../results/pref_l2/ipcp_isca/exp1_lru_lru/620.omnetpp_s-141B": 1760711450.6587126,
    "../results/pref_l2/ipcp_isca/exp1_lru_lru/620.omnetpp_s-874B": 1760711450.6587126,
    "../results/pref_l2/ipcp_isca/exp1_lru_lru/621.wrf_s-6673B": 1760711450.6587126,
    "../results/pref_l2/ipcp_isca/exp1_lru_lru/621.wrf_s-8065B": 1760711450.6587126,
    "../results/pref_l2/ipcp_isca/exp1_lru_lru/623.xalancbmk_s-10B": 1760711450.6587126,
    "../results/pref_l2/ipcp_isca/exp1_lru_lru/623.xalancbmk_s-165B": 1760711450.6587126,
    "../results/pref_l2/ipcp_isca/exp1_lru_lru/623.xalancbmk_s-202B": 1760711450.6587126,
    "../results/pref_l2/ipcp_isca/exp1_lru_lru/625.x264_s-20B": 1760711450.6587126,
    "../results/pref_l2/ipcp_isca/exp1_lru_lru/627.cam4_s-490B": 1760711450.6587126,
    "../results/pref_l2/ipcp_isca/exp1_lru_lru/628.pop2_s-17B": 1760711450.6587126,
    "../results/pref_l2/ipcp_isca/exp1_lru_lru/649.fotonik3d_s-10881B": 1760711450.6587126,
    "../results/pref_l2/ipcp_isca/exp1_lru_lru/649.fotonik3d_s-1176B": 1760711450.6587126,
    "../results/pref_l2/ipcp_isca/exp1_lru_lru/649.fotonik3d_s-7084B": 1760711450.6587126,
    "../results/pref_l2/ipcp_isca/exp1_lru_lru/649.fotonik3d_s-8225B": 1760711450.6587126,
    "../results/pref_l2/ipcp_isca/exp1_lru_lru/654.roms_s-1007B": 1760711450.6587126,
    "../results/pref_l2/ipcp_isca/exp1_lru_lru/654.roms_s-1070B": 1760711450.6587126,
    "../results/pref_l2/ipcp_isca/exp1_lru_lru/654.roms_s-1390B": 1760711450.6587126,
    "../results/pref_l2/ipcp_isca/exp1_lru_lru/654.roms_s-293B": 1760711450.6587126,
    "../results/pref_l2/ipcp_isca/exp1_lru_lru/654.roms_s-294B": 1760711450.6587126,
    "../results/pref_l2/ipcp_isca/exp1_lru_lru/654.roms_s-523B": 1760711450.6587126,
    "../results/pref_l2/ipcp_isca/exp1_lru_lru/657.xz_s-2302B": 1760711450.6587126,
    "../results/pref_l2/ipcp_isca/exp14_srrip_mockingjay/600.perlbench_s-570B": 1760711450.6567125,
    "../results/pref_l2/ipcp_isca/exp14_srrip_mockingjay/602.gcc_s-1850B": 1760711450.6567125,
    "../results/pref_l2/ipcp_isca/exp14_srrip_mockingjay/602.gcc_s-2226B": 1760711450.6567125,
    "../results/pref_l2/ipcp_isca/exp14_srrip_mockingjay/602.gcc_s-734B": 1760711450.6567125,
    "../results/pref_l2/ipcp_isca/exp14_srrip_mockingjay/603.bwaves_s-1740B": 1760711450.6567125,
    "../results/pref_l2/ipcp_isca/exp14_srrip_mockingjay/603.bwaves_s-2609B": 1760711450.6567125,
    "../results/pref_l2/ipcp_isca/exp14_srrip_mockingjay/603.bwaves_s-2931B": 1760711450.6577125,
    "../results/pref_l2/ipcp_isca/exp14_srrip_mockingjay/603.bwaves_s-891B": 1760711450.6577125,
    "../results/pref_l2/ipcp_isca/exp14_srrip_mockingjay/605.mcf_s-1152B": 1760711450.6577125,
    "../results/pref_l2/ipcp_isca/exp14_srrip_mockingjay/605.mcf_s-1536B": 1760711450.6577125,
    "../results/pref_l2/ipcp_isca/exp14_srrip_mockingjay/605.mcf_s-1554B": 1760711450.6577125,
    "../results/pref_l2/ipcp_isca/exp14_srrip_mockingjay/605.mcf_s-1644B": 1760711450.6577125,
    "../results/pref_l2/ipcp_isca/exp14_srrip_mockingjay/605.mcf_s-472B": 1760711450.6577125,
    "../results/pref_l2/ipcp_isca/exp14_srrip_mockingjay/605.mcf_s-484B": 1760711450.6577125,
    "../results/pref_l2/ipcp_isca/exp14_srrip_mockingjay/605.mcf_s-665B": 1760711450.6577125,
    "../results/pref_l2/ipcp_isca/exp14_srrip_mockingjay/605.mcf_s-782B": 1760711450.6577125,
    "../results/pref_l2/ipcp_isca/exp14_srrip_mockingjay/605.mcf_s-994B": 1760711450.6577125,
    "../results/pref_l2/ipcp_isca/exp14_srrip_mockingjay/607.cactuBSSN_s-2421B": 1760711450.6577125,
    "../results/pref_l2/ipcp_isca/exp14_srrip_mockingjay/607.cactuBSSN_s-3477B": 1760711450.6577125,
    "../results/pref_l2/ipcp_isca/exp14_srrip_mockingjay/607.cactuBSSN_s-4004B": 1760711450.6577125,
    "../results/pref_l2/ipcp_isca/exp14_srrip_mockingjay/619.lbm_s-2676B": 1760711450.6577125,
    "../results/pref_l2/ipcp_isca/exp14_srrip_mockingjay/619.lbm_s-2677B": 1760711450.6577125,
    "../results/pref_l2/ipcp_isca/exp14_srrip_mockingjay/619.lbm_s-3766B": 1760711450.6577125,
    "../results/pref_l2/ipcp_isca/exp14_srrip_mockingjay/619.lbm_s-4268B": 1760711450.6577125,
    "../results/pref_l2/ipcp_isca/exp14_srrip_mockingjay/620.omnetpp_s-141B": 1760711450.6577125,
    "../results/pref_l2/ipcp_isca/exp14_srrip_mockingjay/620.omnetpp_s-874B": 1760711450.6577125,
    "../results/pref_l2/ipcp_isca/exp14_srrip_mockingjay/621.wrf_s-6673B": 1760711450.6577125,
    "../results/pref_l2/ipcp_isca/exp14_srrip_mockingjay/621.wrf_s-8065B": 1760711450.6577125,
    "../results/pref_l2/ipcp_isca/exp14_srrip_mockingjay/623.xalancbmk_s-10B": 1760711450.6577125,
    "../results/pref_l2/ipcp_isca/exp14_srrip_mockingjay/623.xalancbmk_s-165B": 1760711450.6577125,
    "../results/pref_l2/ipcp_isca/exp14_srrip_mockingjay/623.xalancbmk_s-202B": 1760711450.6577125,
    "../results/pref_l2/ipcp_isca/exp14_srrip_mockingjay/625.x264_s-20B": 1760711450.6577125,
    "../results/pref_l2/ipcp_isca/exp14_srrip_mockingjay/627.cam4_s-490B": 1760711450.6577125,
    "../results/pref_l2/ipcp_isca/exp14_srrip_mockingjay/628.pop2_s-17B": 1760711450.6577125,
    "../results/pref_l2/ipcp_isca/exp14_srrip_mockingjay/649.fotonik3d_s-10881B": 1760711450.6577125,
    "../results/pref_l2/ipcp_isca/exp14_srrip_mockingjay/649.fotonik3d_s-1176B": 1760711450.6577125,
    "../results/pref_l2/ipcp_isca/exp14_srrip_mockingjay/649.fotonik3d_s-7084B": 1760711450.6577125,
    "../results/pref_l2/ipcp_isca/exp14_srrip_mockingjay/649.fotonik3d_s-8225B": 1760711450.6577125,
    "../results/pref_l2/ipcp_isca/exp14_srrip_mockingjay/654.roms_s-1007B": 1760711450.6577125,
    "../results/pref_l2/ipcp_isca/exp14_srrip_mockingjay/654.roms_s-1070B": 1760711450.6577125,
    "../results/pref_l2/ipcp_isca/exp14_srrip_mockingjay/654.roms_s-1390B": 1760711450.6577125,
    "../results/pref_l2/ipcp_isca/exp14_srrip_mockingjay/654.roms_s-293B": 1760711450.6577125,
    "../results/pref_l2/ipcp_isca/exp14_srrip_mockingjay/654.roms_s-294B": 1760711450.6577125,
    "../results/pref_l2/ipcp_isca/exp14_srrip_mockingjay/654.roms_s-523B": 1760711450.6577125,
    "../results/pref_l2/ipcp_isca/exp14_srrip_mockingjay/657.xz_s-2302B": 1760711450.6577125,
    "../results/pref_l2/ipcp_isca/exp11_srrip_hawkeye/600.perlbench_s-570B": 1760711450.6537125,
    "../results/pref_l2/ipcp_isca/exp11_srrip_hawkeye/602.gcc_s-1850B": 1760711450.6537125,
    "../results/pref_l2/ipcp_isca/exp11_srrip_hawkeye/602.gcc_s-2226B": 1760711450.6537125,
    "../results/pref_l2/ipcp_isca/exp11_srrip_hawkeye/602.gcc_s-734B": 1760711450.6537125,
    "../results/pref_l2/ipcp_isca/exp11_srrip_hawkeye/603.bwaves_s-1740B": 1760711450.6537125,
    "../results/pref_l2/ipcp_isca/exp11_srrip_hawkeye/603.bwaves_s-2609B": 1760711450.6537125,
    "../results/pref_l2/ipcp_isca/exp11_srrip_hawkeye/603.bwaves_s-2931B": 1760711450.6537125,
    "../results/pref_l2/ipcp_isca/exp11_srrip_hawkeye/603.bwaves_s-891B": 1760711450.6537125,
    "../results/pref_l2/ipcp_isca/exp11_srrip_hawkeye/605.mcf_s-1152B": 1760711450.6537125,
    "../results/pref_l2/ipcp_isca/exp11_srrip_hawkeye/605.mcf_s-1536B": 1760711450.6537125,
    "../results/pref_l2/ipcp_isca/exp11_srrip_hawkeye/605.mcf_s-1554B": 1760711450.6537125,
    "../results/pref_l2/ipcp_isca/exp11_srrip_hawkeye/605.mcf_s-1644B": 1760711450.6537125,
    "../results/pref_l2/ipcp_isca/exp11_srrip_hawkeye/605.mcf_s-472B": 1760711450.6537125,
    "../results/pref_l2/ipcp_isca/exp11_srrip_hawkeye/605.mcf_s-484B": 1760711450.6537125,
    "../results/pref_l2/ipcp_isca/exp11_srrip_hawkeye/605.mcf_s-665B": 1760711450.6537125,
    "../results/pref_l2/ipcp_isca/exp11_srrip_hawkeye/605.mcf_s-782B": 1760711450.6537125,
    "../results/pref_l2/ipcp_isca/exp11_srrip_hawkeye/605.mcf_s-994B": 1760711450.6537125,
    "../results/pref_l2/ipcp_isca/exp11_srrip_hawkeye/607.cactuBSSN_s-2421B": 1760711450.6537125,
    "../results/pref_l2/ipcp_isca/exp11_srrip_hawkeye/607.cactuBSSN_s-3477B": 1760711450.6537125,
    "../results/pref_l2/ipcp_isca/exp11_srrip_hawkeye/607.cactuBSSN_s-4004B": 1760711450.6537125,
    "../results/pref_l2/ipcp_isca/exp11_srrip_hawkeye/619.lbm_s-2676B": 1760711450.6537125,
    "../results/pref_l2/ipcp_isca/exp11_srrip_hawkeye/619.lbm_s-2677B": 1760711450.6537125,
    "../results/pref_l2/ipcp_isca/exp11_srrip_hawkeye/619.lbm_s-3766B": 1760711450.6537125,
    "../results/pref_l2/ipcp_isca/exp11_srrip_hawkeye/619.lbm_s-4268B": 1760711450.6537125,
    "../results/pref_l2/ipcp_isca/exp11_srrip_hawkeye/620.omnetpp_s-141B": 1760711450.6537125,
    "../results/pref_l2/ipcp_isca/exp11_srrip_hawkeye/620.omnetpp_s-874B": 1760711450.6547124,
    "../results/pref_l2/ipcp_isca/exp11_srrip_hawkeye/621.wrf_s-6673B": 1760711450.6547124,
    "../results/pref_l2/ipcp_isca/exp11_srrip_hawkeye/621.wrf_s-8065B": 1760711450.6547124,
    "../results/pref_l2/ipcp_isca/exp11_srrip_hawkeye/623.xalancbmk_s-10B": 1760711450.6547124,
    "../results/pref_l2/ipcp_isca/exp11_srrip_hawkeye/623.xalancbmk_s-165B": 1760711450.6547124,
    "../results/pref_l2/ipcp_isca/exp11_srrip_hawkeye/623.xalancbmk_s-202B": 1760711450.6547124,
    "../results/pref_l2/ipcp_isca/exp11_srrip_hawkeye/625.x264_s-20B": 1760711450.6547124,
    "../results/pref_l2/ipcp_isca/exp11_srrip_hawkeye/627.cam4_s-490B": 1760711450.6547124,
    "../results/pref_l2/ipcp_isca/exp11_srrip_hawkeye/628.pop2_s-17B": 1760711450.6547124,
    "../results/pref_l2/ipcp_isca/exp11_srrip_hawkeye/649.fotonik3d_s-10881B": 1760711450.6547124,
    "../results/pref_l2/ipcp_isca/exp11_srrip_hawkeye/649.fotonik3d_s-1176B": 1760711450.6547124,
    "../results/pref_l2/ipcp_isca/exp11_srrip_hawkeye/649.fotonik3d_s-7084B": 1760711450.6547124,
    "../results/pref_l2/ipcp_isca/exp11_srrip_hawkeye/649.fotonik3d_s-8225B": 1760711450.6547124,
    "../results/pref_l2/ipcp_isca/exp11_srrip_hawkeye/654.roms_s-1007B": 1760711450.6547124,
    "../results/pref_l2/ipcp_isca/exp11_srrip_hawkeye/654.roms_s-1070B": 1760711450.6547124,
    "../results/pref_l2/ipcp_isca/exp11_srrip_hawkeye/654.roms_s-1390B": 1760711450.6547124,
    "../results/pref_l2/ipcp_isca/exp11_srrip_hawkeye/654.roms_s-293B": 1760711450.6547124,
    "../results/pref_l2/ipcp_isca/exp11_srrip_hawkeye/654.roms_s-294B": 1760711450.6547124,
    "../results/pref_l2/ipcp_isca/exp11_srrip_hawkeye/654.roms_s-523B": 1760711450.6547124,
    "../results/pref_l2/ipcp_isca/exp11_srrip_hawkeye/657.xz_s-2302B": 1760711450.6547124,
    "../results/pref_l2/ipcp_isca/exp13_srrip_ship++/600.perlbench_s-570B": 1760711450.6557126,
    "../results/pref_l2/ipcp_isca/exp13_srrip_ship++/602.gcc_s-1850B": 1760711450.6557126,
    "../results/pref_l2/ipcp_isca/exp13_srrip_ship++/602.gcc_s-2226B": 1760711450.6557126,
    "../results/pref_l2/ipcp_isca/exp13_srrip_ship++/602.gcc_s-734B": 1760711450.6557126,
    "../results/pref_l2/ipcp_isca/exp13_srrip_ship++/603.bwaves_s-1740B": 1760711450.6557126,
    "../results/pref_l2/ipcp_isca/exp13_srrip_ship++/603.bwaves_s-2609B": 1760711450.6557126,
    "../results/pref_l2/ipcp_isca/exp13_srrip_ship++/603.bwaves_s-2931B": 1760711450.6557126,
    "../results/pref_l2/ipcp_isca/exp13_srrip_ship++/603.bwaves_s-891B": 1760711450.6557126,
    "../results/pref_l2/ipcp_isca/exp13_srrip_ship++/605.mcf_s-1152B": 1760711450.6567125,
    "../results/pref_l2/ipcp_isca/exp13_srrip_ship++/605.mcf_s-1536B": 1760711450.6567125,
    "../results/pref_l2/ipcp_isca/exp13_srrip_ship++/605.mcf_s-1554B": 1760711450.6567125,
    "../results/pref_l2/ipcp_isca/exp13_srrip_ship++/605.mcf_s-1644B": 1760711450.6567125,
    "../results/pref_l2/ipcp_isca/exp13_srrip_ship++/605.mcf_s-472B": 1760711450.6567125,
    "../results/pref_l2/ipcp_isca/exp13_srrip_ship++/605.mcf_s-484B": 1760711450.6567125,
    "../results/pref_l2/ipcp_isca/exp13_srrip_ship++/605.mcf_s-665B": 1760711450.6567125,
    "../results/pref_l2/ipcp_isca/exp13_srrip_ship++/605.mcf_s-782B": 1760711450.6567125,
    "../results/pref_l2/ipcp_isca/exp13_srrip_ship++/605.mcf_s-994B": 1760711450.6567125,
    "../results/pref_l2/ipcp_isca/exp13_srrip_ship++/607.cactuBSSN_s-2421B": 1760711450.6567125,
    "../results/pref_l2/ipcp_isca/exp13_srrip_ship++/607.cactuBSSN_s-3477B": 1760711450.6567125,
    "../results/pref_l2/ipcp_isca/exp13_srrip_ship++/607.cactuBSSN_s-4004B": 1760711450.6567125,
    "../results/pref_l2/ipcp_isca/exp13_srrip_ship++/619.lbm_s-2676B": 1760711450.6567125,
    "../results/pref_l2/ipcp_isca/exp13_srrip_ship++/619.lbm_s-2677B": 1760711450.6567125,
    "../results/pref_l2/ipcp_isca/exp13_srrip_ship++/619.lbm_s-3766B": 1760711450.6567125,
    "../results/pref_l2/ipcp_isca/exp13_srrip_ship++/619.lbm_s-4268B": 1760711450.6567125,
    "../results/pref_l2/ipcp_isca/exp13_srrip_ship++/620.omnetpp_s-141B": 1760711450.6567125,
    "../results/pref_l2/ipcp_isca/exp13_srrip_ship++/620.omnetpp_s-874B": 1760711450.6567125,
    "../results/pref_l2/ipcp_isca/exp13_srrip_ship++/621.wrf_s-6673B": 1760711450.6567125,
    "../results/pref_l2/ipcp_isca/exp13_srrip_ship++/621.wrf_s-8065B": 1760711450.6567125,
    "../results/pref_l2/ipcp_isca/exp13_srrip_ship++/623.xalancbmk_s-10B": 1760711450.6567125,
    "../results/pref_l2/ipcp_isca/exp13_srrip_ship++/623.xalancbmk_s-165B": 1760711450.6567125,
    "../results/pref_l2/ipcp_isca/exp13_srrip_ship++/623.xalancbmk_s-202B": 1760711450.6567125,
    "../results/pref_l2/ipcp_isca/exp13_srrip_ship++/625.x264_s-20B": 1760711450.6567125,
    "../results/pref_l2/ipcp_isca/exp13_srrip_ship++/627.cam4_s-490B": 1760711450.6567125,
    "../results/pref_l2/ipcp_isca/exp13_srrip_ship++/628.pop2_s-17B": 1760711450.6567125,
    "../results/pref_l2/ipcp_isca/exp13_srrip_ship++/649.fotonik3d_s-10881B": 1760711450.6567125,
    "../results/pref_l2/ipcp_isca/exp13_srrip_ship++/649.fotonik3d_s-1176B": 1760711450.6567125,
    "../results/pref_l2/ipcp_isca/exp13_srrip_ship++/649.fotonik3d_s-7084B": 1760711450.6567125,
    "../results/pref_l2/ipcp_isca/exp13_srrip_ship++/649.fotonik3d_s-8225B": 1760711450.6567125,
    "../results/pref_l2/ipcp_isca/exp13_srrip_ship++/654.roms_s-1007B": 1760711450.6567125,
    "../results/pref_l2/ipcp_isca/exp13_srrip_ship++/654.roms_s-1070B": 1760711450.6567125,
    "../results/pref_l2/ipcp_isca/exp13_srrip_ship++/654.roms_s-1390B": 1760711450.6567125,
    "../results/pref_l2/ipcp_isca/exp13_srrip_ship++/654.roms_s-293B": 1760711450.6567125,
    "../results/pref_l2/ipcp_isca/exp13_srrip_ship++/654.roms_s-294B": 1760711450.6567125,
    "../results/pref_l2/ipcp_isca/exp13_srrip_ship++/654.roms_s-523B": 1760711450.6567125,
    "../results/pref_l2/ipcp_isca/exp13_srrip_ship++/657.xz_s-2302B": 1760711450.6567125,
    "../results/pref_l2/ipcp_isca/exp3_lru_drrip/600.perlbench_s-570B": 1760711450.6597126,
    "../results/pref_l2/ipcp_isca/exp3_lru_drrip/602.gcc_s-1850B": 1760711450.6597126,
    "../results/pref_l2/ipcp_isca/exp3_lru_drrip/602.gcc_s-2226B": 1760711450.6597126,
    "../results/pref_l2/ipcp_isca/exp3_lru_drrip/602.gcc_s-734B": 1760711450.6597126,
    "../results/pref_l2/ipcp_isca/exp3_lru_drrip/603.bwaves_s-1740B": 1760711450.6597126,
    "../results/pref_l2/ipcp_isca/exp3_lru_drrip/603.bwaves_s-2609B": 1760711450.6597126,
    "../results/pref_l2/ipcp_isca/exp3_lru_drrip/603.bwaves_s-2931B": 1760711450.6597126,
    "../results/pref_l2/ipcp_isca/exp3_lru_drrip/603.bwaves_s-891B": 1760711450.6597126,
    "../results/pref_l2/ipcp_isca/exp3_lru_drrip/605.mcf_s-1152B": 1760711450.6607127,
    "../results/pref_l2/ipcp_isca/exp3_lru_drrip/605.mcf_s-1536B": 1760711450.6607127,
    "../results/pref_l2/ipcp_isca/exp3_lru_drrip/605.mcf_s-1554B": 1760711450.6607127,
    "../results/pref_l2/ipcp_isca/exp3_lru_drrip/605.mcf_s-1644B": 1760711450.6607127,
    "../results/pref_l2/ipcp_isca/exp3_lru_drrip/605.mcf_s-472B": 1760711450.6607127,
    "../results/pref_l2/ipcp_isca/exp3_lru_drrip/605.mcf_s-484B": 1760711450.6607127,
    "../results/pref_l2/ipcp_isca/exp3_lru_drrip/605.mcf_s-665B": 1760711450.6607127,
    "../results/pref_l2/ipcp_isca/exp3_lru_drrip/605.mcf_s-782B": 1760711450.6607127,
    "../results/pref_l2/ipcp_isca/exp3_lru_drrip/605.mcf_s-994B": 1760711450.6607127,
    "../results/pref_l2/ipcp_isca/exp3_lru_drrip/607.cactuBSSN_s-2421B": 1760711450.6607127,
    "../results/pref_l2/ipcp_isca/exp3_lru_drrip/607.cactuBSSN_s-3477B": 1760711450.6607127,
    "../results/pref_l2/ipcp_isca/exp3_lru_drrip/607.cactuBSSN_s-4004B": 1760711450.6607127,
    "../results/pref_l2/ipcp_isca/exp3_lru_drrip/619.lbm_s-2676B": 1760711450.6607127,
    "../results/pref_l2/ipcp_isca/exp3_lru_drrip/619.lbm_s-2677B": 1760711450.6607127,
    "../results/pref_l2/ipcp_isca/exp3_lru_drrip/619.lbm_s-3766B": 1760711450.6607127,
    "../results/pref_l2/ipcp_isca/exp3_lru_drrip/619.lbm_s-4268B": 1760711450.6607127,
    "../results/pref_l2/ipcp_isca/exp3_lru_drrip/620.omnetpp_s-141B": 1760711450.6607127,
    "../results/pref_l2/ipcp_isca/exp3_lru_drrip/620.omnetpp_s-874B": 1760711450.6607127,
    "../results/pref_l2/ipcp_isca/exp3_lru_drrip/621.wrf_s-6673B": 1760711450.6607127,
    "../results/pref_l2/ipcp_isca/exp3_lru_drrip/621.wrf_s-8065B": 1760711450.6607127,
    "../results/pref_l2/ipcp_isca/exp3_lru_drrip/623.xalancbmk_s-10B": 1760711450.6607127,
    "../results/pref_l2/ipcp_isca/exp3_lru_drrip/623.xalancbmk_s-165B": 1760711450.6607127,
    "../results/pref_l2/ipcp_isca/exp3_lru_drrip/623.xalancbmk_s-202B": 1760711450.6607127,
    "../results/pref_l2/ipcp_isca/exp3_lru_drrip/625.x264_s-20B": 1760711450.6607127,
    "../results/pref_l2/ipcp_isca/exp3_lru_drrip/627.cam4_s-490B": 1760711450.6607127,
    "../results/pref_l2/ipcp_isca/exp3_lru_drrip/628.pop2_s-17B": 1760711450.6607127,
    "../results/pref_l2/ipcp_isca/exp3_lru_drrip/649.fotonik3d_s-10881B": 1760711450.6607127,
    "../results/pref_l2/ipcp_isca/exp3_lru_drrip/649.fotonik3d_s-1176B": 1760711450.6607127,
    "../results/pref_l2/ipcp_isca/exp3_lru_drrip/649.fotonik3d_s-7084B": 1760711450.6607127,
    "../results/pref_l2/ipcp_isca/exp3_lru_drrip/649.fotonik3d_s-8225B": 1760711450.6607127,
    "../results/pref_l2/ipcp_isca/exp3_lru_drrip/654.roms_s-1007B": 1760711450.6607127,
    "../results/pref_l2/ipcp_isca/exp3_lru_drrip/654.roms_s-1070B": 1760711450.6607127,
    "../results/pref_l2/ipcp_isca/exp3_lru_drrip/654.roms_s-1390B": 1760711450.6607127,
    "../results/pref_l2/ipcp_isca/exp3_lru_drrip/654.roms_s-293B": 1760711450.6607127,
    "../results/pref_l2/ipcp_isca/exp3_lru_drrip/654.roms_s-294B": 1760711450.6607127,
    "../results/pref_l2/ipcp_isca/exp3_lru_drrip/654.roms_s-523B": 1760711450.6607127,
    "../results/pref_l2/ipcp_isca/exp3_lru_drrip/657.xz_s-2302B": 1760711450.6607127,
    "../results/pref_l2/ipcp_isca/exp4_lru_hawkeye/600.perlbench_s-570B": 1760711450.6607127,
    "../results/pref_l2/ipcp_isca/exp4_lru_hawkeye/602.gcc_s-1850B": 1760711450.6607127,
    "../results/pref_l2/ipcp_isca/exp4_lru_hawkeye/602.gcc_s-2226B": 1760711450.6607127,
    "../results/pref_l2/ipcp_isca/exp4_lru_hawkeye/602.gcc_s-734B": 1760711450.6607127,
    "../results/pref_l2/ipcp_isca/exp4_lru_hawkeye/603.bwaves_s-1740B": 1760711450.6607127,
    "../results/pref_l2/ipcp_isca/exp4_lru_hawkeye/603.bwaves_s-2609B": 1760711450.6607127,
    "../results/pref_l2/ipcp_isca/exp4_lru_hawkeye/603.bwaves_s-2931B": 1760711450.6607127,
    "../results/pref_l2/ipcp_isca/exp4_lru_hawkeye/603.bwaves_s-891B": 1760711450.6617126,
    "../results/pref_l2/ipcp_isca/exp4_lru_hawkeye/605.mcf_s-1152B": 1760711450.6617126,
    "../results/pref_l2/ipcp_isca/exp4_lru_hawkeye/605.mcf_s-1536B": 1760711450.6617126,
    "../results/pref_l2/ipcp_isca/exp4_lru_hawkeye/605.mcf_s-1554B": 1760711450.6617126,
    "../results/pref_l2/ipcp_isca/exp4_lru_hawkeye/605.mcf_s-1644B": 1760711450.6617126,
    "../results/pref_l2/ipcp_isca/exp4_lru_hawkeye/605.mcf_s-472B": 1760711450.6617126,
    "../results/pref_l2/ipcp_isca/exp4_lru_hawkeye/605.mcf_s-484B": 1760711450.6617126,
    "../results/pref_l2/ipcp_isca/exp4_lru_hawkeye/605.mcf_s-665B": 1760711450.6617126,
    "../results/pref_l2/ipcp_isca/exp4_lru_hawkeye/605.mcf_s-782B": 1760711450.6617126,
    "../results/pref_l2/ipcp_isca/exp4_lru_hawkeye/605.mcf_s-994B": 1760711450.6617126,
    "../results/pref_l2/ipcp_isca/exp4_lru_hawkeye/607.cactuBSSN_s-2421B": 1760711450.6617126,
    "../results/pref_l2/ipcp_isca/exp4_lru_hawkeye/607.cactuBSSN_s-3477B": 1760711450.6617126,
    "../results/pref_l2/ipcp_isca/exp4_lru_hawkeye/607.cactuBSSN_s-4004B": 1760711450.6617126,
    "../results/pref_l2/ipcp_isca/exp4_lru_hawkeye/619.lbm_s-2676B": 1760711450.6617126,
    "../results/pref_l2/ipcp_isca/exp4_lru_hawkeye/619.lbm_s-2677B": 1760711450.6617126,
    "../results/pref_l2/ipcp_isca/exp4_lru_hawkeye/619.lbm_s-3766B": 1760711450.6617126,
    "../results/pref_l2/ipcp_isca/exp4_lru_hawkeye/619.lbm_s-4268B": 1760711450.6617126,
    "../results/pref_l2/ipcp_isca/exp4_lru_hawkeye/620.omnetpp_s-141B": 1760711450.6617126,
    "../results/pref_l2/ipcp_isca/exp4_lru_hawkeye/620.omnetpp_s-874B": 1760711450.6617126,
    "../results/pref_l2/ipcp_isca/exp4_lru_hawkeye/621.wrf_s-6673B": 1760711450.6617126,
    "../results/pref_l2/ipcp_isca/exp4_lru_hawkeye/621.wrf_s-8065B": 1760711450.6617126,
    "../results/pref_l2/ipcp_isca/exp4_lru_hawkeye/623.xalancbmk_s-10B": 1760711450.6617126,
    "../results/pref_l2/ipcp_isca/exp4_lru_hawkeye/623.xalancbmk_s-165B": 1760711450.6617126,
    "../results/pref_l2/ipcp_isca/exp4_lru_hawkeye/623.xalancbmk_s-202B": 1760711450.6617126,
    "../results/pref_l2/ipcp_isca/exp4_lru_hawkeye/625.x264_s-20B": 1760711450.6617126,
    "../results/pref_l2/ipcp_isca/exp4_lru_hawkeye/627.cam4_s-490B": 1760711450.6617126,
    "../results/pref_l2/ipcp_isca/exp4_lru_hawkeye/628.pop2_s-17B": 1760711450.6617126,
    "../results/pref_l2/ipcp_isca/exp4_lru_hawkeye/649.fotonik3d_s-10881B": 1760711450.6617126,
    "../results/pref_l2/ipcp_isca/exp4_lru_hawkeye/649.fotonik3d_s-1176B": 1760711450.6617126,
    "../results/pref_l2/ipcp_isca/exp4_lru_hawkeye/649.fotonik3d_s-7084B": 1760711450.6617126,
    "../results/pref_l2/ipcp_isca/exp4_lru_hawkeye/649.fotonik3d_s-8225B": 1760711450.6617126,
    "../results/pref_l2/ipcp_isca/exp4_lru_hawkeye/654.roms_s-1007B": 1760711450.6617126,
    "../results/pref_l2/ipcp_isca/exp4_lru_hawkeye/654.roms_s-1070B": 1760711450.6617126,
    "../results/pref_l2/ipcp_isca/exp4_lru_hawkeye/654.roms_s-1390B": 1760711450.6617126,
    "../results/pref_l2/ipcp_isca/exp4_lru_hawkeye/654.roms_s-293B": 1760711450.6617126,
    "../results/pref_l2/ipcp_isca/exp4_lru_hawkeye/654.roms_s-294B": 1760711450.6617126,
    "../results/pref_l2/ipcp_isca/exp4_lru_hawkeye/654.roms_s-523B": 1760711450.6617126,
    "../results/pref_l2/ipcp_isca/exp4_lru_hawkeye/657.xz_s-2302B": 1760711450.6617126,
    "../results/pref_l2/ipcp_isca/exp2_lru_srrip/600.perlbench_s-570B": 1760711450.6587126,
    "../results/pref_l2/ipcp_isca/exp2_lru_srrip/602.gcc_s-1850B": 1760711450.6587126,
    "../results/pref_l2/ipcp_isca/exp2_lru_srrip/602.gcc_s-2226B": 1760711450.6587126,
    "../results/pref_l2/ipcp_isca/exp2_lru_srrip/602.gcc_s-734B": 1760711450.6587126,
    "../results/pref_l2/ipcp_isca/exp2_lru_srrip/603.bwaves_s-1740B": 1760711450.6587126,
    "../results/pref_l2/ipcp_isca/exp2_lru_srrip/603.bwaves_s-2609B": 1760711450.6587126,
    "../results/pref_l2/ipcp_isca/exp2_lru_srrip/603.bwaves_s-2931B": 1760711450.6587126,
    "../results/pref_l2/ipcp_isca/exp2_lru_srrip/603.bwaves_s-891B": 1760711450.6587126,
    "../results/pref_l2/ipcp_isca/exp2_lru_srrip/605.mcf_s-1152B": 1760711450.6587126,
    "../results/pref_l2/ipcp_isca/exp2_lru_srrip/605.mcf_s-1536B": 1760711450.6597126,
    "../results/pref_l2/ipcp_isca/exp2_lru_srrip/605.mcf_s-1554B": 1760711450.6597126,
    "../results/pref_l2/ipcp_isca/exp2_lru_srrip/605.mcf_s-1644B": 1760711450.6597126,
    "../results/pref_l2/ipcp_isca/exp2_lru_srrip/605.mcf_s-472B": 1760711450.6597126,
    "../results/pref_l2/ipcp_isca/exp2_lru_srrip/605.mcf_s-484B": 1760711450.6597126,
    "../results/pref_l2/ipcp_isca/exp2_lru_srrip/605.mcf_s-665B": 1760711450.6597126,
    "../results/pref_l2/ipcp_isca/exp2_lru_srrip/605.mcf_s-782B": 1760711450.6597126,
    "../results/pref_l2/ipcp_isca/exp2_lru_srrip/605.mcf_s-994B": 1760711450.6597126,
    "../results/pref_l2/ipcp_isca/exp2_lru_srrip/607.cactuBSSN_s-2421B": 1760711450.6597126,
    "../results/pref_l2/ipcp_isca/exp2_lru_srrip/607.cactuBSSN_s-3477B": 1760711450.6597126,
    "../results/pref_l2/ipcp_isca/exp2_lru_srrip/607.cactuBSSN_s-4004B": 1760711450.6597126,
    "../results/pref_l2/ipcp_isca/exp2_lru_srrip/619.lbm_s-2676B": 1760711450.6597126,
    "../results/pref_l2/ipcp_isca/exp2_lru_srrip/619.lbm_s-2677B": 1760711450.6597126,
    "../results/pref_l2/ipcp_isca/exp2_lru_srrip/619.lbm_s-3766B": 1760711450.6597126,
    "../results/pref_l2/ipcp_isca/exp2_lru_srrip/619.lbm_s-4268B": 1760711450.6597126,
    "../results/pref_l2/ipcp_isca/exp2_lru_srrip/620.omnetpp_s-141B": 1760711450.6597126,
    "../results/pref_l2/ipcp_isca/exp2_lru_srrip/620.omnetpp_s-874B": 1760711450.6597126,
    "../results/pref_l2/ipcp_isca/exp2_lru_srrip/621.wrf_s-6673B": 1760711450.6597126,
    "../results/pref_l2/ipcp_isca/exp2_lru_srrip/621.wrf_s-8065B": 1760711450.6597126,
    "../results/pref_l2/ipcp_isca/exp2_lru_srrip/623.xalancbmk_s-10B": 1760711450.6597126,
    "../results/pref_l2/ipcp_isca/exp2_lru_srrip/623.xalancbmk_s-165B": 1760711450.6597126,
    "../results/pref_l2/ipcp_isca/exp2_lru_srrip/623.xalancbmk_s-202B": 1760711450.6597126,
    "../results/pref_l2/ipcp_isca/exp2_lru_srrip/625.x264_s-20B": 1760711450.6597126,
    "../results/pref_l2/ipcp_isca/exp2_lru_srrip/627.cam4_s-490B": 1760711450.6597126,
    "../results/pref_l2/ipcp_isca/exp2_lru_srrip/628.pop2_s-17B": 1760711450.6597126,
    "../results/pref_l2/ipcp_isca/exp2_lru_srrip/649.fotonik3d_s-10881B": 1760711450.6597126,
    "../results/pref_l2/ipcp_isca/exp2_lru_srrip/649.fotonik3d_s-1176B": 1760711450.6597126,
    "../results/pref_l2/ipcp_isca/exp2_lru_srrip/649.fotonik3d_s-7084B": 1760711450.6597126,
    "../results/pref_l2/ipcp_isca/exp2_lru_srrip/649.fotonik3d_s-8225B": 1760711450.6597126,
    "../results/pref_l2/ipcp_isca/exp2_lru_srrip/654.roms_s-1007B": 1760711450.6597126,
    "../results/pref_l2/ipcp_isca/exp2_lru_srrip/654.roms_s-1070B": 1760711450.6597126,
    "../results/pref_l2/ipcp_isca/exp2_lru_srrip/654.roms_s-1390B": 1760711450.6597126,
    "../results/pref_l2/ipcp_isca/exp2_lru_srrip/654.roms_s-293B": 1760711450.6597126,
    "../results/pref_l2/ipcp_isca/exp2_lru_srrip/654.roms_s-294B": 1760711450.6597126,
    "../results/pref_l2/ipcp_isca/exp2_lru_srrip/654.roms_s-523B": 1760711450.6597126,
    "../results/pref_l2/ipcp_isca/exp2_lru_srrip/657.xz_s-2302B": 1760711450.6597126,
    "../results/pref_l2/ipcp_isca/exp5_lru_ship/600.perlbench_s-570B": 1760711450.6617126,
    "../results/pref_l2/ipcp_isca/exp5_lru_ship/602.gcc_s-1850B": 1760711450.6617126,
    "../results/pref_l2/ipcp_isca/exp5_lru_ship/602.gcc_s-2226B": 1760711450.6617126,
    "../results/pref_l2/ipcp_isca/exp5_lru_ship/602.gcc_s-734B": 1760711450.6617126,
    "../results/pref_l2/ipcp_isca/exp5_lru_ship/603.bwaves_s-1740B": 1760711450.6617126,
    "../results/pref_l2/ipcp_isca/exp5_lru_ship/603.bwaves_s-2609B": 1760711450.6627126,
    "../results/pref_l2/ipcp_isca/exp5_lru_ship/603.bwaves_s-2931B": 1760711450.6627126,
    "../results/pref_l2/ipcp_isca/exp5_lru_ship/603.bwaves_s-891B": 1760711450.6627126,
    "../results/pref_l2/ipcp_isca/exp5_lru_ship/605.mcf_s-1152B": 1760711450.6627126,
    "../results/pref_l2/ipcp_isca/exp5_lru_ship/605.mcf_s-1536B": 1760711450.6627126,
    "../results/pref_l2/ipcp_isca/exp5_lru_ship/605.mcf_s-1554B": 1760711450.6627126,
    "../results/pref_l2/ipcp_isca/exp5_lru_ship/605.mcf_s-1644B": 1760711450.6627126,
    "../results/pref_l2/ipcp_isca/exp5_lru_ship/605.mcf_s-472B": 1760711450.6627126,
    "../results/pref_l2/ipcp_isca/exp5_lru_ship/605.mcf_s-484B": 1760711450.6627126,
    "../results/pref_l2/ipcp_isca/exp5_lru_ship/605.mcf_s-665B": 1760711450.6627126,
    "../results/pref_l2/ipcp_isca/exp5_lru_ship/605.mcf_s-782B": 1760711450.6627126,
    "../results/pref_l2/ipcp_isca/exp5_lru_ship/605.mcf_s-994B": 1760711450.6627126,
    "../results/pref_l2/ipcp_isca/exp5_lru_ship/607.cactuBSSN_s-2421B": 1760711450.6627126,
    "../results/pref_l2/ipcp_isca/exp5_lru_ship/607.cactuBSSN_s-3477B": 1760711450.6627126,
    "../results/pref_l2/ipcp_isca/exp5_lru_ship/607.cactuBSSN_s-4004B": 1760711450.6627126,
    "../results/pref_l2/ipcp_isca/exp5_lru_ship/619.lbm_s-2676B": 1760711450.6627126,
    "../results/pref_l2/ipcp_isca/exp5_lru_ship/619.lbm_s-2677B": 1760711450.6627126,
    "../results/pref_l2/ipcp_isca/exp5_lru_ship/619.lbm_s-3766B": 1760711450.6627126,
    "../results/pref_l2/ipcp_isca/exp5_lru_ship/619.lbm_s-4268B": 1760711450.6627126,
    "../results/pref_l2/ipcp_isca/exp5_lru_ship/620.omnetpp_s-141B": 1760711450.6627126,
    "../results/pref_l2/ipcp_isca/exp5_lru_ship/620.omnetpp_s-874B": 1760711450.6627126,
    "../results/pref_l2/ipcp_isca/exp5_lru_ship/621.wrf_s-6673B": 1760711450.6627126,
    "../results/pref_l2/ipcp_isca/exp5_lru_ship/621.wrf_s-8065B": 1760711450.6627126,
    "../results/pref_l2/ipcp_isca/exp5_lru_ship/623.xalancbmk_s-10B": 1760711450.6627126,
    "../results/pref_l2/ipcp_isca/exp5_lru_ship/623.xalancbmk_s-165B": 1760711450.6627126,
    "../results/pref_l2/ipcp_isca/exp5_lru_ship/623.xalancbmk_s-202B": 1760711450.6627126,
    "../results/pref_l2/ipcp_isca/exp5_lru_ship/625.x264_s-20B": 1760711450.6627126,
    "../results/pref_l2/ipcp_isca/exp5_lru_ship/627.cam4_s-490B": 1760711450.6627126,
    "../results/pref_l2/ipcp_isca/exp5_lru_ship/628.pop2_s-17B": 1760711450.6627126,
    "../results/pref_l2/ipcp_isca/exp5_lru_ship/649.fotonik3d_s-10881B": 1760711450.6627126,
    "../results/pref_l2/ipcp_isca/exp5_lru_ship/649.fotonik3d_s-1176B": 1760711450.6627126,
    "../results/pref_l2/ipcp_isca/exp5_lru_ship/649.fotonik3d_s-7084B": 1760711450.6627126,
    "../results/pref_l2/ipcp_isca/exp5_lru_ship/649.fotonik3d_s-8225B": 1760711450.6627126,
    "../results/pref_l2/ipcp_isca/exp5_lru_ship/654.roms_s-1007B": 1760711450.6627126,
    "../results/pref_l2/ipcp_isca/exp5_lru_ship/654.roms_s-1070B": 1760711450.6627126,
    "../results/pref_l2/ipcp_isca/exp5_lru_ship/654.roms_s-1390B": 1760711450.6627126,
    "../results/pref_l2/ipcp_isca/exp5_lru_ship/654.roms_s-293B": 1760711450.6627126,
    "../results/pref_l2/ipcp_isca/exp5_lru_ship/654.roms_s-294B": 1760711450.6627126,
    "../results/pref_l2/ipcp_isca/exp5_lru_ship/654.roms_s-523B": 1760711450.6637127,
    "../results/pref_l2/ipcp_isca/exp5_lru_ship/657.xz_s-2302B": 1760711450.6637127,
    "../results/pref_l2/ipcp_isca/exp9_srrip_srrip/600.perlbench_s-570B": 1760711450.6667128,
    "../results/pref_l2/ipcp_isca/exp9_srrip_srrip/602.gcc_s-1850B": 1760711450.6667128,
    "../results/pref_l2/ipcp_isca/exp9_srrip_srrip/602.gcc_s-2226B": 1760711450.6667128,
    "../results/pref_l2/ipcp_isca/exp9_srrip_srrip/602.gcc_s-734B": 1760711450.6667128,
    "../results/pref_l2/ipcp_isca/exp9_srrip_srrip/603.bwaves_s-1740B": 1760711450.6667128,
    "../results/pref_l2/ipcp_isca/exp9_srrip_srrip/603.bwaves_s-2609B": 1760711450.6667128,
    "../results/pref_l2/ipcp_isca/exp9_srrip_srrip/603.bwaves_s-2931B": 1760711450.6667128,
    "../results/pref_l2/ipcp_isca/exp9_srrip_srrip/603.bwaves_s-891B": 1760711450.6667128,
    "../results/pref_l2/ipcp_isca/exp9_srrip_srrip/605.mcf_s-1152B": 1760711450.6667128,
    "../results/pref_l2/ipcp_isca/exp9_srrip_srrip/605.mcf_s-1536B": 1760711450.6667128,
    "../results/pref_l2/ipcp_isca/exp9_srrip_srrip/605.mcf_s-1554B": 1760711450.6667128,
    "../results/pref_l2/ipcp_isca/exp9_srrip_srrip/605.mcf_s-1644B": 1760711450.6667128,
    "../results/pref_l2/ipcp_isca/exp9_srrip_srrip/605.mcf_s-472B": 1760711450.6667128,
    "../results/pref_l2/ipcp_isca/exp9_srrip_srrip/605.mcf_s-484B": 1760711450.6667128,
    "../results/pref_l2/ipcp_isca/exp9_srrip_srrip/605.mcf_s-665B": 1760711450.6667128,
    "../results/pref_l2/ipcp_isca/exp9_srrip_srrip/605.mcf_s-782B": 1760711450.6667128,
    "../results/pref_l2/ipcp_isca/exp9_srrip_srrip/605.mcf_s-994B": 1760711450.6667128,
    "../results/pref_l2/ipcp_isca/exp9_srrip_srrip/607.cactuBSSN_s-2421B": 1760711450.6667128,
    "../results/pref_l2/ipcp_isca/exp9_srrip_srrip/607.cactuBSSN_s-3477B": 1760711450.6667128,
    "../results/pref_l2/ipcp_isca/exp9_srrip_srrip/607.cactuBSSN_s-4004B": 1760711450.6667128,
    "../results/pref_l2/ipcp_isca/exp9_srrip_srrip/619.lbm_s-2676B": 1760711450.6667128,
    "../results/pref_l2/ipcp_isca/exp9_srrip_srrip/619.lbm_s-2677B": 1760711450.6667128,
    "../results/pref_l2/ipcp_isca/exp9_srrip_srrip/619.lbm_s-3766B": 1760711450.6667128,
    "../results/pref_l2/ipcp_isca/exp9_srrip_srrip/619.lbm_s-4268B": 1760711450.6667128,
    "../results/pref_l2/ipcp_isca/exp9_srrip_srrip/620.omnetpp_s-141B": 1760711450.6667128,
    "../results/pref_l2/ipcp_isca/exp9_srrip_srrip/620.omnetpp_s-874B": 1760711450.6667128,
    "../results/pref_l2/ipcp_isca/exp9_srrip_srrip/621.wrf_s-6673B": 1760711450.6667128,
    "../results/pref_l2/ipcp_isca/exp9_srrip_srrip/621.wrf_s-8065B": 1760711450.6667128,
    "../results/pref_l2/ipcp_isca/exp9_srrip_srrip/623.xalancbmk_s-10B": 1760711450.6667128,
    "../results/pref_l2/ipcp_isca/exp9_srrip_srrip/623.xalancbmk_s-165B": 1760711450.6677127,
    "../results/pref_l2/ipcp_isca/exp9_srrip_srrip/623.xalancbmk_s-202B": 1760711450.6677127,
    "../results/pref_l2/ipcp_isca/exp9_srrip_srrip/625.x264_s-20B": 1760711450.6677127,
    "../results/pref_l2/ipcp_isca/exp9_srrip_srrip/627.cam4_s-490B": 1760711450.6677127,
    "../results/pref_l2/ipcp_isca/exp9_srrip_srrip/628.pop2_s-17B": 1760711450.6677127,
    "../results/pref_l2/ipcp_isca/exp9_srrip_srrip/649.fotonik3d_s-10881B": 1760711450.6677127,
    "../results/pref_l2/ipcp_isca/exp9_srrip_srrip/649.fotonik3d_s-1176B": 1760711450.6677127,
    "../results/pref_l2/ipcp_isca/exp9_srrip_srrip/649.fotonik3d_s-7084B": 1760711450.6677127,
    "../results/pref_l2/ipcp_isca/exp9_srrip_srrip/649.fotonik3d_s-8225B": 1760711450.6677127,
    "../results/pref_l2/ipcp_isca/exp9_srrip_srrip/654.roms_s-1007B": 1760711450.6677127,
    "../results/pref_l2/ipcp_isca/exp9_srrip_srrip/654.roms_s-1070B": 1760711450.6677127,
    "../results/pref_l2/ipcp_isca/exp9_srrip_srrip/654.roms_s-1390B": 1760711450.6677127,
    "../results/pref_l2/ipcp_isca/exp9_srrip_srrip/654.roms_s-293B": 1760711450.6677127,
    "../results/pref_l2/ipcp_isca/exp9_srrip_srrip/654.roms_s-294B": 1760711450.6677127,
    "../results/pref_l2/ipcp_isca/exp9_srrip_srrip/654.roms_s-523B": 1760711450.6677127,
    "../results/pref_l2/ipcp_isca/exp9_srrip_srrip/657.xz_s-2302B": 1760711450.6677127,
    "../results/pref_l2/ipcp_isca/exp8_srrip_lru/600.perlbench_s-570B": 1760711450.6657126,
    "../results/pref_l2/ipcp_isca/exp8_srrip_lru/602.gcc_s-1850B": 1760711450.6657126,
    "../results/pref_l2/ipcp_isca/exp8_srrip_lru/602.gcc_s-2226B": 1760711450.6657126,
    "../results/pref_l2/ipcp_isca/exp8_srrip_lru/602.gcc_s-734B": 1760711450.6657126,
    "../results/pref_l2/ipcp_isca/exp8_srrip_lru/603.bwaves_s-1740B": 1760711450.6657126,
    "../results/pref_l2/ipcp_isca/exp8_srrip_lru/603.bwaves_s-2609B": 1760711450.6657126,
    "../results/pref_l2/ipcp_isca/exp8_srrip_lru/603.bwaves_s-2931B": 1760711450.6657126,
    "../results/pref_l2/ipcp_isca/exp8_srrip_lru/603.bwaves_s-891B": 1760711450.6657126,
    "../results/pref_l2/ipcp_isca/exp8_srrip_lru/605.mcf_s-1152B": 1760711450.6657126,
    "../results/pref_l2/ipcp_isca/exp8_srrip_lru/605.mcf_s-1536B": 1760711450.6657126,
    "../results/pref_l2/ipcp_isca/exp8_srrip_lru/605.mcf_s-1554B": 1760711450.6657126,
    "../results/pref_l2/ipcp_isca/exp8_srrip_lru/605.mcf_s-1644B": 1760711450.6657126,
    "../results/pref_l2/ipcp_isca/exp8_srrip_lru/605.mcf_s-472B": 1760711450.6657126,
    "../results/pref_l2/ipcp_isca/exp8_srrip_lru/605.mcf_s-484B": 1760711450.6657126,
    "../results/pref_l2/ipcp_isca/exp8_srrip_lru/605.mcf_s-665B": 1760711450.6657126,
    "../results/pref_l2/ipcp_isca/exp8_srrip_lru/605.mcf_s-782B": 1760711450.6657126,
    "../results/pref_l2/ipcp_isca/exp8_srrip_lru/605.mcf_s-994B": 1760711450.6657126,
    "../results/pref_l2/ipcp_isca/exp8_srrip_lru/607.cactuBSSN_s-2421B": 1760711450.6657126,
    "../results/pref_l2/ipcp_isca/exp8_srrip_lru/607.cactuBSSN_s-3477B": 1760711450.6657126,
    "../results/pref_l2/ipcp_isca/exp8_srrip_lru/607.cactuBSSN_s-4004B": 1760711450.6657126,
    "../results/pref_l2/ipcp_isca/exp8_srrip_lru/619.lbm_s-2676B": 1760711450.6657126,
    "../results/pref_l2/ipcp_isca/exp8_srrip_lru/619.lbm_s-2677B": 1760711450.6657126,
    "../results/pref_l2/ipcp_isca/exp8_srrip_lru/619.lbm_s-3766B": 1760711450.6657126,
    "../results/pref_l2/ipcp_isca/exp8_srrip_lru/619.lbm_s-4268B": 1760711450.6657126,
    "../results/pref_l2/ipcp_isca/exp8_srrip_lru/620.omnetpp_s-141B": 1760711450.6657126,
    "../results/pref_l2/ipcp_isca/exp8_srrip_lru/620.omnetpp_s-874B": 1760711450.6657126,
    "../results/pref_l2/ipcp_isca/exp8_srrip_lru/621.wrf_s-6673B": 1760711450.6657126,
    "../results/pref_l2/ipcp_isca/exp8_srrip_lru/621.wrf_s-8065B": 1760711450.6657126,
    "../results/pref_l2/ipcp_isca/exp8_srrip_lru/623.xalancbmk_s-10B": 1760711450.6657126,
    "../results/pref_l2/ipcp_isca/exp8_srrip_lru/623.xalancbmk_s-165B": 1760711450.6657126,
    "../results/pref_l2/ipcp_isca/exp8_srrip_lru/623.xalancbmk_s-202B": 1760711450.6657126,
    "../results/pref_l2/ipcp_isca/exp8_srrip_lru/625.x264_s-20B": 1760711450.6667128,
    "../results/pref_l2/ipcp_isca/exp8_srrip_lru/627.cam4_s-490B": 1760711450.6667128,
    "../results/pref_l2/ipcp_isca/exp8_srrip_lru/628.pop2_s-17B": 1760711450.6667128,
    "../results/pref_l2/ipcp_isca/exp8_srrip_lru/649.fotonik3d_s-10881B": 1760711450.6667128,
    "../results/pref_l2/ipcp_isca/exp8_srrip_lru/649.fotonik3d_s-1176B": 1760711450.6667128,
    "../results/pref_l2/ipcp_isca/exp8_srrip_lru/649.fotonik3d_s-7084B": 1760711450.6667128,
    "../results/pref_l2/ipcp_isca/exp8_srrip_lru/649.fotonik3d_s-8225B": 1760711450.6667128,
    "../results/pref_l2/ipcp_isca/exp8_srrip_lru/654.roms_s-1007B": 1760711450.6667128,
    "../results/pref_l2/ipcp_isca/exp8_srrip_lru/654.roms_s-1070B": 1760711450.6667128,
    "../results/pref_l2/ipcp_isca/exp8_srrip_lru/654.roms_s-1390B": 1760711450.6667128,
    "../results/pref_l2/ipcp_isca/exp8_srrip_lru/654.roms_s-293B": 1760711450.6667128,
    "../results/pref_l2/ipcp_isca/exp8_srrip_lru/654.roms_s-294B": 1760711450.6667128,
    "../results/pref_l2/ipcp_isca/exp8_srrip_lru/654.roms_s-523B": 1760711450.6667128,
    "../results/pref_l2/ipcp_isca/exp8_srrip_lru/657.xz_s-2302B": 1760711450.6667128,
    "../results/pref_l2/ipcp_isca/exp6_lru_ship++/600.perlbench_s-570B": 1760711450.6637127,
    "../results/pref_l2/ipcp_isca/exp6_lru_ship++/602.gcc_s-1850B": 1760711450.6637127,
    "../results/pref_l2/ipcp_isca/exp6_lru_ship++/602.gcc_s-2226B": 1760711450.6637127,
    "../results/pref_l2/ipcp_isca/exp6_lru_ship++/602.gcc_s-734B": 1760711450.6637127,
    "../results/pref_l2/ipcp_isca/exp6_lru_ship++/603.bwaves_s-1740B": 1760711450.6637127,
    "../results/pref_l2/ipcp_isca/exp6_lru_ship++/603.bwaves_s-2609B": 1760711450.6637127,
    "../results/pref_l2/ipcp_isca/exp6_lru_ship++/603.bwaves_s-2931B": 1760711450.6637127,
    "../results/pref_l2/ipcp_isca/exp6_lru_ship++/603.bwaves_s-891B": 1760711450.6637127,
    "../results/pref_l2/ipcp_isca/exp6_lru_ship++/605.mcf_s-1152B": 1760711450.6637127,
    "../results/pref_l2/ipcp_isca/exp6_lru_ship++/605.mcf_s-1536B": 1760711450.6637127,
    "../results/pref_l2/ipcp_isca/exp6_lru_ship++/605.mcf_s-1554B": 1760711450.6637127,
    "../results/pref_l2/ipcp_isca/exp6_lru_ship++/605.mcf_s-1644B": 1760711450.6637127,
    "../results/pref_l2/ipcp_isca/exp6_lru_ship++/605.mcf_s-472B": 1760711450.6637127,
    "../results/pref_l2/ipcp_isca/exp6_lru_ship++/605.mcf_s-484B": 1760711450.6637127,
    "../results/pref_l2/ipcp_isca/exp6_lru_ship++/605.mcf_s-665B": 1760711450.6637127,
    "../results/pref_l2/ipcp_isca/exp6_lru_ship++/605.mcf_s-782B": 1760711450.6637127,
    "../results/pref_l2/ipcp_isca/exp6_lru_ship++/605.mcf_s-994B": 1760711450.6637127,
    "../results/pref_l2/ipcp_isca/exp6_lru_ship++/607.cactuBSSN_s-2421B": 1760711450.6637127,
    "../results/pref_l2/ipcp_isca/exp6_lru_ship++/607.cactuBSSN_s-3477B": 1760711450.6637127,
    "../results/pref_l2/ipcp_isca/exp6_lru_ship++/607.cactuBSSN_s-4004B": 1760711450.6637127,
    "../results/pref_l2/ipcp_isca/exp6_lru_ship++/619.lbm_s-2676B": 1760711450.6637127,
    "../results/pref_l2/ipcp_isca/exp6_lru_ship++/619.lbm_s-2677B": 1760711450.6637127,
    "../results/pref_l2/ipcp_isca/exp6_lru_ship++/619.lbm_s-3766B": 1760711450.6637127,
    "../results/pref_l2/ipcp_isca/exp6_lru_ship++/619.lbm_s-4268B": 1760711450.6637127,
    "../results/pref_l2/ipcp_isca/exp6_lru_ship++/620.omnetpp_s-141B": 1760711450.6637127,
    "../results/pref_l2/ipcp_isca/exp6_lru_ship++/620.omnetpp_s-874B": 1760711450.6637127,
    "../results/pref_l2/ipcp_isca/exp6_lru_ship++/621.wrf_s-6673B": 1760711450.6637127,
    "../results/pref_l2/ipcp_isca/exp6_lru_ship++/621.wrf_s-8065B": 1760711450.6637127,
    "../results/pref_l2/ipcp_isca/exp6_lru_ship++/623.xalancbmk_s-10B": 1760711450.6637127,
    "../results/pref_l2/ipcp_isca/exp6_lru_ship++/623.xalancbmk_s-165B": 1760711450.6637127,
    "../results/pref_l2/ipcp_isca/exp6_lru_ship++/623.xalancbmk_s-202B": 1760711450.6637127,
    "../results/pref_l2/ipcp_isca/exp6_lru_ship++/625.x264_s-20B": 1760711450.6637127,
    "../results/pref_l2/ipcp_isca/exp6_lru_ship++/627.cam4_s-490B": 1760711450.6637127,
    "../results/pref_l2/ipcp_isca/exp6_lru_ship++/628.pop2_s-17B": 1760711450.6637127,
    "../results/pref_l2/ipcp_isca/exp6_lru_ship++/649.fotonik3d_s-10881B": 1760711450.6647127,
    "../results/pref_l2/ipcp_isca/exp6_lru_ship++/649.fotonik3d_s-1176B": 1760711450.6647127,
    "../results/pref_l2/ipcp_isca/exp6_lru_ship++/649.fotonik3d_s-7084B": 1760711450.6647127,
    "../results/pref_l2/ipcp_isca/exp6_lru_ship++/649.fotonik3d_s-8225B": 1760711450.6647127,
    "../results/pref_l2/ipcp_isca/exp6_lru_ship++/654.roms_s-1007B": 1760711450.6647127,
    "../results/pref_l2/ipcp_isca/exp6_lru_ship++/654.roms_s-1070B": 1760711450.6647127,
    "../results/pref_l2/ipcp_isca/exp6_lru_ship++/654.roms_s-1390B": 1760711450.6647127,
    "../results/pref_l2/ipcp_isca/exp6_lru_ship++/654.roms_s-293B": 1760711450.6647127,
    "../results/pref_l2/ipcp_isca/exp6_lru_ship++/654.roms_s-294B": 1760711450.6647127,
    "../results/pref_l2/ipcp_isca/exp6_lru_ship++/654.roms_s-523B": 1760711450.6647127,
    "../results/pref_l2/ipcp_isca/exp6_lru_ship++/657.xz_s-2302B": 1760711450.6647127,
    "../results/pref_l2/ipcp_isca/exp7_lru_mockingjay/600.perlbench_s-570B": 1760711450.6647127,
    "../results/pref_l2/ipcp_isca/exp7_lru_mockingjay/602.gcc_s-1850B": 1760711450.6647127,
    "../results/pref_l2/ipcp_isca/exp7_lru_mockingjay/602.gcc_s-2226B": 1760711450.6647127,
    "../results/pref_l2/ipcp_isca/exp7_lru_mockingjay/602.gcc_s-734B": 1760711450.6647127,
    "../results/pref_l2/ipcp_isca/exp7_lru_mockingjay/603.bwaves_s-1740B": 1760711450.6647127,
    "../results/pref_l2/ipcp_isca/exp7_lru_mockingjay/603.bwaves_s-2609B": 1760711450.6647127,
    "../results/pref_l2/ipcp_isca/exp7_lru_mockingjay/603.bwaves_s-2931B": 1760711450.6647127,
    "../results/pref_l2/ipcp_isca/exp7_lru_mockingjay/603.bwaves_s-891B": 1760711450.6647127,
    "../results/pref_l2/ipcp_isca/exp7_lru_mockingjay/605.mcf_s-1152B": 1760711450.6647127,
    "../results/pref_l2/ipcp_isca/exp7_lru_mockingjay/605.mcf_s-1536B": 1760711450.6647127,
    "../results/pref_l2/ipcp_isca/exp7_lru_mockingjay/605.mcf_s-1554B": 1760711450.6647127,
    "../results/pref_l2/ipcp_isca/exp7_lru_mockingjay/605.mcf_s-1644B": 1760711450.6647127,
    "../results/pref_l2/ipcp_isca/exp7_lru_mockingjay/605.mcf_s-472B": 1760711450.6647127,
    "../results/pref_l2/ipcp_isca/exp7_lru_mockingjay/605.mcf_s-484B": 1760711450.6647127,
    "../results/pref_l2/ipcp_isca/exp7_lru_mockingjay/605.mcf_s-665B": 1760711450.6647127,
    "../results/pref_l2/ipcp_isca/exp7_lru_mockingjay/605.mcf_s-782B": 1760711450.6647127,
    "../results/pref_l2/ipcp_isca/exp7_lru_mockingjay/605.mcf_s-994B": 1760711450.6647127,
    "../results/pref_l2/ipcp_isca/exp7_lru_mockingjay/607.cactuBSSN_s-2421B": 1760711450.6647127,
    "../results/pref_l2/ipcp_isca/exp7_lru_mockingjay/607.cactuBSSN_s-3477B": 1760711450.6647127,
    "../results/pref_l2/ipcp_isca/exp7_lru_mockingjay/607.cactuBSSN_s-4004B": 1760711450.6647127,
    "../results/pref_l2/ipcp_isca/exp7_lru_mockingjay/619.lbm_s-2676B": 1760711450.6647127,
    "../results/pref_l2/ipcp_isca/exp7_lru_mockingjay/619.lbm_s-2677B": 1760711450.6647127,
    "../results/pref_l2/ipcp_isca/exp7_lru_mockingjay/619.lbm_s-3766B": 1760711450.6647127,
    "../results/pref_l2/ipcp_isca/exp7_lru_mockingjay/619.lbm_s-4268B": 1760711450.6647127,
    "../results/pref_l2/ipcp_isca/exp7_lru_mockingjay/620.omnetpp_s-141B": 1760711450.6647127,
    "../results/pref_l2/ipcp_isca/exp7_lru_mockingjay/620.omnetpp_s-874B": 1760711450.6647127,
    "../results/pref_l2/ipcp_isca/exp7_lru_mockingjay/621.wrf_s-6673B": 1760711450.6647127,
    "../results/pref_l2/ipcp_isca/exp7_lru_mockingjay/621.wrf_s-8065B": 1760711450.6647127,
    "../results/pref_l2/ipcp_isca/exp7_lru_mockingjay/623.xalancbmk_s-10B": 1760711450.6647127,
    "../results/pref_l2/ipcp_isca/exp7_lru_mockingjay/623.xalancbmk_s-165B": 1760711450.6647127,
    "../results/pref_l2/ipcp_isca/exp7_lru_mockingjay/623.xalancbmk_s-202B": 1760711450.6657126,
    "../results/pref_l2/ipcp_isca/exp7_lru_mockingjay/625.x264_s-20B": 1760711450.6657126,
    "../results/pref_l2/ipcp_isca/exp7_lru_mockingjay/627.cam4_s-490B": 1760711450.6657126,
    "../results/pref_l2/ipcp_isca/exp7_lru_mockingjay/628.pop2_s-17B": 1760711450.6657126,
    "../results/pref_l2/ipcp_isca/exp7_lru_mockingjay/649.fotonik3d_s-10881B": 1760711450.6657126,
    "../results/pref_l2/ipcp_isca/exp7_lru_mockingjay/649.fotonik3d_s-1176B": 1760711450.6657126,
    "../results/pref_l2/ipcp_isca/exp7_lru_mockingjay/649.fotonik3d_s-7084B": 1760711450.6657126,
    "../results/pref_l2/ipcp_isca/exp7_lru_mockingjay/649.fotonik3d_s-8225B": 1760711450.6657126,
    "../results/pref_l2/ipcp_isca/exp7_lru_mockingjay/654.roms_s-1007B": 1760711450.6657126,
    "../results/pref_l2/ipcp_isca/exp7_lru_mockingjay/654.roms_s-1070B": 1760711450.6657126,
    "../results/pref_l2/ipcp_isca/exp7_lru_mockingjay/654.roms_s-1390B": 1760711450.6657126,
    "../results/pref_l2/ipcp_isca/exp7_lru_mockingjay/654.roms_s-293B": 1760711450.6657126,
    "../results/pref_l2/ipcp_isca/exp7_lru_mockingjay/654.roms_s-294B": 1760711450.6657126,
    "../results/pref_l2/ipcp_isca/exp7_lru_mockingjay/654.roms_s-523B": 1760711450.6657126,
    "../results/pref_l2/ipcp_isca/exp7_lru_mockingjay/657.xz_s-2302B": 1760711450.6657126,
    "../results/pref_l2/ipcp_isca/exp10_srrip_drrip/600.perlbench_s-570B": 1760711450.6527126,
    "../results/pref_l2/ipcp_isca/exp10_srrip_drrip/602.gcc_s-1850B": 1760711450.6527126,
    "../results/pref_l2/ipcp_isca/exp10_srrip_drrip/602.gcc_s-2226B": 1760711450.6527126,
    "../results/pref_l2/ipcp_isca/exp10_srrip_drrip/602.gcc_s-734B": 1760711450.6527126,
    "../results/pref_l2/ipcp_isca/exp10_srrip_drrip/603.bwaves_s-1740B": 1760711450.6527126,
    "../results/pref_l2/ipcp_isca/exp10_srrip_drrip/603.bwaves_s-2609B": 1760711450.6527126,
    "../results/pref_l2/ipcp_isca/exp10_srrip_drrip/603.bwaves_s-2931B": 1760711450.6527126,
    "../results/pref_l2/ipcp_isca/exp10_srrip_drrip/603.bwaves_s-891B": 1760711450.6527126,
    "../results/pref_l2/ipcp_isca/exp10_srrip_drrip/605.mcf_s-1152B": 1760711450.6527126,
    "../results/pref_l2/ipcp_isca/exp10_srrip_drrip/605.mcf_s-1536B": 1760711450.6527126,
    "../results/pref_l2/ipcp_isca/exp10_srrip_drrip/605.mcf_s-1554B": 1760711450.6527126,
    "../results/pref_l2/ipcp_isca/exp10_srrip_drrip/605.mcf_s-1644B": 1760711450.6527126,
    "../results/pref_l2/ipcp_isca/exp10_srrip_drrip/605.mcf_s-472B": 1760711450.6527126,
    "../results/pref_l2/ipcp_isca/exp10_srrip_drrip/605.mcf_s-484B": 1760711450.6527126,
    "../results/pref_l2/ipcp_isca/exp10_srrip_drrip/605.mcf_s-665B": 1760711450.6527126,
    "../results/pref_l2/ipcp_isca/exp10_srrip_drrip/605.mcf_s-782B": 1760711450.6527126,
    "../results/pref_l2/ipcp_isca/exp10_srrip_drrip/605.mcf_s-994B": 1760711450.6527126,
    "../results/pref_l2/ipcp_isca/exp10_srrip_drrip/607.cactuBSSN_s-2421B": 1760711450.6527126,
    "../results/pref_l2/ipcp_isca/exp10_srrip_drrip/607.cactuBSSN_s-3477B": 1760711450.6527126,
    "../results/pref_l2/ipcp_isca/exp10_srrip_drrip/607.cactuBSSN_s-4004B": 1760711450.6527126,
    "../results/pref_l2/ipcp_isca/exp10_srrip_drrip/619.lbm_s-2676B": 1760711450.6527126,
    "../results/pref_l2/ipcp_isca/exp10_srrip_drrip/619.lbm_s-2677B": 1760711450.6527126,
    "../results/pref_l2/ipcp_isca/exp10_srrip_drrip/619.lbm_s-3766B": 1760711450.6527126,
    "../results/pref_l2/ipcp_isca/exp10_srrip_drrip/619.lbm_s-4268B": 1760711450.6527126,
    "../results/pref_l2/ipcp_isca/exp10_srrip_drrip/620.omnetpp_s-141B": 1760711450.6527126,
    "../results/pref_l2/ipcp_isca/exp10_srrip_drrip/620.omnetpp_s-874B": 1760711450.6527126,
    "../results/pref_l2/ipcp_isca/exp10_srrip_drrip/621.wrf_s-6673B": 1760711450.6527126,
    "../results/pref_l2/ipcp_isca/exp10_srrip_drrip/621.wrf_s-8065B": 1760711450.6527126,
    "../results/pref_l2/ipcp_isca/exp10_srrip_drrip/623.xalancbmk_s-10B": 1760711450.6527126,
    "../results/pref_l2/ipcp_isca/exp10_srrip_drrip/623.xalancbmk_s-165B": 1760711450.6527126,
    "../results/pref_l2/ipcp_isca/exp10_srrip_drrip/623.xalancbmk_s-202B": 1760711450.6527126,
    "../results/pref_l2/ipcp_isca/exp10_srrip_drrip/625.x264_s-20B": 1760711450.6537125,
    "../results/pref_l2/ipcp_isca/exp10_srrip_drrip/627.cam4_s-490B": 1760711450.6537125,
    "../results/pref_l2/ipcp_isca/exp10_srrip_drrip/628.pop2_s-17B": 1760711450.6537125,
    "../results/pref_l2/ipcp_isca/exp10_srrip_drrip/649.fotonik3d_s-10881B": 1760711450.6537125,
    "../results/pref_l2/ipcp_isca/exp10_srrip_drrip/649.fotonik3d_s-1176B": 1760711450.6537125,
    "../results/pref_l2/ipcp_isca/exp10_srrip_drrip/649.fotonik3d_s-7084B": 1760711450.6537125,
    "../results/pref_l2/ipcp_isca/exp10_srrip_drrip/649.fotonik3d_s-8225B": 1760711450.6537125,
    "../results/pref_l2/ipcp_isca/exp10_srrip_drrip/654.roms_s-1007B": 1760711450.6537125,
    "../results/pref_l2/ipcp_isca/exp10_srrip_drrip/654.roms_s-1070B": 1760711450.6537125,
    "../results/pref_l2/ipcp_isca/exp10_srrip_drrip/654.roms_s-1390B": 1760711450.6537125,
    "../results/pref_l2/ipcp_isca/exp10_srrip_drrip/654.roms_s-293B": 1760711450.6537125,
    "../results/pref_l2/ipcp_isca/exp10_srrip_drrip/654.roms_s-294B": 1760711450.6537125,
    "../results/pref_l2/ipcp_isca/exp10_srrip_drrip/654.roms_s-523B": 1760711450.6537125,
    "../results/pref_l2/ipcp_isca/exp10_srrip_drrip/657.xz_s-2302B": 1760711450.6537125,
    "../results/pref_l2/bingo/exp12_srrip_ship/600.perlbench_s-570B": 1760711450.6347122,
    "../results/pref_l2/bingo/exp12_srrip_ship/602.gcc_s-1850B": 1760711450.6347122,
    "../results/pref_l2/bingo/exp12_srrip_ship/602.gcc_s-2226B": 1760711450.6347122,
    "../results/pref_l2/bingo/exp12_srrip_ship/602.gcc_s-734B": 1760711450.6347122,
    "../results/pref_l2/bingo/exp12_srrip_ship/603.bwaves_s-1740B": 1760711450.6347122,
    "../results/pref_l2/bingo/exp12_srrip_ship/603.bwaves_s-2609B": 1760711450.6347122,
    "../results/pref_l2/bingo/exp12_srrip_ship/603.bwaves_s-2931B": 1760711450.6347122,
    "../results/pref_l2/bingo/exp12_srrip_ship/603.bwaves_s-891B": 1760711450.6347122,
    "../results/pref_l2/bingo/exp12_srrip_ship/605.mcf_s-1152B": 1760711450.6347122,
    "../results/pref_l2/bingo/exp12_srrip_ship/605.mcf_s-1536B": 1760711450.6347122,
    "../results/pref_l2/bingo/exp12_srrip_ship/605.mcf_s-1554B": 1760711450.6347122,
    "../results/pref_l2/bingo/exp12_srrip_ship/605.mcf_s-1644B": 1760711450.6347122,
    "../results/pref_l2/bingo/exp12_srrip_ship/605.mcf_s-472B": 1760711450.6347122,
    "../results/pref_l2/bingo/exp12_srrip_ship/605.mcf_s-484B": 1760711450.6347122,
    "../results/pref_l2/bingo/exp12_srrip_ship/605.mcf_s-665B": 1760711450.6347122,
    "../results/pref_l2/bingo/exp12_srrip_ship/605.mcf_s-782B": 1760711450.6347122,
    "../results/pref_l2/bingo/exp12_srrip_ship/605.mcf_s-994B": 1760711450.6347122,
    "../results/pref_l2/bingo/exp12_srrip_ship/607.cactuBSSN_s-2421B": 1760711450.6347122,
    "../results/pref_l2/bingo/exp12_srrip_ship/607.cactuBSSN_s-3477B": 1760711450.6347122,
    "../results/pref_l2/bingo/exp12_srrip_ship/607.cactuBSSN_s-4004B": 1760711450.6347122,
    "../results/pref_l2/bingo/exp12_srrip_ship/619.lbm_s-2676B": 1760711450.6347122,
    "../results/pref_l2/bingo/exp12_srrip_ship/619.lbm_s-2677B": 1760711450.6347122,
    "../results/pref_l2/bingo/exp12_srrip_ship/619.lbm_s-3766B": 1760711450.6347122,
    "../results/pref_l2/bingo/exp12_srrip_ship/619.lbm_s-4268B": 1760711450.6347122,
    "../results/pref_l2/bingo/exp12_srrip_ship/620.omnetpp_s-141B": 1760711450.6347122,
    "../results/pref_l2/bingo/exp12_srrip_ship/620.omnetpp_s-874B": 1760711450.6347122,
    "../results/pref_l2/bingo/exp12_srrip_ship/621.wrf_s-6673B": 1760711450.6347122,
    "../results/pref_l2/bingo/exp12_srrip_ship/621.wrf_s-8065B": 1760711450.6347122,
    "../results/pref_l2/bingo/exp12_srrip_ship/623.xalancbmk_s-10B": 1760711450.6347122,
    "../results/pref_l2/bingo/exp12_srrip_ship/623.xalancbmk_s-165B": 1760711450.6347122,
    "../results/pref_l2/bingo/exp12_srrip_ship/623.xalancbmk_s-202B": 1760711450.6347122,
    "../results/pref_l2/bingo/exp12_srrip_ship/625.x264_s-20B": 1760711450.6347122,
    "../results/pref_l2/bingo/exp12_srrip_ship/627.cam4_s-490B": 1760711450.6357124,
    "../results/pref_l2/bingo/exp12_srrip_ship/628.pop2_s-17B": 1760711450.6357124,
    "../results/pref_l2/bingo/exp12_srrip_ship/649.fotonik3d_s-10881B": 1760711450.6357124,
    "../results/pref_l2/bingo/exp12_srrip_ship/649.fotonik3d_s-1176B": 1760711450.6357124,
    "../results/pref_l2/bingo/exp12_srrip_ship/649.fotonik3d_s-7084B": 1760711450.6357124,
    "../results/pref_l2/bingo/exp12_srrip_ship/649.fotonik3d_s-8225B": 1760711450.6357124,
    "../results/pref_l2/bingo/exp12_srrip_ship/654.roms_s-1007B": 1760711450.6357124,
    "../results/pref_l2/bingo/exp12_srrip_ship/654.roms_s-1070B": 1760711450.6357124,
    "../results/pref_l2/bingo/exp12_srrip_ship/654.roms_s-1390B": 1760711450.6357124,
    "../results/pref_l2/bingo/exp12_srrip_ship/654.roms_s-293B": 1760711450.6357124,
    "../results/pref_l2/bingo/exp12_srrip_ship/654.roms_s-294B": 1760711450.6357124,
    "../results/pref_l2/bingo/exp12_srrip_ship/654.roms_s-523B": 1760711450.6357124,
    "../results/pref_l2/bingo/exp12_srrip_ship/657.xz_s-2302B": 1760711450.6357124,
    "../results/pref_l2/bingo/exp1_lru_lru/600.perlbench_s-570B": 1760711450.6227121,
    "../results/pref_l2/bingo/exp1_lru_lru/602.gcc_s-1850B": 1760711450.6227121,
    "../results/pref_l2/bingo/exp1_lru_lru/602.gcc_s-2226B": 1760711450.6227121,
    "../results/pref_l2/bingo/exp1_lru_lru/602.gcc_s-734B": 1760711450.6227121,
    "../results/pref_l2/bingo/exp1_lru_lru/603.bwaves_s-1740B": 1760711450.6227121,
    "../results/pref_l2/bingo/exp1_lru_lru/603.bwaves_s-2609B": 1760711450.6227121,
    "../results/pref_l2/bingo/exp1_lru_lru/603.bwaves_s-2931B": 1760711450.6227121,
    "../results/pref_l2/bingo/exp1_lru_lru/603.bwaves_s-891B": 1760711450.6227121,
    "../results/pref_l2/bingo/exp1_lru_lru/605.mcf_s-1152B": 1760711450.6227121,
    "../results/pref_l2/bingo/exp1_lru_lru/605.mcf_s-1536B": 1760711450.6227121,
    "../results/pref_l2/bingo/exp1_lru_lru/605.mcf_s-1554B": 1760711450.6227121,
    "../results/pref_l2/bingo/exp1_lru_lru/605.mcf_s-1644B": 1760711450.6227121,
    "../results/pref_l2/bingo/exp1_lru_lru/605.mcf_s-472B": 1760711450.6227121,
    "../results/pref_l2/bingo/exp1_lru_lru/605.mcf_s-484B": 1760711450.6227121,
    "../results/pref_l2/bingo/exp1_lru_lru/605.mcf_s-665B": 1760711450.6227121,
    "../results/pref_l2/bingo/exp1_lru_lru/605.mcf_s-782B": 1760711450.6227121,
    "../results/pref_l2/bingo/exp1_lru_lru/605.mcf_s-994B": 1760711450.6227121,
    "../results/pref_l2/bingo/exp1_lru_lru/607.cactuBSSN_s-2421B": 1760711450.6227121,
    "../results/pref_l2/bingo/exp1_lru_lru/607.cactuBSSN_s-3477B": 1760711450.6227121,
    "../results/pref_l2/bingo/exp1_lru_lru/607.cactuBSSN_s-4004B": 1760711450.6227121,
    "../results/pref_l2/bingo/exp1_lru_lru/619.lbm_s-2676B": 1760711450.6227121,
    "../results/pref_l2/bingo/exp1_lru_lru/619.lbm_s-2677B": 1760711450.6237123,
    "../results/pref_l2/bingo/exp1_lru_lru/619.lbm_s-3766B": 1760711450.6237123,
    "../results/pref_l2/bingo/exp1_lru_lru/619.lbm_s-4268B": 1760711450.6237123,
    "../results/pref_l2/bingo/exp1_lru_lru/620.omnetpp_s-141B": 1760711450.6237123,
    "../results/pref_l2/bingo/exp1_lru_lru/620.omnetpp_s-874B": 1760711450.6237123,
    "../results/pref_l2/bingo/exp1_lru_lru/621.wrf_s-6673B": 1760711450.6237123,
    "../results/pref_l2/bingo/exp1_lru_lru/621.wrf_s-8065B": 1760711450.6237123,
    "../results/pref_l2/bingo/exp1_lru_lru/623.xalancbmk_s-10B": 1760711450.6237123,
    "../results/pref_l2/bingo/exp1_lru_lru/623.xalancbmk_s-165B": 1760711450.6237123,
    "../results/pref_l2/bingo/exp1_lru_lru/623.xalancbmk_s-202B": 1760711450.6237123,
    "../results/pref_l2/bingo/exp1_lru_lru/625.x264_s-20B": 1760711450.6237123,
    "../results/pref_l2/bingo/exp1_lru_lru/627.cam4_s-490B": 1760711450.6237123,
    "../results/pref_l2/bingo/exp1_lru_lru/628.pop2_s-17B": 1760711450.6237123,
    "../results/pref_l2/bingo/exp1_lru_lru/649.fotonik3d_s-10881B": 1760711450.6237123,
    "../results/pref_l2/bingo/exp1_lru_lru/649.fotonik3d_s-1176B": 1760711450.6237123,
    "../results/pref_l2/bingo/exp1_lru_lru/649.fotonik3d_s-7084B": 1760711450.6237123,
    "../results/pref_l2/bingo/exp1_lru_lru/649.fotonik3d_s-8225B": 1760711450.6237123,
    "../results/pref_l2/bingo/exp1_lru_lru/654.roms_s-1007B": 1760711450.6237123,
    "../results/pref_l2/bingo/exp1_lru_lru/654.roms_s-1070B": 1760711450.6237123,
    "../results/pref_l2/bingo/exp1_lru_lru/654.roms_s-1390B": 1760711450.6237123,
    "../results/pref_l2/bingo/exp1_lru_lru/654.roms_s-293B": 1760711450.6237123,
    "../results/pref_l2/bingo/exp1_lru_lru/654.roms_s-294B": 1760711450.6237123,
    "../results/pref_l2/bingo/exp1_lru_lru/654.roms_s-523B": 1760711450.6237123,
    "../results/pref_l2/bingo/exp1_lru_lru/657.xz_s-2302B": 1760711450.6237123,
    "../results/pref_l2/bingo/exp14_srrip_mockingjay/600.perlbench_s-570B": 1760711450.6367123,
    "../results/pref_l2/bingo/exp14_srrip_mockingjay/602.gcc_s-1850B": 1760711450.6367123,
    "../results/pref_l2/bingo/exp14_srrip_mockingjay/602.gcc_s-2226B": 1760711450.6367123,
    "../results/pref_l2/bingo/exp14_srrip_mockingjay/602.gcc_s-734B": 1760711450.6367123,
    "../results/pref_l2/bingo/exp14_srrip_mockingjay/603.bwaves_s-1740B": 1760711450.6367123,
    "../results/pref_l2/bingo/exp14_srrip_mockingjay/603.bwaves_s-2609B": 1760711450.6367123,
    "../results/pref_l2/bingo/exp14_srrip_mockingjay/603.bwaves_s-2931B": 1760711450.6367123,
    "../results/pref_l2/bingo/exp14_srrip_mockingjay/603.bwaves_s-891B": 1760711450.6367123,
    "../results/pref_l2/bingo/exp14_srrip_mockingjay/605.mcf_s-1152B": 1760711450.6367123,
    "../results/pref_l2/bingo/exp14_srrip_mockingjay/605.mcf_s-1536B": 1760711450.6367123,
    "../results/pref_l2/bingo/exp14_srrip_mockingjay/605.mcf_s-1554B": 1760711450.6367123,
    "../results/pref_l2/bingo/exp14_srrip_mockingjay/605.mcf_s-1644B": 1760711450.6367123,
    "../results/pref_l2/bingo/exp14_srrip_mockingjay/605.mcf_s-472B": 1760711450.6367123,
    "../results/pref_l2/bingo/exp14_srrip_mockingjay/605.mcf_s-484B": 1760711450.6367123,
    "../results/pref_l2/bingo/exp14_srrip_mockingjay/605.mcf_s-665B": 1760711450.6367123,
    "../results/pref_l2/bingo/exp14_srrip_mockingjay/605.mcf_s-782B": 1760711450.6367123,
    "../results/pref_l2/bingo/exp14_srrip_mockingjay/605.mcf_s-994B": 1760711450.6367123,
    "../results/pref_l2/bingo/exp14_srrip_mockingjay/607.cactuBSSN_s-2421B": 1760711450.6367123,
    "../results/pref_l2/bingo/exp14_srrip_mockingjay/607.cactuBSSN_s-3477B": 1760711450.6367123,
    "../results/pref_l2/bingo/exp14_srrip_mockingjay/607.cactuBSSN_s-4004B": 1760711450.6367123,
    "../results/pref_l2/bingo/exp14_srrip_mockingjay/619.lbm_s-2676B": 1760711450.6367123,
    "../results/pref_l2/bingo/exp14_srrip_mockingjay/619.lbm_s-2677B": 1760711450.6367123,
    "../results/pref_l2/bingo/exp14_srrip_mockingjay/619.lbm_s-3766B": 1760711450.6367123,
    "../results/pref_l2/bingo/exp14_srrip_mockingjay/619.lbm_s-4268B": 1760711450.6367123,
    "../results/pref_l2/bingo/exp14_srrip_mockingjay/620.omnetpp_s-141B": 1760711450.6367123,
    "../results/pref_l2/bingo/exp14_srrip_mockingjay/620.omnetpp_s-874B": 1760711450.6367123,
    "../results/pref_l2/bingo/exp14_srrip_mockingjay/621.wrf_s-6673B": 1760711450.6367123,
    "../results/pref_l2/bingo/exp14_srrip_mockingjay/621.wrf_s-8065B": 1760711450.6367123,
    "../results/pref_l2/bingo/exp14_srrip_mockingjay/623.xalancbmk_s-10B": 1760711450.6367123,
    "../results/pref_l2/bingo/exp14_srrip_mockingjay/623.xalancbmk_s-165B": 1760711450.6367123,
    "../results/pref_l2/bingo/exp14_srrip_mockingjay/623.xalancbmk_s-202B": 1760711450.6367123,
    "../results/pref_l2/bingo/exp14_srrip_mockingjay/625.x264_s-20B": 1760711450.6377122,
    "../results/pref_l2/bingo/exp14_srrip_mockingjay/627.cam4_s-490B": 1760711450.6377122,
    "../results/pref_l2/bingo/exp14_srrip_mockingjay/628.pop2_s-17B": 1760711450.6377122,
    "../results/pref_l2/bingo/exp14_srrip_mockingjay/649.fotonik3d_s-10881B": 1760711450.6377122,
    "../results/pref_l2/bingo/exp14_srrip_mockingjay/649.fotonik3d_s-1176B": 1760711450.6377122,
    "../results/pref_l2/bingo/exp14_srrip_mockingjay/649.fotonik3d_s-7084B": 1760711450.6377122,
    "../results/pref_l2/bingo/exp14_srrip_mockingjay/649.fotonik3d_s-8225B": 1760711450.6377122,
    "../results/pref_l2/bingo/exp14_srrip_mockingjay/654.roms_s-1007B": 1760711450.6377122,
    "../results/pref_l2/bingo/exp14_srrip_mockingjay/654.roms_s-1070B": 1760711450.6377122,
    "../results/pref_l2/bingo/exp14_srrip_mockingjay/654.roms_s-1390B": 1760711450.6377122,
    "../results/pref_l2/bingo/exp14_srrip_mockingjay/654.roms_s-293B": 1760711450.6377122,
    "../results/pref_l2/bingo/exp14_srrip_mockingjay/654.roms_s-294B": 1760711450.6377122,
    "../results/pref_l2/bingo/exp14_srrip_mockingjay/654.roms_s-523B": 1760711450.6377122,
    "../results/pref_l2/bingo/exp14_srrip_mockingjay/657.xz_s-2302B": 1760711450.6377122,
    "../results/pref_l2/bingo/exp11_srrip_hawkeye/600.perlbench_s-570B": 1760711450.6327124,
    "../results/pref_l2/bingo/exp11_srrip_hawkeye/602.gcc_s-1850B": 1760711450.6327124,
    "../results/pref_l2/bingo/exp11_srrip_hawkeye/602.gcc_s-2226B": 1760711450.6327124,
    "../results/pref_l2/bingo/exp11_srrip_hawkeye/602.gcc_s-734B": 1760711450.6327124,
    "../results/pref_l2/bingo/exp11_srrip_hawkeye/603.bwaves_s-1740B": 1760711450.6327124,
    "../results/pref_l2/bingo/exp11_srrip_hawkeye/603.bwaves_s-2609B": 1760711450.6327124,
    "../results/pref_l2/bingo/exp11_srrip_hawkeye/603.bwaves_s-2931B": 1760711450.6337123,
    "../results/pref_l2/bingo/exp11_srrip_hawkeye/603.bwaves_s-891B": 1760711450.6337123,
    "../results/pref_l2/bingo/exp11_srrip_hawkeye/605.mcf_s-1152B": 1760711450.6337123,
    "../results/pref_l2/bingo/exp11_srrip_hawkeye/605.mcf_s-1536B": 1760711450.6337123,
    "../results/pref_l2/bingo/exp11_srrip_hawkeye/605.mcf_s-1554B": 1760711450.6337123,
    "../results/pref_l2/bingo/exp11_srrip_hawkeye/605.mcf_s-1644B": 1760711450.6337123,
    "../results/pref_l2/bingo/exp11_srrip_hawkeye/605.mcf_s-472B": 1760711450.6337123,
    "../results/pref_l2/bingo/exp11_srrip_hawkeye/605.mcf_s-484B": 1760711450.6337123,
    "../results/pref_l2/bingo/exp11_srrip_hawkeye/605.mcf_s-665B": 1760711450.6337123,
    "../results/pref_l2/bingo/exp11_srrip_hawkeye/605.mcf_s-782B": 1760711450.6337123,
    "../results/pref_l2/bingo/exp11_srrip_hawkeye/605.mcf_s-994B": 1760711450.6337123,
    "../results/pref_l2/bingo/exp11_srrip_hawkeye/607.cactuBSSN_s-2421B": 1760711450.6337123,
    "../results/pref_l2/bingo/exp11_srrip_hawkeye/607.cactuBSSN_s-3477B": 1760711450.6337123,
    "../results/pref_l2/bingo/exp11_srrip_hawkeye/607.cactuBSSN_s-4004B": 1760711450.6337123,
    "../results/pref_l2/bingo/exp11_srrip_hawkeye/619.lbm_s-2676B": 1760711450.6337123,
    "../results/pref_l2/bingo/exp11_srrip_hawkeye/619.lbm_s-2677B": 1760711450.6337123,
    "../results/pref_l2/bingo/exp11_srrip_hawkeye/619.lbm_s-3766B": 1760711450.6337123,
    "../results/pref_l2/bingo/exp11_srrip_hawkeye/619.lbm_s-4268B": 1760711450.6337123,
    "../results/pref_l2/bingo/exp11_srrip_hawkeye/620.omnetpp_s-141B": 1760711450.6337123,
    "../results/pref_l2/bingo/exp11_srrip_hawkeye/620.omnetpp_s-874B": 1760711450.6337123,
    "../results/pref_l2/bingo/exp11_srrip_hawkeye/621.wrf_s-6673B": 1760711450.6337123,
    "../results/pref_l2/bingo/exp11_srrip_hawkeye/621.wrf_s-8065B": 1760711450.6337123,
    "../results/pref_l2/bingo/exp11_srrip_hawkeye/623.xalancbmk_s-10B": 1760711450.6337123,
    "../results/pref_l2/bingo/exp11_srrip_hawkeye/623.xalancbmk_s-165B": 1760711450.6337123,
    "../results/pref_l2/bingo/exp11_srrip_hawkeye/623.xalancbmk_s-202B": 1760711450.6337123,
    "../results/pref_l2/bingo/exp11_srrip_hawkeye/625.x264_s-20B": 1760711450.6337123,
    "../results/pref_l2/bingo/exp11_srrip_hawkeye/627.cam4_s-490B": 1760711450.6337123,
    "../results/pref_l2/bingo/exp11_srrip_hawkeye/628.pop2_s-17B": 1760711450.6337123,
    "../results/pref_l2/bingo/exp11_srrip_hawkeye/649.fotonik3d_s-10881B": 1760711450.6337123,
    "../results/pref_l2/bingo/exp11_srrip_hawkeye/649.fotonik3d_s-1176B": 1760711450.6337123,
    "../results/pref_l2/bingo/exp11_srrip_hawkeye/649.fotonik3d_s-7084B": 1760711450.6337123,
    "../results/pref_l2/bingo/exp11_srrip_hawkeye/649.fotonik3d_s-8225B": 1760711450.6337123,
    "../results/pref_l2/bingo/exp11_srrip_hawkeye/654.roms_s-1007B": 1760711450.6337123,
    "../results/pref_l2/bingo/exp11_srrip_hawkeye/654.roms_s-1070B": 1760711450.6337123,
    "../results/pref_l2/bingo/exp11_srrip_hawkeye/654.roms_s-1390B": 1760711450.6337123,
    "../results/pref_l2/bingo/exp11_srrip_hawkeye/654.roms_s-293B": 1760711450.6337123,
    "../results/pref_l2/bingo/exp11_srrip_hawkeye/654.roms_s-294B": 1760711450.6337123,
    "../results/pref_l2/bingo/exp11_srrip_hawkeye/654.roms_s-523B": 1760711450.6337123,
    "../results/pref_l2/bingo/exp11_srrip_hawkeye/657.xz_s-2302B": 1760711450.6347122,
    "../results/pref_l2/bingo/exp13_srrip_ship++/600.perlbench_s-570B": 1760711450.6357124,
    "../results/pref_l2/bingo/exp13_srrip_ship++/602.gcc_s-1850B": 1760711450.6357124,
    "../results/pref_l2/bingo/exp13_srrip_ship++/602.gcc_s-2226B": 1760711450.6357124,
    "../results/pref_l2/bingo/exp13_srrip_ship++/602.gcc_s-734B": 1760711450.6357124,
    "../results/pref_l2/bingo/exp13_srrip_ship++/603.bwaves_s-1740B": 1760711450.6357124,
    "../results/pref_l2/bingo/exp13_srrip_ship++/603.bwaves_s-2609B": 1760711450.6357124,
    "../results/pref_l2/bingo/exp13_srrip_ship++/603.bwaves_s-2931B": 1760711450.6357124,
    "../results/pref_l2/bingo/exp13_srrip_ship++/603.bwaves_s-891B": 1760711450.6357124,
    "../results/pref_l2/bingo/exp13_srrip_ship++/605.mcf_s-1152B": 1760711450.6357124,
    "../results/pref_l2/bingo/exp13_srrip_ship++/605.mcf_s-1536B": 1760711450.6357124,
    "../results/pref_l2/bingo/exp13_srrip_ship++/605.mcf_s-1554B": 1760711450.6357124,
    "../results/pref_l2/bingo/exp13_srrip_ship++/605.mcf_s-1644B": 1760711450.6357124,
    "../results/pref_l2/bingo/exp13_srrip_ship++/605.mcf_s-472B": 1760711450.6357124,
    "../results/pref_l2/bingo/exp13_srrip_ship++/605.mcf_s-484B": 1760711450.6357124,
    "../results/pref_l2/bingo/exp13_srrip_ship++/605.mcf_s-665B": 1760711450.6357124,
    "../results/pref_l2/bingo/exp13_srrip_ship++/605.mcf_s-782B": 1760711450.6357124,
    "../results/pref_l2/bingo/exp13_srrip_ship++/605.mcf_s-994B": 1760711450.6357124,
    "../results/pref_l2/bingo/exp13_srrip_ship++/607.cactuBSSN_s-2421B": 1760711450.6357124,
    "../results/pref_l2/bingo/exp13_srrip_ship++/607.cactuBSSN_s-3477B": 1760711450.6357124,
    "../results/pref_l2/bingo/exp13_srrip_ship++/607.cactuBSSN_s-4004B": 1760711450.6357124,
    "../results/pref_l2/bingo/exp13_srrip_ship++/619.lbm_s-2676B": 1760711450.6357124,
    "../results/pref_l2/bingo/exp13_srrip_ship++/619.lbm_s-2677B": 1760711450.6357124,
    "../results/pref_l2/bingo/exp13_srrip_ship++/619.lbm_s-3766B": 1760711450.6357124,
    "../results/pref_l2/bingo/exp13_srrip_ship++/619.lbm_s-4268B": 1760711450.6357124,
    "../results/pref_l2/bingo/exp13_srrip_ship++/620.omnetpp_s-141B": 1760711450.6357124,
    "../results/pref_l2/bingo/exp13_srrip_ship++/620.omnetpp_s-874B": 1760711450.6357124,
    "../results/pref_l2/bingo/exp13_srrip_ship++/621.wrf_s-6673B": 1760711450.6357124,
    "../results/pref_l2/bingo/exp13_srrip_ship++/621.wrf_s-8065B": 1760711450.6357124,
    "../results/pref_l2/bingo/exp13_srrip_ship++/623.xalancbmk_s-10B": 1760711450.6357124,
    "../results/pref_l2/bingo/exp13_srrip_ship++/623.xalancbmk_s-165B": 1760711450.6357124,
    "../results/pref_l2/bingo/exp13_srrip_ship++/623.xalancbmk_s-202B": 1760711450.6367123,
    "../results/pref_l2/bingo/exp13_srrip_ship++/625.x264_s-20B": 1760711450.6367123,
    "../results/pref_l2/bingo/exp13_srrip_ship++/627.cam4_s-490B": 1760711450.6367123,
    "../results/pref_l2/bingo/exp13_srrip_ship++/628.pop2_s-17B": 1760711450.6367123,
    "../results/pref_l2/bingo/exp13_srrip_ship++/649.fotonik3d_s-10881B": 1760711450.6367123,
    "../results/pref_l2/bingo/exp13_srrip_ship++/649.fotonik3d_s-1176B": 1760711450.6367123,
    "../results/pref_l2/bingo/exp13_srrip_ship++/649.fotonik3d_s-7084B": 1760711450.6367123,
    "../results/pref_l2/bingo/exp13_srrip_ship++/649.fotonik3d_s-8225B": 1760711450.6367123,
    "../results/pref_l2/bingo/exp13_srrip_ship++/654.roms_s-1007B": 1760711450.6367123,
    "../results/pref_l2/bingo/exp13_srrip_ship++/654.roms_s-1070B": 1760711450.6367123,
    "../results/pref_l2/bingo/exp13_srrip_ship++/654.roms_s-1390B": 1760711450.6367123,
    "../results/pref_l2/bingo/exp13_srrip_ship++/654.roms_s-293B": 1760711450.6367123,
    "../results/pref_l2/bingo/exp13_srrip_ship++/654.roms_s-294B": 1760711450.6367123,
    "../results/pref_l2/bingo/exp13_srrip_ship++/654.roms_s-523B": 1760711450.6367123,
    "../results/pref_l2/bingo/exp13_srrip_ship++/657.xz_s-2302B": 1760711450.6367123,
    "../results/pref_l2/bingo/exp3_lru_drrip/600.perlbench_s-570B": 1760711450.6277122,
    "../results/pref_l2/bingo/exp3_lru_drrip/602.gcc_s-1850B": 1760711450.6277122,
    "../results/pref_l2/bingo/exp3_lru_drrip/602.gcc_s-2226B": 1760711450.6277122,
    "../results/pref_l2/bingo/exp3_lru_drrip/602.gcc_s-734B": 1760711450.6277122,
    "../results/pref_l2/bingo/exp3_lru_drrip/603.bwaves_s-1740B": 1760711450.6287122,
    "../results/pref_l2/bingo/exp3_lru_drrip/603.bwaves_s-2609B": 1760711450.6287122,
    "../results/pref_l2/bingo/exp3_lru_drrip/603.bwaves_s-2931B": 1760711450.6287122,
    "../results/pref_l2/bingo/exp3_lru_drrip/603.bwaves_s-891B": 1760711450.6287122,
    "../results/pref_l2/bingo/exp3_lru_drrip/605.mcf_s-1152B": 1760711450.6287122,
    "../results/pref_l2/bingo/exp3_lru_drrip/605.mcf_s-1536B": 1760711450.6287122,
    "../results/pref_l2/bingo/exp3_lru_drrip/605.mcf_s-1554B": 1760711450.6287122,
    "../results/pref_l2/bingo/exp3_lru_drrip/605.mcf_s-1644B": 1760711450.6287122,
    "../results/pref_l2/bingo/exp3_lru_drrip/605.mcf_s-472B": 1760711450.6287122,
    "../results/pref_l2/bingo/exp3_lru_drrip/605.mcf_s-484B": 1760711450.6287122,
    "../results/pref_l2/bingo/exp3_lru_drrip/605.mcf_s-665B": 1760711450.6287122,
    "../results/pref_l2/bingo/exp3_lru_drrip/605.mcf_s-782B": 1760711450.6287122,
    "../results/pref_l2/bingo/exp3_lru_drrip/605.mcf_s-994B": 1760711450.6287122,
    "../results/pref_l2/bingo/exp3_lru_drrip/607.cactuBSSN_s-2421B": 1760711450.6287122,
    "../results/pref_l2/bingo/exp3_lru_drrip/607.cactuBSSN_s-3477B": 1760711450.6287122,
    "../results/pref_l2/bingo/exp3_lru_drrip/607.cactuBSSN_s-4004B": 1760711450.6287122,
    "../results/pref_l2/bingo/exp3_lru_drrip/619.lbm_s-2676B": 1760711450.6287122,
    "../results/pref_l2/bingo/exp3_lru_drrip/619.lbm_s-2677B": 1760711450.6287122,
    "../results/pref_l2/bingo/exp3_lru_drrip/619.lbm_s-3766B": 1760711450.6287122,
    "../results/pref_l2/bingo/exp3_lru_drrip/619.lbm_s-4268B": 1760711450.6287122,
    "../results/pref_l2/bingo/exp3_lru_drrip/620.omnetpp_s-141B": 1760711450.6287122,
    "../results/pref_l2/bingo/exp3_lru_drrip/620.omnetpp_s-874B": 1760711450.6287122,
    "../results/pref_l2/bingo/exp3_lru_drrip/621.wrf_s-6673B": 1760711450.6287122,
    "../results/pref_l2/bingo/exp3_lru_drrip/621.wrf_s-8065B": 1760711450.6287122,
    "../results/pref_l2/bingo/exp3_lru_drrip/623.xalancbmk_s-10B": 1760711450.6287122,
    "../results/pref_l2/bingo/exp3_lru_drrip/623.xalancbmk_s-165B": 1760711450.6287122,
    "../results/pref_l2/bingo/exp3_lru_drrip/623.xalancbmk_s-202B": 1760711450.6287122,
    "../results/pref_l2/bingo/exp3_lru_drrip/625.x264_s-20B": 1760711450.6287122,
    "../results/pref_l2/bingo/exp3_lru_drrip/627.cam4_s-490B": 1760711450.6287122,
    "../results/pref_l2/bingo/exp3_lru_drrip/628.pop2_s-17B": 1760711450.6287122,
    "../results/pref_l2/bingo/exp3_lru_drrip/649.fotonik3d_s-10881B": 1760711450.6287122,
    "../results/pref_l2/bingo/exp3_lru_drrip/649.fotonik3d_s-1176B": 1760711450.6287122,
    "../results/pref_l2/bingo/exp3_lru_drrip/649.fotonik3d_s-7084B": 1760711450.6287122,
    "../results/pref_l2/bingo/exp3_lru_drrip/649.fotonik3d_s-8225B": 1760711450.6287122,
    "../results/pref_l2/bingo/exp3_lru_drrip/654.roms_s-1007B": 1760711450.6287122,
    "../results/pref_l2/bingo/exp3_lru_drrip/654.roms_s-1070B": 1760711450.6287122,
    "../results/pref_l2/bingo/exp3_lru_drrip/654.roms_s-1390B": 1760711450.6287122,
    "../results/pref_l2/bingo/exp3_lru_drrip/654.roms_s-293B": 1760711450.6287122,
    "../results/pref_l2/bingo/exp3_lru_drrip/654.roms_s-294B": 1760711450.6287122,
    "../results/pref_l2/bingo/exp3_lru_drrip/654.roms_s-523B": 1760711450.6287122,
    "../results/pref_l2/bingo/exp3_lru_drrip/657.xz_s-2302B": 1760711450.6287122,
    "../results/pref_l2/bingo/exp4_lru_hawkeye/600.perlbench_s-570B": 1760711450.6287122,
    "../results/pref_l2/bingo/exp4_lru_hawkeye/602.gcc_s-1850B": 1760711450.6287122,
    "../results/pref_l2/bingo/exp4_lru_hawkeye/602.gcc_s-2226B": 1760711450.6287122,
    "../results/pref_l2/bingo/exp4_lru_hawkeye/602.gcc_s-734B": 1760711450.6287122,
    "../results/pref_l2/bingo/exp4_lru_hawkeye/603.bwaves_s-1740B": 1760711450.6287122,
    "../results/pref_l2/bingo/exp4_lru_hawkeye/603.bwaves_s-2609B": 1760711450.6297123,
    "../results/pref_l2/bingo/exp4_lru_hawkeye/603.bwaves_s-2931B": 1760711450.6297123,
    "../results/pref_l2/bingo/exp4_lru_hawkeye/603.bwaves_s-891B": 1760711450.6297123,
    "../results/pref_l2/bingo/exp4_lru_hawkeye/605.mcf_s-1152B": 1760711450.6297123,
    "../results/pref_l2/bingo/exp4_lru_hawkeye/605.mcf_s-1536B": 1760711450.6297123,
    "../results/pref_l2/bingo/exp4_lru_hawkeye/605.mcf_s-1554B": 1760711450.6297123,
    "../results/pref_l2/bingo/exp4_lru_hawkeye/605.mcf_s-1644B": 1760711450.6297123,
    "../results/pref_l2/bingo/exp4_lru_hawkeye/605.mcf_s-472B": 1760711450.6297123,
    "../results/pref_l2/bingo/exp4_lru_hawkeye/605.mcf_s-484B": 1760711450.6297123,
    "../results/pref_l2/bingo/exp4_lru_hawkeye/605.mcf_s-665B": 1760711450.6297123,
    "../results/pref_l2/bingo/exp4_lru_hawkeye/605.mcf_s-782B": 1760711450.6297123,
    "../results/pref_l2/bingo/exp4_lru_hawkeye/605.mcf_s-994B": 1760711450.6297123,
    "../results/pref_l2/bingo/exp4_lru_hawkeye/607.cactuBSSN_s-2421B": 1760711450.6297123,
    "../results/pref_l2/bingo/exp4_lru_hawkeye/607.cactuBSSN_s-3477B": 1760711450.6297123,
    "../results/pref_l2/bingo/exp4_lru_hawkeye/607.cactuBSSN_s-4004B": 1760711450.6297123,
    "../results/pref_l2/bingo/exp4_lru_hawkeye/619.lbm_s-2676B": 1760711450.6297123,
    "../results/pref_l2/bingo/exp4_lru_hawkeye/619.lbm_s-2677B": 1760711450.6297123,
    "../results/pref_l2/bingo/exp4_lru_hawkeye/619.lbm_s-3766B": 1760711450.6297123,
    "../results/pref_l2/bingo/exp4_lru_hawkeye/619.lbm_s-4268B": 1760711450.6297123,
    "../results/pref_l2/bingo/exp4_lru_hawkeye/620.omnetpp_s-141B": 1760711450.6297123,
    "../results/pref_l2/bingo/exp4_lru_hawkeye/620.omnetpp_s-874B": 1760711450.6297123,
    "../results/pref_l2/bingo/exp4_lru_hawkeye/621.wrf_s-6673B": 1760711450.6297123,
    "../results/pref_l2/bingo/exp4_lru_hawkeye/621.wrf_s-8065B": 1760711450.6297123,
    "../results/pref_l2/bingo/exp4_lru_hawkeye/623.xalancbmk_s-10B": 1760711450.6297123,
    "../results/pref_l2/bingo/exp4_lru_hawkeye/623.xalancbmk_s-165B": 1760711450.6297123,
    "../results/pref_l2/bingo/exp4_lru_hawkeye/623.xalancbmk_s-202B": 1760711450.6297123,
    "../results/pref_l2/bingo/exp4_lru_hawkeye/625.x264_s-20B": 1760711450.6297123,
    "../results/pref_l2/bingo/exp4_lru_hawkeye/627.cam4_s-490B": 1760711450.6297123,
    "../results/pref_l2/bingo/exp4_lru_hawkeye/628.pop2_s-17B": 1760711450.6297123,
    "../results/pref_l2/bingo/exp4_lru_hawkeye/649.fotonik3d_s-10881B": 1760711450.6297123,
    "../results/pref_l2/bingo/exp4_lru_hawkeye/649.fotonik3d_s-1176B": 1760711450.6297123,
    "../results/pref_l2/bingo/exp4_lru_hawkeye/649.fotonik3d_s-7084B": 1760711450.6297123,
    "../results/pref_l2/bingo/exp4_lru_hawkeye/649.fotonik3d_s-8225B": 1760711450.6297123,
    "../results/pref_l2/bingo/exp4_lru_hawkeye/654.roms_s-1007B": 1760711450.6297123,
    "../results/pref_l2/bingo/exp4_lru_hawkeye/654.roms_s-1070B": 1760711450.6297123,
    "../results/pref_l2/bingo/exp4_lru_hawkeye/654.roms_s-1390B": 1760711450.6297123,
    "../results/pref_l2/bingo/exp4_lru_hawkeye/654.roms_s-293B": 1760711450.6297123,
    "../results/pref_l2/bingo/exp4_lru_hawkeye/654.roms_s-294B": 1760711450.6297123,
    "../results/pref_l2/bingo/exp4_lru_hawkeye/654.roms_s-523B": 1760711450.6297123,
    "../results/pref_l2/bingo/exp4_lru_hawkeye/657.xz_s-2302B": 1760711450.6297123,
    "../results/pref_l2/bingo/exp2_lru_srrip/600.perlbench_s-570B": 1760711450.6297123,
    "../results/pref_l2/bingo/exp2_lru_srrip/602.gcc_s-1850B": 1760711450.6297123,
    "../results/pref_l2/bingo/exp2_lru_srrip/602.gcc_s-2226B": 1760711450.6297123,
    "../results/pref_l2/bingo/exp2_lru_srrip/602.gcc_s-734B": 1760711450.6297123,
    "../results/pref_l2/bingo/exp2_lru_srrip/603.bwaves_s-1740B": 1760711450.6297123,
    "../results/pref_l2/bingo/exp2_lru_srrip/603.bwaves_s-2609B": 1760711450.6297123,
    "../results/pref_l2/bingo/exp2_lru_srrip/603.bwaves_s-2931B": 1760711450.6307123,
    "../results/pref_l2/bingo/exp2_lru_srrip/603.bwaves_s-891B": 1760711450.6307123,
    "../results/pref_l2/bingo/exp2_lru_srrip/605.mcf_s-1152B": 1760711450.6307123,
    "../results/pref_l2/bingo/exp2_lru_srrip/605.mcf_s-1536B": 1760711450.6307123,
    "../results/pref_l2/bingo/exp2_lru_srrip/605.mcf_s-1554B": 1760711450.6307123,
    "../results/pref_l2/bingo/exp2_lru_srrip/605.mcf_s-1644B": 1760711450.6307123,
    "../results/pref_l2/bingo/exp2_lru_srrip/605.mcf_s-472B": 1760711450.6307123,
    "../results/pref_l2/bingo/exp2_lru_srrip/605.mcf_s-484B": 1760711450.6307123,
    "../results/pref_l2/bingo/exp2_lru_srrip/605.mcf_s-665B": 1760711450.6307123,
    "../results/pref_l2/bingo/exp2_lru_srrip/605.mcf_s-782B": 1760711450.6307123,
    "../results/pref_l2/bingo/exp2_lru_srrip/605.mcf_s-994B": 1760711450.6307123,
    "../results/pref_l2/bingo/exp2_lru_srrip/607.cactuBSSN_s-2421B": 1760711450.6307123,
    "../results/pref_l2/bingo/exp2_lru_srrip/607.cactuBSSN_s-3477B": 1760711450.6307123,
    "../results/pref_l2/bingo/exp2_lru_srrip/607.cactuBSSN_s-4004B": 1760711450.6307123,
    "../results/pref_l2/bingo/exp2_lru_srrip/619.lbm_s-2676B": 1760711450.6307123,
    "../results/pref_l2/bingo/exp2_lru_srrip/619.lbm_s-2677B": 1760711450.6307123,
    "../results/pref_l2/bingo/exp2_lru_srrip/619.lbm_s-3766B": 1760711450.6307123,
    "../results/pref_l2/bingo/exp2_lru_srrip/619.lbm_s-4268B": 1760711450.6307123,
    "../results/pref_l2/bingo/exp2_lru_srrip/620.omnetpp_s-141B": 1760711450.6307123,
    "../results/pref_l2/bingo/exp2_lru_srrip/620.omnetpp_s-874B": 1760711450.6307123,
    "../results/pref_l2/bingo/exp2_lru_srrip/621.wrf_s-6673B": 1760711450.6307123,
    "../results/pref_l2/bingo/exp2_lru_srrip/621.wrf_s-8065B": 1760711450.6307123,
    "../results/pref_l2/bingo/exp2_lru_srrip/623.xalancbmk_s-10B": 1760711450.6307123,
    "../results/pref_l2/bingo/exp2_lru_srrip/623.xalancbmk_s-165B": 1760711450.6307123,
    "../results/pref_l2/bingo/exp2_lru_srrip/623.xalancbmk_s-202B": 1760711450.6307123,
    "../results/pref_l2/bingo/exp2_lru_srrip/625.x264_s-20B": 1760711450.6307123,
    "../results/pref_l2/bingo/exp2_lru_srrip/627.cam4_s-490B": 1760711450.6307123,
    "../results/pref_l2/bingo/exp2_lru_srrip/628.pop2_s-17B": 1760711450.6307123,
    "../results/pref_l2/bingo/exp2_lru_srrip/649.fotonik3d_s-10881B": 1760711450.6307123,
    "../results/pref_l2/bingo/exp2_lru_srrip/649.fotonik3d_s-1176B": 1760711450.6307123,
    "../results/pref_l2/bingo/exp2_lru_srrip/649.fotonik3d_s-7084B": 1760711450.6307123,
    "../results/pref_l2/bingo/exp2_lru_srrip/649.fotonik3d_s-8225B": 1760711450.6307123,
    "../results/pref_l2/bingo/exp2_lru_srrip/654.roms_s-1007B": 1760711450.6307123,
    "../results/pref_l2/bingo/exp2_lru_srrip/654.roms_s-1070B": 1760711450.6307123,
    "../results/pref_l2/bingo/exp2_lru_srrip/654.roms_s-1390B": 1760711450.6307123,
    "../results/pref_l2/bingo/exp2_lru_srrip/654.roms_s-293B": 1760711450.6307123,
    "../results/pref_l2/bingo/exp2_lru_srrip/654.roms_s-294B": 1760711450.6307123,
    "../results/pref_l2/bingo/exp2_lru_srrip/654.roms_s-523B": 1760711450.6307123,
    "../results/pref_l2/bingo/exp2_lru_srrip/657.xz_s-2302B": 1760711450.6307123,
    "../results/pref_l2/bingo/exp5_lru_ship/600.perlbench_s-570B": 1760711450.6247122,
    "../results/pref_l2/bingo/exp5_lru_ship/602.gcc_s-1850B": 1760711450.6247122,
    "../results/pref_l2/bingo/exp5_lru_ship/602.gcc_s-2226B": 1760711450.6247122,
    "../results/pref_l2/bingo/exp5_lru_ship/602.gcc_s-734B": 1760711450.6247122,
    "../results/pref_l2/bingo/exp5_lru_ship/603.bwaves_s-1740B": 1760711450.6247122,
    "../results/pref_l2/bingo/exp5_lru_ship/603.bwaves_s-2609B": 1760711450.6247122,
    "../results/pref_l2/bingo/exp5_lru_ship/603.bwaves_s-2931B": 1760711450.6247122,
    "../results/pref_l2/bingo/exp5_lru_ship/603.bwaves_s-891B": 1760711450.6247122,
    "../results/pref_l2/bingo/exp5_lru_ship/605.mcf_s-1152B": 1760711450.6247122,
    "../results/pref_l2/bingo/exp5_lru_ship/605.mcf_s-1536B": 1760711450.6247122,
    "../results/pref_l2/bingo/exp5_lru_ship/605.mcf_s-1554B": 1760711450.6247122,
    "../results/pref_l2/bingo/exp5_lru_ship/605.mcf_s-1644B": 1760711450.6247122,
    "../results/pref_l2/bingo/exp5_lru_ship/605.mcf_s-472B": 1760711450.6247122,
    "../results/pref_l2/bingo/exp5_lru_ship/605.mcf_s-484B": 1760711450.6247122,
    "../results/pref_l2/bingo/exp5_lru_ship/605.mcf_s-665B": 1760711450.6257122,
    "../results/pref_l2/bingo/exp5_lru_ship/605.mcf_s-782B": 1760711450.6247122,
    "../results/pref_l2/bingo/exp5_lru_ship/605.mcf_s-994B": 1760711450.6257122,
    "../results/pref_l2/bingo/exp5_lru_ship/607.cactuBSSN_s-2421B": 1760711450.6257122,
    "../results/pref_l2/bingo/exp5_lru_ship/607.cactuBSSN_s-3477B": 1760711450.6257122,
    "../results/pref_l2/bingo/exp5_lru_ship/607.cactuBSSN_s-4004B": 1760711450.6257122,
    "../results/pref_l2/bingo/exp5_lru_ship/619.lbm_s-2676B": 1760711450.6257122,
    "../results/pref_l2/bingo/exp5_lru_ship/619.lbm_s-2677B": 1760711450.6257122,
    "../results/pref_l2/bingo/exp5_lru_ship/619.lbm_s-3766B": 1760711450.6257122,
    "../results/pref_l2/bingo/exp5_lru_ship/619.lbm_s-4268B": 1760711450.6257122,
    "../results/pref_l2/bingo/exp5_lru_ship/620.omnetpp_s-141B": 1760711450.6257122,
    "../results/pref_l2/bingo/exp5_lru_ship/620.omnetpp_s-874B": 1760711450.6257122,
    "../results/pref_l2/bingo/exp5_lru_ship/621.wrf_s-6673B": 1760711450.6257122,
    "../results/pref_l2/bingo/exp5_lru_ship/621.wrf_s-8065B": 1760711450.6257122,
    "../results/pref_l2/bingo/exp5_lru_ship/623.xalancbmk_s-10B": 1760711450.6257122,
    "../results/pref_l2/bingo/exp5_lru_ship/623.xalancbmk_s-165B": 1760711450.6257122,
    "../results/pref_l2/bingo/exp5_lru_ship/623.xalancbmk_s-202B": 1760711450.6257122,
    "../results/pref_l2/bingo/exp5_lru_ship/625.x264_s-20B": 1760711450.6257122,
    "../results/pref_l2/bingo/exp5_lru_ship/627.cam4_s-490B": 1760711450.6257122,
    "../results/pref_l2/bingo/exp5_lru_ship/628.pop2_s-17B": 1760711450.6257122,
    "../results/pref_l2/bingo/exp5_lru_ship/649.fotonik3d_s-10881B": 1760711450.6257122,
    "../results/pref_l2/bingo/exp5_lru_ship/649.fotonik3d_s-1176B": 1760711450.6257122,
    "../results/pref_l2/bingo/exp5_lru_ship/649.fotonik3d_s-7084B": 1760711450.6257122,
    "../results/pref_l2/bingo/exp5_lru_ship/649.fotonik3d_s-8225B": 1760711450.6257122,
    "../results/pref_l2/bingo/exp5_lru_ship/654.roms_s-1007B": 1760711450.6257122,
    "../results/pref_l2/bingo/exp5_lru_ship/654.roms_s-1070B": 1760711450.6257122,
    "../results/pref_l2/bingo/exp5_lru_ship/654.roms_s-1390B": 1760711450.6257122,
    "../results/pref_l2/bingo/exp5_lru_ship/654.roms_s-293B": 1760711450.6257122,
    "../results/pref_l2/bingo/exp5_lru_ship/654.roms_s-294B": 1760711450.6257122,
    "../results/pref_l2/bingo/exp5_lru_ship/654.roms_s-523B": 1760711450.6257122,
    "../results/pref_l2/bingo/exp5_lru_ship/657.xz_s-2302B": 1760711450.6257122,
    "../results/pref_l2/bingo/exp9_srrip_srrip/600.perlbench_s-570B": 1760711450.6307123,
    "../results/pref_l2/bingo/exp9_srrip_srrip/602.gcc_s-1850B": 1760711450.6307123,
    "../results/pref_l2/bingo/exp9_srrip_srrip/602.gcc_s-2226B": 1760711450.6307123,
    "../results/pref_l2/bingo/exp9_srrip_srrip/602.gcc_s-734B": 1760711450.6307123,
    "../results/pref_l2/bingo/exp9_srrip_srrip/603.bwaves_s-1740B": 1760711450.6307123,
    "../results/pref_l2/bingo/exp9_srrip_srrip/603.bwaves_s-2609B": 1760711450.6317122,
    "../results/pref_l2/bingo/exp9_srrip_srrip/603.bwaves_s-2931B": 1760711450.6317122,
    "../results/pref_l2/bingo/exp9_srrip_srrip/603.bwaves_s-891B": 1760711450.6317122,
    "../results/pref_l2/bingo/exp9_srrip_srrip/605.mcf_s-1152B": 1760711450.6317122,
    "../results/pref_l2/bingo/exp9_srrip_srrip/605.mcf_s-1536B": 1760711450.6317122,
    "../results/pref_l2/bingo/exp9_srrip_srrip/605.mcf_s-1554B": 1760711450.6317122,
    "../results/pref_l2/bingo/exp9_srrip_srrip/605.mcf_s-1644B": 1760711450.6317122,
    "../results/pref_l2/bingo/exp9_srrip_srrip/605.mcf_s-472B": 1760711450.6317122,
    "../results/pref_l2/bingo/exp9_srrip_srrip/605.mcf_s-484B": 1760711450.6317122,
    "../results/pref_l2/bingo/exp9_srrip_srrip/605.mcf_s-665B": 1760711450.6317122,
    "../results/pref_l2/bingo/exp9_srrip_srrip/605.mcf_s-782B": 1760711450.6317122,
    "../results/pref_l2/bingo/exp9_srrip_srrip/605.mcf_s-994B": 1760711450.6317122,
    "../results/pref_l2/bingo/exp9_srrip_srrip/607.cactuBSSN_s-2421B": 1760711450.6317122,
    "../results/pref_l2/bingo/exp9_srrip_srrip/607.cactuBSSN_s-3477B": 1760711450.6317122,
    "../results/pref_l2/bingo/exp9_srrip_srrip/607.cactuBSSN_s-4004B": 1760711450.6317122,
    "../results/pref_l2/bingo/exp9_srrip_srrip/619.lbm_s-2676B": 1760711450.6317122,
    "../results/pref_l2/bingo/exp9_srrip_srrip/619.lbm_s-2677B": 1760711450.6317122,
    "../results/pref_l2/bingo/exp9_srrip_srrip/619.lbm_s-3766B": 1760711450.6317122,
    "../results/pref_l2/bingo/exp9_srrip_srrip/619.lbm_s-4268B": 1760711450.6317122,
    "../results/pref_l2/bingo/exp9_srrip_srrip/620.omnetpp_s-141B": 1760711450.6317122,
    "../results/pref_l2/bingo/exp9_srrip_srrip/620.omnetpp_s-874B": 1760711450.6317122,
    "../results/pref_l2/bingo/exp9_srrip_srrip/621.wrf_s-6673B": 1760711450.6317122,
    "../results/pref_l2/bingo/exp9_srrip_srrip/621.wrf_s-8065B": 1760711450.6317122,
    "../results/pref_l2/bingo/exp9_srrip_srrip/623.xalancbmk_s-10B": 1760711450.6317122,
    "../results/pref_l2/bingo/exp9_srrip_srrip/623.xalancbmk_s-165B": 1760711450.6317122,
    "../results/pref_l2/bingo/exp9_srrip_srrip/623.xalancbmk_s-202B": 1760711450.6317122,
    "../results/pref_l2/bingo/exp9_srrip_srrip/625.x264_s-20B": 1760711450.6317122,
    "../results/pref_l2/bingo/exp9_srrip_srrip/627.cam4_s-490B": 1760711450.6317122,
    "../results/pref_l2/bingo/exp9_srrip_srrip/628.pop2_s-17B": 1760711450.6317122,
    "../results/pref_l2/bingo/exp9_srrip_srrip/649.fotonik3d_s-10881B": 1760711450.6317122,
    "../results/pref_l2/bingo/exp9_srrip_srrip/649.fotonik3d_s-1176B": 1760711450.6317122,
    "../results/pref_l2/bingo/exp9_srrip_srrip/649.fotonik3d_s-7084B": 1760711450.6317122,
    "../results/pref_l2/bingo/exp9_srrip_srrip/649.fotonik3d_s-8225B": 1760711450.6317122,
    "../results/pref_l2/bingo/exp9_srrip_srrip/654.roms_s-1007B": 1760711450.6317122,
    "../results/pref_l2/bingo/exp9_srrip_srrip/654.roms_s-1070B": 1760711450.6317122,
    "../results/pref_l2/bingo/exp9_srrip_srrip/654.roms_s-1390B": 1760711450.6317122,
    "../results/pref_l2/bingo/exp9_srrip_srrip/654.roms_s-293B": 1760711450.6317122,
    "../results/pref_l2/bingo/exp9_srrip_srrip/654.roms_s-294B": 1760711450.6317122,
    "../results/pref_l2/bingo/exp9_srrip_srrip/654.roms_s-523B": 1760711450.6317122,
    "../results/pref_l2/bingo/exp9_srrip_srrip/657.xz_s-2302B": 1760711450.6317122,
    "../results/pref_l2/bingo/exp8_srrip_lru/600.perlbench_s-570B": 1760711450.6257122,
    "../results/pref_l2/bingo/exp8_srrip_lru/602.gcc_s-1850B": 1760711450.6257122,
    "../results/pref_l2/bingo/exp8_srrip_lru/602.gcc_s-2226B": 1760711450.6257122,
    "../results/pref_l2/bingo/exp8_srrip_lru/602.gcc_s-734B": 1760711450.6257122,
    "../results/pref_l2/bingo/exp8_srrip_lru/603.bwaves_s-1740B": 1760711450.6257122,
    "../results/pref_l2/bingo/exp8_srrip_lru/603.bwaves_s-2609B": 1760711450.6267123,
    "../results/pref_l2/bingo/exp8_srrip_lru/603.bwaves_s-2931B": 1760711450.6267123,
    "../results/pref_l2/bingo/exp8_srrip_lru/603.bwaves_s-891B": 1760711450.6267123,
    "../results/pref_l2/bingo/exp8_srrip_lru/605.mcf_s-1152B": 1760711450.6267123,
    "../results/pref_l2/bingo/exp8_srrip_lru/605.mcf_s-1536B": 1760711450.6267123,
    "../results/pref_l2/bingo/exp8_srrip_lru/605.mcf_s-1554B": 1760711450.6267123,
    "../results/pref_l2/bingo/exp8_srrip_lru/605.mcf_s-1644B": 1760711450.6267123,
    "../results/pref_l2/bingo/exp8_srrip_lru/605.mcf_s-472B": 1760711450.6267123,
    "../results/pref_l2/bingo/exp8_srrip_lru/605.mcf_s-484B": 1760711450.6267123,
    "../results/pref_l2/bingo/exp8_srrip_lru/605.mcf_s-665B": 1760711450.6267123,
    "../results/pref_l2/bingo/exp8_srrip_lru/605.mcf_s-782B": 1760711450.6267123,
    "../results/pref_l2/bingo/exp8_srrip_lru/605.mcf_s-994B": 1760711450.6267123,
    "../results/pref_l2/bingo/exp8_srrip_lru/607.cactuBSSN_s-2421B": 1760711450.6267123,
    "../results/pref_l2/bingo/exp8_srrip_lru/607.cactuBSSN_s-3477B": 1760711450.6267123,
    "../results/pref_l2/bingo/exp8_srrip_lru/607.cactuBSSN_s-4004B": 1760711450.6267123,
    "../results/pref_l2/bingo/exp8_srrip_lru/619.lbm_s-2676B": 1760711450.6267123,
    "../results/pref_l2/bingo/exp8_srrip_lru/619.lbm_s-2677B": 1760711450.6267123,
    "../results/pref_l2/bingo/exp8_srrip_lru/619.lbm_s-3766B": 1760711450.6267123,
    "../results/pref_l2/bingo/exp8_srrip_lru/619.lbm_s-4268B": 1760711450.6267123,
    "../results/pref_l2/bingo/exp8_srrip_lru/620.omnetpp_s-141B": 1760711450.6267123,
    "../results/pref_l2/bingo/exp8_srrip_lru/620.omnetpp_s-874B": 1760711450.6267123,
    "../results/pref_l2/bingo/exp8_srrip_lru/621.wrf_s-6673B": 1760711450.6267123,
    "../results/pref_l2/bingo/exp8_srrip_lru/621.wrf_s-8065B": 1760711450.6267123,
    "../results/pref_l2/bingo/exp8_srrip_lru/623.xalancbmk_s-10B": 1760711450.6267123,
    "../results/pref_l2/bingo/exp8_srrip_lru/623.xalancbmk_s-165B": 1760711450.6267123,
    "../results/pref_l2/bingo/exp8_srrip_lru/623.xalancbmk_s-202B": 1760711450.6267123,
    "../results/pref_l2/bingo/exp8_srrip_lru/625.x264_s-20B": 1760711450.6267123,
    "../results/pref_l2/bingo/exp8_srrip_lru/627.cam4_s-490B": 1760711450.6267123,
    "../results/pref_l2/bingo/exp8_srrip_lru/628.pop2_s-17B": 1760711450.6267123,
    "../results/pref_l2/bingo/exp8_srrip_lru/649.fotonik3d_s-10881B": 1760711450.6267123,
    "../results/pref_l2/bingo/exp8_srrip_lru/649.fotonik3d_s-1176B": 1760711450.6267123,
    "../results/pref_l2/bingo/exp8_srrip_lru/649.fotonik3d_s-7084B": 1760711450.6267123,
    "../results/pref_l2/bingo/exp8_srrip_lru/649.fotonik3d_s-8225B": 1760711450.6267123,
    "../results/pref_l2/bingo/exp8_srrip_lru/654.roms_s-1007B": 1760711450.6267123,
    "../results/pref_l2/bingo/exp8_srrip_lru/654.roms_s-1070B": 1760711450.6267123,
    "../results/pref_l2/bingo/exp8_srrip_lru/654.roms_s-1390B": 1760711450.6267123,
    "../results/pref_l2/bingo/exp8_srrip_lru/654.roms_s-293B": 1760711450.6267123,
    "../results/pref_l2/bingo/exp8_srrip_lru/654.roms_s-294B": 1760711450.6267123,
    "../results/pref_l2/bingo/exp8_srrip_lru/654.roms_s-523B": 1760711450.6267123,
    "../results/pref_l2/bingo/exp8_srrip_lru/657.xz_s-2302B": 1760711450.6267123,
    "../results/pref_l2/bingo/exp6_lru_ship++/600.perlbench_s-570B": 1760711450.6267123,
    "../results/pref_l2/bingo/exp6_lru_ship++/602.gcc_s-1850B": 1760711450.6267123,
    "../results/pref_l2/bingo/exp6_lru_ship++/602.gcc_s-2226B": 1760711450.6267123,
    "../results/pref_l2/bingo/exp6_lru_ship++/602.gcc_s-734B": 1760711450.6267123,
    "../results/pref_l2/bingo/exp6_lru_ship++/603.bwaves_s-1740B": 1760711450.6277122,
    "../results/pref_l2/bingo/exp6_lru_ship++/603.bwaves_s-2609B": 1760711450.6277122,
    "../results/pref_l2/bingo/exp6_lru_ship++/603.bwaves_s-2931B": 1760711450.6277122,
    "../results/pref_l2/bingo/exp6_lru_ship++/603.bwaves_s-891B": 1760711450.6277122,
    "../results/pref_l2/bingo/exp6_lru_ship++/605.mcf_s-1152B": 1760711450.6277122,
    "../results/pref_l2/bingo/exp6_lru_ship++/605.mcf_s-1536B": 1760711450.6277122,
    "../results/pref_l2/bingo/exp6_lru_ship++/605.mcf_s-1554B": 1760711450.6277122,
    "../results/pref_l2/bingo/exp6_lru_ship++/605.mcf_s-1644B": 1760711450.6277122,
    "../results/pref_l2/bingo/exp6_lru_ship++/605.mcf_s-472B": 1760711450.6277122,
    "../results/pref_l2/bingo/exp6_lru_ship++/605.mcf_s-484B": 1760711450.6277122,
    "../results/pref_l2/bingo/exp6_lru_ship++/605.mcf_s-665B": 1760711450.6277122,
    "../results/pref_l2/bingo/exp6_lru_ship++/605.mcf_s-782B": 1760711450.6277122,
    "../results/pref_l2/bingo/exp6_lru_ship++/605.mcf_s-994B": 1760711450.6277122,
    "../results/pref_l2/bingo/exp6_lru_ship++/607.cactuBSSN_s-2421B": 1760711450.6277122,
    "../results/pref_l2/bingo/exp6_lru_ship++/607.cactuBSSN_s-3477B": 1760711450.6277122,
    "../results/pref_l2/bingo/exp6_lru_ship++/607.cactuBSSN_s-4004B": 1760711450.6277122,
    "../results/pref_l2/bingo/exp6_lru_ship++/619.lbm_s-2676B": 1760711450.6277122,
    "../results/pref_l2/bingo/exp6_lru_ship++/619.lbm_s-2677B": 1760711450.6277122,
    "../results/pref_l2/bingo/exp6_lru_ship++/619.lbm_s-3766B": 1760711450.6277122,
    "../results/pref_l2/bingo/exp6_lru_ship++/619.lbm_s-4268B": 1760711450.6277122,
    "../results/pref_l2/bingo/exp6_lru_ship++/620.omnetpp_s-141B": 1760711450.6277122,
    "../results/pref_l2/bingo/exp6_lru_ship++/620.omnetpp_s-874B": 1760711450.6277122,
    "../results/pref_l2/bingo/exp6_lru_ship++/621.wrf_s-6673B": 1760711450.6277122,
    "../results/pref_l2/bingo/exp6_lru_ship++/621.wrf_s-8065B": 1760711450.6277122,
    "../results/pref_l2/bingo/exp6_lru_ship++/623.xalancbmk_s-10B": 1760711450.6277122,
    "../results/pref_l2/bingo/exp6_lru_ship++/623.xalancbmk_s-165B": 1760711450.6277122,
    "../results/pref_l2/bingo/exp6_lru_ship++/623.xalancbmk_s-202B": 1760711450.6277122,
    "../results/pref_l2/bingo/exp6_lru_ship++/625.x264_s-20B": 1760711450.6277122,
    "../results/pref_l2/bingo/exp6_lru_ship++/627.cam4_s-490B": 1760711450.6277122,
    "../results/pref_l2/bingo/exp6_lru_ship++/628.pop2_s-17B": 1760711450.6277122,
    "../results/pref_l2/bingo/exp6_lru_ship++/649.fotonik3d_s-10881B": 1760711450.6277122,
    "../results/pref_l2/bingo/exp6_lru_ship++/649.fotonik3d_s-1176B": 1760711450.6277122,
    "../results/pref_l2/bingo/exp6_lru_ship++/649.fotonik3d_s-7084B": 1760711450.6277122,
    "../results/pref_l2/bingo/exp6_lru_ship++/649.fotonik3d_s-8225B": 1760711450.6277122,
    "../results/pref_l2/bingo/exp6_lru_ship++/654.roms_s-1007B": 1760711450.6277122,
    "../results/pref_l2/bingo/exp6_lru_ship++/654.roms_s-1070B": 1760711450.6277122,
    "../results/pref_l2/bingo/exp6_lru_ship++/654.roms_s-1390B": 1760711450.6277122,
    "../results/pref_l2/bingo/exp6_lru_ship++/654.roms_s-293B": 1760711450.6277122,
    "../results/pref_l2/bingo/exp6_lru_ship++/654.roms_s-294B": 1760711450.6277122,
    "../results/pref_l2/bingo/exp6_lru_ship++/654.roms_s-523B": 1760711450.6277122,
    "../results/pref_l2/bingo/exp6_lru_ship++/657.xz_s-2302B": 1760711450.6277122,
    "../results/pref_l2/bingo/exp7_lru_mockingjay/600.perlbench_s-570B": 1760711450.6237123,
    "../results/pref_l2/bingo/exp7_lru_mockingjay/602.gcc_s-1850B": 1760711450.6237123,
    "../results/pref_l2/bingo/exp7_lru_mockingjay/602.gcc_s-2226B": 1760711450.6237123,
    "../results/pref_l2/bingo/exp7_lru_mockingjay/602.gcc_s-734B": 1760711450.6237123,
    "../results/pref_l2/bingo/exp7_lru_mockingjay/603.bwaves_s-1740B": 1760711450.6237123,
    "../results/pref_l2/bingo/exp7_lru_mockingjay/603.bwaves_s-2609B": 1760711450.6237123,
    "../results/pref_l2/bingo/exp7_lru_mockingjay/603.bwaves_s-2931B": 1760711450.6237123,
    "../results/pref_l2/bingo/exp7_lru_mockingjay/603.bwaves_s-891B": 1760711450.6237123,
    "../results/pref_l2/bingo/exp7_lru_mockingjay/605.mcf_s-1152B": 1760711450.6237123,
    "../results/pref_l2/bingo/exp7_lru_mockingjay/605.mcf_s-1536B": 1760711450.6237123,
    "../results/pref_l2/bingo/exp7_lru_mockingjay/605.mcf_s-1554B": 1760711450.6237123,
    "../results/pref_l2/bingo/exp7_lru_mockingjay/605.mcf_s-1644B": 1760711450.6237123,
    "../results/pref_l2/bingo/exp7_lru_mockingjay/605.mcf_s-472B": 1760711450.6237123,
    "../results/pref_l2/bingo/exp7_lru_mockingjay/605.mcf_s-484B": 1760711450.6237123,
    "../results/pref_l2/bingo/exp7_lru_mockingjay/605.mcf_s-665B": 1760711450.6237123,
    "../results/pref_l2/bingo/exp7_lru_mockingjay/605.mcf_s-782B": 1760711450.6237123,
    "../results/pref_l2/bingo/exp7_lru_mockingjay/605.mcf_s-994B": 1760711450.6237123,
    "../results/pref_l2/bingo/exp7_lru_mockingjay/607.cactuBSSN_s-2421B": 1760711450.6237123,
    "../results/pref_l2/bingo/exp7_lru_mockingjay/607.cactuBSSN_s-3477B": 1760711450.6237123,
    "../results/pref_l2/bingo/exp7_lru_mockingjay/607.cactuBSSN_s-4004B": 1760711450.6237123,
    "../results/pref_l2/bingo/exp7_lru_mockingjay/619.lbm_s-2676B": 1760711450.6237123,
    "../results/pref_l2/bingo/exp7_lru_mockingjay/619.lbm_s-2677B": 1760711450.6247122,
    "../results/pref_l2/bingo/exp7_lru_mockingjay/619.lbm_s-3766B": 1760711450.6247122,
    "../results/pref_l2/bingo/exp7_lru_mockingjay/619.lbm_s-4268B": 1760711450.6247122,
    "../results/pref_l2/bingo/exp7_lru_mockingjay/620.omnetpp_s-141B": 1760711450.6247122,
    "../results/pref_l2/bingo/exp7_lru_mockingjay/620.omnetpp_s-874B": 1760711450.6247122,
    "../results/pref_l2/bingo/exp7_lru_mockingjay/621.wrf_s-6673B": 1760711450.6247122,
    "../results/pref_l2/bingo/exp7_lru_mockingjay/621.wrf_s-8065B": 1760711450.6247122,
    "../results/pref_l2/bingo/exp7_lru_mockingjay/623.xalancbmk_s-10B": 1760711450.6247122,
    "../results/pref_l2/bingo/exp7_lru_mockingjay/623.xalancbmk_s-165B": 1760711450.6247122,
    "../results/pref_l2/bingo/exp7_lru_mockingjay/623.xalancbmk_s-202B": 1760711450.6247122,
    "../results/pref_l2/bingo/exp7_lru_mockingjay/625.x264_s-20B": 1760711450.6247122,
    "../results/pref_l2/bingo/exp7_lru_mockingjay/627.cam4_s-490B": 1760711450.6247122,
    "../results/pref_l2/bingo/exp7_lru_mockingjay/628.pop2_s-17B": 1760711450.6247122,
    "../results/pref_l2/bingo/exp7_lru_mockingjay/649.fotonik3d_s-10881B": 1760711450.6247122,
    "../results/pref_l2/bingo/exp7_lru_mockingjay/649.fotonik3d_s-1176B": 1760711450.6247122,
    "../results/pref_l2/bingo/exp7_lru_mockingjay/649.fotonik3d_s-7084B": 1760711450.6247122,
    "../results/pref_l2/bingo/exp7_lru_mockingjay/649.fotonik3d_s-8225B": 1760711450.6247122,
    "../results/pref_l2/bingo/exp7_lru_mockingjay/654.roms_s-1007B": 1760711450.6247122,
    "../results/pref_l2/bingo/exp7_lru_mockingjay/654.roms_s-1070B": 1760711450.6247122,
    "../results/pref_l2/bingo/exp7_lru_mockingjay/654.roms_s-1390B": 1760711450.6247122,
    "../results/pref_l2/bingo/exp7_lru_mockingjay/654.roms_s-293B": 1760711450.6247122,
    "../results/pref_l2/bingo/exp7_lru_mockingjay/654.roms_s-294B": 1760711450.6247122,
    "../results/pref_l2/bingo/exp7_lru_mockingjay/654.roms_s-523B": 1760711450.6247122,
    "../results/pref_l2/bingo/exp7_lru_mockingjay/657.xz_s-2302B": 1760711450.6247122,
    "../results/pref_l2/bingo/exp10_srrip_drrip/600.perlbench_s-570B": 1760711450.6317122,
    "../results/pref_l2/bingo/exp10_srrip_drrip/602.gcc_s-1850B": 1760711450.6317122,
    "../results/pref_l2/bingo/exp10_srrip_drrip/602.gcc_s-2226B": 1760711450.6317122,
    "../results/pref_l2/bingo/exp10_srrip_drrip/602.gcc_s-734B": 1760711450.6317122,
    "../results/pref_l2/bingo/exp10_srrip_drrip/603.bwaves_s-1740B": 1760711450.6317122,
    "../results/pref_l2/bingo/exp10_srrip_drrip/603.bwaves_s-2609B": 1760711450.6327124,
    "../results/pref_l2/bingo/exp10_srrip_drrip/603.bwaves_s-2931B": 1760711450.6327124,
    "../results/pref_l2/bingo/exp10_srrip_drrip/603.bwaves_s-891B": 1760711450.6327124,
    "../results/pref_l2/bingo/exp10_srrip_drrip/605.mcf_s-1152B": 1760711450.6327124,
    "../results/pref_l2/bingo/exp10_srrip_drrip/605.mcf_s-1536B": 1760711450.6327124,
    "../results/pref_l2/bingo/exp10_srrip_drrip/605.mcf_s-1554B": 1760711450.6327124,
    "../results/pref_l2/bingo/exp10_srrip_drrip/605.mcf_s-1644B": 1760711450.6327124,
    "../results/pref_l2/bingo/exp10_srrip_drrip/605.mcf_s-472B": 1760711450.6327124,
    "../results/pref_l2/bingo/exp10_srrip_drrip/605.mcf_s-484B": 1760711450.6327124,
    "../results/pref_l2/bingo/exp10_srrip_drrip/605.mcf_s-665B": 1760711450.6327124,
    "../results/pref_l2/bingo/exp10_srrip_drrip/605.mcf_s-782B": 1760711450.6327124,
    "../results/pref_l2/bingo/exp10_srrip_drrip/605.mcf_s-994B": 1760711450.6327124,
    "../results/pref_l2/bingo/exp10_srrip_drrip/607.cactuBSSN_s-2421B": 1760711450.6327124,
    "../results/pref_l2/bingo/exp10_srrip_drrip/607.cactuBSSN_s-3477B": 1760711450.6327124,
    "../results/pref_l2/bingo/exp10_srrip_drrip/607.cactuBSSN_s-4004B": 1760711450.6327124,
    "../results/pref_l2/bingo/exp10_srrip_drrip/619.lbm_s-2676B": 1760711450.6327124,
    "../results/pref_l2/bingo/exp10_srrip_drrip/619.lbm_s-2677B": 1760711450.6327124,
    "../results/pref_l2/bingo/exp10_srrip_drrip/619.lbm_s-3766B": 1760711450.6327124,
    "../results/pref_l2/bingo/exp10_srrip_drrip/619.lbm_s-4268B": 1760711450.6327124,
    "../results/pref_l2/bingo/exp10_srrip_drrip/620.omnetpp_s-141B": 1760711450.6327124,
    "../results/pref_l2/bingo/exp10_srrip_drrip/620.omnetpp_s-874B": 1760711450.6327124,
    "../results/pref_l2/bingo/exp10_srrip_drrip/621.wrf_s-6673B": 1760711450.6327124,
    "../results/pref_l2/bingo/exp10_srrip_drrip/621.wrf_s-8065B": 1760711450.6327124,
    "../results/pref_l2/bingo/exp10_srrip_drrip/623.xalancbmk_s-10B": 1760711450.6327124,
    "../results/pref_l2/bingo/exp10_srrip_drrip/623.xalancbmk_s-165B": 1760711450.6327124,
    "../results/pref_l2/bingo/exp10_srrip_drrip/623.xalancbmk_s-202B": 1760711450.6327124,
    "../results/pref_l2/bingo/exp10_srrip_drrip/625.x264_s-20B": 1760711450.6327124,
    "../results/pref_l2/bingo/exp10_srrip_drrip/627.cam4_s-490B": 1760711450.6327124,
    "../results/pref_l2/bingo/exp10_srrip_drrip/628.pop2_s-17B": 1760711450.6327124,
    "../results/pref_l2/bingo/exp10_srrip_drrip/649.fotonik3d_s-10881B": 1760711450.6327124,
    "../results/pref_l2/bingo/exp10_srrip_drrip/649.fotonik3d_s-1176B": 1760711450.6327124,
    "../results/pref_l2/bingo/exp10_srrip_drrip/649.fotonik3d_s-7084B": 1760711450.6327124,
    "../results/pref_l2/bingo/exp10_srrip_drrip/649.fotonik3d_s-8225B": 1760711450.6327124,
    "../results/pref_l2/bingo/exp10_srrip_drrip/654.roms_s-1007B": 1760711450.6327124,
    "../results/pref_l2/bingo/exp10_srrip_drrip/654.roms_s-1070B": 1760711450.6327124,
    "../results/pref_l2/bingo/exp10_srrip_drrip/654.roms_s-1390B": 1760711450.6327124,
    "../results/pref_l2/bingo/exp10_srrip_drrip/654.roms_s-293B": 1760711450.6327124,
    "../results/pref_l2/bingo/exp10_srrip_drrip/654.roms_s-294B": 1760711450.6327124,
    "../results/pref_l2/bingo/exp10_srrip_drrip/654.roms_s-523B": 1760711450.6327124,
    "../results/pref_l2/bingo/exp10_srrip_drrip/657.xz_s-2302B": 1760711450.6327124,
    "../results/pref_l2/spp/exp12_srrip_ship/600.perlbench_s-570B": 1760711450.6697128,
    "../results/pref_l2/spp/exp12_srrip_ship/602.gcc_s-1850B": 1760711450.6697128,
    "../results/pref_l2/spp/exp12_srrip_ship/602.gcc_s-2226B": 1760711450.6697128,
    "../results/pref_l2/spp/exp12_srrip_ship/602.gcc_s-734B": 1760711450.6697128,
    "../results/pref_l2/spp/exp12_srrip_ship/603.bwaves_s-1740B": 1760711450.6697128,
    "../results/pref_l2/spp/exp12_srrip_ship/603.bwaves_s-2609B": 1760711450.6697128,
    "../results/pref_l2/spp/exp12_srrip_ship/603.bwaves_s-2931B": 1760711450.6697128,
    "../results/pref_l2/spp/exp12_srrip_ship/603.bwaves_s-891B": 1760711450.6697128,
    "../results/pref_l2/spp/exp12_srrip_ship/605.mcf_s-1152B": 1760711450.6697128,
    "../results/pref_l2/spp/exp12_srrip_ship/605.mcf_s-1536B": 1760711450.6697128,
    "../results/pref_l2/spp/exp12_srrip_ship/605.mcf_s-1554B": 1760711450.6697128,
    "../results/pref_l2/spp/exp12_srrip_ship/605.mcf_s-1644B": 1760711450.6697128,
    "../results/pref_l2/spp/exp12_srrip_ship/605.mcf_s-472B": 1760711450.6697128,
    "../results/pref_l2/spp/exp12_srrip_ship/605.mcf_s-484B": 1760711450.6697128,
    "../results/pref_l2/spp/exp12_srrip_ship/605.mcf_s-665B": 1760711450.6707127,
    "../results/pref_l2/spp/exp12_srrip_ship/605.mcf_s-782B": 1760711450.6707127,
    "../results/pref_l2/spp/exp12_srrip_ship/605.mcf_s-994B": 1760711450.6707127,
    "../results/pref_l2/spp/exp12_srrip_ship/607.cactuBSSN_s-2421B": 1760711450.6707127,
    "../results/pref_l2/spp/exp12_srrip_ship/607.cactuBSSN_s-3477B": 1760711450.6707127,
    "../results/pref_l2/spp/exp12_srrip_ship/607.cactuBSSN_s-4004B": 1760711450.6707127,
    "../results/pref_l2/spp/exp12_srrip_ship/619.lbm_s-2676B": 1760711450.6707127,
    "../results/pref_l2/spp/exp12_srrip_ship/619.lbm_s-2677B": 1760711450.6707127,
    "../results/pref_l2/spp/exp12_srrip_ship/619.lbm_s-3766B": 1760711450.6707127,
    "../results/pref_l2/spp/exp12_srrip_ship/619.lbm_s-4268B": 1760711450.6707127,
    "../results/pref_l2/spp/exp12_srrip_ship/620.omnetpp_s-141B": 1760711450.6707127,
    "../results/pref_l2/spp/exp12_srrip_ship/620.omnetpp_s-874B": 1760711450.6707127,
    "../results/pref_l2/spp/exp12_srrip_ship/621.wrf_s-6673B": 1760711450.6707127,
    "../results/pref_l2/spp/exp12_srrip_ship/621.wrf_s-8065B": 1760711450.6707127,
    "../results/pref_l2/spp/exp12_srrip_ship/623.xalancbmk_s-10B": 1760711450.6707127,
    "../results/pref_l2/spp/exp12_srrip_ship/623.xalancbmk_s-165B": 1760711450.6707127,
    "../results/pref_l2/spp/exp12_srrip_ship/623.xalancbmk_s-202B": 1760711450.6707127,
    "../results/pref_l2/spp/exp12_srrip_ship/625.x264_s-20B": 1760711450.6707127,
    "../results/pref_l2/spp/exp12_srrip_ship/627.cam4_s-490B": 1760711450.6707127,
    "../results/pref_l2/spp/exp12_srrip_ship/628.pop2_s-17B": 1760711450.6707127,
    "../results/pref_l2/spp/exp12_srrip_ship/649.fotonik3d_s-10881B": 1760711450.6707127,
    "../results/pref_l2/spp/exp12_srrip_ship/649.fotonik3d_s-1176B": 1760711450.6707127,
    "../results/pref_l2/spp/exp12_srrip_ship/649.fotonik3d_s-7084B": 1760711450.6707127,
    "../results/pref_l2/spp/exp12_srrip_ship/649.fotonik3d_s-8225B": 1760711450.6707127,
    "../results/pref_l2/spp/exp12_srrip_ship/654.roms_s-1007B": 1760711450.6707127,
    "../results/pref_l2/spp/exp12_srrip_ship/654.roms_s-1070B": 1760711450.6707127,
    "../results/pref_l2/spp/exp12_srrip_ship/654.roms_s-1390B": 1760711450.6707127,
    "../results/pref_l2/spp/exp12_srrip_ship/654.roms_s-293B": 1760711450.6707127,
    "../results/pref_l2/spp/exp12_srrip_ship/654.roms_s-294B": 1760711450.6707127,
    "../results/pref_l2/spp/exp12_srrip_ship/654.roms_s-523B": 1760711450.6707127,
    "../results/pref_l2/spp/exp12_srrip_ship/657.xz_s-2302B": 1760711450.6707127,
    "../results/pref_l2/spp/exp1_lru_lru/600.perlbench_s-570B": 1760711450.6737127,
    "../results/pref_l2/spp/exp1_lru_lru/602.gcc_s-1850B": 1760711450.6737127,
    "../results/pref_l2/spp/exp1_lru_lru/602.gcc_s-2226B": 1760711450.6737127,
    "../results/pref_l2/spp/exp1_lru_lru/602.gcc_s-734B": 1760711450.6737127,
    "../results/pref_l2/spp/exp1_lru_lru/603.bwaves_s-1740B": 1760711450.6737127,
    "../results/pref_l2/spp/exp1_lru_lru/603.bwaves_s-2609B": 1760711450.6737127,
    "../results/pref_l2/spp/exp1_lru_lru/603.bwaves_s-2931B": 1760711450.6737127,
    "../results/pref_l2/spp/exp1_lru_lru/603.bwaves_s-891B": 1760711450.6737127,
    "../results/pref_l2/spp/exp1_lru_lru/605.mcf_s-1152B": 1760711450.6737127,
    "../results/pref_l2/spp/exp1_lru_lru/605.mcf_s-1536B": 1760711450.6737127,
    "../results/pref_l2/spp/exp1_lru_lru/605.mcf_s-1554B": 1760711450.6737127,
    "../results/pref_l2/spp/exp1_lru_lru/605.mcf_s-1644B": 1760711450.6737127,
    "../results/pref_l2/spp/exp1_lru_lru/605.mcf_s-472B": 1760711450.6737127,
    "../results/pref_l2/spp/exp1_lru_lru/605.mcf_s-484B": 1760711450.6737127,
    "../results/pref_l2/spp/exp1_lru_lru/605.mcf_s-665B": 1760711450.6737127,
    "../results/pref_l2/spp/exp1_lru_lru/605.mcf_s-782B": 1760711450.6737127,
    "../results/pref_l2/spp/exp1_lru_lru/605.mcf_s-994B": 1760711450.6737127,
    "../results/pref_l2/spp/exp1_lru_lru/607.cactuBSSN_s-2421B": 1760711450.6737127,
    "../results/pref_l2/spp/exp1_lru_lru/607.cactuBSSN_s-3477B": 1760711450.6737127,
    "../results/pref_l2/spp/exp1_lru_lru/607.cactuBSSN_s-4004B": 1760711450.6737127,
    "../results/pref_l2/spp/exp1_lru_lru/619.lbm_s-2676B": 1760711450.6737127,
    "../results/pref_l2/spp/exp1_lru_lru/619.lbm_s-2677B": 1760711450.6737127,
    "../results/pref_l2/spp/exp1_lru_lru/619.lbm_s-3766B": 1760711450.6737127,
    "../results/pref_l2/spp/exp1_lru_lru/619.lbm_s-4268B": 1760711450.6737127,
    "../results/pref_l2/spp/exp1_lru_lru/620.omnetpp_s-141B": 1760711450.6737127,
    "../results/pref_l2/spp/exp1_lru_lru/620.omnetpp_s-874B": 1760711450.6737127,
    "../results/pref_l2/spp/exp1_lru_lru/621.wrf_s-6673B": 1760711450.6737127,
    "../results/pref_l2/spp/exp1_lru_lru/621.wrf_s-8065B": 1760711450.6737127,
    "../results/pref_l2/spp/exp1_lru_lru/623.xalancbmk_s-10B": 1760711450.6737127,
    "../results/pref_l2/spp/exp1_lru_lru/623.xalancbmk_s-165B": 1760711450.6737127,
    "../results/pref_l2/spp/exp1_lru_lru/623.xalancbmk_s-202B": 1760711450.6737127,
    "../results/pref_l2/spp/exp1_lru_lru/625.x264_s-20B": 1760711450.6737127,
    "../results/pref_l2/spp/exp1_lru_lru/627.cam4_s-490B": 1760711450.6737127,
    "../results/pref_l2/spp/exp1_lru_lru/628.pop2_s-17B": 1760711450.6737127,
    "../results/pref_l2/spp/exp1_lru_lru/649.fotonik3d_s-10881B": 1760711450.6737127,
    "../results/pref_l2/spp/exp1_lru_lru/649.fotonik3d_s-1176B": 1760711450.6737127,
    "../results/pref_l2/spp/exp1_lru_lru/649.fotonik3d_s-7084B": 1760711450.6747127,
    "../results/pref_l2/spp/exp1_lru_lru/649.fotonik3d_s-8225B": 1760711450.6747127,
    "../results/pref_l2/spp/exp1_lru_lru/654.roms_s-1007B": 1760711450.6747127,
    "../results/pref_l2/spp/exp1_lru_lru/654.roms_s-1070B": 1760711450.6747127,
    "../results/pref_l2/spp/exp1_lru_lru/654.roms_s-1390B": 1760711450.6747127,
    "../results/pref_l2/spp/exp1_lru_lru/654.roms_s-293B": 1760711450.6747127,
    "../results/pref_l2/spp/exp1_lru_lru/654.roms_s-294B": 1760711450.6747127,
    "../results/pref_l2/spp/exp1_lru_lru/654.roms_s-523B": 1760711450.6747127,
    "../results/pref_l2/spp/exp1_lru_lru/657.xz_s-2302B": 1760711450.6747127,
    "../results/pref_l2/spp/exp14_srrip_mockingjay/600.perlbench_s-570B": 1760711450.6717126,
    "../results/pref_l2/spp/exp14_srrip_mockingjay/602.gcc_s-1850B": 1760711450.6727128,
    "../results/pref_l2/spp/exp14_srrip_mockingjay/602.gcc_s-2226B": 1760711450.6727128,
    "../results/pref_l2/spp/exp14_srrip_mockingjay/602.gcc_s-734B": 1760711450.6727128,
    "../results/pref_l2/spp/exp14_srrip_mockingjay/603.bwaves_s-1740B": 1760711450.6727128,
    "../results/pref_l2/spp/exp14_srrip_mockingjay/603.bwaves_s-2609B": 1760711450.6727128,
    "../results/pref_l2/spp/exp14_srrip_mockingjay/603.bwaves_s-2931B": 1760711450.6727128,
    "../results/pref_l2/spp/exp14_srrip_mockingjay/603.bwaves_s-891B": 1760711450.6727128,
    "../results/pref_l2/spp/exp14_srrip_mockingjay/605.mcf_s-1152B": 1760711450.6727128,
    "../results/pref_l2/spp/exp14_srrip_mockingjay/605.mcf_s-1536B": 1760711450.6727128,
    "../results/pref_l2/spp/exp14_srrip_mockingjay/605.mcf_s-1554B": 1760711450.6727128,
    "../results/pref_l2/spp/exp14_srrip_mockingjay/605.mcf_s-1644B": 1760711450.6727128,
    "../results/pref_l2/spp/exp14_srrip_mockingjay/605.mcf_s-472B": 1760711450.6727128,
    "../results/pref_l2/spp/exp14_srrip_mockingjay/605.mcf_s-484B": 1760711450.6727128,
    "../results/pref_l2/spp/exp14_srrip_mockingjay/605.mcf_s-665B": 1760711450.6727128,
    "../results/pref_l2/spp/exp14_srrip_mockingjay/605.mcf_s-782B": 1760711450.6727128,
    "../results/pref_l2/spp/exp14_srrip_mockingjay/605.mcf_s-994B": 1760711450.6727128,
    "../results/pref_l2/spp/exp14_srrip_mockingjay/607.cactuBSSN_s-2421B": 1760711450.6727128,
    "../results/pref_l2/spp/exp14_srrip_mockingjay/607.cactuBSSN_s-3477B": 1760711450.6727128,
    "../results/pref_l2/spp/exp14_srrip_mockingjay/607.cactuBSSN_s-4004B": 1760711450.6727128,
    "../results/pref_l2/spp/exp14_srrip_mockingjay/619.lbm_s-2676B": 1760711450.6727128,
    "../results/pref_l2/spp/exp14_srrip_mockingjay/619.lbm_s-2677B": 1760711450.6727128,
    "../results/pref_l2/spp/exp14_srrip_mockingjay/619.lbm_s-3766B": 1760711450.6727128,
    "../results/pref_l2/spp/exp14_srrip_mockingjay/619.lbm_s-4268B": 1760711450.6727128,
    "../results/pref_l2/spp/exp14_srrip_mockingjay/620.omnetpp_s-141B": 1760711450.6727128,
    "../results/pref_l2/spp/exp14_srrip_mockingjay/620.omnetpp_s-874B": 1760711450.6727128,
    "../results/pref_l2/spp/exp14_srrip_mockingjay/621.wrf_s-6673B": 1760711450.6727128,
    "../results/pref_l2/spp/exp14_srrip_mockingjay/621.wrf_s-8065B": 1760711450.6727128,
    "../results/pref_l2/spp/exp14_srrip_mockingjay/623.xalancbmk_s-10B": 1760711450.6727128,
    "../results/pref_l2/spp/exp14_srrip_mockingjay/623.xalancbmk_s-165B": 1760711450.6727128,
    "../results/pref_l2/spp/exp14_srrip_mockingjay/623.xalancbmk_s-202B": 1760711450.6727128,
    "../results/pref_l2/spp/exp14_srrip_mockingjay/625.x264_s-20B": 1760711450.6727128,
    "../results/pref_l2/spp/exp14_srrip_mockingjay/627.cam4_s-490B": 1760711450.6727128,
    "../results/pref_l2/spp/exp14_srrip_mockingjay/628.pop2_s-17B": 1760711450.6727128,
    "../results/pref_l2/spp/exp14_srrip_mockingjay/649.fotonik3d_s-10881B": 1760711450.6727128,
    "../results/pref_l2/spp/exp14_srrip_mockingjay/649.fotonik3d_s-1176B": 1760711450.6727128,
    "../results/pref_l2/spp/exp14_srrip_mockingjay/649.fotonik3d_s-7084B": 1760711450.6727128,
    "../results/pref_l2/spp/exp14_srrip_mockingjay/649.fotonik3d_s-8225B": 1760711450.6727128,
    "../results/pref_l2/spp/exp14_srrip_mockingjay/654.roms_s-1007B": 1760711450.6727128,
    "../results/pref_l2/spp/exp14_srrip_mockingjay/654.roms_s-1070B": 1760711450.6727128,
    "../results/pref_l2/spp/exp14_srrip_mockingjay/654.roms_s-1390B": 1760711450.6727128,
    "../results/pref_l2/spp/exp14_srrip_mockingjay/654.roms_s-293B": 1760711450.6727128,
    "../results/pref_l2/spp/exp14_srrip_mockingjay/654.roms_s-294B": 1760711450.6727128,
    "../results/pref_l2/spp/exp14_srrip_mockingjay/654.roms_s-523B": 1760711450.6737127,
    "../results/pref_l2/spp/exp14_srrip_mockingjay/657.xz_s-2302B": 1760711450.6737127,
    "../results/pref_l2/spp/exp11_srrip_hawkeye/600.perlbench_s-570B": 1760711450.6687126,
    "../results/pref_l2/spp/exp11_srrip_hawkeye/602.gcc_s-1850B": 1760711450.6687126,
    "../results/pref_l2/spp/exp11_srrip_hawkeye/602.gcc_s-2226B": 1760711450.6687126,
    "../results/pref_l2/spp/exp11_srrip_hawkeye/602.gcc_s-734B": 1760711450.6687126,
    "../results/pref_l2/spp/exp11_srrip_hawkeye/603.bwaves_s-1740B": 1760711450.6687126,
    "../results/pref_l2/spp/exp11_srrip_hawkeye/603.bwaves_s-2609B": 1760711450.6687126,
    "../results/pref_l2/spp/exp11_srrip_hawkeye/603.bwaves_s-2931B": 1760711450.6687126,
    "../results/pref_l2/spp/exp11_srrip_hawkeye/603.bwaves_s-891B": 1760711450.6687126,
    "../results/pref_l2/spp/exp11_srrip_hawkeye/605.mcf_s-1152B": 1760711450.6687126,
    "../results/pref_l2/spp/exp11_srrip_hawkeye/605.mcf_s-1536B": 1760711450.6687126,
    "../results/pref_l2/spp/exp11_srrip_hawkeye/605.mcf_s-1554B": 1760711450.6687126,
    "../results/pref_l2/spp/exp11_srrip_hawkeye/605.mcf_s-1644B": 1760711450.6687126,
    "../results/pref_l2/spp/exp11_srrip_hawkeye/605.mcf_s-472B": 1760711450.6687126,
    "../results/pref_l2/spp/exp11_srrip_hawkeye/605.mcf_s-484B": 1760711450.6687126,
    "../results/pref_l2/spp/exp11_srrip_hawkeye/605.mcf_s-665B": 1760711450.6687126,
    "../results/pref_l2/spp/exp11_srrip_hawkeye/605.mcf_s-782B": 1760711450.6687126,
    "../results/pref_l2/spp/exp11_srrip_hawkeye/605.mcf_s-994B": 1760711450.6687126,
    "../results/pref_l2/spp/exp11_srrip_hawkeye/607.cactuBSSN_s-2421B": 1760711450.6687126,
    "../results/pref_l2/spp/exp11_srrip_hawkeye/607.cactuBSSN_s-3477B": 1760711450.6687126,
    "../results/pref_l2/spp/exp11_srrip_hawkeye/607.cactuBSSN_s-4004B": 1760711450.6687126,
    "../results/pref_l2/spp/exp11_srrip_hawkeye/619.lbm_s-2676B": 1760711450.6687126,
    "../results/pref_l2/spp/exp11_srrip_hawkeye/619.lbm_s-2677B": 1760711450.6697128,
    "../results/pref_l2/spp/exp11_srrip_hawkeye/619.lbm_s-3766B": 1760711450.6697128,
    "../results/pref_l2/spp/exp11_srrip_hawkeye/619.lbm_s-4268B": 1760711450.6697128,
    "../results/pref_l2/spp/exp11_srrip_hawkeye/620.omnetpp_s-141B": 1760711450.6697128,
    "../results/pref_l2/spp/exp11_srrip_hawkeye/620.omnetpp_s-874B": 1760711450.6697128,
    "../results/pref_l2/spp/exp11_srrip_hawkeye/621.wrf_s-6673B": 1760711450.6697128,
    "../results/pref_l2/spp/exp11_srrip_hawkeye/621.wrf_s-8065B": 1760711450.6697128,
    "../results/pref_l2/spp/exp11_srrip_hawkeye/623.xalancbmk_s-10B": 1760711450.6697128,
    "../results/pref_l2/spp/exp11_srrip_hawkeye/623.xalancbmk_s-165B": 1760711450.6697128,
    "../results/pref_l2/spp/exp11_srrip_hawkeye/623.xalancbmk_s-202B": 1760711450.6697128,
    "../results/pref_l2/spp/exp11_srrip_hawkeye/625.x264_s-20B": 1760711450.6697128,
    "../results/pref_l2/spp/exp11_srrip_hawkeye/627.cam4_s-490B": 1760711450.6697128,
    "../results/pref_l2/spp/exp11_srrip_hawkeye/628.pop2_s-17B": 1760711450.6697128,
    "../results/pref_l2/spp/exp11_srrip_hawkeye/649.fotonik3d_s-10881B": 1760711450.6697128,
    "../results/pref_l2/spp/exp11_srrip_hawkeye/649.fotonik3d_s-1176B": 1760711450.6697128,
    "../results/pref_l2/spp/exp11_srrip_hawkeye/649.fotonik3d_s-7084B": 1760711450.6697128,
    "../results/pref_l2/spp/exp11_srrip_hawkeye/649.fotonik3d_s-8225B": 1760711450.6697128,
    "../results/pref_l2/spp/exp11_srrip_hawkeye/654.roms_s-1007B": 1760711450.6697128,
    "../results/pref_l2/spp/exp11_srrip_hawkeye/654.roms_s-1070B": 1760711450.6697128,
    "../results/pref_l2/spp/exp11_srrip_hawkeye/654.roms_s-1390B": 1760711450.6697128,
    "../results/pref_l2/spp/exp11_srrip_hawkeye/654.roms_s-293B": 1760711450.6697128,
    "../results/pref_l2/spp/exp11_srrip_hawkeye/654.roms_s-294B": 1760711450.6697128,
    "../results/pref_l2/spp/exp11_srrip_hawkeye/654.roms_s-523B": 1760711450.6697128,
    "../results/pref_l2/spp/exp11_srrip_hawkeye/657.xz_s-2302B": 1760711450.6697128,
    "../results/pref_l2/spp/exp13_srrip_ship++/600.perlbench_s-570B": 1760711450.6707127,
    "../results/pref_l2/spp/exp13_srrip_ship++/602.gcc_s-1850B": 1760711450.6707127,
    "../results/pref_l2/spp/exp13_srrip_ship++/602.gcc_s-2226B": 1760711450.6707127,
    "../results/pref_l2/spp/exp13_srrip_ship++/602.gcc_s-734B": 1760711450.6707127,
    "../results/pref_l2/spp/exp13_srrip_ship++/603.bwaves_s-1740B": 1760711450.6707127,
    "../results/pref_l2/spp/exp13_srrip_ship++/603.bwaves_s-2609B": 1760711450.6717126,
    "../results/pref_l2/spp/exp13_srrip_ship++/603.bwaves_s-2931B": 1760711450.6717126,
    "../results/pref_l2/spp/exp13_srrip_ship++/603.bwaves_s-891B": 1760711450.6717126,
    "../results/pref_l2/spp/exp13_srrip_ship++/605.mcf_s-1152B": 1760711450.6717126,
    "../results/pref_l2/spp/exp13_srrip_ship++/605.mcf_s-1536B": 1760711450.6717126,
    "../results/pref_l2/spp/exp13_srrip_ship++/605.mcf_s-1554B": 1760711450.6717126,
    "../results/pref_l2/spp/exp13_srrip_ship++/605.mcf_s-1644B": 1760711450.6717126,
    "../results/pref_l2/spp/exp13_srrip_ship++/605.mcf_s-472B": 1760711450.6717126,
    "../results/pref_l2/spp/exp13_srrip_ship++/605.mcf_s-484B": 1760711450.6717126,
    "../results/pref_l2/spp/exp13_srrip_ship++/605.mcf_s-665B": 1760711450.6717126,
    "../results/pref_l2/spp/exp13_srrip_ship++/605.mcf_s-782B": 1760711450.6717126,
    "../results/pref_l2/spp/exp13_srrip_ship++/605.mcf_s-994B": 1760711450.6717126,
    "../results/pref_l2/spp/exp13_srrip_ship++/607.cactuBSSN_s-2421B": 1760711450.6717126,
    "../results/pref_l2/spp/exp13_srrip_ship++/607.cactuBSSN_s-3477B": 1760711450.6717126,
    "../results/pref_l2/spp/exp13_srrip_ship++/607.cactuBSSN_s-4004B": 1760711450.6717126,
    "../results/pref_l2/spp/exp13_srrip_ship++/619.lbm_s-2676B": 1760711450.6717126,
    "../results/pref_l2/spp/exp13_srrip_ship++/619.lbm_s-2677B": 1760711450.6717126,
    "../results/pref_l2/spp/exp13_srrip_ship++/619.lbm_s-3766B": 1760711450.6717126,
    "../results/pref_l2/spp/exp13_srrip_ship++/619.lbm_s-4268B": 1760711450.6717126,
    "../results/pref_l2/spp/exp13_srrip_ship++/620.omnetpp_s-141B": 1760711450.6717126,
    "../results/pref_l2/spp/exp13_srrip_ship++/620.omnetpp_s-874B": 1760711450.6717126,
    "../results/pref_l2/spp/exp13_srrip_ship++/621.wrf_s-6673B": 1760711450.6717126,
    "../results/pref_l2/spp/exp13_srrip_ship++/621.wrf_s-8065B": 1760711450.6717126,
    "../results/pref_l2/spp/exp13_srrip_ship++/623.xalancbmk_s-10B": 1760711450.6717126,
    "../results/pref_l2/spp/exp13_srrip_ship++/623.xalancbmk_s-165B": 1760711450.6717126,
    "../results/pref_l2/spp/exp13_srrip_ship++/623.xalancbmk_s-202B": 1760711450.6717126,
    "../results/pref_l2/spp/exp13_srrip_ship++/625.x264_s-20B": 1760711450.6717126,
    "../results/pref_l2/spp/exp13_srrip_ship++/627.cam4_s-490B": 1760711450.6717126,
    "../results/pref_l2/spp/exp13_srrip_ship++/628.pop2_s-17B": 1760711450.6717126,
    "../results/pref_l2/spp/exp13_srrip_ship++/649.fotonik3d_s-10881B": 1760711450.6717126,
    "../results/pref_l2/spp/exp13_srrip_ship++/649.fotonik3d_s-1176B": 1760711450.6717126,
    "../results/pref_l2/spp/exp13_srrip_ship++/649.fotonik3d_s-7084B": 1760711450.6717126,
    "../results/pref_l2/spp/exp13_srrip_ship++/649.fotonik3d_s-8225B": 1760711450.6717126,
    "../results/pref_l2/spp/exp13_srrip_ship++/654.roms_s-1007B": 1760711450.6717126,
    "../results/pref_l2/spp/exp13_srrip_ship++/654.roms_s-1070B": 1760711450.6717126,
    "../results/pref_l2/spp/exp13_srrip_ship++/654.roms_s-1390B": 1760711450.6717126,
    "../results/pref_l2/spp/exp13_srrip_ship++/654.roms_s-293B": 1760711450.6717126,
    "../results/pref_l2/spp/exp13_srrip_ship++/654.roms_s-294B": 1760711450.6717126,
    "../results/pref_l2/spp/exp13_srrip_ship++/654.roms_s-523B": 1760711450.6717126,
    "../results/pref_l2/spp/exp13_srrip_ship++/657.xz_s-2302B": 1760711450.6717126,
    "../results/pref_l2/spp/exp3_lru_drrip/600.perlbench_s-570B": 1760711450.6757128,
    "../results/pref_l2/spp/exp3_lru_drrip/602.gcc_s-1850B": 1760711450.6757128,
    "../results/pref_l2/spp/exp3_lru_drrip/602.gcc_s-2226B": 1760711450.6757128,
    "../results/pref_l2/spp/exp3_lru_drrip/602.gcc_s-734B": 1760711450.6757128,
    "../results/pref_l2/spp/exp3_lru_drrip/603.bwaves_s-1740B": 1760711450.6757128,
    "../results/pref_l2/spp/exp3_lru_drrip/603.bwaves_s-2609B": 1760711450.6757128,
    "../results/pref_l2/spp/exp3_lru_drrip/603.bwaves_s-2931B": 1760711450.6757128,
    "../results/pref_l2/spp/exp3_lru_drrip/603.bwaves_s-891B": 1760711450.6757128,
    "../results/pref_l2/spp/exp3_lru_drrip/605.mcf_s-1152B": 1760711450.6757128,
    "../results/pref_l2/spp/exp3_lru_drrip/605.mcf_s-1536B": 1760711450.6757128,
    "../results/pref_l2/spp/exp3_lru_drrip/605.mcf_s-1554B": 1760711450.6757128,
    "../results/pref_l2/spp/exp3_lru_drrip/605.mcf_s-1644B": 1760711450.6757128,
    "../results/pref_l2/spp/exp3_lru_drrip/605.mcf_s-472B": 1760711450.6757128,
    "../results/pref_l2/spp/exp3_lru_drrip/605.mcf_s-484B": 1760711450.6757128,
    "../results/pref_l2/spp/exp3_lru_drrip/605.mcf_s-665B": 1760711450.6757128,
    "../results/pref_l2/spp/exp3_lru_drrip/605.mcf_s-782B": 1760711450.6757128,
    "../results/pref_l2/spp/exp3_lru_drrip/605.mcf_s-994B": 1760711450.6757128,
    "../results/pref_l2/spp/exp3_lru_drrip/607.cactuBSSN_s-2421B": 1760711450.6757128,
    "../results/pref_l2/spp/exp3_lru_drrip/607.cactuBSSN_s-3477B": 1760711450.6757128,
    "../results/pref_l2/spp/exp3_lru_drrip/607.cactuBSSN_s-4004B": 1760711450.6757128,
    "../results/pref_l2/spp/exp3_lru_drrip/619.lbm_s-2676B": 1760711450.6757128,
    "../results/pref_l2/spp/exp3_lru_drrip/619.lbm_s-2677B": 1760711450.6757128,
    "../results/pref_l2/spp/exp3_lru_drrip/619.lbm_s-3766B": 1760711450.6757128,
    "../results/pref_l2/spp/exp3_lru_drrip/619.lbm_s-4268B": 1760711450.6757128,
    "../results/pref_l2/spp/exp3_lru_drrip/620.omnetpp_s-141B": 1760711450.6757128,
    "../results/pref_l2/spp/exp3_lru_drrip/620.omnetpp_s-874B": 1760711450.6757128,
    "../results/pref_l2/spp/exp3_lru_drrip/621.wrf_s-6673B": 1760711450.6757128,
    "../results/pref_l2/spp/exp3_lru_drrip/621.wrf_s-8065B": 1760711450.6767128,
    "../results/pref_l2/spp/exp3_lru_drrip/623.xalancbmk_s-10B": 1760711450.6767128,
    "../results/pref_l2/spp/exp3_lru_drrip/623.xalancbmk_s-165B": 1760711450.6767128,
    "../results/pref_l2/spp/exp3_lru_drrip/623.xalancbmk_s-202B": 1760711450.6767128,
    "../results/pref_l2/spp/exp3_lru_drrip/625.x264_s-20B": 1760711450.6767128,
    "../results/pref_l2/spp/exp3_lru_drrip/627.cam4_s-490B": 1760711450.6767128,
    "../results/pref_l2/spp/exp3_lru_drrip/628.pop2_s-17B": 1760711450.6767128,
    "../results/pref_l2/spp/exp3_lru_drrip/649.fotonik3d_s-10881B": 1760711450.6767128,
    "../results/pref_l2/spp/exp3_lru_drrip/649.fotonik3d_s-1176B": 1760711450.6767128,
    "../results/pref_l2/spp/exp3_lru_drrip/649.fotonik3d_s-7084B": 1760711450.6767128,
    "../results/pref_l2/spp/exp3_lru_drrip/649.fotonik3d_s-8225B": 1760711450.6767128,
    "../results/pref_l2/spp/exp3_lru_drrip/654.roms_s-1007B": 1760711450.6767128,
    "../results/pref_l2/spp/exp3_lru_drrip/654.roms_s-1070B": 1760711450.6767128,
    "../results/pref_l2/spp/exp3_lru_drrip/654.roms_s-1390B": 1760711450.6767128,
    "../results/pref_l2/spp/exp3_lru_drrip/654.roms_s-293B": 1760711450.6767128,
    "../results/pref_l2/spp/exp3_lru_drrip/654.roms_s-294B": 1760711450.6767128,
    "../results/pref_l2/spp/exp3_lru_drrip/654.roms_s-523B": 1760711450.6767128,
    "../results/pref_l2/spp/exp3_lru_drrip/657.xz_s-2302B": 1760711450.6767128,
    "../results/pref_l2/spp/exp4_lru_hawkeye/600.perlbench_s-570B": 1760711450.6767128,
    "../results/pref_l2/spp/exp4_lru_hawkeye/602.gcc_s-1850B": 1760711450.6767128,
    "../results/pref_l2/spp/exp4_lru_hawkeye/602.gcc_s-2226B": 1760711450.6767128,
    "../results/pref_l2/spp/exp4_lru_hawkeye/602.gcc_s-734B": 1760711450.6767128,
    "../results/pref_l2/spp/exp4_lru_hawkeye/603.bwaves_s-1740B": 1760711450.6767128,
    "../results/pref_l2/spp/exp4_lru_hawkeye/603.bwaves_s-2609B": 1760711450.6767128,
    "../results/pref_l2/spp/exp4_lru_hawkeye/603.bwaves_s-2931B": 1760711450.6767128,
    "../results/pref_l2/spp/exp4_lru_hawkeye/603.bwaves_s-891B": 1760711450.6767128,
    "../results/pref_l2/spp/exp4_lru_hawkeye/605.mcf_s-1152B": 1760711450.6767128,
    "../results/pref_l2/spp/exp4_lru_hawkeye/605.mcf_s-1536B": 1760711450.6767128,
    "../results/pref_l2/spp/exp4_lru_hawkeye/605.mcf_s-1554B": 1760711450.6767128,
    "../results/pref_l2/spp/exp4_lru_hawkeye/605.mcf_s-1644B": 1760711450.6767128,
    "../results/pref_l2/spp/exp4_lru_hawkeye/605.mcf_s-472B": 1760711450.6767128,
    "../results/pref_l2/spp/exp4_lru_hawkeye/605.mcf_s-484B": 1760711450.6767128,
    "../results/pref_l2/spp/exp4_lru_hawkeye/605.mcf_s-665B": 1760711450.6767128,
    "../results/pref_l2/spp/exp4_lru_hawkeye/605.mcf_s-782B": 1760711450.6767128,
    "../results/pref_l2/spp/exp4_lru_hawkeye/605.mcf_s-994B": 1760711450.6767128,
    "../results/pref_l2/spp/exp4_lru_hawkeye/607.cactuBSSN_s-2421B": 1760711450.6767128,
    "../results/pref_l2/spp/exp4_lru_hawkeye/607.cactuBSSN_s-3477B": 1760711450.6767128,
    "../results/pref_l2/spp/exp4_lru_hawkeye/607.cactuBSSN_s-4004B": 1760711450.6767128,
    "../results/pref_l2/spp/exp4_lru_hawkeye/619.lbm_s-2676B": 1760711450.6767128,
    "../results/pref_l2/spp/exp4_lru_hawkeye/619.lbm_s-2677B": 1760711450.6767128,
    "../results/pref_l2/spp/exp4_lru_hawkeye/619.lbm_s-3766B": 1760711450.6767128,
    "../results/pref_l2/spp/exp4_lru_hawkeye/619.lbm_s-4268B": 1760711450.677713,
    "../results/pref_l2/spp/exp4_lru_hawkeye/620.omnetpp_s-141B": 1760711450.677713,
    "../results/pref_l2/spp/exp4_lru_hawkeye/620.omnetpp_s-874B": 1760711450.677713,
    "../results/pref_l2/spp/exp4_lru_hawkeye/621.wrf_s-6673B": 1760711450.677713,
    "../results/pref_l2/spp/exp4_lru_hawkeye/621.wrf_s-8065B": 1760711450.677713,
    "../results/pref_l2/spp/exp4_lru_hawkeye/623.xalancbmk_s-10B": 1760711450.677713,
    "../results/pref_l2/spp/exp4_lru_hawkeye/623.xalancbmk_s-165B": 1760711450.677713,
    "../results/pref_l2/spp/exp4_lru_hawkeye/623.xalancbmk_s-202B": 1760711450.677713,
    "../results/pref_l2/spp/exp4_lru_hawkeye/625.x264_s-20B": 1760711450.677713,
    "../results/pref_l2/spp/exp4_lru_hawkeye/627.cam4_s-490B": 1760711450.677713,
    "../results/pref_l2/spp/exp4_lru_hawkeye/628.pop2_s-17B": 1760711450.677713,
    "../results/pref_l2/spp/exp4_lru_hawkeye/649.fotonik3d_s-10881B": 1760711450.677713,
    "../results/pref_l2/spp/exp4_lru_hawkeye/649.fotonik3d_s-1176B": 1760711450.677713,
    "../results/pref_l2/spp/exp4_lru_hawkeye/649.fotonik3d_s-7084B": 1760711450.677713,
    "../results/pref_l2/spp/exp4_lru_hawkeye/649.fotonik3d_s-8225B": 1760711450.677713,
    "../results/pref_l2/spp/exp4_lru_hawkeye/654.roms_s-1007B": 1760711450.677713,
    "../results/pref_l2/spp/exp4_lru_hawkeye/654.roms_s-1070B": 1760711450.677713,
    "../results/pref_l2/spp/exp4_lru_hawkeye/654.roms_s-1390B": 1760711450.677713,
    "../results/pref_l2/spp/exp4_lru_hawkeye/654.roms_s-293B": 1760711450.677713,
    "../results/pref_l2/spp/exp4_lru_hawkeye/654.roms_s-294B": 1760711450.677713,
    "../results/pref_l2/spp/exp4_lru_hawkeye/654.roms_s-523B": 1760711450.677713,
    "../results/pref_l2/spp/exp4_lru_hawkeye/657.xz_s-2302B": 1760711450.677713,
    "../results/pref_l2/spp/exp2_lru_srrip/600.perlbench_s-570B": 1760711450.6747127,
    "../results/pref_l2/spp/exp2_lru_srrip/602.gcc_s-1850B": 1760711450.6747127,
    "../results/pref_l2/spp/exp2_lru_srrip/602.gcc_s-2226B": 1760711450.6747127,
    "../results/pref_l2/spp/exp2_lru_srrip/602.gcc_s-734B": 1760711450.6747127,
    "../results/pref_l2/spp/exp2_lru_srrip/603.bwaves_s-1740B": 1760711450.6747127,
    "../results/pref_l2/spp/exp2_lru_srrip/603.bwaves_s-2609B": 1760711450.6747127,
    "../results/pref_l2/spp/exp2_lru_srrip/603.bwaves_s-2931B": 1760711450.6747127,
    "../results/pref_l2/spp/exp2_lru_srrip/603.bwaves_s-891B": 1760711450.6747127,
    "../results/pref_l2/spp/exp2_lru_srrip/605.mcf_s-1152B": 1760711450.6747127,
    "../results/pref_l2/spp/exp2_lru_srrip/605.mcf_s-1536B": 1760711450.6747127,
    "../results/pref_l2/spp/exp2_lru_srrip/605.mcf_s-1554B": 1760711450.6747127,
    "../results/pref_l2/spp/exp2_lru_srrip/605.mcf_s-1644B": 1760711450.6747127,
    "../results/pref_l2/spp/exp2_lru_srrip/605.mcf_s-472B": 1760711450.6747127,
    "../results/pref_l2/spp/exp2_lru_srrip/605.mcf_s-484B": 1760711450.6747127,
    "../results/pref_l2/spp/exp2_lru_srrip/605.mcf_s-665B": 1760711450.6747127,
    "../results/pref_l2/spp/exp2_lru_srrip/605.mcf_s-782B": 1760711450.6747127,
    "../results/pref_l2/spp/exp2_lru_srrip/605.mcf_s-994B": 1760711450.6747127,
    "../results/pref_l2/spp/exp2_lru_srrip/607.cactuBSSN_s-2421B": 1760711450.6747127,
    "../results/pref_l2/spp/exp2_lru_srrip/607.cactuBSSN_s-3477B": 1760711450.6747127,
    "../results/pref_l2/spp/exp2_lru_srrip/607.cactuBSSN_s-4004B": 1760711450.6747127,
    "../results/pref_l2/spp/exp2_lru_srrip/619.lbm_s-2676B": 1760711450.6747127,
    "../results/pref_l2/spp/exp2_lru_srrip/619.lbm_s-2677B": 1760711450.6747127,
    "../results/pref_l2/spp/exp2_lru_srrip/619.lbm_s-3766B": 1760711450.6747127,
    "../results/pref_l2/spp/exp2_lru_srrip/619.lbm_s-4268B": 1760711450.6747127,
    "../results/pref_l2/spp/exp2_lru_srrip/620.omnetpp_s-141B": 1760711450.6747127,
    "../results/pref_l2/spp/exp2_lru_srrip/620.omnetpp_s-874B": 1760711450.6747127,
    "../results/pref_l2/spp/exp2_lru_srrip/621.wrf_s-6673B": 1760711450.6747127,
    "../results/pref_l2/spp/exp2_lru_srrip/621.wrf_s-8065B": 1760711450.6747127,
    "../results/pref_l2/spp/exp2_lru_srrip/623.xalancbmk_s-10B": 1760711450.6747127,
    "../results/pref_l2/spp/exp2_lru_srrip/623.xalancbmk_s-165B": 1760711450.6747127,
    "../results/pref_l2/spp/exp2_lru_srrip/623.xalancbmk_s-202B": 1760711450.6747127,
    "../results/pref_l2/spp/exp2_lru_srrip/625.x264_s-20B": 1760711450.6757128,
    "../results/pref_l2/spp/exp2_lru_srrip/627.cam4_s-490B": 1760711450.6757128,
    "../results/pref_l2/spp/exp2_lru_srrip/628.pop2_s-17B": 1760711450.6757128,
    "../results/pref_l2/spp/exp2_lru_srrip/649.fotonik3d_s-10881B": 1760711450.6757128,
    "../results/pref_l2/spp/exp2_lru_srrip/649.fotonik3d_s-1176B": 1760711450.6757128,
    "../results/pref_l2/spp/exp2_lru_srrip/649.fotonik3d_s-7084B": 1760711450.6757128,
    "../results/pref_l2/spp/exp2_lru_srrip/649.fotonik3d_s-8225B": 1760711450.6757128,
    "../results/pref_l2/spp/exp2_lru_srrip/654.roms_s-1007B": 1760711450.6757128,
    "../results/pref_l2/spp/exp2_lru_srrip/654.roms_s-1070B": 1760711450.6757128,
    "../results/pref_l2/spp/exp2_lru_srrip/654.roms_s-1390B": 1760711450.6757128,
    "../results/pref_l2/spp/exp2_lru_srrip/654.roms_s-293B": 1760711450.6757128,
    "../results/pref_l2/spp/exp2_lru_srrip/654.roms_s-294B": 1760711450.6757128,
    "../results/pref_l2/spp/exp2_lru_srrip/654.roms_s-523B": 1760711450.6757128,
    "../results/pref_l2/spp/exp2_lru_srrip/657.xz_s-2302B": 1760711450.6757128,
    "../results/pref_l2/spp/exp5_lru_ship/600.perlbench_s-570B": 1760711450.677713,
    "../results/pref_l2/spp/exp5_lru_ship/602.gcc_s-1850B": 1760711450.677713,
    "../results/pref_l2/spp/exp5_lru_ship/602.gcc_s-2226B": 1760711450.677713,
    "../results/pref_l2/spp/exp5_lru_ship/602.gcc_s-734B": 1760711450.677713,
    "../results/pref_l2/spp/exp5_lru_ship/603.bwaves_s-1740B": 1760711450.677713,
    "../results/pref_l2/spp/exp5_lru_ship/603.bwaves_s-2609B": 1760711450.677713,
    "../results/pref_l2/spp/exp5_lru_ship/603.bwaves_s-2931B": 1760711450.677713,
    "../results/pref_l2/spp/exp5_lru_ship/603.bwaves_s-891B": 1760711450.677713,
    "../results/pref_l2/spp/exp5_lru_ship/605.mcf_s-1152B": 1760711450.677713,
    "../results/pref_l2/spp/exp5_lru_ship/605.mcf_s-1536B": 1760711450.677713,
    "../results/pref_l2/spp/exp5_lru_ship/605.mcf_s-1554B": 1760711450.677713,
    "../results/pref_l2/spp/exp5_lru_ship/605.mcf_s-1644B": 1760711450.677713,
    "../results/pref_l2/spp/exp5_lru_ship/605.mcf_s-472B": 1760711450.677713,
    "../results/pref_l2/spp/exp5_lru_ship/605.mcf_s-484B": 1760711450.677713,
    "../results/pref_l2/spp/exp5_lru_ship/605.mcf_s-665B": 1760711450.677713,
    "../results/pref_l2/spp/exp5_lru_ship/605.mcf_s-782B": 1760711450.6787128,
    "../results/pref_l2/spp/exp5_lru_ship/605.mcf_s-994B": 1760711450.6787128,
    "../results/pref_l2/spp/exp5_lru_ship/607.cactuBSSN_s-2421B": 1760711450.6787128,
    "../results/pref_l2/spp/exp5_lru_ship/607.cactuBSSN_s-3477B": 1760711450.6787128,
    "../results/pref_l2/spp/exp5_lru_ship/607.cactuBSSN_s-4004B": 1760711450.6787128,
    "../results/pref_l2/spp/exp5_lru_ship/619.lbm_s-2676B": 1760711450.6787128,
    "../results/pref_l2/spp/exp5_lru_ship/619.lbm_s-2677B": 1760711450.6787128,
    "../results/pref_l2/spp/exp5_lru_ship/619.lbm_s-3766B": 1760711450.6787128,
    "../results/pref_l2/spp/exp5_lru_ship/619.lbm_s-4268B": 1760711450.6787128,
    "../results/pref_l2/spp/exp5_lru_ship/620.omnetpp_s-141B": 1760711450.6787128,
    "../results/pref_l2/spp/exp5_lru_ship/620.omnetpp_s-874B": 1760711450.6787128,
    "../results/pref_l2/spp/exp5_lru_ship/621.wrf_s-6673B": 1760711450.6787128,
    "../results/pref_l2/spp/exp5_lru_ship/621.wrf_s-8065B": 1760711450.6787128,
    "../results/pref_l2/spp/exp5_lru_ship/623.xalancbmk_s-10B": 1760711450.6787128,
    "../results/pref_l2/spp/exp5_lru_ship/623.xalancbmk_s-165B": 1760711450.6787128,
    "../results/pref_l2/spp/exp5_lru_ship/623.xalancbmk_s-202B": 1760711450.6787128,
    "../results/pref_l2/spp/exp5_lru_ship/625.x264_s-20B": 1760711450.6787128,
    "../results/pref_l2/spp/exp5_lru_ship/627.cam4_s-490B": 1760711450.6787128,
    "../results/pref_l2/spp/exp5_lru_ship/628.pop2_s-17B": 1760711450.6787128,
    "../results/pref_l2/spp/exp5_lru_ship/649.fotonik3d_s-10881B": 1760711450.6787128,
    "../results/pref_l2/spp/exp5_lru_ship/649.fotonik3d_s-1176B": 1760711450.6787128,
    "../results/pref_l2/spp/exp5_lru_ship/649.fotonik3d_s-7084B": 1760711450.6787128,
    "../results/pref_l2/spp/exp5_lru_ship/649.fotonik3d_s-8225B": 1760711450.6787128,
    "../results/pref_l2/spp/exp5_lru_ship/654.roms_s-1007B": 1760711450.6787128,
    "../results/pref_l2/spp/exp5_lru_ship/654.roms_s-1070B": 1760711450.6787128,
    "../results/pref_l2/spp/exp5_lru_ship/654.roms_s-1390B": 1760711450.6787128,
    "../results/pref_l2/spp/exp5_lru_ship/654.roms_s-293B": 1760711450.6787128,
    "../results/pref_l2/spp/exp5_lru_ship/654.roms_s-294B": 1760711450.6787128,
    "../results/pref_l2/spp/exp5_lru_ship/654.roms_s-523B": 1760711450.6787128,
    "../results/pref_l2/spp/exp5_lru_ship/657.xz_s-2302B": 1760711450.6787128,
    "../results/pref_l2/spp/exp9_srrip_srrip/600.perlbench_s-570B": 1760711450.6827128,
    "../results/pref_l2/spp/exp9_srrip_srrip/602.gcc_s-1850B": 1760711450.6827128,
    "../results/pref_l2/spp/exp9_srrip_srrip/602.gcc_s-2226B": 1760711450.6827128,
    "../results/pref_l2/spp/exp9_srrip_srrip/602.gcc_s-734B": 1760711450.6827128,
    "../results/pref_l2/spp/exp9_srrip_srrip/603.bwaves_s-1740B": 1760711450.6827128,
    "../results/pref_l2/spp/exp9_srrip_srrip/603.bwaves_s-2609B": 1760711450.6827128,
    "../results/pref_l2/spp/exp9_srrip_srrip/603.bwaves_s-2931B": 1760711450.6827128,
    "../results/pref_l2/spp/exp9_srrip_srrip/603.bwaves_s-891B": 1760711450.6827128,
    "../results/pref_l2/spp/exp9_srrip_srrip/605.mcf_s-1152B": 1760711450.6827128,
    "../results/pref_l2/spp/exp9_srrip_srrip/605.mcf_s-1536B": 1760711450.6827128,
    "../results/pref_l2/spp/exp9_srrip_srrip/605.mcf_s-1554B": 1760711450.6827128,
    "../results/pref_l2/spp/exp9_srrip_srrip/605.mcf_s-1644B": 1760711450.6827128,
    "../results/pref_l2/spp/exp9_srrip_srrip/605.mcf_s-472B": 1760711450.6827128,
    "../results/pref_l2/spp/exp9_srrip_srrip/605.mcf_s-484B": 1760711450.6827128,
    "../results/pref_l2/spp/exp9_srrip_srrip/605.mcf_s-665B": 1760711450.6827128,
    "../results/pref_l2/spp/exp9_srrip_srrip/605.mcf_s-782B": 1760711450.6827128,
    "../results/pref_l2/spp/exp9_srrip_srrip/605.mcf_s-994B": 1760711450.6827128,
    "../results/pref_l2/spp/exp9_srrip_srrip/607.cactuBSSN_s-2421B": 1760711450.6827128,
    "../results/pref_l2/spp/exp9_srrip_srrip/607.cactuBSSN_s-3477B": 1760711450.6827128,
    "../results/pref_l2/spp/exp9_srrip_srrip/607.cactuBSSN_s-4004B": 1760711450.6827128,
    "../results/pref_l2/spp/exp9_srrip_srrip/619.lbm_s-2676B": 1760711450.6827128,
    "../results/pref_l2/spp/exp9_srrip_srrip/619.lbm_s-2677B": 1760711450.6827128,
    "../results/pref_l2/spp/exp9_srrip_srrip/619.lbm_s-3766B": 1760711450.6827128,
    "../results/pref_l2/spp/exp9_srrip_srrip/619.lbm_s-4268B": 1760711450.6827128,
    "../results/pref_l2/spp/exp9_srrip_srrip/620.omnetpp_s-141B": 1760711450.6827128,
    "../results/pref_l2/spp/exp9_srrip_srrip/620.omnetpp_s-874B": 1760711450.6827128,
    "../results/pref_l2/spp/exp9_srrip_srrip/621.wrf_s-6673B": 1760711450.6827128,
    "../results/pref_l2/spp/exp9_srrip_srrip/621.wrf_s-8065B": 1760711450.6827128,
    "../results/pref_l2/spp/exp9_srrip_srrip/623.xalancbmk_s-10B": 1760711450.6827128,
    "../results/pref_l2/spp/exp9_srrip_srrip/623.xalancbmk_s-165B": 1760711450.6827128,
    "../results/pref_l2/spp/exp9_srrip_srrip/623.xalancbmk_s-202B": 1760711450.6827128,
    "../results/pref_l2/spp/exp9_srrip_srrip/625.x264_s-20B": 1760711450.6827128,
    "../results/pref_l2/spp/exp9_srrip_srrip/627.cam4_s-490B": 1760711450.6827128,
    "../results/pref_l2/spp/exp9_srrip_srrip/628.pop2_s-17B": 1760711450.6827128,
    "../results/pref_l2/spp/exp9_srrip_srrip/649.fotonik3d_s-10881B": 1760711450.6827128,
    "../results/pref_l2/spp/exp9_srrip_srrip/649.fotonik3d_s-1176B": 1760711450.6827128,
    "../results/pref_l2/spp/exp9_srrip_srrip/649.fotonik3d_s-7084B": 1760711450.683713,
    "../results/pref_l2/spp/exp9_srrip_srrip/649.fotonik3d_s-8225B": 1760711450.683713,
    "../results/pref_l2/spp/exp9_srrip_srrip/654.roms_s-1007B": 1760711450.683713,
    "../results/pref_l2/spp/exp9_srrip_srrip/654.roms_s-1070B": 1760711450.683713,
    "../results/pref_l2/spp/exp9_srrip_srrip/654.roms_s-1390B": 1760711450.683713,
    "../results/pref_l2/spp/exp9_srrip_srrip/654.roms_s-293B": 1760711450.683713,
    "../results/pref_l2/spp/exp9_srrip_srrip/654.roms_s-294B": 1760711450.683713,
    "../results/pref_l2/spp/exp9_srrip_srrip/654.roms_s-523B": 1760711450.683713,
    "../results/pref_l2/spp/exp9_srrip_srrip/657.xz_s-2302B": 1760711450.683713,
    "../results/pref_l2/spp/exp8_srrip_lru/600.perlbench_s-570B": 1760711450.6817129,
    "../results/pref_l2/spp/exp8_srrip_lru/602.gcc_s-1850B": 1760711450.6817129,
    "../results/pref_l2/spp/exp8_srrip_lru/602.gcc_s-2226B": 1760711450.6817129,
    "../results/pref_l2/spp/exp8_srrip_lru/602.gcc_s-734B": 1760711450.6817129,
    "../results/pref_l2/spp/exp8_srrip_lru/603.bwaves_s-1740B": 1760711450.6817129,
    "../results/pref_l2/spp/exp8_srrip_lru/603.bwaves_s-2609B": 1760711450.6817129,
    "../results/pref_l2/spp/exp8_srrip_lru/603.bwaves_s-2931B": 1760711450.6817129,
    "../results/pref_l2/spp/exp8_srrip_lru/603.bwaves_s-891B": 1760711450.6817129,
    "../results/pref_l2/spp/exp8_srrip_lru/605.mcf_s-1152B": 1760711450.6817129,
    "../results/pref_l2/spp/exp8_srrip_lru/605.mcf_s-1536B": 1760711450.6817129,
    "../results/pref_l2/spp/exp8_srrip_lru/605.mcf_s-1554B": 1760711450.6817129,
    "../results/pref_l2/spp/exp8_srrip_lru/605.mcf_s-1644B": 1760711450.6817129,
    "../results/pref_l2/spp/exp8_srrip_lru/605.mcf_s-472B": 1760711450.6817129,
    "../results/pref_l2/spp/exp8_srrip_lru/605.mcf_s-484B": 1760711450.6817129,
    "../results/pref_l2/spp/exp8_srrip_lru/605.mcf_s-665B": 1760711450.6817129,
    "../results/pref_l2/spp/exp8_srrip_lru/605.mcf_s-782B": 1760711450.6817129,
    "../results/pref_l2/spp/exp8_srrip_lru/605.mcf_s-994B": 1760711450.6817129,
    "../results/pref_l2/spp/exp8_srrip_lru/607.cactuBSSN_s-2421B": 1760711450.6817129,
    "../results/pref_l2/spp/exp8_srrip_lru/607.cactuBSSN_s-3477B": 1760711450.6817129,
    "../results/pref_l2/spp/exp8_srrip_lru/607.cactuBSSN_s-4004B": 1760711450.6817129,
    "../results/pref_l2/spp/exp8_srrip_lru/619.lbm_s-2676B": 1760711450.6817129,
    "../results/pref_l2/spp/exp8_srrip_lru/619.lbm_s-2677B": 1760711450.6817129,
    "../results/pref_l2/spp/exp8_srrip_lru/619.lbm_s-3766B": 1760711450.6817129,
    "../results/pref_l2/spp/exp8_srrip_lru/619.lbm_s-4268B": 1760711450.6817129,
    "../results/pref_l2/spp/exp8_srrip_lru/620.omnetpp_s-141B": 1760711450.6817129,
    "../results/pref_l2/spp/exp8_srrip_lru/620.omnetpp_s-874B": 1760711450.6817129,
    "../results/pref_l2/spp/exp8_srrip_lru/621.wrf_s-6673B": 1760711450.6817129,
    "../results/pref_l2/spp/exp8_srrip_lru/621.wrf_s-8065B": 1760711450.6817129,
    "../results/pref_l2/spp/exp8_srrip_lru/623.xalancbmk_s-10B": 1760711450.6817129,
    "../results/pref_l2/spp/exp8_srrip_lru/623.xalancbmk_s-165B": 1760711450.6817129,
    "../results/pref_l2/spp/exp8_srrip_lru/623.xalancbmk_s-202B": 1760711450.6817129,
    "../results/pref_l2/spp/exp8_srrip_lru/625.x264_s-20B": 1760711450.6817129,
    "../results/pref_l2/spp/exp8_srrip_lru/627.cam4_s-490B": 1760711450.6817129,
    "../results/pref_l2/spp/exp8_srrip_lru/628.pop2_s-17B": 1760711450.6817129,
    "../results/pref_l2/spp/exp8_srrip_lru/649.fotonik3d_s-10881B": 1760711450.6817129,
    "../results/pref_l2/spp/exp8_srrip_lru/649.fotonik3d_s-1176B": 1760711450.6817129,
    "../results/pref_l2/spp/exp8_srrip_lru/649.fotonik3d_s-7084B": 1760711450.6817129,
    "../results/pref_l2/spp/exp8_srrip_lru/649.fotonik3d_s-8225B": 1760711450.6817129,
    "../results/pref_l2/spp/exp8_srrip_lru/654.roms_s-1007B": 1760711450.6827128,
    "../results/pref_l2/spp/exp8_srrip_lru/654.roms_s-1070B": 1760711450.6827128,
    "../results/pref_l2/spp/exp8_srrip_lru/654.roms_s-1390B": 1760711450.6827128,
    "../results/pref_l2/spp/exp8_srrip_lru/654.roms_s-293B": 1760711450.6827128,
    "../results/pref_l2/spp/exp8_srrip_lru/654.roms_s-294B": 1760711450.6827128,
    "../results/pref_l2/spp/exp8_srrip_lru/654.roms_s-523B": 1760711450.6827128,
    "../results/pref_l2/spp/exp8_srrip_lru/657.xz_s-2302B": 1760711450.6827128,
    "../results/pref_l2/spp/exp6_lru_ship++/600.perlbench_s-570B": 1760711450.6787128,
    "../results/pref_l2/spp/exp6_lru_ship++/602.gcc_s-1850B": 1760711450.6787128,
    "../results/pref_l2/spp/exp6_lru_ship++/602.gcc_s-2226B": 1760711450.6797128,
    "../results/pref_l2/spp/exp6_lru_ship++/602.gcc_s-734B": 1760711450.6797128,
    "../results/pref_l2/spp/exp6_lru_ship++/603.bwaves_s-1740B": 1760711450.6797128,
    "../results/pref_l2/spp/exp6_lru_ship++/603.bwaves_s-2609B": 1760711450.6797128,
    "../results/pref_l2/spp/exp6_lru_ship++/603.bwaves_s-2931B": 1760711450.6797128,
    "../results/pref_l2/spp/exp6_lru_ship++/603.bwaves_s-891B": 1760711450.6797128,
    "../results/pref_l2/spp/exp6_lru_ship++/605.mcf_s-1152B": 1760711450.6797128,
    "../results/pref_l2/spp/exp6_lru_ship++/605.mcf_s-1536B": 1760711450.6797128,
    "../results/pref_l2/spp/exp6_lru_ship++/605.mcf_s-1554B": 1760711450.6797128,
    "../results/pref_l2/spp/exp6_lru_ship++/605.mcf_s-1644B": 1760711450.6797128,
    "../results/pref_l2/spp/exp6_lru_ship++/605.mcf_s-472B": 1760711450.6797128,
    "../results/pref_l2/spp/exp6_lru_ship++/605.mcf_s-484B": 1760711450.6797128,
    "../results/pref_l2/spp/exp6_lru_ship++/605.mcf_s-665B": 1760711450.6797128,
    "../results/pref_l2/spp/exp6_lru_ship++/605.mcf_s-782B": 1760711450.6797128,
    "../results/pref_l2/spp/exp6_lru_ship++/605.mcf_s-994B": 1760711450.6797128,
    "../results/pref_l2/spp/exp6_lru_ship++/607.cactuBSSN_s-2421B": 1760711450.6797128,
    "../results/pref_l2/spp/exp6_lru_ship++/607.cactuBSSN_s-3477B": 1760711450.6797128,
    "../results/pref_l2/spp/exp6_lru_ship++/607.cactuBSSN_s-4004B": 1760711450.6797128,
    "../results/pref_l2/spp/exp6_lru_ship++/619.lbm_s-2676B": 1760711450.6797128,
    "../results/pref_l2/spp/exp6_lru_ship++/619.lbm_s-2677B": 1760711450.6797128,
    "../results/pref_l2/spp/exp6_lru_ship++/619.lbm_s-3766B": 1760711450.6797128,
    "../results/pref_l2/spp/exp6_lru_ship++/619.lbm_s-4268B": 1760711450.6797128,
    "../results/pref_l2/spp/exp6_lru_ship++/620.omnetpp_s-141B": 1760711450.6797128,
    "../results/pref_l2/spp/exp6_lru_ship++/620.omnetpp_s-874B": 1760711450.6797128,
    "../results/pref_l2/spp/exp6_lru_ship++/621.wrf_s-6673B": 1760711450.6797128,
    "../results/pref_l2/spp/exp6_lru_ship++/621.wrf_s-8065B": 1760711450.6797128,
    "../results/pref_l2/spp/exp6_lru_ship++/623.xalancbmk_s-10B": 1760711450.6797128,
    "../results/pref_l2/spp/exp6_lru_ship++/623.xalancbmk_s-165B": 1760711450.6797128,
    "../results/pref_l2/spp/exp6_lru_ship++/623.xalancbmk_s-202B": 1760711450.6797128,
    "../results/pref_l2/spp/exp6_lru_ship++/625.x264_s-20B": 1760711450.6797128,
    "../results/pref_l2/spp/exp6_lru_ship++/627.cam4_s-490B": 1760711450.6797128,
    "../results/pref_l2/spp/exp6_lru_ship++/628.pop2_s-17B": 1760711450.6797128,
    "../results/pref_l2/spp/exp6_lru_ship++/649.fotonik3d_s-10881B": 1760711450.6797128,
    "../results/pref_l2/spp/exp6_lru_ship++/649.fotonik3d_s-1176B": 1760711450.6797128,
    "../results/pref_l2/spp/exp6_lru_ship++/649.fotonik3d_s-7084B": 1760711450.6797128,
    "../results/pref_l2/spp/exp6_lru_ship++/649.fotonik3d_s-8225B": 1760711450.6797128,
    "../results/pref_l2/spp/exp6_lru_ship++/654.roms_s-1007B": 1760711450.6797128,
    "../results/pref_l2/spp/exp6_lru_ship++/654.roms_s-1070B": 1760711450.6797128,
    "../results/pref_l2/spp/exp6_lru_ship++/654.roms_s-1390B": 1760711450.6797128,
    "../results/pref_l2/spp/exp6_lru_ship++/654.roms_s-293B": 1760711450.6797128,
    "../results/pref_l2/spp/exp6_lru_ship++/654.roms_s-294B": 1760711450.6797128,
    "../results/pref_l2/spp/exp6_lru_ship++/654.roms_s-523B": 1760711450.6797128,
    "../results/pref_l2/spp/exp6_lru_ship++/657.xz_s-2302B": 1760711450.6797128,
    "../results/pref_l2/spp/exp7_lru_mockingjay/600.perlbench_s-570B": 1760711450.680713,
    "../results/pref_l2/spp/exp7_lru_mockingjay/602.gcc_s-1850B": 1760711450.680713,
    "../results/pref_l2/spp/exp7_lru_mockingjay/602.gcc_s-2226B": 1760711450.680713,
    "../results/pref_l2/spp/exp7_lru_mockingjay/602.gcc_s-734B": 1760711450.680713,
    "../results/pref_l2/spp/exp7_lru_mockingjay/603.bwaves_s-1740B": 1760711450.680713,
    "../results/pref_l2/spp/exp7_lru_mockingjay/603.bwaves_s-2609B": 1760711450.680713,
    "../results/pref_l2/spp/exp7_lru_mockingjay/603.bwaves_s-2931B": 1760711450.680713,
    "../results/pref_l2/spp/exp7_lru_mockingjay/603.bwaves_s-891B": 1760711450.680713,
    "../results/pref_l2/spp/exp7_lru_mockingjay/605.mcf_s-1152B": 1760711450.680713,
    "../results/pref_l2/spp/exp7_lru_mockingjay/605.mcf_s-1536B": 1760711450.680713,
    "../results/pref_l2/spp/exp7_lru_mockingjay/605.mcf_s-1554B": 1760711450.680713,
    "../results/pref_l2/spp/exp7_lru_mockingjay/605.mcf_s-1644B": 1760711450.680713,
    "../results/pref_l2/spp/exp7_lru_mockingjay/605.mcf_s-472B": 1760711450.680713,
    "../results/pref_l2/spp/exp7_lru_mockingjay/605.mcf_s-484B": 1760711450.680713,
    "../results/pref_l2/spp/exp7_lru_mockingjay/605.mcf_s-665B": 1760711450.680713,
    "../results/pref_l2/spp/exp7_lru_mockingjay/605.mcf_s-782B": 1760711450.680713,
    "../results/pref_l2/spp/exp7_lru_mockingjay/605.mcf_s-994B": 1760711450.680713,
    "../results/pref_l2/spp/exp7_lru_mockingjay/607.cactuBSSN_s-2421B": 1760711450.680713,
    "../results/pref_l2/spp/exp7_lru_mockingjay/607.cactuBSSN_s-3477B": 1760711450.680713,
    "../results/pref_l2/spp/exp7_lru_mockingjay/607.cactuBSSN_s-4004B": 1760711450.680713,
    "../results/pref_l2/spp/exp7_lru_mockingjay/619.lbm_s-2676B": 1760711450.680713,
    "../results/pref_l2/spp/exp7_lru_mockingjay/619.lbm_s-2677B": 1760711450.680713,
    "../results/pref_l2/spp/exp7_lru_mockingjay/619.lbm_s-3766B": 1760711450.680713,
    "../results/pref_l2/spp/exp7_lru_mockingjay/619.lbm_s-4268B": 1760711450.680713,
    "../results/pref_l2/spp/exp7_lru_mockingjay/620.omnetpp_s-141B": 1760711450.680713,
    "../results/pref_l2/spp/exp7_lru_mockingjay/620.omnetpp_s-874B": 1760711450.680713,
    "../results/pref_l2/spp/exp7_lru_mockingjay/621.wrf_s-6673B": 1760711450.680713,
    "../results/pref_l2/spp/exp7_lru_mockingjay/621.wrf_s-8065B": 1760711450.680713,
    "../results/pref_l2/spp/exp7_lru_mockingjay/623.xalancbmk_s-10B": 1760711450.680713,
    "../results/pref_l2/spp/exp7_lru_mockingjay/623.xalancbmk_s-165B": 1760711450.680713,
    "../results/pref_l2/spp/exp7_lru_mockingjay/623.xalancbmk_s-202B": 1760711450.680713,
    "../results/pref_l2/spp/exp7_lru_mockingjay/625.x264_s-20B": 1760711450.680713,
    "../results/pref_l2/spp/exp7_lru_mockingjay/627.cam4_s-490B": 1760711450.680713,
    "../results/pref_l2/spp/exp7_lru_mockingjay/628.pop2_s-17B": 1760711450.680713,
    "../results/pref_l2/spp/exp7_lru_mockingjay/649.fotonik3d_s-10881B": 1760711450.680713,
    "../results/pref_l2/spp/exp7_lru_mockingjay/649.fotonik3d_s-1176B": 1760711450.680713,
    "../results/pref_l2/spp/exp7_lru_mockingjay/649.fotonik3d_s-7084B": 1760711450.680713,
    "../results/pref_l2/spp/exp7_lru_mockingjay/649.fotonik3d_s-8225B": 1760711450.680713,
    "../results/pref_l2/spp/exp7_lru_mockingjay/654.roms_s-1007B": 1760711450.680713,
    "../results/pref_l2/spp/exp7_lru_mockingjay/654.roms_s-1070B": 1760711450.680713,
    "../results/pref_l2/spp/exp7_lru_mockingjay/654.roms_s-1390B": 1760711450.680713,
    "../results/pref_l2/spp/exp7_lru_mockingjay/654.roms_s-293B": 1760711450.680713,
    "../results/pref_l2/spp/exp7_lru_mockingjay/654.roms_s-294B": 1760711450.680713,
    "../results/pref_l2/spp/exp7_lru_mockingjay/654.roms_s-523B": 1760711450.6817129,
    "../results/pref_l2/spp/exp7_lru_mockingjay/657.xz_s-2302B": 1760711450.6817129,
    "../results/pref_l2/spp/exp10_srrip_drrip/600.perlbench_s-570B": 1760711450.6677127,
    "../results/pref_l2/spp/exp10_srrip_drrip/602.gcc_s-1850B": 1760711450.6677127,
    "../results/pref_l2/spp/exp10_srrip_drrip/602.gcc_s-2226B": 1760711450.6677127,
    "../results/pref_l2/spp/exp10_srrip_drrip/602.gcc_s-734B": 1760711450.6677127,
    "../results/pref_l2/spp/exp10_srrip_drrip/603.bwaves_s-1740B": 1760711450.6677127,
    "../results/pref_l2/spp/exp10_srrip_drrip/603.bwaves_s-2609B": 1760711450.6677127,
    "../results/pref_l2/spp/exp10_srrip_drrip/603.bwaves_s-2931B": 1760711450.6677127,
    "../results/pref_l2/spp/exp10_srrip_drrip/603.bwaves_s-891B": 1760711450.6677127,
    "../results/pref_l2/spp/exp10_srrip_drrip/605.mcf_s-1152B": 1760711450.6677127,
    "../results/pref_l2/spp/exp10_srrip_drrip/605.mcf_s-1536B": 1760711450.6677127,
    "../results/pref_l2/spp/exp10_srrip_drrip/605.mcf_s-1554B": 1760711450.6677127,
    "../results/pref_l2/spp/exp10_srrip_drrip/605.mcf_s-1644B": 1760711450.6677127,
    "../results/pref_l2/spp/exp10_srrip_drrip/605.mcf_s-472B": 1760711450.6677127,
    "../results/pref_l2/spp/exp10_srrip_drrip/605.mcf_s-484B": 1760711450.6677127,
    "../results/pref_l2/spp/exp10_srrip_drrip/605.mcf_s-665B": 1760711450.6677127,
    "../results/pref_l2/spp/exp10_srrip_drrip/605.mcf_s-782B": 1760711450.6677127,
    "../results/pref_l2/spp/exp10_srrip_drrip/605.mcf_s-994B": 1760711450.6677127,
    "../results/pref_l2/spp/exp10_srrip_drrip/607.cactuBSSN_s-2421B": 1760711450.6677127,
    "../results/pref_l2/spp/exp10_srrip_drrip/607.cactuBSSN_s-3477B": 1760711450.6677127,
    "../results/pref_l2/spp/exp10_srrip_drrip/607.cactuBSSN_s-4004B": 1760711450.6677127,
    "../results/pref_l2/spp/exp10_srrip_drrip/619.lbm_s-2676B": 1760711450.6677127,
    "../results/pref_l2/spp/exp10_srrip_drrip/619.lbm_s-2677B": 1760711450.6677127,
    "../results/pref_l2/spp/exp10_srrip_drrip/619.lbm_s-3766B": 1760711450.6677127,
    "../results/pref_l2/spp/exp10_srrip_drrip/619.lbm_s-4268B": 1760711450.6677127,
    "../results/pref_l2/spp/exp10_srrip_drrip/620.omnetpp_s-141B": 1760711450.6677127,
    "../results/pref_l2/spp/exp10_srrip_drrip/620.omnetpp_s-874B": 1760711450.6687126,
    "../results/pref_l2/spp/exp10_srrip_drrip/621.wrf_s-6673B": 1760711450.6687126,
    "../results/pref_l2/spp/exp10_srrip_drrip/621.wrf_s-8065B": 1760711450.6687126,
    "../results/pref_l2/spp/exp10_srrip_drrip/623.xalancbmk_s-10B": 1760711450.6687126,
    "../results/pref_l2/spp/exp10_srrip_drrip/623.xalancbmk_s-165B": 1760711450.6687126,
    "../results/pref_l2/spp/exp10_srrip_drrip/623.xalancbmk_s-202B": 1760711450.6687126,
    "../results/pref_l2/spp/exp10_srrip_drrip/625.x264_s-20B": 1760711450.6687126,
    "../results/pref_l2/spp/exp10_srrip_drrip/627.cam4_s-490B": 1760711450.6687126,
    "../results/pref_l2/spp/exp10_srrip_drrip/628.pop2_s-17B": 1760711450.6687126,
    "../results/pref_l2/spp/exp10_srrip_drrip/649.fotonik3d_s-10881B": 1760711450.6687126,
    "../results/pref_l2/spp/exp10_srrip_drrip/649.fotonik3d_s-1176B": 1760711450.6687126,
    "../results/pref_l2/spp/exp10_srrip_drrip/649.fotonik3d_s-7084B": 1760711450.6687126,
    "../results/pref_l2/spp/exp10_srrip_drrip/649.fotonik3d_s-8225B": 1760711450.6687126,
    "../results/pref_l2/spp/exp10_srrip_drrip/654.roms_s-1007B": 1760711450.6687126,
    "../results/pref_l2/spp/exp10_srrip_drrip/654.roms_s-1070B": 1760711450.6687126,
    "../results/pref_l2/spp/exp10_srrip_drrip/654.roms_s-1390B": 1760711450.6687126,
    "../results/pref_l2/spp/exp10_srrip_drrip/654.roms_s-293B": 1760711450.6687126,
    "../results/pref_l2/spp/exp10_srrip_drrip/654.roms_s-294B": 1760711450.6687126,
    "../results/pref_l2/spp/exp10_srrip_drrip/654.roms_s-523B": 1760711450.6687126,
    "../results/pref_l2/spp/exp10_srrip_drrip/657.xz_s-2302B": 1760711450.6687126,
    "../results/pref_l1_l2/ipcp_spp/exp12_srrip_ship/600.perlbench_s-570B": 1760711450.695713,
    "../results/pref_l1_l2/ipcp_spp/exp12_srrip_ship/602.gcc_s-1850B": 1760711450.695713,
    "../results/pref_l1_l2/ipcp_spp/exp12_srrip_ship/602.gcc_s-2226B": 1760711450.695713,
    "../results/pref_l1_l2/ipcp_spp/exp12_srrip_ship/602.gcc_s-734B": 1760711450.695713,
    "../results/pref_l1_l2/ipcp_spp/exp12_srrip_ship/603.bwaves_s-1740B": 1760711450.696713,
    "../results/pref_l1_l2/ipcp_spp/exp12_srrip_ship/603.bwaves_s-2609B": 1760711450.696713,
    "../results/pref_l1_l2/ipcp_spp/exp12_srrip_ship/603.bwaves_s-2931B": 1760711450.696713,
    "../results/pref_l1_l2/ipcp_spp/exp12_srrip_ship/603.bwaves_s-891B": 1760711450.696713,
    "../results/pref_l1_l2/ipcp_spp/exp12_srrip_ship/605.mcf_s-1152B": 1760711450.696713,
    "../results/pref_l1_l2/ipcp_spp/exp12_srrip_ship/605.mcf_s-1536B": 1760711450.696713,
    "../results/pref_l1_l2/ipcp_spp/exp12_srrip_ship/605.mcf_s-1554B": 1760711450.696713,
    "../results/pref_l1_l2/ipcp_spp/exp12_srrip_ship/605.mcf_s-1644B": 1760711450.696713,
    "../results/pref_l1_l2/ipcp_spp/exp12_srrip_ship/605.mcf_s-472B": 1760711450.696713,
    "../results/pref_l1_l2/ipcp_spp/exp12_srrip_ship/605.mcf_s-484B": 1760711450.696713,
    "../results/pref_l1_l2/ipcp_spp/exp12_srrip_ship/605.mcf_s-665B": 1760711450.696713,
    "../results/pref_l1_l2/ipcp_spp/exp12_srrip_ship/605.mcf_s-782B": 1760711450.696713,
    "../results/pref_l1_l2/ipcp_spp/exp12_srrip_ship/605.mcf_s-994B": 1760711450.696713,
    "../results/pref_l1_l2/ipcp_spp/exp12_srrip_ship/607.cactuBSSN_s-2421B": 1760711450.696713,
    "../results/pref_l1_l2/ipcp_spp/exp12_srrip_ship/607.cactuBSSN_s-3477B": 1760711450.696713,
    "../results/pref_l1_l2/ipcp_spp/exp12_srrip_ship/607.cactuBSSN_s-4004B": 1760711450.696713,
    "../results/pref_l1_l2/ipcp_spp/exp12_srrip_ship/619.lbm_s-2676B": 1760711450.696713,
    "../results/pref_l1_l2/ipcp_spp/exp12_srrip_ship/619.lbm_s-2677B": 1760711450.696713,
    "../results/pref_l1_l2/ipcp_spp/exp12_srrip_ship/619.lbm_s-3766B": 1760711450.696713,
    "../results/pref_l1_l2/ipcp_spp/exp12_srrip_ship/619.lbm_s-4268B": 1760711450.696713,
    "../results/pref_l1_l2/ipcp_spp/exp12_srrip_ship/620.omnetpp_s-141B": 1760711450.696713,
    "../results/pref_l1_l2/ipcp_spp/exp12_srrip_ship/620.omnetpp_s-874B": 1760711450.696713,
    "../results/pref_l1_l2/ipcp_spp/exp12_srrip_ship/621.wrf_s-6673B": 1760711450.696713,
    "../results/pref_l1_l2/ipcp_spp/exp12_srrip_ship/621.wrf_s-8065B": 1760711450.696713,
    "../results/pref_l1_l2/ipcp_spp/exp12_srrip_ship/623.xalancbmk_s-10B": 1760711450.696713,
    "../results/pref_l1_l2/ipcp_spp/exp12_srrip_ship/623.xalancbmk_s-165B": 1760711450.696713,
    "../results/pref_l1_l2/ipcp_spp/exp12_srrip_ship/623.xalancbmk_s-202B": 1760711450.696713,
    "../results/pref_l1_l2/ipcp_spp/exp12_srrip_ship/625.x264_s-20B": 1760711450.696713,
    "../results/pref_l1_l2/ipcp_spp/exp12_srrip_ship/627.cam4_s-490B": 1760711450.696713,
    "../results/pref_l1_l2/ipcp_spp/exp12_srrip_ship/628.pop2_s-17B": 1760711450.696713,
    "../results/pref_l1_l2/ipcp_spp/exp12_srrip_ship/649.fotonik3d_s-10881B": 1760711450.696713,
    "../results/pref_l1_l2/ipcp_spp/exp12_srrip_ship/649.fotonik3d_s-1176B": 1760711450.696713,
    "../results/pref_l1_l2/ipcp_spp/exp12_srrip_ship/649.fotonik3d_s-7084B": 1760711450.696713,
    "../results/pref_l1_l2/ipcp_spp/exp12_srrip_ship/649.fotonik3d_s-8225B": 1760711450.696713,
    "../results/pref_l1_l2/ipcp_spp/exp12_srrip_ship/654.roms_s-1007B": 1760711450.6977131,
    "../results/pref_l1_l2/ipcp_spp/exp12_srrip_ship/654.roms_s-1070B": 1760711450.6977131,
    "../results/pref_l1_l2/ipcp_spp/exp12_srrip_ship/654.roms_s-1390B": 1760711450.6977131,
    "../results/pref_l1_l2/ipcp_spp/exp12_srrip_ship/654.roms_s-293B": 1760711450.6977131,
    "../results/pref_l1_l2/ipcp_spp/exp12_srrip_ship/654.roms_s-294B": 1760711450.6977131,
    "../results/pref_l1_l2/ipcp_spp/exp12_srrip_ship/654.roms_s-523B": 1760711450.6977131,
    "../results/pref_l1_l2/ipcp_spp/exp12_srrip_ship/657.xz_s-2302B": 1760711450.6977131,
    "../results/pref_l1_l2/ipcp_spp/exp1_lru_lru/600.perlbench_s-570B": 1760711450.6857128,
    "../results/pref_l1_l2/ipcp_spp/exp1_lru_lru/602.gcc_s-1850B": 1760711450.6857128,
    "../results/pref_l1_l2/ipcp_spp/exp1_lru_lru/602.gcc_s-2226B": 1760711450.6857128,
    "../results/pref_l1_l2/ipcp_spp/exp1_lru_lru/602.gcc_s-734B": 1760711450.6857128,
    "../results/pref_l1_l2/ipcp_spp/exp1_lru_lru/603.bwaves_s-1740B": 1760711450.6857128,
    "../results/pref_l1_l2/ipcp_spp/exp1_lru_lru/603.bwaves_s-2609B": 1760711450.6857128,
    "../results/pref_l1_l2/ipcp_spp/exp1_lru_lru/603.bwaves_s-2931B": 1760711450.6857128,
    "../results/pref_l1_l2/ipcp_spp/exp1_lru_lru/603.bwaves_s-891B": 1760711450.6857128,
    "../results/pref_l1_l2/ipcp_spp/exp1_lru_lru/605.mcf_s-1152B": 1760711450.6857128,
    "../results/pref_l1_l2/ipcp_spp/exp1_lru_lru/605.mcf_s-1536B": 1760711450.6857128,
    "../results/pref_l1_l2/ipcp_spp/exp1_lru_lru/605.mcf_s-1554B": 1760711450.6857128,
    "../results/pref_l1_l2/ipcp_spp/exp1_lru_lru/605.mcf_s-1644B": 1760711450.6857128,
    "../results/pref_l1_l2/ipcp_spp/exp1_lru_lru/605.mcf_s-472B": 1760711450.6857128,
    "../results/pref_l1_l2/ipcp_spp/exp1_lru_lru/605.mcf_s-484B": 1760711450.686713,
    "../results/pref_l1_l2/ipcp_spp/exp1_lru_lru/605.mcf_s-665B": 1760711450.686713,
    "../results/pref_l1_l2/ipcp_spp/exp1_lru_lru/605.mcf_s-782B": 1760711450.686713,
    "../results/pref_l1_l2/ipcp_spp/exp1_lru_lru/605.mcf_s-994B": 1760711450.686713,
    "../results/pref_l1_l2/ipcp_spp/exp1_lru_lru/607.cactuBSSN_s-2421B": 1760711450.686713,
    "../results/pref_l1_l2/ipcp_spp/exp1_lru_lru/607.cactuBSSN_s-3477B": 1760711450.686713,
    "../results/pref_l1_l2/ipcp_spp/exp1_lru_lru/607.cactuBSSN_s-4004B": 1760711450.686713,
    "../results/pref_l1_l2/ipcp_spp/exp1_lru_lru/619.lbm_s-2676B": 1760711450.686713,
    "../results/pref_l1_l2/ipcp_spp/exp1_lru_lru/619.lbm_s-2677B": 1760711450.686713,
    "../results/pref_l1_l2/ipcp_spp/exp1_lru_lru/619.lbm_s-3766B": 1760711450.686713,
    "../results/pref_l1_l2/ipcp_spp/exp1_lru_lru/619.lbm_s-4268B": 1760711450.686713,
    "../results/pref_l1_l2/ipcp_spp/exp1_lru_lru/620.omnetpp_s-141B": 1760711450.686713,
    "../results/pref_l1_l2/ipcp_spp/exp1_lru_lru/620.omnetpp_s-874B": 1760711450.686713,
    "../results/pref_l1_l2/ipcp_spp/exp1_lru_lru/621.wrf_s-6673B": 1760711450.686713,
    "../results/pref_l1_l2/ipcp_spp/exp1_lru_lru/621.wrf_s-8065B": 1760711450.686713,
    "../results/pref_l1_l2/ipcp_spp/exp1_lru_lru/623.xalancbmk_s-10B": 1760711450.686713,
    "../results/pref_l1_l2/ipcp_spp/exp1_lru_lru/623.xalancbmk_s-165B": 1760711450.686713,
    "../results/pref_l1_l2/ipcp_spp/exp1_lru_lru/623.xalancbmk_s-202B": 1760711450.686713,
    "../results/pref_l1_l2/ipcp_spp/exp1_lru_lru/625.x264_s-20B": 1760711450.686713,
    "../results/pref_l1_l2/ipcp_spp/exp1_lru_lru/627.cam4_s-490B": 1760711450.686713,
    "../results/pref_l1_l2/ipcp_spp/exp1_lru_lru/628.pop2_s-17B": 1760711450.686713,
    "../results/pref_l1_l2/ipcp_spp/exp1_lru_lru/649.fotonik3d_s-10881B": 1760711450.686713,
    "../results/pref_l1_l2/ipcp_spp/exp1_lru_lru/649.fotonik3d_s-1176B": 1760711450.686713,
    "../results/pref_l1_l2/ipcp_spp/exp1_lru_lru/649.fotonik3d_s-7084B": 1760711450.686713,
    "../results/pref_l1_l2/ipcp_spp/exp1_lru_lru/649.fotonik3d_s-8225B": 1760711450.686713,
    "../results/pref_l1_l2/ipcp_spp/exp1_lru_lru/654.roms_s-1007B": 1760711450.686713,
    "../results/pref_l1_l2/ipcp_spp/exp1_lru_lru/654.roms_s-1070B": 1760711450.686713,
    "../results/pref_l1_l2/ipcp_spp/exp1_lru_lru/654.roms_s-1390B": 1760711450.686713,
    "../results/pref_l1_l2/ipcp_spp/exp1_lru_lru/654.roms_s-293B": 1760711450.686713,
    "../results/pref_l1_l2/ipcp_spp/exp1_lru_lru/654.roms_s-294B": 1760711450.686713,
    "../results/pref_l1_l2/ipcp_spp/exp1_lru_lru/654.roms_s-523B": 1760711450.686713,
    "../results/pref_l1_l2/ipcp_spp/exp1_lru_lru/657.xz_s-2302B": 1760711450.686713,
    "../results/pref_l1_l2/ipcp_spp/exp14_srrip_mockingjay/600.perlbench_s-570B": 1760711450.698713,
    "../results/pref_l1_l2/ipcp_spp/exp14_srrip_mockingjay/602.gcc_s-1850B": 1760711450.698713,
    "../results/pref_l1_l2/ipcp_spp/exp14_srrip_mockingjay/602.gcc_s-2226B": 1760711450.698713,
    "../results/pref_l1_l2/ipcp_spp/exp14_srrip_mockingjay/602.gcc_s-734B": 1760711450.698713,
    "../results/pref_l1_l2/ipcp_spp/exp14_srrip_mockingjay/603.bwaves_s-1740B": 1760711450.698713,
    "../results/pref_l1_l2/ipcp_spp/exp14_srrip_mockingjay/603.bwaves_s-2609B": 1760711450.698713,
    "../results/pref_l1_l2/ipcp_spp/exp14_srrip_mockingjay/603.bwaves_s-2931B": 1760711450.698713,
    "../results/pref_l1_l2/ipcp_spp/exp14_srrip_mockingjay/603.bwaves_s-891B": 1760711450.698713,
    "../results/pref_l1_l2/ipcp_spp/exp14_srrip_mockingjay/605.mcf_s-1152B": 1760711450.698713,
    "../results/pref_l1_l2/ipcp_spp/exp14_srrip_mockingjay/605.mcf_s-1536B": 1760711450.698713,
    "../results/pref_l1_l2/ipcp_spp/exp14_srrip_mockingjay/605.mcf_s-1554B": 1760711450.698713,
    "../results/pref_l1_l2/ipcp_spp/exp14_srrip_mockingjay/605.mcf_s-1644B": 1760711450.698713,
    "../results/pref_l1_l2/ipcp_spp/exp14_srrip_mockingjay/605.mcf_s-472B": 1760711450.698713,
    "../results/pref_l1_l2/ipcp_spp/exp14_srrip_mockingjay/605.mcf_s-484B": 1760711450.698713,
    "../results/pref_l1_l2/ipcp_spp/exp14_srrip_mockingjay/605.mcf_s-665B": 1760711450.698713,
    "../results/pref_l1_l2/ipcp_spp/exp14_srrip_mockingjay/605.mcf_s-782B": 1760711450.698713,
    "../results/pref_l1_l2/ipcp_spp/exp14_srrip_mockingjay/605.mcf_s-994B": 1760711450.698713,
    "../results/pref_l1_l2/ipcp_spp/exp14_srrip_mockingjay/607.cactuBSSN_s-2421B": 1760711450.698713,
    "../results/pref_l1_l2/ipcp_spp/exp14_srrip_mockingjay/607.cactuBSSN_s-3477B": 1760711450.698713,
    "../results/pref_l1_l2/ipcp_spp/exp14_srrip_mockingjay/607.cactuBSSN_s-4004B": 1760711450.698713,
    "../results/pref_l1_l2/ipcp_spp/exp14_srrip_mockingjay/619.lbm_s-2676B": 1760711450.698713,
    "../results/pref_l1_l2/ipcp_spp/exp14_srrip_mockingjay/619.lbm_s-2677B": 1760711450.698713,
    "../results/pref_l1_l2/ipcp_spp/exp14_srrip_mockingjay/619.lbm_s-3766B": 1760711450.698713,
    "../results/pref_l1_l2/ipcp_spp/exp14_srrip_mockingjay/619.lbm_s-4268B": 1760711450.698713,
    "../results/pref_l1_l2/ipcp_spp/exp14_srrip_mockingjay/620.omnetpp_s-141B": 1760711450.698713,
    "../results/pref_l1_l2/ipcp_spp/exp14_srrip_mockingjay/620.omnetpp_s-874B": 1760711450.698713,
    "../results/pref_l1_l2/ipcp_spp/exp14_srrip_mockingjay/621.wrf_s-6673B": 1760711450.698713,
    "../results/pref_l1_l2/ipcp_spp/exp14_srrip_mockingjay/621.wrf_s-8065B": 1760711450.698713,
    "../results/pref_l1_l2/ipcp_spp/exp14_srrip_mockingjay/623.xalancbmk_s-10B": 1760711450.698713,
    "../results/pref_l1_l2/ipcp_spp/exp14_srrip_mockingjay/623.xalancbmk_s-165B": 1760711450.698713,
    "../results/pref_l1_l2/ipcp_spp/exp14_srrip_mockingjay/623.xalancbmk_s-202B": 1760711450.698713,
    "../results/pref_l1_l2/ipcp_spp/exp14_srrip_mockingjay/625.x264_s-20B": 1760711450.698713,
    "../results/pref_l1_l2/ipcp_spp/exp14_srrip_mockingjay/627.cam4_s-490B": 1760711450.699713,
    "../results/pref_l1_l2/ipcp_spp/exp14_srrip_mockingjay/628.pop2_s-17B": 1760711450.699713,
    "../results/pref_l1_l2/ipcp_spp/exp14_srrip_mockingjay/649.fotonik3d_s-10881B": 1760711450.699713,
    "../results/pref_l1_l2/ipcp_spp/exp14_srrip_mockingjay/649.fotonik3d_s-1176B": 1760711450.699713,
    "../results/pref_l1_l2/ipcp_spp/exp14_srrip_mockingjay/649.fotonik3d_s-7084B": 1760711450.699713,
    "../results/pref_l1_l2/ipcp_spp/exp14_srrip_mockingjay/649.fotonik3d_s-8225B": 1760711450.699713,
    "../results/pref_l1_l2/ipcp_spp/exp14_srrip_mockingjay/654.roms_s-1007B": 1760711450.699713,
    "../results/pref_l1_l2/ipcp_spp/exp14_srrip_mockingjay/654.roms_s-1070B": 1760711450.699713,
    "../results/pref_l1_l2/ipcp_spp/exp14_srrip_mockingjay/654.roms_s-1390B": 1760711450.699713,
    "../results/pref_l1_l2/ipcp_spp/exp14_srrip_mockingjay/654.roms_s-293B": 1760711450.699713,
    "../results/pref_l1_l2/ipcp_spp/exp14_srrip_mockingjay/654.roms_s-294B": 1760711450.699713,
    "../results/pref_l1_l2/ipcp_spp/exp14_srrip_mockingjay/654.roms_s-523B": 1760711450.699713,
    "../results/pref_l1_l2/ipcp_spp/exp14_srrip_mockingjay/657.xz_s-2302B": 1760711450.699713,
    "../results/pref_l1_l2/ipcp_spp/exp11_srrip_hawkeye/600.perlbench_s-570B": 1760711450.684713,
    "../results/pref_l1_l2/ipcp_spp/exp11_srrip_hawkeye/602.gcc_s-1850B": 1760711450.684713,
    "../results/pref_l1_l2/ipcp_spp/exp11_srrip_hawkeye/602.gcc_s-2226B": 1760711450.684713,
    "../results/pref_l1_l2/ipcp_spp/exp11_srrip_hawkeye/602.gcc_s-734B": 1760711450.684713,
    "../results/pref_l1_l2/ipcp_spp/exp11_srrip_hawkeye/603.bwaves_s-1740B": 1760711450.684713,
    "../results/pref_l1_l2/ipcp_spp/exp11_srrip_hawkeye/603.bwaves_s-2609B": 1760711450.684713,
    "../results/pref_l1_l2/ipcp_spp/exp11_srrip_hawkeye/603.bwaves_s-2931B": 1760711450.684713,
    "../results/pref_l1_l2/ipcp_spp/exp11_srrip_hawkeye/603.bwaves_s-891B": 1760711450.684713,
    "../results/pref_l1_l2/ipcp_spp/exp11_srrip_hawkeye/605.mcf_s-1152B": 1760711450.684713,
    "../results/pref_l1_l2/ipcp_spp/exp11_srrip_hawkeye/605.mcf_s-1536B": 1760711450.684713,
    "../results/pref_l1_l2/ipcp_spp/exp11_srrip_hawkeye/605.mcf_s-1554B": 1760711450.684713,
    "../results/pref_l1_l2/ipcp_spp/exp11_srrip_hawkeye/605.mcf_s-1644B": 1760711450.684713,
    "../results/pref_l1_l2/ipcp_spp/exp11_srrip_hawkeye/605.mcf_s-472B": 1760711450.684713,
    "../results/pref_l1_l2/ipcp_spp/exp11_srrip_hawkeye/605.mcf_s-484B": 1760711450.684713,
    "../results/pref_l1_l2/ipcp_spp/exp11_srrip_hawkeye/605.mcf_s-665B": 1760711450.684713,
    "../results/pref_l1_l2/ipcp_spp/exp11_srrip_hawkeye/605.mcf_s-782B": 1760711450.684713,
    "../results/pref_l1_l2/ipcp_spp/exp11_srrip_hawkeye/605.mcf_s-994B": 1760711450.6857128,
    "../results/pref_l1_l2/ipcp_spp/exp11_srrip_hawkeye/607.cactuBSSN_s-2421B": 1760711450.6857128,
    "../results/pref_l1_l2/ipcp_spp/exp11_srrip_hawkeye/607.cactuBSSN_s-3477B": 1760711450.6857128,
    "../results/pref_l1_l2/ipcp_spp/exp11_srrip_hawkeye/607.cactuBSSN_s-4004B": 1760711450.6857128,
    "../results/pref_l1_l2/ipcp_spp/exp11_srrip_hawkeye/619.lbm_s-2676B": 1760711450.6857128,
    "../results/pref_l1_l2/ipcp_spp/exp11_srrip_hawkeye/619.lbm_s-2677B": 1760711450.6857128,
    "../results/pref_l1_l2/ipcp_spp/exp11_srrip_hawkeye/619.lbm_s-3766B": 1760711450.6857128,
    "../results/pref_l1_l2/ipcp_spp/exp11_srrip_hawkeye/619.lbm_s-4268B": 1760711450.6857128,
    "../results/pref_l1_l2/ipcp_spp/exp11_srrip_hawkeye/620.omnetpp_s-141B": 1760711450.6857128,
    "../results/pref_l1_l2/ipcp_spp/exp11_srrip_hawkeye/620.omnetpp_s-874B": 1760711450.6857128,
    "../results/pref_l1_l2/ipcp_spp/exp11_srrip_hawkeye/621.wrf_s-6673B": 1760711450.6857128,
    "../results/pref_l1_l2/ipcp_spp/exp11_srrip_hawkeye/621.wrf_s-8065B": 1760711450.6857128,
    "../results/pref_l1_l2/ipcp_spp/exp11_srrip_hawkeye/623.xalancbmk_s-10B": 1760711450.6857128,
    "../results/pref_l1_l2/ipcp_spp/exp11_srrip_hawkeye/623.xalancbmk_s-165B": 1760711450.6857128,
    "../results/pref_l1_l2/ipcp_spp/exp11_srrip_hawkeye/623.xalancbmk_s-202B": 1760711450.6857128,
    "../results/pref_l1_l2/ipcp_spp/exp11_srrip_hawkeye/625.x264_s-20B": 1760711450.6857128,
    "../results/pref_l1_l2/ipcp_spp/exp11_srrip_hawkeye/627.cam4_s-490B": 1760711450.6857128,
    "../results/pref_l1_l2/ipcp_spp/exp11_srrip_hawkeye/628.pop2_s-17B": 1760711450.6857128,
    "../results/pref_l1_l2/ipcp_spp/exp11_srrip_hawkeye/649.fotonik3d_s-10881B": 1760711450.6857128,
    "../results/pref_l1_l2/ipcp_spp/exp11_srrip_hawkeye/649.fotonik3d_s-1176B": 1760711450.6857128,
    "../results/pref_l1_l2/ipcp_spp/exp11_srrip_hawkeye/649.fotonik3d_s-7084B": 1760711450.6857128,
    "../results/pref_l1_l2/ipcp_spp/exp11_srrip_hawkeye/649.fotonik3d_s-8225B": 1760711450.6857128,
    "../results/pref_l1_l2/ipcp_spp/exp11_srrip_hawkeye/654.roms_s-1007B": 1760711450.6857128,
    "../results/pref_l1_l2/ipcp_spp/exp11_srrip_hawkeye/654.roms_s-1070B": 1760711450.6857128,
    "../results/pref_l1_l2/ipcp_spp/exp11_srrip_hawkeye/654.roms_s-1390B": 1760711450.6857128,
    "../results/pref_l1_l2/ipcp_spp/exp11_srrip_hawkeye/654.roms_s-293B": 1760711450.6857128,
    "../results/pref_l1_l2/ipcp_spp/exp11_srrip_hawkeye/654.roms_s-294B": 1760711450.6857128,
    "../results/pref_l1_l2/ipcp_spp/exp11_srrip_hawkeye/654.roms_s-523B": 1760711450.6857128,
    "../results/pref_l1_l2/ipcp_spp/exp11_srrip_hawkeye/657.xz_s-2302B": 1760711450.6857128,
    "../results/pref_l1_l2/ipcp_spp/exp13_srrip_ship++/600.perlbench_s-570B": 1760711450.6977131,
    "../results/pref_l1_l2/ipcp_spp/exp13_srrip_ship++/602.gcc_s-1850B": 1760711450.6977131,
    "../results/pref_l1_l2/ipcp_spp/exp13_srrip_ship++/602.gcc_s-2226B": 1760711450.6977131,
    "../results/pref_l1_l2/ipcp_spp/exp13_srrip_ship++/602.gcc_s-734B": 1760711450.6977131,
    "../results/pref_l1_l2/ipcp_spp/exp13_srrip_ship++/603.bwaves_s-1740B": 1760711450.6977131,
    "../results/pref_l1_l2/ipcp_spp/exp13_srrip_ship++/603.bwaves_s-2609B": 1760711450.6977131,
    "../results/pref_l1_l2/ipcp_spp/exp13_srrip_ship++/603.bwaves_s-2931B": 1760711450.6977131,
    "../results/pref_l1_l2/ipcp_spp/exp13_srrip_ship++/603.bwaves_s-891B": 1760711450.6977131,
    "../results/pref_l1_l2/ipcp_spp/exp13_srrip_ship++/605.mcf_s-1152B": 1760711450.6977131,
    "../results/pref_l1_l2/ipcp_spp/exp13_srrip_ship++/605.mcf_s-1536B": 1760711450.6977131,
    "../results/pref_l1_l2/ipcp_spp/exp13_srrip_ship++/605.mcf_s-1554B": 1760711450.6977131,
    "../results/pref_l1_l2/ipcp_spp/exp13_srrip_ship++/605.mcf_s-1644B": 1760711450.6977131,
    "../results/pref_l1_l2/ipcp_spp/exp13_srrip_ship++/605.mcf_s-472B": 1760711450.6977131,
    "../results/pref_l1_l2/ipcp_spp/exp13_srrip_ship++/605.mcf_s-484B": 1760711450.6977131,
    "../results/pref_l1_l2/ipcp_spp/exp13_srrip_ship++/605.mcf_s-665B": 1760711450.6977131,
    "../results/pref_l1_l2/ipcp_spp/exp13_srrip_ship++/605.mcf_s-782B": 1760711450.6977131,
    "../results/pref_l1_l2/ipcp_spp/exp13_srrip_ship++/605.mcf_s-994B": 1760711450.6977131,
    "../results/pref_l1_l2/ipcp_spp/exp13_srrip_ship++/607.cactuBSSN_s-2421B": 1760711450.6977131,
    "../results/pref_l1_l2/ipcp_spp/exp13_srrip_ship++/607.cactuBSSN_s-3477B": 1760711450.6977131,
    "../results/pref_l1_l2/ipcp_spp/exp13_srrip_ship++/607.cactuBSSN_s-4004B": 1760711450.6977131,
    "../results/pref_l1_l2/ipcp_spp/exp13_srrip_ship++/619.lbm_s-2676B": 1760711450.6977131,
    "../results/pref_l1_l2/ipcp_spp/exp13_srrip_ship++/619.lbm_s-2677B": 1760711450.6977131,
    "../results/pref_l1_l2/ipcp_spp/exp13_srrip_ship++/619.lbm_s-3766B": 1760711450.6977131,
    "../results/pref_l1_l2/ipcp_spp/exp13_srrip_ship++/619.lbm_s-4268B": 1760711450.6977131,
    "../results/pref_l1_l2/ipcp_spp/exp13_srrip_ship++/620.omnetpp_s-141B": 1760711450.6977131,
    "../results/pref_l1_l2/ipcp_spp/exp13_srrip_ship++/620.omnetpp_s-874B": 1760711450.6977131,
    "../results/pref_l1_l2/ipcp_spp/exp13_srrip_ship++/621.wrf_s-6673B": 1760711450.6977131,
    "../results/pref_l1_l2/ipcp_spp/exp13_srrip_ship++/621.wrf_s-8065B": 1760711450.6977131,
    "../results/pref_l1_l2/ipcp_spp/exp13_srrip_ship++/623.xalancbmk_s-10B": 1760711450.6977131,
    "../results/pref_l1_l2/ipcp_spp/exp13_srrip_ship++/623.xalancbmk_s-165B": 1760711450.6977131,
    "../results/pref_l1_l2/ipcp_spp/exp13_srrip_ship++/623.xalancbmk_s-202B": 1760711450.6977131,
    "../results/pref_l1_l2/ipcp_spp/exp13_srrip_ship++/625.x264_s-20B": 1760711450.6977131,
    "../results/pref_l1_l2/ipcp_spp/exp13_srrip_ship++/627.cam4_s-490B": 1760711450.6977131,
    "../results/pref_l1_l2/ipcp_spp/exp13_srrip_ship++/628.pop2_s-17B": 1760711450.6977131,
    "../results/pref_l1_l2/ipcp_spp/exp13_srrip_ship++/649.fotonik3d_s-10881B": 1760711450.698713,
    "../results/pref_l1_l2/ipcp_spp/exp13_srrip_ship++/649.fotonik3d_s-1176B": 1760711450.698713,
    "../results/pref_l1_l2/ipcp_spp/exp13_srrip_ship++/649.fotonik3d_s-7084B": 1760711450.698713,
    "../results/pref_l1_l2/ipcp_spp/exp13_srrip_ship++/649.fotonik3d_s-8225B": 1760711450.698713,
    "../results/pref_l1_l2/ipcp_spp/exp13_srrip_ship++/654.roms_s-1007B": 1760711450.698713,
    "../results/pref_l1_l2/ipcp_spp/exp13_srrip_ship++/654.roms_s-1070B": 1760711450.698713,
    "../results/pref_l1_l2/ipcp_spp/exp13_srrip_ship++/654.roms_s-1390B": 1760711450.698713,
    "../results/pref_l1_l2/ipcp_spp/exp13_srrip_ship++/654.roms_s-293B": 1760711450.698713,
    "../results/pref_l1_l2/ipcp_spp/exp13_srrip_ship++/654.roms_s-294B": 1760711450.698713,
    "../results/pref_l1_l2/ipcp_spp/exp13_srrip_ship++/654.roms_s-523B": 1760711450.698713,
    "../results/pref_l1_l2/ipcp_spp/exp13_srrip_ship++/657.xz_s-2302B": 1760711450.698713,
    "../results/pref_l1_l2/ipcp_spp/exp3_lru_drrip/600.perlbench_s-570B": 1760711450.683713,
    "../results/pref_l1_l2/ipcp_spp/exp3_lru_drrip/602.gcc_s-1850B": 1760711450.683713,
    "../results/pref_l1_l2/ipcp_spp/exp3_lru_drrip/602.gcc_s-2226B": 1760711450.683713,
    "../results/pref_l1_l2/ipcp_spp/exp3_lru_drrip/602.gcc_s-734B": 1760711450.683713,
    "../results/pref_l1_l2/ipcp_spp/exp3_lru_drrip/603.bwaves_s-1740B": 1760711450.683713,
    "../results/pref_l1_l2/ipcp_spp/exp3_lru_drrip/603.bwaves_s-2609B": 1760711450.683713,
    "../results/pref_l1_l2/ipcp_spp/exp3_lru_drrip/603.bwaves_s-2931B": 1760711450.683713,
    "../results/pref_l1_l2/ipcp_spp/exp3_lru_drrip/603.bwaves_s-891B": 1760711450.683713,
    "../results/pref_l1_l2/ipcp_spp/exp3_lru_drrip/605.mcf_s-1152B": 1760711450.683713,
    "../results/pref_l1_l2/ipcp_spp/exp3_lru_drrip/605.mcf_s-1536B": 1760711450.683713,
    "../results/pref_l1_l2/ipcp_spp/exp3_lru_drrip/605.mcf_s-1554B": 1760711450.683713,
    "../results/pref_l1_l2/ipcp_spp/exp3_lru_drrip/605.mcf_s-1644B": 1760711450.683713,
    "../results/pref_l1_l2/ipcp_spp/exp3_lru_drrip/605.mcf_s-472B": 1760711450.683713,
    "../results/pref_l1_l2/ipcp_spp/exp3_lru_drrip/605.mcf_s-484B": 1760711450.683713,
    "../results/pref_l1_l2/ipcp_spp/exp3_lru_drrip/605.mcf_s-665B": 1760711450.683713,
    "../results/pref_l1_l2/ipcp_spp/exp3_lru_drrip/605.mcf_s-782B": 1760711450.683713,
    "../results/pref_l1_l2/ipcp_spp/exp3_lru_drrip/605.mcf_s-994B": 1760711450.683713,
    "../results/pref_l1_l2/ipcp_spp/exp3_lru_drrip/607.cactuBSSN_s-2421B": 1760711450.683713,
    "../results/pref_l1_l2/ipcp_spp/exp3_lru_drrip/607.cactuBSSN_s-3477B": 1760711450.683713,
    "../results/pref_l1_l2/ipcp_spp/exp3_lru_drrip/607.cactuBSSN_s-4004B": 1760711450.683713,
    "../results/pref_l1_l2/ipcp_spp/exp3_lru_drrip/619.lbm_s-2676B": 1760711450.684713,
    "../results/pref_l1_l2/ipcp_spp/exp3_lru_drrip/619.lbm_s-2677B": 1760711450.684713,
    "../results/pref_l1_l2/ipcp_spp/exp3_lru_drrip/619.lbm_s-3766B": 1760711450.684713,
    "../results/pref_l1_l2/ipcp_spp/exp3_lru_drrip/619.lbm_s-4268B": 1760711450.684713,
    "../results/pref_l1_l2/ipcp_spp/exp3_lru_drrip/620.omnetpp_s-141B": 1760711450.684713,
    "../results/pref_l1_l2/ipcp_spp/exp3_lru_drrip/620.omnetpp_s-874B": 1760711450.684713,
    "../results/pref_l1_l2/ipcp_spp/exp3_lru_drrip/621.wrf_s-6673B": 1760711450.684713,
    "../results/pref_l1_l2/ipcp_spp/exp3_lru_drrip/621.wrf_s-8065B": 1760711450.684713,
    "../results/pref_l1_l2/ipcp_spp/exp3_lru_drrip/623.xalancbmk_s-10B": 1760711450.684713,
    "../results/pref_l1_l2/ipcp_spp/exp3_lru_drrip/623.xalancbmk_s-165B": 1760711450.684713,
    "../results/pref_l1_l2/ipcp_spp/exp3_lru_drrip/623.xalancbmk_s-202B": 1760711450.684713,
    "../results/pref_l1_l2/ipcp_spp/exp3_lru_drrip/625.x264_s-20B": 1760711450.684713,
    "../results/pref_l1_l2/ipcp_spp/exp3_lru_drrip/627.cam4_s-490B": 1760711450.684713,
    "../results/pref_l1_l2/ipcp_spp/exp3_lru_drrip/628.pop2_s-17B": 1760711450.684713,
    "../results/pref_l1_l2/ipcp_spp/exp3_lru_drrip/649.fotonik3d_s-10881B": 1760711450.684713,
    "../results/pref_l1_l2/ipcp_spp/exp3_lru_drrip/649.fotonik3d_s-1176B": 1760711450.684713,
    "../results/pref_l1_l2/ipcp_spp/exp3_lru_drrip/649.fotonik3d_s-7084B": 1760711450.684713,
    "../results/pref_l1_l2/ipcp_spp/exp3_lru_drrip/649.fotonik3d_s-8225B": 1760711450.684713,
    "../results/pref_l1_l2/ipcp_spp/exp3_lru_drrip/654.roms_s-1007B": 1760711450.684713,
    "../results/pref_l1_l2/ipcp_spp/exp3_lru_drrip/654.roms_s-1070B": 1760711450.684713,
    "../results/pref_l1_l2/ipcp_spp/exp3_lru_drrip/654.roms_s-1390B": 1760711450.684713,
    "../results/pref_l1_l2/ipcp_spp/exp3_lru_drrip/654.roms_s-293B": 1760711450.684713,
    "../results/pref_l1_l2/ipcp_spp/exp3_lru_drrip/654.roms_s-294B": 1760711450.684713,
    "../results/pref_l1_l2/ipcp_spp/exp3_lru_drrip/654.roms_s-523B": 1760711450.684713,
    "../results/pref_l1_l2/ipcp_spp/exp3_lru_drrip/657.xz_s-2302B": 1760711450.684713,
    "../results/pref_l1_l2/ipcp_spp/exp4_lru_hawkeye/600.perlbench_s-570B": 1760711450.687713,
    "../results/pref_l1_l2/ipcp_spp/exp4_lru_hawkeye/602.gcc_s-1850B": 1760711450.687713,
    "../results/pref_l1_l2/ipcp_spp/exp4_lru_hawkeye/602.gcc_s-2226B": 1760711450.687713,
    "../results/pref_l1_l2/ipcp_spp/exp4_lru_hawkeye/602.gcc_s-734B": 1760711450.687713,
    "../results/pref_l1_l2/ipcp_spp/exp4_lru_hawkeye/603.bwaves_s-1740B": 1760711450.687713,
    "../results/pref_l1_l2/ipcp_spp/exp4_lru_hawkeye/603.bwaves_s-2609B": 1760711450.6887128,
    "../results/pref_l1_l2/ipcp_spp/exp4_lru_hawkeye/603.bwaves_s-2931B": 1760711450.6887128,
    "../results/pref_l1_l2/ipcp_spp/exp4_lru_hawkeye/603.bwaves_s-891B": 1760711450.6887128,
    "../results/pref_l1_l2/ipcp_spp/exp4_lru_hawkeye/605.mcf_s-1152B": 1760711450.6887128,
    "../results/pref_l1_l2/ipcp_spp/exp4_lru_hawkeye/605.mcf_s-1536B": 1760711450.6887128,
    "../results/pref_l1_l2/ipcp_spp/exp4_lru_hawkeye/605.mcf_s-1554B": 1760711450.6887128,
    "../results/pref_l1_l2/ipcp_spp/exp4_lru_hawkeye/605.mcf_s-1644B": 1760711450.6887128,
    "../results/pref_l1_l2/ipcp_spp/exp4_lru_hawkeye/605.mcf_s-472B": 1760711450.6887128,
    "../results/pref_l1_l2/ipcp_spp/exp4_lru_hawkeye/605.mcf_s-484B": 1760711450.6887128,
    "../results/pref_l1_l2/ipcp_spp/exp4_lru_hawkeye/605.mcf_s-665B": 1760711450.6887128,
    "../results/pref_l1_l2/ipcp_spp/exp4_lru_hawkeye/605.mcf_s-782B": 1760711450.6887128,
    "../results/pref_l1_l2/ipcp_spp/exp4_lru_hawkeye/605.mcf_s-994B": 1760711450.6887128,
    "../results/pref_l1_l2/ipcp_spp/exp4_lru_hawkeye/607.cactuBSSN_s-2421B": 1760711450.6887128,
    "../results/pref_l1_l2/ipcp_spp/exp4_lru_hawkeye/607.cactuBSSN_s-3477B": 1760711450.6887128,
    "../results/pref_l1_l2/ipcp_spp/exp4_lru_hawkeye/607.cactuBSSN_s-4004B": 1760711450.6887128,
    "../results/pref_l1_l2/ipcp_spp/exp4_lru_hawkeye/619.lbm_s-2676B": 1760711450.6887128,
    "../results/pref_l1_l2/ipcp_spp/exp4_lru_hawkeye/619.lbm_s-2677B": 1760711450.6887128,
    "../results/pref_l1_l2/ipcp_spp/exp4_lru_hawkeye/619.lbm_s-3766B": 1760711450.6887128,
    "../results/pref_l1_l2/ipcp_spp/exp4_lru_hawkeye/619.lbm_s-4268B": 1760711450.6887128,
    "../results/pref_l1_l2/ipcp_spp/exp4_lru_hawkeye/620.omnetpp_s-141B": 1760711450.6887128,
    "../results/pref_l1_l2/ipcp_spp/exp4_lru_hawkeye/620.omnetpp_s-874B": 1760711450.6887128,
    "../results/pref_l1_l2/ipcp_spp/exp4_lru_hawkeye/621.wrf_s-6673B": 1760711450.6887128,
    "../results/pref_l1_l2/ipcp_spp/exp4_lru_hawkeye/621.wrf_s-8065B": 1760711450.6887128,
    "../results/pref_l1_l2/ipcp_spp/exp4_lru_hawkeye/623.xalancbmk_s-10B": 1760711450.6887128,
    "../results/pref_l1_l2/ipcp_spp/exp4_lru_hawkeye/623.xalancbmk_s-165B": 1760711450.6887128,
    "../results/pref_l1_l2/ipcp_spp/exp4_lru_hawkeye/623.xalancbmk_s-202B": 1760711450.6887128,
    "../results/pref_l1_l2/ipcp_spp/exp4_lru_hawkeye/625.x264_s-20B": 1760711450.6887128,
    "../results/pref_l1_l2/ipcp_spp/exp4_lru_hawkeye/627.cam4_s-490B": 1760711450.6887128,
    "../results/pref_l1_l2/ipcp_spp/exp4_lru_hawkeye/628.pop2_s-17B": 1760711450.6887128,
    "../results/pref_l1_l2/ipcp_spp/exp4_lru_hawkeye/649.fotonik3d_s-10881B": 1760711450.6887128,
    "../results/pref_l1_l2/ipcp_spp/exp4_lru_hawkeye/649.fotonik3d_s-1176B": 1760711450.6887128,
    "../results/pref_l1_l2/ipcp_spp/exp4_lru_hawkeye/649.fotonik3d_s-7084B": 1760711450.6887128,
    "../results/pref_l1_l2/ipcp_spp/exp4_lru_hawkeye/649.fotonik3d_s-8225B": 1760711450.6887128,
    "../results/pref_l1_l2/ipcp_spp/exp4_lru_hawkeye/654.roms_s-1007B": 1760711450.6887128,
    "../results/pref_l1_l2/ipcp_spp/exp4_lru_hawkeye/654.roms_s-1070B": 1760711450.6887128,
    "../results/pref_l1_l2/ipcp_spp/exp4_lru_hawkeye/654.roms_s-1390B": 1760711450.6887128,
    "../results/pref_l1_l2/ipcp_spp/exp4_lru_hawkeye/654.roms_s-293B": 1760711450.6887128,
    "../results/pref_l1_l2/ipcp_spp/exp4_lru_hawkeye/654.roms_s-294B": 1760711450.6887128,
    "../results/pref_l1_l2/ipcp_spp/exp4_lru_hawkeye/654.roms_s-523B": 1760711450.6887128,
    "../results/pref_l1_l2/ipcp_spp/exp4_lru_hawkeye/657.xz_s-2302B": 1760711450.6887128,
    "../results/pref_l1_l2/ipcp_spp/exp2_lru_srrip/600.perlbench_s-570B": 1760711450.686713,
    "../results/pref_l1_l2/ipcp_spp/exp2_lru_srrip/602.gcc_s-1850B": 1760711450.686713,
    "../results/pref_l1_l2/ipcp_spp/exp2_lru_srrip/602.gcc_s-2226B": 1760711450.686713,
    "../results/pref_l1_l2/ipcp_spp/exp2_lru_srrip/602.gcc_s-734B": 1760711450.686713,
    "../results/pref_l1_l2/ipcp_spp/exp2_lru_srrip/603.bwaves_s-1740B": 1760711450.686713,
    "../results/pref_l1_l2/ipcp_spp/exp2_lru_srrip/603.bwaves_s-2609B": 1760711450.686713,
    "../results/pref_l1_l2/ipcp_spp/exp2_lru_srrip/603.bwaves_s-2931B": 1760711450.686713,
    "../results/pref_l1_l2/ipcp_spp/exp2_lru_srrip/603.bwaves_s-891B": 1760711450.686713,
    "../results/pref_l1_l2/ipcp_spp/exp2_lru_srrip/605.mcf_s-1152B": 1760711450.686713,
    "../results/pref_l1_l2/ipcp_spp/exp2_lru_srrip/605.mcf_s-1536B": 1760711450.687713,
    "../results/pref_l1_l2/ipcp_spp/exp2_lru_srrip/605.mcf_s-1554B": 1760711450.687713,
    "../results/pref_l1_l2/ipcp_spp/exp2_lru_srrip/605.mcf_s-1644B": 1760711450.687713,
    "../results/pref_l1_l2/ipcp_spp/exp2_lru_srrip/605.mcf_s-472B": 1760711450.687713,
    "../results/pref_l1_l2/ipcp_spp/exp2_lru_srrip/605.mcf_s-484B": 1760711450.687713,
    "../results/pref_l1_l2/ipcp_spp/exp2_lru_srrip/605.mcf_s-665B": 1760711450.687713,
    "../results/pref_l1_l2/ipcp_spp/exp2_lru_srrip/605.mcf_s-782B": 1760711450.687713,
    "../results/pref_l1_l2/ipcp_spp/exp2_lru_srrip/605.mcf_s-994B": 1760711450.687713,
    "../results/pref_l1_l2/ipcp_spp/exp2_lru_srrip/607.cactuBSSN_s-2421B": 1760711450.687713,
    "../results/pref_l1_l2/ipcp_spp/exp2_lru_srrip/607.cactuBSSN_s-3477B": 1760711450.687713,
    "../results/pref_l1_l2/ipcp_spp/exp2_lru_srrip/607.cactuBSSN_s-4004B": 1760711450.687713,
    "../results/pref_l1_l2/ipcp_spp/exp2_lru_srrip/619.lbm_s-2676B": 1760711450.687713,
    "../results/pref_l1_l2/ipcp_spp/exp2_lru_srrip/619.lbm_s-2677B": 1760711450.687713,
    "../results/pref_l1_l2/ipcp_spp/exp2_lru_srrip/619.lbm_s-3766B": 1760711450.687713,
    "../results/pref_l1_l2/ipcp_spp/exp2_lru_srrip/619.lbm_s-4268B": 1760711450.687713,
    "../results/pref_l1_l2/ipcp_spp/exp2_lru_srrip/620.omnetpp_s-141B": 1760711450.687713,
    "../results/pref_l1_l2/ipcp_spp/exp2_lru_srrip/620.omnetpp_s-874B": 1760711450.687713,
    "../results/pref_l1_l2/ipcp_spp/exp2_lru_srrip/621.wrf_s-6673B": 1760711450.687713,
    "../results/pref_l1_l2/ipcp_spp/exp2_lru_srrip/621.wrf_s-8065B": 1760711450.687713,
    "../results/pref_l1_l2/ipcp_spp/exp2_lru_srrip/623.xalancbmk_s-10B": 1760711450.687713,
    "../results/pref_l1_l2/ipcp_spp/exp2_lru_srrip/623.xalancbmk_s-165B": 1760711450.687713,
    "../results/pref_l1_l2/ipcp_spp/exp2_lru_srrip/623.xalancbmk_s-202B": 1760711450.687713,
    "../results/pref_l1_l2/ipcp_spp/exp2_lru_srrip/625.x264_s-20B": 1760711450.687713,
    "../results/pref_l1_l2/ipcp_spp/exp2_lru_srrip/627.cam4_s-490B": 1760711450.687713,
    "../results/pref_l1_l2/ipcp_spp/exp2_lru_srrip/628.pop2_s-17B": 1760711450.687713,
    "../results/pref_l1_l2/ipcp_spp/exp2_lru_srrip/649.fotonik3d_s-10881B": 1760711450.687713,
    "../results/pref_l1_l2/ipcp_spp/exp2_lru_srrip/649.fotonik3d_s-1176B": 1760711450.687713,
    "../results/pref_l1_l2/ipcp_spp/exp2_lru_srrip/649.fotonik3d_s-7084B": 1760711450.687713,
    "../results/pref_l1_l2/ipcp_spp/exp2_lru_srrip/649.fotonik3d_s-8225B": 1760711450.687713,
    "../results/pref_l1_l2/ipcp_spp/exp2_lru_srrip/654.roms_s-1007B": 1760711450.687713,
    "../results/pref_l1_l2/ipcp_spp/exp2_lru_srrip/654.roms_s-1070B": 1760711450.687713,
    "../results/pref_l1_l2/ipcp_spp/exp2_lru_srrip/654.roms_s-1390B": 1760711450.687713,
    "../results/pref_l1_l2/ipcp_spp/exp2_lru_srrip/654.roms_s-293B": 1760711450.687713,
    "../results/pref_l1_l2/ipcp_spp/exp2_lru_srrip/654.roms_s-294B": 1760711450.687713,
    "../results/pref_l1_l2/ipcp_spp/exp2_lru_srrip/654.roms_s-523B": 1760711450.687713,
    "../results/pref_l1_l2/ipcp_spp/exp2_lru_srrip/657.xz_s-2302B": 1760711450.687713,
    "../results/pref_l1_l2/ipcp_spp/exp5_lru_ship/600.perlbench_s-570B": 1760711450.6887128,
    "../results/pref_l1_l2/ipcp_spp/exp5_lru_ship/602.gcc_s-1850B": 1760711450.689713,
    "../results/pref_l1_l2/ipcp_spp/exp5_lru_ship/602.gcc_s-2226B": 1760711450.689713,
    "../results/pref_l1_l2/ipcp_spp/exp5_lru_ship/602.gcc_s-734B": 1760711450.689713,
    "../results/pref_l1_l2/ipcp_spp/exp5_lru_ship/603.bwaves_s-1740B": 1760711450.689713,
    "../results/pref_l1_l2/ipcp_spp/exp5_lru_ship/603.bwaves_s-2609B": 1760711450.689713,
    "../results/pref_l1_l2/ipcp_spp/exp5_lru_ship/603.bwaves_s-2931B": 1760711450.689713,
    "../results/pref_l1_l2/ipcp_spp/exp5_lru_ship/603.bwaves_s-891B": 1760711450.689713,
    "../results/pref_l1_l2/ipcp_spp/exp5_lru_ship/605.mcf_s-1152B": 1760711450.689713,
    "../results/pref_l1_l2/ipcp_spp/exp5_lru_ship/605.mcf_s-1536B": 1760711450.689713,
    "../results/pref_l1_l2/ipcp_spp/exp5_lru_ship/605.mcf_s-1554B": 1760711450.689713,
    "../results/pref_l1_l2/ipcp_spp/exp5_lru_ship/605.mcf_s-1644B": 1760711450.689713,
    "../results/pref_l1_l2/ipcp_spp/exp5_lru_ship/605.mcf_s-472B": 1760711450.689713,
    "../results/pref_l1_l2/ipcp_spp/exp5_lru_ship/605.mcf_s-484B": 1760711450.689713,
    "../results/pref_l1_l2/ipcp_spp/exp5_lru_ship/605.mcf_s-665B": 1760711450.689713,
    "../results/pref_l1_l2/ipcp_spp/exp5_lru_ship/605.mcf_s-782B": 1760711450.689713,
    "../results/pref_l1_l2/ipcp_spp/exp5_lru_ship/605.mcf_s-994B": 1760711450.689713,
    "../results/pref_l1_l2/ipcp_spp/exp5_lru_ship/607.cactuBSSN_s-2421B": 1760711450.689713,
    "../results/pref_l1_l2/ipcp_spp/exp5_lru_ship/607.cactuBSSN_s-3477B": 1760711450.689713,
    "../results/pref_l1_l2/ipcp_spp/exp5_lru_ship/607.cactuBSSN_s-4004B": 1760711450.689713,
    "../results/pref_l1_l2/ipcp_spp/exp5_lru_ship/619.lbm_s-2676B": 1760711450.689713,
    "../results/pref_l1_l2/ipcp_spp/exp5_lru_ship/619.lbm_s-2677B": 1760711450.689713,
    "../results/pref_l1_l2/ipcp_spp/exp5_lru_ship/619.lbm_s-3766B": 1760711450.689713,
    "../results/pref_l1_l2/ipcp_spp/exp5_lru_ship/619.lbm_s-4268B": 1760711450.689713,
    "../results/pref_l1_l2/ipcp_spp/exp5_lru_ship/620.omnetpp_s-141B": 1760711450.689713,
    "../results/pref_l1_l2/ipcp_spp/exp5_lru_ship/620.omnetpp_s-874B": 1760711450.689713,
    "../results/pref_l1_l2/ipcp_spp/exp5_lru_ship/621.wrf_s-6673B": 1760711450.689713,
    "../results/pref_l1_l2/ipcp_spp/exp5_lru_ship/621.wrf_s-8065B": 1760711450.689713,
    "../results/pref_l1_l2/ipcp_spp/exp5_lru_ship/623.xalancbmk_s-10B": 1760711450.689713,
    "../results/pref_l1_l2/ipcp_spp/exp5_lru_ship/623.xalancbmk_s-165B": 1760711450.689713,
    "../results/pref_l1_l2/ipcp_spp/exp5_lru_ship/623.xalancbmk_s-202B": 1760711450.689713,
    "../results/pref_l1_l2/ipcp_spp/exp5_lru_ship/625.x264_s-20B": 1760711450.689713,
    "../results/pref_l1_l2/ipcp_spp/exp5_lru_ship/627.cam4_s-490B": 1760711450.689713,
    "../results/pref_l1_l2/ipcp_spp/exp5_lru_ship/628.pop2_s-17B": 1760711450.689713,
    "../results/pref_l1_l2/ipcp_spp/exp5_lru_ship/649.fotonik3d_s-10881B": 1760711450.689713,
    "../results/pref_l1_l2/ipcp_spp/exp5_lru_ship/649.fotonik3d_s-1176B": 1760711450.690713,
    "../results/pref_l1_l2/ipcp_spp/exp5_lru_ship/649.fotonik3d_s-7084B": 1760711450.690713,
    "../results/pref_l1_l2/ipcp_spp/exp5_lru_ship/649.fotonik3d_s-8225B": 1760711450.690713,
    "../results/pref_l1_l2/ipcp_spp/exp5_lru_ship/654.roms_s-1007B": 1760711450.690713,
    "../results/pref_l1_l2/ipcp_spp/exp5_lru_ship/654.roms_s-1070B": 1760711450.690713,
    "../results/pref_l1_l2/ipcp_spp/exp5_lru_ship/654.roms_s-1390B": 1760711450.690713,
    "../results/pref_l1_l2/ipcp_spp/exp5_lru_ship/654.roms_s-293B": 1760711450.690713,
    "../results/pref_l1_l2/ipcp_spp/exp5_lru_ship/654.roms_s-294B": 1760711450.690713,
    "../results/pref_l1_l2/ipcp_spp/exp5_lru_ship/654.roms_s-523B": 1760711450.690713,
    "../results/pref_l1_l2/ipcp_spp/exp5_lru_ship/657.xz_s-2302B": 1760711450.690713,
    "../results/pref_l1_l2/ipcp_spp/exp9_srrip_srrip/600.perlbench_s-570B": 1760711450.693713,
    "../results/pref_l1_l2/ipcp_spp/exp9_srrip_srrip/602.gcc_s-1850B": 1760711450.693713,
    "../results/pref_l1_l2/ipcp_spp/exp9_srrip_srrip/602.gcc_s-2226B": 1760711450.693713,
    "../results/pref_l1_l2/ipcp_spp/exp9_srrip_srrip/602.gcc_s-734B": 1760711450.693713,
    "../results/pref_l1_l2/ipcp_spp/exp9_srrip_srrip/603.bwaves_s-1740B": 1760711450.693713,
    "../results/pref_l1_l2/ipcp_spp/exp9_srrip_srrip/603.bwaves_s-2609B": 1760711450.693713,
    "../results/pref_l1_l2/ipcp_spp/exp9_srrip_srrip/603.bwaves_s-2931B": 1760711450.693713,
    "../results/pref_l1_l2/ipcp_spp/exp9_srrip_srrip/603.bwaves_s-891B": 1760711450.693713,
    "../results/pref_l1_l2/ipcp_spp/exp9_srrip_srrip/605.mcf_s-1152B": 1760711450.693713,
    "../results/pref_l1_l2/ipcp_spp/exp9_srrip_srrip/605.mcf_s-1536B": 1760711450.6947129,
    "../results/pref_l1_l2/ipcp_spp/exp9_srrip_srrip/605.mcf_s-1554B": 1760711450.6947129,
    "../results/pref_l1_l2/ipcp_spp/exp9_srrip_srrip/605.mcf_s-1644B": 1760711450.6947129,
    "../results/pref_l1_l2/ipcp_spp/exp9_srrip_srrip/605.mcf_s-472B": 1760711450.6947129,
    "../results/pref_l1_l2/ipcp_spp/exp9_srrip_srrip/605.mcf_s-484B": 1760711450.6947129,
    "../results/pref_l1_l2/ipcp_spp/exp9_srrip_srrip/605.mcf_s-665B": 1760711450.6947129,
    "../results/pref_l1_l2/ipcp_spp/exp9_srrip_srrip/605.mcf_s-782B": 1760711450.6947129,
    "../results/pref_l1_l2/ipcp_spp/exp9_srrip_srrip/605.mcf_s-994B": 1760711450.6947129,
    "../results/pref_l1_l2/ipcp_spp/exp9_srrip_srrip/607.cactuBSSN_s-2421B": 1760711450.6947129,
    "../results/pref_l1_l2/ipcp_spp/exp9_srrip_srrip/607.cactuBSSN_s-3477B": 1760711450.6947129,
    "../results/pref_l1_l2/ipcp_spp/exp9_srrip_srrip/607.cactuBSSN_s-4004B": 1760711450.6947129,
    "../results/pref_l1_l2/ipcp_spp/exp9_srrip_srrip/619.lbm_s-2676B": 1760711450.6947129,
    "../results/pref_l1_l2/ipcp_spp/exp9_srrip_srrip/619.lbm_s-2677B": 1760711450.6947129,
    "../results/pref_l1_l2/ipcp_spp/exp9_srrip_srrip/619.lbm_s-3766B": 1760711450.6947129,
    "../results/pref_l1_l2/ipcp_spp/exp9_srrip_srrip/619.lbm_s-4268B": 1760711450.6947129,
    "../results/pref_l1_l2/ipcp_spp/exp9_srrip_srrip/620.omnetpp_s-141B": 1760711450.6947129,
    "../results/pref_l1_l2/ipcp_spp/exp9_srrip_srrip/620.omnetpp_s-874B": 1760711450.6947129,
    "../results/pref_l1_l2/ipcp_spp/exp9_srrip_srrip/621.wrf_s-6673B": 1760711450.6947129,
    "../results/pref_l1_l2/ipcp_spp/exp9_srrip_srrip/621.wrf_s-8065B": 1760711450.6947129,
    "../results/pref_l1_l2/ipcp_spp/exp9_srrip_srrip/623.xalancbmk_s-10B": 1760711450.6947129,
    "../results/pref_l1_l2/ipcp_spp/exp9_srrip_srrip/623.xalancbmk_s-165B": 1760711450.6947129,
    "../results/pref_l1_l2/ipcp_spp/exp9_srrip_srrip/623.xalancbmk_s-202B": 1760711450.6947129,
    "../results/pref_l1_l2/ipcp_spp/exp9_srrip_srrip/625.x264_s-20B": 1760711450.6947129,
    "../results/pref_l1_l2/ipcp_spp/exp9_srrip_srrip/627.cam4_s-490B": 1760711450.6947129,
    "../results/pref_l1_l2/ipcp_spp/exp9_srrip_srrip/628.pop2_s-17B": 1760711450.6947129,
    "../results/pref_l1_l2/ipcp_spp/exp9_srrip_srrip/649.fotonik3d_s-10881B": 1760711450.6947129,
    "../results/pref_l1_l2/ipcp_spp/exp9_srrip_srrip/649.fotonik3d_s-1176B": 1760711450.6947129,
    "../results/pref_l1_l2/ipcp_spp/exp9_srrip_srrip/649.fotonik3d_s-7084B": 1760711450.6947129,
    "../results/pref_l1_l2/ipcp_spp/exp9_srrip_srrip/649.fotonik3d_s-8225B": 1760711450.6947129,
    "../results/pref_l1_l2/ipcp_spp/exp9_srrip_srrip/654.roms_s-1007B": 1760711450.6947129,
    "../results/pref_l1_l2/ipcp_spp/exp9_srrip_srrip/654.roms_s-1070B": 1760711450.6947129,
    "../results/pref_l1_l2/ipcp_spp/exp9_srrip_srrip/654.roms_s-1390B": 1760711450.6947129,
    "../results/pref_l1_l2/ipcp_spp/exp9_srrip_srrip/654.roms_s-293B": 1760711450.6947129,
    "../results/pref_l1_l2/ipcp_spp/exp9_srrip_srrip/654.roms_s-294B": 1760711450.6947129,
    "../results/pref_l1_l2/ipcp_spp/exp9_srrip_srrip/654.roms_s-523B": 1760711450.6947129,
    "../results/pref_l1_l2/ipcp_spp/exp9_srrip_srrip/657.xz_s-2302B": 1760711450.6947129,
    "../results/pref_l1_l2/ipcp_spp/exp8_srrip_lru/600.perlbench_s-570B": 1760711450.692713,
    "../results/pref_l1_l2/ipcp_spp/exp8_srrip_lru/602.gcc_s-1850B": 1760711450.692713,
    "../results/pref_l1_l2/ipcp_spp/exp8_srrip_lru/602.gcc_s-2226B": 1760711450.692713,
    "../results/pref_l1_l2/ipcp_spp/exp8_srrip_lru/602.gcc_s-734B": 1760711450.692713,
    "../results/pref_l1_l2/ipcp_spp/exp8_srrip_lru/603.bwaves_s-1740B": 1760711450.692713,
    "../results/pref_l1_l2/ipcp_spp/exp8_srrip_lru/603.bwaves_s-2609B": 1760711450.692713,
    "../results/pref_l1_l2/ipcp_spp/exp8_srrip_lru/603.bwaves_s-2931B": 1760711450.692713,
    "../results/pref_l1_l2/ipcp_spp/exp8_srrip_lru/603.bwaves_s-891B": 1760711450.692713,
    "../results/pref_l1_l2/ipcp_spp/exp8_srrip_lru/605.mcf_s-1152B": 1760711450.692713,
    "../results/pref_l1_l2/ipcp_spp/exp8_srrip_lru/605.mcf_s-1536B": 1760711450.692713,
    "../results/pref_l1_l2/ipcp_spp/exp8_srrip_lru/605.mcf_s-1554B": 1760711450.692713,
    "../results/pref_l1_l2/ipcp_spp/exp8_srrip_lru/605.mcf_s-1644B": 1760711450.692713,
    "../results/pref_l1_l2/ipcp_spp/exp8_srrip_lru/605.mcf_s-472B": 1760711450.692713,
    "../results/pref_l1_l2/ipcp_spp/exp8_srrip_lru/605.mcf_s-484B": 1760711450.692713,
    "../results/pref_l1_l2/ipcp_spp/exp8_srrip_lru/605.mcf_s-665B": 1760711450.692713,
    "../results/pref_l1_l2/ipcp_spp/exp8_srrip_lru/605.mcf_s-782B": 1760711450.692713,
    "../results/pref_l1_l2/ipcp_spp/exp8_srrip_lru/605.mcf_s-994B": 1760711450.693713,
    "../results/pref_l1_l2/ipcp_spp/exp8_srrip_lru/607.cactuBSSN_s-2421B": 1760711450.693713,
    "../results/pref_l1_l2/ipcp_spp/exp8_srrip_lru/607.cactuBSSN_s-3477B": 1760711450.693713,
    "../results/pref_l1_l2/ipcp_spp/exp8_srrip_lru/607.cactuBSSN_s-4004B": 1760711450.693713,
    "../results/pref_l1_l2/ipcp_spp/exp8_srrip_lru/619.lbm_s-2676B": 1760711450.693713,
    "../results/pref_l1_l2/ipcp_spp/exp8_srrip_lru/619.lbm_s-2677B": 1760711450.693713,
    "../results/pref_l1_l2/ipcp_spp/exp8_srrip_lru/619.lbm_s-3766B": 1760711450.693713,
    "../results/pref_l1_l2/ipcp_spp/exp8_srrip_lru/619.lbm_s-4268B": 1760711450.693713,
    "../results/pref_l1_l2/ipcp_spp/exp8_srrip_lru/620.omnetpp_s-141B": 1760711450.693713,
    "../results/pref_l1_l2/ipcp_spp/exp8_srrip_lru/620.omnetpp_s-874B": 1760711450.693713,
    "../results/pref_l1_l2/ipcp_spp/exp8_srrip_lru/621.wrf_s-6673B": 1760711450.693713,
    "../results/pref_l1_l2/ipcp_spp/exp8_srrip_lru/621.wrf_s-8065B": 1760711450.693713,
    "../results/pref_l1_l2/ipcp_spp/exp8_srrip_lru/623.xalancbmk_s-10B": 1760711450.693713,
    "../results/pref_l1_l2/ipcp_spp/exp8_srrip_lru/623.xalancbmk_s-165B": 1760711450.693713,
    "../results/pref_l1_l2/ipcp_spp/exp8_srrip_lru/623.xalancbmk_s-202B": 1760711450.693713,
    "../results/pref_l1_l2/ipcp_spp/exp8_srrip_lru/625.x264_s-20B": 1760711450.693713,
    "../results/pref_l1_l2/ipcp_spp/exp8_srrip_lru/627.cam4_s-490B": 1760711450.693713,
    "../results/pref_l1_l2/ipcp_spp/exp8_srrip_lru/628.pop2_s-17B": 1760711450.693713,
    "../results/pref_l1_l2/ipcp_spp/exp8_srrip_lru/649.fotonik3d_s-10881B": 1760711450.693713,
    "../results/pref_l1_l2/ipcp_spp/exp8_srrip_lru/649.fotonik3d_s-1176B": 1760711450.693713,
    "../results/pref_l1_l2/ipcp_spp/exp8_srrip_lru/649.fotonik3d_s-7084B": 1760711450.693713,
    "../results/pref_l1_l2/ipcp_spp/exp8_srrip_lru/649.fotonik3d_s-8225B": 1760711450.693713,
    "../results/pref_l1_l2/ipcp_spp/exp8_srrip_lru/654.roms_s-1007B": 1760711450.693713,
    "../results/pref_l1_l2/ipcp_spp/exp8_srrip_lru/654.roms_s-1070B": 1760711450.693713,
    "../results/pref_l1_l2/ipcp_spp/exp8_srrip_lru/654.roms_s-1390B": 1760711450.693713,
    "../results/pref_l1_l2/ipcp_spp/exp8_srrip_lru/654.roms_s-293B": 1760711450.693713,
    "../results/pref_l1_l2/ipcp_spp/exp8_srrip_lru/654.roms_s-294B": 1760711450.693713,
    "../results/pref_l1_l2/ipcp_spp/exp8_srrip_lru/654.roms_s-523B": 1760711450.693713,
    "../results/pref_l1_l2/ipcp_spp/exp8_srrip_lru/657.xz_s-2302B": 1760711450.693713,
    "../results/pref_l1_l2/ipcp_spp/exp6_lru_ship++/600.perlbench_s-570B": 1760711450.690713,
    "../results/pref_l1_l2/ipcp_spp/exp6_lru_ship++/602.gcc_s-1850B": 1760711450.690713,
    "../results/pref_l1_l2/ipcp_spp/exp6_lru_ship++/602.gcc_s-2226B": 1760711450.690713,
    "../results/pref_l1_l2/ipcp_spp/exp6_lru_ship++/602.gcc_s-734B": 1760711450.690713,
    "../results/pref_l1_l2/ipcp_spp/exp6_lru_ship++/603.bwaves_s-1740B": 1760711450.690713,
    "../results/pref_l1_l2/ipcp_spp/exp6_lru_ship++/603.bwaves_s-2609B": 1760711450.690713,
    "../results/pref_l1_l2/ipcp_spp/exp6_lru_ship++/603.bwaves_s-2931B": 1760711450.690713,
    "../results/pref_l1_l2/ipcp_spp/exp6_lru_ship++/603.bwaves_s-891B": 1760711450.690713,
    "../results/pref_l1_l2/ipcp_spp/exp6_lru_ship++/605.mcf_s-1152B": 1760711450.690713,
    "../results/pref_l1_l2/ipcp_spp/exp6_lru_ship++/605.mcf_s-1536B": 1760711450.690713,
    "../results/pref_l1_l2/ipcp_spp/exp6_lru_ship++/605.mcf_s-1554B": 1760711450.690713,
    "../results/pref_l1_l2/ipcp_spp/exp6_lru_ship++/605.mcf_s-1644B": 1760711450.690713,
    "../results/pref_l1_l2/ipcp_spp/exp6_lru_ship++/605.mcf_s-472B": 1760711450.690713,
    "../results/pref_l1_l2/ipcp_spp/exp6_lru_ship++/605.mcf_s-484B": 1760711450.690713,
    "../results/pref_l1_l2/ipcp_spp/exp6_lru_ship++/605.mcf_s-665B": 1760711450.690713,
    "../results/pref_l1_l2/ipcp_spp/exp6_lru_ship++/605.mcf_s-782B": 1760711450.690713,
    "../results/pref_l1_l2/ipcp_spp/exp6_lru_ship++/605.mcf_s-994B": 1760711450.690713,
    "../results/pref_l1_l2/ipcp_spp/exp6_lru_ship++/607.cactuBSSN_s-2421B": 1760711450.690713,
    "../results/pref_l1_l2/ipcp_spp/exp6_lru_ship++/607.cactuBSSN_s-3477B": 1760711450.690713,
    "../results/pref_l1_l2/ipcp_spp/exp6_lru_ship++/607.cactuBSSN_s-4004B": 1760711450.690713,
    "../results/pref_l1_l2/ipcp_spp/exp6_lru_ship++/619.lbm_s-2676B": 1760711450.690713,
    "../results/pref_l1_l2/ipcp_spp/exp6_lru_ship++/619.lbm_s-2677B": 1760711450.690713,
    "../results/pref_l1_l2/ipcp_spp/exp6_lru_ship++/619.lbm_s-3766B": 1760711450.690713,
    "../results/pref_l1_l2/ipcp_spp/exp6_lru_ship++/619.lbm_s-4268B": 1760711450.690713,
    "../results/pref_l1_l2/ipcp_spp/exp6_lru_ship++/620.omnetpp_s-141B": 1760711450.690713,
    "../results/pref_l1_l2/ipcp_spp/exp6_lru_ship++/620.omnetpp_s-874B": 1760711450.690713,
    "../results/pref_l1_l2/ipcp_spp/exp6_lru_ship++/621.wrf_s-6673B": 1760711450.690713,
    "../results/pref_l1_l2/ipcp_spp/exp6_lru_ship++/621.wrf_s-8065B": 1760711450.690713,
    "../results/pref_l1_l2/ipcp_spp/exp6_lru_ship++/623.xalancbmk_s-10B": 1760711450.690713,
    "../results/pref_l1_l2/ipcp_spp/exp6_lru_ship++/623.xalancbmk_s-165B": 1760711450.6917129,
    "../results/pref_l1_l2/ipcp_spp/exp6_lru_ship++/623.xalancbmk_s-202B": 1760711450.6917129,
    "../results/pref_l1_l2/ipcp_spp/exp6_lru_ship++/625.x264_s-20B": 1760711450.6917129,
    "../results/pref_l1_l2/ipcp_spp/exp6_lru_ship++/627.cam4_s-490B": 1760711450.6917129,
    "../results/pref_l1_l2/ipcp_spp/exp6_lru_ship++/628.pop2_s-17B": 1760711450.6917129,
    "../results/pref_l1_l2/ipcp_spp/exp6_lru_ship++/649.fotonik3d_s-10881B": 1760711450.6917129,
    "../results/pref_l1_l2/ipcp_spp/exp6_lru_ship++/649.fotonik3d_s-1176B": 1760711450.6917129,
    "../results/pref_l1_l2/ipcp_spp/exp6_lru_ship++/649.fotonik3d_s-7084B": 1760711450.6917129,
    "../results/pref_l1_l2/ipcp_spp/exp6_lru_ship++/649.fotonik3d_s-8225B": 1760711450.6917129,
    "../results/pref_l1_l2/ipcp_spp/exp6_lru_ship++/654.roms_s-1007B": 1760711450.6917129,
    "../results/pref_l1_l2/ipcp_spp/exp6_lru_ship++/654.roms_s-1070B": 1760711450.6917129,
    "../results/pref_l1_l2/ipcp_spp/exp6_lru_ship++/654.roms_s-1390B": 1760711450.6917129,
    "../results/pref_l1_l2/ipcp_spp/exp6_lru_ship++/654.roms_s-293B": 1760711450.6917129,
    "../results/pref_l1_l2/ipcp_spp/exp6_lru_ship++/654.roms_s-294B": 1760711450.6917129,
    "../results/pref_l1_l2/ipcp_spp/exp6_lru_ship++/654.roms_s-523B": 1760711450.6917129,
    "../results/pref_l1_l2/ipcp_spp/exp6_lru_ship++/657.xz_s-2302B": 1760711450.6917129,
    "../results/pref_l1_l2/ipcp_spp/exp7_lru_mockingjay/600.perlbench_s-570B": 1760711450.6917129,
    "../results/pref_l1_l2/ipcp_spp/exp7_lru_mockingjay/602.gcc_s-1850B": 1760711450.6917129,
    "../results/pref_l1_l2/ipcp_spp/exp7_lru_mockingjay/602.gcc_s-2226B": 1760711450.6917129,
    "../results/pref_l1_l2/ipcp_spp/exp7_lru_mockingjay/602.gcc_s-734B": 1760711450.6917129,
    "../results/pref_l1_l2/ipcp_spp/exp7_lru_mockingjay/603.bwaves_s-1740B": 1760711450.6917129,
    "../results/pref_l1_l2/ipcp_spp/exp7_lru_mockingjay/603.bwaves_s-2609B": 1760711450.6917129,
    "../results/pref_l1_l2/ipcp_spp/exp7_lru_mockingjay/603.bwaves_s-2931B": 1760711450.6917129,
    "../results/pref_l1_l2/ipcp_spp/exp7_lru_mockingjay/603.bwaves_s-891B": 1760711450.6917129,
    "../results/pref_l1_l2/ipcp_spp/exp7_lru_mockingjay/605.mcf_s-1152B": 1760711450.6917129,
    "../results/pref_l1_l2/ipcp_spp/exp7_lru_mockingjay/605.mcf_s-1536B": 1760711450.6917129,
    "../results/pref_l1_l2/ipcp_spp/exp7_lru_mockingjay/605.mcf_s-1554B": 1760711450.6917129,
    "../results/pref_l1_l2/ipcp_spp/exp7_lru_mockingjay/605.mcf_s-1644B": 1760711450.6917129,
    "../results/pref_l1_l2/ipcp_spp/exp7_lru_mockingjay/605.mcf_s-472B": 1760711450.6917129,
    "../results/pref_l1_l2/ipcp_spp/exp7_lru_mockingjay/605.mcf_s-484B": 1760711450.6917129,
    "../results/pref_l1_l2/ipcp_spp/exp7_lru_mockingjay/605.mcf_s-665B": 1760711450.6917129,
    "../results/pref_l1_l2/ipcp_spp/exp7_lru_mockingjay/605.mcf_s-782B": 1760711450.6917129,
    "../results/pref_l1_l2/ipcp_spp/exp7_lru_mockingjay/605.mcf_s-994B": 1760711450.6917129,
    "../results/pref_l1_l2/ipcp_spp/exp7_lru_mockingjay/607.cactuBSSN_s-2421B": 1760711450.6917129,
    "../results/pref_l1_l2/ipcp_spp/exp7_lru_mockingjay/607.cactuBSSN_s-3477B": 1760711450.6917129,
    "../results/pref_l1_l2/ipcp_spp/exp7_lru_mockingjay/607.cactuBSSN_s-4004B": 1760711450.6917129,
    "../results/pref_l1_l2/ipcp_spp/exp7_lru_mockingjay/619.lbm_s-2676B": 1760711450.6917129,
    "../results/pref_l1_l2/ipcp_spp/exp7_lru_mockingjay/619.lbm_s-2677B": 1760711450.6917129,
    "../results/pref_l1_l2/ipcp_spp/exp7_lru_mockingjay/619.lbm_s-3766B": 1760711450.6917129,
    "../results/pref_l1_l2/ipcp_spp/exp7_lru_mockingjay/619.lbm_s-4268B": 1760711450.6917129,
    "../results/pref_l1_l2/ipcp_spp/exp7_lru_mockingjay/620.omnetpp_s-141B": 1760711450.692713,
    "../results/pref_l1_l2/ipcp_spp/exp7_lru_mockingjay/620.omnetpp_s-874B": 1760711450.6917129,
    "../results/pref_l1_l2/ipcp_spp/exp7_lru_mockingjay/621.wrf_s-6673B": 1760711450.692713,
    "../results/pref_l1_l2/ipcp_spp/exp7_lru_mockingjay/621.wrf_s-8065B": 1760711450.692713,
    "../results/pref_l1_l2/ipcp_spp/exp7_lru_mockingjay/623.xalancbmk_s-10B": 1760711450.692713,
    "../results/pref_l1_l2/ipcp_spp/exp7_lru_mockingjay/623.xalancbmk_s-165B": 1760711450.692713,
    "../results/pref_l1_l2/ipcp_spp/exp7_lru_mockingjay/623.xalancbmk_s-202B": 1760711450.692713,
    "../results/pref_l1_l2/ipcp_spp/exp7_lru_mockingjay/625.x264_s-20B": 1760711450.692713,
    "../results/pref_l1_l2/ipcp_spp/exp7_lru_mockingjay/627.cam4_s-490B": 1760711450.692713,
    "../results/pref_l1_l2/ipcp_spp/exp7_lru_mockingjay/628.pop2_s-17B": 1760711450.692713,
    "../results/pref_l1_l2/ipcp_spp/exp7_lru_mockingjay/649.fotonik3d_s-10881B": 1760711450.692713,
    "../results/pref_l1_l2/ipcp_spp/exp7_lru_mockingjay/649.fotonik3d_s-1176B": 1760711450.692713,
    "../results/pref_l1_l2/ipcp_spp/exp7_lru_mockingjay/649.fotonik3d_s-7084B": 1760711450.692713,
    "../results/pref_l1_l2/ipcp_spp/exp7_lru_mockingjay/649.fotonik3d_s-8225B": 1760711450.692713,
    "../results/pref_l1_l2/ipcp_spp/exp7_lru_mockingjay/654.roms_s-1007B": 1760711450.692713,
    "../results/pref_l1_l2/ipcp_spp/exp7_lru_mockingjay/654.roms_s-1070B": 1760711450.692713,
    "../results/pref_l1_l2/ipcp_spp/exp7_lru_mockingjay/654.roms_s-1390B": 1760711450.692713,
    "../results/pref_l1_l2/ipcp_spp/exp7_lru_mockingjay/654.roms_s-293B": 1760711450.692713,
    "../results/pref_l1_l2/ipcp_spp/exp7_lru_mockingjay/654.roms_s-294B": 1760711450.692713,
    "../results/pref_l1_l2/ipcp_spp/exp7_lru_mockingjay/654.roms_s-523B": 1760711450.692713,
    "../results/pref_l1_l2/ipcp_spp/exp7_lru_mockingjay/657.xz_s-2302B": 1760711450.692713,
    "../results/pref_l1_l2/ipcp_spp/exp10_srrip_drrip/600.perlbench_s-570B": 1760711450.6947129,
    "../results/pref_l1_l2/ipcp_spp/exp10_srrip_drrip/602.gcc_s-1850B": 1760711450.6947129,
    "../results/pref_l1_l2/ipcp_spp/exp10_srrip_drrip/602.gcc_s-2226B": 1760711450.6947129,
    "../results/pref_l1_l2/ipcp_spp/exp10_srrip_drrip/602.gcc_s-734B": 1760711450.6947129,
    "../results/pref_l1_l2/ipcp_spp/exp10_srrip_drrip/603.bwaves_s-1740B": 1760711450.6947129,
    "../results/pref_l1_l2/ipcp_spp/exp10_srrip_drrip/603.bwaves_s-2609B": 1760711450.6947129,
    "../results/pref_l1_l2/ipcp_spp/exp10_srrip_drrip/603.bwaves_s-2931B": 1760711450.6947129,
    "../results/pref_l1_l2/ipcp_spp/exp10_srrip_drrip/603.bwaves_s-891B": 1760711450.695713,
    "../results/pref_l1_l2/ipcp_spp/exp10_srrip_drrip/605.mcf_s-1152B": 1760711450.695713,
    "../results/pref_l1_l2/ipcp_spp/exp10_srrip_drrip/605.mcf_s-1536B": 1760711450.695713,
    "../results/pref_l1_l2/ipcp_spp/exp10_srrip_drrip/605.mcf_s-1554B": 1760711450.695713,
    "../results/pref_l1_l2/ipcp_spp/exp10_srrip_drrip/605.mcf_s-1644B": 1760711450.695713,
    "../results/pref_l1_l2/ipcp_spp/exp10_srrip_drrip/605.mcf_s-472B": 1760711450.695713,
    "../results/pref_l1_l2/ipcp_spp/exp10_srrip_drrip/605.mcf_s-484B": 1760711450.695713,
    "../results/pref_l1_l2/ipcp_spp/exp10_srrip_drrip/605.mcf_s-665B": 1760711450.695713,
    "../results/pref_l1_l2/ipcp_spp/exp10_srrip_drrip/605.mcf_s-782B": 1760711450.695713,
    "../results/pref_l1_l2/ipcp_spp/exp10_srrip_drrip/605.mcf_s-994B": 1760711450.695713,
    "../results/pref_l1_l2/ipcp_spp/exp10_srrip_drrip/607.cactuBSSN_s-2421B": 1760711450.695713,
    "../results/pref_l1_l2/ipcp_spp/exp10_srrip_drrip/607.cactuBSSN_s-3477B": 1760711450.695713,
    "../results/pref_l1_l2/ipcp_spp/exp10_srrip_drrip/607.cactuBSSN_s-4004B": 1760711450.695713,
    "../results/pref_l1_l2/ipcp_spp/exp10_srrip_drrip/619.lbm_s-2676B": 1760711450.695713,
    "../results/pref_l1_l2/ipcp_spp/exp10_srrip_drrip/619.lbm_s-2677B": 1760711450.695713,
    "../results/pref_l1_l2/ipcp_spp/exp10_srrip_drrip/619.lbm_s-3766B": 1760711450.695713,
    "../results/pref_l1_l2/ipcp_spp/exp10_srrip_drrip/619.lbm_s-4268B": 1760711450.695713,
    "../results/pref_l1_l2/ipcp_spp/exp10_srrip_drrip/620.omnetpp_s-141B": 1760711450.695713,
    "../results/pref_l1_l2/ipcp_spp/exp10_srrip_drrip/620.omnetpp_s-874B": 1760711450.695713,
    "../results/pref_l1_l2/ipcp_spp/exp10_srrip_drrip/621.wrf_s-6673B": 1760711450.695713,
    "../results/pref_l1_l2/ipcp_spp/exp10_srrip_drrip/621.wrf_s-8065B": 1760711450.695713,
    "../results/pref_l1_l2/ipcp_spp/exp10_srrip_drrip/623.xalancbmk_s-10B": 1760711450.695713,
    "../results/pref_l1_l2/ipcp_spp/exp10_srrip_drrip/623.xalancbmk_s-165B": 1760711450.695713,
    "../results/pref_l1_l2/ipcp_spp/exp10_srrip_drrip/623.xalancbmk_s-202B": 1760711450.695713,
    "../results/pref_l1_l2/ipcp_spp/exp10_srrip_drrip/625.x264_s-20B": 1760711450.695713,
    "../results/pref_l1_l2/ipcp_spp/exp10_srrip_drrip/627.cam4_s-490B": 1760711450.695713,
    "../results/pref_l1_l2/ipcp_spp/exp10_srrip_drrip/628.pop2_s-17B": 1760711450.695713,
    "../results/pref_l1_l2/ipcp_spp/exp10_srrip_drrip/649.fotonik3d_s-10881B": 1760711450.695713,
    "../results/pref_l1_l2/ipcp_spp/exp10_srrip_drrip/649.fotonik3d_s-1176B": 1760711450.695713,
    "../results/pref_l1_l2/ipcp_spp/exp10_srrip_drrip/649.fotonik3d_s-7084B": 1760711450.695713,
    "../results/pref_l1_l2/ipcp_spp/exp10_srrip_drrip/649.fotonik3d_s-8225B": 1760711450.695713,
    "../results/pref_l1_l2/ipcp_spp/exp10_srrip_drrip/654.roms_s-1007B": 1760711450.695713,
    "../results/pref_l1_l2/ipcp_spp/exp10_srrip_drrip/654.roms_s-1070B": 1760711450.695713,
    "../results/pref_l1_l2/ipcp_spp/exp10_srrip_drrip/654.roms_s-1390B": 1760711450.695713,
    "../results/pref_l1_l2/ipcp_spp/exp10_srrip_drrip/654.roms_s-293B": 1760711450.695713,
    "../results/pref_l1_l2/ipcp_spp/exp10_srrip_drrip/654.roms_s-294B": 1760711450.695713,
    "../results/pref_l1_l2/ipcp_spp/exp10_srrip_drrip/654.roms_s-523B": 1760711450.695713,
    "../results/pref_l1_l2/ipcp_spp/exp10_srrip_drrip/657.xz_s-2302B": 1760711450.695713,
    "../results/pref_l1_l2/berti_spp/exp12_srrip_ship/600.perlbench_s-570B": 1760711450.7217133,
    "../results/pref_l1_l2/berti_spp/exp12_srrip_ship/602.gcc_s-1850B": 1760711450.7217133,
    "../results/pref_l1_l2/berti_spp/exp12_srrip_ship/602.gcc_s-2226B": 1760711450.7217133,
    "../results/pref_l1_l2/berti_spp/exp12_srrip_ship/602.gcc_s-734B": 1760711450.7217133,
    "../results/pref_l1_l2/berti_spp/exp12_srrip_ship/603.bwaves_s-1740B": 1760711450.7217133,
    "../results/pref_l1_l2/berti_spp/exp12_srrip_ship/603.bwaves_s-2609B": 1760711450.7217133,
    "../results/pref_l1_l2/berti_spp/exp12_srrip_ship/603.bwaves_s-2931B": 1760711450.7217133,
    "../results/pref_l1_l2/berti_spp/exp12_srrip_ship/603.bwaves_s-891B": 1760711450.7217133,
    "../results/pref_l1_l2/berti_spp/exp12_srrip_ship/605.mcf_s-1152B": 1760711450.7217133,
    "../results/pref_l1_l2/berti_spp/exp12_srrip_ship/605.mcf_s-1536B": 1760711450.7217133,
    "../results/pref_l1_l2/berti_spp/exp12_srrip_ship/605.mcf_s-1554B": 1760711450.7217133,
    "../results/pref_l1_l2/berti_spp/exp12_srrip_ship/605.mcf_s-1644B": 1760711450.7217133,
    "../results/pref_l1_l2/berti_spp/exp12_srrip_ship/605.mcf_s-472B": 1760711450.7217133,
    "../results/pref_l1_l2/berti_spp/exp12_srrip_ship/605.mcf_s-484B": 1760711450.7217133,
    "../results/pref_l1_l2/berti_spp/exp12_srrip_ship/605.mcf_s-665B": 1760711450.7217133,
    "../results/pref_l1_l2/berti_spp/exp12_srrip_ship/605.mcf_s-782B": 1760711450.7217133,
    "../results/pref_l1_l2/berti_spp/exp12_srrip_ship/605.mcf_s-994B": 1760711450.7217133,
    "../results/pref_l1_l2/berti_spp/exp12_srrip_ship/607.cactuBSSN_s-2421B": 1760711450.7227132,
    "../results/pref_l1_l2/berti_spp/exp12_srrip_ship/607.cactuBSSN_s-3477B": 1760711450.7227132,
    "../results/pref_l1_l2/berti_spp/exp12_srrip_ship/607.cactuBSSN_s-4004B": 1760711450.7227132,
    "../results/pref_l1_l2/berti_spp/exp12_srrip_ship/619.lbm_s-2676B": 1760711450.7227132,
    "../results/pref_l1_l2/berti_spp/exp12_srrip_ship/619.lbm_s-2677B": 1760711450.7227132,
    "../results/pref_l1_l2/berti_spp/exp12_srrip_ship/619.lbm_s-3766B": 1760711450.7227132,
    "../results/pref_l1_l2/berti_spp/exp12_srrip_ship/619.lbm_s-4268B": 1760711450.7227132,
    "../results/pref_l1_l2/berti_spp/exp12_srrip_ship/620.omnetpp_s-141B": 1760711450.7227132,
    "../results/pref_l1_l2/berti_spp/exp12_srrip_ship/620.omnetpp_s-874B": 1760711450.7227132,
    "../results/pref_l1_l2/berti_spp/exp12_srrip_ship/621.wrf_s-6673B": 1760711450.7227132,
    "../results/pref_l1_l2/berti_spp/exp12_srrip_ship/621.wrf_s-8065B": 1760711450.7227132,
    "../results/pref_l1_l2/berti_spp/exp12_srrip_ship/623.xalancbmk_s-10B": 1760711450.7227132,
    "../results/pref_l1_l2/berti_spp/exp12_srrip_ship/623.xalancbmk_s-165B": 1760711450.7227132,
    "../results/pref_l1_l2/berti_spp/exp12_srrip_ship/623.xalancbmk_s-202B": 1760711450.7227132,
    "../results/pref_l1_l2/berti_spp/exp12_srrip_ship/625.x264_s-20B": 1760711450.7227132,
    "../results/pref_l1_l2/berti_spp/exp12_srrip_ship/627.cam4_s-490B": 1760711450.7227132,
    "../results/pref_l1_l2/berti_spp/exp12_srrip_ship/628.pop2_s-17B": 1760711450.7237134,
    "../results/pref_l1_l2/berti_spp/exp12_srrip_ship/649.fotonik3d_s-10881B": 1760711450.7237134,
    "../results/pref_l1_l2/berti_spp/exp12_srrip_ship/649.fotonik3d_s-1176B": 1760711450.7237134,
    "../results/pref_l1_l2/berti_spp/exp12_srrip_ship/649.fotonik3d_s-7084B": 1760711450.7237134,
    "../results/pref_l1_l2/berti_spp/exp12_srrip_ship/649.fotonik3d_s-8225B": 1760711450.7237134,
    "../results/pref_l1_l2/berti_spp/exp12_srrip_ship/654.roms_s-1007B": 1760711450.7237134,
    "../results/pref_l1_l2/berti_spp/exp12_srrip_ship/654.roms_s-1070B": 1760711450.7237134,
    "../results/pref_l1_l2/berti_spp/exp12_srrip_ship/654.roms_s-1390B": 1760711450.7237134,
    "../results/pref_l1_l2/berti_spp/exp12_srrip_ship/654.roms_s-293B": 1760711450.7237134,
    "../results/pref_l1_l2/berti_spp/exp12_srrip_ship/654.roms_s-294B": 1760711450.7237134,
    "../results/pref_l1_l2/berti_spp/exp12_srrip_ship/654.roms_s-523B": 1760711450.7237134,
    "../results/pref_l1_l2/berti_spp/exp12_srrip_ship/657.xz_s-2302B": 1760711450.7237134,
    "../results/pref_l1_l2/berti_spp/exp1_lru_lru/600.perlbench_s-570B": 1760711450.699713,
    "../results/pref_l1_l2/berti_spp/exp1_lru_lru/602.gcc_s-1850B": 1760711450.699713,
    "../results/pref_l1_l2/berti_spp/exp1_lru_lru/602.gcc_s-2226B": 1760711450.699713,
    "../results/pref_l1_l2/berti_spp/exp1_lru_lru/602.gcc_s-734B": 1760711450.699713,
    "../results/pref_l1_l2/berti_spp/exp1_lru_lru/603.bwaves_s-1740B": 1760711450.699713,
    "../results/pref_l1_l2/berti_spp/exp1_lru_lru/603.bwaves_s-2609B": 1760711450.699713,
    "../results/pref_l1_l2/berti_spp/exp1_lru_lru/603.bwaves_s-2931B": 1760711450.699713,
    "../results/pref_l1_l2/berti_spp/exp1_lru_lru/603.bwaves_s-891B": 1760711450.699713,
    "../results/pref_l1_l2/berti_spp/exp1_lru_lru/605.mcf_s-1152B": 1760711450.699713,
    "../results/pref_l1_l2/berti_spp/exp1_lru_lru/605.mcf_s-1536B": 1760711450.699713,
    "../results/pref_l1_l2/berti_spp/exp1_lru_lru/605.mcf_s-1554B": 1760711450.699713,
    "../results/pref_l1_l2/berti_spp/exp1_lru_lru/605.mcf_s-1644B": 1760711450.699713,
    "../results/pref_l1_l2/berti_spp/exp1_lru_lru/605.mcf_s-472B": 1760711450.699713,
    "../results/pref_l1_l2/berti_spp/exp1_lru_lru/605.mcf_s-484B": 1760711450.699713,
    "../results/pref_l1_l2/berti_spp/exp1_lru_lru/605.mcf_s-665B": 1760711450.699713,
    "../results/pref_l1_l2/berti_spp/exp1_lru_lru/605.mcf_s-782B": 1760711450.699713,
    "../results/pref_l1_l2/berti_spp/exp1_lru_lru/605.mcf_s-994B": 1760711450.699713,
    "../results/pref_l1_l2/berti_spp/exp1_lru_lru/607.cactuBSSN_s-2421B": 1760711450.699713,
    "../results/pref_l1_l2/berti_spp/exp1_lru_lru/607.cactuBSSN_s-3477B": 1760711450.7007132,
    "../results/pref_l1_l2/berti_spp/exp1_lru_lru/607.cactuBSSN_s-4004B": 1760711450.7007132,
    "../results/pref_l1_l2/berti_spp/exp1_lru_lru/619.lbm_s-2676B": 1760711450.7007132,
    "../results/pref_l1_l2/berti_spp/exp1_lru_lru/619.lbm_s-2677B": 1760711450.7007132,
    "../results/pref_l1_l2/berti_spp/exp1_lru_lru/619.lbm_s-3766B": 1760711450.7007132,
    "../results/pref_l1_l2/berti_spp/exp1_lru_lru/619.lbm_s-4268B": 1760711450.7007132,
    "../results/pref_l1_l2/berti_spp/exp1_lru_lru/620.omnetpp_s-141B": 1760711450.7007132,
    "../results/pref_l1_l2/berti_spp/exp1_lru_lru/620.omnetpp_s-874B": 1760711450.7007132,
    "../results/pref_l1_l2/berti_spp/exp1_lru_lru/621.wrf_s-6673B": 1760711450.7007132,
    "../results/pref_l1_l2/berti_spp/exp1_lru_lru/621.wrf_s-8065B": 1760711450.7007132,
    "../results/pref_l1_l2/berti_spp/exp1_lru_lru/623.xalancbmk_s-10B": 1760711450.7007132,
    "../results/pref_l1_l2/berti_spp/exp1_lru_lru/623.xalancbmk_s-165B": 1760711450.7007132,
    "../results/pref_l1_l2/berti_spp/exp1_lru_lru/623.xalancbmk_s-202B": 1760711450.7007132,
    "../results/pref_l1_l2/berti_spp/exp1_lru_lru/625.x264_s-20B": 1760711450.7007132,
    "../results/pref_l1_l2/berti_spp/exp1_lru_lru/627.cam4_s-490B": 1760711450.7007132,
    "../results/pref_l1_l2/berti_spp/exp1_lru_lru/628.pop2_s-17B": 1760711450.7007132,
    "../results/pref_l1_l2/berti_spp/exp1_lru_lru/649.fotonik3d_s-10881B": 1760711450.7007132,
    "../results/pref_l1_l2/berti_spp/exp1_lru_lru/649.fotonik3d_s-1176B": 1760711450.7007132,
    "../results/pref_l1_l2/berti_spp/exp1_lru_lru/649.fotonik3d_s-7084B": 1760711450.7007132,
    "../results/pref_l1_l2/berti_spp/exp1_lru_lru/649.fotonik3d_s-8225B": 1760711450.7007132,
    "../results/pref_l1_l2/berti_spp/exp1_lru_lru/654.roms_s-1007B": 1760711450.7007132,
    "../results/pref_l1_l2/berti_spp/exp1_lru_lru/654.roms_s-1070B": 1760711450.702713,
    "../results/pref_l1_l2/berti_spp/exp1_lru_lru/654.roms_s-1390B": 1760711450.702713,
    "../results/pref_l1_l2/berti_spp/exp1_lru_lru/654.roms_s-293B": 1760711450.702713,
    "../results/pref_l1_l2/berti_spp/exp1_lru_lru/654.roms_s-294B": 1760711450.702713,
    "../results/pref_l1_l2/berti_spp/exp1_lru_lru/654.roms_s-523B": 1760711450.702713,
    "../results/pref_l1_l2/berti_spp/exp1_lru_lru/657.xz_s-2302B": 1760711450.702713,
    "../results/pref_l1_l2/berti_spp/exp14_srrip_mockingjay/600.perlbench_s-570B": 1760711450.7257133,
    "../results/pref_l1_l2/berti_spp/exp14_srrip_mockingjay/602.gcc_s-1850B": 1760711450.7257133,
    "../results/pref_l1_l2/berti_spp/exp14_srrip_mockingjay/602.gcc_s-2226B": 1760711450.7257133,
    "../results/pref_l1_l2/berti_spp/exp14_srrip_mockingjay/602.gcc_s-734B": 1760711450.7257133,
    "../results/pref_l1_l2/berti_spp/exp14_srrip_mockingjay/603.bwaves_s-1740B": 1760711450.7257133,
    "../results/pref_l1_l2/berti_spp/exp14_srrip_mockingjay/603.bwaves_s-2609B": 1760711450.7257133,
    "../results/pref_l1_l2/berti_spp/exp14_srrip_mockingjay/603.bwaves_s-2931B": 1760711450.7257133,
    "../results/pref_l1_l2/berti_spp/exp14_srrip_mockingjay/603.bwaves_s-891B": 1760711450.7257133,
    "../results/pref_l1_l2/berti_spp/exp14_srrip_mockingjay/605.mcf_s-1152B": 1760711450.7257133,
    "../results/pref_l1_l2/berti_spp/exp14_srrip_mockingjay/605.mcf_s-1536B": 1760711450.7257133,
    "../results/pref_l1_l2/berti_spp/exp14_srrip_mockingjay/605.mcf_s-1554B": 1760711450.7257133,
    "../results/pref_l1_l2/berti_spp/exp14_srrip_mockingjay/605.mcf_s-1644B": 1760711450.7257133,
    "../results/pref_l1_l2/berti_spp/exp14_srrip_mockingjay/605.mcf_s-472B": 1760711450.7267134,
    "../results/pref_l1_l2/berti_spp/exp14_srrip_mockingjay/605.mcf_s-484B": 1760711450.7267134,
    "../results/pref_l1_l2/berti_spp/exp14_srrip_mockingjay/605.mcf_s-665B": 1760711450.7267134,
    "../results/pref_l1_l2/berti_spp/exp14_srrip_mockingjay/605.mcf_s-782B": 1760711450.7267134,
    "../results/pref_l1_l2/berti_spp/exp14_srrip_mockingjay/605.mcf_s-994B": 1760711450.7267134,
    "../results/pref_l1_l2/berti_spp/exp14_srrip_mockingjay/607.cactuBSSN_s-2421B": 1760711450.7267134,
    "../results/pref_l1_l2/berti_spp/exp14_srrip_mockingjay/607.cactuBSSN_s-3477B": 1760711450.7267134,
    "../results/pref_l1_l2/berti_spp/exp14_srrip_mockingjay/607.cactuBSSN_s-4004B": 1760711450.7267134,
    "../results/pref_l1_l2/berti_spp/exp14_srrip_mockingjay/619.lbm_s-2676B": 1760711450.7267134,
    "../results/pref_l1_l2/berti_spp/exp14_srrip_mockingjay/619.lbm_s-2677B": 1760711450.7267134,
    "../results/pref_l1_l2/berti_spp/exp14_srrip_mockingjay/619.lbm_s-3766B": 1760711450.7267134,
    "../results/pref_l1_l2/berti_spp/exp14_srrip_mockingjay/619.lbm_s-4268B": 1760711450.7267134,
    "../results/pref_l1_l2/berti_spp/exp14_srrip_mockingjay/620.omnetpp_s-141B": 1760711450.7267134,
    "../results/pref_l1_l2/berti_spp/exp14_srrip_mockingjay/620.omnetpp_s-874B": 1760711450.7267134,
    "../results/pref_l1_l2/berti_spp/exp14_srrip_mockingjay/621.wrf_s-6673B": 1760711450.7267134,
    "../results/pref_l1_l2/berti_spp/exp14_srrip_mockingjay/621.wrf_s-8065B": 1760711450.7267134,
    "../results/pref_l1_l2/berti_spp/exp14_srrip_mockingjay/623.xalancbmk_s-10B": 1760711450.7267134,
    "../results/pref_l1_l2/berti_spp/exp14_srrip_mockingjay/623.xalancbmk_s-165B": 1760711450.7267134,
    "../results/pref_l1_l2/berti_spp/exp14_srrip_mockingjay/623.xalancbmk_s-202B": 1760711450.7267134,
    "../results/pref_l1_l2/berti_spp/exp14_srrip_mockingjay/625.x264_s-20B": 1760711450.7267134,
    "../results/pref_l1_l2/berti_spp/exp14_srrip_mockingjay/627.cam4_s-490B": 1760711450.7267134,
    "../results/pref_l1_l2/berti_spp/exp14_srrip_mockingjay/628.pop2_s-17B": 1760711450.7277133,
    "../results/pref_l1_l2/berti_spp/exp14_srrip_mockingjay/649.fotonik3d_s-10881B": 1760711450.7277133,
    "../results/pref_l1_l2/berti_spp/exp14_srrip_mockingjay/649.fotonik3d_s-1176B": 1760711450.7277133,
    "../results/pref_l1_l2/berti_spp/exp14_srrip_mockingjay/649.fotonik3d_s-7084B": 1760711450.7277133,
    "../results/pref_l1_l2/berti_spp/exp14_srrip_mockingjay/649.fotonik3d_s-8225B": 1760711450.7277133,
    "../results/pref_l1_l2/berti_spp/exp14_srrip_mockingjay/654.roms_s-1007B": 1760711450.7277133,
    "../results/pref_l1_l2/berti_spp/exp14_srrip_mockingjay/654.roms_s-1070B": 1760711450.7277133,
    "../results/pref_l1_l2/berti_spp/exp14_srrip_mockingjay/654.roms_s-1390B": 1760711450.7277133,
    "../results/pref_l1_l2/berti_spp/exp14_srrip_mockingjay/654.roms_s-293B": 1760711450.7277133,
    "../results/pref_l1_l2/berti_spp/exp14_srrip_mockingjay/654.roms_s-294B": 1760711450.7277133,
    "../results/pref_l1_l2/berti_spp/exp14_srrip_mockingjay/654.roms_s-523B": 1760711450.7277133,
    "../results/pref_l1_l2/berti_spp/exp14_srrip_mockingjay/657.xz_s-2302B": 1760711450.7277133,
    "../results/pref_l1_l2/berti_spp/exp11_srrip_hawkeye/600.perlbench_s-570B": 1760711450.7197132,
    "../results/pref_l1_l2/berti_spp/exp11_srrip_hawkeye/602.gcc_s-1850B": 1760711450.7197132,
    "../results/pref_l1_l2/berti_spp/exp11_srrip_hawkeye/602.gcc_s-2226B": 1760711450.7197132,
    "../results/pref_l1_l2/berti_spp/exp11_srrip_hawkeye/602.gcc_s-734B": 1760711450.7197132,
    "../results/pref_l1_l2/berti_spp/exp11_srrip_hawkeye/603.bwaves_s-1740B": 1760711450.7197132,
    "../results/pref_l1_l2/berti_spp/exp11_srrip_hawkeye/603.bwaves_s-2609B": 1760711450.7197132,
    "../results/pref_l1_l2/berti_spp/exp11_srrip_hawkeye/603.bwaves_s-2931B": 1760711450.7197132,
    "../results/pref_l1_l2/berti_spp/exp11_srrip_hawkeye/603.bwaves_s-891B": 1760711450.7197132,
    "../results/pref_l1_l2/berti_spp/exp11_srrip_hawkeye/605.mcf_s-1152B": 1760711450.7197132,
    "../results/pref_l1_l2/berti_spp/exp11_srrip_hawkeye/605.mcf_s-1536B": 1760711450.7197132,
    "../results/pref_l1_l2/berti_spp/exp11_srrip_hawkeye/605.mcf_s-1554B": 1760711450.7197132,
    "../results/pref_l1_l2/berti_spp/exp11_srrip_hawkeye/605.mcf_s-1644B": 1760711450.7197132,
    "../results/pref_l1_l2/berti_spp/exp11_srrip_hawkeye/605.mcf_s-472B": 1760711450.7197132,
    "../results/pref_l1_l2/berti_spp/exp11_srrip_hawkeye/605.mcf_s-484B": 1760711450.7197132,
    "../results/pref_l1_l2/berti_spp/exp11_srrip_hawkeye/605.mcf_s-665B": 1760711450.7197132,
    "../results/pref_l1_l2/berti_spp/exp11_srrip_hawkeye/605.mcf_s-782B": 1760711450.7197132,
    "../results/pref_l1_l2/berti_spp/exp11_srrip_hawkeye/605.mcf_s-994B": 1760711450.7197132,
    "../results/pref_l1_l2/berti_spp/exp11_srrip_hawkeye/607.cactuBSSN_s-2421B": 1760711450.7197132,
    "../results/pref_l1_l2/berti_spp/exp11_srrip_hawkeye/607.cactuBSSN_s-3477B": 1760711450.7207134,
    "../results/pref_l1_l2/berti_spp/exp11_srrip_hawkeye/607.cactuBSSN_s-4004B": 1760711450.7207134,
    "../results/pref_l1_l2/berti_spp/exp11_srrip_hawkeye/619.lbm_s-2676B": 1760711450.7207134,
    "../results/pref_l1_l2/berti_spp/exp11_srrip_hawkeye/619.lbm_s-2677B": 1760711450.7207134,
    "../results/pref_l1_l2/berti_spp/exp11_srrip_hawkeye/619.lbm_s-3766B": 1760711450.7207134,
    "../results/pref_l1_l2/berti_spp/exp11_srrip_hawkeye/619.lbm_s-4268B": 1760711450.7207134,
    "../results/pref_l1_l2/berti_spp/exp11_srrip_hawkeye/620.omnetpp_s-141B": 1760711450.7207134,
    "../results/pref_l1_l2/berti_spp/exp11_srrip_hawkeye/620.omnetpp_s-874B": 1760711450.7207134,
    "../results/pref_l1_l2/berti_spp/exp11_srrip_hawkeye/621.wrf_s-6673B": 1760711450.7207134,
    "../results/pref_l1_l2/berti_spp/exp11_srrip_hawkeye/621.wrf_s-8065B": 1760711450.7207134,
    "../results/pref_l1_l2/berti_spp/exp11_srrip_hawkeye/623.xalancbmk_s-10B": 1760711450.7207134,
    "../results/pref_l1_l2/berti_spp/exp11_srrip_hawkeye/623.xalancbmk_s-165B": 1760711450.7207134,
    "../results/pref_l1_l2/berti_spp/exp11_srrip_hawkeye/623.xalancbmk_s-202B": 1760711450.7207134,
    "../results/pref_l1_l2/berti_spp/exp11_srrip_hawkeye/625.x264_s-20B": 1760711450.7207134,
    "../results/pref_l1_l2/berti_spp/exp11_srrip_hawkeye/627.cam4_s-490B": 1760711450.7207134,
    "../results/pref_l1_l2/berti_spp/exp11_srrip_hawkeye/628.pop2_s-17B": 1760711450.7207134,
    "../results/pref_l1_l2/berti_spp/exp11_srrip_hawkeye/649.fotonik3d_s-10881B": 1760711450.7207134,
    "../results/pref_l1_l2/berti_spp/exp11_srrip_hawkeye/649.fotonik3d_s-1176B": 1760711450.7207134,
    "../results/pref_l1_l2/berti_spp/exp11_srrip_hawkeye/649.fotonik3d_s-7084B": 1760711450.7207134,
    "../results/pref_l1_l2/berti_spp/exp11_srrip_hawkeye/649.fotonik3d_s-8225B": 1760711450.7207134,
    "../results/pref_l1_l2/berti_spp/exp11_srrip_hawkeye/654.roms_s-1007B": 1760711450.7217133,
    "../results/pref_l1_l2/berti_spp/exp11_srrip_hawkeye/654.roms_s-1070B": 1760711450.7217133,
    "../results/pref_l1_l2/berti_spp/exp11_srrip_hawkeye/654.roms_s-1390B": 1760711450.7217133,
    "../results/pref_l1_l2/berti_spp/exp11_srrip_hawkeye/654.roms_s-293B": 1760711450.7217133,
    "../results/pref_l1_l2/berti_spp/exp11_srrip_hawkeye/654.roms_s-294B": 1760711450.7217133,
    "../results/pref_l1_l2/berti_spp/exp11_srrip_hawkeye/654.roms_s-523B": 1760711450.7217133,
    "../results/pref_l1_l2/berti_spp/exp11_srrip_hawkeye/657.xz_s-2302B": 1760711450.7217133,
    "../results/pref_l1_l2/berti_spp/exp13_srrip_ship++/600.perlbench_s-570B": 1760711450.7237134,
    "../results/pref_l1_l2/berti_spp/exp13_srrip_ship++/602.gcc_s-1850B": 1760711450.7237134,
    "../results/pref_l1_l2/berti_spp/exp13_srrip_ship++/602.gcc_s-2226B": 1760711450.7237134,
    "../results/pref_l1_l2/berti_spp/exp13_srrip_ship++/602.gcc_s-734B": 1760711450.7237134,
    "../results/pref_l1_l2/berti_spp/exp13_srrip_ship++/603.bwaves_s-1740B": 1760711450.7237134,
    "../results/pref_l1_l2/berti_spp/exp13_srrip_ship++/603.bwaves_s-2609B": 1760711450.7237134,
    "../results/pref_l1_l2/berti_spp/exp13_srrip_ship++/603.bwaves_s-2931B": 1760711450.7237134,
    "../results/pref_l1_l2/berti_spp/exp13_srrip_ship++/603.bwaves_s-891B": 1760711450.7237134,
    "../results/pref_l1_l2/berti_spp/exp13_srrip_ship++/605.mcf_s-1152B": 1760711450.7237134,
    "../results/pref_l1_l2/berti_spp/exp13_srrip_ship++/605.mcf_s-1536B": 1760711450.7237134,
    "../results/pref_l1_l2/berti_spp/exp13_srrip_ship++/605.mcf_s-1554B": 1760711450.7237134,
    "../results/pref_l1_l2/berti_spp/exp13_srrip_ship++/605.mcf_s-1644B": 1760711450.7237134,
    "../results/pref_l1_l2/berti_spp/exp13_srrip_ship++/605.mcf_s-472B": 1760711450.7237134,
    "../results/pref_l1_l2/berti_spp/exp13_srrip_ship++/605.mcf_s-484B": 1760711450.7237134,
    "../results/pref_l1_l2/berti_spp/exp13_srrip_ship++/605.mcf_s-665B": 1760711450.7237134,
    "../results/pref_l1_l2/berti_spp/exp13_srrip_ship++/605.mcf_s-782B": 1760711450.7237134,
    "../results/pref_l1_l2/berti_spp/exp13_srrip_ship++/605.mcf_s-994B": 1760711450.7247133,
    "../results/pref_l1_l2/berti_spp/exp13_srrip_ship++/607.cactuBSSN_s-2421B": 1760711450.7247133,
    "../results/pref_l1_l2/berti_spp/exp13_srrip_ship++/607.cactuBSSN_s-3477B": 1760711450.7247133,
    "../results/pref_l1_l2/berti_spp/exp13_srrip_ship++/607.cactuBSSN_s-4004B": 1760711450.7247133,
    "../results/pref_l1_l2/berti_spp/exp13_srrip_ship++/619.lbm_s-2676B": 1760711450.7247133,
    "../results/pref_l1_l2/berti_spp/exp13_srrip_ship++/619.lbm_s-2677B": 1760711450.7247133,
    "../results/pref_l1_l2/berti_spp/exp13_srrip_ship++/619.lbm_s-3766B": 1760711450.7247133,
    "../results/pref_l1_l2/berti_spp/exp13_srrip_ship++/619.lbm_s-4268B": 1760711450.7247133,
    "../results/pref_l1_l2/berti_spp/exp13_srrip_ship++/620.omnetpp_s-141B": 1760711450.7247133,
    "../results/pref_l1_l2/berti_spp/exp13_srrip_ship++/620.omnetpp_s-874B": 1760711450.7247133,
    "../results/pref_l1_l2/berti_spp/exp13_srrip_ship++/621.wrf_s-6673B": 1760711450.7247133,
    "../results/pref_l1_l2/berti_spp/exp13_srrip_ship++/621.wrf_s-8065B": 1760711450.7247133,
    "../results/pref_l1_l2/berti_spp/exp13_srrip_ship++/623.xalancbmk_s-10B": 1760711450.7247133,
    "../results/pref_l1_l2/berti_spp/exp13_srrip_ship++/623.xalancbmk_s-165B": 1760711450.7247133,
    "../results/pref_l1_l2/berti_spp/exp13_srrip_ship++/623.xalancbmk_s-202B": 1760711450.7247133,
    "../results/pref_l1_l2/berti_spp/exp13_srrip_ship++/625.x264_s-20B": 1760711450.7247133,
    "../results/pref_l1_l2/berti_spp/exp13_srrip_ship++/627.cam4_s-490B": 1760711450.7247133,
    "../results/pref_l1_l2/berti_spp/exp13_srrip_ship++/628.pop2_s-17B": 1760711450.7247133,
    "../results/pref_l1_l2/berti_spp/exp13_srrip_ship++/649.fotonik3d_s-10881B": 1760711450.7257133,
    "../results/pref_l1_l2/berti_spp/exp13_srrip_ship++/649.fotonik3d_s-1176B": 1760711450.7257133,
    "../results/pref_l1_l2/berti_spp/exp13_srrip_ship++/649.fotonik3d_s-7084B": 1760711450.7257133,
    "../results/pref_l1_l2/berti_spp/exp13_srrip_ship++/649.fotonik3d_s-8225B": 1760711450.7257133,
    "../results/pref_l1_l2/berti_spp/exp13_srrip_ship++/654.roms_s-1007B": 1760711450.7257133,
    "../results/pref_l1_l2/berti_spp/exp13_srrip_ship++/654.roms_s-1070B": 1760711450.7257133,
    "../results/pref_l1_l2/berti_spp/exp13_srrip_ship++/654.roms_s-1390B": 1760711450.7257133,
    "../results/pref_l1_l2/berti_spp/exp13_srrip_ship++/654.roms_s-293B": 1760711450.7257133,
    "../results/pref_l1_l2/berti_spp/exp13_srrip_ship++/654.roms_s-294B": 1760711450.7257133,
    "../results/pref_l1_l2/berti_spp/exp13_srrip_ship++/654.roms_s-523B": 1760711450.7257133,
    "../results/pref_l1_l2/berti_spp/exp13_srrip_ship++/657.xz_s-2302B": 1760711450.7257133,
    "../results/pref_l1_l2/berti_spp/exp3_lru_drrip/600.perlbench_s-570B": 1760711450.7037132,
    "../results/pref_l1_l2/berti_spp/exp3_lru_drrip/602.gcc_s-1850B": 1760711450.7037132,
    "../results/pref_l1_l2/berti_spp/exp3_lru_drrip/602.gcc_s-2226B": 1760711450.7037132,
    "../results/pref_l1_l2/berti_spp/exp3_lru_drrip/602.gcc_s-734B": 1760711450.7037132,
    "../results/pref_l1_l2/berti_spp/exp3_lru_drrip/603.bwaves_s-1740B": 1760711450.7037132,
    "../results/pref_l1_l2/berti_spp/exp3_lru_drrip/603.bwaves_s-2609B": 1760711450.7037132,
    "../results/pref_l1_l2/berti_spp/exp3_lru_drrip/603.bwaves_s-2931B": 1760711450.7037132,
    "../results/pref_l1_l2/berti_spp/exp3_lru_drrip/603.bwaves_s-891B": 1760711450.7037132,
    "../results/pref_l1_l2/berti_spp/exp3_lru_drrip/605.mcf_s-1152B": 1760711450.7037132,
    "../results/pref_l1_l2/berti_spp/exp3_lru_drrip/605.mcf_s-1536B": 1760711450.7037132,
    "../results/pref_l1_l2/berti_spp/exp3_lru_drrip/605.mcf_s-1554B": 1760711450.7037132,
    "../results/pref_l1_l2/berti_spp/exp3_lru_drrip/605.mcf_s-1644B": 1760711450.7037132,
    "../results/pref_l1_l2/berti_spp/exp3_lru_drrip/605.mcf_s-472B": 1760711450.7037132,
    "../results/pref_l1_l2/berti_spp/exp3_lru_drrip/605.mcf_s-484B": 1760711450.7037132,
    "../results/pref_l1_l2/berti_spp/exp3_lru_drrip/605.mcf_s-665B": 1760711450.7037132,
    "../results/pref_l1_l2/berti_spp/exp3_lru_drrip/605.mcf_s-782B": 1760711450.7037132,
    "../results/pref_l1_l2/berti_spp/exp3_lru_drrip/605.mcf_s-994B": 1760711450.7037132,
    "../results/pref_l1_l2/berti_spp/exp3_lru_drrip/607.cactuBSSN_s-2421B": 1760711450.7037132,
    "../results/pref_l1_l2/berti_spp/exp3_lru_drrip/607.cactuBSSN_s-3477B": 1760711450.7037132,
    "../results/pref_l1_l2/berti_spp/exp3_lru_drrip/607.cactuBSSN_s-4004B": 1760711450.704713,
    "../results/pref_l1_l2/berti_spp/exp3_lru_drrip/619.lbm_s-2676B": 1760711450.704713,
    "../results/pref_l1_l2/berti_spp/exp3_lru_drrip/619.lbm_s-2677B": 1760711450.704713,
    "../results/pref_l1_l2/berti_spp/exp3_lru_drrip/619.lbm_s-3766B": 1760711450.704713,
    "../results/pref_l1_l2/berti_spp/exp3_lru_drrip/619.lbm_s-4268B": 1760711450.704713,
    "../results/pref_l1_l2/berti_spp/exp3_lru_drrip/620.omnetpp_s-141B": 1760711450.704713,
    "../results/pref_l1_l2/berti_spp/exp3_lru_drrip/620.omnetpp_s-874B": 1760711450.704713,
    "../results/pref_l1_l2/berti_spp/exp3_lru_drrip/621.wrf_s-6673B": 1760711450.704713,
    "../results/pref_l1_l2/berti_spp/exp3_lru_drrip/621.wrf_s-8065B": 1760711450.704713,
    "../results/pref_l1_l2/berti_spp/exp3_lru_drrip/623.xalancbmk_s-10B": 1760711450.704713,
    "../results/pref_l1_l2/berti_spp/exp3_lru_drrip/623.xalancbmk_s-165B": 1760711450.704713,
    "../results/pref_l1_l2/berti_spp/exp3_lru_drrip/623.xalancbmk_s-202B": 1760711450.704713,
    "../results/pref_l1_l2/berti_spp/exp3_lru_drrip/625.x264_s-20B": 1760711450.704713,
    "../results/pref_l1_l2/berti_spp/exp3_lru_drrip/627.cam4_s-490B": 1760711450.704713,
    "../results/pref_l1_l2/berti_spp/exp3_lru_drrip/628.pop2_s-17B": 1760711450.704713,
    "../results/pref_l1_l2/berti_spp/exp3_lru_drrip/649.fotonik3d_s-10881B": 1760711450.704713,
    "../results/pref_l1_l2/berti_spp/exp3_lru_drrip/649.fotonik3d_s-1176B": 1760711450.704713,
    "../results/pref_l1_l2/berti_spp/exp3_lru_drrip/649.fotonik3d_s-7084B": 1760711450.704713,
    "../results/pref_l1_l2/berti_spp/exp3_lru_drrip/649.fotonik3d_s-8225B": 1760711450.704713,
    "../results/pref_l1_l2/berti_spp/exp3_lru_drrip/654.roms_s-1007B": 1760711450.704713,
    "../results/pref_l1_l2/berti_spp/exp3_lru_drrip/654.roms_s-1070B": 1760711450.704713,
    "../results/pref_l1_l2/berti_spp/exp3_lru_drrip/654.roms_s-1390B": 1760711450.704713,
    "../results/pref_l1_l2/berti_spp/exp3_lru_drrip/654.roms_s-293B": 1760711450.704713,
    "../results/pref_l1_l2/berti_spp/exp3_lru_drrip/654.roms_s-294B": 1760711450.704713,
    "../results/pref_l1_l2/berti_spp/exp3_lru_drrip/654.roms_s-523B": 1760711450.705713,
    "../results/pref_l1_l2/berti_spp/exp3_lru_drrip/657.xz_s-2302B": 1760711450.705713,
    "../results/pref_l1_l2/berti_spp/exp4_lru_hawkeye/600.perlbench_s-570B": 1760711450.705713,
    "../results/pref_l1_l2/berti_spp/exp4_lru_hawkeye/602.gcc_s-1850B": 1760711450.705713,
    "../results/pref_l1_l2/berti_spp/exp4_lru_hawkeye/602.gcc_s-2226B": 1760711450.705713,
    "../results/pref_l1_l2/berti_spp/exp4_lru_hawkeye/602.gcc_s-734B": 1760711450.705713,
    "../results/pref_l1_l2/berti_spp/exp4_lru_hawkeye/603.bwaves_s-1740B": 1760711450.705713,
    "../results/pref_l1_l2/berti_spp/exp4_lru_hawkeye/603.bwaves_s-2609B": 1760711450.705713,
    "../results/pref_l1_l2/berti_spp/exp4_lru_hawkeye/603.bwaves_s-2931B": 1760711450.705713,
    "../results/pref_l1_l2/berti_spp/exp4_lru_hawkeye/603.bwaves_s-891B": 1760711450.705713,
    "../results/pref_l1_l2/berti_spp/exp4_lru_hawkeye/605.mcf_s-1152B": 1760711450.705713,
    "../results/pref_l1_l2/berti_spp/exp4_lru_hawkeye/605.mcf_s-1536B": 1760711450.705713,
    "../results/pref_l1_l2/berti_spp/exp4_lru_hawkeye/605.mcf_s-1554B": 1760711450.705713,
    "../results/pref_l1_l2/berti_spp/exp4_lru_hawkeye/605.mcf_s-1644B": 1760711450.705713,
    "../results/pref_l1_l2/berti_spp/exp4_lru_hawkeye/605.mcf_s-472B": 1760711450.705713,
    "../results/pref_l1_l2/berti_spp/exp4_lru_hawkeye/605.mcf_s-484B": 1760711450.705713,
    "../results/pref_l1_l2/berti_spp/exp4_lru_hawkeye/605.mcf_s-665B": 1760711450.705713,
    "../results/pref_l1_l2/berti_spp/exp4_lru_hawkeye/605.mcf_s-782B": 1760711450.705713,
    "../results/pref_l1_l2/berti_spp/exp4_lru_hawkeye/605.mcf_s-994B": 1760711450.705713,
    "../results/pref_l1_l2/berti_spp/exp4_lru_hawkeye/607.cactuBSSN_s-2421B": 1760711450.705713,
    "../results/pref_l1_l2/berti_spp/exp4_lru_hawkeye/607.cactuBSSN_s-3477B": 1760711450.705713,
    "../results/pref_l1_l2/berti_spp/exp4_lru_hawkeye/607.cactuBSSN_s-4004B": 1760711450.705713,
    "../results/pref_l1_l2/berti_spp/exp4_lru_hawkeye/619.lbm_s-2676B": 1760711450.705713,
    "../results/pref_l1_l2/berti_spp/exp4_lru_hawkeye/619.lbm_s-2677B": 1760711450.705713,
    "../results/pref_l1_l2/berti_spp/exp4_lru_hawkeye/619.lbm_s-3766B": 1760711450.7067132,
    "../results/pref_l1_l2/berti_spp/exp4_lru_hawkeye/619.lbm_s-4268B": 1760711450.705713,
    "../results/pref_l1_l2/berti_spp/exp4_lru_hawkeye/620.omnetpp_s-141B": 1760711450.705713,
    "../results/pref_l1_l2/berti_spp/exp4_lru_hawkeye/620.omnetpp_s-874B": 1760711450.705713,
    "../results/pref_l1_l2/berti_spp/exp4_lru_hawkeye/621.wrf_s-6673B": 1760711450.7067132,
    "../results/pref_l1_l2/berti_spp/exp4_lru_hawkeye/621.wrf_s-8065B": 1760711450.7067132,
    "../results/pref_l1_l2/berti_spp/exp4_lru_hawkeye/623.xalancbmk_s-10B": 1760711450.7067132,
    "../results/pref_l1_l2/berti_spp/exp4_lru_hawkeye/623.xalancbmk_s-165B": 1760711450.7067132,
    "../results/pref_l1_l2/berti_spp/exp4_lru_hawkeye/623.xalancbmk_s-202B": 1760711450.7067132,
    "../results/pref_l1_l2/berti_spp/exp4_lru_hawkeye/625.x264_s-20B": 1760711450.7067132,
    "../results/pref_l1_l2/berti_spp/exp4_lru_hawkeye/627.cam4_s-490B": 1760711450.7067132,
    "../results/pref_l1_l2/berti_spp/exp4_lru_hawkeye/628.pop2_s-17B": 1760711450.7067132,
    "../results/pref_l1_l2/berti_spp/exp4_lru_hawkeye/649.fotonik3d_s-10881B": 1760711450.7067132,
    "../results/pref_l1_l2/berti_spp/exp4_lru_hawkeye/649.fotonik3d_s-1176B": 1760711450.7067132,
    "../results/pref_l1_l2/berti_spp/exp4_lru_hawkeye/649.fotonik3d_s-7084B": 1760711450.7067132,
    "../results/pref_l1_l2/berti_spp/exp4_lru_hawkeye/649.fotonik3d_s-8225B": 1760711450.7067132,
    "../results/pref_l1_l2/berti_spp/exp4_lru_hawkeye/654.roms_s-1007B": 1760711450.7067132,
    "../results/pref_l1_l2/berti_spp/exp4_lru_hawkeye/654.roms_s-1070B": 1760711450.7067132,
    "../results/pref_l1_l2/berti_spp/exp4_lru_hawkeye/654.roms_s-1390B": 1760711450.7067132,
    "../results/pref_l1_l2/berti_spp/exp4_lru_hawkeye/654.roms_s-293B": 1760711450.7067132,
    "../results/pref_l1_l2/berti_spp/exp4_lru_hawkeye/654.roms_s-294B": 1760711450.7067132,
    "../results/pref_l1_l2/berti_spp/exp4_lru_hawkeye/654.roms_s-523B": 1760711450.7067132,
    "../results/pref_l1_l2/berti_spp/exp4_lru_hawkeye/657.xz_s-2302B": 1760711450.7067132,
    "../results/pref_l1_l2/berti_spp/exp2_lru_srrip/600.perlbench_s-570B": 1760711450.702713,
    "../results/pref_l1_l2/berti_spp/exp2_lru_srrip/602.gcc_s-1850B": 1760711450.702713,
    "../results/pref_l1_l2/berti_spp/exp2_lru_srrip/602.gcc_s-2226B": 1760711450.702713,
    "../results/pref_l1_l2/berti_spp/exp2_lru_srrip/602.gcc_s-734B": 1760711450.702713,
    "../results/pref_l1_l2/berti_spp/exp2_lru_srrip/603.bwaves_s-1740B": 1760711450.702713,
    "../results/pref_l1_l2/berti_spp/exp2_lru_srrip/603.bwaves_s-2609B": 1760711450.702713,
    "../results/pref_l1_l2/berti_spp/exp2_lru_srrip/603.bwaves_s-2931B": 1760711450.702713,
    "../results/pref_l1_l2/berti_spp/exp2_lru_srrip/603.bwaves_s-891B": 1760711450.702713,
    "../results/pref_l1_l2/berti_spp/exp2_lru_srrip/605.mcf_s-1152B": 1760711450.702713,
    "../results/pref_l1_l2/berti_spp/exp2_lru_srrip/605.mcf_s-1536B": 1760711450.702713,
    "../results/pref_l1_l2/berti_spp/exp2_lru_srrip/605.mcf_s-1554B": 1760711450.702713,
    "../results/pref_l1_l2/berti_spp/exp2_lru_srrip/605.mcf_s-1644B": 1760711450.702713,
    "../results/pref_l1_l2/berti_spp/exp2_lru_srrip/605.mcf_s-472B": 1760711450.702713,
    "../results/pref_l1_l2/berti_spp/exp2_lru_srrip/605.mcf_s-484B": 1760711450.702713,
    "../results/pref_l1_l2/berti_spp/exp2_lru_srrip/605.mcf_s-665B": 1760711450.702713,
    "../results/pref_l1_l2/berti_spp/exp2_lru_srrip/605.mcf_s-782B": 1760711450.702713,
    "../results/pref_l1_l2/berti_spp/exp2_lru_srrip/605.mcf_s-994B": 1760711450.702713,
    "../results/pref_l1_l2/berti_spp/exp2_lru_srrip/607.cactuBSSN_s-2421B": 1760711450.702713,
    "../results/pref_l1_l2/berti_spp/exp2_lru_srrip/607.cactuBSSN_s-3477B": 1760711450.702713,
    "../results/pref_l1_l2/berti_spp/exp2_lru_srrip/607.cactuBSSN_s-4004B": 1760711450.702713,
    "../results/pref_l1_l2/berti_spp/exp2_lru_srrip/619.lbm_s-2676B": 1760711450.702713,
    "../results/pref_l1_l2/berti_spp/exp2_lru_srrip/619.lbm_s-2677B": 1760711450.702713,
    "../results/pref_l1_l2/berti_spp/exp2_lru_srrip/619.lbm_s-3766B": 1760711450.702713,
    "../results/pref_l1_l2/berti_spp/exp2_lru_srrip/619.lbm_s-4268B": 1760711450.702713,
    "../results/pref_l1_l2/berti_spp/exp2_lru_srrip/620.omnetpp_s-141B": 1760711450.702713,
    "../results/pref_l1_l2/berti_spp/exp2_lru_srrip/620.omnetpp_s-874B": 1760711450.702713,
    "../results/pref_l1_l2/berti_spp/exp2_lru_srrip/621.wrf_s-6673B": 1760711450.702713,
    "../results/pref_l1_l2/berti_spp/exp2_lru_srrip/621.wrf_s-8065B": 1760711450.702713,
    "../results/pref_l1_l2/berti_spp/exp2_lru_srrip/623.xalancbmk_s-10B": 1760711450.702713,
    "../results/pref_l1_l2/berti_spp/exp2_lru_srrip/623.xalancbmk_s-165B": 1760711450.702713,
    "../results/pref_l1_l2/berti_spp/exp2_lru_srrip/623.xalancbmk_s-202B": 1760711450.702713,
    "../results/pref_l1_l2/berti_spp/exp2_lru_srrip/625.x264_s-20B": 1760711450.702713,
    "../results/pref_l1_l2/berti_spp/exp2_lru_srrip/627.cam4_s-490B": 1760711450.702713,
    "../results/pref_l1_l2/berti_spp/exp2_lru_srrip/628.pop2_s-17B": 1760711450.702713,
    "../results/pref_l1_l2/berti_spp/exp2_lru_srrip/649.fotonik3d_s-10881B": 1760711450.702713,
    "../results/pref_l1_l2/berti_spp/exp2_lru_srrip/649.fotonik3d_s-1176B": 1760711450.702713,
    "../results/pref_l1_l2/berti_spp/exp2_lru_srrip/649.fotonik3d_s-7084B": 1760711450.7037132,
    "../results/pref_l1_l2/berti_spp/exp2_lru_srrip/649.fotonik3d_s-8225B": 1760711450.7037132,
    "../results/pref_l1_l2/berti_spp/exp2_lru_srrip/654.roms_s-1007B": 1760711450.7037132,
    "../results/pref_l1_l2/berti_spp/exp2_lru_srrip/654.roms_s-1070B": 1760711450.7037132,
    "../results/pref_l1_l2/berti_spp/exp2_lru_srrip/654.roms_s-1390B": 1760711450.7037132,
    "../results/pref_l1_l2/berti_spp/exp2_lru_srrip/654.roms_s-293B": 1760711450.7037132,
    "../results/pref_l1_l2/berti_spp/exp2_lru_srrip/654.roms_s-294B": 1760711450.7037132,
    "../results/pref_l1_l2/berti_spp/exp2_lru_srrip/654.roms_s-523B": 1760711450.7037132,
    "../results/pref_l1_l2/berti_spp/exp2_lru_srrip/657.xz_s-2302B": 1760711450.7037132,
    "../results/pref_l1_l2/berti_spp/exp5_lru_ship/600.perlbench_s-570B": 1760711450.7077131,
    "../results/pref_l1_l2/berti_spp/exp5_lru_ship/602.gcc_s-1850B": 1760711450.7077131,
    "../results/pref_l1_l2/berti_spp/exp5_lru_ship/602.gcc_s-2226B": 1760711450.7077131,
    "../results/pref_l1_l2/berti_spp/exp5_lru_ship/602.gcc_s-734B": 1760711450.7077131,
    "../results/pref_l1_l2/berti_spp/exp5_lru_ship/603.bwaves_s-1740B": 1760711450.7077131,
    "../results/pref_l1_l2/berti_spp/exp5_lru_ship/603.bwaves_s-2609B": 1760711450.7077131,
    "../results/pref_l1_l2/berti_spp/exp5_lru_ship/603.bwaves_s-2931B": 1760711450.7077131,
    "../results/pref_l1_l2/berti_spp/exp5_lru_ship/603.bwaves_s-891B": 1760711450.7077131,
    "../results/pref_l1_l2/berti_spp/exp5_lru_ship/605.mcf_s-1152B": 1760711450.7077131,
    "../results/pref_l1_l2/berti_spp/exp5_lru_ship/605.mcf_s-1536B": 1760711450.7077131,
    "../results/pref_l1_l2/berti_spp/exp5_lru_ship/605.mcf_s-1554B": 1760711450.7077131,
    "../results/pref_l1_l2/berti_spp/exp5_lru_ship/605.mcf_s-1644B": 1760711450.7077131,
    "../results/pref_l1_l2/berti_spp/exp5_lru_ship/605.mcf_s-472B": 1760711450.7077131,
    "../results/pref_l1_l2/berti_spp/exp5_lru_ship/605.mcf_s-484B": 1760711450.7077131,
    "../results/pref_l1_l2/berti_spp/exp5_lru_ship/605.mcf_s-665B": 1760711450.7077131,
    "../results/pref_l1_l2/berti_spp/exp5_lru_ship/605.mcf_s-782B": 1760711450.7077131,
    "../results/pref_l1_l2/berti_spp/exp5_lru_ship/605.mcf_s-994B": 1760711450.7077131,
    "../results/pref_l1_l2/berti_spp/exp5_lru_ship/607.cactuBSSN_s-2421B": 1760711450.7077131,
    "../results/pref_l1_l2/berti_spp/exp5_lru_ship/607.cactuBSSN_s-3477B": 1760711450.7077131,
    "../results/pref_l1_l2/berti_spp/exp5_lru_ship/607.cactuBSSN_s-4004B": 1760711450.7077131,
    "../results/pref_l1_l2/berti_spp/exp5_lru_ship/619.lbm_s-2676B": 1760711450.708713,
    "../results/pref_l1_l2/berti_spp/exp5_lru_ship/619.lbm_s-2677B": 1760711450.708713,
    "../results/pref_l1_l2/berti_spp/exp5_lru_ship/619.lbm_s-3766B": 1760711450.708713,
    "../results/pref_l1_l2/berti_spp/exp5_lru_ship/619.lbm_s-4268B": 1760711450.708713,
    "../results/pref_l1_l2/berti_spp/exp5_lru_ship/620.omnetpp_s-141B": 1760711450.708713,
    "../results/pref_l1_l2/berti_spp/exp5_lru_ship/620.omnetpp_s-874B": 1760711450.708713,
    "../results/pref_l1_l2/berti_spp/exp5_lru_ship/621.wrf_s-6673B": 1760711450.708713,
    "../results/pref_l1_l2/berti_spp/exp5_lru_ship/621.wrf_s-8065B": 1760711450.708713,
    "../results/pref_l1_l2/berti_spp/exp5_lru_ship/623.xalancbmk_s-10B": 1760711450.708713,
    "../results/pref_l1_l2/berti_spp/exp5_lru_ship/623.xalancbmk_s-165B": 1760711450.708713,
    "../results/pref_l1_l2/berti_spp/exp5_lru_ship/623.xalancbmk_s-202B": 1760711450.708713,
    "../results/pref_l1_l2/berti_spp/exp5_lru_ship/625.x264_s-20B": 1760711450.708713,
    "../results/pref_l1_l2/berti_spp/exp5_lru_ship/627.cam4_s-490B": 1760711450.708713,
    "../results/pref_l1_l2/berti_spp/exp5_lru_ship/628.pop2_s-17B": 1760711450.708713,
    "../results/pref_l1_l2/berti_spp/exp5_lru_ship/649.fotonik3d_s-10881B": 1760711450.708713,
    "../results/pref_l1_l2/berti_spp/exp5_lru_ship/649.fotonik3d_s-1176B": 1760711450.708713,
    "../results/pref_l1_l2/berti_spp/exp5_lru_ship/649.fotonik3d_s-7084B": 1760711450.708713,
    "../results/pref_l1_l2/berti_spp/exp5_lru_ship/649.fotonik3d_s-8225B": 1760711450.7097132,
    "../results/pref_l1_l2/berti_spp/exp5_lru_ship/654.roms_s-1007B": 1760711450.7097132,
    "../results/pref_l1_l2/berti_spp/exp5_lru_ship/654.roms_s-1070B": 1760711450.7097132,
    "../results/pref_l1_l2/berti_spp/exp5_lru_ship/654.roms_s-1390B": 1760711450.7097132,
    "../results/pref_l1_l2/berti_spp/exp5_lru_ship/654.roms_s-293B": 1760711450.7097132,
    "../results/pref_l1_l2/berti_spp/exp5_lru_ship/654.roms_s-294B": 1760711450.7097132,
    "../results/pref_l1_l2/berti_spp/exp5_lru_ship/654.roms_s-523B": 1760711450.7097132,
    "../results/pref_l1_l2/berti_spp/exp5_lru_ship/657.xz_s-2302B": 1760711450.7097132,
    "../results/pref_l1_l2/berti_spp/exp9_srrip_srrip/600.perlbench_s-570B": 1760711450.7157133,
    "../results/pref_l1_l2/berti_spp/exp9_srrip_srrip/602.gcc_s-1850B": 1760711450.7157133,
    "../results/pref_l1_l2/berti_spp/exp9_srrip_srrip/602.gcc_s-2226B": 1760711450.7157133,
    "../results/pref_l1_l2/berti_spp/exp9_srrip_srrip/602.gcc_s-734B": 1760711450.7157133,
    "../results/pref_l1_l2/berti_spp/exp9_srrip_srrip/603.bwaves_s-1740B": 1760711450.7157133,
    "../results/pref_l1_l2/berti_spp/exp9_srrip_srrip/603.bwaves_s-2609B": 1760711450.7157133,
    "../results/pref_l1_l2/berti_spp/exp9_srrip_srrip/603.bwaves_s-2931B": 1760711450.7157133,
    "../results/pref_l1_l2/berti_spp/exp9_srrip_srrip/603.bwaves_s-891B": 1760711450.7157133,
    "../results/pref_l1_l2/berti_spp/exp9_srrip_srrip/605.mcf_s-1152B": 1760711450.7157133,
    "../results/pref_l1_l2/berti_spp/exp9_srrip_srrip/605.mcf_s-1536B": 1760711450.7157133,
    "../results/pref_l1_l2/berti_spp/exp9_srrip_srrip/605.mcf_s-1554B": 1760711450.7157133,
    "../results/pref_l1_l2/berti_spp/exp9_srrip_srrip/605.mcf_s-1644B": 1760711450.7157133,
    "../results/pref_l1_l2/berti_spp/exp9_srrip_srrip/605.mcf_s-472B": 1760711450.7157133,
    "../results/pref_l1_l2/berti_spp/exp9_srrip_srrip/605.mcf_s-484B": 1760711450.7157133,
    "../results/pref_l1_l2/berti_spp/exp9_srrip_srrip/605.mcf_s-665B": 1760711450.7157133,
    "../results/pref_l1_l2/berti_spp/exp9_srrip_srrip/605.mcf_s-782B": 1760711450.7157133,
    "../results/pref_l1_l2/berti_spp/exp9_srrip_srrip/605.mcf_s-994B": 1760711450.7157133,
    "../results/pref_l1_l2/berti_spp/exp9_srrip_srrip/607.cactuBSSN_s-2421B": 1760711450.7157133,
    "../results/pref_l1_l2/berti_spp/exp9_srrip_srrip/607.cactuBSSN_s-3477B": 1760711450.7157133,
    "../results/pref_l1_l2/berti_spp/exp9_srrip_srrip/607.cactuBSSN_s-4004B": 1760711450.7167132,
    "../results/pref_l1_l2/berti_spp/exp9_srrip_srrip/619.lbm_s-2676B": 1760711450.7167132,
    "../results/pref_l1_l2/berti_spp/exp9_srrip_srrip/619.lbm_s-2677B": 1760711450.7167132,
    "../results/pref_l1_l2/berti_spp/exp9_srrip_srrip/619.lbm_s-3766B": 1760711450.7167132,
    "../results/pref_l1_l2/berti_spp/exp9_srrip_srrip/619.lbm_s-4268B": 1760711450.7167132,
    "../results/pref_l1_l2/berti_spp/exp9_srrip_srrip/620.omnetpp_s-141B": 1760711450.7167132,
    "../results/pref_l1_l2/berti_spp/exp9_srrip_srrip/620.omnetpp_s-874B": 1760711450.7167132,
    "../results/pref_l1_l2/berti_spp/exp9_srrip_srrip/621.wrf_s-6673B": 1760711450.7167132,
    "../results/pref_l1_l2/berti_spp/exp9_srrip_srrip/621.wrf_s-8065B": 1760711450.7167132,
    "../results/pref_l1_l2/berti_spp/exp9_srrip_srrip/623.xalancbmk_s-10B": 1760711450.7167132,
    "../results/pref_l1_l2/berti_spp/exp9_srrip_srrip/623.xalancbmk_s-165B": 1760711450.7167132,
    "../results/pref_l1_l2/berti_spp/exp9_srrip_srrip/623.xalancbmk_s-202B": 1760711450.7167132,
    "../results/pref_l1_l2/berti_spp/exp9_srrip_srrip/625.x264_s-20B": 1760711450.7167132,
    "../results/pref_l1_l2/berti_spp/exp9_srrip_srrip/627.cam4_s-490B": 1760711450.7167132,
    "../results/pref_l1_l2/berti_spp/exp9_srrip_srrip/628.pop2_s-17B": 1760711450.7167132,
    "../results/pref_l1_l2/berti_spp/exp9_srrip_srrip/649.fotonik3d_s-10881B": 1760711450.7167132,
    "../results/pref_l1_l2/berti_spp/exp9_srrip_srrip/649.fotonik3d_s-1176B": 1760711450.7167132,
    "../results/pref_l1_l2/berti_spp/exp9_srrip_srrip/649.fotonik3d_s-7084B": 1760711450.7167132,
    "../results/pref_l1_l2/berti_spp/exp9_srrip_srrip/649.fotonik3d_s-8225B": 1760711450.7167132,
    "../results/pref_l1_l2/berti_spp/exp9_srrip_srrip/654.roms_s-1007B": 1760711450.7167132,
    "../results/pref_l1_l2/berti_spp/exp9_srrip_srrip/654.roms_s-1070B": 1760711450.7167132,
    "../results/pref_l1_l2/berti_spp/exp9_srrip_srrip/654.roms_s-1390B": 1760711450.7177134,
    "../results/pref_l1_l2/berti_spp/exp9_srrip_srrip/654.roms_s-293B": 1760711450.7177134,
    "../results/pref_l1_l2/berti_spp/exp9_srrip_srrip/654.roms_s-294B": 1760711450.7177134,
    "../results/pref_l1_l2/berti_spp/exp9_srrip_srrip/654.roms_s-523B": 1760711450.7177134,
    "../results/pref_l1_l2/berti_spp/exp9_srrip_srrip/657.xz_s-2302B": 1760711450.7177134,
    "../results/pref_l1_l2/berti_spp/exp8_srrip_lru/600.perlbench_s-570B": 1760711450.7137132,
    "../results/pref_l1_l2/berti_spp/exp8_srrip_lru/602.gcc_s-1850B": 1760711450.7137132,
    "../results/pref_l1_l2/berti_spp/exp8_srrip_lru/602.gcc_s-2226B": 1760711450.7137132,
    "../results/pref_l1_l2/berti_spp/exp8_srrip_lru/602.gcc_s-734B": 1760711450.7137132,
    "../results/pref_l1_l2/berti_spp/exp8_srrip_lru/603.bwaves_s-1740B": 1760711450.7137132,
    "../results/pref_l1_l2/berti_spp/exp8_srrip_lru/603.bwaves_s-2609B": 1760711450.7137132,
    "../results/pref_l1_l2/berti_spp/exp8_srrip_lru/603.bwaves_s-2931B": 1760711450.7137132,
    "../results/pref_l1_l2/berti_spp/exp8_srrip_lru/603.bwaves_s-891B": 1760711450.7137132,
    "../results/pref_l1_l2/berti_spp/exp8_srrip_lru/605.mcf_s-1152B": 1760711450.7137132,
    "../results/pref_l1_l2/berti_spp/exp8_srrip_lru/605.mcf_s-1536B": 1760711450.7137132,
    "../results/pref_l1_l2/berti_spp/exp8_srrip_lru/605.mcf_s-1554B": 1760711450.7137132,
    "../results/pref_l1_l2/berti_spp/exp8_srrip_lru/605.mcf_s-1644B": 1760711450.7137132,
    "../results/pref_l1_l2/berti_spp/exp8_srrip_lru/605.mcf_s-472B": 1760711450.7137132,
    "../results/pref_l1_l2/berti_spp/exp8_srrip_lru/605.mcf_s-484B": 1760711450.7137132,
    "../results/pref_l1_l2/berti_spp/exp8_srrip_lru/605.mcf_s-665B": 1760711450.7137132,
    "../results/pref_l1_l2/berti_spp/exp8_srrip_lru/605.mcf_s-782B": 1760711450.7137132,
    "../results/pref_l1_l2/berti_spp/exp8_srrip_lru/605.mcf_s-994B": 1760711450.7137132,
    "../results/pref_l1_l2/berti_spp/exp8_srrip_lru/607.cactuBSSN_s-2421B": 1760711450.7147133,
    "../results/pref_l1_l2/berti_spp/exp8_srrip_lru/607.cactuBSSN_s-3477B": 1760711450.7147133,
    "../results/pref_l1_l2/berti_spp/exp8_srrip_lru/607.cactuBSSN_s-4004B": 1760711450.7147133,
    "../results/pref_l1_l2/berti_spp/exp8_srrip_lru/619.lbm_s-2676B": 1760711450.7147133,
    "../results/pref_l1_l2/berti_spp/exp8_srrip_lru/619.lbm_s-2677B": 1760711450.7147133,
    "../results/pref_l1_l2/berti_spp/exp8_srrip_lru/619.lbm_s-3766B": 1760711450.7147133,
    "../results/pref_l1_l2/berti_spp/exp8_srrip_lru/619.lbm_s-4268B": 1760711450.7147133,
    "../results/pref_l1_l2/berti_spp/exp8_srrip_lru/620.omnetpp_s-141B": 1760711450.7147133,
    "../results/pref_l1_l2/berti_spp/exp8_srrip_lru/620.omnetpp_s-874B": 1760711450.7147133,
    "../results/pref_l1_l2/berti_spp/exp8_srrip_lru/621.wrf_s-6673B": 1760711450.7147133,
    "../results/pref_l1_l2/berti_spp/exp8_srrip_lru/621.wrf_s-8065B": 1760711450.7147133,
    "../results/pref_l1_l2/berti_spp/exp8_srrip_lru/623.xalancbmk_s-10B": 1760711450.7147133,
    "../results/pref_l1_l2/berti_spp/exp8_srrip_lru/623.xalancbmk_s-165B": 1760711450.7147133,
    "../results/pref_l1_l2/berti_spp/exp8_srrip_lru/623.xalancbmk_s-202B": 1760711450.7147133,
    "../results/pref_l1_l2/berti_spp/exp8_srrip_lru/625.x264_s-20B": 1760711450.7147133,
    "../results/pref_l1_l2/berti_spp/exp8_srrip_lru/627.cam4_s-490B": 1760711450.7147133,
    "../results/pref_l1_l2/berti_spp/exp8_srrip_lru/628.pop2_s-17B": 1760711450.7147133,
    "../results/pref_l1_l2/berti_spp/exp8_srrip_lru/649.fotonik3d_s-10881B": 1760711450.7147133,
    "../results/pref_l1_l2/berti_spp/exp8_srrip_lru/649.fotonik3d_s-1176B": 1760711450.7147133,
    "../results/pref_l1_l2/berti_spp/exp8_srrip_lru/649.fotonik3d_s-7084B": 1760711450.7147133,
    "../results/pref_l1_l2/berti_spp/exp8_srrip_lru/649.fotonik3d_s-8225B": 1760711450.7157133,
    "../results/pref_l1_l2/berti_spp/exp8_srrip_lru/654.roms_s-1007B": 1760711450.7157133,
    "../results/pref_l1_l2/berti_spp/exp8_srrip_lru/654.roms_s-1070B": 1760711450.7157133,
    "../results/pref_l1_l2/berti_spp/exp8_srrip_lru/654.roms_s-1390B": 1760711450.7157133,
    "../results/pref_l1_l2/berti_spp/exp8_srrip_lru/654.roms_s-293B": 1760711450.7157133,
    "../results/pref_l1_l2/berti_spp/exp8_srrip_lru/654.roms_s-294B": 1760711450.7157133,
    "../results/pref_l1_l2/berti_spp/exp8_srrip_lru/654.roms_s-523B": 1760711450.7157133,
    "../results/pref_l1_l2/berti_spp/exp8_srrip_lru/657.xz_s-2302B": 1760711450.7157133,
    "../results/pref_l1_l2/berti_spp/exp6_lru_ship++/600.perlbench_s-570B": 1760711450.7097132,
    "../results/pref_l1_l2/berti_spp/exp6_lru_ship++/602.gcc_s-1850B": 1760711450.7097132,
    "../results/pref_l1_l2/berti_spp/exp6_lru_ship++/602.gcc_s-2226B": 1760711450.7097132,
    "../results/pref_l1_l2/berti_spp/exp6_lru_ship++/602.gcc_s-734B": 1760711450.7097132,
    "../results/pref_l1_l2/berti_spp/exp6_lru_ship++/603.bwaves_s-1740B": 1760711450.7097132,
    "../results/pref_l1_l2/berti_spp/exp6_lru_ship++/603.bwaves_s-2609B": 1760711450.7097132,
    "../results/pref_l1_l2/berti_spp/exp6_lru_ship++/603.bwaves_s-2931B": 1760711450.7097132,
    "../results/pref_l1_l2/berti_spp/exp6_lru_ship++/603.bwaves_s-891B": 1760711450.7097132,
    "../results/pref_l1_l2/berti_spp/exp6_lru_ship++/605.mcf_s-1152B": 1760711450.7097132,
    "../results/pref_l1_l2/berti_spp/exp6_lru_ship++/605.mcf_s-1536B": 1760711450.7097132,
    "../results/pref_l1_l2/berti_spp/exp6_lru_ship++/605.mcf_s-1554B": 1760711450.7097132,
    "../results/pref_l1_l2/berti_spp/exp6_lru_ship++/605.mcf_s-1644B": 1760711450.7097132,
    "../results/pref_l1_l2/berti_spp/exp6_lru_ship++/605.mcf_s-472B": 1760711450.7097132,
    "../results/pref_l1_l2/berti_spp/exp6_lru_ship++/605.mcf_s-484B": 1760711450.7097132,
    "../results/pref_l1_l2/berti_spp/exp6_lru_ship++/605.mcf_s-665B": 1760711450.7097132,
    "../results/pref_l1_l2/berti_spp/exp6_lru_ship++/605.mcf_s-782B": 1760711450.7097132,
    "../results/pref_l1_l2/berti_spp/exp6_lru_ship++/605.mcf_s-994B": 1760711450.7097132,
    "../results/pref_l1_l2/berti_spp/exp6_lru_ship++/607.cactuBSSN_s-2421B": 1760711450.7097132,
    "../results/pref_l1_l2/berti_spp/exp6_lru_ship++/607.cactuBSSN_s-3477B": 1760711450.7107131,
    "../results/pref_l1_l2/berti_spp/exp6_lru_ship++/607.cactuBSSN_s-4004B": 1760711450.7107131,
    "../results/pref_l1_l2/berti_spp/exp6_lru_ship++/619.lbm_s-2676B": 1760711450.7107131,
    "../results/pref_l1_l2/berti_spp/exp6_lru_ship++/619.lbm_s-2677B": 1760711450.7107131,
    "../results/pref_l1_l2/berti_spp/exp6_lru_ship++/619.lbm_s-3766B": 1760711450.7107131,
    "../results/pref_l1_l2/berti_spp/exp6_lru_ship++/619.lbm_s-4268B": 1760711450.7107131,
    "../results/pref_l1_l2/berti_spp/exp6_lru_ship++/620.omnetpp_s-141B": 1760711450.7107131,
    "../results/pref_l1_l2/berti_spp/exp6_lru_ship++/620.omnetpp_s-874B": 1760711450.7107131,
    "../results/pref_l1_l2/berti_spp/exp6_lru_ship++/621.wrf_s-6673B": 1760711450.7107131,
    "../results/pref_l1_l2/berti_spp/exp6_lru_ship++/621.wrf_s-8065B": 1760711450.7107131,
    "../results/pref_l1_l2/berti_spp/exp6_lru_ship++/623.xalancbmk_s-10B": 1760711450.7107131,
    "../results/pref_l1_l2/berti_spp/exp6_lru_ship++/623.xalancbmk_s-165B": 1760711450.7107131,
    "../results/pref_l1_l2/berti_spp/exp6_lru_ship++/623.xalancbmk_s-202B": 1760711450.7107131,
    "../results/pref_l1_l2/berti_spp/exp6_lru_ship++/625.x264_s-20B": 1760711450.7107131,
    "../results/pref_l1_l2/berti_spp/exp6_lru_ship++/627.cam4_s-490B": 1760711450.7107131,
    "../results/pref_l1_l2/berti_spp/exp6_lru_ship++/628.pop2_s-17B": 1760711450.7107131,
    "../results/pref_l1_l2/berti_spp/exp6_lru_ship++/649.fotonik3d_s-10881B": 1760711450.7107131,
    "../results/pref_l1_l2/berti_spp/exp6_lru_ship++/649.fotonik3d_s-1176B": 1760711450.7107131,
    "../results/pref_l1_l2/berti_spp/exp6_lru_ship++/649.fotonik3d_s-7084B": 1760711450.7107131,
    "../results/pref_l1_l2/berti_spp/exp6_lru_ship++/649.fotonik3d_s-8225B": 1760711450.7107131,
    "../results/pref_l1_l2/berti_spp/exp6_lru_ship++/654.roms_s-1007B": 1760711450.711713,
    "../results/pref_l1_l2/berti_spp/exp6_lru_ship++/654.roms_s-1070B": 1760711450.711713,
    "../results/pref_l1_l2/berti_spp/exp6_lru_ship++/654.roms_s-1390B": 1760711450.711713,
    "../results/pref_l1_l2/berti_spp/exp6_lru_ship++/654.roms_s-293B": 1760711450.711713,
    "../results/pref_l1_l2/berti_spp/exp6_lru_ship++/654.roms_s-294B": 1760711450.711713,
    "../results/pref_l1_l2/berti_spp/exp6_lru_ship++/654.roms_s-523B": 1760711450.711713,
    "../results/pref_l1_l2/berti_spp/exp6_lru_ship++/657.xz_s-2302B": 1760711450.711713,
    "../results/pref_l1_l2/berti_spp/exp7_lru_mockingjay/600.perlbench_s-570B": 1760711450.711713,
    "../results/pref_l1_l2/berti_spp/exp7_lru_mockingjay/602.gcc_s-1850B": 1760711450.711713,
    "../results/pref_l1_l2/berti_spp/exp7_lru_mockingjay/602.gcc_s-2226B": 1760711450.711713,
    "../results/pref_l1_l2/berti_spp/exp7_lru_mockingjay/602.gcc_s-734B": 1760711450.711713,
    "../results/pref_l1_l2/berti_spp/exp7_lru_mockingjay/603.bwaves_s-1740B": 1760711450.711713,
    "../results/pref_l1_l2/berti_spp/exp7_lru_mockingjay/603.bwaves_s-2609B": 1760711450.711713,
    "../results/pref_l1_l2/berti_spp/exp7_lru_mockingjay/603.bwaves_s-2931B": 1760711450.711713,
    "../results/pref_l1_l2/berti_spp/exp7_lru_mockingjay/603.bwaves_s-891B": 1760711450.711713,
    "../results/pref_l1_l2/berti_spp/exp7_lru_mockingjay/605.mcf_s-1152B": 1760711450.711713,
    "../results/pref_l1_l2/berti_spp/exp7_lru_mockingjay/605.mcf_s-1536B": 1760711450.711713,
    "../results/pref_l1_l2/berti_spp/exp7_lru_mockingjay/605.mcf_s-1554B": 1760711450.711713,
    "../results/pref_l1_l2/berti_spp/exp7_lru_mockingjay/605.mcf_s-1644B": 1760711450.711713,
    "../results/pref_l1_l2/berti_spp/exp7_lru_mockingjay/605.mcf_s-472B": 1760711450.711713,
    "../results/pref_l1_l2/berti_spp/exp7_lru_mockingjay/605.mcf_s-484B": 1760711450.711713,
    "../results/pref_l1_l2/berti_spp/exp7_lru_mockingjay/605.mcf_s-665B": 1760711450.711713,
    "../results/pref_l1_l2/berti_spp/exp7_lru_mockingjay/605.mcf_s-782B": 1760711450.711713,
    "../results/pref_l1_l2/berti_spp/exp7_lru_mockingjay/605.mcf_s-994B": 1760711450.711713,
    "../results/pref_l1_l2/berti_spp/exp7_lru_mockingjay/607.cactuBSSN_s-2421B": 1760711450.711713,
    "../results/pref_l1_l2/berti_spp/exp7_lru_mockingjay/607.cactuBSSN_s-3477B": 1760711450.711713,
    "../results/pref_l1_l2/berti_spp/exp7_lru_mockingjay/607.cactuBSSN_s-4004B": 1760711450.7127132,
    "../results/pref_l1_l2/berti_spp/exp7_lru_mockingjay/619.lbm_s-2676B": 1760711450.711713,
    "../results/pref_l1_l2/berti_spp/exp7_lru_mockingjay/619.lbm_s-2677B": 1760711450.7127132,
    "../results/pref_l1_l2/berti_spp/exp7_lru_mockingjay/619.lbm_s-3766B": 1760711450.7127132,
    "../results/pref_l1_l2/berti_spp/exp7_lru_mockingjay/619.lbm_s-4268B": 1760711450.7127132,
    "../results/pref_l1_l2/berti_spp/exp7_lru_mockingjay/620.omnetpp_s-141B": 1760711450.7127132,
    "../results/pref_l1_l2/berti_spp/exp7_lru_mockingjay/620.omnetpp_s-874B": 1760711450.7127132,
    "../results/pref_l1_l2/berti_spp/exp7_lru_mockingjay/621.wrf_s-6673B": 1760711450.7127132,
    "../results/pref_l1_l2/berti_spp/exp7_lru_mockingjay/621.wrf_s-8065B": 1760711450.7127132,
    "../results/pref_l1_l2/berti_spp/exp7_lru_mockingjay/623.xalancbmk_s-10B": 1760711450.7127132,
    "../results/pref_l1_l2/berti_spp/exp7_lru_mockingjay/623.xalancbmk_s-165B": 1760711450.7127132,
    "../results/pref_l1_l2/berti_spp/exp7_lru_mockingjay/623.xalancbmk_s-202B": 1760711450.7127132,
    "../results/pref_l1_l2/berti_spp/exp7_lru_mockingjay/625.x264_s-20B": 1760711450.7127132,
    "../results/pref_l1_l2/berti_spp/exp7_lru_mockingjay/627.cam4_s-490B": 1760711450.7127132,
    "../results/pref_l1_l2/berti_spp/exp7_lru_mockingjay/628.pop2_s-17B": 1760711450.7127132,
    "../results/pref_l1_l2/berti_spp/exp7_lru_mockingjay/649.fotonik3d_s-10881B": 1760711450.7127132,
    "../results/pref_l1_l2/berti_spp/exp7_lru_mockingjay/649.fotonik3d_s-1176B": 1760711450.7127132,
    "../results/pref_l1_l2/berti_spp/exp7_lru_mockingjay/649.fotonik3d_s-7084B": 1760711450.7127132,
    "../results/pref_l1_l2/berti_spp/exp7_lru_mockingjay/649.fotonik3d_s-8225B": 1760711450.7127132,
    "../results/pref_l1_l2/berti_spp/exp7_lru_mockingjay/654.roms_s-1007B": 1760711450.7127132,
    "../results/pref_l1_l2/berti_spp/exp7_lru_mockingjay/654.roms_s-1070B": 1760711450.7127132,
    "../results/pref_l1_l2/berti_spp/exp7_lru_mockingjay/654.roms_s-1390B": 1760711450.7127132,
    "../results/pref_l1_l2/berti_spp/exp7_lru_mockingjay/654.roms_s-293B": 1760711450.7137132,
    "../results/pref_l1_l2/berti_spp/exp7_lru_mockingjay/654.roms_s-294B": 1760711450.7137132,
    "../results/pref_l1_l2/berti_spp/exp7_lru_mockingjay/654.roms_s-523B": 1760711450.7137132,
    "../results/pref_l1_l2/berti_spp/exp7_lru_mockingjay/657.xz_s-2302B": 1760711450.7137132,
    "../results/pref_l1_l2/berti_spp/exp10_srrip_drrip/600.perlbench_s-570B": 1760711450.7177134,
    "../results/pref_l1_l2/berti_spp/exp10_srrip_drrip/602.gcc_s-1850B": 1760711450.7177134,
    "../results/pref_l1_l2/berti_spp/exp10_srrip_drrip/602.gcc_s-2226B": 1760711450.7177134,
    "../results/pref_l1_l2/berti_spp/exp10_srrip_drrip/602.gcc_s-734B": 1760711450.7177134,
    "../results/pref_l1_l2/berti_spp/exp10_srrip_drrip/603.bwaves_s-1740B": 1760711450.7177134,
    "../results/pref_l1_l2/berti_spp/exp10_srrip_drrip/603.bwaves_s-2609B": 1760711450.7177134,
    "../results/pref_l1_l2/berti_spp/exp10_srrip_drrip/603.bwaves_s-2931B": 1760711450.7177134,
    "../results/pref_l1_l2/berti_spp/exp10_srrip_drrip/603.bwaves_s-891B": 1760711450.7177134,
    "../results/pref_l1_l2/berti_spp/exp10_srrip_drrip/605.mcf_s-1152B": 1760711450.7177134,
    "../results/pref_l1_l2/berti_spp/exp10_srrip_drrip/605.mcf_s-1536B": 1760711450.7177134,
    "../results/pref_l1_l2/berti_spp/exp10_srrip_drrip/605.mcf_s-1554B": 1760711450.7177134,
    "../results/pref_l1_l2/berti_spp/exp10_srrip_drrip/605.mcf_s-1644B": 1760711450.7177134,
    "../results/pref_l1_l2/berti_spp/exp10_srrip_drrip/605.mcf_s-472B": 1760711450.7177134,
    "../results/pref_l1_l2/berti_spp/exp10_srrip_drrip/605.mcf_s-484B": 1760711450.7177134,
    "../results/pref_l1_l2/berti_spp/exp10_srrip_drrip/605.mcf_s-665B": 1760711450.7177134,
    "../results/pref_l1_l2/berti_spp/exp10_srrip_drrip/605.mcf_s-782B": 1760711450.7177134,
    "../results/pref_l1_l2/berti_spp/exp10_srrip_drrip/605.mcf_s-994B": 1760711450.7177134,
    "../results/pref_l1_l2/berti_spp/exp10_srrip_drrip/607.cactuBSSN_s-2421B": 1760711450.7177134,
    "../results/pref_l1_l2/berti_spp/exp10_srrip_drrip/607.cactuBSSN_s-3477B": 1760711450.7177134,
    "../results/pref_l1_l2/berti_spp/exp10_srrip_drrip/607.cactuBSSN_s-4004B": 1760711450.7177134,
    "../results/pref_l1_l2/berti_spp/exp10_srrip_drrip/619.lbm_s-2676B": 1760711450.7177134,
    "../results/pref_l1_l2/berti_spp/exp10_srrip_drrip/619.lbm_s-2677B": 1760711450.7187133,
    "../results/pref_l1_l2/berti_spp/exp10_srrip_drrip/619.lbm_s-3766B": 1760711450.7187133,
    "../results/pref_l1_l2/berti_spp/exp10_srrip_drrip/619.lbm_s-4268B": 1760711450.7187133,
    "../results/pref_l1_l2/berti_spp/exp10_srrip_drrip/620.omnetpp_s-141B": 1760711450.7187133,
    "../results/pref_l1_l2/berti_spp/exp10_srrip_drrip/620.omnetpp_s-874B": 1760711450.7187133,
    "../results/pref_l1_l2/berti_spp/exp10_srrip_drrip/621.wrf_s-6673B": 1760711450.7187133,
    "../results/pref_l1_l2/berti_spp/exp10_srrip_drrip/621.wrf_s-8065B": 1760711450.7187133,
    "../results/pref_l1_l2/berti_spp/exp10_srrip_drrip/623.xalancbmk_s-10B": 1760711450.7187133,
    "../results/pref_l1_l2/berti_spp/exp10_srrip_drrip/623.xalancbmk_s-165B": 1760711450.7187133,
    "../results/pref_l1_l2/berti_spp/exp10_srrip_drrip/623.xalancbmk_s-202B": 1760711450.7187133,
    "../results/pref_l1_l2/berti_spp/exp10_srrip_drrip/625.x264_s-20B": 1760711450.7187133,
    "../results/pref_l1_l2/berti_spp/exp10_srrip_drrip/627.cam4_s-490B": 1760711450.7187133,
    "../results/pref_l1_l2/berti_spp/exp10_srrip_drrip/628.pop2_s-17B": 1760711450.7187133,
    "../results/pref_l1_l2/berti_spp/exp10_srrip_drrip/649.fotonik3d_s-10881B": 1760711450.7187133,
    "../results/pref_l1_l2/berti_spp/exp10_srrip_drrip/649.fotonik3d_s-1176B": 1760711450.7187133,
    "../results/pref_l1_l2/berti_spp/exp10_srrip_drrip/649.fotonik3d_s-7084B": 1760711450.7187133,
    "../results/pref_l1_l2/berti_spp/exp10_srrip_drrip/649.fotonik3d_s-8225B": 1760711450.7187133,
    "../results/pref_l1_l2/berti_spp/exp10_srrip_drrip/654.roms_s-1007B": 1760711450.7187133,
    "../results/pref_l1_l2/berti_spp/exp10_srrip_drrip/654.roms_s-1070B": 1760711450.7187133,
    "../results/pref_l1_l2/berti_spp/exp10_srrip_drrip/654.roms_s-1390B": 1760711450.7187133,
    "../results/pref_l1_l2/berti_spp/exp10_srrip_drrip/654.roms_s-293B": 1760711450.7187133,
    "../results/pref_l1_l2/berti_spp/exp10_srrip_drrip/654.roms_s-294B": 1760711450.7197132,
    "../results/pref_l1_l2/berti_spp/exp10_srrip_drrip/654.roms_s-523B": 1760711450.7197132,
    "../results/pref_l1_l2/berti_spp/exp10_srrip_drrip/657.xz_s-2302B": 1760711450.7197132,
    "../results/pref_l1_l2/bingo_ipcp/exp3_lru_drrip/600.perlbench_s-570B": 1761195258.113636,
    "../results/pref_l1_l2/bingo_ipcp/exp3_lru_drrip/602.gcc_s-1850B": 1761195200.8209944,
    "../results/pref_l1_l2/bingo_ipcp/exp3_lru_drrip/602.gcc_s-2226B": 1761195352.6866953,
    "../results/pref_l1_l2/bingo_ipcp/exp3_lru_drrip/602.gcc_s-734B": 1761195147.4913971,
    "../results/pref_l1_l2/bingo_ipcp/exp3_lru_drrip/603.bwaves_s-1740B": 1761195321.768349,
    "../results/pref_l1_l2/bingo_ipcp/exp3_lru_drrip/603.bwaves_s-2609B": 1761195141.326328,
    "../results/pref_l1_l2/bingo_ipcp/exp3_lru_drrip/603.bwaves_s-2931B": 1761195147.0533922,
    "../results/pref_l1_l2/bingo_ipcp/exp3_lru_drrip/603.bwaves_s-891B": 1761195048.1052845,
    "../results/pref_l1_l2/bingo_ipcp/exp3_lru_drrip/605.mcf_s-1152B": 1761195386.7790773,
    "../results/pref_l1_l2/bingo_ipcp/exp3_lru_drrip/605.mcf_s-1536B": 1761195582.5992713,
    "../results/pref_l1_l2/bingo_ipcp/exp3_lru_drrip/605.mcf_s-1554B": 1761195604.0454469,
    "../results/pref_l1_l2/bingo_ipcp/exp3_lru_drrip/605.mcf_s-1644B": 1761195772.8825612,
    "../results/pref_l1_l2/bingo_ipcp/exp3_lru_drrip/605.mcf_s-472B": 1761195480.652129,
    "../results/pref_l1_l2/bingo_ipcp/exp3_lru_drrip/605.mcf_s-484B": 1761195301.3911207,
    "../results/pref_l1_l2/bingo_ipcp/exp3_lru_drrip/605.mcf_s-665B": 1761195335.7345054,
    "../results/pref_l1_l2/bingo_ipcp/exp3_lru_drrip/605.mcf_s-782B": 1761195619.187538,
    "../results/pref_l1_l2/bingo_ipcp/exp3_lru_drrip/605.mcf_s-994B": 1761195431.4425776,
    "../results/pref_l1_l2/bingo_ipcp/exp3_lru_drrip/607.cactuBSSN_s-2421B": 1761195413.9193814,
    "../results/pref_l1_l2/bingo_ipcp/exp3_lru_drrip/607.cactuBSSN_s-3477B": 1761195454.498836,
    "../results/pref_l1_l2/bingo_ipcp/exp3_lru_drrip/607.cactuBSSN_s-4004B": 1761195215.1411545,
    "../results/pref_l1_l2/bingo_ipcp/exp3_lru_drrip/619.lbm_s-2676B": 1761195344.4396029,
    "../results/pref_l1_l2/bingo_ipcp/exp3_lru_drrip/619.lbm_s-2677B": 1761195427.5375338,
    "../results/pref_l1_l2/bingo_ipcp/exp3_lru_drrip/619.lbm_s-3766B": 1761195222.8992414,
    "../results/pref_l1_l2/bingo_ipcp/exp3_lru_drrip/619.lbm_s-4268B": 1761195528.1846616,
    "../results/pref_l1_l2/bingo_ipcp/exp3_lru_drrip/620.omnetpp_s-141B": 1761195493.768276,
    "../results/pref_l1_l2/bingo_ipcp/exp3_lru_drrip/620.omnetpp_s-874B": 1761195518.0375478,
    "../results/pref_l1_l2/bingo_ipcp/exp3_lru_drrip/621.wrf_s-6673B": 1761195238.9764216,
    "../results/pref_l1_l2/bingo_ipcp/exp3_lru_drrip/621.wrf_s-8065B": 1761195215.8551626,
    "../results/pref_l1_l2/bingo_ipcp/exp3_lru_drrip/623.xalancbmk_s-10B": 1761195359.1437676,
    "../results/pref_l1_l2/bingo_ipcp/exp3_lru_drrip/623.xalancbmk_s-165B": 1761195253.1345801,
    "../results/pref_l1_l2/bingo_ipcp/exp3_lru_drrip/623.xalancbmk_s-202B": 1761195258.1796367,
    "../results/pref_l1_l2/bingo_ipcp/exp3_lru_drrip/625.x264_s-20B": 1761195135.8442667,
    "../results/pref_l1_l2/bingo_ipcp/exp3_lru_drrip/627.cam4_s-490B": 1761195199.5259798,
    "../results/pref_l1_l2/bingo_ipcp/exp3_lru_drrip/628.pop2_s-17B": 1761195012.5798867,
    "../results/pref_l1_l2/bingo_ipcp/exp3_lru_drrip/649.fotonik3d_s-10881B": 1761195529.8636804,
    "../results/pref_l1_l2/bingo_ipcp/exp3_lru_drrip/649.fotonik3d_s-1176B": 1761195492.1362576,
    "../results/pref_l1_l2/bingo_ipcp/exp3_lru_drrip/649.fotonik3d_s-7084B": 1761195569.8371284,
    "../results/pref_l1_l2/bingo_ipcp/exp3_lru_drrip/649.fotonik3d_s-8225B": 1761195583.6882837,
    "../results/pref_l1_l2/bingo_ipcp/exp3_lru_drrip/654.roms_s-1007B": 1761195614.3205085,
    "../results/pref_l1_l2/bingo_ipcp/exp3_lru_drrip/654.roms_s-1070B": 1761195612.8704996,
    "../results/pref_l1_l2/bingo_ipcp/exp3_lru_drrip/654.roms_s-1390B": 1761195598.4624138,
    "../results/pref_l1_l2/bingo_ipcp/exp3_lru_drrip/654.roms_s-293B": 1761195608.8764756,
    "../results/pref_l1_l2/bingo_ipcp/exp3_lru_drrip/654.roms_s-294B": 1761195636.623645,
    "../results/pref_l1_l2/bingo_ipcp/exp3_lru_drrip/654.roms_s-523B": 1761195601.546432,
    "../results/pref_l1_l2/bingo_ipcp/exp3_lru_drrip/657.xz_s-2302B": 1761195577.8632183,
    "../results/pref_l1_l2/bingo_ipcp/exp4_lru_hawkeye/600.perlbench_s-570B": 1761196464.2795227,
    "../results/pref_l1_l2/bingo_ipcp/exp4_lru_hawkeye/602.gcc_s-1850B": 1761196483.356705,
    "../results/pref_l1_l2/bingo_ipcp/exp4_lru_hawkeye/602.gcc_s-2226B": 1761196858.5973837,
    "../results/pref_l1_l2/bingo_ipcp/exp4_lru_hawkeye/602.gcc_s-734B": 1761196630.3721275,
    "../results/pref_l1_l2/bingo_ipcp/exp4_lru_hawkeye/603.bwaves_s-1740B": 1761196683.2076454,
    "../results/pref_l1_l2/bingo_ipcp/exp4_lru_hawkeye/603.bwaves_s-2609B": 1761196682.062634,
    "../results/pref_l1_l2/bingo_ipcp/exp4_lru_hawkeye/603.bwaves_s-2931B": 1761196523.4880903,
    "../results/pref_l1_l2/bingo_ipcp/exp4_lru_hawkeye/603.bwaves_s-891B": 1761196430.3672,
    "../results/pref_l1_l2/bingo_ipcp/exp4_lru_hawkeye/605.mcf_s-1152B": 1761196823.726036,
    "../results/pref_l1_l2/bingo_ipcp/exp4_lru_hawkeye/605.mcf_s-1536B": 1761196971.4375148,
    "../results/pref_l1_l2/bingo_ipcp/exp4_lru_hawkeye/605.mcf_s-1554B": 1761196855.4673524,
    "../results/pref_l1_l2/bingo_ipcp/exp4_lru_hawkeye/605.mcf_s-1644B": 1761197087.7016883,
    "../results/pref_l1_l2/bingo_ipcp/exp4_lru_hawkeye/605.mcf_s-472B": 1761196766.5104675,
    "../results/pref_l1_l2/bingo_ipcp/exp4_lru_hawkeye/605.mcf_s-484B": 1761196840.3602018,
    "../results/pref_l1_l2/bingo_ipcp/exp4_lru_hawkeye/605.mcf_s-665B": 1761196741.2572176,
    "../results/pref_l1_l2/bingo_ipcp/exp4_lru_hawkeye/605.mcf_s-782B": 1761196995.4737568,
    "../results/pref_l1_l2/bingo_ipcp/exp4_lru_hawkeye/605.mcf_s-994B": 1761196773.328535,
    "../results/pref_l1_l2/bingo_ipcp/exp4_lru_hawkeye/607.cactuBSSN_s-2421B": 1761196608.4659138,
    "../results/pref_l1_l2/bingo_ipcp/exp4_lru_hawkeye/607.cactuBSSN_s-3477B": 1761196787.024671,
    "../results/pref_l1_l2/bingo_ipcp/exp4_lru_hawkeye/607.cactuBSSN_s-4004B": 1761196813.9259384,
    "../results/pref_l1_l2/bingo_ipcp/exp4_lru_hawkeye/619.lbm_s-2676B": 1761196680.1316152,
    "../results/pref_l1_l2/bingo_ipcp/exp4_lru_hawkeye/619.lbm_s-2677B": 1761196784.5756466,
    "../results/pref_l1_l2/bingo_ipcp/exp4_lru_hawkeye/619.lbm_s-3766B": 1761196595.1807845,
    "../results/pref_l1_l2/bingo_ipcp/exp4_lru_hawkeye/619.lbm_s-4268B": 1761196858.1663795,
    "../results/pref_l1_l2/bingo_ipcp/exp4_lru_hawkeye/620.omnetpp_s-141B": 1761196846.2812607,
    "../results/pref_l1_l2/bingo_ipcp/exp4_lru_hawkeye/620.omnetpp_s-874B": 1761196741.7582226,
    "../results/pref_l1_l2/bingo_ipcp/exp4_lru_hawkeye/621.wrf_s-6673B": 1761196718.2509904,
    "../results/pref_l1_l2/bingo_ipcp/exp4_lru_hawkeye/621.wrf_s-8065B": 1761196382.4127471,
    "../results/pref_l1_l2/bingo_ipcp/exp4_lru_hawkeye/623.xalancbmk_s-10B": 1761196540.3172526,
    "../results/pref_l1_l2/bingo_ipcp/exp4_lru_hawkeye/623.xalancbmk_s-165B": 1761196560.1594446,
    "../results/pref_l1_l2/bingo_ipcp/exp4_lru_hawkeye/623.xalancbmk_s-202B": 1761196572.0545597,
    "../results/pref_l1_l2/bingo_ipcp/exp4_lru_hawkeye/625.x264_s-20B": 1761196524.9421043,
    "../results/pref_l1_l2/bingo_ipcp/exp4_lru_hawkeye/627.cam4_s-490B": 1761196321.1901753,
    "../results/pref_l1_l2/bingo_ipcp/exp4_lru_hawkeye/628.pop2_s-17B": 1761196451.4654005,
    "../results/pref_l1_l2/bingo_ipcp/exp4_lru_hawkeye/649.fotonik3d_s-10881B": 1761196902.331821,
    "../results/pref_l1_l2/bingo_ipcp/exp4_lru_hawkeye/649.fotonik3d_s-1176B": 1761196730.5561118,
    "../results/pref_l1_l2/bingo_ipcp/exp4_lru_hawkeye/649.fotonik3d_s-7084B": 1761196840.1992002,
    "../results/pref_l1_l2/bingo_ipcp/exp4_lru_hawkeye/649.fotonik3d_s-8225B": 1761196901.1398091,
    "../results/pref_l1_l2/bingo_ipcp/exp4_lru_hawkeye/654.roms_s-1007B": 1761196924.4830432,
    "../results/pref_l1_l2/bingo_ipcp/exp4_lru_hawkeye/654.roms_s-1070B": 1761196934.12814,
    "../results/pref_l1_l2/bingo_ipcp/exp4_lru_hawkeye/654.roms_s-1390B": 1761196931.1841104,
    "../results/pref_l1_l2/bingo_ipcp/exp4_lru_hawkeye/654.roms_s-293B": 1761196935.3231518,
    "../results/pref_l1_l2/bingo_ipcp/exp4_lru_hawkeye/654.roms_s-294B": 1761196966.9314694,
    "../results/pref_l1_l2/bingo_ipcp/exp4_lru_hawkeye/654.roms_s-523B": 1761196953.9833393,
    "../results/pref_l1_l2/bingo_ipcp/exp4_lru_hawkeye/657.xz_s-2302B": 1761196952.7873273,
    "../results/pref_l1_l2/bingo_ipcp/exp2_lru_srrip/600.perlbench_s-570B": 1761194075.3744328,
    "../results/pref_l1_l2/bingo_ipcp/exp2_lru_srrip/602.gcc_s-1850B": 1761193923.2387497,
    "../results/pref_l1_l2/bingo_ipcp/exp2_lru_srrip/602.gcc_s-2226B": 1761194091.5916126,
    "../results/pref_l1_l2/bingo_ipcp/exp2_lru_srrip/602.gcc_s-734B": 1761194043.623081,
    "../results/pref_l1_l2/bingo_ipcp/exp2_lru_srrip/603.bwaves_s-1740B": 1761193974.3753147,
    "../results/pref_l1_l2/bingo_ipcp/exp2_lru_srrip/603.bwaves_s-2609B": 1761193988.960476,
    "../results/pref_l1_l2/bingo_ipcp/exp2_lru_srrip/603.bwaves_s-2931B": 1761194049.023141,
    "../results/pref_l1_l2/bingo_ipcp/exp2_lru_srrip/603.bwaves_s-891B": 1761193667.075935,
    "../results/pref_l1_l2/bingo_ipcp/exp2_lru_srrip/605.mcf_s-1152B": 1761194134.1150844,
    "../results/pref_l1_l2/bingo_ipcp/exp2_lru_srrip/605.mcf_s-1536B": 1761194290.0118172,
    "../results/pref_l1_l2/bingo_ipcp/exp2_lru_srrip/605.mcf_s-1554B": 1761194299.7159252,
    "../results/pref_l1_l2/bingo_ipcp/exp2_lru_srrip/605.mcf_s-1644B": 1761194445.2625468,
    "../results/pref_l1_l2/bingo_ipcp/exp2_lru_srrip/605.mcf_s-472B": 1761194215.6849904,
    "../results/pref_l1_l2/bingo_ipcp/exp2_lru_srrip/605.mcf_s-484B": 1761194235.1242065,
    "../results/pref_l1_l2/bingo_ipcp/exp2_lru_srrip/605.mcf_s-665B": 1761193945.444995,
    "../results/pref_l1_l2/bingo_ipcp/exp2_lru_srrip/605.mcf_s-782B": 1761194279.7227027,
    "../results/pref_l1_l2/bingo_ipcp/exp2_lru_srrip/605.mcf_s-994B": 1761193943.6109748,
    "../results/pref_l1_l2/bingo_ipcp/exp2_lru_srrip/607.cactuBSSN_s-2421B": 1761194109.4188104,
    "../results/pref_l1_l2/bingo_ipcp/exp2_lru_srrip/607.cactuBSSN_s-3477B": 1761194148.9852495,
    "../results/pref_l1_l2/bingo_ipcp/exp2_lru_srrip/607.cactuBSSN_s-4004B": 1761194042.5240688,
    "../results/pref_l1_l2/bingo_ipcp/exp2_lru_srrip/619.lbm_s-2676B": 1761193969.064256,
    "../results/pref_l1_l2/bingo_ipcp/exp2_lru_srrip/619.lbm_s-2677B": 1761194249.3443646,
    "../results/pref_l1_l2/bingo_ipcp/exp2_lru_srrip/619.lbm_s-3766B": 1761193910.288607,
    "../results/pref_l1_l2/bingo_ipcp/exp2_lru_srrip/619.lbm_s-4268B": 1761194232.4231765,
    "../results/pref_l1_l2/bingo_ipcp/exp2_lru_srrip/620.omnetpp_s-141B": 1761194156.866337,
    "../results/pref_l1_l2/bingo_ipcp/exp2_lru_srrip/620.omnetpp_s-874B": 1761194100.1327074,
    "../results/pref_l1_l2/bingo_ipcp/exp2_lru_srrip/621.wrf_s-6673B": 1761193848.4029245,
    "../results/pref_l1_l2/bingo_ipcp/exp2_lru_srrip/621.wrf_s-8065B": 1761193967.5562394,
    "../results/pref_l1_l2/bingo_ipcp/exp2_lru_srrip/623.xalancbmk_s-10B": 1761193919.193705,
    "../results/pref_l1_l2/bingo_ipcp/exp2_lru_srrip/623.xalancbmk_s-165B": 1761193762.778983,
    "../results/pref_l1_l2/bingo_ipcp/exp2_lru_srrip/623.xalancbmk_s-202B": 1761193824.0806568,
    "../results/pref_l1_l2/bingo_ipcp/exp2_lru_srrip/625.x264_s-20B": 1761193726.3315833,
    "../results/pref_l1_l2/bingo_ipcp/exp2_lru_srrip/627.cam4_s-490B": 1761193886.7863476,
    "../results/pref_l1_l2/bingo_ipcp/exp2_lru_srrip/628.pop2_s-17B": 1761193705.578356,
    "../results/pref_l1_l2/bingo_ipcp/exp2_lru_srrip/649.fotonik3d_s-10881B": 1761194120.457933,
    "../results/pref_l1_l2/bingo_ipcp/exp2_lru_srrip/649.fotonik3d_s-1176B": 1761194114.079862,
    "../results/pref_l1_l2/bingo_ipcp/exp2_lru_srrip/649.fotonik3d_s-7084B": 1761194168.3554647,
    "../results/pref_l1_l2/bingo_ipcp/exp2_lru_srrip/649.fotonik3d_s-8225B": 1761194146.869226,
    "../results/pref_l1_l2/bingo_ipcp/exp2_lru_srrip/654.roms_s-1007B": 1761194247.5473447,
    "../results/pref_l1_l2/bingo_ipcp/exp2_lru_srrip/654.roms_s-1070B": 1761194317.5131233,
    "../results/pref_l1_l2/bingo_ipcp/exp2_lru_srrip/654.roms_s-1390B": 1761194241.009272,
    "../results/pref_l1_l2/bingo_ipcp/exp2_lru_srrip/654.roms_s-293B": 1761194308.1060185,
    "../results/pref_l1_l2/bingo_ipcp/exp2_lru_srrip/654.roms_s-294B": 1761194326.8682275,
    "../results/pref_l1_l2/bingo_ipcp/exp2_lru_srrip/654.roms_s-523B": 1761194300.4579334,
    "../results/pref_l1_l2/bingo_ipcp/exp2_lru_srrip/657.xz_s-2302B": 1761194277.6566796,
    "../results/pref_l1_l2/bingo_ipcp/exp5_lru_ship/600.perlbench_s-570B": 1761198000.4347117,
    "../results/pref_l1_l2/bingo_ipcp/exp5_lru_ship/602.gcc_s-1850B": 1761198048.8452747,
    "../results/pref_l1_l2/bingo_ipcp/exp5_lru_ship/602.gcc_s-2226B": 1761198016.9409041,
    "../results/pref_l1_l2/bingo_ipcp/exp5_lru_ship/602.gcc_s-734B": 1761198020.190942,
    "../results/pref_l1_l2/bingo_ipcp/exp5_lru_ship/603.bwaves_s-1740B": 1761197919.0317538,
    "../results/pref_l1_l2/bingo_ipcp/exp5_lru_ship/603.bwaves_s-2609B": 1761197806.8764071,
    "../results/pref_l1_l2/bingo_ipcp/exp5_lru_ship/603.bwaves_s-2931B": 1761197986.8255525,
    "../results/pref_l1_l2/bingo_ipcp/exp5_lru_ship/603.bwaves_s-891B": 1761197604.3719645,
    "../results/pref_l1_l2/bingo_ipcp/exp5_lru_ship/605.mcf_s-1152B": 1761197946.866083,
    "../results/pref_l1_l2/bingo_ipcp/exp5_lru_ship/605.mcf_s-1536B": 1761198210.475125,
    "../results/pref_l1_l2/bingo_ipcp/exp5_lru_ship/605.mcf_s-1554B": 1761198190.6889007,
    "../results/pref_l1_l2/bingo_ipcp/exp5_lru_ship/605.mcf_s-1644B": 1761198422.8315036,
    "../results/pref_l1_l2/bingo_ipcp/exp5_lru_ship/605.mcf_s-472B": 1761198174.1147125,
    "../results/pref_l1_l2/bingo_ipcp/exp5_lru_ship/605.mcf_s-484B": 1761198039.1711626,
    "../results/pref_l1_l2/bingo_ipcp/exp5_lru_ship/605.mcf_s-665B": 1761198127.3141782,
    "../results/pref_l1_l2/bingo_ipcp/exp5_lru_ship/605.mcf_s-782B": 1761198270.870807,
    "../results/pref_l1_l2/bingo_ipcp/exp5_lru_ship/605.mcf_s-994B": 1761198019.16693,
    "../results/pref_l1_l2/bingo_ipcp/exp5_lru_ship/607.cactuBSSN_s-2421B": 1761197899.8555257,
    "../results/pref_l1_l2/bingo_ipcp/exp5_lru_ship/607.cactuBSSN_s-3477B": 1761198114.5120316,
    "../results/pref_l1_l2/bingo_ipcp/exp5_lru_ship/607.cactuBSSN_s-4004B": 1761198047.504259,
    "../results/pref_l1_l2/bingo_ipcp/exp5_lru_ship/619.lbm_s-2676B": 1761197900.285531,
    "../results/pref_l1_l2/bingo_ipcp/exp5_lru_ship/619.lbm_s-2677B": 1761198116.9480596,
    "../results/pref_l1_l2/bingo_ipcp/exp5_lru_ship/619.lbm_s-3766B": 1761197793.9962504,
    "../results/pref_l1_l2/bingo_ipcp/exp5_lru_ship/619.lbm_s-4268B": 1761198204.8230612,
    "../results/pref_l1_l2/bingo_ipcp/exp5_lru_ship/620.omnetpp_s-141B": 1761197993.7436335,
    "../results/pref_l1_l2/bingo_ipcp/exp5_lru_ship/620.omnetpp_s-874B": 1761198078.1726136,
    "../results/pref_l1_l2/bingo_ipcp/exp5_lru_ship/621.wrf_s-6673B": 1761197774.265009,
    "../results/pref_l1_l2/bingo_ipcp/exp5_lru_ship/621.wrf_s-8065B": 1761197885.6043558,
    "../results/pref_l1_l2/bingo_ipcp/exp5_lru_ship/623.xalancbmk_s-10B": 1761197922.1487906,
    "../results/pref_l1_l2/bingo_ipcp/exp5_lru_ship/623.xalancbmk_s-165B": 1761197741.1266007,
    "../results/pref_l1_l2/bingo_ipcp/exp5_lru_ship/623.xalancbmk_s-202B": 1761197758.9108202,
    "../results/pref_l1_l2/bingo_ipcp/exp5_lru_ship/625.x264_s-20B": 1761197870.9191802,
    "../results/pref_l1_l2/bingo_ipcp/exp5_lru_ship/627.cam4_s-490B": 1761197796.7912843,
    "../results/pref_l1_l2/bingo_ipcp/exp5_lru_ship/628.pop2_s-17B": 1761197833.341728,
    "../results/pref_l1_l2/bingo_ipcp/exp5_lru_ship/649.fotonik3d_s-10881B": 1761198220.6442404,
    "../results/pref_l1_l2/bingo_ipcp/exp5_lru_ship/649.fotonik3d_s-1176B": 1761198103.147901,
    "../results/pref_l1_l2/bingo_ipcp/exp5_lru_ship/649.fotonik3d_s-7084B": 1761198222.7802644,
    "../results/pref_l1_l2/bingo_ipcp/exp5_lru_ship/649.fotonik3d_s-8225B": 1761198146.8474016,
    "../results/pref_l1_l2/bingo_ipcp/exp5_lru_ship/654.roms_s-1007B": 1761198271.8148174,
    "../results/pref_l1_l2/bingo_ipcp/exp5_lru_ship/654.roms_s-1070B": 1761198290.8400311,
    "../results/pref_l1_l2/bingo_ipcp/exp5_lru_ship/654.roms_s-1390B": 1761198279.584905,
    "../results/pref_l1_l2/bingo_ipcp/exp5_lru_ship/654.roms_s-293B": 1761198261.3226993,
    "../results/pref_l1_l2/bingo_ipcp/exp5_lru_ship/654.roms_s-294B": 1761198255.973639,
    "../results/pref_l1_l2/bingo_ipcp/exp5_lru_ship/654.roms_s-523B": 1761198272.5988262,
    "../results/pref_l1_l2/bingo_ipcp/exp5_lru_ship/657.xz_s-2302B": 1761198272.9208298,
    "../results/pref_l1_l2/bingo_ipcp/exp_lru_lru/600.perlbench_s-570B": 1761126819.4048474,
    "../results/pref_l1_l2/bingo_ipcp/exp_lru_lru/602.gcc_s-1850B": 1761126887.90856,
    "../results/pref_l1_l2/bingo_ipcp/exp_lru_lru/602.gcc_s-2226B": 1761126911.4718058,
    "../results/pref_l1_l2/bingo_ipcp/exp_lru_lru/602.gcc_s-734B": 1761126936.2240648,
    "../results/pref_l1_l2/bingo_ipcp/exp_lru_lru/603.bwaves_s-1740B": 1761126898.2416677,
    "../results/pref_l1_l2/bingo_ipcp/exp_lru_lru/603.bwaves_s-2609B": 1761126740.3310306,
    "../results/pref_l1_l2/bingo_ipcp/exp_lru_lru/603.bwaves_s-2931B": 1761126818.4808378,
    "../results/pref_l1_l2/bingo_ipcp/exp_lru_lru/603.bwaves_s-891B": 1761126664.9022577,
    "../results/pref_l1_l2/bingo_ipcp/exp_lru_lru/605.mcf_s-1152B": 1761127011.7528574,
    "../results/pref_l1_l2/bingo_ipcp/exp_lru_lru/605.mcf_s-1536B": 1761127196.6948128,
    "../results/pref_l1_l2/bingo_ipcp/exp_lru_lru/605.mcf_s-1554B": 1761127171.0285404,
    "../results/pref_l1_l2/bingo_ipcp/exp_lru_lru/605.mcf_s-1644B": 1761127361.751571,
    "../results/pref_l1_l2/bingo_ipcp/exp_lru_lru/605.mcf_s-472B": 1761127074.4835184,
    "../results/pref_l1_l2/bingo_ipcp/exp_lru_lru/605.mcf_s-484B": 1761126939.6031,
    "../results/pref_l1_l2/bingo_ipcp/exp_lru_lru/605.mcf_s-665B": 1761126877.7264538,
    "../results/pref_l1_l2/bingo_ipcp/exp_lru_lru/605.mcf_s-782B": 1761127225.8401225,
    "../results/pref_l1_l2/bingo_ipcp/exp_lru_lru/605.mcf_s-994B": 1761127049.9172592,
    "../results/pref_l1_l2/bingo_ipcp/exp_lru_lru/607.cactuBSSN_s-2421B": 1761127017.2679155,
    "../results/pref_l1_l2/bingo_ipcp/exp_lru_lru/607.cactuBSSN_s-3477B": 1761127014.5338867,
    "../results/pref_l1_l2/bingo_ipcp/exp_lru_lru/607.cactuBSSN_s-4004B": 1761127029.879048,
    "../results/pref_l1_l2/bingo_ipcp/exp_lru_lru/619.lbm_s-2676B": 1761127039.4891493,
    "../results/pref_l1_l2/bingo_ipcp/exp_lru_lru/619.lbm_s-2677B": 1761127170.6685364,
    "../results/pref_l1_l2/bingo_ipcp/exp_lru_lru/619.lbm_s-3766B": 1761126863.0653012,
    "../results/pref_l1_l2/bingo_ipcp/exp_lru_lru/619.lbm_s-4268B": 1761127050.9672704,
    "../results/pref_l1_l2/bingo_ipcp/exp_lru_lru/620.omnetpp_s-141B": 1761127069.8244693,
    "../results/pref_l1_l2/bingo_ipcp/exp_lru_lru/620.omnetpp_s-874B": 1761126909.7077875,
    "../results/pref_l1_l2/bingo_ipcp/exp_lru_lru/621.wrf_s-6673B": 1761126933.9830413,
    "../results/pref_l1_l2/bingo_ipcp/exp_lru_lru/621.wrf_s-8065B": 1761126903.740725,
    "../results/pref_l1_l2/bingo_ipcp/exp_lru_lru/623.xalancbmk_s-10B": 1761126944.5891523,
    "../results/pref_l1_l2/bingo_ipcp/exp_lru_lru/623.xalancbmk_s-165B": 1761126675.0933619,
    "../results/pref_l1_l2/bingo_ipcp/exp_lru_lru/623.xalancbmk_s-202B": 1761126799.0206363,
    "../results/pref_l1_l2/bingo_ipcp/exp_lru_lru/625.x264_s-20B": 1761126802.1086683,
    "../results/pref_l1_l2/bingo_ipcp/exp_lru_lru/627.cam4_s-490B": 1761126738.9760168,
    "../results/pref_l1_l2/bingo_ipcp/exp_lru_lru/628.pop2_s-17B": 1761126686.2994764,
    "../results/pref_l1_l2/bingo_ipcp/exp_lru_lru/649.fotonik3d_s-10881B": 1761127163.8664644,
    "../results/pref_l1_l2/bingo_ipcp/exp_lru_lru/649.fotonik3d_s-1176B": 1761127121.3910143,
    "../results/pref_l1_l2/bingo_ipcp/exp_lru_lru/649.fotonik3d_s-7084B": 1761127124.8010504,
    "../results/pref_l1_l2/bingo_ipcp/exp_lru_lru/649.fotonik3d_s-8225B": 1761127115.1819487,
    "../results/pref_l1_l2/bingo_ipcp/exp_lru_lru/654.roms_s-1007B": 1761127208.0499332,
    "../results/pref_l1_l2/bingo_ipcp/exp_lru_lru/654.roms_s-1070B": 1761127219.232052,
    "../results/pref_l1_l2/bingo_ipcp/exp_lru_lru/654.roms_s-1390B": 1761127214.7320044,
    "../results/pref_l1_l2/bingo_ipcp/exp_lru_lru/654.roms_s-293B": 1761127237.270244,
    "../results/pref_l1_l2/bingo_ipcp/exp_lru_lru/654.roms_s-294B": 1761127233.6832058,
    "../results/pref_l1_l2/bingo_ipcp/exp_lru_lru/654.roms_s-523B": 1761127195.9238045,
    "../results/pref_l1_l2/bingo_ipcp/exp_lru_lru/657.xz_s-2302B": 1761127216.324021,
    "../results/pref_l1_l2/bingo_ipcp/exp6_lru_ship++/600.perlbench_s-570B": 1761199109.9109812,
    "../results/pref_l1_l2/bingo_ipcp/exp6_lru_ship++/602.gcc_s-1850B": 1761199144.4703524,
    "../results/pref_l1_l2/bingo_ipcp/exp6_lru_ship++/602.gcc_s-2226B": 1761199302.4240468,
    "../results/pref_l1_l2/bingo_ipcp/exp6_lru_ship++/602.gcc_s-734B": 1761199250.741493,
    "../results/pref_l1_l2/bingo_ipcp/exp6_lru_ship++/603.bwaves_s-1740B": 1761199089.6687634,
    "../results/pref_l1_l2/bingo_ipcp/exp6_lru_ship++/603.bwaves_s-2609B": 1761199276.6077702,
    "../results/pref_l1_l2/bingo_ipcp/exp6_lru_ship++/603.bwaves_s-2931B": 1761199289.0619037,
    "../results/pref_l1_l2/bingo_ipcp/exp6_lru_ship++/603.bwaves_s-891B": 1761199055.7663987,
    "../results/pref_l1_l2/bingo_ipcp/exp6_lru_ship++/605.mcf_s-1152B": 1761199328.7483287,
    "../results/pref_l1_l2/bingo_ipcp/exp6_lru_ship++/605.mcf_s-1536B": 1761199562.5408287,
    "../results/pref_l1_l2/bingo_ipcp/exp6_lru_ship++/605.mcf_s-1554B": 1761199504.7482114,
    "../results/pref_l1_l2/bingo_ipcp/exp6_lru_ship++/605.mcf_s-1644B": 1761199695.3282893,
    "../results/pref_l1_l2/bingo_ipcp/exp6_lru_ship++/605.mcf_s-472B": 1761199367.1377397,
    "../results/pref_l1_l2/bingo_ipcp/exp6_lru_ship++/605.mcf_s-484B": 1761199264.2106373,
    "../results/pref_l1_l2/bingo_ipcp/exp6_lru_ship++/605.mcf_s-665B": 1761199371.552787,
    "../results/pref_l1_l2/bingo_ipcp/exp6_lru_ship++/605.mcf_s-782B": 1761199574.5799572,
    "../results/pref_l1_l2/bingo_ipcp/exp6_lru_ship++/605.mcf_s-994B": 1761199503.2521954,
    "../results/pref_l1_l2/bingo_ipcp/exp6_lru_ship++/607.cactuBSSN_s-2421B": 1761199280.510812,
    "../results/pref_l1_l2/bingo_ipcp/exp6_lru_ship++/607.cactuBSSN_s-3477B": 1761199294.977967,
    "../results/pref_l1_l2/bingo_ipcp/exp6_lru_ship++/607.cactuBSSN_s-4004B": 1761199232.6832993,
    "../results/pref_l1_l2/bingo_ipcp/exp6_lru_ship++/619.lbm_s-2676B": 1761199436.594483,
    "../results/pref_l1_l2/bingo_ipcp/exp6_lru_ship++/619.lbm_s-2677B": 1761199430.9564226,
    "../results/pref_l1_l2/bingo_ipcp/exp6_lru_ship++/619.lbm_s-3766B": 1761199286.5068762,
    "../results/pref_l1_l2/bingo_ipcp/exp6_lru_ship++/619.lbm_s-4268B": 1761199473.2598748,
    "../results/pref_l1_l2/bingo_ipcp/exp6_lru_ship++/620.omnetpp_s-141B": 1761199390.895994,
    "../results/pref_l1_l2/bingo_ipcp/exp6_lru_ship++/620.omnetpp_s-874B": 1761199400.2940946,
    "../results/pref_l1_l2/bingo_ipcp/exp6_lru_ship++/621.wrf_s-6673B": 1761199306.3720891,
    "../results/pref_l1_l2/bingo_ipcp/exp6_lru_ship++/621.wrf_s-8065B": 1761199221.4441788,
    "../results/pref_l1_l2/bingo_ipcp/exp6_lru_ship++/623.xalancbmk_s-10B": 1761199154.3354585,
    "../results/pref_l1_l2/bingo_ipcp/exp6_lru_ship++/623.xalancbmk_s-165B": 1761199257.550566,
    "../results/pref_l1_l2/bingo_ipcp/exp6_lru_ship++/623.xalancbmk_s-202B": 1761199060.2834473,
    "../results/pref_l1_l2/bingo_ipcp/exp6_lru_ship++/625.x264_s-20B": 1761199182.5557616,
    "../results/pref_l1_l2/bingo_ipcp/exp6_lru_ship++/627.cam4_s-490B": 1761199162.8425498,
    "../results/pref_l1_l2/bingo_ipcp/exp6_lru_ship++/628.pop2_s-17B": 1761199189.8168395,
    "../results/pref_l1_l2/bingo_ipcp/exp6_lru_ship++/649.fotonik3d_s-10881B": 1761199563.216836,
    "../results/pref_l1_l2/bingo_ipcp/exp6_lru_ship++/649.fotonik3d_s-1176B": 1761199511.3872824,
    "../results/pref_l1_l2/bingo_ipcp/exp6_lru_ship++/649.fotonik3d_s-7084B": 1761199490.3270571,
    "../results/pref_l1_l2/bingo_ipcp/exp6_lru_ship++/649.fotonik3d_s-8225B": 1761199492.095076,
    "../results/pref_l1_l2/bingo_ipcp/exp6_lru_ship++/654.roms_s-1007B": 1761199546.3906562,
    "../results/pref_l1_l2/bingo_ipcp/exp6_lru_ship++/654.roms_s-1070B": 1761199609.8933344,
    "../results/pref_l1_l2/bingo_ipcp/exp6_lru_ship++/654.roms_s-1390B": 1761199572.870939,
    "../results/pref_l1_l2/bingo_ipcp/exp6_lru_ship++/654.roms_s-293B": 1761199560.1088028,
    "../results/pref_l1_l2/bingo_ipcp/exp6_lru_ship++/654.roms_s-294B": 1761199602.355254,
    "../results/pref_l1_l2/bingo_ipcp/exp6_lru_ship++/654.roms_s-523B": 1761199583.074048,
    "../results/pref_l1_l2/bingo_ipcp/exp6_lru_ship++/657.xz_s-2302B": 1761199583.5670533,
    "../results/pref_l1_l2/IpStride_spp/exp12_srrip_ship/600.perlbench_s-570B": 1760812664.2568655,
    "../results/pref_l1_l2/IpStride_spp/exp12_srrip_ship/602.gcc_s-1850B": 1760812759.4080956,
    "../results/pref_l1_l2/IpStride_spp/exp12_srrip_ship/602.gcc_s-2226B": 1760812751.2879918,
    "../results/pref_l1_l2/IpStride_spp/exp12_srrip_ship/602.gcc_s-734B": 1760812908.0439613,
    "../results/pref_l1_l2/IpStride_spp/exp12_srrip_ship/603.bwaves_s-1740B": 1760812741.1098614,
    "../results/pref_l1_l2/IpStride_spp/exp12_srrip_ship/603.bwaves_s-2609B": 1760812658.8747947,
    "../results/pref_l1_l2/IpStride_spp/exp12_srrip_ship/603.bwaves_s-2931B": 1760812719.613585,
    "../results/pref_l1_l2/IpStride_spp/exp12_srrip_ship/603.bwaves_s-891B": 1760812516.4570332,
    "../results/pref_l1_l2/IpStride_spp/exp12_srrip_ship/605.mcf_s-1152B": 1760812848.6392229,
    "../results/pref_l1_l2/IpStride_spp/exp12_srrip_ship/605.mcf_s-1536B": 1760812892.9407744,
    "../results/pref_l1_l2/IpStride_spp/exp12_srrip_ship/605.mcf_s-1554B": 1760813110.2774172,
    "../results/pref_l1_l2/IpStride_spp/exp12_srrip_ship/605.mcf_s-1644B": 1760813170.0701294,
    "../results/pref_l1_l2/IpStride_spp/exp12_srrip_ship/605.mcf_s-472B": 1760813024.5403857,
    "../results/pref_l1_l2/IpStride_spp/exp12_srrip_ship/605.mcf_s-484B": 1760812938.2103329,
    "../results/pref_l1_l2/IpStride_spp/exp12_srrip_ship/605.mcf_s-665B": 1760812784.89242,
    "../results/pref_l1_l2/IpStride_spp/exp12_srrip_ship/605.mcf_s-782B": 1760812859.0753531,
    "../results/pref_l1_l2/IpStride_spp/exp12_srrip_ship/605.mcf_s-994B": 1760812854.4182951,
    "../results/pref_l1_l2/IpStride_spp/exp12_srrip_ship/607.cactuBSSN_s-2421B": 1760812869.2204797,
    "../results/pref_l1_l2/IpStride_spp/exp12_srrip_ship/607.cactuBSSN_s-3477B": 1760812873.1645288,
    "../results/pref_l1_l2/IpStride_spp/exp12_srrip_ship/607.cactuBSSN_s-4004B": 1760812805.3956795,
    "../results/pref_l1_l2/IpStride_spp/exp12_srrip_ship/619.lbm_s-2676B": 1760812861.773387,
    "../results/pref_l1_l2/IpStride_spp/exp12_srrip_ship/619.lbm_s-2677B": 1760813042.9086077,
    "../results/pref_l1_l2/IpStride_spp/exp12_srrip_ship/619.lbm_s-3766B": 1760812699.3963234,
    "../results/pref_l1_l2/IpStride_spp/exp12_srrip_ship/619.lbm_s-4268B": 1760813049.627689,
    "../results/pref_l1_l2/IpStride_spp/exp12_srrip_ship/620.omnetpp_s-141B": 1760812949.4694712,
    "../results/pref_l1_l2/IpStride_spp/exp12_srrip_ship/620.omnetpp_s-874B": 1760812876.392569,
    "../results/pref_l1_l2/IpStride_spp/exp12_srrip_ship/621.wrf_s-6673B": 1760812830.1589913,
    "../results/pref_l1_l2/IpStride_spp/exp12_srrip_ship/621.wrf_s-8065B": 1760812799.333603,
    "../results/pref_l1_l2/IpStride_spp/exp12_srrip_ship/623.xalancbmk_s-10B": 1760812887.5317073,
    "../results/pref_l1_l2/IpStride_spp/exp12_srrip_ship/623.xalancbmk_s-165B": 1760812640.2905502,
    "../results/pref_l1_l2/IpStride_spp/exp12_srrip_ship/623.xalancbmk_s-202B": 1760812841.0761282,
    "../results/pref_l1_l2/IpStride_spp/exp12_srrip_ship/625.x264_s-20B": 1760812662.32884,
    "../results/pref_l1_l2/IpStride_spp/exp12_srrip_ship/627.cam4_s-490B": 1760812720.871601,
    "../results/pref_l1_l2/IpStride_spp/exp12_srrip_ship/628.pop2_s-17B": 1760812551.4704099,
    "../results/pref_l1_l2/IpStride_spp/exp12_srrip_ship/649.fotonik3d_s-10881B": 1760812925.2331734,
    "../results/pref_l1_l2/IpStride_spp/exp12_srrip_ship/649.fotonik3d_s-1176B": 1760812889.4577312,
    "../results/pref_l1_l2/IpStride_spp/exp12_srrip_ship/649.fotonik3d_s-7084B": 1760813022.9893668,
    "../results/pref_l1_l2/IpStride_spp/exp12_srrip_ship/649.fotonik3d_s-8225B": 1760813038.6525564,
    "../results/pref_l1_l2/IpStride_spp/exp12_srrip_ship/654.roms_s-1007B": 1760813097.240261,
    "../results/pref_l1_l2/IpStride_spp/exp12_srrip_ship/654.roms_s-1070B": 1760813091.5381927,
    "../results/pref_l1_l2/IpStride_spp/exp12_srrip_ship/654.roms_s-1390B": 1760813076.9150171,
    "../results/pref_l1_l2/IpStride_spp/exp12_srrip_ship/654.roms_s-293B": 1760813089.7391713,
    "../results/pref_l1_l2/IpStride_spp/exp12_srrip_ship/654.roms_s-294B": 1760813090.5061803,
    "../results/pref_l1_l2/IpStride_spp/exp12_srrip_ship/654.roms_s-523B": 1760813124.6285884,
    "../results/pref_l1_l2/IpStride_spp/exp12_srrip_ship/657.xz_s-2302B": 1760813079.727051,
    "../results/pref_l1_l2/IpStride_spp/exp1_lru_lru/600.perlbench_s-570B": 1760711450.7277133,
    "../results/pref_l1_l2/IpStride_spp/exp1_lru_lru/602.gcc_s-1850B": 1760711450.7277133,
    "../results/pref_l1_l2/IpStride_spp/exp1_lru_lru/602.gcc_s-2226B": 1760711450.7277133,
    "../results/pref_l1_l2/IpStride_spp/exp1_lru_lru/602.gcc_s-734B": 1760711450.7277133,
    "../results/pref_l1_l2/IpStride_spp/exp1_lru_lru/603.bwaves_s-1740B": 1760711450.7277133,
    "../results/pref_l1_l2/IpStride_spp/exp1_lru_lru/603.bwaves_s-2609B": 1760711450.7277133,
    "../results/pref_l1_l2/IpStride_spp/exp1_lru_lru/603.bwaves_s-2931B": 1760711450.7277133,
    "../results/pref_l1_l2/IpStride_spp/exp1_lru_lru/603.bwaves_s-891B": 1760711450.7277133,
    "../results/pref_l1_l2/IpStride_spp/exp1_lru_lru/605.mcf_s-1152B": 1760711450.7277133,
    "../results/pref_l1_l2/IpStride_spp/exp1_lru_lru/605.mcf_s-1536B": 1760711450.7277133,
    "../results/pref_l1_l2/IpStride_spp/exp1_lru_lru/605.mcf_s-1554B": 1760711450.7277133,
    "../results/pref_l1_l2/IpStride_spp/exp1_lru_lru/605.mcf_s-1644B": 1760711450.7277133,
    "../results/pref_l1_l2/IpStride_spp/exp1_lru_lru/605.mcf_s-472B": 1760711450.7277133,
    "../results/pref_l1_l2/IpStride_spp/exp1_lru_lru/605.mcf_s-484B": 1760711450.7277133,
    "../results/pref_l1_l2/IpStride_spp/exp1_lru_lru/605.mcf_s-665B": 1760711450.7277133,
    "../results/pref_l1_l2/IpStride_spp/exp1_lru_lru/605.mcf_s-782B": 1760711450.7277133,
    "../results/pref_l1_l2/IpStride_spp/exp1_lru_lru/605.mcf_s-994B": 1760711450.7277133,
    "../results/pref_l1_l2/IpStride_spp/exp1_lru_lru/607.cactuBSSN_s-2421B": 1760711450.7277133,
    "../results/pref_l1_l2/IpStride_spp/exp1_lru_lru/607.cactuBSSN_s-3477B": 1760711450.7277133,
    "../results/pref_l1_l2/IpStride_spp/exp1_lru_lru/607.cactuBSSN_s-4004B": 1760711450.7277133,
    "../results/pref_l1_l2/IpStride_spp/exp1_lru_lru/619.lbm_s-2676B": 1760711450.7277133,
    "../results/pref_l1_l2/IpStride_spp/exp1_lru_lru/619.lbm_s-2677B": 1760711450.7287133,
    "../results/pref_l1_l2/IpStride_spp/exp1_lru_lru/619.lbm_s-3766B": 1760711450.7287133,
    "../results/pref_l1_l2/IpStride_spp/exp1_lru_lru/619.lbm_s-4268B": 1760711450.7287133,
    "../results/pref_l1_l2/IpStride_spp/exp1_lru_lru/620.omnetpp_s-141B": 1760711450.7287133,
    "../results/pref_l1_l2/IpStride_spp/exp1_lru_lru/620.omnetpp_s-874B": 1760711450.7287133,
    "../results/pref_l1_l2/IpStride_spp/exp1_lru_lru/621.wrf_s-6673B": 1760711450.7287133,
    "../results/pref_l1_l2/IpStride_spp/exp1_lru_lru/621.wrf_s-8065B": 1760711450.7287133,
    "../results/pref_l1_l2/IpStride_spp/exp1_lru_lru/623.xalancbmk_s-10B": 1760711450.7287133,
    "../results/pref_l1_l2/IpStride_spp/exp1_lru_lru/623.xalancbmk_s-165B": 1760711450.7287133,
    "../results/pref_l1_l2/IpStride_spp/exp1_lru_lru/623.xalancbmk_s-202B": 1760711450.7287133,
    "../results/pref_l1_l2/IpStride_spp/exp1_lru_lru/625.x264_s-20B": 1760711450.7287133,
    "../results/pref_l1_l2/IpStride_spp/exp1_lru_lru/627.cam4_s-490B": 1760711450.7287133,
    "../results/pref_l1_l2/IpStride_spp/exp1_lru_lru/628.pop2_s-17B": 1760711450.7287133,
    "../results/pref_l1_l2/IpStride_spp/exp1_lru_lru/649.fotonik3d_s-10881B": 1760711450.7287133,
    "../results/pref_l1_l2/IpStride_spp/exp1_lru_lru/649.fotonik3d_s-1176B": 1760711450.7287133,
    "../results/pref_l1_l2/IpStride_spp/exp1_lru_lru/649.fotonik3d_s-7084B": 1760711450.7287133,
    "../results/pref_l1_l2/IpStride_spp/exp1_lru_lru/649.fotonik3d_s-8225B": 1760711450.7287133,
    "../results/pref_l1_l2/IpStride_spp/exp1_lru_lru/654.roms_s-1007B": 1760711450.7287133,
    "../results/pref_l1_l2/IpStride_spp/exp1_lru_lru/654.roms_s-1070B": 1760711450.7287133,
    "../results/pref_l1_l2/IpStride_spp/exp1_lru_lru/654.roms_s-1390B": 1760711450.7287133,
    "../results/pref_l1_l2/IpStride_spp/exp1_lru_lru/654.roms_s-293B": 1760711450.7287133,
    "../results/pref_l1_l2/IpStride_spp/exp1_lru_lru/654.roms_s-294B": 1760711450.7287133,
    "../results/pref_l1_l2/IpStride_spp/exp1_lru_lru/654.roms_s-523B": 1760711450.7287133,
    "../results/pref_l1_l2/IpStride_spp/exp1_lru_lru/657.xz_s-2302B": 1760711450.7287133,
    "../results/pref_l1_l2/IpStride_spp/exp14_srrip_mockingjay/600.perlbench_s-570B": 1760863636.9847295,
    "../results/pref_l1_l2/IpStride_spp/exp14_srrip_mockingjay/602.gcc_s-1850B": 1760863534.4076428,
    "../results/pref_l1_l2/IpStride_spp/exp14_srrip_mockingjay/602.gcc_s-2226B": 1760863788.3953621,
    "../results/pref_l1_l2/IpStride_spp/exp14_srrip_mockingjay/602.gcc_s-734B": 1760863621.5485659,
    "../results/pref_l1_l2/IpStride_spp/exp14_srrip_mockingjay/603.bwaves_s-1740B": 1760863495.4352307,
    "../results/pref_l1_l2/IpStride_spp/exp14_srrip_mockingjay/603.bwaves_s-2609B": 1760863716.5565739,
    "../results/pref_l1_l2/IpStride_spp/exp14_srrip_mockingjay/603.bwaves_s-2931B": 1760863426.148499,
    "../results/pref_l1_l2/IpStride_spp/exp14_srrip_mockingjay/603.bwaves_s-891B": 1760863424.640483,
    "../results/pref_l1_l2/IpStride_spp/exp14_srrip_mockingjay/605.mcf_s-1152B": 1760863606.2344034,
    "../results/pref_l1_l2/IpStride_spp/exp14_srrip_mockingjay/605.mcf_s-1536B": 1760863880.2244933,
    "../results/pref_l1_l2/IpStride_spp/exp14_srrip_mockingjay/605.mcf_s-1554B": 1760863887.0675766,
    "../results/pref_l1_l2/IpStride_spp/exp14_srrip_mockingjay/605.mcf_s-1644B": 1760864069.3487601,
    "../results/pref_l1_l2/IpStride_spp/exp14_srrip_mockingjay/605.mcf_s-472B": 1760863857.7522187,
    "../results/pref_l1_l2/IpStride_spp/exp14_srrip_mockingjay/605.mcf_s-484B": 1760863689.6492882,
    "../results/pref_l1_l2/IpStride_spp/exp14_srrip_mockingjay/605.mcf_s-665B": 1760863731.1217287,
    "../results/pref_l1_l2/IpStride_spp/exp14_srrip_mockingjay/605.mcf_s-782B": 1760863698.8483858,
    "../results/pref_l1_l2/IpStride_spp/exp14_srrip_mockingjay/605.mcf_s-994B": 1760863740.0798237,
    "../results/pref_l1_l2/IpStride_spp/exp14_srrip_mockingjay/607.cactuBSSN_s-2421B": 1760863452.5147772,
    "../results/pref_l1_l2/IpStride_spp/exp14_srrip_mockingjay/607.cactuBSSN_s-3477B": 1760863519.3254833,
    "../results/pref_l1_l2/IpStride_spp/exp14_srrip_mockingjay/607.cactuBSSN_s-4004B": 1760863777.6802285,
    "../results/pref_l1_l2/IpStride_spp/exp14_srrip_mockingjay/619.lbm_s-2676B": 1760863754.9959824,
    "../results/pref_l1_l2/IpStride_spp/exp14_srrip_mockingjay/619.lbm_s-2677B": 1760863710.068505,
    "../results/pref_l1_l2/IpStride_spp/exp14_srrip_mockingjay/619.lbm_s-3766B": 1760863625.3056056,
    "../results/pref_l1_l2/IpStride_spp/exp14_srrip_mockingjay/619.lbm_s-4268B": 1760863703.842439,
    "../results/pref_l1_l2/IpStride_spp/exp14_srrip_mockingjay/620.omnetpp_s-141B": 1760863693.9383337,
    "../results/pref_l1_l2/IpStride_spp/exp14_srrip_mockingjay/620.omnetpp_s-874B": 1760863710.0205045,
    "../results/pref_l1_l2/IpStride_spp/exp14_srrip_mockingjay/621.wrf_s-6673B": 1760863696.3613596,
    "../results/pref_l1_l2/IpStride_spp/exp14_srrip_mockingjay/621.wrf_s-8065B": 1760863602.9703689,
    "../results/pref_l1_l2/IpStride_spp/exp14_srrip_mockingjay/623.xalancbmk_s-10B": 1760863504.3513248,
    "../results/pref_l1_l2/IpStride_spp/exp14_srrip_mockingjay/623.xalancbmk_s-165B": 1760863382.8530424,
    "../results/pref_l1_l2/IpStride_spp/exp14_srrip_mockingjay/623.xalancbmk_s-202B": 1760863628.737642,
    "../results/pref_l1_l2/IpStride_spp/exp14_srrip_mockingjay/625.x264_s-20B": 1760863516.5704541,
    "../results/pref_l1_l2/IpStride_spp/exp14_srrip_mockingjay/627.cam4_s-490B": 1760863334.4765332,
    "../results/pref_l1_l2/IpStride_spp/exp14_srrip_mockingjay/628.pop2_s-17B": 1760863338.4105744,
    "../results/pref_l1_l2/IpStride_spp/exp14_srrip_mockingjay/649.fotonik3d_s-10881B": 1760863800.8095164,
    "../results/pref_l1_l2/IpStride_spp/exp14_srrip_mockingjay/649.fotonik3d_s-1176B": 1760863805.8255787,
    "../results/pref_l1_l2/IpStride_spp/exp14_srrip_mockingjay/649.fotonik3d_s-7084B": 1760863808.2326086,
    "../results/pref_l1_l2/IpStride_spp/exp14_srrip_mockingjay/649.fotonik3d_s-8225B": 1760863767.5261154,
    "../results/pref_l1_l2/IpStride_spp/exp14_srrip_mockingjay/654.roms_s-1007B": 1760863894.8436713,
    "../results/pref_l1_l2/IpStride_spp/exp14_srrip_mockingjay/654.roms_s-1070B": 1760863888.0845892,
    "../results/pref_l1_l2/IpStride_spp/exp14_srrip_mockingjay/654.roms_s-1390B": 1760863854.4781785,
    "../results/pref_l1_l2/IpStride_spp/exp14_srrip_mockingjay/654.roms_s-293B": 1760863887.1975784,
    "../results/pref_l1_l2/IpStride_spp/exp14_srrip_mockingjay/654.roms_s-294B": 1760863919.6459723,
    "../results/pref_l1_l2/IpStride_spp/exp14_srrip_mockingjay/654.roms_s-523B": 1760863915.0469165,
    "../results/pref_l1_l2/IpStride_spp/exp14_srrip_mockingjay/657.xz_s-2302B": 1760863861.13926,
    "../results/pref_l1_l2/IpStride_spp/exp11_srrip_hawkeye/600.perlbench_s-570B": 1760809478.042042,
    "../results/pref_l1_l2/IpStride_spp/exp11_srrip_hawkeye/602.gcc_s-1850B": 1760809714.462893,
    "../results/pref_l1_l2/IpStride_spp/exp11_srrip_hawkeye/602.gcc_s-2226B": 1760809743.338238,
    "../results/pref_l1_l2/IpStride_spp/exp11_srrip_hawkeye/602.gcc_s-734B": 1760809676.62644,
    "../results/pref_l1_l2/IpStride_spp/exp11_srrip_hawkeye/603.bwaves_s-1740B": 1760809671.7273812,
    "../results/pref_l1_l2/IpStride_spp/exp11_srrip_hawkeye/603.bwaves_s-2609B": 1760809608.8186255,
    "../results/pref_l1_l2/IpStride_spp/exp11_srrip_hawkeye/603.bwaves_s-2931B": 1760809572.3491855,
    "../results/pref_l1_l2/IpStride_spp/exp11_srrip_hawkeye/603.bwaves_s-891B": 1760809359.7345924,
    "../results/pref_l1_l2/IpStride_spp/exp11_srrip_hawkeye/605.mcf_s-1152B": 1760809785.533741,
    "../results/pref_l1_l2/IpStride_spp/exp11_srrip_hawkeye/605.mcf_s-1536B": 1760809906.5851781,
    "../results/pref_l1_l2/IpStride_spp/exp11_srrip_hawkeye/605.mcf_s-1554B": 1760809857.962602,
    "../results/pref_l1_l2/IpStride_spp/exp11_srrip_hawkeye/605.mcf_s-1644B": 1760810107.8825524,
    "../results/pref_l1_l2/IpStride_spp/exp11_srrip_hawkeye/605.mcf_s-472B": 1760809821.767172,
    "../results/pref_l1_l2/IpStride_spp/exp11_srrip_hawkeye/605.mcf_s-484B": 1760809851.3035228,
    "../results/pref_l1_l2/IpStride_spp/exp11_srrip_hawkeye/605.mcf_s-665B": 1760809578.5862608,
    "../results/pref_l1_l2/IpStride_spp/exp11_srrip_hawkeye/605.mcf_s-782B": 1760809834.9843292,
    "../results/pref_l1_l2/IpStride_spp/exp11_srrip_hawkeye/605.mcf_s-994B": 1760809720.582966,
    "../results/pref_l1_l2/IpStride_spp/exp11_srrip_hawkeye/607.cactuBSSN_s-2421B": 1760809546.2858706,
    "../results/pref_l1_l2/IpStride_spp/exp11_srrip_hawkeye/607.cactuBSSN_s-3477B": 1760809786.7307553,
    "../results/pref_l1_l2/IpStride_spp/exp11_srrip_hawkeye/607.cactuBSSN_s-4004B": 1760809665.0023007,
    "../results/pref_l1_l2/IpStride_spp/exp11_srrip_hawkeye/619.lbm_s-2676B": 1760809728.8670652,
    "../results/pref_l1_l2/IpStride_spp/exp11_srrip_hawkeye/619.lbm_s-2677B": 1760809764.4074893,
    "../results/pref_l1_l2/IpStride_spp/exp11_srrip_hawkeye/619.lbm_s-3766B": 1760809552.939951,
    "../results/pref_l1_l2/IpStride_spp/exp11_srrip_hawkeye/619.lbm_s-4268B": 1760809792.1108193,
    "../results/pref_l1_l2/IpStride_spp/exp11_srrip_hawkeye/620.omnetpp_s-141B": 1760809815.0120919,
    "../results/pref_l1_l2/IpStride_spp/exp11_srrip_hawkeye/620.omnetpp_s-874B": 1760809748.8443036,
    "../results/pref_l1_l2/IpStride_spp/exp11_srrip_hawkeye/621.wrf_s-6673B": 1760809525.359617,
    "../results/pref_l1_l2/IpStride_spp/exp11_srrip_hawkeye/621.wrf_s-8065B": 1760809647.210087,
    "../results/pref_l1_l2/IpStride_spp/exp11_srrip_hawkeye/623.xalancbmk_s-10B": 1760809759.183427,
    "../results/pref_l1_l2/IpStride_spp/exp11_srrip_hawkeye/623.xalancbmk_s-165B": 1760809450.4687057,
    "../results/pref_l1_l2/IpStride_spp/exp11_srrip_hawkeye/623.xalancbmk_s-202B": 1760809611.926663,
    "../results/pref_l1_l2/IpStride_spp/exp11_srrip_hawkeye/625.x264_s-20B": 1760809395.629034,
    "../results/pref_l1_l2/IpStride_spp/exp11_srrip_hawkeye/627.cam4_s-490B": 1760809473.1529825,
    "../results/pref_l1_l2/IpStride_spp/exp11_srrip_hawkeye/628.pop2_s-17B": 1760809477.3550336,
    "../results/pref_l1_l2/IpStride_spp/exp11_srrip_hawkeye/649.fotonik3d_s-10881B": 1760809912.5382485,
    "../results/pref_l1_l2/IpStride_spp/exp11_srrip_hawkeye/649.fotonik3d_s-1176B": 1760809822.173177,
    "../results/pref_l1_l2/IpStride_spp/exp11_srrip_hawkeye/649.fotonik3d_s-7084B": 1760809897.1170661,
    "../results/pref_l1_l2/IpStride_spp/exp11_srrip_hawkeye/649.fotonik3d_s-8225B": 1760809874.994804,
    "../results/pref_l1_l2/IpStride_spp/exp11_srrip_hawkeye/654.roms_s-1007B": 1760809906.7451801,
    "../results/pref_l1_l2/IpStride_spp/exp11_srrip_hawkeye/654.roms_s-1070B": 1760809954.8037484,
    "../results/pref_l1_l2/IpStride_spp/exp11_srrip_hawkeye/654.roms_s-1390B": 1760809902.0581245,
    "../results/pref_l1_l2/IpStride_spp/exp11_srrip_hawkeye/654.roms_s-293B": 1760809932.3824835,
    "../results/pref_l1_l2/IpStride_spp/exp11_srrip_hawkeye/654.roms_s-294B": 1760809937.5645447,
    "../results/pref_l1_l2/IpStride_spp/exp11_srrip_hawkeye/654.roms_s-523B": 1760809928.545438,
    "../results/pref_l1_l2/IpStride_spp/exp11_srrip_hawkeye/657.xz_s-2302B": 1760809927.770429,
    "../results/pref_l1_l2/IpStride_spp/exp13_srrip_ship++/600.perlbench_s-570B": 1760861203.525648,
    "../results/pref_l1_l2/IpStride_spp/exp13_srrip_ship++/602.gcc_s-1850B": 1760861195.9965641,
    "../results/pref_l1_l2/IpStride_spp/exp13_srrip_ship++/602.gcc_s-2226B": 1760861338.4651554,
    "../results/pref_l1_l2/IpStride_spp/exp13_srrip_ship++/602.gcc_s-734B": 1760861397.8228192,
    "../results/pref_l1_l2/IpStride_spp/exp13_srrip_ship++/603.bwaves_s-1740B": 1760861304.710778,
    "../results/pref_l1_l2/IpStride_spp/exp13_srrip_ship++/603.bwaves_s-2609B": 1760861179.8723845,
    "../results/pref_l1_l2/IpStride_spp/exp13_srrip_ship++/603.bwaves_s-2931B": 1760861362.2294211,
    "../results/pref_l1_l2/IpStride_spp/exp13_srrip_ship++/603.bwaves_s-891B": 1760861116.7456813,
    "../results/pref_l1_l2/IpStride_spp/exp13_srrip_ship++/605.mcf_s-1152B": 1760861411.7769754,
    "../results/pref_l1_l2/IpStride_spp/exp13_srrip_ship++/605.mcf_s-1536B": 1760861603.9451292,
    "../results/pref_l1_l2/IpStride_spp/exp13_srrip_ship++/605.mcf_s-1554B": 1760861624.1083553,
    "../results/pref_l1_l2/IpStride_spp/exp13_srrip_ship++/605.mcf_s-1644B": 1760861777.638836,
    "../results/pref_l1_l2/IpStride_spp/exp13_srrip_ship++/605.mcf_s-472B": 1760861536.4063716,
    "../results/pref_l1_l2/IpStride_spp/exp13_srrip_ship++/605.mcf_s-484B": 1760861555.782589,
    "../results/pref_l1_l2/IpStride_spp/exp13_srrip_ship++/605.mcf_s-665B": 1760861405.3219032,
    "../results/pref_l1_l2/IpStride_spp/exp13_srrip_ship++/605.mcf_s-782B": 1760861402.1358676,
    "../results/pref_l1_l2/IpStride_spp/exp13_srrip_ship++/605.mcf_s-994B": 1760861434.4522293,
    "../results/pref_l1_l2/IpStride_spp/exp13_srrip_ship++/607.cactuBSSN_s-2421B": 1760861329.9600601,
    "../results/pref_l1_l2/IpStride_spp/exp13_srrip_ship++/607.cactuBSSN_s-3477B": 1760861245.7821198,
    "../results/pref_l1_l2/IpStride_spp/exp13_srrip_ship++/607.cactuBSSN_s-4004B": 1760861406.461916,
    "../results/pref_l1_l2/IpStride_spp/exp13_srrip_ship++/619.lbm_s-2676B": 1760861401.8498642,
    "../results/pref_l1_l2/IpStride_spp/exp13_srrip_ship++/619.lbm_s-2677B": 1760861544.453462,
    "../results/pref_l1_l2/IpStride_spp/exp13_srrip_ship++/619.lbm_s-3766B": 1760861255.7142305,
    "../results/pref_l1_l2/IpStride_spp/exp13_srrip_ship++/619.lbm_s-4268B": 1760861427.916156,
    "../results/pref_l1_l2/IpStride_spp/exp13_srrip_ship++/620.omnetpp_s-141B": 1760861513.5661156,
    "../results/pref_l1_l2/IpStride_spp/exp13_srrip_ship++/620.omnetpp_s-874B": 1760861385.6176827,
    "../results/pref_l1_l2/IpStride_spp/exp13_srrip_ship++/621.wrf_s-6673B": 1760861289.7936113,
    "../results/pref_l1_l2/IpStride_spp/exp13_srrip_ship++/621.wrf_s-8065B": 1760861119.8477156,
    "../results/pref_l1_l2/IpStride_spp/exp13_srrip_ship++/623.xalancbmk_s-10B": 1760861276.3924615,
    "../results/pref_l1_l2/IpStride_spp/exp13_srrip_ship++/623.xalancbmk_s-165B": 1760861332.0590837,
    "../results/pref_l1_l2/IpStride_spp/exp13_srrip_ship++/623.xalancbmk_s-202B": 1760861243.0930898,
    "../results/pref_l1_l2/IpStride_spp/exp13_srrip_ship++/625.x264_s-20B": 1760861200.0556095,
    "../results/pref_l1_l2/IpStride_spp/exp13_srrip_ship++/627.cam4_s-490B": 1760861176.8423507,
    "../results/pref_l1_l2/IpStride_spp/exp13_srrip_ship++/628.pop2_s-17B": 1760861083.4833112,
    "../results/pref_l1_l2/IpStride_spp/exp13_srrip_ship++/649.fotonik3d_s-10881B": 1760861509.2990677,
    "../results/pref_l1_l2/IpStride_spp/exp13_srrip_ship++/649.fotonik3d_s-1176B": 1760861500.467969,
    "../results/pref_l1_l2/IpStride_spp/exp13_srrip_ship++/649.fotonik3d_s-7084B": 1760861564.0406816,
    "../results/pref_l1_l2/IpStride_spp/exp13_srrip_ship++/649.fotonik3d_s-8225B": 1760861484.161786,
    "../results/pref_l1_l2/IpStride_spp/exp13_srrip_ship++/654.roms_s-1007B": 1760861583.7089021,
    "../results/pref_l1_l2/IpStride_spp/exp13_srrip_ship++/654.roms_s-1070B": 1760861629.5784166,
    "../results/pref_l1_l2/IpStride_spp/exp13_srrip_ship++/654.roms_s-1390B": 1760861587.1649408,
    "../results/pref_l1_l2/IpStride_spp/exp13_srrip_ship++/654.roms_s-293B": 1760861597.4690564,
    "../results/pref_l1_l2/IpStride_spp/exp13_srrip_ship++/654.roms_s-294B": 1760861614.092243,
    "../results/pref_l1_l2/IpStride_spp/exp13_srrip_ship++/654.roms_s-523B": 1760861642.7545645,
    "../results/pref_l1_l2/IpStride_spp/exp13_srrip_ship++/657.xz_s-2302B": 1760861578.3088415,
    "../results/pref_l1_l2/IpStride_spp/exp3_lru_drrip/600.perlbench_s-570B": 1760938782.312694,
    "../results/pref_l1_l2/IpStride_spp/exp3_lru_drrip/602.gcc_s-1850B": 1760938638.7272093,
    "../results/pref_l1_l2/IpStride_spp/exp3_lru_drrip/602.gcc_s-2226B": 1760938746.2773197,
    "../results/pref_l1_l2/IpStride_spp/exp3_lru_drrip/602.gcc_s-734B": 1760938768.642552,
    "../results/pref_l1_l2/IpStride_spp/exp3_lru_drrip/603.bwaves_s-1740B": 1760938786.622739,
    "../results/pref_l1_l2/IpStride_spp/exp3_lru_drrip/603.bwaves_s-2609B": 1760938724.9750988,
    "../results/pref_l1_l2/IpStride_spp/exp3_lru_drrip/603.bwaves_s-2931B": 1760938676.5515985,
    "../results/pref_l1_l2/IpStride_spp/exp3_lru_drrip/603.bwaves_s-891B": 1760938426.7780614,
    "../results/pref_l1_l2/IpStride_spp/exp3_lru_drrip/605.mcf_s-1152B": 1760938722.3010712,
    "../results/pref_l1_l2/IpStride_spp/exp3_lru_drrip/605.mcf_s-1536B": 1760938873.086642,
    "../results/pref_l1_l2/IpStride_spp/exp3_lru_drrip/605.mcf_s-1554B": 1760939048.6944911,
    "../results/pref_l1_l2/IpStride_spp/exp3_lru_drrip/605.mcf_s-1644B": 1760939170.8177867,
    "../results/pref_l1_l2/IpStride_spp/exp3_lru_drrip/605.mcf_s-472B": 1760938881.6357317,
    "../results/pref_l1_l2/IpStride_spp/exp3_lru_drrip/605.mcf_s-484B": 1760938927.4702127,
    "../results/pref_l1_l2/IpStride_spp/exp3_lru_drrip/605.mcf_s-665B": 1760938843.7893355,
    "../results/pref_l1_l2/IpStride_spp/exp3_lru_drrip/605.mcf_s-782B": 1760938947.2964213,
    "../results/pref_l1_l2/IpStride_spp/exp3_lru_drrip/605.mcf_s-994B": 1760938648.3223078,
    "../results/pref_l1_l2/IpStride_spp/exp3_lru_drrip/607.cactuBSSN_s-2421B": 1760938766.2805274,
    "../results/pref_l1_l2/IpStride_spp/exp3_lru_drrip/607.cactuBSSN_s-3477B": 1760938783.7557092,
    "../results/pref_l1_l2/IpStride_spp/exp3_lru_drrip/607.cactuBSSN_s-4004B": 1760938829.1421824,
    "../results/pref_l1_l2/IpStride_spp/exp3_lru_drrip/619.lbm_s-2676B": 1760938844.6933448,
    "../results/pref_l1_l2/IpStride_spp/exp3_lru_drrip/619.lbm_s-2677B": 1760938933.3672748,
    "../results/pref_l1_l2/IpStride_spp/exp3_lru_drrip/619.lbm_s-3766B": 1760938679.2536263,
    "../results/pref_l1_l2/IpStride_spp/exp3_lru_drrip/619.lbm_s-4268B": 1760938979.0197554,
    "../results/pref_l1_l2/IpStride_spp/exp3_lru_drrip/620.omnetpp_s-141B": 1760938891.5108352,
    "../results/pref_l1_l2/IpStride_spp/exp3_lru_drrip/620.omnetpp_s-874B": 1760938812.444008,
    "../results/pref_l1_l2/IpStride_spp/exp3_lru_drrip/621.wrf_s-6673B": 1760938648.9433143,
    "../results/pref_l1_l2/IpStride_spp/exp3_lru_drrip/621.wrf_s-8065B": 1760938524.179041,
    "../results/pref_l1_l2/IpStride_spp/exp3_lru_drrip/623.xalancbmk_s-10B": 1760938813.2020159,
    "../results/pref_l1_l2/IpStride_spp/exp3_lru_drrip/623.xalancbmk_s-165B": 1760938747.3843312,
    "../results/pref_l1_l2/IpStride_spp/exp3_lru_drrip/623.xalancbmk_s-202B": 1760938674.2285745,
    "../results/pref_l1_l2/IpStride_spp/exp3_lru_drrip/625.x264_s-20B": 1760938548.9142919,
    "../results/pref_l1_l2/IpStride_spp/exp3_lru_drrip/627.cam4_s-490B": 1760938602.4698377,
    "../results/pref_l1_l2/IpStride_spp/exp3_lru_drrip/628.pop2_s-17B": 1760938508.4508817,
    "../results/pref_l1_l2/IpStride_spp/exp3_lru_drrip/649.fotonik3d_s-10881B": 1760938990.093872,
    "../results/pref_l1_l2/IpStride_spp/exp3_lru_drrip/649.fotonik3d_s-1176B": 1760938800.076879,
    "../results/pref_l1_l2/IpStride_spp/exp3_lru_drrip/649.fotonik3d_s-7084B": 1760938948.414433,
    "../results/pref_l1_l2/IpStride_spp/exp3_lru_drrip/649.fotonik3d_s-8225B": 1760938913.8520696,
    "../results/pref_l1_l2/IpStride_spp/exp3_lru_drrip/654.roms_s-1007B": 1760938996.1949365,
    "../results/pref_l1_l2/IpStride_spp/exp3_lru_drrip/654.roms_s-1070B": 1760939067.4166894,
    "../results/pref_l1_l2/IpStride_spp/exp3_lru_drrip/654.roms_s-1390B": 1760939025.9032502,
    "../results/pref_l1_l2/IpStride_spp/exp3_lru_drrip/654.roms_s-293B": 1760939030.242296,
    "../results/pref_l1_l2/IpStride_spp/exp3_lru_drrip/654.roms_s-294B": 1760939031.3873081,
    "../results/pref_l1_l2/IpStride_spp/exp3_lru_drrip/654.roms_s-523B": 1760939063.0256429,
    "../results/pref_l1_l2/IpStride_spp/exp3_lru_drrip/657.xz_s-2302B": 1760939015.4891403,
    "../results/pref_l1_l2/IpStride_spp/exp4_lru_hawkeye/600.perlbench_s-570B": 1760939729.5917714,
    "../results/pref_l1_l2/IpStride_spp/exp4_lru_hawkeye/602.gcc_s-1850B": 1760939798.8805177,
    "../results/pref_l1_l2/IpStride_spp/exp4_lru_hawkeye/602.gcc_s-2226B": 1760939955.2292032,
    "../results/pref_l1_l2/IpStride_spp/exp4_lru_hawkeye/602.gcc_s-734B": 1760939976.23043,
    "../results/pref_l1_l2/IpStride_spp/exp4_lru_hawkeye/603.bwaves_s-1740B": 1760939664.214068,
    "../results/pref_l1_l2/IpStride_spp/exp4_lru_hawkeye/603.bwaves_s-2609B": 1760939707.0375288,
    "../results/pref_l1_l2/IpStride_spp/exp4_lru_hawkeye/603.bwaves_s-2931B": 1760939854.6461186,
    "../results/pref_l1_l2/IpStride_spp/exp4_lru_hawkeye/603.bwaves_s-891B": 1760939606.0184422,
    "../results/pref_l1_l2/IpStride_spp/exp4_lru_hawkeye/605.mcf_s-1152B": 1760939752.404017,
    "../results/pref_l1_l2/IpStride_spp/exp4_lru_hawkeye/605.mcf_s-1536B": 1760940092.4456844,
    "../results/pref_l1_l2/IpStride_spp/exp4_lru_hawkeye/605.mcf_s-1554B": 1760940160.6754212,
    "../results/pref_l1_l2/IpStride_spp/exp4_lru_hawkeye/605.mcf_s-1644B": 1760940300.5839334,
    "../results/pref_l1_l2/IpStride_spp/exp4_lru_hawkeye/605.mcf_s-472B": 1760940032.954042,
    "../results/pref_l1_l2/IpStride_spp/exp4_lru_hawkeye/605.mcf_s-484B": 1760940046.567189,
    "../results/pref_l1_l2/IpStride_spp/exp4_lru_hawkeye/605.mcf_s-665B": 1760939869.060274,
    "../results/pref_l1_l2/IpStride_spp/exp4_lru_hawkeye/605.mcf_s-782B": 1760939952.1281698,
    "../results/pref_l1_l2/IpStride_spp/exp4_lru_hawkeye/605.mcf_s-994B": 1760939914.966769,
    "../results/pref_l1_l2/IpStride_spp/exp4_lru_hawkeye/607.cactuBSSN_s-2421B": 1760939734.3018222,
    "../results/pref_l1_l2/IpStride_spp/exp4_lru_hawkeye/607.cactuBSSN_s-3477B": 1760939937.2580094,
    "../results/pref_l1_l2/IpStride_spp/exp4_lru_hawkeye/607.cactuBSSN_s-4004B": 1760939938.338021,
    "../results/pref_l1_l2/IpStride_spp/exp4_lru_hawkeye/619.lbm_s-2676B": 1760939849.1670594,
    "../results/pref_l1_l2/IpStride_spp/exp4_lru_hawkeye/619.lbm_s-2677B": 1760939916.5727863,
    "../results/pref_l1_l2/IpStride_spp/exp4_lru_hawkeye/619.lbm_s-3766B": 1760939775.6682675,
    "../results/pref_l1_l2/IpStride_spp/exp4_lru_hawkeye/619.lbm_s-4268B": 1760940051.458242,
    "../results/pref_l1_l2/IpStride_spp/exp4_lru_hawkeye/620.omnetpp_s-141B": 1760939958.2982364,
    "../results/pref_l1_l2/IpStride_spp/exp4_lru_hawkeye/620.omnetpp_s-874B": 1760939984.4375184,
    "../results/pref_l1_l2/IpStride_spp/exp4_lru_hawkeye/621.wrf_s-6673B": 1760939658.6010075,
    "../results/pref_l1_l2/IpStride_spp/exp4_lru_hawkeye/621.wrf_s-8065B": 1760939771.2062194,
    "../results/pref_l1_l2/IpStride_spp/exp4_lru_hawkeye/623.xalancbmk_s-10B": 1760939829.4008465,
    "../results/pref_l1_l2/IpStride_spp/exp4_lru_hawkeye/623.xalancbmk_s-165B": 1760939747.0879598,
    "../results/pref_l1_l2/IpStride_spp/exp4_lru_hawkeye/623.xalancbmk_s-202B": 1760939687.910323,
    "../results/pref_l1_l2/IpStride_spp/exp4_lru_hawkeye/625.x264_s-20B": 1760939672.507157,
    "../results/pref_l1_l2/IpStride_spp/exp4_lru_hawkeye/627.cam4_s-490B": 1760939671.5461469,
    "../results/pref_l1_l2/IpStride_spp/exp4_lru_hawkeye/628.pop2_s-17B": 1760939687.5853193,
    "../results/pref_l1_l2/IpStride_spp/exp4_lru_hawkeye/649.fotonik3d_s-10881B": 1760940027.4249823,
    "../results/pref_l1_l2/IpStride_spp/exp4_lru_hawkeye/649.fotonik3d_s-1176B": 1760940040.3311217,
    "../results/pref_l1_l2/IpStride_spp/exp4_lru_hawkeye/649.fotonik3d_s-7084B": 1760940123.2320168,
    "../results/pref_l1_l2/IpStride_spp/exp4_lru_hawkeye/649.fotonik3d_s-8225B": 1760940051.656244,
    "../results/pref_l1_l2/IpStride_spp/exp4_lru_hawkeye/654.roms_s-1007B": 1760940105.5118256,
    "../results/pref_l1_l2/IpStride_spp/exp4_lru_hawkeye/654.roms_s-1070B": 1760940174.0075653,
    "../results/pref_l1_l2/IpStride_spp/exp4_lru_hawkeye/654.roms_s-1390B": 1760940124.256028,
    "../results/pref_l1_l2/IpStride_spp/exp4_lru_hawkeye/654.roms_s-293B": 1760940136.4551597,
    "../results/pref_l1_l2/IpStride_spp/exp4_lru_hawkeye/654.roms_s-294B": 1760940153.1003394,
    "../results/pref_l1_l2/IpStride_spp/exp4_lru_hawkeye/654.roms_s-523B": 1760940153.8053472,
    "../results/pref_l1_l2/IpStride_spp/exp4_lru_hawkeye/657.xz_s-2302B": 1760940088.056637,
    "../results/pref_l1_l2/IpStride_spp/exp2_lru_srrip/600.perlbench_s-570B": 1760711450.7287133,
    "../results/pref_l1_l2/IpStride_spp/exp2_lru_srrip/602.gcc_s-1850B": 1760711450.7287133,
    "../results/pref_l1_l2/IpStride_spp/exp2_lru_srrip/602.gcc_s-2226B": 1760711450.7287133,
    "../results/pref_l1_l2/IpStride_spp/exp2_lru_srrip/602.gcc_s-734B": 1760711450.7287133,
    "../results/pref_l1_l2/IpStride_spp/exp2_lru_srrip/603.bwaves_s-1740B": 1760711450.7287133,
    "../results/pref_l1_l2/IpStride_spp/exp2_lru_srrip/603.bwaves_s-2609B": 1760711450.7287133,
    "../results/pref_l1_l2/IpStride_spp/exp2_lru_srrip/603.bwaves_s-2931B": 1760711450.7287133,
    "../results/pref_l1_l2/IpStride_spp/exp2_lru_srrip/603.bwaves_s-891B": 1760711450.7287133,
    "../results/pref_l1_l2/IpStride_spp/exp2_lru_srrip/605.mcf_s-1152B": 1760711450.7287133,
    "../results/pref_l1_l2/IpStride_spp/exp2_lru_srrip/605.mcf_s-1536B": 1760711450.7287133,
    "../results/pref_l1_l2/IpStride_spp/exp2_lru_srrip/605.mcf_s-1554B": 1760711450.7287133,
    "../results/pref_l1_l2/IpStride_spp/exp2_lru_srrip/605.mcf_s-1644B": 1760711450.7287133,
    "../results/pref_l1_l2/IpStride_spp/exp2_lru_srrip/605.mcf_s-472B": 1760711450.7287133,
    "../results/pref_l1_l2/IpStride_spp/exp2_lru_srrip/605.mcf_s-484B": 1760711450.7287133,
    "../results/pref_l1_l2/IpStride_spp/exp2_lru_srrip/605.mcf_s-665B": 1760711450.7287133,
    "../results/pref_l1_l2/IpStride_spp/exp2_lru_srrip/605.mcf_s-782B": 1760711450.7287133,
    "../results/pref_l1_l2/IpStride_spp/exp2_lru_srrip/605.mcf_s-994B": 1760711450.7287133,
    "../results/pref_l1_l2/IpStride_spp/exp2_lru_srrip/607.cactuBSSN_s-2421B": 1760711450.7287133,
    "../results/pref_l1_l2/IpStride_spp/exp2_lru_srrip/607.cactuBSSN_s-3477B": 1760711450.7297134,
    "../results/pref_l1_l2/IpStride_spp/exp2_lru_srrip/607.cactuBSSN_s-4004B": 1760711450.7297134,
    "../results/pref_l1_l2/IpStride_spp/exp2_lru_srrip/619.lbm_s-2676B": 1760711450.7297134,
    "../results/pref_l1_l2/IpStride_spp/exp2_lru_srrip/619.lbm_s-2677B": 1760711450.7297134,
    "../results/pref_l1_l2/IpStride_spp/exp2_lru_srrip/619.lbm_s-3766B": 1760711450.7297134,
    "../results/pref_l1_l2/IpStride_spp/exp2_lru_srrip/619.lbm_s-4268B": 1760711450.7297134,
    "../results/pref_l1_l2/IpStride_spp/exp2_lru_srrip/620.omnetpp_s-141B": 1760711450.7297134,
    "../results/pref_l1_l2/IpStride_spp/exp2_lru_srrip/620.omnetpp_s-874B": 1760711450.7297134,
    "../results/pref_l1_l2/IpStride_spp/exp2_lru_srrip/621.wrf_s-6673B": 1760711450.7297134,
    "../results/pref_l1_l2/IpStride_spp/exp2_lru_srrip/621.wrf_s-8065B": 1760711450.7297134,
    "../results/pref_l1_l2/IpStride_spp/exp2_lru_srrip/623.xalancbmk_s-10B": 1760711450.7297134,
    "../results/pref_l1_l2/IpStride_spp/exp2_lru_srrip/623.xalancbmk_s-165B": 1760711450.7297134,
    "../results/pref_l1_l2/IpStride_spp/exp2_lru_srrip/623.xalancbmk_s-202B": 1760711450.7297134,
    "../results/pref_l1_l2/IpStride_spp/exp2_lru_srrip/625.x264_s-20B": 1760711450.7297134,
    "../results/pref_l1_l2/IpStride_spp/exp2_lru_srrip/627.cam4_s-490B": 1760711450.7297134,
    "../results/pref_l1_l2/IpStride_spp/exp2_lru_srrip/628.pop2_s-17B": 1760711450.7297134,
    "../results/pref_l1_l2/IpStride_spp/exp2_lru_srrip/649.fotonik3d_s-10881B": 1760711450.7297134,
    "../results/pref_l1_l2/IpStride_spp/exp2_lru_srrip/649.fotonik3d_s-1176B": 1760711450.7297134,
    "../results/pref_l1_l2/IpStride_spp/exp2_lru_srrip/649.fotonik3d_s-7084B": 1760711450.7297134,
    "../results/pref_l1_l2/IpStride_spp/exp2_lru_srrip/649.fotonik3d_s-8225B": 1760711450.7297134,
    "../results/pref_l1_l2/IpStride_spp/exp2_lru_srrip/654.roms_s-1007B": 1760711450.7297134,
    "../results/pref_l1_l2/IpStride_spp/exp2_lru_srrip/654.roms_s-1070B": 1760711450.7297134,
    "../results/pref_l1_l2/IpStride_spp/exp2_lru_srrip/654.roms_s-1390B": 1760711450.7297134,
    "../results/pref_l1_l2/IpStride_spp/exp2_lru_srrip/654.roms_s-293B": 1760711450.7297134,
    "../results/pref_l1_l2/IpStride_spp/exp2_lru_srrip/654.roms_s-294B": 1760711450.7297134,
    "../results/pref_l1_l2/IpStride_spp/exp2_lru_srrip/654.roms_s-523B": 1760711450.7297134,
    "../results/pref_l1_l2/IpStride_spp/exp2_lru_srrip/657.xz_s-2302B": 1760711450.7297134,
    "../results/pref_l1_l2/IpStride_spp/exp5_lru_ship/600.perlbench_s-570B": 1760940908.9555151,
    "../results/pref_l1_l2/IpStride_spp/exp5_lru_ship/602.gcc_s-1850B": 1760940852.0418992,
    "../results/pref_l1_l2/IpStride_spp/exp5_lru_ship/602.gcc_s-2226B": 1760940942.1388743,
    "../results/pref_l1_l2/IpStride_spp/exp5_lru_ship/602.gcc_s-734B": 1760940981.8033037,
    "../results/pref_l1_l2/IpStride_spp/exp5_lru_ship/603.bwaves_s-1740B": 1760940865.520045,
    "../results/pref_l1_l2/IpStride_spp/exp5_lru_ship/603.bwaves_s-2609B": 1760940974.0222197,
    "../results/pref_l1_l2/IpStride_spp/exp5_lru_ship/603.bwaves_s-2931B": 1760940947.5149326,
    "../results/pref_l1_l2/IpStride_spp/exp5_lru_ship/603.bwaves_s-891B": 1760940765.2339594,
    "../results/pref_l1_l2/IpStride_spp/exp5_lru_ship/605.mcf_s-1152B": 1760941021.16073,
    "../results/pref_l1_l2/IpStride_spp/exp5_lru_ship/605.mcf_s-1536B": 1760941095.4095337,
    "../results/pref_l1_l2/IpStride_spp/exp5_lru_ship/605.mcf_s-1554B": 1760941264.2953625,
    "../results/pref_l1_l2/IpStride_spp/exp5_lru_ship/605.mcf_s-1644B": 1760941429.4261506,
    "../results/pref_l1_l2/IpStride_spp/exp5_lru_ship/605.mcf_s-472B": 1760941174.2783878,
    "../results/pref_l1_l2/IpStride_spp/exp5_lru_ship/605.mcf_s-484B": 1760941128.7398946,
    "../results/pref_l1_l2/IpStride_spp/exp5_lru_ship/605.mcf_s-665B": 1760941082.960399,
    "../results/pref_l1_l2/IpStride_spp/exp5_lru_ship/605.mcf_s-782B": 1760941069.7352557,
    "../results/pref_l1_l2/IpStride_spp/exp5_lru_ship/605.mcf_s-994B": 1760940932.7287726,
    "../results/pref_l1_l2/IpStride_spp/exp5_lru_ship/607.cactuBSSN_s-2421B": 1760940813.1644783,
    "../results/pref_l1_l2/IpStride_spp/exp5_lru_ship/607.cactuBSSN_s-3477B": 1760940928.2157238,
    "../results/pref_l1_l2/IpStride_spp/exp5_lru_ship/607.cactuBSSN_s-4004B": 1760940906.0894842,
    "../results/pref_l1_l2/IpStride_spp/exp5_lru_ship/619.lbm_s-2676B": 1760941077.784343,
    "../results/pref_l1_l2/IpStride_spp/exp5_lru_ship/619.lbm_s-2677B": 1760941163.4582705,
    "../results/pref_l1_l2/IpStride_spp/exp5_lru_ship/619.lbm_s-3766B": 1760940863.3340213,
    "../results/pref_l1_l2/IpStride_spp/exp5_lru_ship/619.lbm_s-4268B": 1760941226.6059544,
    "../results/pref_l1_l2/IpStride_spp/exp5_lru_ship/620.omnetpp_s-141B": 1760941093.1965098,
    "../results/pref_l1_l2/IpStride_spp/exp5_lru_ship/620.omnetpp_s-874B": 1760941131.0549197,
    "../results/pref_l1_l2/IpStride_spp/exp5_lru_ship/621.wrf_s-6673B": 1760940794.0792718,
    "../results/pref_l1_l2/IpStride_spp/exp5_lru_ship/621.wrf_s-8065B": 1760940885.9962666,
    "../results/pref_l1_l2/IpStride_spp/exp5_lru_ship/623.xalancbmk_s-10B": 1760941049.993042,
    "../results/pref_l1_l2/IpStride_spp/exp5_lru_ship/623.xalancbmk_s-165B": 1760940909.4705207,
    "../results/pref_l1_l2/IpStride_spp/exp5_lru_ship/623.xalancbmk_s-202B": 1760940782.4021454,
    "../results/pref_l1_l2/IpStride_spp/exp5_lru_ship/625.x264_s-20B": 1760940885.3612597,
    "../results/pref_l1_l2/IpStride_spp/exp5_lru_ship/627.cam4_s-490B": 1760940860.4509902,
    "../results/pref_l1_l2/IpStride_spp/exp5_lru_ship/628.pop2_s-17B": 1760940894.9073632,
    "../results/pref_l1_l2/IpStride_spp/exp5_lru_ship/649.fotonik3d_s-10881B": 1760941231.012002,
    "../results/pref_l1_l2/IpStride_spp/exp5_lru_ship/649.fotonik3d_s-1176B": 1760941199.6686625,
    "../results/pref_l1_l2/IpStride_spp/exp5_lru_ship/649.fotonik3d_s-7084B": 1760941266.0943818,
    "../results/pref_l1_l2/IpStride_spp/exp5_lru_ship/649.fotonik3d_s-8225B": 1760941189.083548,
    "../results/pref_l1_l2/IpStride_spp/exp5_lru_ship/654.roms_s-1007B": 1760941267.5523977,
    "../results/pref_l1_l2/IpStride_spp/exp5_lru_ship/654.roms_s-1070B": 1760941304.160794,
    "../results/pref_l1_l2/IpStride_spp/exp5_lru_ship/654.roms_s-1390B": 1760941257.9132934,
    "../results/pref_l1_l2/IpStride_spp/exp5_lru_ship/654.roms_s-293B": 1760941272.835455,
    "../results/pref_l1_l2/IpStride_spp/exp5_lru_ship/654.roms_s-294B": 1760941275.3594823,
    "../results/pref_l1_l2/IpStride_spp/exp5_lru_ship/654.roms_s-523B": 1760941280.0745332,
    "../results/pref_l1_l2/IpStride_spp/exp5_lru_ship/657.xz_s-2302B": 1760941260.5093215,
    "../results/pref_l1_l2/IpStride_spp/exp9_srrip_srrip/600.perlbench_s-570B": 1760721120.5869238,
    "../results/pref_l1_l2/IpStride_spp/exp9_srrip_srrip/602.gcc_s-1850B": 1760721119.0019042,
    "../results/pref_l1_l2/IpStride_spp/exp9_srrip_srrip/602.gcc_s-2226B": 1760721274.4847913,
    "../results/pref_l1_l2/IpStride_spp/exp9_srrip_srrip/602.gcc_s-734B": 1760720971.946079,
    "../results/pref_l1_l2/IpStride_spp/exp9_srrip_srrip/603.bwaves_s-1740B": 1760721196.4848495,
    "../results/pref_l1_l2/IpStride_spp/exp9_srrip_srrip/603.bwaves_s-2609B": 1760720928.790534,
    "../results/pref_l1_l2/IpStride_spp/exp9_srrip_srrip/603.bwaves_s-2931B": 1760720906.1162457,
    "../results/pref_l1_l2/IpStride_spp/exp9_srrip_srrip/603.bwaves_s-891B": 1760720921.2644384,
    "../results/pref_l1_l2/IpStride_spp/exp9_srrip_srrip/605.mcf_s-1152B": 1760721242.2534032,
    "../results/pref_l1_l2/IpStride_spp/exp9_srrip_srrip/605.mcf_s-1536B": 1760721244.215427,
    "../results/pref_l1_l2/IpStride_spp/exp9_srrip_srrip/605.mcf_s-1554B": 1760721360.9208255,
    "../results/pref_l1_l2/IpStride_spp/exp9_srrip_srrip/605.mcf_s-1644B": 1760721538.5819256,
    "../results/pref_l1_l2/IpStride_spp/exp9_srrip_srrip/605.mcf_s-472B": 1760721350.1986976,
    "../results/pref_l1_l2/IpStride_spp/exp9_srrip_srrip/605.mcf_s-484B": 1760721265.5876842,
    "../results/pref_l1_l2/IpStride_spp/exp9_srrip_srrip/605.mcf_s-665B": 1760721176.9286118,
    "../results/pref_l1_l2/IpStride_spp/exp9_srrip_srrip/605.mcf_s-782B": 1760721272.5977685,
    "../results/pref_l1_l2/IpStride_spp/exp9_srrip_srrip/605.mcf_s-994B": 1760721058.6811612,
    "../results/pref_l1_l2/IpStride_spp/exp9_srrip_srrip/607.cactuBSSN_s-2421B": 1760721136.8131225,
    "../results/pref_l1_l2/IpStride_spp/exp9_srrip_srrip/607.cactuBSSN_s-3477B": 1760721013.1675954,
    "../results/pref_l1_l2/IpStride_spp/exp9_srrip_srrip/607.cactuBSSN_s-4004B": 1760721228.8722415,
    "../results/pref_l1_l2/IpStride_spp/exp9_srrip_srrip/619.lbm_s-2676B": 1760721200.5508988,
    "../results/pref_l1_l2/IpStride_spp/exp9_srrip_srrip/619.lbm_s-2677B": 1760721412.4774382,
    "../results/pref_l1_l2/IpStride_spp/exp9_srrip_srrip/619.lbm_s-3766B": 1760720979.3691723,
    "../results/pref_l1_l2/IpStride_spp/exp9_srrip_srrip/619.lbm_s-4268B": 1760721312.1712432,
    "../results/pref_l1_l2/IpStride_spp/exp9_srrip_srrip/620.omnetpp_s-141B": 1760721217.826108,
    "../results/pref_l1_l2/IpStride_spp/exp9_srrip_srrip/620.omnetpp_s-874B": 1760721290.9119885,
    "../results/pref_l1_l2/IpStride_spp/exp9_srrip_srrip/621.wrf_s-6673B": 1760721113.2838342,
    "../results/pref_l1_l2/IpStride_spp/exp9_srrip_srrip/621.wrf_s-8065B": 1760721180.1646512,
    "../results/pref_l1_l2/IpStride_spp/exp9_srrip_srrip/623.xalancbmk_s-10B": 1760721142.33319,
    "../results/pref_l1_l2/IpStride_spp/exp9_srrip_srrip/623.xalancbmk_s-165B": 1760720901.443186,
    "../results/pref_l1_l2/IpStride_spp/exp9_srrip_srrip/623.xalancbmk_s-202B": 1760721019.3696728,
    "../results/pref_l1_l2/IpStride_spp/exp9_srrip_srrip/625.x264_s-20B": 1760720996.574388,
    "../results/pref_l1_l2/IpStride_spp/exp9_srrip_srrip/627.cam4_s-490B": 1760720806.6429632,
    "../results/pref_l1_l2/IpStride_spp/exp9_srrip_srrip/628.pop2_s-17B": 1760720803.0159159,
    "../results/pref_l1_l2/IpStride_spp/exp9_srrip_srrip/649.fotonik3d_s-10881B": 1760721390.6281788,
    "../results/pref_l1_l2/IpStride_spp/exp9_srrip_srrip/649.fotonik3d_s-1176B": 1760721276.3918142,
    "../results/pref_l1_l2/IpStride_spp/exp9_srrip_srrip/649.fotonik3d_s-7084B": 1760721285.8449278,
    "../results/pref_l1_l2/IpStride_spp/exp9_srrip_srrip/649.fotonik3d_s-8225B": 1760721339.4775698,
    "../results/pref_l1_l2/IpStride_spp/exp9_srrip_srrip/654.roms_s-1007B": 1760721362.5888453,
    "../results/pref_l1_l2/IpStride_spp/exp9_srrip_srrip/654.roms_s-1070B": 1760721438.8647506,
    "../results/pref_l1_l2/IpStride_spp/exp9_srrip_srrip/654.roms_s-1390B": 1760721390.4341764,
    "../results/pref_l1_l2/IpStride_spp/exp9_srrip_srrip/654.roms_s-293B": 1760721415.2374709,
    "../results/pref_l1_l2/IpStride_spp/exp9_srrip_srrip/654.roms_s-294B": 1760721444.4568167,
    "../results/pref_l1_l2/IpStride_spp/exp9_srrip_srrip/654.roms_s-523B": 1760721454.796939,
    "../results/pref_l1_l2/IpStride_spp/exp9_srrip_srrip/657.xz_s-2302B": 1760721369.8349316,
    "../results/pref_l1_l2/IpStride_spp/exp8_srrip_lru/600.perlbench_s-570B": 1760719663.023613,
    "../results/pref_l1_l2/IpStride_spp/exp8_srrip_lru/602.gcc_s-1850B": 1760719764.3706515,
    "../results/pref_l1_l2/IpStride_spp/exp8_srrip_lru/602.gcc_s-2226B": 1760719866.6457062,
    "../results/pref_l1_l2/IpStride_spp/exp8_srrip_lru/602.gcc_s-734B": 1760719755.371559,
    "../results/pref_l1_l2/IpStride_spp/exp8_srrip_lru/603.bwaves_s-1740B": 1760719743.1824336,
    "../results/pref_l1_l2/IpStride_spp/exp8_srrip_lru/603.bwaves_s-2609B": 1760719682.5298123,
    "../results/pref_l1_l2/IpStride_spp/exp8_srrip_lru/603.bwaves_s-2931B": 1760719828.5493126,
    "../results/pref_l1_l2/IpStride_spp/exp8_srrip_lru/603.bwaves_s-891B": 1760719431.4252732,
    "../results/pref_l1_l2/IpStride_spp/exp8_srrip_lru/605.mcf_s-1152B": 1760719763.0236375,
    "../results/pref_l1_l2/IpStride_spp/exp8_srrip_lru/605.mcf_s-1536B": 1760720009.6891906,
    "../results/pref_l1_l2/IpStride_spp/exp8_srrip_lru/605.mcf_s-1554B": 1760720158.7647464,
    "../results/pref_l1_l2/IpStride_spp/exp8_srrip_lru/605.mcf_s-1644B": 1760720223.3444226,
    "../results/pref_l1_l2/IpStride_spp/exp8_srrip_lru/605.mcf_s-472B": 1760720014.8472443,
    "../results/pref_l1_l2/IpStride_spp/exp8_srrip_lru/605.mcf_s-484B": 1760720018.7322848,
    "../results/pref_l1_l2/IpStride_spp/exp8_srrip_lru/605.mcf_s-665B": 1760719876.8048112,
    "../results/pref_l1_l2/IpStride_spp/exp8_srrip_lru/605.mcf_s-782B": 1760719957.408647,
    "../results/pref_l1_l2/IpStride_spp/exp8_srrip_lru/605.mcf_s-994B": 1760719803.9810593,
    "../results/pref_l1_l2/IpStride_spp/exp8_srrip_lru/607.cactuBSSN_s-2421B": 1760719661.9376018,
    "../results/pref_l1_l2/IpStride_spp/exp8_srrip_lru/607.cactuBSSN_s-3477B": 1760719845.914492,
    "../results/pref_l1_l2/IpStride_spp/exp8_srrip_lru/607.cactuBSSN_s-4004B": 1760719726.4732623,
    "../results/pref_l1_l2/IpStride_spp/exp8_srrip_lru/619.lbm_s-2676B": 1760719730.2883015,
    "../results/pref_l1_l2/IpStride_spp/exp8_srrip_lru/619.lbm_s-2677B": 1760719963.2517078,
    "../results/pref_l1_l2/IpStride_spp/exp8_srrip_lru/619.lbm_s-3766B": 1760719662.2666051,
    "../results/pref_l1_l2/IpStride_spp/exp8_srrip_lru/619.lbm_s-4268B": 1760720010.9972043,
    "../results/pref_l1_l2/IpStride_spp/exp8_srrip_lru/620.omnetpp_s-141B": 1760719884.6648927,
    "../results/pref_l1_l2/IpStride_spp/exp8_srrip_lru/620.omnetpp_s-874B": 1760719811.233134,
    "../results/pref_l1_l2/IpStride_spp/exp8_srrip_lru/621.wrf_s-6673B": 1760719643.7514162,
    "../results/pref_l1_l2/IpStride_spp/exp8_srrip_lru/621.wrf_s-8065B": 1760719770.1127105,
    "../results/pref_l1_l2/IpStride_spp/exp8_srrip_lru/623.xalancbmk_s-10B": 1760719707.611069,
    "../results/pref_l1_l2/IpStride_spp/exp8_srrip_lru/623.xalancbmk_s-165B": 1760719678.2847688,
    "../results/pref_l1_l2/IpStride_spp/exp8_srrip_lru/623.xalancbmk_s-202B": 1760719707.5760686,
    "../results/pref_l1_l2/IpStride_spp/exp8_srrip_lru/625.x264_s-20B": 1760719562.995596,
    "../results/pref_l1_l2/IpStride_spp/exp8_srrip_lru/627.cam4_s-490B": 1760719522.3491852,
    "../results/pref_l1_l2/IpStride_spp/exp8_srrip_lru/628.pop2_s-17B": 1760719664.996633,
    "../results/pref_l1_l2/IpStride_spp/exp8_srrip_lru/649.fotonik3d_s-10881B": 1760719993.095018,
    "../results/pref_l1_l2/IpStride_spp/exp8_srrip_lru/649.fotonik3d_s-1176B": 1760719954.4526162,
    "../results/pref_l1_l2/IpStride_spp/exp8_srrip_lru/649.fotonik3d_s-7084B": 1760719980.294885,
    "../results/pref_l1_l2/IpStride_spp/exp8_srrip_lru/649.fotonik3d_s-8225B": 1760719984.0509238,
    "../results/pref_l1_l2/IpStride_spp/exp8_srrip_lru/654.roms_s-1007B": 1760720097.7411087,
    "../results/pref_l1_l2/IpStride_spp/exp8_srrip_lru/654.roms_s-1070B": 1760720093.851068,
    "../results/pref_l1_l2/IpStride_spp/exp8_srrip_lru/654.roms_s-1390B": 1760720057.7916918,
    "../results/pref_l1_l2/IpStride_spp/exp8_srrip_lru/654.roms_s-293B": 1760720060.3577185,
    "../results/pref_l1_l2/IpStride_spp/exp8_srrip_lru/654.roms_s-294B": 1760720088.0820076,
    "../results/pref_l1_l2/IpStride_spp/exp8_srrip_lru/654.roms_s-523B": 1760720083.2999578,
    "../results/pref_l1_l2/IpStride_spp/exp8_srrip_lru/657.xz_s-2302B": 1760720032.7224305,
    "../results/pref_l1_l2/IpStride_spp/exp6_lru_ship++/600.perlbench_s-570B": 1760942020.9635844,
    "../results/pref_l1_l2/IpStride_spp/exp6_lru_ship++/602.gcc_s-1850B": 1760942038.9927804,
    "../results/pref_l1_l2/IpStride_spp/exp6_lru_ship++/602.gcc_s-2226B": 1760942187.2533925,
    "../results/pref_l1_l2/IpStride_spp/exp6_lru_ship++/602.gcc_s-734B": 1760942052.7949307,
    "../results/pref_l1_l2/IpStride_spp/exp6_lru_ship++/603.bwaves_s-1740B": 1760942149.668984,
    "../results/pref_l1_l2/IpStride_spp/exp6_lru_ship++/603.bwaves_s-2609B": 1760942089.881334,
    "../results/pref_l1_l2/IpStride_spp/exp6_lru_ship++/603.bwaves_s-2931B": 1760941934.9676487,
    "../results/pref_l1_l2/IpStride_spp/exp6_lru_ship++/603.bwaves_s-891B": 1760941810.5332935,
    "../results/pref_l1_l2/IpStride_spp/exp6_lru_ship++/605.mcf_s-1152B": 1760942202.7145605,
    "../results/pref_l1_l2/IpStride_spp/exp6_lru_ship++/605.mcf_s-1536B": 1760942232.4098833,
    "../results/pref_l1_l2/IpStride_spp/exp6_lru_ship++/605.mcf_s-1554B": 1760942348.5091445,
    "../results/pref_l1_l2/IpStride_spp/exp6_lru_ship++/605.mcf_s-1644B": 1760942529.6451116,
    "../results/pref_l1_l2/IpStride_spp/exp6_lru_ship++/605.mcf_s-472B": 1760942354.2772074,
    "../results/pref_l1_l2/IpStride_spp/exp6_lru_ship++/605.mcf_s-484B": 1760942259.610179,
    "../results/pref_l1_l2/IpStride_spp/exp6_lru_ship++/605.mcf_s-665B": 1760942177.4232857,
    "../results/pref_l1_l2/IpStride_spp/exp6_lru_ship++/605.mcf_s-782B": 1760942157.2920668,
    "../results/pref_l1_l2/IpStride_spp/exp6_lru_ship++/605.mcf_s-994B": 1760942210.6456468,
    "../results/pref_l1_l2/IpStride_spp/exp6_lru_ship++/607.cactuBSSN_s-2421B": 1760942103.7914853,
    "../results/pref_l1_l2/IpStride_spp/exp6_lru_ship++/607.cactuBSSN_s-3477B": 1760942148.005966,
    "../results/pref_l1_l2/IpStride_spp/exp6_lru_ship++/607.cactuBSSN_s-4004B": 1760942176.0412707,
    "../results/pref_l1_l2/IpStride_spp/exp6_lru_ship++/619.lbm_s-2676B": 1760942220.2847514,
    "../results/pref_l1_l2/IpStride_spp/exp6_lru_ship++/619.lbm_s-2677B": 1760942320.9038448,
    "../results/pref_l1_l2/IpStride_spp/exp6_lru_ship++/619.lbm_s-3766B": 1760942066.2820773,
    "../results/pref_l1_l2/IpStride_spp/exp6_lru_ship++/619.lbm_s-4268B": 1760942303.5176558,
    "../results/pref_l1_l2/IpStride_spp/exp6_lru_ship++/620.omnetpp_s-141B": 1760942156.1940548,
    "../results/pref_l1_l2/IpStride_spp/exp6_lru_ship++/620.omnetpp_s-874B": 1760942206.4916017,
    "../results/pref_l1_l2/IpStride_spp/exp6_lru_ship++/621.wrf_s-6673B": 1760942131.4177856,
    "../results/pref_l1_l2/IpStride_spp/exp6_lru_ship++/621.wrf_s-8065B": 1760941979.5271337,
    "../results/pref_l1_l2/IpStride_spp/exp6_lru_ship++/623.xalancbmk_s-10B": 1760942224.7608001,
    "../results/pref_l1_l2/IpStride_spp/exp6_lru_ship++/623.xalancbmk_s-165B": 1760942028.8666704,
    "../results/pref_l1_l2/IpStride_spp/exp6_lru_ship++/623.xalancbmk_s-202B": 1760942054.5199494,
    "../results/pref_l1_l2/IpStride_spp/exp6_lru_ship++/625.x264_s-20B": 1760941965.764984,
    "../results/pref_l1_l2/IpStride_spp/exp6_lru_ship++/627.cam4_s-490B": 1760941982.6301675,
    "../results/pref_l1_l2/IpStride_spp/exp6_lru_ship++/628.pop2_s-17B": 1760941886.7861242,
    "../results/pref_l1_l2/IpStride_spp/exp6_lru_ship++/649.fotonik3d_s-10881B": 1760942303.3956544,
    "../results/pref_l1_l2/IpStride_spp/exp6_lru_ship++/649.fotonik3d_s-1176B": 1760942297.3805892,
    "../results/pref_l1_l2/IpStride_spp/exp6_lru_ship++/649.fotonik3d_s-7084B": 1760942392.0626178,
    "../results/pref_l1_l2/IpStride_spp/exp6_lru_ship++/649.fotonik3d_s-8225B": 1760942362.5922976,
    "../results/pref_l1_l2/IpStride_spp/exp6_lru_ship++/654.roms_s-1007B": 1760942436.4190993,
    "../results/pref_l1_l2/IpStride_spp/exp6_lru_ship++/654.roms_s-1070B": 1760942430.7390378,
    "../results/pref_l1_l2/IpStride_spp/exp6_lru_ship++/654.roms_s-1390B": 1760942427.471002,
    "../results/pref_l1_l2/IpStride_spp/exp6_lru_ship++/654.roms_s-293B": 1760942409.4998071,
    "../results/pref_l1_l2/IpStride_spp/exp6_lru_ship++/654.roms_s-294B": 1760942420.4689262,
    "../results/pref_l1_l2/IpStride_spp/exp6_lru_ship++/654.roms_s-523B": 1760942431.4340453,
    "../results/pref_l1_l2/IpStride_spp/exp6_lru_ship++/657.xz_s-2302B": 1760942410.790821,
    "../results/pref_l1_l2/IpStride_spp/exp7_lru_mockingjay/600.perlbench_s-570B": 1760718265.9712284,
    "../results/pref_l1_l2/IpStride_spp/exp7_lru_mockingjay/602.gcc_s-1850B": 1760718432.1236374,
    "../results/pref_l1_l2/IpStride_spp/exp7_lru_mockingjay/602.gcc_s-2226B": 1760718650.597158,
    "../results/pref_l1_l2/IpStride_spp/exp7_lru_mockingjay/602.gcc_s-734B": 1760718368.5962667,
    "../results/pref_l1_l2/IpStride_spp/exp7_lru_mockingjay/603.bwaves_s-1740B": 1760718461.2228193,
    "../results/pref_l1_l2/IpStride_spp/exp7_lru_mockingjay/603.bwaves_s-2609B": 1760718346.4691322,
    "../results/pref_l1_l2/IpStride_spp/exp7_lru_mockingjay/603.bwaves_s-2931B": 1760718455.9417858,
    "../results/pref_l1_l2/IpStride_spp/exp7_lru_mockingjay/603.bwaves_s-891B": 1760718233.2578614,
    "../results/pref_l1_l2/IpStride_spp/exp7_lru_mockingjay/605.mcf_s-1152B": 1760718519.4052036,
    "../results/pref_l1_l2/IpStride_spp/exp7_lru_mockingjay/605.mcf_s-1536B": 1760718664.5192657,
    "../results/pref_l1_l2/IpStride_spp/exp7_lru_mockingjay/605.mcf_s-1554B": 1760718614.3668835,
    "../results/pref_l1_l2/IpStride_spp/exp7_lru_mockingjay/605.mcf_s-1644B": 1760718826.2645872,
    "../results/pref_l1_l2/IpStride_spp/exp7_lru_mockingjay/605.mcf_s-472B": 1760718627.602983,
    "../results/pref_l1_l2/IpStride_spp/exp7_lru_mockingjay/605.mcf_s-484B": 1760718500.534076,
    "../results/pref_l1_l2/IpStride_spp/exp7_lru_mockingjay/605.mcf_s-665B": 1760718430.4796274,
    "../results/pref_l1_l2/IpStride_spp/exp7_lru_mockingjay/605.mcf_s-782B": 1760718665.0382698,
    "../results/pref_l1_l2/IpStride_spp/exp7_lru_mockingjay/605.mcf_s-994B": 1760718336.201017,
    "../results/pref_l1_l2/IpStride_spp/exp7_lru_mockingjay/607.cactuBSSN_s-2421B": 1760718541.0853534,
    "../results/pref_l1_l2/IpStride_spp/exp7_lru_mockingjay/607.cactuBSSN_s-3477B": 1760718369.5442722,
    "../results/pref_l1_l2/IpStride_spp/exp7_lru_mockingjay/607.cactuBSSN_s-4004B": 1760718374.4292994,
    "../results/pref_l1_l2/IpStride_spp/exp7_lru_mockingjay/619.lbm_s-2676B": 1760718433.522646,
    "../results/pref_l1_l2/IpStride_spp/exp7_lru_mockingjay/619.lbm_s-2677B": 1760718560.3624895,
    "../results/pref_l1_l2/IpStride_spp/exp7_lru_mockingjay/619.lbm_s-3766B": 1760718299.2886024,
    "../results/pref_l1_l2/IpStride_spp/exp7_lru_mockingjay/619.lbm_s-4268B": 1760718634.9770386,
    "../results/pref_l1_l2/IpStride_spp/exp7_lru_mockingjay/620.omnetpp_s-141B": 1760718560.6754916,
    "../results/pref_l1_l2/IpStride_spp/exp7_lru_mockingjay/620.omnetpp_s-874B": 1760718545.4203837,
    "../results/pref_l1_l2/IpStride_spp/exp7_lru_mockingjay/621.wrf_s-6673B": 1760718394.9144158,
    "../results/pref_l1_l2/IpStride_spp/exp7_lru_mockingjay/621.wrf_s-8065B": 1760718383.1913486,
    "../results/pref_l1_l2/IpStride_spp/exp7_lru_mockingjay/623.xalancbmk_s-10B": 1760718513.461163,
    "../results/pref_l1_l2/IpStride_spp/exp7_lru_mockingjay/623.xalancbmk_s-165B": 1760718369.1842701,
    "../results/pref_l1_l2/IpStride_spp/exp7_lru_mockingjay/623.xalancbmk_s-202B": 1760718421.174571,
    "../results/pref_l1_l2/IpStride_spp/exp7_lru_mockingjay/625.x264_s-20B": 1760718334.9160023,
    "../results/pref_l1_l2/IpStride_spp/exp7_lru_mockingjay/627.cam4_s-490B": 1760718334.5079978,
    "../results/pref_l1_l2/IpStride_spp/exp7_lru_mockingjay/628.pop2_s-17B": 1760718290.1234994,
    "../results/pref_l1_l2/IpStride_spp/exp7_lru_mockingjay/649.fotonik3d_s-10881B": 1760718685.6964312,
    "../results/pref_l1_l2/IpStride_spp/exp7_lru_mockingjay/649.fotonik3d_s-1176B": 1760718677.7983692,
    "../results/pref_l1_l2/IpStride_spp/exp7_lru_mockingjay/649.fotonik3d_s-7084B": 1760718699.1545377,
    "../results/pref_l1_l2/IpStride_spp/exp7_lru_mockingjay/649.fotonik3d_s-8225B": 1760718683.9164174,
    "../results/pref_l1_l2/IpStride_spp/exp7_lru_mockingjay/654.roms_s-1007B": 1760718736.4018373,
    "../results/pref_l1_l2/IpStride_spp/exp7_lru_mockingjay/654.roms_s-1070B": 1760718768.9051044,
    "../results/pref_l1_l2/IpStride_spp/exp7_lru_mockingjay/654.roms_s-1390B": 1760718749.0119405,
    "../results/pref_l1_l2/IpStride_spp/exp7_lru_mockingjay/654.roms_s-293B": 1760718731.9488013,
    "../results/pref_l1_l2/IpStride_spp/exp7_lru_mockingjay/654.roms_s-294B": 1760718759.5110269,
    "../results/pref_l1_l2/IpStride_spp/exp7_lru_mockingjay/654.roms_s-523B": 1760718764.161065,
    "../results/pref_l1_l2/IpStride_spp/exp7_lru_mockingjay/657.xz_s-2302B": 1760718723.9267364,
    "../results/pref_l1_l2/IpStride_spp/exp10_srrip_drrip/600.perlbench_s-570B": 1760778882.0774798,
    "../results/pref_l1_l2/IpStride_spp/exp10_srrip_drrip/602.gcc_s-1850B": 1760778862.4282594,
    "../results/pref_l1_l2/IpStride_spp/exp10_srrip_drrip/602.gcc_s-2226B": 1760779063.5655077,
    "../results/pref_l1_l2/IpStride_spp/exp10_srrip_drrip/602.gcc_s-734B": 1760779008.8088973,
    "../results/pref_l1_l2/IpStride_spp/exp10_srrip_drrip/603.bwaves_s-1740B": 1760778840.3120112,
    "../results/pref_l1_l2/IpStride_spp/exp10_srrip_drrip/603.bwaves_s-2609B": 1760778834.946951,
    "../results/pref_l1_l2/IpStride_spp/exp10_srrip_drrip/603.bwaves_s-2931B": 1760778754.6790476,
    "../results/pref_l1_l2/IpStride_spp/exp10_srrip_drrip/603.bwaves_s-891B": 1760778665.8030431,
    "../results/pref_l1_l2/IpStride_spp/exp10_srrip_drrip/605.mcf_s-1152B": 1760778848.4321024,
    "../results/pref_l1_l2/IpStride_spp/exp10_srrip_drrip/605.mcf_s-1536B": 1760779038.385227,
    "../results/pref_l1_l2/IpStride_spp/exp10_srrip_drrip/605.mcf_s-1554B": 1760779134.283295,
    "../results/pref_l1_l2/IpStride_spp/exp10_srrip_drrip/605.mcf_s-1644B": 1760779286.3629832,
    "../results/pref_l1_l2/IpStride_spp/exp10_srrip_drrip/605.mcf_s-472B": 1760779042.421272,
    "../results/pref_l1_l2/IpStride_spp/exp10_srrip_drrip/605.mcf_s-484B": 1760778933.9570608,
    "../results/pref_l1_l2/IpStride_spp/exp10_srrip_drrip/605.mcf_s-665B": 1760778974.9955196,
    "../results/pref_l1_l2/IpStride_spp/exp10_srrip_drrip/605.mcf_s-782B": 1760779058.3434496,
    "../results/pref_l1_l2/IpStride_spp/exp10_srrip_drrip/605.mcf_s-994B": 1760778850.3891244,
    "../results/pref_l1_l2/IpStride_spp/exp10_srrip_drrip/607.cactuBSSN_s-2421B": 1760778885.4725177,
    "../results/pref_l1_l2/IpStride_spp/exp10_srrip_drrip/607.cactuBSSN_s-3477B": 1760778913.4708314,
    "../results/pref_l1_l2/IpStride_spp/exp10_srrip_drrip/607.cactuBSSN_s-4004B": 1760778985.6576388,
    "../results/pref_l1_l2/IpStride_spp/exp10_srrip_drrip/619.lbm_s-2676B": 1760779023.031056,
    "../results/pref_l1_l2/IpStride_spp/exp10_srrip_drrip/619.lbm_s-2677B": 1760779114.2870724,
    "../results/pref_l1_l2/IpStride_spp/exp10_srrip_drrip/619.lbm_s-3766B": 1760778754.8400495,
    "../results/pref_l1_l2/IpStride_spp/exp10_srrip_drrip/619.lbm_s-4268B": 1760779128.5602312,
    "../results/pref_l1_l2/IpStride_spp/exp10_srrip_drrip/620.omnetpp_s-141B": 1760779068.8925672,
    "../results/pref_l1_l2/IpStride_spp/exp10_srrip_drrip/620.omnetpp_s-874B": 1760778843.947052,
    "../results/pref_l1_l2/IpStride_spp/exp10_srrip_drrip/621.wrf_s-6673B": 1760778892.6445982,
    "../results/pref_l1_l2/IpStride_spp/exp10_srrip_drrip/621.wrf_s-8065B": 1760778888.5365522,
    "../results/pref_l1_l2/IpStride_spp/exp10_srrip_drrip/623.xalancbmk_s-10B": 1760778934.8170705,
    "../results/pref_l1_l2/IpStride_spp/exp10_srrip_drrip/623.xalancbmk_s-165B": 1760778750.990006,
    "../results/pref_l1_l2/IpStride_spp/exp10_srrip_drrip/623.xalancbmk_s-202B": 1760778832.7719264,
    "../results/pref_l1_l2/IpStride_spp/exp10_srrip_drrip/625.x264_s-20B": 1760778793.6484866,
    "../results/pref_l1_l2/IpStride_spp/exp10_srrip_drrip/627.cam4_s-490B": 1760778773.0102541,
    "../results/pref_l1_l2/IpStride_spp/exp10_srrip_drrip/628.pop2_s-17B": 1760778782.5173612,
    "../results/pref_l1_l2/IpStride_spp/exp10_srrip_drrip/649.fotonik3d_s-10881B": 1760778988.2576678,
    "../results/pref_l1_l2/IpStride_spp/exp10_srrip_drrip/649.fotonik3d_s-1176B": 1760779066.0385354,
    "../results/pref_l1_l2/IpStride_spp/exp10_srrip_drrip/649.fotonik3d_s-7084B": 1760779174.963747,
    "../results/pref_l1_l2/IpStride_spp/exp10_srrip_drrip/649.fotonik3d_s-8225B": 1760779127.919224,
    "../results/pref_l1_l2/IpStride_spp/exp10_srrip_drrip/654.roms_s-1007B": 1760779184.9258578,
    "../results/pref_l1_l2/IpStride_spp/exp10_srrip_drrip/654.roms_s-1070B": 1760779193.7379556,
    "../results/pref_l1_l2/IpStride_spp/exp10_srrip_drrip/654.roms_s-1390B": 1760779192.3959408,
    "../results/pref_l1_l2/IpStride_spp/exp10_srrip_drrip/654.roms_s-293B": 1760779191.168927,
    "../results/pref_l1_l2/IpStride_spp/exp10_srrip_drrip/654.roms_s-294B": 1760779217.1482155,
    "../results/pref_l1_l2/IpStride_spp/exp10_srrip_drrip/654.roms_s-523B": 1760779218.5222309,
    "../results/pref_l1_l2/IpStride_spp/exp10_srrip_drrip/657.xz_s-2302B": 1760779175.498753,
    "../results/pref_l1_l2/mlop-dpc3_spp/exp12_srrip_ship/600.perlbench_s-570B": 1760905359.1085186,
    "../results/pref_l1_l2/mlop-dpc3_spp/exp12_srrip_ship/602.gcc_s-1850B": 1760905359.0245178,
    "../results/pref_l1_l2/mlop-dpc3_spp/exp12_srrip_ship/602.gcc_s-2226B": 1760905681.7885914,
    "../results/pref_l1_l2/mlop-dpc3_spp/exp12_srrip_ship/602.gcc_s-734B": 1760905401.5969105,
    "../results/pref_l1_l2/mlop-dpc3_spp/exp12_srrip_ship/603.bwaves_s-1740B": 1760905464.3844976,
    "../results/pref_l1_l2/mlop-dpc3_spp/exp12_srrip_ship/603.bwaves_s-2609B": 1760905512.4129527,
    "../results/pref_l1_l2/mlop-dpc3_spp/exp12_srrip_ship/603.bwaves_s-2931B": 1760905311.0820813,
    "../results/pref_l1_l2/mlop-dpc3_spp/exp12_srrip_ship/603.bwaves_s-891B": 1760905274.16575,
    "../results/pref_l1_l2/mlop-dpc3_spp/exp12_srrip_ship/605.mcf_s-1152B": 1760905725.8270247,
    "../results/pref_l1_l2/mlop-dpc3_spp/exp12_srrip_ship/605.mcf_s-1536B": 1760905797.3917344,
    "../results/pref_l1_l2/mlop-dpc3_spp/exp12_srrip_ship/605.mcf_s-1554B": 1760905749.724261,
    "../results/pref_l1_l2/mlop-dpc3_spp/exp12_srrip_ship/605.mcf_s-1644B": 1760905951.747284,
    "../results/pref_l1_l2/mlop-dpc3_spp/exp12_srrip_ship/605.mcf_s-472B": 1760905738.404149,
    "../results/pref_l1_l2/mlop-dpc3_spp/exp12_srrip_ship/605.mcf_s-484B": 1760905677.7395518,
    "../results/pref_l1_l2/mlop-dpc3_spp/exp12_srrip_ship/605.mcf_s-665B": 1760905715.2929208,
    "../results/pref_l1_l2/mlop-dpc3_spp/exp12_srrip_ship/605.mcf_s-782B": 1760905915.577919,
    "../results/pref_l1_l2/mlop-dpc3_spp/exp12_srrip_ship/605.mcf_s-994B": 1760905658.4193625,
    "../results/pref_l1_l2/mlop-dpc3_spp/exp12_srrip_ship/607.cactuBSSN_s-2421B": 1760905629.2830782,
    "../results/pref_l1_l2/mlop-dpc3_spp/exp12_srrip_ship/607.cactuBSSN_s-3477B": 1760905546.1692753,
    "../results/pref_l1_l2/mlop-dpc3_spp/exp12_srrip_ship/607.cactuBSSN_s-4004B": 1760905618.1099696,
    "../results/pref_l1_l2/mlop-dpc3_spp/exp12_srrip_ship/619.lbm_s-2676B": 1760905586.6476648,
    "../results/pref_l1_l2/mlop-dpc3_spp/exp12_srrip_ship/619.lbm_s-2677B": 1760905716.20593,
    "../results/pref_l1_l2/mlop-dpc3_spp/exp12_srrip_ship/619.lbm_s-3766B": 1760905330.8302603,
    "../results/pref_l1_l2/mlop-dpc3_spp/exp12_srrip_ship/619.lbm_s-4268B": 1760905765.3794162,
    "../results/pref_l1_l2/mlop-dpc3_spp/exp12_srrip_ship/620.omnetpp_s-141B": 1760905542.9312441,
    "../results/pref_l1_l2/mlop-dpc3_spp/exp12_srrip_ship/620.omnetpp_s-874B": 1760905726.3040295,
    "../results/pref_l1_l2/mlop-dpc3_spp/exp12_srrip_ship/621.wrf_s-6673B": 1760905533.9561582,
    "../results/pref_l1_l2/mlop-dpc3_spp/exp12_srrip_ship/621.wrf_s-8065B": 1760905511.1359406,
    "../results/pref_l1_l2/mlop-dpc3_spp/exp12_srrip_ship/623.xalancbmk_s-10B": 1760905567.5304804,
    "../results/pref_l1_l2/mlop-dpc3_spp/exp12_srrip_ship/623.xalancbmk_s-165B": 1760905245.4474952,
    "../results/pref_l1_l2/mlop-dpc3_spp/exp12_srrip_ship/623.xalancbmk_s-202B": 1760905530.5621257,
    "../results/pref_l1_l2/mlop-dpc3_spp/exp12_srrip_ship/625.x264_s-20B": 1760905282.6808262,
    "../results/pref_l1_l2/mlop-dpc3_spp/exp12_srrip_ship/627.cam4_s-490B": 1760905403.2879262,
    "../results/pref_l1_l2/mlop-dpc3_spp/exp12_srrip_ship/628.pop2_s-17B": 1760905376.3976774,
    "../results/pref_l1_l2/mlop-dpc3_spp/exp12_srrip_ship/649.fotonik3d_s-10881B": 1760905633.7131214,
    "../results/pref_l1_l2/mlop-dpc3_spp/exp12_srrip_ship/649.fotonik3d_s-1176B": 1760905694.8517196,
    "../results/pref_l1_l2/mlop-dpc3_spp/exp12_srrip_ship/649.fotonik3d_s-7084B": 1760905783.9956012,
    "../results/pref_l1_l2/mlop-dpc3_spp/exp12_srrip_ship/649.fotonik3d_s-8225B": 1760905778.1845434,
    "../results/pref_l1_l2/mlop-dpc3_spp/exp12_srrip_ship/654.roms_s-1007B": 1760905819.115951,
    "../results/pref_l1_l2/mlop-dpc3_spp/exp12_srrip_ship/654.roms_s-1070B": 1760905887.3026342,
    "../results/pref_l1_l2/mlop-dpc3_spp/exp12_srrip_ship/654.roms_s-1390B": 1760905802.96379,
    "../results/pref_l1_l2/mlop-dpc3_spp/exp12_srrip_ship/654.roms_s-293B": 1760905806.5258255,
    "../results/pref_l1_l2/mlop-dpc3_spp/exp12_srrip_ship/654.roms_s-294B": 1760905837.8271382,
    "../results/pref_l1_l2/mlop-dpc3_spp/exp12_srrip_ship/654.roms_s-523B": 1760905853.797298,
    "../results/pref_l1_l2/mlop-dpc3_spp/exp12_srrip_ship/657.xz_s-2302B": 1760905837.03213,
    "../results/pref_l1_l2/mlop-dpc3_spp/exp1_lru_lru/600.perlbench_s-570B": 1760892716.7238848,
    "../results/pref_l1_l2/mlop-dpc3_spp/exp1_lru_lru/602.gcc_s-1850B": 1760892771.8964827,
    "../results/pref_l1_l2/mlop-dpc3_spp/exp1_lru_lru/602.gcc_s-2226B": 1760892834.9681675,
    "../results/pref_l1_l2/mlop-dpc3_spp/exp1_lru_lru/602.gcc_s-734B": 1760892767.6204364,
    "../results/pref_l1_l2/mlop-dpc3_spp/exp1_lru_lru/603.bwaves_s-1740B": 1760892675.1984358,
    "../results/pref_l1_l2/mlop-dpc3_spp/exp1_lru_lru/603.bwaves_s-2609B": 1760892743.794178,
    "../results/pref_l1_l2/mlop-dpc3_spp/exp1_lru_lru/603.bwaves_s-2931B": 1760892768.3434443,
    "../results/pref_l1_l2/mlop-dpc3_spp/exp1_lru_lru/603.bwaves_s-891B": 1760892488.0514214,
    "../results/pref_l1_l2/mlop-dpc3_spp/exp1_lru_lru/605.mcf_s-1152B": 1760892848.2813122,
    "../results/pref_l1_l2/mlop-dpc3_spp/exp1_lru_lru/605.mcf_s-1536B": 1760893022.096206,
    "../results/pref_l1_l2/mlop-dpc3_spp/exp1_lru_lru/605.mcf_s-1554B": 1760893143.8315363,
    "../results/pref_l1_l2/mlop-dpc3_spp/exp1_lru_lru/605.mcf_s-1644B": 1760893188.8270285,
    "../results/pref_l1_l2/mlop-dpc3_spp/exp1_lru_lru/605.mcf_s-472B": 1760893004.0060084,
    "../results/pref_l1_l2/mlop-dpc3_spp/exp1_lru_lru/605.mcf_s-484B": 1760892920.4240973,
    "../results/pref_l1_l2/mlop-dpc3_spp/exp1_lru_lru/605.mcf_s-665B": 1760892914.608034,
    "../results/pref_l1_l2/mlop-dpc3_spp/exp1_lru_lru/605.mcf_s-782B": 1760893174.6218731,
    "../results/pref_l1_l2/mlop-dpc3_spp/exp1_lru_lru/605.mcf_s-994B": 1760892882.4486837,
    "../results/pref_l1_l2/mlop-dpc3_spp/exp1_lru_lru/607.cactuBSSN_s-2421B": 1760892720.230923,
    "../results/pref_l1_l2/mlop-dpc3_spp/exp1_lru_lru/607.cactuBSSN_s-3477B": 1760892849.3323236,
    "../results/pref_l1_l2/mlop-dpc3_spp/exp1_lru_lru/607.cactuBSSN_s-4004B": 1760892849.3513238,
    "../results/pref_l1_l2/mlop-dpc3_spp/exp1_lru_lru/619.lbm_s-2676B": 1760892872.180572,
    "../results/pref_l1_l2/mlop-dpc3_spp/exp1_lru_lru/619.lbm_s-2677B": 1760893047.3124812,
    "../results/pref_l1_l2/mlop-dpc3_spp/exp1_lru_lru/619.lbm_s-3766B": 1760892667.0063472,
    "../results/pref_l1_l2/mlop-dpc3_spp/exp1_lru_lru/619.lbm_s-4268B": 1760893004.8990183,
    "../results/pref_l1_l2/mlop-dpc3_spp/exp1_lru_lru/620.omnetpp_s-141B": 1760892809.040886,
    "../results/pref_l1_l2/mlop-dpc3_spp/exp1_lru_lru/620.omnetpp_s-874B": 1760892974.2476838,
    "../results/pref_l1_l2/mlop-dpc3_spp/exp1_lru_lru/621.wrf_s-6673B": 1760892769.139453,
    "../results/pref_l1_l2/mlop-dpc3_spp/exp1_lru_lru/621.wrf_s-8065B": 1760892783.535609,
    "../results/pref_l1_l2/mlop-dpc3_spp/exp1_lru_lru/623.xalancbmk_s-10B": 1760892758.169334,
    "../results/pref_l1_l2/mlop-dpc3_spp/exp1_lru_lru/623.xalancbmk_s-165B": 1760892705.2007601,
    "../results/pref_l1_l2/mlop-dpc3_spp/exp1_lru_lru/623.xalancbmk_s-202B": 1760892695.4606547,
    "../results/pref_l1_l2/mlop-dpc3_spp/exp1_lru_lru/625.x264_s-20B": 1760892511.4496722,
    "../results/pref_l1_l2/mlop-dpc3_spp/exp1_lru_lru/627.cam4_s-490B": 1760892616.2677996,
    "../results/pref_l1_l2/mlop-dpc3_spp/exp1_lru_lru/628.pop2_s-17B": 1760892576.7483737,
    "../results/pref_l1_l2/mlop-dpc3_spp/exp1_lru_lru/649.fotonik3d_s-10881B": 1760892998.3509467,
    "../results/pref_l1_l2/mlop-dpc3_spp/exp1_lru_lru/649.fotonik3d_s-1176B": 1760892926.654165,
    "../results/pref_l1_l2/mlop-dpc3_spp/exp1_lru_lru/649.fotonik3d_s-7084B": 1760892998.4119475,
    "../results/pref_l1_l2/mlop-dpc3_spp/exp1_lru_lru/649.fotonik3d_s-8225B": 1760893007.713049,
    "../results/pref_l1_l2/mlop-dpc3_spp/exp1_lru_lru/654.roms_s-1007B": 1760893098.1130362,
    "../results/pref_l1_l2/mlop-dpc3_spp/exp1_lru_lru/654.roms_s-1070B": 1760893131.292399,
    "../results/pref_l1_l2/mlop-dpc3_spp/exp1_lru_lru/654.roms_s-1390B": 1760893077.0668063,
    "../results/pref_l1_l2/mlop-dpc3_spp/exp1_lru_lru/654.roms_s-293B": 1760893092.1189706,
    "../results/pref_l1_l2/mlop-dpc3_spp/exp1_lru_lru/654.roms_s-294B": 1760893096.0970142,
    "../results/pref_l1_l2/mlop-dpc3_spp/exp1_lru_lru/654.roms_s-523B": 1760893094.5049968,
    "../results/pref_l1_l2/mlop-dpc3_spp/exp1_lru_lru/657.xz_s-2302B": 1760893073.559768,
    "../results/pref_l1_l2/mlop-dpc3_spp/exp14_srrip_mockingjay/600.perlbench_s-570B": 1760906727.0142853,
    "../results/pref_l1_l2/mlop-dpc3_spp/exp14_srrip_mockingjay/602.gcc_s-1850B": 1760906748.5355103,
    "../results/pref_l1_l2/mlop-dpc3_spp/exp14_srrip_mockingjay/602.gcc_s-2226B": 1760906862.3547716,
    "../results/pref_l1_l2/mlop-dpc3_spp/exp14_srrip_mockingjay/602.gcc_s-734B": 1760906565.5066006,
    "../results/pref_l1_l2/mlop-dpc3_spp/exp14_srrip_mockingjay/603.bwaves_s-1740B": 1760906440.9353056,
    "../results/pref_l1_l2/mlop-dpc3_spp/exp14_srrip_mockingjay/603.bwaves_s-2609B": 1760906630.6432793,
    "../results/pref_l1_l2/mlop-dpc3_spp/exp14_srrip_mockingjay/603.bwaves_s-2931B": 1760906596.2529209,
    "../results/pref_l1_l2/mlop-dpc3_spp/exp14_srrip_mockingjay/603.bwaves_s-891B": 1760906273.6955752,
    "../results/pref_l1_l2/mlop-dpc3_spp/exp14_srrip_mockingjay/605.mcf_s-1152B": 1760906789.129936,
    "../results/pref_l1_l2/mlop-dpc3_spp/exp14_srrip_mockingjay/605.mcf_s-1536B": 1760906963.2699115,
    "../results/pref_l1_l2/mlop-dpc3_spp/exp14_srrip_mockingjay/605.mcf_s-1554B": 1760906912.5633404,
    "../results/pref_l1_l2/mlop-dpc3_spp/exp14_srrip_mockingjay/605.mcf_s-1644B": 1760907153.3930287,
    "../results/pref_l1_l2/mlop-dpc3_spp/exp14_srrip_mockingjay/605.mcf_s-472B": 1760906812.4182026,
    "../results/pref_l1_l2/mlop-dpc3_spp/exp14_srrip_mockingjay/605.mcf_s-484B": 1760906889.8330834,
    "../results/pref_l1_l2/mlop-dpc3_spp/exp14_srrip_mockingjay/605.mcf_s-665B": 1760906597.7809367,
    "../results/pref_l1_l2/mlop-dpc3_spp/exp14_srrip_mockingjay/605.mcf_s-782B": 1760907033.6016986,
    "../results/pref_l1_l2/mlop-dpc3_spp/exp14_srrip_mockingjay/605.mcf_s-994B": 1760906767.7017107,
    "../results/pref_l1_l2/mlop-dpc3_spp/exp14_srrip_mockingjay/607.cactuBSSN_s-2421B": 1760906725.8562732,
    "../results/pref_l1_l2/mlop-dpc3_spp/exp14_srrip_mockingjay/607.cactuBSSN_s-3477B": 1760906627.1372428,
    "../results/pref_l1_l2/mlop-dpc3_spp/exp14_srrip_mockingjay/607.cactuBSSN_s-4004B": 1760906648.2124627,
    "../results/pref_l1_l2/mlop-dpc3_spp/exp14_srrip_mockingjay/619.lbm_s-2676B": 1760906713.8331478,
    "../results/pref_l1_l2/mlop-dpc3_spp/exp14_srrip_mockingjay/619.lbm_s-2677B": 1760906909.7423086,
    "../results/pref_l1_l2/mlop-dpc3_spp/exp14_srrip_mockingjay/619.lbm_s-3766B": 1760906466.1565673,
    "../results/pref_l1_l2/mlop-dpc3_spp/exp14_srrip_mockingjay/619.lbm_s-4268B": 1760906942.3156757,
    "../results/pref_l1_l2/mlop-dpc3_spp/exp14_srrip_mockingjay/620.omnetpp_s-141B": 1760906835.2194629,
    "../results/pref_l1_l2/mlop-dpc3_spp/exp14_srrip_mockingjay/620.omnetpp_s-874B": 1760906880.7329803,
    "../results/pref_l1_l2/mlop-dpc3_spp/exp14_srrip_mockingjay/621.wrf_s-6673B": 1760906556.598508,
    "../results/pref_l1_l2/mlop-dpc3_spp/exp14_srrip_mockingjay/621.wrf_s-8065B": 1760906578.0697315,
    "../results/pref_l1_l2/mlop-dpc3_spp/exp14_srrip_mockingjay/623.xalancbmk_s-10B": 1760906548.6124246,
    "../results/pref_l1_l2/mlop-dpc3_spp/exp14_srrip_mockingjay/623.xalancbmk_s-165B": 1760906623.5322053,
    "../results/pref_l1_l2/mlop-dpc3_spp/exp14_srrip_mockingjay/623.xalancbmk_s-202B": 1760906670.9366999,
    "../results/pref_l1_l2/mlop-dpc3_spp/exp14_srrip_mockingjay/625.x264_s-20B": 1760906552.2024622,
    "../results/pref_l1_l2/mlop-dpc3_spp/exp14_srrip_mockingjay/627.cam4_s-490B": 1760906408.8899732,
    "../results/pref_l1_l2/mlop-dpc3_spp/exp14_srrip_mockingjay/628.pop2_s-17B": 1760906575.720707,
    "../results/pref_l1_l2/mlop-dpc3_spp/exp14_srrip_mockingjay/649.fotonik3d_s-10881B": 1760906971.3720024,
    "../results/pref_l1_l2/mlop-dpc3_spp/exp14_srrip_mockingjay/649.fotonik3d_s-1176B": 1760906824.9543457,
    "../results/pref_l1_l2/mlop-dpc3_spp/exp14_srrip_mockingjay/649.fotonik3d_s-7084B": 1760906946.7847261,
    "../results/pref_l1_l2/mlop-dpc3_spp/exp14_srrip_mockingjay/649.fotonik3d_s-8225B": 1760906913.676353,
    "../results/pref_l1_l2/mlop-dpc3_spp/exp14_srrip_mockingjay/654.roms_s-1007B": 1760906998.8673105,
    "../results/pref_l1_l2/mlop-dpc3_spp/exp14_srrip_mockingjay/654.roms_s-1070B": 1760907010.1114364,
    "../results/pref_l1_l2/mlop-dpc3_spp/exp14_srrip_mockingjay/654.roms_s-1390B": 1760906987.20318,
    "../results/pref_l1_l2/mlop-dpc3_spp/exp14_srrip_mockingjay/654.roms_s-293B": 1760906980.3941035,
    "../results/pref_l1_l2/mlop-dpc3_spp/exp14_srrip_mockingjay/654.roms_s-294B": 1760906997.2302923,
    "../results/pref_l1_l2/mlop-dpc3_spp/exp14_srrip_mockingjay/654.roms_s-523B": 1760907018.7005324,
    "../results/pref_l1_l2/mlop-dpc3_spp/exp14_srrip_mockingjay/657.xz_s-2302B": 1760906958.6688597,
    "../results/pref_l1_l2/mlop-dpc3_spp/exp11_srrip_hawkeye/600.perlbench_s-570B": 1760904242.25713,
    "../results/pref_l1_l2/mlop-dpc3_spp/exp11_srrip_hawkeye/602.gcc_s-1850B": 1760904246.6571786,
    "../results/pref_l1_l2/mlop-dpc3_spp/exp11_srrip_hawkeye/602.gcc_s-2226B": 1760904323.2090263,
    "../results/pref_l1_l2/mlop-dpc3_spp/exp11_srrip_hawkeye/602.gcc_s-734B": 1760904207.3627439,
    "../results/pref_l1_l2/mlop-dpc3_spp/exp11_srrip_hawkeye/603.bwaves_s-1740B": 1760904316.422951,
    "../results/pref_l1_l2/mlop-dpc3_spp/exp11_srrip_hawkeye/603.bwaves_s-2609B": 1760904260.3873305,
    "../results/pref_l1_l2/mlop-dpc3_spp/exp11_srrip_hawkeye/603.bwaves_s-2931B": 1760904350.6013296,
    "../results/pref_l1_l2/mlop-dpc3_spp/exp11_srrip_hawkeye/603.bwaves_s-891B": 1760904121.2107909,
    "../results/pref_l1_l2/mlop-dpc3_spp/exp11_srrip_hawkeye/605.mcf_s-1152B": 1760904515.7541602,
    "../results/pref_l1_l2/mlop-dpc3_spp/exp11_srrip_hawkeye/605.mcf_s-1536B": 1760904656.5867224,
    "../results/pref_l1_l2/mlop-dpc3_spp/exp11_srrip_hawkeye/605.mcf_s-1554B": 1760904666.4018314,
    "../results/pref_l1_l2/mlop-dpc3_spp/exp11_srrip_hawkeye/605.mcf_s-1644B": 1760904798.116007,
    "../results/pref_l1_l2/mlop-dpc3_spp/exp11_srrip_hawkeye/605.mcf_s-472B": 1760904504.8190389,
    "../results/pref_l1_l2/mlop-dpc3_spp/exp11_srrip_hawkeye/605.mcf_s-484B": 1760904470.3156564,
    "../results/pref_l1_l2/mlop-dpc3_spp/exp11_srrip_hawkeye/605.mcf_s-665B": 1760904328.234082,
    "../results/pref_l1_l2/mlop-dpc3_spp/exp11_srrip_hawkeye/605.mcf_s-782B": 1760904608.0821843,
    "../results/pref_l1_l2/mlop-dpc3_spp/exp11_srrip_hawkeye/605.mcf_s-994B": 1760904469.544648,
    "../results/pref_l1_l2/mlop-dpc3_spp/exp11_srrip_hawkeye/607.cactuBSSN_s-2421B": 1760904273.7594786,
    "../results/pref_l1_l2/mlop-dpc3_spp/exp11_srrip_hawkeye/607.cactuBSSN_s-3477B": 1760904419.7790961,
    "../results/pref_l1_l2/mlop-dpc3_spp/exp11_srrip_hawkeye/607.cactuBSSN_s-4004B": 1760904321.382006,
    "../results/pref_l1_l2/mlop-dpc3_spp/exp11_srrip_hawkeye/619.lbm_s-2676B": 1760904323.5010295,
    "../results/pref_l1_l2/mlop-dpc3_spp/exp11_srrip_hawkeye/619.lbm_s-2677B": 1760904598.935083,
    "../results/pref_l1_l2/mlop-dpc3_spp/exp11_srrip_hawkeye/619.lbm_s-3766B": 1760904143.5950384,
    "../results/pref_l1_l2/mlop-dpc3_spp/exp11_srrip_hawkeye/619.lbm_s-4268B": 1760904615.8032699,
    "../results/pref_l1_l2/mlop-dpc3_spp/exp11_srrip_hawkeye/620.omnetpp_s-141B": 1760904365.4114938,
    "../results/pref_l1_l2/mlop-dpc3_spp/exp11_srrip_hawkeye/620.omnetpp_s-874B": 1760904500.0819864,
    "../results/pref_l1_l2/mlop-dpc3_spp/exp11_srrip_hawkeye/621.wrf_s-6673B": 1760904336.9201782,
    "../results/pref_l1_l2/mlop-dpc3_spp/exp11_srrip_hawkeye/621.wrf_s-8065B": 1760904263.146361,
    "../results/pref_l1_l2/mlop-dpc3_spp/exp11_srrip_hawkeye/623.xalancbmk_s-10B": 1760904409.3119802,
    "../results/pref_l1_l2/mlop-dpc3_spp/exp11_srrip_hawkeye/623.xalancbmk_s-165B": 1760904306.6428428,
    "../results/pref_l1_l2/mlop-dpc3_spp/exp11_srrip_hawkeye/623.xalancbmk_s-202B": 1760904241.7581244,
    "../results/pref_l1_l2/mlop-dpc3_spp/exp11_srrip_hawkeye/625.x264_s-20B": 1760904050.1820061,
    "../results/pref_l1_l2/mlop-dpc3_spp/exp11_srrip_hawkeye/627.cam4_s-490B": 1760904077.866312,
    "../results/pref_l1_l2/mlop-dpc3_spp/exp11_srrip_hawkeye/628.pop2_s-17B": 1760904229.4029877,
    "../results/pref_l1_l2/mlop-dpc3_spp/exp11_srrip_hawkeye/649.fotonik3d_s-10881B": 1760904561.5826685,
    "../results/pref_l1_l2/mlop-dpc3_spp/exp11_srrip_hawkeye/649.fotonik3d_s-1176B": 1760904478.134743,
    "../results/pref_l1_l2/mlop-dpc3_spp/exp11_srrip_hawkeye/649.fotonik3d_s-7084B": 1760904569.102752,
    "../results/pref_l1_l2/mlop-dpc3_spp/exp11_srrip_hawkeye/649.fotonik3d_s-8225B": 1760904606.608168,
    "../results/pref_l1_l2/mlop-dpc3_spp/exp11_srrip_hawkeye/654.roms_s-1007B": 1760904614.8392591,
    "../results/pref_l1_l2/mlop-dpc3_spp/exp11_srrip_hawkeye/654.roms_s-1070B": 1760904675.6899345,
    "../results/pref_l1_l2/mlop-dpc3_spp/exp11_srrip_hawkeye/654.roms_s-1390B": 1760904661.3627756,
    "../results/pref_l1_l2/mlop-dpc3_spp/exp11_srrip_hawkeye/654.roms_s-293B": 1760904657.176729,
    "../results/pref_l1_l2/mlop-dpc3_spp/exp11_srrip_hawkeye/654.roms_s-294B": 1760904661.4357762,
    "../results/pref_l1_l2/mlop-dpc3_spp/exp11_srrip_hawkeye/654.roms_s-523B": 1760904663.6898012,
    "../results/pref_l1_l2/mlop-dpc3_spp/exp11_srrip_hawkeye/657.xz_s-2302B": 1760904639.1055286,
    "../results/pref_l1_l2/mlop-dpc3_spp/exp13_srrip_ship++/600.perlbench_s-570B": 1760909125.0583725,
    "../results/pref_l1_l2/mlop-dpc3_spp/exp13_srrip_ship++/602.gcc_s-1850B": 1760909126.9643989,
    "../results/pref_l1_l2/mlop-dpc3_spp/exp13_srrip_ship++/602.gcc_s-2226B": 1760909129.5254343,
    "../results/pref_l1_l2/mlop-dpc3_spp/exp13_srrip_ship++/602.gcc_s-734B": 1760908876.429763,
    "../results/pref_l1_l2/mlop-dpc3_spp/exp13_srrip_ship++/603.bwaves_s-1740B": 1760908987.0204148,
    "../results/pref_l1_l2/mlop-dpc3_spp/exp13_srrip_ship++/603.bwaves_s-2609B": 1760909007.6387138,
    "../results/pref_l1_l2/mlop-dpc3_spp/exp13_srrip_ship++/603.bwaves_s-2931B": 1760908939.5077152,
    "../results/pref_l1_l2/mlop-dpc3_spp/exp13_srrip_ship++/603.bwaves_s-891B": 1760908800.1027584,
    "../results/pref_l1_l2/mlop-dpc3_spp/exp13_srrip_ship++/605.mcf_s-1152B": 1760909066.617556,
    "../results/pref_l1_l2/mlop-dpc3_spp/exp13_srrip_ship++/605.mcf_s-1536B": 1760909278.7374477,
    "../results/pref_l1_l2/mlop-dpc3_spp/exp13_srrip_ship++/605.mcf_s-1554B": 1760909318.711973,
    "../results/pref_l1_l2/mlop-dpc3_spp/exp13_srrip_ship++/605.mcf_s-1644B": 1760909467.4648855,
    "../results/pref_l1_l2/mlop-dpc3_spp/exp13_srrip_ship++/605.mcf_s-472B": 1760909103.1700687,
    "../results/pref_l1_l2/mlop-dpc3_spp/exp13_srrip_ship++/605.mcf_s-484B": 1760909076.315693,
    "../results/pref_l1_l2/mlop-dpc3_spp/exp13_srrip_ship++/605.mcf_s-665B": 1760908988.6504385,
    "../results/pref_l1_l2/mlop-dpc3_spp/exp13_srrip_ship++/605.mcf_s-782B": 1760909310.698868,
    "../results/pref_l1_l2/mlop-dpc3_spp/exp13_srrip_ship++/605.mcf_s-994B": 1760909125.898384,
    "../results/pref_l1_l2/mlop-dpc3_spp/exp13_srrip_ship++/607.cactuBSSN_s-2421B": 1760909105.5841024,
    "../results/pref_l1_l2/mlop-dpc3_spp/exp13_srrip_ship++/607.cactuBSSN_s-3477B": 1760909126.6593947,
    "../results/pref_l1_l2/mlop-dpc3_spp/exp13_srrip_ship++/607.cactuBSSN_s-4004B": 1760909066.9845612,
    "../results/pref_l1_l2/mlop-dpc3_spp/exp13_srrip_ship++/619.lbm_s-2676B": 1760909161.7048762,
    "../results/pref_l1_l2/mlop-dpc3_spp/exp13_srrip_ship++/619.lbm_s-2677B": 1760909118.1132765,
    "../results/pref_l1_l2/mlop-dpc3_spp/exp13_srrip_ship++/619.lbm_s-3766B": 1760908885.1478963,
    "../results/pref_l1_l2/mlop-dpc3_spp/exp13_srrip_ship++/619.lbm_s-4268B": 1760909272.1203601,
    "../results/pref_l1_l2/mlop-dpc3_spp/exp13_srrip_ship++/620.omnetpp_s-141B": 1760909186.6212153,
    "../results/pref_l1_l2/mlop-dpc3_spp/exp13_srrip_ship++/620.omnetpp_s-874B": 1760909060.5404701,
    "../results/pref_l1_l2/mlop-dpc3_spp/exp13_srrip_ship++/621.wrf_s-6673B": 1760909027.7820036,
    "../results/pref_l1_l2/mlop-dpc3_spp/exp13_srrip_ship++/621.wrf_s-8065B": 1760908892.532009,
    "../results/pref_l1_l2/mlop-dpc3_spp/exp13_srrip_ship++/623.xalancbmk_s-10B": 1760908956.0409603,
    "../results/pref_l1_l2/mlop-dpc3_spp/exp13_srrip_ship++/623.xalancbmk_s-165B": 1760908883.3908696,
    "../results/pref_l1_l2/mlop-dpc3_spp/exp13_srrip_ship++/623.xalancbmk_s-202B": 1760908992.2284906,
    "../results/pref_l1_l2/mlop-dpc3_spp/exp13_srrip_ship++/625.x264_s-20B": 1760908978.9932976,
    "../results/pref_l1_l2/mlop-dpc3_spp/exp13_srrip_ship++/627.cam4_s-490B": 1760908799.226749,
    "../results/pref_l1_l2/mlop-dpc3_spp/exp13_srrip_ship++/628.pop2_s-17B": 1760908934.396639,
    "../results/pref_l1_l2/mlop-dpc3_spp/exp13_srrip_ship++/649.fotonik3d_s-10881B": 1760909196.938355,
    "../results/pref_l1_l2/mlop-dpc3_spp/exp13_srrip_ship++/649.fotonik3d_s-1176B": 1760909258.1211746,
    "../results/pref_l1_l2/mlop-dpc3_spp/exp13_srrip_ship++/649.fotonik3d_s-7084B": 1760909319.6899858,
    "../results/pref_l1_l2/mlop-dpc3_spp/exp13_srrip_ship++/649.fotonik3d_s-8225B": 1760909287.944569,
    "../results/pref_l1_l2/mlop-dpc3_spp/exp13_srrip_ship++/654.roms_s-1007B": 1760909341.3032675,
    "../results/pref_l1_l2/mlop-dpc3_spp/exp13_srrip_ship++/654.roms_s-1070B": 1760909365.4625807,
    "../results/pref_l1_l2/mlop-dpc3_spp/exp13_srrip_ship++/654.roms_s-1390B": 1760909385.1328344,
    "../results/pref_l1_l2/mlop-dpc3_spp/exp13_srrip_ship++/654.roms_s-293B": 1760909358.3984892,
    "../results/pref_l1_l2/mlop-dpc3_spp/exp13_srrip_ship++/654.roms_s-294B": 1760909391.9799225,
    "../results/pref_l1_l2/mlop-dpc3_spp/exp13_srrip_ship++/654.roms_s-523B": 1760909349.8823788,
    "../results/pref_l1_l2/mlop-dpc3_spp/exp13_srrip_ship++/657.xz_s-2302B": 1760909334.8331833,
    "../results/pref_l1_l2/mlop-dpc3_spp/exp3_lru_drrip/600.perlbench_s-570B": 1760895307.0254688,
    "../results/pref_l1_l2/mlop-dpc3_spp/exp3_lru_drrip/602.gcc_s-1850B": 1760895220.0565026,
    "../results/pref_l1_l2/mlop-dpc3_spp/exp3_lru_drrip/602.gcc_s-2226B": 1760895454.8001091,
    "../results/pref_l1_l2/mlop-dpc3_spp/exp3_lru_drrip/602.gcc_s-734B": 1760895228.3835952,
    "../results/pref_l1_l2/mlop-dpc3_spp/exp3_lru_drrip/603.bwaves_s-1740B": 1760895141.9076335,
    "../results/pref_l1_l2/mlop-dpc3_spp/exp3_lru_drrip/603.bwaves_s-2609B": 1760895234.038658,
    "../results/pref_l1_l2/mlop-dpc3_spp/exp3_lru_drrip/603.bwaves_s-2931B": 1760895197.6532536,
    "../results/pref_l1_l2/mlop-dpc3_spp/exp3_lru_drrip/603.bwaves_s-891B": 1760895071.9218547,
    "../results/pref_l1_l2/mlop-dpc3_spp/exp3_lru_drrip/605.mcf_s-1152B": 1760895360.100058,
    "../results/pref_l1_l2/mlop-dpc3_spp/exp3_lru_drrip/605.mcf_s-1536B": 1760895574.373435,
    "../results/pref_l1_l2/mlop-dpc3_spp/exp3_lru_drrip/605.mcf_s-1554B": 1760895625.5890028,
    "../results/pref_l1_l2/mlop-dpc3_spp/exp3_lru_drrip/605.mcf_s-1644B": 1760895787.6207979,
    "../results/pref_l1_l2/mlop-dpc3_spp/exp3_lru_drrip/605.mcf_s-472B": 1760895526.5899053,
    "../results/pref_l1_l2/mlop-dpc3_spp/exp3_lru_drrip/605.mcf_s-484B": 1760895538.831041,
    "../results/pref_l1_l2/mlop-dpc3_spp/exp3_lru_drrip/605.mcf_s-665B": 1760895414.1966586,
    "../results/pref_l1_l2/mlop-dpc3_spp/exp3_lru_drrip/605.mcf_s-782B": 1760895710.2919414,
    "../results/pref_l1_l2/mlop-dpc3_spp/exp3_lru_drrip/605.mcf_s-994B": 1760895441.6029627,
    "../results/pref_l1_l2/mlop-dpc3_spp/exp3_lru_drrip/607.cactuBSSN_s-2421B": 1760895292.5163076,
    "../results/pref_l1_l2/mlop-dpc3_spp/exp3_lru_drrip/607.cactuBSSN_s-3477B": 1760895394.6964421,
    "../results/pref_l1_l2/mlop-dpc3_spp/exp3_lru_drrip/607.cactuBSSN_s-4004B": 1760895365.746121,
    "../results/pref_l1_l2/mlop-dpc3_spp/exp3_lru_drrip/619.lbm_s-2676B": 1760895332.4927516,
    "../results/pref_l1_l2/mlop-dpc3_spp/exp3_lru_drrip/619.lbm_s-2677B": 1760895581.935519,
    "../results/pref_l1_l2/mlop-dpc3_spp/exp3_lru_drrip/619.lbm_s-3766B": 1760895119.9763896,
    "../results/pref_l1_l2/mlop-dpc3_spp/exp3_lru_drrip/619.lbm_s-4268B": 1760895607.669804,
    "../results/pref_l1_l2/mlop-dpc3_spp/exp3_lru_drrip/620.omnetpp_s-141B": 1760895405.400561,
    "../results/pref_l1_l2/mlop-dpc3_spp/exp3_lru_drrip/620.omnetpp_s-874B": 1760895479.5983841,
    "../results/pref_l1_l2/mlop-dpc3_spp/exp3_lru_drrip/621.wrf_s-6673B": 1760895206.7153542,
    "../results/pref_l1_l2/mlop-dpc3_spp/exp3_lru_drrip/621.wrf_s-8065B": 1760895296.6573536,
    "../results/pref_l1_l2/mlop-dpc3_spp/exp3_lru_drrip/623.xalancbmk_s-10B": 1760895418.6457078,
    "../results/pref_l1_l2/mlop-dpc3_spp/exp3_lru_drrip/623.xalancbmk_s-165B": 1760895256.824911,
    "../results/pref_l1_l2/mlop-dpc3_spp/exp3_lru_drrip/623.xalancbmk_s-202B": 1760895269.5960531,
    "../results/pref_l1_l2/mlop-dpc3_spp/exp3_lru_drrip/625.x264_s-20B": 1760895176.2430155,
    "../results/pref_l1_l2/mlop-dpc3_spp/exp3_lru_drrip/627.cam4_s-490B": 1760895106.6432412,
    "../results/pref_l1_l2/mlop-dpc3_spp/exp3_lru_drrip/628.pop2_s-17B": 1760895256.1899042,
    "../results/pref_l1_l2/mlop-dpc3_spp/exp3_lru_drrip/649.fotonik3d_s-10881B": 1760895530.443948,
    "../results/pref_l1_l2/mlop-dpc3_spp/exp3_lru_drrip/649.fotonik3d_s-1176B": 1760895489.1934905,
    "../results/pref_l1_l2/mlop-dpc3_spp/exp3_lru_drrip/649.fotonik3d_s-7084B": 1760895583.2795339,
    "../results/pref_l1_l2/mlop-dpc3_spp/exp3_lru_drrip/649.fotonik3d_s-8225B": 1760895525.6878953,
    "../results/pref_l1_l2/mlop-dpc3_spp/exp3_lru_drrip/654.roms_s-1007B": 1760895605.48678,
    "../results/pref_l1_l2/mlop-dpc3_spp/exp3_lru_drrip/654.roms_s-1070B": 1760895669.6814914,
    "../results/pref_l1_l2/mlop-dpc3_spp/exp3_lru_drrip/654.roms_s-1390B": 1760895611.1348426,
    "../results/pref_l1_l2/mlop-dpc3_spp/exp3_lru_drrip/654.roms_s-293B": 1760895626.147009,
    "../results/pref_l1_l2/mlop-dpc3_spp/exp3_lru_drrip/654.roms_s-294B": 1760895636.5601244,
    "../results/pref_l1_l2/mlop-dpc3_spp/exp3_lru_drrip/654.roms_s-523B": 1760895670.631502,
    "../results/pref_l1_l2/mlop-dpc3_spp/exp3_lru_drrip/657.xz_s-2302B": 1760895624.4079897,
    "../results/pref_l1_l2/mlop-dpc3_spp/exp4_lru_hawkeye/600.perlbench_s-570B": 1760896605.767837,
    "../results/pref_l1_l2/mlop-dpc3_spp/exp4_lru_hawkeye/602.gcc_s-1850B": 1760896395.8785298,
    "../results/pref_l1_l2/mlop-dpc3_spp/exp4_lru_hawkeye/602.gcc_s-2226B": 1760896524.5439532,
    "../results/pref_l1_l2/mlop-dpc3_spp/exp4_lru_hawkeye/602.gcc_s-734B": 1760896543.7311654,
    "../results/pref_l1_l2/mlop-dpc3_spp/exp4_lru_hawkeye/603.bwaves_s-1740B": 1760896450.9861395,
    "../results/pref_l1_l2/mlop-dpc3_spp/exp4_lru_hawkeye/603.bwaves_s-2609B": 1760896409.371679,
    "../results/pref_l1_l2/mlop-dpc3_spp/exp4_lru_hawkeye/603.bwaves_s-2931B": 1760896611.3588974,
    "../results/pref_l1_l2/mlop-dpc3_spp/exp4_lru_hawkeye/603.bwaves_s-891B": 1760896341.116924,
    "../results/pref_l1_l2/mlop-dpc3_spp/exp4_lru_hawkeye/605.mcf_s-1152B": 1760896630.610106,
    "../results/pref_l1_l2/mlop-dpc3_spp/exp4_lru_hawkeye/605.mcf_s-1536B": 1760896759.528506,
    "../results/pref_l1_l2/mlop-dpc3_spp/exp4_lru_hawkeye/605.mcf_s-1554B": 1760896893.529966,
    "../results/pref_l1_l2/mlop-dpc3_spp/exp4_lru_hawkeye/605.mcf_s-1644B": 1760896976.5498729,
    "../results/pref_l1_l2/mlop-dpc3_spp/exp4_lru_hawkeye/605.mcf_s-472B": 1760896769.8066177,
    "../results/pref_l1_l2/mlop-dpc3_spp/exp4_lru_hawkeye/605.mcf_s-484B": 1760896724.3811238,
    "../results/pref_l1_l2/mlop-dpc3_spp/exp4_lru_hawkeye/605.mcf_s-665B": 1760896540.3371277,
    "../results/pref_l1_l2/mlop-dpc3_spp/exp4_lru_hawkeye/605.mcf_s-782B": 1760896916.7422194,
    "../results/pref_l1_l2/mlop-dpc3_spp/exp4_lru_hawkeye/605.mcf_s-994B": 1760896576.6085215,
    "../results/pref_l1_l2/mlop-dpc3_spp/exp4_lru_hawkeye/607.cactuBSSN_s-2421B": 1760896608.6928687,
    "../results/pref_l1_l2/mlop-dpc3_spp/exp4_lru_hawkeye/607.cactuBSSN_s-3477B": 1760896463.8952823,
    "../results/pref_l1_l2/mlop-dpc3_spp/exp4_lru_hawkeye/607.cactuBSSN_s-4004B": 1760896645.1962643,
    "../results/pref_l1_l2/mlop-dpc3_spp/exp4_lru_hawkeye/619.lbm_s-2676B": 1760896665.3884833,
    "../results/pref_l1_l2/mlop-dpc3_spp/exp4_lru_hawkeye/619.lbm_s-2677B": 1760896799.7179434,
    "../results/pref_l1_l2/mlop-dpc3_spp/exp4_lru_hawkeye/619.lbm_s-3766B": 1760896531.0540252,
    "../results/pref_l1_l2/mlop-dpc3_spp/exp4_lru_hawkeye/619.lbm_s-4268B": 1760896857.2635705,
    "../results/pref_l1_l2/mlop-dpc3_spp/exp4_lru_hawkeye/620.omnetpp_s-141B": 1760896713.3020034,
    "../results/pref_l1_l2/mlop-dpc3_spp/exp4_lru_hawkeye/620.omnetpp_s-874B": 1760896618.5759757,
    "../results/pref_l1_l2/mlop-dpc3_spp/exp4_lru_hawkeye/621.wrf_s-6673B": 1760896535.11307,
    "../results/pref_l1_l2/mlop-dpc3_spp/exp4_lru_hawkeye/621.wrf_s-8065B": 1760896528.8330004,
    "../results/pref_l1_l2/mlop-dpc3_spp/exp4_lru_hawkeye/623.xalancbmk_s-10B": 1760896458.9352274,
    "../results/pref_l1_l2/mlop-dpc3_spp/exp4_lru_hawkeye/623.xalancbmk_s-165B": 1760896462.3902657,
    "../results/pref_l1_l2/mlop-dpc3_spp/exp4_lru_hawkeye/623.xalancbmk_s-202B": 1760896350.8640318,
    "../results/pref_l1_l2/mlop-dpc3_spp/exp4_lru_hawkeye/625.x264_s-20B": 1760896418.8067834,
    "../results/pref_l1_l2/mlop-dpc3_spp/exp4_lru_hawkeye/627.cam4_s-490B": 1760896485.6135225,
    "../results/pref_l1_l2/mlop-dpc3_spp/exp4_lru_hawkeye/628.pop2_s-17B": 1760896439.9360173,
    "../results/pref_l1_l2/mlop-dpc3_spp/exp4_lru_hawkeye/649.fotonik3d_s-10881B": 1760896653.9463592,
    "../results/pref_l1_l2/mlop-dpc3_spp/exp4_lru_hawkeye/649.fotonik3d_s-1176B": 1760896758.6244962,
    "../results/pref_l1_l2/mlop-dpc3_spp/exp4_lru_hawkeye/649.fotonik3d_s-7084B": 1760896805.5370069,
    "../results/pref_l1_l2/mlop-dpc3_spp/exp4_lru_hawkeye/649.fotonik3d_s-8225B": 1760896798.8749342,
    "../results/pref_l1_l2/mlop-dpc3_spp/exp4_lru_hawkeye/654.roms_s-1007B": 1760896856.126558,
    "../results/pref_l1_l2/mlop-dpc3_spp/exp4_lru_hawkeye/654.roms_s-1070B": 1760896907.8311222,
    "../results/pref_l1_l2/mlop-dpc3_spp/exp4_lru_hawkeye/654.roms_s-1390B": 1760896876.7247827,
    "../results/pref_l1_l2/mlop-dpc3_spp/exp4_lru_hawkeye/654.roms_s-293B": 1760896858.3875828,
    "../results/pref_l1_l2/mlop-dpc3_spp/exp4_lru_hawkeye/654.roms_s-294B": 1760896885.0758739,
    "../results/pref_l1_l2/mlop-dpc3_spp/exp4_lru_hawkeye/654.roms_s-523B": 1760896862.908632,
    "../results/pref_l1_l2/mlop-dpc3_spp/exp4_lru_hawkeye/657.xz_s-2302B": 1760896830.2962766,
    "../results/pref_l1_l2/mlop-dpc3_spp/exp2_lru_srrip/600.perlbench_s-570B": 1760894140.8034906,
    "../results/pref_l1_l2/mlop-dpc3_spp/exp2_lru_srrip/602.gcc_s-1850B": 1760894136.9024477,
    "../results/pref_l1_l2/mlop-dpc3_spp/exp2_lru_srrip/602.gcc_s-2226B": 1760894206.9902196,
    "../results/pref_l1_l2/mlop-dpc3_spp/exp2_lru_srrip/602.gcc_s-734B": 1760894133.0424051,
    "../results/pref_l1_l2/mlop-dpc3_spp/exp2_lru_srrip/603.bwaves_s-1740B": 1760894063.4566388,
    "../results/pref_l1_l2/mlop-dpc3_spp/exp2_lru_srrip/603.bwaves_s-2609B": 1760893884.9396734,
    "../results/pref_l1_l2/mlop-dpc3_spp/exp2_lru_srrip/603.bwaves_s-2931B": 1760894123.238297,
    "../results/pref_l1_l2/mlop-dpc3_spp/exp2_lru_srrip/603.bwaves_s-891B": 1760893743.7901206,
    "../results/pref_l1_l2/mlop-dpc3_spp/exp2_lru_srrip/605.mcf_s-1152B": 1760894236.98955,
    "../results/pref_l1_l2/mlop-dpc3_spp/exp2_lru_srrip/605.mcf_s-1536B": 1760894247.2806633,
    "../results/pref_l1_l2/mlop-dpc3_spp/exp2_lru_srrip/605.mcf_s-1554B": 1760894313.0783882,
    "../results/pref_l1_l2/mlop-dpc3_spp/exp2_lru_srrip/605.mcf_s-1644B": 1760894556.3890846,
    "../results/pref_l1_l2/mlop-dpc3_spp/exp2_lru_srrip/605.mcf_s-472B": 1760894241.5035996,
    "../results/pref_l1_l2/mlop-dpc3_spp/exp2_lru_srrip/605.mcf_s-484B": 1760894305.610306,
    "../results/pref_l1_l2/mlop-dpc3_spp/exp2_lru_srrip/605.mcf_s-665B": 1760894022.960193,
    "../results/pref_l1_l2/mlop-dpc3_spp/exp2_lru_srrip/605.mcf_s-782B": 1760894447.9648745,
    "../results/pref_l1_l2/mlop-dpc3_spp/exp2_lru_srrip/605.mcf_s-994B": 1760894230.1574748,
    "../results/pref_l1_l2/mlop-dpc3_spp/exp2_lru_srrip/607.cactuBSSN_s-2421B": 1760893953.0014226,
    "../results/pref_l1_l2/mlop-dpc3_spp/exp2_lru_srrip/607.cactuBSSN_s-3477B": 1760894151.556609,
    "../results/pref_l1_l2/mlop-dpc3_spp/exp2_lru_srrip/607.cactuBSSN_s-4004B": 1760894167.806788,
    "../results/pref_l1_l2/mlop-dpc3_spp/exp2_lru_srrip/619.lbm_s-2676B": 1760894211.132265,
    "../results/pref_l1_l2/mlop-dpc3_spp/exp2_lru_srrip/619.lbm_s-2677B": 1760894321.0594761,
    "../results/pref_l1_l2/mlop-dpc3_spp/exp2_lru_srrip/619.lbm_s-3766B": 1760894086.6118937,
    "../results/pref_l1_l2/mlop-dpc3_spp/exp2_lru_srrip/619.lbm_s-4268B": 1760894286.4160945,
    "../results/pref_l1_l2/mlop-dpc3_spp/exp2_lru_srrip/620.omnetpp_s-141B": 1760894255.761757,
    "../results/pref_l1_l2/mlop-dpc3_spp/exp2_lru_srrip/620.omnetpp_s-874B": 1760894286.00509,
    "../results/pref_l1_l2/mlop-dpc3_spp/exp2_lru_srrip/621.wrf_s-6673B": 1760894083.451859,
    "../results/pref_l1_l2/mlop-dpc3_spp/exp2_lru_srrip/621.wrf_s-8065B": 1760894034.1203158,
    "../results/pref_l1_l2/mlop-dpc3_spp/exp2_lru_srrip/623.xalancbmk_s-10B": 1760894023.6332002,
    "../results/pref_l1_l2/mlop-dpc3_spp/exp2_lru_srrip/623.xalancbmk_s-165B": 1760893812.639878,
    "../results/pref_l1_l2/mlop-dpc3_spp/exp2_lru_srrip/623.xalancbmk_s-202B": 1760893861.622417,
    "../results/pref_l1_l2/mlop-dpc3_spp/exp2_lru_srrip/625.x264_s-20B": 1760893940.7362876,
    "../results/pref_l1_l2/mlop-dpc3_spp/exp2_lru_srrip/627.cam4_s-490B": 1760893961.7875195,
    "../results/pref_l1_l2/mlop-dpc3_spp/exp2_lru_srrip/628.pop2_s-17B": 1760893778.2915,
    "../results/pref_l1_l2/mlop-dpc3_spp/exp2_lru_srrip/649.fotonik3d_s-10881B": 1760894349.5847905,
    "../results/pref_l1_l2/mlop-dpc3_spp/exp2_lru_srrip/649.fotonik3d_s-1176B": 1760894170.1088133,
    "../results/pref_l1_l2/mlop-dpc3_spp/exp2_lru_srrip/649.fotonik3d_s-7084B": 1760894254.878747,
    "../results/pref_l1_l2/mlop-dpc3_spp/exp2_lru_srrip/649.fotonik3d_s-8225B": 1760894232.283498,
    "../results/pref_l1_l2/mlop-dpc3_spp/exp2_lru_srrip/654.roms_s-1007B": 1760894355.3008535,
    "../results/pref_l1_l2/mlop-dpc3_spp/exp2_lru_srrip/654.roms_s-1070B": 1760894408.2944372,
    "../results/pref_l1_l2/mlop-dpc3_spp/exp2_lru_srrip/654.roms_s-1390B": 1760894384.856179,
    "../results/pref_l1_l2/mlop-dpc3_spp/exp2_lru_srrip/654.roms_s-293B": 1760894365.6359673,
    "../results/pref_l1_l2/mlop-dpc3_spp/exp2_lru_srrip/654.roms_s-294B": 1760894399.1703367,
    "../results/pref_l1_l2/mlop-dpc3_spp/exp2_lru_srrip/654.roms_s-523B": 1760894402.0653687,
    "../results/pref_l1_l2/mlop-dpc3_spp/exp2_lru_srrip/657.xz_s-2302B": 1760894372.325041,
    "../results/pref_l1_l2/mlop-dpc3_spp/exp5_lru_ship/600.perlbench_s-570B": 1760899485.2293737,
    "../results/pref_l1_l2/mlop-dpc3_spp/exp5_lru_ship/602.gcc_s-1850B": 1760899710.2520673,
    "../results/pref_l1_l2/mlop-dpc3_spp/exp5_lru_ship/602.gcc_s-2226B": 1760899844.6216557,
    "../results/pref_l1_l2/mlop-dpc3_spp/exp5_lru_ship/602.gcc_s-734B": 1760899672.7156215,
    "../results/pref_l1_l2/mlop-dpc3_spp/exp5_lru_ship/603.bwaves_s-1740B": 1760899593.0686707,
    "../results/pref_l1_l2/mlop-dpc3_spp/exp5_lru_ship/603.bwaves_s-2609B": 1760899651.854373,
    "../results/pref_l1_l2/mlop-dpc3_spp/exp5_lru_ship/603.bwaves_s-2931B": 1760899660.0704708,
    "../results/pref_l1_l2/mlop-dpc3_spp/exp5_lru_ship/603.bwaves_s-891B": 1760899415.927533,
    "../results/pref_l1_l2/mlop-dpc3_spp/exp5_lru_ship/605.mcf_s-1152B": 1760899765.424721,
    "../results/pref_l1_l2/mlop-dpc3_spp/exp5_lru_ship/605.mcf_s-1536B": 1760899926.4496174,
    "../results/pref_l1_l2/mlop-dpc3_spp/exp5_lru_ship/605.mcf_s-1554B": 1760899951.8709154,
    "../results/pref_l1_l2/mlop-dpc3_spp/exp5_lru_ship/605.mcf_s-1644B": 1760900160.5773518,
    "../results/pref_l1_l2/mlop-dpc3_spp/exp5_lru_ship/605.mcf_s-472B": 1760899773.9228215,
    "../results/pref_l1_l2/mlop-dpc3_spp/exp5_lru_ship/605.mcf_s-484B": 1760899688.59081,
    "../results/pref_l1_l2/mlop-dpc3_spp/exp5_lru_ship/605.mcf_s-665B": 1760899844.6396558,
    "../results/pref_l1_l2/mlop-dpc3_spp/exp5_lru_ship/605.mcf_s-782B": 1760900000.685487,
    "../results/pref_l1_l2/mlop-dpc3_spp/exp5_lru_ship/605.mcf_s-994B": 1760899671.77361,
    "../results/pref_l1_l2/mlop-dpc3_spp/exp5_lru_ship/607.cactuBSSN_s-2421B": 1760899526.9748774,
    "../results/pref_l1_l2/mlop-dpc3_spp/exp5_lru_ship/607.cactuBSSN_s-3477B": 1760899767.3827443,
    "../results/pref_l1_l2/mlop-dpc3_spp/exp5_lru_ship/607.cactuBSSN_s-4004B": 1760899774.3378265,
    "../results/pref_l1_l2/mlop-dpc3_spp/exp5_lru_ship/619.lbm_s-2676B": 1760899734.3473532,
    "../results/pref_l1_l2/mlop-dpc3_spp/exp5_lru_ship/619.lbm_s-2677B": 1760899933.9887059,
    "../results/pref_l1_l2/mlop-dpc3_spp/exp5_lru_ship/619.lbm_s-3766B": 1760899457.8550425,
    "../results/pref_l1_l2/mlop-dpc3_spp/exp5_lru_ship/619.lbm_s-4268B": 1760899891.999213,
    "../results/pref_l1_l2/mlop-dpc3_spp/exp5_lru_ship/620.omnetpp_s-141B": 1760899841.0916142,
    "../results/pref_l1_l2/mlop-dpc3_spp/exp5_lru_ship/620.omnetpp_s-874B": 1760899638.684216,
    "../results/pref_l1_l2/mlop-dpc3_spp/exp5_lru_ship/621.wrf_s-6673B": 1760899574.6494503,
    "../results/pref_l1_l2/mlop-dpc3_spp/exp5_lru_ship/621.wrf_s-8065B": 1760899462.8351028,
    "../results/pref_l1_l2/mlop-dpc3_spp/exp5_lru_ship/623.xalancbmk_s-10B": 1760899747.6995113,
    "../results/pref_l1_l2/mlop-dpc3_spp/exp5_lru_ship/623.xalancbmk_s-165B": 1760899551.471172,
    "../results/pref_l1_l2/mlop-dpc3_spp/exp5_lru_ship/623.xalancbmk_s-202B": 1760899612.7439063,
    "../results/pref_l1_l2/mlop-dpc3_spp/exp5_lru_ship/625.x264_s-20B": 1760899552.2711816,
    "../results/pref_l1_l2/mlop-dpc3_spp/exp5_lru_ship/627.cam4_s-490B": 1760899542.4470637,
    "../results/pref_l1_l2/mlop-dpc3_spp/exp5_lru_ship/628.pop2_s-17B": 1760899568.9283817,
    "../results/pref_l1_l2/mlop-dpc3_spp/exp5_lru_ship/649.fotonik3d_s-10881B": 1760899848.630703,
    "../results/pref_l1_l2/mlop-dpc3_spp/exp5_lru_ship/649.fotonik3d_s-1176B": 1760899901.9013293,
    "../results/pref_l1_l2/mlop-dpc3_spp/exp5_lru_ship/649.fotonik3d_s-7084B": 1760899952.1499188,
    "../results/pref_l1_l2/mlop-dpc3_spp/exp5_lru_ship/649.fotonik3d_s-8225B": 1760899901.0563195,
    "../results/pref_l1_l2/mlop-dpc3_spp/exp5_lru_ship/654.roms_s-1007B": 1760899929.9586587,
    "../results/pref_l1_l2/mlop-dpc3_spp/exp5_lru_ship/654.roms_s-1070B": 1760899986.3803196,
    "../results/pref_l1_l2/mlop-dpc3_spp/exp5_lru_ship/654.roms_s-1390B": 1760899992.5393918,
    "../results/pref_l1_l2/mlop-dpc3_spp/exp5_lru_ship/654.roms_s-293B": 1760899963.104047,
    "../results/pref_l1_l2/mlop-dpc3_spp/exp5_lru_ship/654.roms_s-294B": 1760900000.1544807,
    "../results/pref_l1_l2/mlop-dpc3_spp/exp5_lru_ship/654.roms_s-523B": 1760899996.2554352,
    "../results/pref_l1_l2/mlop-dpc3_spp/exp5_lru_ship/657.xz_s-2302B": 1760899972.0951524,
    "../results/pref_l1_l2/mlop-dpc3_spp/exp9_srrip_srrip/600.perlbench_s-570B": 1760902057.496296,
    "../results/pref_l1_l2/mlop-dpc3_spp/exp9_srrip_srrip/602.gcc_s-1850B": 1760901888.7994125,
    "../results/pref_l1_l2/mlop-dpc3_spp/exp9_srrip_srrip/602.gcc_s-2226B": 1760902155.3613906,
    "../results/pref_l1_l2/mlop-dpc3_spp/exp9_srrip_srrip/602.gcc_s-734B": 1760902029.572984,
    "../results/pref_l1_l2/mlop-dpc3_spp/exp9_srrip_srrip/603.bwaves_s-1740B": 1760901770.435094,
    "../results/pref_l1_l2/mlop-dpc3_spp/exp9_srrip_srrip/603.bwaves_s-2609B": 1760901931.4898887,
    "../results/pref_l1_l2/mlop-dpc3_spp/exp9_srrip_srrip/603.bwaves_s-2931B": 1760901802.4214501,
    "../results/pref_l1_l2/mlop-dpc3_spp/exp9_srrip_srrip/603.bwaves_s-891B": 1760901779.6491966,
    "../results/pref_l1_l2/mlop-dpc3_spp/exp9_srrip_srrip/605.mcf_s-1152B": 1760902068.2804165,
    "../results/pref_l1_l2/mlop-dpc3_spp/exp9_srrip_srrip/605.mcf_s-1536B": 1760902204.8569448,
    "../results/pref_l1_l2/mlop-dpc3_spp/exp9_srrip_srrip/605.mcf_s-1554B": 1760902234.78328,
    "../results/pref_l1_l2/mlop-dpc3_spp/exp9_srrip_srrip/605.mcf_s-1644B": 1760902465.212863,
    "../results/pref_l1_l2/mlop-dpc3_spp/exp9_srrip_srrip/605.mcf_s-472B": 1760902086.6166215,
    "../results/pref_l1_l2/mlop-dpc3_spp/exp9_srrip_srrip/605.mcf_s-484B": 1760902140.5952253,
    "../results/pref_l1_l2/mlop-dpc3_spp/exp9_srrip_srrip/605.mcf_s-665B": 1760902100.6697788,
    "../results/pref_l1_l2/mlop-dpc3_spp/exp9_srrip_srrip/605.mcf_s-782B": 1760902277.573759,
    "../results/pref_l1_l2/mlop-dpc3_spp/exp9_srrip_srrip/605.mcf_s-994B": 1760902006.7407289,
    "../results/pref_l1_l2/mlop-dpc3_spp/exp9_srrip_srrip/607.cactuBSSN_s-2421B": 1760902091.9646814,
    "../results/pref_l1_l2/mlop-dpc3_spp/exp9_srrip_srrip/607.cactuBSSN_s-3477B": 1760902061.0143354,
    "../results/pref_l1_l2/mlop-dpc3_spp/exp9_srrip_srrip/607.cactuBSSN_s-4004B": 1760902088.7646456,
    "../results/pref_l1_l2/mlop-dpc3_spp/exp9_srrip_srrip/619.lbm_s-2676B": 1760902164.2134898,
    "../results/pref_l1_l2/mlop-dpc3_spp/exp9_srrip_srrip/619.lbm_s-2677B": 1760902253.0604846,
    "../results/pref_l1_l2/mlop-dpc3_spp/exp9_srrip_srrip/619.lbm_s-3766B": 1760901944.496034,
    "../results/pref_l1_l2/mlop-dpc3_spp/exp9_srrip_srrip/619.lbm_s-4268B": 1760902300.9800215,
    "../results/pref_l1_l2/mlop-dpc3_spp/exp9_srrip_srrip/620.omnetpp_s-141B": 1760902176.9726324,
    "../results/pref_l1_l2/mlop-dpc3_spp/exp9_srrip_srrip/620.omnetpp_s-874B": 1760902145.2492774,
    "../results/pref_l1_l2/mlop-dpc3_spp/exp9_srrip_srrip/621.wrf_s-6673B": 1760902052.6152415,
    "../results/pref_l1_l2/mlop-dpc3_spp/exp9_srrip_srrip/621.wrf_s-8065B": 1760901794.0153565,
    "../results/pref_l1_l2/mlop-dpc3_spp/exp9_srrip_srrip/623.xalancbmk_s-10B": 1760902008.173745,
    "../results/pref_l1_l2/mlop-dpc3_spp/exp9_srrip_srrip/623.xalancbmk_s-165B": 1760901944.0480287,
    "../results/pref_l1_l2/mlop-dpc3_spp/exp9_srrip_srrip/623.xalancbmk_s-202B": 1760901809.1315248,
    "../results/pref_l1_l2/mlop-dpc3_spp/exp9_srrip_srrip/625.x264_s-20B": 1760901889.1914167,
    "../results/pref_l1_l2/mlop-dpc3_spp/exp9_srrip_srrip/627.cam4_s-490B": 1760901853.5330193,
    "../results/pref_l1_l2/mlop-dpc3_spp/exp9_srrip_srrip/628.pop2_s-17B": 1760901892.4734535,
    "../results/pref_l1_l2/mlop-dpc3_spp/exp9_srrip_srrip/649.fotonik3d_s-10881B": 1760902299.1850014,
    "../results/pref_l1_l2/mlop-dpc3_spp/exp9_srrip_srrip/649.fotonik3d_s-1176B": 1760902257.831538,
    "../results/pref_l1_l2/mlop-dpc3_spp/exp9_srrip_srrip/649.fotonik3d_s-7084B": 1760902256.2935207,
    "../results/pref_l1_l2/mlop-dpc3_spp/exp9_srrip_srrip/649.fotonik3d_s-8225B": 1760902269.6426704,
    "../results/pref_l1_l2/mlop-dpc3_spp/exp9_srrip_srrip/654.roms_s-1007B": 1760902313.1351576,
    "../results/pref_l1_l2/mlop-dpc3_spp/exp9_srrip_srrip/654.roms_s-1070B": 1760902314.4411724,
    "../results/pref_l1_l2/mlop-dpc3_spp/exp9_srrip_srrip/654.roms_s-1390B": 1760902324.316283,
    "../results/pref_l1_l2/mlop-dpc3_spp/exp9_srrip_srrip/654.roms_s-293B": 1760902314.8331766,
    "../results/pref_l1_l2/mlop-dpc3_spp/exp9_srrip_srrip/654.roms_s-294B": 1760902347.4415421,
    "../results/pref_l1_l2/mlop-dpc3_spp/exp9_srrip_srrip/654.roms_s-523B": 1760902353.051605,
    "../results/pref_l1_l2/mlop-dpc3_spp/exp9_srrip_srrip/657.xz_s-2302B": 1760902297.6899846,
    "../results/pref_l1_l2/mlop-dpc3_spp/exp8_srrip_lru/600.perlbench_s-570B": 1760897841.2553682,
    "../results/pref_l1_l2/mlop-dpc3_spp/exp8_srrip_lru/602.gcc_s-1850B": 1760897862.2595994,
    "../results/pref_l1_l2/mlop-dpc3_spp/exp8_srrip_lru/602.gcc_s-2226B": 1760897772.9646165,
    "../results/pref_l1_l2/mlop-dpc3_spp/exp8_srrip_lru/602.gcc_s-734B": 1760897773.6216238,
    "../results/pref_l1_l2/mlop-dpc3_spp/exp8_srrip_lru/603.bwaves_s-1740B": 1760897772.7356138,
    "../results/pref_l1_l2/mlop-dpc3_spp/exp8_srrip_lru/603.bwaves_s-2609B": 1760897791.6138217,
    "../results/pref_l1_l2/mlop-dpc3_spp/exp8_srrip_lru/603.bwaves_s-2931B": 1760897686.98567,
    "../results/pref_l1_l2/mlop-dpc3_spp/exp8_srrip_lru/603.bwaves_s-891B": 1760897443.540993,
    "../results/pref_l1_l2/mlop-dpc3_spp/exp8_srrip_lru/605.mcf_s-1152B": 1760897847.2734344,
    "../results/pref_l1_l2/mlop-dpc3_spp/exp8_srrip_lru/605.mcf_s-1536B": 1760897919.793233,
    "../results/pref_l1_l2/mlop-dpc3_spp/exp8_srrip_lru/605.mcf_s-1554B": 1760898028.3734288,
    "../results/pref_l1_l2/mlop-dpc3_spp/exp8_srrip_lru/605.mcf_s-1644B": 1760898236.2997198,
    "../results/pref_l1_l2/mlop-dpc3_spp/exp8_srrip_lru/605.mcf_s-472B": 1760897884.3148422,
    "../results/pref_l1_l2/mlop-dpc3_spp/exp8_srrip_lru/605.mcf_s-484B": 1760897985.3909554,
    "../results/pref_l1_l2/mlop-dpc3_spp/exp8_srrip_lru/605.mcf_s-665B": 1760897767.925561,
    "../results/pref_l1_l2/mlop-dpc3_spp/exp8_srrip_lru/605.mcf_s-782B": 1760898177.8360755,
    "../results/pref_l1_l2/mlop-dpc3_spp/exp8_srrip_lru/605.mcf_s-994B": 1760897689.3996968,
    "../results/pref_l1_l2/mlop-dpc3_spp/exp8_srrip_lru/607.cactuBSSN_s-2421B": 1760897761.8124936,
    "../results/pref_l1_l2/mlop-dpc3_spp/exp8_srrip_lru/607.cactuBSSN_s-3477B": 1760897709.8329215,
    "../results/pref_l1_l2/mlop-dpc3_spp/exp8_srrip_lru/607.cactuBSSN_s-4004B": 1760897892.1339285,
    "../results/pref_l1_l2/mlop-dpc3_spp/exp8_srrip_lru/619.lbm_s-2676B": 1760897836.1183116,
    "../results/pref_l1_l2/mlop-dpc3_spp/exp8_srrip_lru/619.lbm_s-2677B": 1760897943.213491,
    "../results/pref_l1_l2/mlop-dpc3_spp/exp8_srrip_lru/619.lbm_s-3766B": 1760897749.5543587,
    "../results/pref_l1_l2/mlop-dpc3_spp/exp8_srrip_lru/619.lbm_s-4268B": 1760898001.2541301,
    "../results/pref_l1_l2/mlop-dpc3_spp/exp8_srrip_lru/620.omnetpp_s-141B": 1760897848.0714433,
    "../results/pref_l1_l2/mlop-dpc3_spp/exp8_srrip_lru/620.omnetpp_s-874B": 1760897969.734783,
    "../results/pref_l1_l2/mlop-dpc3_spp/exp8_srrip_lru/621.wrf_s-6673B": 1760897805.2909722,
    "../results/pref_l1_l2/mlop-dpc3_spp/exp8_srrip_lru/621.wrf_s-8065B": 1760897556.618236,
    "../results/pref_l1_l2/mlop-dpc3_spp/exp8_srrip_lru/623.xalancbmk_s-10B": 1760897830.076245,
    "../results/pref_l1_l2/mlop-dpc3_spp/exp8_srrip_lru/623.xalancbmk_s-165B": 1760897653.0312965,
    "../results/pref_l1_l2/mlop-dpc3_spp/exp8_srrip_lru/623.xalancbmk_s-202B": 1760897759.9934735,
    "../results/pref_l1_l2/mlop-dpc3_spp/exp8_srrip_lru/625.x264_s-20B": 1760897448.5010476,
    "../results/pref_l1_l2/mlop-dpc3_spp/exp8_srrip_lru/627.cam4_s-490B": 1760897722.217058,
    "../results/pref_l1_l2/mlop-dpc3_spp/exp8_srrip_lru/628.pop2_s-17B": 1760897519.1928246,
    "../results/pref_l1_l2/mlop-dpc3_spp/exp8_srrip_lru/649.fotonik3d_s-10881B": 1760898059.4617715,
    "../results/pref_l1_l2/mlop-dpc3_spp/exp8_srrip_lru/649.fotonik3d_s-1176B": 1760897953.023599,
    "../results/pref_l1_l2/mlop-dpc3_spp/exp8_srrip_lru/649.fotonik3d_s-7084B": 1760898046.2806263,
    "../results/pref_l1_l2/mlop-dpc3_spp/exp8_srrip_lru/649.fotonik3d_s-8225B": 1760897932.7453756,
    "../results/pref_l1_l2/mlop-dpc3_spp/exp8_srrip_lru/654.roms_s-1007B": 1760898022.2273612,
    "../results/pref_l1_l2/mlop-dpc3_spp/exp8_srrip_lru/654.roms_s-1070B": 1760898117.3804095,
    "../results/pref_l1_l2/mlop-dpc3_spp/exp8_srrip_lru/654.roms_s-1390B": 1760898091.9611294,
    "../results/pref_l1_l2/mlop-dpc3_spp/exp8_srrip_lru/654.roms_s-293B": 1760898097.4461899,
    "../results/pref_l1_l2/mlop-dpc3_spp/exp8_srrip_lru/654.roms_s-294B": 1760898099.015207,
    "../results/pref_l1_l2/mlop-dpc3_spp/exp8_srrip_lru/654.roms_s-523B": 1760898102.8362494,
    "../results/pref_l1_l2/mlop-dpc3_spp/exp8_srrip_lru/657.xz_s-2302B": 1760898094.014152,
    "../results/pref_l1_l2/mlop-dpc3_spp/exp6_lru_ship++/600.perlbench_s-570B": 1760910245.797275,
    "../results/pref_l1_l2/mlop-dpc3_spp/exp6_lru_ship++/602.gcc_s-1850B": 1760910140.4730396,
    "../results/pref_l1_l2/mlop-dpc3_spp/exp6_lru_ship++/602.gcc_s-2226B": 1760910231.0651028,
    "../results/pref_l1_l2/mlop-dpc3_spp/exp6_lru_ship++/602.gcc_s-734B": 1760910207.2338235,
    "../results/pref_l1_l2/mlop-dpc3_spp/exp6_lru_ship++/603.bwaves_s-1740B": 1760910293.3228307,
    "../results/pref_l1_l2/mlop-dpc3_spp/exp6_lru_ship++/603.bwaves_s-2609B": 1760910233.234128,
    "../results/pref_l1_l2/mlop-dpc3_spp/exp6_lru_ship++/603.bwaves_s-2931B": 1760910143.7710783,
    "../results/pref_l1_l2/mlop-dpc3_spp/exp6_lru_ship++/603.bwaves_s-891B": 1760909933.0575838,
    "../results/pref_l1_l2/mlop-dpc3_spp/exp6_lru_ship++/605.mcf_s-1152B": 1760910350.6504993,
    "../results/pref_l1_l2/mlop-dpc3_spp/exp6_lru_ship++/605.mcf_s-1536B": 1760910444.902596,
    "../results/pref_l1_l2/mlop-dpc3_spp/exp6_lru_ship++/605.mcf_s-1554B": 1760910461.2327855,
    "../results/pref_l1_l2/mlop-dpc3_spp/exp6_lru_ship++/605.mcf_s-1644B": 1760910675.5882673,
    "../results/pref_l1_l2/mlop-dpc3_spp/exp6_lru_ship++/605.mcf_s-472B": 1760910286.251748,
    "../results/pref_l1_l2/mlop-dpc3_spp/exp6_lru_ship++/605.mcf_s-484B": 1760910431.8684444,
    "../results/pref_l1_l2/mlop-dpc3_spp/exp6_lru_ship++/605.mcf_s-665B": 1760910298.0988865,
    "../results/pref_l1_l2/mlop-dpc3_spp/exp6_lru_ship++/605.mcf_s-782B": 1760910557.9969075,
    "../results/pref_l1_l2/mlop-dpc3_spp/exp6_lru_ship++/605.mcf_s-994B": 1760910261.3804574,
    "../results/pref_l1_l2/mlop-dpc3_spp/exp6_lru_ship++/607.cactuBSSN_s-2421B": 1760910188.3356018,
    "../results/pref_l1_l2/mlop-dpc3_spp/exp6_lru_ship++/607.cactuBSSN_s-3477B": 1760910077.7193,
    "../results/pref_l1_l2/mlop-dpc3_spp/exp6_lru_ship++/607.cactuBSSN_s-4004B": 1760910162.130294,
    "../results/pref_l1_l2/mlop-dpc3_spp/exp6_lru_ship++/619.lbm_s-2676B": 1760910374.1997738,
    "../results/pref_l1_l2/mlop-dpc3_spp/exp6_lru_ship++/619.lbm_s-2677B": 1760910516.5004265,
    "../results/pref_l1_l2/mlop-dpc3_spp/exp6_lru_ship++/619.lbm_s-3766B": 1760910000.659388,
    "../results/pref_l1_l2/mlop-dpc3_spp/exp6_lru_ship++/619.lbm_s-4268B": 1760910465.4748347,
    "../results/pref_l1_l2/mlop-dpc3_spp/exp6_lru_ship++/620.omnetpp_s-141B": 1760910373.6387672,
    "../results/pref_l1_l2/mlop-dpc3_spp/exp6_lru_ship++/620.omnetpp_s-874B": 1760910350.2014942,
    "../results/pref_l1_l2/mlop-dpc3_spp/exp6_lru_ship++/621.wrf_s-6673B": 1760910149.9991517,
    "../results/pref_l1_l2/mlop-dpc3_spp/exp6_lru_ship++/621.wrf_s-8065B": 1760910151.3391674,
    "../results/pref_l1_l2/mlop-dpc3_spp/exp6_lru_ship++/623.xalancbmk_s-10B": 1760910103.9696097,
    "../results/pref_l1_l2/mlop-dpc3_spp/exp6_lru_ship++/623.xalancbmk_s-165B": 1760910020.9126282,
    "../results/pref_l1_l2/mlop-dpc3_spp/exp6_lru_ship++/623.xalancbmk_s-202B": 1760909968.6420076,
    "../results/pref_l1_l2/mlop-dpc3_spp/exp6_lru_ship++/625.x264_s-20B": 1760909855.8686602,
    "../results/pref_l1_l2/mlop-dpc3_spp/exp6_lru_ship++/627.cam4_s-490B": 1760910005.9374506,
    "../results/pref_l1_l2/mlop-dpc3_spp/exp6_lru_ship++/628.pop2_s-17B": 1760909862.9947457,
    "../results/pref_l1_l2/mlop-dpc3_spp/exp6_lru_ship++/649.fotonik3d_s-10881B": 1760910413.4082298,
    "../results/pref_l1_l2/mlop-dpc3_spp/exp6_lru_ship++/649.fotonik3d_s-1176B": 1760910307.0219905,
    "../results/pref_l1_l2/mlop-dpc3_spp/exp6_lru_ship++/649.fotonik3d_s-7084B": 1760910444.1705873,
    "../results/pref_l1_l2/mlop-dpc3_spp/exp6_lru_ship++/649.fotonik3d_s-8225B": 1760910466.0578415,
    "../results/pref_l1_l2/mlop-dpc3_spp/exp6_lru_ship++/654.roms_s-1007B": 1760910490.7161276,
    "../results/pref_l1_l2/mlop-dpc3_spp/exp6_lru_ship++/654.roms_s-1070B": 1760910495.3741817,
    "../results/pref_l1_l2/mlop-dpc3_spp/exp6_lru_ship++/654.roms_s-1390B": 1760910502.0342588,
    "../results/pref_l1_l2/mlop-dpc3_spp/exp6_lru_ship++/654.roms_s-293B": 1760910499.0022237,
    "../results/pref_l1_l2/mlop-dpc3_spp/exp6_lru_ship++/654.roms_s-294B": 1760910516.5444272,
    "../results/pref_l1_l2/mlop-dpc3_spp/exp6_lru_ship++/654.roms_s-523B": 1760910517.6944406,
    "../results/pref_l1_l2/mlop-dpc3_spp/exp6_lru_ship++/657.xz_s-2302B": 1760910509.275343,
    "../results/pref_l1_l2/mlop-dpc3_spp/exp7_lru_mockingjay/600.perlbench_s-570B": 1760900909.3636935,
    "../results/pref_l1_l2/mlop-dpc3_spp/exp7_lru_mockingjay/602.gcc_s-1850B": 1760900826.685825,
    "../results/pref_l1_l2/mlop-dpc3_spp/exp7_lru_mockingjay/602.gcc_s-2226B": 1760901008.1157424,
    "../results/pref_l1_l2/mlop-dpc3_spp/exp7_lru_mockingjay/602.gcc_s-734B": 1760900720.0317214,
    "../results/pref_l1_l2/mlop-dpc3_spp/exp7_lru_mockingjay/603.bwaves_s-1740B": 1760900859.5611691,
    "../results/pref_l1_l2/mlop-dpc3_spp/exp7_lru_mockingjay/603.bwaves_s-2609B": 1760900627.3837564,
    "../results/pref_l1_l2/mlop-dpc3_spp/exp7_lru_mockingjay/603.bwaves_s-2931B": 1760900799.1015377,
    "../results/pref_l1_l2/mlop-dpc3_spp/exp7_lru_mockingjay/603.bwaves_s-891B": 1760900526.9365969,
    "../results/pref_l1_l2/mlop-dpc3_spp/exp7_lru_mockingjay/605.mcf_s-1152B": 1760900970.7023437,
    "../results/pref_l1_l2/mlop-dpc3_spp/exp7_lru_mockingjay/605.mcf_s-1536B": 1760901113.9638789,
    "../results/pref_l1_l2/mlop-dpc3_spp/exp7_lru_mockingjay/605.mcf_s-1554B": 1760901156.2733362,
    "../results/pref_l1_l2/mlop-dpc3_spp/exp7_lru_mockingjay/605.mcf_s-1644B": 1760901297.174869,
    "../results/pref_l1_l2/mlop-dpc3_spp/exp7_lru_mockingjay/605.mcf_s-472B": 1760901018.2858512,
    "../results/pref_l1_l2/mlop-dpc3_spp/exp7_lru_mockingjay/605.mcf_s-484B": 1760901066.9893732,
    "../results/pref_l1_l2/mlop-dpc3_spp/exp7_lru_mockingjay/605.mcf_s-665B": 1760900773.4362714,
    "../results/pref_l1_l2/mlop-dpc3_spp/exp7_lru_mockingjay/605.mcf_s-782B": 1760901228.677122,
    "../results/pref_l1_l2/mlop-dpc3_spp/exp7_lru_mockingjay/605.mcf_s-994B": 1760900853.8751094,
    "../results/pref_l1_l2/mlop-dpc3_spp/exp7_lru_mockingjay/607.cactuBSSN_s-2421B": 1760900909.2126918,
    "../results/pref_l1_l2/mlop-dpc3_spp/exp7_lru_mockingjay/607.cactuBSSN_s-3477B": 1760900769.1722274,
    "../results/pref_l1_l2/mlop-dpc3_spp/exp7_lru_mockingjay/607.cactuBSSN_s-4004B": 1760900972.3213608,
    "../results/pref_l1_l2/mlop-dpc3_spp/exp7_lru_mockingjay/619.lbm_s-2676B": 1760900958.7682166,
    "../results/pref_l1_l2/mlop-dpc3_spp/exp7_lru_mockingjay/619.lbm_s-2677B": 1760901093.0256534,
    "../results/pref_l1_l2/mlop-dpc3_spp/exp7_lru_mockingjay/619.lbm_s-3766B": 1760900835.272915,
    "../results/pref_l1_l2/mlop-dpc3_spp/exp7_lru_mockingjay/619.lbm_s-4268B": 1760901077.8124895,
    "../results/pref_l1_l2/mlop-dpc3_spp/exp7_lru_mockingjay/620.omnetpp_s-141B": 1760900902.221618,
    "../results/pref_l1_l2/mlop-dpc3_spp/exp7_lru_mockingjay/620.omnetpp_s-874B": 1760900893.9895313,
    "../results/pref_l1_l2/mlop-dpc3_spp/exp7_lru_mockingjay/621.wrf_s-6673B": 1760900678.9233017,
    "../results/pref_l1_l2/mlop-dpc3_spp/exp7_lru_mockingjay/621.wrf_s-8065B": 1760900846.1080282,
    "../results/pref_l1_l2/mlop-dpc3_spp/exp7_lru_mockingjay/623.xalancbmk_s-10B": 1760900967.9763145,
    "../results/pref_l1_l2/mlop-dpc3_spp/exp7_lru_mockingjay/623.xalancbmk_s-165B": 1760900714.541665,
    "../results/pref_l1_l2/mlop-dpc3_spp/exp7_lru_mockingjay/623.xalancbmk_s-202B": 1760900821.6367724,
    "../results/pref_l1_l2/mlop-dpc3_spp/exp7_lru_mockingjay/625.x264_s-20B": 1760900603.605482,
    "../results/pref_l1_l2/mlop-dpc3_spp/exp7_lru_mockingjay/627.cam4_s-490B": 1760900617.110638,
    "../results/pref_l1_l2/mlop-dpc3_spp/exp7_lru_mockingjay/628.pop2_s-17B": 1760900654.8470573,
    "../results/pref_l1_l2/mlop-dpc3_spp/exp7_lru_mockingjay/649.fotonik3d_s-10881B": 1760901121.8669643,
    "../results/pref_l1_l2/mlop-dpc3_spp/exp7_lru_mockingjay/649.fotonik3d_s-1176B": 1760901082.137536,
    "../results/pref_l1_l2/mlop-dpc3_spp/exp7_lru_mockingjay/649.fotonik3d_s-7084B": 1760901135.073107,
    "../results/pref_l1_l2/mlop-dpc3_spp/exp7_lru_mockingjay/649.fotonik3d_s-8225B": 1760901121.4339597,
    "../results/pref_l1_l2/mlop-dpc3_spp/exp7_lru_mockingjay/654.roms_s-1007B": 1760901100.622735,
    "../results/pref_l1_l2/mlop-dpc3_spp/exp7_lru_mockingjay/654.roms_s-1070B": 1760901177.016561,
    "../results/pref_l1_l2/mlop-dpc3_spp/exp7_lru_mockingjay/654.roms_s-1390B": 1760901167.801461,
    "../results/pref_l1_l2/mlop-dpc3_spp/exp7_lru_mockingjay/654.roms_s-293B": 1760901166.1394432,
    "../results/pref_l1_l2/mlop-dpc3_spp/exp7_lru_mockingjay/654.roms_s-294B": 1760901159.0933669,
    "../results/pref_l1_l2/mlop-dpc3_spp/exp7_lru_mockingjay/654.roms_s-523B": 1760901203.4248476,
    "../results/pref_l1_l2/mlop-dpc3_spp/exp7_lru_mockingjay/657.xz_s-2302B": 1760901147.6732433,
    "../results/pref_l1_l2/mlop-dpc3_spp/exp10_srrip_drrip/600.perlbench_s-570B": 1760903020.678806,
    "../results/pref_l1_l2/mlop-dpc3_spp/exp10_srrip_drrip/602.gcc_s-1850B": 1760903256.8513265,
    "../results/pref_l1_l2/mlop-dpc3_spp/exp10_srrip_drrip/602.gcc_s-2226B": 1760903233.2610726,
    "../results/pref_l1_l2/mlop-dpc3_spp/exp10_srrip_drrip/602.gcc_s-734B": 1760903082.698463,
    "../results/pref_l1_l2/mlop-dpc3_spp/exp10_srrip_drrip/603.bwaves_s-1740B": 1760903159.4952817,
    "../results/pref_l1_l2/mlop-dpc3_spp/exp10_srrip_drrip/603.bwaves_s-2609B": 1760903078.1084144,
    "../results/pref_l1_l2/mlop-dpc3_spp/exp10_srrip_drrip/603.bwaves_s-2931B": 1760902950.7770705,
    "../results/pref_l1_l2/mlop-dpc3_spp/exp10_srrip_drrip/603.bwaves_s-891B": 1760902949.9830623,
    "../results/pref_l1_l2/mlop-dpc3_spp/exp10_srrip_drrip/605.mcf_s-1152B": 1760903360.0414412,
    "../results/pref_l1_l2/mlop-dpc3_spp/exp10_srrip_drrip/605.mcf_s-1536B": 1760903444.3243558,
    "../results/pref_l1_l2/mlop-dpc3_spp/exp10_srrip_drrip/605.mcf_s-1554B": 1760903481.5967617,
    "../results/pref_l1_l2/mlop-dpc3_spp/exp10_srrip_drrip/605.mcf_s-1644B": 1760903624.3513207,
    "../results/pref_l1_l2/mlop-dpc3_spp/exp10_srrip_drrip/605.mcf_s-472B": 1760903199.761713,
    "../results/pref_l1_l2/mlop-dpc3_spp/exp10_srrip_drrip/605.mcf_s-484B": 1760903214.937876,
    "../results/pref_l1_l2/mlop-dpc3_spp/exp10_srrip_drrip/605.mcf_s-665B": 1760903360.2494433,
    "../results/pref_l1_l2/mlop-dpc3_spp/exp10_srrip_drrip/605.mcf_s-782B": 1760903524.371228,
    "../results/pref_l1_l2/mlop-dpc3_spp/exp10_srrip_drrip/605.mcf_s-994B": 1760903286.494646,
    "../results/pref_l1_l2/mlop-dpc3_spp/exp10_srrip_drrip/607.cactuBSSN_s-2421B": 1760903261.8683805,
    "../results/pref_l1_l2/mlop-dpc3_spp/exp10_srrip_drrip/607.cactuBSSN_s-3477B": 1760903279.8285742,
    "../results/pref_l1_l2/mlop-dpc3_spp/exp10_srrip_drrip/607.cactuBSSN_s-4004B": 1760903061.130234,
    "../results/pref_l1_l2/mlop-dpc3_spp/exp10_srrip_drrip/619.lbm_s-2676B": 1760903349.4593265,
    "../results/pref_l1_l2/mlop-dpc3_spp/exp10_srrip_drrip/619.lbm_s-2677B": 1760903479.429738,
    "../results/pref_l1_l2/mlop-dpc3_spp/exp10_srrip_drrip/619.lbm_s-3766B": 1760902952.9480934,
    "../results/pref_l1_l2/mlop-dpc3_spp/exp10_srrip_drrip/619.lbm_s-4268B": 1760903419.769089,
    "../results/pref_l1_l2/mlop-dpc3_spp/exp10_srrip_drrip/620.omnetpp_s-141B": 1760903200.779724,
    "../results/pref_l1_l2/mlop-dpc3_spp/exp10_srrip_drrip/620.omnetpp_s-874B": 1760903359.836439,
    "../results/pref_l1_l2/mlop-dpc3_spp/exp10_srrip_drrip/621.wrf_s-6673B": 1760902972.2752962,
    "../results/pref_l1_l2/mlop-dpc3_spp/exp10_srrip_drrip/621.wrf_s-8065B": 1760903131.441982,
    "../results/pref_l1_l2/mlop-dpc3_spp/exp10_srrip_drrip/623.xalancbmk_s-10B": 1760903039.5400054,
    "../results/pref_l1_l2/mlop-dpc3_spp/exp10_srrip_drrip/623.xalancbmk_s-165B": 1760902942.699986,
    "../results/pref_l1_l2/mlop-dpc3_spp/exp10_srrip_drrip/623.xalancbmk_s-202B": 1760903145.2631297,
    "../results/pref_l1_l2/mlop-dpc3_spp/exp10_srrip_drrip/625.x264_s-20B": 1760903067.1622982,
    "../results/pref_l1_l2/mlop-dpc3_spp/exp10_srrip_drrip/627.cam4_s-490B": 1760903135.9950306,
    "../results/pref_l1_l2/mlop-dpc3_spp/exp10_srrip_drrip/628.pop2_s-17B": 1760902917.5927236,
    "../results/pref_l1_l2/mlop-dpc3_spp/exp10_srrip_drrip/649.fotonik3d_s-10881B": 1760903329.8731146,
    "../results/pref_l1_l2/mlop-dpc3_spp/exp10_srrip_drrip/649.fotonik3d_s-1176B": 1760903367.5365224,
    "../results/pref_l1_l2/mlop-dpc3_spp/exp10_srrip_drrip/649.fotonik3d_s-7084B": 1760903432.0532224,
    "../results/pref_l1_l2/mlop-dpc3_spp/exp10_srrip_drrip/649.fotonik3d_s-8225B": 1760903394.7358172,
    "../results/pref_l1_l2/mlop-dpc3_spp/exp10_srrip_drrip/654.roms_s-1007B": 1760903429.6401963,
    "../results/pref_l1_l2/mlop-dpc3_spp/exp10_srrip_drrip/654.roms_s-1070B": 1760903445.6553705,
    "../results/pref_l1_l2/mlop-dpc3_spp/exp10_srrip_drrip/654.roms_s-1390B": 1760903443.8813512,
    "../results/pref_l1_l2/mlop-dpc3_spp/exp10_srrip_drrip/654.roms_s-293B": 1760903494.7969055,
    "../results/pref_l1_l2/mlop-dpc3_spp/exp10_srrip_drrip/654.roms_s-294B": 1760903505.8270257,
    "../results/pref_l1_l2/mlop-dpc3_spp/exp10_srrip_drrip/654.roms_s-523B": 1760903497.672937,
    "../results/pref_l1_l2/mlop-dpc3_spp/exp10_srrip_drrip/657.xz_s-2302B": 1760903483.3187804,
    "../results/pref_l1_l2/bingo-Dpc3_spp/exp12_srrip_ship/600.perlbench_s-570B": 1760949105.3979404,
    "../results/pref_l1_l2/bingo-Dpc3_spp/exp12_srrip_ship/602.gcc_s-1850B": 1760949073.289582,
    "../results/pref_l1_l2/bingo-Dpc3_spp/exp12_srrip_ship/602.gcc_s-2226B": 1760949102.5199084,
    "../results/pref_l1_l2/bingo-Dpc3_spp/exp12_srrip_ship/602.gcc_s-734B": 1760949027.4380696,
    "../results/pref_l1_l2/bingo-Dpc3_spp/exp12_srrip_ship/603.bwaves_s-1740B": 1760949023.8610294,
    "../results/pref_l1_l2/bingo-Dpc3_spp/exp12_srrip_ship/603.bwaves_s-2609B": 1760949114.3510404,
    "../results/pref_l1_l2/bingo-Dpc3_spp/exp12_srrip_ship/603.bwaves_s-2931B": 1760949114.238039,
    "../results/pref_l1_l2/bingo-Dpc3_spp/exp12_srrip_ship/603.bwaves_s-891B": 1760948813.7276626,
    "../results/pref_l1_l2/bingo-Dpc3_spp/exp12_srrip_ship/605.mcf_s-1152B": 1760949023.9560306,
    "../results/pref_l1_l2/bingo-Dpc3_spp/exp12_srrip_ship/605.mcf_s-1536B": 1760949419.7734263,
    "../results/pref_l1_l2/bingo-Dpc3_spp/exp12_srrip_ship/605.mcf_s-1554B": 1760949336.9485114,
    "../results/pref_l1_l2/bingo-Dpc3_spp/exp12_srrip_ship/605.mcf_s-1644B": 1760949505.5903726,
    "../results/pref_l1_l2/bingo-Dpc3_spp/exp12_srrip_ship/605.mcf_s-472B": 1760949239.3484302,
    "../results/pref_l1_l2/bingo-Dpc3_spp/exp12_srrip_ship/605.mcf_s-484B": 1760949205.4960544,
    "../results/pref_l1_l2/bingo-Dpc3_spp/exp12_srrip_ship/605.mcf_s-665B": 1760949274.0058146,
    "../results/pref_l1_l2/bingo-Dpc3_spp/exp12_srrip_ship/605.mcf_s-782B": 1760949413.0483522,
    "../results/pref_l1_l2/bingo-Dpc3_spp/exp12_srrip_ship/605.mcf_s-994B": 1760949069.4005387,
    "../results/pref_l1_l2/bingo-Dpc3_spp/exp12_srrip_ship/607.cactuBSSN_s-2421B": 1760949202.2960188,
    "../results/pref_l1_l2/bingo-Dpc3_spp/exp12_srrip_ship/607.cactuBSSN_s-3477B": 1760949171.5946777,
    "../results/pref_l1_l2/bingo-Dpc3_spp/exp12_srrip_ship/607.cactuBSSN_s-4004B": 1760949062.2944593,
    "../results/pref_l1_l2/bingo-Dpc3_spp/exp12_srrip_ship/619.lbm_s-2676B": 1760949174.6617117,
    "../results/pref_l1_l2/bingo-Dpc3_spp/exp12_srrip_ship/619.lbm_s-2677B": 1760949383.5780268,
    "../results/pref_l1_l2/bingo-Dpc3_spp/exp12_srrip_ship/619.lbm_s-3766B": 1760949058.5804179,
    "../results/pref_l1_l2/bingo-Dpc3_spp/exp12_srrip_ship/619.lbm_s-4268B": 1760949366.4538376,
    "../results/pref_l1_l2/bingo-Dpc3_spp/exp12_srrip_ship/620.omnetpp_s-141B": 1760949162.9755816,
    "../results/pref_l1_l2/bingo-Dpc3_spp/exp12_srrip_ship/620.omnetpp_s-874B": 1760949158.1805284,
    "../results/pref_l1_l2/bingo-Dpc3_spp/exp12_srrip_ship/621.wrf_s-6673B": 1760948904.0996842,
    "../results/pref_l1_l2/bingo-Dpc3_spp/exp12_srrip_ship/621.wrf_s-8065B": 1760948943.0861232,
    "../results/pref_l1_l2/bingo-Dpc3_spp/exp12_srrip_ship/623.xalancbmk_s-10B": 1760949175.039716,
    "../results/pref_l1_l2/bingo-Dpc3_spp/exp12_srrip_ship/623.xalancbmk_s-165B": 1760948825.6137974,
    "../results/pref_l1_l2/bingo-Dpc3_spp/exp12_srrip_ship/623.xalancbmk_s-202B": 1760948945.5091505,
    "../results/pref_l1_l2/bingo-Dpc3_spp/exp12_srrip_ship/625.x264_s-20B": 1760948857.9431634,
    "../results/pref_l1_l2/bingo-Dpc3_spp/exp12_srrip_ship/627.cam4_s-490B": 1760948817.3047032,
    "../results/pref_l1_l2/bingo-Dpc3_spp/exp12_srrip_ship/628.pop2_s-17B": 1760948928.1019547,
    "../results/pref_l1_l2/bingo-Dpc3_spp/exp12_srrip_ship/649.fotonik3d_s-10881B": 1760949314.962268,
    "../results/pref_l1_l2/bingo-Dpc3_spp/exp12_srrip_ship/649.fotonik3d_s-1176B": 1760949311.7622325,
    "../results/pref_l1_l2/bingo-Dpc3_spp/exp12_srrip_ship/649.fotonik3d_s-7084B": 1760949301.6161203,
    "../results/pref_l1_l2/bingo-Dpc3_spp/exp12_srrip_ship/649.fotonik3d_s-8225B": 1760949239.8834362,
    "../results/pref_l1_l2/bingo-Dpc3_spp/exp12_srrip_ship/654.roms_s-1007B": 1760949333.2724707,
    "../results/pref_l1_l2/bingo-Dpc3_spp/exp12_srrip_ship/654.roms_s-1070B": 1760949411.224332,
    "../results/pref_l1_l2/bingo-Dpc3_spp/exp12_srrip_ship/654.roms_s-1390B": 1760949401.878229,
    "../results/pref_l1_l2/bingo-Dpc3_spp/exp12_srrip_ship/654.roms_s-293B": 1760949372.8039076,
    "../results/pref_l1_l2/bingo-Dpc3_spp/exp12_srrip_ship/654.roms_s-294B": 1760949413.7823603,
    "../results/pref_l1_l2/bingo-Dpc3_spp/exp12_srrip_ship/654.roms_s-523B": 1760949411.0653303,
    "../results/pref_l1_l2/bingo-Dpc3_spp/exp12_srrip_ship/657.xz_s-2302B": 1760949395.4901583,
    "../results/pref_l1_l2/bingo-Dpc3_spp/exp1_lru_lru/600.perlbench_s-570B": 1760866066.9122334,
    "../results/pref_l1_l2/bingo-Dpc3_spp/exp1_lru_lru/602.gcc_s-1850B": 1760866092.205529,
    "../results/pref_l1_l2/bingo-Dpc3_spp/exp1_lru_lru/602.gcc_s-2226B": 1760866299.1269217,
    "../results/pref_l1_l2/bingo-Dpc3_spp/exp1_lru_lru/602.gcc_s-734B": 1760866136.2690423,
    "../results/pref_l1_l2/bingo-Dpc3_spp/exp1_lru_lru/603.bwaves_s-1740B": 1760866010.9885764,
    "../results/pref_l1_l2/bingo-Dpc3_spp/exp1_lru_lru/603.bwaves_s-2609B": 1760865938.6627202,
    "../results/pref_l1_l2/bingo-Dpc3_spp/exp1_lru_lru/603.bwaves_s-2931B": 1760866173.5784752,
    "../results/pref_l1_l2/bingo-Dpc3_spp/exp1_lru_lru/603.bwaves_s-891B": 1760865796.752045,
    "../results/pref_l1_l2/bingo-Dpc3_spp/exp1_lru_lru/605.mcf_s-1152B": 1760866238.2322218,
    "../results/pref_l1_l2/bingo-Dpc3_spp/exp1_lru_lru/605.mcf_s-1536B": 1760866405.058132,
    "../results/pref_l1_l2/bingo-Dpc3_spp/exp1_lru_lru/605.mcf_s-1554B": 1760866434.1144624,
    "../results/pref_l1_l2/bingo-Dpc3_spp/exp1_lru_lru/605.mcf_s-1644B": 1760866589.8862262,
    "../results/pref_l1_l2/bingo-Dpc3_spp/exp1_lru_lru/605.mcf_s-472B": 1760866184.1435974,
    "../results/pref_l1_l2/bingo-Dpc3_spp/exp1_lru_lru/605.mcf_s-484B": 1760866383.393885,
    "../results/pref_l1_l2/bingo-Dpc3_spp/exp1_lru_lru/605.mcf_s-665B": 1760866146.498161,
    "../results/pref_l1_l2/bingo-Dpc3_spp/exp1_lru_lru/605.mcf_s-782B": 1760866531.80757,
    "../results/pref_l1_l2/bingo-Dpc3_spp/exp1_lru_lru/605.mcf_s-994B": 1760866204.3788314,
    "../results/pref_l1_l2/bingo-Dpc3_spp/exp1_lru_lru/607.cactuBSSN_s-2421B": 1760866174.771489,
    "../results/pref_l1_l2/bingo-Dpc3_spp/exp1_lru_lru/607.cactuBSSN_s-3477B": 1760866091.0295153,
    "../results/pref_l1_l2/bingo-Dpc3_spp/exp1_lru_lru/607.cactuBSSN_s-4004B": 1760866275.8166542,
    "../results/pref_l1_l2/bingo-Dpc3_spp/exp1_lru_lru/619.lbm_s-2676B": 1760866305.7449975,
    "../results/pref_l1_l2/bingo-Dpc3_spp/exp1_lru_lru/619.lbm_s-2677B": 1760866399.1490645,
    "../results/pref_l1_l2/bingo-Dpc3_spp/exp1_lru_lru/619.lbm_s-3766B": 1760866172.1134582,
    "../results/pref_l1_l2/bingo-Dpc3_spp/exp1_lru_lru/619.lbm_s-4268B": 1760866228.777113,
    "../results/pref_l1_l2/bingo-Dpc3_spp/exp1_lru_lru/620.omnetpp_s-141B": 1760866222.011035,
    "../results/pref_l1_l2/bingo-Dpc3_spp/exp1_lru_lru/620.omnetpp_s-874B": 1760866331.8492963,
    "../results/pref_l1_l2/bingo-Dpc3_spp/exp1_lru_lru/621.wrf_s-6673B": 1760866192.14369,
    "../results/pref_l1_l2/bingo-Dpc3_spp/exp1_lru_lru/621.wrf_s-8065B": 1760866121.4418697,
    "../results/pref_l1_l2/bingo-Dpc3_spp/exp1_lru_lru/623.xalancbmk_s-10B": 1760866239.3522348,
    "../results/pref_l1_l2/bingo-Dpc3_spp/exp1_lru_lru/623.xalancbmk_s-165B": 1760866101.3556356,
    "../results/pref_l1_l2/bingo-Dpc3_spp/exp1_lru_lru/623.xalancbmk_s-202B": 1760866169.0224223,
    "../results/pref_l1_l2/bingo-Dpc3_spp/exp1_lru_lru/625.x264_s-20B": 1760865968.0230687,
    "../results/pref_l1_l2/bingo-Dpc3_spp/exp1_lru_lru/627.cam4_s-490B": 1760865946.9268184,
    "../results/pref_l1_l2/bingo-Dpc3_spp/exp1_lru_lru/628.pop2_s-17B": 1760865967.548063,
    "../results/pref_l1_l2/bingo-Dpc3_spp/exp1_lru_lru/649.fotonik3d_s-10881B": 1760866388.1359391,
    "../results/pref_l1_l2/bingo-Dpc3_spp/exp1_lru_lru/649.fotonik3d_s-1176B": 1760866219.4740057,
    "../results/pref_l1_l2/bingo-Dpc3_spp/exp1_lru_lru/649.fotonik3d_s-7084B": 1760866351.7885244,
    "../results/pref_l1_l2/bingo-Dpc3_spp/exp1_lru_lru/649.fotonik3d_s-8225B": 1760866379.1938372,
    "../results/pref_l1_l2/bingo-Dpc3_spp/exp1_lru_lru/654.roms_s-1007B": 1760866427.641389,
    "../results/pref_l1_l2/bingo-Dpc3_spp/exp1_lru_lru/654.roms_s-1070B": 1760866406.7821515,
    "../results/pref_l1_l2/bingo-Dpc3_spp/exp1_lru_lru/654.roms_s-1390B": 1760866438.7885156,
    "../results/pref_l1_l2/bingo-Dpc3_spp/exp1_lru_lru/654.roms_s-293B": 1760866439.8765278,
    "../results/pref_l1_l2/bingo-Dpc3_spp/exp1_lru_lru/654.roms_s-294B": 1760866483.2470202,
    "../results/pref_l1_l2/bingo-Dpc3_spp/exp1_lru_lru/654.roms_s-523B": 1760866468.9868584,
    "../results/pref_l1_l2/bingo-Dpc3_spp/exp1_lru_lru/657.xz_s-2302B": 1760866445.6645937,
    "../results/pref_l1_l2/bingo-Dpc3_spp/exp14_srrip_mockingjay/600.perlbench_s-570B": 1760950315.011771,
    "../results/pref_l1_l2/bingo-Dpc3_spp/exp14_srrip_mockingjay/602.gcc_s-1850B": 1760950180.2143893,
    "../results/pref_l1_l2/bingo-Dpc3_spp/exp14_srrip_mockingjay/602.gcc_s-2226B": 1760950441.2010772,
    "../results/pref_l1_l2/bingo-Dpc3_spp/exp14_srrip_mockingjay/602.gcc_s-734B": 1760950292.4955392,
    "../results/pref_l1_l2/bingo-Dpc3_spp/exp14_srrip_mockingjay/603.bwaves_s-1740B": 1760950178.718374,
    "../results/pref_l1_l2/bingo-Dpc3_spp/exp14_srrip_mockingjay/603.bwaves_s-2609B": 1760950040.8479803,
    "../results/pref_l1_l2/bingo-Dpc3_spp/exp14_srrip_mockingjay/603.bwaves_s-2931B": 1760950156.8131514,
    "../results/pref_l1_l2/bingo-Dpc3_spp/exp14_srrip_mockingjay/603.bwaves_s-891B": 1760949945.539031,
    "../results/pref_l1_l2/bingo-Dpc3_spp/exp14_srrip_mockingjay/605.mcf_s-1152B": 1760950395.1165988,
    "../results/pref_l1_l2/bingo-Dpc3_spp/exp14_srrip_mockingjay/605.mcf_s-1536B": 1760950587.3636022,
    "../results/pref_l1_l2/bingo-Dpc3_spp/exp14_srrip_mockingjay/605.mcf_s-1554B": 1760950511.0558045,
    "../results/pref_l1_l2/bingo-Dpc3_spp/exp14_srrip_mockingjay/605.mcf_s-1644B": 1760950677.4715471,
    "../results/pref_l1_l2/bingo-Dpc3_spp/exp14_srrip_mockingjay/605.mcf_s-472B": 1760950445.6731236,
    "../results/pref_l1_l2/bingo-Dpc3_spp/exp14_srrip_mockingjay/605.mcf_s-484B": 1760950306.3606818,
    "../results/pref_l1_l2/bingo-Dpc3_spp/exp14_srrip_mockingjay/605.mcf_s-665B": 1760950341.6370456,
    "../results/pref_l1_l2/bingo-Dpc3_spp/exp14_srrip_mockingjay/605.mcf_s-782B": 1760950541.4751222,
    "../results/pref_l1_l2/bingo-Dpc3_spp/exp14_srrip_mockingjay/605.mcf_s-994B": 1760950382.582469,
    "../results/pref_l1_l2/bingo-Dpc3_spp/exp14_srrip_mockingjay/607.cactuBSSN_s-2421B": 1760950120.9857879,
    "../results/pref_l1_l2/bingo-Dpc3_spp/exp14_srrip_mockingjay/607.cactuBSSN_s-3477B": 1760950414.8398035,
    "../results/pref_l1_l2/bingo-Dpc3_spp/exp14_srrip_mockingjay/607.cactuBSSN_s-4004B": 1760950374.6213868,
    "../results/pref_l1_l2/bingo-Dpc3_spp/exp14_srrip_mockingjay/619.lbm_s-2676B": 1760950281.5694268,
    "../results/pref_l1_l2/bingo-Dpc3_spp/exp14_srrip_mockingjay/619.lbm_s-2677B": 1760950546.924179,
    "../results/pref_l1_l2/bingo-Dpc3_spp/exp14_srrip_mockingjay/619.lbm_s-3766B": 1760950263.39924,
    "../results/pref_l1_l2/bingo-Dpc3_spp/exp14_srrip_mockingjay/619.lbm_s-4268B": 1760950472.3634014,
    "../results/pref_l1_l2/bingo-Dpc3_spp/exp14_srrip_mockingjay/620.omnetpp_s-141B": 1760950461.8132915,
    "../results/pref_l1_l2/bingo-Dpc3_spp/exp14_srrip_mockingjay/620.omnetpp_s-874B": 1760950456.2002332,
    "../results/pref_l1_l2/bingo-Dpc3_spp/exp14_srrip_mockingjay/621.wrf_s-6673B": 1760950273.9293482,
    "../results/pref_l1_l2/bingo-Dpc3_spp/exp14_srrip_mockingjay/621.wrf_s-8065B": 1760950195.9075494,
    "../results/pref_l1_l2/bingo-Dpc3_spp/exp14_srrip_mockingjay/623.xalancbmk_s-10B": 1760950400.4506543,
    "../results/pref_l1_l2/bingo-Dpc3_spp/exp14_srrip_mockingjay/623.xalancbmk_s-165B": 1760949955.55713,
    "../results/pref_l1_l2/bingo-Dpc3_spp/exp14_srrip_mockingjay/623.xalancbmk_s-202B": 1760950138.6279666,
    "../results/pref_l1_l2/bingo-Dpc3_spp/exp14_srrip_mockingjay/625.x264_s-20B": 1760949981.344386,
    "../results/pref_l1_l2/bingo-Dpc3_spp/exp14_srrip_mockingjay/627.cam4_s-490B": 1760950090.0554752,
    "../results/pref_l1_l2/bingo-Dpc3_spp/exp14_srrip_mockingjay/628.pop2_s-17B": 1760949909.831679,
    "../results/pref_l1_l2/bingo-Dpc3_spp/exp14_srrip_mockingjay/649.fotonik3d_s-10881B": 1760950337.6360044,
    "../results/pref_l1_l2/bingo-Dpc3_spp/exp14_srrip_mockingjay/649.fotonik3d_s-1176B": 1760950432.9739916,
    "../results/pref_l1_l2/bingo-Dpc3_spp/exp14_srrip_mockingjay/649.fotonik3d_s-7084B": 1760950521.8159168,
    "../results/pref_l1_l2/bingo-Dpc3_spp/exp14_srrip_mockingjay/649.fotonik3d_s-8225B": 1760950457.7902496,
    "../results/pref_l1_l2/bingo-Dpc3_spp/exp14_srrip_mockingjay/654.roms_s-1007B": 1760950520.3679018,
    "../results/pref_l1_l2/bingo-Dpc3_spp/exp14_srrip_mockingjay/654.roms_s-1070B": 1760950545.9931693,
    "../results/pref_l1_l2/bingo-Dpc3_spp/exp14_srrip_mockingjay/654.roms_s-1390B": 1760950523.3509328,
    "../results/pref_l1_l2/bingo-Dpc3_spp/exp14_srrip_mockingjay/654.roms_s-293B": 1760950550.372215,
    "../results/pref_l1_l2/bingo-Dpc3_spp/exp14_srrip_mockingjay/654.roms_s-294B": 1760950571.9244404,
    "../results/pref_l1_l2/bingo-Dpc3_spp/exp14_srrip_mockingjay/654.roms_s-523B": 1760950600.4157388,
    "../results/pref_l1_l2/bingo-Dpc3_spp/exp14_srrip_mockingjay/657.xz_s-2302B": 1760950551.694229,
    "../results/pref_l1_l2/bingo-Dpc3_spp/exp11_srrip_hawkeye/600.perlbench_s-570B": 1760947851.6659207,
    "../results/pref_l1_l2/bingo-Dpc3_spp/exp11_srrip_hawkeye/602.gcc_s-1850B": 1760947952.0372784,
    "../results/pref_l1_l2/bingo-Dpc3_spp/exp11_srrip_hawkeye/602.gcc_s-2226B": 1760947825.0615518,
    "../results/pref_l1_l2/bingo-Dpc3_spp/exp11_srrip_hawkeye/602.gcc_s-734B": 1760947899.9765809,
    "../results/pref_l1_l2/bingo-Dpc3_spp/exp11_srrip_hawkeye/603.bwaves_s-1740B": 1760947897.3855457,
    "../results/pref_l1_l2/bingo-Dpc3_spp/exp11_srrip_hawkeye/603.bwaves_s-2609B": 1760947744.8794465,
    "../results/pref_l1_l2/bingo-Dpc3_spp/exp11_srrip_hawkeye/603.bwaves_s-2931B": 1760947908.2616928,
    "../results/pref_l1_l2/bingo-Dpc3_spp/exp11_srrip_hawkeye/603.bwaves_s-891B": 1760947580.3817513,
    "../results/pref_l1_l2/bingo-Dpc3_spp/exp11_srrip_hawkeye/605.mcf_s-1152B": 1760948011.2340567,
    "../results/pref_l1_l2/bingo-Dpc3_spp/exp11_srrip_hawkeye/605.mcf_s-1536B": 1760948197.4104166,
    "../results/pref_l1_l2/bingo-Dpc3_spp/exp11_srrip_hawkeye/605.mcf_s-1554B": 1760948132.330605,
    "../results/pref_l1_l2/bingo-Dpc3_spp/exp11_srrip_hawkeye/605.mcf_s-1644B": 1760948351.5852933,
    "../results/pref_l1_l2/bingo-Dpc3_spp/exp11_srrip_hawkeye/605.mcf_s-472B": 1760947908.5466964,
    "../results/pref_l1_l2/bingo-Dpc3_spp/exp11_srrip_hawkeye/605.mcf_s-484B": 1760948164.2860053,
    "../results/pref_l1_l2/bingo-Dpc3_spp/exp11_srrip_hawkeye/605.mcf_s-665B": 1760947884.0963652,
    "../results/pref_l1_l2/bingo-Dpc3_spp/exp11_srrip_hawkeye/605.mcf_s-782B": 1760948186.8962862,
    "../results/pref_l1_l2/bingo-Dpc3_spp/exp11_srrip_hawkeye/605.mcf_s-994B": 1760947951.8342757,
    "../results/pref_l1_l2/bingo-Dpc3_spp/exp11_srrip_hawkeye/607.cactuBSSN_s-2421B": 1760947995.3088489,
    "../results/pref_l1_l2/bingo-Dpc3_spp/exp11_srrip_hawkeye/607.cactuBSSN_s-3477B": 1760948024.670231,
    "../results/pref_l1_l2/bingo-Dpc3_spp/exp11_srrip_hawkeye/607.cactuBSSN_s-4004B": 1760948022.3312008,
    "../results/pref_l1_l2/bingo-Dpc3_spp/exp11_srrip_hawkeye/619.lbm_s-2676B": 1760948133.117615,
    "../results/pref_l1_l2/bingo-Dpc3_spp/exp11_srrip_hawkeye/619.lbm_s-2677B": 1760948081.2969592,
    "../results/pref_l1_l2/bingo-Dpc3_spp/exp11_srrip_hawkeye/619.lbm_s-3766B": 1760947798.4331782,
    "../results/pref_l1_l2/bingo-Dpc3_spp/exp11_srrip_hawkeye/619.lbm_s-4268B": 1760948054.3026135,
    "../results/pref_l1_l2/bingo-Dpc3_spp/exp11_srrip_hawkeye/620.omnetpp_s-141B": 1760947950.8952634,
    "../results/pref_l1_l2/bingo-Dpc3_spp/exp11_srrip_hawkeye/620.omnetpp_s-874B": 1760948036.6763866,
    "../results/pref_l1_l2/bingo-Dpc3_spp/exp11_srrip_hawkeye/621.wrf_s-6673B": 1760947932.194014,
    "../results/pref_l1_l2/bingo-Dpc3_spp/exp11_srrip_hawkeye/621.wrf_s-8065B": 1760947700.7849913,
    "../results/pref_l1_l2/bingo-Dpc3_spp/exp11_srrip_hawkeye/623.xalancbmk_s-10B": 1760947920.475857,
    "../results/pref_l1_l2/bingo-Dpc3_spp/exp11_srrip_hawkeye/623.xalancbmk_s-165B": 1760947759.8296287,
    "../results/pref_l1_l2/bingo-Dpc3_spp/exp11_srrip_hawkeye/623.xalancbmk_s-202B": 1760947690.2078822,
    "../results/pref_l1_l2/bingo-Dpc3_spp/exp11_srrip_hawkeye/625.x264_s-20B": 1760947704.3930285,
    "../results/pref_l1_l2/bingo-Dpc3_spp/exp11_srrip_hawkeye/627.cam4_s-490B": 1760947627.314234,
    "../results/pref_l1_l2/bingo-Dpc3_spp/exp11_srrip_hawkeye/628.pop2_s-17B": 1760947769.5177677,
    "../results/pref_l1_l2/bingo-Dpc3_spp/exp11_srrip_hawkeye/649.fotonik3d_s-10881B": 1760948050.5675657,
    "../results/pref_l1_l2/bingo-Dpc3_spp/exp11_srrip_hawkeye/649.fotonik3d_s-1176B": 1760948043.6314764,
    "../results/pref_l1_l2/bingo-Dpc3_spp/exp11_srrip_hawkeye/649.fotonik3d_s-7084B": 1760948149.144816,
    "../results/pref_l1_l2/bingo-Dpc3_spp/exp11_srrip_hawkeye/649.fotonik3d_s-8225B": 1760948086.1920214,
    "../results/pref_l1_l2/bingo-Dpc3_spp/exp11_srrip_hawkeye/654.roms_s-1007B": 1760948183.899249,
    "../results/pref_l1_l2/bingo-Dpc3_spp/exp11_srrip_hawkeye/654.roms_s-1070B": 1760948220.3216994,
    "../results/pref_l1_l2/bingo-Dpc3_spp/exp11_srrip_hawkeye/654.roms_s-1390B": 1760948167.397044,
    "../results/pref_l1_l2/bingo-Dpc3_spp/exp11_srrip_hawkeye/654.roms_s-293B": 1760948180.3562052,
    "../results/pref_l1_l2/bingo-Dpc3_spp/exp11_srrip_hawkeye/654.roms_s-294B": 1760948225.6397648,
    "../results/pref_l1_l2/bingo-Dpc3_spp/exp11_srrip_hawkeye/654.roms_s-523B": 1760948195.0473874,
    "../results/pref_l1_l2/bingo-Dpc3_spp/exp11_srrip_hawkeye/657.xz_s-2302B": 1760948196.6914077,
    "../results/pref_l1_l2/bingo-Dpc3_spp/exp13_srrip_ship++/600.perlbench_s-570B": 1760951365.5018363,
    "../results/pref_l1_l2/bingo-Dpc3_spp/exp13_srrip_ship++/602.gcc_s-1850B": 1760951327.0474267,
    "../results/pref_l1_l2/bingo-Dpc3_spp/exp13_srrip_ship++/602.gcc_s-2226B": 1760951425.7754784,
    "../results/pref_l1_l2/bingo-Dpc3_spp/exp13_srrip_ship++/602.gcc_s-734B": 1760951246.2185667,
    "../results/pref_l1_l2/bingo-Dpc3_spp/exp13_srrip_ship++/603.bwaves_s-1740B": 1760951329.4784527,
    "../results/pref_l1_l2/bingo-Dpc3_spp/exp13_srrip_ship++/603.bwaves_s-2609B": 1760951391.8741171,
    "../results/pref_l1_l2/bingo-Dpc3_spp/exp13_srrip_ship++/603.bwaves_s-2931B": 1760951350.7946796,
    "../results/pref_l1_l2/bingo-Dpc3_spp/exp13_srrip_ship++/603.bwaves_s-891B": 1760951164.4606974,
    "../results/pref_l1_l2/bingo-Dpc3_spp/exp13_srrip_ship++/605.mcf_s-1152B": 1760951548.6437883,
    "../results/pref_l1_l2/bingo-Dpc3_spp/exp13_srrip_ship++/605.mcf_s-1536B": 1760951693.987339,
    "../results/pref_l1_l2/bingo-Dpc3_spp/exp13_srrip_ship++/605.mcf_s-1554B": 1760951664.0530195,
    "../results/pref_l1_l2/bingo-Dpc3_spp/exp13_srrip_ship++/605.mcf_s-1644B": 1760951864.5821714,
    "../results/pref_l1_l2/bingo-Dpc3_spp/exp13_srrip_ship++/605.mcf_s-472B": 1760951592.8992603,
    "../results/pref_l1_l2/bingo-Dpc3_spp/exp13_srrip_ship++/605.mcf_s-484B": 1760951594.3332756,
    "../results/pref_l1_l2/bingo-Dpc3_spp/exp13_srrip_ship++/605.mcf_s-665B": 1760951411.5983274,
    "../results/pref_l1_l2/bingo-Dpc3_spp/exp13_srrip_ship++/605.mcf_s-782B": 1760951677.8131664,
    "../results/pref_l1_l2/bingo-Dpc3_spp/exp13_srrip_ship++/605.mcf_s-994B": 1760951533.8756309,
    "../results/pref_l1_l2/bingo-Dpc3_spp/exp13_srrip_ship++/607.cactuBSSN_s-2421B": 1760951428.7615101,
    "../results/pref_l1_l2/bingo-Dpc3_spp/exp13_srrip_ship++/607.cactuBSSN_s-3477B": 1760951402.1392264,
    "../results/pref_l1_l2/bingo-Dpc3_spp/exp13_srrip_ship++/607.cactuBSSN_s-4004B": 1760951444.599679,
    "../results/pref_l1_l2/bingo-Dpc3_spp/exp13_srrip_ship++/619.lbm_s-2676B": 1760951394.0621405,
    "../results/pref_l1_l2/bingo-Dpc3_spp/exp13_srrip_ship++/619.lbm_s-2677B": 1760951654.7139199,
    "../results/pref_l1_l2/bingo-Dpc3_spp/exp13_srrip_ship++/619.lbm_s-3766B": 1760951195.0610225,
    "../results/pref_l1_l2/bingo-Dpc3_spp/exp13_srrip_ship++/619.lbm_s-4268B": 1760951691.436312,
    "../results/pref_l1_l2/bingo-Dpc3_spp/exp13_srrip_ship++/620.omnetpp_s-141B": 1760951596.6883008,
    "../results/pref_l1_l2/bingo-Dpc3_spp/exp13_srrip_ship++/620.omnetpp_s-874B": 1760951600.7133436,
    "../results/pref_l1_l2/bingo-Dpc3_spp/exp13_srrip_ship++/621.wrf_s-6673B": 1760951461.9118636,
    "../results/pref_l1_l2/bingo-Dpc3_spp/exp13_srrip_ship++/621.wrf_s-8065B": 1760951197.458048,
    "../results/pref_l1_l2/bingo-Dpc3_spp/exp13_srrip_ship++/623.xalancbmk_s-10B": 1760951468.048929,
    "../results/pref_l1_l2/bingo-Dpc3_spp/exp13_srrip_ship++/623.xalancbmk_s-165B": 1760951235.25345,
    "../results/pref_l1_l2/bingo-Dpc3_spp/exp13_srrip_ship++/623.xalancbmk_s-202B": 1760951412.133333,
    "../results/pref_l1_l2/bingo-Dpc3_spp/exp13_srrip_ship++/625.x264_s-20B": 1760951175.6608164,
    "../results/pref_l1_l2/bingo-Dpc3_spp/exp13_srrip_ship++/627.cam4_s-490B": 1760951280.2709289,
    "../results/pref_l1_l2/bingo-Dpc3_spp/exp13_srrip_ship++/628.pop2_s-17B": 1760951314.4402926,
    "../results/pref_l1_l2/bingo-Dpc3_spp/exp13_srrip_ship++/649.fotonik3d_s-10881B": 1760951688.3292787,
    "../results/pref_l1_l2/bingo-Dpc3_spp/exp13_srrip_ship++/649.fotonik3d_s-1176B": 1760951661.1119883,
    "../results/pref_l1_l2/bingo-Dpc3_spp/exp13_srrip_ship++/649.fotonik3d_s-7084B": 1760951694.0643399,
    "../results/pref_l1_l2/bingo-Dpc3_spp/exp13_srrip_ship++/649.fotonik3d_s-8225B": 1760951612.2334666,
    "../results/pref_l1_l2/bingo-Dpc3_spp/exp13_srrip_ship++/654.roms_s-1007B": 1760951728.925712,
    "../results/pref_l1_l2/bingo-Dpc3_spp/exp13_srrip_ship++/654.roms_s-1070B": 1760951767.0741193,
    "../results/pref_l1_l2/bingo-Dpc3_spp/exp13_srrip_ship++/654.roms_s-1390B": 1760951711.2025228,
    "../results/pref_l1_l2/bingo-Dpc3_spp/exp13_srrip_ship++/654.roms_s-293B": 1760951710.2235124,
    "../results/pref_l1_l2/bingo-Dpc3_spp/exp13_srrip_ship++/654.roms_s-294B": 1760951762.8560743,
    "../results/pref_l1_l2/bingo-Dpc3_spp/exp13_srrip_ship++/654.roms_s-523B": 1760951757.3740158,
    "../results/pref_l1_l2/bingo-Dpc3_spp/exp13_srrip_ship++/657.xz_s-2302B": 1760951736.2057898,
    "../results/pref_l1_l2/bingo-Dpc3_spp/exp3_lru_drrip/600.perlbench_s-570B": 1760955053.584717,
    "../results/pref_l1_l2/bingo-Dpc3_spp/exp3_lru_drrip/602.gcc_s-1850B": 1760954887.489073,
    "../results/pref_l1_l2/bingo-Dpc3_spp/exp3_lru_drrip/602.gcc_s-2226B": 1760955095.97314,
    "../results/pref_l1_l2/bingo-Dpc3_spp/exp3_lru_drrip/602.gcc_s-734B": 1760954941.4566045,
    "../results/pref_l1_l2/bingo-Dpc3_spp/exp3_lru_drrip/603.bwaves_s-1740B": 1760954981.140997,
    "../results/pref_l1_l2/bingo-Dpc3_spp/exp3_lru_drrip/603.bwaves_s-2609B": 1760954957.794766,
    "../results/pref_l1_l2/bingo-Dpc3_spp/exp3_lru_drrip/603.bwaves_s-2931B": 1760954766.0808883,
    "../results/pref_l1_l2/bingo-Dpc3_spp/exp3_lru_drrip/603.bwaves_s-891B": 1760954593.8922417,
    "../results/pref_l1_l2/bingo-Dpc3_spp/exp3_lru_drrip/605.mcf_s-1152B": 1760955145.4376352,
    "../results/pref_l1_l2/bingo-Dpc3_spp/exp3_lru_drrip/605.mcf_s-1536B": 1760955163.5768173,
    "../results/pref_l1_l2/bingo-Dpc3_spp/exp3_lru_drrip/605.mcf_s-1554B": 1760955284.6510363,
    "../results/pref_l1_l2/bingo-Dpc3_spp/exp3_lru_drrip/605.mcf_s-1644B": 1760955447.83869,
    "../results/pref_l1_l2/bingo-Dpc3_spp/exp3_lru_drrip/605.mcf_s-472B": 1760955067.6588573,
    "../results/pref_l1_l2/bingo-Dpc3_spp/exp3_lru_drrip/605.mcf_s-484B": 1760955163.9708211,
    "../results/pref_l1_l2/bingo-Dpc3_spp/exp3_lru_drrip/605.mcf_s-665B": 1760955007.8212616,
    "../results/pref_l1_l2/bingo-Dpc3_spp/exp3_lru_drrip/605.mcf_s-782B": 1760955265.6628447,
    "../results/pref_l1_l2/bingo-Dpc3_spp/exp3_lru_drrip/605.mcf_s-994B": 1760954921.1324039,
    "../results/pref_l1_l2/bingo-Dpc3_spp/exp3_lru_drrip/607.cactuBSSN_s-2421B": 1760954851.6827219,
    "../results/pref_l1_l2/bingo-Dpc3_spp/exp3_lru_drrip/607.cactuBSSN_s-3477B": 1760955017.1273541,
    "../results/pref_l1_l2/bingo-Dpc3_spp/exp3_lru_drrip/607.cactuBSSN_s-4004B": 1760955067.6568573,
    "../results/pref_l1_l2/bingo-Dpc3_spp/exp3_lru_drrip/619.lbm_s-2676B": 1760955007.8042614,
    "../results/pref_l1_l2/bingo-Dpc3_spp/exp3_lru_drrip/619.lbm_s-2677B": 1760955239.1685774,
    "../results/pref_l1_l2/bingo-Dpc3_spp/exp3_lru_drrip/619.lbm_s-3766B": 1760954841.8286254,
    "../results/pref_l1_l2/bingo-Dpc3_spp/exp3_lru_drrip/619.lbm_s-4268B": 1760955260.8867965,
    "../results/pref_l1_l2/bingo-Dpc3_spp/exp3_lru_drrip/620.omnetpp_s-141B": 1760955104.2182224,
    "../results/pref_l1_l2/bingo-Dpc3_spp/exp3_lru_drrip/620.omnetpp_s-874B": 1760955029.8314805,
    "../results/pref_l1_l2/bingo-Dpc3_spp/exp3_lru_drrip/621.wrf_s-6673B": 1760954900.5472014,
    "../results/pref_l1_l2/bingo-Dpc3_spp/exp3_lru_drrip/621.wrf_s-8065B": 1760954923.077423,
    "../results/pref_l1_l2/bingo-Dpc3_spp/exp3_lru_drrip/623.xalancbmk_s-10B": 1760954978.514971,
    "../results/pref_l1_l2/bingo-Dpc3_spp/exp3_lru_drrip/623.xalancbmk_s-165B": 1760954898.4451807,
    "../results/pref_l1_l2/bingo-Dpc3_spp/exp3_lru_drrip/623.xalancbmk_s-202B": 1760954902.5972214,
    "../results/pref_l1_l2/bingo-Dpc3_spp/exp3_lru_drrip/625.x264_s-20B": 1760954867.4108758,
    "../results/pref_l1_l2/bingo-Dpc3_spp/exp3_lru_drrip/627.cam4_s-490B": 1760954761.0748398,
    "../results/pref_l1_l2/bingo-Dpc3_spp/exp3_lru_drrip/628.pop2_s-17B": 1760954726.4645057,
    "../results/pref_l1_l2/bingo-Dpc3_spp/exp3_lru_drrip/649.fotonik3d_s-10881B": 1760955204.6042295,
    "../results/pref_l1_l2/bingo-Dpc3_spp/exp3_lru_drrip/649.fotonik3d_s-1176B": 1760955146.3596444,
    "../results/pref_l1_l2/bingo-Dpc3_spp/exp3_lru_drrip/649.fotonik3d_s-7084B": 1760955182.9840121,
    "../results/pref_l1_l2/bingo-Dpc3_spp/exp3_lru_drrip/649.fotonik3d_s-8225B": 1760955165.8708403,
    "../results/pref_l1_l2/bingo-Dpc3_spp/exp3_lru_drrip/654.roms_s-1007B": 1760955254.6527336,
    "../results/pref_l1_l2/bingo-Dpc3_spp/exp3_lru_drrip/654.roms_s-1070B": 1760955285.3900437,
    "../results/pref_l1_l2/bingo-Dpc3_spp/exp3_lru_drrip/654.roms_s-1390B": 1760955261.139799,
    "../results/pref_l1_l2/bingo-Dpc3_spp/exp3_lru_drrip/654.roms_s-293B": 1760955298.4361756,
    "../results/pref_l1_l2/bingo-Dpc3_spp/exp3_lru_drrip/654.roms_s-294B": 1760955318.1753752,
    "../results/pref_l1_l2/bingo-Dpc3_spp/exp3_lru_drrip/654.roms_s-523B": 1760955287.8120682,
    "../results/pref_l1_l2/bingo-Dpc3_spp/exp3_lru_drrip/657.xz_s-2302B": 1760955296.7391584,
    "../results/pref_l1_l2/bingo-Dpc3_spp/exp4_lru_hawkeye/600.perlbench_s-570B": 1760956081.4070961,
    "../results/pref_l1_l2/bingo-Dpc3_spp/exp4_lru_hawkeye/602.gcc_s-1850B": 1760956170.7675169,
    "../results/pref_l1_l2/bingo-Dpc3_spp/exp4_lru_hawkeye/602.gcc_s-2226B": 1760956265.0149422,
    "../results/pref_l1_l2/bingo-Dpc3_spp/exp4_lru_hawkeye/602.gcc_s-734B": 1760956271.9640448,
    "../results/pref_l1_l2/bingo-Dpc3_spp/exp4_lru_hawkeye/603.bwaves_s-1740B": 1760955950.5608664,
    "../results/pref_l1_l2/bingo-Dpc3_spp/exp4_lru_hawkeye/603.bwaves_s-2609B": 1760956045.8535094,
    "../results/pref_l1_l2/bingo-Dpc3_spp/exp4_lru_hawkeye/603.bwaves_s-2931B": 1760956040.097413,
    "../results/pref_l1_l2/bingo-Dpc3_spp/exp4_lru_hawkeye/603.bwaves_s-891B": 1760955918.666504,
    "../results/pref_l1_l2/bingo-Dpc3_spp/exp4_lru_hawkeye/605.mcf_s-1152B": 1760956312.7176392,
    "../results/pref_l1_l2/bingo-Dpc3_spp/exp4_lru_hawkeye/605.mcf_s-1536B": 1760956460.1897068,
    "../results/pref_l1_l2/bingo-Dpc3_spp/exp4_lru_hawkeye/605.mcf_s-1554B": 1760956523.023554,
    "../results/pref_l1_l2/bingo-Dpc3_spp/exp4_lru_hawkeye/605.mcf_s-1644B": 1760956639.4560812,
    "../results/pref_l1_l2/bingo-Dpc3_spp/exp4_lru_hawkeye/605.mcf_s-472B": 1760956319.7977412,
    "../results/pref_l1_l2/bingo-Dpc3_spp/exp4_lru_hawkeye/605.mcf_s-484B": 1760956369.814454,
    "../results/pref_l1_l2/bingo-Dpc3_spp/exp4_lru_hawkeye/605.mcf_s-665B": 1760956156.886301,
    "../results/pref_l1_l2/bingo-Dpc3_spp/exp4_lru_hawkeye/605.mcf_s-782B": 1760956458.6526859,
    "../results/pref_l1_l2/bingo-Dpc3_spp/exp4_lru_hawkeye/605.mcf_s-994B": 1760956156.8413002,
    "../results/pref_l1_l2/bingo-Dpc3_spp/exp4_lru_hawkeye/607.cactuBSSN_s-2421B": 1760956080.713085,
    "../results/pref_l1_l2/bingo-Dpc3_spp/exp4_lru_hawkeye/607.cactuBSSN_s-3477B": 1760956243.6086245,
    "../results/pref_l1_l2/bingo-Dpc3_spp/exp4_lru_hawkeye/607.cactuBSSN_s-4004B": 1760956331.055903,
    "../results/pref_l1_l2/bingo-Dpc3_spp/exp4_lru_hawkeye/619.lbm_s-2676B": 1760956121.2347386,
    "../results/pref_l1_l2/bingo-Dpc3_spp/exp4_lru_hawkeye/619.lbm_s-2677B": 1760956287.7672765,
    "../results/pref_l1_l2/bingo-Dpc3_spp/exp4_lru_hawkeye/619.lbm_s-3766B": 1760955950.5498662,
    "../results/pref_l1_l2/bingo-Dpc3_spp/exp4_lru_hawkeye/619.lbm_s-4268B": 1760956269.257005,
    "../results/pref_l1_l2/bingo-Dpc3_spp/exp4_lru_hawkeye/620.omnetpp_s-141B": 1760956347.2281342,
    "../results/pref_l1_l2/bingo-Dpc3_spp/exp4_lru_hawkeye/620.omnetpp_s-874B": 1760956328.9878733,
    "../results/pref_l1_l2/bingo-Dpc3_spp/exp4_lru_hawkeye/621.wrf_s-6673B": 1760956089.2942247,
    "../results/pref_l1_l2/bingo-Dpc3_spp/exp4_lru_hawkeye/621.wrf_s-8065B": 1760956040.930427,
    "../results/pref_l1_l2/bingo-Dpc3_spp/exp4_lru_hawkeye/623.xalancbmk_s-10B": 1760956334.6099539,
    "../results/pref_l1_l2/bingo-Dpc3_spp/exp4_lru_hawkeye/623.xalancbmk_s-165B": 1760956130.4228847,
    "../results/pref_l1_l2/bingo-Dpc3_spp/exp4_lru_hawkeye/623.xalancbmk_s-202B": 1760955963.003087,
    "../results/pref_l1_l2/bingo-Dpc3_spp/exp4_lru_hawkeye/625.x264_s-20B": 1760956049.982578,
    "../results/pref_l1_l2/bingo-Dpc3_spp/exp4_lru_hawkeye/627.cam4_s-490B": 1760956038.5093863,
    "../results/pref_l1_l2/bingo-Dpc3_spp/exp4_lru_hawkeye/628.pop2_s-17B": 1760955952.2058957,
    "../results/pref_l1_l2/bingo-Dpc3_spp/exp4_lru_hawkeye/649.fotonik3d_s-10881B": 1760956465.277776,
    "../results/pref_l1_l2/bingo-Dpc3_spp/exp4_lru_hawkeye/649.fotonik3d_s-1176B": 1760956384.0666544,
    "../results/pref_l1_l2/bingo-Dpc3_spp/exp4_lru_hawkeye/649.fotonik3d_s-7084B": 1760956395.747818,
    "../results/pref_l1_l2/bingo-Dpc3_spp/exp4_lru_hawkeye/649.fotonik3d_s-8225B": 1760956347.2761347,
    "../results/pref_l1_l2/bingo-Dpc3_spp/exp4_lru_hawkeye/654.roms_s-1007B": 1760956452.2845988,
    "../results/pref_l1_l2/bingo-Dpc3_spp/exp4_lru_hawkeye/654.roms_s-1070B": 1760956469.477833,
    "../results/pref_l1_l2/bingo-Dpc3_spp/exp4_lru_hawkeye/654.roms_s-1390B": 1760956476.1499236,
    "../results/pref_l1_l2/bingo-Dpc3_spp/exp4_lru_hawkeye/654.roms_s-293B": 1760956492.663147,
    "../results/pref_l1_l2/bingo-Dpc3_spp/exp4_lru_hawkeye/654.roms_s-294B": 1760956481.9940028,
    "../results/pref_l1_l2/bingo-Dpc3_spp/exp4_lru_hawkeye/654.roms_s-523B": 1760956461.7357278,
    "../results/pref_l1_l2/bingo-Dpc3_spp/exp4_lru_hawkeye/657.xz_s-2302B": 1760956455.7226458,
    "../results/pref_l1_l2/bingo-Dpc3_spp/exp2_lru_srrip/600.perlbench_s-570B": 1760953866.904064,
    "../results/pref_l1_l2/bingo-Dpc3_spp/exp2_lru_srrip/602.gcc_s-1850B": 1760953725.5485382,
    "../results/pref_l1_l2/bingo-Dpc3_spp/exp2_lru_srrip/602.gcc_s-2226B": 1760953831.129678,
    "../results/pref_l1_l2/bingo-Dpc3_spp/exp2_lru_srrip/602.gcc_s-734B": 1760953732.0236082,
    "../results/pref_l1_l2/bingo-Dpc3_spp/exp2_lru_srrip/603.bwaves_s-1740B": 1760953626.0734642,
    "../results/pref_l1_l2/bingo-Dpc3_spp/exp2_lru_srrip/603.bwaves_s-2609B": 1760953706.7653356,
    "../results/pref_l1_l2/bingo-Dpc3_spp/exp2_lru_srrip/603.bwaves_s-2931B": 1760953664.1548753,
    "../results/pref_l1_l2/bingo-Dpc3_spp/exp2_lru_srrip/603.bwaves_s-891B": 1760953399.8690202,
    "../results/pref_l1_l2/bingo-Dpc3_spp/exp2_lru_srrip/605.mcf_s-1152B": 1760953856.416951,
    "../results/pref_l1_l2/bingo-Dpc3_spp/exp2_lru_srrip/605.mcf_s-1536B": 1760953977.4339592,
    "../results/pref_l1_l2/bingo-Dpc3_spp/exp2_lru_srrip/605.mcf_s-1554B": 1760954036.2883985,
    "../results/pref_l1_l2/bingo-Dpc3_spp/exp2_lru_srrip/605.mcf_s-1644B": 1760954261.1652298,
    "../results/pref_l1_l2/bingo-Dpc3_spp/exp2_lru_srrip/605.mcf_s-472B": 1760953815.8135126,
    "../results/pref_l1_l2/bingo-Dpc3_spp/exp2_lru_srrip/605.mcf_s-484B": 1760953782.0751486,
    "../results/pref_l1_l2/bingo-Dpc3_spp/exp2_lru_srrip/605.mcf_s-665B": 1760953779.7221231,
    "../results/pref_l1_l2/bingo-Dpc3_spp/exp2_lru_srrip/605.mcf_s-782B": 1760954035.569393,
    "../results/pref_l1_l2/bingo-Dpc3_spp/exp2_lru_srrip/605.mcf_s-994B": 1760953828.7906528,
    "../results/pref_l1_l2/bingo-Dpc3_spp/exp2_lru_srrip/607.cactuBSSN_s-2421B": 1760953618.1713789,
    "../results/pref_l1_l2/bingo-Dpc3_spp/exp2_lru_srrip/607.cactuBSSN_s-3477B": 1760953743.7667348,
    "../results/pref_l1_l2/bingo-Dpc3_spp/exp2_lru_srrip/607.cactuBSSN_s-4004B": 1760953802.968374,
    "../results/pref_l1_l2/bingo-Dpc3_spp/exp2_lru_srrip/619.lbm_s-2676B": 1760953735.1846423,
    "../results/pref_l1_l2/bingo-Dpc3_spp/exp2_lru_srrip/619.lbm_s-2677B": 1760954068.390646,
    "../results/pref_l1_l2/bingo-Dpc3_spp/exp2_lru_srrip/619.lbm_s-3766B": 1760953587.1870441,
    "../results/pref_l1_l2/bingo-Dpc3_spp/exp2_lru_srrip/619.lbm_s-4268B": 1760954010.686205,
    "../results/pref_l1_l2/bingo-Dpc3_spp/exp2_lru_srrip/620.omnetpp_s-141B": 1760953931.5846312,
    "../results/pref_l1_l2/bingo-Dpc3_spp/exp2_lru_srrip/620.omnetpp_s-874B": 1760953774.4970667,
    "../results/pref_l1_l2/bingo-Dpc3_spp/exp2_lru_srrip/621.wrf_s-6673B": 1760953632.8365371,
    "../results/pref_l1_l2/bingo-Dpc3_spp/exp2_lru_srrip/621.wrf_s-8065B": 1760953807.3704214,
    "../results/pref_l1_l2/bingo-Dpc3_spp/exp2_lru_srrip/623.xalancbmk_s-10B": 1760953833.5367038,
    "../results/pref_l1_l2/bingo-Dpc3_spp/exp2_lru_srrip/623.xalancbmk_s-165B": 1760953498.4810858,
    "../results/pref_l1_l2/bingo-Dpc3_spp/exp2_lru_srrip/623.xalancbmk_s-202B": 1760953617.164368,
    "../results/pref_l1_l2/bingo-Dpc3_spp/exp2_lru_srrip/625.x264_s-20B": 1760953401.986043,
    "../results/pref_l1_l2/bingo-Dpc3_spp/exp2_lru_srrip/627.cam4_s-490B": 1760953562.4177766,
    "../results/pref_l1_l2/bingo-Dpc3_spp/exp2_lru_srrip/628.pop2_s-17B": 1760953567.732834,
    "../results/pref_l1_l2/bingo-Dpc3_spp/exp2_lru_srrip/649.fotonik3d_s-10881B": 1760953965.6308734,
    "../results/pref_l1_l2/bingo-Dpc3_spp/exp2_lru_srrip/649.fotonik3d_s-1176B": 1760953908.4054704,
    "../results/pref_l1_l2/bingo-Dpc3_spp/exp2_lru_srrip/649.fotonik3d_s-7084B": 1760953972.9899268,
    "../results/pref_l1_l2/bingo-Dpc3_spp/exp2_lru_srrip/649.fotonik3d_s-8225B": 1760953915.468519,
    "../results/pref_l1_l2/bingo-Dpc3_spp/exp2_lru_srrip/654.roms_s-1007B": 1760954028.4333386,
    "../results/pref_l1_l2/bingo-Dpc3_spp/exp2_lru_srrip/654.roms_s-1070B": 1760954033.1453745,
    "../results/pref_l1_l2/bingo-Dpc3_spp/exp2_lru_srrip/654.roms_s-1390B": 1760954039.2684212,
    "../results/pref_l1_l2/bingo-Dpc3_spp/exp2_lru_srrip/654.roms_s-293B": 1760954062.8896031,
    "../results/pref_l1_l2/bingo-Dpc3_spp/exp2_lru_srrip/654.roms_s-294B": 1760954066.7746334,
    "../results/pref_l1_l2/bingo-Dpc3_spp/exp2_lru_srrip/654.roms_s-523B": 1760954043.9844573,
    "../results/pref_l1_l2/bingo-Dpc3_spp/exp2_lru_srrip/657.xz_s-2302B": 1760954036.6544013,
    "../results/pref_l1_l2/bingo-Dpc3_spp/exp5_lru_ship/600.perlbench_s-570B": 1760957333.9544988,
    "../results/pref_l1_l2/bingo-Dpc3_spp/exp5_lru_ship/602.gcc_s-1850B": 1760957424.4035466,
    "../results/pref_l1_l2/bingo-Dpc3_spp/exp5_lru_ship/602.gcc_s-2226B": 1760957408.685365,
    "../results/pref_l1_l2/bingo-Dpc3_spp/exp5_lru_ship/602.gcc_s-734B": 1760957244.4604554,
    "../results/pref_l1_l2/bingo-Dpc3_spp/exp5_lru_ship/603.bwaves_s-1740B": 1760957346.447644,
    "../results/pref_l1_l2/bingo-Dpc3_spp/exp5_lru_ship/603.bwaves_s-2609B": 1760957288.3239677,
    "../results/pref_l1_l2/bingo-Dpc3_spp/exp5_lru_ship/603.bwaves_s-2931B": 1760957313.580262,
    "../results/pref_l1_l2/bingo-Dpc3_spp/exp5_lru_ship/603.bwaves_s-891B": 1760956992.320465,
    "../results/pref_l1_l2/bingo-Dpc3_spp/exp5_lru_ship/605.mcf_s-1152B": 1760957486.578263,
    "../results/pref_l1_l2/bingo-Dpc3_spp/exp5_lru_ship/605.mcf_s-1536B": 1760957641.114034,
    "../results/pref_l1_l2/bingo-Dpc3_spp/exp5_lru_ship/605.mcf_s-1554B": 1760957554.945048,
    "../results/pref_l1_l2/bingo-Dpc3_spp/exp5_lru_ship/605.mcf_s-1644B": 1760957754.9523308,
    "../results/pref_l1_l2/bingo-Dpc3_spp/exp5_lru_ship/605.mcf_s-472B": 1760957479.6491833,
    "../results/pref_l1_l2/bingo-Dpc3_spp/exp5_lru_ship/605.mcf_s-484B": 1760957555.2550516,
    "../results/pref_l1_l2/bingo-Dpc3_spp/exp5_lru_ship/605.mcf_s-665B": 1760957353.5447264,
    "../results/pref_l1_l2/bingo-Dpc3_spp/exp5_lru_ship/605.mcf_s-782B": 1760957727.8550227,
    "../results/pref_l1_l2/bingo-Dpc3_spp/exp5_lru_ship/605.mcf_s-994B": 1760957546.6059525,
    "../results/pref_l1_l2/bingo-Dpc3_spp/exp5_lru_ship/607.cactuBSSN_s-2421B": 1760957282.2278967,
    "../results/pref_l1_l2/bingo-Dpc3_spp/exp5_lru_ship/607.cactuBSSN_s-3477B": 1760957475.5061357,
    "../results/pref_l1_l2/bingo-Dpc3_spp/exp5_lru_ship/607.cactuBSSN_s-4004B": 1760957277.4888413,
    "../results/pref_l1_l2/bingo-Dpc3_spp/exp5_lru_ship/619.lbm_s-2676B": 1760957285.6139362,
    "../results/pref_l1_l2/bingo-Dpc3_spp/exp5_lru_ship/619.lbm_s-2677B": 1760957662.851282,
    "../results/pref_l1_l2/bingo-Dpc3_spp/exp5_lru_ship/619.lbm_s-3766B": 1760957364.3638518,
    "../results/pref_l1_l2/bingo-Dpc3_spp/exp5_lru_ship/619.lbm_s-4268B": 1760957578.2683153,
    "../results/pref_l1_l2/bingo-Dpc3_spp/exp5_lru_ship/620.omnetpp_s-141B": 1760957443.4487662,
    "../results/pref_l1_l2/bingo-Dpc3_spp/exp5_lru_ship/620.omnetpp_s-874B": 1760957433.5526521,
    "../results/pref_l1_l2/bingo-Dpc3_spp/exp5_lru_ship/621.wrf_s-6673B": 1760957414.9544373,
    "../results/pref_l1_l2/bingo-Dpc3_spp/exp5_lru_ship/621.wrf_s-8065B": 1760957313.665263,
    "../results/pref_l1_l2/bingo-Dpc3_spp/exp5_lru_ship/623.xalancbmk_s-10B": 1760957468.3050528,
    "../results/pref_l1_l2/bingo-Dpc3_spp/exp5_lru_ship/623.xalancbmk_s-165B": 1760957157.3534317,
    "../results/pref_l1_l2/bingo-Dpc3_spp/exp5_lru_ship/623.xalancbmk_s-202B": 1760957352.2137108,
    "../results/pref_l1_l2/bingo-Dpc3_spp/exp5_lru_ship/625.x264_s-20B": 1760957130.6831164,
    "../results/pref_l1_l2/bingo-Dpc3_spp/exp5_lru_ship/627.cam4_s-490B": 1760957072.8574297,
    "../results/pref_l1_l2/bingo-Dpc3_spp/exp5_lru_ship/628.pop2_s-17B": 1760957149.5723398,
    "../results/pref_l1_l2/bingo-Dpc3_spp/exp5_lru_ship/649.fotonik3d_s-10881B": 1760957647.0971022,
    "../results/pref_l1_l2/bingo-Dpc3_spp/exp5_lru_ship/649.fotonik3d_s-1176B": 1760957482.6092174,
    "../results/pref_l1_l2/bingo-Dpc3_spp/exp5_lru_ship/649.fotonik3d_s-7084B": 1760957630.3419108,
    "../results/pref_l1_l2/bingo-Dpc3_spp/exp5_lru_ship/649.fotonik3d_s-8225B": 1760957552.2950177,
    "../results/pref_l1_l2/bingo-Dpc3_spp/exp5_lru_ship/654.roms_s-1007B": 1760957672.8103955,
    "../results/pref_l1_l2/bingo-Dpc3_spp/exp5_lru_ship/654.roms_s-1070B": 1760957673.6744053,
    "../results/pref_l1_l2/bingo-Dpc3_spp/exp5_lru_ship/654.roms_s-1390B": 1760957648.2551155,
    "../results/pref_l1_l2/bingo-Dpc3_spp/exp5_lru_ship/654.roms_s-293B": 1760957697.5396774,
    "../results/pref_l1_l2/bingo-Dpc3_spp/exp5_lru_ship/654.roms_s-294B": 1760957698.5016885,
    "../results/pref_l1_l2/bingo-Dpc3_spp/exp5_lru_ship/654.roms_s-523B": 1760957674.5454154,
    "../results/pref_l1_l2/bingo-Dpc3_spp/exp5_lru_ship/657.xz_s-2302B": 1760957686.1535478,
    "../results/pref_l1_l2/bingo-Dpc3_spp/exp9_srrip_srrip/600.perlbench_s-570B": 1760945632.1398957,
    "../results/pref_l1_l2/bingo-Dpc3_spp/exp9_srrip_srrip/602.gcc_s-1850B": 1760945662.4022424,
    "../results/pref_l1_l2/bingo-Dpc3_spp/exp9_srrip_srrip/602.gcc_s-2226B": 1760945766.9919562,
    "../results/pref_l1_l2/bingo-Dpc3_spp/exp9_srrip_srrip/602.gcc_s-734B": 1760945558.5770526,
    "../results/pref_l1_l2/bingo-Dpc3_spp/exp9_srrip_srrip/603.bwaves_s-1740B": 1760945461.1519341,
    "../results/pref_l1_l2/bingo-Dpc3_spp/exp9_srrip_srrip/603.bwaves_s-2609B": 1760945447.6007783,
    "../results/pref_l1_l2/bingo-Dpc3_spp/exp9_srrip_srrip/603.bwaves_s-2931B": 1760945601.0185392,
    "../results/pref_l1_l2/bingo-Dpc3_spp/exp9_srrip_srrip/603.bwaves_s-891B": 1760945222.432183,
    "../results/pref_l1_l2/bingo-Dpc3_spp/exp9_srrip_srrip/605.mcf_s-1152B": 1760945648.0630782,
    "../results/pref_l1_l2/bingo-Dpc3_spp/exp9_srrip_srrip/605.mcf_s-1536B": 1760945822.9972024,
    "../results/pref_l1_l2/bingo-Dpc3_spp/exp9_srrip_srrip/605.mcf_s-1554B": 1760945906.494634,
    "../results/pref_l1_l2/bingo-Dpc3_spp/exp9_srrip_srrip/605.mcf_s-1644B": 1760946018.1843135,
    "../results/pref_l1_l2/bingo-Dpc3_spp/exp9_srrip_srrip/605.mcf_s-472B": 1760945743.5048645,
    "../results/pref_l1_l2/bingo-Dpc3_spp/exp9_srrip_srrip/605.mcf_s-484B": 1760945699.7746701,
    "../results/pref_l1_l2/bingo-Dpc3_spp/exp9_srrip_srrip/605.mcf_s-665B": 1760945574.93824,
    "../results/pref_l1_l2/bingo-Dpc3_spp/exp9_srrip_srrip/605.mcf_s-782B": 1760945913.6806743,
    "../results/pref_l1_l2/bingo-Dpc3_spp/exp9_srrip_srrip/605.mcf_s-994B": 1760945784.8360305,
    "../results/pref_l1_l2/bingo-Dpc3_spp/exp9_srrip_srrip/607.cactuBSSN_s-2421B": 1760945458.2849011,
    "../results/pref_l1_l2/bingo-Dpc3_spp/exp9_srrip_srrip/607.cactuBSSN_s-3477B": 1760945679.2654355,
    "../results/pref_l1_l2/bingo-Dpc3_spp/exp9_srrip_srrip/607.cactuBSSN_s-4004B": 1760945691.6895776,
    "../results/pref_l1_l2/bingo-Dpc3_spp/exp9_srrip_srrip/619.lbm_s-2676B": 1760945689.881557,
    "../results/pref_l1_l2/bingo-Dpc3_spp/exp9_srrip_srrip/619.lbm_s-2677B": 1760945887.3225286,
    "../results/pref_l1_l2/bingo-Dpc3_spp/exp9_srrip_srrip/619.lbm_s-3766B": 1760945550.8389637,
    "../results/pref_l1_l2/bingo-Dpc3_spp/exp9_srrip_srrip/619.lbm_s-4268B": 1760945865.1894116,
    "../results/pref_l1_l2/bingo-Dpc3_spp/exp9_srrip_srrip/620.omnetpp_s-141B": 1760945776.3539948,
    "../results/pref_l1_l2/bingo-Dpc3_spp/exp9_srrip_srrip/620.omnetpp_s-874B": 1760945582.1953235,
    "../results/pref_l1_l2/bingo-Dpc3_spp/exp9_srrip_srrip/621.wrf_s-6673B": 1760945588.0353904,
    "../results/pref_l1_l2/bingo-Dpc3_spp/exp9_srrip_srrip/621.wrf_s-8065B": 1760945501.1093931,
    "../results/pref_l1_l2/bingo-Dpc3_spp/exp9_srrip_srrip/623.xalancbmk_s-10B": 1760945631.0768836,
    "../results/pref_l1_l2/bingo-Dpc3_spp/exp9_srrip_srrip/623.xalancbmk_s-165B": 1760945423.299499,
    "../results/pref_l1_l2/bingo-Dpc3_spp/exp9_srrip_srrip/623.xalancbmk_s-202B": 1760945537.520811,
    "../results/pref_l1_l2/bingo-Dpc3_spp/exp9_srrip_srrip/625.x264_s-20B": 1760945379.3529932,
    "../results/pref_l1_l2/bingo-Dpc3_spp/exp9_srrip_srrip/627.cam4_s-490B": 1760945252.0555253,
    "../results/pref_l1_l2/bingo-Dpc3_spp/exp9_srrip_srrip/628.pop2_s-17B": 1760945287.9279397,
    "../results/pref_l1_l2/bingo-Dpc3_spp/exp9_srrip_srrip/649.fotonik3d_s-10881B": 1760945832.2532468,
    "../results/pref_l1_l2/bingo-Dpc3_spp/exp9_srrip_srrip/649.fotonik3d_s-1176B": 1760945714.1167595,
    "../results/pref_l1_l2/bingo-Dpc3_spp/exp9_srrip_srrip/649.fotonik3d_s-7084B": 1760945743.4748642,
    "../results/pref_l1_l2/bingo-Dpc3_spp/exp9_srrip_srrip/649.fotonik3d_s-8225B": 1760945810.189143,
    "../results/pref_l1_l2/bingo-Dpc3_spp/exp9_srrip_srrip/654.roms_s-1007B": 1760945891.448551,
    "../results/pref_l1_l2/bingo-Dpc3_spp/exp9_srrip_srrip/654.roms_s-1070B": 1760945917.297695,
    "../results/pref_l1_l2/bingo-Dpc3_spp/exp9_srrip_srrip/654.roms_s-1390B": 1760945870.3484383,
    "../results/pref_l1_l2/bingo-Dpc3_spp/exp9_srrip_srrip/654.roms_s-293B": 1760945904.2796216,
    "../results/pref_l1_l2/bingo-Dpc3_spp/exp9_srrip_srrip/654.roms_s-294B": 1760945904.0926206,
    "../results/pref_l1_l2/bingo-Dpc3_spp/exp9_srrip_srrip/654.roms_s-523B": 1760945909.1986492,
    "../results/pref_l1_l2/bingo-Dpc3_spp/exp9_srrip_srrip/657.xz_s-2302B": 1760945919.3677068,
    "../results/pref_l1_l2/bingo-Dpc3_spp/exp8_srrip_lru/600.perlbench_s-570B": 1760944316.2123907,
    "../results/pref_l1_l2/bingo-Dpc3_spp/exp8_srrip_lru/602.gcc_s-1850B": 1760944485.7374845,
    "../results/pref_l1_l2/bingo-Dpc3_spp/exp8_srrip_lru/602.gcc_s-2226B": 1760944296.5491438,
    "../results/pref_l1_l2/bingo-Dpc3_spp/exp8_srrip_lru/602.gcc_s-734B": 1760944407.5395255,
    "../results/pref_l1_l2/bingo-Dpc3_spp/exp8_srrip_lru/603.bwaves_s-1740B": 1760944403.7964792,
    "../results/pref_l1_l2/bingo-Dpc3_spp/exp8_srrip_lru/603.bwaves_s-2609B": 1760944184.1917157,
    "../results/pref_l1_l2/bingo-Dpc3_spp/exp8_srrip_lru/603.bwaves_s-2931B": 1760944285.2980022,
    "../results/pref_l1_l2/bingo-Dpc3_spp/exp8_srrip_lru/603.bwaves_s-891B": 1760944006.7973816,
    "../results/pref_l1_l2/bingo-Dpc3_spp/exp8_srrip_lru/605.mcf_s-1152B": 1760944608.692973,
    "../results/pref_l1_l2/bingo-Dpc3_spp/exp8_srrip_lru/605.mcf_s-1536B": 1760944535.0870845,
    "../results/pref_l1_l2/bingo-Dpc3_spp/exp8_srrip_lru/605.mcf_s-1554B": 1760944696.4020226,
    "../results/pref_l1_l2/bingo-Dpc3_spp/exp8_srrip_lru/605.mcf_s-1644B": 1760944873.2931156,
    "../results/pref_l1_l2/bingo-Dpc3_spp/exp8_srrip_lru/605.mcf_s-472B": 1760944530.7290316,
    "../results/pref_l1_l2/bingo-Dpc3_spp/exp8_srrip_lru/605.mcf_s-484B": 1760944434.394856,
    "../results/pref_l1_l2/bingo-Dpc3_spp/exp8_srrip_lru/605.mcf_s-665B": 1760944490.5655434,
    "../results/pref_l1_l2/bingo-Dpc3_spp/exp8_srrip_lru/605.mcf_s-782B": 1760944776.6129751,
    "../results/pref_l1_l2/bingo-Dpc3_spp/exp8_srrip_lru/605.mcf_s-994B": 1760944579.5426219,
    "../results/pref_l1_l2/bingo-Dpc3_spp/exp8_srrip_lru/607.cactuBSSN_s-2421B": 1760944463.7182155,
    "../results/pref_l1_l2/bingo-Dpc3_spp/exp8_srrip_lru/607.cactuBSSN_s-3477B": 1760944469.2922838,
    "../results/pref_l1_l2/bingo-Dpc3_spp/exp8_srrip_lru/607.cactuBSSN_s-4004B": 1760944509.2367706,
    "../results/pref_l1_l2/bingo-Dpc3_spp/exp8_srrip_lru/619.lbm_s-2676B": 1760944546.6142242,
    "../results/pref_l1_l2/bingo-Dpc3_spp/exp8_srrip_lru/619.lbm_s-2677B": 1760944656.7705493,
    "../results/pref_l1_l2/bingo-Dpc3_spp/exp8_srrip_lru/619.lbm_s-3766B": 1760944322.3744676,
    "../results/pref_l1_l2/bingo-Dpc3_spp/exp8_srrip_lru/619.lbm_s-4268B": 1760944553.7693107,
    "../results/pref_l1_l2/bingo-Dpc3_spp/exp8_srrip_lru/620.omnetpp_s-141B": 1760944412.1965828,
    "../results/pref_l1_l2/bingo-Dpc3_spp/exp8_srrip_lru/620.omnetpp_s-874B": 1760944504.916718,
    "../results/pref_l1_l2/bingo-Dpc3_spp/exp8_srrip_lru/621.wrf_s-6673B": 1760944352.2768407,
    "../results/pref_l1_l2/bingo-Dpc3_spp/exp8_srrip_lru/621.wrf_s-8065B": 1760944197.138882,
    "../results/pref_l1_l2/bingo-Dpc3_spp/exp8_srrip_lru/623.xalancbmk_s-10B": 1760944530.923034,
    "../results/pref_l1_l2/bingo-Dpc3_spp/exp8_srrip_lru/623.xalancbmk_s-165B": 1760944135.1820815,
    "../results/pref_l1_l2/bingo-Dpc3_spp/exp8_srrip_lru/623.xalancbmk_s-202B": 1760944273.1538491,
    "../results/pref_l1_l2/bingo-Dpc3_spp/exp8_srrip_lru/625.x264_s-20B": 1760944283.0919745,
    "../results/pref_l1_l2/bingo-Dpc3_spp/exp8_srrip_lru/627.cam4_s-490B": 1760944073.3522704,
    "../results/pref_l1_l2/bingo-Dpc3_spp/exp8_srrip_lru/628.pop2_s-17B": 1760944212.6330805,
    "../results/pref_l1_l2/bingo-Dpc3_spp/exp8_srrip_lru/649.fotonik3d_s-10881B": 1760944698.5800486,
    "../results/pref_l1_l2/bingo-Dpc3_spp/exp8_srrip_lru/649.fotonik3d_s-1176B": 1760944430.2288048,
    "../results/pref_l1_l2/bingo-Dpc3_spp/exp8_srrip_lru/649.fotonik3d_s-7084B": 1760944551.9462886,
    "../results/pref_l1_l2/bingo-Dpc3_spp/exp8_srrip_lru/649.fotonik3d_s-8225B": 1760944630.9052396,
    "../results/pref_l1_l2/bingo-Dpc3_spp/exp8_srrip_lru/654.roms_s-1007B": 1760944677.3677955,
    "../results/pref_l1_l2/bingo-Dpc3_spp/exp8_srrip_lru/654.roms_s-1070B": 1760944674.1017566,
    "../results/pref_l1_l2/bingo-Dpc3_spp/exp8_srrip_lru/654.roms_s-1390B": 1760944700.6640732,
    "../results/pref_l1_l2/bingo-Dpc3_spp/exp8_srrip_lru/654.roms_s-293B": 1760944709.9961843,
    "../results/pref_l1_l2/bingo-Dpc3_spp/exp8_srrip_lru/654.roms_s-294B": 1760944719.3072953,
    "../results/pref_l1_l2/bingo-Dpc3_spp/exp8_srrip_lru/654.roms_s-523B": 1760944680.1388285,
    "../results/pref_l1_l2/bingo-Dpc3_spp/exp8_srrip_lru/657.xz_s-2302B": 1760944673.5937505,
    "../results/pref_l1_l2/bingo-Dpc3_spp/exp6_lru_ship++/600.perlbench_s-570B": 1760958527.868921,
    "../results/pref_l1_l2/bingo-Dpc3_spp/exp6_lru_ship++/602.gcc_s-1850B": 1760958580.9195085,
    "../results/pref_l1_l2/bingo-Dpc3_spp/exp6_lru_ship++/602.gcc_s-2226B": 1760958448.6270444,
    "../results/pref_l1_l2/bingo-Dpc3_spp/exp6_lru_ship++/602.gcc_s-734B": 1760958534.898999,
    "../results/pref_l1_l2/bingo-Dpc3_spp/exp6_lru_ship++/603.bwaves_s-1740B": 1760958250.7248597,
    "../results/pref_l1_l2/bingo-Dpc3_spp/exp6_lru_ship++/603.bwaves_s-2609B": 1760958507.0276904,
    "../results/pref_l1_l2/bingo-Dpc3_spp/exp6_lru_ship++/603.bwaves_s-2931B": 1760958500.4326174,
    "../results/pref_l1_l2/bingo-Dpc3_spp/exp6_lru_ship++/603.bwaves_s-891B": 1760958092.7431219,
    "../results/pref_l1_l2/bingo-Dpc3_spp/exp6_lru_ship++/605.mcf_s-1152B": 1760958600.635727,
    "../results/pref_l1_l2/bingo-Dpc3_spp/exp6_lru_ship++/605.mcf_s-1536B": 1760958744.5693226,
    "../results/pref_l1_l2/bingo-Dpc3_spp/exp6_lru_ship++/605.mcf_s-1554B": 1760958694.2817647,
    "../results/pref_l1_l2/bingo-Dpc3_spp/exp6_lru_ship++/605.mcf_s-1644B": 1760958969.53582,
    "../results/pref_l1_l2/bingo-Dpc3_spp/exp6_lru_ship++/605.mcf_s-472B": 1760958595.51267,
    "../results/pref_l1_l2/bingo-Dpc3_spp/exp6_lru_ship++/605.mcf_s-484B": 1760958698.6428132,
    "../results/pref_l1_l2/bingo-Dpc3_spp/exp6_lru_ship++/605.mcf_s-665B": 1760958659.0503743,
    "../results/pref_l1_l2/bingo-Dpc3_spp/exp6_lru_ship++/605.mcf_s-782B": 1760958831.0532823,
    "../results/pref_l1_l2/bingo-Dpc3_spp/exp6_lru_ship++/605.mcf_s-994B": 1760958517.8808105,
    "../results/pref_l1_l2/bingo-Dpc3_spp/exp6_lru_ship++/607.cactuBSSN_s-2421B": 1760958572.4964151,
    "../results/pref_l1_l2/bingo-Dpc3_spp/exp6_lru_ship++/607.cactuBSSN_s-3477B": 1760958521.4738503,
    "../results/pref_l1_l2/bingo-Dpc3_spp/exp6_lru_ship++/607.cactuBSSN_s-4004B": 1760958474.7823336,
    "../results/pref_l1_l2/bingo-Dpc3_spp/exp6_lru_ship++/619.lbm_s-2676B": 1760958652.715304,
    "../results/pref_l1_l2/bingo-Dpc3_spp/exp6_lru_ship++/619.lbm_s-2677B": 1760958758.4874768,
    "../results/pref_l1_l2/bingo-Dpc3_spp/exp6_lru_ship++/619.lbm_s-3766B": 1760958399.4455009,
    "../results/pref_l1_l2/bingo-Dpc3_spp/exp6_lru_ship++/619.lbm_s-4268B": 1760958609.671827,
    "../results/pref_l1_l2/bingo-Dpc3_spp/exp6_lru_ship++/620.omnetpp_s-141B": 1760958654.3913226,
    "../results/pref_l1_l2/bingo-Dpc3_spp/exp6_lru_ship++/620.omnetpp_s-874B": 1760958704.5478787,
    "../results/pref_l1_l2/bingo-Dpc3_spp/exp6_lru_ship++/621.wrf_s-6673B": 1760958375.932241,
    "../results/pref_l1_l2/bingo-Dpc3_spp/exp6_lru_ship++/621.wrf_s-8065B": 1760958411.405633,
    "../results/pref_l1_l2/bingo-Dpc3_spp/exp6_lru_ship++/623.xalancbmk_s-10B": 1760958438.0569274,
    "../results/pref_l1_l2/bingo-Dpc3_spp/exp6_lru_ship++/623.xalancbmk_s-165B": 1760958308.352495,
    "../results/pref_l1_l2/bingo-Dpc3_spp/exp6_lru_ship++/623.xalancbmk_s-202B": 1760958291.1613054,
    "../results/pref_l1_l2/bingo-Dpc3_spp/exp6_lru_ship++/625.x264_s-20B": 1760958387.981374,
    "../results/pref_l1_l2/bingo-Dpc3_spp/exp6_lru_ship++/627.cam4_s-490B": 1760958347.8329308,
    "../results/pref_l1_l2/bingo-Dpc3_spp/exp6_lru_ship++/628.pop2_s-17B": 1760958294.388341,
    "../results/pref_l1_l2/bingo-Dpc3_spp/exp6_lru_ship++/649.fotonik3d_s-10881B": 1760958776.7416794,
    "../results/pref_l1_l2/bingo-Dpc3_spp/exp6_lru_ship++/649.fotonik3d_s-1176B": 1760958531.4219604,
    "../results/pref_l1_l2/bingo-Dpc3_spp/exp6_lru_ship++/649.fotonik3d_s-7084B": 1760958715.3859987,
    "../results/pref_l1_l2/bingo-Dpc3_spp/exp6_lru_ship++/649.fotonik3d_s-8225B": 1760958732.3191867,
    "../results/pref_l1_l2/bingo-Dpc3_spp/exp6_lru_ship++/654.roms_s-1007B": 1760958827.3472412,
    "../results/pref_l1_l2/bingo-Dpc3_spp/exp6_lru_ship++/654.roms_s-1070B": 1760958790.2618294,
    "../results/pref_l1_l2/bingo-Dpc3_spp/exp6_lru_ship++/654.roms_s-1390B": 1760958816.903125,
    "../results/pref_l1_l2/bingo-Dpc3_spp/exp6_lru_ship++/654.roms_s-293B": 1760958789.958826,
    "../results/pref_l1_l2/bingo-Dpc3_spp/exp6_lru_ship++/654.roms_s-294B": 1760958826.9182363,
    "../results/pref_l1_l2/bingo-Dpc3_spp/exp6_lru_ship++/654.roms_s-523B": 1760958814.3890972,
    "../results/pref_l1_l2/bingo-Dpc3_spp/exp6_lru_ship++/657.xz_s-2302B": 1760958805.4769983,
    "../results/pref_l1_l2/bingo-Dpc3_spp/exp7_lru_mockingjay/600.perlbench_s-570B": 1760943130.3266299,
    "../results/pref_l1_l2/bingo-Dpc3_spp/exp7_lru_mockingjay/602.gcc_s-1850B": 1760943252.7689579,
    "../results/pref_l1_l2/bingo-Dpc3_spp/exp7_lru_mockingjay/602.gcc_s-2226B": 1760943316.7926524,
    "../results/pref_l1_l2/bingo-Dpc3_spp/exp7_lru_mockingjay/602.gcc_s-734B": 1760943364.5401702,
    "../results/pref_l1_l2/bingo-Dpc3_spp/exp7_lru_mockingjay/603.bwaves_s-1740B": 1760943195.8193402,
    "../results/pref_l1_l2/bingo-Dpc3_spp/exp7_lru_mockingjay/603.bwaves_s-2609B": 1760943225.7296646,
    "../results/pref_l1_l2/bingo-Dpc3_spp/exp7_lru_mockingjay/603.bwaves_s-2931B": 1760943236.5007815,
    "../results/pref_l1_l2/bingo-Dpc3_spp/exp7_lru_mockingjay/603.bwaves_s-891B": 1760942983.1940336,
    "../results/pref_l1_l2/bingo-Dpc3_spp/exp7_lru_mockingjay/605.mcf_s-1152B": 1760943267.797121,
    "../results/pref_l1_l2/bingo-Dpc3_spp/exp7_lru_mockingjay/605.mcf_s-1536B": 1760943590.6586227,
    "../results/pref_l1_l2/bingo-Dpc3_spp/exp7_lru_mockingjay/605.mcf_s-1554B": 1760943596.0756814,
    "../results/pref_l1_l2/bingo-Dpc3_spp/exp7_lru_mockingjay/605.mcf_s-1644B": 1760943663.2504396,
    "../results/pref_l1_l2/bingo-Dpc3_spp/exp7_lru_mockingjay/605.mcf_s-472B": 1760943280.5882597,
    "../results/pref_l1_l2/bingo-Dpc3_spp/exp7_lru_mockingjay/605.mcf_s-484B": 1760943359.1791122,
    "../results/pref_l1_l2/bingo-Dpc3_spp/exp7_lru_mockingjay/605.mcf_s-665B": 1760943435.767943,
    "../results/pref_l1_l2/bingo-Dpc3_spp/exp7_lru_mockingjay/605.mcf_s-782B": 1760943508.0397267,
    "../results/pref_l1_l2/bingo-Dpc3_spp/exp7_lru_mockingjay/605.mcf_s-994B": 1760943420.2537746,
    "../results/pref_l1_l2/bingo-Dpc3_spp/exp7_lru_mockingjay/607.cactuBSSN_s-2421B": 1760943105.915365,
    "../results/pref_l1_l2/bingo-Dpc3_spp/exp7_lru_mockingjay/607.cactuBSSN_s-3477B": 1760943335.1418514,
    "../results/pref_l1_l2/bingo-Dpc3_spp/exp7_lru_mockingjay/607.cactuBSSN_s-4004B": 1760943291.043373,
    "../results/pref_l1_l2/bingo-Dpc3_spp/exp7_lru_mockingjay/619.lbm_s-2676B": 1760943372.7452593,
    "../results/pref_l1_l2/bingo-Dpc3_spp/exp7_lru_mockingjay/619.lbm_s-2677B": 1760943515.1758041,
    "../results/pref_l1_l2/bingo-Dpc3_spp/exp7_lru_mockingjay/619.lbm_s-3766B": 1760943281.7502723,
    "../results/pref_l1_l2/bingo-Dpc3_spp/exp7_lru_mockingjay/619.lbm_s-4268B": 1760943391.1284587,
    "../results/pref_l1_l2/bingo-Dpc3_spp/exp7_lru_mockingjay/620.omnetpp_s-141B": 1760943445.2610457,
    "../results/pref_l1_l2/bingo-Dpc3_spp/exp7_lru_mockingjay/620.omnetpp_s-874B": 1760943340.1009052,
    "../results/pref_l1_l2/bingo-Dpc3_spp/exp7_lru_mockingjay/621.wrf_s-6673B": 1760943203.8854277,
    "../results/pref_l1_l2/bingo-Dpc3_spp/exp7_lru_mockingjay/621.wrf_s-8065B": 1760943222.8816338,
    "../results/pref_l1_l2/bingo-Dpc3_spp/exp7_lru_mockingjay/623.xalancbmk_s-10B": 1760943335.9538603,
    "../results/pref_l1_l2/bingo-Dpc3_spp/exp7_lru_mockingjay/623.xalancbmk_s-165B": 1760943126.119584,
    "../results/pref_l1_l2/bingo-Dpc3_spp/exp7_lru_mockingjay/623.xalancbmk_s-202B": 1760943159.5019462,
    "../results/pref_l1_l2/bingo-Dpc3_spp/exp7_lru_mockingjay/625.x264_s-20B": 1760942930.233459,
    "../results/pref_l1_l2/bingo-Dpc3_spp/exp7_lru_mockingjay/627.cam4_s-490B": 1760943081.3270981,
    "../results/pref_l1_l2/bingo-Dpc3_spp/exp7_lru_mockingjay/628.pop2_s-17B": 1760943013.8723664,
    "../results/pref_l1_l2/bingo-Dpc3_spp/exp7_lru_mockingjay/649.fotonik3d_s-10881B": 1760943555.842245,
    "../results/pref_l1_l2/bingo-Dpc3_spp/exp7_lru_mockingjay/649.fotonik3d_s-1176B": 1760943377.3963096,
    "../results/pref_l1_l2/bingo-Dpc3_spp/exp7_lru_mockingjay/649.fotonik3d_s-7084B": 1760943527.522938,
    "../results/pref_l1_l2/bingo-Dpc3_spp/exp7_lru_mockingjay/649.fotonik3d_s-8225B": 1760943484.014466,
    "../results/pref_l1_l2/bingo-Dpc3_spp/exp7_lru_mockingjay/654.roms_s-1007B": 1760943550.1541834,
    "../results/pref_l1_l2/bingo-Dpc3_spp/exp7_lru_mockingjay/654.roms_s-1070B": 1760943565.601351,
    "../results/pref_l1_l2/bingo-Dpc3_spp/exp7_lru_mockingjay/654.roms_s-1390B": 1760943551.420197,
    "../results/pref_l1_l2/bingo-Dpc3_spp/exp7_lru_mockingjay/654.roms_s-293B": 1760943548.9991708,
    "../results/pref_l1_l2/bingo-Dpc3_spp/exp7_lru_mockingjay/654.roms_s-294B": 1760943600.2587268,
    "../results/pref_l1_l2/bingo-Dpc3_spp/exp7_lru_mockingjay/654.roms_s-523B": 1760943598.534708,
    "../results/pref_l1_l2/bingo-Dpc3_spp/exp7_lru_mockingjay/657.xz_s-2302B": 1760943576.6424706,
    "../results/pref_l1_l2/bingo-Dpc3_spp/exp10_srrip_drrip/600.perlbench_s-570B": 1760946667.2546647,
    "../results/pref_l1_l2/bingo-Dpc3_spp/exp10_srrip_drrip/602.gcc_s-1850B": 1760946631.5293314,
    "../results/pref_l1_l2/bingo-Dpc3_spp/exp10_srrip_drrip/602.gcc_s-2226B": 1760946826.2331777,
    "../results/pref_l1_l2/bingo-Dpc3_spp/exp10_srrip_drrip/602.gcc_s-734B": 1760946646.6984727,
    "../results/pref_l1_l2/bingo-Dpc3_spp/exp10_srrip_drrip/603.bwaves_s-1740B": 1760946774.590681,
    "../results/pref_l1_l2/bingo-Dpc3_spp/exp10_srrip_drrip/603.bwaves_s-2609B": 1760946745.0053988,
    "../results/pref_l1_l2/bingo-Dpc3_spp/exp10_srrip_drrip/603.bwaves_s-2931B": 1760946732.6462812,
    "../results/pref_l1_l2/bingo-Dpc3_spp/exp10_srrip_drrip/603.bwaves_s-891B": 1760946360.8689208,
    "../results/pref_l1_l2/bingo-Dpc3_spp/exp10_srrip_drrip/605.mcf_s-1152B": 1760946718.2081444,
    "../results/pref_l1_l2/bingo-Dpc3_spp/exp10_srrip_drrip/605.mcf_s-1536B": 1760946963.102513,
    "../results/pref_l1_l2/bingo-Dpc3_spp/exp10_srrip_drrip/605.mcf_s-1554B": 1760947066.986542,
    "../results/pref_l1_l2/bingo-Dpc3_spp/exp10_srrip_drrip/605.mcf_s-1644B": 1760947146.0373323,
    "../results/pref_l1_l2/bingo-Dpc3_spp/exp10_srrip_drrip/605.mcf_s-472B": 1760946898.9718843,
    "../results/pref_l1_l2/bingo-Dpc3_spp/exp10_srrip_drrip/605.mcf_s-484B": 1760946904.6019392,
    "../results/pref_l1_l2/bingo-Dpc3_spp/exp10_srrip_drrip/605.mcf_s-665B": 1760946769.5706332,
    "../results/pref_l1_l2/bingo-Dpc3_spp/exp10_srrip_drrip/605.mcf_s-782B": 1760947050.609379,
    "../results/pref_l1_l2/bingo-Dpc3_spp/exp10_srrip_drrip/605.mcf_s-994B": 1760946690.1668797,
    "../results/pref_l1_l2/bingo-Dpc3_spp/exp10_srrip_drrip/607.cactuBSSN_s-2421B": 1760946838.140293,
    "../results/pref_l1_l2/bingo-Dpc3_spp/exp10_srrip_drrip/607.cactuBSSN_s-3477B": 1760946744.7543964,
    "../results/pref_l1_l2/bingo-Dpc3_spp/exp10_srrip_drrip/607.cactuBSSN_s-4004B": 1760946632.013336,
    "../results/pref_l1_l2/bingo-Dpc3_spp/exp10_srrip_drrip/619.lbm_s-2676B": 1760946906.5769584,
    "../results/pref_l1_l2/bingo-Dpc3_spp/exp10_srrip_drrip/619.lbm_s-2677B": 1760946922.5321145,
    "../results/pref_l1_l2/bingo-Dpc3_spp/exp10_srrip_drrip/619.lbm_s-3766B": 1760946752.902474,
    "../results/pref_l1_l2/bingo-Dpc3_spp/exp10_srrip_drrip/619.lbm_s-4268B": 1760946986.4437432,
    "../results/pref_l1_l2/bingo-Dpc3_spp/exp10_srrip_drrip/620.omnetpp_s-141B": 1760946951.7994018,
    "../results/pref_l1_l2/bingo-Dpc3_spp/exp10_srrip_drrip/620.omnetpp_s-874B": 1760946929.315181,
    "../results/pref_l1_l2/bingo-Dpc3_spp/exp10_srrip_drrip/621.wrf_s-6673B": 1760946548.037565,
    "../results/pref_l1_l2/bingo-Dpc3_spp/exp10_srrip_drrip/621.wrf_s-8065B": 1760946663.5116296,
    "../results/pref_l1_l2/bingo-Dpc3_spp/exp10_srrip_drrip/623.xalancbmk_s-10B": 1760946822.5231419,
    "../results/pref_l1_l2/bingo-Dpc3_spp/exp10_srrip_drrip/623.xalancbmk_s-165B": 1760946562.3996956,
    "../results/pref_l1_l2/bingo-Dpc3_spp/exp10_srrip_drrip/623.xalancbmk_s-202B": 1760946692.3549004,
    "../results/pref_l1_l2/bingo-Dpc3_spp/exp10_srrip_drrip/625.x264_s-20B": 1760946628.4693031,
    "../results/pref_l1_l2/bingo-Dpc3_spp/exp10_srrip_drrip/627.cam4_s-490B": 1760946622.3582466,
    "../results/pref_l1_l2/bingo-Dpc3_spp/exp10_srrip_drrip/628.pop2_s-17B": 1760946608.8211215,
    "../results/pref_l1_l2/bingo-Dpc3_spp/exp10_srrip_drrip/649.fotonik3d_s-10881B": 1760946952.722411,
    "../results/pref_l1_l2/bingo-Dpc3_spp/exp10_srrip_drrip/649.fotonik3d_s-1176B": 1760946784.1857731,
    "../results/pref_l1_l2/bingo-Dpc3_spp/exp10_srrip_drrip/649.fotonik3d_s-7084B": 1760947032.494199,
    "../results/pref_l1_l2/bingo-Dpc3_spp/exp10_srrip_drrip/649.fotonik3d_s-8225B": 1760946964.8155298,
    "../results/pref_l1_l2/bingo-Dpc3_spp/exp10_srrip_drrip/654.roms_s-1007B": 1760947072.0605927,
    "../results/pref_l1_l2/bingo-Dpc3_spp/exp10_srrip_drrip/654.roms_s-1070B": 1760947098.662858,
    "../results/pref_l1_l2/bingo-Dpc3_spp/exp10_srrip_drrip/654.roms_s-1390B": 1760947064.6245186,
    "../results/pref_l1_l2/bingo-Dpc3_spp/exp10_srrip_drrip/654.roms_s-293B": 1760947058.3724563,
    "../results/pref_l1_l2/bingo-Dpc3_spp/exp10_srrip_drrip/654.roms_s-294B": 1760947054.102414,
    "../results/pref_l1_l2/bingo-Dpc3_spp/exp10_srrip_drrip/654.roms_s-523B": 1760947071.80159,
    "../results/pref_l1_l2/bingo-Dpc3_spp/exp10_srrip_drrip/657.xz_s-2302B": 1760947063.75151
}